gene_id	gene_name	category	groupA_samples	groupA_vtypes	groupB_samples	groupB_vtypes	n_groupA_samples	n_groupB_samples
ENSG00000075340	ADD2	GroupB_exclusive			TK10,TK12,TK18,TK91,TK92,TK93	INDEL,SNV	0	6
ENSG00000259516	ANP32AP1	GroupB_exclusive			TK10,TK12,TK18,TK91,TK92,TK93	INDEL,SNV	0	6
ENSG00000243069	ARHGEF26-AS1	GroupB_exclusive			TK10,TK12,TK18,TK91,TK92,TK93	INDEL,SNV	0	6
ENSG00000185344	ATP6V0A2	GroupB_exclusive			TK10,TK12,TK18,TK91,TK92,TK93	SNV	0	6
ENSG00000260519	ATP8A1-DT	GroupB_exclusive			TK10,TK12,TK18,TK91,TK92,TK93	SNV	0	6
ENSG00000270806	C17orf50	GroupB_exclusive			TK10,TK12,TK18,TK91,TK92,TK93	SNV	0	6
ENSG00000116667	C1orf21	GroupB_exclusive			TK10,TK12,TK18,TK91,TK92,TK93	INDEL,SNV	0	6
ENSG00000185056	C5orf47	GroupB_exclusive			TK10,TK12,TK18,TK91,TK92,TK93	SNV	0	6
ENSG00000198707	CEP290	GroupB_exclusive			TK10,TK12,TK18,TK91,TK92,TK93	INDEL,SNV	0	6
ENSG00000159261	CLDN14	GroupB_exclusive			TK10,TK12,TK18,TK91,TK92,TK93	INDEL,SNV	0	6
ENSG00000036530	CYP46A1	GroupB_exclusive			TK10,TK12,TK18,TK91,TK92,TK93	SNV	0	6
ENSG00000161692	DBF4B	GroupB_exclusive			TK10,TK12,TK18,TK91,TK92,TK93	INDEL,SNV	0	6
ENSG00000258731	DDHD1-DT	GroupB_exclusive			TK10,TK12,TK18,TK91,TK92,TK93	INDEL,SNV	0	6
ENSG00000143753	DEGS1	GroupB_exclusive			TK10,TK12,TK18,TK91,TK92,TK93	INDEL,SNV	0	6
ENSG00000125868	DSTN	GroupB_exclusive			TK10,TK12,TK18,TK91,TK92,TK93	INDEL,SNV	0	6
ENSG00000228327	ENSG00000228327	GroupB_exclusive			TK10,TK12,TK18,TK91,TK92,TK93	INDEL,SNV	0	6
ENSG00000228604	ENSG00000228604	GroupB_exclusive			TK10,TK12,TK18,TK91,TK92,TK93	INDEL,SNV	0	6
ENSG00000231102	ENSG00000231102	GroupB_exclusive			TK10,TK12,TK18,TK91,TK92,TK93	INDEL,SNV	0	6
ENSG00000241886	ENSG00000241886	GroupB_exclusive			TK10,TK12,TK18,TK91,TK92,TK93	INDEL,SNV	0	6
ENSG00000250971	ENSG00000250971	GroupB_exclusive			TK10,TK12,TK18,TK91,TK92,TK93	INDEL,SNV	0	6
ENSG00000251391	ENSG00000251391	GroupB_exclusive			TK10,TK12,TK18,TK91,TK92,TK93	INDEL,SNV	0	6
ENSG00000254197	ENSG00000254197	GroupB_exclusive			TK10,TK12,TK18,TK91,TK92,TK93	INDEL,SNV	0	6
ENSG00000255580	ENSG00000255580	GroupB_exclusive			TK10,TK12,TK18,TK91,TK92,TK93	INDEL,SNV	0	6
ENSG00000256278	ENSG00000256278	GroupB_exclusive			TK10,TK12,TK18,TK91,TK92,TK93	INDEL,SNV	0	6
ENSG00000256469	ENSG00000256469	GroupB_exclusive			TK10,TK12,TK18,TK91,TK92,TK93	INDEL,SNV	0	6
ENSG00000258631	ENSG00000258631	GroupB_exclusive			TK10,TK12,TK18,TK91,TK92,TK93	INDEL,SNV	0	6
ENSG00000259564	ENSG00000259564	GroupB_exclusive			TK10,TK12,TK18,TK91,TK92,TK93	SNV	0	6
ENSG00000260177	ENSG00000260177	GroupB_exclusive			TK10,TK12,TK18,TK91,TK92,TK93	SNV	0	6
ENSG00000260743	ENSG00000260743	GroupB_exclusive			TK10,TK12,TK18,TK91,TK92,TK93	SNV	0	6
ENSG00000263946	ENSG00000263946	GroupB_exclusive			TK10,TK12,TK18,TK91,TK92,TK93	INDEL,SNV	0	6
ENSG00000266865	ENSG00000266865	GroupB_exclusive			TK10,TK12,TK18,TK91,TK92,TK93	INDEL,SNV	0	6
ENSG00000267716	ENSG00000267716	GroupB_exclusive			TK10,TK12,TK18,TK91,TK92,TK93	SNV	0	6
ENSG00000268873	ENSG00000268873	GroupB_exclusive			TK10,TK12,TK18,TK91,TK92,TK93	INDEL,SNV	0	6
ENSG00000270679	ENSG00000270679	GroupB_exclusive			TK10,TK12,TK18,TK91,TK92,TK93	SNV	0	6
ENSG00000271327	ENSG00000271327	GroupB_exclusive			TK10,TK12,TK18,TK91,TK92,TK93	SNV	0	6
ENSG00000273319	ENSG00000273319	GroupB_exclusive			TK10,TK12,TK18,TK91,TK92,TK93	INDEL,SNV	0	6
ENSG00000277840	ENSG00000277840	GroupB_exclusive			TK10,TK12,TK18,TK91,TK92,TK93	SNV	0	6
ENSG00000278013	ENSG00000278013	GroupB_exclusive			TK10,TK12,TK18,TK91,TK92,TK93	INDEL,SNV	0	6
ENSG00000279518	ENSG00000279518	GroupB_exclusive			TK10,TK12,TK18,TK91,TK92,TK93	SNV	0	6
ENSG00000284895	ENSG00000284895	GroupB_exclusive			TK10,TK12,TK18,TK91,TK92,TK93	INDEL,SNV	0	6
ENSG00000285701	ENSG00000285701	GroupB_exclusive			TK10,TK12,TK18,TK91,TK92,TK93	INDEL,SNV	0	6
ENSG00000287474	ENSG00000287474	GroupB_exclusive			TK10,TK12,TK18,TK91,TK92,TK93	INDEL,SNV	0	6
ENSG00000289294	ENSG00000289294	GroupB_exclusive			TK10,TK12,TK18,TK91,TK92,TK93	SNV	0	6
ENSG00000178568	ERBB4	GroupB_exclusive			TK10,TK12,TK18,TK91,TK92,TK93	INDEL,SNV	0	6
ENSG00000198468	FLVCR1-DT	GroupB_exclusive			TK10,TK12,TK18,TK91,TK92,TK93	INDEL,SNV	0	6
ENSG00000149403	GRIK4	GroupB_exclusive			TK10,TK12,TK18,TK91,TK92,TK93	INDEL,SNV	0	6
ENSG00000291102	GUSBP1	GroupB_exclusive			TK10,TK12,TK18,TK91,TK92,TK93	SNV	0	6
ENSG00000227591	HSD11B1-AS1	GroupB_exclusive			TK10,TK12,TK18,TK91,TK92,TK93	SNV	0	6
ENSG00000226067	LINC00623	GroupB_exclusive			TK10,TK12,TK18,TK91,TK92,TK93	SNV	0	6
ENSG00000268754	LINC01081	GroupB_exclusive			TK10,TK12,TK18,TK91,TK92,TK93	INDEL,SNV	0	6
ENSG00000262097	LINC02185	GroupB_exclusive			TK10,TK12,TK18,TK91,TK92,TK93	SNV	0	6
ENSG00000235731	LINC02250	GroupB_exclusive			TK10,TK12,TK18,TK91,TK92,TK93	INDEL,SNV	0	6
ENSG00000258123	LINC02444	GroupB_exclusive			TK10,TK12,TK18,TK91,TK92,TK93	INDEL,SNV	0	6
ENSG00000251291	LINC02462	GroupB_exclusive			TK10,TK12,TK18,TK91,TK92,TK93	INDEL,SNV	0	6
ENSG00000256422	LINC02552	GroupB_exclusive			TK10,TK12,TK18,TK91,TK92,TK93	SNV	0	6
ENSG00000253955	LINC02995	GroupB_exclusive			TK10,TK12,TK18,TK91,TK92,TK93	INDEL,SNV	0	6
ENSG00000289545	LINC03063	GroupB_exclusive			TK10,TK12,TK18,TK91,TK92,TK93	SNV	0	6
ENSG00000198909	MAP3K3	GroupB_exclusive			TK10,TK12,TK18,TK91,TK92,TK93	SNV	0	6
ENSG00000270069	MIR222HG	GroupB_exclusive			TK10,TK12,TK18,TK91,TK92,TK93	INDEL,SNV	0	6
ENSG00000270813	NANOGNBP3	GroupB_exclusive			TK10,TK12,TK18,TK91,TK92,TK93	INDEL,SNV	0	6
ENSG00000114857	NKTR	GroupB_exclusive			TK10,TK12,TK18,TK91,TK92,TK93	INDEL,SNV	0	6
ENSG00000162913	OBSCN-AS1	GroupB_exclusive			TK10,TK12,TK18,TK91,TK92,TK93	INDEL,SNV	0	6
ENSG00000255355	PATL1-DT	GroupB_exclusive			TK10,TK12,TK18,TK91,TK92,TK93	SNV	0	6
ENSG00000131759	RARA	GroupB_exclusive			TK10,TK12,TK18,TK91,TK92,TK93	INDEL,SNV	0	6
ENSG00000224687	RASAL2-AS1	GroupB_exclusive			TK10,TK12,TK18,TK91,TK92,TK93	SNV	0	6
ENSG00000091009	RBM27	GroupB_exclusive			TK10,TK12,TK18,TK91,TK92,TK93	INDEL,SNV	0	6
ENSG00000232912	RERE-AS1	GroupB_exclusive			TK10,TK12,TK18,TK91,TK92,TK93	INDEL,SNV	0	6
ENSG00000235376	RPEL1	GroupB_exclusive			TK10,TK12,TK18,TK91,TK92,TK93	SNV	0	6
ENSG00000139239	RPL14P1	GroupB_exclusive			TK10,TK12,TK18,TK91,TK92,TK93	INDEL,SNV	0	6
ENSG00000266036	SLC9A3R1-AS1	GroupB_exclusive			TK10,TK12,TK18,TK91,TK92,TK93	INDEL,SNV	0	6
ENSG00000201998	SNORA23	GroupB_exclusive			TK10,TK12,TK18,TK91,TK92,TK93	SNV	0	6
ENSG00000151715	TMEM45B	GroupB_exclusive			TK10,TK12,TK18,TK91,TK92,TK93	SNV	0	6
ENSG00000174417	TRHR	GroupB_exclusive			TK10,TK12,TK18,TK91,TK92,TK93	INDEL,SNV	0	6
ENSG00000130584	ZBTB46	GroupB_exclusive			TK10,TK12,TK18,TK91,TK92,TK93	INDEL,SNV	0	6
ENSG00000220201	ZGLP1	GroupB_exclusive			TK10,TK12,TK18,TK91,TK92,TK93	INDEL,SNV	0	6
ENSG00000196724	ZNF418	GroupB_exclusive			TK10,TK12,TK18,TK91,TK92,TK93	INDEL,SNV	0	6
ENSG00000256661	A2ML1-AS1	GroupB_exclusive			TK10,TK18,TK91,TK92,TK93	INDEL,SNV	0	5
ENSG00000145808	ADAMTS19	GroupB_exclusive			TK10,TK18,TK91,TK92,TK93	SNV	0	5
ENSG00000233859	ADH5P4	GroupB_exclusive			TK10,TK18,TK91,TK92,TK93	SNV	0	5
ENSG00000254554	ADM-DT	GroupB_exclusive			TK12,TK18,TK91,TK92,TK93	SNV	0	5
ENSG00000166025	AMOTL1	GroupB_exclusive			TK10,TK18,TK91,TK92,TK93	INDEL,SNV	0	5
ENSG00000154188	ANGPT1	GroupB_exclusive			TK10,TK18,TK91,TK92,TK93	INDEL,SNV	0	5
ENSG00000277112	ANKRD20A21P	GroupB_exclusive			TK10,TK18,TK91,TK92,TK93	INDEL,SNV	0	5
ENSG00000261239	ANKRD26P1	GroupB_exclusive			TK10,TK18,TK91,TK92,TK93	SNV	0	5
ENSG00000231758	ARHGAP15-AS1	GroupB_exclusive			TK10,TK18,TK91,TK92,TK93	SNV	0	5
ENSG00000254532	ARL14EP-DT	GroupB_exclusive			TK10,TK18,TK91,TK92,TK93	INDEL,SNV	0	5
ENSG00000245281	ASAH1-AS1	GroupB_exclusive			TK12,TK18,TK91,TK92,TK93	INDEL,SNV	0	5
ENSG00000151693	ASAP2	GroupB_exclusive			TK10,TK18,TK91,TK92,TK93	INDEL,SNV	0	5
ENSG00000260442	ATP2A1-AS1	GroupB_exclusive			TK10,TK18,TK91,TK92,TK93	SNV	0	5
ENSG00000239322	ATP6V1B1-AS1	GroupB_exclusive			TK10,TK12,TK91,TK92,TK93	INDEL,SNV	0	5
ENSG00000182272	B4GALNT4	GroupB_exclusive			TK10,TK18,TK91,TK92,TK93	INDEL,SNV	0	5
ENSG00000125845	BMP2	GroupB_exclusive			TK10,TK18,TK91,TK92,TK93	SNV	0	5
ENSG00000260278	BMP2K-DT	GroupB_exclusive			TK10,TK12,TK91,TK92,TK93	SNV	0	5
ENSG00000238141	BRWD1-AS1	GroupB_exclusive			TK10,TK12,TK91,TK92,TK93	INDEL,SNV	0	5
ENSG00000132640	BTBD3	GroupB_exclusive			TK10,TK18,TK91,TK92,TK93	INDEL,SNV	0	5
ENSG00000187997	C17orf99	GroupB_exclusive			TK10,TK18,TK91,TK92,TK93	INDEL,SNV	0	5
ENSG00000175544	CABP4	GroupB_exclusive			TK10,TK18,TK91,TK92,TK93	SNV	0	5
ENSG00000154040	CABYR	GroupB_exclusive			TK10,TK18,TK91,TK92,TK93	INDEL,SNV	0	5
ENSG00000198216	CACNA1E	GroupB_exclusive			TK10,TK18,TK91,TK92,TK93	INDEL,SNV	0	5
ENSG00000130433	CACNG6	GroupB_exclusive			TK10,TK18,TK91,TK92,TK93	INDEL,SNV	0	5
ENSG00000224944	CASC6	GroupB_exclusive			TK10,TK18,TK91,TK92,TK93	INDEL,SNV	0	5
ENSG00000135205	CCDC146	GroupB_exclusive			TK10,TK18,TK91,TK92,TK93	INDEL,SNV	0	5
ENSG00000164989	CCDC171	GroupB_exclusive			TK10,TK18,TK91,TK92,TK93	INDEL,SNV	0	5
ENSG00000158985	CDC42SE2	GroupB_exclusive			TK12,TK18,TK91,TK92,TK93	INDEL,SNV	0	5
ENSG00000260115	CDH8-AS1	GroupB_exclusive			TK10,TK18,TK91,TK92,TK93	SNV	0	5
ENSG00000099954	CECR2	GroupB_exclusive			TK10,TK12,TK91,TK92,TK93	INDEL,SNV	0	5
ENSG00000259577	CERNA1	GroupB_exclusive			TK10,TK18,TK91,TK92,TK93	SNV	0	5
ENSG00000179902	CFAP276	GroupB_exclusive			TK10,TK18,TK91,TK92,TK93	INDEL,SNV	0	5
ENSG00000231755	CHODL-AS1	GroupB_exclusive			TK10,TK18,TK91,TK92,TK93	SNV	0	5
ENSG00000170293	CMTM8	GroupB_exclusive			TK10,TK12,TK91,TK92,TK93	INDEL,SNV	0	5
ENSG00000276386	CNTNAP3P2	GroupB_exclusive			TK10,TK12,TK91,TK92,TK93	INDEL,SNV	0	5
ENSG00000231715	COX6CP2	GroupB_exclusive			TK10,TK12,TK91,TK92,TK93	SNV	0	5
ENSG00000214429	CYCSP6	GroupB_exclusive			TK10,TK18,TK91,TK92,TK93	SNV	0	5
ENSG00000237737	DCTN1-AS1	GroupB_exclusive			TK10,TK18,TK91,TK92,TK93	SNV	0	5
ENSG00000168872	DDX19A	GroupB_exclusive			TK10,TK18,TK91,TK92,TK93	SNV	0	5
ENSG00000077044	DGKD	GroupB_exclusive			TK12,TK18,TK91,TK92,TK93	INDEL,SNV	0	5
ENSG00000261645	DISC1FP1	GroupB_exclusive			TK10,TK18,TK91,TK92,TK93	INDEL,SNV	0	5
ENSG00000253267	DLGAP2-AS1	GroupB_exclusive			TK10,TK18,TK91,TK92,TK93	INDEL,SNV	0	5
ENSG00000256061	DNAAF4	GroupB_exclusive			TK10,TK12,TK91,TK92,TK93	INDEL,SNV	0	5
ENSG00000015413	DPEP1	GroupB_exclusive			TK10,TK18,TK91,TK92,TK93	INDEL,SNV	0	5
ENSG00000260596	DUX4	GroupB_exclusive			TK10,TK18,TK91,TK92,TK93	SNV	0	5
ENSG00000236138	DUX4L26	GroupB_exclusive			TK10,TK12,TK91,TK92,TK93	INDEL,SNV	0	5
ENSG00000259867	DYNLRB2-AS1	GroupB_exclusive			TK10,TK18,TK91,TK92,TK93	SNV	0	5
ENSG00000096093	EFHC1	GroupB_exclusive			TK10,TK18,TK91,TK92,TK93	SNV	0	5
ENSG00000110675	ELMOD1	GroupB_exclusive			TK10,TK12,TK91,TK92,TK93	INDEL,SNV	0	5
ENSG00000203635	ENSG00000203635	GroupB_exclusive			TK10,TK18,TK91,TK92,TK93	INDEL,SNV	0	5
ENSG00000213970	ENSG00000213970	GroupB_exclusive			TK12,TK18,TK91,TK92,TK93	INDEL,SNV	0	5
ENSG00000214773	ENSG00000214773	GroupB_exclusive			TK10,TK12,TK91,TK92,TK93	INDEL,SNV	0	5
ENSG00000214955	ENSG00000214955	GroupB_exclusive			TK10,TK18,TK91,TK92,TK93	INDEL,SNV	0	5
ENSG00000214970	ENSG00000214970	GroupB_exclusive			TK10,TK18,TK91,TK92,TK93	SNV	0	5
ENSG00000215512	ENSG00000215512	GroupB_exclusive			TK10,TK18,TK91,TK92,TK93	INDEL,SNV	0	5
ENSG00000215838	ENSG00000215838	GroupB_exclusive			TK10,TK12,TK91,TK92,TK93	INDEL,SNV	0	5
ENSG00000222588	ENSG00000222588	GroupB_exclusive			TK10,TK18,TK91,TK92,TK93	SNV	0	5
ENSG00000223842	ENSG00000223842	GroupB_exclusive			TK10,TK18,TK91,TK92,TK93	SNV	0	5
ENSG00000224864	ENSG00000224864	GroupB_exclusive			TK10,TK18,TK91,TK92,TK93	SNV	0	5
ENSG00000225420	ENSG00000225420	GroupB_exclusive			TK10,TK18,TK91,TK92,TK93	SNV	0	5
ENSG00000226699	ENSG00000226699	GroupB_exclusive			TK10,TK18,TK91,TK92,TK93	INDEL,SNV	0	5
ENSG00000227782	ENSG00000227782	GroupB_exclusive			TK10,TK18,TK91,TK92,TK93	SNV	0	5
ENSG00000228204	ENSG00000228204	GroupB_exclusive			TK12,TK18,TK91,TK92,TK93	INDEL,SNV	0	5
ENSG00000228634	ENSG00000228634	GroupB_exclusive			TK10,TK12,TK91,TK92,TK93	SNV	0	5
ENSG00000228999	ENSG00000228999	GroupB_exclusive			TK10,TK18,TK91,TK92,TK93	SNV	0	5
ENSG00000229370	ENSG00000229370	GroupB_exclusive			TK10,TK12,TK91,TK92,TK93	INDEL,SNV	0	5
ENSG00000229832	ENSG00000229832	GroupB_exclusive			TK10,TK18,TK91,TK92,TK93	INDEL,SNV	0	5
ENSG00000230732	ENSG00000230732	GroupB_exclusive			TK10,TK18,TK91,TK92,TK93	INDEL,SNV	0	5
ENSG00000231128	ENSG00000231128	GroupB_exclusive			TK10,TK18,TK91,TK92,TK93	INDEL,SNV	0	5
ENSG00000231557	ENSG00000231557	GroupB_exclusive			TK10,TK18,TK91,TK92,TK93	SNV	0	5
ENSG00000231606	ENSG00000231606	GroupB_exclusive			TK12,TK18,TK91,TK92,TK93	SNV	0	5
ENSG00000232184	ENSG00000232184	GroupB_exclusive			TK10,TK12,TK91,TK92,TK93	INDEL,SNV	0	5
ENSG00000232937	ENSG00000232937	GroupB_exclusive			TK10,TK18,TK91,TK92,TK93	INDEL,SNV	0	5
ENSG00000233044	ENSG00000233044	GroupB_exclusive			TK10,TK18,TK91,TK92,TK93	INDEL,SNV	0	5
ENSG00000233339	ENSG00000233339	GroupB_exclusive			TK10,TK18,TK91,TK92,TK93	INDEL,SNV	0	5
ENSG00000234860	ENSG00000234860	GroupB_exclusive			TK10,TK18,TK91,TK92,TK93	INDEL,SNV	0	5
ENSG00000234913	ENSG00000234913	GroupB_exclusive			TK10,TK18,TK91,TK92,TK93	SNV	0	5
ENSG00000235934	ENSG00000235934	GroupB_exclusive			TK10,TK18,TK91,TK92,TK93	SNV	0	5
ENSG00000235945	ENSG00000235945	GroupB_exclusive			TK10,TK12,TK91,TK92,TK93	INDEL,SNV	0	5
ENSG00000236018	ENSG00000236018	GroupB_exclusive			TK10,TK18,TK91,TK92,TK93	SNV	0	5
ENSG00000236095	ENSG00000236095	GroupB_exclusive			TK10,TK18,TK91,TK92,TK93	INDEL,SNV	0	5
ENSG00000236760	ENSG00000236760	GroupB_exclusive			TK10,TK18,TK91,TK92,TK93	INDEL,SNV	0	5
ENSG00000237481	ENSG00000237481	GroupB_exclusive			TK10,TK12,TK91,TK92,TK93	SNV	0	5
ENSG00000238122	ENSG00000238122	GroupB_exclusive			TK10,TK12,TK91,TK92,TK93	SNV	0	5
ENSG00000242034	ENSG00000242034	GroupB_exclusive			TK12,TK18,TK91,TK92,TK93	SNV	0	5
ENSG00000244137	ENSG00000244137	GroupB_exclusive			TK10,TK12,TK91,TK92,TK93	SNV	0	5
ENSG00000244459	ENSG00000244459	GroupB_exclusive			TK10,TK12,TK91,TK92,TK93	SNV	0	5
ENSG00000245008	ENSG00000245008	GroupB_exclusive			TK10,TK12,TK91,TK92,TK93	SNV	0	5
ENSG00000245059	ENSG00000245059	GroupB_exclusive			TK10,TK12,TK91,TK92,TK93	SNV	0	5
ENSG00000248373	ENSG00000248373	GroupB_exclusive			TK10,TK18,TK91,TK92,TK93	INDEL,SNV	0	5
ENSG00000248694	ENSG00000248694	GroupB_exclusive			TK10,TK18,TK91,TK92,TK93	SNV	0	5
ENSG00000249234	ENSG00000249234	GroupB_exclusive			TK12,TK18,TK91,TK92,TK93	INDEL,SNV	0	5
ENSG00000249655	ENSG00000249655	GroupB_exclusive			TK10,TK18,TK91,TK92,TK93	INDEL,SNV	0	5
ENSG00000250027	ENSG00000250027	GroupB_exclusive			TK10,TK18,TK91,TK92,TK93	SNV	0	5
ENSG00000250195	ENSG00000250195	GroupB_exclusive			TK10,TK18,TK91,TK92,TK93	SNV	0	5
ENSG00000250670	ENSG00000250670	GroupB_exclusive			TK10,TK18,TK91,TK92,TK93	SNV	0	5
ENSG00000251204	ENSG00000251204	GroupB_exclusive			TK10,TK18,TK91,TK92,TK93	SNV	0	5
ENSG00000253398	ENSG00000253398	GroupB_exclusive			TK10,TK12,TK91,TK92,TK93	SNV	0	5
ENSG00000253584	ENSG00000253584	GroupB_exclusive			TK10,TK12,TK91,TK92,TK93	SNV	0	5
ENSG00000253613	ENSG00000253613	GroupB_exclusive			TK12,TK18,TK91,TK92,TK93	SNV	0	5
ENSG00000253642	ENSG00000253642	GroupB_exclusive			TK10,TK12,TK91,TK92,TK93	SNV	0	5
ENSG00000253911	ENSG00000253911	GroupB_exclusive			TK10,TK18,TK91,TK92,TK93	SNV	0	5
ENSG00000254205	ENSG00000254205	GroupB_exclusive			TK10,TK12,TK91,TK92,TK93	INDEL,SNV	0	5
ENSG00000254261	ENSG00000254261	GroupB_exclusive			TK10,TK18,TK91,TK92,TK93	INDEL,SNV	0	5
ENSG00000256101	ENSG00000256101	GroupB_exclusive			TK12,TK18,TK91,TK92,TK93	INDEL,SNV	0	5
ENSG00000256209	ENSG00000256209	GroupB_exclusive			TK10,TK18,TK91,TK92,TK93	INDEL,SNV	0	5
ENSG00000256552	ENSG00000256552	GroupB_exclusive			TK12,TK18,TK91,TK92,TK93	INDEL,SNV	0	5
ENSG00000257359	ENSG00000257359	GroupB_exclusive			TK10,TK18,TK91,TK92,TK93	SNV	0	5
ENSG00000257475	ENSG00000257475	GroupB_exclusive			TK10,TK18,TK91,TK92,TK93	INDEL,SNV	0	5
ENSG00000257509	ENSG00000257509	GroupB_exclusive			TK10,TK12,TK91,TK92,TK93	INDEL,SNV	0	5
ENSG00000258114	ENSG00000258114	GroupB_exclusive			TK10,TK18,TK91,TK92,TK93	SNV	0	5
ENSG00000258142	ENSG00000258142	GroupB_exclusive			TK12,TK18,TK91,TK92,TK93	SNV	0	5
ENSG00000258230	ENSG00000258230	GroupB_exclusive			TK12,TK18,TK91,TK92,TK93	SNV	0	5
ENSG00000258294	ENSG00000258294	GroupB_exclusive			TK12,TK18,TK91,TK92,TK93	INDEL,SNV	0	5
ENSG00000258323	ENSG00000258323	GroupB_exclusive			TK10,TK18,TK91,TK92,TK93	SNV	0	5
ENSG00000259209	ENSG00000259209	GroupB_exclusive			TK12,TK18,TK91,TK92,TK93	INDEL,SNV	0	5
ENSG00000259255	ENSG00000259255	GroupB_exclusive			TK10,TK18,TK91,TK92,TK93	SNV	0	5
ENSG00000259434	ENSG00000259434	GroupB_exclusive			TK10,TK18,TK91,TK92,TK93	INDEL,SNV	0	5
ENSG00000259453	ENSG00000259453	GroupB_exclusive			TK10,TK18,TK91,TK92,TK93	INDEL,SNV	0	5
ENSG00000259474	ENSG00000259474	GroupB_exclusive			TK10,TK12,TK91,TK92,TK93	INDEL,SNV	0	5
ENSG00000259615	ENSG00000259615	GroupB_exclusive			TK10,TK12,TK91,TK92,TK93	INDEL,SNV	0	5
ENSG00000259620	ENSG00000259620	GroupB_exclusive			TK10,TK18,TK91,TK92,TK93	INDEL,SNV	0	5
ENSG00000259702	ENSG00000259702	GroupB_exclusive			TK10,TK18,TK91,TK92,TK93	INDEL,SNV	0	5
ENSG00000259926	ENSG00000259926	GroupB_exclusive			TK10,TK18,TK91,TK92,TK93	SNV	0	5
ENSG00000260037	ENSG00000260037	GroupB_exclusive			TK10,TK18,TK91,TK92,TK93	INDEL,SNV	0	5
ENSG00000260070	ENSG00000260070	GroupB_exclusive			TK12,TK18,TK91,TK92,TK93	SNV	0	5
ENSG00000260242	ENSG00000260242	GroupB_exclusive			TK10,TK18,TK91,TK92,TK93	INDEL,SNV	0	5
ENSG00000260545	ENSG00000260545	GroupB_exclusive			TK10,TK18,TK91,TK92,TK93	SNV	0	5
ENSG00000260646	ENSG00000260646	GroupB_exclusive			TK10,TK18,TK91,TK92,TK93	INDEL,SNV	0	5
ENSG00000260685	ENSG00000260685	GroupB_exclusive			TK10,TK18,TK91,TK92,TK93	SNV	0	5
ENSG00000261043	ENSG00000261043	GroupB_exclusive			TK10,TK18,TK91,TK92,TK93	SNV	0	5
ENSG00000261093	ENSG00000261093	GroupB_exclusive			TK10,TK18,TK91,TK92,TK93	SNV	0	5
ENSG00000261291	ENSG00000261291	GroupB_exclusive			TK10,TK12,TK91,TK92,TK93	SNV	0	5
ENSG00000261396	ENSG00000261396	GroupB_exclusive			TK10,TK18,TK91,TK92,TK93	SNV	0	5
ENSG00000261442	ENSG00000261442	GroupB_exclusive			TK10,TK12,TK91,TK92,TK93	INDEL,SNV	0	5
ENSG00000261783	ENSG00000261783	GroupB_exclusive			TK10,TK18,TK91,TK92,TK93	SNV	0	5
ENSG00000262313	ENSG00000262313	GroupB_exclusive			TK12,TK18,TK91,TK92,TK93	SNV	0	5
ENSG00000262339	ENSG00000262339	GroupB_exclusive			TK10,TK18,TK91,TK92,TK93	SNV	0	5
ENSG00000262370	ENSG00000262370	GroupB_exclusive			TK10,TK18,TK91,TK92,TK93	INDEL,SNV	0	5
ENSG00000262624	ENSG00000262624	GroupB_exclusive			TK10,TK12,TK91,TK92,TK93	SNV	0	5
ENSG00000263708	ENSG00000263708	GroupB_exclusive			TK10,TK18,TK91,TK92,TK93	INDEL,SNV	0	5
ENSG00000264067	ENSG00000264067	GroupB_exclusive			TK10,TK18,TK91,TK92,TK93	INDEL,SNV	0	5
ENSG00000264546	ENSG00000264546	GroupB_exclusive			TK10,TK18,TK91,TK92,TK93	SNV	0	5
ENSG00000266371	ENSG00000266371	GroupB_exclusive			TK10,TK18,TK91,TK92,TK93	INDEL,SNV	0	5
ENSG00000266378	ENSG00000266378	GroupB_exclusive			TK10,TK12,TK91,TK92,TK93	INDEL,SNV	0	5
ENSG00000266538	ENSG00000266538	GroupB_exclusive			TK10,TK12,TK18,TK92,TK93	SNV	0	5
ENSG00000266708	ENSG00000266708	GroupB_exclusive			TK12,TK18,TK91,TK92,TK93	INDEL,SNV	0	5
ENSG00000267047	ENSG00000267047	GroupB_exclusive			TK10,TK18,TK91,TK92,TK93	INDEL,SNV	0	5
ENSG00000267188	ENSG00000267188	GroupB_exclusive			TK12,TK18,TK91,TK92,TK93	INDEL,SNV	0	5
ENSG00000267251	ENSG00000267251	GroupB_exclusive			TK10,TK18,TK91,TK92,TK93	SNV	0	5
ENSG00000267375	ENSG00000267375	GroupB_exclusive			TK10,TK18,TK91,TK92,TK93	INDEL,SNV	0	5
ENSG00000267406	ENSG00000267406	GroupB_exclusive			TK10,TK12,TK91,TK92,TK93	INDEL,SNV	0	5
ENSG00000267694	ENSG00000267694	GroupB_exclusive			TK10,TK18,TK91,TK92,TK93	SNV	0	5
ENSG00000267695	ENSG00000267695	GroupB_exclusive			TK10,TK18,TK91,TK92,TK93	INDEL,SNV	0	5
ENSG00000267711	ENSG00000267711	GroupB_exclusive			TK10,TK18,TK91,TK92,TK93	SNV	0	5
ENSG00000267733	ENSG00000267733	GroupB_exclusive			TK12,TK18,TK91,TK92,TK93	INDEL,SNV	0	5
ENSG00000268683	ENSG00000268683	GroupB_exclusive			TK10,TK18,TK91,TK92,TK93	SNV	0	5
ENSG00000268743	ENSG00000268743	GroupB_exclusive			TK12,TK18,TK91,TK92,TK93	SNV	0	5
ENSG00000270001	ENSG00000270001	GroupB_exclusive			TK10,TK18,TK91,TK92,TK93	SNV	0	5
ENSG00000270504	ENSG00000270504	GroupB_exclusive			TK10,TK18,TK91,TK92,TK93	SNV	0	5
ENSG00000270911	ENSG00000270911	GroupB_exclusive			TK12,TK18,TK91,TK92,TK93	SNV	0	5
ENSG00000273186	ENSG00000273186	GroupB_exclusive			TK10,TK12,TK91,TK92,TK93	INDEL,SNV	0	5
ENSG00000273374	ENSG00000273374	GroupB_exclusive			TK10,TK12,TK18,TK91,TK92	SNV	0	5
ENSG00000273387	ENSG00000273387	GroupB_exclusive			TK10,TK18,TK91,TK92,TK93	INDEL,SNV	0	5
ENSG00000273420	ENSG00000273420	GroupB_exclusive			TK10,TK18,TK91,TK92,TK93	SNV	0	5
ENSG00000274554	ENSG00000274554	GroupB_exclusive			TK12,TK18,TK91,TK92,TK93	SNV	0	5
ENSG00000274584	ENSG00000274584	GroupB_exclusive			TK10,TK18,TK91,TK92,TK93	SNV	0	5
ENSG00000274653	ENSG00000274653	GroupB_exclusive			TK10,TK18,TK91,TK92,TK93	INDEL,SNV	0	5
ENSG00000274895	ENSG00000274895	GroupB_exclusive			TK10,TK18,TK91,TK92,TK93	SNV	0	5
ENSG00000275329	ENSG00000275329	GroupB_exclusive			TK10,TK12,TK91,TK92,TK93	SNV	0	5
ENSG00000275443	ENSG00000275443	GroupB_exclusive			TK12,TK18,TK91,TK92,TK93	SNV	0	5
ENSG00000275666	ENSG00000275666	GroupB_exclusive			TK10,TK12,TK91,TK92,TK93	SNV	0	5
ENSG00000278829	ENSG00000278829	GroupB_exclusive			TK12,TK18,TK91,TK92,TK93	SNV	0	5
ENSG00000278931	ENSG00000278931	GroupB_exclusive			TK10,TK18,TK91,TK92,TK93	INDEL,SNV	0	5
ENSG00000278987	ENSG00000278987	GroupB_exclusive			TK10,TK18,TK91,TK92,TK93	INDEL,SNV	0	5
ENSG00000278991	ENSG00000278991	GroupB_exclusive			TK10,TK18,TK91,TK92,TK93	SNV	0	5
ENSG00000279026	ENSG00000279026	GroupB_exclusive			TK10,TK12,TK91,TK92,TK93	SNV	0	5
ENSG00000279103	ENSG00000279103	GroupB_exclusive			TK10,TK18,TK91,TK92,TK93	SNV	0	5
ENSG00000279138	ENSG00000279138	GroupB_exclusive			TK10,TK18,TK91,TK92,TK93	INDEL,SNV	0	5
ENSG00000279199	ENSG00000279199	GroupB_exclusive			TK10,TK18,TK91,TK92,TK93	SNV	0	5
ENSG00000279425	ENSG00000279425	GroupB_exclusive			TK10,TK18,TK91,TK92,TK93	SNV	0	5
ENSG00000279432	ENSG00000279432	GroupB_exclusive			TK10,TK12,TK91,TK92,TK93	INDEL,SNV	0	5
ENSG00000279573	ENSG00000279573	GroupB_exclusive			TK10,TK12,TK91,TK92,TK93	INDEL,SNV	0	5
ENSG00000279597	ENSG00000279597	GroupB_exclusive			TK10,TK18,TK91,TK92,TK93	SNV	0	5
ENSG00000279632	ENSG00000279632	GroupB_exclusive			TK10,TK18,TK91,TK92,TK93	INDEL,SNV	0	5
ENSG00000279670	ENSG00000279670	GroupB_exclusive			TK12,TK18,TK91,TK92,TK93	SNV	0	5
ENSG00000279939	ENSG00000279939	GroupB_exclusive			TK10,TK18,TK91,TK92,TK93	SNV	0	5
ENSG00000279995	ENSG00000279995	GroupB_exclusive			TK10,TK18,TK91,TK92,TK93	SNV	0	5
ENSG00000280119	ENSG00000280119	GroupB_exclusive			TK10,TK18,TK91,TK92,TK93	SNV	0	5
ENSG00000280163	ENSG00000280163	GroupB_exclusive			TK10,TK12,TK91,TK92,TK93	SNV	0	5
ENSG00000282564	ENSG00000282564	GroupB_exclusive			TK10,TK18,TK91,TK92,TK93	SNV	0	5
ENSG00000283392	ENSG00000283392	GroupB_exclusive			TK10,TK12,TK91,TK92,TK93	SNV	0	5
ENSG00000283413	ENSG00000283413	GroupB_exclusive			TK12,TK18,TK91,TK92,TK93	SNV	0	5
ENSG00000283544	ENSG00000283544	GroupB_exclusive			TK10,TK18,TK91,TK92,TK93	INDEL,SNV	0	5
ENSG00000285473	ENSG00000285473	GroupB_exclusive			TK10,TK18,TK91,TK92,TK93	INDEL,SNV	0	5
ENSG00000285519	ENSG00000285519	GroupB_exclusive			TK10,TK18,TK91,TK92,TK93	SNV	0	5
ENSG00000285712	ENSG00000285712	GroupB_exclusive			TK10,TK18,TK91,TK92,TK93	INDEL,SNV	0	5
ENSG00000285718	ENSG00000285718	GroupB_exclusive			TK10,TK12,TK18,TK92,TK93	INDEL,SNV	0	5
ENSG00000285845	ENSG00000285845	GroupB_exclusive			TK10,TK18,TK91,TK92,TK93	SNV	0	5
ENSG00000285872	ENSG00000285872	GroupB_exclusive			TK10,TK18,TK91,TK92,TK93	INDEL,SNV	0	5
ENSG00000285940	ENSG00000285940	GroupB_exclusive			TK10,TK18,TK91,TK92,TK93	INDEL,SNV	0	5
ENSG00000286089	ENSG00000286089	GroupB_exclusive			TK10,TK12,TK91,TK92,TK93	INDEL,SNV	0	5
ENSG00000286159	ENSG00000286159	GroupB_exclusive			TK10,TK18,TK91,TK92,TK93	INDEL,SNV	0	5
ENSG00000286227	ENSG00000286227	GroupB_exclusive			TK10,TK18,TK91,TK92,TK93	SNV	0	5
ENSG00000286328	ENSG00000286328	GroupB_exclusive			TK10,TK18,TK91,TK92,TK93	INDEL,SNV	0	5
ENSG00000286540	ENSG00000286540	GroupB_exclusive			TK12,TK18,TK91,TK92,TK93	INDEL,SNV	0	5
ENSG00000286562	ENSG00000286562	GroupB_exclusive			TK10,TK18,TK91,TK92,TK93	INDEL,SNV	0	5
ENSG00000286565	ENSG00000286565	GroupB_exclusive			TK10,TK18,TK91,TK92,TK93	INDEL,SNV	0	5
ENSG00000286696	ENSG00000286696	GroupB_exclusive			TK10,TK18,TK91,TK92,TK93	SNV	0	5
ENSG00000286708	ENSG00000286708	GroupB_exclusive			TK12,TK18,TK91,TK92,TK93	INDEL,SNV	0	5
ENSG00000287054	ENSG00000287054	GroupB_exclusive			TK10,TK18,TK91,TK92,TK93	INDEL,SNV	0	5
ENSG00000287221	ENSG00000287221	GroupB_exclusive			TK10,TK18,TK91,TK92,TK93	INDEL,SNV	0	5
ENSG00000287407	ENSG00000287407	GroupB_exclusive			TK10,TK18,TK91,TK92,TK93	SNV	0	5
ENSG00000287478	ENSG00000287478	GroupB_exclusive			TK10,TK12,TK91,TK92,TK93	SNV	0	5
ENSG00000287539	ENSG00000287539	GroupB_exclusive			TK10,TK18,TK91,TK92,TK93	SNV	0	5
ENSG00000287578	ENSG00000287578	GroupB_exclusive			TK10,TK18,TK91,TK92,TK93	SNV	0	5
ENSG00000287586	ENSG00000287586	GroupB_exclusive			TK10,TK18,TK91,TK92,TK93	SNV	0	5
ENSG00000287595	ENSG00000287595	GroupB_exclusive			TK10,TK18,TK91,TK92,TK93	SNV	0	5
ENSG00000287708	ENSG00000287708	GroupB_exclusive			TK10,TK18,TK91,TK92,TK93	SNV	0	5
ENSG00000287726	ENSG00000287726	GroupB_exclusive			TK10,TK12,TK91,TK92,TK93	INDEL,SNV	0	5
ENSG00000287738	ENSG00000287738	GroupB_exclusive			TK10,TK12,TK91,TK92,TK93	INDEL,SNV	0	5
ENSG00000287777	ENSG00000287777	GroupB_exclusive			TK10,TK18,TK91,TK92,TK93	SNV	0	5
ENSG00000287862	ENSG00000287862	GroupB_exclusive			TK10,TK18,TK91,TK92,TK93	INDEL,SNV	0	5
ENSG00000288067	ENSG00000288067	GroupB_exclusive			TK10,TK18,TK91,TK92,TK93	SNV	0	5
ENSG00000288080	ENSG00000288080	GroupB_exclusive			TK10,TK18,TK91,TK92,TK93	INDEL,SNV	0	5
ENSG00000288262	ENSG00000288262	GroupB_exclusive			TK10,TK18,TK91,TK92,TK93	SNV	0	5
ENSG00000288543	ENSG00000288543	GroupB_exclusive			TK10,TK12,TK91,TK92,TK93	SNV	0	5
ENSG00000288691	ENSG00000288691	GroupB_exclusive			TK10,TK18,TK91,TK92,TK93	INDEL,SNV	0	5
ENSG00000288735	ENSG00000288735	GroupB_exclusive			TK10,TK18,TK91,TK92,TK93	SNV	0	5
ENSG00000288736	ENSG00000288736	GroupB_exclusive			TK10,TK18,TK91,TK92,TK93	INDEL,SNV	0	5
ENSG00000288865	ENSG00000288865	GroupB_exclusive			TK10,TK12,TK91,TK92,TK93	SNV	0	5
ENSG00000288866	ENSG00000288866	GroupB_exclusive			TK10,TK18,TK91,TK92,TK93	INDEL,SNV	0	5
ENSG00000289075	ENSG00000289075	GroupB_exclusive			TK10,TK18,TK91,TK92,TK93	INDEL,SNV	0	5
ENSG00000289137	ENSG00000289137	GroupB_exclusive			TK10,TK12,TK91,TK92,TK93	INDEL,SNV	0	5
ENSG00000289276	ENSG00000289276	GroupB_exclusive			TK10,TK18,TK91,TK92,TK93	SNV	0	5
ENSG00000289285	ENSG00000289285	GroupB_exclusive			TK10,TK12,TK91,TK92,TK93	INDEL,SNV	0	5
ENSG00000289292	ENSG00000289292	GroupB_exclusive			TK12,TK18,TK91,TK92,TK93	INDEL,SNV	0	5
ENSG00000289324	ENSG00000289324	GroupB_exclusive			TK10,TK12,TK91,TK92,TK93	SNV	0	5
ENSG00000289340	ENSG00000289340	GroupB_exclusive			TK10,TK18,TK91,TK92,TK93	SNV	0	5
ENSG00000289348	ENSG00000289348	GroupB_exclusive			TK10,TK18,TK91,TK92,TK93	INDEL,SNV	0	5
ENSG00000289382	ENSG00000289382	GroupB_exclusive			TK10,TK18,TK91,TK92,TK93	SNV	0	5
ENSG00000289597	ENSG00000289597	GroupB_exclusive			TK10,TK18,TK91,TK92,TK93	SNV	0	5
ENSG00000289607	ENSG00000289607	GroupB_exclusive			TK10,TK18,TK91,TK92,TK93	SNV	0	5
ENSG00000289720	ENSG00000289720	GroupB_exclusive			TK10,TK18,TK91,TK92,TK93	INDEL,SNV	0	5
ENSG00000289829	ENSG00000289829	GroupB_exclusive			TK10,TK12,TK18,TK92,TK93	INDEL,SNV	0	5
ENSG00000289910	ENSG00000289910	GroupB_exclusive			TK10,TK18,TK91,TK92,TK93	SNV	0	5
ENSG00000289946	ENSG00000289946	GroupB_exclusive			TK10,TK18,TK91,TK92,TK93	INDEL,SNV	0	5
ENSG00000289995	ENSG00000289995	GroupB_exclusive			TK12,TK18,TK91,TK92,TK93	SNV	0	5
ENSG00000290006	ENSG00000290006	GroupB_exclusive			TK10,TK18,TK91,TK92,TK93	INDEL,SNV	0	5
ENSG00000290105	ENSG00000290105	GroupB_exclusive			TK10,TK12,TK91,TK92,TK93	INDEL,SNV	0	5
ENSG00000290397	ENSG00000290397	GroupB_exclusive			TK10,TK18,TK91,TK92,TK93	INDEL,SNV	0	5
ENSG00000290522	ENSG00000290522	GroupB_exclusive			TK10,TK18,TK91,TK92,TK93	INDEL,SNV	0	5
ENSG00000291058	ENSG00000291058	GroupB_exclusive			TK10,TK12,TK91,TK92,TK93	SNV	0	5
ENSG00000291201	ENSG00000291201	GroupB_exclusive			TK10,TK18,TK91,TK92,TK93	INDEL,SNV	0	5
ENSG00000291247	ENSG00000291247	GroupB_exclusive			TK10,TK12,TK91,TK92,TK93	INDEL,SNV	0	5
ENSG00000291250	ENSG00000291250	GroupB_exclusive			TK12,TK18,TK91,TK92,TK93	INDEL,SNV	0	5
ENSG00000233825	EPC1-AS2	GroupB_exclusive			TK10,TK18,TK91,TK92,TK93	INDEL,SNV	0	5
ENSG00000257023	ETNK1-DT	GroupB_exclusive			TK10,TK18,TK91,TK92,TK93	INDEL,SNV	0	5
ENSG00000183055	FAM133CP	GroupB_exclusive			TK10,TK12,TK91,TK92,TK93	SNV	0	5
ENSG00000152380	FAM151B	GroupB_exclusive			TK10,TK18,TK91,TK92,TK93	INDEL,SNV	0	5
ENSG00000232300	FAM215B	GroupB_exclusive			TK10,TK18,TK91,TK92,TK93	INDEL,SNV	0	5
ENSG00000113578	FGF1	GroupB_exclusive			TK10,TK18,TK91,TK92,TK93	SNV	0	5
ENSG00000291029	FKBP9P1	GroupB_exclusive			TK10,TK18,TK91,TK92,TK93	INDEL,SNV	0	5
ENSG00000184659	FOXD4L4	GroupB_exclusive			TK10,TK18,TK91,TK92,TK93	SNV	0	5
ENSG00000082074	FYB1	GroupB_exclusive			TK10,TK12,TK18,TK91,TK93	INDEL,SNV	0	5
ENSG00000135248	GARIN1B	GroupB_exclusive			TK10,TK18,TK91,TK92,TK93	INDEL,SNV	0	5
ENSG00000272645	GTF2IP20	GroupB_exclusive			TK10,TK18,TK91,TK92,TK93	INDEL,SNV	0	5
ENSG00000253816	GUSBP14	GroupB_exclusive			TK10,TK12,TK91,TK92,TK93	SNV	0	5
ENSG00000215630	GUSBP9	GroupB_exclusive			TK10,TK12,TK91,TK92,TK93	SNV	0	5
ENSG00000181333	HEPHL1	GroupB_exclusive			TK10,TK18,TK91,TK92,TK93	INDEL,SNV	0	5
ENSG00000237398	HLA-DPA3	GroupB_exclusive			TK10,TK18,TK91,TK92,TK93	SNV	0	5
ENSG00000204642	HLA-F	GroupB_exclusive			TK10,TK12,TK91,TK92,TK93	INDEL,SNV	0	5
ENSG00000227688	HNRNPA3P2	GroupB_exclusive			TK10,TK18,TK91,TK92,TK93	SNV	0	5
ENSG00000180806	HOXC9	GroupB_exclusive			TK10,TK12,TK18,TK92,TK93	SNV	0	5
ENSG00000142549	IGLON5	GroupB_exclusive			TK10,TK18,TK91,TK92,TK93	SNV	0	5
ENSG00000016082	ISL1	GroupB_exclusive			TK10,TK18,TK91,TK92,TK93	INDEL,SNV	0	5
ENSG00000267313	KC6	GroupB_exclusive			TK10,TK18,TK91,TK92,TK93	INDEL,SNV	0	5
ENSG00000182674	KCNB2	GroupB_exclusive			TK10,TK18,TK91,TK92,TK93	INDEL,SNV	0	5
ENSG00000121361	KCNJ8	GroupB_exclusive			TK10,TK18,TK91,TK92,TK93	SNV	0	5
ENSG00000119771	KLHL29	GroupB_exclusive			TK10,TK18,TK91,TK92,TK93	INDEL,SNV	0	5
ENSG00000232422	KNOP1P4	GroupB_exclusive			TK12,TK18,TK91,TK92,TK93	SNV	0	5
ENSG00000223734	LAPTM4A-DT	GroupB_exclusive			TK12,TK18,TK91,TK92,TK93	INDEL,SNV	0	5
ENSG00000235674	LDHAP2	GroupB_exclusive			TK10,TK12,TK18,TK91,TK92	SNV	0	5
ENSG00000230891	LINC00692	GroupB_exclusive			TK10,TK18,TK91,TK92,TK93	INDEL,SNV	0	5
ENSG00000260876	LINC01229	GroupB_exclusive			TK10,TK18,TK91,TK92,TK93	INDEL,SNV	0	5
ENSG00000274827	LINC01297	GroupB_exclusive			TK10,TK18,TK91,TK92,TK93	INDEL,SNV	0	5
ENSG00000251396	LINC01301	GroupB_exclusive			TK10,TK18,TK91,TK92,TK93	INDEL,SNV	0	5
ENSG00000226159	LINC01375	GroupB_exclusive			TK10,TK12,TK91,TK92,TK93	INDEL,SNV	0	5
ENSG00000227517	LINC01483	GroupB_exclusive			TK10,TK12,TK91,TK92,TK93	INDEL,SNV	0	5
ENSG00000229613	LINC01501	GroupB_exclusive			TK10,TK12,TK91,TK92,TK93	INDEL,SNV	0	5
ENSG00000259724	LINC01581	GroupB_exclusive			TK10,TK18,TK91,TK92,TK93	INDEL,SNV	0	5
ENSG00000254083	LINC01591	GroupB_exclusive			TK10,TK18,TK91,TK92,TK93	INDEL,SNV	0	5
ENSG00000231776	LINC01611	GroupB_exclusive			TK10,TK12,TK91,TK92,TK93	SNV	0	5
ENSG00000227925	LINC01655	GroupB_exclusive			TK10,TK12,TK18,TK92,TK93	SNV	0	5
ENSG00000227043	LINC01682	GroupB_exclusive			TK10,TK18,TK91,TK92,TK93	SNV	0	5
ENSG00000243694	LINC02027	GroupB_exclusive			TK10,TK18,TK91,TK92,TK93	INDEL,SNV	0	5
ENSG00000225742	LINC02036	GroupB_exclusive			TK10,TK18,TK91,TK92,TK93	INDEL,SNV	0	5
ENSG00000259786	LINC02109	GroupB_exclusive			TK10,TK18,TK91,TK92,TK93	INDEL,SNV	0	5
ENSG00000259473	LINC02205	GroupB_exclusive			TK12,TK18,TK91,TK92,TK93	INDEL,SNV	0	5
ENSG00000257185	LINC02293	GroupB_exclusive			TK10,TK18,TK91,TK92,TK93	SNV	0	5
ENSG00000257845	LINC02294	GroupB_exclusive			TK10,TK18,TK91,TK92,TK93	INDEL,SNV	0	5
ENSG00000251363	LINC02315	GroupB_exclusive			TK10,TK18,TK91,TK92,TK93	INDEL,SNV	0	5
ENSG00000257507	LINC02373	GroupB_exclusive			TK10,TK18,TK91,TK92,TK93	SNV	0	5
ENSG00000256232	LINC02387	GroupB_exclusive			TK10,TK12,TK18,TK92,TK93	SNV	0	5
ENSG00000248869	LINC02511	GroupB_exclusive			TK10,TK12,TK91,TK92,TK93	SNV	0	5
ENSG00000261083	LINC02516	GroupB_exclusive			TK10,TK12,TK91,TK92,TK93	INDEL,SNV	0	5
ENSG00000255411	LINC02548	GroupB_exclusive			TK10,TK12,TK18,TK91,TK93	SNV	0	5
ENSG00000272430	LINC02637	GroupB_exclusive			TK10,TK18,TK91,TK92,TK93	SNV	0	5
ENSG00000283141	LINC02666	GroupB_exclusive			TK12,TK18,TK91,TK92,TK93	INDEL,SNV	0	5
ENSG00000284237	LINC02767	GroupB_exclusive			TK10,TK18,TK91,TK92,TK93	INDEL,SNV	0	5
ENSG00000237980	LINC02773	GroupB_exclusive			TK10,TK18,TK91,TK92,TK93	SNV	0	5
ENSG00000179082	LINC02913	GroupB_exclusive			TK10,TK18,TK91,TK92,TK93	INDEL,SNV	0	5
ENSG00000225292	LINC02935	GroupB_exclusive			TK10,TK18,TK91,TK92,TK93	INDEL,SNV	0	5
ENSG00000254813	LINC03019	GroupB_exclusive			TK10,TK12,TK18,TK91,TK93	SNV	0	5
ENSG00000223486	LINC03053	GroupB_exclusive			TK10,TK18,TK91,TK92,TK93	INDEL,SNV	0	5
ENSG00000230479	LNCTSI	GroupB_exclusive			TK10,TK18,TK91,TK92,TK93	SNV	0	5
ENSG00000147650	LRP12	GroupB_exclusive			TK10,TK18,TK91,TK92,TK93	INDEL,SNV	0	5
ENSG00000128594	LRRC4	GroupB_exclusive			TK10,TK18,TK91,TK92,TK93	INDEL,SNV	0	5
ENSG00000228285	LYPLA2P1	GroupB_exclusive			TK10,TK18,TK91,TK92,TK93	SNV	0	5
ENSG00000173212	MAB21L3	GroupB_exclusive			TK10,TK18,TK91,TK92,TK93	INDEL,SNV	0	5
ENSG00000269904	MAP2K4P1	GroupB_exclusive			TK10,TK18,TK91,TK92,TK93	INDEL,SNV	0	5
ENSG00000286646	MAP3K5-AS2	GroupB_exclusive			TK10,TK12,TK91,TK92,TK93	SNV	0	5
ENSG00000250062	MAPK10-AS1	GroupB_exclusive			TK10,TK18,TK91,TK92,TK93	SNV	0	5
ENSG00000230749	MEIS1-AS2	GroupB_exclusive			TK10,TK18,TK91,TK92,TK93	INDEL,SNV	0	5
ENSG00000265462	MIR3680-1	GroupB_exclusive			TK10,TK12,TK91,TK92,TK93	INDEL,SNV	0	5
ENSG00000275652	MIR6796	GroupB_exclusive			TK10,TK18,TK91,TK92,TK93	SNV	0	5
ENSG00000232564	MRTFA-AS1	GroupB_exclusive			TK12,TK18,TK91,TK92,TK93	SNV	0	5
ENSG00000038945	MSR1	GroupB_exclusive			TK10,TK18,TK91,TK92,TK93	INDEL,SNV	0	5
ENSG00000262902	MTCO1P40	GroupB_exclusive			TK10,TK12,TK91,TK92,TK93	SNV	0	5
ENSG00000124915	MYRF-AS1	GroupB_exclusive			TK10,TK18,TK91,TK92,TK93	INDEL,SNV	0	5
ENSG00000276096	Metazoa_SRP	GroupB_exclusive			TK10,TK18,TK91,TK92,TK93	SNV	0	5
ENSG00000186310	NAP1L3	GroupB_exclusive			TK10,TK18,TK91,TK92,TK93	SNV	0	5
ENSG00000254622	NAV2-AS4	GroupB_exclusive			TK10,TK18,TK91,TK92,TK93	SNV	0	5
ENSG00000235258	NDUFB4P6	GroupB_exclusive			TK10,TK18,TK91,TK92,TK93	SNV	0	5
ENSG00000101746	NOL4	GroupB_exclusive			TK10,TK18,TK91,TK92,TK93	INDEL,SNV	0	5
ENSG00000116833	NR5A2	GroupB_exclusive			TK10,TK18,TK91,TK92,TK93	INDEL,SNV	0	5
ENSG00000198836	OPA1	GroupB_exclusive			TK10,TK18,TK91,TK92,TK93	INDEL,SNV	0	5
ENSG00000171496	OR1L8	GroupB_exclusive			TK12,TK18,TK91,TK92,TK93	INDEL,SNV	0	5
ENSG00000243775	OSTCP1	GroupB_exclusive			TK10,TK18,TK91,TK92,TK93	INDEL,SNV	0	5
ENSG00000231799	PA2G4P6	GroupB_exclusive			TK10,TK18,TK91,TK92,TK93	INDEL,SNV	0	5
ENSG00000100767	PAPLN	GroupB_exclusive			TK10,TK12,TK91,TK92,TK93	INDEL,SNV	0	5
ENSG00000182752	PAPPA	GroupB_exclusive			TK10,TK12,TK91,TK92,TK93	INDEL,SNV	0	5
ENSG00000116703	PDC	GroupB_exclusive			TK10,TK18,TK91,TK92,TK93	SNV	0	5
ENSG00000229739	PDC-AS1	GroupB_exclusive			TK10,TK18,TK91,TK92,TK93	SNV	0	5
ENSG00000290904	PDE4DIPP4	GroupB_exclusive			TK10,TK18,TK91,TK92,TK93	SNV	0	5
ENSG00000170962	PDGFD	GroupB_exclusive			TK10,TK18,TK91,TK92,TK93	INDEL,SNV	0	5
ENSG00000244371	PFN1P8	GroupB_exclusive			TK10,TK18,TK91,TK92,TK93	SNV	0	5
ENSG00000233623	PGAM1P11	GroupB_exclusive			TK10,TK18,TK91,TK92,TK93	SNV	0	5
ENSG00000102174	PHEX	GroupB_exclusive			TK10,TK12,TK91,TK92,TK93	SNV	0	5
ENSG00000175287	PHYHD1	GroupB_exclusive			TK10,TK18,TK91,TK92,TK93	INDEL,SNV	0	5
ENSG00000246640	PICART1	GroupB_exclusive			TK10,TK18,TK91,TK92,TK93	INDEL,SNV	0	5
ENSG00000141934	PLPP2	GroupB_exclusive			TK10,TK18,TK91,TK92,TK93	INDEL,SNV	0	5
ENSG00000240694	PNMA2	GroupB_exclusive			TK10,TK18,TK91,TK92,TK93	INDEL,SNV	0	5
ENSG00000271931	PNRC1-DT	GroupB_exclusive			TK10,TK18,TK91,TK92,TK93	SNV	0	5
ENSG00000230461	PROX1-AS1	GroupB_exclusive			TK10,TK18,TK91,TK92,TK93	INDEL,SNV	0	5
ENSG00000070159	PTPN3	GroupB_exclusive			TK10,TK12,TK91,TK92,TK93	INDEL,SNV	0	5
ENSG00000073008	PVR	GroupB_exclusive			TK10,TK18,TK91,TK92,TK93	INDEL,SNV	0	5
ENSG00000176406	RIMS2	GroupB_exclusive			TK10,TK18,TK91,TK92,TK93	INDEL,SNV	0	5
ENSG00000222112	RN7SKP16	GroupB_exclusive			TK10,TK12,TK91,TK92,TK93	SNV	0	5
ENSG00000244425	RN7SL268P	GroupB_exclusive			TK10,TK18,TK91,TK92,TK93	INDEL,SNV	0	5
ENSG00000264047	RN7SL455P	GroupB_exclusive			TK12,TK18,TK91,TK92,TK93	INDEL,SNV	0	5
ENSG00000265559	RN7SL652P	GroupB_exclusive			TK10,TK12,TK91,TK92,TK93	SNV	0	5
ENSG00000200408	RNA5SP74	GroupB_exclusive			TK10,TK12,TK91,TK92,TK93	SNV	0	5
ENSG00000237738	RNF216-IT1	GroupB_exclusive			TK10,TK12,TK91,TK92,TK93	INDEL,SNV	0	5
ENSG00000277678	RNU1-153P	GroupB_exclusive			TK10,TK12,TK91,TK92,TK93	INDEL,SNV	0	5
ENSG00000200779	RNU6-105P	GroupB_exclusive			TK10,TK12,TK91,TK92,TK93	SNV	0	5
ENSG00000207200	RNU6-45P	GroupB_exclusive			TK10,TK12,TK91,TK92,TK93	SNV	0	5
ENSG00000275538	RNVU1-19	GroupB_exclusive			TK10,TK18,TK91,TK92,TK93	SNV	0	5
ENSG00000213598	RPL31P4	GroupB_exclusive			TK10,TK12,TK91,TK92,TK93	SNV	0	5
ENSG00000240509	RPL34P18	GroupB_exclusive			TK12,TK18,TK91,TK92,TK93	SNV	0	5
ENSG00000228000	RPL7AP65	GroupB_exclusive			TK10,TK18,TK91,TK92,TK93	SNV	0	5
ENSG00000230799	RPS2P16	GroupB_exclusive			TK10,TK18,TK91,TK92,TK93	INDEL,SNV	0	5
ENSG00000141564	RPTOR	GroupB_exclusive			TK10,TK18,TK91,TK92,TK93	SNV	0	5
ENSG00000198626	RYR2	GroupB_exclusive			TK10,TK18,TK91,TK92,TK93	INDEL,SNV	0	5
ENSG00000228956	SATB1-AS1	GroupB_exclusive			TK12,TK18,TK91,TK92,TK93	SNV	0	5
ENSG00000146197	SCUBE3	GroupB_exclusive			TK10,TK18,TK91,TK92,TK93	SNV	0	5
ENSG00000196636	SDHAF3	GroupB_exclusive			TK12,TK18,TK91,TK92,TK93	INDEL,SNV	0	5
ENSG00000224183	SDHDP6	GroupB_exclusive			TK10,TK12,TK91,TK92,TK93	INDEL,SNV	0	5
ENSG00000223899	SEC13P1	GroupB_exclusive			TK10,TK18,TK91,TK92,TK93	SNV	0	5
ENSG00000226627	SHANK2-AS1	GroupB_exclusive			TK10,TK18,TK91,TK92,TK93	INDEL,SNV	0	5
ENSG00000170577	SIX2	GroupB_exclusive			TK10,TK12,TK91,TK92,TK93	SNV	0	5
ENSG00000163393	SLC22A15	GroupB_exclusive			TK10,TK18,TK91,TK92,TK93	SNV	0	5
ENSG00000238118	SLC25A24P2	GroupB_exclusive			TK10,TK12,TK91,TK92,TK93	SNV	0	5
ENSG00000112053	SLC26A8	GroupB_exclusive			TK10,TK18,TK91,TK92,TK93	INDEL,SNV	0	5
ENSG00000108576	SLC6A4	GroupB_exclusive			TK10,TK18,TK91,TK92,TK93	INDEL,SNV	0	5
ENSG00000228372	SMIM10L2B-AS1	GroupB_exclusive			TK10,TK12,TK91,TK92,TK93	SNV	0	5
ENSG00000221500	SNORD100	GroupB_exclusive			TK10,TK18,TK91,TK92,TK93	SNV	0	5
ENSG00000200463	SNORD118	GroupB_exclusive			TK10,TK18,TK91,TK92,TK93	SNV	0	5
ENSG00000263934	SNORD3A	GroupB_exclusive			TK12,TK18,TK91,TK92,TK93	INDEL,SNV	0	5
ENSG00000147059	SPIN2A	GroupB_exclusive			TK10,TK18,TK91,TK92,TK93	INDEL,SNV	0	5
ENSG00000168939	SPRY3	GroupB_exclusive			TK10,TK18,TK91,TK92,TK93	INDEL,SNV	0	5
ENSG00000230397	SPTLC1P1	GroupB_exclusive			TK10,TK12,TK91,TK92,TK93	SNV	0	5
ENSG00000266129	SRP68P1	GroupB_exclusive			TK12,TK18,TK91,TK92,TK93	SNV	0	5
ENSG00000174353	STAG3L3	GroupB_exclusive			TK10,TK18,TK91,TK92,TK93	SNV	0	5
ENSG00000118046	STK11	GroupB_exclusive			TK10,TK18,TK91,TK92,TK93	INDEL,SNV	0	5
ENSG00000213023	SYT3	GroupB_exclusive			TK10,TK18,TK91,TK92,TK93	INDEL,SNV	0	5
ENSG00000270923	TAS2R6P	GroupB_exclusive			TK10,TK18,TK91,TK92,TK93	SNV	0	5
ENSG00000121749	TBC1D15	GroupB_exclusive			TK12,TK18,TK91,TK92,TK93	INDEL,SNV	0	5
ENSG00000159860	TCAF2P1	GroupB_exclusive			TK12,TK18,TK91,TK92,TK93	SNV	0	5
ENSG00000139372	TDG	GroupB_exclusive			TK12,TK18,TK91,TK92,TK93	SNV	0	5
ENSG00000092850	TEKT2	GroupB_exclusive			TK10,TK12,TK91,TK92,TK93	INDEL,SNV	0	5
ENSG00000149256	TENM4	GroupB_exclusive			TK10,TK18,TK91,TK92,TK93	SNV	0	5
ENSG00000171914	TLN2	GroupB_exclusive			TK10,TK18,TK91,TK92,TK93	INDEL,SNV	0	5
ENSG00000171729	TMEM51	GroupB_exclusive			TK10,TK18,TK91,TK92,TK93	INDEL,SNV	0	5
ENSG00000136842	TMOD1	GroupB_exclusive			TK10,TK18,TK91,TK92,TK93	INDEL,SNV	0	5
ENSG00000101150	TPD52L2	GroupB_exclusive			TK10,TK18,TK91,TK92,TK93	SNV	0	5
ENSG00000157570	TSPAN18	GroupB_exclusive			TK10,TK12,TK91,TK92,TK93	INDEL,SNV	0	5
ENSG00000260641	TSPAN5-DT	GroupB_exclusive			TK10,TK18,TK91,TK92,TK93	SNV	0	5
ENSG00000137561	TTPA	GroupB_exclusive			TK10,TK18,TK91,TK92,TK93	INDEL,SNV	0	5
ENSG00000229236	TTTY10	GroupB_exclusive			TK10,TK18,TK91,TK92,TK93	INDEL,SNV	0	5
ENSG00000237972	TUBG1P	GroupB_exclusive			TK10,TK12,TK91,TK92,TK93	SNV	0	5
ENSG00000233797	UFL1-AS1	GroupB_exclusive			TK10,TK18,TK91,TK92,TK93	SNV	0	5
ENSG00000250326	USP38-DT	GroupB_exclusive			TK10,TK18,TK91,TK92,TK93	INDEL,SNV	0	5
ENSG00000118640	VAMP8	GroupB_exclusive			TK10,TK18,TK91,TK92,TK93	INDEL,SNV	0	5
ENSG00000114812	VIPR1	GroupB_exclusive			TK10,TK12,TK91,TK92,TK93	SNV	0	5
ENSG00000214376	VSTM5	GroupB_exclusive			TK12,TK18,TK91,TK92,TK93	SNV	0	5
ENSG00000225076	WWC3-AS1	GroupB_exclusive			TK10,TK12,TK91,TK92,TK93	INDEL,SNV	0	5
ENSG00000198939	ZFP2	GroupB_exclusive			TK10,TK18,TK91,TK92,TK93	INDEL,SNV	0	5
ENSG00000198105	ZNF248	GroupB_exclusive			TK10,TK18,TK91,TK92,TK93	INDEL,SNV	0	5
ENSG00000102935	ZNF423	GroupB_exclusive			TK10,TK18,TK91,TK92,TK93	INDEL,SNV	0	5
ENSG00000177993	ZNRF3-AS1	GroupB_exclusive			TK12,TK18,TK91,TK92,TK93	SNV	0	5
ENSG00000170044	ZPLD1	GroupB_exclusive			TK10,TK18,TK91,TK92,TK93	SNV	0	5
ENSG00000245105	A2M-AS1	GroupB_exclusive			TK10,TK91,TK92,TK93	SNV	0	4
ENSG00000256069	A2MP1	GroupB_exclusive			TK12,TK91,TK92,TK93	INDEL,SNV	0	4
ENSG00000234969	AARSD1P1	GroupB_exclusive			TK10,TK91,TK92,TK93	INDEL,SNV	0	4
ENSG00000223882	ABCC5-AS1	GroupB_exclusive			TK10,TK12,TK91,TK93	INDEL,SNV	0	4
ENSG00000253384	ABRAXAS1P2	GroupB_exclusive			TK10,TK91,TK92,TK93	INDEL,SNV	0	4
ENSG00000115361	ACADL	GroupB_exclusive			TK18,TK91,TK92,TK93	SNV	0	4
ENSG00000231340	ACTG1P10	GroupB_exclusive			TK10,TK18,TK91,TK92	SNV	0	4
ENSG00000248746	ACTN3	GroupB_exclusive			TK10,TK91,TK92,TK93	SNV	0	4
ENSG00000226469	ADAM1B	GroupB_exclusive			TK10,TK91,TK92,TK93	SNV	0	4
ENSG00000185736	ADARB2	GroupB_exclusive			TK18,TK91,TK92,TK93	INDEL,SNV	0	4
ENSG00000155966	AFF2	GroupB_exclusive			TK10,TK91,TK92,TK93	SNV	0	4
ENSG00000253606	AFG3L2P1	GroupB_exclusive			TK18,TK91,TK92,TK93	SNV	0	4
ENSG00000159723	AGRP	GroupB_exclusive			TK18,TK91,TK92,TK93	SNV	0	4
ENSG00000238181	AHCYP2	GroupB_exclusive			TK18,TK91,TK92,TK93	INDEL,SNV	0	4
ENSG00000230154	AIDAP1	GroupB_exclusive			TK10,TK91,TK92,TK93	SNV	0	4
ENSG00000162433	AK4	GroupB_exclusive			TK12,TK91,TK92,TK93	INDEL,SNV	0	4
ENSG00000151320	AKAP6	GroupB_exclusive			TK12,TK91,TK92,TK93	SNV	0	4
ENSG00000250268	ALG1L14P	GroupB_exclusive			TK10,TK18,TK92,TK93	SNV	0	4
ENSG00000254450	ALG9-IT1	GroupB_exclusive			TK18,TK91,TK92,TK93	INDEL,SNV	0	4
ENSG00000264958	ALOX12P1	GroupB_exclusive			TK10,TK91,TK92,TK93	INDEL,SNV	0	4
ENSG00000275011	ALOXE3P1	GroupB_exclusive			TK10,TK12,TK91,TK92	SNV	0	4
ENSG00000187689	AMTN	GroupB_exclusive			TK10,TK91,TK92,TK93	SNV	0	4
ENSG00000164162	ANAPC10	GroupB_exclusive			TK10,TK91,TK92,TK93	SNV	0	4
ENSG00000233673	ANAPC1P1	GroupB_exclusive			TK18,TK91,TK92,TK93	SNV	0	4
ENSG00000172014	ANKRD20A4P	GroupB_exclusive			TK10,TK91,TK92,TK93	SNV	0	4
ENSG00000236816	ANKRD20A7P	GroupB_exclusive			TK18,TK91,TK92,TK93	SNV	0	4
ENSG00000224309	ANKRD30BP2	GroupB_exclusive			TK10,TK91,TK92,TK93	INDEL,SNV	0	4
ENSG00000175336	APOF	GroupB_exclusive			TK18,TK91,TK92,TK93	SNV	0	4
ENSG00000138639	ARHGAP24	GroupB_exclusive			TK10,TK91,TK92,TK93	INDEL,SNV	0	4
ENSG00000266441	ARHGAP28-AS1	GroupB_exclusive			TK10,TK18,TK91,TK92	SNV	0	4
ENSG00000006740	ARHGAP44	GroupB_exclusive			TK10,TK91,TK92,TK93	INDEL,SNV	0	4
ENSG00000248780	ARL4AP2	GroupB_exclusive			TK12,TK91,TK92,TK93	SNV	0	4
ENSG00000229105	ASTN2-AS1	GroupB_exclusive			TK10,TK91,TK92,TK93	INDEL,SNV	0	4
ENSG00000224004	ATP5F1CP1	GroupB_exclusive			TK10,TK91,TK92,TK93	INDEL,SNV	0	4
ENSG00000228834	ATP5MFP2	GroupB_exclusive			TK12,TK91,TK92,TK93	SNV	0	4
ENSG00000214025	ATP5PBP4	GroupB_exclusive			TK12,TK18,TK92,TK93	INDEL,SNV	0	4
ENSG00000182240	BACE2	GroupB_exclusive			TK10,TK91,TK92,TK93	INDEL,SNV	0	4
ENSG00000174483	BBS1	GroupB_exclusive			TK10,TK18,TK92,TK93	SNV	0	4
ENSG00000255051	BCAS2P1	GroupB_exclusive			TK18,TK91,TK92,TK93	INDEL,SNV	0	4
ENSG00000133169	BEX1	GroupB_exclusive			TK12,TK18,TK91,TK93	SNV	0	4
ENSG00000230046	BIRC6-AS1	GroupB_exclusive			TK10,TK91,TK92,TK93	SNV	0	4
ENSG00000164619	BMPER	GroupB_exclusive			TK10,TK91,TK92,TK93	SNV	0	4
ENSG00000219642	BMPR1AP1	GroupB_exclusive			TK10,TK91,TK92,TK93	INDEL,SNV	0	4
ENSG00000232460	BMPR1AP2	GroupB_exclusive			TK10,TK91,TK92,TK93	SNV	0	4
ENSG00000225883	BMS1P11	GroupB_exclusive			TK12,TK91,TK92,TK93	SNV	0	4
ENSG00000263647	BPTFP1	GroupB_exclusive			TK12,TK91,TK92,TK93	INDEL,SNV	0	4
ENSG00000218676	BRD7P4	GroupB_exclusive			TK10,TK18,TK91,TK92	SNV	0	4
ENSG00000189195	BTBD8	GroupB_exclusive			TK10,TK91,TK92,TK93	SNV	0	4
ENSG00000235034	C19orf81	GroupB_exclusive			TK10,TK91,TK92,TK93	SNV	0	4
ENSG00000240654	C1QTNF9	GroupB_exclusive			TK10,TK91,TK92,TK93	INDEL,SNV	0	4
ENSG00000000460	C1orf112	GroupB_exclusive			TK10,TK91,TK92,TK93	INDEL,SNV	0	4
ENSG00000185127	C6orf120	GroupB_exclusive			TK18,TK91,TK92,TK93	INDEL,SNV	0	4
ENSG00000165084	C8orf34	GroupB_exclusive			TK10,TK91,TK92,TK93	SNV	0	4
ENSG00000157782	CABP1	GroupB_exclusive			TK10,TK91,TK92,TK93	INDEL,SNV	0	4
ENSG00000236427	CCDST	GroupB_exclusive			TK12,TK91,TK92,TK93	SNV	0	4
ENSG00000277089	CCL3-AS1	GroupB_exclusive			TK18,TK91,TK92,TK93	INDEL,SNV	0	4
ENSG00000183625	CCR3	GroupB_exclusive			TK18,TK91,TK92,TK93	SNV	0	4
ENSG00000184305	CCSER1	GroupB_exclusive			TK10,TK91,TK92,TK93	INDEL,SNV	0	4
ENSG00000250444	CCT5P1	GroupB_exclusive			TK10,TK91,TK92,TK93	SNV	0	4
ENSG00000234585	CCT6P3	GroupB_exclusive			TK10,TK12,TK91,TK93	SNV	0	4
ENSG00000158473	CD1D	GroupB_exclusive			TK10,TK91,TK92,TK93	INDEL,SNV	0	4
ENSG00000233786	CDC27P1	GroupB_exclusive			TK10,TK91,TK92,TK93	INDEL,SNV	0	4
ENSG00000236213	CDC42EP3-AS1	GroupB_exclusive			TK12,TK18,TK91,TK93	SNV	0	4
ENSG00000157211	CDCP2	GroupB_exclusive			TK18,TK91,TK92,TK93	SNV	0	4
ENSG00000149654	CDH22	GroupB_exclusive			TK10,TK91,TK92,TK93	INDEL,SNV	0	4
ENSG00000185324	CDK10	GroupB_exclusive			TK10,TK91,TK92,TK93	SNV	0	4
ENSG00000186825	CDRT15P3	GroupB_exclusive			TK12,TK91,TK92,TK93	INDEL,SNV	0	4
ENSG00000221869	CEBPD	GroupB_exclusive			TK12,TK18,TK91,TK93	SNV	0	4
ENSG00000117724	CENPF	GroupB_exclusive			TK18,TK91,TK92,TK93	SNV	0	4
ENSG00000106069	CHN2	GroupB_exclusive			TK10,TK18,TK92,TK93	INDEL,SNV	0	4
ENSG00000235669	CHN2-AS1	GroupB_exclusive			TK10,TK91,TK92,TK93	SNV	0	4
ENSG00000105472	CLEC11A	GroupB_exclusive			TK10,TK91,TK92,TK93	SNV	0	4
ENSG00000136110	CNMD	GroupB_exclusive			TK10,TK91,TK92,TK93	INDEL,SNV	0	4
ENSG00000018236	CNTN1	GroupB_exclusive			TK12,TK91,TK92,TK93	INDEL,SNV	0	4
ENSG00000144619	CNTN4	GroupB_exclusive			TK10,TK91,TK92,TK93	INDEL,SNV	0	4
ENSG00000106714	CNTNAP3	GroupB_exclusive			TK10,TK91,TK92,TK93	INDEL,SNV	0	4
ENSG00000283378	CNTNAP3C	GroupB_exclusive			TK10,TK91,TK92,TK93	SNV	0	4
ENSG00000287276	CNTNAP3P7	GroupB_exclusive			TK10,TK91,TK92,TK93	SNV	0	4
ENSG00000111481	COPZ1	GroupB_exclusive			TK10,TK91,TK92,TK93	SNV	0	4
ENSG00000102879	CORO1A	GroupB_exclusive			TK12,TK91,TK92,TK93	SNV	0	4
ENSG00000235967	COX5BP3	GroupB_exclusive			TK18,TK91,TK92,TK93	SNV	0	4
ENSG00000235857	CTBP2P1	GroupB_exclusive			TK10,TK91,TK92,TK93	SNV	0	4
ENSG00000234383	CTBP2P8	GroupB_exclusive			TK10,TK91,TK92,TK93	SNV	0	4
ENSG00000169862	CTNND2	GroupB_exclusive			TK10,TK91,TK92,TK93	SNV	0	4
ENSG00000021461	CYP3A43	GroupB_exclusive			TK10,TK91,TK92,TK93	INDEL,SNV	0	4
ENSG00000186377	CYP4X1	GroupB_exclusive			TK10,TK91,TK92,TK93	INDEL,SNV	0	4
ENSG00000126733	DACH2	GroupB_exclusive			TK10,TK91,TK92,TK93	SNV	0	4
ENSG00000257319	DBX2-AS1	GroupB_exclusive			TK12,TK91,TK92,TK93	INDEL,SNV	0	4
ENSG00000237135	DDX10P1	GroupB_exclusive			TK10,TK91,TK92,TK93	SNV	0	4
ENSG00000259165	DDX18P1	GroupB_exclusive			TK10,TK91,TK92,TK93	SNV	0	4
ENSG00000255220	DDX18P5	GroupB_exclusive			TK10,TK91,TK92,TK93	INDEL,SNV	0	4
ENSG00000270863	DDX55P1	GroupB_exclusive			TK10,TK12,TK18,TK92	SNV	0	4
ENSG00000254866	DEFB109D	GroupB_exclusive			TK12,TK91,TK92,TK93	SNV	0	4
ENSG00000228002	DHX9P1	GroupB_exclusive			TK18,TK91,TK92,TK93	INDEL,SNV	0	4
ENSG00000223815	DIAPH3-AS2	GroupB_exclusive			TK10,TK91,TK92,TK93	INDEL,SNV	0	4
ENSG00000176584	DMBT1L1	GroupB_exclusive			TK10,TK91,TK92,TK93	SNV	0	4
ENSG00000147459	DOCK5	GroupB_exclusive			TK10,TK91,TK92,TK93	INDEL,SNV	0	4
ENSG00000235026	DPP10-AS1	GroupB_exclusive			TK10,TK91,TK92,TK93	INDEL,SNV	0	4
ENSG00000235777	DPYD-AS2	GroupB_exclusive			TK18,TK91,TK92,TK93	INDEL,SNV	0	4
ENSG00000224807	DUX4L9	GroupB_exclusive			TK10,TK91,TK92,TK93	SNV	0	4
ENSG00000108001	EBF3	GroupB_exclusive			TK10,TK91,TK92,TK93	SNV	0	4
ENSG00000250320	EDIL3-DT	GroupB_exclusive			TK10,TK18,TK92,TK93	SNV	0	4
ENSG00000229862	EEF1A1-AS1	GroupB_exclusive			TK10,TK91,TK92,TK93	INDEL,SNV	0	4
ENSG00000237757	EEF1A1P30	GroupB_exclusive			TK12,TK91,TK92,TK93	SNV	0	4
ENSG00000213046	EEF1A1P32	GroupB_exclusive			TK10,TK91,TK92,TK93	SNV	0	4
ENSG00000272601	EFCAB3P1	GroupB_exclusive			TK10,TK91,TK92,TK93	SNV	0	4
ENSG00000214360	EFCAB9	GroupB_exclusive			TK10,TK91,TK92,TK93	INDEL,SNV	0	4
ENSG00000181090	EHMT1	GroupB_exclusive			TK12,TK91,TK92,TK93	INDEL,SNV	0	4
ENSG00000107105	ELAVL2	GroupB_exclusive			TK10,TK91,TK92,TK93	INDEL,SNV	0	4
ENSG00000241975	ELOCP19	GroupB_exclusive			TK10,TK91,TK92,TK93	SNV	0	4
ENSG00000250942	ENPP7P11	GroupB_exclusive			TK18,TK91,TK92,TK93	SNV	0	4
ENSG00000273819	ENPP7P7	GroupB_exclusive			TK10,TK91,TK92,TK93	INDEL,SNV	0	4
ENSG00000124835	ENSG00000124835	GroupB_exclusive			TK10,TK91,TK92,TK93	SNV	0	4
ENSG00000213287	ENSG00000213287	GroupB_exclusive			TK10,TK91,TK92,TK93	SNV	0	4
ENSG00000213750	ENSG00000213750	GroupB_exclusive			TK10,TK91,TK92,TK93	SNV	0	4
ENSG00000214559	ENSG00000214559	GroupB_exclusive			TK10,TK91,TK92,TK93	INDEL,SNV	0	4
ENSG00000215022	ENSG00000215022	GroupB_exclusive			TK12,TK91,TK92,TK93	SNV	0	4
ENSG00000215841	ENSG00000215841	GroupB_exclusive			TK10,TK12,TK91,TK92	SNV	0	4
ENSG00000216809	ENSG00000216809	GroupB_exclusive			TK10,TK18,TK91,TK92	SNV	0	4
ENSG00000223440	ENSG00000223440	GroupB_exclusive			TK10,TK91,TK92,TK93	INDEL,SNV	0	4
ENSG00000223786	ENSG00000223786	GroupB_exclusive			TK18,TK91,TK92,TK93	INDEL,SNV	0	4
ENSG00000223838	ENSG00000223838	GroupB_exclusive			TK10,TK91,TK92,TK93	INDEL,SNV	0	4
ENSG00000224155	ENSG00000224155	GroupB_exclusive			TK10,TK91,TK92,TK93	SNV	0	4
ENSG00000224216	ENSG00000224216	GroupB_exclusive			TK10,TK91,TK92,TK93	INDEL,SNV	0	4
ENSG00000224356	ENSG00000224356	GroupB_exclusive			TK10,TK91,TK92,TK93	SNV	0	4
ENSG00000224361	ENSG00000224361	GroupB_exclusive			TK10,TK91,TK92,TK93	INDEL,SNV	0	4
ENSG00000224431	ENSG00000224431	GroupB_exclusive			TK10,TK91,TK92,TK93	SNV	0	4
ENSG00000224481	ENSG00000224481	GroupB_exclusive			TK10,TK91,TK92,TK93	SNV	0	4
ENSG00000224549	ENSG00000224549	GroupB_exclusive			TK10,TK91,TK92,TK93	SNV	0	4
ENSG00000224698	ENSG00000224698	GroupB_exclusive			TK10,TK91,TK92,TK93	SNV	0	4
ENSG00000225002	ENSG00000225002	GroupB_exclusive			TK12,TK91,TK92,TK93	SNV	0	4
ENSG00000225057	ENSG00000225057	GroupB_exclusive			TK18,TK91,TK92,TK93	INDEL,SNV	0	4
ENSG00000225233	ENSG00000225233	GroupB_exclusive			TK10,TK91,TK92,TK93	INDEL,SNV	0	4
ENSG00000225282	ENSG00000225282	GroupB_exclusive			TK18,TK91,TK92,TK93	INDEL,SNV	0	4
ENSG00000225300	ENSG00000225300	GroupB_exclusive			TK10,TK91,TK92,TK93	INDEL,SNV	0	4
ENSG00000225755	ENSG00000225755	GroupB_exclusive			TK10,TK91,TK92,TK93	SNV	0	4
ENSG00000225761	ENSG00000225761	GroupB_exclusive			TK10,TK91,TK92,TK93	SNV	0	4
ENSG00000225813	ENSG00000225813	GroupB_exclusive			TK10,TK91,TK92,TK93	SNV	0	4
ENSG00000226141	ENSG00000226141	GroupB_exclusive			TK18,TK91,TK92,TK93	SNV	0	4
ENSG00000226266	ENSG00000226266	GroupB_exclusive			TK12,TK91,TK92,TK93	SNV	0	4
ENSG00000226797	ENSG00000226797	GroupB_exclusive			TK10,TK91,TK92,TK93	SNV	0	4
ENSG00000226842	ENSG00000226842	GroupB_exclusive			TK18,TK91,TK92,TK93	SNV	0	4
ENSG00000226900	ENSG00000226900	GroupB_exclusive			TK18,TK91,TK92,TK93	SNV	0	4
ENSG00000227040	ENSG00000227040	GroupB_exclusive			TK10,TK91,TK92,TK93	SNV	0	4
ENSG00000227330	ENSG00000227330	GroupB_exclusive			TK10,TK91,TK92,TK93	INDEL,SNV	0	4
ENSG00000227681	ENSG00000227681	GroupB_exclusive			TK18,TK91,TK92,TK93	INDEL,SNV	0	4
ENSG00000227723	ENSG00000227723	GroupB_exclusive			TK12,TK91,TK92,TK93	SNV	0	4
ENSG00000227834	ENSG00000227834	GroupB_exclusive			TK18,TK91,TK92,TK93	INDEL,SNV	0	4
ENSG00000227934	ENSG00000227934	GroupB_exclusive			TK10,TK12,TK92,TK93	INDEL,SNV	0	4
ENSG00000228028	ENSG00000228028	GroupB_exclusive			TK10,TK91,TK92,TK93	SNV	0	4
ENSG00000228079	ENSG00000228079	GroupB_exclusive			TK12,TK18,TK91,TK92	SNV	0	4
ENSG00000228174	ENSG00000228174	GroupB_exclusive			TK12,TK91,TK92,TK93	INDEL,SNV	0	4
ENSG00000228366	ENSG00000228366	GroupB_exclusive			TK12,TK91,TK92,TK93	SNV	0	4
ENSG00000228586	ENSG00000228586	GroupB_exclusive			TK10,TK91,TK92,TK93	SNV	0	4
ENSG00000228737	ENSG00000228737	GroupB_exclusive			TK10,TK91,TK92,TK93	SNV	0	4
ENSG00000229118	ENSG00000229118	GroupB_exclusive			TK10,TK91,TK92,TK93	SNV	0	4
ENSG00000229160	ENSG00000229160	GroupB_exclusive			TK10,TK91,TK92,TK93	SNV	0	4
ENSG00000229399	ENSG00000229399	GroupB_exclusive			TK12,TK91,TK92,TK93	SNV	0	4
ENSG00000229603	ENSG00000229603	GroupB_exclusive			TK10,TK91,TK92,TK93	INDEL,SNV	0	4
ENSG00000229742	ENSG00000229742	GroupB_exclusive			TK18,TK91,TK92,TK93	SNV	0	4
ENSG00000229836	ENSG00000229836	GroupB_exclusive			TK18,TK91,TK92,TK93	SNV	0	4
ENSG00000230107	ENSG00000230107	GroupB_exclusive			TK10,TK91,TK92,TK93	INDEL,SNV	0	4
ENSG00000230175	ENSG00000230175	GroupB_exclusive			TK10,TK18,TK92,TK93	SNV	0	4
ENSG00000230404	ENSG00000230404	GroupB_exclusive			TK18,TK91,TK92,TK93	INDEL,SNV	0	4
ENSG00000230433	ENSG00000230433	GroupB_exclusive			TK12,TK91,TK92,TK93	INDEL,SNV	0	4
ENSG00000230498	ENSG00000230498	GroupB_exclusive			TK10,TK18,TK91,TK93	SNV	0	4
ENSG00000230569	ENSG00000230569	GroupB_exclusive			TK10,TK91,TK92,TK93	INDEL,SNV	0	4
ENSG00000230684	ENSG00000230684	GroupB_exclusive			TK18,TK91,TK92,TK93	INDEL,SNV	0	4
ENSG00000230803	ENSG00000230803	GroupB_exclusive			TK10,TK91,TK92,TK93	SNV	0	4
ENSG00000230826	ENSG00000230826	GroupB_exclusive			TK10,TK91,TK92,TK93	SNV	0	4
ENSG00000230894	ENSG00000230894	GroupB_exclusive			TK10,TK91,TK92,TK93	INDEL,SNV	0	4
ENSG00000230898	ENSG00000230898	GroupB_exclusive			TK10,TK91,TK92,TK93	INDEL,SNV	0	4
ENSG00000230936	ENSG00000230936	GroupB_exclusive			TK10,TK91,TK92,TK93	SNV	0	4
ENSG00000231291	ENSG00000231291	GroupB_exclusive			TK18,TK91,TK92,TK93	INDEL,SNV	0	4
ENSG00000231355	ENSG00000231355	GroupB_exclusive			TK12,TK91,TK92,TK93	SNV	0	4
ENSG00000232234	ENSG00000232234	GroupB_exclusive			TK18,TK91,TK92,TK93	INDEL,SNV	0	4
ENSG00000232252	ENSG00000232252	GroupB_exclusive			TK12,TK91,TK92,TK93	SNV	0	4
ENSG00000232335	ENSG00000232335	GroupB_exclusive			TK18,TK91,TK92,TK93	INDEL,SNV	0	4
ENSG00000232518	ENSG00000232518	GroupB_exclusive			TK10,TK91,TK92,TK93	INDEL,SNV	0	4
ENSG00000232555	ENSG00000232555	GroupB_exclusive			TK10,TK91,TK92,TK93	INDEL,SNV	0	4
ENSG00000232693	ENSG00000232693	GroupB_exclusive			TK10,TK91,TK92,TK93	SNV	0	4
ENSG00000232855	ENSG00000232855	GroupB_exclusive			TK10,TK91,TK92,TK93	INDEL,SNV	0	4
ENSG00000232891	ENSG00000232891	GroupB_exclusive			TK10,TK12,TK91,TK92	SNV	0	4
ENSG00000232978	ENSG00000232978	GroupB_exclusive			TK10,TK91,TK92,TK93	INDEL,SNV	0	4
ENSG00000233420	ENSG00000233420	GroupB_exclusive			TK18,TK91,TK92,TK93	INDEL,SNV	0	4
ENSG00000233459	ENSG00000233459	GroupB_exclusive			TK10,TK91,TK92,TK93	SNV	0	4
ENSG00000233635	ENSG00000233635	GroupB_exclusive			TK10,TK91,TK92,TK93	INDEL,SNV	0	4
ENSG00000233706	ENSG00000233706	GroupB_exclusive			TK10,TK91,TK92,TK93	INDEL,SNV	0	4
ENSG00000233778	ENSG00000233778	GroupB_exclusive			TK10,TK91,TK92,TK93	SNV	0	4
ENSG00000233783	ENSG00000233783	GroupB_exclusive			TK10,TK91,TK92,TK93	INDEL,SNV	0	4
ENSG00000234255	ENSG00000234255	GroupB_exclusive			TK10,TK91,TK92,TK93	SNV	0	4
ENSG00000234464	ENSG00000234464	GroupB_exclusive			TK10,TK12,TK92,TK93	INDEL,SNV	0	4
ENSG00000234579	ENSG00000234579	GroupB_exclusive			TK10,TK91,TK92,TK93	INDEL,SNV	0	4
ENSG00000234915	ENSG00000234915	GroupB_exclusive			TK10,TK91,TK92,TK93	INDEL,SNV	0	4
ENSG00000235119	ENSG00000235119	GroupB_exclusive			TK12,TK91,TK92,TK93	SNV	0	4
ENSG00000235204	ENSG00000235204	GroupB_exclusive			TK18,TK91,TK92,TK93	INDEL,SNV	0	4
ENSG00000235277	ENSG00000235277	GroupB_exclusive			TK18,TK91,TK92,TK93	SNV	0	4
ENSG00000235785	ENSG00000235785	GroupB_exclusive			TK10,TK91,TK92,TK93	INDEL,SNV	0	4
ENSG00000235880	ENSG00000235880	GroupB_exclusive			TK12,TK91,TK92,TK93	SNV	0	4
ENSG00000236031	ENSG00000236031	GroupB_exclusive			TK12,TK91,TK92,TK93	SNV	0	4
ENSG00000236115	ENSG00000236115	GroupB_exclusive			TK10,TK91,TK92,TK93	INDEL,SNV	0	4
ENSG00000236235	ENSG00000236235	GroupB_exclusive			TK18,TK91,TK92,TK93	INDEL,SNV	0	4
ENSG00000236457	ENSG00000236457	GroupB_exclusive			TK12,TK91,TK92,TK93	SNV	0	4
ENSG00000236529	ENSG00000236529	GroupB_exclusive			TK10,TK18,TK92,TK93	SNV	0	4
ENSG00000236536	ENSG00000236536	GroupB_exclusive			TK10,TK91,TK92,TK93	SNV	0	4
ENSG00000237076	ENSG00000237076	GroupB_exclusive			TK10,TK91,TK92,TK93	INDEL,SNV	0	4
ENSG00000237101	ENSG00000237101	GroupB_exclusive			TK10,TK18,TK91,TK92	SNV	0	4
ENSG00000237409	ENSG00000237409	GroupB_exclusive			TK10,TK18,TK91,TK93	SNV	0	4
ENSG00000237453	ENSG00000237453	GroupB_exclusive			TK12,TK91,TK92,TK93	SNV	0	4
ENSG00000237719	ENSG00000237719	GroupB_exclusive			TK10,TK91,TK92,TK93	SNV	0	4
ENSG00000239482	ENSG00000239482	GroupB_exclusive			TK10,TK91,TK92,TK93	SNV	0	4
ENSG00000239572	ENSG00000239572	GroupB_exclusive			TK12,TK91,TK92,TK93	SNV	0	4
ENSG00000240015	ENSG00000240015	GroupB_exclusive			TK18,TK91,TK92,TK93	SNV	0	4
ENSG00000240497	ENSG00000240497	GroupB_exclusive			TK10,TK91,TK92,TK93	INDEL,SNV	0	4
ENSG00000241169	ENSG00000241169	GroupB_exclusive			TK10,TK91,TK92,TK93	SNV	0	4
ENSG00000242536	ENSG00000242536	GroupB_exclusive			TK10,TK91,TK92,TK93	INDEL,SNV	0	4
ENSG00000243179	ENSG00000243179	GroupB_exclusive			TK12,TK91,TK92,TK93	SNV	0	4
ENSG00000243415	ENSG00000243415	GroupB_exclusive			TK10,TK91,TK92,TK93	SNV	0	4
ENSG00000243944	ENSG00000243944	GroupB_exclusive			TK18,TK91,TK92,TK93	SNV	0	4
ENSG00000243979	ENSG00000243979	GroupB_exclusive			TK10,TK12,TK18,TK93	SNV	0	4
ENSG00000244757	ENSG00000244757	GroupB_exclusive			TK10,TK91,TK92,TK93	SNV	0	4
ENSG00000245651	ENSG00000245651	GroupB_exclusive			TK10,TK91,TK92,TK93	SNV	0	4
ENSG00000248100	ENSG00000248100	GroupB_exclusive			TK10,TK91,TK92,TK93	SNV	0	4
ENSG00000248103	ENSG00000248103	GroupB_exclusive			TK10,TK91,TK92,TK93	SNV	0	4
ENSG00000248266	ENSG00000248266	GroupB_exclusive			TK10,TK91,TK92,TK93	SNV	0	4
ENSG00000248335	ENSG00000248335	GroupB_exclusive			TK18,TK91,TK92,TK93	INDEL,SNV	0	4
ENSG00000248434	ENSG00000248434	GroupB_exclusive			TK18,TK91,TK92,TK93	SNV	0	4
ENSG00000248515	ENSG00000248515	GroupB_exclusive			TK12,TK91,TK92,TK93	INDEL,SNV	0	4
ENSG00000248516	ENSG00000248516	GroupB_exclusive			TK10,TK18,TK91,TK92	SNV	0	4
ENSG00000248585	ENSG00000248585	GroupB_exclusive			TK10,TK91,TK92,TK93	SNV	0	4
ENSG00000248802	ENSG00000248802	GroupB_exclusive			TK10,TK91,TK92,TK93	SNV	0	4
ENSG00000248816	ENSG00000248816	GroupB_exclusive			TK10,TK91,TK92,TK93	SNV	0	4
ENSG00000248954	ENSG00000248954	GroupB_exclusive			TK10,TK18,TK92,TK93	SNV	0	4
ENSG00000249001	ENSG00000249001	GroupB_exclusive			TK10,TK18,TK91,TK92	INDEL,SNV	0	4
ENSG00000249036	ENSG00000249036	GroupB_exclusive			TK10,TK12,TK91,TK92	SNV	0	4
ENSG00000249148	ENSG00000249148	GroupB_exclusive			TK10,TK12,TK91,TK93	SNV	0	4
ENSG00000249258	ENSG00000249258	GroupB_exclusive			TK10,TK91,TK92,TK93	INDEL,SNV	0	4
ENSG00000249806	ENSG00000249806	GroupB_exclusive			TK10,TK91,TK92,TK93	INDEL,SNV	0	4
ENSG00000249849	ENSG00000249849	GroupB_exclusive			TK10,TK91,TK92,TK93	SNV	0	4
ENSG00000249881	ENSG00000249881	GroupB_exclusive			TK10,TK91,TK92,TK93	INDEL,SNV	0	4
ENSG00000249894	ENSG00000249894	GroupB_exclusive			TK18,TK91,TK92,TK93	INDEL,SNV	0	4
ENSG00000250030	ENSG00000250030	GroupB_exclusive			TK10,TK18,TK92,TK93	SNV	0	4
ENSG00000250038	ENSG00000250038	GroupB_exclusive			TK10,TK91,TK92,TK93	INDEL,SNV	0	4
ENSG00000250111	ENSG00000250111	GroupB_exclusive			TK18,TK91,TK92,TK93	SNV	0	4
ENSG00000250237	ENSG00000250237	GroupB_exclusive			TK10,TK91,TK92,TK93	INDEL,SNV	0	4
ENSG00000250333	ENSG00000250333	GroupB_exclusive			TK10,TK91,TK92,TK93	INDEL,SNV	0	4
ENSG00000250345	ENSG00000250345	GroupB_exclusive			TK10,TK91,TK92,TK93	SNV	0	4
ENSG00000250603	ENSG00000250603	GroupB_exclusive			TK18,TK91,TK92,TK93	SNV	0	4
ENSG00000250643	ENSG00000250643	GroupB_exclusive			TK10,TK91,TK92,TK93	INDEL,SNV	0	4
ENSG00000250692	ENSG00000250692	GroupB_exclusive			TK10,TK91,TK92,TK93	INDEL,SNV	0	4
ENSG00000250769	ENSG00000250769	GroupB_exclusive			TK10,TK91,TK92,TK93	INDEL,SNV	0	4
ENSG00000250803	ENSG00000250803	GroupB_exclusive			TK10,TK91,TK92,TK93	INDEL,SNV	0	4
ENSG00000251095	ENSG00000251095	GroupB_exclusive			TK10,TK91,TK92,TK93	SNV	0	4
ENSG00000251171	ENSG00000251171	GroupB_exclusive			TK10,TK91,TK92,TK93	INDEL,SNV	0	4
ENSG00000251361	ENSG00000251361	GroupB_exclusive			TK10,TK18,TK92,TK93	SNV	0	4
ENSG00000251484	ENSG00000251484	GroupB_exclusive			TK18,TK91,TK92,TK93	INDEL,SNV	0	4
ENSG00000253100	ENSG00000253100	GroupB_exclusive			TK10,TK91,TK92,TK93	INDEL,SNV	0	4
ENSG00000253227	ENSG00000253227	GroupB_exclusive			TK10,TK91,TK92,TK93	INDEL,SNV	0	4
ENSG00000253269	ENSG00000253269	GroupB_exclusive			TK10,TK91,TK92,TK93	INDEL,SNV	0	4
ENSG00000253270	ENSG00000253270	GroupB_exclusive			TK18,TK91,TK92,TK93	SNV	0	4
ENSG00000253273	ENSG00000253273	GroupB_exclusive			TK10,TK91,TK92,TK93	SNV	0	4
ENSG00000253284	ENSG00000253284	GroupB_exclusive			TK10,TK91,TK92,TK93	INDEL,SNV	0	4
ENSG00000253300	ENSG00000253300	GroupB_exclusive			TK10,TK91,TK92,TK93	SNV	0	4
ENSG00000253334	ENSG00000253334	GroupB_exclusive			TK18,TK91,TK92,TK93	SNV	0	4
ENSG00000253355	ENSG00000253355	GroupB_exclusive			TK18,TK91,TK92,TK93	INDEL,SNV	0	4
ENSG00000253385	ENSG00000253385	GroupB_exclusive			TK12,TK91,TK92,TK93	INDEL,SNV	0	4
ENSG00000253515	ENSG00000253515	GroupB_exclusive			TK18,TK91,TK92,TK93	INDEL,SNV	0	4
ENSG00000253562	ENSG00000253562	GroupB_exclusive			TK12,TK18,TK91,TK92	SNV	0	4
ENSG00000253574	ENSG00000253574	GroupB_exclusive			TK10,TK91,TK92,TK93	SNV	0	4
ENSG00000253908	ENSG00000253908	GroupB_exclusive			TK10,TK91,TK92,TK93	SNV	0	4
ENSG00000253968	ENSG00000253968	GroupB_exclusive			TK10,TK18,TK92,TK93	INDEL,SNV	0	4
ENSG00000254031	ENSG00000254031	GroupB_exclusive			TK10,TK91,TK92,TK93	SNV	0	4
ENSG00000254177	ENSG00000254177	GroupB_exclusive			TK10,TK91,TK92,TK93	SNV	0	4
ENSG00000254186	ENSG00000254186	GroupB_exclusive			TK10,TK18,TK92,TK93	INDEL,SNV	0	4
ENSG00000254236	ENSG00000254236	GroupB_exclusive			TK18,TK91,TK92,TK93	SNV	0	4
ENSG00000254380	ENSG00000254380	GroupB_exclusive			TK10,TK91,TK92,TK93	SNV	0	4
ENSG00000254444	ENSG00000254444	GroupB_exclusive			TK18,TK91,TK92,TK93	SNV	0	4
ENSG00000254556	ENSG00000254556	GroupB_exclusive			TK10,TK91,TK92,TK93	SNV	0	4
ENSG00000254639	ENSG00000254639	GroupB_exclusive			TK18,TK91,TK92,TK93	SNV	0	4
ENSG00000254698	ENSG00000254698	GroupB_exclusive			TK10,TK91,TK92,TK93	INDEL,SNV	0	4
ENSG00000254757	ENSG00000254757	GroupB_exclusive			TK18,TK91,TK92,TK93	SNV	0	4
ENSG00000254786	ENSG00000254786	GroupB_exclusive			TK10,TK91,TK92,TK93	SNV	0	4
ENSG00000254865	ENSG00000254865	GroupB_exclusive			TK18,TK91,TK92,TK93	INDEL,SNV	0	4
ENSG00000254936	ENSG00000254936	GroupB_exclusive			TK10,TK91,TK92,TK93	INDEL,SNV	0	4
ENSG00000254987	ENSG00000254987	GroupB_exclusive			TK10,TK91,TK92,TK93	INDEL,SNV	0	4
ENSG00000255097	ENSG00000255097	GroupB_exclusive			TK10,TK91,TK92,TK93	SNV	0	4
ENSG00000255148	ENSG00000255148	GroupB_exclusive			TK18,TK91,TK92,TK93	INDEL,SNV	0	4
ENSG00000255160	ENSG00000255160	GroupB_exclusive			TK10,TK91,TK92,TK93	SNV	0	4
ENSG00000255186	ENSG00000255186	GroupB_exclusive			TK10,TK91,TK92,TK93	SNV	0	4
ENSG00000255201	ENSG00000255201	GroupB_exclusive			TK10,TK91,TK92,TK93	INDEL,SNV	0	4
ENSG00000255299	ENSG00000255299	GroupB_exclusive			TK10,TK91,TK92,TK93	INDEL,SNV	0	4
ENSG00000255330	ENSG00000255330	GroupB_exclusive			TK10,TK91,TK92,TK93	SNV	0	4
ENSG00000255372	ENSG00000255372	GroupB_exclusive			TK18,TK91,TK92,TK93	SNV	0	4
ENSG00000255384	ENSG00000255384	GroupB_exclusive			TK18,TK91,TK92,TK93	SNV	0	4
ENSG00000255495	ENSG00000255495	GroupB_exclusive			TK10,TK18,TK91,TK92	INDEL,SNV	0	4
ENSG00000255530	ENSG00000255530	GroupB_exclusive			TK10,TK91,TK92,TK93	SNV	0	4
ENSG00000255672	ENSG00000255672	GroupB_exclusive			TK10,TK91,TK92,TK93	SNV	0	4
ENSG00000255710	ENSG00000255710	GroupB_exclusive			TK10,TK91,TK92,TK93	SNV	0	4
ENSG00000255723	ENSG00000255723	GroupB_exclusive			TK10,TK91,TK92,TK93	INDEL,SNV	0	4
ENSG00000256237	ENSG00000256237	GroupB_exclusive			TK12,TK91,TK92,TK93	SNV	0	4
ENSG00000256273	ENSG00000256273	GroupB_exclusive			TK18,TK91,TK92,TK93	INDEL,SNV	0	4
ENSG00000256343	ENSG00000256343	GroupB_exclusive			TK10,TK91,TK92,TK93	INDEL,SNV	0	4
ENSG00000256349	ENSG00000256349	GroupB_exclusive			TK10,TK18,TK92,TK93	SNV	0	4
ENSG00000256481	ENSG00000256481	GroupB_exclusive			TK10,TK91,TK92,TK93	INDEL,SNV	0	4
ENSG00000256603	ENSG00000256603	GroupB_exclusive			TK12,TK91,TK92,TK93	SNV	0	4
ENSG00000256625	ENSG00000256625	GroupB_exclusive			TK12,TK91,TK92,TK93	INDEL,SNV	0	4
ENSG00000256657	ENSG00000256657	GroupB_exclusive			TK10,TK91,TK92,TK93	SNV	0	4
ENSG00000256682	ENSG00000256682	GroupB_exclusive			TK10,TK91,TK92,TK93	SNV	0	4
ENSG00000256915	ENSG00000256915	GroupB_exclusive			TK18,TK91,TK92,TK93	INDEL,SNV	0	4
ENSG00000256972	ENSG00000256972	GroupB_exclusive			TK12,TK91,TK92,TK93	SNV	0	4
ENSG00000257042	ENSG00000257042	GroupB_exclusive			TK18,TK91,TK92,TK93	SNV	0	4
ENSG00000257083	ENSG00000257083	GroupB_exclusive			TK10,TK91,TK92,TK93	INDEL,SNV	0	4
ENSG00000257105	ENSG00000257105	GroupB_exclusive			TK18,TK91,TK92,TK93	SNV	0	4
ENSG00000257171	ENSG00000257171	GroupB_exclusive			TK12,TK91,TK92,TK93	INDEL,SNV	0	4
ENSG00000257180	ENSG00000257180	GroupB_exclusive			TK10,TK91,TK92,TK93	SNV	0	4
ENSG00000257470	ENSG00000257470	GroupB_exclusive			TK10,TK91,TK92,TK93	INDEL,SNV	0	4
ENSG00000257489	ENSG00000257489	GroupB_exclusive			TK18,TK91,TK92,TK93	SNV	0	4
ENSG00000257715	ENSG00000257715	GroupB_exclusive			TK10,TK18,TK91,TK92	INDEL,SNV	0	4
ENSG00000257781	ENSG00000257781	GroupB_exclusive			TK10,TK91,TK92,TK93	SNV	0	4
ENSG00000257918	ENSG00000257918	GroupB_exclusive			TK18,TK91,TK92,TK93	INDEL,SNV	0	4
ENSG00000258134	ENSG00000258134	GroupB_exclusive			TK18,TK91,TK92,TK93	SNV	0	4
ENSG00000258303	ENSG00000258303	GroupB_exclusive			TK10,TK91,TK92,TK93	INDEL,SNV	0	4
ENSG00000258497	ENSG00000258497	GroupB_exclusive			TK10,TK18,TK92,TK93	SNV	0	4
ENSG00000258560	ENSG00000258560	GroupB_exclusive			TK18,TK91,TK92,TK93	SNV	0	4
ENSG00000258670	ENSG00000258670	GroupB_exclusive			TK10,TK91,TK92,TK93	INDEL,SNV	0	4
ENSG00000258858	ENSG00000258858	GroupB_exclusive			TK10,TK91,TK92,TK93	SNV	0	4
ENSG00000259048	ENSG00000259048	GroupB_exclusive			TK10,TK91,TK92,TK93	INDEL,SNV	0	4
ENSG00000259219	ENSG00000259219	GroupB_exclusive			TK12,TK91,TK92,TK93	SNV	0	4
ENSG00000259287	ENSG00000259287	GroupB_exclusive			TK18,TK91,TK92,TK93	INDEL,SNV	0	4
ENSG00000259381	ENSG00000259381	GroupB_exclusive			TK10,TK91,TK92,TK93	SNV	0	4
ENSG00000259398	ENSG00000259398	GroupB_exclusive			TK10,TK91,TK92,TK93	INDEL,SNV	0	4
ENSG00000259402	ENSG00000259402	GroupB_exclusive			TK10,TK91,TK92,TK93	INDEL,SNV	0	4
ENSG00000259481	ENSG00000259481	GroupB_exclusive			TK10,TK91,TK92,TK93	SNV	0	4
ENSG00000259504	ENSG00000259504	GroupB_exclusive			TK10,TK91,TK92,TK93	SNV	0	4
ENSG00000259531	ENSG00000259531	GroupB_exclusive			TK10,TK18,TK91,TK92	INDEL,SNV	0	4
ENSG00000259551	ENSG00000259551	GroupB_exclusive			TK10,TK91,TK92,TK93	SNV	0	4
ENSG00000259580	ENSG00000259580	GroupB_exclusive			TK10,TK91,TK92,TK93	SNV	0	4
ENSG00000259594	ENSG00000259594	GroupB_exclusive			TK10,TK91,TK92,TK93	INDEL,SNV	0	4
ENSG00000259631	ENSG00000259631	GroupB_exclusive			TK10,TK91,TK92,TK93	SNV	0	4
ENSG00000259654	ENSG00000259654	GroupB_exclusive			TK10,TK91,TK92,TK93	INDEL,SNV	0	4
ENSG00000259672	ENSG00000259672	GroupB_exclusive			TK10,TK91,TK92,TK93	INDEL,SNV	0	4
ENSG00000259713	ENSG00000259713	GroupB_exclusive			TK18,TK91,TK92,TK93	INDEL,SNV	0	4
ENSG00000259876	ENSG00000259876	GroupB_exclusive			TK10,TK91,TK92,TK93	INDEL,SNV	0	4
ENSG00000259882	ENSG00000259882	GroupB_exclusive			TK10,TK91,TK92,TK93	INDEL,SNV	0	4
ENSG00000259922	ENSG00000259922	GroupB_exclusive			TK18,TK91,TK92,TK93	SNV	0	4
ENSG00000260487	ENSG00000260487	GroupB_exclusive			TK10,TK91,TK92,TK93	INDEL,SNV	0	4
ENSG00000260555	ENSG00000260555	GroupB_exclusive			TK10,TK91,TK92,TK93	INDEL,SNV	0	4
ENSG00000260601	ENSG00000260601	GroupB_exclusive			TK10,TK91,TK92,TK93	SNV	0	4
ENSG00000260618	ENSG00000260618	GroupB_exclusive			TK18,TK91,TK92,TK93	SNV	0	4
ENSG00000260658	ENSG00000260658	GroupB_exclusive			TK10,TK91,TK92,TK93	INDEL,SNV	0	4
ENSG00000260711	ENSG00000260711	GroupB_exclusive			TK10,TK91,TK92,TK93	INDEL,SNV	0	4
ENSG00000260757	ENSG00000260757	GroupB_exclusive			TK10,TK91,TK92,TK93	INDEL,SNV	0	4
ENSG00000260937	ENSG00000260937	GroupB_exclusive			TK18,TK91,TK92,TK93	INDEL,SNV	0	4
ENSG00000260995	ENSG00000260995	GroupB_exclusive			TK18,TK91,TK92,TK93	SNV	0	4
ENSG00000261216	ENSG00000261216	GroupB_exclusive			TK12,TK18,TK92,TK93	SNV	0	4
ENSG00000261229	ENSG00000261229	GroupB_exclusive			TK18,TK91,TK92,TK93	SNV	0	4
ENSG00000261250	ENSG00000261250	GroupB_exclusive			TK18,TK91,TK92,TK93	INDEL,SNV	0	4
ENSG00000261253	ENSG00000261253	GroupB_exclusive			TK18,TK91,TK92,TK93	INDEL,SNV	0	4
ENSG00000261346	ENSG00000261346	GroupB_exclusive			TK10,TK91,TK92,TK93	INDEL,SNV	0	4
ENSG00000261394	ENSG00000261394	GroupB_exclusive			TK12,TK91,TK92,TK93	INDEL,SNV	0	4
ENSG00000261459	ENSG00000261459	GroupB_exclusive			TK10,TK18,TK91,TK93	SNV	0	4
ENSG00000261487	ENSG00000261487	GroupB_exclusive			TK10,TK18,TK91,TK92	SNV	0	4
ENSG00000261529	ENSG00000261529	GroupB_exclusive			TK10,TK91,TK92,TK93	INDEL,SNV	0	4
ENSG00000261630	ENSG00000261630	GroupB_exclusive			TK10,TK91,TK92,TK93	SNV	0	4
ENSG00000261670	ENSG00000261670	GroupB_exclusive			TK10,TK91,TK92,TK93	INDEL,SNV	0	4
ENSG00000261800	ENSG00000261800	GroupB_exclusive			TK10,TK91,TK92,TK93	INDEL,SNV	0	4
ENSG00000262231	ENSG00000262231	GroupB_exclusive			TK10,TK91,TK92,TK93	SNV	0	4
ENSG00000263120	ENSG00000263120	GroupB_exclusive			TK10,TK18,TK91,TK92	INDEL,SNV	0	4
ENSG00000263331	ENSG00000263331	GroupB_exclusive			TK18,TK91,TK92,TK93	INDEL,SNV	0	4
ENSG00000263388	ENSG00000263388	GroupB_exclusive			TK10,TK91,TK92,TK93	SNV	0	4
ENSG00000263551	ENSG00000263551	GroupB_exclusive			TK10,TK18,TK91,TK93	INDEL,SNV	0	4
ENSG00000263611	ENSG00000263611	GroupB_exclusive			TK10,TK91,TK92,TK93	INDEL,SNV	0	4
ENSG00000263895	ENSG00000263895	GroupB_exclusive			TK18,TK91,TK92,TK93	INDEL,SNV	0	4
ENSG00000264853	ENSG00000264853	GroupB_exclusive			TK10,TK91,TK92,TK93	INDEL,SNV	0	4
ENSG00000265055	ENSG00000265055	GroupB_exclusive			TK10,TK18,TK91,TK92	INDEL,SNV	0	4
ENSG00000265316	ENSG00000265316	GroupB_exclusive			TK10,TK91,TK92,TK93	INDEL,SNV	0	4
ENSG00000265799	ENSG00000265799	GroupB_exclusive			TK10,TK91,TK92,TK93	INDEL,SNV	0	4
ENSG00000265844	ENSG00000265844	GroupB_exclusive			TK10,TK91,TK92,TK93	SNV	0	4
ENSG00000265967	ENSG00000265967	GroupB_exclusive			TK10,TK12,TK92,TK93	SNV	0	4
ENSG00000266365	ENSG00000266365	GroupB_exclusive			TK10,TK18,TK91,TK92	SNV	0	4
ENSG00000266373	ENSG00000266373	GroupB_exclusive			TK10,TK91,TK92,TK93	SNV	0	4
ENSG00000266667	ENSG00000266667	GroupB_exclusive			TK18,TK91,TK92,TK93	INDEL,SNV	0	4
ENSG00000266744	ENSG00000266744	GroupB_exclusive			TK10,TK91,TK92,TK93	SNV	0	4
ENSG00000266846	ENSG00000266846	GroupB_exclusive			TK10,TK91,TK92,TK93	SNV	0	4
ENSG00000266950	ENSG00000266950	GroupB_exclusive			TK18,TK91,TK92,TK93	SNV	0	4
ENSG00000267016	ENSG00000267016	GroupB_exclusive			TK18,TK91,TK92,TK93	SNV	0	4
ENSG00000267039	ENSG00000267039	GroupB_exclusive			TK18,TK91,TK92,TK93	INDEL,SNV	0	4
ENSG00000267042	ENSG00000267042	GroupB_exclusive			TK10,TK91,TK92,TK93	INDEL,SNV	0	4
ENSG00000267078	ENSG00000267078	GroupB_exclusive			TK10,TK91,TK92,TK93	SNV	0	4
ENSG00000267247	ENSG00000267247	GroupB_exclusive			TK12,TK91,TK92,TK93	SNV	0	4
ENSG00000267304	ENSG00000267304	GroupB_exclusive			TK10,TK18,TK91,TK92	SNV	0	4
ENSG00000267430	ENSG00000267430	GroupB_exclusive			TK12,TK91,TK92,TK93	SNV	0	4
ENSG00000267503	ENSG00000267503	GroupB_exclusive			TK10,TK91,TK92,TK93	SNV	0	4
ENSG00000267507	ENSG00000267507	GroupB_exclusive			TK10,TK91,TK92,TK93	SNV	0	4
ENSG00000267529	ENSG00000267529	GroupB_exclusive			TK10,TK91,TK92,TK93	SNV	0	4
ENSG00000267749	ENSG00000267749	GroupB_exclusive			TK18,TK91,TK92,TK93	INDEL,SNV	0	4
ENSG00000267882	ENSG00000267882	GroupB_exclusive			TK10,TK91,TK92,TK93	SNV	0	4
ENSG00000267890	ENSG00000267890	GroupB_exclusive			TK10,TK91,TK92,TK93	SNV	0	4
ENSG00000268231	ENSG00000268231	GroupB_exclusive			TK10,TK91,TK92,TK93	SNV	0	4
ENSG00000268486	ENSG00000268486	GroupB_exclusive			TK10,TK91,TK92,TK93	SNV	0	4
ENSG00000268981	ENSG00000268981	GroupB_exclusive			TK18,TK91,TK92,TK93	INDEL,SNV	0	4
ENSG00000269066	ENSG00000269066	GroupB_exclusive			TK10,TK91,TK92,TK93	INDEL,SNV	0	4
ENSG00000269392	ENSG00000269392	GroupB_exclusive			TK10,TK91,TK92,TK93	INDEL,SNV	0	4
ENSG00000269653	ENSG00000269653	GroupB_exclusive			TK10,TK12,TK92,TK93	SNV	0	4
ENSG00000269794	ENSG00000269794	GroupB_exclusive			TK12,TK91,TK92,TK93	SNV	0	4
ENSG00000269978	ENSG00000269978	GroupB_exclusive			TK10,TK91,TK92,TK93	SNV	0	4
ENSG00000270074	ENSG00000270074	GroupB_exclusive			TK10,TK91,TK92,TK93	SNV	0	4
ENSG00000270165	ENSG00000270165	GroupB_exclusive			TK18,TK91,TK92,TK93	SNV	0	4
ENSG00000270259	ENSG00000270259	GroupB_exclusive			TK10,TK91,TK92,TK93	SNV	0	4
ENSG00000270302	ENSG00000270302	GroupB_exclusive			TK18,TK91,TK92,TK93	SNV	0	4
ENSG00000270521	ENSG00000270521	GroupB_exclusive			TK18,TK91,TK92,TK93	INDEL,SNV	0	4
ENSG00000270555	ENSG00000270555	GroupB_exclusive			TK18,TK91,TK92,TK93	SNV	0	4
ENSG00000270591	ENSG00000270591	GroupB_exclusive			TK10,TK12,TK92,TK93	SNV	0	4
ENSG00000270871	ENSG00000270871	GroupB_exclusive			TK10,TK91,TK92,TK93	INDEL,SNV	0	4
ENSG00000271806	ENSG00000271806	GroupB_exclusive			TK10,TK91,TK92,TK93	SNV	0	4
ENSG00000272236	ENSG00000272236	GroupB_exclusive			TK10,TK91,TK92,TK93	SNV	0	4
ENSG00000272255	ENSG00000272255	GroupB_exclusive			TK18,TK91,TK92,TK93	SNV	0	4
ENSG00000272369	ENSG00000272369	GroupB_exclusive			TK18,TK91,TK92,TK93	INDEL,SNV	0	4
ENSG00000272732	ENSG00000272732	GroupB_exclusive			TK12,TK18,TK91,TK92	SNV	0	4
ENSG00000272822	ENSG00000272822	GroupB_exclusive			TK10,TK91,TK92,TK93	SNV	0	4
ENSG00000272842	ENSG00000272842	GroupB_exclusive			TK10,TK18,TK91,TK93	SNV	0	4
ENSG00000272854	ENSG00000272854	GroupB_exclusive			TK18,TK91,TK92,TK93	SNV	0	4
ENSG00000272940	ENSG00000272940	GroupB_exclusive			TK10,TK91,TK92,TK93	SNV	0	4
ENSG00000273046	ENSG00000273046	GroupB_exclusive			TK10,TK18,TK92,TK93	SNV	0	4
ENSG00000273059	ENSG00000273059	GroupB_exclusive			TK10,TK12,TK18,TK91	INDEL,SNV	0	4
ENSG00000273269	ENSG00000273269	GroupB_exclusive			TK18,TK91,TK92,TK93	SNV	0	4
ENSG00000273335	ENSG00000273335	GroupB_exclusive			TK18,TK91,TK92,TK93	SNV	0	4
ENSG00000273391	ENSG00000273391	GroupB_exclusive			TK10,TK18,TK91,TK93	SNV	0	4
ENSG00000273433	ENSG00000273433	GroupB_exclusive			TK10,TK91,TK92,TK93	SNV	0	4
ENSG00000273437	ENSG00000273437	GroupB_exclusive			TK10,TK12,TK18,TK91	SNV	0	4
ENSG00000273450	ENSG00000273450	GroupB_exclusive			TK10,TK91,TK92,TK93	SNV	0	4
ENSG00000273584	ENSG00000273584	GroupB_exclusive			TK10,TK91,TK92,TK93	SNV	0	4
ENSG00000273658	ENSG00000273658	GroupB_exclusive			TK12,TK18,TK92,TK93	INDEL,SNV	0	4
ENSG00000273691	ENSG00000273691	GroupB_exclusive			TK10,TK91,TK92,TK93	INDEL,SNV	0	4
ENSG00000273805	ENSG00000273805	GroupB_exclusive			TK10,TK91,TK92,TK93	SNV	0	4
ENSG00000274353	ENSG00000274353	GroupB_exclusive			TK10,TK91,TK92,TK93	INDEL,SNV	0	4
ENSG00000274367	ENSG00000274367	GroupB_exclusive			TK10,TK91,TK92,TK93	INDEL,SNV	0	4
ENSG00000274559	ENSG00000274559	GroupB_exclusive			TK12,TK91,TK92,TK93	SNV	0	4
ENSG00000274598	ENSG00000274598	GroupB_exclusive			TK12,TK91,TK92,TK93	SNV	0	4
ENSG00000274629	ENSG00000274629	GroupB_exclusive			TK18,TK91,TK92,TK93	INDEL,SNV	0	4
ENSG00000275232	ENSG00000275232	GroupB_exclusive			TK10,TK91,TK92,TK93	INDEL,SNV	0	4
ENSG00000275476	ENSG00000275476	GroupB_exclusive			TK10,TK12,TK18,TK93	SNV	0	4
ENSG00000275613	ENSG00000275613	GroupB_exclusive			TK18,TK91,TK92,TK93	SNV	0	4
ENSG00000276077	ENSG00000276077	GroupB_exclusive			TK18,TK91,TK92,TK93	SNV	0	4
ENSG00000276128	ENSG00000276128	GroupB_exclusive			TK10,TK91,TK92,TK93	INDEL,SNV	0	4
ENSG00000276578	ENSG00000276578	GroupB_exclusive			TK10,TK91,TK92,TK93	SNV	0	4
ENSG00000276845	ENSG00000276845	GroupB_exclusive			TK10,TK91,TK92,TK93	SNV	0	4
ENSG00000276960	ENSG00000276960	GroupB_exclusive			TK18,TK91,TK92,TK93	INDEL,SNV	0	4
ENSG00000277067	ENSG00000277067	GroupB_exclusive			TK18,TK91,TK92,TK93	SNV	0	4
ENSG00000277151	ENSG00000277151	GroupB_exclusive			TK10,TK91,TK92,TK93	SNV	0	4
ENSG00000277675	ENSG00000277675	GroupB_exclusive			TK10,TK91,TK92,TK93	INDEL,SNV	0	4
ENSG00000277757	ENSG00000277757	GroupB_exclusive			TK10,TK91,TK92,TK93	SNV	0	4
ENSG00000278000	ENSG00000278000	GroupB_exclusive			TK10,TK91,TK92,TK93	SNV	0	4
ENSG00000278330	ENSG00000278330	GroupB_exclusive			TK10,TK91,TK92,TK93	INDEL,SNV	0	4
ENSG00000278383	ENSG00000278383	GroupB_exclusive			TK12,TK18,TK91,TK92	SNV	0	4
ENSG00000278472	ENSG00000278472	GroupB_exclusive			TK10,TK91,TK92,TK93	INDEL,SNV	0	4
ENSG00000278842	ENSG00000278842	GroupB_exclusive			TK10,TK18,TK92,TK93	SNV	0	4
ENSG00000278979	ENSG00000278979	GroupB_exclusive			TK10,TK91,TK92,TK93	SNV	0	4
ENSG00000278983	ENSG00000278983	GroupB_exclusive			TK10,TK91,TK92,TK93	INDEL,SNV	0	4
ENSG00000278985	ENSG00000278985	GroupB_exclusive			TK10,TK91,TK92,TK93	SNV	0	4
ENSG00000278999	ENSG00000278999	GroupB_exclusive			TK10,TK91,TK92,TK93	INDEL,SNV	0	4
ENSG00000279029	ENSG00000279029	GroupB_exclusive			TK10,TK91,TK92,TK93	SNV	0	4
ENSG00000279081	ENSG00000279081	GroupB_exclusive			TK10,TK91,TK92,TK93	INDEL,SNV	0	4
ENSG00000279107	ENSG00000279107	GroupB_exclusive			TK10,TK91,TK92,TK93	SNV	0	4
ENSG00000279129	ENSG00000279129	GroupB_exclusive			TK10,TK91,TK92,TK93	SNV	0	4
ENSG00000279140	ENSG00000279140	GroupB_exclusive			TK12,TK91,TK92,TK93	SNV	0	4
ENSG00000279160	ENSG00000279160	GroupB_exclusive			TK10,TK91,TK92,TK93	SNV	0	4
ENSG00000279208	ENSG00000279208	GroupB_exclusive			TK18,TK91,TK92,TK93	SNV	0	4
ENSG00000279236	ENSG00000279236	GroupB_exclusive			TK10,TK12,TK92,TK93	SNV	0	4
ENSG00000279281	ENSG00000279281	GroupB_exclusive			TK10,TK91,TK92,TK93	INDEL,SNV	0	4
ENSG00000279311	ENSG00000279311	GroupB_exclusive			TK18,TK91,TK92,TK93	SNV	0	4
ENSG00000279319	ENSG00000279319	GroupB_exclusive			TK10,TK91,TK92,TK93	INDEL,SNV	0	4
ENSG00000279410	ENSG00000279410	GroupB_exclusive			TK18,TK91,TK92,TK93	SNV	0	4
ENSG00000279442	ENSG00000279442	GroupB_exclusive			TK18,TK91,TK92,TK93	SNV	0	4
ENSG00000279513	ENSG00000279513	GroupB_exclusive			TK12,TK91,TK92,TK93	SNV	0	4
ENSG00000279526	ENSG00000279526	GroupB_exclusive			TK10,TK91,TK92,TK93	SNV	0	4
ENSG00000279544	ENSG00000279544	GroupB_exclusive			TK10,TK91,TK92,TK93	SNV	0	4
ENSG00000279589	ENSG00000279589	GroupB_exclusive			TK10,TK91,TK92,TK93	INDEL,SNV	0	4
ENSG00000279599	ENSG00000279599	GroupB_exclusive			TK10,TK91,TK92,TK93	INDEL,SNV	0	4
ENSG00000279601	ENSG00000279601	GroupB_exclusive			TK10,TK12,TK18,TK92	SNV	0	4
ENSG00000279620	ENSG00000279620	GroupB_exclusive			TK10,TK91,TK92,TK93	SNV	0	4
ENSG00000279623	ENSG00000279623	GroupB_exclusive			TK18,TK91,TK92,TK93	SNV	0	4
ENSG00000279659	ENSG00000279659	GroupB_exclusive			TK18,TK91,TK92,TK93	SNV	0	4
ENSG00000279805	ENSG00000279805	GroupB_exclusive			TK10,TK91,TK92,TK93	SNV	0	4
ENSG00000279917	ENSG00000279917	GroupB_exclusive			TK12,TK91,TK92,TK93	SNV	0	4
ENSG00000279953	ENSG00000279953	GroupB_exclusive			TK10,TK91,TK92,TK93	SNV	0	4
ENSG00000279985	ENSG00000279985	GroupB_exclusive			TK12,TK91,TK92,TK93	SNV	0	4
ENSG00000280043	ENSG00000280043	GroupB_exclusive			TK18,TK91,TK92,TK93	INDEL,SNV	0	4
ENSG00000280099	ENSG00000280099	GroupB_exclusive			TK10,TK91,TK92,TK93	SNV	0	4
ENSG00000280116	ENSG00000280116	GroupB_exclusive			TK10,TK12,TK91,TK93	INDEL,SNV	0	4
ENSG00000280180	ENSG00000280180	GroupB_exclusive			TK10,TK91,TK92,TK93	SNV	0	4
ENSG00000280224	ENSG00000280224	GroupB_exclusive			TK18,TK91,TK92,TK93	SNV	0	4
ENSG00000280341	ENSG00000280341	GroupB_exclusive			TK18,TK91,TK92,TK93	SNV	0	4
ENSG00000280356	ENSG00000280356	GroupB_exclusive			TK10,TK91,TK92,TK93	SNV	0	4
ENSG00000280382	ENSG00000280382	GroupB_exclusive			TK10,TK18,TK91,TK93	SNV	0	4
ENSG00000282418	ENSG00000282418	GroupB_exclusive			TK10,TK91,TK92,TK93	INDEL,SNV	0	4
ENSG00000282987	ENSG00000282987	GroupB_exclusive			TK10,TK91,TK92,TK93	SNV	0	4
ENSG00000283196	ENSG00000283196	GroupB_exclusive			TK10,TK91,TK92,TK93	SNV	0	4
ENSG00000283202	ENSG00000283202	GroupB_exclusive			TK10,TK91,TK92,TK93	SNV	0	4
ENSG00000283240	ENSG00000283240	GroupB_exclusive			TK12,TK91,TK92,TK93	SNV	0	4
ENSG00000283380	ENSG00000283380	GroupB_exclusive			TK18,TK91,TK92,TK93	INDEL,SNV	0	4
ENSG00000283415	ENSG00000283415	GroupB_exclusive			TK10,TK91,TK92,TK93	INDEL,SNV	0	4
ENSG00000283431	ENSG00000283431	GroupB_exclusive			TK10,TK91,TK92,TK93	INDEL,SNV	0	4
ENSG00000283599	ENSG00000283599	GroupB_exclusive			TK10,TK18,TK91,TK93	SNV	0	4
ENSG00000283913	ENSG00000283913	GroupB_exclusive			TK10,TK91,TK92,TK93	SNV	0	4
ENSG00000284418	ENSG00000284418	GroupB_exclusive			TK10,TK91,TK92,TK93	INDEL,SNV	0	4
ENSG00000284606	ENSG00000284606	GroupB_exclusive			TK10,TK91,TK92,TK93	INDEL,SNV	0	4
ENSG00000284618	ENSG00000284618	GroupB_exclusive			TK18,TK91,TK92,TK93	SNV	0	4
ENSG00000284711	ENSG00000284711	GroupB_exclusive			TK18,TK91,TK92,TK93	SNV	0	4
ENSG00000285215	ENSG00000285215	GroupB_exclusive			TK18,TK91,TK92,TK93	INDEL,SNV	0	4
ENSG00000285560	ENSG00000285560	GroupB_exclusive			TK10,TK91,TK92,TK93	SNV	0	4
ENSG00000285569	ENSG00000285569	GroupB_exclusive			TK10,TK91,TK92,TK93	INDEL,SNV	0	4
ENSG00000285581	ENSG00000285581	GroupB_exclusive			TK18,TK91,TK92,TK93	SNV	0	4
ENSG00000285601	ENSG00000285601	GroupB_exclusive			TK18,TK91,TK92,TK93	SNV	0	4
ENSG00000285629	ENSG00000285629	GroupB_exclusive			TK12,TK91,TK92,TK93	SNV	0	4
ENSG00000285694	ENSG00000285694	GroupB_exclusive			TK10,TK91,TK92,TK93	SNV	0	4
ENSG00000285706	ENSG00000285706	GroupB_exclusive			TK10,TK91,TK92,TK93	SNV	0	4
ENSG00000285727	ENSG00000285727	GroupB_exclusive			TK10,TK18,TK91,TK93	SNV	0	4
ENSG00000285782	ENSG00000285782	GroupB_exclusive			TK10,TK91,TK92,TK93	SNV	0	4
ENSG00000285865	ENSG00000285865	GroupB_exclusive			TK10,TK91,TK92,TK93	INDEL,SNV	0	4
ENSG00000285876	ENSG00000285876	GroupB_exclusive			TK10,TK18,TK91,TK92	SNV	0	4
ENSG00000285878	ENSG00000285878	GroupB_exclusive			TK10,TK91,TK92,TK93	SNV	0	4
ENSG00000285892	ENSG00000285892	GroupB_exclusive			TK10,TK18,TK91,TK92	INDEL,SNV	0	4
ENSG00000285899	ENSG00000285899	GroupB_exclusive			TK18,TK91,TK92,TK93	INDEL,SNV	0	4
ENSG00000285908	ENSG00000285908	GroupB_exclusive			TK10,TK18,TK91,TK92	SNV	0	4
ENSG00000285933	ENSG00000285933	GroupB_exclusive			TK10,TK18,TK91,TK92	SNV	0	4
ENSG00000285941	ENSG00000285941	GroupB_exclusive			TK12,TK18,TK92,TK93	SNV	0	4
ENSG00000285952	ENSG00000285952	GroupB_exclusive			TK10,TK91,TK92,TK93	INDEL,SNV	0	4
ENSG00000285960	ENSG00000285960	GroupB_exclusive			TK12,TK91,TK92,TK93	INDEL,SNV	0	4
ENSG00000285994	ENSG00000285994	GroupB_exclusive			TK10,TK91,TK92,TK93	SNV	0	4
ENSG00000286052	ENSG00000286052	GroupB_exclusive			TK10,TK18,TK91,TK92	SNV	0	4
ENSG00000286118	ENSG00000286118	GroupB_exclusive			TK12,TK18,TK92,TK93	INDEL,SNV	0	4
ENSG00000286194	ENSG00000286194	GroupB_exclusive			TK10,TK91,TK92,TK93	INDEL,SNV	0	4
ENSG00000286229	ENSG00000286229	GroupB_exclusive			TK10,TK91,TK92,TK93	SNV	0	4
ENSG00000286245	ENSG00000286245	GroupB_exclusive			TK18,TK91,TK92,TK93	SNV	0	4
ENSG00000286314	ENSG00000286314	GroupB_exclusive			TK12,TK91,TK92,TK93	INDEL,SNV	0	4
ENSG00000286327	ENSG00000286327	GroupB_exclusive			TK10,TK91,TK92,TK93	SNV	0	4
ENSG00000286349	ENSG00000286349	GroupB_exclusive			TK10,TK91,TK92,TK93	INDEL,SNV	0	4
ENSG00000286370	ENSG00000286370	GroupB_exclusive			TK18,TK91,TK92,TK93	SNV	0	4
ENSG00000286385	ENSG00000286385	GroupB_exclusive			TK10,TK91,TK92,TK93	INDEL,SNV	0	4
ENSG00000286391	ENSG00000286391	GroupB_exclusive			TK10,TK18,TK91,TK93	SNV	0	4
ENSG00000286410	ENSG00000286410	GroupB_exclusive			TK12,TK18,TK91,TK93	INDEL,SNV	0	4
ENSG00000286415	ENSG00000286415	GroupB_exclusive			TK18,TK91,TK92,TK93	INDEL,SNV	0	4
ENSG00000286479	ENSG00000286479	GroupB_exclusive			TK10,TK91,TK92,TK93	INDEL,SNV	0	4
ENSG00000286515	ENSG00000286515	GroupB_exclusive			TK10,TK91,TK92,TK93	SNV	0	4
ENSG00000286561	ENSG00000286561	GroupB_exclusive			TK10,TK91,TK92,TK93	INDEL,SNV	0	4
ENSG00000286615	ENSG00000286615	GroupB_exclusive			TK10,TK91,TK92,TK93	SNV	0	4
ENSG00000286616	ENSG00000286616	GroupB_exclusive			TK18,TK91,TK92,TK93	SNV	0	4
ENSG00000286657	ENSG00000286657	GroupB_exclusive			TK10,TK91,TK92,TK93	SNV	0	4
ENSG00000286720	ENSG00000286720	GroupB_exclusive			TK10,TK91,TK92,TK93	SNV	0	4
ENSG00000286797	ENSG00000286797	GroupB_exclusive			TK10,TK91,TK92,TK93	INDEL,SNV	0	4
ENSG00000286804	ENSG00000286804	GroupB_exclusive			TK12,TK91,TK92,TK93	SNV	0	4
ENSG00000286812	ENSG00000286812	GroupB_exclusive			TK10,TK91,TK92,TK93	SNV	0	4
ENSG00000286846	ENSG00000286846	GroupB_exclusive			TK10,TK91,TK92,TK93	INDEL,SNV	0	4
ENSG00000286850	ENSG00000286850	GroupB_exclusive			TK10,TK91,TK92,TK93	INDEL,SNV	0	4
ENSG00000286856	ENSG00000286856	GroupB_exclusive			TK10,TK91,TK92,TK93	SNV	0	4
ENSG00000286907	ENSG00000286907	GroupB_exclusive			TK18,TK91,TK92,TK93	INDEL,SNV	0	4
ENSG00000286921	ENSG00000286921	GroupB_exclusive			TK12,TK91,TK92,TK93	SNV	0	4
ENSG00000286927	ENSG00000286927	GroupB_exclusive			TK10,TK91,TK92,TK93	INDEL,SNV	0	4
ENSG00000286952	ENSG00000286952	GroupB_exclusive			TK12,TK91,TK92,TK93	SNV	0	4
ENSG00000286979	ENSG00000286979	GroupB_exclusive			TK10,TK91,TK92,TK93	INDEL,SNV	0	4
ENSG00000286988	ENSG00000286988	GroupB_exclusive			TK10,TK91,TK92,TK93	SNV	0	4
ENSG00000287094	ENSG00000287094	GroupB_exclusive			TK10,TK91,TK92,TK93	INDEL,SNV	0	4
ENSG00000287105	ENSG00000287105	GroupB_exclusive			TK10,TK91,TK92,TK93	SNV	0	4
ENSG00000287106	ENSG00000287106	GroupB_exclusive			TK18,TK91,TK92,TK93	SNV	0	4
ENSG00000287122	ENSG00000287122	GroupB_exclusive			TK10,TK91,TK92,TK93	SNV	0	4
ENSG00000287158	ENSG00000287158	GroupB_exclusive			TK10,TK91,TK92,TK93	SNV	0	4
ENSG00000287164	ENSG00000287164	GroupB_exclusive			TK10,TK91,TK92,TK93	INDEL,SNV	0	4
ENSG00000287191	ENSG00000287191	GroupB_exclusive			TK10,TK91,TK92,TK93	INDEL,SNV	0	4
ENSG00000287237	ENSG00000287237	GroupB_exclusive			TK10,TK91,TK92,TK93	INDEL,SNV	0	4
ENSG00000287258	ENSG00000287258	GroupB_exclusive			TK10,TK91,TK92,TK93	INDEL,SNV	0	4
ENSG00000287272	ENSG00000287272	GroupB_exclusive			TK10,TK18,TK92,TK93	INDEL,SNV	0	4
ENSG00000287284	ENSG00000287284	GroupB_exclusive			TK12,TK91,TK92,TK93	INDEL,SNV	0	4
ENSG00000287288	ENSG00000287288	GroupB_exclusive			TK10,TK91,TK92,TK93	INDEL,SNV	0	4
ENSG00000287292	ENSG00000287292	GroupB_exclusive			TK10,TK91,TK92,TK93	INDEL,SNV	0	4
ENSG00000287305	ENSG00000287305	GroupB_exclusive			TK18,TK91,TK92,TK93	SNV	0	4
ENSG00000287330	ENSG00000287330	GroupB_exclusive			TK12,TK18,TK91,TK93	SNV	0	4
ENSG00000287351	ENSG00000287351	GroupB_exclusive			TK10,TK91,TK92,TK93	INDEL,SNV	0	4
ENSG00000287369	ENSG00000287369	GroupB_exclusive			TK10,TK91,TK92,TK93	SNV	0	4
ENSG00000287385	ENSG00000287385	GroupB_exclusive			TK10,TK18,TK91,TK92	SNV	0	4
ENSG00000287391	ENSG00000287391	GroupB_exclusive			TK18,TK91,TK92,TK93	INDEL,SNV	0	4
ENSG00000287405	ENSG00000287405	GroupB_exclusive			TK12,TK91,TK92,TK93	SNV	0	4
ENSG00000287451	ENSG00000287451	GroupB_exclusive			TK10,TK91,TK92,TK93	INDEL,SNV	0	4
ENSG00000287493	ENSG00000287493	GroupB_exclusive			TK18,TK91,TK92,TK93	SNV	0	4
ENSG00000287516	ENSG00000287516	GroupB_exclusive			TK10,TK91,TK92,TK93	INDEL,SNV	0	4
ENSG00000287552	ENSG00000287552	GroupB_exclusive			TK10,TK91,TK92,TK93	SNV	0	4
ENSG00000287583	ENSG00000287583	GroupB_exclusive			TK10,TK91,TK92,TK93	SNV	0	4
ENSG00000287623	ENSG00000287623	GroupB_exclusive			TK10,TK91,TK92,TK93	SNV	0	4
ENSG00000287624	ENSG00000287624	GroupB_exclusive			TK10,TK91,TK92,TK93	SNV	0	4
ENSG00000287626	ENSG00000287626	GroupB_exclusive			TK12,TK91,TK92,TK93	SNV	0	4
ENSG00000287650	ENSG00000287650	GroupB_exclusive			TK10,TK91,TK92,TK93	INDEL,SNV	0	4
ENSG00000287654	ENSG00000287654	GroupB_exclusive			TK10,TK91,TK92,TK93	SNV	0	4
ENSG00000287665	ENSG00000287665	GroupB_exclusive			TK10,TK91,TK92,TK93	INDEL,SNV	0	4
ENSG00000287679	ENSG00000287679	GroupB_exclusive			TK10,TK91,TK92,TK93	INDEL,SNV	0	4
ENSG00000287682	ENSG00000287682	GroupB_exclusive			TK10,TK12,TK91,TK93	INDEL,SNV	0	4
ENSG00000287727	ENSG00000287727	GroupB_exclusive			TK10,TK91,TK92,TK93	INDEL,SNV	0	4
ENSG00000287782	ENSG00000287782	GroupB_exclusive			TK12,TK91,TK92,TK93	SNV	0	4
ENSG00000287797	ENSG00000287797	GroupB_exclusive			TK18,TK91,TK92,TK93	SNV	0	4
ENSG00000287829	ENSG00000287829	GroupB_exclusive			TK12,TK91,TK92,TK93	SNV	0	4
ENSG00000287842	ENSG00000287842	GroupB_exclusive			TK10,TK91,TK92,TK93	SNV	0	4
ENSG00000287859	ENSG00000287859	GroupB_exclusive			TK18,TK91,TK92,TK93	SNV	0	4
ENSG00000287912	ENSG00000287912	GroupB_exclusive			TK10,TK91,TK92,TK93	SNV	0	4
ENSG00000287932	ENSG00000287932	GroupB_exclusive			TK18,TK91,TK92,TK93	INDEL,SNV	0	4
ENSG00000287949	ENSG00000287949	GroupB_exclusive			TK10,TK91,TK92,TK93	SNV	0	4
ENSG00000287964	ENSG00000287964	GroupB_exclusive			TK10,TK18,TK92,TK93	SNV	0	4
ENSG00000287972	ENSG00000287972	GroupB_exclusive			TK10,TK91,TK92,TK93	SNV	0	4
ENSG00000287976	ENSG00000287976	GroupB_exclusive			TK10,TK91,TK92,TK93	SNV	0	4
ENSG00000287984	ENSG00000287984	GroupB_exclusive			TK10,TK91,TK92,TK93	SNV	0	4
ENSG00000288036	ENSG00000288036	GroupB_exclusive			TK10,TK91,TK92,TK93	SNV	0	4
ENSG00000288076	ENSG00000288076	GroupB_exclusive			TK10,TK91,TK92,TK93	INDEL,SNV	0	4
ENSG00000288104	ENSG00000288104	GroupB_exclusive			TK12,TK91,TK92,TK93	SNV	0	4
ENSG00000288531	ENSG00000288531	GroupB_exclusive			TK10,TK18,TK92,TK93	SNV	0	4
ENSG00000288658	ENSG00000288658	GroupB_exclusive			TK10,TK91,TK92,TK93	SNV	0	4
ENSG00000288662	ENSG00000288662	GroupB_exclusive			TK18,TK91,TK92,TK93	INDEL,SNV	0	4
ENSG00000288667	ENSG00000288667	GroupB_exclusive			TK18,TK91,TK92,TK93	INDEL,SNV	0	4
ENSG00000288750	ENSG00000288750	GroupB_exclusive			TK10,TK91,TK92,TK93	SNV	0	4
ENSG00000288804	ENSG00000288804	GroupB_exclusive			TK10,TK91,TK92,TK93	INDEL,SNV	0	4
ENSG00000288821	ENSG00000288821	GroupB_exclusive			TK10,TK91,TK92,TK93	SNV	0	4
ENSG00000288863	ENSG00000288863	GroupB_exclusive			TK10,TK91,TK92,TK93	INDEL,SNV	0	4
ENSG00000288871	ENSG00000288871	GroupB_exclusive			TK18,TK91,TK92,TK93	SNV	0	4
ENSG00000288872	ENSG00000288872	GroupB_exclusive			TK18,TK91,TK92,TK93	SNV	0	4
ENSG00000288971	ENSG00000288971	GroupB_exclusive			TK12,TK18,TK91,TK92	SNV	0	4
ENSG00000288985	ENSG00000288985	GroupB_exclusive			TK18,TK91,TK92,TK93	SNV	0	4
ENSG00000289001	ENSG00000289001	GroupB_exclusive			TK12,TK18,TK91,TK93	INDEL,SNV	0	4
ENSG00000289012	ENSG00000289012	GroupB_exclusive			TK18,TK91,TK92,TK93	INDEL,SNV	0	4
ENSG00000289017	ENSG00000289017	GroupB_exclusive			TK10,TK91,TK92,TK93	INDEL,SNV	0	4
ENSG00000289114	ENSG00000289114	GroupB_exclusive			TK10,TK91,TK92,TK93	SNV	0	4
ENSG00000289129	ENSG00000289129	GroupB_exclusive			TK10,TK91,TK92,TK93	INDEL,SNV	0	4
ENSG00000289168	ENSG00000289168	GroupB_exclusive			TK10,TK91,TK92,TK93	SNV	0	4
ENSG00000289198	ENSG00000289198	GroupB_exclusive			TK18,TK91,TK92,TK93	SNV	0	4
ENSG00000289228	ENSG00000289228	GroupB_exclusive			TK12,TK91,TK92,TK93	INDEL,SNV	0	4
ENSG00000289236	ENSG00000289236	GroupB_exclusive			TK10,TK91,TK92,TK93	INDEL,SNV	0	4
ENSG00000289259	ENSG00000289259	GroupB_exclusive			TK10,TK18,TK91,TK93	SNV	0	4
ENSG00000289391	ENSG00000289391	GroupB_exclusive			TK12,TK18,TK92,TK93	INDEL,SNV	0	4
ENSG00000289402	ENSG00000289402	GroupB_exclusive			TK10,TK91,TK92,TK93	SNV	0	4
ENSG00000289425	ENSG00000289425	GroupB_exclusive			TK10,TK91,TK92,TK93	INDEL,SNV	0	4
ENSG00000289437	ENSG00000289437	GroupB_exclusive			TK10,TK18,TK92,TK93	SNV	0	4
ENSG00000289451	ENSG00000289451	GroupB_exclusive			TK12,TK91,TK92,TK93	SNV	0	4
ENSG00000289507	ENSG00000289507	GroupB_exclusive			TK10,TK18,TK91,TK92	SNV	0	4
ENSG00000289538	ENSG00000289538	GroupB_exclusive			TK10,TK91,TK92,TK93	SNV	0	4
ENSG00000289560	ENSG00000289560	GroupB_exclusive			TK12,TK18,TK92,TK93	SNV	0	4
ENSG00000289561	ENSG00000289561	GroupB_exclusive			TK10,TK91,TK92,TK93	INDEL,SNV	0	4
ENSG00000289581	ENSG00000289581	GroupB_exclusive			TK12,TK91,TK92,TK93	SNV	0	4
ENSG00000289582	ENSG00000289582	GroupB_exclusive			TK10,TK91,TK92,TK93	SNV	0	4
ENSG00000289587	ENSG00000289587	GroupB_exclusive			TK10,TK91,TK92,TK93	INDEL,SNV	0	4
ENSG00000289599	ENSG00000289599	GroupB_exclusive			TK18,TK91,TK92,TK93	SNV	0	4
ENSG00000289623	ENSG00000289623	GroupB_exclusive			TK10,TK18,TK91,TK92	INDEL,SNV	0	4
ENSG00000289747	ENSG00000289747	GroupB_exclusive			TK10,TK91,TK92,TK93	SNV	0	4
ENSG00000289849	ENSG00000289849	GroupB_exclusive			TK10,TK91,TK92,TK93	INDEL,SNV	0	4
ENSG00000289900	ENSG00000289900	GroupB_exclusive			TK18,TK91,TK92,TK93	SNV	0	4
ENSG00000289990	ENSG00000289990	GroupB_exclusive			TK18,TK91,TK92,TK93	SNV	0	4
ENSG00000289992	ENSG00000289992	GroupB_exclusive			TK10,TK91,TK92,TK93	INDEL,SNV	0	4
ENSG00000290005	ENSG00000290005	GroupB_exclusive			TK18,TK91,TK92,TK93	SNV	0	4
ENSG00000290043	ENSG00000290043	GroupB_exclusive			TK10,TK12,TK92,TK93	SNV	0	4
ENSG00000290045	ENSG00000290045	GroupB_exclusive			TK10,TK91,TK92,TK93	INDEL,SNV	0	4
ENSG00000290096	ENSG00000290096	GroupB_exclusive			TK18,TK91,TK92,TK93	SNV	0	4
ENSG00000290107	ENSG00000290107	GroupB_exclusive			TK10,TK91,TK92,TK93	SNV	0	4
ENSG00000290117	ENSG00000290117	GroupB_exclusive			TK12,TK18,TK91,TK92	SNV	0	4
ENSG00000290357	ENSG00000290357	GroupB_exclusive			TK10,TK91,TK92,TK93	INDEL,SNV	0	4
ENSG00000290399	ENSG00000290399	GroupB_exclusive			TK10,TK91,TK92,TK93	SNV	0	4
ENSG00000290438	ENSG00000290438	GroupB_exclusive			TK10,TK91,TK92,TK93	SNV	0	4
ENSG00000290620	ENSG00000290620	GroupB_exclusive			TK10,TK91,TK92,TK93	SNV	0	4
ENSG00000290736	ENSG00000290736	GroupB_exclusive			TK12,TK91,TK92,TK93	INDEL,SNV	0	4
ENSG00000290829	ENSG00000290829	GroupB_exclusive			TK10,TK91,TK92,TK93	INDEL,SNV	0	4
ENSG00000290879	ENSG00000290879	GroupB_exclusive			TK18,TK91,TK92,TK93	INDEL,SNV	0	4
ENSG00000290995	ENSG00000290995	GroupB_exclusive			TK12,TK18,TK91,TK93	SNV	0	4
ENSG00000291131	ENSG00000291131	GroupB_exclusive			TK12,TK91,TK92,TK93	INDEL,SNV	0	4
ENSG00000291259	ENSG00000291259	GroupB_exclusive			TK10,TK91,TK92,TK93	INDEL,SNV	0	4
ENSG00000291314	ENSG00000291314	GroupB_exclusive			TK12,TK18,TK91,TK93	INDEL,SNV	0	4
ENSG00000163508	EOMES	GroupB_exclusive			TK10,TK91,TK92,TK93	INDEL,SNV	0	4
ENSG00000229153	EPHA1-AS1	GroupB_exclusive			TK18,TK91,TK92,TK93	INDEL,SNV	0	4
ENSG00000044524	EPHA3	GroupB_exclusive			TK18,TK91,TK92,TK93	SNV	0	4
ENSG00000133216	EPHB2	GroupB_exclusive			TK10,TK91,TK92,TK93	SNV	0	4
ENSG00000112425	EPM2A	GroupB_exclusive			TK10,TK91,TK92,TK93	INDEL,SNV	0	4
ENSG00000232757	ETF1P1	GroupB_exclusive			TK10,TK91,TK92,TK93	INDEL,SNV	0	4
ENSG00000240132	ETF1P2	GroupB_exclusive			TK12,TK91,TK92,TK93	SNV	0	4
ENSG00000157557	ETS2	GroupB_exclusive			TK10,TK91,TK92,TK93	INDEL,SNV	0	4
ENSG00000231172	EVA1A-AS	GroupB_exclusive			TK10,TK91,TK92,TK93	SNV	0	4
ENSG00000012232	EXTL3	GroupB_exclusive			TK10,TK91,TK92,TK93	INDEL,SNV	0	4
ENSG00000231300	EZH2P1	GroupB_exclusive			TK10,TK91,TK92,TK93	SNV	0	4
ENSG00000283709	FAM238C	GroupB_exclusive			TK10,TK91,TK92,TK93	SNV	0	4
ENSG00000152767	FARP1	GroupB_exclusive			TK10,TK91,TK92,TK93	INDEL,SNV	0	4
ENSG00000181741	FDX1P1	GroupB_exclusive			TK18,TK91,TK92,TK93	SNV	0	4
ENSG00000276399	FLJ36000	GroupB_exclusive			TK10,TK91,TK92,TK93	SNV	0	4
ENSG00000129514	FOXA1	GroupB_exclusive			TK10,TK91,TK92,TK93	INDEL,SNV	0	4
ENSG00000171956	FOXB1	GroupB_exclusive			TK12,TK91,TK92,TK93	INDEL,SNV	0	4
ENSG00000273514	FOXD4L6	GroupB_exclusive			TK10,TK91,TK92,TK93	SNV	0	4
ENSG00000103241	FOXF1	GroupB_exclusive			TK10,TK91,TK92,TK93	INDEL,SNV	0	4
ENSG00000242094	FOXP1-IT1	GroupB_exclusive			TK18,TK91,TK92,TK93	SNV	0	4
ENSG00000234753	FOXP4-AS1	GroupB_exclusive			TK10,TK18,TK91,TK92	SNV	0	4
ENSG00000225899	FRG2B	GroupB_exclusive			TK18,TK91,TK92,TK93	SNV	0	4
ENSG00000227942	FRMD8P1	GroupB_exclusive			TK10,TK91,TK92,TK93	INDEL,SNV	0	4
ENSG00000033170	FUT8	GroupB_exclusive			TK18,TK91,TK92,TK93	SNV	0	4
ENSG00000246523	FZD4-DT	GroupB_exclusive			TK10,TK91,TK92,TK93	INDEL,SNV	0	4
ENSG00000257636	G2E3-AS1	GroupB_exclusive			TK18,TK91,TK92,TK93	SNV	0	4
ENSG00000219881	GAPDHP42	GroupB_exclusive			TK10,TK12,TK91,TK93	SNV	0	4
ENSG00000172717	GARIN2	GroupB_exclusive			TK18,TK91,TK92,TK93	SNV	0	4
ENSG00000102145	GATA1	GroupB_exclusive			TK10,TK91,TK92,TK93	SNV	0	4
ENSG00000256171	GCSHP4	GroupB_exclusive			TK12,TK91,TK92,TK93	SNV	0	4
ENSG00000006625	GGCT	GroupB_exclusive			TK10,TK91,TK92,TK93	SNV	0	4
ENSG00000100121	GGTLC2	GroupB_exclusive			TK10,TK91,TK92,TK93	SNV	0	4
ENSG00000228322	GLIS3-AS2	GroupB_exclusive			TK18,TK91,TK92,TK93	INDEL,SNV	0	4
ENSG00000246379	GNAO1-DT	GroupB_exclusive			TK10,TK12,TK92,TK93	SNV	0	4
ENSG00000214077	GNAQP1	GroupB_exclusive			TK12,TK91,TK92,TK93	SNV	0	4
ENSG00000259169	GNRHR2P1	GroupB_exclusive			TK18,TK91,TK92,TK93	SNV	0	4
ENSG00000076716	GPC4	GroupB_exclusive			TK10,TK91,TK92,TK93	INDEL,SNV	0	4
ENSG00000232374	GPR79	GroupB_exclusive			TK10,TK91,TK92,TK93	SNV	0	4
ENSG00000171657	GPR82	GroupB_exclusive			TK10,TK91,TK92,TK93	SNV	0	4
ENSG00000258086	GPR84-AS1	GroupB_exclusive			TK18,TK91,TK92,TK93	SNV	0	4
ENSG00000182771	GRID1	GroupB_exclusive			TK10,TK91,TK92,TK93	SNV	0	4
ENSG00000228485	GRK5-IT1	GroupB_exclusive			TK12,TK91,TK92,TK93	SNV	0	4
ENSG00000266736	GTF2IP6	GroupB_exclusive			TK18,TK91,TK92,TK93	SNV	0	4
ENSG00000251451	GTF2IP9	GroupB_exclusive			TK10,TK91,TK92,TK93	SNV	0	4
ENSG00000172986	GXYLT2	GroupB_exclusive			TK10,TK91,TK92,TK93	SNV	0	4
ENSG00000188662	H1-9P	GroupB_exclusive			TK10,TK12,TK18,TK91	SNV	0	4
ENSG00000277075	H2AC8	GroupB_exclusive			TK18,TK91,TK92,TK93	SNV	0	4
ENSG00000258741	H2AZ2P1	GroupB_exclusive			TK10,TK91,TK92,TK93	SNV	0	4
ENSG00000213440	H2AZP1	GroupB_exclusive			TK10,TK91,TK92,TK93	INDEL,SNV	0	4
ENSG00000291123	H2BP1	GroupB_exclusive			TK18,TK91,TK92,TK93	SNV	0	4
ENSG00000278637	H4C1	GroupB_exclusive			TK10,TK12,TK91,TK92	SNV	0	4
ENSG00000112406	HECA	GroupB_exclusive			TK10,TK91,TK92,TK93	INDEL,SNV	0	4
ENSG00000257551	HLX-AS1	GroupB_exclusive			TK10,TK91,TK92,TK93	SNV	0	4
ENSG00000197301	HMGA2-AS1	GroupB_exclusive			TK10,TK91,TK92,TK93	INDEL,SNV	0	4
ENSG00000212769	HMGN2P8	GroupB_exclusive			TK10,TK18,TK91,TK92	SNV	0	4
ENSG00000241388	HNF1A-AS1	GroupB_exclusive			TK10,TK91,TK92,TK93	INDEL,SNV	0	4
ENSG00000231942	HNRNPA1P36	GroupB_exclusive			TK10,TK91,TK92,TK93	SNV	0	4
ENSG00000260689	HNRNPA3P11	GroupB_exclusive			TK10,TK91,TK92,TK93	INDEL,SNV	0	4
ENSG00000233503	HNRNPLP1	GroupB_exclusive			TK12,TK91,TK92,TK93	SNV	0	4
ENSG00000197576	HOXA4	GroupB_exclusive			TK10,TK91,TK92,TK93	SNV	0	4
ENSG00000163106	HPGDS	GroupB_exclusive			TK10,TK91,TK92,TK93	SNV	0	4
ENSG00000153936	HS2ST1	GroupB_exclusive			TK10,TK91,TK92,TK93	INDEL,SNV	0	4
ENSG00000122254	HS3ST2	GroupB_exclusive			TK10,TK91,TK92,TK93	INDEL,SNV	0	4
ENSG00000185352	HS6ST3	GroupB_exclusive			TK10,TK91,TK92,TK93	INDEL,SNV	0	4
ENSG00000176160	HSF5	GroupB_exclusive			TK10,TK91,TK92,TK93	INDEL,SNV	0	4
ENSG00000230216	HSPB1P2	GroupB_exclusive			TK10,TK18,TK91,TK92	SNV	0	4
ENSG00000275811	HTR1DP1	GroupB_exclusive			TK10,TK91,TK92,TK93	SNV	0	4
ENSG00000251075	HTT-AS	GroupB_exclusive			TK10,TK91,TK92,TK93	INDEL,SNV	0	4
ENSG00000121351	IAPP	GroupB_exclusive			TK12,TK91,TK92,TK93	INDEL,SNV	0	4
ENSG00000163915	IGF2BP2-AS1	GroupB_exclusive			TK10,TK91,TK92,TK93	SNV	0	4
ENSG00000254017	IGHEP2	GroupB_exclusive			TK12,TK91,TK92,TK93	SNV	0	4
ENSG00000237206	IMPDH1P4	GroupB_exclusive			TK10,TK18,TK92,TK93	SNV	0	4
ENSG00000213513	IMPDH1P5	GroupB_exclusive			TK10,TK91,TK92,TK93	SNV	0	4
ENSG00000132321	IQCA1	GroupB_exclusive			TK12,TK91,TK92,TK93	SNV	0	4
ENSG00000259663	ISL1-DT	GroupB_exclusive			TK10,TK91,TK92,TK93	INDEL,SNV	0	4
ENSG00000164171	ITGA2	GroupB_exclusive			TK10,TK91,TK92,TK93	INDEL,SNV	0	4
ENSG00000160593	JAML	GroupB_exclusive			TK10,TK12,TK92,TK93	SNV	0	4
ENSG00000160145	KALRN	GroupB_exclusive			TK10,TK91,TK92,TK93	SNV	0	4
ENSG00000131398	KCNC3	GroupB_exclusive			TK10,TK91,TK92,TK93	INDEL,SNV	0	4
ENSG00000233996	KDM3AP1	GroupB_exclusive			TK10,TK91,TK92,TK93	SNV	0	4
ENSG00000250686	KHDRBS2-OT1	GroupB_exclusive			TK10,TK91,TK92,TK93	INDEL,SNV	0	4
ENSG00000197077	KIAA1671	GroupB_exclusive			TK10,TK91,TK92,TK93	INDEL,SNV	0	4
ENSG00000066735	KIF26A	GroupB_exclusive			TK10,TK91,TK92,TK93	SNV	0	4
ENSG00000257271	KIRREL3-AS1	GroupB_exclusive			TK10,TK91,TK92,TK93	SNV	0	4
ENSG00000049130	KITLG	GroupB_exclusive			TK12,TK91,TK92,TK93	SNV	0	4
ENSG00000231160	KLF3-AS1	GroupB_exclusive			TK10,TK12,TK92,TK93	SNV	0	4
ENSG00000136826	KLF4	GroupB_exclusive			TK10,TK91,TK92,TK93	SNV	0	4
ENSG00000230572	KMT2CP5	GroupB_exclusive			TK10,TK91,TK92,TK93	SNV	0	4
ENSG00000242583	KMT5AP3	GroupB_exclusive			TK10,TK12,TK91,TK92	INDEL,SNV	0	4
ENSG00000115919	KYNU	GroupB_exclusive			TK10,TK91,TK92,TK93	INDEL,SNV	0	4
ENSG00000100395	L3MBTL2	GroupB_exclusive			TK12,TK91,TK92,TK93	SNV	0	4
ENSG00000234281	LANCL1-AS1	GroupB_exclusive			TK10,TK91,TK92,TK93	INDEL,SNV	0	4
ENSG00000224973	LARGE-AS1	GroupB_exclusive			TK12,TK91,TK92,TK93	INDEL,SNV	0	4
ENSG00000229869	LARP4B-DT	GroupB_exclusive			TK10,TK91,TK92,TK93	INDEL,SNV	0	4
ENSG00000261315	LARP4P	GroupB_exclusive			TK12,TK91,TK92,TK93	INDEL,SNV	0	4
ENSG00000204001	LCN8	GroupB_exclusive			TK10,TK91,TK92,TK93	INDEL,SNV	0	4
ENSG00000179241	LDLRAD3	GroupB_exclusive			TK10,TK91,TK92,TK93	SNV	0	4
ENSG00000168675	LDLRAD4	GroupB_exclusive			TK10,TK91,TK92,TK93	INDEL,SNV	0	4
ENSG00000267690	LDLRAD4-AS1	GroupB_exclusive			TK10,TK91,TK92,TK93	INDEL,SNV	0	4
ENSG00000116977	LGALS8	GroupB_exclusive			TK18,TK91,TK92,TK93	SNV	0	4
ENSG00000183722	LHFPL6	GroupB_exclusive			TK10,TK91,TK92,TK93	INDEL,SNV	0	4
ENSG00000064042	LIMCH1	GroupB_exclusive			TK10,TK91,TK92,TK93	INDEL,SNV	0	4
ENSG00000131914	LIN28A	GroupB_exclusive			TK10,TK91,TK92,TK93	SNV	0	4
ENSG00000230323	LINC00159	GroupB_exclusive			TK18,TK91,TK92,TK93	INDEL,SNV	0	4
ENSG00000184856	LINC00308	GroupB_exclusive			TK18,TK91,TK92,TK93	INDEL,SNV	0	4
ENSG00000226620	LINC00343	GroupB_exclusive			TK10,TK91,TK92,TK93	SNV	0	4
ENSG00000225316	LINC00350	GroupB_exclusive			TK10,TK91,TK92,TK93	INDEL,SNV	0	4
ENSG00000231019	LINC00373	GroupB_exclusive			TK10,TK18,TK91,TK92	SNV	0	4
ENSG00000235221	LINC00383	GroupB_exclusive			TK12,TK91,TK92,TK93	INDEL,SNV	0	4
ENSG00000281392	LINC00506	GroupB_exclusive			TK10,TK91,TK92,TK93	SNV	0	4
ENSG00000215483	LINC00598	GroupB_exclusive			TK10,TK91,TK92,TK93	SNV	0	4
ENSG00000262619	LINC00621	GroupB_exclusive			TK10,TK91,TK92,TK93	SNV	0	4
ENSG00000258479	LINC00640	GroupB_exclusive			TK10,TK18,TK92,TK93	SNV	0	4
ENSG00000254934	LINC00678	GroupB_exclusive			TK10,TK91,TK92,TK93	SNV	0	4
ENSG00000224805	LINC00853	GroupB_exclusive			TK10,TK91,TK92,TK93	INDEL,SNV	0	4
ENSG00000203721	LINC00862	GroupB_exclusive			TK10,TK91,TK92,TK93	INDEL,SNV	0	4
ENSG00000259361	LINC00927	GroupB_exclusive			TK10,TK91,TK92,TK93	INDEL,SNV	0	4
ENSG00000236133	LINC01069	GroupB_exclusive			TK10,TK12,TK91,TK92	SNV	0	4
ENSG00000249464	LINC01091	GroupB_exclusive			TK12,TK91,TK92,TK93	SNV	0	4
ENSG00000254300	LINC01111	GroupB_exclusive			TK18,TK91,TK92,TK93	INDEL,SNV	0	4
ENSG00000224577	LINC01117	GroupB_exclusive			TK12,TK91,TK92,TK93	INDEL,SNV	0	4
ENSG00000228659	LINC01201	GroupB_exclusive			TK18,TK91,TK92,TK93	INDEL,SNV	0	4
ENSG00000234840	LINC01239	GroupB_exclusive			TK10,TK91,TK92,TK93	INDEL,SNV	0	4
ENSG00000230317	LINC01284	GroupB_exclusive			TK10,TK91,TK92,TK93	SNV	0	4
ENSG00000260468	LINC01290	GroupB_exclusive			TK10,TK91,TK92,TK93	INDEL,SNV	0	4
ENSG00000248555	LINC01339	GroupB_exclusive			TK18,TK91,TK92,TK93	SNV	0	4
ENSG00000250331	LINC01340	GroupB_exclusive			TK10,TK91,TK92,TK93	INDEL,SNV	0	4
ENSG00000231768	LINC01354	GroupB_exclusive			TK12,TK18,TK92,TK93	SNV	0	4
ENSG00000264301	LINC01444	GroupB_exclusive			TK18,TK91,TK92,TK93	SNV	0	4
ENSG00000255772	LINC01479	GroupB_exclusive			TK10,TK91,TK92,TK93	SNV	0	4
ENSG00000258583	LINC01500	GroupB_exclusive			TK10,TK91,TK92,TK93	SNV	0	4
ENSG00000186960	LINC01551	GroupB_exclusive			TK10,TK91,TK92,TK93	INDEL,SNV	0	4
ENSG00000205611	LINC01597	GroupB_exclusive			TK10,TK91,TK92,TK93	SNV	0	4
ENSG00000253479	LINC01603	GroupB_exclusive			TK10,TK91,TK92,TK93	INDEL,SNV	0	4
ENSG00000250266	LINC01612	GroupB_exclusive			TK10,TK91,TK92,TK93	SNV	0	4
ENSG00000227115	LINC01630	GroupB_exclusive			TK18,TK91,TK92,TK93	SNV	0	4
ENSG00000280081	LINC01667	GroupB_exclusive			TK10,TK91,TK92,TK93	INDEL,SNV	0	4
ENSG00000234142	LINC01675	GroupB_exclusive			TK10,TK91,TK92,TK93	INDEL,SNV	0	4
ENSG00000224857	LINC01691	GroupB_exclusive			TK10,TK91,TK92,TK93	INDEL,SNV	0	4
ENSG00000233922	LINC01694	GroupB_exclusive			TK10,TK91,TK92,TK93	INDEL,SNV	0	4
ENSG00000225657	LINC01716	GroupB_exclusive			TK18,TK91,TK92,TK93	INDEL,SNV	0	4
ENSG00000232812	LINC01717	GroupB_exclusive			TK10,TK91,TK92,TK93	SNV	0	4
ENSG00000230523	LINC01756	GroupB_exclusive			TK10,TK91,TK92,TK93	INDEL,SNV	0	4
ENSG00000204460	LINC01854	GroupB_exclusive			TK10,TK91,TK92,TK93	SNV	0	4
ENSG00000234148	LINC01961	GroupB_exclusive			TK18,TK91,TK92,TK93	SNV	0	4
ENSG00000231574	LINC02015	GroupB_exclusive			TK10,TK91,TK92,TK93	SNV	0	4
ENSG00000240893	LINC02042	GroupB_exclusive			TK10,TK91,TK92,TK93	SNV	0	4
ENSG00000241696	LINC02053	GroupB_exclusive			TK18,TK91,TK92,TK93	INDEL,SNV	0	4
ENSG00000250156	LINC02060	GroupB_exclusive			TK10,TK91,TK92,TK93	SNV	0	4
ENSG00000248846	LINC02065	GroupB_exclusive			TK18,TK91,TK92,TK93	SNV	0	4
ENSG00000248757	LINC02115	GroupB_exclusive			TK12,TK91,TK92,TK93	SNV	0	4
ENSG00000248539	LINC02117	GroupB_exclusive			TK18,TK91,TK92,TK93	SNV	0	4
ENSG00000261325	LINC02192	GroupB_exclusive			TK12,TK91,TK92,TK93	SNV	0	4
ENSG00000248457	LINC02220	GroupB_exclusive			TK10,TK91,TK92,TK93	SNV	0	4
ENSG00000249203	LINC02224	GroupB_exclusive			TK10,TK91,TK92,TK93	SNV	0	4
ENSG00000276778	LINC02227	GroupB_exclusive			TK10,TK91,TK92,TK93	SNV	0	4
ENSG00000259590	LINC02244	GroupB_exclusive			TK10,TK91,TK92,TK93	SNV	0	4
ENSG00000250708	LINC02269	GroupB_exclusive			TK10,TK91,TK92,TK93	SNV	0	4
ENSG00000246548	LINC02288	GroupB_exclusive			TK18,TK91,TK92,TK93	SNV	0	4
ENSG00000258502	LINC02290	GroupB_exclusive			TK10,TK91,TK92,TK93	SNV	0	4
ENSG00000258175	LINC02300	GroupB_exclusive			TK10,TK91,TK92,TK93	SNV	0	4
ENSG00000257986	LINC02306	GroupB_exclusive			TK10,TK91,TK92,TK93	SNV	0	4
ENSG00000277987	LINC02351	GroupB_exclusive			TK10,TK91,TK92,TK93	SNV	0	4
ENSG00000248300	LINC02360	GroupB_exclusive			TK10,TK91,TK92,TK93	SNV	0	4
ENSG00000256287	LINC02398	GroupB_exclusive			TK18,TK91,TK92,TK93	INDEL,SNV	0	4
ENSG00000227012	LINC02527	GroupB_exclusive			TK12,TK91,TK92,TK93	SNV	0	4
ENSG00000226497	LINC02549	GroupB_exclusive			TK10,TK91,TK92,TK93	INDEL,SNV	0	4
ENSG00000236611	LINC02556	GroupB_exclusive			TK10,TK91,TK92,TK93	SNV	0	4
ENSG00000256166	LINC02571	GroupB_exclusive			TK18,TK91,TK92,TK93	INDEL,SNV	0	4
ENSG00000255666	LINC02700	GroupB_exclusive			TK10,TK91,TK92,TK93	SNV	0	4
ENSG00000237937	LINC02702	GroupB_exclusive			TK18,TK91,TK92,TK93	SNV	0	4
ENSG00000205106	LINC02716	GroupB_exclusive			TK10,TK91,TK92,TK93	SNV	0	4
ENSG00000255382	LINC02734	GroupB_exclusive			TK18,TK91,TK92,TK93	SNV	0	4
ENSG00000226822	LINC02785	GroupB_exclusive			TK10,TK12,TK91,TK92	SNV	0	4
ENSG00000205086	LINC02898	GroupB_exclusive			TK10,TK18,TK92,TK93	SNV	0	4
ENSG00000279847	LINC02906	GroupB_exclusive			TK12,TK91,TK92,TK93	SNV	0	4
ENSG00000176659	LINC02910	GroupB_exclusive			TK10,TK91,TK92,TK93	INDEL,SNV	0	4
ENSG00000237074	LINC02942	GroupB_exclusive			TK10,TK91,TK92,TK93	INDEL,SNV	0	4
ENSG00000253182	LINC02948	GroupB_exclusive			TK18,TK91,TK92,TK93	SNV	0	4
ENSG00000256995	LINC02955	GroupB_exclusive			TK10,TK91,TK92,TK93	SNV	0	4
ENSG00000285554	LINC02988	GroupB_exclusive			TK10,TK12,TK91,TK93	SNV	0	4
ENSG00000287750	LINC03026	GroupB_exclusive			TK10,TK18,TK91,TK92	INDEL,SNV	0	4
ENSG00000234222	LIX1L-AS1	GroupB_exclusive			TK12,TK18,TK92,TK93	INDEL,SNV	0	4
ENSG00000240032	LNCSRLR	GroupB_exclusive			TK10,TK91,TK92,TK93	INDEL,SNV	0	4
ENSG00000198121	LPAR1	GroupB_exclusive			TK18,TK91,TK92,TK93	SNV	0	4
ENSG00000121207	LRAT	GroupB_exclusive			TK10,TK91,TK92,TK93	SNV	0	4
ENSG00000168904	LRRC28	GroupB_exclusive			TK10,TK91,TK92,TK93	SNV	0	4
ENSG00000179796	LRRC3B	GroupB_exclusive			TK10,TK91,TK92,TK93	SNV	0	4
ENSG00000033122	LRRC7	GroupB_exclusive			TK18,TK91,TK92,TK93	SNV	0	4
ENSG00000161036	LRWD1	GroupB_exclusive			TK10,TK12,TK92,TK93	SNV	0	4
ENSG00000240922	LSAMP-AS1	GroupB_exclusive			TK18,TK91,TK92,TK93	SNV	0	4
ENSG00000150551	LYPD1	GroupB_exclusive			TK12,TK91,TK92,TK93	SNV	0	4
ENSG00000187123	LYPD6	GroupB_exclusive			TK18,TK91,TK92,TK93	INDEL,SNV	0	4
ENSG00000140280	LYSMD2	GroupB_exclusive			TK10,TK91,TK92,TK93	SNV	0	4
ENSG00000181541	MAB21L2	GroupB_exclusive			TK12,TK91,TK92,TK93	SNV	0	4
ENSG00000204103	MAFB	GroupB_exclusive			TK10,TK91,TK92,TK93	INDEL,SNV	0	4
ENSG00000240175	MAGI1-AS1	GroupB_exclusive			TK10,TK91,TK92,TK93	INDEL,SNV	0	4
ENSG00000147676	MAL2	GroupB_exclusive			TK10,TK91,TK92,TK93	INDEL,SNV	0	4
ENSG00000141639	MAPK4	GroupB_exclusive			TK10,TK91,TK92,TK93	SNV	0	4
ENSG00000206144	MAPK6P1	GroupB_exclusive			TK10,TK91,TK92,TK93	INDEL,SNV	0	4
ENSG00000254185	MAPK6P5	GroupB_exclusive			TK18,TK91,TK92,TK93	SNV	0	4
ENSG00000089022	MAPKAPK5	GroupB_exclusive			TK10,TK18,TK91,TK92	SNV	0	4
ENSG00000205500	MAPRE3-AS1	GroupB_exclusive			TK10,TK91,TK92,TK93	INDEL,SNV	0	4
ENSG00000213277	MARCKSL1P1	GroupB_exclusive			TK10,TK12,TK92,TK93	SNV	0	4
ENSG00000012174	MBTPS2	GroupB_exclusive			TK10,TK18,TK92,TK93	SNV	0	4
ENSG00000204511	MCCD1	GroupB_exclusive			TK18,TK91,TK92,TK93	SNV	0	4
ENSG00000139780	METTL21C	GroupB_exclusive			TK18,TK91,TK92,TK93	SNV	0	4
ENSG00000085871	MGST2	GroupB_exclusive			TK10,TK91,TK92,TK93	INDEL,SNV	0	4
ENSG00000221552	MIR1303	GroupB_exclusive			TK12,TK91,TK92,TK93	INDEL,SNV	0	4
ENSG00000253522	MIR3142HG	GroupB_exclusive			TK18,TK91,TK92,TK93	INDEL,SNV	0	4
ENSG00000260653	MIR3147HG	GroupB_exclusive			TK10,TK91,TK92,TK93	SNV	0	4
ENSG00000264107	MIR4733HG	GroupB_exclusive			TK10,TK12,TK92,TK93	SNV	0	4
ENSG00000283798	MIR630	GroupB_exclusive			TK10,TK91,TK92,TK93	INDEL	0	4
ENSG00000275360	MIR6868	GroupB_exclusive			TK18,TK91,TK92,TK93	SNV	0	4
ENSG00000277402	MIR6891	GroupB_exclusive			TK18,TK91,TK92,TK93	SNV	0	4
ENSG00000256681	MIX23P5	GroupB_exclusive			TK12,TK91,TK92,TK93	INDEL,SNV	0	4
ENSG00000254912	MPHOSPH10P2	GroupB_exclusive			TK18,TK91,TK92,TK93	INDEL,SNV	0	4
ENSG00000251141	MRPS30-DT	GroupB_exclusive			TK10,TK91,TK92,TK93	SNV	0	4
ENSG00000102738	MRPS31	GroupB_exclusive			TK12,TK91,TK92,TK93	SNV	0	4
ENSG00000250748	MSRB3-AS1	GroupB_exclusive			TK10,TK91,TK92,TK93	SNV	0	4
ENSG00000244921	MTCYBP18	GroupB_exclusive			TK12,TK91,TK92,TK93	SNV	0	4
ENSG00000227321	MTND4P15	GroupB_exclusive			TK12,TK18,TK91,TK92	SNV	0	4
ENSG00000168631	MUCL3	GroupB_exclusive			TK18,TK91,TK92,TK93	SNV	0	4
ENSG00000196586	MYO6	GroupB_exclusive			TK10,TK91,TK92,TK93	INDEL,SNV	0	4
ENSG00000277628	Metazoa_SRP	GroupB_exclusive			TK18,TK91,TK92,TK93	INDEL,SNV	0	4
ENSG00000248477	NAIPP3	GroupB_exclusive			TK10,TK91,TK92,TK93	INDEL,SNV	0	4
ENSG00000233009	NALCN-AS1	GroupB_exclusive			TK18,TK91,TK92,TK93	INDEL,SNV	0	4
ENSG00000187556	NANOS3	GroupB_exclusive			TK10,TK12,TK92,TK93	SNV	0	4
ENSG00000144035	NAT8	GroupB_exclusive			TK18,TK91,TK92,TK93	SNV	0	4
ENSG00000227487	NCAM1-AS1	GroupB_exclusive			TK18,TK91,TK92,TK93	SNV	0	4
ENSG00000198646	NCOA6	GroupB_exclusive			TK10,TK91,TK92,TK93	SNV	0	4
ENSG00000253454	NDUFA5P2	GroupB_exclusive			TK10,TK91,TK92,TK93	SNV	0	4
ENSG00000165246	NLGN4Y	GroupB_exclusive			TK10,TK91,TK92,TK93	SNV	0	4
ENSG00000204393	NOL4L-DT	GroupB_exclusive			TK10,TK91,TK92,TK93	SNV	0	4
ENSG00000274615	NPEPPSP1	GroupB_exclusive			TK12,TK91,TK92,TK93	INDEL,SNV	0	4
ENSG00000214967	NPIPA7	GroupB_exclusive			TK12,TK91,TK92,TK93	INDEL,SNV	0	4
ENSG00000131408	NR1H2	GroupB_exclusive			TK10,TK91,TK92,TK93	INDEL,SNV	0	4
ENSG00000233725	NRAD1	GroupB_exclusive			TK18,TK91,TK92,TK93	SNV	0	4
ENSG00000250095	NREP-AS1	GroupB_exclusive			TK18,TK91,TK92,TK93	INDEL,SNV	0	4
ENSG00000157168	NRG1	GroupB_exclusive			TK10,TK91,TK92,TK93	INDEL,SNV	0	4
ENSG00000235613	NSRP1P1	GroupB_exclusive			TK10,TK91,TK92,TK93	INDEL,SNV	0	4
ENSG00000151413	NUBPL	GroupB_exclusive			TK10,TK91,TK92,TK93	SNV	0	4
ENSG00000126883	NUP214	GroupB_exclusive			TK10,TK91,TK92,TK93	INDEL,SNV	0	4
ENSG00000234685	NUS1P2	GroupB_exclusive			TK10,TK91,TK92,TK93	SNV	0	4
ENSG00000089127	OAS1	GroupB_exclusive			TK10,TK91,TK92,TK93	SNV	0	4
ENSG00000224295	OLFM5P	GroupB_exclusive			TK10,TK91,TK92,TK93	SNV	0	4
ENSG00000127083	OMD	GroupB_exclusive			TK12,TK91,TK92,TK93	INDEL,SNV	0	4
ENSG00000188712	OR13D3P	GroupB_exclusive			TK18,TK91,TK92,TK93	SNV	0	4
ENSG00000177275	OR2AJ1	GroupB_exclusive			TK10,TK91,TK92,TK93	SNV	0	4
ENSG00000238243	OR2W3	GroupB_exclusive			TK10,TK91,TK92,TK93	SNV	0	4
ENSG00000141194	OR4D1	GroupB_exclusive			TK10,TK91,TK92,TK93	SNV	0	4
ENSG00000279012	OR51B2	GroupB_exclusive			TK10,TK91,TK92,TK93	SNV	0	4
ENSG00000256420	OSBPL9P4	GroupB_exclusive			TK12,TK91,TK92,TK93	SNV	0	4
ENSG00000226801	OSTCP8	GroupB_exclusive			TK10,TK91,TK92,TK93	SNV	0	4
ENSG00000225764	P3H2-AS1	GroupB_exclusive			TK12,TK91,TK92,TK93	SNV	0	4
ENSG00000070756	PABPC1	GroupB_exclusive			TK10,TK91,TK92,TK93	SNV	0	4
ENSG00000231707	PABPC1P1	GroupB_exclusive			TK10,TK91,TK92,TK93	SNV	0	4
ENSG00000213018	PABPN1P1	GroupB_exclusive			TK10,TK91,TK92,TK93	SNV	0	4
ENSG00000255875	PABPN1P2	GroupB_exclusive			TK18,TK91,TK92,TK93	SNV	0	4
ENSG00000231806	PCAT7	GroupB_exclusive			TK10,TK18,TK91,TK92	INDEL,SNV	0	4
ENSG00000138650	PCDH10	GroupB_exclusive			TK10,TK91,TK92,TK93	INDEL,SNV	0	4
ENSG00000113211	PCDHB6	GroupB_exclusive			TK10,TK18,TK91,TK92	SNV	0	4
ENSG00000242419	PCDHGC4	GroupB_exclusive			TK18,TK91,TK92,TK93	SNV	0	4
ENSG00000248925	PDCD6-DT	GroupB_exclusive			TK18,TK91,TK92,TK93	INDEL,SNV	0	4
ENSG00000113231	PDE8B	GroupB_exclusive			TK10,TK91,TK92,TK93	SNV	0	4
ENSG00000145431	PDGFC	GroupB_exclusive			TK10,TK91,TK92,TK93	INDEL,SNV	0	4
ENSG00000233896	PDYN-AS1	GroupB_exclusive			TK10,TK91,TK92,TK93	SNV	0	4
ENSG00000233328	PFN1P1	GroupB_exclusive			TK12,TK18,TK91,TK93	SNV	0	4
ENSG00000154330	PGM5	GroupB_exclusive			TK18,TK91,TK92,TK93	SNV	0	4
ENSG00000282728	PGR-AS1	GroupB_exclusive			TK10,TK91,TK92,TK93	INDEL,SNV	0	4
ENSG00000231944	PHKA1-AS1	GroupB_exclusive			TK10,TK91,TK92,TK93	SNV	0	4
ENSG00000285122	PIGY-DT	GroupB_exclusive			TK10,TK91,TK92,TK93	INDEL,SNV	0	4
ENSG00000136275	PKD1L1-AS1	GroupB_exclusive			TK10,TK91,TK92,TK93	SNV	0	4
ENSG00000261419	PLA2G10DP	GroupB_exclusive			TK18,TK91,TK92,TK93	SNV	0	4
ENSG00000182621	PLCB1	GroupB_exclusive			TK10,TK91,TK92,TK93	SNV	0	4
ENSG00000240891	PLCXD2	GroupB_exclusive			TK10,TK91,TK92,TK93	INDEL,SNV	0	4
ENSG00000152952	PLOD2	GroupB_exclusive			TK10,TK91,TK92,TK93	SNV	0	4
ENSG00000241350	PMS2P11	GroupB_exclusive			TK10,TK12,TK18,TK92	SNV	0	4
ENSG00000070501	POLB	GroupB_exclusive			TK10,TK91,TK92,TK93	INDEL,SNV	0	4
ENSG00000122678	POLM	GroupB_exclusive			TK10,TK12,TK18,TK93	INDEL,SNV	0	4
ENSG00000237872	POU5F1P4	GroupB_exclusive			TK10,TK91,TK92,TK93	SNV	0	4
ENSG00000110841	PPFIBP1	GroupB_exclusive			TK12,TK91,TK92,TK93	INDEL,SNV	0	4
ENSG00000236197	PPP1R9A-AS1	GroupB_exclusive			TK18,TK91,TK92,TK93	INDEL,SNV	0	4
ENSG00000221988	PPT2	GroupB_exclusive			TK10,TK12,TK91,TK92	SNV	0	4
ENSG00000248719	PRDM8-AS1	GroupB_exclusive			TK12,TK91,TK92,TK93	INDEL,SNV	0	4
ENSG00000283453	PRIM2BP	GroupB_exclusive			TK10,TK91,TK92,TK93	SNV	0	4
ENSG00000154229	PRKCA	GroupB_exclusive			TK10,TK91,TK92,TK93	INDEL,SNV	0	4
ENSG00000264630	PRKCA-AS1	GroupB_exclusive			TK10,TK91,TK92,TK93	INDEL,SNV	0	4
ENSG00000117707	PROX1	GroupB_exclusive			TK10,TK91,TK92,TK93	SNV	0	4
ENSG00000254884	PRR13P2	GroupB_exclusive			TK12,TK91,TK92,TK93	SNV	0	4
ENSG00000230787	PSAT1P3	GroupB_exclusive			TK10,TK91,TK92,TK93	INDEL,SNV	0	4
ENSG00000204538	PSORS1C2	GroupB_exclusive			TK10,TK91,TK92,TK93	SNV	0	4
ENSG00000250031	PTPN11P2	GroupB_exclusive			TK10,TK91,TK92,TK93	INDEL,SNV	0	4
ENSG00000250332	PTPN11P4	GroupB_exclusive			TK10,TK91,TK92,TK93	SNV	0	4
ENSG00000225706	PTPRD-AS1	GroupB_exclusive			TK12,TK91,TK92,TK93	SNV	0	4
ENSG00000171016	PYGO1	GroupB_exclusive			TK10,TK91,TK92,TK93	INDEL,SNV	0	4
ENSG00000152932	RAB3C	GroupB_exclusive			TK10,TK91,TK92,TK93	INDEL,SNV	0	4
ENSG00000240751	RABGGTBP1	GroupB_exclusive			TK12,TK91,TK92,TK93	INDEL,SNV	0	4
ENSG00000237328	RAI1-AS1	GroupB_exclusive			TK10,TK91,TK92,TK93	INDEL,SNV	0	4
ENSG00000131831	RAI2	GroupB_exclusive			TK10,TK91,TK92,TK93	INDEL,SNV	0	4
ENSG00000078328	RBFOX1	GroupB_exclusive			TK10,TK91,TK92,TK93	INDEL,SNV	0	4
ENSG00000203867	RBM20	GroupB_exclusive			TK10,TK91,TK92,TK93	SNV	0	4
ENSG00000227087	RBMX2P5	GroupB_exclusive			TK10,TK91,TK92,TK93	INDEL,SNV	0	4
ENSG00000236535	RC3H1-IT1	GroupB_exclusive			TK10,TK91,TK92,TK93	INDEL,SNV	0	4
ENSG00000266504	RDM1P1	GroupB_exclusive			TK10,TK91,TK92,TK93	INDEL,SNV	0	4
ENSG00000163515	RETNLB	GroupB_exclusive			TK10,TK18,TK91,TK93	SNV	0	4
ENSG00000183054	RGPD6	GroupB_exclusive			TK12,TK91,TK92,TK93	SNV	0	4
ENSG00000171792	RHNO1	GroupB_exclusive			TK10,TK12,TK18,TK92	SNV	0	4
ENSG00000258545	RHOXF1-AS1	GroupB_exclusive			TK10,TK91,TK92,TK93	SNV	0	4
ENSG00000101782	RIOK3	GroupB_exclusive			TK10,TK91,TK92,TK93	SNV	0	4
ENSG00000140522	RLBP1	GroupB_exclusive			TK12,TK91,TK92,TK93	SNV	0	4
ENSG00000223305	RN7SKP30	GroupB_exclusive			TK10,TK91,TK92,TK93	SNV	0	4
ENSG00000201428	RN7SKP71	GroupB_exclusive			TK10,TK91,TK92,TK93	SNV	0	4
ENSG00000278590	RN7SL113P	GroupB_exclusive			TK10,TK91,TK92,TK93	SNV	0	4
ENSG00000244357	RN7SL145P	GroupB_exclusive			TK18,TK91,TK92,TK93	SNV	0	4
ENSG00000241869	RN7SL363P	GroupB_exclusive			TK18,TK91,TK92,TK93	SNV	0	4
ENSG00000239419	RN7SL535P	GroupB_exclusive			TK10,TK12,TK92,TK93	SNV	0	4
ENSG00000266770	RN7SL619P	GroupB_exclusive			TK10,TK12,TK91,TK92	INDEL,SNV	0	4
ENSG00000265727	RN7SL648P	GroupB_exclusive			TK10,TK91,TK92,TK93	SNV	0	4
ENSG00000263432	RN7SL689P	GroupB_exclusive			TK10,TK91,TK92,TK93	SNV	0	4
ENSG00000244692	RN7SL724P	GroupB_exclusive			TK10,TK12,TK91,TK92	SNV	0	4
ENSG00000264554	RN7SL793P	GroupB_exclusive			TK18,TK91,TK92,TK93	SNV	0	4
ENSG00000223086	RNA5SP155	GroupB_exclusive			TK12,TK18,TK91,TK92	SNV	0	4
ENSG00000222501	RNU4-25P	GroupB_exclusive			TK10,TK18,TK92,TK93	SNV	0	4
ENSG00000201164	RNU4-36P	GroupB_exclusive			TK10,TK12,TK91,TK93	SNV	0	4
ENSG00000199377	RNU5F-1	GroupB_exclusive			TK10,TK12,TK91,TK92	SNV	0	4
ENSG00000252026	RNU6-1262P	GroupB_exclusive			TK18,TK91,TK92,TK93	INDEL,SNV	0	4
ENSG00000206778	RNU6-213P	GroupB_exclusive			TK18,TK91,TK92,TK93	SNV	0	4
ENSG00000252641	RNU6-678P	GroupB_exclusive			TK12,TK91,TK92,TK93	SNV	0	4
ENSG00000200759	RNU6-884P	GroupB_exclusive			TK18,TK91,TK92,TK93	SNV	0	4
ENSG00000253437	RNU6-988P	GroupB_exclusive			TK18,TK91,TK92,TK93	SNV	0	4
ENSG00000221562	RNU6ATAC10P	GroupB_exclusive			TK10,TK91,TK92,TK93	SNV	0	4
ENSG00000238923	RNU7-1	GroupB_exclusive			TK10,TK91,TK92,TK93	SNV	0	4
ENSG00000274210	RNVU1-27	GroupB_exclusive			TK18,TK91,TK92,TK93	SNV	0	4
ENSG00000242353	RPL12P30	GroupB_exclusive			TK10,TK91,TK92,TK93	INDEL,SNV	0	4
ENSG00000216316	RPL13AP15	GroupB_exclusive			TK10,TK91,TK92,TK93	SNV	0	4
ENSG00000229677	RPL17P28	GroupB_exclusive			TK18,TK91,TK92,TK93	SNV	0	4
ENSG00000225043	RPL18AP2	GroupB_exclusive			TK10,TK91,TK92,TK93	SNV	0	4
ENSG00000224019	RPL21P32	GroupB_exclusive			TK18,TK91,TK92,TK93	SNV	0	4
ENSG00000229503	RPL21P37	GroupB_exclusive			TK10,TK91,TK92,TK93	INDEL,SNV	0	4
ENSG00000216977	RPL21P65	GroupB_exclusive			TK10,TK12,TK92,TK93	SNV	0	4
ENSG00000214024	RPL23AP29	GroupB_exclusive			TK12,TK91,TK92,TK93	SNV	0	4
ENSG00000240480	RPL29P2	GroupB_exclusive			TK12,TK91,TK92,TK93	SNV	0	4
ENSG00000239524	RPL32P34	GroupB_exclusive			TK10,TK91,TK92,TK93	SNV	0	4
ENSG00000239602	RPL35AP16	GroupB_exclusive			TK10,TK91,TK92,TK93	SNV	0	4
ENSG00000230166	RPL35AP24	GroupB_exclusive			TK12,TK91,TK92,TK93	SNV	0	4
ENSG00000228149	RPL3P1	GroupB_exclusive			TK10,TK91,TK92,TK93	INDEL,SNV	0	4
ENSG00000213891	RPL3P6	GroupB_exclusive			TK10,TK91,TK92,TK93	SNV	0	4
ENSG00000250475	RPL6P11	GroupB_exclusive			TK10,TK91,TK92,TK93	INDEL,SNV	0	4
ENSG00000240305	RPL6P26	GroupB_exclusive			TK12,TK91,TK92,TK93	SNV	0	4
ENSG00000241984	RPL7AP2	GroupB_exclusive			TK10,TK12,TK91,TK92	SNV	0	4
ENSG00000234981	RPL7AP20	GroupB_exclusive			TK18,TK91,TK92,TK93	SNV	0	4
ENSG00000213152	RPL7AP60	GroupB_exclusive			TK18,TK91,TK92,TK93	SNV	0	4
ENSG00000241641	RPS23P6	GroupB_exclusive			TK10,TK91,TK92,TK93	INDEL,SNV	0	4
ENSG00000227887	RPS26P13	GroupB_exclusive			TK10,TK91,TK92,TK93	SNV	0	4
ENSG00000219027	RPS3AP2	GroupB_exclusive			TK10,TK91,TK92,TK93	SNV	0	4
ENSG00000288920	RPSA2	GroupB_exclusive			TK18,TK91,TK92,TK93	INDEL,SNV	0	4
ENSG00000235145	RPSAP16	GroupB_exclusive			TK10,TK91,TK92,TK93	SNV	0	4
ENSG00000242952	RPSAP3	GroupB_exclusive			TK12,TK91,TK92,TK93	SNV	0	4
ENSG00000219773	RPSAP45	GroupB_exclusive			TK10,TK91,TK92,TK93	SNV	0	4
ENSG00000188856	RPSAP47	GroupB_exclusive			TK18,TK91,TK92,TK93	SNV	0	4
ENSG00000212747	RTL8B	GroupB_exclusive			TK10,TK18,TK91,TK92	SNV	0	4
ENSG00000196754	S100A2	GroupB_exclusive			TK10,TK91,TK92,TK93	SNV	0	4
ENSG00000232795	SCAND3P1	GroupB_exclusive			TK10,TK91,TK92,TK93	INDEL,SNV	0	4
ENSG00000151967	SCHIP1	GroupB_exclusive			TK10,TK91,TK92,TK93	INDEL,SNV	0	4
ENSG00000166257	SCN3B	GroupB_exclusive			TK10,TK91,TK92,TK93	SNV	0	4
ENSG00000230750	SDAD1P2	GroupB_exclusive			TK10,TK12,TK91,TK93	SNV	0	4
ENSG00000232801	SDCBPP3	GroupB_exclusive			TK10,TK91,TK92,TK93	INDEL,SNV	0	4
ENSG00000146555	SDK1	GroupB_exclusive			TK10,TK91,TK92,TK93	INDEL,SNV	0	4
ENSG00000182722	SEPHS1P1	GroupB_exclusive			TK18,TK91,TK92,TK93	SNV	0	4
ENSG00000230568	SF3A3P1	GroupB_exclusive			TK10,TK91,TK92,TK93	INDEL,SNV	0	4
ENSG00000168484	SFTPC	GroupB_exclusive			TK18,TK91,TK92,TK93	SNV	0	4
ENSG00000164023	SGMS2	GroupB_exclusive			TK10,TK91,TK92,TK93	SNV	0	4
ENSG00000129946	SHC2	GroupB_exclusive			TK10,TK91,TK92,TK93	INDEL,SNV	0	4
ENSG00000237515	SHISA9	GroupB_exclusive			TK10,TK91,TK92,TK93	INDEL,SNV	0	4
ENSG00000146950	SHROOM2	GroupB_exclusive			TK10,TK91,TK92,TK93	SNV	0	4
ENSG00000162723	SLAMF9	GroupB_exclusive			TK10,TK91,TK92,TK93	SNV	0	4
ENSG00000147100	SLC16A2	GroupB_exclusive			TK10,TK91,TK92,TK93	SNV	0	4
ENSG00000188467	SLC24A5	GroupB_exclusive			TK10,TK91,TK92,TK93	SNV	0	4
ENSG00000224081	SLC44A3-AS1	GroupB_exclusive			TK10,TK91,TK92,TK93	INDEL,SNV	0	4
ENSG00000228983	SLC47A1P1	GroupB_exclusive			TK18,TK91,TK92,TK93	INDEL,SNV	0	4
ENSG00000225215	SMARCE1P1	GroupB_exclusive			TK10,TK91,TK92,TK93	SNV	0	4
ENSG00000255458	SMIM14-DT	GroupB_exclusive			TK10,TK91,TK92,TK93	INDEL,SNV	0	4
ENSG00000259120	SMIM6	GroupB_exclusive			TK18,TK91,TK92,TK93	SNV	0	4
ENSG00000251676	SNHG27	GroupB_exclusive			TK10,TK91,TK92,TK93	SNV	0	4
ENSG00000266079	SNORA59B	GroupB_exclusive			TK18,TK91,TK92,TK93	INDEL,SNV	0	4
ENSG00000274266	SNORA73A	GroupB_exclusive			TK12,TK91,TK92,TK93	SNV	0	4
ENSG00000249799	SNRPCP13	GroupB_exclusive			TK12,TK91,TK92,TK93	SNV	0	4
ENSG00000147481	SNTG1	GroupB_exclusive			TK10,TK91,TK92,TK93	INDEL,SNV	0	4
ENSG00000086300	SNX10	GroupB_exclusive			TK10,TK91,TK92,TK93	INDEL,SNV	0	4
ENSG00000224185	SNX18P9	GroupB_exclusive			TK10,TK91,TK92,TK93	SNV	0	4
ENSG00000249858	SNX5P1	GroupB_exclusive			TK18,TK91,TK92,TK93	INDEL,SNV	0	4
ENSG00000171489	SPACA5	GroupB_exclusive			TK18,TK91,TK92,TK93	SNV	0	4
ENSG00000182310	SPACA6	GroupB_exclusive			TK10,TK91,TK92,TK93	INDEL,SNV	0	4
ENSG00000077327	SPAG6	GroupB_exclusive			TK12,TK91,TK92,TK93	INDEL,SNV	0	4
ENSG00000228741	SPATA13	GroupB_exclusive			TK10,TK12,TK91,TK93	SNV	0	4
ENSG00000266537	SPDYE22P	GroupB_exclusive			TK18,TK91,TK92,TK93	INDEL,SNV	0	4
ENSG00000167642	SPINT2	GroupB_exclusive			TK10,TK91,TK92,TK93	INDEL,SNV	0	4
ENSG00000229336	SREK1IP1P1	GroupB_exclusive			TK10,TK91,TK92,TK93	SNV	0	4
ENSG00000235830	SRGAP3-AS4	GroupB_exclusive			TK10,TK91,TK92,TK93	INDEL,SNV	0	4
ENSG00000165730	STOX1	GroupB_exclusive			TK18,TK91,TK92,TK93	INDEL,SNV	0	4
ENSG00000224597	SVIL-AS1	GroupB_exclusive			TK10,TK91,TK92,TK93	INDEL,SNV	0	4
ENSG00000233148	SYF2P2	GroupB_exclusive			TK18,TK91,TK92,TK93	SNV	0	4
ENSG00000078269	SYNJ2	GroupB_exclusive			TK10,TK91,TK92,TK93	SNV	0	4
ENSG00000241359	SYNPR-AS1	GroupB_exclusive			TK18,TK91,TK92,TK93	SNV	0	4
ENSG00000283740	TAF11L11	GroupB_exclusive			TK10,TK91,TK92,TK93	SNV	0	4
ENSG00000267369	TAF5LP1	GroupB_exclusive			TK10,TK91,TK92,TK93	SNV	0	4
ENSG00000266733	TBC1D29P	GroupB_exclusive			TK12,TK18,TK91,TK93	SNV	0	4
ENSG00000218336	TENM3	GroupB_exclusive			TK10,TK91,TK92,TK93	INDEL,SNV	0	4
ENSG00000225401	TGIF2P1	GroupB_exclusive			TK10,TK91,TK92,TK93	SNV	0	4
ENSG00000270739	THAP5P2	GroupB_exclusive			TK10,TK91,TK92,TK93	INDEL,SNV	0	4
ENSG00000228828	TLK2P2	GroupB_exclusive			TK10,TK91,TK92,TK93	SNV	0	4
ENSG00000186952	TMEM232	GroupB_exclusive			TK10,TK91,TK92,TK93	INDEL,SNV	0	4
ENSG00000169758	TMEM266	GroupB_exclusive			TK10,TK91,TK92,TK93	INDEL,SNV	0	4
ENSG00000187783	TMEM72	GroupB_exclusive			TK12,TK91,TK92,TK93	INDEL,SNV	0	4
ENSG00000138594	TMOD3	GroupB_exclusive			TK10,TK91,TK92,TK93	SNV	0	4
ENSG00000133687	TMTC1	GroupB_exclusive			TK10,TK18,TK92,TK93	INDEL,SNV	0	4
ENSG00000230662	TNPO1P2	GroupB_exclusive			TK10,TK91,TK92,TK93	SNV	0	4
ENSG00000090905	TNRC6A	GroupB_exclusive			TK10,TK91,TK92,TK93	INDEL,SNV	0	4
ENSG00000267156	TPMTP1	GroupB_exclusive			TK18,TK91,TK92,TK93	INDEL,SNV	0	4
ENSG00000205822	TPTE2P6	GroupB_exclusive			TK10,TK91,TK92,TK93	INDEL,SNV	0	4
ENSG00000236475	TRIM26BP	GroupB_exclusive			TK18,TK91,TK92,TK93	SNV	0	4
ENSG00000162722	TRIM58	GroupB_exclusive			TK10,TK91,TK92,TK93	INDEL,SNV	0	4
ENSG00000156298	TSPAN7	GroupB_exclusive			TK18,TK91,TK92,TK93	INDEL,SNV	0	4
ENSG00000139865	TTC6	GroupB_exclusive			TK10,TK91,TK92,TK93	INDEL,SNV	0	4
ENSG00000233061	TTLL7-IT1	GroupB_exclusive			TK10,TK91,TK92,TK93	SNV	0	4
ENSG00000237298	TTN-AS1	GroupB_exclusive			TK10,TK91,TK92,TK93	INDEL,SNV	0	4
ENSG00000259751	TUBAP11	GroupB_exclusive			TK10,TK91,TK92,TK93	SNV	0	4
ENSG00000278374	U4	GroupB_exclusive			TK10,TK18,TK92,TK93	SNV	0	4
ENSG00000240793	UBA52P8	GroupB_exclusive			TK10,TK91,TK92,TK93	SNV	0	4
ENSG00000170035	UBE2E3	GroupB_exclusive			TK18,TK91,TK92,TK93	SNV	0	4
ENSG00000248374	UBTD2P1	GroupB_exclusive			TK12,TK91,TK92,TK93	INDEL,SNV	0	4
ENSG00000251173	UCHL1-DT	GroupB_exclusive			TK18,TK91,TK92,TK93	SNV	0	4
ENSG00000147854	UHRF2	GroupB_exclusive			TK10,TK91,TK92,TK93	SNV	0	4
ENSG00000234709	UPF3AP3	GroupB_exclusive			TK10,TK12,TK91,TK92	SNV	0	4
ENSG00000254224	UQCRB-AS1	GroupB_exclusive			TK10,TK91,TK92,TK93	SNV	0	4
ENSG00000155313	USP25	GroupB_exclusive			TK12,TK91,TK92,TK93	INDEL,SNV	0	4
ENSG00000035403	VCL	GroupB_exclusive			TK12,TK91,TK92,TK93	SNV	0	4
ENSG00000237679	VDAC1P11	GroupB_exclusive			TK18,TK91,TK92,TK93	SNV	0	4
ENSG00000268545	VN1R107P	GroupB_exclusive			TK10,TK91,TK92,TK93	INDEL,SNV	0	4
ENSG00000235974	VN2R19P	GroupB_exclusive			TK10,TK91,TK92,TK93	SNV	0	4
ENSG00000261002	VPS39-DT	GroupB_exclusive			TK18,TK91,TK92,TK93	INDEL,SNV	0	4
ENSG00000187135	VSTM2B	GroupB_exclusive			TK10,TK91,TK92,TK93	INDEL,SNV	0	4
ENSG00000213434	VTI1BP2	GroupB_exclusive			TK10,TK18,TK91,TK92	SNV	0	4
ENSG00000237001	WASF3-AS1	GroupB_exclusive			TK10,TK91,TK92,TK93	SNV	0	4
ENSG00000260389	WBP11P1	GroupB_exclusive			TK18,TK91,TK92,TK93	INDEL,SNV	0	4
ENSG00000241929	WDR70P1	GroupB_exclusive			TK18,TK91,TK92,TK93	INDEL,SNV	0	4
ENSG00000196632	WNK3	GroupB_exclusive			TK10,TK91,TK92,TK93	INDEL,SNV	0	4
ENSG00000143816	WNT9A	GroupB_exclusive			TK10,TK91,TK92,TK93	INDEL,SNV	0	4
ENSG00000251128	WWC2-AS1	GroupB_exclusive			TK10,TK91,TK92,TK93	SNV	0	4
ENSG00000251359	WWC2-AS2	GroupB_exclusive			TK10,TK12,TK92,TK93	INDEL,SNV	0	4
ENSG00000260969	WWOX-AS1	GroupB_exclusive			TK10,TK91,TK92,TK93	INDEL,SNV	0	4
ENSG00000175155	YPEL2	GroupB_exclusive			TK10,TK91,TK92,TK93	INDEL,SNV	0	4
ENSG00000215199	YWHAZP6	GroupB_exclusive			TK10,TK91,TK92,TK93	INDEL,SNV	0	4
ENSG00000199332	Y_RNA	GroupB_exclusive			TK10,TK91,TK92,TK93	SNV	0	4
ENSG00000200544	Y_RNA	GroupB_exclusive			TK12,TK91,TK92,TK93	INDEL,SNV	0	4
ENSG00000252919	Y_RNA	GroupB_exclusive			TK18,TK91,TK92,TK93	SNV	0	4
ENSG00000180610	ZBTB12BP	GroupB_exclusive			TK10,TK91,TK92,TK93	INDEL,SNV	0	4
ENSG00000242290	ZBTB20-AS5	GroupB_exclusive			TK18,TK91,TK92,TK93	INDEL,SNV	0	4
ENSG00000231208	ZBTB46-AS1	GroupB_exclusive			TK10,TK91,TK92,TK93	SNV	0	4
ENSG00000118491	ZC2HC1B	GroupB_exclusive			TK10,TK91,TK92,TK93	INDEL,SNV	0	4
ENSG00000102383	ZDHHC15	GroupB_exclusive			TK10,TK91,TK92,TK93	SNV	0	4
ENSG00000237036	ZEB1-AS1	GroupB_exclusive			TK10,TK91,TK92,TK93	INDEL,SNV	0	4
ENSG00000259768	ZFHX3-AS1	GroupB_exclusive			TK10,TK91,TK92,TK93	SNV	0	4
ENSG00000251003	ZFPM2-AS1	GroupB_exclusive			TK10,TK91,TK92,TK93	INDEL,SNV	0	4
ENSG00000258917	ZMYND19P1	GroupB_exclusive			TK10,TK91,TK92,TK93	SNV	0	4
ENSG00000234473	ZNF101P2	GroupB_exclusive			TK12,TK91,TK92,TK93	SNV	0	4
ENSG00000197050	ZNF420	GroupB_exclusive			TK10,TK91,TK92,TK93	INDEL,SNV	0	4
ENSG00000213967	ZNF726	GroupB_exclusive			TK18,TK91,TK92,TK93	INDEL,SNV	0	4
ENSG00000234284	ZNF879	GroupB_exclusive			TK10,TK91,TK92,TK93	INDEL,SNV	0	4
ENSG00000121410	A1BG	GroupB_exclusive			TK10,TK92,TK93	INDEL,SNV	0	3
ENSG00000023839	ABCC2	GroupB_exclusive			TK91,TK92,TK93	SNV	0	3
ENSG00000250496	ABT1P1	GroupB_exclusive			TK91,TK92,TK93	SNV	0	3
ENSG00000144648	ACKR2	GroupB_exclusive			TK91,TK92,TK93	INDEL,SNV	0	3
ENSG00000168306	ACOX2	GroupB_exclusive			TK18,TK91,TK92	SNV	0	3
ENSG00000180139	ACTA2-AS1	GroupB_exclusive			TK91,TK92,TK93	SNV	0	3
ENSG00000220267	ACTBP8	GroupB_exclusive			TK91,TK92,TK93	SNV	0	3
ENSG00000187003	ACTL7A	GroupB_exclusive			TK91,TK92,TK93	SNV	0	3
ENSG00000249421	ADAMTS19-AS1	GroupB_exclusive			TK91,TK92,TK93	INDEL,SNV	0	3
ENSG00000143199	ADCY10	GroupB_exclusive			TK10,TK92,TK93	SNV	0	3
ENSG00000256616	ADGRA3P1	GroupB_exclusive			TK91,TK92,TK93	SNV	0	3
ENSG00000117114	ADGRL2	GroupB_exclusive			TK10,TK18,TK92	SNV	0	3
ENSG00000163485	ADORA1	GroupB_exclusive			TK10,TK91,TK93	SNV	0	3
ENSG00000198221	AFDN-DT	GroupB_exclusive			TK10,TK92,TK93	INDEL,SNV	0	3
ENSG00000225623	AGBL4-IT1	GroupB_exclusive			TK91,TK92,TK93	INDEL,SNV	0	3
ENSG00000268257	AIRN	GroupB_exclusive			TK91,TK92,TK93	INDEL,SNV	0	3
ENSG00000214992	AKAP17BP	GroupB_exclusive			TK12,TK91,TK92	SNV	0	3
ENSG00000237876	AKR1B1P4	GroupB_exclusive			TK91,TK92,TK93	SNV	0	3
ENSG00000232292	ALDH7A1P2	GroupB_exclusive			TK91,TK92,TK93	SNV	0	3
ENSG00000214297	ALDOAP2	GroupB_exclusive			TK10,TK92,TK93	INDEL,SNV	0	3
ENSG00000180318	ALX1	GroupB_exclusive			TK91,TK92,TK93	SNV	0	3
ENSG00000224142	AMMECR1-IT1	GroupB_exclusive			TK91,TK92,TK93	SNV	0	3
ENSG00000235486	ANAPC1P6	GroupB_exclusive			TK91,TK92,TK93	SNV	0	3
ENSG00000101280	ANGPT4	GroupB_exclusive			TK10,TK18,TK92	SNV	0	3
ENSG00000229089	ANKRD20A8P	GroupB_exclusive			TK91,TK92,TK93	SNV	0	3
ENSG00000163046	ANKRD30BL	GroupB_exclusive			TK18,TK91,TK93	SNV	0	3
ENSG00000225349	ANKRD49P2	GroupB_exclusive			TK91,TK92,TK93	SNV	0	3
ENSG00000213962	API5P2	GroupB_exclusive			TK91,TK92,TK93	SNV	0	3
ENSG00000173627	APOBEC4	GroupB_exclusive			TK91,TK92,TK93	SNV	0	3
ENSG00000189058	APOD	GroupB_exclusive			TK18,TK91,TK92	INDEL,SNV	0	3
ENSG00000260372	AQP4-AS1	GroupB_exclusive			TK91,TK92,TK93	SNV	0	3
ENSG00000259916	AQP7B	GroupB_exclusive			TK91,TK92,TK93	INDEL,SNV	0	3
ENSG00000176115	AQP7P4	GroupB_exclusive			TK91,TK92,TK93	INDEL,SNV	0	3
ENSG00000271966	ARFGEF1-DT	GroupB_exclusive			TK10,TK18,TK92	SNV	0	3
ENSG00000231147	ARHGAP42P2	GroupB_exclusive			TK91,TK92,TK93	SNV	0	3
ENSG00000235759	ARHGAP42P3	GroupB_exclusive			TK91,TK92,TK93	INDEL,SNV	0	3
ENSG00000228275	ARMCX3-AS1	GroupB_exclusive			TK10,TK91,TK93	INDEL,SNV	0	3
ENSG00000125962	ARMCX5	GroupB_exclusive			TK12,TK18,TK92	SNV	0	3
ENSG00000172379	ARNT2	GroupB_exclusive			TK91,TK92,TK93	SNV	0	3
ENSG00000241553	ARPC4	GroupB_exclusive			TK91,TK92,TK93	SNV	0	3
ENSG00000280543	ASAP1-IT2	GroupB_exclusive			TK10,TK92,TK93	SNV	0	3
ENSG00000198881	ASB12	GroupB_exclusive			TK10,TK91,TK92	SNV	0	3
ENSG00000230442	ASB15-AS1	GroupB_exclusive			TK91,TK92,TK93	SNV	0	3
ENSG00000258527	ASB9P1	GroupB_exclusive			TK10,TK18,TK92	SNV	0	3
ENSG00000235919	ASH1L-AS1	GroupB_exclusive			TK91,TK92,TK93	INDEL,SNV	0	3
ENSG00000101440	ASIP	GroupB_exclusive			TK91,TK92,TK93	SNV	0	3
ENSG00000232684	ATP11A-AS1	GroupB_exclusive			TK91,TK92,TK93	INDEL,SNV	0	3
ENSG00000227682	ATP5F1AP2	GroupB_exclusive			TK91,TK92,TK93	SNV	0	3
ENSG00000271332	ATP5MGP8	GroupB_exclusive			TK91,TK92,TK93	SNV	0	3
ENSG00000284138	ATP6V0CP4	GroupB_exclusive			TK91,TK92,TK93	SNV	0	3
ENSG00000256293	ATP6V1E1P3	GroupB_exclusive			TK10,TK92,TK93	SNV	0	3
ENSG00000229948	B3GALNT1P1	GroupB_exclusive			TK91,TK92,TK93	SNV	0	3
ENSG00000109956	B3GAT1	GroupB_exclusive			TK10,TK91,TK92	SNV	0	3
ENSG00000247081	BAALC-AS1	GroupB_exclusive			TK10,TK18,TK92	INDEL,SNV	0	3
ENSG00000234293	BACH1-IT3	GroupB_exclusive			TK91,TK92,TK93	INDEL,SNV	0	3
ENSG00000261217	BCAP31P1	GroupB_exclusive			TK91,TK92,TK93	SNV	0	3
ENSG00000234332	BCAS2P2	GroupB_exclusive			TK18,TK91,TK93	INDEL,SNV	0	3
ENSG00000248966	BCLAF1P1	GroupB_exclusive			TK91,TK92,TK93	INDEL,SNV	0	3
ENSG00000215544	BCRP7	GroupB_exclusive			TK91,TK92,TK93	SNV	0	3
ENSG00000166546	BEAN1	GroupB_exclusive			TK18,TK91,TK93	SNV	0	3
ENSG00000258915	BHLHB9P1	GroupB_exclusive			TK91,TK92,TK93	SNV	0	3
ENSG00000224599	BMS1P12	GroupB_exclusive			TK91,TK92,TK93	SNV	0	3
ENSG00000197358	BNIP3P1	GroupB_exclusive			TK10,TK92,TK93	SNV	0	3
ENSG00000268079	BNIP3P30	GroupB_exclusive			TK18,TK92,TK93	INDEL,SNV	0	3
ENSG00000260571	BNIP3P5	GroupB_exclusive			TK91,TK92,TK93	INDEL,SNV	0	3
ENSG00000224775	BRAFP1	GroupB_exclusive			TK91,TK92,TK93	SNV	0	3
ENSG00000169075	BRD7P3	GroupB_exclusive			TK91,TK92,TK93	INDEL,SNV	0	3
ENSG00000164061	BSN	GroupB_exclusive			TK91,TK92,TK93	INDEL,SNV	0	3
ENSG00000257675	BTBD10P1	GroupB_exclusive			TK91,TK92,TK93	SNV	0	3
ENSG00000258282	BTF3P2	GroupB_exclusive			TK91,TK92,TK93	INDEL,SNV	0	3
ENSG00000233594	BTF3P5	GroupB_exclusive			TK10,TK92,TK93	INDEL,SNV	0	3
ENSG00000166167	BTRC	GroupB_exclusive			TK91,TK92,TK93	SNV	0	3
ENSG00000226792	C13orf42	GroupB_exclusive			TK10,TK92,TK93	INDEL,SNV	0	3
ENSG00000283567	C19orf85	GroupB_exclusive			TK91,TK92,TK93	SNV	0	3
ENSG00000213409	C1QBPP2	GroupB_exclusive			TK18,TK91,TK92	SNV	0	3
ENSG00000163145	C1QTNF7	GroupB_exclusive			TK91,TK92,TK93	SNV	0	3
ENSG00000183186	C2CD4C	GroupB_exclusive			TK10,TK18,TK93	SNV	0	3
ENSG00000250166	C2CD5-AS1	GroupB_exclusive			TK10,TK92,TK93	SNV	0	3
ENSG00000177994	C2orf73	GroupB_exclusive			TK10,TK18,TK92	SNV	0	3
ENSG00000154274	C4orf19	GroupB_exclusive			TK91,TK92,TK93	SNV	0	3
ENSG00000197261	C6orf141	GroupB_exclusive			TK91,TK92,TK93	SNV	0	3
ENSG00000154975	CA10	GroupB_exclusive			TK10,TK91,TK92	SNV	0	3
ENSG00000157388	CACNA1D	GroupB_exclusive			TK91,TK92,TK93	INDEL,SNV	0	3
ENSG00000250107	CACNA1G-AS1	GroupB_exclusive			TK10,TK91,TK92	SNV	0	3
ENSG00000256315	CADM1-AS1	GroupB_exclusive			TK91,TK92,TK93	SNV	0	3
ENSG00000253179	CALCP	GroupB_exclusive			TK91,TK92,TK93	INDEL,SNV	0	3
ENSG00000237728	CAMTA1-AS2	GroupB_exclusive			TK91,TK92,TK93	SNV	0	3
ENSG00000259151	CAP2P1	GroupB_exclusive			TK91,TK92,TK93	SNV	0	3
ENSG00000237286	CARD11-AS1	GroupB_exclusive			TK91,TK92,TK93	SNV	0	3
ENSG00000257859	CASC18	GroupB_exclusive			TK10,TK91,TK92	SNV	0	3
ENSG00000233033	CASK-AS1	GroupB_exclusive			TK18,TK92,TK93	SNV	0	3
ENSG00000233766	CAVIN2-AS1	GroupB_exclusive			TK91,TK92,TK93	SNV	0	3
ENSG00000134812	CBLIF	GroupB_exclusive			TK91,TK92,TK93	INDEL,SNV	0	3
ENSG00000250045	CBX3P3	GroupB_exclusive			TK91,TK92,TK93	SNV	0	3
ENSG00000233098	CCDC144NL-AS1	GroupB_exclusive			TK91,TK92,TK93	SNV	0	3
ENSG00000166510	CCDC68	GroupB_exclusive			TK10,TK91,TK92	INDEL,SNV	0	3
ENSG00000106178	CCL24	GroupB_exclusive			TK10,TK18,TK92	INDEL,SNV	0	3
ENSG00000224043	CCNT2-AS1	GroupB_exclusive			TK10,TK91,TK93	INDEL,SNV	0	3
ENSG00000184451	CCR10	GroupB_exclusive			TK10,TK92,TK93	SNV	0	3
ENSG00000230584	CCT5P2	GroupB_exclusive			TK91,TK92,TK93	INDEL,SNV	0	3
ENSG00000290860	CCT6P3	GroupB_exclusive			TK12,TK18,TK92	SNV	0	3
ENSG00000272398	CD24	GroupB_exclusive			TK10,TK91,TK92	INDEL,SNV	0	3
ENSG00000234933	CDC42P1	GroupB_exclusive			TK91,TK92,TK93	SNV	0	3
ENSG00000253439	CDC42P5	GroupB_exclusive			TK10,TK91,TK92	SNV	0	3
ENSG00000124762	CDKN1A	GroupB_exclusive			TK91,TK92,TK93	SNV	0	3
ENSG00000245848	CEBPA	GroupB_exclusive			TK18,TK92,TK93	SNV	0	3
ENSG00000154240	CEP112	GroupB_exclusive			TK91,TK92,TK93	INDEL,SNV	0	3
ENSG00000198848	CES1	GroupB_exclusive			TK10,TK18,TK92	SNV	0	3
ENSG00000159259	CHAF1B	GroupB_exclusive			TK91,TK92,TK93	SNV	0	3
ENSG00000236156	CHCHD4P3	GroupB_exclusive			TK10,TK92,TK93	SNV	0	3
ENSG00000253616	CHILL1	GroupB_exclusive			TK10,TK18,TK92	SNV	0	3
ENSG00000166664	CHRFAM7A	GroupB_exclusive			TK10,TK91,TK92	SNV	0	3
ENSG00000258722	CKAP2P1	GroupB_exclusive			TK91,TK92,TK93	SNV	0	3
ENSG00000185758	CLDN24	GroupB_exclusive			TK91,TK92,TK93	SNV	0	3
ENSG00000257097	CLIP1-AS1	GroupB_exclusive			TK91,TK92,TK93	INDEL,SNV	0	3
ENSG00000179335	CLK3	GroupB_exclusive			TK10,TK91,TK92	SNV	0	3
ENSG00000163646	CLRN1	GroupB_exclusive			TK91,TK92,TK93	SNV	0	3
ENSG00000278138	CLUHP11	GroupB_exclusive			TK10,TK92,TK93	SNV	0	3
ENSG00000119946	CNNM1	GroupB_exclusive			TK18,TK91,TK92	SNV	0	3
ENSG00000227588	CNTN4-AS2	GroupB_exclusive			TK91,TK92,TK93	INDEL,SNV	0	3
ENSG00000259100	COILP1	GroupB_exclusive			TK91,TK92,TK93	SNV	0	3
ENSG00000197467	COL13A1	GroupB_exclusive			TK10,TK92,TK93	SNV	0	3
ENSG00000130635	COL5A1	GroupB_exclusive			TK10,TK91,TK92	INDEL,SNV	0	3
ENSG00000227438	COL6A2-DT	GroupB_exclusive			TK91,TK92,TK93	SNV	0	3
ENSG00000231210	COMETT	GroupB_exclusive			TK91,TK92,TK93	SNV	0	3
ENSG00000214552	COPS8P2	GroupB_exclusive			TK10,TK92,TK93	SNV	0	3
ENSG00000261416	CORO1A-AS1	GroupB_exclusive			TK18,TK92,TK93	INDEL,SNV	0	3
ENSG00000234144	COX6CP13	GroupB_exclusive			TK91,TK92,TK93	SNV	0	3
ENSG00000170516	COX7B2	GroupB_exclusive			TK91,TK92,TK93	SNV	0	3
ENSG00000283755	CPHXL	GroupB_exclusive			TK91,TK92,TK93	SNV	0	3
ENSG00000108342	CSF3	GroupB_exclusive			TK10,TK18,TK92	SNV	0	3
ENSG00000234534	CSNK1G2P1	GroupB_exclusive			TK91,TK92,TK93	SNV	0	3
ENSG00000280927	CTBP1-AS	GroupB_exclusive			TK12,TK91,TK93	INDEL,SNV	0	3
ENSG00000235746	CTBP2P2	GroupB_exclusive			TK91,TK92,TK93	INDEL,SNV	0	3
ENSG00000250250	CTD-2350J17.1	GroupB_exclusive			TK91,TK92,TK93	SNV	0	3
ENSG00000141086	CTRL	GroupB_exclusive			TK10,TK91,TK92	INDEL,SNV	0	3
ENSG00000290874	CTSLP2	GroupB_exclusive			TK10,TK91,TK92	SNV	0	3
ENSG00000232901	CYCSP10	GroupB_exclusive			TK10,TK18,TK92	SNV	0	3
ENSG00000255379	CYCSP29	GroupB_exclusive			TK91,TK92,TK93	SNV	0	3
ENSG00000262870	CYCSP40	GroupB_exclusive			TK91,TK92,TK93	INDEL,SNV	0	3
ENSG00000186684	CYP27C1	GroupB_exclusive			TK10,TK18,TK91	INDEL,SNV	0	3
ENSG00000108242	CYP2C18	GroupB_exclusive			TK91,TK92,TK93	SNV	0	3
ENSG00000165841	CYP2C19	GroupB_exclusive			TK91,TK92,TK93	SNV	0	3
ENSG00000283232	CYP2C23P	GroupB_exclusive			TK91,TK92,TK93	INDEL,SNV	0	3
ENSG00000268529	CYP2T3P	GroupB_exclusive			TK10,TK92,TK93	SNV	0	3
ENSG00000160868	CYP3A4	GroupB_exclusive			TK91,TK92,TK93	INDEL,SNV	0	3
ENSG00000186160	CYP4Z1	GroupB_exclusive			TK91,TK92,TK93	SNV	0	3
ENSG00000154198	CYP4Z2P	GroupB_exclusive			TK10,TK91,TK92	INDEL,SNV	0	3
ENSG00000222041	CYTOR	GroupB_exclusive			TK18,TK92,TK93	INDEL,SNV	0	3
ENSG00000230683	DDTP1	GroupB_exclusive			TK91,TK92,TK93	SNV	0	3
ENSG00000230360	DDX10P2	GroupB_exclusive			TK91,TK92,TK93	INDEL,SNV	0	3
ENSG00000240048	DDX50P2	GroupB_exclusive			TK91,TK92,TK93	SNV	0	3
ENSG00000230056	DDX6P1	GroupB_exclusive			TK91,TK92,TK93	SNV	0	3
ENSG00000173077	DELEC1	GroupB_exclusive			TK91,TK92,TK93	INDEL,SNV	0	3
ENSG00000234264	DEPDC1-AS1	GroupB_exclusive			TK91,TK92,TK93	SNV	0	3
ENSG00000259358	DEPDC1P1	GroupB_exclusive			TK18,TK91,TK92	SNV	0	3
ENSG00000246422	DIAPH1-AS1	GroupB_exclusive			TK91,TK92,TK93	SNV	0	3
ENSG00000162595	DIRAS3	GroupB_exclusive			TK10,TK92,TK93	SNV	0	3
ENSG00000116652	DLEU2L	GroupB_exclusive			TK12,TK18,TK91	SNV	0	3
ENSG00000231764	DLX6-AS1	GroupB_exclusive			TK91,TK92,TK93	SNV	0	3
ENSG00000243508	DNAJB6P7	GroupB_exclusive			TK12,TK91,TK92	INDEL,SNV	0	3
ENSG00000213551	DNAJC9	GroupB_exclusive			TK91,TK92,TK93	SNV	0	3
ENSG00000119661	DNAL1	GroupB_exclusive			TK91,TK92,TK93	INDEL,SNV	0	3
ENSG00000259660	DNM1P47	GroupB_exclusive			TK91,TK92,TK93	SNV	0	3
ENSG00000225572	DOCK4-AS1	GroupB_exclusive			TK91,TK92,TK93	SNV	0	3
ENSG00000229918	DOCK9-AS1	GroupB_exclusive			TK91,TK92,TK93	INDEL,SNV	0	3
ENSG00000249691	DPPA4P2	GroupB_exclusive			TK91,TK92,TK93	SNV	0	3
ENSG00000282308	DPRXP3	GroupB_exclusive			TK10,TK12,TK92	SNV	0	3
ENSG00000235436	DPY19L2P4	GroupB_exclusive			TK91,TK92,TK93	SNV	0	3
ENSG00000198054	DSCR8	GroupB_exclusive			TK91,TK92,TK93	INDEL,SNV	0	3
ENSG00000197057	DTHD1	GroupB_exclusive			TK12,TK92,TK93	SNV	0	3
ENSG00000232136	DUXAP7	GroupB_exclusive			TK91,TK92,TK93	INDEL,SNV	0	3
ENSG00000266290	DYNLL2-DT	GroupB_exclusive			TK91,TK92,TK93	SNV	0	3
ENSG00000224707	E2F3-IT1	GroupB_exclusive			TK91,TK92,TK93	INDEL,SNV	0	3
ENSG00000133740	E2F5	GroupB_exclusive			TK10,TK92,TK93	INDEL,SNV	0	3
ENSG00000226885	E2F6P3	GroupB_exclusive			TK12,TK91,TK93	SNV	0	3
ENSG00000233690	EBAG9P1	GroupB_exclusive			TK10,TK18,TK91	SNV	0	3
ENSG00000119147	ECRG4	GroupB_exclusive			TK18,TK91,TK92	SNV	0	3
ENSG00000232587	EEF1A1P3	GroupB_exclusive			TK91,TK92,TK93	SNV	0	3
ENSG00000213055	EEF1B2P7	GroupB_exclusive			TK91,TK92,TK93	SNV	0	3
ENSG00000229704	EIF2S2P2	GroupB_exclusive			TK91,TK92,TK93	SNV	0	3
ENSG00000254441	EIF2S2P6	GroupB_exclusive			TK91,TK92,TK93	INDEL,SNV	0	3
ENSG00000175749	EIF3KP1	GroupB_exclusive			TK91,TK92,TK93	SNV	0	3
ENSG00000262953	EIF4A1P9	GroupB_exclusive			TK91,TK92,TK93	INDEL,SNV	0	3
ENSG00000261336	EIF4BP5	GroupB_exclusive			TK91,TK92,TK93	SNV	0	3
ENSG00000267679	EIF5AP2	GroupB_exclusive			TK91,TK92,TK93	SNV	0	3
ENSG00000224885	EIPR1-IT1	GroupB_exclusive			TK91,TK92,TK93	SNV	0	3
ENSG00000049540	ELN	GroupB_exclusive			TK10,TK18,TK91	INDEL,SNV	0	3
ENSG00000255006	ELOCP22	GroupB_exclusive			TK91,TK92,TK93	SNV	0	3
ENSG00000271278	ELOCP33	GroupB_exclusive			TK91,TK92,TK93	SNV	0	3
ENSG00000138792	ENPEP	GroupB_exclusive			TK91,TK92,TK93	SNV	0	3
ENSG00000197594	ENPP1	GroupB_exclusive			TK91,TK92,TK93	SNV	0	3
ENSG00000255549	ENPP7P6	GroupB_exclusive			TK18,TK92,TK93	SNV	0	3
ENSG00000146722	ENSG00000146722	GroupB_exclusive			TK91,TK92,TK93	SNV	0	3
ENSG00000173862	ENSG00000173862	GroupB_exclusive			TK10,TK91,TK92	SNV	0	3
ENSG00000175604	ENSG00000175604	GroupB_exclusive			TK10,TK92,TK93	SNV	0	3
ENSG00000177725	ENSG00000177725	GroupB_exclusive			TK91,TK92,TK93	SNV	0	3
ENSG00000180211	ENSG00000180211	GroupB_exclusive			TK10,TK12,TK18	SNV	0	3
ENSG00000197462	ENSG00000197462	GroupB_exclusive			TK10,TK92,TK93	INDEL,SNV	0	3
ENSG00000197550	ENSG00000197550	GroupB_exclusive			TK91,TK92,TK93	INDEL,SNV	0	3
ENSG00000197585	ENSG00000197585	GroupB_exclusive			TK91,TK92,TK93	INDEL,SNV	0	3
ENSG00000198671	ENSG00000198671	GroupB_exclusive			TK91,TK92,TK93	SNV	0	3
ENSG00000203258	ENSG00000203258	GroupB_exclusive			TK10,TK91,TK93	SNV	0	3
ENSG00000203279	ENSG00000203279	GroupB_exclusive			TK91,TK92,TK93	SNV	0	3
ENSG00000203620	ENSG00000203620	GroupB_exclusive			TK10,TK18,TK91	SNV	0	3
ENSG00000204398	ENSG00000204398	GroupB_exclusive			TK18,TK91,TK93	SNV	0	3
ENSG00000205682	ENSG00000205682	GroupB_exclusive			TK91,TK92,TK93	SNV	0	3
ENSG00000207022	ENSG00000207022	GroupB_exclusive			TK18,TK92,TK93	SNV	0	3
ENSG00000207407	ENSG00000207407	GroupB_exclusive			TK91,TK92,TK93	SNV	0	3
ENSG00000212293	ENSG00000212293	GroupB_exclusive			TK91,TK92,TK93	SNV	0	3
ENSG00000212461	ENSG00000212461	GroupB_exclusive			TK91,TK92,TK93	INDEL,SNV	0	3
ENSG00000213204	ENSG00000213204	GroupB_exclusive			TK10,TK92,TK93	SNV	0	3
ENSG00000213331	ENSG00000213331	GroupB_exclusive			TK91,TK92,TK93	SNV	0	3
ENSG00000214067	ENSG00000214067	GroupB_exclusive			TK91,TK92,TK93	SNV	0	3
ENSG00000214748	ENSG00000214748	GroupB_exclusive			TK91,TK92,TK93	SNV	0	3
ENSG00000214908	ENSG00000214908	GroupB_exclusive			TK18,TK91,TK92	SNV	0	3
ENSG00000215097	ENSG00000215097	GroupB_exclusive			TK10,TK92,TK93	SNV	0	3
ENSG00000215567	ENSG00000215567	GroupB_exclusive			TK91,TK92,TK93	SNV	0	3
ENSG00000215871	ENSG00000215871	GroupB_exclusive			TK91,TK92,TK93	SNV	0	3
ENSG00000216813	ENSG00000216813	GroupB_exclusive			TK91,TK92,TK93	SNV	0	3
ENSG00000217769	ENSG00000217769	GroupB_exclusive			TK10,TK91,TK92	SNV	0	3
ENSG00000218107	ENSG00000218107	GroupB_exclusive			TK12,TK91,TK93	SNV	0	3
ENSG00000218713	ENSG00000218713	GroupB_exclusive			TK12,TK91,TK92	SNV	0	3
ENSG00000219445	ENSG00000219445	GroupB_exclusive			TK91,TK92,TK93	SNV	0	3
ENSG00000219699	ENSG00000219699	GroupB_exclusive			TK91,TK92,TK93	SNV	0	3
ENSG00000220446	ENSG00000220446	GroupB_exclusive			TK91,TK92,TK93	SNV	0	3
ENSG00000220695	ENSG00000220695	GroupB_exclusive			TK91,TK92,TK93	SNV	0	3
ENSG00000220748	ENSG00000220748	GroupB_exclusive			TK91,TK92,TK93	SNV	0	3
ENSG00000223353	ENSG00000223353	GroupB_exclusive			TK12,TK91,TK93	SNV	0	3
ENSG00000223450	ENSG00000223450	GroupB_exclusive			TK91,TK92,TK93	SNV	0	3
ENSG00000223492	ENSG00000223492	GroupB_exclusive			TK91,TK92,TK93	SNV	0	3
ENSG00000223502	ENSG00000223502	GroupB_exclusive			TK10,TK91,TK92	SNV	0	3
ENSG00000223503	ENSG00000223503	GroupB_exclusive			TK10,TK92,TK93	INDEL,SNV	0	3
ENSG00000223522	ENSG00000223522	GroupB_exclusive			TK10,TK91,TK92	SNV	0	3
ENSG00000223542	ENSG00000223542	GroupB_exclusive			TK91,TK92,TK93	SNV	0	3
ENSG00000223570	ENSG00000223570	GroupB_exclusive			TK91,TK92,TK93	SNV	0	3
ENSG00000223991	ENSG00000223991	GroupB_exclusive			TK91,TK92,TK93	SNV	0	3
ENSG00000224342	ENSG00000224342	GroupB_exclusive			TK10,TK92,TK93	SNV	0	3
ENSG00000224478	ENSG00000224478	GroupB_exclusive			TK18,TK92,TK93	SNV	0	3
ENSG00000224570	ENSG00000224570	GroupB_exclusive			TK91,TK92,TK93	SNV	0	3
ENSG00000224649	ENSG00000224649	GroupB_exclusive			TK10,TK18,TK93	SNV	0	3
ENSG00000224667	ENSG00000224667	GroupB_exclusive			TK10,TK91,TK92	INDEL,SNV	0	3
ENSG00000224715	ENSG00000224715	GroupB_exclusive			TK91,TK92,TK93	SNV	0	3
ENSG00000224884	ENSG00000224884	GroupB_exclusive			TK18,TK91,TK93	SNV	0	3
ENSG00000224967	ENSG00000224967	GroupB_exclusive			TK18,TK92,TK93	SNV	0	3
ENSG00000225017	ENSG00000225017	GroupB_exclusive			TK91,TK92,TK93	SNV	0	3
ENSG00000225078	ENSG00000225078	GroupB_exclusive			TK12,TK92,TK93	SNV	0	3
ENSG00000225084	ENSG00000225084	GroupB_exclusive			TK91,TK92,TK93	SNV	0	3
ENSG00000225092	ENSG00000225092	GroupB_exclusive			TK91,TK92,TK93	INDEL,SNV	0	3
ENSG00000225140	ENSG00000225140	GroupB_exclusive			TK91,TK92,TK93	SNV	0	3
ENSG00000225170	ENSG00000225170	GroupB_exclusive			TK10,TK92,TK93	SNV	0	3
ENSG00000225195	ENSG00000225195	GroupB_exclusive			TK91,TK92,TK93	SNV	0	3
ENSG00000225303	ENSG00000225303	GroupB_exclusive			TK91,TK92,TK93	SNV	0	3
ENSG00000225311	ENSG00000225311	GroupB_exclusive			TK91,TK92,TK93	INDEL,SNV	0	3
ENSG00000225330	ENSG00000225330	GroupB_exclusive			TK91,TK92,TK93	SNV	0	3
ENSG00000225385	ENSG00000225385	GroupB_exclusive			TK18,TK92,TK93	SNV	0	3
ENSG00000225393	ENSG00000225393	GroupB_exclusive			TK91,TK92,TK93	INDEL,SNV	0	3
ENSG00000225505	ENSG00000225505	GroupB_exclusive			TK91,TK92,TK93	INDEL,SNV	0	3
ENSG00000225655	ENSG00000225655	GroupB_exclusive			TK10,TK91,TK93	SNV	0	3
ENSG00000225680	ENSG00000225680	GroupB_exclusive			TK91,TK92,TK93	SNV	0	3
ENSG00000225711	ENSG00000225711	GroupB_exclusive			TK91,TK92,TK93	SNV	0	3
ENSG00000225750	ENSG00000225750	GroupB_exclusive			TK10,TK91,TK92	SNV	0	3
ENSG00000225752	ENSG00000225752	GroupB_exclusive			TK91,TK92,TK93	SNV	0	3
ENSG00000226281	ENSG00000226281	GroupB_exclusive			TK10,TK91,TK93	SNV	0	3
ENSG00000226398	ENSG00000226398	GroupB_exclusive			TK18,TK91,TK92	INDEL,SNV	0	3
ENSG00000226438	ENSG00000226438	GroupB_exclusive			TK91,TK92,TK93	INDEL,SNV	0	3
ENSG00000226526	ENSG00000226526	GroupB_exclusive			TK10,TK12,TK92	SNV	0	3
ENSG00000226680	ENSG00000226680	GroupB_exclusive			TK10,TK91,TK92	SNV	0	3
ENSG00000226899	ENSG00000226899	GroupB_exclusive			TK91,TK92,TK93	SNV	0	3
ENSG00000227017	ENSG00000227017	GroupB_exclusive			TK91,TK92,TK93	SNV	0	3
ENSG00000227068	ENSG00000227068	GroupB_exclusive			TK91,TK92,TK93	SNV	0	3
ENSG00000227075	ENSG00000227075	GroupB_exclusive			TK10,TK91,TK92	SNV	0	3
ENSG00000227088	ENSG00000227088	GroupB_exclusive			TK12,TK18,TK91	SNV	0	3
ENSG00000227098	ENSG00000227098	GroupB_exclusive			TK91,TK92,TK93	SNV	0	3
ENSG00000227107	ENSG00000227107	GroupB_exclusive			TK18,TK91,TK92	INDEL,SNV	0	3
ENSG00000227279	ENSG00000227279	GroupB_exclusive			TK10,TK91,TK92	SNV	0	3
ENSG00000227307	ENSG00000227307	GroupB_exclusive			TK91,TK92,TK93	SNV	0	3
ENSG00000227482	ENSG00000227482	GroupB_exclusive			TK91,TK92,TK93	SNV	0	3
ENSG00000227710	ENSG00000227710	GroupB_exclusive			TK91,TK92,TK93	SNV	0	3
ENSG00000227745	ENSG00000227745	GroupB_exclusive			TK18,TK91,TK92	SNV	0	3
ENSG00000227748	ENSG00000227748	GroupB_exclusive			TK91,TK92,TK93	SNV	0	3
ENSG00000227809	ENSG00000227809	GroupB_exclusive			TK91,TK92,TK93	SNV	0	3
ENSG00000227960	ENSG00000227960	GroupB_exclusive			TK91,TK92,TK93	SNV	0	3
ENSG00000228086	ENSG00000228086	GroupB_exclusive			TK91,TK92,TK93	SNV	0	3
ENSG00000228153	ENSG00000228153	GroupB_exclusive			TK91,TK92,TK93	SNV	0	3
ENSG00000228255	ENSG00000228255	GroupB_exclusive			TK10,TK92,TK93	INDEL,SNV	0	3
ENSG00000228351	ENSG00000228351	GroupB_exclusive			TK12,TK91,TK92	SNV	0	3
ENSG00000228354	ENSG00000228354	GroupB_exclusive			TK91,TK92,TK93	SNV	0	3
ENSG00000228423	ENSG00000228423	GroupB_exclusive			TK91,TK92,TK93	INDEL,SNV	0	3
ENSG00000228573	ENSG00000228573	GroupB_exclusive			TK18,TK92,TK93	SNV	0	3
ENSG00000228596	ENSG00000228596	GroupB_exclusive			TK18,TK92,TK93	SNV	0	3
ENSG00000228625	ENSG00000228625	GroupB_exclusive			TK91,TK92,TK93	INDEL,SNV	0	3
ENSG00000228675	ENSG00000228675	GroupB_exclusive			TK91,TK92,TK93	SNV	0	3
ENSG00000228729	ENSG00000228729	GroupB_exclusive			TK91,TK92,TK93	SNV	0	3
ENSG00000228739	ENSG00000228739	GroupB_exclusive			TK91,TK92,TK93	SNV	0	3
ENSG00000228809	ENSG00000228809	GroupB_exclusive			TK91,TK92,TK93	SNV	0	3
ENSG00000228988	ENSG00000228988	GroupB_exclusive			TK91,TK92,TK93	SNV	0	3
ENSG00000229021	ENSG00000229021	GroupB_exclusive			TK10,TK12,TK92	SNV	0	3
ENSG00000229052	ENSG00000229052	GroupB_exclusive			TK91,TK92,TK93	INDEL,SNV	0	3
ENSG00000229227	ENSG00000229227	GroupB_exclusive			TK91,TK92,TK93	SNV	0	3
ENSG00000229261	ENSG00000229261	GroupB_exclusive			TK10,TK92,TK93	SNV	0	3
ENSG00000229458	ENSG00000229458	GroupB_exclusive			TK91,TK92,TK93	SNV	0	3
ENSG00000229721	ENSG00000229721	GroupB_exclusive			TK10,TK91,TK93	SNV	0	3
ENSG00000229727	ENSG00000229727	GroupB_exclusive			TK91,TK92,TK93	INDEL,SNV	0	3
ENSG00000229882	ENSG00000229882	GroupB_exclusive			TK18,TK91,TK93	SNV	0	3
ENSG00000230105	ENSG00000230105	GroupB_exclusive			TK91,TK92,TK93	SNV	0	3
ENSG00000230221	ENSG00000230221	GroupB_exclusive			TK91,TK92,TK93	SNV	0	3
ENSG00000230322	ENSG00000230322	GroupB_exclusive			TK91,TK92,TK93	INDEL,SNV	0	3
ENSG00000230428	ENSG00000230428	GroupB_exclusive			TK10,TK91,TK92	SNV	0	3
ENSG00000230472	ENSG00000230472	GroupB_exclusive			TK91,TK92,TK93	SNV	0	3
ENSG00000230696	ENSG00000230696	GroupB_exclusive			TK91,TK92,TK93	INDEL,SNV	0	3
ENSG00000230773	ENSG00000230773	GroupB_exclusive			TK10,TK91,TK93	SNV	0	3
ENSG00000230794	ENSG00000230794	GroupB_exclusive			TK91,TK92,TK93	SNV	0	3
ENSG00000230835	ENSG00000230835	GroupB_exclusive			TK10,TK18,TK92	SNV	0	3
ENSG00000230920	ENSG00000230920	GroupB_exclusive			TK91,TK92,TK93	SNV	0	3
ENSG00000230929	ENSG00000230929	GroupB_exclusive			TK91,TK92,TK93	SNV	0	3
ENSG00000231266	ENSG00000231266	GroupB_exclusive			TK91,TK92,TK93	SNV	0	3
ENSG00000231271	ENSG00000231271	GroupB_exclusive			TK18,TK92,TK93	INDEL,SNV	0	3
ENSG00000231295	ENSG00000231295	GroupB_exclusive			TK91,TK92,TK93	INDEL,SNV	0	3
ENSG00000231317	ENSG00000231317	GroupB_exclusive			TK18,TK92,TK93	SNV	0	3
ENSG00000231329	ENSG00000231329	GroupB_exclusive			TK91,TK92,TK93	INDEL,SNV	0	3
ENSG00000231403	ENSG00000231403	GroupB_exclusive			TK91,TK92,TK93	SNV	0	3
ENSG00000231454	ENSG00000231454	GroupB_exclusive			TK10,TK91,TK92	SNV	0	3
ENSG00000231460	ENSG00000231460	GroupB_exclusive			TK91,TK92,TK93	SNV	0	3
ENSG00000231509	ENSG00000231509	GroupB_exclusive			TK91,TK92,TK93	INDEL,SNV	0	3
ENSG00000231691	ENSG00000231691	GroupB_exclusive			TK10,TK91,TK93	SNV	0	3
ENSG00000231992	ENSG00000231992	GroupB_exclusive			TK91,TK92,TK93	SNV	0	3
ENSG00000232130	ENSG00000232130	GroupB_exclusive			TK91,TK92,TK93	SNV	0	3
ENSG00000232290	ENSG00000232290	GroupB_exclusive			TK91,TK92,TK93	SNV	0	3
ENSG00000232471	ENSG00000232471	GroupB_exclusive			TK91,TK92,TK93	INDEL,SNV	0	3
ENSG00000232528	ENSG00000232528	GroupB_exclusive			TK18,TK91,TK93	INDEL,SNV	0	3
ENSG00000232719	ENSG00000232719	GroupB_exclusive			TK10,TK92,TK93	INDEL,SNV	0	3
ENSG00000232935	ENSG00000232935	GroupB_exclusive			TK91,TK92,TK93	SNV	0	3
ENSG00000233018	ENSG00000233018	GroupB_exclusive			TK91,TK92,TK93	SNV	0	3
ENSG00000233021	ENSG00000233021	GroupB_exclusive			TK91,TK92,TK93	INDEL,SNV	0	3
ENSG00000233288	ENSG00000233288	GroupB_exclusive			TK91,TK92,TK93	INDEL,SNV	0	3
ENSG00000233340	ENSG00000233340	GroupB_exclusive			TK91,TK92,TK93	SNV	0	3
ENSG00000234021	ENSG00000234021	GroupB_exclusive			TK91,TK92,TK93	INDEL,SNV	0	3
ENSG00000234085	ENSG00000234085	GroupB_exclusive			TK10,TK91,TK92	SNV	0	3
ENSG00000234136	ENSG00000234136	GroupB_exclusive			TK10,TK91,TK92	SNV	0	3
ENSG00000234141	ENSG00000234141	GroupB_exclusive			TK12,TK18,TK91	SNV	0	3
ENSG00000234147	ENSG00000234147	GroupB_exclusive			TK91,TK92,TK93	INDEL,SNV	0	3
ENSG00000234175	ENSG00000234175	GroupB_exclusive			TK91,TK92,TK93	SNV	0	3
ENSG00000234273	ENSG00000234273	GroupB_exclusive			TK91,TK92,TK93	INDEL,SNV	0	3
ENSG00000234275	ENSG00000234275	GroupB_exclusive			TK91,TK92,TK93	INDEL,SNV	0	3
ENSG00000234356	ENSG00000234356	GroupB_exclusive			TK91,TK92,TK93	SNV	0	3
ENSG00000234677	ENSG00000234677	GroupB_exclusive			TK91,TK92,TK93	SNV	0	3
ENSG00000234718	ENSG00000234718	GroupB_exclusive			TK91,TK92,TK93	INDEL,SNV	0	3
ENSG00000235038	ENSG00000235038	GroupB_exclusive			TK91,TK92,TK93	SNV	0	3
ENSG00000235066	ENSG00000235066	GroupB_exclusive			TK91,TK92,TK93	SNV	0	3
ENSG00000235096	ENSG00000235096	GroupB_exclusive			TK91,TK92,TK93	SNV	0	3
ENSG00000235281	ENSG00000235281	GroupB_exclusive			TK10,TK92,TK93	SNV	0	3
ENSG00000235292	ENSG00000235292	GroupB_exclusive			TK91,TK92,TK93	INDEL,SNV	0	3
ENSG00000235303	ENSG00000235303	GroupB_exclusive			TK91,TK92,TK93	SNV	0	3
ENSG00000235337	ENSG00000235337	GroupB_exclusive			TK10,TK91,TK92	SNV	0	3
ENSG00000235350	ENSG00000235350	GroupB_exclusive			TK18,TK92,TK93	SNV	0	3
ENSG00000235583	ENSG00000235583	GroupB_exclusive			TK91,TK92,TK93	INDEL,SNV	0	3
ENSG00000235749	ENSG00000235749	GroupB_exclusive			TK12,TK91,TK92	INDEL,SNV	0	3
ENSG00000235902	ENSG00000235902	GroupB_exclusive			TK91,TK92,TK93	SNV	0	3
ENSG00000235991	ENSG00000235991	GroupB_exclusive			TK91,TK92,TK93	SNV	0	3
ENSG00000236064	ENSG00000236064	GroupB_exclusive			TK91,TK92,TK93	SNV	0	3
ENSG00000236154	ENSG00000236154	GroupB_exclusive			TK91,TK92,TK93	INDEL,SNV	0	3
ENSG00000236180	ENSG00000236180	GroupB_exclusive			TK91,TK92,TK93	SNV	0	3
ENSG00000236231	ENSG00000236231	GroupB_exclusive			TK91,TK92,TK93	SNV	0	3
ENSG00000236274	ENSG00000236274	GroupB_exclusive			TK91,TK92,TK93	SNV	0	3
ENSG00000236451	ENSG00000236451	GroupB_exclusive			TK10,TK91,TK93	SNV	0	3
ENSG00000236501	ENSG00000236501	GroupB_exclusive			TK10,TK18,TK93	SNV	0	3
ENSG00000236636	ENSG00000236636	GroupB_exclusive			TK91,TK92,TK93	SNV	0	3
ENSG00000236643	ENSG00000236643	GroupB_exclusive			TK10,TK18,TK93	INDEL,SNV	0	3
ENSG00000236664	ENSG00000236664	GroupB_exclusive			TK18,TK92,TK93	SNV	0	3
ENSG00000236710	ENSG00000236710	GroupB_exclusive			TK10,TK92,TK93	SNV	0	3
ENSG00000236744	ENSG00000236744	GroupB_exclusive			TK91,TK92,TK93	SNV	0	3
ENSG00000236779	ENSG00000236779	GroupB_exclusive			TK91,TK92,TK93	SNV	0	3
ENSG00000236867	ENSG00000236867	GroupB_exclusive			TK91,TK92,TK93	SNV	0	3
ENSG00000236936	ENSG00000236936	GroupB_exclusive			TK91,TK92,TK93	SNV	0	3
ENSG00000236940	ENSG00000236940	GroupB_exclusive			TK91,TK92,TK93	SNV	0	3
ENSG00000236961	ENSG00000236961	GroupB_exclusive			TK91,TK92,TK93	INDEL,SNV	0	3
ENSG00000237019	ENSG00000237019	GroupB_exclusive			TK10,TK91,TK93	SNV	0	3
ENSG00000237167	ENSG00000237167	GroupB_exclusive			TK91,TK92,TK93	SNV	0	3
ENSG00000237176	ENSG00000237176	GroupB_exclusive			TK91,TK92,TK93	INDEL,SNV	0	3
ENSG00000237224	ENSG00000237224	GroupB_exclusive			TK91,TK92,TK93	SNV	0	3
ENSG00000237249	ENSG00000237249	GroupB_exclusive			TK91,TK92,TK93	INDEL,SNV	0	3
ENSG00000237271	ENSG00000237271	GroupB_exclusive			TK91,TK92,TK93	SNV	0	3
ENSG00000237316	ENSG00000237316	GroupB_exclusive			TK91,TK92,TK93	SNV	0	3
ENSG00000237321	ENSG00000237321	GroupB_exclusive			TK91,TK92,TK93	SNV	0	3
ENSG00000237325	ENSG00000237325	GroupB_exclusive			TK91,TK92,TK93	SNV	0	3
ENSG00000237329	ENSG00000237329	GroupB_exclusive			TK91,TK92,TK93	SNV	0	3
ENSG00000237713	ENSG00000237713	GroupB_exclusive			TK91,TK92,TK93	SNV	0	3
ENSG00000237768	ENSG00000237768	GroupB_exclusive			TK91,TK92,TK93	SNV	0	3
ENSG00000237921	ENSG00000237921	GroupB_exclusive			TK91,TK92,TK93	SNV	0	3
ENSG00000237971	ENSG00000237971	GroupB_exclusive			TK91,TK92,TK93	SNV	0	3
ENSG00000238085	ENSG00000238085	GroupB_exclusive			TK91,TK92,TK93	SNV	0	3
ENSG00000238272	ENSG00000238272	GroupB_exclusive			TK91,TK92,TK93	INDEL,SNV	0	3
ENSG00000239005	ENSG00000239005	GroupB_exclusive			TK91,TK92,TK93	SNV	0	3
ENSG00000239381	ENSG00000239381	GroupB_exclusive			TK91,TK92,TK93	SNV	0	3
ENSG00000240056	ENSG00000240056	GroupB_exclusive			TK91,TK92,TK93	INDEL,SNV	0	3
ENSG00000241042	ENSG00000241042	GroupB_exclusive			TK10,TK18,TK91	SNV	0	3
ENSG00000241231	ENSG00000241231	GroupB_exclusive			TK91,TK92,TK93	INDEL,SNV	0	3
ENSG00000241324	ENSG00000241324	GroupB_exclusive			TK91,TK92,TK93	INDEL,SNV	0	3
ENSG00000241449	ENSG00000241449	GroupB_exclusive			TK91,TK92,TK93	INDEL,SNV	0	3
ENSG00000241493	ENSG00000241493	GroupB_exclusive			TK12,TK91,TK92	SNV	0	3
ENSG00000241596	ENSG00000241596	GroupB_exclusive			TK91,TK92,TK93	SNV	0	3
ENSG00000242795	ENSG00000242795	GroupB_exclusive			TK91,TK92,TK93	INDEL,SNV	0	3
ENSG00000243486	ENSG00000243486	GroupB_exclusive			TK91,TK92,TK93	INDEL,SNV	0	3
ENSG00000243621	ENSG00000243621	GroupB_exclusive			TK91,TK92,TK93	SNV	0	3
ENSG00000243781	ENSG00000243781	GroupB_exclusive			TK91,TK92,TK93	SNV	0	3
ENSG00000244604	ENSG00000244604	GroupB_exclusive			TK91,TK92,TK93	SNV	0	3
ENSG00000247311	ENSG00000247311	GroupB_exclusive			TK91,TK92,TK93	INDEL,SNV	0	3
ENSG00000248112	ENSG00000248112	GroupB_exclusive			TK10,TK91,TK93	INDEL,SNV	0	3
ENSG00000248115	ENSG00000248115	GroupB_exclusive			TK91,TK92,TK93	INDEL,SNV	0	3
ENSG00000248138	ENSG00000248138	GroupB_exclusive			TK91,TK92,TK93	INDEL,SNV	0	3
ENSG00000248172	ENSG00000248172	GroupB_exclusive			TK10,TK92,TK93	SNV	0	3
ENSG00000248196	ENSG00000248196	GroupB_exclusive			TK91,TK92,TK93	SNV	0	3
ENSG00000248206	ENSG00000248206	GroupB_exclusive			TK91,TK92,TK93	SNV	0	3
ENSG00000248388	ENSG00000248388	GroupB_exclusive			TK91,TK92,TK93	INDEL,SNV	0	3
ENSG00000248416	ENSG00000248416	GroupB_exclusive			TK10,TK91,TK92	SNV	0	3
ENSG00000248491	ENSG00000248491	GroupB_exclusive			TK10,TK91,TK92	SNV	0	3
ENSG00000248521	ENSG00000248521	GroupB_exclusive			TK18,TK92,TK93	SNV	0	3
ENSG00000248625	ENSG00000248625	GroupB_exclusive			TK91,TK92,TK93	SNV	0	3
ENSG00000248783	ENSG00000248783	GroupB_exclusive			TK18,TK91,TK92	INDEL,SNV	0	3
ENSG00000248967	ENSG00000248967	GroupB_exclusive			TK91,TK92,TK93	SNV	0	3
ENSG00000248984	ENSG00000248984	GroupB_exclusive			TK91,TK92,TK93	SNV	0	3
ENSG00000249006	ENSG00000249006	GroupB_exclusive			TK91,TK92,TK93	SNV	0	3
ENSG00000249019	ENSG00000249019	GroupB_exclusive			TK91,TK92,TK93	SNV	0	3
ENSG00000249052	ENSG00000249052	GroupB_exclusive			TK91,TK92,TK93	SNV	0	3
ENSG00000249388	ENSG00000249388	GroupB_exclusive			TK91,TK92,TK93	INDEL,SNV	0	3
ENSG00000249429	ENSG00000249429	GroupB_exclusive			TK12,TK92,TK93	SNV	0	3
ENSG00000249541	ENSG00000249541	GroupB_exclusive			TK18,TK91,TK93	SNV	0	3
ENSG00000249574	ENSG00000249574	GroupB_exclusive			TK91,TK92,TK93	SNV	0	3
ENSG00000249690	ENSG00000249690	GroupB_exclusive			TK10,TK92,TK93	SNV	0	3
ENSG00000249706	ENSG00000249706	GroupB_exclusive			TK10,TK92,TK93	SNV	0	3
ENSG00000249752	ENSG00000249752	GroupB_exclusive			TK10,TK91,TK92	SNV	0	3
ENSG00000249807	ENSG00000249807	GroupB_exclusive			TK91,TK92,TK93	SNV	0	3
ENSG00000250039	ENSG00000250039	GroupB_exclusive			TK91,TK92,TK93	SNV	0	3
ENSG00000250098	ENSG00000250098	GroupB_exclusive			TK91,TK92,TK93	SNV	0	3
ENSG00000250122	ENSG00000250122	GroupB_exclusive			TK91,TK92,TK93	SNV	0	3
ENSG00000250158	ENSG00000250158	GroupB_exclusive			TK91,TK92,TK93	INDEL,SNV	0	3
ENSG00000250213	ENSG00000250213	GroupB_exclusive			TK91,TK92,TK93	INDEL,SNV	0	3
ENSG00000250214	ENSG00000250214	GroupB_exclusive			TK91,TK92,TK93	SNV	0	3
ENSG00000250282	ENSG00000250282	GroupB_exclusive			TK91,TK92,TK93	SNV	0	3
ENSG00000250315	ENSG00000250315	GroupB_exclusive			TK91,TK92,TK93	SNV	0	3
ENSG00000250330	ENSG00000250330	GroupB_exclusive			TK91,TK92,TK93	SNV	0	3
ENSG00000250338	ENSG00000250338	GroupB_exclusive			TK91,TK92,TK93	SNV	0	3
ENSG00000250383	ENSG00000250383	GroupB_exclusive			TK91,TK92,TK93	INDEL,SNV	0	3
ENSG00000250541	ENSG00000250541	GroupB_exclusive			TK91,TK92,TK93	SNV	0	3
ENSG00000250706	ENSG00000250706	GroupB_exclusive			TK91,TK92,TK93	INDEL,SNV	0	3
ENSG00000250749	ENSG00000250749	GroupB_exclusive			TK91,TK92,TK93	SNV	0	3
ENSG00000250753	ENSG00000250753	GroupB_exclusive			TK18,TK92,TK93	INDEL,SNV	0	3
ENSG00000250877	ENSG00000250877	GroupB_exclusive			TK91,TK92,TK93	SNV	0	3
ENSG00000250945	ENSG00000250945	GroupB_exclusive			TK91,TK92,TK93	INDEL,SNV	0	3
ENSG00000250948	ENSG00000250948	GroupB_exclusive			TK10,TK91,TK93	SNV	0	3
ENSG00000250955	ENSG00000250955	GroupB_exclusive			TK91,TK92,TK93	SNV	0	3
ENSG00000250956	ENSG00000250956	GroupB_exclusive			TK91,TK92,TK93	INDEL	0	3
ENSG00000251062	ENSG00000251062	GroupB_exclusive			TK91,TK92,TK93	SNV	0	3
ENSG00000251250	ENSG00000251250	GroupB_exclusive			TK10,TK18,TK93	SNV	0	3
ENSG00000251264	ENSG00000251264	GroupB_exclusive			TK91,TK92,TK93	SNV	0	3
ENSG00000251330	ENSG00000251330	GroupB_exclusive			TK91,TK92,TK93	SNV	0	3
ENSG00000251354	ENSG00000251354	GroupB_exclusive			TK91,TK92,TK93	SNV	0	3
ENSG00000251388	ENSG00000251388	GroupB_exclusive			TK91,TK92,TK93	INDEL,SNV	0	3
ENSG00000251523	ENSG00000251523	GroupB_exclusive			TK91,TK92,TK93	INDEL,SNV	0	3
ENSG00000251555	ENSG00000251555	GroupB_exclusive			TK91,TK92,TK93	INDEL,SNV	0	3
ENSG00000251579	ENSG00000251579	GroupB_exclusive			TK91,TK92,TK93	SNV	0	3
ENSG00000251654	ENSG00000251654	GroupB_exclusive			TK91,TK92,TK93	INDEL,SNV	0	3
ENSG00000252774	ENSG00000252774	GroupB_exclusive			TK91,TK92,TK93	SNV	0	3
ENSG00000252800	ENSG00000252800	GroupB_exclusive			TK91,TK92,TK93	SNV	0	3
ENSG00000253116	ENSG00000253116	GroupB_exclusive			TK91,TK92,TK93	SNV	0	3
ENSG00000253168	ENSG00000253168	GroupB_exclusive			TK91,TK92,TK93	SNV	0	3
ENSG00000253171	ENSG00000253171	GroupB_exclusive			TK91,TK92,TK93	SNV	0	3
ENSG00000253256	ENSG00000253256	GroupB_exclusive			TK91,TK92,TK93	SNV	0	3
ENSG00000253281	ENSG00000253281	GroupB_exclusive			TK10,TK18,TK93	SNV	0	3
ENSG00000253288	ENSG00000253288	GroupB_exclusive			TK10,TK91,TK93	SNV	0	3
ENSG00000253317	ENSG00000253317	GroupB_exclusive			TK91,TK92,TK93	SNV	0	3
ENSG00000253326	ENSG00000253326	GroupB_exclusive			TK18,TK91,TK92	INDEL,SNV	0	3
ENSG00000253333	ENSG00000253333	GroupB_exclusive			TK91,TK92,TK93	SNV	0	3
ENSG00000253358	ENSG00000253358	GroupB_exclusive			TK91,TK92,TK93	SNV	0	3
ENSG00000253475	ENSG00000253475	GroupB_exclusive			TK91,TK92,TK93	SNV	0	3
ENSG00000253503	ENSG00000253503	GroupB_exclusive			TK10,TK91,TK92	SNV	0	3
ENSG00000253519	ENSG00000253519	GroupB_exclusive			TK91,TK92,TK93	INDEL,SNV	0	3
ENSG00000253524	ENSG00000253524	GroupB_exclusive			TK91,TK92,TK93	INDEL,SNV	0	3
ENSG00000253550	ENSG00000253550	GroupB_exclusive			TK91,TK92,TK93	SNV	0	3
ENSG00000253558	ENSG00000253558	GroupB_exclusive			TK91,TK92,TK93	SNV	0	3
ENSG00000253680	ENSG00000253680	GroupB_exclusive			TK91,TK92,TK93	SNV	0	3
ENSG00000253762	ENSG00000253762	GroupB_exclusive			TK10,TK91,TK92	INDEL,SNV	0	3
ENSG00000253766	ENSG00000253766	GroupB_exclusive			TK91,TK92,TK93	INDEL,SNV	0	3
ENSG00000253844	ENSG00000253844	GroupB_exclusive			TK18,TK91,TK93	SNV	0	3
ENSG00000253949	ENSG00000253949	GroupB_exclusive			TK91,TK92,TK93	SNV	0	3
ENSG00000254019	ENSG00000254019	GroupB_exclusive			TK10,TK91,TK93	SNV	0	3
ENSG00000254041	ENSG00000254041	GroupB_exclusive			TK91,TK92,TK93	INDEL,SNV	0	3
ENSG00000254143	ENSG00000254143	GroupB_exclusive			TK91,TK92,TK93	SNV	0	3
ENSG00000254180	ENSG00000254180	GroupB_exclusive			TK12,TK92,TK93	SNV	0	3
ENSG00000254251	ENSG00000254251	GroupB_exclusive			TK10,TK91,TK93	INDEL,SNV	0	3
ENSG00000254278	ENSG00000254278	GroupB_exclusive			TK91,TK92,TK93	SNV	0	3
ENSG00000254288	ENSG00000254288	GroupB_exclusive			TK91,TK92,TK93	SNV	0	3
ENSG00000254315	ENSG00000254315	GroupB_exclusive			TK10,TK91,TK92	SNV	0	3
ENSG00000254394	ENSG00000254394	GroupB_exclusive			TK10,TK91,TK93	SNV	0	3
ENSG00000254434	ENSG00000254434	GroupB_exclusive			TK91,TK92,TK93	SNV	0	3
ENSG00000254458	ENSG00000254458	GroupB_exclusive			TK12,TK18,TK91	SNV	0	3
ENSG00000254460	ENSG00000254460	GroupB_exclusive			TK91,TK92,TK93	SNV	0	3
ENSG00000254511	ENSG00000254511	GroupB_exclusive			TK10,TK12,TK91	SNV	0	3
ENSG00000254604	ENSG00000254604	GroupB_exclusive			TK18,TK92,TK93	SNV	0	3
ENSG00000254645	ENSG00000254645	GroupB_exclusive			TK10,TK91,TK92	SNV	0	3
ENSG00000254649	ENSG00000254649	GroupB_exclusive			TK91,TK92,TK93	SNV	0	3
ENSG00000254719	ENSG00000254719	GroupB_exclusive			TK10,TK91,TK93	SNV	0	3
ENSG00000254730	ENSG00000254730	GroupB_exclusive			TK91,TK92,TK93	INDEL,SNV	0	3
ENSG00000254734	ENSG00000254734	GroupB_exclusive			TK91,TK92,TK93	SNV	0	3
ENSG00000254765	ENSG00000254765	GroupB_exclusive			TK91,TK92,TK93	SNV	0	3
ENSG00000254839	ENSG00000254839	GroupB_exclusive			TK91,TK92,TK93	INDEL,SNV	0	3
ENSG00000254851	ENSG00000254851	GroupB_exclusive			TK91,TK92,TK93	SNV	0	3
ENSG00000254939	ENSG00000254939	GroupB_exclusive			TK91,TK92,TK93	INDEL,SNV	0	3
ENSG00000254942	ENSG00000254942	GroupB_exclusive			TK18,TK91,TK92	SNV	0	3
ENSG00000255067	ENSG00000255067	GroupB_exclusive			TK91,TK92,TK93	SNV	0	3
ENSG00000255107	ENSG00000255107	GroupB_exclusive			TK91,TK92,TK93	INDEL,SNV	0	3
ENSG00000255246	ENSG00000255246	GroupB_exclusive			TK91,TK92,TK93	SNV	0	3
ENSG00000255296	ENSG00000255296	GroupB_exclusive			TK91,TK92,TK93	SNV	0	3
ENSG00000255321	ENSG00000255321	GroupB_exclusive			TK91,TK92,TK93	SNV	0	3
ENSG00000255446	ENSG00000255446	GroupB_exclusive			TK12,TK18,TK92	SNV	0	3
ENSG00000255462	ENSG00000255462	GroupB_exclusive			TK91,TK92,TK93	SNV	0	3
ENSG00000255480	ENSG00000255480	GroupB_exclusive			TK91,TK92,TK93	SNV	0	3
ENSG00000255555	ENSG00000255555	GroupB_exclusive			TK91,TK92,TK93	SNV	0	3
ENSG00000255856	ENSG00000255856	GroupB_exclusive			TK10,TK92,TK93	INDEL,SNV	0	3
ENSG00000255893	ENSG00000255893	GroupB_exclusive			TK10,TK12,TK93	SNV	0	3
ENSG00000255928	ENSG00000255928	GroupB_exclusive			TK91,TK92,TK93	SNV	0	3
ENSG00000255965	ENSG00000255965	GroupB_exclusive			TK91,TK92,TK93	SNV	0	3
ENSG00000256249	ENSG00000256249	GroupB_exclusive			TK91,TK92,TK93	INDEL,SNV	0	3
ENSG00000256314	ENSG00000256314	GroupB_exclusive			TK91,TK92,TK93	SNV	0	3
ENSG00000256450	ENSG00000256450	GroupB_exclusive			TK91,TK92,TK93	SNV	0	3
ENSG00000256588	ENSG00000256588	GroupB_exclusive			TK91,TK92,TK93	SNV	0	3
ENSG00000256803	ENSG00000256803	GroupB_exclusive			TK18,TK91,TK93	INDEL,SNV	0	3
ENSG00000256969	ENSG00000256969	GroupB_exclusive			TK91,TK92,TK93	SNV	0	3
ENSG00000256975	ENSG00000256975	GroupB_exclusive			TK91,TK92,TK93	SNV	0	3
ENSG00000257298	ENSG00000257298	GroupB_exclusive			TK91,TK92,TK93	SNV	0	3
ENSG00000257391	ENSG00000257391	GroupB_exclusive			TK91,TK92,TK93	SNV	0	3
ENSG00000257438	ENSG00000257438	GroupB_exclusive			TK91,TK92,TK93	INDEL,SNV	0	3
ENSG00000257616	ENSG00000257616	GroupB_exclusive			TK91,TK92,TK93	SNV	0	3
ENSG00000257657	ENSG00000257657	GroupB_exclusive			TK91,TK92,TK93	SNV	0	3
ENSG00000257682	ENSG00000257682	GroupB_exclusive			TK91,TK92,TK93	SNV	0	3
ENSG00000257761	ENSG00000257761	GroupB_exclusive			TK10,TK92,TK93	SNV	0	3
ENSG00000257769	ENSG00000257769	GroupB_exclusive			TK91,TK92,TK93	SNV	0	3
ENSG00000257896	ENSG00000257896	GroupB_exclusive			TK10,TK18,TK93	SNV	0	3
ENSG00000257910	ENSG00000257910	GroupB_exclusive			TK12,TK18,TK93	SNV	0	3
ENSG00000257943	ENSG00000257943	GroupB_exclusive			TK91,TK92,TK93	INDEL,SNV	0	3
ENSG00000257947	ENSG00000257947	GroupB_exclusive			TK91,TK92,TK93	SNV	0	3
ENSG00000257962	ENSG00000257962	GroupB_exclusive			TK10,TK91,TK93	INDEL,SNV	0	3
ENSG00000257964	ENSG00000257964	GroupB_exclusive			TK10,TK92,TK93	SNV	0	3
ENSG00000258010	ENSG00000258010	GroupB_exclusive			TK91,TK92,TK93	SNV	0	3
ENSG00000258012	ENSG00000258012	GroupB_exclusive			TK10,TK91,TK92	INDEL,SNV	0	3
ENSG00000258028	ENSG00000258028	GroupB_exclusive			TK91,TK92,TK93	INDEL,SNV	0	3
ENSG00000258034	ENSG00000258034	GroupB_exclusive			TK12,TK91,TK92	SNV	0	3
ENSG00000258044	ENSG00000258044	GroupB_exclusive			TK91,TK92,TK93	SNV	0	3
ENSG00000258204	ENSG00000258204	GroupB_exclusive			TK91,TK92,TK93	SNV	0	3
ENSG00000258225	ENSG00000258225	GroupB_exclusive			TK18,TK92,TK93	INDEL,SNV	0	3
ENSG00000258272	ENSG00000258272	GroupB_exclusive			TK10,TK92,TK93	INDEL,SNV	0	3
ENSG00000258308	ENSG00000258308	GroupB_exclusive			TK18,TK92,TK93	SNV	0	3
ENSG00000258312	ENSG00000258312	GroupB_exclusive			TK10,TK18,TK91	SNV	0	3
ENSG00000258337	ENSG00000258337	GroupB_exclusive			TK91,TK92,TK93	INDEL,SNV	0	3
ENSG00000258416	ENSG00000258416	GroupB_exclusive			TK18,TK92,TK93	SNV	0	3
ENSG00000258490	ENSG00000258490	GroupB_exclusive			TK91,TK92,TK93	SNV	0	3
ENSG00000258580	ENSG00000258580	GroupB_exclusive			TK10,TK91,TK92	SNV	0	3
ENSG00000258581	ENSG00000258581	GroupB_exclusive			TK10,TK91,TK93	SNV	0	3
ENSG00000258601	ENSG00000258601	GroupB_exclusive			TK91,TK92,TK93	SNV	0	3
ENSG00000258620	ENSG00000258620	GroupB_exclusive			TK12,TK92,TK93	SNV	0	3
ENSG00000258698	ENSG00000258698	GroupB_exclusive			TK10,TK18,TK92	SNV	0	3
ENSG00000258729	ENSG00000258729	GroupB_exclusive			TK91,TK92,TK93	SNV	0	3
ENSG00000258752	ENSG00000258752	GroupB_exclusive			TK91,TK92,TK93	INDEL,SNV	0	3
ENSG00000258758	ENSG00000258758	GroupB_exclusive			TK91,TK92,TK93	SNV	0	3
ENSG00000258807	ENSG00000258807	GroupB_exclusive			TK91,TK92,TK93	SNV	0	3
ENSG00000258837	ENSG00000258837	GroupB_exclusive			TK91,TK92,TK93	SNV	0	3
ENSG00000258881	ENSG00000258881	GroupB_exclusive			TK10,TK92,TK93	SNV	0	3
ENSG00000258918	ENSG00000258918	GroupB_exclusive			TK10,TK92,TK93	SNV	0	3
ENSG00000258930	ENSG00000258930	GroupB_exclusive			TK91,TK92,TK93	SNV	0	3
ENSG00000259013	ENSG00000259013	GroupB_exclusive			TK91,TK92,TK93	SNV	0	3
ENSG00000259079	ENSG00000259079	GroupB_exclusive			TK10,TK91,TK93	SNV	0	3
ENSG00000259136	ENSG00000259136	GroupB_exclusive			TK91,TK92,TK93	SNV	0	3
ENSG00000259177	ENSG00000259177	GroupB_exclusive			TK91,TK92,TK93	INDEL,SNV	0	3
ENSG00000259178	ENSG00000259178	GroupB_exclusive			TK10,TK91,TK93	INDEL,SNV	0	3
ENSG00000259198	ENSG00000259198	GroupB_exclusive			TK91,TK92,TK93	INDEL,SNV	0	3
ENSG00000259202	ENSG00000259202	GroupB_exclusive			TK91,TK92,TK93	SNV	0	3
ENSG00000259252	ENSG00000259252	GroupB_exclusive			TK91,TK92,TK93	INDEL,SNV	0	3
ENSG00000259269	ENSG00000259269	GroupB_exclusive			TK91,TK92,TK93	SNV	0	3
ENSG00000259276	ENSG00000259276	GroupB_exclusive			TK91,TK92,TK93	SNV	0	3
ENSG00000259356	ENSG00000259356	GroupB_exclusive			TK91,TK92,TK93	SNV	0	3
ENSG00000259364	ENSG00000259364	GroupB_exclusive			TK91,TK92,TK93	SNV	0	3
ENSG00000259368	ENSG00000259368	GroupB_exclusive			TK10,TK92,TK93	INDEL,SNV	0	3
ENSG00000259397	ENSG00000259397	GroupB_exclusive			TK10,TK92,TK93	SNV	0	3
ENSG00000259505	ENSG00000259505	GroupB_exclusive			TK91,TK92,TK93	SNV	0	3
ENSG00000259532	ENSG00000259532	GroupB_exclusive			TK91,TK92,TK93	SNV	0	3
ENSG00000259563	ENSG00000259563	GroupB_exclusive			TK12,TK91,TK92	INDEL,SNV	0	3
ENSG00000259632	ENSG00000259632	GroupB_exclusive			TK91,TK92,TK93	SNV	0	3
ENSG00000259669	ENSG00000259669	GroupB_exclusive			TK91,TK92,TK93	SNV	0	3
ENSG00000259682	ENSG00000259682	GroupB_exclusive			TK91,TK92,TK93	SNV	0	3
ENSG00000259735	ENSG00000259735	GroupB_exclusive			TK91,TK92,TK93	SNV	0	3
ENSG00000259828	ENSG00000259828	GroupB_exclusive			TK91,TK92,TK93	INDEL,SNV	0	3
ENSG00000259869	ENSG00000259869	GroupB_exclusive			TK91,TK92,TK93	INDEL,SNV	0	3
ENSG00000259935	ENSG00000259935	GroupB_exclusive			TK12,TK18,TK92	SNV	0	3
ENSG00000259967	ENSG00000259967	GroupB_exclusive			TK91,TK92,TK93	INDEL,SNV	0	3
ENSG00000259999	ENSG00000259999	GroupB_exclusive			TK91,TK92,TK93	SNV	0	3
ENSG00000260035	ENSG00000260035	GroupB_exclusive			TK12,TK18,TK92	SNV	0	3
ENSG00000260038	ENSG00000260038	GroupB_exclusive			TK10,TK91,TK92	SNV	0	3
ENSG00000260064	ENSG00000260064	GroupB_exclusive			TK10,TK91,TK92	SNV	0	3
ENSG00000260073	ENSG00000260073	GroupB_exclusive			TK10,TK92,TK93	SNV	0	3
ENSG00000260183	ENSG00000260183	GroupB_exclusive			TK10,TK12,TK93	SNV	0	3
ENSG00000260190	ENSG00000260190	GroupB_exclusive			TK91,TK92,TK93	SNV	0	3
ENSG00000260194	ENSG00000260194	GroupB_exclusive			TK91,TK92,TK93	SNV	0	3
ENSG00000260368	ENSG00000260368	GroupB_exclusive			TK10,TK91,TK93	SNV	0	3
ENSG00000260398	ENSG00000260398	GroupB_exclusive			TK91,TK92,TK93	INDEL,SNV	0	3
ENSG00000260460	ENSG00000260460	GroupB_exclusive			TK10,TK92,TK93	SNV	0	3
ENSG00000260473	ENSG00000260473	GroupB_exclusive			TK91,TK92,TK93	SNV	0	3
ENSG00000260479	ENSG00000260479	GroupB_exclusive			TK91,TK92,TK93	SNV	0	3
ENSG00000260511	ENSG00000260511	GroupB_exclusive			TK91,TK92,TK93	SNV	0	3
ENSG00000260578	ENSG00000260578	GroupB_exclusive			TK91,TK92,TK93	SNV	0	3
ENSG00000260583	ENSG00000260583	GroupB_exclusive			TK91,TK92,TK93	SNV	0	3
ENSG00000260594	ENSG00000260594	GroupB_exclusive			TK91,TK92,TK93	SNV	0	3
ENSG00000260619	ENSG00000260619	GroupB_exclusive			TK91,TK92,TK93	SNV	0	3
ENSG00000260621	ENSG00000260621	GroupB_exclusive			TK91,TK92,TK93	INDEL,SNV	0	3
ENSG00000260672	ENSG00000260672	GroupB_exclusive			TK18,TK91,TK93	SNV	0	3
ENSG00000260733	ENSG00000260733	GroupB_exclusive			TK91,TK92,TK93	INDEL,SNV	0	3
ENSG00000260744	ENSG00000260744	GroupB_exclusive			TK10,TK91,TK93	INDEL,SNV	0	3
ENSG00000260755	ENSG00000260755	GroupB_exclusive			TK10,TK18,TK91	INDEL,SNV	0	3
ENSG00000260782	ENSG00000260782	GroupB_exclusive			TK18,TK91,TK93	SNV	0	3
ENSG00000260810	ENSG00000260810	GroupB_exclusive			TK91,TK92,TK93	SNV	0	3
ENSG00000260877	ENSG00000260877	GroupB_exclusive			TK91,TK92,TK93	SNV	0	3
ENSG00000260970	ENSG00000260970	GroupB_exclusive			TK91,TK92,TK93	SNV	0	3
ENSG00000261058	ENSG00000261058	GroupB_exclusive			TK91,TK92,TK93	SNV	0	3
ENSG00000261232	ENSG00000261232	GroupB_exclusive			TK91,TK92,TK93	INDEL,SNV	0	3
ENSG00000261278	ENSG00000261278	GroupB_exclusive			TK91,TK92,TK93	SNV	0	3
ENSG00000261293	ENSG00000261293	GroupB_exclusive			TK91,TK92,TK93	SNV	0	3
ENSG00000261307	ENSG00000261307	GroupB_exclusive			TK91,TK92,TK93	SNV	0	3
ENSG00000261334	ENSG00000261334	GroupB_exclusive			TK10,TK12,TK93	SNV	0	3
ENSG00000261433	ENSG00000261433	GroupB_exclusive			TK18,TK92,TK93	SNV	0	3
ENSG00000261436	ENSG00000261436	GroupB_exclusive			TK91,TK92,TK93	SNV	0	3
ENSG00000261451	ENSG00000261451	GroupB_exclusive			TK91,TK92,TK93	SNV	0	3
ENSG00000261472	ENSG00000261472	GroupB_exclusive			TK91,TK92,TK93	SNV	0	3
ENSG00000261535	ENSG00000261535	GroupB_exclusive			TK91,TK92,TK93	SNV	0	3
ENSG00000261537	ENSG00000261537	GroupB_exclusive			TK91,TK92,TK93	SNV	0	3
ENSG00000261541	ENSG00000261541	GroupB_exclusive			TK91,TK92,TK93	INDEL,SNV	0	3
ENSG00000261638	ENSG00000261638	GroupB_exclusive			TK12,TK91,TK92	SNV	0	3
ENSG00000261736	ENSG00000261736	GroupB_exclusive			TK10,TK92,TK93	SNV	0	3
ENSG00000261775	ENSG00000261775	GroupB_exclusive			TK91,TK92,TK93	INDEL,SNV	0	3
ENSG00000261837	ENSG00000261837	GroupB_exclusive			TK91,TK92,TK93	SNV	0	3
ENSG00000261842	ENSG00000261842	GroupB_exclusive			TK18,TK92,TK93	SNV	0	3
ENSG00000261848	ENSG00000261848	GroupB_exclusive			TK91,TK92,TK93	SNV	0	3
ENSG00000262094	ENSG00000262094	GroupB_exclusive			TK10,TK91,TK93	SNV	0	3
ENSG00000262119	ENSG00000262119	GroupB_exclusive			TK91,TK92,TK93	SNV	0	3
ENSG00000262198	ENSG00000262198	GroupB_exclusive			TK10,TK91,TK93	SNV	0	3
ENSG00000262445	ENSG00000262445	GroupB_exclusive			TK91,TK92,TK93	SNV	0	3
ENSG00000262456	ENSG00000262456	GroupB_exclusive			TK10,TK91,TK92	SNV	0	3
ENSG00000262801	ENSG00000262801	GroupB_exclusive			TK10,TK91,TK92	SNV	0	3
ENSG00000262815	ENSG00000262815	GroupB_exclusive			TK91,TK92,TK93	SNV	0	3
ENSG00000262833	ENSG00000262833	GroupB_exclusive			TK91,TK92,TK93	SNV	0	3
ENSG00000262950	ENSG00000262950	GroupB_exclusive			TK18,TK92,TK93	SNV	0	3
ENSG00000263051	ENSG00000263051	GroupB_exclusive			TK10,TK91,TK92	INDEL,SNV	0	3
ENSG00000263370	ENSG00000263370	GroupB_exclusive			TK91,TK92,TK93	INDEL,SNV	0	3
ENSG00000263443	ENSG00000263443	GroupB_exclusive			TK10,TK91,TK93	SNV	0	3
ENSG00000263477	ENSG00000263477	GroupB_exclusive			TK91,TK92,TK93	INDEL,SNV	0	3
ENSG00000263707	ENSG00000263707	GroupB_exclusive			TK91,TK92,TK93	INDEL	0	3
ENSG00000264066	ENSG00000264066	GroupB_exclusive			TK10,TK92,TK93	SNV	0	3
ENSG00000264149	ENSG00000264149	GroupB_exclusive			TK91,TK92,TK93	INDEL,SNV	0	3
ENSG00000264150	ENSG00000264150	GroupB_exclusive			TK91,TK92,TK93	INDEL,SNV	0	3
ENSG00000264151	ENSG00000264151	GroupB_exclusive			TK91,TK92,TK93	SNV	0	3
ENSG00000264300	ENSG00000264300	GroupB_exclusive			TK91,TK92,TK93	SNV	0	3
ENSG00000264513	ENSG00000264513	GroupB_exclusive			TK91,TK92,TK93	SNV	0	3
ENSG00000264895	ENSG00000264895	GroupB_exclusive			TK91,TK92,TK93	SNV	0	3
ENSG00000265113	ENSG00000265113	GroupB_exclusive			TK91,TK92,TK93	SNV	0	3
ENSG00000265128	ENSG00000265128	GroupB_exclusive			TK91,TK92,TK93	SNV	0	3
ENSG00000265349	ENSG00000265349	GroupB_exclusive			TK91,TK92,TK93	SNV	0	3
ENSG00000265400	ENSG00000265400	GroupB_exclusive			TK91,TK92,TK93	SNV	0	3
ENSG00000265943	ENSG00000265943	GroupB_exclusive			TK18,TK92,TK93	SNV	0	3
ENSG00000266100	ENSG00000266100	GroupB_exclusive			TK91,TK92,TK93	INDEL,SNV	0	3
ENSG00000266202	ENSG00000266202	GroupB_exclusive			TK91,TK92,TK93	INDEL,SNV	0	3
ENSG00000266222	ENSG00000266222	GroupB_exclusive			TK91,TK92,TK93	INDEL,SNV	0	3
ENSG00000266385	ENSG00000266385	GroupB_exclusive			TK91,TK92,TK93	INDEL,SNV	0	3
ENSG00000266460	ENSG00000266460	GroupB_exclusive			TK10,TK18,TK93	INDEL,SNV	0	3
ENSG00000266573	ENSG00000266573	GroupB_exclusive			TK91,TK92,TK93	SNV	0	3
ENSG00000266877	ENSG00000266877	GroupB_exclusive			TK10,TK92,TK93	SNV	0	3
ENSG00000266907	ENSG00000266907	GroupB_exclusive			TK91,TK92,TK93	SNV	0	3
ENSG00000266941	ENSG00000266941	GroupB_exclusive			TK10,TK91,TK92	SNV	0	3
ENSG00000267056	ENSG00000267056	GroupB_exclusive			TK91,TK92,TK93	INDEL,SNV	0	3
ENSG00000267089	ENSG00000267089	GroupB_exclusive			TK18,TK92,TK93	SNV	0	3
ENSG00000267101	ENSG00000267101	GroupB_exclusive			TK91,TK92,TK93	INDEL,SNV	0	3
ENSG00000267130	ENSG00000267130	GroupB_exclusive			TK18,TK91,TK92	SNV	0	3
ENSG00000267146	ENSG00000267146	GroupB_exclusive			TK91,TK92,TK93	SNV	0	3
ENSG00000267220	ENSG00000267220	GroupB_exclusive			TK91,TK92,TK93	SNV	0	3
ENSG00000267285	ENSG00000267285	GroupB_exclusive			TK91,TK92,TK93	SNV	0	3
ENSG00000267293	ENSG00000267293	GroupB_exclusive			TK91,TK92,TK93	SNV	0	3
ENSG00000267349	ENSG00000267349	GroupB_exclusive			TK18,TK92,TK93	SNV	0	3
ENSG00000267354	ENSG00000267354	GroupB_exclusive			TK91,TK92,TK93	SNV	0	3
ENSG00000267366	ENSG00000267366	GroupB_exclusive			TK91,TK92,TK93	INDEL,SNV	0	3
ENSG00000267388	ENSG00000267388	GroupB_exclusive			TK10,TK91,TK92	INDEL,SNV	0	3
ENSG00000267393	ENSG00000267393	GroupB_exclusive			TK91,TK92,TK93	SNV	0	3
ENSG00000267448	ENSG00000267448	GroupB_exclusive			TK10,TK92,TK93	INDEL,SNV	0	3
ENSG00000267504	ENSG00000267504	GroupB_exclusive			TK91,TK92,TK93	SNV	0	3
ENSG00000267567	ENSG00000267567	GroupB_exclusive			TK91,TK92,TK93	SNV	0	3
ENSG00000267623	ENSG00000267623	GroupB_exclusive			TK10,TK91,TK92	INDEL,SNV	0	3
ENSG00000267646	ENSG00000267646	GroupB_exclusive			TK91,TK92,TK93	SNV	0	3
ENSG00000267651	ENSG00000267651	GroupB_exclusive			TK91,TK92,TK93	INDEL,SNV	0	3
ENSG00000267686	ENSG00000267686	GroupB_exclusive			TK91,TK92,TK93	SNV	0	3
ENSG00000267743	ENSG00000267743	GroupB_exclusive			TK91,TK92,TK93	SNV	0	3
ENSG00000267756	ENSG00000267756	GroupB_exclusive			TK10,TK18,TK92	SNV	0	3
ENSG00000267992	ENSG00000267992	GroupB_exclusive			TK10,TK91,TK92	INDEL,SNV	0	3
ENSG00000268293	ENSG00000268293	GroupB_exclusive			TK10,TK91,TK92	SNV	0	3
ENSG00000268707	ENSG00000268707	GroupB_exclusive			TK10,TK12,TK91	SNV	0	3
ENSG00000268723	ENSG00000268723	GroupB_exclusive			TK91,TK92,TK93	INDEL,SNV	0	3
ENSG00000268742	ENSG00000268742	GroupB_exclusive			TK91,TK92,TK93	SNV	0	3
ENSG00000269421	ENSG00000269421	GroupB_exclusive			TK12,TK18,TK92	INDEL,SNV	0	3
ENSG00000269504	ENSG00000269504	GroupB_exclusive			TK10,TK18,TK93	SNV	0	3
ENSG00000269506	ENSG00000269506	GroupB_exclusive			TK91,TK92,TK93	SNV	0	3
ENSG00000269621	ENSG00000269621	GroupB_exclusive			TK91,TK92,TK93	INDEL,SNV	0	3
ENSG00000269903	ENSG00000269903	GroupB_exclusive			TK18,TK92,TK93	SNV	0	3
ENSG00000270038	ENSG00000270038	GroupB_exclusive			TK12,TK91,TK93	SNV	0	3
ENSG00000270072	ENSG00000270072	GroupB_exclusive			TK91,TK92,TK93	INDEL,SNV	0	3
ENSG00000270115	ENSG00000270115	GroupB_exclusive			TK10,TK91,TK93	SNV	0	3
ENSG00000270139	ENSG00000270139	GroupB_exclusive			TK91,TK92,TK93	SNV	0	3
ENSG00000270159	ENSG00000270159	GroupB_exclusive			TK91,TK92,TK93	SNV	0	3
ENSG00000270190	ENSG00000270190	GroupB_exclusive			TK91,TK92,TK93	SNV	0	3
ENSG00000270236	ENSG00000270236	GroupB_exclusive			TK91,TK92,TK93	INDEL,SNV	0	3
ENSG00000270292	ENSG00000270292	GroupB_exclusive			TK91,TK92,TK93	SNV	0	3
ENSG00000270314	ENSG00000270314	GroupB_exclusive			TK91,TK92,TK93	SNV	0	3
ENSG00000270387	ENSG00000270387	GroupB_exclusive			TK91,TK92,TK93	SNV	0	3
ENSG00000270434	ENSG00000270434	GroupB_exclusive			TK91,TK92,TK93	SNV	0	3
ENSG00000270510	ENSG00000270510	GroupB_exclusive			TK10,TK18,TK91	SNV	0	3
ENSG00000270632	ENSG00000270632	GroupB_exclusive			TK91,TK92,TK93	SNV	0	3
ENSG00000270690	ENSG00000270690	GroupB_exclusive			TK10,TK92,TK93	SNV	0	3
ENSG00000270711	ENSG00000270711	GroupB_exclusive			TK91,TK92,TK93	SNV	0	3
ENSG00000270755	ENSG00000270755	GroupB_exclusive			TK91,TK92,TK93	SNV	0	3
ENSG00000270799	ENSG00000270799	GroupB_exclusive			TK91,TK92,TK93	SNV	0	3
ENSG00000270812	ENSG00000270812	GroupB_exclusive			TK18,TK91,TK92	SNV	0	3
ENSG00000270839	ENSG00000270839	GroupB_exclusive			TK91,TK92,TK93	SNV	0	3
ENSG00000271204	ENSG00000271204	GroupB_exclusive			TK91,TK92,TK93	SNV	0	3
ENSG00000271220	ENSG00000271220	GroupB_exclusive			TK18,TK91,TK92	SNV	0	3
ENSG00000271410	ENSG00000271410	GroupB_exclusive			TK91,TK92,TK93	SNV	0	3
ENSG00000271482	ENSG00000271482	GroupB_exclusive			TK91,TK92,TK93	SNV	0	3
ENSG00000271500	ENSG00000271500	GroupB_exclusive			TK91,TK92,TK93	SNV	0	3
ENSG00000271676	ENSG00000271676	GroupB_exclusive			TK91,TK92,TK93	SNV	0	3
ENSG00000271763	ENSG00000271763	GroupB_exclusive			TK10,TK92,TK93	SNV	0	3
ENSG00000271788	ENSG00000271788	GroupB_exclusive			TK10,TK91,TK93	SNV	0	3
ENSG00000271857	ENSG00000271857	GroupB_exclusive			TK10,TK12,TK18	INDEL,SNV	0	3
ENSG00000271911	ENSG00000271911	GroupB_exclusive			TK91,TK92,TK93	SNV	0	3
ENSG00000272084	ENSG00000272084	GroupB_exclusive			TK91,TK92,TK93	INDEL,SNV	0	3
ENSG00000272094	ENSG00000272094	GroupB_exclusive			TK91,TK92,TK93	SNV	0	3
ENSG00000272100	ENSG00000272100	GroupB_exclusive			TK10,TK18,TK92	SNV	0	3
ENSG00000272144	ENSG00000272144	GroupB_exclusive			TK12,TK91,TK92	INDEL,SNV	0	3
ENSG00000272148	ENSG00000272148	GroupB_exclusive			TK10,TK12,TK91	SNV	0	3
ENSG00000272167	ENSG00000272167	GroupB_exclusive			TK91,TK92,TK93	SNV	0	3
ENSG00000272219	ENSG00000272219	GroupB_exclusive			TK91,TK92,TK93	SNV	0	3
ENSG00000272366	ENSG00000272366	GroupB_exclusive			TK10,TK18,TK91	INDEL,SNV	0	3
ENSG00000272489	ENSG00000272489	GroupB_exclusive			TK91,TK92,TK93	INDEL,SNV	0	3
ENSG00000272583	ENSG00000272583	GroupB_exclusive			TK91,TK92,TK93	SNV	0	3
ENSG00000272807	ENSG00000272807	GroupB_exclusive			TK18,TK91,TK93	SNV	0	3
ENSG00000272824	ENSG00000272824	GroupB_exclusive			TK10,TK91,TK93	SNV	0	3
ENSG00000272834	ENSG00000272834	GroupB_exclusive			TK10,TK18,TK93	INDEL,SNV	0	3
ENSG00000272895	ENSG00000272895	GroupB_exclusive			TK91,TK92,TK93	SNV	0	3
ENSG00000272944	ENSG00000272944	GroupB_exclusive			TK18,TK92,TK93	INDEL,SNV	0	3
ENSG00000273113	ENSG00000273113	GroupB_exclusive			TK91,TK92,TK93	SNV	0	3
ENSG00000273133	ENSG00000273133	GroupB_exclusive			TK10,TK91,TK92	SNV	0	3
ENSG00000273248	ENSG00000273248	GroupB_exclusive			TK91,TK92,TK93	SNV	0	3
ENSG00000273381	ENSG00000273381	GroupB_exclusive			TK18,TK91,TK92	INDEL,SNV	0	3
ENSG00000273451	ENSG00000273451	GroupB_exclusive			TK91,TK92,TK93	SNV	0	3
ENSG00000273485	ENSG00000273485	GroupB_exclusive			TK10,TK92,TK93	SNV	0	3
ENSG00000273580	ENSG00000273580	GroupB_exclusive			TK12,TK91,TK93	SNV	0	3
ENSG00000273675	ENSG00000273675	GroupB_exclusive			TK91,TK92,TK93	INDEL,SNV	0	3
ENSG00000273816	ENSG00000273816	GroupB_exclusive			TK10,TK91,TK92	SNV	0	3
ENSG00000274024	ENSG00000274024	GroupB_exclusive			TK10,TK92,TK93	INDEL,SNV	0	3
ENSG00000274064	ENSG00000274064	GroupB_exclusive			TK91,TK92,TK93	SNV	0	3
ENSG00000274067	ENSG00000274067	GroupB_exclusive			TK10,TK91,TK92	SNV	0	3
ENSG00000274328	ENSG00000274328	GroupB_exclusive			TK91,TK92,TK93	SNV	0	3
ENSG00000274346	ENSG00000274346	GroupB_exclusive			TK91,TK92,TK93	SNV	0	3
ENSG00000274364	ENSG00000274364	GroupB_exclusive			TK10,TK18,TK91	INDEL,SNV	0	3
ENSG00000274515	ENSG00000274515	GroupB_exclusive			TK91,TK92,TK93	INDEL,SNV	0	3
ENSG00000274551	ENSG00000274551	GroupB_exclusive			TK10,TK18,TK92	SNV	0	3
ENSG00000275139	ENSG00000275139	GroupB_exclusive			TK91,TK92,TK93	SNV	0	3
ENSG00000275625	ENSG00000275625	GroupB_exclusive			TK91,TK92,TK93	SNV	0	3
ENSG00000275834	ENSG00000275834	GroupB_exclusive			TK91,TK92,TK93	SNV	0	3
ENSG00000275942	ENSG00000275942	GroupB_exclusive			TK91,TK92,TK93	SNV	0	3
ENSG00000275963	ENSG00000275963	GroupB_exclusive			TK91,TK92,TK93	SNV	0	3
ENSG00000276136	ENSG00000276136	GroupB_exclusive			TK12,TK91,TK92	SNV	0	3
ENSG00000276150	ENSG00000276150	GroupB_exclusive			TK10,TK12,TK18	INDEL,SNV	0	3
ENSG00000276170	ENSG00000276170	GroupB_exclusive			TK18,TK92,TK93	SNV	0	3
ENSG00000276185	ENSG00000276185	GroupB_exclusive			TK91,TK92,TK93	SNV	0	3
ENSG00000276266	ENSG00000276266	GroupB_exclusive			TK91,TK92,TK93	SNV	0	3
ENSG00000276407	ENSG00000276407	GroupB_exclusive			TK91,TK92,TK93	SNV	0	3
ENSG00000276502	ENSG00000276502	GroupB_exclusive			TK10,TK92,TK93	INDEL,SNV	0	3
ENSG00000276663	ENSG00000276663	GroupB_exclusive			TK10,TK92,TK93	SNV	0	3
ENSG00000276702	ENSG00000276702	GroupB_exclusive			TK91,TK92,TK93	SNV	0	3
ENSG00000276744	ENSG00000276744	GroupB_exclusive			TK18,TK92,TK93	SNV	0	3
ENSG00000276771	ENSG00000276771	GroupB_exclusive			TK10,TK18,TK93	INDEL,SNV	0	3
ENSG00000276809	ENSG00000276809	GroupB_exclusive			TK10,TK12,TK92	SNV	0	3
ENSG00000276851	ENSG00000276851	GroupB_exclusive			TK91,TK92,TK93	SNV	0	3
ENSG00000276855	ENSG00000276855	GroupB_exclusive			TK91,TK92,TK93	SNV	0	3
ENSG00000277247	ENSG00000277247	GroupB_exclusive			TK91,TK92,TK93	INDEL,SNV	0	3
ENSG00000277498	ENSG00000277498	GroupB_exclusive			TK18,TK92,TK93	SNV	0	3
ENSG00000277737	ENSG00000277737	GroupB_exclusive			TK91,TK92,TK93	INDEL,SNV	0	3
ENSG00000277922	ENSG00000277922	GroupB_exclusive			TK91,TK92,TK93	SNV	0	3
ENSG00000278212	ENSG00000278212	GroupB_exclusive			TK18,TK91,TK92	INDEL,SNV	0	3
ENSG00000278344	ENSG00000278344	GroupB_exclusive			TK12,TK18,TK92	SNV	0	3
ENSG00000278513	ENSG00000278513	GroupB_exclusive			TK91,TK92,TK93	INDEL,SNV	0	3
ENSG00000278943	ENSG00000278943	GroupB_exclusive			TK91,TK92,TK93	INDEL,SNV	0	3
ENSG00000278986	ENSG00000278986	GroupB_exclusive			TK91,TK92,TK93	SNV	0	3
ENSG00000279017	ENSG00000279017	GroupB_exclusive			TK91,TK92,TK93	SNV	0	3
ENSG00000279042	ENSG00000279042	GroupB_exclusive			TK91,TK92,TK93	SNV	0	3
ENSG00000279068	ENSG00000279068	GroupB_exclusive			TK91,TK92,TK93	SNV	0	3
ENSG00000279083	ENSG00000279083	GroupB_exclusive			TK91,TK92,TK93	SNV	0	3
ENSG00000279110	ENSG00000279110	GroupB_exclusive			TK91,TK92,TK93	INDEL,SNV	0	3
ENSG00000279162	ENSG00000279162	GroupB_exclusive			TK10,TK92,TK93	SNV	0	3
ENSG00000279225	ENSG00000279225	GroupB_exclusive			TK18,TK92,TK93	SNV	0	3
ENSG00000279235	ENSG00000279235	GroupB_exclusive			TK91,TK92,TK93	SNV	0	3
ENSG00000279275	ENSG00000279275	GroupB_exclusive			TK91,TK92,TK93	SNV	0	3
ENSG00000279289	ENSG00000279289	GroupB_exclusive			TK91,TK92,TK93	INDEL,SNV	0	3
ENSG00000279310	ENSG00000279310	GroupB_exclusive			TK91,TK92,TK93	SNV	0	3
ENSG00000279320	ENSG00000279320	GroupB_exclusive			TK91,TK92,TK93	SNV	0	3
ENSG00000279334	ENSG00000279334	GroupB_exclusive			TK91,TK92,TK93	SNV	0	3
ENSG00000279336	ENSG00000279336	GroupB_exclusive			TK91,TK92,TK93	INDEL,SNV	0	3
ENSG00000279337	ENSG00000279337	GroupB_exclusive			TK10,TK18,TK92	SNV	0	3
ENSG00000279388	ENSG00000279388	GroupB_exclusive			TK91,TK92,TK93	INDEL,SNV	0	3
ENSG00000279394	ENSG00000279394	GroupB_exclusive			TK91,TK92,TK93	SNV	0	3
ENSG00000279404	ENSG00000279404	GroupB_exclusive			TK91,TK92,TK93	SNV	0	3
ENSG00000279405	ENSG00000279405	GroupB_exclusive			TK91,TK92,TK93	SNV	0	3
ENSG00000279416	ENSG00000279416	GroupB_exclusive			TK91,TK92,TK93	INDEL,SNV	0	3
ENSG00000279469	ENSG00000279469	GroupB_exclusive			TK91,TK92,TK93	SNV	0	3
ENSG00000279476	ENSG00000279476	GroupB_exclusive			TK91,TK92,TK93	SNV	0	3
ENSG00000279479	ENSG00000279479	GroupB_exclusive			TK10,TK91,TK92	SNV	0	3
ENSG00000279481	ENSG00000279481	GroupB_exclusive			TK91,TK92,TK93	SNV	0	3
ENSG00000279490	ENSG00000279490	GroupB_exclusive			TK18,TK92,TK93	SNV	0	3
ENSG00000279557	ENSG00000279557	GroupB_exclusive			TK10,TK91,TK92	SNV	0	3
ENSG00000279570	ENSG00000279570	GroupB_exclusive			TK18,TK91,TK92	SNV	0	3
ENSG00000279616	ENSG00000279616	GroupB_exclusive			TK91,TK92,TK93	SNV	0	3
ENSG00000279629	ENSG00000279629	GroupB_exclusive			TK91,TK92,TK93	INDEL,SNV	0	3
ENSG00000279652	ENSG00000279652	GroupB_exclusive			TK91,TK92,TK93	SNV	0	3
ENSG00000279725	ENSG00000279725	GroupB_exclusive			TK91,TK92,TK93	INDEL,SNV	0	3
ENSG00000279747	ENSG00000279747	GroupB_exclusive			TK10,TK18,TK92	SNV	0	3
ENSG00000279781	ENSG00000279781	GroupB_exclusive			TK18,TK91,TK92	SNV	0	3
ENSG00000279783	ENSG00000279783	GroupB_exclusive			TK10,TK91,TK92	SNV	0	3
ENSG00000279794	ENSG00000279794	GroupB_exclusive			TK10,TK12,TK93	SNV	0	3
ENSG00000279817	ENSG00000279817	GroupB_exclusive			TK10,TK18,TK91	SNV	0	3
ENSG00000279836	ENSG00000279836	GroupB_exclusive			TK91,TK92,TK93	SNV	0	3
ENSG00000279885	ENSG00000279885	GroupB_exclusive			TK91,TK92,TK93	SNV	0	3
ENSG00000279887	ENSG00000279887	GroupB_exclusive			TK91,TK92,TK93	INDEL,SNV	0	3
ENSG00000279924	ENSG00000279924	GroupB_exclusive			TK91,TK92,TK93	INDEL,SNV	0	3
ENSG00000279957	ENSG00000279957	GroupB_exclusive			TK91,TK92,TK93	SNV	0	3
ENSG00000279962	ENSG00000279962	GroupB_exclusive			TK10,TK92,TK93	INDEL,SNV	0	3
ENSG00000279964	ENSG00000279964	GroupB_exclusive			TK91,TK92,TK93	SNV	0	3
ENSG00000279991	ENSG00000279991	GroupB_exclusive			TK91,TK92,TK93	SNV	0	3
ENSG00000280036	ENSG00000280036	GroupB_exclusive			TK91,TK92,TK93	INDEL,SNV	0	3
ENSG00000280060	ENSG00000280060	GroupB_exclusive			TK91,TK92,TK93	SNV	0	3
ENSG00000280070	ENSG00000280070	GroupB_exclusive			TK91,TK92,TK93	SNV	0	3
ENSG00000280087	ENSG00000280087	GroupB_exclusive			TK10,TK91,TK92	SNV	0	3
ENSG00000280117	ENSG00000280117	GroupB_exclusive			TK10,TK92,TK93	SNV	0	3
ENSG00000280166	ENSG00000280166	GroupB_exclusive			TK91,TK92,TK93	SNV	0	3
ENSG00000280189	ENSG00000280189	GroupB_exclusive			TK91,TK92,TK93	SNV	0	3
ENSG00000280190	ENSG00000280190	GroupB_exclusive			TK91,TK92,TK93	SNV	0	3
ENSG00000280205	ENSG00000280205	GroupB_exclusive			TK91,TK92,TK93	SNV	0	3
ENSG00000280212	ENSG00000280212	GroupB_exclusive			TK12,TK91,TK92	INDEL,SNV	0	3
ENSG00000280225	ENSG00000280225	GroupB_exclusive			TK91,TK92,TK93	SNV	0	3
ENSG00000280277	ENSG00000280277	GroupB_exclusive			TK91,TK92,TK93	INDEL,SNV	0	3
ENSG00000280365	ENSG00000280365	GroupB_exclusive			TK91,TK92,TK93	SNV	0	3
ENSG00000280429	ENSG00000280429	GroupB_exclusive			TK10,TK91,TK92	SNV	0	3
ENSG00000281469	ENSG00000281469	GroupB_exclusive			TK18,TK91,TK92	INDEL,SNV	0	3
ENSG00000281655	ENSG00000281655	GroupB_exclusive			TK91,TK92,TK93	SNV	0	3
ENSG00000281938	ENSG00000281938	GroupB_exclusive			TK91,TK92,TK93	SNV	0	3
ENSG00000282160	ENSG00000282160	GroupB_exclusive			TK91,TK92,TK93	SNV	0	3
ENSG00000282843	ENSG00000282843	GroupB_exclusive			TK10,TK12,TK92	SNV	0	3
ENSG00000283001	ENSG00000283001	GroupB_exclusive			TK91,TK92,TK93	SNV	0	3
ENSG00000283045	ENSG00000283045	GroupB_exclusive			TK18,TK91,TK92	SNV	0	3
ENSG00000283176	ENSG00000283176	GroupB_exclusive			TK91,TK92,TK93	SNV	0	3
ENSG00000283483	ENSG00000283483	GroupB_exclusive			TK91,TK92,TK93	SNV	0	3
ENSG00000283629	ENSG00000283629	GroupB_exclusive			TK91,TK92,TK93	INDEL,SNV	0	3
ENSG00000284294	ENSG00000284294	GroupB_exclusive			TK91,TK92,TK93	SNV	0	3
ENSG00000284337	ENSG00000284337	GroupB_exclusive			TK91,TK92,TK93	SNV	0	3
ENSG00000284614	ENSG00000284614	GroupB_exclusive			TK10,TK91,TK93	SNV	0	3
ENSG00000284684	ENSG00000284684	GroupB_exclusive			TK91,TK92,TK93	SNV	0	3
ENSG00000284699	ENSG00000284699	GroupB_exclusive			TK91,TK92,TK93	INDEL,SNV	0	3
ENSG00000284706	ENSG00000284706	GroupB_exclusive			TK91,TK92,TK93	SNV	0	3
ENSG00000284709	ENSG00000284709	GroupB_exclusive			TK18,TK91,TK92	SNV	0	3
ENSG00000284747	ENSG00000284747	GroupB_exclusive			TK91,TK92,TK93	SNV	0	3
ENSG00000284930	ENSG00000284930	GroupB_exclusive			TK91,TK92,TK93	INDEL,SNV	0	3
ENSG00000285018	ENSG00000285018	GroupB_exclusive			TK91,TK92,TK93	SNV	0	3
ENSG00000285201	ENSG00000285201	GroupB_exclusive			TK18,TK91,TK92	SNV	0	3
ENSG00000285329	ENSG00000285329	GroupB_exclusive			TK10,TK18,TK92	INDEL,SNV	0	3
ENSG00000285424	ENSG00000285424	GroupB_exclusive			TK10,TK92,TK93	SNV	0	3
ENSG00000285522	ENSG00000285522	GroupB_exclusive			TK18,TK91,TK92	SNV	0	3
ENSG00000285567	ENSG00000285567	GroupB_exclusive			TK12,TK92,TK93	INDEL,SNV	0	3
ENSG00000285575	ENSG00000285575	GroupB_exclusive			TK10,TK91,TK92	SNV	0	3
ENSG00000285603	ENSG00000285603	GroupB_exclusive			TK91,TK92,TK93	SNV	0	3
ENSG00000285627	ENSG00000285627	GroupB_exclusive			TK91,TK92,TK93	INDEL,SNV	0	3
ENSG00000285634	ENSG00000285634	GroupB_exclusive			TK10,TK92,TK93	SNV	0	3
ENSG00000285666	ENSG00000285666	GroupB_exclusive			TK10,TK91,TK92	SNV	0	3
ENSG00000285675	ENSG00000285675	GroupB_exclusive			TK91,TK92,TK93	INDEL,SNV	0	3
ENSG00000285724	ENSG00000285724	GroupB_exclusive			TK91,TK92,TK93	SNV	0	3
ENSG00000285739	ENSG00000285739	GroupB_exclusive			TK91,TK92,TK93	SNV	0	3
ENSG00000285755	ENSG00000285755	GroupB_exclusive			TK91,TK92,TK93	SNV	0	3
ENSG00000285769	ENSG00000285769	GroupB_exclusive			TK91,TK92,TK93	SNV	0	3
ENSG00000285770	ENSG00000285770	GroupB_exclusive			TK10,TK91,TK93	INDEL,SNV	0	3
ENSG00000285780	ENSG00000285780	GroupB_exclusive			TK10,TK91,TK93	INDEL,SNV	0	3
ENSG00000285820	ENSG00000285820	GroupB_exclusive			TK10,TK91,TK92	SNV	0	3
ENSG00000285822	ENSG00000285822	GroupB_exclusive			TK91,TK92,TK93	SNV	0	3
ENSG00000285826	ENSG00000285826	GroupB_exclusive			TK91,TK92,TK93	INDEL,SNV	0	3
ENSG00000285842	ENSG00000285842	GroupB_exclusive			TK12,TK92,TK93	SNV	0	3
ENSG00000285867	ENSG00000285867	GroupB_exclusive			TK91,TK92,TK93	INDEL,SNV	0	3
ENSG00000285931	ENSG00000285931	GroupB_exclusive			TK10,TK92,TK93	SNV	0	3
ENSG00000285936	ENSG00000285936	GroupB_exclusive			TK91,TK92,TK93	INDEL,SNV	0	3
ENSG00000285955	ENSG00000285955	GroupB_exclusive			TK10,TK92,TK93	INDEL,SNV	0	3
ENSG00000285961	ENSG00000285961	GroupB_exclusive			TK18,TK91,TK92	SNV	0	3
ENSG00000285971	ENSG00000285971	GroupB_exclusive			TK91,TK92,TK93	INDEL,SNV	0	3
ENSG00000285974	ENSG00000285974	GroupB_exclusive			TK91,TK92,TK93	SNV	0	3
ENSG00000285978	ENSG00000285978	GroupB_exclusive			TK91,TK92,TK93	SNV	0	3
ENSG00000286046	ENSG00000286046	GroupB_exclusive			TK91,TK92,TK93	INDEL,SNV	0	3
ENSG00000286072	ENSG00000286072	GroupB_exclusive			TK18,TK91,TK92	INDEL,SNV	0	3
ENSG00000286076	ENSG00000286076	GroupB_exclusive			TK12,TK18,TK92	SNV	0	3
ENSG00000286093	ENSG00000286093	GroupB_exclusive			TK91,TK92,TK93	INDEL,SNV	0	3
ENSG00000286103	ENSG00000286103	GroupB_exclusive			TK91,TK92,TK93	INDEL,SNV	0	3
ENSG00000286108	ENSG00000286108	GroupB_exclusive			TK91,TK92,TK93	INDEL,SNV	0	3
ENSG00000286110	ENSG00000286110	GroupB_exclusive			TK10,TK91,TK93	SNV	0	3
ENSG00000286113	ENSG00000286113	GroupB_exclusive			TK18,TK92,TK93	INDEL,SNV	0	3
ENSG00000286161	ENSG00000286161	GroupB_exclusive			TK10,TK18,TK93	SNV	0	3
ENSG00000286203	ENSG00000286203	GroupB_exclusive			TK10,TK91,TK92	SNV	0	3
ENSG00000286206	ENSG00000286206	GroupB_exclusive			TK10,TK92,TK93	SNV	0	3
ENSG00000286253	ENSG00000286253	GroupB_exclusive			TK91,TK92,TK93	SNV	0	3
ENSG00000286274	ENSG00000286274	GroupB_exclusive			TK91,TK92,TK93	SNV	0	3
ENSG00000286311	ENSG00000286311	GroupB_exclusive			TK10,TK18,TK91	SNV	0	3
ENSG00000286316	ENSG00000286316	GroupB_exclusive			TK91,TK92,TK93	SNV	0	3
ENSG00000286321	ENSG00000286321	GroupB_exclusive			TK91,TK92,TK93	INDEL,SNV	0	3
ENSG00000286338	ENSG00000286338	GroupB_exclusive			TK91,TK92,TK93	INDEL,SNV	0	3
ENSG00000286353	ENSG00000286353	GroupB_exclusive			TK91,TK92,TK93	INDEL,SNV	0	3
ENSG00000286359	ENSG00000286359	GroupB_exclusive			TK10,TK92,TK93	SNV	0	3
ENSG00000286411	ENSG00000286411	GroupB_exclusive			TK91,TK92,TK93	SNV	0	3
ENSG00000286425	ENSG00000286425	GroupB_exclusive			TK10,TK91,TK93	INDEL,SNV	0	3
ENSG00000286430	ENSG00000286430	GroupB_exclusive			TK91,TK92,TK93	SNV	0	3
ENSG00000286433	ENSG00000286433	GroupB_exclusive			TK91,TK92,TK93	INDEL,SNV	0	3
ENSG00000286437	ENSG00000286437	GroupB_exclusive			TK91,TK92,TK93	SNV	0	3
ENSG00000286483	ENSG00000286483	GroupB_exclusive			TK91,TK92,TK93	SNV	0	3
ENSG00000286505	ENSG00000286505	GroupB_exclusive			TK91,TK92,TK93	SNV	0	3
ENSG00000286539	ENSG00000286539	GroupB_exclusive			TK91,TK92,TK93	SNV	0	3
ENSG00000286549	ENSG00000286549	GroupB_exclusive			TK91,TK92,TK93	SNV	0	3
ENSG00000286577	ENSG00000286577	GroupB_exclusive			TK91,TK92,TK93	SNV	0	3
ENSG00000286620	ENSG00000286620	GroupB_exclusive			TK91,TK92,TK93	SNV	0	3
ENSG00000286643	ENSG00000286643	GroupB_exclusive			TK91,TK92,TK93	INDEL,SNV	0	3
ENSG00000286648	ENSG00000286648	GroupB_exclusive			TK91,TK92,TK93	SNV	0	3
ENSG00000286649	ENSG00000286649	GroupB_exclusive			TK91,TK92,TK93	SNV	0	3
ENSG00000286662	ENSG00000286662	GroupB_exclusive			TK10,TK91,TK93	INDEL,SNV	0	3
ENSG00000286682	ENSG00000286682	GroupB_exclusive			TK91,TK92,TK93	INDEL,SNV	0	3
ENSG00000286719	ENSG00000286719	GroupB_exclusive			TK10,TK92,TK93	INDEL,SNV	0	3
ENSG00000286721	ENSG00000286721	GroupB_exclusive			TK91,TK92,TK93	SNV	0	3
ENSG00000286723	ENSG00000286723	GroupB_exclusive			TK91,TK92,TK93	SNV	0	3
ENSG00000286728	ENSG00000286728	GroupB_exclusive			TK91,TK92,TK93	INDEL,SNV	0	3
ENSG00000286730	ENSG00000286730	GroupB_exclusive			TK91,TK92,TK93	SNV	0	3
ENSG00000286756	ENSG00000286756	GroupB_exclusive			TK10,TK18,TK93	SNV	0	3
ENSG00000286776	ENSG00000286776	GroupB_exclusive			TK10,TK92,TK93	INDEL,SNV	0	3
ENSG00000286780	ENSG00000286780	GroupB_exclusive			TK10,TK91,TK92	SNV	0	3
ENSG00000286795	ENSG00000286795	GroupB_exclusive			TK10,TK92,TK93	SNV	0	3
ENSG00000286833	ENSG00000286833	GroupB_exclusive			TK91,TK92,TK93	SNV	0	3
ENSG00000286863	ENSG00000286863	GroupB_exclusive			TK91,TK92,TK93	SNV	0	3
ENSG00000286888	ENSG00000286888	GroupB_exclusive			TK91,TK92,TK93	INDEL,SNV	0	3
ENSG00000286894	ENSG00000286894	GroupB_exclusive			TK91,TK92,TK93	SNV	0	3
ENSG00000286899	ENSG00000286899	GroupB_exclusive			TK91,TK92,TK93	SNV	0	3
ENSG00000286903	ENSG00000286903	GroupB_exclusive			TK18,TK91,TK93	SNV	0	3
ENSG00000286915	ENSG00000286915	GroupB_exclusive			TK10,TK91,TK92	INDEL,SNV	0	3
ENSG00000286945	ENSG00000286945	GroupB_exclusive			TK91,TK92,TK93	SNV	0	3
ENSG00000286953	ENSG00000286953	GroupB_exclusive			TK10,TK91,TK93	SNV	0	3
ENSG00000286958	ENSG00000286958	GroupB_exclusive			TK91,TK92,TK93	SNV	0	3
ENSG00000286973	ENSG00000286973	GroupB_exclusive			TK91,TK92,TK93	SNV	0	3
ENSG00000286995	ENSG00000286995	GroupB_exclusive			TK10,TK91,TK92	SNV	0	3
ENSG00000287005	ENSG00000287005	GroupB_exclusive			TK91,TK92,TK93	INDEL,SNV	0	3
ENSG00000287009	ENSG00000287009	GroupB_exclusive			TK12,TK91,TK92	SNV	0	3
ENSG00000287026	ENSG00000287026	GroupB_exclusive			TK10,TK12,TK92	INDEL,SNV	0	3
ENSG00000287038	ENSG00000287038	GroupB_exclusive			TK91,TK92,TK93	SNV	0	3
ENSG00000287043	ENSG00000287043	GroupB_exclusive			TK91,TK92,TK93	SNV	0	3
ENSG00000287087	ENSG00000287087	GroupB_exclusive			TK91,TK92,TK93	SNV	0	3
ENSG00000287098	ENSG00000287098	GroupB_exclusive			TK91,TK92,TK93	INDEL,SNV	0	3
ENSG00000287099	ENSG00000287099	GroupB_exclusive			TK91,TK92,TK93	SNV	0	3
ENSG00000287121	ENSG00000287121	GroupB_exclusive			TK91,TK92,TK93	SNV	0	3
ENSG00000287141	ENSG00000287141	GroupB_exclusive			TK91,TK92,TK93	SNV	0	3
ENSG00000287157	ENSG00000287157	GroupB_exclusive			TK91,TK92,TK93	SNV	0	3
ENSG00000287177	ENSG00000287177	GroupB_exclusive			TK91,TK92,TK93	SNV	0	3
ENSG00000287201	ENSG00000287201	GroupB_exclusive			TK91,TK92,TK93	SNV	0	3
ENSG00000287229	ENSG00000287229	GroupB_exclusive			TK91,TK92,TK93	INDEL,SNV	0	3
ENSG00000287281	ENSG00000287281	GroupB_exclusive			TK91,TK92,TK93	SNV	0	3
ENSG00000287287	ENSG00000287287	GroupB_exclusive			TK91,TK92,TK93	SNV	0	3
ENSG00000287338	ENSG00000287338	GroupB_exclusive			TK10,TK92,TK93	SNV	0	3
ENSG00000287348	ENSG00000287348	GroupB_exclusive			TK91,TK92,TK93	SNV	0	3
ENSG00000287354	ENSG00000287354	GroupB_exclusive			TK91,TK92,TK93	SNV	0	3
ENSG00000287355	ENSG00000287355	GroupB_exclusive			TK91,TK92,TK93	SNV	0	3
ENSG00000287357	ENSG00000287357	GroupB_exclusive			TK91,TK92,TK93	SNV	0	3
ENSG00000287386	ENSG00000287386	GroupB_exclusive			TK91,TK92,TK93	SNV	0	3
ENSG00000287433	ENSG00000287433	GroupB_exclusive			TK91,TK92,TK93	INDEL,SNV	0	3
ENSG00000287447	ENSG00000287447	GroupB_exclusive			TK91,TK92,TK93	SNV	0	3
ENSG00000287465	ENSG00000287465	GroupB_exclusive			TK91,TK92,TK93	SNV	0	3
ENSG00000287466	ENSG00000287466	GroupB_exclusive			TK91,TK92,TK93	INDEL,SNV	0	3
ENSG00000287476	ENSG00000287476	GroupB_exclusive			TK10,TK91,TK92	SNV	0	3
ENSG00000287489	ENSG00000287489	GroupB_exclusive			TK10,TK92,TK93	SNV	0	3
ENSG00000287490	ENSG00000287490	GroupB_exclusive			TK10,TK91,TK93	SNV	0	3
ENSG00000287508	ENSG00000287508	GroupB_exclusive			TK91,TK92,TK93	SNV	0	3
ENSG00000287523	ENSG00000287523	GroupB_exclusive			TK10,TK91,TK93	SNV	0	3
ENSG00000287525	ENSG00000287525	GroupB_exclusive			TK10,TK91,TK93	INDEL,SNV	0	3
ENSG00000287537	ENSG00000287537	GroupB_exclusive			TK10,TK92,TK93	SNV	0	3
ENSG00000287551	ENSG00000287551	GroupB_exclusive			TK91,TK92,TK93	INDEL,SNV	0	3
ENSG00000287582	ENSG00000287582	GroupB_exclusive			TK91,TK92,TK93	SNV	0	3
ENSG00000287591	ENSG00000287591	GroupB_exclusive			TK91,TK92,TK93	INDEL,SNV	0	3
ENSG00000287644	ENSG00000287644	GroupB_exclusive			TK10,TK12,TK92	SNV	0	3
ENSG00000287652	ENSG00000287652	GroupB_exclusive			TK91,TK92,TK93	SNV	0	3
ENSG00000287683	ENSG00000287683	GroupB_exclusive			TK91,TK92,TK93	SNV	0	3
ENSG00000287687	ENSG00000287687	GroupB_exclusive			TK18,TK91,TK92	SNV	0	3
ENSG00000287697	ENSG00000287697	GroupB_exclusive			TK18,TK91,TK93	INDEL,SNV	0	3
ENSG00000287702	ENSG00000287702	GroupB_exclusive			TK91,TK92,TK93	SNV	0	3
ENSG00000287789	ENSG00000287789	GroupB_exclusive			TK91,TK92,TK93	SNV	0	3
ENSG00000287792	ENSG00000287792	GroupB_exclusive			TK91,TK92,TK93	SNV	0	3
ENSG00000287818	ENSG00000287818	GroupB_exclusive			TK91,TK92,TK93	INDEL,SNV	0	3
ENSG00000287834	ENSG00000287834	GroupB_exclusive			TK91,TK92,TK93	SNV	0	3
ENSG00000287840	ENSG00000287840	GroupB_exclusive			TK91,TK92,TK93	INDEL,SNV	0	3
ENSG00000287868	ENSG00000287868	GroupB_exclusive			TK91,TK92,TK93	SNV	0	3
ENSG00000287894	ENSG00000287894	GroupB_exclusive			TK12,TK18,TK91	INDEL,SNV	0	3
ENSG00000287945	ENSG00000287945	GroupB_exclusive			TK91,TK92,TK93	SNV	0	3
ENSG00000287948	ENSG00000287948	GroupB_exclusive			TK91,TK92,TK93	SNV	0	3
ENSG00000287979	ENSG00000287979	GroupB_exclusive			TK91,TK92,TK93	INDEL,SNV	0	3
ENSG00000287996	ENSG00000287996	GroupB_exclusive			TK10,TK91,TK92	SNV	0	3
ENSG00000288042	ENSG00000288042	GroupB_exclusive			TK18,TK91,TK92	SNV	0	3
ENSG00000288162	ENSG00000288162	GroupB_exclusive			TK10,TK91,TK93	SNV	0	3
ENSG00000288225	ENSG00000288225	GroupB_exclusive			TK91,TK92,TK93	INDEL,SNV	0	3
ENSG00000288234	ENSG00000288234	GroupB_exclusive			TK10,TK91,TK93	SNV	0	3
ENSG00000288692	ENSG00000288692	GroupB_exclusive			TK10,TK91,TK92	INDEL,SNV	0	3
ENSG00000288694	ENSG00000288694	GroupB_exclusive			TK91,TK92,TK93	SNV	0	3
ENSG00000288711	ENSG00000288711	GroupB_exclusive			TK91,TK92,TK93	INDEL,SNV	0	3
ENSG00000288745	ENSG00000288745	GroupB_exclusive			TK91,TK92,TK93	SNV	0	3
ENSG00000288766	ENSG00000288766	GroupB_exclusive			TK12,TK91,TK92	SNV	0	3
ENSG00000288848	ENSG00000288848	GroupB_exclusive			TK18,TK91,TK92	SNV	0	3
ENSG00000288902	ENSG00000288902	GroupB_exclusive			TK10,TK91,TK93	INDEL,SNV	0	3
ENSG00000288918	ENSG00000288918	GroupB_exclusive			TK91,TK92,TK93	SNV	0	3
ENSG00000288932	ENSG00000288932	GroupB_exclusive			TK12,TK92,TK93	SNV	0	3
ENSG00000288940	ENSG00000288940	GroupB_exclusive			TK91,TK92,TK93	SNV	0	3
ENSG00000288944	ENSG00000288944	GroupB_exclusive			TK91,TK92,TK93	SNV	0	3
ENSG00000288957	ENSG00000288957	GroupB_exclusive			TK91,TK92,TK93	SNV	0	3
ENSG00000288967	ENSG00000288967	GroupB_exclusive			TK18,TK92,TK93	SNV	0	3
ENSG00000288976	ENSG00000288976	GroupB_exclusive			TK18,TK91,TK92	SNV	0	3
ENSG00000289005	ENSG00000289005	GroupB_exclusive			TK18,TK91,TK92	INDEL,SNV	0	3
ENSG00000289023	ENSG00000289023	GroupB_exclusive			TK91,TK92,TK93	SNV	0	3
ENSG00000289057	ENSG00000289057	GroupB_exclusive			TK18,TK92,TK93	INDEL,SNV	0	3
ENSG00000289071	ENSG00000289071	GroupB_exclusive			TK18,TK92,TK93	SNV	0	3
ENSG00000289091	ENSG00000289091	GroupB_exclusive			TK10,TK91,TK92	SNV	0	3
ENSG00000289111	ENSG00000289111	GroupB_exclusive			TK18,TK91,TK92	SNV	0	3
ENSG00000289128	ENSG00000289128	GroupB_exclusive			TK91,TK92,TK93	SNV	0	3
ENSG00000289153	ENSG00000289153	GroupB_exclusive			TK91,TK92,TK93	SNV	0	3
ENSG00000289158	ENSG00000289158	GroupB_exclusive			TK10,TK92,TK93	SNV	0	3
ENSG00000289165	ENSG00000289165	GroupB_exclusive			TK18,TK91,TK92	SNV	0	3
ENSG00000289179	ENSG00000289179	GroupB_exclusive			TK91,TK92,TK93	SNV	0	3
ENSG00000289208	ENSG00000289208	GroupB_exclusive			TK91,TK92,TK93	SNV	0	3
ENSG00000289217	ENSG00000289217	GroupB_exclusive			TK10,TK91,TK92	INDEL,SNV	0	3
ENSG00000289225	ENSG00000289225	GroupB_exclusive			TK10,TK91,TK92	SNV	0	3
ENSG00000289227	ENSG00000289227	GroupB_exclusive			TK10,TK91,TK93	SNV	0	3
ENSG00000289283	ENSG00000289283	GroupB_exclusive			TK91,TK92,TK93	SNV	0	3
ENSG00000289289	ENSG00000289289	GroupB_exclusive			TK91,TK92,TK93	SNV	0	3
ENSG00000289336	ENSG00000289336	GroupB_exclusive			TK10,TK18,TK93	SNV	0	3
ENSG00000289337	ENSG00000289337	GroupB_exclusive			TK91,TK92,TK93	SNV	0	3
ENSG00000289342	ENSG00000289342	GroupB_exclusive			TK91,TK92,TK93	INDEL,SNV	0	3
ENSG00000289351	ENSG00000289351	GroupB_exclusive			TK10,TK91,TK92	INDEL,SNV	0	3
ENSG00000289411	ENSG00000289411	GroupB_exclusive			TK10,TK91,TK93	SNV	0	3
ENSG00000289417	ENSG00000289417	GroupB_exclusive			TK12,TK18,TK93	SNV	0	3
ENSG00000289466	ENSG00000289466	GroupB_exclusive			TK91,TK92,TK93	SNV	0	3
ENSG00000289467	ENSG00000289467	GroupB_exclusive			TK91,TK92,TK93	SNV	0	3
ENSG00000289476	ENSG00000289476	GroupB_exclusive			TK10,TK92,TK93	SNV	0	3
ENSG00000289479	ENSG00000289479	GroupB_exclusive			TK12,TK91,TK93	SNV	0	3
ENSG00000289497	ENSG00000289497	GroupB_exclusive			TK10,TK92,TK93	SNV	0	3
ENSG00000289528	ENSG00000289528	GroupB_exclusive			TK91,TK92,TK93	INDEL,SNV	0	3
ENSG00000289529	ENSG00000289529	GroupB_exclusive			TK10,TK91,TK93	INDEL,SNV	0	3
ENSG00000289534	ENSG00000289534	GroupB_exclusive			TK91,TK92,TK93	SNV	0	3
ENSG00000289556	ENSG00000289556	GroupB_exclusive			TK18,TK91,TK93	INDEL,SNV	0	3
ENSG00000289562	ENSG00000289562	GroupB_exclusive			TK10,TK12,TK92	SNV	0	3
ENSG00000289570	ENSG00000289570	GroupB_exclusive			TK10,TK92,TK93	SNV	0	3
ENSG00000289576	ENSG00000289576	GroupB_exclusive			TK91,TK92,TK93	INDEL,SNV	0	3
ENSG00000289584	ENSG00000289584	GroupB_exclusive			TK91,TK92,TK93	SNV	0	3
ENSG00000289611	ENSG00000289611	GroupB_exclusive			TK91,TK92,TK93	SNV	0	3
ENSG00000289627	ENSG00000289627	GroupB_exclusive			TK91,TK92,TK93	SNV	0	3
ENSG00000289702	ENSG00000289702	GroupB_exclusive			TK91,TK92,TK93	INDEL,SNV	0	3
ENSG00000289826	ENSG00000289826	GroupB_exclusive			TK10,TK18,TK91	INDEL,SNV	0	3
ENSG00000289839	ENSG00000289839	GroupB_exclusive			TK91,TK92,TK93	SNV	0	3
ENSG00000289842	ENSG00000289842	GroupB_exclusive			TK10,TK12,TK92	INDEL,SNV	0	3
ENSG00000289848	ENSG00000289848	GroupB_exclusive			TK91,TK92,TK93	SNV	0	3
ENSG00000289855	ENSG00000289855	GroupB_exclusive			TK91,TK92,TK93	SNV	0	3
ENSG00000289887	ENSG00000289887	GroupB_exclusive			TK91,TK92,TK93	INDEL,SNV	0	3
ENSG00000289888	ENSG00000289888	GroupB_exclusive			TK91,TK92,TK93	SNV	0	3
ENSG00000289896	ENSG00000289896	GroupB_exclusive			TK10,TK92,TK93	SNV	0	3
ENSG00000289953	ENSG00000289953	GroupB_exclusive			TK91,TK92,TK93	SNV	0	3
ENSG00000289991	ENSG00000289991	GroupB_exclusive			TK10,TK91,TK92	SNV	0	3
ENSG00000290012	ENSG00000290012	GroupB_exclusive			TK91,TK92,TK93	SNV	0	3
ENSG00000290016	ENSG00000290016	GroupB_exclusive			TK10,TK18,TK92	SNV	0	3
ENSG00000290017	ENSG00000290017	GroupB_exclusive			TK91,TK92,TK93	SNV	0	3
ENSG00000290038	ENSG00000290038	GroupB_exclusive			TK91,TK92,TK93	SNV	0	3
ENSG00000290041	ENSG00000290041	GroupB_exclusive			TK10,TK18,TK92	INDEL,SNV	0	3
ENSG00000290051	ENSG00000290051	GroupB_exclusive			TK10,TK92,TK93	SNV	0	3
ENSG00000290052	ENSG00000290052	GroupB_exclusive			TK91,TK92,TK93	SNV	0	3
ENSG00000290075	ENSG00000290075	GroupB_exclusive			TK10,TK12,TK92	SNV	0	3
ENSG00000290081	ENSG00000290081	GroupB_exclusive			TK10,TK92,TK93	SNV	0	3
ENSG00000290094	ENSG00000290094	GroupB_exclusive			TK91,TK92,TK93	INDEL,SNV	0	3
ENSG00000290354	ENSG00000290354	GroupB_exclusive			TK91,TK92,TK93	SNV	0	3
ENSG00000290368	ENSG00000290368	GroupB_exclusive			TK10,TK91,TK92	SNV	0	3
ENSG00000290377	ENSG00000290377	GroupB_exclusive			TK10,TK92,TK93	INDEL,SNV	0	3
ENSG00000290383	ENSG00000290383	GroupB_exclusive			TK91,TK92,TK93	SNV	0	3
ENSG00000290410	ENSG00000290410	GroupB_exclusive			TK91,TK92,TK93	INDEL,SNV	0	3
ENSG00000290449	ENSG00000290449	GroupB_exclusive			TK91,TK92,TK93	SNV	0	3
ENSG00000290463	ENSG00000290463	GroupB_exclusive			TK18,TK91,TK93	SNV	0	3
ENSG00000290498	ENSG00000290498	GroupB_exclusive			TK91,TK92,TK93	SNV	0	3
ENSG00000290552	ENSG00000290552	GroupB_exclusive			TK12,TK18,TK92	SNV	0	3
ENSG00000290557	ENSG00000290557	GroupB_exclusive			TK10,TK18,TK92	SNV	0	3
ENSG00000290667	ENSG00000290667	GroupB_exclusive			TK91,TK92,TK93	SNV	0	3
ENSG00000290674	ENSG00000290674	GroupB_exclusive			TK91,TK92,TK93	INDEL,SNV	0	3
ENSG00000290735	ENSG00000290735	GroupB_exclusive			TK10,TK18,TK92	SNV	0	3
ENSG00000290899	ENSG00000290899	GroupB_exclusive			TK91,TK92,TK93	SNV	0	3
ENSG00000290913	ENSG00000290913	GroupB_exclusive			TK91,TK92,TK93	SNV	0	3
ENSG00000290938	ENSG00000290938	GroupB_exclusive			TK91,TK92,TK93	INDEL,SNV	0	3
ENSG00000290971	ENSG00000290971	GroupB_exclusive			TK91,TK92,TK93	INDEL,SNV	0	3
ENSG00000291231	ENSG00000291231	GroupB_exclusive			TK91,TK92,TK93	INDEL,SNV	0	3
ENSG00000291233	ENSG00000291233	GroupB_exclusive			TK18,TK92,TK93	SNV	0	3
ENSG00000291262	ENSG00000291262	GroupB_exclusive			TK91,TK92,TK93	SNV	0	3
ENSG00000291264	ENSG00000291264	GroupB_exclusive			TK91,TK92,TK93	INDEL,SNV	0	3
ENSG00000291289	ENSG00000291289	GroupB_exclusive			TK18,TK92,TK93	SNV	0	3
ENSG00000291290	ENSG00000291290	GroupB_exclusive			TK10,TK91,TK92	SNV	0	3
ENSG00000291291	ENSG00000291291	GroupB_exclusive			TK91,TK92,TK93	SNV	0	3
ENSG00000166947	EPB42	GroupB_exclusive			TK91,TK92,TK93	SNV	0	3
ENSG00000242948	EPS15P1	GroupB_exclusive			TK91,TK92,TK93	SNV	0	3
ENSG00000233602	ERI3-IT1	GroupB_exclusive			TK12,TK18,TK91	SNV	0	3
ENSG00000234350	ERICH2-DT	GroupB_exclusive			TK10,TK92,TK93	SNV	0	3
ENSG00000269486	ERVK9-11	GroupB_exclusive			TK18,TK92,TK93	SNV	0	3
ENSG00000237833	ETS2P1	GroupB_exclusive			TK91,TK92,TK93	SNV	0	3
ENSG00000112584	FAM120B	GroupB_exclusive			TK10,TK92,TK93	SNV	0	3
ENSG00000232830	FAM136CP	GroupB_exclusive			TK91,TK92,TK93	SNV	0	3
ENSG00000248019	FAM13A-AS1	GroupB_exclusive			TK91,TK92,TK93	SNV	0	3
ENSG00000189320	FAM180A	GroupB_exclusive			TK10,TK18,TK92	SNV	0	3
ENSG00000182103	FAM181B	GroupB_exclusive			TK18,TK92,TK93	SNV	0	3
ENSG00000230992	FAM201B	GroupB_exclusive			TK91,TK92,TK93	SNV	0	3
ENSG00000233040	FAM204BP	GroupB_exclusive			TK91,TK92,TK93	INDEL,SNV	0	3
ENSG00000235118	FAM237A	GroupB_exclusive			TK12,TK91,TK92	SNV	0	3
ENSG00000231248	FAM242D	GroupB_exclusive			TK10,TK92,TK93	SNV	0	3
ENSG00000228055	FAM245A	GroupB_exclusive			TK91,TK92,TK93	SNV	0	3
ENSG00000145945	FAM50B	GroupB_exclusive			TK91,TK92,TK93	SNV	0	3
ENSG00000218772	FAM8A6P	GroupB_exclusive			TK10,TK12,TK91	SNV	0	3
ENSG00000230342	FANCD2P2	GroupB_exclusive			TK91,TK92,TK93	SNV	0	3
ENSG00000254791	FAR1-IT1	GroupB_exclusive			TK18,TK91,TK93	INDEL,SNV	0	3
ENSG00000072694	FCGR2B	GroupB_exclusive			TK91,TK92,TK93	SNV	0	3
ENSG00000268388	FENDRR	GroupB_exclusive			TK10,TK92,TK93	SNV	0	3
ENSG00000163497	FEV	GroupB_exclusive			TK10,TK91,TK93	SNV	0	3
ENSG00000078579	FGF20	GroupB_exclusive			TK91,TK92,TK93	SNV	0	3
ENSG00000231426	FILNC1	GroupB_exclusive			TK91,TK92,TK93	SNV	0	3
ENSG00000248599	FLJ42969	GroupB_exclusive			TK10,TK18,TK91	SNV	0	3
ENSG00000232148	FMO11P	GroupB_exclusive			TK91,TK92,TK93	INDEL,SNV	0	3
ENSG00000236337	FMR1-IT1	GroupB_exclusive			TK10,TK12,TK18	INDEL,SNV	0	3
ENSG00000254502	FNTAP1	GroupB_exclusive			TK91,TK92,TK93	SNV	0	3
ENSG00000186790	FOXE3	GroupB_exclusive			TK10,TK92,TK93	SNV	0	3
ENSG00000186766	FOXI2	GroupB_exclusive			TK91,TK92,TK93	INDEL,SNV	0	3
ENSG00000139926	FRMD6	GroupB_exclusive			TK10,TK92,TK93	SNV	0	3
ENSG00000169933	FRMPD4	GroupB_exclusive			TK91,TK92,TK93	INDEL,SNV	0	3
ENSG00000232273	FTH1P1	GroupB_exclusive			TK91,TK92,TK93	SNV	0	3
ENSG00000249302	FTH1P24	GroupB_exclusive			TK91,TK92,TK93	SNV	0	3
ENSG00000137731	FXYD2	GroupB_exclusive			TK91,TK92,TK93	SNV	0	3
ENSG00000240890	G2E3P1	GroupB_exclusive			TK91,TK92,TK93	SNV	0	3
ENSG00000182256	GABRG3	GroupB_exclusive			TK18,TK92,TK93	INDEL,SNV	0	3
ENSG00000228740	GABRG3-AS1	GroupB_exclusive			TK91,TK92,TK93	INDEL,SNV	0	3
ENSG00000144644	GADL1	GroupB_exclusive			TK10,TK92,TK93	SNV	0	3
ENSG00000249210	GAPDHP38	GroupB_exclusive			TK10,TK91,TK93	INDEL,SNV	0	3
ENSG00000100031	GGT1	GroupB_exclusive			TK91,TK92,TK93	SNV	0	3
ENSG00000236969	GGT8P	GroupB_exclusive			TK91,TK92,TK93	SNV	0	3
ENSG00000149435	GGTLC1	GroupB_exclusive			TK91,TK92,TK93	SNV	0	3
ENSG00000230712	GGTLC4P	GroupB_exclusive			TK91,TK92,TK93	SNV	0	3
ENSG00000276160	GGTLC5P	GroupB_exclusive			TK91,TK92,TK93	SNV	0	3
ENSG00000074047	GLI2	GroupB_exclusive			TK18,TK91,TK92	INDEL,SNV	0	3
ENSG00000109738	GLRB	GroupB_exclusive			TK91,TK92,TK93	SNV	0	3
ENSG00000181511	GLRX5P1	GroupB_exclusive			TK91,TK92,TK93	INDEL,SNV	0	3
ENSG00000231373	GNA14-AS1	GroupB_exclusive			TK10,TK91,TK93	SNV	0	3
ENSG00000127928	GNGT1	GroupB_exclusive			TK10,TK18,TK93	INDEL,SNV	0	3
ENSG00000227356	GOLGA7B-DT	GroupB_exclusive			TK10,TK91,TK92	SNV	0	3
ENSG00000230849	GOT2P2	GroupB_exclusive			TK91,TK92,TK93	INDEL,SNV	0	3
ENSG00000214745	GOT2P6	GroupB_exclusive			TK91,TK92,TK93	SNV	0	3
ENSG00000237510	GPAT2P1	GroupB_exclusive			TK91,TK92,TK93	SNV	0	3
ENSG00000182921	GPATCH11P1	GroupB_exclusive			TK91,TK92,TK93	INDEL,SNV	0	3
ENSG00000147257	GPC3	GroupB_exclusive			TK91,TK92,TK93	INDEL,SNV	0	3
ENSG00000150625	GPM6A	GroupB_exclusive			TK10,TK91,TK92	INDEL,SNV	0	3
ENSG00000236496	GPS2P1	GroupB_exclusive			TK91,TK92,TK93	SNV	0	3
ENSG00000089351	GRAMD1A	GroupB_exclusive			TK91,TK92,TK93	SNV	0	3
ENSG00000236340	GRM8-AS1	GroupB_exclusive			TK91,TK92,TK93	SNV	0	3
ENSG00000204928	GRXCR2	GroupB_exclusive			TK91,TK92,TK93	SNV	0	3
ENSG00000230845	GSTA10P	GroupB_exclusive			TK91,TK92,TK93	SNV	0	3
ENSG00000243236	GSTA9P	GroupB_exclusive			TK12,TK18,TK92	SNV	0	3
ENSG00000226878	GSTM3P2	GroupB_exclusive			TK91,TK92,TK93	SNV	0	3
ENSG00000101890	GUCY2F	GroupB_exclusive			TK91,TK92,TK93	SNV	0	3
ENSG00000198237	GUSBP13	GroupB_exclusive			TK91,TK92,TK93	SNV	0	3
ENSG00000196302	GUSBP15	GroupB_exclusive			TK91,TK92,TK93	INDEL,SNV	0	3
ENSG00000235558	GUSBP17	GroupB_exclusive			TK91,TK92,TK93	INDEL,SNV	0	3
ENSG00000253203	GUSBP3	GroupB_exclusive			TK91,TK92,TK93	INDEL,SNV	0	3
ENSG00000254781	GVINP2	GroupB_exclusive			TK91,TK92,TK93	SNV	0	3
ENSG00000251633	GYG1P1	GroupB_exclusive			TK91,TK92,TK93	SNV	0	3
ENSG00000187475	H1-6	GroupB_exclusive			TK12,TK92,TK93	SNV	0	3
ENSG00000218690	H2AC10P	GroupB_exclusive			TK91,TK92,TK93	SNV	0	3
ENSG00000290320	H2BN1	GroupB_exclusive			TK91,TK92,TK93	INDEL,SNV	0	3
ENSG00000231787	H2BP9	GroupB_exclusive			TK91,TK92,TK93	SNV	0	3
ENSG00000203811	H3C14	GroupB_exclusive			TK91,TK92,TK93	SNV	0	3
ENSG00000255492	H3P33	GroupB_exclusive			TK91,TK92,TK93	SNV	0	3
ENSG00000269466	H3Y1	GroupB_exclusive			TK91,TK92,TK93	INDEL,SNV	0	3
ENSG00000276966	H4C5	GroupB_exclusive			TK10,TK91,TK93	SNV	0	3
ENSG00000170961	HAS2	GroupB_exclusive			TK10,TK92,TK93	SNV	0	3
ENSG00000251453	HAUS1P1	GroupB_exclusive			TK91,TK92,TK93	SNV	0	3
ENSG00000161610	HCRT	GroupB_exclusive			TK91,TK92,TK93	SNV	0	3
ENSG00000233012	HDAC1P2	GroupB_exclusive			TK91,TK92,TK93	INDEL,SNV	0	3
ENSG00000226522	HDAC9-AS1	GroupB_exclusive			TK91,TK92,TK93	INDEL,SNV	0	3
ENSG00000227183	HDGFP1	GroupB_exclusive			TK18,TK91,TK92	INDEL,SNV	0	3
ENSG00000229056	HECW2-AS1	GroupB_exclusive			TK91,TK92,TK93	SNV	0	3
ENSG00000261581	HERC2P11	GroupB_exclusive			TK18,TK92,TK93	SNV	0	3
ENSG00000069812	HES2	GroupB_exclusive			TK91,TK92,TK93	SNV	0	3
ENSG00000237742	HEY2-AS1	GroupB_exclusive			TK18,TK91,TK92	SNV	0	3
ENSG00000226088	HHLA3-AS1	GroupB_exclusive			TK10,TK91,TK92	SNV	0	3
ENSG00000237646	HLCS-IT1	GroupB_exclusive			TK91,TK92,TK93	SNV	0	3
ENSG00000259196	HMBOX1-IT1	GroupB_exclusive			TK91,TK92,TK93	SNV	0	3
ENSG00000225984	HMGB1P26	GroupB_exclusive			TK10,TK91,TK92	SNV	0	3
ENSG00000250011	HMGB1P3	GroupB_exclusive			TK10,TK12,TK91	INDEL,SNV	0	3
ENSG00000270986	HMGB1P51	GroupB_exclusive			TK10,TK92,TK93	SNV	0	3
ENSG00000247911	HMGN1P12	GroupB_exclusive			TK91,TK92,TK93	SNV	0	3
ENSG00000259557	HMGN1P26	GroupB_exclusive			TK91,TK92,TK93	SNV	0	3
ENSG00000172186	HMGN1P35	GroupB_exclusive			TK91,TK92,TK93	SNV	0	3
ENSG00000235734	HMGN1P36	GroupB_exclusive			TK91,TK92,TK93	SNV	0	3
ENSG00000214578	HMGN2P15	GroupB_exclusive			TK91,TK92,TK93	SNV	0	3
ENSG00000226427	HMGN2P7	GroupB_exclusive			TK91,TK92,TK93	SNV	0	3
ENSG00000188816	HMX2	GroupB_exclusive			TK91,TK92,TK93	INDEL,SNV	0	3
ENSG00000233680	HNRNPA1P27	GroupB_exclusive			TK91,TK92,TK93	SNV	0	3
ENSG00000218574	HNRNPA1P37	GroupB_exclusive			TK91,TK92,TK93	SNV	0	3
ENSG00000253605	HNRNPA1P38	GroupB_exclusive			TK91,TK92,TK93	SNV	0	3
ENSG00000249271	HNRNPA1P44	GroupB_exclusive			TK18,TK91,TK92	SNV	0	3
ENSG00000259411	HNRNPA1P45	GroupB_exclusive			TK91,TK92,TK93	INDEL,SNV	0	3
ENSG00000236539	HNRNPA1P54	GroupB_exclusive			TK91,TK92,TK93	SNV	0	3
ENSG00000229887	HNRNPA1P6	GroupB_exclusive			TK10,TK91,TK92	SNV	0	3
ENSG00000187999	HNRNPA1P61	GroupB_exclusive			TK10,TK92,TK93	SNV	0	3
ENSG00000213305	HNRNPCP6	GroupB_exclusive			TK91,TK92,TK93	SNV	0	3
ENSG00000248854	HNRNPH1P3	GroupB_exclusive			TK91,TK92,TK93	SNV	0	3
ENSG00000105991	HOXA1	GroupB_exclusive			TK91,TK92,TK93	SNV	0	3
ENSG00000105997	HOXA3	GroupB_exclusive			TK10,TK91,TK93	SNV	0	3
ENSG00000106006	HOXA6	GroupB_exclusive			TK10,TK91,TK92	SNV	0	3
ENSG00000159184	HOXB13	GroupB_exclusive			TK10,TK92,TK93	SNV	0	3
ENSG00000128714	HOXD13	GroupB_exclusive			TK91,TK92,TK93	SNV	0	3
ENSG00000128652	HOXD3	GroupB_exclusive			TK10,TK92,TK93	INDEL,SNV	0	3
ENSG00000231948	HS1BP3-IT1	GroupB_exclusive			TK10,TK12,TK93	SNV	0	3
ENSG00000203855	HSD3BP4	GroupB_exclusive			TK10,TK91,TK92	SNV	0	3
ENSG00000205100	HSP90AA4P	GroupB_exclusive			TK18,TK92,TK93	INDEL,SNV	0	3
ENSG00000257539	HSPA8P14	GroupB_exclusive			TK10,TK92,TK93	INDEL,SNV	0	3
ENSG00000234788	HSPA8P3	GroupB_exclusive			TK91,TK92,TK93	INDEL,SNV	0	3
ENSG00000254543	HSPD1P2	GroupB_exclusive			TK91,TK92,TK93	INDEL,SNV	0	3
ENSG00000249193	HSPD1P5	GroupB_exclusive			TK91,TK92,TK93	SNV	0	3
ENSG00000235112	HSPE1P27	GroupB_exclusive			TK91,TK92,TK93	SNV	0	3
ENSG00000248880	ICE2P1	GroupB_exclusive			TK91,TK92,TK93	SNV	0	3
ENSG00000271377	IFITM3P8	GroupB_exclusive			TK10,TK12,TK91	SNV	0	3
ENSG00000147896	IFNK	GroupB_exclusive			TK10,TK91,TK92	SNV	0	3
ENSG00000163913	IFT122	GroupB_exclusive			TK91,TK92,TK93	INDEL,SNV	0	3
ENSG00000211660	IGLV2-23	GroupB_exclusive			TK91,TK92,TK93	SNV	0	3
ENSG00000211638	IGLV8-61	GroupB_exclusive			TK18,TK91,TK92	SNV	0	3
ENSG00000189108	IL1RAPL2	GroupB_exclusive			TK91,TK92,TK93	INDEL,SNV	0	3
ENSG00000138684	IL21	GroupB_exclusive			TK91,TK92,TK93	SNV	0	3
ENSG00000127318	IL22	GroupB_exclusive			TK10,TK91,TK93	SNV	0	3
ENSG00000262081	IL9RP4	GroupB_exclusive			TK12,TK91,TK92	SNV	0	3
ENSG00000244226	ILF2P1	GroupB_exclusive			TK91,TK92,TK93	INDEL,SNV	0	3
ENSG00000214045	IMPDH1P2	GroupB_exclusive			TK91,TK92,TK93	INDEL,SNV	0	3
ENSG00000188916	INSYN2A	GroupB_exclusive			TK91,TK92,TK93	INDEL,SNV	0	3
ENSG00000250492	INTS6P1	GroupB_exclusive			TK91,TK92,TK93	SNV	0	3
ENSG00000217539	IQCB2P	GroupB_exclusive			TK91,TK92,TK93	INDEL,SNV	0	3
ENSG00000120645	IQSEC3	GroupB_exclusive			TK91,TK92,TK93	INDEL,SNV	0	3
ENSG00000237863	IRS4-AS1	GroupB_exclusive			TK91,TK92,TK93	SNV	0	3
ENSG00000236388	ITCH-AS1	GroupB_exclusive			TK10,TK91,TK93	SNV	0	3
ENSG00000260281	ITFG1-AS1	GroupB_exclusive			TK10,TK92,TK93	SNV	0	3
ENSG00000258730	ITPK1-AS1	GroupB_exclusive			TK10,TK92,TK93	SNV	0	3
ENSG00000280780	JAKMIP2-AS1	GroupB_exclusive			TK91,TK92,TK93	SNV	0	3
ENSG00000154721	JAM2	GroupB_exclusive			TK91,TK92,TK93	INDEL,SNV	0	3
ENSG00000092051	JPH4	GroupB_exclusive			TK10,TK92,TK93	SNV	0	3
ENSG00000149474	KAT14	GroupB_exclusive			TK91,TK92,TK93	SNV	0	3
ENSG00000171126	KCNG3	GroupB_exclusive			TK10,TK91,TK93	SNV	0	3
ENSG00000157542	KCNJ6	GroupB_exclusive			TK10,TK91,TK92	SNV	0	3
ENSG00000164794	KCNV1	GroupB_exclusive			TK91,TK92,TK93	SNV	0	3
ENSG00000224232	KCTD5P1	GroupB_exclusive			TK18,TK91,TK93	SNV	0	3
ENSG00000248216	KCTD9P5	GroupB_exclusive			TK91,TK92,TK93	SNV	0	3
ENSG00000229211	KCTD9P6	GroupB_exclusive			TK12,TK91,TK93	SNV	0	3
ENSG00000241671	KIAA1328P1	GroupB_exclusive			TK10,TK91,TK92	SNV	0	3
ENSG00000258748	KIF26A-DT	GroupB_exclusive			TK91,TK92,TK93	SNV	0	3
ENSG00000232192	KIF26B-AS1	GroupB_exclusive			TK10,TK91,TK93	INDEL,SNV	0	3
ENSG00000233186	KLF4P1	GroupB_exclusive			TK91,TK92,TK93	SNV	0	3
ENSG00000242522	KLHL6-AS1	GroupB_exclusive			TK91,TK92,TK93	SNV	0	3
ENSG00000270429	KNOP1P2	GroupB_exclusive			TK91,TK92,TK93	SNV	0	3
ENSG00000236530	KPNA2P1	GroupB_exclusive			TK18,TK92,TK93	SNV	0	3
ENSG00000266820	KPNA2P3	GroupB_exclusive			TK91,TK92,TK93	SNV	0	3
ENSG00000215089	KRT18P11	GroupB_exclusive			TK12,TK91,TK92	SNV	0	3
ENSG00000234737	KRT18P15	GroupB_exclusive			TK91,TK92,TK93	SNV	0	3
ENSG00000215867	KRT18P57	GroupB_exclusive			TK10,TK92,TK93	SNV	0	3
ENSG00000215208	KRT18P60	GroupB_exclusive			TK91,TK92,TK93	SNV	0	3
ENSG00000264663	KRT8P34	GroupB_exclusive			TK91,TK92,TK93	SNV	0	3
ENSG00000204571	KRTAP5-11	GroupB_exclusive			TK18,TK92,TK93	SNV	0	3
ENSG00000213500	LAP3P2	GroupB_exclusive			TK91,TK92,TK93	INDEL,SNV	0	3
ENSG00000233851	LATS2-AS1	GroupB_exclusive			TK91,TK92,TK93	INDEL,SNV	0	3
ENSG00000226806	LCT-AS1	GroupB_exclusive			TK91,TK92,TK93	SNV	0	3
ENSG00000182195	LDOC1	GroupB_exclusive			TK91,TK92,TK93	SNV	0	3
ENSG00000268660	LETM1P2	GroupB_exclusive			TK10,TK91,TK93	INDEL,SNV	0	3
ENSG00000125514	LINC00029	GroupB_exclusive			TK10,TK91,TK92	SNV	0	3
ENSG00000225194	LINC00092	GroupB_exclusive			TK12,TK92,TK93	INDEL,SNV	0	3
ENSG00000229214	LINC00242	GroupB_exclusive			TK10,TK91,TK92	SNV	0	3
ENSG00000203729	LINC00272	GroupB_exclusive			TK10,TK91,TK92	SNV	0	3
ENSG00000184274	LINC00315	GroupB_exclusive			TK10,TK92,TK93	SNV	0	3
ENSG00000224924	LINC00320	GroupB_exclusive			TK91,TK92,TK93	INDEL,SNV	0	3
ENSG00000224853	LINC00393	GroupB_exclusive			TK10,TK18,TK93	SNV	0	3
ENSG00000235532	LINC00402	GroupB_exclusive			TK91,TK92,TK93	SNV	0	3
ENSG00000237585	LINC00407	GroupB_exclusive			TK91,TK92,TK93	SNV	0	3
ENSG00000236463	LINC00427	GroupB_exclusive			TK10,TK91,TK92	SNV	0	3
ENSG00000229443	LINC00433	GroupB_exclusive			TK12,TK92,TK93	SNV	0	3
ENSG00000258169	LINC00485	GroupB_exclusive			TK91,TK92,TK93	SNV	0	3
ENSG00000205837	LINC00487	GroupB_exclusive			TK10,TK91,TK92	SNV	0	3
ENSG00000214381	LINC00488	GroupB_exclusive			TK18,TK92,TK93	SNV	0	3
ENSG00000256971	LINC00508	GroupB_exclusive			TK10,TK92,TK93	SNV	0	3
ENSG00000261446	LINC00559	GroupB_exclusive			TK91,TK92,TK93	INDEL,SNV	0	3
ENSG00000261498	LINC00566	GroupB_exclusive			TK91,TK92,TK93	SNV	0	3
ENSG00000255494	LINC00681	GroupB_exclusive			TK18,TK92,TK93	SNV	0	3
ENSG00000185904	LINC00839	GroupB_exclusive			TK10,TK18,TK92	INDEL,SNV	0	3
ENSG00000229404	LINC00858	GroupB_exclusive			TK18,TK91,TK92	SNV	0	3
ENSG00000214145	LINC00887	GroupB_exclusive			TK91,TK92,TK93	SNV	0	3
ENSG00000205634	LINC00898	GroupB_exclusive			TK91,TK92,TK93	INDEL,SNV	0	3
ENSG00000249267	LINC00939	GroupB_exclusive			TK91,TK92,TK93	INDEL,SNV	0	3
ENSG00000250334	LINC00989	GroupB_exclusive			TK18,TK92,TK93	SNV	0	3
ENSG00000248118	LINC01019	GroupB_exclusive			TK91,TK92,TK93	SNV	0	3
ENSG00000233405	LINC01046	GroupB_exclusive			TK18,TK91,TK92	SNV	0	3
ENSG00000235597	LINC01102	GroupB_exclusive			TK91,TK92,TK93	SNV	0	3
ENSG00000234781	LINC01103	GroupB_exclusive			TK10,TK91,TK92	SNV	0	3
ENSG00000224286	LINC01142	GroupB_exclusive			TK18,TK91,TK92	INDEL,SNV	0	3
ENSG00000232827	LINC01189	GroupB_exclusive			TK91,TK92,TK93	SNV	0	3
ENSG00000234199	LINC01191	GroupB_exclusive			TK91,TK92,TK93	INDEL,SNV	0	3
ENSG00000248131	LINC01194	GroupB_exclusive			TK18,TK92,TK93	INDEL,SNV	0	3
ENSG00000228980	LINC01205	GroupB_exclusive			TK18,TK92,TK93	SNV	0	3
ENSG00000249534	LINC01258	GroupB_exclusive			TK91,TK92,TK93	SNV	0	3
ENSG00000249667	LINC01259	GroupB_exclusive			TK91,TK92,TK93	INDEL,SNV	0	3
ENSG00000241767	LINC01324	GroupB_exclusive			TK10,TK91,TK93	SNV	0	3
ENSG00000228918	LINC01344	GroupB_exclusive			TK10,TK91,TK92	INDEL,SNV	0	3
ENSG00000215866	LINC01356	GroupB_exclusive			TK91,TK92,TK93	INDEL,SNV	0	3
ENSG00000237352	LINC01358	GroupB_exclusive			TK91,TK92,TK93	SNV	0	3
ENSG00000226891	LINC01359	GroupB_exclusive			TK91,TK92,TK93	SNV	0	3
ENSG00000236268	LINC01361	GroupB_exclusive			TK18,TK91,TK92	SNV	0	3
ENSG00000228888	LINC01428	GroupB_exclusive			TK10,TK18,TK91	SNV	0	3
ENSG00000225882	LINC01456	GroupB_exclusive			TK10,TK91,TK93	SNV	0	3
ENSG00000272138	LINC01607	GroupB_exclusive			TK91,TK92,TK93	INDEL	0	3
ENSG00000253877	LINC01608	GroupB_exclusive			TK10,TK91,TK92	SNV	0	3
ENSG00000250302	LINC01618	GroupB_exclusive			TK10,TK12,TK93	SNV	0	3
ENSG00000225595	LINC01623	GroupB_exclusive			TK91,TK92,TK93	SNV	0	3
ENSG00000260976	LINC01633	GroupB_exclusive			TK91,TK92,TK93	SNV	0	3
ENSG00000236052	LINC01643	GroupB_exclusive			TK10,TK91,TK92	SNV	0	3
ENSG00000224718	LINC01657	GroupB_exclusive			TK12,TK91,TK92	SNV	0	3
ENSG00000233985	LINC01681	GroupB_exclusive			TK91,TK92,TK93	INDEL,SNV	0	3
ENSG00000231666	LINC01704	GroupB_exclusive			TK10,TK91,TK92	SNV	0	3
ENSG00000226715	LINC01709	GroupB_exclusive			TK10,TK91,TK92	SNV	0	3
ENSG00000231175	LINC01720	GroupB_exclusive			TK10,TK91,TK92	SNV	0	3
ENSG00000226476	LINC01748	GroupB_exclusive			TK10,TK18,TK92	INDEL,SNV	0	3
ENSG00000224961	LINC01752	GroupB_exclusive			TK91,TK92,TK93	INDEL,SNV	0	3
ENSG00000224565	LINC01754	GroupB_exclusive			TK91,TK92,TK93	INDEL,SNV	0	3
ENSG00000228420	LINC01768	GroupB_exclusive			TK18,TK91,TK92	SNV	0	3
ENSG00000225285	LINC01770	GroupB_exclusive			TK10,TK91,TK93	SNV	0	3
ENSG00000223382	LINC01778	GroupB_exclusive			TK91,TK92,TK93	SNV	0	3
ENSG00000267777	LINC01791	GroupB_exclusive			TK10,TK91,TK92	INDEL,SNV	0	3
ENSG00000230645	LINC01818	GroupB_exclusive			TK91,TK92,TK93	INDEL,SNV	0	3
ENSG00000224231	LINC01832	GroupB_exclusive			TK91,TK92,TK93	SNV	0	3
ENSG00000248901	LINC01846	GroupB_exclusive			TK10,TK91,TK93	SNV	0	3
ENSG00000253311	LINC01847	GroupB_exclusive			TK10,TK91,TK92	SNV	0	3
ENSG00000237880	LINC01885	GroupB_exclusive			TK10,TK91,TK92	INDEL,SNV	0	3
ENSG00000265352	LINC01899	GroupB_exclusive			TK91,TK92,TK93	INDEL,SNV	0	3
ENSG00000265758	LINC01900	GroupB_exclusive			TK10,TK91,TK92	INDEL,SNV	0	3
ENSG00000231040	LINC01911	GroupB_exclusive			TK10,TK92,TK93	SNV	0	3
ENSG00000259779	LINC01922	GroupB_exclusive			TK10,TK91,TK93	SNV	0	3
ENSG00000273125	LINC01990	GroupB_exclusive			TK10,TK91,TK92	INDEL,SNV	0	3
ENSG00000241383	LINC01997	GroupB_exclusive			TK91,TK92,TK93	SNV	0	3
ENSG00000243149	LINC02040	GroupB_exclusive			TK91,TK92,TK93	INDEL,SNV	0	3
ENSG00000228271	LINC02048	GroupB_exclusive			TK91,TK92,TK93	SNV	0	3
ENSG00000224153	LINC02054	GroupB_exclusive			TK10,TK91,TK92	INDEL,SNV	0	3
ENSG00000250885	LINC02061	GroupB_exclusive			TK10,TK92,TK93	SNV	0	3
ENSG00000229433	LINC02069	GroupB_exclusive			TK10,TK92,TK93	SNV	0	3
ENSG00000227685	LINC02088	GroupB_exclusive			TK91,TK92,TK93	SNV	0	3
ENSG00000249515	LINC02113	GroupB_exclusive			TK91,TK92,TK93	SNV	0	3
ENSG00000248789	LINC02118	GroupB_exclusive			TK91,TK92,TK93	INDEL,SNV	0	3
ENSG00000249332	LINC02149	GroupB_exclusive			TK12,TK92,TK93	SNV	0	3
ENSG00000248455	LINC02217	GroupB_exclusive			TK10,TK91,TK92	SNV	0	3
ENSG00000245729	LINC02226	GroupB_exclusive			TK10,TK91,TK93	SNV	0	3
ENSG00000250313	LINC02229	GroupB_exclusive			TK91,TK92,TK93	SNV	0	3
ENSG00000248995	LINC02231	GroupB_exclusive			TK91,TK92,TK93	INDEL,SNV	0	3
ENSG00000250488	LINC02233	GroupB_exclusive			TK91,TK92,TK93	SNV	0	3
ENSG00000248202	LINC02234	GroupB_exclusive			TK91,TK92,TK93	INDEL,SNV	0	3
ENSG00000259664	LINC02254	GroupB_exclusive			TK91,TK92,TK93	SNV	0	3
ENSG00000260792	LINC02280	GroupB_exclusive			TK91,TK92,TK93	SNV	0	3
ENSG00000259719	LINC02284	GroupB_exclusive			TK91,TK92,TK93	SNV	0	3
ENSG00000258404	LINC02320	GroupB_exclusive			TK12,TK91,TK93	SNV	0	3
ENSG00000274317	LINC02334	GroupB_exclusive			TK91,TK92,TK93	INDEL,SNV	0	3
ENSG00000271850	LINC02343	GroupB_exclusive			TK91,TK92,TK93	SNV	0	3
ENSG00000259225	LINC02345	GroupB_exclusive			TK10,TK12,TK93	SNV	0	3
ENSG00000248210	LINC02355	GroupB_exclusive			TK91,TK92,TK93	SNV	0	3
ENSG00000260423	LINC02367	GroupB_exclusive			TK91,TK92,TK93	SNV	0	3
ENSG00000256994	LINC02378	GroupB_exclusive			TK91,TK92,TK93	SNV	0	3
ENSG00000257756	LINC02386	GroupB_exclusive			TK10,TK12,TK93	SNV	0	3
ENSG00000249345	LINC02405	GroupB_exclusive			TK10,TK91,TK93	SNV	0	3
ENSG00000256424	LINC02414	GroupB_exclusive			TK91,TK92,TK93	SNV	0	3
ENSG00000256906	LINC02419	GroupB_exclusive			TK10,TK92,TK93	SNV	0	3
ENSG00000249460	LINC02500	GroupB_exclusive			TK91,TK92,TK93	INDEL,SNV	0	3
ENSG00000251688	LINC02507	GroupB_exclusive			TK12,TK18,TK91	INDEL,SNV	0	3
ENSG00000226194	LINC02519	GroupB_exclusive			TK18,TK92,TK93	INDEL,SNV	0	3
ENSG00000236635	LINC02540	GroupB_exclusive			TK10,TK91,TK93	SNV	0	3
ENSG00000260265	LINC02562	GroupB_exclusive			TK91,TK92,TK93	SNV	0	3
ENSG00000261618	LINC02605	GroupB_exclusive			TK91,TK92,TK93	INDEL,SNV	0	3
ENSG00000226791	LINC02611	GroupB_exclusive			TK10,TK92,TK93	SNV	0	3
ENSG00000233200	LINC02634	GroupB_exclusive			TK18,TK92,TK93	SNV	0	3
ENSG00000236373	LINC02653	GroupB_exclusive			TK91,TK92,TK93	SNV	0	3
ENSG00000254456	LINC02699	GroupB_exclusive			TK10,TK91,TK92	INDEL,SNV	0	3
ENSG00000254401	LINC02752	GroupB_exclusive			TK10,TK91,TK92	SNV	0	3
ENSG00000229484	LINC02766	GroupB_exclusive			TK91,TK92,TK93	SNV	0	3
ENSG00000259815	LINC02769	GroupB_exclusive			TK91,TK92,TK93	SNV	0	3
ENSG00000204362	LINC02783	GroupB_exclusive			TK18,TK92,TK93	SNV	0	3
ENSG00000227016	LINC02796	GroupB_exclusive			TK91,TK92,TK93	SNV	0	3
ENSG00000232527	LINC02802	GroupB_exclusive			TK91,TK92,TK93	SNV	0	3
ENSG00000275212	LINC02826	GroupB_exclusive			TK91,TK92,TK93	INDEL,SNV	0	3
ENSG00000254123	LINC02839	GroupB_exclusive			TK10,TK91,TK93	SNV	0	3
ENSG00000226581	LINC02848	GroupB_exclusive			TK91,TK92,TK93	SNV	0	3
ENSG00000229922	LINC02865	GroupB_exclusive			TK91,TK92,TK93	SNV	0	3
ENSG00000251138	LINC02882	GroupB_exclusive			TK91,TK92,TK93	INDEL,SNV	0	3
ENSG00000249647	LINC02900	GroupB_exclusive			TK91,TK92,TK93	SNV	0	3
ENSG00000204929	LINC02934	GroupB_exclusive			TK91,TK92,TK93	SNV	0	3
ENSG00000266288	LINC02974	GroupB_exclusive			TK91,TK92,TK93	SNV	0	3
ENSG00000260317	LINC02986	GroupB_exclusive			TK12,TK91,TK92	SNV	0	3
ENSG00000230533	LINC03004	GroupB_exclusive			TK91,TK92,TK93	SNV	0	3
ENSG00000258117	LINC03056	GroupB_exclusive			TK91,TK92,TK93	SNV	0	3
ENSG00000237372	LINC03062	GroupB_exclusive			TK12,TK91,TK92	SNV	0	3
ENSG00000223784	LINP1	GroupB_exclusive			TK10,TK92,TK93	SNV	0	3
ENSG00000251513	LIX1-AS1	GroupB_exclusive			TK91,TK92,TK93	SNV	0	3
ENSG00000152936	LMNTD1	GroupB_exclusive			TK91,TK92,TK93	INDEL,SNV	0	3
ENSG00000178734	LMO7DN	GroupB_exclusive			TK91,TK92,TK93	SNV	0	3
ENSG00000224563	LPP-AS1	GroupB_exclusive			TK91,TK92,TK93	INDEL,SNV	0	3
ENSG00000270959	LPP-AS2	GroupB_exclusive			TK91,TK92,TK93	SNV	0	3
ENSG00000162981	LRATD1	GroupB_exclusive			TK18,TK91,TK93	SNV	0	3
ENSG00000148655	LRMDA	GroupB_exclusive			TK91,TK92,TK93	SNV	0	3
ENSG00000259125	LRP1-AS	GroupB_exclusive			TK10,TK91,TK93	SNV	0	3
ENSG00000237919	LRRC7-AS1	GroupB_exclusive			TK91,TK92,TK93	INDEL,SNV	0	3
ENSG00000204482	LST1	GroupB_exclusive			TK10,TK12,TK18	SNV	0	3
ENSG00000150556	LYPD6B	GroupB_exclusive			TK91,TK92,TK93	SNV	0	3
ENSG00000235914	MACROD2-AS1	GroupB_exclusive			TK91,TK92,TK93	INDEL,SNV	0	3
ENSG00000229967	MAGEA4-AS1	GroupB_exclusive			TK91,TK92,TK93	SNV	0	3
ENSG00000272610	MAGI1-IT1	GroupB_exclusive			TK91,TK92,TK93	INDEL,SNV	0	3
ENSG00000234456	MAGI2-AS3	GroupB_exclusive			TK91,TK92,TK93	INDEL,SNV	0	3
ENSG00000270975	MAGOH3P	GroupB_exclusive			TK91,TK92,TK93	SNV	0	3
ENSG00000168070	MAJIN	GroupB_exclusive			TK91,TK92,TK93	SNV	0	3
ENSG00000078018	MAP2	GroupB_exclusive			TK91,TK92,TK93	SNV	0	3
ENSG00000108984	MAP2K6	GroupB_exclusive			TK91,TK92,TK93	INDEL,SNV	0	3
ENSG00000116141	MARK1	GroupB_exclusive			TK91,TK92,TK93	INDEL,SNV	0	3
ENSG00000219712	MARK2P18	GroupB_exclusive			TK91,TK92,TK93	SNV	0	3
ENSG00000130368	MAS1	GroupB_exclusive			TK10,TK18,TK92	INDEL,SNV	0	3
ENSG00000242308	MAT2AP1	GroupB_exclusive			TK91,TK92,TK93	SNV	0	3
ENSG00000103495	MAZ	GroupB_exclusive			TK18,TK92,TK93	SNV	0	3
ENSG00000260018	MBTPS1-DT	GroupB_exclusive			TK18,TK91,TK92	INDEL,SNV	0	3
ENSG00000229315	MCHR2-AS1	GroupB_exclusive			TK10,TK91,TK92	SNV	0	3
ENSG00000101898	MCTS2	GroupB_exclusive			TK10,TK91,TK92	INDEL,SNV	0	3
ENSG00000156026	MCU	GroupB_exclusive			TK91,TK92,TK93	INDEL,SNV	0	3
ENSG00000241479	MECOM-AS1	GroupB_exclusive			TK91,TK92,TK93	INDEL,SNV	0	3
ENSG00000214875	MED28P1	GroupB_exclusive			TK91,TK92,TK93	SNV	0	3
ENSG00000213117	MEMO1P2	GroupB_exclusive			TK91,TK92,TK93	SNV	0	3
ENSG00000005102	MEOX1	GroupB_exclusive			TK91,TK92,TK93	SNV	0	3
ENSG00000256283	METTL8P1	GroupB_exclusive			TK18,TK91,TK92	SNV	0	3
ENSG00000215720	MFFP1	GroupB_exclusive			TK91,TK92,TK93	SNV	0	3
ENSG00000233874	MFN1P1	GroupB_exclusive			TK91,TK92,TK93	SNV	0	3
ENSG00000235185	MICOS10-DT	GroupB_exclusive			TK91,TK92,TK93	INDEL,SNV	0	3
ENSG00000186367	MINAR2	GroupB_exclusive			TK91,TK92,TK93	SNV	0	3
ENSG00000254602	MIR130AHG	GroupB_exclusive			TK91,TK92,TK93	SNV	0	3
ENSG00000245080	MIR3150BHG	GroupB_exclusive			TK10,TK92,TK93	SNV	0	3
ENSG00000284542	MIR3614	GroupB_exclusive			TK91,TK92,TK93	SNV	0	3
ENSG00000275708	MIR3648-1	GroupB_exclusive			TK91,TK92,TK93	SNV	0	3
ENSG00000266325	MIR3665	GroupB_exclusive			TK12,TK92,TK93	INDEL,SNV	0	3
ENSG00000264448	MIR378D2HG	GroupB_exclusive			TK10,TK92,TK93	SNV	0	3
ENSG00000264371	MIR4425	GroupB_exclusive			TK10,TK91,TK93	SNV	0	3
ENSG00000264941	MIR4474	GroupB_exclusive			TK91,TK92,TK93	SNV	0	3
ENSG00000284143	MIR4700	GroupB_exclusive			TK91,TK92,TK93	SNV	0	3
ENSG00000208032	MIR548A3	GroupB_exclusive			TK10,TK91,TK93	INDEL,SNV	0	3
ENSG00000265653	MIR548AK	GroupB_exclusive			TK91,TK92,TK93	SNV	0	3
ENSG00000265056	MIR548S	GroupB_exclusive			TK91,TK92,TK93	INDEL,SNV	0	3
ENSG00000229401	MIR5689HG	GroupB_exclusive			TK91,TK92,TK93	INDEL,SNV	0	3
ENSG00000207650	MIR570	GroupB_exclusive			TK91,TK92,TK93	SNV	0	3
ENSG00000250551	MIR583HG	GroupB_exclusive			TK91,TK92,TK93	INDEL,SNV	0	3
ENSG00000278799	MIR6823	GroupB_exclusive			TK91,TK92,TK93	INDEL	0	3
ENSG00000278520	MIR7851	GroupB_exclusive			TK10,TK92,TK93	SNV	0	3
ENSG00000275789	MIR8064	GroupB_exclusive			TK91,TK92,TK93	SNV	0	3
ENSG00000264311	MIX23P1	GroupB_exclusive			TK12,TK92,TK93	INDEL,SNV	0	3
ENSG00000230500	MKX-AS1	GroupB_exclusive			TK10,TK92,TK93	SNV	0	3
ENSG00000254708	MMADHCP2	GroupB_exclusive			TK91,TK92,TK93	INDEL,SNV	0	3
ENSG00000138722	MMRN1	GroupB_exclusive			TK10,TK18,TK92	SNV	0	3
ENSG00000166391	MOGAT2	GroupB_exclusive			TK91,TK92,TK93	SNV	0	3
ENSG00000185681	MORN5	GroupB_exclusive			TK10,TK91,TK92	SNV	0	3
ENSG00000261029	MPHOSPH6-DT	GroupB_exclusive			TK18,TK91,TK92	SNV	0	3
ENSG00000135324	MRAP2	GroupB_exclusive			TK91,TK92,TK93	SNV	0	3
ENSG00000257480	MRPL2P1	GroupB_exclusive			TK91,TK92,TK93	INDEL,SNV	0	3
ENSG00000266946	MRPL37P1	GroupB_exclusive			TK10,TK91,TK93	SNV	0	3
ENSG00000232508	MRPL45P1	GroupB_exclusive			TK91,TK92,TK93	INDEL,SNV	0	3
ENSG00000257802	MRS2P2	GroupB_exclusive			TK10,TK91,TK93	SNV	0	3
ENSG00000174099	MSRB3	GroupB_exclusive			TK10,TK92,TK93	SNV	0	3
ENSG00000230077	MTAPP2	GroupB_exclusive			TK91,TK92,TK93	INDEL,SNV	0	3
ENSG00000234003	MTATP6P27	GroupB_exclusive			TK18,TK92,TK93	SNV	0	3
ENSG00000240409	MTATP8P1	GroupB_exclusive			TK10,TK91,TK92	SNV	0	3
ENSG00000224083	MTCO1P11	GroupB_exclusive			TK91,TK92,TK93	SNV	0	3
ENSG00000251476	MTCO1P31	GroupB_exclusive			TK10,TK92,TK93	SNV	0	3
ENSG00000235917	MTCO2P11	GroupB_exclusive			TK91,TK92,TK93	INDEL,SNV	0	3
ENSG00000237711	MTCO3P11	GroupB_exclusive			TK91,TK92,TK93	SNV	0	3
ENSG00000232373	MTCYBP3	GroupB_exclusive			TK91,TK92,TK93	SNV	0	3
ENSG00000229794	MTCYBP32	GroupB_exclusive			TK91,TK92,TK93	SNV	0	3
ENSG00000244681	MTHFD2P1	GroupB_exclusive			TK91,TK92,TK93	SNV	0	3
ENSG00000181260	MTHFD2P7	GroupB_exclusive			TK10,TK91,TK92	SNV	0	3
ENSG00000228166	MTND1P11	GroupB_exclusive			TK91,TK92,TK93	SNV	0	3
ENSG00000238288	MTND3P23	GroupB_exclusive			TK10,TK91,TK93	SNV	0	3
ENSG00000270906	MTND4P35	GroupB_exclusive			TK91,TK92,TK93	SNV	0	3
ENSG00000229622	MTND5P2	GroupB_exclusive			TK91,TK92,TK93	SNV	0	3
ENSG00000227348	MTND5P25	GroupB_exclusive			TK10,TK91,TK93	SNV	0	3
ENSG00000030304	MUSK	GroupB_exclusive			TK91,TK92,TK93	SNV	0	3
ENSG00000196814	MVB12B	GroupB_exclusive			TK91,TK92,TK93	SNV	0	3
ENSG00000229521	MYCBP2-AS2	GroupB_exclusive			TK91,TK92,TK93	INDEL,SNV	0	3
ENSG00000233718	MYCNOS	GroupB_exclusive			TK91,TK92,TK93	SNV	0	3
ENSG00000223850	MYCNUT	GroupB_exclusive			TK91,TK92,TK93	INDEL,SNV	0	3
ENSG00000270846	MYG1P1	GroupB_exclusive			TK10,TK91,TK93	SNV	0	3
ENSG00000227765	MYL12BP2	GroupB_exclusive			TK12,TK92,TK93	SNV	0	3
ENSG00000228656	MYO5BP3	GroupB_exclusive			TK91,TK92,TK93	SNV	0	3
ENSG00000226779	NAALADL2-AS2	GroupB_exclusive			TK91,TK92,TK93	SNV	0	3
ENSG00000257210	NACAP8	GroupB_exclusive			TK91,TK92,TK93	INDEL,SNV	0	3
ENSG00000227248	NALF1-IT1	GroupB_exclusive			TK10,TK92,TK93	SNV	0	3
ENSG00000213371	NAP1L1P3	GroupB_exclusive			TK12,TK91,TK92	INDEL,SNV	0	3
ENSG00000177173	NAP1L4P1	GroupB_exclusive			TK10,TK91,TK92	SNV	0	3
ENSG00000243967	NBPF5P	GroupB_exclusive			TK10,TK91,TK93	SNV	0	3
ENSG00000149294	NCAM1	GroupB_exclusive			TK91,TK92,TK93	INDEL,SNV	0	3
ENSG00000183822	NCF4-AS1	GroupB_exclusive			TK91,TK92,TK93	SNV	0	3
ENSG00000249215	NCOA4P4	GroupB_exclusive			TK91,TK92,TK93	SNV	0	3
ENSG00000234853	NDUFA5P3	GroupB_exclusive			TK91,TK92,TK93	INDEL,SNV	0	3
ENSG00000255358	NDUFAF2P2	GroupB_exclusive			TK10,TK91,TK93	SNV	0	3
ENSG00000184224	NDUFV1-DT	GroupB_exclusive			TK10,TK18,TK92	SNV	0	3
ENSG00000234632	NECAP1P2	GroupB_exclusive			TK91,TK92,TK93	SNV	0	3
ENSG00000228853	NEGR1-IT1	GroupB_exclusive			TK18,TK92,TK93	SNV	0	3
ENSG00000233647	NENFP1	GroupB_exclusive			TK91,TK92,TK93	SNV	0	3
ENSG00000235470	NEURL1-AS1	GroupB_exclusive			TK91,TK92,TK93	SNV	0	3
ENSG00000214357	NEURL1B	GroupB_exclusive			TK91,TK92,TK93	SNV	0	3
ENSG00000122859	NEUROG3	GroupB_exclusive			TK91,TK92,TK93	SNV	0	3
ENSG00000237853	NFIA-AS1	GroupB_exclusive			TK91,TK92,TK93	INDEL,SNV	0	3
ENSG00000188158	NHS	GroupB_exclusive			TK91,TK92,TK93	SNV	0	3
ENSG00000204131	NHSL2	GroupB_exclusive			TK91,TK92,TK93	SNV	0	3
ENSG00000251405	NIPAL4-DT	GroupB_exclusive			TK91,TK92,TK93	SNV	0	3
ENSG00000229544	NKX1-2	GroupB_exclusive			TK91,TK92,TK93	SNV	0	3
ENSG00000136352	NKX2-1	GroupB_exclusive			TK91,TK92,TK93	INDEL,SNV	0	3
ENSG00000167034	NKX3-1	GroupB_exclusive			TK91,TK92,TK93	INDEL,SNV	0	3
ENSG00000248327	NOL8P1	GroupB_exclusive			TK91,TK92,TK93	SNV	0	3
ENSG00000232492	NPM1P13	GroupB_exclusive			TK91,TK92,TK93	SNV	0	3
ENSG00000227969	NPM1P22	GroupB_exclusive			TK91,TK92,TK93	INDEL,SNV	0	3
ENSG00000259440	NPM1P43	GroupB_exclusive			TK91,TK92,TK93	SNV	0	3
ENSG00000213333	NPM1P50	GroupB_exclusive			TK91,TK92,TK93	SNV	0	3
ENSG00000136931	NR5A1	GroupB_exclusive			TK12,TK18,TK92	SNV	0	3
ENSG00000158458	NRG2	GroupB_exclusive			TK10,TK92,TK93	SNV	0	3
ENSG00000225964	NRIR	GroupB_exclusive			TK91,TK92,TK93	SNV	0	3
ENSG00000258357	NSA2P2	GroupB_exclusive			TK10,TK18,TK91	SNV	0	3
ENSG00000250980	NSA2P6	GroupB_exclusive			TK91,TK92,TK93	SNV	0	3
ENSG00000148335	NTMT1	GroupB_exclusive			TK91,TK92,TK93	INDEL,SNV	0	3
ENSG00000234627	NUS1P3	GroupB_exclusive			TK91,TK92,TK93	INDEL,SNV	0	3
ENSG00000188937	NYX	GroupB_exclusive			TK18,TK92,TK93	SNV	0	3
ENSG00000079482	OPHN1	GroupB_exclusive			TK91,TK92,TK93	INDEL,SNV	0	3
ENSG00000176510	OR10AC1	GroupB_exclusive			TK10,TK92,TK93	SNV	0	3
ENSG00000272837	OR10AE3P	GroupB_exclusive			TK10,TK18,TK91	SNV	0	3
ENSG00000136834	OR1J1	GroupB_exclusive			TK18,TK91,TK92	SNV	0	3
ENSG00000239590	OR1J4	GroupB_exclusive			TK91,TK92,TK93	SNV	0	3
ENSG00000124657	OR2B6	GroupB_exclusive			TK10,TK92,TK93	SNV	0	3
ENSG00000255053	OR4A44P	GroupB_exclusive			TK91,TK92,TK93	INDEL,SNV	0	3
ENSG00000197161	OR4C4P	GroupB_exclusive			TK91,TK92,TK93	SNV	0	3
ENSG00000176239	OR51B6	GroupB_exclusive			TK91,TK92,TK93	SNV	0	3
ENSG00000243429	OR7E29P	GroupB_exclusive			TK10,TK92,TK93	SNV	0	3
ENSG00000185074	OR7E31P	GroupB_exclusive			TK91,TK92,TK93	SNV	0	3
ENSG00000226537	OR7E33P	GroupB_exclusive			TK91,TK92,TK93	SNV	0	3
ENSG00000205240	OR7E36P	GroupB_exclusive			TK91,TK92,TK93	SNV	0	3
ENSG00000214880	OR7E5P	GroupB_exclusive			TK91,TK92,TK93	SNV	0	3
ENSG00000230673	PABPC1P3	GroupB_exclusive			TK18,TK92,TK93	SNV	0	3
ENSG00000101349	PAK5	GroupB_exclusive			TK91,TK92,TK93	SNV	0	3
ENSG00000170915	PAQR8	GroupB_exclusive			TK91,TK92,TK93	SNV	0	3
ENSG00000224976	PARP4P2	GroupB_exclusive			TK91,TK92,TK93	INDEL,SNV	0	3
ENSG00000125813	PAX1	GroupB_exclusive			TK91,TK92,TK93	SNV	0	3
ENSG00000254440	PBOV1	GroupB_exclusive			TK91,TK92,TK93	SNV	0	3
ENSG00000280623	PCAT14	GroupB_exclusive			TK91,TK92,TK93	SNV	0	3
ENSG00000250241	PCDH10-DT	GroupB_exclusive			TK91,TK92,TK93	SNV	0	3
ENSG00000165194	PCDH19	GroupB_exclusive			TK91,TK92,TK93	INDEL,SNV	0	3
ENSG00000249158	PCDHA11	GroupB_exclusive			TK91,TK92,TK93	SNV	0	3
ENSG00000249504	PCDHA14	GroupB_exclusive			TK91,TK92,TK93	INDEL,SNV	0	3
ENSG00000254245	PCDHGA3	GroupB_exclusive			TK91,TK92,TK93	SNV	0	3
ENSG00000276545	PCDHGB9P	GroupB_exclusive			TK91,TK92,TK93	SNV	0	3
ENSG00000260087	PCMTD1P2	GroupB_exclusive			TK91,TK92,TK93	SNV	0	3
ENSG00000163710	PCOLCE2	GroupB_exclusive			TK91,TK92,TK93	SNV	0	3
ENSG00000125851	PCSK2	GroupB_exclusive			TK91,TK92,TK93	SNV	0	3
ENSG00000128655	PDE11A	GroupB_exclusive			TK91,TK92,TK93	SNV	0	3
ENSG00000133256	PDE6B	GroupB_exclusive			TK18,TK92,TK93	SNV	0	3
ENSG00000237596	PDE7B-AS1	GroupB_exclusive			TK91,TK92,TK93	SNV	0	3
ENSG00000100311	PDGFB	GroupB_exclusive			TK91,TK92,TK93	SNV	0	3
ENSG00000231170	PDK4-AS1	GroupB_exclusive			TK10,TK18,TK91	INDEL,SNV	0	3
ENSG00000182347	PDSS1P1	GroupB_exclusive			TK91,TK92,TK93	SNV	0	3
ENSG00000214041	PGAM1P4	GroupB_exclusive			TK91,TK92,TK93	INDEL,SNV	0	3
ENSG00000213667	PGGT1BP1	GroupB_exclusive			TK10,TK91,TK92	SNV	0	3
ENSG00000277631	PGM5P3-AS1	GroupB_exclusive			TK91,TK92,TK93	SNV	0	3
ENSG00000231943	PGM5P4-AS1	GroupB_exclusive			TK91,TK92,TK93	SNV	0	3
ENSG00000267178	PHF5AP1	GroupB_exclusive			TK91,TK92,TK93	SNV	0	3
ENSG00000244730	PHF5AP3	GroupB_exclusive			TK91,TK92,TK93	SNV	0	3
ENSG00000253869	PIGFP1	GroupB_exclusive			TK91,TK92,TK93	SNV	0	3
ENSG00000121716	PILRB	GroupB_exclusive			TK91,TK92,TK93	SNV	0	3
ENSG00000217653	PIMREGP3	GroupB_exclusive			TK91,TK92,TK93	SNV	0	3
ENSG00000220563	PKMP3	GroupB_exclusive			TK10,TK18,TK92	SNV	0	3
ENSG00000277770	PLA2G10GP	GroupB_exclusive			TK91,TK92,TK93	SNV	0	3
ENSG00000280109	PLAC4	GroupB_exclusive			TK91,TK92,TK93	INDEL,SNV	0	3
ENSG00000225479	PLCB1-IT1	GroupB_exclusive			TK91,TK92,TK93	INDEL,SNV	0	3
ENSG00000226441	PLCL2-AS1	GroupB_exclusive			TK91,TK92,TK93	SNV	0	3
ENSG00000130822	PNCK	GroupB_exclusive			TK10,TK18,TK92	SNV	0	3
ENSG00000229241	PNPT1P1	GroupB_exclusive			TK91,TK92,TK93	SNV	0	3
ENSG00000100227	POLDIP3	GroupB_exclusive			TK10,TK12,TK91	SNV	0	3
ENSG00000198914	POU3F3	GroupB_exclusive			TK91,TK92,TK93	INDEL,SNV	0	3
ENSG00000132170	PPARG	GroupB_exclusive			TK91,TK92,TK93	SNV	0	3
ENSG00000242613	PPDPFP1	GroupB_exclusive			TK91,TK92,TK93	INDEL,SNV	0	3
ENSG00000271639	PPFIA1P1	GroupB_exclusive			TK10,TK12,TK93	SNV	0	3
ENSG00000288867	PPIAL4C	GroupB_exclusive			TK91,TK92,TK93	INDEL,SNV	0	3
ENSG00000237882	PPIAP13	GroupB_exclusive			TK91,TK92,TK93	INDEL,SNV	0	3
ENSG00000244183	PPIAP71	GroupB_exclusive			TK91,TK92,TK93	SNV	0	3
ENSG00000174715	PPIAP72	GroupB_exclusive			TK91,TK92,TK93	SNV	0	3
ENSG00000229238	PPP1R12BP1	GroupB_exclusive			TK91,TK92,TK93	SNV	0	3
ENSG00000198729	PPP1R14C	GroupB_exclusive			TK91,TK92,TK93	SNV	0	3
ENSG00000156475	PPP2R2B	GroupB_exclusive			TK10,TK92,TK93	SNV	0	3
ENSG00000229598	PRDX3P1	GroupB_exclusive			TK91,TK92,TK93	SNV	0	3
ENSG00000239926	PRDX3P4	GroupB_exclusive			TK91,TK92,TK93	SNV	0	3
ENSG00000236105	PRELID3BP10	GroupB_exclusive			TK91,TK92,TK93	SNV	0	3
ENSG00000188783	PRELP	GroupB_exclusive			TK10,TK92,TK93	SNV	0	3
ENSG00000243193	PRKAR2B-AS1	GroupB_exclusive			TK91,TK92,TK93	INDEL,SNV	0	3
ENSG00000111218	PRMT8	GroupB_exclusive			TK91,TK92,TK93	SNV	0	3
ENSG00000278873	PRO1804	GroupB_exclusive			TK91,TK92,TK93	SNV	0	3
ENSG00000165630	PRPF18	GroupB_exclusive			TK91,TK92,TK93	INDEL,SNV	0	3
ENSG00000271412	PRR13P3	GroupB_exclusive			TK10,TK91,TK92	SNV	0	3
ENSG00000254582	PSMA2P1	GroupB_exclusive			TK91,TK92,TK93	SNV	0	3
ENSG00000231244	PSMC1P3	GroupB_exclusive			TK91,TK92,TK93	SNV	0	3
ENSG00000248988	PSME2P3	GroupB_exclusive			TK91,TK92,TK93	SNV	0	3
ENSG00000251332	PSME2P4	GroupB_exclusive			TK91,TK92,TK93	SNV	0	3
ENSG00000219700	PTCHD3P3	GroupB_exclusive			TK18,TK92,TK93	SNV	0	3
ENSG00000259104	PTCSC3	GroupB_exclusive			TK12,TK91,TK92	SNV	0	3
ENSG00000269907	PTMAP11	GroupB_exclusive			TK91,TK92,TK93	SNV	0	3
ENSG00000282886	PTMAP12	GroupB_exclusive			TK91,TK92,TK93	SNV	0	3
ENSG00000234620	PUDPP1	GroupB_exclusive			TK91,TK92,TK93	SNV	0	3
ENSG00000279050	PWAR1	GroupB_exclusive			TK91,TK92,TK93	SNV	0	3
ENSG00000169900	PYDC1	GroupB_exclusive			TK10,TK18,TK92	SNV	0	3
ENSG00000257957	QRSL1P3	GroupB_exclusive			TK91,TK92,TK93	INDEL,SNV	0	3
ENSG00000248735	R3HDM2P1	GroupB_exclusive			TK91,TK92,TK93	SNV	0	3
ENSG00000229023	RAB1AP1	GroupB_exclusive			TK91,TK92,TK93	INDEL,SNV	0	3
ENSG00000118508	RAB32	GroupB_exclusive			TK91,TK92,TK93	SNV	0	3
ENSG00000213522	RAC1P5	GroupB_exclusive			TK91,TK92,TK93	INDEL,SNV	0	3
ENSG00000232400	RAD17P1	GroupB_exclusive			TK91,TK92,TK93	SNV	0	3
ENSG00000223724	RAD17P2	GroupB_exclusive			TK91,TK92,TK93	INDEL,SNV	0	3
ENSG00000218358	RAET1K	GroupB_exclusive			TK91,TK92,TK93	SNV	0	3
ENSG00000290917	RAET1K	GroupB_exclusive			TK91,TK92,TK93	SNV	0	3
ENSG00000239880	RALBP1P1	GroupB_exclusive			TK91,TK92,TK93	SNV	0	3
ENSG00000132329	RAMP1	GroupB_exclusive			TK10,TK91,TK93	INDEL,SNV	0	3
ENSG00000213370	RANP6	GroupB_exclusive			TK91,TK92,TK93	SNV	0	3
ENSG00000236857	RAP1BP1	GroupB_exclusive			TK91,TK92,TK93	SNV	0	3
ENSG00000198774	RASSF9	GroupB_exclusive			TK10,TK91,TK93	SNV	0	3
ENSG00000230399	RBBP8P1	GroupB_exclusive			TK91,TK92,TK93	SNV	0	3
ENSG00000213423	RBMX2P2	GroupB_exclusive			TK91,TK92,TK93	INDEL,SNV	0	3
ENSG00000234159	RBPMSLP	GroupB_exclusive			TK91,TK92,TK93	SNV	0	3
ENSG00000249558	RCC2P4	GroupB_exclusive			TK10,TK91,TK93	SNV	0	3
ENSG00000238247	RDXP3	GroupB_exclusive			TK18,TK91,TK92	SNV	0	3
ENSG00000183324	REC114	GroupB_exclusive			TK12,TK91,TK93	SNV	0	3
ENSG00000229276	REV3L-IT1	GroupB_exclusive			TK91,TK92,TK93	SNV	0	3
ENSG00000143344	RGL1	GroupB_exclusive			TK10,TK91,TK93	SNV	0	3
ENSG00000127074	RGS13	GroupB_exclusive			TK10,TK12,TK92	SNV	0	3
ENSG00000121446	RGSL1	GroupB_exclusive			TK10,TK12,TK91	INDEL,SNV	0	3
ENSG00000141314	RHBDL3	GroupB_exclusive			TK10,TK91,TK92	INDEL,SNV	0	3
ENSG00000126785	RHOJ	GroupB_exclusive			TK10,TK91,TK92	SNV	0	3
ENSG00000060709	RIMBP2	GroupB_exclusive			TK91,TK92,TK93	INDEL,SNV	0	3
ENSG00000183246	RIMBP3C	GroupB_exclusive			TK91,TK92,TK93	SNV	0	3
ENSG00000152214	RIT2	GroupB_exclusive			TK10,TK91,TK93	SNV	0	3
ENSG00000107018	RLN1	GroupB_exclusive			TK91,TK92,TK93	SNV	0	3
ENSG00000175643	RMI2	GroupB_exclusive			TK91,TK92,TK93	SNV	0	3
ENSG00000223006	RN7SKP137	GroupB_exclusive			TK12,TK91,TK93	SNV	0	3
ENSG00000200674	RN7SKP160	GroupB_exclusive			TK12,TK92,TK93	SNV	0	3
ENSG00000200783	RN7SKP180	GroupB_exclusive			TK91,TK92,TK93	SNV	0	3
ENSG00000199683	RN7SKP185	GroupB_exclusive			TK91,TK92,TK93	SNV	0	3
ENSG00000200488	RN7SKP203	GroupB_exclusive			TK91,TK92,TK93	SNV	0	3
ENSG00000201510	RN7SKP217	GroupB_exclusive			TK91,TK92,TK93	SNV	0	3
ENSG00000201315	RN7SKP227	GroupB_exclusive			TK91,TK92,TK93	SNV	0	3
ENSG00000199975	RN7SKP243	GroupB_exclusive			TK91,TK92,TK93	SNV	0	3
ENSG00000200312	RN7SKP255	GroupB_exclusive			TK91,TK92,TK93	SNV	0	3
ENSG00000202415	RN7SKP269	GroupB_exclusive			TK10,TK92,TK93	SNV	0	3
ENSG00000199831	RN7SKP291	GroupB_exclusive			TK91,TK92,TK93	SNV	0	3
ENSG00000201364	RN7SKP37	GroupB_exclusive			TK91,TK92,TK93	SNV	0	3
ENSG00000200243	RN7SKP79	GroupB_exclusive			TK91,TK92,TK93	SNV	0	3
ENSG00000222969	RN7SKP8	GroupB_exclusive			TK91,TK92,TK93	SNV	0	3
ENSG00000222784	RN7SKP91	GroupB_exclusive			TK91,TK92,TK93	SNV	0	3
ENSG00000240490	RN7SL277P	GroupB_exclusive			TK91,TK92,TK93	SNV	0	3
ENSG00000265648	RN7SL279P	GroupB_exclusive			TK10,TK18,TK91	SNV	0	3
ENSG00000243338	RN7SL307P	GroupB_exclusive			TK91,TK92,TK93	SNV	0	3
ENSG00000275655	RN7SL313P	GroupB_exclusive			TK10,TK91,TK92	SNV	0	3
ENSG00000242170	RN7SL329P	GroupB_exclusive			TK18,TK92,TK93	SNV	0	3
ENSG00000241568	RN7SL338P	GroupB_exclusive			TK91,TK92,TK93	SNV	0	3
ENSG00000266569	RN7SL377P	GroupB_exclusive			TK10,TK92,TK93	SNV	0	3
ENSG00000239396	RN7SL414P	GroupB_exclusive			TK91,TK92,TK93	SNV	0	3
ENSG00000240733	RN7SL502P	GroupB_exclusive			TK91,TK92,TK93	INDEL,SNV	0	3
ENSG00000241406	RN7SL515P	GroupB_exclusive			TK91,TK92,TK93	SNV	0	3
ENSG00000243260	RN7SL558P	GroupB_exclusive			TK91,TK92,TK93	SNV	0	3
ENSG00000265735	RN7SL5P	GroupB_exclusive			TK91,TK92,TK93	SNV	0	3
ENSG00000241963	RN7SL655P	GroupB_exclusive			TK91,TK92,TK93	SNV	0	3
ENSG00000265078	RN7SL664P	GroupB_exclusive			TK91,TK92,TK93	SNV	0	3
ENSG00000241693	RN7SL704P	GroupB_exclusive			TK10,TK18,TK93	SNV	0	3
ENSG00000241529	RN7SL767P	GroupB_exclusive			TK91,TK92,TK93	INDEL,SNV	0	3
ENSG00000242398	RN7SL800P	GroupB_exclusive			TK91,TK92,TK93	SNV	0	3
ENSG00000244218	RN7SL81P	GroupB_exclusive			TK10,TK12,TK93	SNV	0	3
ENSG00000212237	RNA5SP18	GroupB_exclusive			TK91,TK92,TK93	SNV	0	3
ENSG00000200278	RNA5SP352	GroupB_exclusive			TK10,TK12,TK18	SNV	0	3
ENSG00000113269	RNF130	GroupB_exclusive			TK10,TK91,TK92	SNV	0	3
ENSG00000238109	RNF14P3	GroupB_exclusive			TK10,TK91,TK92	SNV	0	3
ENSG00000223500	RNF14P4	GroupB_exclusive			TK91,TK92,TK93	INDEL,SNV	0	3
ENSG00000092098	RNF31	GroupB_exclusive			TK10,TK12,TK91	SNV	0	3
ENSG00000237731	RNGTTP1	GroupB_exclusive			TK91,TK92,TK93	SNV	0	3
ENSG00000206596	RNU1-27P	GroupB_exclusive			TK91,TK92,TK93	SNV	0	3
ENSG00000207175	RNU1-67P	GroupB_exclusive			TK91,TK92,TK93	SNV	0	3
ENSG00000201659	RNU12-2P	GroupB_exclusive			TK91,TK92,TK93	SNV	0	3
ENSG00000222627	RNU2-37P	GroupB_exclusive			TK18,TK91,TK93	SNV	0	3
ENSG00000222724	RNU2-63P	GroupB_exclusive			TK91,TK92,TK93	SNV	0	3
ENSG00000201458	RNU4-4P	GroupB_exclusive			TK91,TK92,TK93	SNV	0	3
ENSG00000200974	RNU4-87P	GroupB_exclusive			TK91,TK92,TK93	SNV	0	3
ENSG00000207399	RNU6-1011P	GroupB_exclusive			TK91,TK92,TK93	INDEL,SNV	0	3
ENSG00000201433	RNU6-335P	GroupB_exclusive			TK10,TK92,TK93	SNV	0	3
ENSG00000206892	RNU6-42P	GroupB_exclusive			TK91,TK92,TK93	SNV	0	3
ENSG00000200917	RNU6-553P	GroupB_exclusive			TK10,TK92,TK93	SNV	0	3
ENSG00000200887	RNU6-598P	GroupB_exclusive			TK91,TK92,TK93	SNV	0	3
ENSG00000252155	RNU6-941P	GroupB_exclusive			TK18,TK91,TK93	INDEL,SNV	0	3
ENSG00000252118	RNU6ATAC39P	GroupB_exclusive			TK91,TK92,TK93	SNV	0	3
ENSG00000238446	RNU7-38P	GroupB_exclusive			TK91,TK92,TK93	SNV	0	3
ENSG00000251726	RNU7-41P	GroupB_exclusive			TK91,TK92,TK93	SNV	0	3
ENSG00000274428	RNVU1-25	GroupB_exclusive			TK91,TK92,TK93	SNV	0	3
ENSG00000225357	RPF2P1	GroupB_exclusive			TK12,TK18,TK91	INDEL,SNV	0	3
ENSG00000244691	RPL10AP1	GroupB_exclusive			TK91,TK92,TK93	SNV	0	3
ENSG00000234040	RPL10P12	GroupB_exclusive			TK91,TK92,TK93	SNV	0	3
ENSG00000242683	RPL12P21	GroupB_exclusive			TK91,TK92,TK93	SNV	0	3
ENSG00000234589	RPL13AP24	GroupB_exclusive			TK10,TK12,TK93	SNV	0	3
ENSG00000213176	RPL13P6	GroupB_exclusive			TK91,TK92,TK93	SNV	0	3
ENSG00000259545	RPL15P19	GroupB_exclusive			TK91,TK92,TK93	SNV	0	3
ENSG00000223409	RPL17P17	GroupB_exclusive			TK91,TK92,TK93	SNV	0	3
ENSG00000219547	RPL17P25	GroupB_exclusive			TK91,TK92,TK93	SNV	0	3
ENSG00000243099	RPL17P27	GroupB_exclusive			TK91,TK92,TK93	SNV	0	3
ENSG00000235018	RPL17P48	GroupB_exclusive			TK91,TK92,TK93	SNV	0	3
ENSG00000237793	RPL18AP16	GroupB_exclusive			TK91,TK92,TK93	INDEL,SNV	0	3
ENSG00000183911	RPL21P132	GroupB_exclusive			TK91,TK92,TK93	INDEL,SNV	0	3
ENSG00000271215	RPL21P136	GroupB_exclusive			TK91,TK92,TK93	SNV	0	3
ENSG00000220842	RPL21P16	GroupB_exclusive			TK91,TK92,TK93	SNV	0	3
ENSG00000225272	RPL21P27	GroupB_exclusive			TK91,TK92,TK93	SNV	0	3
ENSG00000258640	RPL21P5	GroupB_exclusive			TK91,TK92,TK93	INDEL,SNV	0	3
ENSG00000228030	RPL21P76	GroupB_exclusive			TK12,TK91,TK93	SNV	0	3
ENSG00000236148	RPL23AP37	GroupB_exclusive			TK91,TK92,TK93	INDEL,SNV	0	3
ENSG00000230370	RPL23AP52	GroupB_exclusive			TK91,TK92,TK93	SNV	0	3
ENSG00000204758	RPL26L1-AS1	GroupB_exclusive			TK91,TK92,TK93	SNV	0	3
ENSG00000226493	RPL26P27	GroupB_exclusive			TK91,TK92,TK93	SNV	0	3
ENSG00000234806	RPL26P29	GroupB_exclusive			TK91,TK92,TK93	SNV	0	3
ENSG00000237676	RPL30P4	GroupB_exclusive			TK91,TK92,TK93	SNV	0	3
ENSG00000213942	RPL31P10	GroupB_exclusive			TK91,TK92,TK93	SNV	0	3
ENSG00000230837	RPL31P2	GroupB_exclusive			TK12,TK92,TK93	SNV	0	3
ENSG00000239983	RPL31P31	GroupB_exclusive			TK18,TK91,TK92	SNV	0	3
ENSG00000213302	RPL31P37	GroupB_exclusive			TK91,TK92,TK93	SNV	0	3
ENSG00000213529	RPL32P22	GroupB_exclusive			TK12,TK92,TK93	SNV	0	3
ENSG00000213128	RPL32P31	GroupB_exclusive			TK91,TK92,TK93	SNV	0	3
ENSG00000237583	RPL34P8	GroupB_exclusive			TK10,TK18,TK93	SNV	0	3
ENSG00000243687	RPL35AP10	GroupB_exclusive			TK91,TK92,TK93	SNV	0	3
ENSG00000243607	RPL35AP26	GroupB_exclusive			TK12,TK91,TK93	SNV	0	3
ENSG00000242958	RPL36AP32	GroupB_exclusive			TK91,TK92,TK93	INDEL	0	3
ENSG00000220744	RPL5P18	GroupB_exclusive			TK91,TK92,TK93	INDEL,SNV	0	3
ENSG00000231063	RPL6P6	GroupB_exclusive			TK91,TK92,TK93	SNV	0	3
ENSG00000237088	RPL7AP48	GroupB_exclusive			TK91,TK92,TK93	SNV	0	3
ENSG00000176970	RPL7L1P11	GroupB_exclusive			TK91,TK92,TK93	SNV	0	3
ENSG00000231490	RPL7L1P2	GroupB_exclusive			TK18,TK91,TK92	SNV	0	3
ENSG00000240622	RPL7P15	GroupB_exclusive			TK91,TK92,TK93	SNV	0	3
ENSG00000229917	RPL7P46	GroupB_exclusive			TK91,TK92,TK93	SNV	0	3
ENSG00000231164	RPL7P56	GroupB_exclusive			TK10,TK92,TK93	SNV	0	3
ENSG00000216938	RPL7P58	GroupB_exclusive			TK10,TK91,TK93	SNV	0	3
ENSG00000213169	RPL8P4	GroupB_exclusive			TK10,TK91,TK93	INDEL,SNV	0	3
ENSG00000230779	RPLP0P4	GroupB_exclusive			TK10,TK91,TK92	SNV	0	3
ENSG00000239917	RPS10P16	GroupB_exclusive			TK91,TK92,TK93	SNV	0	3
ENSG00000232713	RPS12P3	GroupB_exclusive			TK91,TK92,TK93	SNV	0	3
ENSG00000226928	RPS14P4	GroupB_exclusive			TK91,TK92,TK93	SNV	0	3
ENSG00000225405	RPS15AP17	GroupB_exclusive			TK91,TK92,TK93	INDEL,SNV	0	3
ENSG00000213729	RPS16P2	GroupB_exclusive			TK18,TK91,TK92	SNV	0	3
ENSG00000233971	RPS20P10	GroupB_exclusive			TK18,TK91,TK93	SNV	0	3
ENSG00000219274	RPS20P2	GroupB_exclusive			TK91,TK92,TK93	SNV	0	3
ENSG00000233190	RPS24P13	GroupB_exclusive			TK91,TK92,TK93	SNV	0	3
ENSG00000233416	RPS25P3	GroupB_exclusive			TK12,TK92,TK93	SNV	0	3
ENSG00000244159	RPS27AP13	GroupB_exclusive			TK10,TK91,TK92	SNV	0	3
ENSG00000269228	RPS27AP19	GroupB_exclusive			TK91,TK92,TK93	SNV	0	3
ENSG00000244538	RPS27P13	GroupB_exclusive			TK10,TK12,TK18	SNV	0	3
ENSG00000225591	RPS27P7	GroupB_exclusive			TK18,TK91,TK92	SNV	0	3
ENSG00000243894	RPS3AP16	GroupB_exclusive			TK10,TK18,TK91	SNV	0	3
ENSG00000226205	RPS3AP27	GroupB_exclusive			TK91,TK92,TK93	SNV	0	3
ENSG00000227583	RPS3AP37	GroupB_exclusive			TK91,TK92,TK93	SNV	0	3
ENSG00000226318	RPS3AP38	GroupB_exclusive			TK91,TK92,TK93	SNV	0	3
ENSG00000225971	RPS3AP51	GroupB_exclusive			TK91,TK92,TK93	SNV	0	3
ENSG00000213363	RPS3P6	GroupB_exclusive			TK18,TK91,TK92	SNV	0	3
ENSG00000243101	RPS3P7	GroupB_exclusive			TK91,TK92,TK93	SNV	0	3
ENSG00000237170	RPS7P15	GroupB_exclusive			TK91,TK92,TK93	SNV	0	3
ENSG00000229133	RPS7P4	GroupB_exclusive			TK91,TK92,TK93	SNV	0	3
ENSG00000240167	RPS7P7	GroupB_exclusive			TK91,TK92,TK93	SNV	0	3
ENSG00000213183	RPS7P8	GroupB_exclusive			TK91,TK92,TK93	SNV	0	3
ENSG00000226498	RPSAP21	GroupB_exclusive			TK91,TK92,TK93	SNV	0	3
ENSG00000241749	RPSAP52	GroupB_exclusive			TK10,TK91,TK93	INDEL,SNV	0	3
ENSG00000188282	RUFY4	GroupB_exclusive			TK10,TK91,TK92	INDEL,SNV	0	3
ENSG00000261080	RUNX2-AS1	GroupB_exclusive			TK91,TK92,TK93	SNV	0	3
ENSG00000263219	RYKP1	GroupB_exclusive			TK91,TK92,TK93	SNV	0	3
ENSG00000188015	S100A3	GroupB_exclusive			TK91,TK92,TK93	SNV	0	3
ENSG00000196420	S100A5	GroupB_exclusive			TK91,TK92,TK93	INDEL,SNV	0	3
ENSG00000236345	SCAT8	GroupB_exclusive			TK91,TK92,TK93	SNV	0	3
ENSG00000281131	SCHLAP1	GroupB_exclusive			TK10,TK91,TK92	SNV	0	3
ENSG00000213090	SCYL2P1	GroupB_exclusive			TK91,TK92,TK93	INDEL,SNV	0	3
ENSG00000234946	SDHCP3	GroupB_exclusive			TK10,TK91,TK92	SNV	0	3
ENSG00000236708	SDK1-AS1	GroupB_exclusive			TK10,TK92,TK93	SNV	0	3
ENSG00000275140	SEC22B3P	GroupB_exclusive			TK91,TK92,TK93	SNV	0	3
ENSG00000185033	SEMA4B	GroupB_exclusive			TK91,TK92,TK93	INDEL,SNV	0	3
ENSG00000213938	SEPHS1P6	GroupB_exclusive			TK10,TK92,TK93	SNV	0	3
ENSG00000227850	SEPTIN2P1	GroupB_exclusive			TK91,TK92,TK93	SNV	0	3
ENSG00000184702	SEPTIN5	GroupB_exclusive			TK10,TK91,TK93	SNV	0	3
ENSG00000255042	SEPTIN7P11	GroupB_exclusive			TK91,TK92,TK93	INDEL,SNV	0	3
ENSG00000164740	SEPTIN7P5	GroupB_exclusive			TK91,TK92,TK93	SNV	0	3
ENSG00000263718	SEPTIN9-DT	GroupB_exclusive			TK12,TK18,TK92	SNV	0	3
ENSG00000231905	SETP10	GroupB_exclusive			TK91,TK92,TK93	SNV	0	3
ENSG00000213701	SETP22	GroupB_exclusive			TK18,TK91,TK92	INDEL,SNV	0	3
ENSG00000235101	SETP9	GroupB_exclusive			TK18,TK92,TK93	SNV	0	3
ENSG00000254449	SF3A3P2	GroupB_exclusive			TK91,TK92,TK93	INDEL,SNV	0	3
ENSG00000229415	SFTA3	GroupB_exclusive			TK91,TK92,TK93	SNV	0	3
ENSG00000118473	SGIP1	GroupB_exclusive			TK10,TK12,TK93	SNV	0	3
ENSG00000163082	SGPP2	GroupB_exclusive			TK91,TK92,TK93	SNV	0	3
ENSG00000189014	SHLD2P3	GroupB_exclusive			TK91,TK92,TK93	SNV	0	3
ENSG00000105492	SIGLEC6	GroupB_exclusive			TK91,TK92,TK93	SNV	0	3
ENSG00000226004	SIMALR	GroupB_exclusive			TK91,TK92,TK93	SNV	0	3
ENSG00000235300	SKAP1-AS2	GroupB_exclusive			TK91,TK92,TK93	SNV	0	3
ENSG00000088386	SLC15A1	GroupB_exclusive			TK10,TK18,TK92	SNV	0	3
ENSG00000179447	SLC24A3-AS1	GroupB_exclusive			TK91,TK92,TK93	SNV	0	3
ENSG00000273872	SLC25A15P4	GroupB_exclusive			TK18,TK92,TK93	SNV	0	3
ENSG00000226148	SLC25A39P1	GroupB_exclusive			TK91,TK92,TK93	SNV	0	3
ENSG00000141437	SLC25A52	GroupB_exclusive			TK91,TK92,TK93	INDEL,SNV	0	3
ENSG00000113396	SLC27A6	GroupB_exclusive			TK91,TK92,TK93	SNV	0	3
ENSG00000156222	SLC28A1	GroupB_exclusive			TK91,TK92,TK93	SNV	0	3
ENSG00000131183	SLC34A1	GroupB_exclusive			TK10,TK91,TK93	SNV	0	3
ENSG00000166558	SLC38A8	GroupB_exclusive			TK91,TK92,TK93	SNV	0	3
ENSG00000144290	SLC4A10	GroupB_exclusive			TK91,TK92,TK93	SNV	0	3
ENSG00000113073	SLC4A9	GroupB_exclusive			TK10,TK18,TK92	SNV	0	3
ENSG00000174358	SLC6A19	GroupB_exclusive			TK10,TK91,TK92	SNV	0	3
ENSG00000240012	SLC9A9-AS1	GroupB_exclusive			TK91,TK92,TK93	SNV	0	3
ENSG00000205754	SLCO1B7	GroupB_exclusive			TK91,TK92,TK93	SNV	0	3
ENSG00000205359	SLCO6A1	GroupB_exclusive			TK91,TK92,TK93	SNV	0	3
ENSG00000236711	SMAD9-IT1	GroupB_exclusive			TK91,TK92,TK93	SNV	0	3
ENSG00000183604	SMG1P5	GroupB_exclusive			TK91,TK92,TK93	SNV	0	3
ENSG00000283288	SMIM33	GroupB_exclusive			TK10,TK12,TK92	SNV	0	3
ENSG00000208308	SNORA40B	GroupB_exclusive			TK91,TK92,TK93	INDEL	0	3
ENSG00000200354	SNORA71D	GroupB_exclusive			TK91,TK92,TK93	SNV	0	3
ENSG00000207088	SNORA7B	GroupB_exclusive			TK91,TK92,TK93	SNV	0	3
ENSG00000207118	SNORD14D	GroupB_exclusive			TK10,TK18,TK91	SNV	0	3
ENSG00000264940	SNORD3C	GroupB_exclusive			TK91,TK92,TK93	SNV	0	3
ENSG00000254805	SNRPCP14	GroupB_exclusive			TK10,TK92,TK93	SNV	0	3
ENSG00000244668	SNRPCP3	GroupB_exclusive			TK10,TK18,TK92	SNV	0	3
ENSG00000235688	SNTG2-AS1	GroupB_exclusive			TK10,TK92,TK93	INDEL,SNV	0	3
ENSG00000230965	SNX18P13	GroupB_exclusive			TK12,TK91,TK92	SNV	0	3
ENSG00000274162	SNX18P1Y	GroupB_exclusive			TK18,TK92,TK93	INDEL,SNV	0	3
ENSG00000250016	SNX18P23	GroupB_exclusive			TK91,TK92,TK93	SNV	0	3
ENSG00000233110	SORBS2-AS1	GroupB_exclusive			TK91,TK92,TK93	SNV	0	3
ENSG00000256120	SOX5-AS1	GroupB_exclusive			TK91,TK92,TK93	INDEL,SNV	0	3
ENSG00000164651	SP8	GroupB_exclusive			TK91,TK92,TK93	INDEL,SNV	0	3
ENSG00000196096	SPAG16-DT	GroupB_exclusive			TK91,TK92,TK93	SNV	0	3
ENSG00000227213	SPATA13-AS1	GroupB_exclusive			TK12,TK91,TK92	SNV	0	3
ENSG00000164500	SPATA48	GroupB_exclusive			TK91,TK92,TK93	INDEL,SNV	0	3
ENSG00000106723	SPIN1	GroupB_exclusive			TK91,TK92,TK93	SNV	0	3
ENSG00000237708	SPIN2P1	GroupB_exclusive			TK91,TK92,TK93	SNV	0	3
ENSG00000218512	SPTLC1P2	GroupB_exclusive			TK91,TK92,TK93	SNV	0	3
ENSG00000227929	SRGAP3-AS3	GroupB_exclusive			TK91,TK92,TK93	SNV	0	3
ENSG00000229173	SRMP3	GroupB_exclusive			TK91,TK92,TK93	SNV	0	3
ENSG00000235183	SRP14P3	GroupB_exclusive			TK91,TK92,TK93	SNV	0	3
ENSG00000265182	SRP72P1	GroupB_exclusive			TK91,TK92,TK93	INDEL,SNV	0	3
ENSG00000230832	SSBL4P	GroupB_exclusive			TK91,TK92,TK93	SNV	0	3
ENSG00000224425	SSBP3P2	GroupB_exclusive			TK91,TK92,TK93	INDEL,SNV	0	3
ENSG00000213234	ST13P10	GroupB_exclusive			TK91,TK92,TK93	SNV	0	3
ENSG00000248400	ST13P12	GroupB_exclusive			TK91,TK92,TK93	SNV	0	3
ENSG00000243244	STON1	GroupB_exclusive			TK91,TK92,TK93	SNV	0	3
ENSG00000163116	STPG2	GroupB_exclusive			TK10,TK91,TK93	SNV	0	3
ENSG00000251620	STPG2-AS1	GroupB_exclusive			TK91,TK92,TK93	INDEL,SNV	0	3
ENSG00000227166	STSP1	GroupB_exclusive			TK91,TK92,TK93	SNV	0	3
ENSG00000260247	SUB1P4	GroupB_exclusive			TK91,TK92,TK93	INDEL,SNV	0	3
ENSG00000224971	SUMO2P3	GroupB_exclusive			TK18,TK91,TK93	SNV	0	3
ENSG00000122012	SV2C	GroupB_exclusive			TK91,TK92,TK93	SNV	0	3
ENSG00000291093	SVIL-AS1	GroupB_exclusive			TK91,TK92,TK93	SNV	0	3
ENSG00000251577	TACR3-AS1	GroupB_exclusive			TK91,TK92,TK93	SNV	0	3
ENSG00000213871	TAF9BP1	GroupB_exclusive			TK91,TK92,TK93	INDEL,SNV	0	3
ENSG00000212128	TAS2R13	GroupB_exclusive			TK91,TK92,TK93	SNV	0	3
ENSG00000256188	TAS2R30	GroupB_exclusive			TK91,TK92,TK93	SNV	0	3
ENSG00000256019	TAS2R63P	GroupB_exclusive			TK91,TK92,TK93	SNV	0	3
ENSG00000272902	TBC1D8-AS1	GroupB_exclusive			TK10,TK92,TK93	SNV	0	3
ENSG00000204071	TCEAL6	GroupB_exclusive			TK91,TK92,TK93	SNV	0	3
ENSG00000236567	TCF3P1	GroupB_exclusive			TK10,TK92,TK93	INDEL,SNV	0	3
ENSG00000267402	TCF4-AS2	GroupB_exclusive			TK91,TK92,TK93	SNV	0	3
ENSG00000152284	TCF7L1	GroupB_exclusive			TK91,TK92,TK93	INDEL,SNV	0	3
ENSG00000112773	TENT5A	GroupB_exclusive			TK91,TK92,TK93	SNV	0	3
ENSG00000174016	TENT5D	GroupB_exclusive			TK91,TK92,TK93	SNV	0	3
ENSG00000251586	TET2-AS1	GroupB_exclusive			TK91,TK92,TK93	SNV	0	3
ENSG00000230665	THAP12P1	GroupB_exclusive			TK91,TK92,TK93	INDEL,SNV	0	3
ENSG00000243915	THAP12P2	GroupB_exclusive			TK91,TK92,TK93	INDEL,SNV	0	3
ENSG00000227972	THAP12P3	GroupB_exclusive			TK91,TK92,TK93	INDEL,SNV	0	3
ENSG00000227160	THEM7P	GroupB_exclusive			TK91,TK92,TK93	INDEL,SNV	0	3
ENSG00000228791	THRB-AS1	GroupB_exclusive			TK91,TK92,TK93	INDEL,SNV	0	3
ENSG00000232608	TIMM9P2	GroupB_exclusive			TK91,TK92,TK93	INDEL,SNV	0	3
ENSG00000226783	TLK1P1	GroupB_exclusive			TK91,TK92,TK93	INDEL,SNV	0	3
ENSG00000234062	TM9SF5P	GroupB_exclusive			TK91,TK92,TK93	SNV	0	3
ENSG00000230927	TMBIM7P	GroupB_exclusive			TK91,TK92,TK93	SNV	0	3
ENSG00000221962	TMEM14EP	GroupB_exclusive			TK91,TK92,TK93	SNV	0	3
ENSG00000249242	TMEM150C	GroupB_exclusive			TK91,TK92,TK93	SNV	0	3
ENSG00000235254	TMEM185AP1	GroupB_exclusive			TK91,TK92,TK93	SNV	0	3
ENSG00000173452	TMEM196	GroupB_exclusive			TK91,TK92,TK93	SNV	0	3
ENSG00000186329	TMEM212	GroupB_exclusive			TK10,TK12,TK92	SNV	0	3
ENSG00000182896	TMEM95	GroupB_exclusive			TK91,TK92,TK93	SNV	0	3
ENSG00000224533	TMLHE-AS1	GroupB_exclusive			TK91,TK92,TK93	SNV	0	3
ENSG00000128872	TMOD2	GroupB_exclusive			TK91,TK92,TK93	SNV	0	3
ENSG00000087128	TMPRSS11E	GroupB_exclusive			TK18,TK91,TK92	SNV	0	3
ENSG00000225423	TNPO1P1	GroupB_exclusive			TK91,TK92,TK93	SNV	0	3
ENSG00000229586	TNPO1P3	GroupB_exclusive			TK91,TK92,TK93	SNV	0	3
ENSG00000242111	TOPORSLP	GroupB_exclusive			TK91,TK92,TK93	SNV	0	3
ENSG00000260582	TPST2P1	GroupB_exclusive			TK91,TK92,TK93	SNV	0	3
ENSG00000180221	TPT1P10	GroupB_exclusive			TK91,TK92,TK93	SNV	0	3
ENSG00000215506	TPTE2P4	GroupB_exclusive			TK91,TK92,TK93	INDEL,SNV	0	3
ENSG00000100181	TPTEP1	GroupB_exclusive			TK91,TK92,TK93	SNV	0	3
ENSG00000226557	TRAF6P1	GroupB_exclusive			TK91,TK92,TK93	SNV	0	3
ENSG00000137699	TRIM29	GroupB_exclusive			TK10,TK12,TK92	SNV	0	3
ENSG00000182053	TRIM49B	GroupB_exclusive			TK91,TK92,TK93	SNV	0	3
ENSG00000147573	TRIM55	GroupB_exclusive			TK18,TK92,TK93	SNV	0	3
ENSG00000258334	TROAP-AS1	GroupB_exclusive			TK10,TK92,TK93	SNV	0	3
ENSG00000137672	TRPC6	GroupB_exclusive			TK91,TK92,TK93	INDEL,SNV	0	3
ENSG00000227170	TRPS1-AS1	GroupB_exclusive			TK91,TK92,TK93	SNV	0	3
ENSG00000111199	TRPV4	GroupB_exclusive			TK10,TK91,TK92	INDEL,SNV	0	3
ENSG00000230604	TSEN15P2	GroupB_exclusive			TK91,TK92,TK93	SNV	0	3
ENSG00000212122	TSSK1B	GroupB_exclusive			TK10,TK92,TK93	SNV	0	3
ENSG00000198033	TUBA3C	GroupB_exclusive			TK10,TK91,TK93	SNV	0	3
ENSG00000214796	TUBA5P	GroupB_exclusive			TK10,TK12,TK93	SNV	0	3
ENSG00000251297	TUBB7P	GroupB_exclusive			TK10,TK91,TK92	SNV	0	3
ENSG00000235207	TUBBP6	GroupB_exclusive			TK91,TK92,TK93	SNV	0	3
ENSG00000262470	TVP23CP2	GroupB_exclusive			TK10,TK91,TK92	SNV	0	3
ENSG00000128791	TWSG1	GroupB_exclusive			TK91,TK92,TK93	INDEL,SNV	0	3
ENSG00000168454	TXNDC2	GroupB_exclusive			TK91,TK92,TK93	SNV	0	3
ENSG00000234036	TXNP6	GroupB_exclusive			TK18,TK91,TK93	SNV	0	3
ENSG00000277925	Telomerase-vert	GroupB_exclusive			TK91,TK92,TK93	SNV	0	3
ENSG00000283509	U6	GroupB_exclusive			TK91,TK92,TK93	SNV	0	3
ENSG00000185651	UBE2L3	GroupB_exclusive			TK91,TK92,TK93	INDEL,SNV	0	3
ENSG00000256385	UBE2NP1	GroupB_exclusive			TK91,TK92,TK93	SNV	0	3
ENSG00000259658	UBE2Q2P13	GroupB_exclusive			TK10,TK12,TK93	SNV	0	3
ENSG00000224584	UBE2V1P13	GroupB_exclusive			TK91,TK92,TK93	SNV	0	3
ENSG00000266282	UBL5P2	GroupB_exclusive			TK12,TK92,TK93	SNV	0	3
ENSG00000267315	UFM1P2	GroupB_exclusive			TK91,TK92,TK93	SNV	0	3
ENSG00000223650	UHRF2P1	GroupB_exclusive			TK91,TK92,TK93	SNV	0	3
ENSG00000232162	USP12-AS1	GroupB_exclusive			TK91,TK92,TK93	INDEL,SNV	0	3
ENSG00000224007	USP12P2	GroupB_exclusive			TK91,TK92,TK93	SNV	0	3
ENSG00000103404	USP31	GroupB_exclusive			TK10,TK18,TK93	INDEL,SNV	0	3
ENSG00000263887	USP32P4	GroupB_exclusive			TK91,TK92,TK93	INDEL,SNV	0	3
ENSG00000235060	VDAC1P4	GroupB_exclusive			TK91,TK92,TK93	SNV	0	3
ENSG00000232366	VDAC1P9	GroupB_exclusive			TK91,TK92,TK93	SNV	0	3
ENSG00000269345	VN1R85P	GroupB_exclusive			TK18,TK91,TK93	SNV	0	3
ENSG00000226348	VN2R10P	GroupB_exclusive			TK91,TK92,TK93	SNV	0	3
ENSG00000259251	VPS13C-DT	GroupB_exclusive			TK10,TK18,TK93	SNV	0	3
ENSG00000260809	VPS35P1	GroupB_exclusive			TK91,TK92,TK93	SNV	0	3
ENSG00000283703	VSIG10L2	GroupB_exclusive			TK10,TK91,TK92	SNV	0	3
ENSG00000174453	VWC2L	GroupB_exclusive			TK91,TK92,TK93	INDEL,SNV	0	3
ENSG00000132970	WASF3	GroupB_exclusive			TK91,TK92,TK93	SNV	0	3
ENSG00000228051	WBP11P3	GroupB_exclusive			TK91,TK92,TK93	SNV	0	3
ENSG00000265574	WDR45BP1	GroupB_exclusive			TK91,TK92,TK93	INDEL,SNV	0	3
ENSG00000237417	XRCC6P1	GroupB_exclusive			TK91,TK92,TK93	SNV	0	3
ENSG00000220494	YAP1P1	GroupB_exclusive			TK91,TK92,TK93	SNV	0	3
ENSG00000224003	YES1P1	GroupB_exclusive			TK91,TK92,TK93	SNV	0	3
ENSG00000278486	YRDCP1	GroupB_exclusive			TK91,TK92,TK93	INDEL,SNV	0	3
ENSG00000249986	YWHAQP6	GroupB_exclusive			TK91,TK92,TK93	SNV	0	3
ENSG00000230661	YY1P1	GroupB_exclusive			TK91,TK92,TK93	SNV	0	3
ENSG00000199290	Y_RNA	GroupB_exclusive			TK91,TK92,TK93	SNV	0	3
ENSG00000200646	Y_RNA	GroupB_exclusive			TK10,TK91,TK92	SNV	0	3
ENSG00000200883	Y_RNA	GroupB_exclusive			TK91,TK92,TK93	SNV	0	3
ENSG00000201343	Y_RNA	GroupB_exclusive			TK91,TK92,TK93	SNV	0	3
ENSG00000201412	Y_RNA	GroupB_exclusive			TK91,TK92,TK93	SNV	0	3
ENSG00000206925	Y_RNA	GroupB_exclusive			TK91,TK92,TK93	SNV	0	3
ENSG00000207061	Y_RNA	GroupB_exclusive			TK91,TK92,TK93	SNV	0	3
ENSG00000207092	Y_RNA	GroupB_exclusive			TK18,TK92,TK93	INDEL,SNV	0	3
ENSG00000222701	Y_RNA	GroupB_exclusive			TK91,TK92,TK93	SNV	0	3
ENSG00000223271	Y_RNA	GroupB_exclusive			TK91,TK92,TK93	SNV	0	3
ENSG00000238933	Y_RNA	GroupB_exclusive			TK91,TK92,TK93	SNV	0	3
ENSG00000241295	ZBTB20-AS2	GroupB_exclusive			TK91,TK92,TK93	INDEL,SNV	0	3
ENSG00000239946	ZBTB20-AS3	GroupB_exclusive			TK91,TK92,TK93	INDEL,SNV	0	3
ENSG00000253661	ZFHX4-AS1	GroupB_exclusive			TK10,TK18,TK92	INDEL,SNV	0	3
ENSG00000233070	ZFY-AS1	GroupB_exclusive			TK10,TK18,TK91	INDEL,SNV	0	3
ENSG00000197056	ZMYM1	GroupB_exclusive			TK10,TK92,TK93	SNV	0	3
ENSG00000176293	ZNF135	GroupB_exclusive			TK91,TK92,TK93	SNV	0	3
ENSG00000188801	ZNF322P1	GroupB_exclusive			TK91,TK92,TK93	SNV	0	3
ENSG00000168122	ZNF355P	GroupB_exclusive			TK91,TK92,TK93	INDEL,SNV	0	3
ENSG00000166770	ZNF667-AS1	GroupB_exclusive			TK91,TK92,TK93	INDEL,SNV	0	3
ENSG00000269067	ZNF728	GroupB_exclusive			TK91,TK92,TK93	SNV	0	3
ENSG00000184624	ZNF72BP	GroupB_exclusive			TK91,TK92,TK93	SNV	0	3
ENSG00000196381	ZNF781	GroupB_exclusive			TK10,TK18,TK92	SNV	0	3
ENSG00000241738	ZNF90P1	GroupB_exclusive			TK91,TK92,TK93	SNV	0	3
ENSG00000215604	ZNF962P	GroupB_exclusive			TK10,TK91,TK92	SNV	0	3
ENSG00000187987	ZSCAN23	GroupB_exclusive			TK91,TK92,TK93	INDEL,SNV	0	3
ENSG00000277411	5S_rRNA	GroupB_exclusive			TK18,TK93	SNV	0	2
ENSG00000285626	5S_rRNA	GroupB_exclusive			TK92,TK93	SNV	0	2
ENSG00000271394	7SK	GroupB_exclusive			TK92,TK93	SNV	0	2
ENSG00000136379	ABHD17C	GroupB_exclusive			TK92,TK93	SNV	0	2
ENSG00000225833	ACE2-DT	GroupB_exclusive			TK10,TK18	SNV	0	2
ENSG00000184227	ACOT1	GroupB_exclusive			TK91,TK92	SNV	0	2
ENSG00000244062	ACSL3P1	GroupB_exclusive			TK91,TK92	INDEL,SNV	0	2
ENSG00000188460	ACTBP11	GroupB_exclusive			TK12,TK91	SNV	0	2
ENSG00000185607	ACTBP7	GroupB_exclusive			TK92,TK93	SNV	0	2
ENSG00000226359	ACTG1P24	GroupB_exclusive			TK10,TK93	SNV	0	2
ENSG00000140955	ADAD2	GroupB_exclusive			TK10,TK91	SNV	0	2
ENSG00000218052	ADAMTS7P4	GroupB_exclusive			TK10,TK18	SNV	0	2
ENSG00000241158	ADAMTS9-AS1	GroupB_exclusive			TK91,TK92	SNV	0	2
ENSG00000156218	ADAMTSL3	GroupB_exclusive			TK10,TK93	SNV	0	2
ENSG00000237781	ADAMTSL4-AS2	GroupB_exclusive			TK10,TK18	SNV	0	2
ENSG00000118492	ADGB	GroupB_exclusive			TK92,TK93	SNV	0	2
ENSG00000135298	ADGRB3	GroupB_exclusive			TK10,TK93	SNV	0	2
ENSG00000150471	ADGRL3	GroupB_exclusive			TK91,TK92	SNV	0	2
ENSG00000232676	ADH5P2	GroupB_exclusive			TK18,TK91	SNV	0	2
ENSG00000170214	ADRA1B	GroupB_exclusive			TK92,TK93	SNV	0	2
ENSG00000230114	AGBL4-AS1	GroupB_exclusive			TK18,TK91	SNV	0	2
ENSG00000231636	AGBL5-AS1	GroupB_exclusive			TK18,TK92	SNV	0	2
ENSG00000282968	AGGF1P10	GroupB_exclusive			TK10,TK93	SNV	0	2
ENSG00000250115	AK3P2	GroupB_exclusive			TK91,TK92	SNV	0	2
ENSG00000259367	AKAP13-AS1	GroupB_exclusive			TK91,TK93	INDEL,SNV	0	2
ENSG00000242849	ALDOAP1	GroupB_exclusive			TK91,TK92	INDEL,SNV	0	2
ENSG00000196711	ALKAL1	GroupB_exclusive			TK10,TK91	SNV	0	2
ENSG00000151360	ALLC	GroupB_exclusive			TK18,TK92	SNV	0	2
ENSG00000275597	ANAPC1P5	GroupB_exclusive			TK91,TK93	SNV	0	2
ENSG00000255305	ANKRD33BP9	GroupB_exclusive			TK91,TK93	SNV	0	2
ENSG00000188399	ANKRD36P1	GroupB_exclusive			TK92,TK93	SNV	0	2
ENSG00000167117	ANKRD40CL	GroupB_exclusive			TK91,TK92	INDEL,SNV	0	2
ENSG00000231621	ANKRD44-AS1	GroupB_exclusive			TK92,TK93	SNV	0	2
ENSG00000263482	ANTXRLP1	GroupB_exclusive			TK92,TK93	SNV	0	2
ENSG00000265190	ANXA8	GroupB_exclusive			TK91,TK92	SNV	0	2
ENSG00000273492	APP-DT	GroupB_exclusive			TK91,TK93	SNV	0	2
ENSG00000143595	AQP10	GroupB_exclusive			TK92,TK93	SNV	0	2
ENSG00000271525	ARF4P1	GroupB_exclusive			TK91,TK92	SNV	0	2
ENSG00000226272	ARHGAP26-AS1	GroupB_exclusive			TK91,TK92	SNV	0	2
ENSG00000124143	ARHGAP40	GroupB_exclusive			TK18,TK91	SNV	0	2
ENSG00000242173	ARHGDIG	GroupB_exclusive			TK10,TK12	INDEL,SNV	0	2
ENSG00000198844	ARHGEF15	GroupB_exclusive			TK91,TK93	INDEL,SNV	0	2
ENSG00000224806	ARL5AP4	GroupB_exclusive			TK91,TK93	SNV	0	2
ENSG00000225355	ARL6IP1P2	GroupB_exclusive			TK91,TK93	SNV	0	2
ENSG00000204072	ARMCX7P	GroupB_exclusive			TK92,TK93	SNV	0	2
ENSG00000256898	ARPC3P4	GroupB_exclusive			TK91,TK92	SNV	0	2
ENSG00000214027	ARPC3P5	GroupB_exclusive			TK91,TK93	SNV	0	2
ENSG00000146809	ASB15	GroupB_exclusive			TK92,TK93	SNV	0	2
ENSG00000005981	ASB4	GroupB_exclusive			TK10,TK12	SNV	0	2
ENSG00000290398	ASNSP1	GroupB_exclusive			TK91,TK92	SNV	0	2
ENSG00000179774	ATOH7	GroupB_exclusive			TK10,TK93	SNV	0	2
ENSG00000166896	ATP23	GroupB_exclusive			TK10,TK91	SNV	0	2
ENSG00000263232	ATP5F1AP3	GroupB_exclusive			TK12,TK92	SNV	0	2
ENSG00000219806	ATP5PBP6	GroupB_exclusive			TK91,TK93	INDEL,SNV	0	2
ENSG00000270049	ATP6V0D1-DT	GroupB_exclusive			TK92,TK93	SNV	0	2
ENSG00000143882	ATP6V1C2	GroupB_exclusive			TK92,TK93	INDEL,SNV	0	2
ENSG00000233963	ATP8A2P3	GroupB_exclusive			TK92,TK93	SNV	0	2
ENSG00000226780	AVPR1B-DT	GroupB_exclusive			TK18,TK91	INDEL,SNV	0	2
ENSG00000183778	B3GALT5	GroupB_exclusive			TK91,TK92	SNV	0	2
ENSG00000258531	BANF1P1	GroupB_exclusive			TK92,TK93	SNV	0	2
ENSG00000215196	BASP1-AS1	GroupB_exclusive			TK10,TK91	SNV	0	2
ENSG00000260047	BCAP31P2	GroupB_exclusive			TK18,TK92	SNV	0	2
ENSG00000262117	BCAR4	GroupB_exclusive			TK92,TK93	SNV	0	2
ENSG00000186716	BCR	GroupB_exclusive			TK10,TK18	INDEL,SNV	0	2
ENSG00000264736	BDP1P	GroupB_exclusive			TK91,TK92	SNV	0	2
ENSG00000227175	BEND7-DT	GroupB_exclusive			TK10,TK92	INDEL,SNV	0	2
ENSG00000248684	BIN2P2	GroupB_exclusive			TK91,TK93	SNV	0	2
ENSG00000204113	BMP2KL	GroupB_exclusive			TK91,TK92	SNV	0	2
ENSG00000231701	BMS1P13	GroupB_exclusive			TK91,TK92	SNV	0	2
ENSG00000232775	BMS1P22	GroupB_exclusive			TK92,TK93	SNV	0	2
ENSG00000268438	BNIP3P27	GroupB_exclusive			TK92,TK93	SNV	0	2
ENSG00000162670	BRINP3	GroupB_exclusive			TK10,TK91	SNV	0	2
ENSG00000254025	BRIX1P1	GroupB_exclusive			TK92,TK93	SNV	0	2
ENSG00000213189	BTF3L4P2	GroupB_exclusive			TK10,TK93	SNV	0	2
ENSG00000213108	BTF3L4P3	GroupB_exclusive			TK91,TK92	INDEL,SNV	0	2
ENSG00000213003	BTF3P12	GroupB_exclusive			TK92,TK93	SNV	0	2
ENSG00000224820	BTF3P4	GroupB_exclusive			TK91,TK92	INDEL,SNV	0	2
ENSG00000233956	BTF3P6	GroupB_exclusive			TK91,TK92	SNV	0	2
ENSG00000236813	BTF3P8	GroupB_exclusive			TK91,TK92	INDEL,SNV	0	2
ENSG00000165810	BTNL9	GroupB_exclusive			TK10,TK12	SNV	0	2
ENSG00000270689	BUD13P1	GroupB_exclusive			TK12,TK91	SNV	0	2
ENSG00000179133	C10orf67	GroupB_exclusive			TK10,TK93	INDEL,SNV	0	2
ENSG00000256056	C12orf71BP	GroupB_exclusive			TK91,TK92	INDEL,SNV	0	2
ENSG00000108666	C17orf75	GroupB_exclusive			TK91,TK92	SNV	0	2
ENSG00000215353	C1QBPP1	GroupB_exclusive			TK91,TK92	SNV	0	2
ENSG00000145861	C1QTNF2	GroupB_exclusive			TK10,TK93	SNV	0	2
ENSG00000100249	C22orf31	GroupB_exclusive			TK91,TK92	SNV	0	2
ENSG00000236980	C3orf84	GroupB_exclusive			TK91,TK93	INDEL,SNV	0	2
ENSG00000241224	C3orf85	GroupB_exclusive			TK10,TK91	SNV	0	2
ENSG00000138813	C4orf17	GroupB_exclusive			TK91,TK92	SNV	0	2
ENSG00000225940	C5orf67	GroupB_exclusive			TK10,TK91	SNV	0	2
ENSG00000250733	C8orf17	GroupB_exclusive			TK92,TK93	SNV	0	2
ENSG00000063180	CA11	GroupB_exclusive			TK10,TK12	SNV	0	2
ENSG00000251303	CAB39P1	GroupB_exclusive			TK10,TK92	INDEL,SNV	0	2
ENSG00000256721	CACNA1C-IT3	GroupB_exclusive			TK91,TK92	SNV	0	2
ENSG00000227742	CALR4P	GroupB_exclusive			TK92,TK93	SNV	0	2
ENSG00000183049	CAMK1D	GroupB_exclusive			TK10,TK91	SNV	0	2
ENSG00000152495	CAMK4	GroupB_exclusive			TK92,TK93	SNV	0	2
ENSG00000237402	CAMTA1-IT1	GroupB_exclusive			TK10,TK92	SNV	0	2
ENSG00000232004	CAP1P2	GroupB_exclusive			TK91,TK93	SNV	0	2
ENSG00000213698	CAPZA1P3	GroupB_exclusive			TK91,TK92	SNV	0	2
ENSG00000255501	CARD18	GroupB_exclusive			TK10,TK91	INDEL,SNV	0	2
ENSG00000248659	CARMIL2P1	GroupB_exclusive			TK91,TK92	SNV	0	2
ENSG00000253756	CARS1P2	GroupB_exclusive			TK91,TK93	SNV	0	2
ENSG00000158428	CATIP	GroupB_exclusive			TK91,TK93	SNV	0	2
ENSG00000179071	CCDC89	GroupB_exclusive			TK12,TK18	SNV	0	2
ENSG00000006606	CCL26	GroupB_exclusive			TK10,TK93	SNV	0	2
ENSG00000223896	CCNJP2	GroupB_exclusive			TK91,TK92	SNV	0	2
ENSG00000132141	CCT6B	GroupB_exclusive			TK91,TK93	SNV	0	2
ENSG00000242770	CD200R1L-AS1	GroupB_exclusive			TK92,TK93	SNV	0	2
ENSG00000160654	CD3G	GroupB_exclusive			TK92,TK93	SNV	0	2
ENSG00000283005	CDC27P3	GroupB_exclusive			TK91,TK92	SNV	0	2
ENSG00000040731	CDH10	GroupB_exclusive			TK10,TK18	SNV	0	2
ENSG00000113361	CDH6	GroupB_exclusive			TK10,TK91	SNV	0	2
ENSG00000008128	CDK11A	GroupB_exclusive			TK10,TK92	SNV	0	2
ENSG00000235024	CDK5R2-AS1	GroupB_exclusive			TK10,TK91	INDEL,SNV	0	2
ENSG00000213194	CDK7P1	GroupB_exclusive			TK91,TK92	SNV	0	2
ENSG00000260790	CDR2-DT	GroupB_exclusive			TK91,TK93	SNV	0	2
ENSG00000176243	CDV3P1	GroupB_exclusive			TK91,TK92	INDEL,SNV	0	2
ENSG00000101489	CELF4	GroupB_exclusive			TK91,TK93	INDEL,SNV	0	2
ENSG00000237517	CELSR1P1	GroupB_exclusive			TK10,TK93	SNV	0	2
ENSG00000259430	CERS3-AS1	GroupB_exclusive			TK10,TK18	SNV	0	2
ENSG00000215478	CES5AP1	GroupB_exclusive			TK18,TK92	SNV	0	2
ENSG00000197826	CFAP299	GroupB_exclusive			TK91,TK93	SNV	0	2
ENSG00000204711	CFAP95	GroupB_exclusive			TK91,TK92	SNV	0	2
ENSG00000080910	CFHR2	GroupB_exclusive			TK10,TK93	SNV	0	2
ENSG00000213478	CFL1P2	GroupB_exclusive			TK91,TK93	SNV	0	2
ENSG00000228056	CFL1P3	GroupB_exclusive			TK91,TK93	SNV	0	2
ENSG00000213026	CFL1P4	GroupB_exclusive			TK92,TK93	SNV	0	2
ENSG00000278530	CHMP1B2P	GroupB_exclusive			TK91,TK92	SNV	0	2
ENSG00000215284	CHMP5P1	GroupB_exclusive			TK92,TK93	SNV	0	2
ENSG00000232202	CHORDC1P1	GroupB_exclusive			TK10,TK92	SNV	0	2
ENSG00000233020	CHORDC1P5	GroupB_exclusive			TK91,TK92	INDEL,SNV	0	2
ENSG00000147434	CHRNA6	GroupB_exclusive			TK91,TK92	SNV	0	2
ENSG00000227492	CHUK-DT	GroupB_exclusive			TK92,TK93	INDEL,SNV	0	2
ENSG00000234048	CIAO2AP1	GroupB_exclusive			TK91,TK93	SNV	0	2
ENSG00000213403	CISD1P1	GroupB_exclusive			TK92,TK93	INDEL,SNV	0	2
ENSG00000179862	CITED4	GroupB_exclusive			TK10,TK18	SNV	0	2
ENSG00000137975	CLCA2	GroupB_exclusive			TK91,TK93	SNV	0	2
ENSG00000188585	CLEC20A	GroupB_exclusive			TK10,TK92	SNV	0	2
ENSG00000197992	CLEC9A	GroupB_exclusive			TK18,TK92	INDEL,SNV	0	2
ENSG00000229400	CNIH3-AS1	GroupB_exclusive			TK10,TK91	SNV	0	2
ENSG00000130176	CNN1	GroupB_exclusive			TK92,TK93	SNV	0	2
ENSG00000213816	CNN2P4	GroupB_exclusive			TK92,TK93	INDEL,SNV	0	2
ENSG00000232185	CNOT7P2	GroupB_exclusive			TK91,TK92	SNV	0	2
ENSG00000213187	COPS5P1	GroupB_exclusive			TK91,TK92	INDEL,SNV	0	2
ENSG00000270268	CORO1CP1	GroupB_exclusive			TK91,TK93	SNV	0	2
ENSG00000231162	COX11P1	GroupB_exclusive			TK92,TK93	SNV	0	2
ENSG00000258981	COX5AP2	GroupB_exclusive			TK91,TK93	SNV	0	2
ENSG00000158516	CPA2	GroupB_exclusive			TK10,TK92	SNV	0	2
ENSG00000240216	CPHL1P	GroupB_exclusive			TK10,TK93	SNV	0	2
ENSG00000144410	CPO	GroupB_exclusive			TK91,TK92	SNV	0	2
ENSG00000253525	CPP	GroupB_exclusive			TK92,TK93	INDEL,SNV	0	2
ENSG00000107175	CREB3	GroupB_exclusive			TK92,TK93	SNV	0	2
ENSG00000096006	CRISP3	GroupB_exclusive			TK91,TK92	SNV	0	2
ENSG00000103196	CRISPLD2	GroupB_exclusive			TK91,TK92	SNV	0	2
ENSG00000250391	CRLF3P2	GroupB_exclusive			TK92,TK93	INDEL,SNV	0	2
ENSG00000100053	CRYBB3	GroupB_exclusive			TK10,TK92	SNV	0	2
ENSG00000103316	CRYM	GroupB_exclusive			TK10,TK92	SNV	0	2
ENSG00000242599	CSAG4	GroupB_exclusive			TK18,TK92	SNV	0	2
ENSG00000182574	CSGALNACT2P1	GroupB_exclusive			TK92,TK93	INDEL,SNV	0	2
ENSG00000231163	CSMD2-AS1	GroupB_exclusive			TK91,TK92	SNV	0	2
ENSG00000234124	CSN1S2AP	GroupB_exclusive			TK92,TK93	SNV	0	2
ENSG00000283434	CSNKA2IP	GroupB_exclusive			TK91,TK92	SNV	0	2
ENSG00000249098	CSRP2P2	GroupB_exclusive			TK10,TK92	SNV	0	2
ENSG00000170373	CST1	GroupB_exclusive			TK12,TK18	SNV	0	2
ENSG00000234215	CT66	GroupB_exclusive			TK91,TK92	SNV	0	2
ENSG00000237732	CT75	GroupB_exclusive			TK91,TK93	SNV	0	2
ENSG00000184033	CTAG1B	GroupB_exclusive			TK92,TK93	SNV	0	2
ENSG00000230711	CTAGE13P	GroupB_exclusive			TK91,TK92	SNV	0	2
ENSG00000251102	CTBP2P4	GroupB_exclusive			TK10,TK92	SNV	0	2
ENSG00000168928	CTRB2	GroupB_exclusive			TK10,TK12	SNV	0	2
ENSG00000100448	CTSG	GroupB_exclusive			TK91,TK92	SNV	0	2
ENSG00000251032	CUL1P1	GroupB_exclusive			TK18,TK91	SNV	0	2
ENSG00000283613	CUPIN1P	GroupB_exclusive			TK91,TK93	SNV	0	2
ENSG00000265766	CXADRP3	GroupB_exclusive			TK18,TK91	INDEL,SNV	0	2
ENSG00000245293	CYP2U1-AS1	GroupB_exclusive			TK91,TK92	INDEL,SNV	0	2
ENSG00000269516	CYP4F23P	GroupB_exclusive			TK10,TK93	INDEL,SNV	0	2
ENSG00000274628	CYP4F59P	GroupB_exclusive			TK91,TK92	SNV	0	2
ENSG00000230635	CYP4F60P	GroupB_exclusive			TK92,TK93	SNV	0	2
ENSG00000271286	CYTH1P1	GroupB_exclusive			TK91,TK93	SNV	0	2
ENSG00000146122	DAAM2	GroupB_exclusive			TK92,TK93	SNV	0	2
ENSG00000236709	DAPK1-IT1	GroupB_exclusive			TK91,TK92	INDEL,SNV	0	2
ENSG00000123977	DAW1	GroupB_exclusive			TK92,TK93	SNV	0	2
ENSG00000187191	DAZ3	GroupB_exclusive			TK92,TK93	SNV	0	2
ENSG00000185610	DBX2	GroupB_exclusive			TK10,TK91	SNV	0	2
ENSG00000237470	DCLRE1CP1	GroupB_exclusive			TK91,TK92	SNV	0	2
ENSG00000163357	DCST1	GroupB_exclusive			TK10,TK92	SNV	0	2
ENSG00000232093	DCST1-AS1	GroupB_exclusive			TK91,TK92	SNV	0	2
ENSG00000233614	DDX11L10	GroupB_exclusive			TK91,TK92	INDEL,SNV	0	2
ENSG00000251553	DDX18P4	GroupB_exclusive			TK92,TK93	SNV	0	2
ENSG00000251571	DDX3P3	GroupB_exclusive			TK91,TK92	SNV	0	2
ENSG00000152670	DDX4	GroupB_exclusive			TK10,TK92	SNV	0	2
ENSG00000186146	DEFB131A	GroupB_exclusive			TK91,TK92	INDEL,SNV	0	2
ENSG00000254700	DEFB131C	GroupB_exclusive			TK91,TK93	SNV	0	2
ENSG00000184210	DGAT2L6	GroupB_exclusive			TK91,TK92	SNV	0	2
ENSG00000124721	DNAH8	GroupB_exclusive			TK10,TK93	SNV	0	2
ENSG00000162643	DNAI3	GroupB_exclusive			TK91,TK92	INDEL,SNV	0	2
ENSG00000152763	DNAI4	GroupB_exclusive			TK91,TK92	SNV	0	2
ENSG00000236917	DNAJA1P2	GroupB_exclusive			TK92,TK93	SNV	0	2
ENSG00000187957	DNER	GroupB_exclusive			TK10,TK93	SNV	0	2
ENSG00000227067	DPPA3P1	GroupB_exclusive			TK10,TK12	SNV	0	2
ENSG00000262516	DPPA3P6	GroupB_exclusive			TK91,TK92	SNV	0	2
ENSG00000264743	DPRXP4	GroupB_exclusive			TK91,TK92	SNV	0	2
ENSG00000270652	DPRXP5	GroupB_exclusive			TK91,TK92	SNV	0	2
ENSG00000291119	DPY19L2P4	GroupB_exclusive			TK92,TK93	SNV	0	2
ENSG00000229663	DPY19L4P1	GroupB_exclusive			TK92,TK93	SNV	0	2
ENSG00000184029	DSCR4	GroupB_exclusive			TK10,TK92	SNV	0	2
ENSG00000283069	DUX4L32	GroupB_exclusive			TK10,TK18	SNV	0	2
ENSG00000255377	DUXAP5	GroupB_exclusive			TK18,TK93	SNV	0	2
ENSG00000282757	DUXB	GroupB_exclusive			TK92,TK93	SNV	0	2
ENSG00000224688	E2F6P2	GroupB_exclusive			TK91,TK92	SNV	0	2
ENSG00000249995	ECM1P2	GroupB_exclusive			TK91,TK92	SNV	0	2
ENSG00000074266	EED	GroupB_exclusive			TK10,TK92	INDEL,SNV	0	2
ENSG00000223668	EEF1A1P24	GroupB_exclusive			TK91,TK92	SNV	0	2
ENSG00000237709	EEF1A1P28	GroupB_exclusive			TK18,TK91	INDEL,SNV	0	2
ENSG00000277043	EEF1A1P42	GroupB_exclusive			TK91,TK93	SNV	0	2
ENSG00000215899	EEF1A1P46	GroupB_exclusive			TK91,TK93	SNV	0	2
ENSG00000234125	EEF1GP8	GroupB_exclusive			TK92,TK93	SNV	0	2
ENSG00000108947	EFNB3	GroupB_exclusive			TK10,TK91	SNV	0	2
ENSG00000146648	EGFR	GroupB_exclusive			TK91,TK92	SNV	0	2
ENSG00000256134	EGLN3P1	GroupB_exclusive			TK91,TK92	SNV	0	2
ENSG00000237080	EHMT2-AS1	GroupB_exclusive			TK92,TK93	SNV	0	2
ENSG00000258980	EIF1AXP2	GroupB_exclusive			TK91,TK93	SNV	0	2
ENSG00000198692	EIF1AY	GroupB_exclusive			TK10,TK18	INDEL,SNV	0	2
ENSG00000258778	EIF2S2P1	GroupB_exclusive			TK10,TK91	SNV	0	2
ENSG00000236608	EIF4A1P6	GroupB_exclusive			TK91,TK92	INDEL,SNV	0	2
ENSG00000267336	EIF4A2P1	GroupB_exclusive			TK91,TK92	SNV	0	2
ENSG00000227382	EIF4A2P2	GroupB_exclusive			TK18,TK91	INDEL,SNV	0	2
ENSG00000244199	EIF4EP3	GroupB_exclusive			TK10,TK92	SNV	0	2
ENSG00000267346	EIF5AP3	GroupB_exclusive			TK91,TK93	SNV	0	2
ENSG00000196361	ELAVL3	GroupB_exclusive			TK91,TK92	SNV	0	2
ENSG00000234167	ELOBP4	GroupB_exclusive			TK91,TK93	SNV	0	2
ENSG00000231334	EML6-AS1	GroupB_exclusive			TK91,TK93	SNV	0	2
ENSG00000231655	EMP2P1	GroupB_exclusive			TK91,TK93	SNV	0	2
ENSG00000258739	ENO1P2	GroupB_exclusive			TK92,TK93	SNV	0	2
ENSG00000254527	ENPP7P12	GroupB_exclusive			TK92,TK93	SNV	0	2
ENSG00000177452	ENSG00000177452	GroupB_exclusive			TK91,TK93	SNV	0	2
ENSG00000179577	ENSG00000179577	GroupB_exclusive			TK91,TK92	SNV	0	2
ENSG00000182625	ENSG00000182625	GroupB_exclusive			TK91,TK92	SNV	0	2
ENSG00000197644	ENSG00000197644	GroupB_exclusive			TK92,TK93	SNV	0	2
ENSG00000199815	ENSG00000199815	GroupB_exclusive			TK91,TK92	SNV	0	2
ENSG00000203334	ENSG00000203334	GroupB_exclusive			TK91,TK92	SNV	0	2
ENSG00000203335	ENSG00000203335	GroupB_exclusive			TK10,TK92	SNV	0	2
ENSG00000203392	ENSG00000203392	GroupB_exclusive			TK10,TK91	SNV	0	2
ENSG00000203520	ENSG00000203520	GroupB_exclusive			TK10,TK92	INDEL,SNV	0	2
ENSG00000203593	ENSG00000203593	GroupB_exclusive			TK92,TK93	SNV	0	2
ENSG00000203647	ENSG00000203647	GroupB_exclusive			TK91,TK92	INDEL,SNV	0	2
ENSG00000204894	ENSG00000204894	GroupB_exclusive			TK92,TK93	SNV	0	2
ENSG00000212695	ENSG00000212695	GroupB_exclusive			TK92,TK93	SNV	0	2
ENSG00000213045	ENSG00000213045	GroupB_exclusive			TK91,TK92	SNV	0	2
ENSG00000213184	ENSG00000213184	GroupB_exclusive			TK92,TK93	SNV	0	2
ENSG00000213216	ENSG00000213216	GroupB_exclusive			TK91,TK92	INDEL,SNV	0	2
ENSG00000213600	ENSG00000213600	GroupB_exclusive			TK91,TK92	SNV	0	2
ENSG00000213875	ENSG00000213875	GroupB_exclusive			TK91,TK92	SNV	0	2
ENSG00000214144	ENSG00000214144	GroupB_exclusive			TK10,TK92	INDEL,SNV	0	2
ENSG00000214593	ENSG00000214593	GroupB_exclusive			TK91,TK92	SNV	0	2
ENSG00000214942	ENSG00000214942	GroupB_exclusive			TK18,TK92	SNV	0	2
ENSG00000215268	ENSG00000215268	GroupB_exclusive			TK92,TK93	SNV	0	2
ENSG00000216360	ENSG00000216360	GroupB_exclusive			TK92,TK93	SNV	0	2
ENSG00000217447	ENSG00000217447	GroupB_exclusive			TK10,TK92	SNV	0	2
ENSG00000217495	ENSG00000217495	GroupB_exclusive			TK91,TK92	SNV	0	2
ENSG00000217746	ENSG00000217746	GroupB_exclusive			TK91,TK93	SNV	0	2
ENSG00000218561	ENSG00000218561	GroupB_exclusive			TK91,TK92	SNV	0	2
ENSG00000218730	ENSG00000218730	GroupB_exclusive			TK92,TK93	SNV	0	2
ENSG00000218857	ENSG00000218857	GroupB_exclusive			TK92,TK93	SNV	0	2
ENSG00000219039	ENSG00000219039	GroupB_exclusive			TK91,TK92	INDEL,SNV	0	2
ENSG00000219409	ENSG00000219409	GroupB_exclusive			TK91,TK93	SNV	0	2
ENSG00000219928	ENSG00000219928	GroupB_exclusive			TK91,TK93	INDEL,SNV	0	2
ENSG00000220130	ENSG00000220130	GroupB_exclusive			TK91,TK92	SNV	0	2
ENSG00000220506	ENSG00000220506	GroupB_exclusive			TK92,TK93	SNV	0	2
ENSG00000220600	ENSG00000220600	GroupB_exclusive			TK91,TK92	SNV	0	2
ENSG00000222012	ENSG00000222012	GroupB_exclusive			TK10,TK18	SNV	0	2
ENSG00000222604	ENSG00000222604	GroupB_exclusive			TK92,TK93	SNV	0	2
ENSG00000223544	ENSG00000223544	GroupB_exclusive			TK91,TK92	SNV	0	2
ENSG00000223660	ENSG00000223660	GroupB_exclusive			TK91,TK93	SNV	0	2
ENSG00000223754	ENSG00000223754	GroupB_exclusive			TK92,TK93	INDEL,SNV	0	2
ENSG00000223908	ENSG00000223908	GroupB_exclusive			TK91,TK92	SNV	0	2
ENSG00000224104	ENSG00000224104	GroupB_exclusive			TK91,TK93	INDEL,SNV	0	2
ENSG00000224359	ENSG00000224359	GroupB_exclusive			TK91,TK92	SNV	0	2
ENSG00000224363	ENSG00000224363	GroupB_exclusive			TK91,TK92	SNV	0	2
ENSG00000224375	ENSG00000224375	GroupB_exclusive			TK91,TK92	SNV	0	2
ENSG00000224555	ENSG00000224555	GroupB_exclusive			TK91,TK92	SNV	0	2
ENSG00000224626	ENSG00000224626	GroupB_exclusive			TK92,TK93	SNV	0	2
ENSG00000224669	ENSG00000224669	GroupB_exclusive			TK92,TK93	SNV	0	2
ENSG00000224671	ENSG00000224671	GroupB_exclusive			TK10,TK92	SNV	0	2
ENSG00000224810	ENSG00000224810	GroupB_exclusive			TK10,TK93	SNV	0	2
ENSG00000225006	ENSG00000225006	GroupB_exclusive			TK10,TK92	SNV	0	2
ENSG00000225044	ENSG00000225044	GroupB_exclusive			TK10,TK93	SNV	0	2
ENSG00000225096	ENSG00000225096	GroupB_exclusive			TK10,TK12	INDEL,SNV	0	2
ENSG00000225144	ENSG00000225144	GroupB_exclusive			TK91,TK92	SNV	0	2
ENSG00000225203	ENSG00000225203	GroupB_exclusive			TK92,TK93	SNV	0	2
ENSG00000225299	ENSG00000225299	GroupB_exclusive			TK91,TK92	SNV	0	2
ENSG00000225337	ENSG00000225337	GroupB_exclusive			TK92,TK93	SNV	0	2
ENSG00000225399	ENSG00000225399	GroupB_exclusive			TK92,TK93	SNV	0	2
ENSG00000225610	ENSG00000225610	GroupB_exclusive			TK92,TK93	SNV	0	2
ENSG00000225676	ENSG00000225676	GroupB_exclusive			TK12,TK93	SNV	0	2
ENSG00000225689	ENSG00000225689	GroupB_exclusive			TK92,TK93	SNV	0	2
ENSG00000225775	ENSG00000225775	GroupB_exclusive			TK91,TK92	INDEL,SNV	0	2
ENSG00000225779	ENSG00000225779	GroupB_exclusive			TK18,TK91	SNV	0	2
ENSG00000225884	ENSG00000225884	GroupB_exclusive			TK91,TK92	SNV	0	2
ENSG00000225970	ENSG00000225970	GroupB_exclusive			TK91,TK92	SNV	0	2
ENSG00000226040	ENSG00000226040	GroupB_exclusive			TK91,TK92	SNV	0	2
ENSG00000226043	ENSG00000226043	GroupB_exclusive			TK10,TK18	SNV	0	2
ENSG00000226079	ENSG00000226079	GroupB_exclusive			TK91,TK93	SNV	0	2
ENSG00000226138	ENSG00000226138	GroupB_exclusive			TK91,TK92	SNV	0	2
ENSG00000226296	ENSG00000226296	GroupB_exclusive			TK10,TK93	SNV	0	2
ENSG00000226355	ENSG00000226355	GroupB_exclusive			TK10,TK92	SNV	0	2
ENSG00000226433	ENSG00000226433	GroupB_exclusive			TK10,TK93	SNV	0	2
ENSG00000226439	ENSG00000226439	GroupB_exclusive			TK91,TK93	SNV	0	2
ENSG00000226532	ENSG00000226532	GroupB_exclusive			TK92,TK93	SNV	0	2
ENSG00000226545	ENSG00000226545	GroupB_exclusive			TK10,TK93	SNV	0	2
ENSG00000226578	ENSG00000226578	GroupB_exclusive			TK12,TK92	SNV	0	2
ENSG00000226644	ENSG00000226644	GroupB_exclusive			TK91,TK93	INDEL	0	2
ENSG00000226764	ENSG00000226764	GroupB_exclusive			TK10,TK18	INDEL,SNV	0	2
ENSG00000226862	ENSG00000226862	GroupB_exclusive			TK18,TK92	SNV	0	2
ENSG00000227245	ENSG00000227245	GroupB_exclusive			TK91,TK92	SNV	0	2
ENSG00000227673	ENSG00000227673	GroupB_exclusive			TK91,TK93	SNV	0	2
ENSG00000227683	ENSG00000227683	GroupB_exclusive			TK10,TK18	SNV	0	2
ENSG00000227743	ENSG00000227743	GroupB_exclusive			TK10,TK12	SNV	0	2
ENSG00000227863	ENSG00000227863	GroupB_exclusive			TK91,TK92	SNV	0	2
ENSG00000228031	ENSG00000228031	GroupB_exclusive			TK91,TK93	SNV	0	2
ENSG00000228076	ENSG00000228076	GroupB_exclusive			TK12,TK91	SNV	0	2
ENSG00000228238	ENSG00000228238	GroupB_exclusive			TK12,TK18	SNV	0	2
ENSG00000228318	ENSG00000228318	GroupB_exclusive			TK10,TK18	INDEL,SNV	0	2
ENSG00000228334	ENSG00000228334	GroupB_exclusive			TK91,TK92	SNV	0	2
ENSG00000228367	ENSG00000228367	GroupB_exclusive			TK91,TK92	SNV	0	2
ENSG00000228368	ENSG00000228368	GroupB_exclusive			TK92,TK93	SNV	0	2
ENSG00000228386	ENSG00000228386	GroupB_exclusive			TK91,TK92	SNV	0	2
ENSG00000228429	ENSG00000228429	GroupB_exclusive			TK91,TK93	SNV	0	2
ENSG00000228563	ENSG00000228563	GroupB_exclusive			TK92,TK93	INDEL,SNV	0	2
ENSG00000228804	ENSG00000228804	GroupB_exclusive			TK91,TK92	SNV	0	2
ENSG00000228950	ENSG00000228950	GroupB_exclusive			TK92,TK93	SNV	0	2
ENSG00000229188	ENSG00000229188	GroupB_exclusive			TK92,TK93	SNV	0	2
ENSG00000229209	ENSG00000229209	GroupB_exclusive			TK91,TK92	SNV	0	2
ENSG00000229229	ENSG00000229229	GroupB_exclusive			TK10,TK92	SNV	0	2
ENSG00000229233	ENSG00000229233	GroupB_exclusive			TK18,TK93	INDEL,SNV	0	2
ENSG00000229282	ENSG00000229282	GroupB_exclusive			TK91,TK92	SNV	0	2
ENSG00000229306	ENSG00000229306	GroupB_exclusive			TK91,TK93	SNV	0	2
ENSG00000229393	ENSG00000229393	GroupB_exclusive			TK91,TK93	INDEL,SNV	0	2
ENSG00000229425	ENSG00000229425	GroupB_exclusive			TK10,TK93	SNV	0	2
ENSG00000229459	ENSG00000229459	GroupB_exclusive			TK91,TK93	SNV	0	2
ENSG00000229530	ENSG00000229530	GroupB_exclusive			TK12,TK93	INDEL,SNV	0	2
ENSG00000229569	ENSG00000229569	GroupB_exclusive			TK91,TK92	SNV	0	2
ENSG00000229679	ENSG00000229679	GroupB_exclusive			TK91,TK92	SNV	0	2
ENSG00000229682	ENSG00000229682	GroupB_exclusive			TK92,TK93	SNV	0	2
ENSG00000229722	ENSG00000229722	GroupB_exclusive			TK91,TK92	SNV	0	2
ENSG00000229853	ENSG00000229853	GroupB_exclusive			TK92,TK93	SNV	0	2
ENSG00000229886	ENSG00000229886	GroupB_exclusive			TK92,TK93	SNV	0	2
ENSG00000229912	ENSG00000229912	GroupB_exclusive			TK91,TK92	SNV	0	2
ENSG00000230021	ENSG00000230021	GroupB_exclusive			TK92,TK93	SNV	0	2
ENSG00000230090	ENSG00000230090	GroupB_exclusive			TK18,TK91	SNV	0	2
ENSG00000230160	ENSG00000230160	GroupB_exclusive			TK18,TK92	INDEL,SNV	0	2
ENSG00000230172	ENSG00000230172	GroupB_exclusive			TK10,TK93	SNV	0	2
ENSG00000230260	ENSG00000230260	GroupB_exclusive			TK91,TK92	SNV	0	2
ENSG00000230328	ENSG00000230328	GroupB_exclusive			TK18,TK92	SNV	0	2
ENSG00000230423	ENSG00000230423	GroupB_exclusive			TK92,TK93	SNV	0	2
ENSG00000230437	ENSG00000230437	GroupB_exclusive			TK92,TK93	SNV	0	2
ENSG00000230563	ENSG00000230563	GroupB_exclusive			TK18,TK93	SNV	0	2
ENSG00000230575	ENSG00000230575	GroupB_exclusive			TK91,TK92	SNV	0	2
ENSG00000230676	ENSG00000230676	GroupB_exclusive			TK18,TK91	INDEL,SNV	0	2
ENSG00000230746	ENSG00000230746	GroupB_exclusive			TK10,TK91	SNV	0	2
ENSG00000230864	ENSG00000230864	GroupB_exclusive			TK10,TK18	SNV	0	2
ENSG00000230881	ENSG00000230881	GroupB_exclusive			TK92,TK93	SNV	0	2
ENSG00000230958	ENSG00000230958	GroupB_exclusive			TK91,TK92	INDEL,SNV	0	2
ENSG00000231024	ENSG00000231024	GroupB_exclusive			TK91,TK93	SNV	0	2
ENSG00000231078	ENSG00000231078	GroupB_exclusive			TK92,TK93	SNV	0	2
ENSG00000231357	ENSG00000231357	GroupB_exclusive			TK92,TK93	SNV	0	2
ENSG00000231698	ENSG00000231698	GroupB_exclusive			TK10,TK91	SNV	0	2
ENSG00000231700	ENSG00000231700	GroupB_exclusive			TK10,TK92	SNV	0	2
ENSG00000231724	ENSG00000231724	GroupB_exclusive			TK91,TK92	SNV	0	2
ENSG00000231740	ENSG00000231740	GroupB_exclusive			TK92,TK93	SNV	0	2
ENSG00000231875	ENSG00000231875	GroupB_exclusive			TK92,TK93	SNV	0	2
ENSG00000231912	ENSG00000231912	GroupB_exclusive			TK18,TK92	SNV	0	2
ENSG00000231923	ENSG00000231923	GroupB_exclusive			TK92,TK93	INDEL	0	2
ENSG00000231967	ENSG00000231967	GroupB_exclusive			TK91,TK93	SNV	0	2
ENSG00000231979	ENSG00000231979	GroupB_exclusive			TK18,TK91	INDEL,SNV	0	2
ENSG00000232031	ENSG00000232031	GroupB_exclusive			TK92,TK93	SNV	0	2
ENSG00000232042	ENSG00000232042	GroupB_exclusive			TK91,TK92	SNV	0	2
ENSG00000232197	ENSG00000232197	GroupB_exclusive			TK18,TK93	SNV	0	2
ENSG00000232208	ENSG00000232208	GroupB_exclusive			TK91,TK93	SNV	0	2
ENSG00000232327	ENSG00000232327	GroupB_exclusive			TK91,TK92	SNV	0	2
ENSG00000232418	ENSG00000232418	GroupB_exclusive			TK91,TK93	INDEL,SNV	0	2
ENSG00000232578	ENSG00000232578	GroupB_exclusive			TK92,TK93	SNV	0	2
ENSG00000232751	ENSG00000232751	GroupB_exclusive			TK91,TK93	SNV	0	2
ENSG00000233081	ENSG00000233081	GroupB_exclusive			TK18,TK92	SNV	0	2
ENSG00000233138	ENSG00000233138	GroupB_exclusive			TK92,TK93	SNV	0	2
ENSG00000233191	ENSG00000233191	GroupB_exclusive			TK10,TK18	SNV	0	2
ENSG00000233219	ENSG00000233219	GroupB_exclusive			TK10,TK92	SNV	0	2
ENSG00000233222	ENSG00000233222	GroupB_exclusive			TK91,TK92	SNV	0	2
ENSG00000233256	ENSG00000233256	GroupB_exclusive			TK91,TK92	INDEL,SNV	0	2
ENSG00000233351	ENSG00000233351	GroupB_exclusive			TK92,TK93	SNV	0	2
ENSG00000233363	ENSG00000233363	GroupB_exclusive			TK92,TK93	SNV	0	2
ENSG00000233379	ENSG00000233379	GroupB_exclusive			TK10,TK91	SNV	0	2
ENSG00000233424	ENSG00000233424	GroupB_exclusive			TK91,TK92	SNV	0	2
ENSG00000233538	ENSG00000233538	GroupB_exclusive			TK10,TK93	SNV	0	2
ENSG00000233651	ENSG00000233651	GroupB_exclusive			TK10,TK92	SNV	0	2
ENSG00000233887	ENSG00000233887	GroupB_exclusive			TK91,TK92	SNV	0	2
ENSG00000234017	ENSG00000234017	GroupB_exclusive			TK91,TK93	INDEL,SNV	0	2
ENSG00000234026	ENSG00000234026	GroupB_exclusive			TK92,TK93	INDEL,SNV	0	2
ENSG00000234041	ENSG00000234041	GroupB_exclusive			TK91,TK93	SNV	0	2
ENSG00000234042	ENSG00000234042	GroupB_exclusive			TK10,TK92	SNV	0	2
ENSG00000234050	ENSG00000234050	GroupB_exclusive			TK91,TK93	SNV	0	2
ENSG00000234083	ENSG00000234083	GroupB_exclusive			TK10,TK91	SNV	0	2
ENSG00000234120	ENSG00000234120	GroupB_exclusive			TK10,TK92	SNV	0	2
ENSG00000234139	ENSG00000234139	GroupB_exclusive			TK91,TK93	SNV	0	2
ENSG00000234173	ENSG00000234173	GroupB_exclusive			TK10,TK91	SNV	0	2
ENSG00000234225	ENSG00000234225	GroupB_exclusive			TK10,TK93	SNV	0	2
ENSG00000234340	ENSG00000234340	GroupB_exclusive			TK91,TK92	SNV	0	2
ENSG00000234425	ENSG00000234425	GroupB_exclusive			TK91,TK92	SNV	0	2
ENSG00000234457	ENSG00000234457	GroupB_exclusive			TK10,TK92	SNV	0	2
ENSG00000234459	ENSG00000234459	GroupB_exclusive			TK18,TK92	SNV	0	2
ENSG00000234626	ENSG00000234626	GroupB_exclusive			TK10,TK91	INDEL,SNV	0	2
ENSG00000234639	ENSG00000234639	GroupB_exclusive			TK92,TK93	SNV	0	2
ENSG00000234699	ENSG00000234699	GroupB_exclusive			TK10,TK12	SNV	0	2
ENSG00000234775	ENSG00000234775	GroupB_exclusive			TK10,TK92	SNV	0	2
ENSG00000234819	ENSG00000234819	GroupB_exclusive			TK92,TK93	SNV	0	2
ENSG00000234891	ENSG00000234891	GroupB_exclusive			TK91,TK92	SNV	0	2
ENSG00000234900	ENSG00000234900	GroupB_exclusive			TK91,TK92	SNV	0	2
ENSG00000235056	ENSG00000235056	GroupB_exclusive			TK91,TK92	SNV	0	2
ENSG00000235140	ENSG00000235140	GroupB_exclusive			TK91,TK92	INDEL,SNV	0	2
ENSG00000235347	ENSG00000235347	GroupB_exclusive			TK91,TK93	SNV	0	2
ENSG00000235371	ENSG00000235371	GroupB_exclusive			TK10,TK91	SNV	0	2
ENSG00000235421	ENSG00000235421	GroupB_exclusive			TK92,TK93	SNV	0	2
ENSG00000235431	ENSG00000235431	GroupB_exclusive			TK10,TK93	SNV	0	2
ENSG00000235485	ENSG00000235485	GroupB_exclusive			TK92,TK93	SNV	0	2
ENSG00000235495	ENSG00000235495	GroupB_exclusive			TK91,TK93	SNV	0	2
ENSG00000235584	ENSG00000235584	GroupB_exclusive			TK91,TK92	SNV	0	2
ENSG00000235609	ENSG00000235609	GroupB_exclusive			TK91,TK93	SNV	0	2
ENSG00000235659	ENSG00000235659	GroupB_exclusive			TK91,TK92	SNV	0	2
ENSG00000235673	ENSG00000235673	GroupB_exclusive			TK91,TK93	SNV	0	2
ENSG00000235813	ENSG00000235813	GroupB_exclusive			TK92,TK93	SNV	0	2
ENSG00000235834	ENSG00000235834	GroupB_exclusive			TK92,TK93	INDEL,SNV	0	2
ENSG00000235893	ENSG00000235893	GroupB_exclusive			TK91,TK92	SNV	0	2
ENSG00000235981	ENSG00000235981	GroupB_exclusive			TK91,TK92	INDEL,SNV	0	2
ENSG00000236004	ENSG00000236004	GroupB_exclusive			TK92,TK93	SNV	0	2
ENSG00000236069	ENSG00000236069	GroupB_exclusive			TK10,TK93	SNV	0	2
ENSG00000236299	ENSG00000236299	GroupB_exclusive			TK91,TK92	SNV	0	2
ENSG00000236347	ENSG00000236347	GroupB_exclusive			TK92,TK93	SNV	0	2
ENSG00000236393	ENSG00000236393	GroupB_exclusive			TK91,TK92	SNV	0	2
ENSG00000236403	ENSG00000236403	GroupB_exclusive			TK91,TK93	SNV	0	2
ENSG00000236452	ENSG00000236452	GroupB_exclusive			TK92,TK93	SNV	0	2
ENSG00000236495	ENSG00000236495	GroupB_exclusive			TK91,TK93	SNV	0	2
ENSG00000236510	ENSG00000236510	GroupB_exclusive			TK91,TK93	SNV	0	2
ENSG00000236680	ENSG00000236680	GroupB_exclusive			TK18,TK93	SNV	0	2
ENSG00000236796	ENSG00000236796	GroupB_exclusive			TK91,TK93	SNV	0	2
ENSG00000236928	ENSG00000236928	GroupB_exclusive			TK92,TK93	SNV	0	2
ENSG00000237268	ENSG00000237268	GroupB_exclusive			TK92,TK93	SNV	0	2
ENSG00000237317	ENSG00000237317	GroupB_exclusive			TK92,TK93	SNV	0	2
ENSG00000237343	ENSG00000237343	GroupB_exclusive			TK10,TK91	SNV	0	2
ENSG00000237347	ENSG00000237347	GroupB_exclusive			TK91,TK93	SNV	0	2
ENSG00000237525	ENSG00000237525	GroupB_exclusive			TK92,TK93	SNV	0	2
ENSG00000237529	ENSG00000237529	GroupB_exclusive			TK92,TK93	SNV	0	2
ENSG00000237626	ENSG00000237626	GroupB_exclusive			TK10,TK93	SNV	0	2
ENSG00000237639	ENSG00000237639	GroupB_exclusive			TK10,TK92	SNV	0	2
ENSG00000237704	ENSG00000237704	GroupB_exclusive			TK10,TK92	SNV	0	2
ENSG00000237761	ENSG00000237761	GroupB_exclusive			TK10,TK92	SNV	0	2
ENSG00000237848	ENSG00000237848	GroupB_exclusive			TK92,TK93	SNV	0	2
ENSG00000237851	ENSG00000237851	GroupB_exclusive			TK91,TK93	INDEL,SNV	0	2
ENSG00000237903	ENSG00000237903	GroupB_exclusive			TK92,TK93	INDEL,SNV	0	2
ENSG00000237920	ENSG00000237920	GroupB_exclusive			TK10,TK93	SNV	0	2
ENSG00000237926	ENSG00000237926	GroupB_exclusive			TK91,TK92	SNV	0	2
ENSG00000237954	ENSG00000237954	GroupB_exclusive			TK10,TK91	SNV	0	2
ENSG00000238220	ENSG00000238220	GroupB_exclusive			TK10,TK12	SNV	0	2
ENSG00000238291	ENSG00000238291	GroupB_exclusive			TK10,TK91	INDEL,SNV	0	2
ENSG00000238372	ENSG00000238372	GroupB_exclusive			TK92,TK93	SNV	0	2
ENSG00000239216	ENSG00000239216	GroupB_exclusive			TK12,TK18	SNV	0	2
ENSG00000239227	ENSG00000239227	GroupB_exclusive			TK92,TK93	INDEL	0	2
ENSG00000239344	ENSG00000239344	GroupB_exclusive			TK92,TK93	SNV	0	2
ENSG00000239393	ENSG00000239393	GroupB_exclusive			TK92,TK93	INDEL,SNV	0	2
ENSG00000239517	ENSG00000239517	GroupB_exclusive			TK91,TK92	SNV	0	2
ENSG00000239544	ENSG00000239544	GroupB_exclusive			TK91,TK92	INDEL,SNV	0	2
ENSG00000239628	ENSG00000239628	GroupB_exclusive			TK10,TK91	SNV	0	2
ENSG00000239985	ENSG00000239985	GroupB_exclusive			TK18,TK92	SNV	0	2
ENSG00000240093	ENSG00000240093	GroupB_exclusive			TK91,TK92	SNV	0	2
ENSG00000240328	ENSG00000240328	GroupB_exclusive			TK92,TK93	SNV	0	2
ENSG00000240338	ENSG00000240338	GroupB_exclusive			TK91,TK92	SNV	0	2
ENSG00000240418	ENSG00000240418	GroupB_exclusive			TK91,TK93	SNV	0	2
ENSG00000240579	ENSG00000240579	GroupB_exclusive			TK91,TK92	INDEL,SNV	0	2
ENSG00000240673	ENSG00000240673	GroupB_exclusive			TK91,TK93	SNV	0	2
ENSG00000240687	ENSG00000240687	GroupB_exclusive			TK91,TK92	SNV	0	2
ENSG00000240861	ENSG00000240861	GroupB_exclusive			TK10,TK92	SNV	0	2
ENSG00000241220	ENSG00000241220	GroupB_exclusive			TK92,TK93	INDEL,SNV	0	2
ENSG00000241280	ENSG00000241280	GroupB_exclusive			TK92,TK93	SNV	0	2
ENSG00000242009	ENSG00000242009	GroupB_exclusive			TK10,TK92	SNV	0	2
ENSG00000242611	ENSG00000242611	GroupB_exclusive			TK18,TK91	SNV	0	2
ENSG00000242816	ENSG00000242816	GroupB_exclusive			TK18,TK93	SNV	0	2
ENSG00000243018	ENSG00000243018	GroupB_exclusive			TK10,TK91	INDEL,SNV	0	2
ENSG00000243081	ENSG00000243081	GroupB_exclusive			TK10,TK91	SNV	0	2
ENSG00000243243	ENSG00000243243	GroupB_exclusive			TK92,TK93	SNV	0	2
ENSG00000243385	ENSG00000243385	GroupB_exclusive			TK91,TK92	SNV	0	2
ENSG00000243648	ENSG00000243648	GroupB_exclusive			TK10,TK12	SNV	0	2
ENSG00000244061	ENSG00000244061	GroupB_exclusive			TK10,TK18	SNV	0	2
ENSG00000244331	ENSG00000244331	GroupB_exclusive			TK92,TK93	SNV	0	2
ENSG00000244535	ENSG00000244535	GroupB_exclusive			TK91,TK92	SNV	0	2
ENSG00000244733	ENSG00000244733	GroupB_exclusive			TK92,TK93	SNV	0	2
ENSG00000247131	ENSG00000247131	GroupB_exclusive			TK91,TK92	SNV	0	2
ENSG00000247324	ENSG00000247324	GroupB_exclusive			TK10,TK93	SNV	0	2
ENSG00000247934	ENSG00000247934	GroupB_exclusive			TK10,TK92	SNV	0	2
ENSG00000248101	ENSG00000248101	GroupB_exclusive			TK10,TK93	SNV	0	2
ENSG00000248137	ENSG00000248137	GroupB_exclusive			TK10,TK18	SNV	0	2
ENSG00000248155	ENSG00000248155	GroupB_exclusive			TK91,TK93	SNV	0	2
ENSG00000248350	ENSG00000248350	GroupB_exclusive			TK91,TK92	SNV	0	2
ENSG00000248469	ENSG00000248469	GroupB_exclusive			TK10,TK93	SNV	0	2
ENSG00000248493	ENSG00000248493	GroupB_exclusive			TK92,TK93	SNV	0	2
ENSG00000248601	ENSG00000248601	GroupB_exclusive			TK10,TK91	INDEL,SNV	0	2
ENSG00000248624	ENSG00000248624	GroupB_exclusive			TK10,TK91	INDEL,SNV	0	2
ENSG00000248701	ENSG00000248701	GroupB_exclusive			TK12,TK91	SNV	0	2
ENSG00000248773	ENSG00000248773	GroupB_exclusive			TK10,TK93	SNV	0	2
ENSG00000248935	ENSG00000248935	GroupB_exclusive			TK91,TK92	SNV	0	2
ENSG00000248949	ENSG00000248949	GroupB_exclusive			TK18,TK92	SNV	0	2
ENSG00000248964	ENSG00000248964	GroupB_exclusive			TK10,TK93	SNV	0	2
ENSG00000248975	ENSG00000248975	GroupB_exclusive			TK12,TK92	SNV	0	2
ENSG00000249022	ENSG00000249022	GroupB_exclusive			TK10,TK92	SNV	0	2
ENSG00000249094	ENSG00000249094	GroupB_exclusive			TK18,TK92	INDEL,SNV	0	2
ENSG00000249109	ENSG00000249109	GroupB_exclusive			TK10,TK92	INDEL,SNV	0	2
ENSG00000249259	ENSG00000249259	GroupB_exclusive			TK10,TK91	SNV	0	2
ENSG00000249269	ENSG00000249269	GroupB_exclusive			TK18,TK93	SNV	0	2
ENSG00000249275	ENSG00000249275	GroupB_exclusive			TK91,TK92	SNV	0	2
ENSG00000249335	ENSG00000249335	GroupB_exclusive			TK91,TK92	SNV	0	2
ENSG00000249373	ENSG00000249373	GroupB_exclusive			TK91,TK93	SNV	0	2
ENSG00000249713	ENSG00000249713	GroupB_exclusive			TK91,TK93	SNV	0	2
ENSG00000249725	ENSG00000249725	GroupB_exclusive			TK10,TK93	SNV	0	2
ENSG00000249774	ENSG00000249774	GroupB_exclusive			TK12,TK93	SNV	0	2
ENSG00000249818	ENSG00000249818	GroupB_exclusive			TK10,TK92	SNV	0	2
ENSG00000249877	ENSG00000249877	GroupB_exclusive			TK12,TK92	SNV	0	2
ENSG00000250025	ENSG00000250025	GroupB_exclusive			TK10,TK92	SNV	0	2
ENSG00000250034	ENSG00000250034	GroupB_exclusive			TK91,TK92	SNV	0	2
ENSG00000250043	ENSG00000250043	GroupB_exclusive			TK91,TK93	SNV	0	2
ENSG00000250064	ENSG00000250064	GroupB_exclusive			TK10,TK92	INDEL,SNV	0	2
ENSG00000250069	ENSG00000250069	GroupB_exclusive			TK10,TK92	SNV	0	2
ENSG00000250202	ENSG00000250202	GroupB_exclusive			TK91,TK92	SNV	0	2
ENSG00000250277	ENSG00000250277	GroupB_exclusive			TK92,TK93	SNV	0	2
ENSG00000250349	ENSG00000250349	GroupB_exclusive			TK91,TK92	INDEL,SNV	0	2
ENSG00000250390	ENSG00000250390	GroupB_exclusive			TK91,TK93	SNV	0	2
ENSG00000250501	ENSG00000250501	GroupB_exclusive			TK91,TK93	SNV	0	2
ENSG00000250505	ENSG00000250505	GroupB_exclusive			TK92,TK93	SNV	0	2
ENSG00000250507	ENSG00000250507	GroupB_exclusive			TK91,TK93	SNV	0	2
ENSG00000250625	ENSG00000250625	GroupB_exclusive			TK91,TK92	SNV	0	2
ENSG00000250626	ENSG00000250626	GroupB_exclusive			TK18,TK93	SNV	0	2
ENSG00000250646	ENSG00000250646	GroupB_exclusive			TK18,TK93	SNV	0	2
ENSG00000250654	ENSG00000250654	GroupB_exclusive			TK91,TK93	SNV	0	2
ENSG00000250678	ENSG00000250678	GroupB_exclusive			TK92,TK93	SNV	0	2
ENSG00000250723	ENSG00000250723	GroupB_exclusive			TK10,TK92	INDEL,SNV	0	2
ENSG00000250740	ENSG00000250740	GroupB_exclusive			TK92,TK93	SNV	0	2
ENSG00000250838	ENSG00000250838	GroupB_exclusive			TK10,TK92	SNV	0	2
ENSG00000250865	ENSG00000250865	GroupB_exclusive			TK91,TK92	SNV	0	2
ENSG00000250869	ENSG00000250869	GroupB_exclusive			TK92,TK93	SNV	0	2
ENSG00000251010	ENSG00000251010	GroupB_exclusive			TK10,TK92	SNV	0	2
ENSG00000251031	ENSG00000251031	GroupB_exclusive			TK91,TK92	SNV	0	2
ENSG00000251135	ENSG00000251135	GroupB_exclusive			TK91,TK92	SNV	0	2
ENSG00000251139	ENSG00000251139	GroupB_exclusive			TK91,TK92	SNV	0	2
ENSG00000251158	ENSG00000251158	GroupB_exclusive			TK92,TK93	SNV	0	2
ENSG00000251244	ENSG00000251244	GroupB_exclusive			TK91,TK92	SNV	0	2
ENSG00000251270	ENSG00000251270	GroupB_exclusive			TK91,TK92	SNV	0	2
ENSG00000251294	ENSG00000251294	GroupB_exclusive			TK18,TK91	SNV	0	2
ENSG00000251314	ENSG00000251314	GroupB_exclusive			TK92,TK93	SNV	0	2
ENSG00000251454	ENSG00000251454	GroupB_exclusive			TK12,TK91	SNV	0	2
ENSG00000251458	ENSG00000251458	GroupB_exclusive			TK91,TK93	SNV	0	2
ENSG00000251461	ENSG00000251461	GroupB_exclusive			TK10,TK92	SNV	0	2
ENSG00000251490	ENSG00000251490	GroupB_exclusive			TK92,TK93	SNV	0	2
ENSG00000251682	ENSG00000251682	GroupB_exclusive			TK91,TK92	SNV	0	2
ENSG00000252050	ENSG00000252050	GroupB_exclusive			TK91,TK92	SNV	0	2
ENSG00000252904	ENSG00000252904	GroupB_exclusive			TK91,TK93	SNV	0	2
ENSG00000253144	ENSG00000253144	GroupB_exclusive			TK12,TK91	SNV	0	2
ENSG00000253175	ENSG00000253175	GroupB_exclusive			TK10,TK92	SNV	0	2
ENSG00000253177	ENSG00000253177	GroupB_exclusive			TK10,TK12	SNV	0	2
ENSG00000253190	ENSG00000253190	GroupB_exclusive			TK10,TK93	SNV	0	2
ENSG00000253205	ENSG00000253205	GroupB_exclusive			TK91,TK93	SNV	0	2
ENSG00000253252	ENSG00000253252	GroupB_exclusive			TK91,TK92	INDEL,SNV	0	2
ENSG00000253282	ENSG00000253282	GroupB_exclusive			TK91,TK93	SNV	0	2
ENSG00000253286	ENSG00000253286	GroupB_exclusive			TK10,TK91	SNV	0	2
ENSG00000253297	ENSG00000253297	GroupB_exclusive			TK91,TK93	SNV	0	2
ENSG00000253344	ENSG00000253344	GroupB_exclusive			TK12,TK93	SNV	0	2
ENSG00000253373	ENSG00000253373	GroupB_exclusive			TK18,TK93	SNV	0	2
ENSG00000253420	ENSG00000253420	GroupB_exclusive			TK92,TK93	SNV	0	2
ENSG00000253430	ENSG00000253430	GroupB_exclusive			TK91,TK92	INDEL,SNV	0	2
ENSG00000253496	ENSG00000253496	GroupB_exclusive			TK18,TK91	SNV	0	2
ENSG00000253572	ENSG00000253572	GroupB_exclusive			TK91,TK92	SNV	0	2
ENSG00000253586	ENSG00000253586	GroupB_exclusive			TK91,TK93	SNV	0	2
ENSG00000253664	ENSG00000253664	GroupB_exclusive			TK10,TK92	SNV	0	2
ENSG00000253678	ENSG00000253678	GroupB_exclusive			TK91,TK93	SNV	0	2
ENSG00000253706	ENSG00000253706	GroupB_exclusive			TK10,TK92	SNV	0	2
ENSG00000253842	ENSG00000253842	GroupB_exclusive			TK10,TK18	SNV	0	2
ENSG00000253891	ENSG00000253891	GroupB_exclusive			TK10,TK91	INDEL,SNV	0	2
ENSG00000254001	ENSG00000254001	GroupB_exclusive			TK91,TK92	SNV	0	2
ENSG00000254002	ENSG00000254002	GroupB_exclusive			TK91,TK93	SNV	0	2
ENSG00000254021	ENSG00000254021	GroupB_exclusive			TK91,TK92	SNV	0	2
ENSG00000254024	ENSG00000254024	GroupB_exclusive			TK91,TK92	SNV	0	2
ENSG00000254044	ENSG00000254044	GroupB_exclusive			TK91,TK93	SNV	0	2
ENSG00000254115	ENSG00000254115	GroupB_exclusive			TK10,TK93	SNV	0	2
ENSG00000254136	ENSG00000254136	GroupB_exclusive			TK18,TK93	SNV	0	2
ENSG00000254138	ENSG00000254138	GroupB_exclusive			TK10,TK92	SNV	0	2
ENSG00000254248	ENSG00000254248	GroupB_exclusive			TK92,TK93	SNV	0	2
ENSG00000254330	ENSG00000254330	GroupB_exclusive			TK92,TK93	SNV	0	2
ENSG00000254336	ENSG00000254336	GroupB_exclusive			TK92,TK93	SNV	0	2
ENSG00000254339	ENSG00000254339	GroupB_exclusive			TK10,TK18	SNV	0	2
ENSG00000254367	ENSG00000254367	GroupB_exclusive			TK91,TK92	SNV	0	2
ENSG00000254372	ENSG00000254372	GroupB_exclusive			TK91,TK92	SNV	0	2
ENSG00000254396	ENSG00000254396	GroupB_exclusive			TK12,TK18	SNV	0	2
ENSG00000254422	ENSG00000254422	GroupB_exclusive			TK10,TK91	SNV	0	2
ENSG00000254432	ENSG00000254432	GroupB_exclusive			TK10,TK93	SNV	0	2
ENSG00000254471	ENSG00000254471	GroupB_exclusive			TK12,TK92	SNV	0	2
ENSG00000254484	ENSG00000254484	GroupB_exclusive			TK91,TK92	INDEL,SNV	0	2
ENSG00000254499	ENSG00000254499	GroupB_exclusive			TK91,TK93	SNV	0	2
ENSG00000254587	ENSG00000254587	GroupB_exclusive			TK10,TK92	SNV	0	2
ENSG00000254610	ENSG00000254610	GroupB_exclusive			TK10,TK92	SNV	0	2
ENSG00000254691	ENSG00000254691	GroupB_exclusive			TK12,TK92	SNV	0	2
ENSG00000254712	ENSG00000254712	GroupB_exclusive			TK92,TK93	SNV	0	2
ENSG00000254826	ENSG00000254826	GroupB_exclusive			TK10,TK91	SNV	0	2
ENSG00000254867	ENSG00000254867	GroupB_exclusive			TK10,TK18	SNV	0	2
ENSG00000254877	ENSG00000254877	GroupB_exclusive			TK10,TK91	SNV	0	2
ENSG00000255005	ENSG00000255005	GroupB_exclusive			TK91,TK93	SNV	0	2
ENSG00000255092	ENSG00000255092	GroupB_exclusive			TK92,TK93	SNV	0	2
ENSG00000255132	ENSG00000255132	GroupB_exclusive			TK10,TK92	SNV	0	2
ENSG00000255142	ENSG00000255142	GroupB_exclusive			TK92,TK93	SNV	0	2
ENSG00000255144	ENSG00000255144	GroupB_exclusive			TK18,TK93	INDEL,SNV	0	2
ENSG00000255165	ENSG00000255165	GroupB_exclusive			TK10,TK18	SNV	0	2
ENSG00000255250	ENSG00000255250	GroupB_exclusive			TK92,TK93	SNV	0	2
ENSG00000255256	ENSG00000255256	GroupB_exclusive			TK91,TK93	SNV	0	2
ENSG00000255289	ENSG00000255289	GroupB_exclusive			TK10,TK93	SNV	0	2
ENSG00000255369	ENSG00000255369	GroupB_exclusive			TK10,TK92	SNV	0	2
ENSG00000255381	ENSG00000255381	GroupB_exclusive			TK10,TK93	SNV	0	2
ENSG00000255421	ENSG00000255421	GroupB_exclusive			TK10,TK92	SNV	0	2
ENSG00000255437	ENSG00000255437	GroupB_exclusive			TK91,TK92	INDEL,SNV	0	2
ENSG00000255445	ENSG00000255445	GroupB_exclusive			TK92,TK93	SNV	0	2
ENSG00000255500	ENSG00000255500	GroupB_exclusive			TK92,TK93	SNV	0	2
ENSG00000255516	ENSG00000255516	GroupB_exclusive			TK91,TK93	INDEL,SNV	0	2
ENSG00000255565	ENSG00000255565	GroupB_exclusive			TK91,TK92	SNV	0	2
ENSG00000255627	ENSG00000255627	GroupB_exclusive			TK91,TK92	SNV	0	2
ENSG00000255648	ENSG00000255648	GroupB_exclusive			TK91,TK92	SNV	0	2
ENSG00000255746	ENSG00000255746	GroupB_exclusive			TK91,TK92	INDEL,SNV	0	2
ENSG00000255882	ENSG00000255882	GroupB_exclusive			TK12,TK18	SNV	0	2
ENSG00000255899	ENSG00000255899	GroupB_exclusive			TK91,TK92	INDEL,SNV	0	2
ENSG00000256034	ENSG00000256034	GroupB_exclusive			TK10,TK91	SNV	0	2
ENSG00000256108	ENSG00000256108	GroupB_exclusive			TK92,TK93	SNV	0	2
ENSG00000256159	ENSG00000256159	GroupB_exclusive			TK91,TK93	SNV	0	2
ENSG00000256176	ENSG00000256176	GroupB_exclusive			TK91,TK92	SNV	0	2
ENSG00000256458	ENSG00000256458	GroupB_exclusive			TK18,TK93	INDEL,SNV	0	2
ENSG00000256473	ENSG00000256473	GroupB_exclusive			TK91,TK92	SNV	0	2
ENSG00000256615	ENSG00000256615	GroupB_exclusive			TK91,TK92	SNV	0	2
ENSG00000256626	ENSG00000256626	GroupB_exclusive			TK91,TK93	SNV	0	2
ENSG00000256686	ENSG00000256686	GroupB_exclusive			TK92,TK93	SNV	0	2
ENSG00000256739	ENSG00000256739	GroupB_exclusive			TK91,TK92	SNV	0	2
ENSG00000256984	ENSG00000256984	GroupB_exclusive			TK92,TK93	INDEL,SNV	0	2
ENSG00000257183	ENSG00000257183	GroupB_exclusive			TK18,TK92	SNV	0	2
ENSG00000257199	ENSG00000257199	GroupB_exclusive			TK92,TK93	INDEL,SNV	0	2
ENSG00000257254	ENSG00000257254	GroupB_exclusive			TK91,TK92	SNV	0	2
ENSG00000257403	ENSG00000257403	GroupB_exclusive			TK92,TK93	SNV	0	2
ENSG00000257426	ENSG00000257426	GroupB_exclusive			TK91,TK92	SNV	0	2
ENSG00000257458	ENSG00000257458	GroupB_exclusive			TK10,TK93	SNV	0	2
ENSG00000257474	ENSG00000257474	GroupB_exclusive			TK92,TK93	SNV	0	2
ENSG00000257534	ENSG00000257534	GroupB_exclusive			TK10,TK91	SNV	0	2
ENSG00000257564	ENSG00000257564	GroupB_exclusive			TK10,TK18	SNV	0	2
ENSG00000257611	ENSG00000257611	GroupB_exclusive			TK91,TK92	INDEL,SNV	0	2
ENSG00000257645	ENSG00000257645	GroupB_exclusive			TK92,TK93	SNV	0	2
ENSG00000257658	ENSG00000257658	GroupB_exclusive			TK10,TK91	SNV	0	2
ENSG00000257680	ENSG00000257680	GroupB_exclusive			TK91,TK92	SNV	0	2
ENSG00000257735	ENSG00000257735	GroupB_exclusive			TK18,TK93	SNV	0	2
ENSG00000257808	ENSG00000257808	GroupB_exclusive			TK18,TK93	SNV	0	2
ENSG00000257835	ENSG00000257835	GroupB_exclusive			TK91,TK93	SNV	0	2
ENSG00000257883	ENSG00000257883	GroupB_exclusive			TK10,TK92	SNV	0	2
ENSG00000257891	ENSG00000257891	GroupB_exclusive			TK10,TK92	SNV	0	2
ENSG00000257976	ENSG00000257976	GroupB_exclusive			TK10,TK91	SNV	0	2
ENSG00000258039	ENSG00000258039	GroupB_exclusive			TK92,TK93	SNV	0	2
ENSG00000258111	ENSG00000258111	GroupB_exclusive			TK91,TK93	SNV	0	2
ENSG00000258345	ENSG00000258345	GroupB_exclusive			TK91,TK92	SNV	0	2
ENSG00000258410	ENSG00000258410	GroupB_exclusive			TK91,TK92	SNV	0	2
ENSG00000258422	ENSG00000258422	GroupB_exclusive			TK10,TK92	SNV	0	2
ENSG00000258425	ENSG00000258425	GroupB_exclusive			TK10,TK92	SNV	0	2
ENSG00000258448	ENSG00000258448	GroupB_exclusive			TK91,TK92	SNV	0	2
ENSG00000258462	ENSG00000258462	GroupB_exclusive			TK91,TK92	SNV	0	2
ENSG00000258656	ENSG00000258656	GroupB_exclusive			TK91,TK92	SNV	0	2
ENSG00000258672	ENSG00000258672	GroupB_exclusive			TK10,TK92	SNV	0	2
ENSG00000258687	ENSG00000258687	GroupB_exclusive			TK92,TK93	INDEL	0	2
ENSG00000258693	ENSG00000258693	GroupB_exclusive			TK91,TK92	SNV	0	2
ENSG00000258732	ENSG00000258732	GroupB_exclusive			TK91,TK92	SNV	0	2
ENSG00000258740	ENSG00000258740	GroupB_exclusive			TK92,TK93	SNV	0	2
ENSG00000258760	ENSG00000258760	GroupB_exclusive			TK18,TK92	SNV	0	2
ENSG00000258796	ENSG00000258796	GroupB_exclusive			TK92,TK93	SNV	0	2
ENSG00000258854	ENSG00000258854	GroupB_exclusive			TK92,TK93	SNV	0	2
ENSG00000259038	ENSG00000259038	GroupB_exclusive			TK18,TK91	SNV	0	2
ENSG00000259077	ENSG00000259077	GroupB_exclusive			TK91,TK93	SNV	0	2
ENSG00000259099	ENSG00000259099	GroupB_exclusive			TK91,TK92	INDEL,SNV	0	2
ENSG00000259106	ENSG00000259106	GroupB_exclusive			TK10,TK92	SNV	0	2
ENSG00000259166	ENSG00000259166	GroupB_exclusive			TK91,TK92	SNV	0	2
ENSG00000259170	ENSG00000259170	GroupB_exclusive			TK92,TK93	SNV	0	2
ENSG00000259181	ENSG00000259181	GroupB_exclusive			TK92,TK93	SNV	0	2
ENSG00000259227	ENSG00000259227	GroupB_exclusive			TK10,TK92	SNV	0	2
ENSG00000259342	ENSG00000259342	GroupB_exclusive			TK18,TK93	SNV	0	2
ENSG00000259447	ENSG00000259447	GroupB_exclusive			TK91,TK92	SNV	0	2
ENSG00000259463	ENSG00000259463	GroupB_exclusive			TK92,TK93	SNV	0	2
ENSG00000259502	ENSG00000259502	GroupB_exclusive			TK12,TK92	SNV	0	2
ENSG00000259541	ENSG00000259541	GroupB_exclusive			TK12,TK93	SNV	0	2
ENSG00000259544	ENSG00000259544	GroupB_exclusive			TK91,TK93	INDEL,SNV	0	2
ENSG00000259548	ENSG00000259548	GroupB_exclusive			TK12,TK92	SNV	0	2
ENSG00000259591	ENSG00000259591	GroupB_exclusive			TK91,TK92	SNV	0	2
ENSG00000259756	ENSG00000259756	GroupB_exclusive			TK10,TK91	SNV	0	2
ENSG00000259760	ENSG00000259760	GroupB_exclusive			TK91,TK92	SNV	0	2
ENSG00000259767	ENSG00000259767	GroupB_exclusive			TK92,TK93	SNV	0	2
ENSG00000259780	ENSG00000259780	GroupB_exclusive			TK18,TK91	SNV	0	2
ENSG00000259817	ENSG00000259817	GroupB_exclusive			TK92,TK93	SNV	0	2
ENSG00000259929	ENSG00000259929	GroupB_exclusive			TK92,TK93	SNV	0	2
ENSG00000259950	ENSG00000259950	GroupB_exclusive			TK91,TK93	SNV	0	2
ENSG00000259985	ENSG00000259985	GroupB_exclusive			TK10,TK92	SNV	0	2
ENSG00000260052	ENSG00000260052	GroupB_exclusive			TK10,TK12	INDEL,SNV	0	2
ENSG00000260072	ENSG00000260072	GroupB_exclusive			TK10,TK93	SNV	0	2
ENSG00000260159	ENSG00000260159	GroupB_exclusive			TK10,TK92	SNV	0	2
ENSG00000260197	ENSG00000260197	GroupB_exclusive			TK10,TK18	SNV	0	2
ENSG00000260310	ENSG00000260310	GroupB_exclusive			TK92,TK93	SNV	0	2
ENSG00000260447	ENSG00000260447	GroupB_exclusive			TK92,TK93	SNV	0	2
ENSG00000260573	ENSG00000260573	GroupB_exclusive			TK10,TK91	INDEL,SNV	0	2
ENSG00000260586	ENSG00000260586	GroupB_exclusive			TK10,TK91	SNV	0	2
ENSG00000260590	ENSG00000260590	GroupB_exclusive			TK10,TK91	SNV	0	2
ENSG00000260622	ENSG00000260622	GroupB_exclusive			TK18,TK91	SNV	0	2
ENSG00000260628	ENSG00000260628	GroupB_exclusive			TK91,TK92	INDEL,SNV	0	2
ENSG00000260694	ENSG00000260694	GroupB_exclusive			TK91,TK92	SNV	0	2
ENSG00000260741	ENSG00000260741	GroupB_exclusive			TK10,TK12	INDEL,SNV	0	2
ENSG00000260764	ENSG00000260764	GroupB_exclusive			TK91,TK92	SNV	0	2
ENSG00000260838	ENSG00000260838	GroupB_exclusive			TK10,TK18	SNV	0	2
ENSG00000260918	ENSG00000260918	GroupB_exclusive			TK10,TK91	SNV	0	2
ENSG00000261020	ENSG00000261020	GroupB_exclusive			TK91,TK93	SNV	0	2
ENSG00000261072	ENSG00000261072	GroupB_exclusive			TK91,TK93	SNV	0	2
ENSG00000261117	ENSG00000261117	GroupB_exclusive			TK92,TK93	SNV	0	2
ENSG00000261145	ENSG00000261145	GroupB_exclusive			TK10,TK92	SNV	0	2
ENSG00000261158	ENSG00000261158	GroupB_exclusive			TK92,TK93	INDEL,SNV	0	2
ENSG00000261259	ENSG00000261259	GroupB_exclusive			TK92,TK93	SNV	0	2
ENSG00000261313	ENSG00000261313	GroupB_exclusive			TK91,TK92	SNV	0	2
ENSG00000261363	ENSG00000261363	GroupB_exclusive			TK91,TK92	SNV	0	2
ENSG00000261403	ENSG00000261403	GroupB_exclusive			TK91,TK92	SNV	0	2
ENSG00000261499	ENSG00000261499	GroupB_exclusive			TK91,TK93	SNV	0	2
ENSG00000261527	ENSG00000261527	GroupB_exclusive			TK91,TK92	INDEL,SNV	0	2
ENSG00000261549	ENSG00000261549	GroupB_exclusive			TK92,TK93	INDEL	0	2
ENSG00000261734	ENSG00000261734	GroupB_exclusive			TK91,TK92	SNV	0	2
ENSG00000261765	ENSG00000261765	GroupB_exclusive			TK91,TK92	SNV	0	2
ENSG00000261774	ENSG00000261774	GroupB_exclusive			TK91,TK92	SNV	0	2
ENSG00000261978	ENSG00000261978	GroupB_exclusive			TK12,TK91	INDEL,SNV	0	2
ENSG00000262038	ENSG00000262038	GroupB_exclusive			TK92,TK93	SNV	0	2
ENSG00000262141	ENSG00000262141	GroupB_exclusive			TK91,TK92	SNV	0	2
ENSG00000262172	ENSG00000262172	GroupB_exclusive			TK91,TK92	SNV	0	2
ENSG00000262213	ENSG00000262213	GroupB_exclusive			TK10,TK93	SNV	0	2
ENSG00000262558	ENSG00000262558	GroupB_exclusive			TK92,TK93	SNV	0	2
ENSG00000262708	ENSG00000262708	GroupB_exclusive			TK91,TK92	SNV	0	2
ENSG00000262881	ENSG00000262881	GroupB_exclusive			TK91,TK92	SNV	0	2
ENSG00000263065	ENSG00000263065	GroupB_exclusive			TK91,TK92	INDEL,SNV	0	2
ENSG00000263081	ENSG00000263081	GroupB_exclusive			TK91,TK92	SNV	0	2
ENSG00000263110	ENSG00000263110	GroupB_exclusive			TK18,TK91	SNV	0	2
ENSG00000263159	ENSG00000263159	GroupB_exclusive			TK92,TK93	INDEL,SNV	0	2
ENSG00000263326	ENSG00000263326	GroupB_exclusive			TK10,TK91	SNV	0	2
ENSG00000263489	ENSG00000263489	GroupB_exclusive			TK12,TK92	SNV	0	2
ENSG00000263501	ENSG00000263501	GroupB_exclusive			TK91,TK92	INDEL,SNV	0	2
ENSG00000263508	ENSG00000263508	GroupB_exclusive			TK10,TK92	SNV	0	2
ENSG00000264179	ENSG00000264179	GroupB_exclusive			TK91,TK92	SNV	0	2
ENSG00000264270	ENSG00000264270	GroupB_exclusive			TK92,TK93	SNV	0	2
ENSG00000264421	ENSG00000264421	GroupB_exclusive			TK92,TK93	SNV	0	2
ENSG00000264754	ENSG00000264754	GroupB_exclusive			TK92,TK93	SNV	0	2
ENSG00000264808	ENSG00000264808	GroupB_exclusive			TK10,TK91	SNV	0	2
ENSG00000265445	ENSG00000265445	GroupB_exclusive			TK10,TK18	SNV	0	2
ENSG00000265494	ENSG00000265494	GroupB_exclusive			TK92,TK93	SNV	0	2
ENSG00000265496	ENSG00000265496	GroupB_exclusive			TK10,TK92	SNV	0	2
ENSG00000265751	ENSG00000265751	GroupB_exclusive			TK10,TK93	SNV	0	2
ENSG00000265916	ENSG00000265916	GroupB_exclusive			TK91,TK92	SNV	0	2
ENSG00000266120	ENSG00000266120	GroupB_exclusive			TK91,TK92	SNV	0	2
ENSG00000266149	ENSG00000266149	GroupB_exclusive			TK91,TK93	SNV	0	2
ENSG00000266155	ENSG00000266155	GroupB_exclusive			TK10,TK91	INDEL,SNV	0	2
ENSG00000266237	ENSG00000266237	GroupB_exclusive			TK91,TK92	INDEL,SNV	0	2
ENSG00000266248	ENSG00000266248	GroupB_exclusive			TK10,TK92	SNV	0	2
ENSG00000266302	ENSG00000266302	GroupB_exclusive			TK92,TK93	SNV	0	2
ENSG00000266498	ENSG00000266498	GroupB_exclusive			TK10,TK93	SNV	0	2
ENSG00000266598	ENSG00000266598	GroupB_exclusive			TK91,TK92	SNV	0	2
ENSG00000266696	ENSG00000266696	GroupB_exclusive			TK92,TK93	SNV	0	2
ENSG00000266818	ENSG00000266818	GroupB_exclusive			TK91,TK92	SNV	0	2
ENSG00000266885	ENSG00000266885	GroupB_exclusive			TK91,TK92	SNV	0	2
ENSG00000266908	ENSG00000266908	GroupB_exclusive			TK10,TK93	SNV	0	2
ENSG00000266973	ENSG00000266973	GroupB_exclusive			TK92,TK93	SNV	0	2
ENSG00000266988	ENSG00000266988	GroupB_exclusive			TK10,TK91	SNV	0	2
ENSG00000267006	ENSG00000267006	GroupB_exclusive			TK92,TK93	INDEL,SNV	0	2
ENSG00000267044	ENSG00000267044	GroupB_exclusive			TK92,TK93	SNV	0	2
ENSG00000267109	ENSG00000267109	GroupB_exclusive			TK12,TK93	SNV	0	2
ENSG00000267110	ENSG00000267110	GroupB_exclusive			TK10,TK12	SNV	0	2
ENSG00000267175	ENSG00000267175	GroupB_exclusive			TK92,TK93	SNV	0	2
ENSG00000267341	ENSG00000267341	GroupB_exclusive			TK92,TK93	SNV	0	2
ENSG00000267363	ENSG00000267363	GroupB_exclusive			TK91,TK92	SNV	0	2
ENSG00000267383	ENSG00000267383	GroupB_exclusive			TK92,TK93	SNV	0	2
ENSG00000267405	ENSG00000267405	GroupB_exclusive			TK91,TK93	SNV	0	2
ENSG00000267455	ENSG00000267455	GroupB_exclusive			TK92,TK93	SNV	0	2
ENSG00000267501	ENSG00000267501	GroupB_exclusive			TK92,TK93	SNV	0	2
ENSG00000267552	ENSG00000267552	GroupB_exclusive			TK18,TK93	SNV	0	2
ENSG00000267563	ENSG00000267563	GroupB_exclusive			TK91,TK92	SNV	0	2
ENSG00000267587	ENSG00000267587	GroupB_exclusive			TK10,TK91	SNV	0	2
ENSG00000267592	ENSG00000267592	GroupB_exclusive			TK92,TK93	SNV	0	2
ENSG00000267670	ENSG00000267670	GroupB_exclusive			TK12,TK91	SNV	0	2
ENSG00000267672	ENSG00000267672	GroupB_exclusive			TK91,TK93	SNV	0	2
ENSG00000267731	ENSG00000267731	GroupB_exclusive			TK91,TK92	INDEL,SNV	0	2
ENSG00000267734	ENSG00000267734	GroupB_exclusive			TK92,TK93	SNV	0	2
ENSG00000267791	ENSG00000267791	GroupB_exclusive			TK12,TK92	SNV	0	2
ENSG00000267815	ENSG00000267815	GroupB_exclusive			TK10,TK92	SNV	0	2
ENSG00000267857	ENSG00000267857	GroupB_exclusive			TK91,TK93	SNV	0	2
ENSG00000268051	ENSG00000268051	GroupB_exclusive			TK91,TK93	INDEL,SNV	0	2
ENSG00000268070	ENSG00000268070	GroupB_exclusive			TK10,TK92	SNV	0	2
ENSG00000268184	ENSG00000268184	GroupB_exclusive			TK92,TK93	SNV	0	2
ENSG00000268499	ENSG00000268499	GroupB_exclusive			TK10,TK12	SNV	0	2
ENSG00000268555	ENSG00000268555	GroupB_exclusive			TK91,TK93	SNV	0	2
ENSG00000268601	ENSG00000268601	GroupB_exclusive			TK10,TK91	SNV	0	2
ENSG00000268747	ENSG00000268747	GroupB_exclusive			TK92,TK93	SNV	0	2
ENSG00000268764	ENSG00000268764	GroupB_exclusive			TK10,TK12	SNV	0	2
ENSG00000269356	ENSG00000269356	GroupB_exclusive			TK91,TK93	SNV	0	2
ENSG00000269387	ENSG00000269387	GroupB_exclusive			TK10,TK92	SNV	0	2
ENSG00000269883	ENSG00000269883	GroupB_exclusive			TK92,TK93	SNV	0	2
ENSG00000270039	ENSG00000270039	GroupB_exclusive			TK10,TK12	SNV	0	2
ENSG00000270117	ENSG00000270117	GroupB_exclusive			TK10,TK91	INDEL,SNV	0	2
ENSG00000270130	ENSG00000270130	GroupB_exclusive			TK92,TK93	SNV	0	2
ENSG00000270140	ENSG00000270140	GroupB_exclusive			TK91,TK92	SNV	0	2
ENSG00000270257	ENSG00000270257	GroupB_exclusive			TK10,TK92	SNV	0	2
ENSG00000270265	ENSG00000270265	GroupB_exclusive			TK10,TK92	SNV	0	2
ENSG00000270402	ENSG00000270402	GroupB_exclusive			TK18,TK91	SNV	0	2
ENSG00000270462	ENSG00000270462	GroupB_exclusive			TK10,TK92	SNV	0	2
ENSG00000270470	ENSG00000270470	GroupB_exclusive			TK91,TK92	SNV	0	2
ENSG00000270482	ENSG00000270482	GroupB_exclusive			TK91,TK92	SNV	0	2
ENSG00000270541	ENSG00000270541	GroupB_exclusive			TK92,TK93	SNV	0	2
ENSG00000270553	ENSG00000270553	GroupB_exclusive			TK91,TK93	SNV	0	2
ENSG00000270691	ENSG00000270691	GroupB_exclusive			TK92,TK93	SNV	0	2
ENSG00000270702	ENSG00000270702	GroupB_exclusive			TK91,TK92	SNV	0	2
ENSG00000270719	ENSG00000270719	GroupB_exclusive			TK92,TK93	SNV	0	2
ENSG00000270734	ENSG00000270734	GroupB_exclusive			TK91,TK92	SNV	0	2
ENSG00000270828	ENSG00000270828	GroupB_exclusive			TK12,TK92	SNV	0	2
ENSG00000270870	ENSG00000270870	GroupB_exclusive			TK91,TK92	SNV	0	2
ENSG00000270988	ENSG00000270988	GroupB_exclusive			TK91,TK92	SNV	0	2
ENSG00000271009	ENSG00000271009	GroupB_exclusive			TK10,TK92	INDEL,SNV	0	2
ENSG00000271049	ENSG00000271049	GroupB_exclusive			TK92,TK93	INDEL,SNV	0	2
ENSG00000271382	ENSG00000271382	GroupB_exclusive			TK92,TK93	SNV	0	2
ENSG00000271384	ENSG00000271384	GroupB_exclusive			TK91,TK93	SNV	0	2
ENSG00000271616	ENSG00000271616	GroupB_exclusive			TK12,TK93	SNV	0	2
ENSG00000271697	ENSG00000271697	GroupB_exclusive			TK92,TK93	SNV	0	2
ENSG00000271811	ENSG00000271811	GroupB_exclusive			TK91,TK92	SNV	0	2
ENSG00000271969	ENSG00000271969	GroupB_exclusive			TK91,TK93	SNV	0	2
ENSG00000271971	ENSG00000271971	GroupB_exclusive			TK10,TK93	SNV	0	2
ENSG00000271983	ENSG00000271983	GroupB_exclusive			TK10,TK92	SNV	0	2
ENSG00000272004	ENSG00000272004	GroupB_exclusive			TK10,TK91	INDEL,SNV	0	2
ENSG00000272056	ENSG00000272056	GroupB_exclusive			TK91,TK92	SNV	0	2
ENSG00000272072	ENSG00000272072	GroupB_exclusive			TK10,TK92	SNV	0	2
ENSG00000272130	ENSG00000272130	GroupB_exclusive			TK92,TK93	SNV	0	2
ENSG00000272175	ENSG00000272175	GroupB_exclusive			TK10,TK92	INDEL,SNV	0	2
ENSG00000272195	ENSG00000272195	GroupB_exclusive			TK91,TK93	SNV	0	2
ENSG00000272249	ENSG00000272249	GroupB_exclusive			TK91,TK92	SNV	0	2
ENSG00000272297	ENSG00000272297	GroupB_exclusive			TK10,TK93	INDEL,SNV	0	2
ENSG00000272328	ENSG00000272328	GroupB_exclusive			TK10,TK91	SNV	0	2
ENSG00000272397	ENSG00000272397	GroupB_exclusive			TK10,TK93	SNV	0	2
ENSG00000272406	ENSG00000272406	GroupB_exclusive			TK91,TK92	INDEL,SNV	0	2
ENSG00000272417	ENSG00000272417	GroupB_exclusive			TK91,TK92	SNV	0	2
ENSG00000272461	ENSG00000272461	GroupB_exclusive			TK18,TK91	SNV	0	2
ENSG00000272515	ENSG00000272515	GroupB_exclusive			TK12,TK91	SNV	0	2
ENSG00000272541	ENSG00000272541	GroupB_exclusive			TK92,TK93	SNV	0	2
ENSG00000272692	ENSG00000272692	GroupB_exclusive			TK91,TK92	SNV	0	2
ENSG00000272754	ENSG00000272754	GroupB_exclusive			TK91,TK92	SNV	0	2
ENSG00000272755	ENSG00000272755	GroupB_exclusive			TK18,TK91	SNV	0	2
ENSG00000272770	ENSG00000272770	GroupB_exclusive			TK10,TK93	INDEL,SNV	0	2
ENSG00000272788	ENSG00000272788	GroupB_exclusive			TK91,TK92	SNV	0	2
ENSG00000272862	ENSG00000272862	GroupB_exclusive			TK12,TK18	SNV	0	2
ENSG00000272864	ENSG00000272864	GroupB_exclusive			TK92,TK93	SNV	0	2
ENSG00000272953	ENSG00000272953	GroupB_exclusive			TK12,TK18	SNV	0	2
ENSG00000272982	ENSG00000272982	GroupB_exclusive			TK18,TK93	SNV	0	2
ENSG00000273011	ENSG00000273011	GroupB_exclusive			TK92,TK93	SNV	0	2
ENSG00000273013	ENSG00000273013	GroupB_exclusive			TK10,TK92	SNV	0	2
ENSG00000273091	ENSG00000273091	GroupB_exclusive			TK91,TK92	SNV	0	2
ENSG00000273108	ENSG00000273108	GroupB_exclusive			TK91,TK93	INDEL,SNV	0	2
ENSG00000273211	ENSG00000273211	GroupB_exclusive			TK18,TK91	SNV	0	2
ENSG00000273305	ENSG00000273305	GroupB_exclusive			TK91,TK92	SNV	0	2
ENSG00000273365	ENSG00000273365	GroupB_exclusive			TK10,TK92	SNV	0	2
ENSG00000273455	ENSG00000273455	GroupB_exclusive			TK12,TK18	SNV	0	2
ENSG00000273521	ENSG00000273521	GroupB_exclusive			TK91,TK93	SNV	0	2
ENSG00000273597	ENSG00000273597	GroupB_exclusive			TK91,TK92	SNV	0	2
ENSG00000273870	ENSG00000273870	GroupB_exclusive			TK92,TK93	SNV	0	2
ENSG00000273906	ENSG00000273906	GroupB_exclusive			TK10,TK18	INDEL,SNV	0	2
ENSG00000273973	ENSG00000273973	GroupB_exclusive			TK18,TK92	SNV	0	2
ENSG00000274092	ENSG00000274092	GroupB_exclusive			TK92,TK93	INDEL	0	2
ENSG00000274253	ENSG00000274253	GroupB_exclusive			TK10,TK18	INDEL,SNV	0	2
ENSG00000274308	ENSG00000274308	GroupB_exclusive			TK10,TK91	SNV	0	2
ENSG00000274341	ENSG00000274341	GroupB_exclusive			TK10,TK92	SNV	0	2
ENSG00000274351	ENSG00000274351	GroupB_exclusive			TK92,TK93	INDEL,SNV	0	2
ENSG00000274420	ENSG00000274420	GroupB_exclusive			TK12,TK92	SNV	0	2
ENSG00000274501	ENSG00000274501	GroupB_exclusive			TK18,TK92	SNV	0	2
ENSG00000274528	ENSG00000274528	GroupB_exclusive			TK10,TK92	SNV	0	2
ENSG00000274642	ENSG00000274642	GroupB_exclusive			TK10,TK92	SNV	0	2
ENSG00000274903	ENSG00000274903	GroupB_exclusive			TK10,TK18	SNV	0	2
ENSG00000274979	ENSG00000274979	GroupB_exclusive			TK91,TK92	SNV	0	2
ENSG00000274996	ENSG00000274996	GroupB_exclusive			TK92,TK93	SNV	0	2
ENSG00000275025	ENSG00000275025	GroupB_exclusive			TK91,TK92	INDEL,SNV	0	2
ENSG00000275097	ENSG00000275097	GroupB_exclusive			TK91,TK92	SNV	0	2
ENSG00000275178	ENSG00000275178	GroupB_exclusive			TK91,TK92	SNV	0	2
ENSG00000275186	ENSG00000275186	GroupB_exclusive			TK92,TK93	SNV	0	2
ENSG00000275191	ENSG00000275191	GroupB_exclusive			TK10,TK92	INDEL,SNV	0	2
ENSG00000275263	ENSG00000275263	GroupB_exclusive			TK12,TK92	SNV	0	2
ENSG00000275278	ENSG00000275278	GroupB_exclusive			TK92,TK93	SNV	0	2
ENSG00000275393	ENSG00000275393	GroupB_exclusive			TK10,TK18	SNV	0	2
ENSG00000275488	ENSG00000275488	GroupB_exclusive			TK92,TK93	INDEL,SNV	0	2
ENSG00000275645	ENSG00000275645	GroupB_exclusive			TK18,TK92	SNV	0	2
ENSG00000275646	ENSG00000275646	GroupB_exclusive			TK91,TK92	INDEL,SNV	0	2
ENSG00000275647	ENSG00000275647	GroupB_exclusive			TK91,TK92	SNV	0	2
ENSG00000275897	ENSG00000275897	GroupB_exclusive			TK10,TK91	SNV	0	2
ENSG00000275927	ENSG00000275927	GroupB_exclusive			TK92,TK93	SNV	0	2
ENSG00000276030	ENSG00000276030	GroupB_exclusive			TK92,TK93	SNV	0	2
ENSG00000276188	ENSG00000276188	GroupB_exclusive			TK92,TK93	SNV	0	2
ENSG00000276538	ENSG00000276538	GroupB_exclusive			TK92,TK93	SNV	0	2
ENSG00000276853	ENSG00000276853	GroupB_exclusive			TK10,TK18	SNV	0	2
ENSG00000276863	ENSG00000276863	GroupB_exclusive			TK91,TK92	SNV	0	2
ENSG00000277035	ENSG00000277035	GroupB_exclusive			TK91,TK92	SNV	0	2
ENSG00000277047	ENSG00000277047	GroupB_exclusive			TK10,TK18	SNV	0	2
ENSG00000277130	ENSG00000277130	GroupB_exclusive			TK10,TK92	SNV	0	2
ENSG00000277269	ENSG00000277269	GroupB_exclusive			TK91,TK93	SNV	0	2
ENSG00000277299	ENSG00000277299	GroupB_exclusive			TK10,TK92	SNV	0	2
ENSG00000277575	ENSG00000277575	GroupB_exclusive			TK92,TK93	SNV	0	2
ENSG00000277619	ENSG00000277619	GroupB_exclusive			TK91,TK92	SNV	0	2
ENSG00000277621	ENSG00000277621	GroupB_exclusive			TK92,TK93	SNV	0	2
ENSG00000277702	ENSG00000277702	GroupB_exclusive			TK91,TK93	SNV	0	2
ENSG00000277803	ENSG00000277803	GroupB_exclusive			TK10,TK18	SNV	0	2
ENSG00000277913	ENSG00000277913	GroupB_exclusive			TK12,TK92	SNV	0	2
ENSG00000277935	ENSG00000277935	GroupB_exclusive			TK91,TK92	SNV	0	2
ENSG00000278095	ENSG00000278095	GroupB_exclusive			TK12,TK92	SNV	0	2
ENSG00000278445	ENSG00000278445	GroupB_exclusive			TK92,TK93	SNV	0	2
ENSG00000278487	ENSG00000278487	GroupB_exclusive			TK91,TK93	SNV	0	2
ENSG00000278493	ENSG00000278493	GroupB_exclusive			TK10,TK92	SNV	0	2
ENSG00000278572	ENSG00000278572	GroupB_exclusive			TK91,TK92	INDEL,SNV	0	2
ENSG00000278607	ENSG00000278607	GroupB_exclusive			TK92,TK93	SNV	0	2
ENSG00000278627	ENSG00000278627	GroupB_exclusive			TK92,TK93	SNV	0	2
ENSG00000278713	ENSG00000278713	GroupB_exclusive			TK10,TK91	SNV	0	2
ENSG00000278863	ENSG00000278863	GroupB_exclusive			TK92,TK93	SNV	0	2
ENSG00000278878	ENSG00000278878	GroupB_exclusive			TK91,TK92	SNV	0	2
ENSG00000278891	ENSG00000278891	GroupB_exclusive			TK10,TK91	SNV	0	2
ENSG00000278893	ENSG00000278893	GroupB_exclusive			TK92,TK93	SNV	0	2
ENSG00000278901	ENSG00000278901	GroupB_exclusive			TK91,TK92	SNV	0	2
ENSG00000278998	ENSG00000278998	GroupB_exclusive			TK10,TK93	SNV	0	2
ENSG00000279031	ENSG00000279031	GroupB_exclusive			TK18,TK92	SNV	0	2
ENSG00000279121	ENSG00000279121	GroupB_exclusive			TK92,TK93	SNV	0	2
ENSG00000279147	ENSG00000279147	GroupB_exclusive			TK92,TK93	SNV	0	2
ENSG00000279176	ENSG00000279176	GroupB_exclusive			TK92,TK93	SNV	0	2
ENSG00000279202	ENSG00000279202	GroupB_exclusive			TK92,TK93	INDEL,SNV	0	2
ENSG00000279266	ENSG00000279266	GroupB_exclusive			TK91,TK92	SNV	0	2
ENSG00000279315	ENSG00000279315	GroupB_exclusive			TK91,TK93	SNV	0	2
ENSG00000279353	ENSG00000279353	GroupB_exclusive			TK12,TK92	SNV	0	2
ENSG00000279354	ENSG00000279354	GroupB_exclusive			TK92,TK93	SNV	0	2
ENSG00000279419	ENSG00000279419	GroupB_exclusive			TK91,TK93	SNV	0	2
ENSG00000279531	ENSG00000279531	GroupB_exclusive			TK92,TK93	SNV	0	2
ENSG00000279532	ENSG00000279532	GroupB_exclusive			TK10,TK91	SNV	0	2
ENSG00000279554	ENSG00000279554	GroupB_exclusive			TK91,TK92	SNV	0	2
ENSG00000279571	ENSG00000279571	GroupB_exclusive			TK10,TK12	SNV	0	2
ENSG00000279606	ENSG00000279606	GroupB_exclusive			TK91,TK92	SNV	0	2
ENSG00000279621	ENSG00000279621	GroupB_exclusive			TK10,TK92	SNV	0	2
ENSG00000279625	ENSG00000279625	GroupB_exclusive			TK92,TK93	INDEL,SNV	0	2
ENSG00000279638	ENSG00000279638	GroupB_exclusive			TK92,TK93	SNV	0	2
ENSG00000279640	ENSG00000279640	GroupB_exclusive			TK92,TK93	SNV	0	2
ENSG00000279662	ENSG00000279662	GroupB_exclusive			TK91,TK92	SNV	0	2
ENSG00000279665	ENSG00000279665	GroupB_exclusive			TK91,TK92	SNV	0	2
ENSG00000279706	ENSG00000279706	GroupB_exclusive			TK92,TK93	SNV	0	2
ENSG00000279724	ENSG00000279724	GroupB_exclusive			TK91,TK92	INDEL,SNV	0	2
ENSG00000279733	ENSG00000279733	GroupB_exclusive			TK91,TK93	SNV	0	2
ENSG00000279778	ENSG00000279778	GroupB_exclusive			TK91,TK92	SNV	0	2
ENSG00000279825	ENSG00000279825	GroupB_exclusive			TK10,TK92	SNV	0	2
ENSG00000279859	ENSG00000279859	GroupB_exclusive			TK10,TK93	SNV	0	2
ENSG00000279894	ENSG00000279894	GroupB_exclusive			TK91,TK93	SNV	0	2
ENSG00000279905	ENSG00000279905	GroupB_exclusive			TK91,TK92	SNV	0	2
ENSG00000279996	ENSG00000279996	GroupB_exclusive			TK91,TK92	SNV	0	2
ENSG00000280004	ENSG00000280004	GroupB_exclusive			TK91,TK92	SNV	0	2
ENSG00000280042	ENSG00000280042	GroupB_exclusive			TK12,TK93	SNV	0	2
ENSG00000280062	ENSG00000280062	GroupB_exclusive			TK10,TK93	SNV	0	2
ENSG00000280073	ENSG00000280073	GroupB_exclusive			TK10,TK93	SNV	0	2
ENSG00000280089	ENSG00000280089	GroupB_exclusive			TK91,TK92	INDEL	0	2
ENSG00000280103	ENSG00000280103	GroupB_exclusive			TK12,TK93	SNV	0	2
ENSG00000280105	ENSG00000280105	GroupB_exclusive			TK92,TK93	SNV	0	2
ENSG00000280137	ENSG00000280137	GroupB_exclusive			TK92,TK93	SNV	0	2
ENSG00000280183	ENSG00000280183	GroupB_exclusive			TK10,TK91	SNV	0	2
ENSG00000280217	ENSG00000280217	GroupB_exclusive			TK91,TK93	SNV	0	2
ENSG00000280231	ENSG00000280231	GroupB_exclusive			TK10,TK18	SNV	0	2
ENSG00000280232	ENSG00000280232	GroupB_exclusive			TK92,TK93	SNV	0	2
ENSG00000280270	ENSG00000280270	GroupB_exclusive			TK91,TK92	SNV	0	2
ENSG00000280274	ENSG00000280274	GroupB_exclusive			TK91,TK92	SNV	0	2
ENSG00000280295	ENSG00000280295	GroupB_exclusive			TK91,TK92	INDEL,SNV	0	2
ENSG00000280348	ENSG00000280348	GroupB_exclusive			TK91,TK92	SNV	0	2
ENSG00000280369	ENSG00000280369	GroupB_exclusive			TK10,TK18	SNV	0	2
ENSG00000280375	ENSG00000280375	GroupB_exclusive			TK92,TK93	SNV	0	2
ENSG00000280384	ENSG00000280384	GroupB_exclusive			TK92,TK93	INDEL,SNV	0	2
ENSG00000280400	ENSG00000280400	GroupB_exclusive			TK10,TK18	SNV	0	2
ENSG00000280404	ENSG00000280404	GroupB_exclusive			TK10,TK92	SNV	0	2
ENSG00000280422	ENSG00000280422	GroupB_exclusive			TK10,TK91	SNV	0	2
ENSG00000280432	ENSG00000280432	GroupB_exclusive			TK91,TK92	INDEL,SNV	0	2
ENSG00000280474	ENSG00000280474	GroupB_exclusive			TK92,TK93	INDEL,SNV	0	2
ENSG00000281181	ENSG00000281181	GroupB_exclusive			TK91,TK93	SNV	0	2
ENSG00000282012	ENSG00000282012	GroupB_exclusive			TK91,TK92	INDEL,SNV	0	2
ENSG00000282339	ENSG00000282339	GroupB_exclusive			TK12,TK18	SNV	0	2
ENSG00000282840	ENSG00000282840	GroupB_exclusive			TK92,TK93	INDEL,SNV	0	2
ENSG00000283255	ENSG00000283255	GroupB_exclusive			TK91,TK92	SNV	0	2
ENSG00000283273	ENSG00000283273	GroupB_exclusive			TK18,TK93	SNV	0	2
ENSG00000283303	ENSG00000283303	GroupB_exclusive			TK91,TK93	SNV	0	2
ENSG00000283341	ENSG00000283341	GroupB_exclusive			TK91,TK92	SNV	0	2
ENSG00000283355	ENSG00000283355	GroupB_exclusive			TK92,TK93	SNV	0	2
ENSG00000283384	ENSG00000283384	GroupB_exclusive			TK18,TK92	SNV	0	2
ENSG00000283445	ENSG00000283445	GroupB_exclusive			TK10,TK92	SNV	0	2
ENSG00000283541	ENSG00000283541	GroupB_exclusive			TK91,TK92	SNV	0	2
ENSG00000283608	ENSG00000283608	GroupB_exclusive			TK18,TK92	SNV	0	2
ENSG00000283653	ENSG00000283653	GroupB_exclusive			TK92,TK93	INDEL,SNV	0	2
ENSG00000283674	ENSG00000283674	GroupB_exclusive			TK91,TK92	SNV	0	2
ENSG00000283692	ENSG00000283692	GroupB_exclusive			TK10,TK92	SNV	0	2
ENSG00000283752	ENSG00000283752	GroupB_exclusive			TK10,TK93	SNV	0	2
ENSG00000283914	ENSG00000283914	GroupB_exclusive			TK91,TK92	SNV	0	2
ENSG00000284003	ENSG00000284003	GroupB_exclusive			TK91,TK92	SNV	0	2
ENSG00000284636	ENSG00000284636	GroupB_exclusive			TK92,TK93	SNV	0	2
ENSG00000284639	ENSG00000284639	GroupB_exclusive			TK91,TK92	SNV	0	2
ENSG00000284728	ENSG00000284728	GroupB_exclusive			TK10,TK93	INDEL,SNV	0	2
ENSG00000284748	ENSG00000284748	GroupB_exclusive			TK91,TK92	SNV	0	2
ENSG00000284779	ENSG00000284779	GroupB_exclusive			TK10,TK18	INDEL,SNV	0	2
ENSG00000284902	ENSG00000284902	GroupB_exclusive			TK91,TK92	SNV	0	2
ENSG00000285486	ENSG00000285486	GroupB_exclusive			TK10,TK93	SNV	0	2
ENSG00000285525	ENSG00000285525	GroupB_exclusive			TK10,TK92	SNV	0	2
ENSG00000285529	ENSG00000285529	GroupB_exclusive			TK18,TK91	INDEL,SNV	0	2
ENSG00000285563	ENSG00000285563	GroupB_exclusive			TK10,TK91	SNV	0	2
ENSG00000285580	ENSG00000285580	GroupB_exclusive			TK91,TK92	SNV	0	2
ENSG00000285585	ENSG00000285585	GroupB_exclusive			TK12,TK92	SNV	0	2
ENSG00000285598	ENSG00000285598	GroupB_exclusive			TK91,TK92	SNV	0	2
ENSG00000285636	ENSG00000285636	GroupB_exclusive			TK91,TK92	INDEL,SNV	0	2
ENSG00000285652	ENSG00000285652	GroupB_exclusive			TK91,TK92	SNV	0	2
ENSG00000285695	ENSG00000285695	GroupB_exclusive			TK10,TK12	INDEL,SNV	0	2
ENSG00000285729	ENSG00000285729	GroupB_exclusive			TK18,TK91	SNV	0	2
ENSG00000285734	ENSG00000285734	GroupB_exclusive			TK18,TK92	SNV	0	2
ENSG00000285759	ENSG00000285759	GroupB_exclusive			TK18,TK92	SNV	0	2
ENSG00000285763	ENSG00000285763	GroupB_exclusive			TK18,TK91	INDEL,SNV	0	2
ENSG00000285778	ENSG00000285778	GroupB_exclusive			TK91,TK93	SNV	0	2
ENSG00000285829	ENSG00000285829	GroupB_exclusive			TK92,TK93	INDEL,SNV	0	2
ENSG00000285852	ENSG00000285852	GroupB_exclusive			TK10,TK92	SNV	0	2
ENSG00000285861	ENSG00000285861	GroupB_exclusive			TK10,TK18	INDEL,SNV	0	2
ENSG00000285877	ENSG00000285877	GroupB_exclusive			TK10,TK93	INDEL,SNV	0	2
ENSG00000285879	ENSG00000285879	GroupB_exclusive			TK91,TK92	SNV	0	2
ENSG00000285902	ENSG00000285902	GroupB_exclusive			TK91,TK93	SNV	0	2
ENSG00000285939	ENSG00000285939	GroupB_exclusive			TK91,TK92	INDEL,SNV	0	2
ENSG00000286058	ENSG00000286058	GroupB_exclusive			TK10,TK18	SNV	0	2
ENSG00000286060	ENSG00000286060	GroupB_exclusive			TK18,TK92	SNV	0	2
ENSG00000286063	ENSG00000286063	GroupB_exclusive			TK18,TK92	SNV	0	2
ENSG00000286097	ENSG00000286097	GroupB_exclusive			TK91,TK92	SNV	0	2
ENSG00000286111	ENSG00000286111	GroupB_exclusive			TK10,TK92	SNV	0	2
ENSG00000286134	ENSG00000286134	GroupB_exclusive			TK18,TK92	SNV	0	2
ENSG00000286142	ENSG00000286142	GroupB_exclusive			TK92,TK93	SNV	0	2
ENSG00000286226	ENSG00000286226	GroupB_exclusive			TK91,TK92	SNV	0	2
ENSG00000286279	ENSG00000286279	GroupB_exclusive			TK18,TK93	SNV	0	2
ENSG00000286281	ENSG00000286281	GroupB_exclusive			TK92,TK93	SNV	0	2
ENSG00000286282	ENSG00000286282	GroupB_exclusive			TK10,TK18	SNV	0	2
ENSG00000286312	ENSG00000286312	GroupB_exclusive			TK92,TK93	SNV	0	2
ENSG00000286342	ENSG00000286342	GroupB_exclusive			TK12,TK92	SNV	0	2
ENSG00000286345	ENSG00000286345	GroupB_exclusive			TK91,TK93	SNV	0	2
ENSG00000286422	ENSG00000286422	GroupB_exclusive			TK10,TK93	SNV	0	2
ENSG00000286423	ENSG00000286423	GroupB_exclusive			TK10,TK18	INDEL,SNV	0	2
ENSG00000286441	ENSG00000286441	GroupB_exclusive			TK92,TK93	SNV	0	2
ENSG00000286449	ENSG00000286449	GroupB_exclusive			TK10,TK12	SNV	0	2
ENSG00000286460	ENSG00000286460	GroupB_exclusive			TK18,TK92	SNV	0	2
ENSG00000286464	ENSG00000286464	GroupB_exclusive			TK91,TK92	SNV	0	2
ENSG00000286475	ENSG00000286475	GroupB_exclusive			TK91,TK93	SNV	0	2
ENSG00000286524	ENSG00000286524	GroupB_exclusive			TK92,TK93	SNV	0	2
ENSG00000286538	ENSG00000286538	GroupB_exclusive			TK18,TK92	SNV	0	2
ENSG00000286541	ENSG00000286541	GroupB_exclusive			TK10,TK92	SNV	0	2
ENSG00000286556	ENSG00000286556	GroupB_exclusive			TK91,TK92	SNV	0	2
ENSG00000286582	ENSG00000286582	GroupB_exclusive			TK10,TK93	SNV	0	2
ENSG00000286594	ENSG00000286594	GroupB_exclusive			TK10,TK18	INDEL,SNV	0	2
ENSG00000286607	ENSG00000286607	GroupB_exclusive			TK92,TK93	INDEL,SNV	0	2
ENSG00000286635	ENSG00000286635	GroupB_exclusive			TK91,TK92	SNV	0	2
ENSG00000286637	ENSG00000286637	GroupB_exclusive			TK92,TK93	SNV	0	2
ENSG00000286669	ENSG00000286669	GroupB_exclusive			TK18,TK92	SNV	0	2
ENSG00000286767	ENSG00000286767	GroupB_exclusive			TK91,TK92	SNV	0	2
ENSG00000286773	ENSG00000286773	GroupB_exclusive			TK10,TK92	SNV	0	2
ENSG00000286778	ENSG00000286778	GroupB_exclusive			TK18,TK92	SNV	0	2
ENSG00000286821	ENSG00000286821	GroupB_exclusive			TK92,TK93	SNV	0	2
ENSG00000286838	ENSG00000286838	GroupB_exclusive			TK92,TK93	SNV	0	2
ENSG00000286867	ENSG00000286867	GroupB_exclusive			TK10,TK18	SNV	0	2
ENSG00000286896	ENSG00000286896	GroupB_exclusive			TK10,TK92	SNV	0	2
ENSG00000286919	ENSG00000286919	GroupB_exclusive			TK91,TK93	SNV	0	2
ENSG00000286922	ENSG00000286922	GroupB_exclusive			TK12,TK18	INDEL,SNV	0	2
ENSG00000286932	ENSG00000286932	GroupB_exclusive			TK10,TK91	SNV	0	2
ENSG00000286937	ENSG00000286937	GroupB_exclusive			TK10,TK91	SNV	0	2
ENSG00000286938	ENSG00000286938	GroupB_exclusive			TK10,TK93	SNV	0	2
ENSG00000286947	ENSG00000286947	GroupB_exclusive			TK92,TK93	SNV	0	2
ENSG00000286966	ENSG00000286966	GroupB_exclusive			TK92,TK93	SNV	0	2
ENSG00000286976	ENSG00000286976	GroupB_exclusive			TK10,TK91	SNV	0	2
ENSG00000286982	ENSG00000286982	GroupB_exclusive			TK92,TK93	SNV	0	2
ENSG00000286983	ENSG00000286983	GroupB_exclusive			TK91,TK93	SNV	0	2
ENSG00000287007	ENSG00000287007	GroupB_exclusive			TK18,TK92	SNV	0	2
ENSG00000287018	ENSG00000287018	GroupB_exclusive			TK10,TK91	SNV	0	2
ENSG00000287065	ENSG00000287065	GroupB_exclusive			TK10,TK18	SNV	0	2
ENSG00000287097	ENSG00000287097	GroupB_exclusive			TK92,TK93	INDEL,SNV	0	2
ENSG00000287134	ENSG00000287134	GroupB_exclusive			TK18,TK92	SNV	0	2
ENSG00000287155	ENSG00000287155	GroupB_exclusive			TK91,TK93	INDEL,SNV	0	2
ENSG00000287169	ENSG00000287169	GroupB_exclusive			TK91,TK93	SNV	0	2
ENSG00000287182	ENSG00000287182	GroupB_exclusive			TK92,TK93	SNV	0	2
ENSG00000287183	ENSG00000287183	GroupB_exclusive			TK91,TK92	SNV	0	2
ENSG00000287185	ENSG00000287185	GroupB_exclusive			TK10,TK93	SNV	0	2
ENSG00000287205	ENSG00000287205	GroupB_exclusive			TK10,TK91	SNV	0	2
ENSG00000287254	ENSG00000287254	GroupB_exclusive			TK10,TK93	SNV	0	2
ENSG00000287256	ENSG00000287256	GroupB_exclusive			TK10,TK91	INDEL,SNV	0	2
ENSG00000287266	ENSG00000287266	GroupB_exclusive			TK92,TK93	INDEL,SNV	0	2
ENSG00000287300	ENSG00000287300	GroupB_exclusive			TK92,TK93	SNV	0	2
ENSG00000287303	ENSG00000287303	GroupB_exclusive			TK91,TK92	SNV	0	2
ENSG00000287336	ENSG00000287336	GroupB_exclusive			TK18,TK92	INDEL,SNV	0	2
ENSG00000287366	ENSG00000287366	GroupB_exclusive			TK10,TK91	SNV	0	2
ENSG00000287370	ENSG00000287370	GroupB_exclusive			TK91,TK93	SNV	0	2
ENSG00000287373	ENSG00000287373	GroupB_exclusive			TK10,TK92	SNV	0	2
ENSG00000287374	ENSG00000287374	GroupB_exclusive			TK10,TK91	INDEL,SNV	0	2
ENSG00000287392	ENSG00000287392	GroupB_exclusive			TK91,TK92	INDEL,SNV	0	2
ENSG00000287403	ENSG00000287403	GroupB_exclusive			TK91,TK93	SNV	0	2
ENSG00000287417	ENSG00000287417	GroupB_exclusive			TK92,TK93	SNV	0	2
ENSG00000287420	ENSG00000287420	GroupB_exclusive			TK18,TK92	SNV	0	2
ENSG00000287426	ENSG00000287426	GroupB_exclusive			TK91,TK92	SNV	0	2
ENSG00000287430	ENSG00000287430	GroupB_exclusive			TK91,TK92	SNV	0	2
ENSG00000287470	ENSG00000287470	GroupB_exclusive			TK10,TK92	SNV	0	2
ENSG00000287479	ENSG00000287479	GroupB_exclusive			TK10,TK93	SNV	0	2
ENSG00000287481	ENSG00000287481	GroupB_exclusive			TK92,TK93	INDEL,SNV	0	2
ENSG00000287486	ENSG00000287486	GroupB_exclusive			TK18,TK93	SNV	0	2
ENSG00000287510	ENSG00000287510	GroupB_exclusive			TK10,TK92	SNV	0	2
ENSG00000287524	ENSG00000287524	GroupB_exclusive			TK91,TK92	INDEL,SNV	0	2
ENSG00000287527	ENSG00000287527	GroupB_exclusive			TK10,TK92	SNV	0	2
ENSG00000287549	ENSG00000287549	GroupB_exclusive			TK91,TK92	SNV	0	2
ENSG00000287557	ENSG00000287557	GroupB_exclusive			TK92,TK93	SNV	0	2
ENSG00000287613	ENSG00000287613	GroupB_exclusive			TK91,TK92	INDEL,SNV	0	2
ENSG00000287633	ENSG00000287633	GroupB_exclusive			TK91,TK92	SNV	0	2
ENSG00000287649	ENSG00000287649	GroupB_exclusive			TK92,TK93	SNV	0	2
ENSG00000287651	ENSG00000287651	GroupB_exclusive			TK10,TK91	SNV	0	2
ENSG00000287658	ENSG00000287658	GroupB_exclusive			TK10,TK91	INDEL,SNV	0	2
ENSG00000287680	ENSG00000287680	GroupB_exclusive			TK92,TK93	SNV	0	2
ENSG00000287690	ENSG00000287690	GroupB_exclusive			TK91,TK93	SNV	0	2
ENSG00000287695	ENSG00000287695	GroupB_exclusive			TK91,TK93	SNV	0	2
ENSG00000287714	ENSG00000287714	GroupB_exclusive			TK91,TK92	SNV	0	2
ENSG00000287718	ENSG00000287718	GroupB_exclusive			TK92,TK93	SNV	0	2
ENSG00000287747	ENSG00000287747	GroupB_exclusive			TK12,TK92	SNV	0	2
ENSG00000287748	ENSG00000287748	GroupB_exclusive			TK12,TK91	SNV	0	2
ENSG00000287749	ENSG00000287749	GroupB_exclusive			TK10,TK93	SNV	0	2
ENSG00000287767	ENSG00000287767	GroupB_exclusive			TK92,TK93	SNV	0	2
ENSG00000287776	ENSG00000287776	GroupB_exclusive			TK10,TK93	SNV	0	2
ENSG00000287787	ENSG00000287787	GroupB_exclusive			TK10,TK92	SNV	0	2
ENSG00000287804	ENSG00000287804	GroupB_exclusive			TK10,TK92	SNV	0	2
ENSG00000287805	ENSG00000287805	GroupB_exclusive			TK10,TK92	INDEL,SNV	0	2
ENSG00000287814	ENSG00000287814	GroupB_exclusive			TK10,TK92	INDEL,SNV	0	2
ENSG00000287820	ENSG00000287820	GroupB_exclusive			TK91,TK92	SNV	0	2
ENSG00000287844	ENSG00000287844	GroupB_exclusive			TK10,TK91	SNV	0	2
ENSG00000287847	ENSG00000287847	GroupB_exclusive			TK91,TK92	INDEL,SNV	0	2
ENSG00000287853	ENSG00000287853	GroupB_exclusive			TK92,TK93	SNV	0	2
ENSG00000287854	ENSG00000287854	GroupB_exclusive			TK10,TK92	SNV	0	2
ENSG00000287861	ENSG00000287861	GroupB_exclusive			TK12,TK92	SNV	0	2
ENSG00000287870	ENSG00000287870	GroupB_exclusive			TK10,TK92	SNV	0	2
ENSG00000287872	ENSG00000287872	GroupB_exclusive			TK92,TK93	SNV	0	2
ENSG00000287873	ENSG00000287873	GroupB_exclusive			TK18,TK91	SNV	0	2
ENSG00000287880	ENSG00000287880	GroupB_exclusive			TK10,TK91	SNV	0	2
ENSG00000287897	ENSG00000287897	GroupB_exclusive			TK92,TK93	SNV	0	2
ENSG00000287899	ENSG00000287899	GroupB_exclusive			TK91,TK92	SNV	0	2
ENSG00000287904	ENSG00000287904	GroupB_exclusive			TK91,TK92	SNV	0	2
ENSG00000287940	ENSG00000287940	GroupB_exclusive			TK91,TK92	SNV	0	2
ENSG00000287955	ENSG00000287955	GroupB_exclusive			TK10,TK91	SNV	0	2
ENSG00000287959	ENSG00000287959	GroupB_exclusive			TK18,TK92	SNV	0	2
ENSG00000287960	ENSG00000287960	GroupB_exclusive			TK18,TK91	SNV	0	2
ENSG00000287991	ENSG00000287991	GroupB_exclusive			TK92,TK93	SNV	0	2
ENSG00000288007	ENSG00000288007	GroupB_exclusive			TK10,TK18	SNV	0	2
ENSG00000288037	ENSG00000288037	GroupB_exclusive			TK10,TK18	SNV	0	2
ENSG00000288041	ENSG00000288041	GroupB_exclusive			TK18,TK91	SNV	0	2
ENSG00000288049	ENSG00000288049	GroupB_exclusive			TK10,TK18	SNV	0	2
ENSG00000288051	ENSG00000288051	GroupB_exclusive			TK10,TK92	SNV	0	2
ENSG00000288105	ENSG00000288105	GroupB_exclusive			TK10,TK92	SNV	0	2
ENSG00000288106	ENSG00000288106	GroupB_exclusive			TK92,TK93	SNV	0	2
ENSG00000288109	ENSG00000288109	GroupB_exclusive			TK91,TK93	SNV	0	2
ENSG00000288110	ENSG00000288110	GroupB_exclusive			TK10,TK91	SNV	0	2
ENSG00000288271	ENSG00000288271	GroupB_exclusive			TK18,TK91	SNV	0	2
ENSG00000288540	ENSG00000288540	GroupB_exclusive			TK91,TK93	SNV	0	2
ENSG00000288685	ENSG00000288685	GroupB_exclusive			TK92,TK93	SNV	0	2
ENSG00000288737	ENSG00000288737	GroupB_exclusive			TK91,TK92	SNV	0	2
ENSG00000288760	ENSG00000288760	GroupB_exclusive			TK10,TK92	SNV	0	2
ENSG00000288762	ENSG00000288762	GroupB_exclusive			TK91,TK92	INDEL,SNV	0	2
ENSG00000288779	ENSG00000288779	GroupB_exclusive			TK18,TK92	SNV	0	2
ENSG00000288788	ENSG00000288788	GroupB_exclusive			TK12,TK18	INDEL,SNV	0	2
ENSG00000288817	ENSG00000288817	GroupB_exclusive			TK18,TK91	SNV	0	2
ENSG00000288855	ENSG00000288855	GroupB_exclusive			TK91,TK93	SNV	0	2
ENSG00000288857	ENSG00000288857	GroupB_exclusive			TK10,TK92	SNV	0	2
ENSG00000288881	ENSG00000288881	GroupB_exclusive			TK91,TK92	INDEL,SNV	0	2
ENSG00000288886	ENSG00000288886	GroupB_exclusive			TK91,TK92	SNV	0	2
ENSG00000288895	ENSG00000288895	GroupB_exclusive			TK92,TK93	SNV	0	2
ENSG00000288897	ENSG00000288897	GroupB_exclusive			TK91,TK92	SNV	0	2
ENSG00000288921	ENSG00000288921	GroupB_exclusive			TK91,TK92	SNV	0	2
ENSG00000288923	ENSG00000288923	GroupB_exclusive			TK92,TK93	SNV	0	2
ENSG00000288927	ENSG00000288927	GroupB_exclusive			TK92,TK93	SNV	0	2
ENSG00000288941	ENSG00000288941	GroupB_exclusive			TK91,TK92	SNV	0	2
ENSG00000288982	ENSG00000288982	GroupB_exclusive			TK10,TK91	INDEL,SNV	0	2
ENSG00000288986	ENSG00000288986	GroupB_exclusive			TK91,TK92	SNV	0	2
ENSG00000288995	ENSG00000288995	GroupB_exclusive			TK92,TK93	SNV	0	2
ENSG00000289059	ENSG00000289059	GroupB_exclusive			TK92,TK93	INDEL,SNV	0	2
ENSG00000289063	ENSG00000289063	GroupB_exclusive			TK18,TK92	SNV	0	2
ENSG00000289065	ENSG00000289065	GroupB_exclusive			TK10,TK12	SNV	0	2
ENSG00000289069	ENSG00000289069	GroupB_exclusive			TK91,TK92	SNV	0	2
ENSG00000289087	ENSG00000289087	GroupB_exclusive			TK10,TK92	SNV	0	2
ENSG00000289090	ENSG00000289090	GroupB_exclusive			TK10,TK92	SNV	0	2
ENSG00000289100	ENSG00000289100	GroupB_exclusive			TK92,TK93	SNV	0	2
ENSG00000289115	ENSG00000289115	GroupB_exclusive			TK12,TK91	INDEL,SNV	0	2
ENSG00000289118	ENSG00000289118	GroupB_exclusive			TK10,TK93	SNV	0	2
ENSG00000289136	ENSG00000289136	GroupB_exclusive			TK92,TK93	SNV	0	2
ENSG00000289152	ENSG00000289152	GroupB_exclusive			TK10,TK18	SNV	0	2
ENSG00000289188	ENSG00000289188	GroupB_exclusive			TK91,TK92	INDEL,SNV	0	2
ENSG00000289193	ENSG00000289193	GroupB_exclusive			TK10,TK93	INDEL,SNV	0	2
ENSG00000289209	ENSG00000289209	GroupB_exclusive			TK18,TK93	SNV	0	2
ENSG00000289249	ENSG00000289249	GroupB_exclusive			TK91,TK92	SNV	0	2
ENSG00000289262	ENSG00000289262	GroupB_exclusive			TK10,TK91	SNV	0	2
ENSG00000289354	ENSG00000289354	GroupB_exclusive			TK10,TK12	SNV	0	2
ENSG00000289389	ENSG00000289389	GroupB_exclusive			TK91,TK92	INDEL,SNV	0	2
ENSG00000289441	ENSG00000289441	GroupB_exclusive			TK91,TK92	SNV	0	2
ENSG00000289455	ENSG00000289455	GroupB_exclusive			TK12,TK92	INDEL,SNV	0	2
ENSG00000289505	ENSG00000289505	GroupB_exclusive			TK10,TK93	SNV	0	2
ENSG00000289525	ENSG00000289525	GroupB_exclusive			TK91,TK92	SNV	0	2
ENSG00000289527	ENSG00000289527	GroupB_exclusive			TK10,TK91	SNV	0	2
ENSG00000289540	ENSG00000289540	GroupB_exclusive			TK12,TK91	SNV	0	2
ENSG00000289559	ENSG00000289559	GroupB_exclusive			TK10,TK93	SNV	0	2
ENSG00000289602	ENSG00000289602	GroupB_exclusive			TK10,TK93	SNV	0	2
ENSG00000289637	ENSG00000289637	GroupB_exclusive			TK91,TK92	INDEL,SNV	0	2
ENSG00000289643	ENSG00000289643	GroupB_exclusive			TK91,TK93	INDEL,SNV	0	2
ENSG00000289703	ENSG00000289703	GroupB_exclusive			TK91,TK93	SNV	0	2
ENSG00000289704	ENSG00000289704	GroupB_exclusive			TK92,TK93	SNV	0	2
ENSG00000289707	ENSG00000289707	GroupB_exclusive			TK91,TK93	SNV	0	2
ENSG00000289735	ENSG00000289735	GroupB_exclusive			TK92,TK93	SNV	0	2
ENSG00000289736	ENSG00000289736	GroupB_exclusive			TK92,TK93	INDEL,SNV	0	2
ENSG00000289814	ENSG00000289814	GroupB_exclusive			TK92,TK93	SNV	0	2
ENSG00000289832	ENSG00000289832	GroupB_exclusive			TK91,TK92	SNV	0	2
ENSG00000289835	ENSG00000289835	GroupB_exclusive			TK18,TK92	INDEL,SNV	0	2
ENSG00000289837	ENSG00000289837	GroupB_exclusive			TK18,TK92	SNV	0	2
ENSG00000289840	ENSG00000289840	GroupB_exclusive			TK10,TK92	INDEL,SNV	0	2
ENSG00000289863	ENSG00000289863	GroupB_exclusive			TK12,TK18	SNV	0	2
ENSG00000289864	ENSG00000289864	GroupB_exclusive			TK91,TK92	INDEL,SNV	0	2
ENSG00000289881	ENSG00000289881	GroupB_exclusive			TK91,TK93	SNV	0	2
ENSG00000289907	ENSG00000289907	GroupB_exclusive			TK92,TK93	SNV	0	2
ENSG00000289934	ENSG00000289934	GroupB_exclusive			TK12,TK91	SNV	0	2
ENSG00000289938	ENSG00000289938	GroupB_exclusive			TK92,TK93	SNV	0	2
ENSG00000289972	ENSG00000289972	GroupB_exclusive			TK92,TK93	SNV	0	2
ENSG00000289982	ENSG00000289982	GroupB_exclusive			TK92,TK93	INDEL,SNV	0	2
ENSG00000290018	ENSG00000290018	GroupB_exclusive			TK18,TK93	INDEL,SNV	0	2
ENSG00000290044	ENSG00000290044	GroupB_exclusive			TK18,TK93	SNV	0	2
ENSG00000290064	ENSG00000290064	GroupB_exclusive			TK91,TK93	SNV	0	2
ENSG00000290066	ENSG00000290066	GroupB_exclusive			TK92,TK93	SNV	0	2
ENSG00000290071	ENSG00000290071	GroupB_exclusive			TK92,TK93	SNV	0	2
ENSG00000290087	ENSG00000290087	GroupB_exclusive			TK10,TK92	SNV	0	2
ENSG00000290122	ENSG00000290122	GroupB_exclusive			TK91,TK93	SNV	0	2
ENSG00000290149	ENSG00000290149	GroupB_exclusive			TK10,TK92	SNV	0	2
ENSG00000290385	ENSG00000290385	GroupB_exclusive			TK92,TK93	SNV	0	2
ENSG00000290400	ENSG00000290400	GroupB_exclusive			TK92,TK93	SNV	0	2
ENSG00000290564	ENSG00000290564	GroupB_exclusive			TK91,TK92	SNV	0	2
ENSG00000290568	ENSG00000290568	GroupB_exclusive			TK91,TK93	SNV	0	2
ENSG00000290612	ENSG00000290612	GroupB_exclusive			TK91,TK92	SNV	0	2
ENSG00000290835	ENSG00000290835	GroupB_exclusive			TK91,TK92	INDEL,SNV	0	2
ENSG00000290843	ENSG00000290843	GroupB_exclusive			TK91,TK92	SNV	0	2
ENSG00000290850	ENSG00000290850	GroupB_exclusive			TK91,TK92	SNV	0	2
ENSG00000290863	ENSG00000290863	GroupB_exclusive			TK18,TK92	SNV	0	2
ENSG00000290893	ENSG00000290893	GroupB_exclusive			TK10,TK92	SNV	0	2
ENSG00000290895	ENSG00000290895	GroupB_exclusive			TK91,TK92	SNV	0	2
ENSG00000290900	ENSG00000290900	GroupB_exclusive			TK10,TK92	SNV	0	2
ENSG00000290902	ENSG00000290902	GroupB_exclusive			TK91,TK93	SNV	0	2
ENSG00000290905	ENSG00000290905	GroupB_exclusive			TK10,TK92	SNV	0	2
ENSG00000290908	ENSG00000290908	GroupB_exclusive			TK91,TK92	SNV	0	2
ENSG00000290922	ENSG00000290922	GroupB_exclusive			TK12,TK92	SNV	0	2
ENSG00000290941	ENSG00000290941	GroupB_exclusive			TK91,TK92	SNV	0	2
ENSG00000290967	ENSG00000290967	GroupB_exclusive			TK10,TK91	SNV	0	2
ENSG00000290969	ENSG00000290969	GroupB_exclusive			TK92,TK93	INDEL,SNV	0	2
ENSG00000290979	ENSG00000290979	GroupB_exclusive			TK91,TK93	SNV	0	2
ENSG00000290981	ENSG00000290981	GroupB_exclusive			TK10,TK92	INDEL,SNV	0	2
ENSG00000291007	ENSG00000291007	GroupB_exclusive			TK91,TK92	SNV	0	2
ENSG00000291020	ENSG00000291020	GroupB_exclusive			TK92,TK93	SNV	0	2
ENSG00000291034	ENSG00000291034	GroupB_exclusive			TK91,TK92	SNV	0	2
ENSG00000291060	ENSG00000291060	GroupB_exclusive			TK91,TK92	SNV	0	2
ENSG00000291098	ENSG00000291098	GroupB_exclusive			TK12,TK92	SNV	0	2
ENSG00000291113	ENSG00000291113	GroupB_exclusive			TK92,TK93	SNV	0	2
ENSG00000291121	ENSG00000291121	GroupB_exclusive			TK18,TK93	SNV	0	2
ENSG00000291167	ENSG00000291167	GroupB_exclusive			TK91,TK92	SNV	0	2
ENSG00000291180	ENSG00000291180	GroupB_exclusive			TK91,TK92	INDEL,SNV	0	2
ENSG00000291210	ENSG00000291210	GroupB_exclusive			TK10,TK93	SNV	0	2
ENSG00000291234	ENSG00000291234	GroupB_exclusive			TK10,TK93	SNV	0	2
ENSG00000291246	ENSG00000291246	GroupB_exclusive			TK10,TK91	SNV	0	2
ENSG00000291253	ENSG00000291253	GroupB_exclusive			TK10,TK93	SNV	0	2
ENSG00000291275	ENSG00000291275	GroupB_exclusive			TK91,TK92	SNV	0	2
ENSG00000291279	ENSG00000291279	GroupB_exclusive			TK10,TK92	SNV	0	2
ENSG00000291288	ENSG00000291288	GroupB_exclusive			TK92,TK93	SNV	0	2
ENSG00000181101	ENTR1P2	GroupB_exclusive			TK91,TK93	SNV	0	2
ENSG00000250846	EPHA5-AS1	GroupB_exclusive			TK91,TK92	SNV	0	2
ENSG00000249082	EPIST	GroupB_exclusive			TK18,TK92	SNV	0	2
ENSG00000123576	ESX1	GroupB_exclusive			TK91,TK92	SNV	0	2
ENSG00000233833	ETF1P3	GroupB_exclusive			TK91,TK92	SNV	0	2
ENSG00000196405	EVL	GroupB_exclusive			TK10,TK92	INDEL,SNV	0	2
ENSG00000243635	EZRP1	GroupB_exclusive			TK12,TK18	SNV	0	2
ENSG00000288722	F8A1	GroupB_exclusive			TK10,TK93	SNV	0	2
ENSG00000232022	FAAHP1	GroupB_exclusive			TK10,TK12	SNV	0	2
ENSG00000170231	FABP6	GroupB_exclusive			TK92,TK93	SNV	0	2
ENSG00000257302	FAHD2P1	GroupB_exclusive			TK91,TK93	SNV	0	2
ENSG00000287751	FAM106B	GroupB_exclusive			TK91,TK92	SNV	0	2
ENSG00000224349	FAM135A-AS1	GroupB_exclusive			TK18,TK92	SNV	0	2
ENSG00000232654	FAM136BP	GroupB_exclusive			TK10,TK93	SNV	0	2
ENSG00000282572	FAM157D	GroupB_exclusive			TK10,TK92	SNV	0	2
ENSG00000183807	FAM162B	GroupB_exclusive			TK91,TK92	SNV	0	2
ENSG00000184608	FAM167A-AS1	GroupB_exclusive			TK10,TK93	SNV	0	2
ENSG00000187791	FAM205C	GroupB_exclusive			TK10,TK93	SNV	0	2
ENSG00000290956	FAM21EP	GroupB_exclusive			TK91,TK93	SNV	0	2
ENSG00000237840	FAM21FP	GroupB_exclusive			TK91,TK92	SNV	0	2
ENSG00000176007	FAM220BP	GroupB_exclusive			TK10,TK92	INDEL,SNV	0	2
ENSG00000287889	FAM242B	GroupB_exclusive			TK91,TK92	SNV	0	2
ENSG00000227888	FAM66A	GroupB_exclusive			TK92,TK93	SNV	0	2
ENSG00000225725	FAM66E	GroupB_exclusive			TK10,TK18	SNV	0	2
ENSG00000168143	FAM83B	GroupB_exclusive			TK10,TK12	SNV	0	2
ENSG00000284842	FAM91A2P	GroupB_exclusive			TK10,TK92	SNV	0	2
ENSG00000231534	FBXO36-IT1	GroupB_exclusive			TK91,TK92	SNV	0	2
ENSG00000132004	FBXW9	GroupB_exclusive			TK10,TK12	SNV	0	2
ENSG00000142748	FCN3	GroupB_exclusive			TK91,TK92	SNV	0	2
ENSG00000258872	FDPSP3	GroupB_exclusive			TK10,TK18	INDEL,SNV	0	2
ENSG00000215873	FEN1P1	GroupB_exclusive			TK18,TK92	SNV	0	2
ENSG00000186188	FFAR4	GroupB_exclusive			TK91,TK92	SNV	0	2
ENSG00000231383	FGF12-AS1	GroupB_exclusive			TK91,TK92	SNV	0	2
ENSG00000233485	FHAD1-AS1	GroupB_exclusive			TK10,TK92	SNV	0	2
ENSG00000275620	FLJ16779	GroupB_exclusive			TK18,TK92	SNV	0	2
ENSG00000165457	FOLR2	GroupB_exclusive			TK92,TK93	INDEL,SNV	0	2
ENSG00000176318	FOXN3P1	GroupB_exclusive			TK92,TK93	SNV	0	2
ENSG00000176302	FOXR1	GroupB_exclusive			TK12,TK18	SNV	0	2
ENSG00000170820	FSHR	GroupB_exclusive			TK10,TK91	SNV	0	2
ENSG00000237338	FTCD-AS1	GroupB_exclusive			TK10,TK92	SNV	0	2
ENSG00000242992	FTH1P4	GroupB_exclusive			TK91,TK92	SNV	0	2
ENSG00000226491	FTOP1	GroupB_exclusive			TK92,TK93	SNV	0	2
ENSG00000255245	FXYD6-FXYD2	GroupB_exclusive			TK12,TK92	SNV	0	2
ENSG00000235964	FXYD6P2	GroupB_exclusive			TK12,TK93	SNV	0	2
ENSG00000279980	GABARAPL3	GroupB_exclusive			TK92,TK93	SNV	0	2
ENSG00000022355	GABRA1	GroupB_exclusive			TK91,TK92	SNV	0	2
ENSG00000109158	GABRA4	GroupB_exclusive			TK91,TK92	SNV	0	2
ENSG00000186297	GABRA5	GroupB_exclusive			TK10,TK91	SNV	0	2
ENSG00000232991	GACAT1	GroupB_exclusive			TK92,TK93	SNV	0	2
ENSG00000215274	GAGE10	GroupB_exclusive			TK10,TK18	SNV	0	2
ENSG00000154252	GAL3ST2	GroupB_exclusive			TK10,TK93	INDEL,SNV	0	2
ENSG00000236811	GAPDHP2	GroupB_exclusive			TK92,TK93	SNV	0	2
ENSG00000250982	GAPDHP35	GroupB_exclusive			TK10,TK93	SNV	0	2
ENSG00000226769	GAPDHP54	GroupB_exclusive			TK92,TK93	INDEL,SNV	0	2
ENSG00000266835	GAPLINC	GroupB_exclusive			TK92,TK93	SNV	0	2
ENSG00000290525	GBP1P1	GroupB_exclusive			TK10,TK12	SNV	0	2
ENSG00000145321	GC	GroupB_exclusive			TK91,TK92	SNV	0	2
ENSG00000272808	GCAWKR	GroupB_exclusive			TK10,TK18	SNV	0	2
ENSG00000111846	GCNT2	GroupB_exclusive			TK91,TK92	SNV	0	2
ENSG00000169224	GCSAML	GroupB_exclusive			TK92,TK93	INDEL,SNV	0	2
ENSG00000142252	GEMIN7	GroupB_exclusive			TK91,TK92	SNV	0	2
ENSG00000197421	GGT3P	GroupB_exclusive			TK91,TK92	INDEL,SNV	0	2
ENSG00000167741	GGT6	GroupB_exclusive			TK92,TK93	SNV	0	2
ENSG00000176857	GJA1P1	GroupB_exclusive			TK92,TK93	SNV	0	2
ENSG00000188910	GJB3	GroupB_exclusive			TK91,TK93	SNV	0	2
ENSG00000118990	GLRXP3	GroupB_exclusive			TK91,TK92	SNV	0	2
ENSG00000265366	GLUD1P2	GroupB_exclusive			TK10,TK91	SNV	0	2
ENSG00000290875	GLUD1P2	GroupB_exclusive			TK91,TK93	SNV	0	2
ENSG00000127955	GNAI1	GroupB_exclusive			TK91,TK92	SNV	0	2
ENSG00000127920	GNG11	GroupB_exclusive			TK91,TK92	SNV	0	2
ENSG00000155265	GOLGA7B	GroupB_exclusive			TK10,TK93	SNV	0	2
ENSG00000169704	GP9	GroupB_exclusive			TK92,TK93	SNV	0	2
ENSG00000249106	GPM6A-DT	GroupB_exclusive			TK91,TK93	SNV	0	2
ENSG00000147262	GPR119	GroupB_exclusive			TK91,TK93	SNV	0	2
ENSG00000151025	GPR158	GroupB_exclusive			TK10,TK91	SNV	0	2
ENSG00000216915	GPR89P	GroupB_exclusive			TK92,TK93	SNV	0	2
ENSG00000189152	GRAPL	GroupB_exclusive			TK91,TK92	SNV	0	2
ENSG00000083307	GRHL2	GroupB_exclusive			TK10,TK92	SNV	0	2
ENSG00000158055	GRHL3	GroupB_exclusive			TK10,TK12	SNV	0	2
ENSG00000152822	GRM1	GroupB_exclusive			TK18,TK92	SNV	0	2
ENSG00000253366	GUSBP16	GroupB_exclusive			TK91,TK92	SNV	0	2
ENSG00000235483	GYG2-AS1	GroupB_exclusive			TK91,TK93	SNV	0	2
ENSG00000187166	H1-7	GroupB_exclusive			TK10,TK92	SNV	0	2
ENSG00000275221	H2AC15	GroupB_exclusive			TK10,TK92	SNV	0	2
ENSG00000223951	H2ACP2	GroupB_exclusive			TK92,TK93	SNV	0	2
ENSG00000223345	H2BP1	GroupB_exclusive			TK92,TK93	SNV	0	2
ENSG00000275714	H3C1	GroupB_exclusive			TK12,TK18	SNV	0	2
ENSG00000203852	H3C15	GroupB_exclusive			TK91,TK92	SNV	0	2
ENSG00000251596	HADHAP1	GroupB_exclusive			TK10,TK92	INDEL,SNV	0	2
ENSG00000253226	HAUS1P3	GroupB_exclusive			TK91,TK93	SNV	0	2
ENSG00000267626	HAUS5-DT	GroupB_exclusive			TK91,TK93	SNV	0	2
ENSG00000270379	HEATR9	GroupB_exclusive			TK91,TK92	SNV	0	2
ENSG00000181211	HECW1-IT1	GroupB_exclusive			TK10,TK92	SNV	0	2
ENSG00000266473	HELZ-AS1	GroupB_exclusive			TK10,TK93	SNV	0	2
ENSG00000261401	HERC2P1	GroupB_exclusive			TK91,TK93	SNV	0	2
ENSG00000230267	HERC2P4	GroupB_exclusive			TK91,TK93	SNV	0	2
ENSG00000260644	HERC2P5	GroupB_exclusive			TK91,TK92	SNV	0	2
ENSG00000271159	HINT1P2	GroupB_exclusive			TK91,TK93	SNV	0	2
ENSG00000223865	HLA-DPB1	GroupB_exclusive			TK10,TK92	SNV	0	2
ENSG00000149948	HMGA2	GroupB_exclusive			TK10,TK92	SNV	0	2
ENSG00000214821	HMGB1P4	GroupB_exclusive			TK92,TK93	SNV	0	2
ENSG00000259699	HMGB1P8	GroupB_exclusive			TK91,TK92	SNV	0	2
ENSG00000237603	HMGB3P12	GroupB_exclusive			TK91,TK92	SNV	0	2
ENSG00000224551	HMGB3P21	GroupB_exclusive			TK91,TK93	SNV	0	2
ENSG00000267132	HMGB3P27	GroupB_exclusive			TK91,TK92	SNV	0	2
ENSG00000229992	HMGB3P9	GroupB_exclusive			TK92,TK93	SNV	0	2
ENSG00000229046	HMGN1P2	GroupB_exclusive			TK92,TK93	SNV	0	2
ENSG00000258452	HMGN2P2	GroupB_exclusive			TK91,TK93	SNV	0	2
ENSG00000228398	HMGN2P25	GroupB_exclusive			TK91,TK92	SNV	0	2
ENSG00000232916	HMGN2P27	GroupB_exclusive			TK92,TK93	SNV	0	2
ENSG00000213721	HMGN2P30	GroupB_exclusive			TK91,TK93	SNV	0	2
ENSG00000214761	HNRNPA1P15	GroupB_exclusive			TK91,TK92	SNV	0	2
ENSG00000243188	HNRNPA1P17	GroupB_exclusive			TK10,TK92	SNV	0	2
ENSG00000237285	HNRNPA1P2	GroupB_exclusive			TK91,TK92	SNV	0	2
ENSG00000259512	HNRNPA1P5	GroupB_exclusive			TK92,TK93	SNV	0	2
ENSG00000249920	HNRNPA1P55	GroupB_exclusive			TK91,TK92	SNV	0	2
ENSG00000259686	HNRNPA1P71	GroupB_exclusive			TK91,TK92	INDEL,SNV	0	2
ENSG00000255141	HNRNPA1P76	GroupB_exclusive			TK91,TK92	SNV	0	2
ENSG00000277058	HNRNPCL3	GroupB_exclusive			TK92,TK93	INDEL,SNV	0	2
ENSG00000259335	HNRNPMP1	GroupB_exclusive			TK92,TK93	SNV	0	2
ENSG00000255047	HNRNPRP2	GroupB_exclusive			TK92,TK93	SNV	0	2
ENSG00000078399	HOXA9	GroupB_exclusive			TK10,TK92	SNV	0	2
ENSG00000250451	HOXC-AS1	GroupB_exclusive			TK10,TK18	SNV	0	2
ENSG00000232953	HSPA8P18	GroupB_exclusive			TK91,TK93	SNV	0	2
ENSG00000251614	HSPA8P19	GroupB_exclusive			TK92,TK93	SNV	0	2
ENSG00000248610	HSPA8P4	GroupB_exclusive			TK92,TK93	SNV	0	2
ENSG00000251348	HSPD1P11	GroupB_exclusive			TK92,TK93	SNV	0	2
ENSG00000232015	HSPE1P25	GroupB_exclusive			TK91,TK92	INDEL,SNV	0	2
ENSG00000258153	HSPE1P4	GroupB_exclusive			TK12,TK93	SNV	0	2
ENSG00000232917	HSPE1P6	GroupB_exclusive			TK92,TK93	SNV	0	2
ENSG00000270945	HSPE1P7	GroupB_exclusive			TK18,TK92	SNV	0	2
ENSG00000179097	HTR1F	GroupB_exclusive			TK10,TK92	SNV	0	2
ENSG00000157423	HYDIN	GroupB_exclusive			TK12,TK92	INDEL,SNV	0	2
ENSG00000163596	ICA1L	GroupB_exclusive			TK91,TK92	SNV	0	2
ENSG00000126246	IGFLR1	GroupB_exclusive			TK10,TK91	SNV	0	2
ENSG00000242472	IGHJ5	GroupB_exclusive			TK91,TK92	SNV	0	2
ENSG00000211956	IGHV4-34	GroupB_exclusive			TK10,TK91	SNV	0	2
ENSG00000254030	IGLC5	GroupB_exclusive			TK10,TK93	INDEL,SNV	0	2
ENSG00000211685	IGLC7	GroupB_exclusive			TK10,TK92	SNV	0	2
ENSG00000206066	IGLL3P	GroupB_exclusive			TK91,TK93	INDEL,SNV	0	2
ENSG00000211645	IGLV1-50	GroupB_exclusive			TK91,TK92	SNV	0	2
ENSG00000211664	IGLV2-18	GroupB_exclusive			TK18,TK91	SNV	0	2
ENSG00000253822	IGLV3-24	GroupB_exclusive			TK91,TK93	SNV	0	2
ENSG00000211650	IGLV5-45	GroupB_exclusive			TK91,TK93	SNV	0	2
ENSG00000253546	IGLVVI-22-1	GroupB_exclusive			TK91,TK92	SNV	0	2
ENSG00000163702	IL17RC	GroupB_exclusive			TK10,TK93	SNV	0	2
ENSG00000136688	IL36G	GroupB_exclusive			TK92,TK93	SNV	0	2
ENSG00000113520	IL4	GroupB_exclusive			TK18,TK92	INDEL,SNV	0	2
ENSG00000270269	IMMP1LP1	GroupB_exclusive			TK10,TK92	SNV	0	2
ENSG00000258159	IMMP1LP2	GroupB_exclusive			TK92,TK93	SNV	0	2
ENSG00000185085	INTS5	GroupB_exclusive			TK10,TK18	INDEL,SNV	0	2
ENSG00000256902	IQSEC3P1	GroupB_exclusive			TK18,TK91	SNV	0	2
ENSG00000231417	IRX1P1	GroupB_exclusive			TK18,TK92	SNV	0	2
ENSG00000229840	ISCA1P2	GroupB_exclusive			TK91,TK92	SNV	0	2
ENSG00000259405	ISCA1P4	GroupB_exclusive			TK18,TK92	SNV	0	2
ENSG00000226263	ISM1-AS1	GroupB_exclusive			TK18,TK93	SNV	0	2
ENSG00000244286	ITGB5-AS1	GroupB_exclusive			TK91,TK92	SNV	0	2
ENSG00000256234	ITPR2-AS1	GroupB_exclusive			TK12,TK92	INDEL,SNV	0	2
ENSG00000289625	IUR1	GroupB_exclusive			TK18,TK91	SNV	0	2
ENSG00000235012	JCADP1	GroupB_exclusive			TK91,TK92	SNV	0	2
ENSG00000255679	JRKL-AS1	GroupB_exclusive			TK10,TK93	SNV	0	2
ENSG00000187715	KBTBD12	GroupB_exclusive			TK92,TK93	SNV	0	2
ENSG00000166006	KCNC2	GroupB_exclusive			TK10,TK91	INDEL,SNV	0	2
ENSG00000143473	KCNH1	GroupB_exclusive			TK18,TK92	SNV	0	2
ENSG00000267365	KCNJ2-AS1	GroupB_exclusive			TK92,TK93	SNV	0	2
ENSG00000135750	KCNK1	GroupB_exclusive			TK10,TK18	INDEL,SNV	0	2
ENSG00000100433	KCNK10	GroupB_exclusive			TK10,TK92	SNV	0	2
ENSG00000257069	KCNK4-TEX40	GroupB_exclusive			TK10,TK18	SNV	0	2
ENSG00000197584	KCNMB2	GroupB_exclusive			TK12,TK93	SNV	0	2
ENSG00000004487	KDM1A	GroupB_exclusive			TK91,TK93	SNV	0	2
ENSG00000227495	KIF1C-AS1	GroupB_exclusive			TK92,TK93	SNV	0	2
ENSG00000266265	KLF14	GroupB_exclusive			TK10,TK93	SNV	0	2
ENSG00000162873	KLHDC8A	GroupB_exclusive			TK10,TK93	SNV	0	2
ENSG00000150361	KLHL1	GroupB_exclusive			TK10,TK91	INDEL,SNV	0	2
ENSG00000283132	KMT2CP4	GroupB_exclusive			TK10,TK91	INDEL,SNV	0	2
ENSG00000228928	KPNA2P2	GroupB_exclusive			TK18,TK92	INDEL,SNV	0	2
ENSG00000183762	KREMEN1	GroupB_exclusive			TK10,TK91	SNV	0	2
ENSG00000214822	KRT16P3	GroupB_exclusive			TK10,TK92	SNV	0	2
ENSG00000213601	KRT18P19	GroupB_exclusive			TK91,TK92	INDEL,SNV	0	2
ENSG00000249850	KRT18P31	GroupB_exclusive			TK91,TK92	SNV	0	2
ENSG00000253943	KRT18P37	GroupB_exclusive			TK10,TK91	SNV	0	2
ENSG00000267083	KRT18P61	GroupB_exclusive			TK91,TK92	SNV	0	2
ENSG00000229028	KRT223P	GroupB_exclusive			TK12,TK91	SNV	0	2
ENSG00000250148	KRT8P31	GroupB_exclusive			TK91,TK92	SNV	0	2
ENSG00000205869	KRTAP5-1	GroupB_exclusive			TK10,TK18	SNV	0	2
ENSG00000196569	LAMA2	GroupB_exclusive			TK10,TK92	INDEL,SNV	0	2
ENSG00000271266	LAPTM4BP2	GroupB_exclusive			TK92,TK93	SNV	0	2
ENSG00000232081	LARGE-IT1	GroupB_exclusive			TK92,TK93	SNV	0	2
ENSG00000231442	LARP1BP1	GroupB_exclusive			TK92,TK93	INDEL,SNV	0	2
ENSG00000171747	LGALS4	GroupB_exclusive			TK91,TK92	SNV	0	2
ENSG00000168481	LGI3	GroupB_exclusive			TK10,TK92	SNV	0	2
ENSG00000277268	LHX1-DT	GroupB_exclusive			TK10,TK91	SNV	0	2
ENSG00000236668	LHX2-AS1	GroupB_exclusive			TK12,TK92	SNV	0	2
ENSG00000089116	LHX5	GroupB_exclusive			TK10,TK92	SNV	0	2
ENSG00000256671	LIMS4	GroupB_exclusive			TK91,TK92	SNV	0	2
ENSG00000291187	LINC00032	GroupB_exclusive			TK10,TK93	SNV	0	2
ENSG00000234880	LINC00163	GroupB_exclusive			TK10,TK93	SNV	0	2
ENSG00000231814	LINC00210	GroupB_exclusive			TK92,TK93	SNV	0	2
ENSG00000227564	LINC00376	GroupB_exclusive			TK10,TK92	SNV	0	2
ENSG00000225249	LINC00378	GroupB_exclusive			TK18,TK91	INDEL,SNV	0	2
ENSG00000229599	LINC00411	GroupB_exclusive			TK92,TK93	SNV	0	2
ENSG00000236834	LINC00421	GroupB_exclusive			TK12,TK93	SNV	0	2
ENSG00000233528	LINC00430	GroupB_exclusive			TK91,TK93	SNV	0	2
ENSG00000228669	LINC00448	GroupB_exclusive			TK10,TK92	SNV	0	2
ENSG00000233532	LINC00460	GroupB_exclusive			TK10,TK91	SNV	0	2
ENSG00000233237	LINC00472	GroupB_exclusive			TK10,TK92	INDEL,SNV	0	2
ENSG00000204148	LINC00474	GroupB_exclusive			TK91,TK93	SNV	0	2
ENSG00000258791	LINC00520	GroupB_exclusive			TK91,TK92	SNV	0	2
ENSG00000281664	LINC00538	GroupB_exclusive			TK10,TK93	INDEL,SNV	0	2
ENSG00000261517	LINC00558	GroupB_exclusive			TK91,TK93	SNV	0	2
ENSG00000213373	LINC00671	GroupB_exclusive			TK91,TK92	INDEL,SNV	0	2
ENSG00000245164	LINC00861	GroupB_exclusive			TK12,TK93	SNV	0	2
ENSG00000246100	LINC00900	GroupB_exclusive			TK10,TK18	INDEL,SNV	0	2
ENSG00000259218	LINC00928	GroupB_exclusive			TK91,TK93	SNV	0	2
ENSG00000259150	LINC00929	GroupB_exclusive			TK91,TK92	SNV	0	2
ENSG00000203601	LINC00970	GroupB_exclusive			TK92,TK93	SNV	0	2
ENSG00000228495	LINC01013	GroupB_exclusive			TK10,TK93	SNV	0	2
ENSG00000215231	LINC01020	GroupB_exclusive			TK10,TK93	INDEL,SNV	0	2
ENSG00000234168	LINC01039	GroupB_exclusive			TK91,TK92	SNV	0	2
ENSG00000229723	LINC01054	GroupB_exclusive			TK10,TK92	SNV	0	2
ENSG00000233723	LINC01122	GroupB_exclusive			TK91,TK93	SNV	0	2
ENSG00000230174	LINC01149	GroupB_exclusive			TK92,TK93	SNV	0	2
ENSG00000229081	LINC01165	GroupB_exclusive			TK92,TK93	SNV	0	2
ENSG00000249500	LINC01179	GroupB_exclusive			TK91,TK93	SNV	0	2
ENSG00000261075	LINC01195	GroupB_exclusive			TK10,TK91	SNV	0	2
ENSG00000229563	LINC01204	GroupB_exclusive			TK12,TK92	SNV	0	2
ENSG00000203999	LINC01270	GroupB_exclusive			TK92,TK93	SNV	0	2
ENSG00000281327	LINC01338	GroupB_exclusive			TK92,TK93	SNV	0	2
ENSG00000280587	LINC01348	GroupB_exclusive			TK18,TK93	SNV	0	2
ENSG00000244578	LINC01391	GroupB_exclusive			TK91,TK93	INDEL,SNV	0	2
ENSG00000238113	LINC01410	GroupB_exclusive			TK91,TK93	SNV	0	2
ENSG00000267325	LINC01415	GroupB_exclusive			TK91,TK92	SNV	0	2
ENSG00000233997	LINC01425	GroupB_exclusive			TK10,TK92	SNV	0	2
ENSG00000227510	LINC01442	GroupB_exclusive			TK92,TK93	SNV	0	2
ENSG00000224017	LINC01449	GroupB_exclusive			TK12,TK91	SNV	0	2
ENSG00000234766	LINC01496	GroupB_exclusive			TK10,TK91	SNV	0	2
ENSG00000226825	LINC01509	GroupB_exclusive			TK10,TK91	SNV	0	2
ENSG00000235202	LINC01525	GroupB_exclusive			TK92,TK93	SNV	0	2
ENSG00000260676	LINC01541	GroupB_exclusive			TK10,TK91	SNV	0	2
ENSG00000229086	LINC01548	GroupB_exclusive			TK18,TK92	SNV	0	2
ENSG00000232560	LINC01549	GroupB_exclusive			TK18,TK93	INDEL,SNV	0	2
ENSG00000224310	LINC01567	GroupB_exclusive			TK91,TK92	INDEL,SNV	0	2
ENSG00000245479	LINC01585	GroupB_exclusive			TK10,TK12	INDEL,SNV	0	2
ENSG00000286785	LINC01622	GroupB_exclusive			TK10,TK91	SNV	0	2
ENSG00000225331	LINC01678	GroupB_exclusive			TK91,TK92	SNV	0	2
ENSG00000228961	LINC01690	GroupB_exclusive			TK10,TK93	SNV	0	2
ENSG00000275852	LINC01742	GroupB_exclusive			TK92,TK93	SNV	0	2
ENSG00000236497	LINC01744	GroupB_exclusive			TK91,TK93	SNV	0	2
ENSG00000231437	LINC01750	GroupB_exclusive			TK10,TK18	SNV	0	2
ENSG00000228504	LINC01760	GroupB_exclusive			TK92,TK93	SNV	0	2
ENSG00000225446	LINC01763	GroupB_exclusive			TK91,TK92	SNV	0	2
ENSG00000224910	LINC01766	GroupB_exclusive			TK92,TK93	SNV	0	2
ENSG00000229457	LINC01789	GroupB_exclusive			TK10,TK92	INDEL,SNV	0	2
ENSG00000234572	LINC01800	GroupB_exclusive			TK91,TK93	SNV	0	2
ENSG00000234207	LINC01830	GroupB_exclusive			TK10,TK18	SNV	0	2
ENSG00000225444	LINC01867	GroupB_exclusive			TK10,TK18	SNV	0	2
ENSG00000235491	LINC01889	GroupB_exclusive			TK12,TK92	SNV	0	2
ENSG00000231682	LINC01891	GroupB_exclusive			TK92,TK93	SNV	0	2
ENSG00000226125	LINC01907	GroupB_exclusive			TK10,TK18	SNV	0	2
ENSG00000265374	LINC01908	GroupB_exclusive			TK92,TK93	SNV	0	2
ENSG00000264232	LINC01916	GroupB_exclusive			TK91,TK92	SNV	0	2
ENSG00000236653	LINC01923	GroupB_exclusive			TK91,TK92	SNV	0	2
ENSG00000288569	LINC01949	GroupB_exclusive			TK91,TK92	SNV	0	2
ENSG00000229243	LINC01981	GroupB_exclusive			TK18,TK92	SNV	0	2
ENSG00000283036	LINC01988	GroupB_exclusive			TK10,TK92	SNV	0	2
ENSG00000261156	LINC01989	GroupB_exclusive			TK12,TK91	SNV	0	2
ENSG00000243321	LINC01998	GroupB_exclusive			TK91,TK92	SNV	0	2
ENSG00000260902	LINC02011	GroupB_exclusive			TK10,TK91	SNV	0	2
ENSG00000234548	LINC02020	GroupB_exclusive			TK92,TK93	SNV	0	2
ENSG00000240708	LINC02030	GroupB_exclusive			TK10,TK93	INDEL,SNV	0	2
ENSG00000248528	LINC02058	GroupB_exclusive			TK91,TK92	SNV	0	2
ENSG00000250921	LINC02063	GroupB_exclusive			TK12,TK18	INDEL,SNV	0	2
ENSG00000240567	LINC02067	GroupB_exclusive			TK18,TK93	INDEL,SNV	0	2
ENSG00000250127	LINC02108	GroupB_exclusive			TK91,TK93	SNV	0	2
ENSG00000248461	LINC02119	GroupB_exclusive			TK10,TK93	SNV	0	2
ENSG00000249797	LINC02147	GroupB_exclusive			TK91,TK92	SNV	0	2
ENSG00000250427	LINC02148	GroupB_exclusive			TK91,TK93	SNV	0	2
ENSG00000259763	LINC02157	GroupB_exclusive			TK91,TK93	SNV	0	2
ENSG00000249297	LINC02174	GroupB_exclusive			TK18,TK91	SNV	0	2
ENSG00000260854	LINC02184	GroupB_exclusive			TK10,TK92	SNV	0	2
ENSG00000249352	LINC02198	GroupB_exclusive			TK10,TK12	SNV	0	2
ENSG00000251538	LINC02201	GroupB_exclusive			TK91,TK92	SNV	0	2
ENSG00000253279	LINC02209	GroupB_exclusive			TK10,TK91	SNV	0	2
ENSG00000249396	LINC02212	GroupB_exclusive			TK91,TK92	INDEL,SNV	0	2
ENSG00000249662	LINC02218	GroupB_exclusive			TK92,TK93	INDEL,SNV	0	2
ENSG00000257748	LINC02281	GroupB_exclusive			TK91,TK93	SNV	0	2
ENSG00000259004	LINC02285	GroupB_exclusive			TK12,TK93	SNV	0	2
ENSG00000258819	LINC02289	GroupB_exclusive			TK18,TK92	SNV	0	2
ENSG00000259054	LINC02332	GroupB_exclusive			TK18,TK92	SNV	0	2
ENSG00000277448	LINC02338	GroupB_exclusive			TK91,TK92	SNV	0	2
ENSG00000227911	LINC02344	GroupB_exclusive			TK91,TK93	SNV	0	2
ENSG00000251329	LINC02353	GroupB_exclusive			TK91,TK92	SNV	0	2
ENSG00000230294	LINC02370	GroupB_exclusive			TK91,TK92	SNV	0	2
ENSG00000249873	LINC02372	GroupB_exclusive			TK91,TK93	SNV	0	2
ENSG00000256362	LINC02375	GroupB_exclusive			TK18,TK93	SNV	0	2
ENSG00000248505	LINC02380	GroupB_exclusive			TK91,TK93	INDEL,SNV	0	2
ENSG00000256597	LINC02393	GroupB_exclusive			TK92,TK93	SNV	0	2
ENSG00000256172	LINC02420	GroupB_exclusive			TK92,TK93	INDEL,SNV	0	2
ENSG00000255970	LINC02421	GroupB_exclusive			TK91,TK93	SNV	0	2
ENSG00000251526	LINC02435	GroupB_exclusive			TK10,TK92	SNV	0	2
ENSG00000257164	LINC02451	GroupB_exclusive			TK10,TK92	SNV	0	2
ENSG00000248408	LINC02469	GroupB_exclusive			TK18,TK91	SNV	0	2
ENSG00000223914	LINC02471	GroupB_exclusive			TK10,TK91	INDEL,SNV	0	2
ENSG00000251326	LINC02479	GroupB_exclusive			TK18,TK92	INDEL,SNV	0	2
ENSG00000251040	LINC02480	GroupB_exclusive			TK92,TK93	INDEL,SNV	0	2
ENSG00000251383	LINC02483	GroupB_exclusive			TK91,TK92	SNV	0	2
ENSG00000250436	LINC02499	GroupB_exclusive			TK92,TK93	SNV	0	2
ENSG00000248227	LINC02513	GroupB_exclusive			TK12,TK93	SNV	0	2
ENSG00000204110	LINC02520	GroupB_exclusive			TK92,TK93	SNV	0	2
ENSG00000230269	LINC02525	GroupB_exclusive			TK10,TK18	SNV	0	2
ENSG00000254486	LINC02547	GroupB_exclusive			TK10,TK12	SNV	0	2
ENSG00000261780	LINC02582	GroupB_exclusive			TK92,TK93	SNV	0	2
ENSG00000225768	LINC02620	GroupB_exclusive			TK91,TK93	SNV	0	2
ENSG00000230109	LINC02643	GroupB_exclusive			TK10,TK92	SNV	0	2
ENSG00000223993	LINC02647	GroupB_exclusive			TK10,TK93	SNV	0	2
ENSG00000225948	LINC02648	GroupB_exclusive			TK91,TK92	SNV	0	2
ENSG00000223381	LINC02661	GroupB_exclusive			TK91,TK92	INDEL,SNV	0	2
ENSG00000226762	LINC02668	GroupB_exclusive			TK92,TK93	SNV	0	2
ENSG00000257067	LINC02703	GroupB_exclusive			TK12,TK91	SNV	0	2
ENSG00000273409	LINC02712	GroupB_exclusive			TK92,TK93	INDEL,SNV	0	2
ENSG00000251226	LINC02714	GroupB_exclusive			TK91,TK92	SNV	0	2
ENSG00000254580	LINC02719	GroupB_exclusive			TK91,TK92	SNV	0	2
ENSG00000279243	LINC02736	GroupB_exclusive			TK18,TK91	SNV	0	2
ENSG00000255300	LINC02745	GroupB_exclusive			TK92,TK93	SNV	0	2
ENSG00000254530	LINC02755	GroupB_exclusive			TK91,TK93	SNV	0	2
ENSG00000248990	LINC02758	GroupB_exclusive			TK92,TK93	SNV	0	2
ENSG00000283518	LINC02775	GroupB_exclusive			TK10,TK91	SNV	0	2
ENSG00000231718	LINC02789	GroupB_exclusive			TK10,TK92	SNV	0	2
ENSG00000237435	LINC02790	GroupB_exclusive			TK10,TK91	SNV	0	2
ENSG00000248874	LINC02899	GroupB_exclusive			TK92,TK93	SNV	0	2
ENSG00000236013	LINC02941	GroupB_exclusive			TK10,TK91	SNV	0	2
ENSG00000265752	LINC02958	GroupB_exclusive			TK18,TK93	SNV	0	2
ENSG00000234997	LINC02966	GroupB_exclusive			TK10,TK91	SNV	0	2
ENSG00000237807	LINC02984	GroupB_exclusive			TK10,TK18	SNV	0	2
ENSG00000235725	LINC03050	GroupB_exclusive			TK10,TK92	SNV	0	2
ENSG00000234311	LINC03068	GroupB_exclusive			TK91,TK93	SNV	0	2
ENSG00000235514	LLPHP2	GroupB_exclusive			TK92,TK93	SNV	0	2
ENSG00000249436	LNCBRM	GroupB_exclusive			TK91,TK93	SNV	0	2
ENSG00000248494	LNX1-AS2	GroupB_exclusive			TK18,TK91	SNV	0	2
ENSG00000171517	LPAR3	GroupB_exclusive			TK10,TK91	SNV	0	2
ENSG00000184709	LRRC26	GroupB_exclusive			TK12,TK93	SNV	0	2
ENSG00000229356	LRRC3-DT	GroupB_exclusive			TK92,TK93	SNV	0	2
ENSG00000242104	LRRC78P	GroupB_exclusive			TK10,TK91	SNV	0	2
ENSG00000231638	LUARIS	GroupB_exclusive			TK10,TK93	SNV	0	2
ENSG00000229463	LYST-AS1	GroupB_exclusive			TK92,TK93	SNV	0	2
ENSG00000254338	MAFA-AS1	GroupB_exclusive			TK10,TK93	SNV	0	2
ENSG00000268606	MAGEA2	GroupB_exclusive			TK18,TK92	INDEL,SNV	0	2
ENSG00000183305	MAGEA2B	GroupB_exclusive			TK18,TK92	SNV	0	2
ENSG00000267978	MAGEA9B	GroupB_exclusive			TK91,TK93	INDEL,SNV	0	2
ENSG00000264176	MAGOH2P	GroupB_exclusive			TK18,TK92	SNV	0	2
ENSG00000214070	MANEALP1	GroupB_exclusive			TK91,TK92	SNV	0	2
ENSG00000215179	MAPK6P4	GroupB_exclusive			TK92,TK93	SNV	0	2
ENSG00000261399	MAPK8IP3-AS1	GroupB_exclusive			TK18,TK91	SNV	0	2
ENSG00000186868	MAPT	GroupB_exclusive			TK92,TK93	SNV	0	2
ENSG00000279685	MAPT-IT1	GroupB_exclusive			TK91,TK92	SNV	0	2
ENSG00000183654	MARCHF11	GroupB_exclusive			TK12,TK92	INDEL,SNV	0	2
ENSG00000215878	MARCKSL1P2	GroupB_exclusive			TK91,TK93	SNV	0	2
ENSG00000170948	MBD3L1	GroupB_exclusive			TK10,TK18	SNV	0	2
ENSG00000237154	MCFD2P1	GroupB_exclusive			TK92,TK93	SNV	0	2
ENSG00000262402	MCUR1P1	GroupB_exclusive			TK10,TK93	SNV	0	2
ENSG00000224396	METTL15P3	GroupB_exclusive			TK91,TK92	SNV	0	2
ENSG00000176812	METTL1P1	GroupB_exclusive			TK91,TK93	SNV	0	2
ENSG00000229623	METTL21AP1	GroupB_exclusive			TK91,TK92	SNV	0	2
ENSG00000248557	METTL5P2	GroupB_exclusive			TK10,TK18	SNV	0	2
ENSG00000251583	MFFP2	GroupB_exclusive			TK92,TK93	INDEL,SNV	0	2
ENSG00000161091	MFSD12	GroupB_exclusive			TK92,TK93	SNV	0	2
ENSG00000184774	MGAT4EP	GroupB_exclusive			TK10,TK92	SNV	0	2
ENSG00000265503	MIR1269B	GroupB_exclusive			TK92,TK93	SNV	0	2
ENSG00000207954	MIR138-1	GroupB_exclusive			TK12,TK18	SNV	0	2
ENSG00000284433	MIR1914	GroupB_exclusive			TK12,TK91	SNV	0	2
ENSG00000284443	MIR197	GroupB_exclusive			TK10,TK92	SNV	0	2
ENSG00000238728	MIR1972-1	GroupB_exclusive			TK92,TK93	SNV	0	2
ENSG00000284204	MIR19A	GroupB_exclusive			TK10,TK18	SNV	0	2
ENSG00000284324	MIR3175	GroupB_exclusive			TK91,TK92	SNV	0	2
ENSG00000266235	MIR3176	GroupB_exclusive			TK10,TK92	SNV	0	2
ENSG00000266232	MIR3178	GroupB_exclusive			TK12,TK92	SNV	0	2
ENSG00000284503	MIR3652	GroupB_exclusive			TK10,TK93	SNV	0	2
ENSG00000228768	MIR365BHG	GroupB_exclusive			TK91,TK93	SNV	0	2
ENSG00000266758	MIR3680-2	GroupB_exclusive			TK10,TK18	SNV	0	2
ENSG00000265917	MIR3685	GroupB_exclusive			TK91,TK93	SNV	0	2
ENSG00000264249	MIR3912	GroupB_exclusive			TK92,TK93	SNV	0	2
ENSG00000263597	MIR3936	GroupB_exclusive			TK12,TK18	SNV	0	2
ENSG00000261738	MIR3976HG	GroupB_exclusive			TK10,TK92	SNV	0	2
ENSG00000264675	MIR4285	GroupB_exclusive			TK12,TK18	INDEL,SNV	0	2
ENSG00000283795	MIR4426	GroupB_exclusive			TK91,TK93	SNV	0	2
ENSG00000228590	MIR4432HG	GroupB_exclusive			TK10,TK92	SNV	0	2
ENSG00000263790	MIR4473	GroupB_exclusive			TK91,TK93	SNV	0	2
ENSG00000283699	MIR4481	GroupB_exclusive			TK91,TK92	SNV	0	2
ENSG00000264712	MIR4504	GroupB_exclusive			TK10,TK91	INDEL,SNV	0	2
ENSG00000266559	MIR4530	GroupB_exclusive			TK10,TK12	SNV	0	2
ENSG00000284473	MIR4720	GroupB_exclusive			TK10,TK12	SNV	0	2
ENSG00000284176	MIR5090	GroupB_exclusive			TK18,TK91	SNV	0	2
ENSG00000207956	MIR579	GroupB_exclusive			TK92,TK93	SNV	0	2
ENSG00000284005	MIR6084	GroupB_exclusive			TK10,TK18	SNV	0	2
ENSG00000283791	MIR612	GroupB_exclusive			TK10,TK18	SNV	0	2
ENSG00000278418	MIR6512	GroupB_exclusive			TK91,TK93	SNV	0	2
ENSG00000278034	MIR6731	GroupB_exclusive			TK91,TK92	SNV	0	2
ENSG00000278549	MIR6736	GroupB_exclusive			TK10,TK92	INDEL,SNV	0	2
ENSG00000283180	MIR6767	GroupB_exclusive			TK92,TK93	SNV	0	2
ENSG00000275273	MIR6780A	GroupB_exclusive			TK92,TK93	SNV	0	2
ENSG00000278447	MIR6781	GroupB_exclusive			TK10,TK18	SNV	0	2
ENSG00000283950	MIR6791	GroupB_exclusive			TK10,TK18	INDEL,SNV	0	2
ENSG00000278420	MIR6819	GroupB_exclusive			TK18,TK92	SNV	0	2
ENSG00000278658	MIR6826	GroupB_exclusive			TK91,TK92	SNV	0	2
ENSG00000284144	MIR6866	GroupB_exclusive			TK92,TK93	INDEL	0	2
ENSG00000274621	MIR6867	GroupB_exclusive			TK10,TK92	INDEL	0	2
ENSG00000273745	MIR6870	GroupB_exclusive			TK91,TK93	SNV	0	2
ENSG00000273932	MIR6877	GroupB_exclusive			TK10,TK91	SNV	0	2
ENSG00000283728	MIR7108	GroupB_exclusive			TK12,TK18	SNV	0	2
ENSG00000276083	MIR7976	GroupB_exclusive			TK10,TK18	SNV	0	2
ENSG00000284224	MIR937	GroupB_exclusive			TK12,TK18	SNV	0	2
ENSG00000216035	MIR938	GroupB_exclusive			TK91,TK93	SNV	0	2
ENSG00000215930	MIR942	GroupB_exclusive			TK12,TK92	SNV	0	2
ENSG00000207550	MIR99B	GroupB_exclusive			TK10,TK93	SNV	0	2
ENSG00000237090	MKRN8P	GroupB_exclusive			TK92,TK93	INDEL,SNV	0	2
ENSG00000096395	MLN	GroupB_exclusive			TK10,TK18	SNV	0	2
ENSG00000237058	MMEL1-AS1	GroupB_exclusive			TK12,TK91	SNV	0	2
ENSG00000271447	MMP28	GroupB_exclusive			TK18,TK91	INDEL,SNV	0	2
ENSG00000231857	MORF4L1P5	GroupB_exclusive			TK92,TK93	SNV	0	2
ENSG00000291103	MPHOSPH10P1	GroupB_exclusive			TK91,TK92	SNV	0	2
ENSG00000283345	MPHOSPH10P3	GroupB_exclusive			TK91,TK92	SNV	0	2
ENSG00000271428	MPHOSPH6P1	GroupB_exclusive			TK92,TK93	SNV	0	2
ENSG00000260314	MRC1	GroupB_exclusive			TK91,TK92	SNV	0	2
ENSG00000232722	MROH4P	GroupB_exclusive			TK10,TK91	SNV	0	2
ENSG00000259441	MRPL15P1	GroupB_exclusive			TK91,TK93	SNV	0	2
ENSG00000250324	MRPL22P1	GroupB_exclusive			TK91,TK93	SNV	0	2
ENSG00000238076	MRPL48P1	GroupB_exclusive			TK91,TK92	SNV	0	2
ENSG00000235299	MRPL53P1	GroupB_exclusive			TK91,TK92	SNV	0	2
ENSG00000262759	MRPS21P9	GroupB_exclusive			TK10,TK92	SNV	0	2
ENSG00000263368	MSANTD3P1	GroupB_exclusive			TK91,TK92	SNV	0	2
ENSG00000233929	MT1XP1	GroupB_exclusive			TK92,TK93	SNV	0	2
ENSG00000186205	MTARC1	GroupB_exclusive			TK91,TK92	SNV	0	2
ENSG00000228097	MTATP6P11	GroupB_exclusive			TK91,TK92	SNV	0	2
ENSG00000228316	MTATP6P19	GroupB_exclusive			TK91,TK93	SNV	0	2
ENSG00000232179	MTATP6P29	GroupB_exclusive			TK10,TK91	SNV	0	2
ENSG00000280243	MTCO1P1	GroupB_exclusive			TK92,TK93	SNV	0	2
ENSG00000237300	MTCO1P19	GroupB_exclusive			TK91,TK93	SNV	0	2
ENSG00000235524	MTCO1P23	GroupB_exclusive			TK91,TK92	SNV	0	2
ENSG00000232579	MTCO1P27	GroupB_exclusive			TK10,TK93	SNV	0	2
ENSG00000268736	MTCO3P39	GroupB_exclusive			TK91,TK92	SNV	0	2
ENSG00000224747	MTCYBP21	GroupB_exclusive			TK10,TK91	INDEL,SNV	0	2
ENSG00000263241	MTCYBP33	GroupB_exclusive			TK91,TK92	SNV	0	2
ENSG00000240097	MTERF1P1	GroupB_exclusive			TK92,TK93	SNV	0	2
ENSG00000163738	MTHFD2L	GroupB_exclusive			TK92,TK93	SNV	0	2
ENSG00000255504	MTMR12P1	GroupB_exclusive			TK91,TK92	SNV	0	2
ENSG00000239648	MTND1P3	GroupB_exclusive			TK92,TK93	SNV	0	2
ENSG00000231152	MTND2P15	GroupB_exclusive			TK91,TK92	SNV	0	2
ENSG00000236254	MTND4P14	GroupB_exclusive			TK91,TK92	SNV	0	2
ENSG00000230225	MTND5P14	GroupB_exclusive			TK91,TK92	SNV	0	2
ENSG00000234886	MTND5P26	GroupB_exclusive			TK91,TK92	SNV	0	2
ENSG00000261904	MTND5P33	GroupB_exclusive			TK92,TK93	SNV	0	2
ENSG00000227730	MTND6P5	GroupB_exclusive			TK91,TK93	SNV	0	2
ENSG00000168412	MTNR1A	GroupB_exclusive			TK91,TK93	SNV	0	2
ENSG00000256091	MTRF1LP1	GroupB_exclusive			TK91,TK92	SNV	0	2
ENSG00000132613	MTSS2	GroupB_exclusive			TK10,TK91	SNV	0	2
ENSG00000138823	MTTP	GroupB_exclusive			TK10,TK93	SNV	0	2
ENSG00000172551	MUCL1	GroupB_exclusive			TK91,TK93	INDEL,SNV	0	2
ENSG00000237906	MUPP	GroupB_exclusive			TK92,TK93	SNV	0	2
ENSG00000132781	MUTYH	GroupB_exclusive			TK92,TK93	SNV	0	2
ENSG00000228380	MYL6BP1	GroupB_exclusive			TK91,TK93	SNV	0	2
ENSG00000228118	MYL6P5	GroupB_exclusive			TK92,TK93	SNV	0	2
ENSG00000133454	MYO18B	GroupB_exclusive			TK92,TK93	SNV	0	2
ENSG00000034971	MYOC	GroupB_exclusive			TK92,TK93	INDEL	0	2
ENSG00000227274	MYOCD-AS1	GroupB_exclusive			TK91,TK92	INDEL,SNV	0	2
ENSG00000273524	Metazoa_SRP	GroupB_exclusive			TK10,TK91	SNV	0	2
ENSG00000273710	Metazoa_SRP	GroupB_exclusive			TK91,TK92	SNV	0	2
ENSG00000273979	Metazoa_SRP	GroupB_exclusive			TK91,TK93	SNV	0	2
ENSG00000274008	Metazoa_SRP	GroupB_exclusive			TK10,TK92	SNV	0	2
ENSG00000274742	Metazoa_SRP	GroupB_exclusive			TK92,TK93	SNV	0	2
ENSG00000275881	Metazoa_SRP	GroupB_exclusive			TK91,TK92	SNV	0	2
ENSG00000275901	Metazoa_SRP	GroupB_exclusive			TK10,TK91	SNV	0	2
ENSG00000276645	Metazoa_SRP	GroupB_exclusive			TK92,TK93	SNV	0	2
ENSG00000277371	Metazoa_SRP	GroupB_exclusive			TK10,TK91	SNV	0	2
ENSG00000277446	Metazoa_SRP	GroupB_exclusive			TK91,TK93	SNV	0	2
ENSG00000277721	Metazoa_SRP	GroupB_exclusive			TK91,TK92	SNV	0	2
ENSG00000278818	Metazoa_SRP	GroupB_exclusive			TK92,TK93	SNV	0	2
ENSG00000283636	Metazoa_SRP	GroupB_exclusive			TK91,TK92	SNV	0	2
ENSG00000228717	NAB1P1	GroupB_exclusive			TK91,TK92	SNV	0	2
ENSG00000237065	NANOGP4	GroupB_exclusive			TK91,TK93	SNV	0	2
ENSG00000270607	NAV2-AS6	GroupB_exclusive			TK91,TK92	INDEL,SNV	0	2
ENSG00000226953	NCKAP5-AS2	GroupB_exclusive			TK18,TK92	SNV	0	2
ENSG00000240108	NCOR1P1	GroupB_exclusive			TK92,TK93	SNV	0	2
ENSG00000225428	NDUFB4P7	GroupB_exclusive			TK91,TK93	SNV	0	2
ENSG00000271045	NDUFB9P1	GroupB_exclusive			TK92,TK93	SNV	0	2
ENSG00000236281	NDUFB9P2	GroupB_exclusive			TK92,TK93	SNV	0	2
ENSG00000241905	NDUFS6P1	GroupB_exclusive			TK91,TK92	SNV	0	2
ENSG00000103154	NECAB2	GroupB_exclusive			TK10,TK91	SNV	0	2
ENSG00000089818	NECAP1	GroupB_exclusive			TK18,TK93	SNV	0	2
ENSG00000258027	NF1P4	GroupB_exclusive			TK92,TK93	SNV	0	2
ENSG00000008441	NFIX	GroupB_exclusive			TK10,TK92	SNV	0	2
ENSG00000182261	NLRP10	GroupB_exclusive			TK91,TK93	INDEL,SNV	0	2
ENSG00000226342	NMD3P1	GroupB_exclusive			TK91,TK92	SNV	0	2
ENSG00000171658	NMRAL2P	GroupB_exclusive			TK10,TK91	SNV	0	2
ENSG00000171596	NMUR1	GroupB_exclusive			TK10,TK12	SNV	0	2
ENSG00000183691	NOG	GroupB_exclusive			TK10,TK93	SNV	0	2
ENSG00000233133	NPEPPSP2	GroupB_exclusive			TK91,TK93	SNV	0	2
ENSG00000116218	NPHS2	GroupB_exclusive			TK91,TK93	SNV	0	2
ENSG00000224712	NPIPA3	GroupB_exclusive			TK92,TK93	INDEL,SNV	0	2
ENSG00000259161	NPM1P20	GroupB_exclusive			TK92,TK93	SNV	0	2
ENSG00000214807	NPM1P31	GroupB_exclusive			TK91,TK92	SNV	0	2
ENSG00000258925	NPM1P5	GroupB_exclusive			TK92,TK93	SNV	0	2
ENSG00000168743	NPNT	GroupB_exclusive			TK10,TK93	INDEL,SNV	0	2
ENSG00000225738	NRG3-AS1	GroupB_exclusive			TK91,TK92	INDEL,SNV	0	2
ENSG00000257155	NUBPL-DT	GroupB_exclusive			TK91,TK92	SNV	0	2
ENSG00000130045	NXNL2	GroupB_exclusive			TK12,TK93	SNV	0	2
ENSG00000095110	NXPE1	GroupB_exclusive			TK91,TK93	SNV	0	2
ENSG00000204361	NXPE2	GroupB_exclusive			TK91,TK93	SNV	0	2
ENSG00000238021	ODAD2P1	GroupB_exclusive			TK91,TK92	SNV	0	2
ENSG00000182950	ODF3L1	GroupB_exclusive			TK10,TK92	SNV	0	2
ENSG00000228212	OFD1P17	GroupB_exclusive			TK91,TK92	SNV	0	2
ENSG00000116774	OLFML3	GroupB_exclusive			TK10,TK92	INDEL,SNV	0	2
ENSG00000205922	ONECUT3	GroupB_exclusive			TK12,TK91	SNV	0	2
ENSG00000254743	OR10V3P	GroupB_exclusive			TK91,TK92	SNV	0	2
ENSG00000220721	OR1F12P	GroupB_exclusive			TK92,TK93	SNV	0	2
ENSG00000197233	OR1J2	GroupB_exclusive			TK91,TK92	SNV	0	2
ENSG00000165204	OR1K1	GroupB_exclusive			TK91,TK92	SNV	0	2
ENSG00000188558	OR2G6	GroupB_exclusive			TK10,TK92	SNV	0	2
ENSG00000228198	OR2M3	GroupB_exclusive			TK92,TK93	SNV	0	2
ENSG00000168126	OR2W6P	GroupB_exclusive			TK91,TK92	SNV	0	2
ENSG00000224830	OR2X1P	GroupB_exclusive			TK10,TK91	SNV	0	2
ENSG00000255294	OR4A50P	GroupB_exclusive			TK92,TK93	SNV	0	2
ENSG00000274102	OR4M2	GroupB_exclusive			TK18,TK91	SNV	0	2
ENSG00000176294	OR4N2	GroupB_exclusive			TK91,TK92	SNV	0	2
ENSG00000248424	OR51K1P	GroupB_exclusive			TK91,TK93	SNV	0	2
ENSG00000181616	OR52H1	GroupB_exclusive			TK91,TK92	SNV	0	2
ENSG00000196778	OR52K1	GroupB_exclusive			TK10,TK92	SNV	0	2
ENSG00000180934	OR56A1	GroupB_exclusive			TK91,TK93	SNV	0	2
ENSG00000172365	OR5B2	GroupB_exclusive			TK91,TK92	SNV	0	2
ENSG00000189398	OR7E12P	GroupB_exclusive			TK18,TK93	INDEL,SNV	0	2
ENSG00000250640	OR7E41P	GroupB_exclusive			TK91,TK93	SNV	0	2
ENSG00000239978	OR7E53P	GroupB_exclusive			TK91,TK93	SNV	0	2
ENSG00000250561	OR7E59P	GroupB_exclusive			TK91,TK92	SNV	0	2
ENSG00000248364	OR7E86P	GroupB_exclusive			TK92,TK93	SNV	0	2
ENSG00000256347	OR8R1P	GroupB_exclusive			TK18,TK92	SNV	0	2
ENSG00000269608	OSTCP3	GroupB_exclusive			TK92,TK93	SNV	0	2
ENSG00000234315	OSTCP5	GroupB_exclusive			TK92,TK93	SNV	0	2
ENSG00000233308	OSTN-AS1	GroupB_exclusive			TK10,TK91	SNV	0	2
ENSG00000183034	OTOP2	GroupB_exclusive			TK10,TK92	SNV	0	2
ENSG00000273129	PACERR	GroupB_exclusive			TK12,TK18	SNV	0	2
ENSG00000257501	PAFAH1B2P2	GroupB_exclusive			TK18,TK93	SNV	0	2
ENSG00000188582	PAQR9	GroupB_exclusive			TK91,TK92	SNV	0	2
ENSG00000257243	PARK7P1	GroupB_exclusive			TK10,TK92	SNV	0	2
ENSG00000237917	PARP4P1	GroupB_exclusive			TK91,TK92	SNV	0	2
ENSG00000225533	PAWRP1	GroupB_exclusive			TK92,TK93	SNV	0	2
ENSG00000251321	PCAT4	GroupB_exclusive			TK91,TK92	INDEL,SNV	0	2
ENSG00000280719	PCAT5	GroupB_exclusive			TK10,TK93	INDEL,SNV	0	2
ENSG00000132570	PCBD2	GroupB_exclusive			TK10,TK92	SNV	0	2
ENSG00000205424	PCBP3-AS1	GroupB_exclusive			TK91,TK93	SNV	0	2
ENSG00000233840	PCDH9-AS4	GroupB_exclusive			TK92,TK93	SNV	0	2
ENSG00000204969	PCDHA2	GroupB_exclusive			TK12,TK92	SNV	0	2
ENSG00000282949	PCMTD1P7	GroupB_exclusive			TK91,TK92	SNV	0	2
ENSG00000214009	PCNAP3	GroupB_exclusive			TK92,TK93	SNV	0	2
ENSG00000258359	PCNPP1	GroupB_exclusive			TK10,TK91	SNV	0	2
ENSG00000237089	PCNPP4	GroupB_exclusive			TK91,TK92	INDEL,SNV	0	2
ENSG00000112541	PDE10A	GroupB_exclusive			TK10,TK91	SNV	0	2
ENSG00000172572	PDE3A	GroupB_exclusive			TK92,TK93	SNV	0	2
ENSG00000227466	PDE4B-AS1	GroupB_exclusive			TK91,TK92	SNV	0	2
ENSG00000178104	PDE4DIP	GroupB_exclusive			TK92,TK93	SNV	0	2
ENSG00000229828	PDE4DIPP1	GroupB_exclusive			TK91,TK92	SNV	0	2
ENSG00000233430	PDE4DIPP3	GroupB_exclusive			TK92,TK93	SNV	0	2
ENSG00000275585	PDE4DIPP4	GroupB_exclusive			TK91,TK92	SNV	0	2
ENSG00000275064	PDE4DIPP5	GroupB_exclusive			TK92,TK93	SNV	0	2
ENSG00000270772	PDHA1P1	GroupB_exclusive			TK92,TK93	SNV	0	2
ENSG00000133401	PDZD2	GroupB_exclusive			TK10,TK12	SNV	0	2
ENSG00000215193	PEX26	GroupB_exclusive			TK10,TK92	SNV	0	2
ENSG00000225026	PFDN1P1	GroupB_exclusive			TK10,TK91	SNV	0	2
ENSG00000234367	PFN1P3	GroupB_exclusive			TK92,TK93	SNV	0	2
ENSG00000225080	PFN1P4	GroupB_exclusive			TK10,TK93	SNV	0	2
ENSG00000170950	PGK2	GroupB_exclusive			TK91,TK92	SNV	0	2
ENSG00000235740	PHACTR2-AS1	GroupB_exclusive			TK92,TK93	SNV	0	2
ENSG00000227593	PHB1P16	GroupB_exclusive			TK91,TK92	SNV	0	2
ENSG00000271072	PHB1P20	GroupB_exclusive			TK91,TK93	SNV	0	2
ENSG00000240471	PHB1P8	GroupB_exclusive			TK18,TK93	SNV	0	2
ENSG00000122733	PHF24	GroupB_exclusive			TK10,TK93	INDEL,SNV	0	2
ENSG00000226057	PHF2P2	GroupB_exclusive			TK12,TK92	SNV	0	2
ENSG00000238259	PHF5AP5	GroupB_exclusive			TK91,TK92	SNV	0	2
ENSG00000165462	PHOX2A	GroupB_exclusive			TK92,TK93	SNV	0	2
ENSG00000164530	PI16	GroupB_exclusive			TK10,TK18	SNV	0	2
ENSG00000290425	PI4KAP1	GroupB_exclusive			TK10,TK92	SNV	0	2
ENSG00000197563	PIGN	GroupB_exclusive			TK91,TK92	SNV	0	2
ENSG00000158828	PINK1	GroupB_exclusive			TK91,TK93	SNV	0	2
ENSG00000215057	PKMP5	GroupB_exclusive			TK92,TK93	SNV	0	2
ENSG00000261181	PLA2G10FP	GroupB_exclusive			TK91,TK93	SNV	0	2
ENSG00000257506	PLA2G10HP	GroupB_exclusive			TK91,TK92	SNV	0	2
ENSG00000268894	PLCE1-AS1	GroupB_exclusive			TK91,TK92	SNV	0	2
ENSG00000240766	PLCXD2-AS1	GroupB_exclusive			TK91,TK92	SNV	0	2
ENSG00000233448	PMS2P9	GroupB_exclusive			TK91,TK92	SNV	0	2
ENSG00000228089	PNKDP1	GroupB_exclusive			TK91,TK93	SNV	0	2
ENSG00000175535	PNLIP	GroupB_exclusive			TK92,TK93	SNV	0	2
ENSG00000250329	POGLUT2P1	GroupB_exclusive			TK92,TK93	SNV	0	2
ENSG00000214626	POLR3DP1	GroupB_exclusive			TK91,TK92	SNV	0	2
ENSG00000268295	POLR3GP1	GroupB_exclusive			TK91,TK93	SNV	0	2
ENSG00000266984	POLR3GP2	GroupB_exclusive			TK91,TK92	SNV	0	2
ENSG00000064835	POU1F1	GroupB_exclusive			TK92,TK93	SNV	0	2
ENSG00000258116	PPIAP45	GroupB_exclusive			TK10,TK18	SNV	0	2
ENSG00000232407	PPIAP70	GroupB_exclusive			TK10,TK92	SNV	0	2
ENSG00000228728	PPIAP91	GroupB_exclusive			TK18,TK93	INDEL,SNV	0	2
ENSG00000205936	PPP1R12BP2	GroupB_exclusive			TK91,TK92	SNV	0	2
ENSG00000178125	PPP1R42	GroupB_exclusive			TK10,TK93	SNV	0	2
ENSG00000251655	PRB1	GroupB_exclusive			TK12,TK93	SNV	0	2
ENSG00000223652	PRDM6-AS1	GroupB_exclusive			TK91,TK92	SNV	0	2
ENSG00000214121	PRDX1P1	GroupB_exclusive			TK91,TK93	INDEL,SNV	0	2
ENSG00000251656	PRELID3BP5	GroupB_exclusive			TK92,TK93	SNV	0	2
ENSG00000180644	PRF1	GroupB_exclusive			TK12,TK18	SNV	0	2
ENSG00000101000	PROCR	GroupB_exclusive			TK91,TK92	SNV	0	2
ENSG00000148426	PROSER2	GroupB_exclusive			TK91,TK92	SNV	0	2
ENSG00000225053	PRPF38AP1	GroupB_exclusive			TK18,TK91	SNV	0	2
ENSG00000135362	PRR5L	GroupB_exclusive			TK91,TK93	SNV	0	2
ENSG00000116132	PRRX1	GroupB_exclusive			TK91,TK93	SNV	0	2
ENSG00000253649	PRSS51	GroupB_exclusive			TK91,TK93	SNV	0	2
ENSG00000205155	PSENEN	GroupB_exclusive			TK91,TK93	SNV	0	2
ENSG00000147613	PSKH2	GroupB_exclusive			TK10,TK92	SNV	0	2
ENSG00000228663	PSMD10P1	GroupB_exclusive			TK10,TK91	SNV	0	2
ENSG00000240135	PSMD12P1	GroupB_exclusive			TK92,TK93	SNV	0	2
ENSG00000223741	PSMD4P1	GroupB_exclusive			TK91,TK92	INDEL,SNV	0	2
ENSG00000227462	PSME2P6	GroupB_exclusive			TK92,TK93	SNV	0	2
ENSG00000233067	PTCHD1-AS	GroupB_exclusive			TK91,TK92	SNV	0	2
ENSG00000231550	PTCHD3P2	GroupB_exclusive			TK10,TK92	SNV	0	2
ENSG00000148344	PTGES	GroupB_exclusive			TK10,TK93	INDEL,SNV	0	2
ENSG00000095303	PTGS1	GroupB_exclusive			TK10,TK92	SNV	0	2
ENSG00000073756	PTGS2	GroupB_exclusive			TK12,TK18	SNV	0	2
ENSG00000228415	PTMAP1	GroupB_exclusive			TK10,TK93	SNV	0	2
ENSG00000240882	PTOV1P1	GroupB_exclusive			TK10,TK92	SNV	0	2
ENSG00000254481	PTP4A2P2	GroupB_exclusive			TK91,TK92	SNV	0	2
ENSG00000239455	PTPN11P1	GroupB_exclusive			TK92,TK93	SNV	0	2
ENSG00000226717	PTPRD-DT	GroupB_exclusive			TK10,TK92	SNV	0	2
ENSG00000157502	PWWP3B	GroupB_exclusive			TK91,TK92	SNV	0	2
ENSG00000103490	PYCARD	GroupB_exclusive			TK10,TK91	INDEL,SNV	0	2
ENSG00000253548	PYDC2	GroupB_exclusive			TK92,TK93	SNV	0	2
ENSG00000156675	RAB11FIP1	GroupB_exclusive			TK91,TK93	SNV	0	2
ENSG00000231423	RAB9AP5	GroupB_exclusive			TK91,TK92	SNV	0	2
ENSG00000223525	RABGAP1L-IT1	GroupB_exclusive			TK12,TK93	SNV	0	2
ENSG00000257331	RACGAP1P1	GroupB_exclusive			TK91,TK92	SNV	0	2
ENSG00000249921	RACK1P1	GroupB_exclusive			TK91,TK93	SNV	0	2
ENSG00000234569	RAD1P1	GroupB_exclusive			TK92,TK93	INDEL,SNV	0	2
ENSG00000238116	RAD21P1	GroupB_exclusive			TK91,TK92	INDEL,SNV	0	2
ENSG00000238029	RALBP1P2	GroupB_exclusive			TK91,TK92	SNV	0	2
ENSG00000232391	RANP2	GroupB_exclusive			TK92,TK93	SNV	0	2
ENSG00000225125	RANP4	GroupB_exclusive			TK92,TK93	INDEL,SNV	0	2
ENSG00000233524	RANP8	GroupB_exclusive			TK91,TK92	INDEL,SNV	0	2
ENSG00000258769	RAP1AP	GroupB_exclusive			TK12,TK91	SNV	0	2
ENSG00000250170	RASA2-IT1	GroupB_exclusive			TK92,TK93	SNV	0	2
ENSG00000251450	RASGRF2-AS1	GroupB_exclusive			TK91,TK92	SNV	0	2
ENSG00000254670	RASSF10-DT	GroupB_exclusive			TK91,TK93	SNV	0	2
ENSG00000214561	RBBP4P4	GroupB_exclusive			TK12,TK93	SNV	0	2
ENSG00000223575	RBMX2P3	GroupB_exclusive			TK91,TK92	SNV	0	2
ENSG00000227204	RBMY2JP	GroupB_exclusive			TK91,TK92	SNV	0	2
ENSG00000234025	RBPMS2P1	GroupB_exclusive			TK10,TK93	SNV	0	2
ENSG00000251050	RBX1P2	GroupB_exclusive			TK10,TK93	SNV	0	2
ENSG00000224977	RC3H1-DT	GroupB_exclusive			TK18,TK91	SNV	0	2
ENSG00000137710	RDX	GroupB_exclusive			TK92,TK93	SNV	0	2
ENSG00000255387	RDXP1	GroupB_exclusive			TK91,TK93	SNV	0	2
ENSG00000128250	RFPL1	GroupB_exclusive			TK10,TK93	SNV	0	2
ENSG00000230651	RGPD4-AS1	GroupB_exclusive			TK18,TK92	SNV	0	2
ENSG00000140519	RHCG	GroupB_exclusive			TK91,TK92	SNV	0	2
ENSG00000246820	RIC3-DT	GroupB_exclusive			TK10,TK12	SNV	0	2
ENSG00000101098	RIMS4	GroupB_exclusive			TK10,TK18	SNV	0	2
ENSG00000201600	RN7SKP124	GroupB_exclusive			TK91,TK93	SNV	0	2
ENSG00000222162	RN7SKP151	GroupB_exclusive			TK91,TK93	SNV	0	2
ENSG00000222385	RN7SKP158	GroupB_exclusive			TK91,TK92	SNV	0	2
ENSG00000222352	RN7SKP221	GroupB_exclusive			TK10,TK93	SNV	0	2
ENSG00000222102	RN7SKP232	GroupB_exclusive			TK91,TK93	SNV	0	2
ENSG00000252051	RN7SKP276	GroupB_exclusive			TK10,TK91	SNV	0	2
ENSG00000223117	RN7SKP296	GroupB_exclusive			TK92,TK93	SNV	0	2
ENSG00000201901	RN7SKP48	GroupB_exclusive			TK91,TK92	SNV	0	2
ENSG00000253015	RN7SKP64	GroupB_exclusive			TK91,TK93	SNV	0	2
ENSG00000252464	RN7SKP70	GroupB_exclusive			TK92,TK93	SNV	0	2
ENSG00000201793	RN7SKP9	GroupB_exclusive			TK91,TK93	SNV	0	2
ENSG00000252879	RN7SKP98	GroupB_exclusive			TK92,TK93	SNV	0	2
ENSG00000243546	RN7SL108P	GroupB_exclusive			TK91,TK92	SNV	0	2
ENSG00000276281	RN7SL126P	GroupB_exclusive			TK18,TK92	SNV	0	2
ENSG00000240869	RN7SL128P	GroupB_exclusive			TK91,TK92	SNV	0	2
ENSG00000240106	RN7SL146P	GroupB_exclusive			TK91,TK92	SNV	0	2
ENSG00000264573	RN7SL15P	GroupB_exclusive			TK10,TK92	SNV	0	2
ENSG00000243005	RN7SL16P	GroupB_exclusive			TK91,TK93	SNV	0	2
ENSG00000243333	RN7SL174P	GroupB_exclusive			TK91,TK92	SNV	0	2
ENSG00000241461	RN7SL182P	GroupB_exclusive			TK92,TK93	SNV	0	2
ENSG00000264676	RN7SL204P	GroupB_exclusive			TK10,TK93	SNV	0	2
ENSG00000239856	RN7SL225P	GroupB_exclusive			TK92,TK93	SNV	0	2
ENSG00000243870	RN7SL236P	GroupB_exclusive			TK10,TK18	SNV	0	2
ENSG00000242999	RN7SL239P	GroupB_exclusive			TK92,TK93	SNV	0	2
ENSG00000240160	RN7SL263P	GroupB_exclusive			TK18,TK91	SNV	0	2
ENSG00000241709	RN7SL265P	GroupB_exclusive			TK18,TK92	INDEL,SNV	0	2
ENSG00000244512	RN7SL28P	GroupB_exclusive			TK91,TK92	SNV	0	2
ENSG00000240853	RN7SL328P	GroupB_exclusive			TK91,TK93	SNV	0	2
ENSG00000263941	RN7SL32P	GroupB_exclusive			TK92,TK93	SNV	0	2
ENSG00000243560	RN7SL364P	GroupB_exclusive			TK18,TK91	SNV	0	2
ENSG00000265814	RN7SL376P	GroupB_exclusive			TK91,TK93	SNV	0	2
ENSG00000244056	RN7SL417P	GroupB_exclusive			TK10,TK12	SNV	0	2
ENSG00000243883	RN7SL419P	GroupB_exclusive			TK91,TK93	SNV	0	2
ENSG00000264322	RN7SL448P	GroupB_exclusive			TK10,TK92	SNV	0	2
ENSG00000243872	RN7SL464P	GroupB_exclusive			TK91,TK93	SNV	0	2
ENSG00000243871	RN7SL487P	GroupB_exclusive			TK10,TK93	SNV	0	2
ENSG00000266308	RN7SL510P	GroupB_exclusive			TK91,TK92	INDEL,SNV	0	2
ENSG00000240750	RN7SL559P	GroupB_exclusive			TK92,TK93	SNV	0	2
ENSG00000266075	RN7SL574P	GroupB_exclusive			TK10,TK92	SNV	0	2
ENSG00000240233	RN7SL587P	GroupB_exclusive			TK92,TK93	INDEL,SNV	0	2
ENSG00000239247	RN7SL589P	GroupB_exclusive			TK18,TK93	SNV	0	2
ENSG00000274475	RN7SL650P	GroupB_exclusive			TK18,TK93	SNV	0	2
ENSG00000264293	RN7SL657P	GroupB_exclusive			TK18,TK93	SNV	0	2
ENSG00000239742	RN7SL672P	GroupB_exclusive			TK92,TK93	SNV	0	2
ENSG00000244335	RN7SL687P	GroupB_exclusive			TK18,TK92	SNV	0	2
ENSG00000239726	RN7SL688P	GroupB_exclusive			TK92,TK93	SNV	0	2
ENSG00000239710	RN7SL692P	GroupB_exclusive			TK91,TK92	SNV	0	2
ENSG00000241144	RN7SL728P	GroupB_exclusive			TK92,TK93	SNV	0	2
ENSG00000273946	RN7SL733P	GroupB_exclusive			TK92,TK93	SNV	0	2
ENSG00000239964	RN7SL748P	GroupB_exclusive			TK91,TK92	SNV	0	2
ENSG00000239437	RN7SL752P	GroupB_exclusive			TK91,TK92	SNV	0	2
ENSG00000272412	RN7SL778P	GroupB_exclusive			TK92,TK93	SNV	0	2
ENSG00000239731	RN7SL825P	GroupB_exclusive			TK91,TK92	SNV	0	2
ENSG00000240718	RN7SL851P	GroupB_exclusive			TK12,TK91	SNV	0	2
ENSG00000201595	RNA5SP132	GroupB_exclusive			TK91,TK92	SNV	0	2
ENSG00000207129	RNA5SP187	GroupB_exclusive			TK10,TK93	SNV	0	2
ENSG00000201532	RNA5SP194	GroupB_exclusive			TK91,TK92	SNV	0	2
ENSG00000252164	RNA5SP282	GroupB_exclusive			TK91,TK93	SNV	0	2
ENSG00000199638	RNA5SP319	GroupB_exclusive			TK91,TK92	SNV	0	2
ENSG00000222123	RNA5SP390	GroupB_exclusive			TK91,TK93	SNV	0	2
ENSG00000222585	RNA5SP494	GroupB_exclusive			TK91,TK92	SNV	0	2
ENSG00000265790	RNASEH1P1	GroupB_exclusive			TK92,TK93	SNV	0	2
ENSG00000242068	RNF13P1	GroupB_exclusive			TK92,TK93	SNV	0	2
ENSG00000232915	RNF14P1	GroupB_exclusive			TK92,TK93	SNV	0	2
ENSG00000202125	RNU1-100P	GroupB_exclusive			TK92,TK93	SNV	0	2
ENSG00000252311	RNU1-103P	GroupB_exclusive			TK10,TK93	SNV	0	2
ENSG00000201142	RNU1-151P	GroupB_exclusive			TK18,TK92	SNV	0	2
ENSG00000199652	RNU1-35P	GroupB_exclusive			TK10,TK92	INDEL,SNV	0	2
ENSG00000251877	RNU2-45P	GroupB_exclusive			TK92,TK93	SNV	0	2
ENSG00000252212	RNU2-58P	GroupB_exclusive			TK91,TK92	SNV	0	2
ENSG00000222363	RNU4-34P	GroupB_exclusive			TK18,TK92	SNV	0	2
ENSG00000251889	RNU4-49P	GroupB_exclusive			TK92,TK93	SNV	0	2
ENSG00000201317	RNU4-59P	GroupB_exclusive			TK91,TK93	SNV	0	2
ENSG00000199313	RNU4-82P	GroupB_exclusive			TK91,TK92	SNV	0	2
ENSG00000252116	RNU4ATAC4P	GroupB_exclusive			TK91,TK93	SNV	0	2
ENSG00000206625	RNU6-1	GroupB_exclusive			TK92,TK93	SNV	0	2
ENSG00000222287	RNU6-1043P	GroupB_exclusive			TK91,TK92	SNV	0	2
ENSG00000207237	RNU6-110P	GroupB_exclusive			TK10,TK91	SNV	0	2
ENSG00000251939	RNU6-1278P	GroupB_exclusive			TK10,TK91	SNV	0	2
ENSG00000201223	RNU6-1305P	GroupB_exclusive			TK92,TK93	INDEL	0	2
ENSG00000199645	RNU6-1330P	GroupB_exclusive			TK91,TK92	INDEL,SNV	0	2
ENSG00000207113	RNU6-16P	GroupB_exclusive			TK91,TK92	SNV	0	2
ENSG00000200732	RNU6-194P	GroupB_exclusive			TK10,TK93	INDEL,SNV	0	2
ENSG00000252489	RNU6-197P	GroupB_exclusive			TK91,TK93	SNV	0	2
ENSG00000201613	RNU6-200P	GroupB_exclusive			TK91,TK93	SNV	0	2
ENSG00000202119	RNU6-302P	GroupB_exclusive			TK91,TK93	SNV	0	2
ENSG00000207524	RNU6-33P	GroupB_exclusive			TK91,TK92	SNV	0	2
ENSG00000202034	RNU6-399P	GroupB_exclusive			TK91,TK93	SNV	0	2
ENSG00000201524	RNU6-450P	GroupB_exclusive			TK92,TK93	SNV	0	2
ENSG00000199865	RNU6-495P	GroupB_exclusive			TK92,TK93	INDEL	0	2
ENSG00000199226	RNU6-50P	GroupB_exclusive			TK10,TK92	INDEL,SNV	0	2
ENSG00000251913	RNU6-513P	GroupB_exclusive			TK10,TK91	SNV	0	2
ENSG00000223313	RNU6-516P	GroupB_exclusive			TK18,TK92	INDEL,SNV	0	2
ENSG00000253086	RNU6-537P	GroupB_exclusive			TK91,TK92	SNV	0	2
ENSG00000201382	RNU6-558P	GroupB_exclusive			TK10,TK92	SNV	0	2
ENSG00000222282	RNU6-584P	GroupB_exclusive			TK92,TK93	SNV	0	2
ENSG00000252294	RNU6-589P	GroupB_exclusive			TK92,TK93	INDEL,SNV	0	2
ENSG00000207003	RNU6-611P	GroupB_exclusive			TK91,TK92	SNV	0	2
ENSG00000251874	RNU6-615P	GroupB_exclusive			TK91,TK93	SNV	0	2
ENSG00000202445	RNU6-669P	GroupB_exclusive			TK91,TK92	SNV	0	2
ENSG00000201182	RNU6-670P	GroupB_exclusive			TK91,TK93	SNV	0	2
ENSG00000207507	RNU6-9	GroupB_exclusive			TK91,TK93	INDEL	0	2
ENSG00000222092	RNU6-908P	GroupB_exclusive			TK92,TK93	SNV	0	2
ENSG00000252804	RNU6-958P	GroupB_exclusive			TK12,TK92	SNV	0	2
ENSG00000200926	RNU6-960P	GroupB_exclusive			TK92,TK93	INDEL,SNV	0	2
ENSG00000252220	RNU6-977P	GroupB_exclusive			TK91,TK93	SNV	0	2
ENSG00000210678	RNU6ATAC2P	GroupB_exclusive			TK91,TK92	SNV	0	2
ENSG00000221564	RNU6ATAC42P	GroupB_exclusive			TK91,TK92	SNV	0	2
ENSG00000221038	RNU6ATAC7P	GroupB_exclusive			TK92,TK93	SNV	0	2
ENSG00000206832	RNU6V	GroupB_exclusive			TK91,TK92	INDEL	0	2
ENSG00000202408	RNVU1-21	GroupB_exclusive			TK10,TK18	SNV	0	2
ENSG00000273768	RNVU1-29	GroupB_exclusive			TK10,TK12	SNV	0	2
ENSG00000201183	RNVU1-3	GroupB_exclusive			TK10,TK92	SNV	0	2
ENSG00000201098	RNY1	GroupB_exclusive			TK91,TK92	SNV	0	2
ENSG00000201900	RNY1P13	GroupB_exclusive			TK91,TK93	SNV	0	2
ENSG00000233010	RPEP4	GroupB_exclusive			TK91,TK93	SNV	0	2
ENSG00000262061	RPH3AL-AS1	GroupB_exclusive			TK12,TK91	SNV	0	2
ENSG00000235644	RPL10P5	GroupB_exclusive			TK91,TK92	INDEL,SNV	0	2
ENSG00000242052	RPL10P7	GroupB_exclusive			TK12,TK92	SNV	0	2
ENSG00000244585	RPL12P33	GroupB_exclusive			TK91,TK92	SNV	0	2
ENSG00000227123	RPL12P44	GroupB_exclusive			TK91,TK93	SNV	0	2
ENSG00000226624	RPL13AP16	GroupB_exclusive			TK92,TK93	INDEL,SNV	0	2
ENSG00000242990	RPL13AP23	GroupB_exclusive			TK92,TK93	SNV	0	2
ENSG00000213916	RPL13P	GroupB_exclusive			TK91,TK93	SNV	0	2
ENSG00000225662	RPL14P2	GroupB_exclusive			TK91,TK93	SNV	0	2
ENSG00000224672	RPL17P10	GroupB_exclusive			TK92,TK93	SNV	0	2
ENSG00000271705	RPL17P3	GroupB_exclusive			TK91,TK92	SNV	0	2
ENSG00000241067	RPL17P40	GroupB_exclusive			TK10,TK93	SNV	0	2
ENSG00000223916	RPL18AP9	GroupB_exclusive			TK18,TK93	SNV	0	2
ENSG00000214359	RPL18P10	GroupB_exclusive			TK92,TK93	SNV	0	2
ENSG00000213307	RPL18P11	GroupB_exclusive			TK10,TK92	SNV	0	2
ENSG00000243568	RPL21P115	GroupB_exclusive			TK91,TK92	SNV	0	2
ENSG00000219133	RPL21P19	GroupB_exclusive			TK92,TK93	SNV	0	2
ENSG00000241739	RPL21P56	GroupB_exclusive			TK91,TK93	SNV	0	2
ENSG00000240919	RPL21P79	GroupB_exclusive			TK92,TK93	SNV	0	2
ENSG00000180662	RPL21P8	GroupB_exclusive			TK92,TK93	SNV	0	2
ENSG00000229605	RPL21P93	GroupB_exclusive			TK91,TK93	INDEL,SNV	0	2
ENSG00000233707	RPL22P11	GroupB_exclusive			TK92,TK93	INDEL,SNV	0	2
ENSG00000237745	RPL22P8	GroupB_exclusive			TK91,TK92	SNV	0	2
ENSG00000236863	RPL23AP23	GroupB_exclusive			TK92,TK93	SNV	0	2
ENSG00000233084	RPL23AP25	GroupB_exclusive			TK91,TK93	INDEL,SNV	0	2
ENSG00000214914	RPL23AP3	GroupB_exclusive			TK92,TK93	SNV	0	2
ENSG00000237824	RPL23AP33	GroupB_exclusive			TK92,TK93	SNV	0	2
ENSG00000212932	RPL23AP4	GroupB_exclusive			TK91,TK92	SNV	0	2
ENSG00000227337	RPL23AP43	GroupB_exclusive			TK10,TK93	SNV	0	2
ENSG00000240991	RPL23AP67	GroupB_exclusive			TK10,TK12	SNV	0	2
ENSG00000240125	RPL23AP75	GroupB_exclusive			TK92,TK93	SNV	0	2
ENSG00000236848	RPL23AP95	GroupB_exclusive			TK18,TK93	SNV	0	2
ENSG00000260615	RPL23AP97	GroupB_exclusive			TK92,TK93	SNV	0	2
ENSG00000243744	RPL29P13	GroupB_exclusive			TK91,TK92	SNV	0	2
ENSG00000237888	RPL29P31	GroupB_exclusive			TK10,TK93	SNV	0	2
ENSG00000230202	RPL29P4	GroupB_exclusive			TK10,TK93	SNV	0	2
ENSG00000215381	RPL29P6	GroupB_exclusive			TK91,TK93	SNV	0	2
ENSG00000244573	RPL30P11	GroupB_exclusive			TK10,TK12	INDEL,SNV	0	2
ENSG00000227207	RPL31P12	GroupB_exclusive			TK91,TK93	SNV	0	2
ENSG00000227433	RPL31P22	GroupB_exclusive			TK92,TK93	INDEL,SNV	0	2
ENSG00000239988	RPL31P60	GroupB_exclusive			TK91,TK92	SNV	0	2
ENSG00000232083	RPL31P7	GroupB_exclusive			TK91,TK92	INDEL,SNV	0	2
ENSG00000213872	RPL32P11	GroupB_exclusive			TK91,TK92	SNV	0	2
ENSG00000232858	RPL34P27	GroupB_exclusive			TK91,TK93	SNV	0	2
ENSG00000229814	RPL35AP21	GroupB_exclusive			TK92,TK93	SNV	0	2
ENSG00000225832	RPL36AP25	GroupB_exclusive			TK92,TK93	SNV	0	2
ENSG00000242087	RPL36AP41	GroupB_exclusive			TK91,TK92	SNV	0	2
ENSG00000242123	RPL36AP47	GroupB_exclusive			TK92,TK93	SNV	0	2
ENSG00000213361	RPL36P12	GroupB_exclusive			TK92,TK93	SNV	0	2
ENSG00000218749	RPL36P9	GroupB_exclusive			TK92,TK93	SNV	0	2
ENSG00000241431	RPL37P6	GroupB_exclusive			TK10,TK93	SNV	0	2
ENSG00000224463	RPL39P14	GroupB_exclusive			TK10,TK91	SNV	0	2
ENSG00000227470	RPL39P16	GroupB_exclusive			TK12,TK92	SNV	0	2
ENSG00000243095	RPL3P10	GroupB_exclusive			TK91,TK92	INDEL,SNV	0	2
ENSG00000240540	RPL3P9	GroupB_exclusive			TK91,TK92	SNV	0	2
ENSG00000240954	RPL4P1	GroupB_exclusive			TK91,TK92	SNV	0	2
ENSG00000244052	RPL5P24	GroupB_exclusive			TK10,TK93	SNV	0	2
ENSG00000242276	RPL5P3	GroupB_exclusive			TK92,TK93	INDEL,SNV	0	2
ENSG00000234415	RPL5P7	GroupB_exclusive			TK92,TK93	SNV	0	2
ENSG00000214671	RPL6P12	GroupB_exclusive			TK92,TK93	INDEL,SNV	0	2
ENSG00000240159	RPL6P16	GroupB_exclusive			TK12,TK93	SNV	0	2
ENSG00000240738	RPL6P22	GroupB_exclusive			TK92,TK93	SNV	0	2
ENSG00000213979	RPL7AP14	GroupB_exclusive			TK91,TK92	INDEL,SNV	0	2
ENSG00000213641	RPL7AP4	GroupB_exclusive			TK91,TK92	SNV	0	2
ENSG00000231035	RPL7L1P9	GroupB_exclusive			TK91,TK93	SNV	0	2
ENSG00000234253	RPL7P13	GroupB_exclusive			TK91,TK93	SNV	0	2
ENSG00000232994	RPL7P14	GroupB_exclusive			TK10,TK91	SNV	0	2
ENSG00000242899	RPL7P16	GroupB_exclusive			TK18,TK93	SNV	0	2
ENSG00000240003	RPL7P24	GroupB_exclusive			TK91,TK92	SNV	0	2
ENSG00000220069	RPL7P27	GroupB_exclusive			TK10,TK93	SNV	0	2
ENSG00000243020	RPL7P39	GroupB_exclusive			TK18,TK92	SNV	0	2
ENSG00000224315	RPL7P7	GroupB_exclusive			TK91,TK92	SNV	0	2
ENSG00000234324	RPL9P2	GroupB_exclusive			TK91,TK92	SNV	0	2
ENSG00000240074	RPL9P30	GroupB_exclusive			TK92,TK93	SNV	0	2
ENSG00000215184	RPS12P16	GroupB_exclusive			TK92,TK93	SNV	0	2
ENSG00000244134	RPS12P20	GroupB_exclusive			TK10,TK92	SNV	0	2
ENSG00000240435	RPS12P27	GroupB_exclusive			TK92,TK93	SNV	0	2
ENSG00000240494	RPS12P28	GroupB_exclusive			TK18,TK93	SNV	0	2
ENSG00000237953	RPS13P5	GroupB_exclusive			TK91,TK92	SNV	0	2
ENSG00000237668	RPS15AP38	GroupB_exclusive			TK91,TK93	SNV	0	2
ENSG00000244621	RPS17P11	GroupB_exclusive			TK92,TK93	SNV	0	2
ENSG00000197575	RPS17P2	GroupB_exclusive			TK91,TK92	INDEL,SNV	0	2
ENSG00000227523	RPS20P15	GroupB_exclusive			TK92,TK93	INDEL	0	2
ENSG00000213448	RPS23P2	GroupB_exclusive			TK92,TK93	SNV	0	2
ENSG00000229087	RPS26P18	GroupB_exclusive			TK91,TK92	INDEL,SNV	0	2
ENSG00000232437	RPS26P42	GroupB_exclusive			TK91,TK93	SNV	0	2
ENSG00000218208	RPS27AP11	GroupB_exclusive			TK10,TK91	SNV	0	2
ENSG00000244717	RPS27P14	GroupB_exclusive			TK91,TK92	SNV	0	2
ENSG00000229054	RPS29P14	GroupB_exclusive			TK10,TK92	SNV	0	2
ENSG00000235354	RPS29P16	GroupB_exclusive			TK12,TK92	SNV	0	2
ENSG00000241965	RPS2P25	GroupB_exclusive			TK92,TK93	SNV	0	2
ENSG00000227032	RPS2P36	GroupB_exclusive			TK91,TK92	SNV	0	2
ENSG00000244378	RPS2P45	GroupB_exclusive			TK92,TK93	SNV	0	2
ENSG00000214255	RPS2P6	GroupB_exclusive			TK92,TK93	SNV	0	2
ENSG00000226292	RPS3AP10	GroupB_exclusive			TK92,TK93	SNV	0	2
ENSG00000244674	RPS3AP15	GroupB_exclusive			TK92,TK93	SNV	0	2
ENSG00000244004	RPS3AP19	GroupB_exclusive			TK91,TK93	SNV	0	2
ENSG00000218351	RPS3AP23	GroupB_exclusive			TK91,TK92	SNV	0	2
ENSG00000234995	RPS3AP28	GroupB_exclusive			TK92,TK93	SNV	0	2
ENSG00000231307	RPS3P2	GroupB_exclusive			TK18,TK93	SNV	0	2
ENSG00000214203	RPS4XP1	GroupB_exclusive			TK12,TK92	SNV	0	2
ENSG00000244217	RPS4XP10	GroupB_exclusive			TK91,TK92	SNV	0	2
ENSG00000218265	RPS4XP7	GroupB_exclusive			TK12,TK93	SNV	0	2
ENSG00000219146	RPS4XP8	GroupB_exclusive			TK91,TK93	SNV	0	2
ENSG00000243250	RPS6P16	GroupB_exclusive			TK91,TK92	SNV	0	2
ENSG00000237186	RPS8P5	GroupB_exclusive			TK91,TK92	SNV	0	2
ENSG00000243175	RPSAP36	GroupB_exclusive			TK91,TK93	INDEL,SNV	0	2
ENSG00000226327	RPSAP49	GroupB_exclusive			TK91,TK92	SNV	0	2
ENSG00000236360	RRAS2P1	GroupB_exclusive			TK10,TK92	INDEL,SNV	0	2
ENSG00000236484	RRM2P2	GroupB_exclusive			TK10,TK93	SNV	0	2
ENSG00000230595	RSL24D1P2	GroupB_exclusive			TK91,TK93	SNV	0	2
ENSG00000169218	RSPO1	GroupB_exclusive			TK10,TK12	SNV	0	2
ENSG00000187823	RTL4	GroupB_exclusive			TK91,TK92	SNV	0	2
ENSG00000225496	RTRAFP1	GroupB_exclusive			TK92,TK93	SNV	0	2
ENSG00000237632	S100A11P1	GroupB_exclusive			TK10,TK91	SNV	0	2
ENSG00000169906	S100G	GroupB_exclusive			TK91,TK92	SNV	0	2
ENSG00000291152	SBDSP1	GroupB_exclusive			TK92,TK93	SNV	0	2
ENSG00000224904	SBF1P2	GroupB_exclusive			TK91,TK92	SNV	0	2
ENSG00000187550	SBK2	GroupB_exclusive			TK10,TK12	SNV	0	2
ENSG00000153130	SCOC	GroupB_exclusive			TK18,TK93	SNV	0	2
ENSG00000170426	SDR9C7	GroupB_exclusive			TK10,TK92	SNV	0	2
ENSG00000065665	SEC61A2	GroupB_exclusive			TK91,TK93	SNV	0	2
ENSG00000275562	SEPTIN7P12	GroupB_exclusive			TK10,TK91	SNV	0	2
ENSG00000240651	SEPTIN7P4	GroupB_exclusive			TK91,TK92	INDEL,SNV	0	2
ENSG00000151778	SERP2	GroupB_exclusive			TK10,TK92	SNV	0	2
ENSG00000186369	SERTAD4BP	GroupB_exclusive			TK10,TK18	INDEL,SNV	0	2
ENSG00000239570	SETP11	GroupB_exclusive			TK92,TK93	SNV	0	2
ENSG00000225094	SETP20	GroupB_exclusive			TK92,TK93	SNV	0	2
ENSG00000237211	SETP4	GroupB_exclusive			TK92,TK93	SNV	0	2
ENSG00000233998	SETP5	GroupB_exclusive			TK10,TK92	SNV	0	2
ENSG00000227541	SFR1P1	GroupB_exclusive			TK91,TK92	SNV	0	2
ENSG00000170624	SGCD	GroupB_exclusive			TK10,TK93	SNV	0	2
ENSG00000183918	SH2D1A	GroupB_exclusive			TK92,TK93	SNV	0	2
ENSG00000264943	SH3GL1P2	GroupB_exclusive			TK10,TK18	SNV	0	2
ENSG00000107295	SH3GL2	GroupB_exclusive			TK91,TK93	SNV	0	2
ENSG00000236262	SHANK2-AS2	GroupB_exclusive			TK91,TK92	INDEL,SNV	0	2
ENSG00000239453	SIDT1-AS1	GroupB_exclusive			TK92,TK93	SNV	0	2
ENSG00000268267	SIGLEC29P	GroupB_exclusive			TK18,TK91	SNV	0	2
ENSG00000105501	SIGLEC5	GroupB_exclusive			TK10,TK18	SNV	0	2
ENSG00000184302	SIX6	GroupB_exclusive			TK10,TK91	SNV	0	2
ENSG00000074803	SLC12A1	GroupB_exclusive			TK91,TK93	SNV	0	2
ENSG00000007216	SLC13A2	GroupB_exclusive			TK91,TK92	SNV	0	2
ENSG00000172940	SLC22A13	GroupB_exclusive			TK91,TK92	SNV	0	2
ENSG00000220483	SLC25A51P1	GroupB_exclusive			TK91,TK93	SNV	0	2
ENSG00000228948	SLC25A6P5	GroupB_exclusive			TK91,TK93	INDEL,SNV	0	2
ENSG00000109667	SLC2A9	GroupB_exclusive			TK10,TK92	SNV	0	2
ENSG00000160190	SLC37A1	GroupB_exclusive			TK10,TK92	SNV	0	2
ENSG00000257261	SLC38A4-AS1	GroupB_exclusive			TK10,TK12	SNV	0	2
ENSG00000242082	SLC5A4-AS1	GroupB_exclusive			TK10,TK18	INDEL,SNV	0	2
ENSG00000227367	SLC9B1P4	GroupB_exclusive			TK10,TK92	SNV	0	2
ENSG00000248228	SLIT2-IT1	GroupB_exclusive			TK92,TK93	SNV	0	2
ENSG00000246541	SMARCAD1-DT	GroupB_exclusive			TK10,TK92	SNV	0	2
ENSG00000291263	SMG1P7	GroupB_exclusive			TK12,TK91	SNV	0	2
ENSG00000235285	SMIM2-IT1	GroupB_exclusive			TK18,TK92	SNV	0	2
ENSG00000256235	SMIM3	GroupB_exclusive			TK10,TK92	INDEL,SNV	0	2
ENSG00000172062	SMN1	GroupB_exclusive			TK18,TK92	SNV	0	2
ENSG00000064692	SNCAIP	GroupB_exclusive			TK12,TK18	SNV	0	2
ENSG00000206785	SNORA15B-2	GroupB_exclusive			TK10,TK93	SNV	0	2
ENSG00000199293	SNORA21	GroupB_exclusive			TK18,TK92	SNV	0	2
ENSG00000201129	SNORA58B	GroupB_exclusive			TK10,TK92	SNV	0	2
ENSG00000201376	SNORA70	GroupB_exclusive			TK12,TK93	SNV	0	2
ENSG00000206869	SNORA70F	GroupB_exclusive			TK12,TK91	SNV	0	2
ENSG00000200355	SNORA72	GroupB_exclusive			TK91,TK92	SNV	0	2
ENSG00000212440	SNORA75	GroupB_exclusive			TK92,TK93	SNV	0	2
ENSG00000212533	SNORA75	GroupB_exclusive			TK18,TK93	SNV	0	2
ENSG00000207496	SNORA7A	GroupB_exclusive			TK91,TK92	SNV	0	2
ENSG00000206633	SNORA80B	GroupB_exclusive			TK10,TK92	SNV	0	2
ENSG00000278123	SNORD116-28	GroupB_exclusive			TK10,TK18	SNV	0	2
ENSG00000284078	SNORD138	GroupB_exclusive			TK10,TK93	SNV	0	2
ENSG00000207445	SNORD15B	GroupB_exclusive			TK18,TK92	SNV	0	2
ENSG00000199574	SNORD18C	GroupB_exclusive			TK10,TK18	SNV	0	2
ENSG00000281000	SNORD3D	GroupB_exclusive			TK18,TK93	SNV	0	2
ENSG00000209702	SNORD41	GroupB_exclusive			TK12,TK93	SNV	0	2
ENSG00000212309	SNORD70B	GroupB_exclusive			TK10,TK18	SNV	0	2
ENSG00000250342	SNRPCP16	GroupB_exclusive			TK91,TK93	SNV	0	2
ENSG00000231812	SNRPCP9	GroupB_exclusive			TK91,TK93	SNV	0	2
ENSG00000229786	SNRPFP2	GroupB_exclusive			TK91,TK92	SNV	0	2
ENSG00000225792	SNX10-AS1	GroupB_exclusive			TK10,TK92	SNV	0	2
ENSG00000279718	SNX18P12	GroupB_exclusive			TK10,TK91	SNV	0	2
ENSG00000251539	SNX18P24	GroupB_exclusive			TK10,TK92	SNV	0	2
ENSG00000227568	SNX18P26	GroupB_exclusive			TK91,TK92	SNV	0	2
ENSG00000225345	SNX18P3	GroupB_exclusive			TK10,TK92	SNV	0	2
ENSG00000229146	SNX18P4	GroupB_exclusive			TK91,TK92	SNV	0	2
ENSG00000234373	SNX18P7	GroupB_exclusive			TK91,TK92	SNV	0	2
ENSG00000158482	SNX29P1	GroupB_exclusive			TK91,TK92	SNV	0	2
ENSG00000224682	SOCS5P2	GroupB_exclusive			TK18,TK92	SNV	0	2
ENSG00000234257	SOD2P1	GroupB_exclusive			TK91,TK93	SNV	0	2
ENSG00000241794	SPRR2A	GroupB_exclusive			TK18,TK92	SNV	0	2
ENSG00000227922	SPTLC1P5	GroupB_exclusive			TK92,TK93	SNV	0	2
ENSG00000196542	SPTSSB	GroupB_exclusive			TK92,TK93	SNV	0	2
ENSG00000253513	SQLE-DT	GroupB_exclusive			TK12,TK18	SNV	0	2
ENSG00000228723	SRGAP3-AS2	GroupB_exclusive			TK92,TK93	INDEL,SNV	0	2
ENSG00000165120	SSMEM1	GroupB_exclusive			TK10,TK92	INDEL,SNV	0	2
ENSG00000230300	STARD13-IT1	GroupB_exclusive			TK12,TK18	SNV	0	2
ENSG00000227581	STAU2P1	GroupB_exclusive			TK10,TK93	SNV	0	2
ENSG00000104375	STK3	GroupB_exclusive			TK10,TK91	SNV	0	2
ENSG00000213205	STRADBP1	GroupB_exclusive			TK91,TK92	INDEL,SNV	0	2
ENSG00000248221	STX18-IT1	GroupB_exclusive			TK91,TK93	SNV	0	2
ENSG00000235555	SUMO1P4	GroupB_exclusive			TK92,TK93	SNV	0	2
ENSG00000235424	SUMO2P10	GroupB_exclusive			TK12,TK93	SNV	0	2
ENSG00000249183	SUMO2P4	GroupB_exclusive			TK91,TK92	SNV	0	2
ENSG00000103528	SYT17	GroupB_exclusive			TK91,TK92	SNV	0	2
ENSG00000229372	SZT2-AS1	GroupB_exclusive			TK10,TK93	SNV	0	2
ENSG00000283776	TAF11L13	GroupB_exclusive			TK91,TK92	SNV	0	2
ENSG00000170921	TANC2	GroupB_exclusive			TK91,TK92	SNV	0	2
ENSG00000186136	TAS2R42	GroupB_exclusive			TK92,TK93	SNV	0	2
ENSG00000256274	TAS2R64P	GroupB_exclusive			TK18,TK91	SNV	0	2
ENSG00000121381	TAS2R9	GroupB_exclusive			TK91,TK92	SNV	0	2
ENSG00000249055	TBCAP3	GroupB_exclusive			TK18,TK91	SNV	0	2
ENSG00000092377	TBL1Y	GroupB_exclusive			TK10,TK18	INDEL,SNV	0	2
ENSG00000224611	TBPL1P1	GroupB_exclusive			TK92,TK93	SNV	0	2
ENSG00000204065	TCEAL5	GroupB_exclusive			TK91,TK92	SNV	0	2
ENSG00000116205	TCEANC2	GroupB_exclusive			TK18,TK92	SNV	0	2
ENSG00000124678	TCP11	GroupB_exclusive			TK10,TK92	SNV	0	2
ENSG00000254274	TDGF1P5	GroupB_exclusive			TK91,TK93	SNV	0	2
ENSG00000269584	TDGF1P7	GroupB_exclusive			TK10,TK91	SNV	0	2
ENSG00000163060	TEKT4	GroupB_exclusive			TK92,TK93	SNV	0	2
ENSG00000291050	TEKT4P2	GroupB_exclusive			TK10,TK92	SNV	0	2
ENSG00000160181	TFF2	GroupB_exclusive			TK10,TK18	SNV	0	2
ENSG00000125780	TGM3	GroupB_exclusive			TK92,TK93	INDEL,SNV	0	2
ENSG00000231064	THBS3-AS1	GroupB_exclusive			TK12,TK93	SNV	0	2
ENSG00000224908	TIMM8BP2	GroupB_exclusive			TK10,TK18	SNV	0	2
ENSG00000271092	TLCD4-RWDD3	GroupB_exclusive			TK92,TK93	SNV	0	2
ENSG00000164342	TLR3	GroupB_exclusive			TK92,TK93	INDEL,SNV	0	2
ENSG00000232112	TMA7	GroupB_exclusive			TK10,TK18	SNV	0	2
ENSG00000291085	TMEM191A	GroupB_exclusive			TK12,TK93	SNV	0	2
ENSG00000187713	TMEM203	GroupB_exclusive			TK10,TK91	SNV	0	2
ENSG00000179363	TMEM31	GroupB_exclusive			TK92,TK93	SNV	0	2
ENSG00000088726	TMEM40	GroupB_exclusive			TK91,TK92	SNV	0	2
ENSG00000164841	TMEM74	GroupB_exclusive			TK10,TK92	SNV	0	2
ENSG00000185873	TMPRSS11B	GroupB_exclusive			TK12,TK92	SNV	0	2
ENSG00000231728	TMSB15B-AS1	GroupB_exclusive			TK10,TK93	SNV	0	2
ENSG00000183578	TNFAIP8L3	GroupB_exclusive			TK10,TK93	SNV	0	2
ENSG00000120949	TNFRSF8	GroupB_exclusive			TK12,TK18	INDEL,SNV	0	2
ENSG00000106952	TNFSF8	GroupB_exclusive			TK10,TK93	SNV	0	2
ENSG00000189350	TOGARAM2	GroupB_exclusive			TK91,TK93	SNV	0	2
ENSG00000249360	TOMM40P3	GroupB_exclusive			TK91,TK92	SNV	0	2
ENSG00000173769	TOPAZ1	GroupB_exclusive			TK91,TK92	INDEL,SNV	0	2
ENSG00000120471	TP53AIP1	GroupB_exclusive			TK92,TK93	SNV	0	2
ENSG00000213050	TPM3P1	GroupB_exclusive			TK91,TK92	SNV	0	2
ENSG00000187536	TPM3P7	GroupB_exclusive			TK91,TK93	SNV	0	2
ENSG00000178928	TPRX1	GroupB_exclusive			TK18,TK93	SNV	0	2
ENSG00000225690	TREML5P	GroupB_exclusive			TK92,TK93	SNV	0	2
ENSG00000211695	TRGV9	GroupB_exclusive			TK91,TK92	SNV	0	2
ENSG00000170893	TRH	GroupB_exclusive			TK91,TK93	SNV	0	2
ENSG00000250472	TRIM36-IT1	GroupB_exclusive			TK91,TK92	SNV	0	2
ENSG00000144188	TRIM43CP	GroupB_exclusive			TK12,TK91	SNV	0	2
ENSG00000183439	TRIM61	GroupB_exclusive			TK92,TK93	SNV	0	2
ENSG00000204025	TRPC5OS	GroupB_exclusive			TK91,TK93	SNV	0	2
ENSG00000230865	TSEN15P1	GroupB_exclusive			TK92,TK93	SNV	0	2
ENSG00000211460	TSN	GroupB_exclusive			TK91,TK92	SNV	0	2
ENSG00000231738	TSPAN19	GroupB_exclusive			TK10,TK92	SNV	0	2
ENSG00000128881	TTBK2	GroupB_exclusive			TK10,TK92	SNV	0	2
ENSG00000163728	TTC14	GroupB_exclusive			TK10,TK91	SNV	0	2
ENSG00000136319	TTC5	GroupB_exclusive			TK10,TK91	SNV	0	2
ENSG00000174521	TTC9B	GroupB_exclusive			TK10,TK91	SNV	0	2
ENSG00000162571	TTLL10	GroupB_exclusive			TK10,TK18	SNV	0	2
ENSG00000218896	TUBB8P2	GroupB_exclusive			TK91,TK92	SNV	0	2
ENSG00000226147	TUBBP10	GroupB_exclusive			TK10,TK12	SNV	0	2
ENSG00000258406	TUBBP3	GroupB_exclusive			TK10,TK92	SNV	0	2
ENSG00000285445	TUSC2P2	GroupB_exclusive			TK91,TK93	INDEL,SNV	0	2
ENSG00000131002	TXLNGY	GroupB_exclusive			TK10,TK18	INDEL,SNV	0	2
ENSG00000275631	U1	GroupB_exclusive			TK10,TK91	SNV	0	2
ENSG00000160185	UBASH3A	GroupB_exclusive			TK10,TK12	SNV	0	2
ENSG00000290919	UBBP4	GroupB_exclusive			TK92,TK93	INDEL,SNV	0	2
ENSG00000224690	UBE2D3P3	GroupB_exclusive			TK92,TK93	SNV	0	2
ENSG00000223791	UBE2E1-AS1	GroupB_exclusive			TK10,TK12	SNV	0	2
ENSG00000197627	UBE2Q2P12	GroupB_exclusive			TK91,TK92	SNV	0	2
ENSG00000226632	UBE2V1P1	GroupB_exclusive			TK92,TK93	SNV	0	2
ENSG00000226213	UBQLN4P2	GroupB_exclusive			TK92,TK93	SNV	0	2
ENSG00000255562	UNC93B6	GroupB_exclusive			TK12,TK92	INDEL,SNV	0	2
ENSG00000256073	URB1-AS1	GroupB_exclusive			TK12,TK18	SNV	0	2
ENSG00000226501	USF1P1	GroupB_exclusive			TK92,TK93	SNV	0	2
ENSG00000271360	USP6NL-AS1	GroupB_exclusive			TK10,TK92	INDEL	0	2
ENSG00000226340	USP8P2	GroupB_exclusive			TK91,TK92	INDEL,SNV	0	2
ENSG00000236591	UST-AS2	GroupB_exclusive			TK10,TK92	INDEL,SNV	0	2
ENSG00000234702	VDAC1P3	GroupB_exclusive			TK91,TK92	SNV	0	2
ENSG00000213450	VDAC1P7	GroupB_exclusive			TK91,TK93	SNV	0	2
ENSG00000271198	VDAC3P1	GroupB_exclusive			TK92,TK93	SNV	0	2
ENSG00000257364	VENTXP3	GroupB_exclusive			TK18,TK92	SNV	0	2
ENSG00000220581	VN1R12P	GroupB_exclusive			TK92,TK93	SNV	0	2
ENSG00000196131	VN1R2	GroupB_exclusive			TK92,TK93	SNV	0	2
ENSG00000260722	VN1R67P	GroupB_exclusive			TK18,TK91	SNV	0	2
ENSG00000268995	VN1R82P	GroupB_exclusive			TK12,TK93	SNV	0	2
ENSG00000268541	VN1R88P	GroupB_exclusive			TK91,TK92	SNV	0	2
ENSG00000213014	VN2R17P	GroupB_exclusive			TK10,TK92	SNV	0	2
ENSG00000232998	VPS13A-AS1	GroupB_exclusive			TK91,TK92	SNV	0	2
ENSG00000214432	VPS33B-DT	GroupB_exclusive			TK91,TK92	SNV	0	2
ENSG00000260431	VPS51P1	GroupB_exclusive			TK92,TK93	SNV	0	2
ENSG00000255230	VPS51P17	GroupB_exclusive			TK91,TK93	SNV	0	2
ENSG00000133980	VRTN	GroupB_exclusive			TK91,TK92	INDEL,SNV	0	2
ENSG00000224257	VWC2L-IT1	GroupB_exclusive			TK91,TK93	SNV	0	2
ENSG00000250474	WBP1LP2	GroupB_exclusive			TK12,TK18	SNV	0	2
ENSG00000231894	WDR95P	GroupB_exclusive			TK91,TK92	SNV	0	2
ENSG00000180083	WFDC11	GroupB_exclusive			TK92,TK93	INDEL,SNV	0	2
ENSG00000267253	WHSC1L2P	GroupB_exclusive			TK92,TK93	SNV	0	2
ENSG00000249947	XBP1P1	GroupB_exclusive			TK91,TK93	SNV	0	2
ENSG00000213438	YBX2P1	GroupB_exclusive			TK91,TK93	SNV	0	2
ENSG00000271557	YPEL5P2	GroupB_exclusive			TK91,TK93	INDEL,SNV	0	2
ENSG00000236745	YRDCP2	GroupB_exclusive			TK91,TK93	SNV	0	2
ENSG00000256464	YWHABP2	GroupB_exclusive			TK92,TK93	SNV	0	2
ENSG00000199567	Y_RNA	GroupB_exclusive			TK92,TK93	SNV	0	2
ENSG00000199630	Y_RNA	GroupB_exclusive			TK10,TK92	SNV	0	2
ENSG00000199751	Y_RNA	GroupB_exclusive			TK91,TK92	SNV	0	2
ENSG00000201498	Y_RNA	GroupB_exclusive			TK91,TK92	INDEL,SNV	0	2
ENSG00000201554	Y_RNA	GroupB_exclusive			TK92,TK93	SNV	0	2
ENSG00000201988	Y_RNA	GroupB_exclusive			TK91,TK93	SNV	0	2
ENSG00000201990	Y_RNA	GroupB_exclusive			TK91,TK93	INDEL	0	2
ENSG00000202385	Y_RNA	GroupB_exclusive			TK10,TK12	SNV	0	2
ENSG00000202533	Y_RNA	GroupB_exclusive			TK10,TK18	SNV	0	2
ENSG00000206676	Y_RNA	GroupB_exclusive			TK92,TK93	SNV	0	2
ENSG00000206967	Y_RNA	GroupB_exclusive			TK92,TK93	SNV	0	2
ENSG00000207021	Y_RNA	GroupB_exclusive			TK12,TK18	SNV	0	2
ENSG00000207292	Y_RNA	GroupB_exclusive			TK91,TK93	SNV	0	2
ENSG00000222224	Y_RNA	GroupB_exclusive			TK92,TK93	SNV	0	2
ENSG00000223080	Y_RNA	GroupB_exclusive			TK92,TK93	SNV	0	2
ENSG00000223188	Y_RNA	GroupB_exclusive			TK91,TK92	INDEL	0	2
ENSG00000252652	Y_RNA	GroupB_exclusive			TK92,TK93	SNV	0	2
ENSG00000276696	Y_RNA	GroupB_exclusive			TK91,TK92	SNV	0	2
ENSG00000278028	Y_RNA	GroupB_exclusive			TK92,TK93	SNV	0	2
ENSG00000177494	ZBED2	GroupB_exclusive			TK92,TK93	SNV	0	2
ENSG00000213155	ZCCHC10P1	GroupB_exclusive			TK91,TK92	INDEL,SNV	0	2
ENSG00000249744	ZCCHC10P2	GroupB_exclusive			TK91,TK92	INDEL,SNV	0	2
ENSG00000158552	ZFAND2B	GroupB_exclusive			TK91,TK92	SNV	0	2
ENSG00000067646	ZFY	GroupB_exclusive			TK10,TK18	SNV	0	2
ENSG00000229562	ZFYVE9P1	GroupB_exclusive			TK91,TK92	SNV	0	2
ENSG00000139800	ZIC5	GroupB_exclusive			TK92,TK93	INDEL,SNV	0	2
ENSG00000198039	ZNF273	GroupB_exclusive			TK10,TK92	SNV	0	2
ENSG00000266127	ZNF415P1	GroupB_exclusive			TK91,TK93	SNV	0	2
ENSG00000240225	ZNF542P	GroupB_exclusive			TK18,TK91	SNV	0	2
ENSG00000188321	ZNF559	GroupB_exclusive			TK91,TK92	SNV	0	2
ENSG00000267419	ZNF56P	GroupB_exclusive			TK10,TK92	SNV	0	2
ENSG00000242779	ZNF702P	GroupB_exclusive			TK92,TK93	SNV	0	2
ENSG00000225463	ZNF70P1	GroupB_exclusive			TK91,TK92	SNV	0	2
ENSG00000268696	ZNF723	GroupB_exclusive			TK91,TK92	SNV	0	2
ENSG00000239893	ZNF736P9Y	GroupB_exclusive			TK91,TK93	SNV	0	2
ENSG00000288393	ZNF75CP	GroupB_exclusive			TK92,TK93	SNV	0	2
ENSG00000182348	ZNF804B	GroupB_exclusive			TK91,TK93	SNV	0	2
ENSG00000248830	ZNF807P	GroupB_exclusive			TK10,TK92	SNV	0	2
ENSG00000231205	ZNF826P	GroupB_exclusive			TK18,TK92	INDEL,SNV	0	2
ENSG00000042813	ZPBP	GroupB_exclusive			TK10,TK92	SNV	0	2
ENSG00000219565	ZPR1P1	GroupB_exclusive			TK18,TK92	SNV	0	2
ENSG00000152467	ZSCAN1	GroupB_exclusive			TK91,TK92	SNV	0	2
ENSG00000197953	AADACL2	GroupB_exclusive			TK10	SNV	0	1
ENSG00000231749	ABCA9-AS1	GroupB_exclusive			TK92	SNV	0	1
ENSG00000260053	ABCB10P4	GroupB_exclusive			TK91	SNV	0	1
ENSG00000004846	ABCB5	GroupB_exclusive			TK91	SNV	0	1
ENSG00000256340	ABCC6P1	GroupB_exclusive			TK91	SNV	0	1
ENSG00000069431	ABCC9	GroupB_exclusive			TK91	SNV	0	1
ENSG00000204427	ABHD16A	GroupB_exclusive			TK10	SNV	0	1
ENSG00000271484	ABI1P1	GroupB_exclusive			TK92	SNV	0	1
ENSG00000138443	ABI2	GroupB_exclusive			TK93	SNV	0	1
ENSG00000213431	ABRAXAS1P1	GroupB_exclusive			TK92	SNV	0	1
ENSG00000131473	ACLY	GroupB_exclusive			TK10	SNV	0	1
ENSG00000270242	ACTR3BP1	GroupB_exclusive			TK93	SNV	0	1
ENSG00000232267	ACTR3P2	GroupB_exclusive			TK93	SNV	0	1
ENSG00000142303	ADAMTS10	GroupB_exclusive			TK10	SNV	0	1
ENSG00000154736	ADAMTS5	GroupB_exclusive			TK91	SNV	0	1
ENSG00000111452	ADGRD1	GroupB_exclusive			TK10	SNV	0	1
ENSG00000174837	ADGRE1	GroupB_exclusive			TK91	SNV	0	1
ENSG00000144820	ADGRG7	GroupB_exclusive			TK92	SNV	0	1
ENSG00000187758	ADH1A	GroupB_exclusive			TK12	SNV	0	1
ENSG00000223694	ADH5P3	GroupB_exclusive			TK18	SNV	0	1
ENSG00000236136	ADORA2BP1	GroupB_exclusive			TK93	SNV	0	1
ENSG00000139154	AEBP2	GroupB_exclusive			TK10	SNV	0	1
ENSG00000241532	AGGF1P3	GroupB_exclusive			TK92	SNV	0	1
ENSG00000260427	AGGF1P9	GroupB_exclusive			TK91	SNV	0	1
ENSG00000225509	AIFM1P1	GroupB_exclusive			TK12	SNV	0	1
ENSG00000248722	AK3P4	GroupB_exclusive			TK91	SNV	0	1
ENSG00000270941	AK3P7	GroupB_exclusive			TK92	SNV	0	1
ENSG00000217377	AK4P5	GroupB_exclusive			TK92	SNV	0	1
ENSG00000228125	AKIRIN1P2	GroupB_exclusive			TK93	SNV	0	1
ENSG00000251482	AKIRIN2P1	GroupB_exclusive			TK93	SNV	0	1
ENSG00000213452	AKR1B1P2	GroupB_exclusive			TK91	SNV	0	1
ENSG00000151631	AKR1C6P	GroupB_exclusive			TK10	SNV	0	1
ENSG00000229020	AKR7A2P1	GroupB_exclusive			TK10	SNV	0	1
ENSG00000125363	AMELX	GroupB_exclusive			TK12	SNV	0	1
ENSG00000243480	AMY2A	GroupB_exclusive			TK12	SNV	0	1
ENSG00000285793	ANAPC1P2	GroupB_exclusive			TK92	SNV	0	1
ENSG00000214274	ANG	GroupB_exclusive			TK10	SNV	0	1
ENSG00000167522	ANKRD11	GroupB_exclusive			TK10	SNV	0	1
ENSG00000276203	ANKRD20A3P	GroupB_exclusive			TK93	SNV	0	1
ENSG00000235550	ANKRD26P2	GroupB_exclusive			TK18	SNV	0	1
ENSG00000229427	ANKRD26P4	GroupB_exclusive			TK92	SNV	0	1
ENSG00000250106	ANKRD33B-AS1	GroupB_exclusive			TK91	SNV	0	1
ENSG00000254547	ANKRD33BP6	GroupB_exclusive			TK10	SNV	0	1
ENSG00000228446	ANKRD49P1	GroupB_exclusive			TK92	SNV	0	1
ENSG00000248616	ANKRD49P3	GroupB_exclusive			TK91	SNV	0	1
ENSG00000235098	ANKRD65	GroupB_exclusive			TK92	INDEL	0	1
ENSG00000047617	ANO2	GroupB_exclusive			TK10	SNV	0	1
ENSG00000134343	ANO3	GroupB_exclusive			TK91	INDEL,SNV	0	1
ENSG00000254819	ANO3-AS1	GroupB_exclusive			TK10	SNV	0	1
ENSG00000169604	ANTXR1	GroupB_exclusive			TK93	SNV	0	1
ENSG00000109511	ANXA10	GroupB_exclusive			TK10	SNV	0	1
ENSG00000260105	AOC4P	GroupB_exclusive			TK18	SNV	0	1
ENSG00000243478	AOX2P	GroupB_exclusive			TK10	SNV	0	1
ENSG00000290475	AP1B1P1	GroupB_exclusive			TK91	INDEL	0	1
ENSG00000248329	APELA	GroupB_exclusive			TK93	INDEL,SNV	0	1
ENSG00000244509	APOBEC3C	GroupB_exclusive			TK92	SNV	0	1
ENSG00000103569	AQP9	GroupB_exclusive			TK92	SNV	0	1
ENSG00000236527	ARF4P2	GroupB_exclusive			TK10	SNV	0	1
ENSG00000248682	ARHGAP22-IT1	GroupB_exclusive			TK93	SNV	0	1
ENSG00000227817	ARHGAP42P1	GroupB_exclusive			TK92	SNV	0	1
ENSG00000258080	ARHGAP42P4	GroupB_exclusive			TK92	INDEL,SNV	0	1
ENSG00000258233	ARHGAP42P5	GroupB_exclusive			TK92	SNV	0	1
ENSG00000265489	ARHGAP44-AS1	GroupB_exclusive			TK92	SNV	0	1
ENSG00000240198	ARHGEF3-AS1	GroupB_exclusive			TK92	SNV	0	1
ENSG00000102606	ARHGEF7	GroupB_exclusive			TK92	SNV	0	1
ENSG00000233644	ARHGEF7-IT1	GroupB_exclusive			TK18	SNV	0	1
ENSG00000102931	ARL2BP	GroupB_exclusive			TK92	SNV	0	1
ENSG00000122872	ARL4AP1	GroupB_exclusive			TK93	SNV	0	1
ENSG00000231395	ARL4AP4	GroupB_exclusive			TK92	SNV	0	1
ENSG00000255014	ARL6IP1P3	GroupB_exclusive			TK92	SNV	0	1
ENSG00000260896	ARLNC1	GroupB_exclusive			TK92	SNV	0	1
ENSG00000268282	ARPC1AP2	GroupB_exclusive			TK93	SNV	0	1
ENSG00000172995	ARPP21	GroupB_exclusive			TK10	SNV	0	1
ENSG00000230830	ARPP21-AS1	GroupB_exclusive			TK10	SNV	0	1
ENSG00000129744	ART1	GroupB_exclusive			TK18	SNV	0	1
ENSG00000111339	ART4	GroupB_exclusive			TK93	SNV	0	1
ENSG00000165192	ASB11	GroupB_exclusive			TK91	INDEL	0	1
ENSG00000100628	ASB2	GroupB_exclusive			TK10	INDEL,SNV	0	1
ENSG00000161944	ASGR2	GroupB_exclusive			TK93	SNV	0	1
ENSG00000267333	ASNSP6	GroupB_exclusive			TK93	SNV	0	1
ENSG00000233947	ASS1P3	GroupB_exclusive			TK93	SNV	0	1
ENSG00000236893	ASS1P7	GroupB_exclusive			TK93	SNV	0	1
ENSG00000154438	ASZ1	GroupB_exclusive			TK10	SNV	0	1
ENSG00000213338	ATF4P1	GroupB_exclusive			TK91	SNV	0	1
ENSG00000273041	ATF4P2	GroupB_exclusive			TK93	SNV	0	1
ENSG00000248192	ATG10-AS1	GroupB_exclusive			TK93	SNV	0	1
ENSG00000236447	ATG10-IT1	GroupB_exclusive			TK91	SNV	0	1
ENSG00000236508	ATP13A5-AS1	GroupB_exclusive			TK91	SNV	0	1
ENSG00000234720	ATP5F1AP8	GroupB_exclusive			TK92	SNV	0	1
ENSG00000242244	ATP5MC1P3	GroupB_exclusive			TK10	SNV	0	1
ENSG00000227590	ATP5MC1P5	GroupB_exclusive			TK92	INDEL	0	1
ENSG00000256103	ATP5MFP5	GroupB_exclusive			TK92	SNV	0	1
ENSG00000267189	ATP5MGP7	GroupB_exclusive			TK93	SNV	0	1
ENSG00000224451	ATP5PBP1	GroupB_exclusive			TK92	SNV	0	1
ENSG00000254944	ATP5PBP5	GroupB_exclusive			TK10	SNV	0	1
ENSG00000270880	ATP5PBP8	GroupB_exclusive			TK92	SNV	0	1
ENSG00000261679	ATP5PDP1	GroupB_exclusive			TK91	SNV	0	1
ENSG00000229184	ATP5PDP2	GroupB_exclusive			TK92	INDEL,SNV	0	1
ENSG00000237701	ATP5PFP1	GroupB_exclusive			TK93	SNV	0	1
ENSG00000230201	ATP6V0CP1	GroupB_exclusive			TK91	SNV	0	1
ENSG00000225364	ATP6V0E1P1	GroupB_exclusive			TK92	SNV	0	1
ENSG00000114573	ATP6V1A	GroupB_exclusive			TK93	SNV	0	1
ENSG00000116039	ATP6V1B1	GroupB_exclusive			TK10	SNV	0	1
ENSG00000270855	ATP7BP1	GroupB_exclusive			TK92	SNV	0	1
ENSG00000253719	ATXN7L3B	GroupB_exclusive			TK10	SNV	0	1
ENSG00000198049	AVPR1B	GroupB_exclusive			TK10	SNV	0	1
ENSG00000147160	AWAT2	GroupB_exclusive			TK92	SNV	0	1
ENSG00000169255	B3GALNT1	GroupB_exclusive			TK93	SNV	0	1
ENSG00000156966	B3GNT7	GroupB_exclusive			TK10	SNV	0	1
ENSG00000224388	BACE2-IT1	GroupB_exclusive			TK93	SNV	0	1
ENSG00000278910	BANCR	GroupB_exclusive			TK91	SNV	0	1
ENSG00000223828	BANF1P4	GroupB_exclusive			TK91	INDEL	0	1
ENSG00000176788	BASP1	GroupB_exclusive			TK10	SNV	0	1
ENSG00000230535	BASP1P1	GroupB_exclusive			TK10	SNV	0	1
ENSG00000129151	BBOX1	GroupB_exclusive			TK92	SNV	0	1
ENSG00000140379	BCL2A1	GroupB_exclusive			TK93	SNV	0	1
ENSG00000249238	BCL9P1	GroupB_exclusive			TK92	SNV	0	1
ENSG00000215580	BCORP1	GroupB_exclusive			TK10	SNV	0	1
ENSG00000236794	BCRP8	GroupB_exclusive			TK18	SNV	0	1
ENSG00000100739	BDKRB1	GroupB_exclusive			TK18	SNV	0	1
ENSG00000196289	BECN2	GroupB_exclusive			TK10	SNV	0	1
ENSG00000177324	BEND2	GroupB_exclusive			TK18	SNV	0	1
ENSG00000162373	BEND5	GroupB_exclusive			TK12	SNV	0	1
ENSG00000039987	BEST2	GroupB_exclusive			TK92	SNV	0	1
ENSG00000125533	BHLHE23	GroupB_exclusive			TK10	SNV	0	1
ENSG00000225969	BICDL3P	GroupB_exclusive			TK92	SNV	0	1
ENSG00000279897	BIRC6-AS2	GroupB_exclusive			TK93	SNV	0	1
ENSG00000273682	BLVRBP1	GroupB_exclusive			TK93	SNV	0	1
ENSG00000152785	BMP3	GroupB_exclusive			TK92	SNV	0	1
ENSG00000249599	BMPR1B-DT	GroupB_exclusive			TK93	SNV	0	1
ENSG00000260518	BMS1P8	GroupB_exclusive			TK91	SNV	0	1
ENSG00000236097	BNIP3P2	GroupB_exclusive			TK92	SNV	0	1
ENSG00000268174	BNIP3P22	GroupB_exclusive			TK18	SNV	0	1
ENSG00000268322	BNIP3P25	GroupB_exclusive			TK92	SNV	0	1
ENSG00000268705	BNIP3P26	GroupB_exclusive			TK92	SNV	0	1
ENSG00000271095	BNIP3P28	GroupB_exclusive			TK91	SNV	0	1
ENSG00000269742	BNIP3P29	GroupB_exclusive			TK18	SNV	0	1
ENSG00000269509	BNIP3P34	GroupB_exclusive			TK92	SNV	0	1
ENSG00000271655	BNIP3P35	GroupB_exclusive			TK91	SNV	0	1
ENSG00000270479	BNIP3P37	GroupB_exclusive			TK92	SNV	0	1
ENSG00000269662	BNIP3P39	GroupB_exclusive			TK18	SNV	0	1
ENSG00000271146	BNIP3P45	GroupB_exclusive			TK93	SNV	0	1
ENSG00000273791	BNIP3P47	GroupB_exclusive			TK18	SNV	0	1
ENSG00000196544	BORCS6	GroupB_exclusive			TK10	SNV	0	1
ENSG00000225169	BRI3P1	GroupB_exclusive			TK93	SNV	0	1
ENSG00000230273	BRI3P3	GroupB_exclusive			TK92	SNV	0	1
ENSG00000215909	BRWD1P1	GroupB_exclusive			TK92	SNV	0	1
ENSG00000232841	BRWD1P3	GroupB_exclusive			TK93	SNV	0	1
ENSG00000168000	BSCL2	GroupB_exclusive			TK10	SNV	0	1
ENSG00000203414	BTBD7P1	GroupB_exclusive			TK91	SNV	0	1
ENSG00000254272	BTF3P3	GroupB_exclusive			TK93	SNV	0	1
ENSG00000227968	BUB3P1	GroupB_exclusive			TK92	SNV	0	1
ENSG00000183559	C10orf120	GroupB_exclusive			TK18	INDEL,SNV	0	1
ENSG00000269609	C10orf95-AS1	GroupB_exclusive			TK92	SNV	0	1
ENSG00000165805	C12orf50	GroupB_exclusive			TK10	SNV	0	1
ENSG00000185306	C12orf56	GroupB_exclusive			TK10	SNV	0	1
ENSG00000111678	C12orf57	GroupB_exclusive			TK93	SNV	0	1
ENSG00000179008	C14orf39	GroupB_exclusive			TK10	SNV	0	1
ENSG00000166455	C16orf46	GroupB_exclusive			TK92	INDEL	0	1
ENSG00000154102	C16orf74	GroupB_exclusive			TK92	SNV	0	1
ENSG00000205832	C16orf96	GroupB_exclusive			TK92	INDEL,SNV	0	1
ENSG00000279020	C18orf15	GroupB_exclusive			TK92	SNV	0	1
ENSG00000262874	C19orf84	GroupB_exclusive			TK18	SNV	0	1
ENSG00000251435	C1GALT1P2	GroupB_exclusive			TK91	SNV	0	1
ENSG00000173372	C1QA	GroupB_exclusive			TK10	SNV	0	1
ENSG00000144119	C1QL2	GroupB_exclusive			TK93	SNV	0	1
ENSG00000187833	C2orf78	GroupB_exclusive			TK92	SNV	0	1
ENSG00000224462	C4BPAP1	GroupB_exclusive			TK92	SNV	0	1
ENSG00000187658	C5orf52	GroupB_exclusive			TK93	SNV	0	1
ENSG00000137434	C6orf52	GroupB_exclusive			TK92	SNV	0	1
ENSG00000260133	CA5AP1	GroupB_exclusive			TK92	SNV	0	1
ENSG00000256025	CACNA1C-AS4	GroupB_exclusive			TK18	SNV	0	1
ENSG00000006283	CACNA1G	GroupB_exclusive			TK93	SNV	0	1
ENSG00000243715	CACNA2D3-AS1	GroupB_exclusive			TK92	SNV	0	1
ENSG00000165995	CACNB2	GroupB_exclusive			TK92	SNV	0	1
ENSG00000225928	CACYBPP1	GroupB_exclusive			TK93	SNV	0	1
ENSG00000230564	CALM1P2	GroupB_exclusive			TK92	SNV	0	1
ENSG00000145349	CAMK2D	GroupB_exclusive			TK92	SNV	0	1
ENSG00000148660	CAMK2G	GroupB_exclusive			TK18	SNV	0	1
ENSG00000237365	CAMTA1-AS3	GroupB_exclusive			TK18	SNV	0	1
ENSG00000256812	CAPNS2	GroupB_exclusive			TK93	SNV	0	1
ENSG00000230956	CAPZA1P1	GroupB_exclusive			TK91	SNV	0	1
ENSG00000227835	CARM1P1	GroupB_exclusive			TK10	SNV	0	1
ENSG00000249669	CARMN	GroupB_exclusive			TK93	SNV	0	1
ENSG00000234059	CASKP1	GroupB_exclusive			TK10	SNV	0	1
ENSG00000291173	CASP4LP	GroupB_exclusive			TK91	SNV	0	1
ENSG00000239282	CASTOR1	GroupB_exclusive			TK10	SNV	0	1
ENSG00000130940	CASZ1	GroupB_exclusive			TK10	INDEL	0	1
ENSG00000214321	CBX1P4	GroupB_exclusive			TK92	SNV	0	1
ENSG00000257666	CBX3P5	GroupB_exclusive			TK93	SNV	0	1
ENSG00000271400	CCDC121P1	GroupB_exclusive			TK92	SNV	0	1
ENSG00000163492	CCDC141	GroupB_exclusive			TK91	SNV	0	1
ENSG00000205212	CCDC144NL	GroupB_exclusive			TK92	SNV	0	1
ENSG00000203952	CCDC160	GroupB_exclusive			TK10	SNV	0	1
ENSG00000166960	CCDC178	GroupB_exclusive			TK10	SNV	0	1
ENSG00000283428	CCDC195	GroupB_exclusive			TK93	SNV	0	1
ENSG00000256813	CCDC86-AS1	GroupB_exclusive			TK92	SNV	0	1
ENSG00000197651	CCER1	GroupB_exclusive			TK10	SNV	0	1
ENSG00000110148	CCKBR	GroupB_exclusive			TK93	SNV	0	1
ENSG00000229815	CCNB1IP1P1	GroupB_exclusive			TK18	SNV	0	1
ENSG00000231001	CCNB1IP1P3	GroupB_exclusive			TK91	SNV	0	1
ENSG00000248283	CCNL2P1	GroupB_exclusive			TK92	SNV	0	1
ENSG00000290445	CCNYL2	GroupB_exclusive			TK18	SNV	0	1
ENSG00000238241	CCR12P	GroupB_exclusive			TK10	SNV	0	1
ENSG00000242703	CCT4P1	GroupB_exclusive			TK92	SNV	0	1
ENSG00000225569	CCT4P2	GroupB_exclusive			TK92	INDEL,SNV	0	1
ENSG00000249958	CCT7P2	GroupB_exclusive			TK92	INDEL	0	1
ENSG00000174807	CD248	GroupB_exclusive			TK10	SNV	0	1
ENSG00000236500	CD24P1	GroupB_exclusive			TK92	SNV	0	1
ENSG00000135218	CD36	GroupB_exclusive			TK92	SNV	0	1
ENSG00000244703	CD46P1	GroupB_exclusive			TK93	SNV	0	1
ENSG00000261089	CDC37P2	GroupB_exclusive			TK10	SNV	0	1
ENSG00000237982	CDC42P7	GroupB_exclusive			TK92	SNV	0	1
ENSG00000234219	CDCA4P4	GroupB_exclusive			TK92	SNV	0	1
ENSG00000039068	CDH1	GroupB_exclusive			TK92	SNV	0	1
ENSG00000253900	CDH12P4	GroupB_exclusive			TK92	SNV	0	1
ENSG00000249854	CDH18-AS1	GroupB_exclusive			TK92	SNV	0	1
ENSG00000071991	CDH19	GroupB_exclusive			TK91	SNV	0	1
ENSG00000123374	CDK2	GroupB_exclusive			TK18	SNV	0	1
ENSG00000235165	CDK5P1	GroupB_exclusive			TK10	SNV	0	1
ENSG00000136807	CDK9	GroupB_exclusive			TK12	SNV	0	1
ENSG00000100490	CDKL1	GroupB_exclusive			TK18	SNV	0	1
ENSG00000145835	CDKN2AIPNLP2	GroupB_exclusive			TK91	SNV	0	1
ENSG00000273693	CDRT15P10	GroupB_exclusive			TK93	SNV	0	1
ENSG00000279062	CDRT15P8	GroupB_exclusive			TK91	SNV	0	1
ENSG00000113722	CDX1	GroupB_exclusive			TK18	SNV	0	1
ENSG00000236336	CDYL-AS1	GroupB_exclusive			TK91	SNV	0	1
ENSG00000230666	CEACAM22P	GroupB_exclusive			TK91	SNV	0	1
ENSG00000290603	CEACAM22P	GroupB_exclusive			TK93	SNV	0	1
ENSG00000239736	CEACAMP3	GroupB_exclusive			TK91	SNV	0	1
ENSG00000231561	CEACAMP5	GroupB_exclusive			TK91	SNV	0	1
ENSG00000213066	CEP43	GroupB_exclusive			TK12	INDEL	0	1
ENSG00000253603	CERNA3	GroupB_exclusive			TK91	SNV	0	1
ENSG00000253773	CFAP418-AS1	GroupB_exclusive			TK10	SNV	0	1
ENSG00000188523	CFAP77	GroupB_exclusive			TK93	SNV	0	1
ENSG00000213830	CFL1P5	GroupB_exclusive			TK18	SNV	0	1
ENSG00000234239	CFL1P8	GroupB_exclusive			TK91	SNV	0	1
ENSG00000135346	CGA	GroupB_exclusive			TK10	SNV	0	1
ENSG00000189052	CGB5	GroupB_exclusive			TK92	SNV	0	1
ENSG00000270849	CHCHD2P3	GroupB_exclusive			TK92	SNV	0	1
ENSG00000249973	CHCHD2P7	GroupB_exclusive			TK10	SNV	0	1
ENSG00000225222	CHCHD4P5	GroupB_exclusive			TK91	SNV	0	1
ENSG00000234898	CHEK2P3	GroupB_exclusive			TK92	SNV	0	1
ENSG00000248930	CHP1P1	GroupB_exclusive			TK18	SNV	0	1
ENSG00000180767	CHST13	GroupB_exclusive			TK18	SNV	0	1
ENSG00000233652	CICP1	GroupB_exclusive			TK91	SNV	0	1
ENSG00000237799	CICP11	GroupB_exclusive			TK92	SNV	0	1
ENSG00000227233	CICP17	GroupB_exclusive			TK92	SNV	0	1
ENSG00000233740	CICP2	GroupB_exclusive			TK92	SNV	0	1
ENSG00000278455	CICP21	GroupB_exclusive			TK91	SNV	0	1
ENSG00000233003	CICP26	GroupB_exclusive			TK92	SNV	0	1
ENSG00000277253	CICP28	GroupB_exclusive			TK92	INDEL,SNV	0	1
ENSG00000232852	CICP4	GroupB_exclusive			TK18	SNV	0	1
ENSG00000187288	CIDEC	GroupB_exclusive			TK10	SNV	0	1
ENSG00000198894	CIPC	GroupB_exclusive			TK93	SNV	0	1
ENSG00000253146	CIR1P1	GroupB_exclusive			TK91	SNV	0	1
ENSG00000250215	CIR1P2	GroupB_exclusive			TK91	SNV	0	1
ENSG00000260492	CISTR	GroupB_exclusive			TK92	SNV	0	1
ENSG00000271461	CKAP2LP1	GroupB_exclusive			TK93	SNV	0	1
ENSG00000217555	CKLF	GroupB_exclusive			TK10	SNV	0	1
ENSG00000016602	CLCA4	GroupB_exclusive			TK10	SNV	0	1
ENSG00000164007	CLDN19	GroupB_exclusive			TK10	SNV	0	1
ENSG00000228607	CLDN25	GroupB_exclusive			TK18	SNV	0	1
ENSG00000261210	CLEC19A	GroupB_exclusive			TK93	SNV	0	1
ENSG00000166527	CLEC4D	GroupB_exclusive			TK93	SNV	0	1
ENSG00000152672	CLEC4F	GroupB_exclusive			TK92	INDEL	0	1
ENSG00000267453	CLEC4OP	GroupB_exclusive			TK10	SNV	0	1
ENSG00000237931	CLIC4P3	GroupB_exclusive			TK92	SNV	0	1
ENSG00000226191	CLK3P2	GroupB_exclusive			TK91	SNV	0	1
ENSG00000233384	CNIH3-AS2	GroupB_exclusive			TK92	SNV	0	1
ENSG00000204718	CNN2P12	GroupB_exclusive			TK12	SNV	0	1
ENSG00000227069	CNN2P2	GroupB_exclusive			TK91	SNV	0	1
ENSG00000213355	CNN2P8	GroupB_exclusive			TK92	SNV	0	1
ENSG00000237159	CNTFR-AS1	GroupB_exclusive			TK93	SNV	0	1
ENSG00000278213	CNTNAP3P5	GroupB_exclusive			TK92	SNV	0	1
ENSG00000231270	COBLP1	GroupB_exclusive			TK92	SNV	0	1
ENSG00000224574	COL18A1-AS2	GroupB_exclusive			TK93	SNV	0	1
ENSG00000118004	COLEC11	GroupB_exclusive			TK18	SNV	0	1
ENSG00000266613	COP1P1	GroupB_exclusive			TK91	SNV	0	1
ENSG00000205105	COX17P1	GroupB_exclusive			TK93	SNV	0	1
ENSG00000226024	COX5BP7	GroupB_exclusive			TK18	SNV	0	1
ENSG00000111775	COX6A1	GroupB_exclusive			TK12	SNV	0	1
ENSG00000260318	COX6CP1	GroupB_exclusive			TK93	SNV	0	1
ENSG00000236764	COX7A2P2	GroupB_exclusive			TK91	INDEL,SNV	0	1
ENSG00000254478	COX7CP3	GroupB_exclusive			TK93	SNV	0	1
ENSG00000235903	CPB2-AS1	GroupB_exclusive			TK18	SNV	0	1
ENSG00000259462	CPEB1-AS1	GroupB_exclusive			TK10	SNV	0	1
ENSG00000236596	CRLF3P1	GroupB_exclusive			TK92	INDEL,SNV	0	1
ENSG00000245694	CRNDE	GroupB_exclusive			TK18	SNV	0	1
ENSG00000204993	CRTC1P1	GroupB_exclusive			TK92	SNV	0	1
ENSG00000160202	CRYAA	GroupB_exclusive			TK18	SNV	0	1
ENSG00000112297	CRYBG1	GroupB_exclusive			TK92	SNV	0	1
ENSG00000232799	CRYGFP	GroupB_exclusive			TK12	SNV	0	1
ENSG00000127377	CRYGN	GroupB_exclusive			TK12	SNV	0	1
ENSG00000232254	CSF2RBP1	GroupB_exclusive			TK93	SNV	0	1
ENSG00000256709	CSGALNACT2P2	GroupB_exclusive			TK92	SNV	0	1
ENSG00000135222	CSN2	GroupB_exclusive			TK91	SNV	0	1
ENSG00000290388	CST13P	GroupB_exclusive			TK92	SNV	0	1
ENSG00000181358	CTAGE10P	GroupB_exclusive			TK92	SNV	0	1
ENSG00000267153	CTBP2P3	GroupB_exclusive			TK10	SNV	0	1
ENSG00000267091	CTBP2P7	GroupB_exclusive			TK10	SNV	0	1
ENSG00000124092	CTCFL	GroupB_exclusive			TK92	SNV	0	1
ENSG00000251467	CTDNEP1P2	GroupB_exclusive			TK93	SNV	0	1
ENSG00000044115	CTNNA1	GroupB_exclusive			TK91	SNV	0	1
ENSG00000168925	CTRB1	GroupB_exclusive			TK91	SNV	0	1
ENSG00000266217	CTSLP2	GroupB_exclusive			TK92	SNV	0	1
ENSG00000280913	CTSLP3	GroupB_exclusive			TK91	SNV	0	1
ENSG00000283324	CTXND2	GroupB_exclusive			TK93	SNV	0	1
ENSG00000258712	CXADRP2	GroupB_exclusive			TK93	SNV	0	1
ENSG00000163734	CXCL3	GroupB_exclusive			TK91	SNV	0	1
ENSG00000124875	CXCL6	GroupB_exclusive			TK12	SNV	0	1
ENSG00000160683	CXCR5	GroupB_exclusive			TK12	SNV	0	1
ENSG00000204165	CXorf65	GroupB_exclusive			TK12	SNV	0	1
ENSG00000271423	CYCSP1	GroupB_exclusive			TK10	SNV	0	1
ENSG00000213310	CYCSP19	GroupB_exclusive			TK91	SNV	0	1
ENSG00000227666	CYCSP24	GroupB_exclusive			TK92	SNV	0	1
ENSG00000255003	CYCSP28	GroupB_exclusive			TK92	SNV	0	1
ENSG00000259513	CYCSP38	GroupB_exclusive			TK93	SNV	0	1
ENSG00000184844	CYCSP45	GroupB_exclusive			TK10	SNV	0	1
ENSG00000233843	CYCSP48	GroupB_exclusive			TK92	SNV	0	1
ENSG00000226425	CYP26C1-DT	GroupB_exclusive			TK91	SNV	0	1
ENSG00000233441	CYP2AB1P	GroupB_exclusive			TK92	SNV	0	1
ENSG00000235199	CYP2C58P	GroupB_exclusive			TK91	SNV	0	1
ENSG00000248313	CYP4F27P	GroupB_exclusive			TK10	SNV	0	1
ENSG00000228592	D21S2088E	GroupB_exclusive			TK10	SNV	0	1
ENSG00000226759	DAB1-AS1	GroupB_exclusive			TK93	SNV	0	1
ENSG00000205944	DAZ2	GroupB_exclusive			TK91	SNV	0	1
ENSG00000218748	DBIP1	GroupB_exclusive			TK92	SNV	0	1
ENSG00000242562	DCAF13P1	GroupB_exclusive			TK92	SNV	0	1
ENSG00000249710	DDIT4L-AS1	GroupB_exclusive			TK18	SNV	0	1
ENSG00000290355	DDX11L16	GroupB_exclusive			TK93	SNV	0	1
ENSG00000217414	DDX18P3	GroupB_exclusive			TK93	SNV	0	1
ENSG00000220585	DDX18P6	GroupB_exclusive			TK92	SNV	0	1
ENSG00000232928	DDX3P1	GroupB_exclusive			TK10	SNV	0	1
ENSG00000164821	DEFA4	GroupB_exclusive			TK18	SNV	0	1
ENSG00000198129	DEFB107B	GroupB_exclusive			TK92	SNV	0	1
ENSG00000205989	DEFB109C	GroupB_exclusive			TK93	SNV	0	1
ENSG00000180424	DEFB123	GroupB_exclusive			TK92	SNV	0	1
ENSG00000232773	DEFB130D	GroupB_exclusive			TK91	SNV	0	1
ENSG00000237215	DEFB131D	GroupB_exclusive			TK10	SNV	0	1
ENSG00000254507	DEFB131E	GroupB_exclusive			TK10	SNV	0	1
ENSG00000274588	DGKK	GroupB_exclusive			TK91	INDEL	0	1
ENSG00000187630	DHRS4L2	GroupB_exclusive			TK18	SNV	0	1
ENSG00000174325	DIRC1	GroupB_exclusive			TK10	SNV	0	1
ENSG00000176124	DLEU1	GroupB_exclusive			TK93	SNV	0	1
ENSG00000255311	DLG2-AS2	GroupB_exclusive			TK91	SNV	0	1
ENSG00000263878	DLGAP1-AS4	GroupB_exclusive			TK10	SNV	0	1
ENSG00000261520	DLGAP1-AS5	GroupB_exclusive			TK10	SNV	0	1
ENSG00000249494	DMXL1-DT	GroupB_exclusive			TK10	SNV	0	1
ENSG00000259708	DNAJA4-DT	GroupB_exclusive			TK10	SNV	0	1
ENSG00000225808	DNAJC19P5	GroupB_exclusive			TK10	INDEL	0	1
ENSG00000237663	DNAJC19P7	GroupB_exclusive			TK93	SNV	0	1
ENSG00000163793	DNAJC5G	GroupB_exclusive			TK91	SNV	0	1
ENSG00000254183	DNAJC8P3	GroupB_exclusive			TK92	SNV	0	1
ENSG00000163687	DNASE1L3	GroupB_exclusive			TK12	SNV	0	1
ENSG00000250833	DNM1P17	GroupB_exclusive			TK93	SNV	0	1
ENSG00000259890	DNM1P50	GroupB_exclusive			TK10	SNV	0	1
ENSG00000184303	DRD5P1	GroupB_exclusive			TK92	SNV	0	1
ENSG00000240393	DRG1P2	GroupB_exclusive			TK18	SNV	0	1
ENSG00000233316	DSCR10	GroupB_exclusive			TK10	SNV	0	1
ENSG00000266729	DSG1-AS1	GroupB_exclusive			TK18	SNV	0	1
ENSG00000105865	DUS4L	GroupB_exclusive			TK92	SNV	0	1
ENSG00000188716	DUSP29	GroupB_exclusive			TK93	SNV	0	1
ENSG00000215065	DUSP8P1	GroupB_exclusive			TK93	SNV	0	1
ENSG00000282911	DUX4L35	GroupB_exclusive			TK92	SNV	0	1
ENSG00000258834	DUX4L4	GroupB_exclusive			TK91	SNV	0	1
ENSG00000258336	DUX4L52	GroupB_exclusive			TK92	SNV	0	1
ENSG00000281652	DUX4L7	GroupB_exclusive			TK91	SNV	0	1
ENSG00000259056	DUXAP1	GroupB_exclusive			TK10	SNV	0	1
ENSG00000270552	DUXAP3	GroupB_exclusive			TK91	SNV	0	1
ENSG00000205579	DYNLL1P1	GroupB_exclusive			TK92	SNV	0	1
ENSG00000224963	ECMXP	GroupB_exclusive			TK91	SNV	0	1
ENSG00000249751	ECSCR	GroupB_exclusive			TK93	SNV	0	1
ENSG00000234060	EDDM3CP	GroupB_exclusive			TK92	SNV	0	1
ENSG00000270775	EEF1A1P18	GroupB_exclusive			TK91	SNV	0	1
ENSG00000258841	EEF1A1P2	GroupB_exclusive			TK92	SNV	0	1
ENSG00000237859	EEF1A1P31	GroupB_exclusive			TK92	SNV	0	1
ENSG00000233324	EEF1A1P34	GroupB_exclusive			TK91	SNV	0	1
ENSG00000229715	EEF1DP3	GroupB_exclusive			TK92	SNV	0	1
ENSG00000236290	EEF1GP7	GroupB_exclusive			TK93	SNV	0	1
ENSG00000228140	EFHD2-AS1	GroupB_exclusive			TK10	SNV	0	1
ENSG00000248998	EFL1P2	GroupB_exclusive			TK18	SNV	0	1
ENSG00000224057	EGFR-AS1	GroupB_exclusive			TK92	SNV	0	1
ENSG00000236257	EI24P2	GroupB_exclusive			TK93	SNV	0	1
ENSG00000262154	EIF1P4	GroupB_exclusive			TK93	SNV	0	1
ENSG00000225701	EIF4A1P13	GroupB_exclusive			TK92	SNV	0	1
ENSG00000213484	EIF4A1P8	GroupB_exclusive			TK92	SNV	0	1
ENSG00000175766	EIF4E1B	GroupB_exclusive			TK91	SNV	0	1
ENSG00000244157	EIF4E2P2	GroupB_exclusive			TK92	SNV	0	1
ENSG00000258870	EIF4EBP1P1	GroupB_exclusive			TK93	SNV	0	1
ENSG00000233578	EIF4EP1	GroupB_exclusive			TK92	INDEL,SNV	0	1
ENSG00000163577	EIF5A2	GroupB_exclusive			TK18	INDEL,SNV	0	1
ENSG00000260576	EIF5A2P1	GroupB_exclusive			TK93	SNV	0	1
ENSG00000162374	ELAVL4	GroupB_exclusive			TK91	SNV	0	1
ENSG00000280890	ELDR	GroupB_exclusive			TK91	SNV	0	1
ENSG00000276172	ELMO2P1	GroupB_exclusive			TK92	SNV	0	1
ENSG00000226186	ELOCP21	GroupB_exclusive			TK92	INDEL,SNV	0	1
ENSG00000265545	ELOCP27	GroupB_exclusive			TK93	SNV	0	1
ENSG00000164035	EMCN	GroupB_exclusive			TK10	SNV	0	1
ENSG00000177261	ENSAP3	GroupB_exclusive			TK93	SNV	0	1
ENSG00000121388	ENSG00000121388	GroupB_exclusive			TK92	SNV	0	1
ENSG00000166104	ENSG00000166104	GroupB_exclusive			TK10	SNV	0	1
ENSG00000178107	ENSG00000178107	GroupB_exclusive			TK93	SNV	0	1
ENSG00000180019	ENSG00000180019	GroupB_exclusive			TK93	SNV	0	1
ENSG00000184906	ENSG00000184906	GroupB_exclusive			TK92	SNV	0	1
ENSG00000188078	ENSG00000188078	GroupB_exclusive			TK92	INDEL,SNV	0	1
ENSG00000197254	ENSG00000197254	GroupB_exclusive			TK92	SNV	0	1
ENSG00000198358	ENSG00000198358	GroupB_exclusive			TK18	SNV	0	1
ENSG00000200075	ENSG00000200075	GroupB_exclusive			TK91	SNV	0	1
ENSG00000200377	ENSG00000200377	GroupB_exclusive			TK92	SNV	0	1
ENSG00000201245	ENSG00000201245	GroupB_exclusive			TK92	INDEL,SNV	0	1
ENSG00000201384	ENSG00000201384	GroupB_exclusive			TK93	SNV	0	1
ENSG00000201882	ENSG00000201882	GroupB_exclusive			TK18	SNV	0	1
ENSG00000202343	ENSG00000202343	GroupB_exclusive			TK91	SNV	0	1
ENSG00000202434	ENSG00000202434	GroupB_exclusive			TK93	SNV	0	1
ENSG00000203396	ENSG00000203396	GroupB_exclusive			TK93	SNV	0	1
ENSG00000203434	ENSG00000203434	GroupB_exclusive			TK10	SNV	0	1
ENSG00000203462	ENSG00000203462	GroupB_exclusive			TK91	SNV	0	1
ENSG00000203531	ENSG00000203531	GroupB_exclusive			TK91	SNV	0	1
ENSG00000203565	ENSG00000203565	GroupB_exclusive			TK92	SNV	0	1
ENSG00000203643	ENSG00000203643	GroupB_exclusive			TK92	SNV	0	1
ENSG00000204684	ENSG00000204684	GroupB_exclusive			TK10	SNV	0	1
ENSG00000204850	ENSG00000204850	GroupB_exclusive			TK10	SNV	0	1
ENSG00000205644	ENSG00000205644	GroupB_exclusive			TK92	SNV	0	1
ENSG00000205830	ENSG00000205830	GroupB_exclusive			TK93	SNV	0	1
ENSG00000212338	ENSG00000212338	GroupB_exclusive			TK92	SNV	0	1
ENSG00000212567	ENSG00000212567	GroupB_exclusive			TK91	SNV	0	1
ENSG00000213058	ENSG00000213058	GroupB_exclusive			TK93	SNV	0	1
ENSG00000213078	ENSG00000213078	GroupB_exclusive			TK92	SNV	0	1
ENSG00000213115	ENSG00000213115	GroupB_exclusive			TK93	SNV	0	1
ENSG00000213226	ENSG00000213226	GroupB_exclusive			TK93	SNV	0	1
ENSG00000213293	ENSG00000213293	GroupB_exclusive			TK18	SNV	0	1
ENSG00000213560	ENSG00000213560	GroupB_exclusive			TK91	SNV	0	1
ENSG00000213587	ENSG00000213587	GroupB_exclusive			TK91	SNV	0	1
ENSG00000213717	ENSG00000213717	GroupB_exclusive			TK93	SNV	0	1
ENSG00000213851	ENSG00000213851	GroupB_exclusive			TK92	SNV	0	1
ENSG00000214035	ENSG00000214035	GroupB_exclusive			TK92	SNV	0	1
ENSG00000214243	ENSG00000214243	GroupB_exclusive			TK92	SNV	0	1
ENSG00000214278	ENSG00000214278	GroupB_exclusive			TK92	INDEL,SNV	0	1
ENSG00000214651	ENSG00000214651	GroupB_exclusive			TK91	SNV	0	1
ENSG00000215023	ENSG00000215023	GroupB_exclusive			TK18	SNV	0	1
ENSG00000215796	ENSG00000215796	GroupB_exclusive			TK10	SNV	0	1
ENSG00000216721	ENSG00000216721	GroupB_exclusive			TK91	SNV	0	1
ENSG00000217030	ENSG00000217030	GroupB_exclusive			TK91	SNV	0	1
ENSG00000217060	ENSG00000217060	GroupB_exclusive			TK10	SNV	0	1
ENSG00000217139	ENSG00000217139	GroupB_exclusive			TK93	SNV	0	1
ENSG00000217195	ENSG00000217195	GroupB_exclusive			TK93	SNV	0	1
ENSG00000217512	ENSG00000217512	GroupB_exclusive			TK93	SNV	0	1
ENSG00000217825	ENSG00000217825	GroupB_exclusive			TK12	SNV	0	1
ENSG00000218187	ENSG00000218187	GroupB_exclusive			TK93	SNV	0	1
ENSG00000218313	ENSG00000218313	GroupB_exclusive			TK92	SNV	0	1
ENSG00000218472	ENSG00000218472	GroupB_exclusive			TK91	SNV	0	1
ENSG00000218521	ENSG00000218521	GroupB_exclusive			TK92	SNV	0	1
ENSG00000218596	ENSG00000218596	GroupB_exclusive			TK93	SNV	0	1
ENSG00000218682	ENSG00000218682	GroupB_exclusive			TK91	SNV	0	1
ENSG00000218757	ENSG00000218757	GroupB_exclusive			TK93	SNV	0	1
ENSG00000218766	ENSG00000218766	GroupB_exclusive			TK92	SNV	0	1
ENSG00000219391	ENSG00000219391	GroupB_exclusive			TK92	SNV	0	1
ENSG00000219500	ENSG00000219500	GroupB_exclusive			TK92	SNV	0	1
ENSG00000219622	ENSG00000219622	GroupB_exclusive			TK91	SNV	0	1
ENSG00000220105	ENSG00000220105	GroupB_exclusive			TK91	SNV	0	1
ENSG00000220349	ENSG00000220349	GroupB_exclusive			TK18	SNV	0	1
ENSG00000220660	ENSG00000220660	GroupB_exclusive			TK91	SNV	0	1
ENSG00000220960	ENSG00000220960	GroupB_exclusive			TK93	SNV	0	1
ENSG00000221245	ENSG00000221245	GroupB_exclusive			TK93	SNV	0	1
ENSG00000222032	ENSG00000222032	GroupB_exclusive			TK92	SNV	0	1
ENSG00000222042	ENSG00000222042	GroupB_exclusive			TK10	SNV	0	1
ENSG00000223343	ENSG00000223343	GroupB_exclusive			TK92	SNV	0	1
ENSG00000223430	ENSG00000223430	GroupB_exclusive			TK93	SNV	0	1
ENSG00000223563	ENSG00000223563	GroupB_exclusive			TK91	SNV	0	1
ENSG00000223602	ENSG00000223602	GroupB_exclusive			TK91	SNV	0	1
ENSG00000223665	ENSG00000223665	GroupB_exclusive			TK93	SNV	0	1
ENSG00000223795	ENSG00000223795	GroupB_exclusive			TK93	SNV	0	1
ENSG00000223829	ENSG00000223829	GroupB_exclusive			TK18	SNV	0	1
ENSG00000223841	ENSG00000223841	GroupB_exclusive			TK12	SNV	0	1
ENSG00000223920	ENSG00000223920	GroupB_exclusive			TK91	SNV	0	1
ENSG00000223946	ENSG00000223946	GroupB_exclusive			TK10	SNV	0	1
ENSG00000224049	ENSG00000224049	GroupB_exclusive			TK18	SNV	0	1
ENSG00000224077	ENSG00000224077	GroupB_exclusive			TK91	SNV	0	1
ENSG00000224100	ENSG00000224100	GroupB_exclusive			TK92	SNV	0	1
ENSG00000224127	ENSG00000224127	GroupB_exclusive			TK18	SNV	0	1
ENSG00000224239	ENSG00000224239	GroupB_exclusive			TK92	SNV	0	1
ENSG00000224250	ENSG00000224250	GroupB_exclusive			TK92	SNV	0	1
ENSG00000224322	ENSG00000224322	GroupB_exclusive			TK91	SNV	0	1
ENSG00000224370	ENSG00000224370	GroupB_exclusive			TK91	SNV	0	1
ENSG00000224410	ENSG00000224410	GroupB_exclusive			TK93	SNV	0	1
ENSG00000224417	ENSG00000224417	GroupB_exclusive			TK12	SNV	0	1
ENSG00000224427	ENSG00000224427	GroupB_exclusive			TK91	SNV	0	1
ENSG00000224448	ENSG00000224448	GroupB_exclusive			TK93	SNV	0	1
ENSG00000224477	ENSG00000224477	GroupB_exclusive			TK91	SNV	0	1
ENSG00000224484	ENSG00000224484	GroupB_exclusive			TK10	INDEL	0	1
ENSG00000224504	ENSG00000224504	GroupB_exclusive			TK10	SNV	0	1
ENSG00000224523	ENSG00000224523	GroupB_exclusive			TK92	SNV	0	1
ENSG00000224600	ENSG00000224600	GroupB_exclusive			TK10	SNV	0	1
ENSG00000224605	ENSG00000224605	GroupB_exclusive			TK91	SNV	0	1
ENSG00000224621	ENSG00000224621	GroupB_exclusive			TK10	SNV	0	1
ENSG00000224794	ENSG00000224794	GroupB_exclusive			TK12	SNV	0	1
ENSG00000224931	ENSG00000224931	GroupB_exclusive			TK91	SNV	0	1
ENSG00000224950	ENSG00000224950	GroupB_exclusive			TK10	SNV	0	1
ENSG00000225123	ENSG00000225123	GroupB_exclusive			TK93	SNV	0	1
ENSG00000225172	ENSG00000225172	GroupB_exclusive			TK92	SNV	0	1
ENSG00000225191	ENSG00000225191	GroupB_exclusive			TK92	SNV	0	1
ENSG00000225424	ENSG00000225424	GroupB_exclusive			TK10	SNV	0	1
ENSG00000225469	ENSG00000225469	GroupB_exclusive			TK92	INDEL,SNV	0	1
ENSG00000225475	ENSG00000225475	GroupB_exclusive			TK93	SNV	0	1
ENSG00000225551	ENSG00000225551	GroupB_exclusive			TK93	SNV	0	1
ENSG00000225563	ENSG00000225563	GroupB_exclusive			TK91	INDEL,SNV	0	1
ENSG00000225594	ENSG00000225594	GroupB_exclusive			TK92	SNV	0	1
ENSG00000225632	ENSG00000225632	GroupB_exclusive			TK93	SNV	0	1
ENSG00000225656	ENSG00000225656	GroupB_exclusive			TK93	SNV	0	1
ENSG00000225678	ENSG00000225678	GroupB_exclusive			TK92	SNV	0	1
ENSG00000225720	ENSG00000225720	GroupB_exclusive			TK12	SNV	0	1
ENSG00000225794	ENSG00000225794	GroupB_exclusive			TK92	SNV	0	1
ENSG00000225818	ENSG00000225818	GroupB_exclusive			TK91	SNV	0	1
ENSG00000225840	ENSG00000225840	GroupB_exclusive			TK92	SNV	0	1
ENSG00000225867	ENSG00000225867	GroupB_exclusive			TK92	SNV	0	1
ENSG00000225898	ENSG00000225898	GroupB_exclusive			TK18	SNV	0	1
ENSG00000225906	ENSG00000225906	GroupB_exclusive			TK18	SNV	0	1
ENSG00000225913	ENSG00000225913	GroupB_exclusive			TK91	SNV	0	1
ENSG00000225982	ENSG00000225982	GroupB_exclusive			TK91	SNV	0	1
ENSG00000226072	ENSG00000226072	GroupB_exclusive			TK93	SNV	0	1
ENSG00000226089	ENSG00000226089	GroupB_exclusive			TK93	SNV	0	1
ENSG00000226117	ENSG00000226117	GroupB_exclusive			TK92	SNV	0	1
ENSG00000226134	ENSG00000226134	GroupB_exclusive			TK92	SNV	0	1
ENSG00000226181	ENSG00000226181	GroupB_exclusive			TK93	SNV	0	1
ENSG00000226197	ENSG00000226197	GroupB_exclusive			TK92	SNV	0	1
ENSG00000226206	ENSG00000226206	GroupB_exclusive			TK12	SNV	0	1
ENSG00000226207	ENSG00000226207	GroupB_exclusive			TK91	SNV	0	1
ENSG00000226338	ENSG00000226338	GroupB_exclusive			TK92	INDEL	0	1
ENSG00000226376	ENSG00000226376	GroupB_exclusive			TK91	SNV	0	1
ENSG00000226410	ENSG00000226410	GroupB_exclusive			TK91	SNV	0	1
ENSG00000226431	ENSG00000226431	GroupB_exclusive			TK93	SNV	0	1
ENSG00000226484	ENSG00000226484	GroupB_exclusive			TK93	SNV	0	1
ENSG00000226523	ENSG00000226523	GroupB_exclusive			TK18	SNV	0	1
ENSG00000226548	ENSG00000226548	GroupB_exclusive			TK92	SNV	0	1
ENSG00000226599	ENSG00000226599	GroupB_exclusive			TK93	SNV	0	1
ENSG00000226640	ENSG00000226640	GroupB_exclusive			TK92	SNV	0	1
ENSG00000226649	ENSG00000226649	GroupB_exclusive			TK93	SNV	0	1
ENSG00000226716	ENSG00000226716	GroupB_exclusive			TK10	SNV	0	1
ENSG00000226772	ENSG00000226772	GroupB_exclusive			TK93	INDEL,SNV	0	1
ENSG00000226782	ENSG00000226782	GroupB_exclusive			TK93	SNV	0	1
ENSG00000226838	ENSG00000226838	GroupB_exclusive			TK91	SNV	0	1
ENSG00000226919	ENSG00000226919	GroupB_exclusive			TK12	SNV	0	1
ENSG00000226938	ENSG00000226938	GroupB_exclusive			TK91	SNV	0	1
ENSG00000226989	ENSG00000226989	GroupB_exclusive			TK91	SNV	0	1
ENSG00000226994	ENSG00000226994	GroupB_exclusive			TK92	SNV	0	1
ENSG00000226999	ENSG00000226999	GroupB_exclusive			TK92	SNV	0	1
ENSG00000227015	ENSG00000227015	GroupB_exclusive			TK93	SNV	0	1
ENSG00000227042	ENSG00000227042	GroupB_exclusive			TK93	SNV	0	1
ENSG00000227066	ENSG00000227066	GroupB_exclusive			TK92	SNV	0	1
ENSG00000227076	ENSG00000227076	GroupB_exclusive			TK10	SNV	0	1
ENSG00000227080	ENSG00000227080	GroupB_exclusive			TK93	SNV	0	1
ENSG00000227094	ENSG00000227094	GroupB_exclusive			TK91	SNV	0	1
ENSG00000227131	ENSG00000227131	GroupB_exclusive			TK93	INDEL	0	1
ENSG00000227148	ENSG00000227148	GroupB_exclusive			TK10	SNV	0	1
ENSG00000227186	ENSG00000227186	GroupB_exclusive			TK92	SNV	0	1
ENSG00000227206	ENSG00000227206	GroupB_exclusive			TK91	SNV	0	1
ENSG00000227240	ENSG00000227240	GroupB_exclusive			TK91	SNV	0	1
ENSG00000227257	ENSG00000227257	GroupB_exclusive			TK93	SNV	0	1
ENSG00000227293	ENSG00000227293	GroupB_exclusive			TK93	SNV	0	1
ENSG00000227301	ENSG00000227301	GroupB_exclusive			TK92	SNV	0	1
ENSG00000227365	ENSG00000227365	GroupB_exclusive			TK91	SNV	0	1
ENSG00000227417	ENSG00000227417	GroupB_exclusive			TK91	SNV	0	1
ENSG00000227459	ENSG00000227459	GroupB_exclusive			TK93	SNV	0	1
ENSG00000227499	ENSG00000227499	GroupB_exclusive			TK93	SNV	0	1
ENSG00000227573	ENSG00000227573	GroupB_exclusive			TK92	SNV	0	1
ENSG00000227706	ENSG00000227706	GroupB_exclusive			TK10	SNV	0	1
ENSG00000227711	ENSG00000227711	GroupB_exclusive			TK10	SNV	0	1
ENSG00000227845	ENSG00000227845	GroupB_exclusive			TK18	SNV	0	1
ENSG00000227851	ENSG00000227851	GroupB_exclusive			TK91	SNV	0	1
ENSG00000227950	ENSG00000227950	GroupB_exclusive			TK92	SNV	0	1
ENSG00000227958	ENSG00000227958	GroupB_exclusive			TK91	INDEL,SNV	0	1
ENSG00000228021	ENSG00000228021	GroupB_exclusive			TK92	SNV	0	1
ENSG00000228048	ENSG00000228048	GroupB_exclusive			TK91	SNV	0	1
ENSG00000228143	ENSG00000228143	GroupB_exclusive			TK93	SNV	0	1
ENSG00000228160	ENSG00000228160	GroupB_exclusive			TK91	SNV	0	1
ENSG00000228187	ENSG00000228187	GroupB_exclusive			TK93	INDEL,SNV	0	1
ENSG00000228235	ENSG00000228235	GroupB_exclusive			TK93	SNV	0	1
ENSG00000228341	ENSG00000228341	GroupB_exclusive			TK91	SNV	0	1
ENSG00000228352	ENSG00000228352	GroupB_exclusive			TK92	SNV	0	1
ENSG00000228401	ENSG00000228401	GroupB_exclusive			TK10	INDEL,SNV	0	1
ENSG00000228464	ENSG00000228464	GroupB_exclusive			TK93	SNV	0	1
ENSG00000228525	ENSG00000228525	GroupB_exclusive			TK92	SNV	0	1
ENSG00000228540	ENSG00000228540	GroupB_exclusive			TK92	SNV	0	1
ENSG00000228543	ENSG00000228543	GroupB_exclusive			TK12	SNV	0	1
ENSG00000228550	ENSG00000228550	GroupB_exclusive			TK12	SNV	0	1
ENSG00000228561	ENSG00000228561	GroupB_exclusive			TK93	SNV	0	1
ENSG00000228618	ENSG00000228618	GroupB_exclusive			TK93	SNV	0	1
ENSG00000228702	ENSG00000228702	GroupB_exclusive			TK91	SNV	0	1
ENSG00000228708	ENSG00000228708	GroupB_exclusive			TK91	SNV	0	1
ENSG00000228792	ENSG00000228792	GroupB_exclusive			TK18	SNV	0	1
ENSG00000228827	ENSG00000228827	GroupB_exclusive			TK93	SNV	0	1
ENSG00000228835	ENSG00000228835	GroupB_exclusive			TK10	SNV	0	1
ENSG00000228877	ENSG00000228877	GroupB_exclusive			TK10	SNV	0	1
ENSG00000228944	ENSG00000228944	GroupB_exclusive			TK92	INDEL,SNV	0	1
ENSG00000228982	ENSG00000228982	GroupB_exclusive			TK91	SNV	0	1
ENSG00000229060	ENSG00000229060	GroupB_exclusive			TK91	SNV	0	1
ENSG00000229112	ENSG00000229112	GroupB_exclusive			TK10	SNV	0	1
ENSG00000229115	ENSG00000229115	GroupB_exclusive			TK92	SNV	0	1
ENSG00000229131	ENSG00000229131	GroupB_exclusive			TK18	INDEL,SNV	0	1
ENSG00000229156	ENSG00000229156	GroupB_exclusive			TK91	SNV	0	1
ENSG00000229169	ENSG00000229169	GroupB_exclusive			TK92	SNV	0	1
ENSG00000229172	ENSG00000229172	GroupB_exclusive			TK92	SNV	0	1
ENSG00000229206	ENSG00000229206	GroupB_exclusive			TK92	SNV	0	1
ENSG00000229262	ENSG00000229262	GroupB_exclusive			TK92	INDEL	0	1
ENSG00000229311	ENSG00000229311	GroupB_exclusive			TK93	SNV	0	1
ENSG00000229313	ENSG00000229313	GroupB_exclusive			TK12	INDEL	0	1
ENSG00000229330	ENSG00000229330	GroupB_exclusive			TK92	SNV	0	1
ENSG00000229337	ENSG00000229337	GroupB_exclusive			TK91	SNV	0	1
ENSG00000229345	ENSG00000229345	GroupB_exclusive			TK92	SNV	0	1
ENSG00000229365	ENSG00000229365	GroupB_exclusive			TK10	SNV	0	1
ENSG00000229403	ENSG00000229403	GroupB_exclusive			TK92	SNV	0	1
ENSG00000229418	ENSG00000229418	GroupB_exclusive			TK10	SNV	0	1
ENSG00000229454	ENSG00000229454	GroupB_exclusive			TK93	SNV	0	1
ENSG00000229486	ENSG00000229486	GroupB_exclusive			TK93	SNV	0	1
ENSG00000229492	ENSG00000229492	GroupB_exclusive			TK92	SNV	0	1
ENSG00000229528	ENSG00000229528	GroupB_exclusive			TK10	INDEL	0	1
ENSG00000229543	ENSG00000229543	GroupB_exclusive			TK92	SNV	0	1
ENSG00000229550	ENSG00000229550	GroupB_exclusive			TK92	SNV	0	1
ENSG00000229607	ENSG00000229607	GroupB_exclusive			TK10	SNV	0	1
ENSG00000229652	ENSG00000229652	GroupB_exclusive			TK92	SNV	0	1
ENSG00000229711	ENSG00000229711	GroupB_exclusive			TK93	SNV	0	1
ENSG00000229717	ENSG00000229717	GroupB_exclusive			TK92	INDEL,SNV	0	1
ENSG00000229740	ENSG00000229740	GroupB_exclusive			TK92	SNV	0	1
ENSG00000229751	ENSG00000229751	GroupB_exclusive			TK10	SNV	0	1
ENSG00000229791	ENSG00000229791	GroupB_exclusive			TK93	SNV	0	1
ENSG00000229846	ENSG00000229846	GroupB_exclusive			TK93	SNV	0	1
ENSG00000229914	ENSG00000229914	GroupB_exclusive			TK91	SNV	0	1
ENSG00000229943	ENSG00000229943	GroupB_exclusive			TK10	SNV	0	1
ENSG00000229955	ENSG00000229955	GroupB_exclusive			TK10	SNV	0	1
ENSG00000230026	ENSG00000230026	GroupB_exclusive			TK92	SNV	0	1
ENSG00000230033	ENSG00000230033	GroupB_exclusive			TK10	SNV	0	1
ENSG00000230065	ENSG00000230065	GroupB_exclusive			TK92	SNV	0	1
ENSG00000230203	ENSG00000230203	GroupB_exclusive			TK91	SNV	0	1
ENSG00000230205	ENSG00000230205	GroupB_exclusive			TK92	SNV	0	1
ENSG00000230286	ENSG00000230286	GroupB_exclusive			TK92	INDEL,SNV	0	1
ENSG00000230355	ENSG00000230355	GroupB_exclusive			TK91	SNV	0	1
ENSG00000230381	ENSG00000230381	GroupB_exclusive			TK92	SNV	0	1
ENSG00000230459	ENSG00000230459	GroupB_exclusive			TK92	SNV	0	1
ENSG00000230492	ENSG00000230492	GroupB_exclusive			TK92	SNV	0	1
ENSG00000230495	ENSG00000230495	GroupB_exclusive			TK93	INDEL	0	1
ENSG00000230502	ENSG00000230502	GroupB_exclusive			TK92	SNV	0	1
ENSG00000230659	ENSG00000230659	GroupB_exclusive			TK93	SNV	0	1
ENSG00000230668	ENSG00000230668	GroupB_exclusive			TK91	INDEL,SNV	0	1
ENSG00000230707	ENSG00000230707	GroupB_exclusive			TK10	SNV	0	1
ENSG00000230728	ENSG00000230728	GroupB_exclusive			TK92	SNV	0	1
ENSG00000230751	ENSG00000230751	GroupB_exclusive			TK12	SNV	0	1
ENSG00000230813	ENSG00000230813	GroupB_exclusive			TK10	SNV	0	1
ENSG00000230815	ENSG00000230815	GroupB_exclusive			TK91	SNV	0	1
ENSG00000230848	ENSG00000230848	GroupB_exclusive			TK92	SNV	0	1
ENSG00000230922	ENSG00000230922	GroupB_exclusive			TK10	SNV	0	1
ENSG00000230947	ENSG00000230947	GroupB_exclusive			TK91	SNV	0	1
ENSG00000230953	ENSG00000230953	GroupB_exclusive			TK12	SNV	0	1
ENSG00000231015	ENSG00000231015	GroupB_exclusive			TK93	SNV	0	1
ENSG00000231114	ENSG00000231114	GroupB_exclusive			TK91	SNV	0	1
ENSG00000231119	ENSG00000231119	GroupB_exclusive			TK92	SNV	0	1
ENSG00000231132	ENSG00000231132	GroupB_exclusive			TK92	SNV	0	1
ENSG00000231189	ENSG00000231189	GroupB_exclusive			TK92	SNV	0	1
ENSG00000231193	ENSG00000231193	GroupB_exclusive			TK91	INDEL,SNV	0	1
ENSG00000231207	ENSG00000231207	GroupB_exclusive			TK10	SNV	0	1
ENSG00000231447	ENSG00000231447	GroupB_exclusive			TK92	SNV	0	1
ENSG00000231484	ENSG00000231484	GroupB_exclusive			TK92	SNV	0	1
ENSG00000231539	ENSG00000231539	GroupB_exclusive			TK93	SNV	0	1
ENSG00000231569	ENSG00000231569	GroupB_exclusive			TK92	SNV	0	1
ENSG00000231583	ENSG00000231583	GroupB_exclusive			TK91	SNV	0	1
ENSG00000231613	ENSG00000231613	GroupB_exclusive			TK12	SNV	0	1
ENSG00000231616	ENSG00000231616	GroupB_exclusive			TK92	SNV	0	1
ENSG00000231678	ENSG00000231678	GroupB_exclusive			TK92	SNV	0	1
ENSG00000231681	ENSG00000231681	GroupB_exclusive			TK10	SNV	0	1
ENSG00000231741	ENSG00000231741	GroupB_exclusive			TK92	SNV	0	1
ENSG00000231743	ENSG00000231743	GroupB_exclusive			TK10	SNV	0	1
ENSG00000231756	ENSG00000231756	GroupB_exclusive			TK12	SNV	0	1
ENSG00000231791	ENSG00000231791	GroupB_exclusive			TK10	SNV	0	1
ENSG00000231859	ENSG00000231859	GroupB_exclusive			TK92	SNV	0	1
ENSG00000231867	ENSG00000231867	GroupB_exclusive			TK18	SNV	0	1
ENSG00000231868	ENSG00000231868	GroupB_exclusive			TK92	SNV	0	1
ENSG00000231896	ENSG00000231896	GroupB_exclusive			TK10	INDEL	0	1
ENSG00000231937	ENSG00000231937	GroupB_exclusive			TK93	SNV	0	1
ENSG00000231949	ENSG00000231949	GroupB_exclusive			TK92	SNV	0	1
ENSG00000231961	ENSG00000231961	GroupB_exclusive			TK92	SNV	0	1
ENSG00000232032	ENSG00000232032	GroupB_exclusive			TK18	SNV	0	1
ENSG00000232034	ENSG00000232034	GroupB_exclusive			TK91	SNV	0	1
ENSG00000232063	ENSG00000232063	GroupB_exclusive			TK93	INDEL,SNV	0	1
ENSG00000232072	ENSG00000232072	GroupB_exclusive			TK18	SNV	0	1
ENSG00000232176	ENSG00000232176	GroupB_exclusive			TK12	SNV	0	1
ENSG00000232193	ENSG00000232193	GroupB_exclusive			TK10	SNV	0	1
ENSG00000232200	ENSG00000232200	GroupB_exclusive			TK92	SNV	0	1
ENSG00000232211	ENSG00000232211	GroupB_exclusive			TK93	SNV	0	1
ENSG00000232355	ENSG00000232355	GroupB_exclusive			TK93	INDEL	0	1
ENSG00000232359	ENSG00000232359	GroupB_exclusive			TK91	SNV	0	1
ENSG00000232386	ENSG00000232386	GroupB_exclusive			TK10	SNV	0	1
ENSG00000232413	ENSG00000232413	GroupB_exclusive			TK10	SNV	0	1
ENSG00000232494	ENSG00000232494	GroupB_exclusive			TK18	SNV	0	1
ENSG00000232500	ENSG00000232500	GroupB_exclusive			TK92	INDEL	0	1
ENSG00000232519	ENSG00000232519	GroupB_exclusive			TK18	SNV	0	1
ENSG00000232537	ENSG00000232537	GroupB_exclusive			TK92	SNV	0	1
ENSG00000232675	ENSG00000232675	GroupB_exclusive			TK93	SNV	0	1
ENSG00000232696	ENSG00000232696	GroupB_exclusive			TK91	SNV	0	1
ENSG00000232716	ENSG00000232716	GroupB_exclusive			TK91	SNV	0	1
ENSG00000232721	ENSG00000232721	GroupB_exclusive			TK18	SNV	0	1
ENSG00000232749	ENSG00000232749	GroupB_exclusive			TK12	SNV	0	1
ENSG00000232821	ENSG00000232821	GroupB_exclusive			TK92	SNV	0	1
ENSG00000232896	ENSG00000232896	GroupB_exclusive			TK91	SNV	0	1
ENSG00000232897	ENSG00000232897	GroupB_exclusive			TK93	SNV	0	1
ENSG00000232905	ENSG00000232905	GroupB_exclusive			TK92	SNV	0	1
ENSG00000232944	ENSG00000232944	GroupB_exclusive			TK92	SNV	0	1
ENSG00000232971	ENSG00000232971	GroupB_exclusive			TK91	SNV	0	1
ENSG00000232985	ENSG00000232985	GroupB_exclusive			TK93	SNV	0	1
ENSG00000232993	ENSG00000232993	GroupB_exclusive			TK92	SNV	0	1
ENSG00000233052	ENSG00000233052	GroupB_exclusive			TK93	SNV	0	1
ENSG00000233068	ENSG00000233068	GroupB_exclusive			TK10	SNV	0	1
ENSG00000233365	ENSG00000233365	GroupB_exclusive			TK91	SNV	0	1
ENSG00000233383	ENSG00000233383	GroupB_exclusive			TK10	SNV	0	1
ENSG00000233393	ENSG00000233393	GroupB_exclusive			TK12	SNV	0	1
ENSG00000233454	ENSG00000233454	GroupB_exclusive			TK91	SNV	0	1
ENSG00000233535	ENSG00000233535	GroupB_exclusive			TK92	SNV	0	1
ENSG00000233632	ENSG00000233632	GroupB_exclusive			TK92	SNV	0	1
ENSG00000233760	ENSG00000233760	GroupB_exclusive			TK10	SNV	0	1
ENSG00000233820	ENSG00000233820	GroupB_exclusive			TK92	SNV	0	1
ENSG00000233850	ENSG00000233850	GroupB_exclusive			TK10	SNV	0	1
ENSG00000233862	ENSG00000233862	GroupB_exclusive			TK93	SNV	0	1
ENSG00000233875	ENSG00000233875	GroupB_exclusive			TK92	SNV	0	1
ENSG00000233877	ENSG00000233877	GroupB_exclusive			TK93	SNV	0	1
ENSG00000233920	ENSG00000233920	GroupB_exclusive			TK18	SNV	0	1
ENSG00000233969	ENSG00000233969	GroupB_exclusive			TK93	SNV	0	1
ENSG00000233990	ENSG00000233990	GroupB_exclusive			TK93	SNV	0	1
ENSG00000234034	ENSG00000234034	GroupB_exclusive			TK91	SNV	0	1
ENSG00000234080	ENSG00000234080	GroupB_exclusive			TK92	SNV	0	1
ENSG00000234089	ENSG00000234089	GroupB_exclusive			TK10	SNV	0	1
ENSG00000234116	ENSG00000234116	GroupB_exclusive			TK93	SNV	0	1
ENSG00000234172	ENSG00000234172	GroupB_exclusive			TK10	SNV	0	1
ENSG00000234223	ENSG00000234223	GroupB_exclusive			TK10	SNV	0	1
ENSG00000234282	ENSG00000234282	GroupB_exclusive			TK93	SNV	0	1
ENSG00000234296	ENSG00000234296	GroupB_exclusive			TK18	SNV	0	1
ENSG00000234318	ENSG00000234318	GroupB_exclusive			TK92	SNV	0	1
ENSG00000234360	ENSG00000234360	GroupB_exclusive			TK93	SNV	0	1
ENSG00000234427	ENSG00000234427	GroupB_exclusive			TK93	SNV	0	1
ENSG00000234471	ENSG00000234471	GroupB_exclusive			TK10	SNV	0	1
ENSG00000234484	ENSG00000234484	GroupB_exclusive			TK10	SNV	0	1
ENSG00000234567	ENSG00000234567	GroupB_exclusive			TK93	SNV	0	1
ENSG00000234604	ENSG00000234604	GroupB_exclusive			TK92	SNV	0	1
ENSG00000234624	ENSG00000234624	GroupB_exclusive			TK92	SNV	0	1
ENSG00000234675	ENSG00000234675	GroupB_exclusive			TK91	SNV	0	1
ENSG00000234714	ENSG00000234714	GroupB_exclusive			TK91	SNV	0	1
ENSG00000234730	ENSG00000234730	GroupB_exclusive			TK10	SNV	0	1
ENSG00000234892	ENSG00000234892	GroupB_exclusive			TK10	SNV	0	1
ENSG00000234929	ENSG00000234929	GroupB_exclusive			TK93	SNV	0	1
ENSG00000234985	ENSG00000234985	GroupB_exclusive			TK92	SNV	0	1
ENSG00000235020	ENSG00000235020	GroupB_exclusive			TK10	SNV	0	1
ENSG00000235023	ENSG00000235023	GroupB_exclusive			TK10	SNV	0	1
ENSG00000235071	ENSG00000235071	GroupB_exclusive			TK93	SNV	0	1
ENSG00000235088	ENSG00000235088	GroupB_exclusive			TK92	SNV	0	1
ENSG00000235126	ENSG00000235126	GroupB_exclusive			TK92	SNV	0	1
ENSG00000235152	ENSG00000235152	GroupB_exclusive			TK92	SNV	0	1
ENSG00000235246	ENSG00000235246	GroupB_exclusive			TK10	SNV	0	1
ENSG00000235279	ENSG00000235279	GroupB_exclusive			TK91	SNV	0	1
ENSG00000235389	ENSG00000235389	GroupB_exclusive			TK92	SNV	0	1
ENSG00000235400	ENSG00000235400	GroupB_exclusive			TK93	INDEL	0	1
ENSG00000235435	ENSG00000235435	GroupB_exclusive			TK10	SNV	0	1
ENSG00000235464	ENSG00000235464	GroupB_exclusive			TK93	SNV	0	1
ENSG00000235526	ENSG00000235526	GroupB_exclusive			TK92	SNV	0	1
ENSG00000235564	ENSG00000235564	GroupB_exclusive			TK91	SNV	0	1
ENSG00000235575	ENSG00000235575	GroupB_exclusive			TK10	SNV	0	1
ENSG00000235612	ENSG00000235612	GroupB_exclusive			TK10	SNV	0	1
ENSG00000235637	ENSG00000235637	GroupB_exclusive			TK92	SNV	0	1
ENSG00000235689	ENSG00000235689	GroupB_exclusive			TK12	SNV	0	1
ENSG00000235728	ENSG00000235728	GroupB_exclusive			TK92	SNV	0	1
ENSG00000235742	ENSG00000235742	GroupB_exclusive			TK92	SNV	0	1
ENSG00000235778	ENSG00000235778	GroupB_exclusive			TK92	SNV	0	1
ENSG00000235817	ENSG00000235817	GroupB_exclusive			TK93	INDEL	0	1
ENSG00000235819	ENSG00000235819	GroupB_exclusive			TK92	INDEL,SNV	0	1
ENSG00000235833	ENSG00000235833	GroupB_exclusive			TK93	SNV	0	1
ENSG00000235845	ENSG00000235845	GroupB_exclusive			TK93	SNV	0	1
ENSG00000235861	ENSG00000235861	GroupB_exclusive			TK93	SNV	0	1
ENSG00000235907	ENSG00000235907	GroupB_exclusive			TK92	SNV	0	1
ENSG00000235979	ENSG00000235979	GroupB_exclusive			TK92	SNV	0	1
ENSG00000236003	ENSG00000236003	GroupB_exclusive			TK93	SNV	0	1
ENSG00000236005	ENSG00000236005	GroupB_exclusive			TK93	SNV	0	1
ENSG00000236046	ENSG00000236046	GroupB_exclusive			TK92	SNV	0	1
ENSG00000236106	ENSG00000236106	GroupB_exclusive			TK91	SNV	0	1
ENSG00000236119	ENSG00000236119	GroupB_exclusive			TK10	SNV	0	1
ENSG00000236205	ENSG00000236205	GroupB_exclusive			TK93	SNV	0	1
ENSG00000236261	ENSG00000236261	GroupB_exclusive			TK92	SNV	0	1
ENSG00000236319	ENSG00000236319	GroupB_exclusive			TK93	SNV	0	1
ENSG00000236332	ENSG00000236332	GroupB_exclusive			TK12	SNV	0	1
ENSG00000236376	ENSG00000236376	GroupB_exclusive			TK91	SNV	0	1
ENSG00000236389	ENSG00000236389	GroupB_exclusive			TK93	SNV	0	1
ENSG00000236431	ENSG00000236431	GroupB_exclusive			TK92	SNV	0	1
ENSG00000236476	ENSG00000236476	GroupB_exclusive			TK92	SNV	0	1
ENSG00000236504	ENSG00000236504	GroupB_exclusive			TK93	SNV	0	1
ENSG00000236576	ENSG00000236576	GroupB_exclusive			TK91	SNV	0	1
ENSG00000236601	ENSG00000236601	GroupB_exclusive			TK91	SNV	0	1
ENSG00000236817	ENSG00000236817	GroupB_exclusive			TK93	SNV	0	1
ENSG00000236842	ENSG00000236842	GroupB_exclusive			TK93	SNV	0	1
ENSG00000236856	ENSG00000236856	GroupB_exclusive			TK92	SNV	0	1
ENSG00000236938	ENSG00000236938	GroupB_exclusive			TK12	SNV	0	1
ENSG00000236989	ENSG00000236989	GroupB_exclusive			TK18	SNV	0	1
ENSG00000237027	ENSG00000237027	GroupB_exclusive			TK92	SNV	0	1
ENSG00000237174	ENSG00000237174	GroupB_exclusive			TK18	SNV	0	1
ENSG00000237217	ENSG00000237217	GroupB_exclusive			TK91	SNV	0	1
ENSG00000237251	ENSG00000237251	GroupB_exclusive			TK10	SNV	0	1
ENSG00000237326	ENSG00000237326	GroupB_exclusive			TK10	SNV	0	1
ENSG00000237336	ENSG00000237336	GroupB_exclusive			TK92	SNV	0	1
ENSG00000237349	ENSG00000237349	GroupB_exclusive			TK93	SNV	0	1
ENSG00000237385	ENSG00000237385	GroupB_exclusive			TK10	SNV	0	1
ENSG00000237434	ENSG00000237434	GroupB_exclusive			TK92	SNV	0	1
ENSG00000237480	ENSG00000237480	GroupB_exclusive			TK10	SNV	0	1
ENSG00000237498	ENSG00000237498	GroupB_exclusive			TK10	INDEL,SNV	0	1
ENSG00000237590	ENSG00000237590	GroupB_exclusive			TK12	SNV	0	1
ENSG00000237601	ENSG00000237601	GroupB_exclusive			TK18	SNV	0	1
ENSG00000237612	ENSG00000237612	GroupB_exclusive			TK10	SNV	0	1
ENSG00000237633	ENSG00000237633	GroupB_exclusive			TK91	SNV	0	1
ENSG00000237699	ENSG00000237699	GroupB_exclusive			TK18	SNV	0	1
ENSG00000237707	ENSG00000237707	GroupB_exclusive			TK92	SNV	0	1
ENSG00000237741	ENSG00000237741	GroupB_exclusive			TK92	SNV	0	1
ENSG00000237810	ENSG00000237810	GroupB_exclusive			TK92	SNV	0	1
ENSG00000237832	ENSG00000237832	GroupB_exclusive			TK91	SNV	0	1
ENSG00000237843	ENSG00000237843	GroupB_exclusive			TK10	SNV	0	1
ENSG00000237861	ENSG00000237861	GroupB_exclusive			TK91	SNV	0	1
ENSG00000237955	ENSG00000237955	GroupB_exclusive			TK18	SNV	0	1
ENSG00000237987	ENSG00000237987	GroupB_exclusive			TK18	SNV	0	1
ENSG00000237993	ENSG00000237993	GroupB_exclusive			TK93	SNV	0	1
ENSG00000238009	ENSG00000238009	GroupB_exclusive			TK91	SNV	0	1
ENSG00000238034	ENSG00000238034	GroupB_exclusive			TK91	SNV	0	1
ENSG00000238231	ENSG00000238231	GroupB_exclusive			TK10	SNV	0	1
ENSG00000238258	ENSG00000238258	GroupB_exclusive			TK10	SNV	0	1
ENSG00000238326	ENSG00000238326	GroupB_exclusive			TK10	SNV	0	1
ENSG00000238575	ENSG00000238575	GroupB_exclusive			TK10	SNV	0	1
ENSG00000238832	ENSG00000238832	GroupB_exclusive			TK93	INDEL	0	1
ENSG00000238934	ENSG00000238934	GroupB_exclusive			TK12	SNV	0	1
ENSG00000239311	ENSG00000239311	GroupB_exclusive			TK92	SNV	0	1
ENSG00000239498	ENSG00000239498	GroupB_exclusive			TK91	SNV	0	1
ENSG00000239593	ENSG00000239593	GroupB_exclusive			TK92	SNV	0	1
ENSG00000239670	ENSG00000239670	GroupB_exclusive			TK18	SNV	0	1
ENSG00000239686	ENSG00000239686	GroupB_exclusive			TK91	SNV	0	1
ENSG00000239994	ENSG00000239994	GroupB_exclusive			TK10	SNV	0	1
ENSG00000240201	ENSG00000240201	GroupB_exclusive			TK91	SNV	0	1
ENSG00000240354	ENSG00000240354	GroupB_exclusive			TK93	SNV	0	1
ENSG00000240404	ENSG00000240404	GroupB_exclusive			TK92	SNV	0	1
ENSG00000240478	ENSG00000240478	GroupB_exclusive			TK18	SNV	0	1
ENSG00000240669	ENSG00000240669	GroupB_exclusive			TK92	SNV	0	1
ENSG00000240775	ENSG00000240775	GroupB_exclusive			TK91	SNV	0	1
ENSG00000240777	ENSG00000240777	GroupB_exclusive			TK18	SNV	0	1
ENSG00000240801	ENSG00000240801	GroupB_exclusive			TK10	SNV	0	1
ENSG00000240808	ENSG00000240808	GroupB_exclusive			TK10	SNV	0	1
ENSG00000240934	ENSG00000240934	GroupB_exclusive			TK93	SNV	0	1
ENSG00000241114	ENSG00000241114	GroupB_exclusive			TK12	SNV	0	1
ENSG00000241168	ENSG00000241168	GroupB_exclusive			TK91	INDEL	0	1
ENSG00000241179	ENSG00000241179	GroupB_exclusive			TK93	SNV	0	1
ENSG00000241207	ENSG00000241207	GroupB_exclusive			TK91	SNV	0	1
ENSG00000241411	ENSG00000241411	GroupB_exclusive			TK91	SNV	0	1
ENSG00000241593	ENSG00000241593	GroupB_exclusive			TK92	SNV	0	1
ENSG00000241792	ENSG00000241792	GroupB_exclusive			TK10	SNV	0	1
ENSG00000241882	ENSG00000241882	GroupB_exclusive			TK91	SNV	0	1
ENSG00000241991	ENSG00000241991	GroupB_exclusive			TK92	SNV	0	1
ENSG00000242163	ENSG00000242163	GroupB_exclusive			TK12	SNV	0	1
ENSG00000242197	ENSG00000242197	GroupB_exclusive			TK91	SNV	0	1
ENSG00000242324	ENSG00000242324	GroupB_exclusive			TK93	SNV	0	1
ENSG00000242327	ENSG00000242327	GroupB_exclusive			TK91	SNV	0	1
ENSG00000242411	ENSG00000242411	GroupB_exclusive			TK93	INDEL,SNV	0	1
ENSG00000242568	ENSG00000242568	GroupB_exclusive			TK10	SNV	0	1
ENSG00000242578	ENSG00000242578	GroupB_exclusive			TK93	SNV	0	1
ENSG00000242753	ENSG00000242753	GroupB_exclusive			TK18	SNV	0	1
ENSG00000243038	ENSG00000243038	GroupB_exclusive			TK92	SNV	0	1
ENSG00000243085	ENSG00000243085	GroupB_exclusive			TK92	SNV	0	1
ENSG00000243303	ENSG00000243303	GroupB_exclusive			TK92	SNV	0	1
ENSG00000243423	ENSG00000243423	GroupB_exclusive			TK92	SNV	0	1
ENSG00000243491	ENSG00000243491	GroupB_exclusive			TK12	SNV	0	1
ENSG00000243574	ENSG00000243574	GroupB_exclusive			TK93	SNV	0	1
ENSG00000243636	ENSG00000243636	GroupB_exclusive			TK93	SNV	0	1
ENSG00000243777	ENSG00000243777	GroupB_exclusive			TK91	SNV	0	1
ENSG00000243797	ENSG00000243797	GroupB_exclusive			TK93	SNV	0	1
ENSG00000243802	ENSG00000243802	GroupB_exclusive			TK93	SNV	0	1
ENSG00000243903	ENSG00000243903	GroupB_exclusive			TK92	SNV	0	1
ENSG00000243969	ENSG00000243969	GroupB_exclusive			TK92	SNV	0	1
ENSG00000244176	ENSG00000244176	GroupB_exclusive			TK10	INDEL,SNV	0	1
ENSG00000244193	ENSG00000244193	GroupB_exclusive			TK93	SNV	0	1
ENSG00000244349	ENSG00000244349	GroupB_exclusive			TK91	INDEL	0	1
ENSG00000244436	ENSG00000244436	GroupB_exclusive			TK92	SNV	0	1
ENSG00000244464	ENSG00000244464	GroupB_exclusive			TK93	SNV	0	1
ENSG00000244510	ENSG00000244510	GroupB_exclusive			TK93	SNV	0	1
ENSG00000244791	ENSG00000244791	GroupB_exclusive			TK18	SNV	0	1
ENSG00000247765	ENSG00000247765	GroupB_exclusive			TK92	SNV	0	1
ENSG00000247810	ENSG00000247810	GroupB_exclusive			TK92	SNV	0	1
ENSG00000248029	ENSG00000248029	GroupB_exclusive			TK10	SNV	0	1
ENSG00000248176	ENSG00000248176	GroupB_exclusive			TK10	SNV	0	1
ENSG00000248185	ENSG00000248185	GroupB_exclusive			TK93	SNV	0	1
ENSG00000248187	ENSG00000248187	GroupB_exclusive			TK92	SNV	0	1
ENSG00000248200	ENSG00000248200	GroupB_exclusive			TK12	SNV	0	1
ENSG00000248203	ENSG00000248203	GroupB_exclusive			TK93	SNV	0	1
ENSG00000248234	ENSG00000248234	GroupB_exclusive			TK92	SNV	0	1
ENSG00000248245	ENSG00000248245	GroupB_exclusive			TK92	SNV	0	1
ENSG00000248261	ENSG00000248261	GroupB_exclusive			TK92	SNV	0	1
ENSG00000248281	ENSG00000248281	GroupB_exclusive			TK92	SNV	0	1
ENSG00000248285	ENSG00000248285	GroupB_exclusive			TK10	SNV	0	1
ENSG00000248311	ENSG00000248311	GroupB_exclusive			TK92	SNV	0	1
ENSG00000248428	ENSG00000248428	GroupB_exclusive			TK18	SNV	0	1
ENSG00000248431	ENSG00000248431	GroupB_exclusive			TK92	SNV	0	1
ENSG00000248466	ENSG00000248466	GroupB_exclusive			TK10	SNV	0	1
ENSG00000248482	ENSG00000248482	GroupB_exclusive			TK92	SNV	0	1
ENSG00000248588	ENSG00000248588	GroupB_exclusive			TK10	SNV	0	1
ENSG00000248600	ENSG00000248600	GroupB_exclusive			TK12	SNV	0	1
ENSG00000248607	ENSG00000248607	GroupB_exclusive			TK92	SNV	0	1
ENSG00000248629	ENSG00000248629	GroupB_exclusive			TK93	INDEL,SNV	0	1
ENSG00000248634	ENSG00000248634	GroupB_exclusive			TK10	SNV	0	1
ENSG00000248635	ENSG00000248635	GroupB_exclusive			TK91	SNV	0	1
ENSG00000248648	ENSG00000248648	GroupB_exclusive			TK10	SNV	0	1
ENSG00000248656	ENSG00000248656	GroupB_exclusive			TK92	SNV	0	1
ENSG00000248696	ENSG00000248696	GroupB_exclusive			TK92	SNV	0	1
ENSG00000248744	ENSG00000248744	GroupB_exclusive			TK92	SNV	0	1
ENSG00000248753	ENSG00000248753	GroupB_exclusive			TK91	SNV	0	1
ENSG00000248777	ENSG00000248777	GroupB_exclusive			TK93	SNV	0	1
ENSG00000248779	ENSG00000248779	GroupB_exclusive			TK92	SNV	0	1
ENSG00000248791	ENSG00000248791	GroupB_exclusive			TK93	SNV	0	1
ENSG00000249000	ENSG00000249000	GroupB_exclusive			TK91	SNV	0	1
ENSG00000249017	ENSG00000249017	GroupB_exclusive			TK10	SNV	0	1
ENSG00000249079	ENSG00000249079	GroupB_exclusive			TK92	SNV	0	1
ENSG00000249102	ENSG00000249102	GroupB_exclusive			TK18	SNV	0	1
ENSG00000249149	ENSG00000249149	GroupB_exclusive			TK93	SNV	0	1
ENSG00000249150	ENSG00000249150	GroupB_exclusive			TK91	INDEL	0	1
ENSG00000249171	ENSG00000249171	GroupB_exclusive			TK10	SNV	0	1
ENSG00000249175	ENSG00000249175	GroupB_exclusive			TK18	SNV	0	1
ENSG00000249320	ENSG00000249320	GroupB_exclusive			TK92	SNV	0	1
ENSG00000249330	ENSG00000249330	GroupB_exclusive			TK10	SNV	0	1
ENSG00000249334	ENSG00000249334	GroupB_exclusive			TK18	SNV	0	1
ENSG00000249412	ENSG00000249412	GroupB_exclusive			TK10	SNV	0	1
ENSG00000249419	ENSG00000249419	GroupB_exclusive			TK10	SNV	0	1
ENSG00000249478	ENSG00000249478	GroupB_exclusive			TK91	SNV	0	1
ENSG00000249483	ENSG00000249483	GroupB_exclusive			TK91	SNV	0	1
ENSG00000249522	ENSG00000249522	GroupB_exclusive			TK92	INDEL,SNV	0	1
ENSG00000249525	ENSG00000249525	GroupB_exclusive			TK92	SNV	0	1
ENSG00000249605	ENSG00000249605	GroupB_exclusive			TK92	SNV	0	1
ENSG00000249639	ENSG00000249639	GroupB_exclusive			TK92	INDEL	0	1
ENSG00000249686	ENSG00000249686	GroupB_exclusive			TK91	SNV	0	1
ENSG00000249697	ENSG00000249697	GroupB_exclusive			TK92	SNV	0	1
ENSG00000249708	ENSG00000249708	GroupB_exclusive			TK93	SNV	0	1
ENSG00000249721	ENSG00000249721	GroupB_exclusive			TK18	SNV	0	1
ENSG00000249738	ENSG00000249738	GroupB_exclusive			TK18	SNV	0	1
ENSG00000249742	ENSG00000249742	GroupB_exclusive			TK92	SNV	0	1
ENSG00000249746	ENSG00000249746	GroupB_exclusive			TK92	SNV	0	1
ENSG00000249773	ENSG00000249773	GroupB_exclusive			TK10	SNV	0	1
ENSG00000249779	ENSG00000249779	GroupB_exclusive			TK93	SNV	0	1
ENSG00000249828	ENSG00000249828	GroupB_exclusive			TK92	SNV	0	1
ENSG00000249848	ENSG00000249848	GroupB_exclusive			TK91	SNV	0	1
ENSG00000249892	ENSG00000249892	GroupB_exclusive			TK10	SNV	0	1
ENSG00000249916	ENSG00000249916	GroupB_exclusive			TK12	SNV	0	1
ENSG00000249942	ENSG00000249942	GroupB_exclusive			TK10	SNV	0	1
ENSG00000249944	ENSG00000249944	GroupB_exclusive			TK92	INDEL	0	1
ENSG00000249955	ENSG00000249955	GroupB_exclusive			TK92	SNV	0	1
ENSG00000249994	ENSG00000249994	GroupB_exclusive			TK93	SNV	0	1
ENSG00000250020	ENSG00000250020	GroupB_exclusive			TK10	SNV	0	1
ENSG00000250041	ENSG00000250041	GroupB_exclusive			TK92	SNV	0	1
ENSG00000250230	ENSG00000250230	GroupB_exclusive			TK92	SNV	0	1
ENSG00000250260	ENSG00000250260	GroupB_exclusive			TK92	SNV	0	1
ENSG00000250274	ENSG00000250274	GroupB_exclusive			TK92	SNV	0	1
ENSG00000250300	ENSG00000250300	GroupB_exclusive			TK91	SNV	0	1
ENSG00000250306	ENSG00000250306	GroupB_exclusive			TK92	SNV	0	1
ENSG00000250316	ENSG00000250316	GroupB_exclusive			TK10	SNV	0	1
ENSG00000250347	ENSG00000250347	GroupB_exclusive			TK10	SNV	0	1
ENSG00000250375	ENSG00000250375	GroupB_exclusive			TK92	SNV	0	1
ENSG00000250377	ENSG00000250377	GroupB_exclusive			TK92	SNV	0	1
ENSG00000250403	ENSG00000250403	GroupB_exclusive			TK93	SNV	0	1
ENSG00000250406	ENSG00000250406	GroupB_exclusive			TK93	SNV	0	1
ENSG00000250455	ENSG00000250455	GroupB_exclusive			TK18	SNV	0	1
ENSG00000250497	ENSG00000250497	GroupB_exclusive			TK12	SNV	0	1
ENSG00000250500	ENSG00000250500	GroupB_exclusive			TK91	SNV	0	1
ENSG00000250573	ENSG00000250573	GroupB_exclusive			TK93	SNV	0	1
ENSG00000250613	ENSG00000250613	GroupB_exclusive			TK92	SNV	0	1
ENSG00000250658	ENSG00000250658	GroupB_exclusive			TK91	SNV	0	1
ENSG00000250698	ENSG00000250698	GroupB_exclusive			TK93	SNV	0	1
ENSG00000250727	ENSG00000250727	GroupB_exclusive			TK92	SNV	0	1
ENSG00000250761	ENSG00000250761	GroupB_exclusive			TK93	SNV	0	1
ENSG00000250770	ENSG00000250770	GroupB_exclusive			TK93	SNV	0	1
ENSG00000250831	ENSG00000250831	GroupB_exclusive			TK10	SNV	0	1
ENSG00000250842	ENSG00000250842	GroupB_exclusive			TK10	SNV	0	1
ENSG00000250855	ENSG00000250855	GroupB_exclusive			TK93	SNV	0	1
ENSG00000250914	ENSG00000250914	GroupB_exclusive			TK92	SNV	0	1
ENSG00000250934	ENSG00000250934	GroupB_exclusive			TK92	SNV	0	1
ENSG00000250992	ENSG00000250992	GroupB_exclusive			TK10	SNV	0	1
ENSG00000251017	ENSG00000251017	GroupB_exclusive			TK91	SNV	0	1
ENSG00000251049	ENSG00000251049	GroupB_exclusive			TK92	SNV	0	1
ENSG00000251168	ENSG00000251168	GroupB_exclusive			TK10	SNV	0	1
ENSG00000251177	ENSG00000251177	GroupB_exclusive			TK12	INDEL,SNV	0	1
ENSG00000251211	ENSG00000251211	GroupB_exclusive			TK92	SNV	0	1
ENSG00000251218	ENSG00000251218	GroupB_exclusive			TK92	SNV	0	1
ENSG00000251278	ENSG00000251278	GroupB_exclusive			TK91	SNV	0	1
ENSG00000251296	ENSG00000251296	GroupB_exclusive			TK91	SNV	0	1
ENSG00000251310	ENSG00000251310	GroupB_exclusive			TK10	SNV	0	1
ENSG00000251412	ENSG00000251412	GroupB_exclusive			TK92	SNV	0	1
ENSG00000251537	ENSG00000251537	GroupB_exclusive			TK12	SNV	0	1
ENSG00000251548	ENSG00000251548	GroupB_exclusive			TK92	SNV	0	1
ENSG00000251585	ENSG00000251585	GroupB_exclusive			TK93	INDEL	0	1
ENSG00000251613	ENSG00000251613	GroupB_exclusive			TK93	SNV	0	1
ENSG00000251642	ENSG00000251642	GroupB_exclusive			TK10	SNV	0	1
ENSG00000251648	ENSG00000251648	GroupB_exclusive			TK92	SNV	0	1
ENSG00000251679	ENSG00000251679	GroupB_exclusive			TK91	SNV	0	1
ENSG00000251689	ENSG00000251689	GroupB_exclusive			TK18	SNV	0	1
ENSG00000252139	ENSG00000252139	GroupB_exclusive			TK91	SNV	0	1
ENSG00000252236	ENSG00000252236	GroupB_exclusive			TK91	SNV	0	1
ENSG00000252427	ENSG00000252427	GroupB_exclusive			TK91	SNV	0	1
ENSG00000252719	ENSG00000252719	GroupB_exclusive			TK91	SNV	0	1
ENSG00000252787	ENSG00000252787	GroupB_exclusive			TK18	SNV	0	1
ENSG00000253059	ENSG00000253059	GroupB_exclusive			TK92	SNV	0	1
ENSG00000253092	ENSG00000253092	GroupB_exclusive			TK91	SNV	0	1
ENSG00000253154	ENSG00000253154	GroupB_exclusive			TK10	SNV	0	1
ENSG00000253172	ENSG00000253172	GroupB_exclusive			TK92	SNV	0	1
ENSG00000253176	ENSG00000253176	GroupB_exclusive			TK10	SNV	0	1
ENSG00000253181	ENSG00000253181	GroupB_exclusive			TK91	SNV	0	1
ENSG00000253198	ENSG00000253198	GroupB_exclusive			TK91	SNV	0	1
ENSG00000253206	ENSG00000253206	GroupB_exclusive			TK10	SNV	0	1
ENSG00000253207	ENSG00000253207	GroupB_exclusive			TK92	SNV	0	1
ENSG00000253217	ENSG00000253217	GroupB_exclusive			TK10	SNV	0	1
ENSG00000253220	ENSG00000253220	GroupB_exclusive			TK12	SNV	0	1
ENSG00000253260	ENSG00000253260	GroupB_exclusive			TK10	SNV	0	1
ENSG00000253287	ENSG00000253287	GroupB_exclusive			TK10	SNV	0	1
ENSG00000253308	ENSG00000253308	GroupB_exclusive			TK12	INDEL	0	1
ENSG00000253322	ENSG00000253322	GroupB_exclusive			TK10	SNV	0	1
ENSG00000253343	ENSG00000253343	GroupB_exclusive			TK91	SNV	0	1
ENSG00000253357	ENSG00000253357	GroupB_exclusive			TK10	SNV	0	1
ENSG00000253376	ENSG00000253376	GroupB_exclusive			TK10	SNV	0	1
ENSG00000253377	ENSG00000253377	GroupB_exclusive			TK92	INDEL	0	1
ENSG00000253383	ENSG00000253383	GroupB_exclusive			TK93	SNV	0	1
ENSG00000253389	ENSG00000253389	GroupB_exclusive			TK93	SNV	0	1
ENSG00000253400	ENSG00000253400	GroupB_exclusive			TK93	SNV	0	1
ENSG00000253427	ENSG00000253427	GroupB_exclusive			TK10	SNV	0	1
ENSG00000253471	ENSG00000253471	GroupB_exclusive			TK91	SNV	0	1
ENSG00000253472	ENSG00000253472	GroupB_exclusive			TK91	SNV	0	1
ENSG00000253480	ENSG00000253480	GroupB_exclusive			TK92	SNV	0	1
ENSG00000253507	ENSG00000253507	GroupB_exclusive			TK91	SNV	0	1
ENSG00000253512	ENSG00000253512	GroupB_exclusive			TK91	SNV	0	1
ENSG00000253530	ENSG00000253530	GroupB_exclusive			TK12	SNV	0	1
ENSG00000253532	ENSG00000253532	GroupB_exclusive			TK92	SNV	0	1
ENSG00000253536	ENSG00000253536	GroupB_exclusive			TK93	SNV	0	1
ENSG00000253539	ENSG00000253539	GroupB_exclusive			TK91	SNV	0	1
ENSG00000253564	ENSG00000253564	GroupB_exclusive			TK91	SNV	0	1
ENSG00000253596	ENSG00000253596	GroupB_exclusive			TK91	SNV	0	1
ENSG00000253608	ENSG00000253608	GroupB_exclusive			TK10	SNV	0	1
ENSG00000253623	ENSG00000253623	GroupB_exclusive			TK92	SNV	0	1
ENSG00000253648	ENSG00000253648	GroupB_exclusive			TK10	SNV	0	1
ENSG00000253668	ENSG00000253668	GroupB_exclusive			TK91	SNV	0	1
ENSG00000253675	ENSG00000253675	GroupB_exclusive			TK93	SNV	0	1
ENSG00000253711	ENSG00000253711	GroupB_exclusive			TK10	SNV	0	1
ENSG00000253726	ENSG00000253726	GroupB_exclusive			TK91	SNV	0	1
ENSG00000253735	ENSG00000253735	GroupB_exclusive			TK92	SNV	0	1
ENSG00000253737	ENSG00000253737	GroupB_exclusive			TK18	SNV	0	1
ENSG00000253749	ENSG00000253749	GroupB_exclusive			TK18	SNV	0	1
ENSG00000253775	ENSG00000253775	GroupB_exclusive			TK92	SNV	0	1
ENSG00000253806	ENSG00000253806	GroupB_exclusive			TK10	SNV	0	1
ENSG00000253809	ENSG00000253809	GroupB_exclusive			TK92	SNV	0	1
ENSG00000253824	ENSG00000253824	GroupB_exclusive			TK18	SNV	0	1
ENSG00000253832	ENSG00000253832	GroupB_exclusive			TK92	SNV	0	1
ENSG00000253875	ENSG00000253875	GroupB_exclusive			TK92	SNV	0	1
ENSG00000253886	ENSG00000253886	GroupB_exclusive			TK92	INDEL	0	1
ENSG00000253887	ENSG00000253887	GroupB_exclusive			TK91	SNV	0	1
ENSG00000253888	ENSG00000253888	GroupB_exclusive			TK91	SNV	0	1
ENSG00000253894	ENSG00000253894	GroupB_exclusive			TK91	SNV	0	1
ENSG00000253899	ENSG00000253899	GroupB_exclusive			TK92	SNV	0	1
ENSG00000253926	ENSG00000253926	GroupB_exclusive			TK91	SNV	0	1
ENSG00000253932	ENSG00000253932	GroupB_exclusive			TK10	SNV	0	1
ENSG00000253980	ENSG00000253980	GroupB_exclusive			TK92	INDEL,SNV	0	1
ENSG00000254007	ENSG00000254007	GroupB_exclusive			TK10	SNV	0	1
ENSG00000254050	ENSG00000254050	GroupB_exclusive			TK92	SNV	0	1
ENSG00000254084	ENSG00000254084	GroupB_exclusive			TK93	SNV	0	1
ENSG00000254089	ENSG00000254089	GroupB_exclusive			TK10	SNV	0	1
ENSG00000254141	ENSG00000254141	GroupB_exclusive			TK93	SNV	0	1
ENSG00000254170	ENSG00000254170	GroupB_exclusive			TK92	SNV	0	1
ENSG00000254194	ENSG00000254194	GroupB_exclusive			TK18	SNV	0	1
ENSG00000254283	ENSG00000254283	GroupB_exclusive			TK10	SNV	0	1
ENSG00000254302	ENSG00000254302	GroupB_exclusive			TK92	SNV	0	1
ENSG00000254362	ENSG00000254362	GroupB_exclusive			TK93	SNV	0	1
ENSG00000254365	ENSG00000254365	GroupB_exclusive			TK12	SNV	0	1
ENSG00000254391	ENSG00000254391	GroupB_exclusive			TK92	SNV	0	1
ENSG00000254400	ENSG00000254400	GroupB_exclusive			TK18	SNV	0	1
ENSG00000254406	ENSG00000254406	GroupB_exclusive			TK10	SNV	0	1
ENSG00000254443	ENSG00000254443	GroupB_exclusive			TK91	SNV	0	1
ENSG00000254506	ENSG00000254506	GroupB_exclusive			TK91	SNV	0	1
ENSG00000254522	ENSG00000254522	GroupB_exclusive			TK92	SNV	0	1
ENSG00000254526	ENSG00000254526	GroupB_exclusive			TK92	SNV	0	1
ENSG00000254563	ENSG00000254563	GroupB_exclusive			TK92	SNV	0	1
ENSG00000254599	ENSG00000254599	GroupB_exclusive			TK92	SNV	0	1
ENSG00000254605	ENSG00000254605	GroupB_exclusive			TK10	SNV	0	1
ENSG00000254606	ENSG00000254606	GroupB_exclusive			TK91	SNV	0	1
ENSG00000254620	ENSG00000254620	GroupB_exclusive			TK93	SNV	0	1
ENSG00000254632	ENSG00000254632	GroupB_exclusive			TK10	SNV	0	1
ENSG00000254662	ENSG00000254662	GroupB_exclusive			TK93	SNV	0	1
ENSG00000254684	ENSG00000254684	GroupB_exclusive			TK92	SNV	0	1
ENSG00000254695	ENSG00000254695	GroupB_exclusive			TK10	SNV	0	1
ENSG00000254707	ENSG00000254707	GroupB_exclusive			TK92	SNV	0	1
ENSG00000254733	ENSG00000254733	GroupB_exclusive			TK92	SNV	0	1
ENSG00000254739	ENSG00000254739	GroupB_exclusive			TK12	SNV	0	1
ENSG00000254830	ENSG00000254830	GroupB_exclusive			TK12	SNV	0	1
ENSG00000254847	ENSG00000254847	GroupB_exclusive			TK10	SNV	0	1
ENSG00000254850	ENSG00000254850	GroupB_exclusive			TK12	SNV	0	1
ENSG00000254913	ENSG00000254913	GroupB_exclusive			TK93	SNV	0	1
ENSG00000254926	ENSG00000254926	GroupB_exclusive			TK18	SNV	0	1
ENSG00000254927	ENSG00000254927	GroupB_exclusive			TK93	SNV	0	1
ENSG00000254963	ENSG00000254963	GroupB_exclusive			TK10	SNV	0	1
ENSG00000254974	ENSG00000254974	GroupB_exclusive			TK92	SNV	0	1
ENSG00000254975	ENSG00000254975	GroupB_exclusive			TK92	INDEL	0	1
ENSG00000255021	ENSG00000255021	GroupB_exclusive			TK10	SNV	0	1
ENSG00000255029	ENSG00000255029	GroupB_exclusive			TK91	SNV	0	1
ENSG00000255081	ENSG00000255081	GroupB_exclusive			TK91	SNV	0	1
ENSG00000255115	ENSG00000255115	GroupB_exclusive			TK12	SNV	0	1
ENSG00000255176	ENSG00000255176	GroupB_exclusive			TK12	SNV	0	1
ENSG00000255179	ENSG00000255179	GroupB_exclusive			TK93	SNV	0	1
ENSG00000255209	ENSG00000255209	GroupB_exclusive			TK92	SNV	0	1
ENSG00000255219	ENSG00000255219	GroupB_exclusive			TK12	SNV	0	1
ENSG00000255233	ENSG00000255233	GroupB_exclusive			TK93	SNV	0	1
ENSG00000255272	ENSG00000255272	GroupB_exclusive			TK92	SNV	0	1
ENSG00000255326	ENSG00000255326	GroupB_exclusive			TK10	SNV	0	1
ENSG00000255361	ENSG00000255361	GroupB_exclusive			TK93	SNV	0	1
ENSG00000255396	ENSG00000255396	GroupB_exclusive			TK92	SNV	0	1
ENSG00000255402	ENSG00000255402	GroupB_exclusive			TK91	SNV	0	1
ENSG00000255422	ENSG00000255422	GroupB_exclusive			TK93	SNV	0	1
ENSG00000255442	ENSG00000255442	GroupB_exclusive			TK92	SNV	0	1
ENSG00000255456	ENSG00000255456	GroupB_exclusive			TK92	SNV	0	1
ENSG00000255457	ENSG00000255457	GroupB_exclusive			TK10	SNV	0	1
ENSG00000255459	ENSG00000255459	GroupB_exclusive			TK93	SNV	0	1
ENSG00000255482	ENSG00000255482	GroupB_exclusive			TK10	INDEL,SNV	0	1
ENSG00000255491	ENSG00000255491	GroupB_exclusive			TK92	SNV	0	1
ENSG00000255523	ENSG00000255523	GroupB_exclusive			TK10	SNV	0	1
ENSG00000255525	ENSG00000255525	GroupB_exclusive			TK18	SNV	0	1
ENSG00000255528	ENSG00000255528	GroupB_exclusive			TK93	SNV	0	1
ENSG00000255533	ENSG00000255533	GroupB_exclusive			TK93	SNV	0	1
ENSG00000255550	ENSG00000255550	GroupB_exclusive			TK10	SNV	0	1
ENSG00000255551	ENSG00000255551	GroupB_exclusive			TK18	SNV	0	1
ENSG00000255581	ENSG00000255581	GroupB_exclusive			TK91	INDEL,SNV	0	1
ENSG00000255726	ENSG00000255726	GroupB_exclusive			TK18	SNV	0	1
ENSG00000255780	ENSG00000255780	GroupB_exclusive			TK93	SNV	0	1
ENSG00000255817	ENSG00000255817	GroupB_exclusive			TK91	SNV	0	1
ENSG00000255866	ENSG00000255866	GroupB_exclusive			TK91	SNV	0	1
ENSG00000255871	ENSG00000255871	GroupB_exclusive			TK93	SNV	0	1
ENSG00000255960	ENSG00000255960	GroupB_exclusive			TK18	SNV	0	1
ENSG00000256011	ENSG00000256011	GroupB_exclusive			TK93	SNV	0	1
ENSG00000256085	ENSG00000256085	GroupB_exclusive			TK92	SNV	0	1
ENSG00000256148	ENSG00000256148	GroupB_exclusive			TK93	SNV	0	1
ENSG00000256149	ENSG00000256149	GroupB_exclusive			TK10	SNV	0	1
ENSG00000256226	ENSG00000256226	GroupB_exclusive			TK10	SNV	0	1
ENSG00000256321	ENSG00000256321	GroupB_exclusive			TK91	SNV	0	1
ENSG00000256325	ENSG00000256325	GroupB_exclusive			TK10	SNV	0	1
ENSG00000256350	ENSG00000256350	GroupB_exclusive			TK93	SNV	0	1
ENSG00000256400	ENSG00000256400	GroupB_exclusive			TK92	SNV	0	1
ENSG00000256433	ENSG00000256433	GroupB_exclusive			TK10	SNV	0	1
ENSG00000256504	ENSG00000256504	GroupB_exclusive			TK18	INDEL	0	1
ENSG00000256533	ENSG00000256533	GroupB_exclusive			TK10	SNV	0	1
ENSG00000256557	ENSG00000256557	GroupB_exclusive			TK91	SNV	0	1
ENSG00000256674	ENSG00000256674	GroupB_exclusive			TK92	SNV	0	1
ENSG00000256706	ENSG00000256706	GroupB_exclusive			TK92	SNV	0	1
ENSG00000256708	ENSG00000256708	GroupB_exclusive			TK93	SNV	0	1
ENSG00000256723	ENSG00000256723	GroupB_exclusive			TK91	SNV	0	1
ENSG00000256811	ENSG00000256811	GroupB_exclusive			TK10	SNV	0	1
ENSG00000257002	ENSG00000257002	GroupB_exclusive			TK10	SNV	0	1
ENSG00000257045	ENSG00000257045	GroupB_exclusive			TK10	INDEL	0	1
ENSG00000257060	ENSG00000257060	GroupB_exclusive			TK18	SNV	0	1
ENSG00000257062	ENSG00000257062	GroupB_exclusive			TK10	SNV	0	1
ENSG00000257087	ENSG00000257087	GroupB_exclusive			TK92	INDEL	0	1
ENSG00000257095	ENSG00000257095	GroupB_exclusive			TK10	SNV	0	1
ENSG00000257169	ENSG00000257169	GroupB_exclusive			TK92	SNV	0	1
ENSG00000257241	ENSG00000257241	GroupB_exclusive			TK92	SNV	0	1
ENSG00000257288	ENSG00000257288	GroupB_exclusive			TK91	SNV	0	1
ENSG00000257308	ENSG00000257308	GroupB_exclusive			TK93	SNV	0	1
ENSG00000257350	ENSG00000257350	GroupB_exclusive			TK93	SNV	0	1
ENSG00000257429	ENSG00000257429	GroupB_exclusive			TK18	SNV	0	1
ENSG00000257432	ENSG00000257432	GroupB_exclusive			TK93	INDEL	0	1
ENSG00000257434	ENSG00000257434	GroupB_exclusive			TK92	SNV	0	1
ENSG00000257454	ENSG00000257454	GroupB_exclusive			TK10	SNV	0	1
ENSG00000257456	ENSG00000257456	GroupB_exclusive			TK10	SNV	0	1
ENSG00000257472	ENSG00000257472	GroupB_exclusive			TK93	INDEL,SNV	0	1
ENSG00000257494	ENSG00000257494	GroupB_exclusive			TK93	SNV	0	1
ENSG00000257500	ENSG00000257500	GroupB_exclusive			TK92	SNV	0	1
ENSG00000257570	ENSG00000257570	GroupB_exclusive			TK92	SNV	0	1
ENSG00000257580	ENSG00000257580	GroupB_exclusive			TK12	SNV	0	1
ENSG00000257614	ENSG00000257614	GroupB_exclusive			TK92	SNV	0	1
ENSG00000257644	ENSG00000257644	GroupB_exclusive			TK93	SNV	0	1
ENSG00000257654	ENSG00000257654	GroupB_exclusive			TK10	SNV	0	1
ENSG00000257711	ENSG00000257711	GroupB_exclusive			TK91	SNV	0	1
ENSG00000257738	ENSG00000257738	GroupB_exclusive			TK92	SNV	0	1
ENSG00000257752	ENSG00000257752	GroupB_exclusive			TK93	SNV	0	1
ENSG00000257754	ENSG00000257754	GroupB_exclusive			TK93	SNV	0	1
ENSG00000257797	ENSG00000257797	GroupB_exclusive			TK10	SNV	0	1
ENSG00000257829	ENSG00000257829	GroupB_exclusive			TK10	SNV	0	1
ENSG00000257830	ENSG00000257830	GroupB_exclusive			TK92	SNV	0	1
ENSG00000257855	ENSG00000257855	GroupB_exclusive			TK18	SNV	0	1
ENSG00000257872	ENSG00000257872	GroupB_exclusive			TK91	SNV	0	1
ENSG00000257900	ENSG00000257900	GroupB_exclusive			TK10	SNV	0	1
ENSG00000257925	ENSG00000257925	GroupB_exclusive			TK18	SNV	0	1
ENSG00000257997	ENSG00000257997	GroupB_exclusive			TK92	SNV	0	1
ENSG00000258066	ENSG00000258066	GroupB_exclusive			TK91	SNV	0	1
ENSG00000258068	ENSG00000258068	GroupB_exclusive			TK93	SNV	0	1
ENSG00000258073	ENSG00000258073	GroupB_exclusive			TK92	SNV	0	1
ENSG00000258115	ENSG00000258115	GroupB_exclusive			TK91	SNV	0	1
ENSG00000258131	ENSG00000258131	GroupB_exclusive			TK92	SNV	0	1
ENSG00000258162	ENSG00000258162	GroupB_exclusive			TK92	SNV	0	1
ENSG00000258170	ENSG00000258170	GroupB_exclusive			TK12	SNV	0	1
ENSG00000258181	ENSG00000258181	GroupB_exclusive			TK91	SNV	0	1
ENSG00000258426	ENSG00000258426	GroupB_exclusive			TK91	INDEL	0	1
ENSG00000258440	ENSG00000258440	GroupB_exclusive			TK92	SNV	0	1
ENSG00000258464	ENSG00000258464	GroupB_exclusive			TK91	SNV	0	1
ENSG00000258481	ENSG00000258481	GroupB_exclusive			TK10	SNV	0	1
ENSG00000258510	ENSG00000258510	GroupB_exclusive			TK93	INDEL	0	1
ENSG00000258516	ENSG00000258516	GroupB_exclusive			TK10	SNV	0	1
ENSG00000258517	ENSG00000258517	GroupB_exclusive			TK10	SNV	0	1
ENSG00000258576	ENSG00000258576	GroupB_exclusive			TK93	SNV	0	1
ENSG00000258578	ENSG00000258578	GroupB_exclusive			TK91	INDEL	0	1
ENSG00000258649	ENSG00000258649	GroupB_exclusive			TK91	SNV	0	1
ENSG00000258679	ENSG00000258679	GroupB_exclusive			TK10	SNV	0	1
ENSG00000258699	ENSG00000258699	GroupB_exclusive			TK92	SNV	0	1
ENSG00000258703	ENSG00000258703	GroupB_exclusive			TK93	SNV	0	1
ENSG00000258707	ENSG00000258707	GroupB_exclusive			TK93	SNV	0	1
ENSG00000258717	ENSG00000258717	GroupB_exclusive			TK18	SNV	0	1
ENSG00000258736	ENSG00000258736	GroupB_exclusive			TK91	SNV	0	1
ENSG00000258751	ENSG00000258751	GroupB_exclusive			TK10	SNV	0	1
ENSG00000258792	ENSG00000258792	GroupB_exclusive			TK92	SNV	0	1
ENSG00000258803	ENSG00000258803	GroupB_exclusive			TK10	SNV	0	1
ENSG00000258823	ENSG00000258823	GroupB_exclusive			TK91	SNV	0	1
ENSG00000258842	ENSG00000258842	GroupB_exclusive			TK10	SNV	0	1
ENSG00000258856	ENSG00000258856	GroupB_exclusive			TK92	SNV	0	1
ENSG00000258903	ENSG00000258903	GroupB_exclusive			TK18	SNV	0	1
ENSG00000258926	ENSG00000258926	GroupB_exclusive			TK92	SNV	0	1
ENSG00000258935	ENSG00000258935	GroupB_exclusive			TK92	SNV	0	1
ENSG00000258958	ENSG00000258958	GroupB_exclusive			TK92	SNV	0	1
ENSG00000258962	ENSG00000258962	GroupB_exclusive			TK91	SNV	0	1
ENSG00000258968	ENSG00000258968	GroupB_exclusive			TK18	SNV	0	1
ENSG00000258983	ENSG00000258983	GroupB_exclusive			TK10	SNV	0	1
ENSG00000259002	ENSG00000259002	GroupB_exclusive			TK92	INDEL,SNV	0	1
ENSG00000259007	ENSG00000259007	GroupB_exclusive			TK93	SNV	0	1
ENSG00000259035	ENSG00000259035	GroupB_exclusive			TK10	SNV	0	1
ENSG00000259042	ENSG00000259042	GroupB_exclusive			TK92	SNV	0	1
ENSG00000259044	ENSG00000259044	GroupB_exclusive			TK91	SNV	0	1
ENSG00000259072	ENSG00000259072	GroupB_exclusive			TK93	SNV	0	1
ENSG00000259087	ENSG00000259087	GroupB_exclusive			TK10	SNV	0	1
ENSG00000259109	ENSG00000259109	GroupB_exclusive			TK93	SNV	0	1
ENSG00000259111	ENSG00000259111	GroupB_exclusive			TK92	INDEL	0	1
ENSG00000259123	ENSG00000259123	GroupB_exclusive			TK18	SNV	0	1
ENSG00000259126	ENSG00000259126	GroupB_exclusive			TK10	SNV	0	1
ENSG00000259162	ENSG00000259162	GroupB_exclusive			TK10	INDEL,SNV	0	1
ENSG00000259191	ENSG00000259191	GroupB_exclusive			TK93	SNV	0	1
ENSG00000259203	ENSG00000259203	GroupB_exclusive			TK93	SNV	0	1
ENSG00000259232	ENSG00000259232	GroupB_exclusive			TK91	INDEL,SNV	0	1
ENSG00000259257	ENSG00000259257	GroupB_exclusive			TK92	SNV	0	1
ENSG00000259268	ENSG00000259268	GroupB_exclusive			TK91	SNV	0	1
ENSG00000259275	ENSG00000259275	GroupB_exclusive			TK93	SNV	0	1
ENSG00000259277	ENSG00000259277	GroupB_exclusive			TK93	SNV	0	1
ENSG00000259283	ENSG00000259283	GroupB_exclusive			TK10	SNV	0	1
ENSG00000259306	ENSG00000259306	GroupB_exclusive			TK18	INDEL,SNV	0	1
ENSG00000259312	ENSG00000259312	GroupB_exclusive			TK93	SNV	0	1
ENSG00000259320	ENSG00000259320	GroupB_exclusive			TK93	SNV	0	1
ENSG00000259340	ENSG00000259340	GroupB_exclusive			TK92	SNV	0	1
ENSG00000259347	ENSG00000259347	GroupB_exclusive			TK12	SNV	0	1
ENSG00000259351	ENSG00000259351	GroupB_exclusive			TK92	SNV	0	1
ENSG00000259413	ENSG00000259413	GroupB_exclusive			TK91	SNV	0	1
ENSG00000259415	ENSG00000259415	GroupB_exclusive			TK92	SNV	0	1
ENSG00000259432	ENSG00000259432	GroupB_exclusive			TK91	SNV	0	1
ENSG00000259433	ENSG00000259433	GroupB_exclusive			TK10	INDEL,SNV	0	1
ENSG00000259478	ENSG00000259478	GroupB_exclusive			TK18	SNV	0	1
ENSG00000259534	ENSG00000259534	GroupB_exclusive			TK10	SNV	0	1
ENSG00000259575	ENSG00000259575	GroupB_exclusive			TK93	SNV	0	1
ENSG00000259587	ENSG00000259587	GroupB_exclusive			TK93	SNV	0	1
ENSG00000259588	ENSG00000259588	GroupB_exclusive			TK10	SNV	0	1
ENSG00000259604	ENSG00000259604	GroupB_exclusive			TK10	SNV	0	1
ENSG00000259636	ENSG00000259636	GroupB_exclusive			TK92	SNV	0	1
ENSG00000259644	ENSG00000259644	GroupB_exclusive			TK10	INDEL	0	1
ENSG00000259670	ENSG00000259670	GroupB_exclusive			TK18	SNV	0	1
ENSG00000259675	ENSG00000259675	GroupB_exclusive			TK10	SNV	0	1
ENSG00000259681	ENSG00000259681	GroupB_exclusive			TK93	SNV	0	1
ENSG00000259690	ENSG00000259690	GroupB_exclusive			TK93	INDEL	0	1
ENSG00000259725	ENSG00000259725	GroupB_exclusive			TK91	SNV	0	1
ENSG00000259737	ENSG00000259737	GroupB_exclusive			TK92	SNV	0	1
ENSG00000259742	ENSG00000259742	GroupB_exclusive			TK92	SNV	0	1
ENSG00000259744	ENSG00000259744	GroupB_exclusive			TK91	SNV	0	1
ENSG00000259754	ENSG00000259754	GroupB_exclusive			TK10	SNV	0	1
ENSG00000259798	ENSG00000259798	GroupB_exclusive			TK91	SNV	0	1
ENSG00000259819	ENSG00000259819	GroupB_exclusive			TK10	SNV	0	1
ENSG00000259862	ENSG00000259862	GroupB_exclusive			TK92	SNV	0	1
ENSG00000259866	ENSG00000259866	GroupB_exclusive			TK92	SNV	0	1
ENSG00000259907	ENSG00000259907	GroupB_exclusive			TK10	SNV	0	1
ENSG00000259909	ENSG00000259909	GroupB_exclusive			TK91	SNV	0	1
ENSG00000259963	ENSG00000259963	GroupB_exclusive			TK92	SNV	0	1
ENSG00000260012	ENSG00000260012	GroupB_exclusive			TK92	SNV	0	1
ENSG00000260029	ENSG00000260029	GroupB_exclusive			TK91	SNV	0	1
ENSG00000260030	ENSG00000260030	GroupB_exclusive			TK10	SNV	0	1
ENSG00000260042	ENSG00000260042	GroupB_exclusive			TK92	SNV	0	1
ENSG00000260066	ENSG00000260066	GroupB_exclusive			TK91	SNV	0	1
ENSG00000260126	ENSG00000260126	GroupB_exclusive			TK93	SNV	0	1
ENSG00000260152	ENSG00000260152	GroupB_exclusive			TK92	SNV	0	1
ENSG00000260157	ENSG00000260157	GroupB_exclusive			TK92	SNV	0	1
ENSG00000260217	ENSG00000260217	GroupB_exclusive			TK18	SNV	0	1
ENSG00000260218	ENSG00000260218	GroupB_exclusive			TK10	SNV	0	1
ENSG00000260234	ENSG00000260234	GroupB_exclusive			TK92	SNV	0	1
ENSG00000260246	ENSG00000260246	GroupB_exclusive			TK18	SNV	0	1
ENSG00000260251	ENSG00000260251	GroupB_exclusive			TK92	SNV	0	1
ENSG00000260258	ENSG00000260258	GroupB_exclusive			TK10	SNV	0	1
ENSG00000260362	ENSG00000260362	GroupB_exclusive			TK91	SNV	0	1
ENSG00000260366	ENSG00000260366	GroupB_exclusive			TK10	SNV	0	1
ENSG00000260367	ENSG00000260367	GroupB_exclusive			TK93	SNV	0	1
ENSG00000260395	ENSG00000260395	GroupB_exclusive			TK18	SNV	0	1
ENSG00000260404	ENSG00000260404	GroupB_exclusive			TK93	SNV	0	1
ENSG00000260418	ENSG00000260418	GroupB_exclusive			TK92	SNV	0	1
ENSG00000260478	ENSG00000260478	GroupB_exclusive			TK10	SNV	0	1
ENSG00000260483	ENSG00000260483	GroupB_exclusive			TK91	SNV	0	1
ENSG00000260505	ENSG00000260505	GroupB_exclusive			TK92	SNV	0	1
ENSG00000260520	ENSG00000260520	GroupB_exclusive			TK10	SNV	0	1
ENSG00000260568	ENSG00000260568	GroupB_exclusive			TK10	SNV	0	1
ENSG00000260569	ENSG00000260569	GroupB_exclusive			TK10	SNV	0	1
ENSG00000260597	ENSG00000260597	GroupB_exclusive			TK93	SNV	0	1
ENSG00000260599	ENSG00000260599	GroupB_exclusive			TK92	SNV	0	1
ENSG00000260613	ENSG00000260613	GroupB_exclusive			TK93	SNV	0	1
ENSG00000260651	ENSG00000260651	GroupB_exclusive			TK92	SNV	0	1
ENSG00000260673	ENSG00000260673	GroupB_exclusive			TK91	SNV	0	1
ENSG00000260677	ENSG00000260677	GroupB_exclusive			TK93	SNV	0	1
ENSG00000260683	ENSG00000260683	GroupB_exclusive			TK92	SNV	0	1
ENSG00000260714	ENSG00000260714	GroupB_exclusive			TK18	SNV	0	1
ENSG00000260723	ENSG00000260723	GroupB_exclusive			TK93	SNV	0	1
ENSG00000260780	ENSG00000260780	GroupB_exclusive			TK92	SNV	0	1
ENSG00000260784	ENSG00000260784	GroupB_exclusive			TK93	SNV	0	1
ENSG00000260786	ENSG00000260786	GroupB_exclusive			TK10	SNV	0	1
ENSG00000260817	ENSG00000260817	GroupB_exclusive			TK92	SNV	0	1
ENSG00000260823	ENSG00000260823	GroupB_exclusive			TK10	SNV	0	1
ENSG00000260834	ENSG00000260834	GroupB_exclusive			TK10	INDEL	0	1
ENSG00000260844	ENSG00000260844	GroupB_exclusive			TK92	SNV	0	1
ENSG00000260866	ENSG00000260866	GroupB_exclusive			TK91	SNV	0	1
ENSG00000260922	ENSG00000260922	GroupB_exclusive			TK91	SNV	0	1
ENSG00000260978	ENSG00000260978	GroupB_exclusive			TK18	SNV	0	1
ENSG00000260983	ENSG00000260983	GroupB_exclusive			TK18	SNV	0	1
ENSG00000261025	ENSG00000261025	GroupB_exclusive			TK91	SNV	0	1
ENSG00000261026	ENSG00000261026	GroupB_exclusive			TK18	SNV	0	1
ENSG00000261030	ENSG00000261030	GroupB_exclusive			TK18	SNV	0	1
ENSG00000261041	ENSG00000261041	GroupB_exclusive			TK92	SNV	0	1
ENSG00000261090	ENSG00000261090	GroupB_exclusive			TK92	SNV	0	1
ENSG00000261095	ENSG00000261095	GroupB_exclusive			TK92	SNV	0	1
ENSG00000261130	ENSG00000261130	GroupB_exclusive			TK92	SNV	0	1
ENSG00000261161	ENSG00000261161	GroupB_exclusive			TK91	INDEL,SNV	0	1
ENSG00000261219	ENSG00000261219	GroupB_exclusive			TK93	INDEL	0	1
ENSG00000261281	ENSG00000261281	GroupB_exclusive			TK92	SNV	0	1
ENSG00000261298	ENSG00000261298	GroupB_exclusive			TK10	INDEL,SNV	0	1
ENSG00000261327	ENSG00000261327	GroupB_exclusive			TK92	SNV	0	1
ENSG00000261392	ENSG00000261392	GroupB_exclusive			TK18	SNV	0	1
ENSG00000261398	ENSG00000261398	GroupB_exclusive			TK10	SNV	0	1
ENSG00000261407	ENSG00000261407	GroupB_exclusive			TK93	SNV	0	1
ENSG00000261447	ENSG00000261447	GroupB_exclusive			TK92	SNV	0	1
ENSG00000261449	ENSG00000261449	GroupB_exclusive			TK12	SNV	0	1
ENSG00000261523	ENSG00000261523	GroupB_exclusive			TK91	SNV	0	1
ENSG00000261544	ENSG00000261544	GroupB_exclusive			TK93	SNV	0	1
ENSG00000261650	ENSG00000261650	GroupB_exclusive			TK10	SNV	0	1
ENSG00000261673	ENSG00000261673	GroupB_exclusive			TK93	SNV	0	1
ENSG00000261687	ENSG00000261687	GroupB_exclusive			TK18	INDEL,SNV	0	1
ENSG00000261695	ENSG00000261695	GroupB_exclusive			TK91	SNV	0	1
ENSG00000261714	ENSG00000261714	GroupB_exclusive			TK91	SNV	0	1
ENSG00000261728	ENSG00000261728	GroupB_exclusive			TK93	SNV	0	1
ENSG00000261760	ENSG00000261760	GroupB_exclusive			TK91	SNV	0	1
ENSG00000261789	ENSG00000261789	GroupB_exclusive			TK10	SNV	0	1
ENSG00000261813	ENSG00000261813	GroupB_exclusive			TK91	SNV	0	1
ENSG00000261823	ENSG00000261823	GroupB_exclusive			TK92	SNV	0	1
ENSG00000261829	ENSG00000261829	GroupB_exclusive			TK93	SNV	0	1
ENSG00000262296	ENSG00000262296	GroupB_exclusive			TK10	SNV	0	1
ENSG00000262319	ENSG00000262319	GroupB_exclusive			TK92	SNV	0	1
ENSG00000262514	ENSG00000262514	GroupB_exclusive			TK92	SNV	0	1
ENSG00000262521	ENSG00000262521	GroupB_exclusive			TK18	SNV	0	1
ENSG00000262651	ENSG00000262651	GroupB_exclusive			TK10	SNV	0	1
ENSG00000262786	ENSG00000262786	GroupB_exclusive			TK10	SNV	0	1
ENSG00000262803	ENSG00000262803	GroupB_exclusive			TK92	SNV	0	1
ENSG00000262831	ENSG00000262831	GroupB_exclusive			TK10	SNV	0	1
ENSG00000262974	ENSG00000262974	GroupB_exclusive			TK92	SNV	0	1
ENSG00000263098	ENSG00000263098	GroupB_exclusive			TK91	SNV	0	1
ENSG00000263107	ENSG00000263107	GroupB_exclusive			TK92	SNV	0	1
ENSG00000263167	ENSG00000263167	GroupB_exclusive			TK10	SNV	0	1
ENSG00000263237	ENSG00000263237	GroupB_exclusive			TK92	SNV	0	1
ENSG00000263271	ENSG00000263271	GroupB_exclusive			TK10	SNV	0	1
ENSG00000263588	ENSG00000263588	GroupB_exclusive			TK10	SNV	0	1
ENSG00000263635	ENSG00000263635	GroupB_exclusive			TK10	SNV	0	1
ENSG00000263648	ENSG00000263648	GroupB_exclusive			TK91	SNV	0	1
ENSG00000263674	ENSG00000263674	GroupB_exclusive			TK92	SNV	0	1
ENSG00000263772	ENSG00000263772	GroupB_exclusive			TK91	SNV	0	1
ENSG00000263797	ENSG00000263797	GroupB_exclusive			TK91	SNV	0	1
ENSG00000263904	ENSG00000263904	GroupB_exclusive			TK92	SNV	0	1
ENSG00000263952	ENSG00000263952	GroupB_exclusive			TK10	SNV	0	1
ENSG00000264000	ENSG00000264000	GroupB_exclusive			TK93	SNV	0	1
ENSG00000264012	ENSG00000264012	GroupB_exclusive			TK92	SNV	0	1
ENSG00000264167	ENSG00000264167	GroupB_exclusive			TK92	SNV	0	1
ENSG00000264196	ENSG00000264196	GroupB_exclusive			TK93	SNV	0	1
ENSG00000264254	ENSG00000264254	GroupB_exclusive			TK91	SNV	0	1
ENSG00000264334	ENSG00000264334	GroupB_exclusive			TK91	SNV	0	1
ENSG00000264431	ENSG00000264431	GroupB_exclusive			TK93	SNV	0	1
ENSG00000264451	ENSG00000264451	GroupB_exclusive			TK12	SNV	0	1
ENSG00000264486	ENSG00000264486	GroupB_exclusive			TK18	SNV	0	1
ENSG00000264488	ENSG00000264488	GroupB_exclusive			TK93	SNV	0	1
ENSG00000264595	ENSG00000264595	GroupB_exclusive			TK92	SNV	0	1
ENSG00000264617	ENSG00000264617	GroupB_exclusive			TK91	INDEL,SNV	0	1
ENSG00000264622	ENSG00000264622	GroupB_exclusive			TK93	SNV	0	1
ENSG00000264634	ENSG00000264634	GroupB_exclusive			TK91	SNV	0	1
ENSG00000264693	ENSG00000264693	GroupB_exclusive			TK93	SNV	0	1
ENSG00000264829	ENSG00000264829	GroupB_exclusive			TK93	SNV	0	1
ENSG00000264869	ENSG00000264869	GroupB_exclusive			TK93	SNV	0	1
ENSG00000264876	ENSG00000264876	GroupB_exclusive			TK93	INDEL	0	1
ENSG00000264881	ENSG00000264881	GroupB_exclusive			TK93	SNV	0	1
ENSG00000264911	ENSG00000264911	GroupB_exclusive			TK91	SNV	0	1
ENSG00000264932	ENSG00000264932	GroupB_exclusive			TK92	INDEL	0	1
ENSG00000265282	ENSG00000265282	GroupB_exclusive			TK91	SNV	0	1
ENSG00000265359	ENSG00000265359	GroupB_exclusive			TK10	SNV	0	1
ENSG00000265413	ENSG00000265413	GroupB_exclusive			TK93	SNV	0	1
ENSG00000265417	ENSG00000265417	GroupB_exclusive			TK92	SNV	0	1
ENSG00000265421	ENSG00000265421	GroupB_exclusive			TK91	SNV	0	1
ENSG00000265626	ENSG00000265626	GroupB_exclusive			TK91	SNV	0	1
ENSG00000265671	ENSG00000265671	GroupB_exclusive			TK92	SNV	0	1
ENSG00000265794	ENSG00000265794	GroupB_exclusive			TK92	SNV	0	1
ENSG00000265840	ENSG00000265840	GroupB_exclusive			TK93	SNV	0	1
ENSG00000266179	ENSG00000266179	GroupB_exclusive			TK91	SNV	0	1
ENSG00000266306	ENSG00000266306	GroupB_exclusive			TK18	SNV	0	1
ENSG00000266335	ENSG00000266335	GroupB_exclusive			TK10	SNV	0	1
ENSG00000266479	ENSG00000266479	GroupB_exclusive			TK18	SNV	0	1
ENSG00000266527	ENSG00000266527	GroupB_exclusive			TK10	SNV	0	1
ENSG00000266654	ENSG00000266654	GroupB_exclusive			TK93	SNV	0	1
ENSG00000266711	ENSG00000266711	GroupB_exclusive			TK92	SNV	0	1
ENSG00000266743	ENSG00000266743	GroupB_exclusive			TK18	SNV	0	1
ENSG00000266765	ENSG00000266765	GroupB_exclusive			TK10	SNV	0	1
ENSG00000266767	ENSG00000266767	GroupB_exclusive			TK91	SNV	0	1
ENSG00000266775	ENSG00000266775	GroupB_exclusive			TK12	SNV	0	1
ENSG00000266806	ENSG00000266806	GroupB_exclusive			TK91	SNV	0	1
ENSG00000266924	ENSG00000266924	GroupB_exclusive			TK18	SNV	0	1
ENSG00000266954	ENSG00000266954	GroupB_exclusive			TK92	SNV	0	1
ENSG00000266959	ENSG00000266959	GroupB_exclusive			TK93	SNV	0	1
ENSG00000266961	ENSG00000266961	GroupB_exclusive			TK92	SNV	0	1
ENSG00000266987	ENSG00000266987	GroupB_exclusive			TK92	SNV	0	1
ENSG00000267032	ENSG00000267032	GroupB_exclusive			TK93	SNV	0	1
ENSG00000267036	ENSG00000267036	GroupB_exclusive			TK93	SNV	0	1
ENSG00000267053	ENSG00000267053	GroupB_exclusive			TK91	SNV	0	1
ENSG00000267079	ENSG00000267079	GroupB_exclusive			TK10	SNV	0	1
ENSG00000267113	ENSG00000267113	GroupB_exclusive			TK93	SNV	0	1
ENSG00000267115	ENSG00000267115	GroupB_exclusive			TK92	SNV	0	1
ENSG00000267172	ENSG00000267172	GroupB_exclusive			TK18	SNV	0	1
ENSG00000267174	ENSG00000267174	GroupB_exclusive			TK10	SNV	0	1
ENSG00000267180	ENSG00000267180	GroupB_exclusive			TK92	SNV	0	1
ENSG00000267234	ENSG00000267234	GroupB_exclusive			TK91	SNV	0	1
ENSG00000267262	ENSG00000267262	GroupB_exclusive			TK91	SNV	0	1
ENSG00000267264	ENSG00000267264	GroupB_exclusive			TK92	SNV	0	1
ENSG00000267273	ENSG00000267273	GroupB_exclusive			TK10	SNV	0	1
ENSG00000267279	ENSG00000267279	GroupB_exclusive			TK91	SNV	0	1
ENSG00000267287	ENSG00000267287	GroupB_exclusive			TK10	SNV	0	1
ENSG00000267314	ENSG00000267314	GroupB_exclusive			TK91	SNV	0	1
ENSG00000267316	ENSG00000267316	GroupB_exclusive			TK91	SNV	0	1
ENSG00000267324	ENSG00000267324	GroupB_exclusive			TK18	SNV	0	1
ENSG00000267338	ENSG00000267338	GroupB_exclusive			TK92	SNV	0	1
ENSG00000267389	ENSG00000267389	GroupB_exclusive			TK92	SNV	0	1
ENSG00000267429	ENSG00000267429	GroupB_exclusive			TK92	SNV	0	1
ENSG00000267457	ENSG00000267457	GroupB_exclusive			TK91	SNV	0	1
ENSG00000267458	ENSG00000267458	GroupB_exclusive			TK93	SNV	0	1
ENSG00000267505	ENSG00000267505	GroupB_exclusive			TK10	SNV	0	1
ENSG00000267526	ENSG00000267526	GroupB_exclusive			TK91	SNV	0	1
ENSG00000267585	ENSG00000267585	GroupB_exclusive			TK91	SNV	0	1
ENSG00000267606	ENSG00000267606	GroupB_exclusive			TK92	INDEL,SNV	0	1
ENSG00000267614	ENSG00000267614	GroupB_exclusive			TK91	SNV	0	1
ENSG00000267628	ENSG00000267628	GroupB_exclusive			TK92	SNV	0	1
ENSG00000267653	ENSG00000267653	GroupB_exclusive			TK93	SNV	0	1
ENSG00000267766	ENSG00000267766	GroupB_exclusive			TK93	SNV	0	1
ENSG00000267780	ENSG00000267780	GroupB_exclusive			TK18	SNV	0	1
ENSG00000267793	ENSG00000267793	GroupB_exclusive			TK10	SNV	0	1
ENSG00000267872	ENSG00000267872	GroupB_exclusive			TK10	SNV	0	1
ENSG00000267986	ENSG00000267986	GroupB_exclusive			TK10	SNV	0	1
ENSG00000268053	ENSG00000268053	GroupB_exclusive			TK93	SNV	0	1
ENSG00000268105	ENSG00000268105	GroupB_exclusive			TK93	SNV	0	1
ENSG00000268153	ENSG00000268153	GroupB_exclusive			TK93	SNV	0	1
ENSG00000268288	ENSG00000268288	GroupB_exclusive			TK92	SNV	0	1
ENSG00000268496	ENSG00000268496	GroupB_exclusive			TK91	SNV	0	1
ENSG00000268531	ENSG00000268531	GroupB_exclusive			TK10	SNV	0	1
ENSG00000268595	ENSG00000268595	GroupB_exclusive			TK10	SNV	0	1
ENSG00000268729	ENSG00000268729	GroupB_exclusive			TK18	SNV	0	1
ENSG00000268746	ENSG00000268746	GroupB_exclusive			TK92	SNV	0	1
ENSG00000268842	ENSG00000268842	GroupB_exclusive			TK92	SNV	0	1
ENSG00000269068	ENSG00000269068	GroupB_exclusive			TK18	SNV	0	1
ENSG00000269189	ENSG00000269189	GroupB_exclusive			TK91	SNV	0	1
ENSG00000269246	ENSG00000269246	GroupB_exclusive			TK12	SNV	0	1
ENSG00000269274	ENSG00000269274	GroupB_exclusive			TK91	SNV	0	1
ENSG00000269288	ENSG00000269288	GroupB_exclusive			TK10	SNV	0	1
ENSG00000269376	ENSG00000269376	GroupB_exclusive			TK92	SNV	0	1
ENSG00000269463	ENSG00000269463	GroupB_exclusive			TK10	SNV	0	1
ENSG00000269540	ENSG00000269540	GroupB_exclusive			TK10	SNV	0	1
ENSG00000269599	ENSG00000269599	GroupB_exclusive			TK91	SNV	0	1
ENSG00000269635	ENSG00000269635	GroupB_exclusive			TK91	SNV	0	1
ENSG00000269694	ENSG00000269694	GroupB_exclusive			TK92	SNV	0	1
ENSG00000269741	ENSG00000269741	GroupB_exclusive			TK91	SNV	0	1
ENSG00000269765	ENSG00000269765	GroupB_exclusive			TK93	SNV	0	1
ENSG00000269826	ENSG00000269826	GroupB_exclusive			TK92	SNV	0	1
ENSG00000269842	ENSG00000269842	GroupB_exclusive			TK91	SNV	0	1
ENSG00000269848	ENSG00000269848	GroupB_exclusive			TK92	SNV	0	1
ENSG00000269927	ENSG00000269927	GroupB_exclusive			TK10	SNV	0	1
ENSG00000269944	ENSG00000269944	GroupB_exclusive			TK92	SNV	0	1
ENSG00000269945	ENSG00000269945	GroupB_exclusive			TK10	SNV	0	1
ENSG00000269971	ENSG00000269971	GroupB_exclusive			TK91	SNV	0	1
ENSG00000269976	ENSG00000269976	GroupB_exclusive			TK93	SNV	0	1
ENSG00000269981	ENSG00000269981	GroupB_exclusive			TK18	SNV	0	1
ENSG00000270035	ENSG00000270035	GroupB_exclusive			TK10	INDEL,SNV	0	1
ENSG00000270036	ENSG00000270036	GroupB_exclusive			TK91	SNV	0	1
ENSG00000270048	ENSG00000270048	GroupB_exclusive			TK92	SNV	0	1
ENSG00000270062	ENSG00000270062	GroupB_exclusive			TK93	SNV	0	1
ENSG00000270068	ENSG00000270068	GroupB_exclusive			TK93	SNV	0	1
ENSG00000270087	ENSG00000270087	GroupB_exclusive			TK18	SNV	0	1
ENSG00000270095	ENSG00000270095	GroupB_exclusive			TK92	SNV	0	1
ENSG00000270104	ENSG00000270104	GroupB_exclusive			TK10	SNV	0	1
ENSG00000270137	ENSG00000270137	GroupB_exclusive			TK91	SNV	0	1
ENSG00000270218	ENSG00000270218	GroupB_exclusive			TK91	SNV	0	1
ENSG00000270248	ENSG00000270248	GroupB_exclusive			TK12	SNV	0	1
ENSG00000270281	ENSG00000270281	GroupB_exclusive			TK93	SNV	0	1
ENSG00000270323	ENSG00000270323	GroupB_exclusive			TK10	SNV	0	1
ENSG00000270324	ENSG00000270324	GroupB_exclusive			TK92	SNV	0	1
ENSG00000270409	ENSG00000270409	GroupB_exclusive			TK92	SNV	0	1
ENSG00000270413	ENSG00000270413	GroupB_exclusive			TK92	INDEL	0	1
ENSG00000270422	ENSG00000270422	GroupB_exclusive			TK92	SNV	0	1
ENSG00000270477	ENSG00000270477	GroupB_exclusive			TK92	SNV	0	1
ENSG00000270495	ENSG00000270495	GroupB_exclusive			TK18	SNV	0	1
ENSG00000270497	ENSG00000270497	GroupB_exclusive			TK12	SNV	0	1
ENSG00000270576	ENSG00000270576	GroupB_exclusive			TK92	SNV	0	1
ENSG00000270598	ENSG00000270598	GroupB_exclusive			TK93	SNV	0	1
ENSG00000270620	ENSG00000270620	GroupB_exclusive			TK92	SNV	0	1
ENSG00000270640	ENSG00000270640	GroupB_exclusive			TK93	SNV	0	1
ENSG00000270708	ENSG00000270708	GroupB_exclusive			TK18	SNV	0	1
ENSG00000270712	ENSG00000270712	GroupB_exclusive			TK93	SNV	0	1
ENSG00000270713	ENSG00000270713	GroupB_exclusive			TK92	SNV	0	1
ENSG00000270727	ENSG00000270727	GroupB_exclusive			TK93	SNV	0	1
ENSG00000270842	ENSG00000270842	GroupB_exclusive			TK93	SNV	0	1
ENSG00000270857	ENSG00000270857	GroupB_exclusive			TK92	SNV	0	1
ENSG00000270861	ENSG00000270861	GroupB_exclusive			TK91	SNV	0	1
ENSG00000270883	ENSG00000270883	GroupB_exclusive			TK93	SNV	0	1
ENSG00000270893	ENSG00000270893	GroupB_exclusive			TK92	SNV	0	1
ENSG00000270966	ENSG00000270966	GroupB_exclusive			TK92	SNV	0	1
ENSG00000270972	ENSG00000270972	GroupB_exclusive			TK18	SNV	0	1
ENSG00000270983	ENSG00000270983	GroupB_exclusive			TK10	SNV	0	1
ENSG00000270996	ENSG00000270996	GroupB_exclusive			TK12	SNV	0	1
ENSG00000271048	ENSG00000271048	GroupB_exclusive			TK92	SNV	0	1
ENSG00000271057	ENSG00000271057	GroupB_exclusive			TK93	INDEL	0	1
ENSG00000271075	ENSG00000271075	GroupB_exclusive			TK91	SNV	0	1
ENSG00000271078	ENSG00000271078	GroupB_exclusive			TK92	SNV	0	1
ENSG00000271113	ENSG00000271113	GroupB_exclusive			TK92	SNV	0	1
ENSG00000271129	ENSG00000271129	GroupB_exclusive			TK92	INDEL,SNV	0	1
ENSG00000271172	ENSG00000271172	GroupB_exclusive			TK91	SNV	0	1
ENSG00000271252	ENSG00000271252	GroupB_exclusive			TK92	SNV	0	1
ENSG00000271269	ENSG00000271269	GroupB_exclusive			TK93	SNV	0	1
ENSG00000271275	ENSG00000271275	GroupB_exclusive			TK91	SNV	0	1
ENSG00000271277	ENSG00000271277	GroupB_exclusive			TK92	SNV	0	1
ENSG00000271307	ENSG00000271307	GroupB_exclusive			TK93	SNV	0	1
ENSG00000271398	ENSG00000271398	GroupB_exclusive			TK18	SNV	0	1
ENSG00000271437	ENSG00000271437	GroupB_exclusive			TK92	SNV	0	1
ENSG00000271483	ENSG00000271483	GroupB_exclusive			TK91	SNV	0	1
ENSG00000271498	ENSG00000271498	GroupB_exclusive			TK91	SNV	0	1
ENSG00000271509	ENSG00000271509	GroupB_exclusive			TK12	SNV	0	1
ENSG00000271543	ENSG00000271543	GroupB_exclusive			TK92	SNV	0	1
ENSG00000271547	ENSG00000271547	GroupB_exclusive			TK10	SNV	0	1
ENSG00000271573	ENSG00000271573	GroupB_exclusive			TK91	SNV	0	1
ENSG00000271623	ENSG00000271623	GroupB_exclusive			TK10	SNV	0	1
ENSG00000271644	ENSG00000271644	GroupB_exclusive			TK91	SNV	0	1
ENSG00000271657	ENSG00000271657	GroupB_exclusive			TK92	SNV	0	1
ENSG00000271680	ENSG00000271680	GroupB_exclusive			TK10	SNV	0	1
ENSG00000271742	ENSG00000271742	GroupB_exclusive			TK93	SNV	0	1
ENSG00000271771	ENSG00000271771	GroupB_exclusive			TK93	SNV	0	1
ENSG00000271843	ENSG00000271843	GroupB_exclusive			TK10	SNV	0	1
ENSG00000271882	ENSG00000271882	GroupB_exclusive			TK92	SNV	0	1
ENSG00000271901	ENSG00000271901	GroupB_exclusive			TK10	SNV	0	1
ENSG00000271930	ENSG00000271930	GroupB_exclusive			TK18	SNV	0	1
ENSG00000272027	ENSG00000272027	GroupB_exclusive			TK91	SNV	0	1
ENSG00000272087	ENSG00000272087	GroupB_exclusive			TK92	INDEL,SNV	0	1
ENSG00000272108	ENSG00000272108	GroupB_exclusive			TK92	SNV	0	1
ENSG00000272123	ENSG00000272123	GroupB_exclusive			TK92	SNV	0	1
ENSG00000272180	ENSG00000272180	GroupB_exclusive			TK93	SNV	0	1
ENSG00000272235	ENSG00000272235	GroupB_exclusive			TK93	SNV	0	1
ENSG00000272243	ENSG00000272243	GroupB_exclusive			TK92	SNV	0	1
ENSG00000272371	ENSG00000272371	GroupB_exclusive			TK92	INDEL,SNV	0	1
ENSG00000272372	ENSG00000272372	GroupB_exclusive			TK10	SNV	0	1
ENSG00000272383	ENSG00000272383	GroupB_exclusive			TK91	SNV	0	1
ENSG00000272411	ENSG00000272411	GroupB_exclusive			TK12	SNV	0	1
ENSG00000272477	ENSG00000272477	GroupB_exclusive			TK91	SNV	0	1
ENSG00000272506	ENSG00000272506	GroupB_exclusive			TK93	SNV	0	1
ENSG00000272542	ENSG00000272542	GroupB_exclusive			TK93	SNV	0	1
ENSG00000272554	ENSG00000272554	GroupB_exclusive			TK91	SNV	0	1
ENSG00000272576	ENSG00000272576	GroupB_exclusive			TK91	SNV	0	1
ENSG00000272669	ENSG00000272669	GroupB_exclusive			TK92	SNV	0	1
ENSG00000272678	ENSG00000272678	GroupB_exclusive			TK12	INDEL	0	1
ENSG00000272694	ENSG00000272694	GroupB_exclusive			TK18	SNV	0	1
ENSG00000272699	ENSG00000272699	GroupB_exclusive			TK92	SNV	0	1
ENSG00000272710	ENSG00000272710	GroupB_exclusive			TK10	SNV	0	1
ENSG00000272810	ENSG00000272810	GroupB_exclusive			TK18	SNV	0	1
ENSG00000272814	ENSG00000272814	GroupB_exclusive			TK91	SNV	0	1
ENSG00000272986	ENSG00000272986	GroupB_exclusive			TK12	SNV	0	1
ENSG00000272995	ENSG00000272995	GroupB_exclusive			TK92	SNV	0	1
ENSG00000273055	ENSG00000273055	GroupB_exclusive			TK18	SNV	0	1
ENSG00000273063	ENSG00000273063	GroupB_exclusive			TK10	SNV	0	1
ENSG00000273090	ENSG00000273090	GroupB_exclusive			TK10	SNV	0	1
ENSG00000273132	ENSG00000273132	GroupB_exclusive			TK10	SNV	0	1
ENSG00000273138	ENSG00000273138	GroupB_exclusive			TK91	INDEL,SNV	0	1
ENSG00000273199	ENSG00000273199	GroupB_exclusive			TK10	SNV	0	1
ENSG00000273219	ENSG00000273219	GroupB_exclusive			TK18	SNV	0	1
ENSG00000273232	ENSG00000273232	GroupB_exclusive			TK12	SNV	0	1
ENSG00000273233	ENSG00000273233	GroupB_exclusive			TK92	SNV	0	1
ENSG00000273321	ENSG00000273321	GroupB_exclusive			TK92	SNV	0	1
ENSG00000273341	ENSG00000273341	GroupB_exclusive			TK93	SNV	0	1
ENSG00000273342	ENSG00000273342	GroupB_exclusive			TK10	SNV	0	1
ENSG00000273350	ENSG00000273350	GroupB_exclusive			TK12	SNV	0	1
ENSG00000273368	ENSG00000273368	GroupB_exclusive			TK10	SNV	0	1
ENSG00000273375	ENSG00000273375	GroupB_exclusive			TK18	SNV	0	1
ENSG00000273464	ENSG00000273464	GroupB_exclusive			TK92	SNV	0	1
ENSG00000273476	ENSG00000273476	GroupB_exclusive			TK92	SNV	0	1
ENSG00000273487	ENSG00000273487	GroupB_exclusive			TK92	SNV	0	1
ENSG00000273493	ENSG00000273493	GroupB_exclusive			TK18	SNV	0	1
ENSG00000273618	ENSG00000273618	GroupB_exclusive			TK91	SNV	0	1
ENSG00000273623	ENSG00000273623	GroupB_exclusive			TK91	SNV	0	1
ENSG00000273639	ENSG00000273639	GroupB_exclusive			TK92	SNV	0	1
ENSG00000273669	ENSG00000273669	GroupB_exclusive			TK93	SNV	0	1
ENSG00000273687	ENSG00000273687	GroupB_exclusive			TK91	SNV	0	1
ENSG00000273825	ENSG00000273825	GroupB_exclusive			TK91	SNV	0	1
ENSG00000273890	ENSG00000273890	GroupB_exclusive			TK91	SNV	0	1
ENSG00000273900	ENSG00000273900	GroupB_exclusive			TK91	SNV	0	1
ENSG00000273919	ENSG00000273919	GroupB_exclusive			TK10	SNV	0	1
ENSG00000273933	ENSG00000273933	GroupB_exclusive			TK10	SNV	0	1
ENSG00000273951	ENSG00000273951	GroupB_exclusive			TK10	SNV	0	1
ENSG00000273958	ENSG00000273958	GroupB_exclusive			TK91	INDEL,SNV	0	1
ENSG00000273982	ENSG00000273982	GroupB_exclusive			TK92	SNV	0	1
ENSG00000273997	ENSG00000273997	GroupB_exclusive			TK93	INDEL	0	1
ENSG00000274002	ENSG00000274002	GroupB_exclusive			TK10	SNV	0	1
ENSG00000274038	ENSG00000274038	GroupB_exclusive			TK92	SNV	0	1
ENSG00000274055	ENSG00000274055	GroupB_exclusive			TK18	SNV	0	1
ENSG00000274080	ENSG00000274080	GroupB_exclusive			TK10	SNV	0	1
ENSG00000274093	ENSG00000274093	GroupB_exclusive			TK91	SNV	0	1
ENSG00000274116	ENSG00000274116	GroupB_exclusive			TK18	SNV	0	1
ENSG00000274124	ENSG00000274124	GroupB_exclusive			TK92	SNV	0	1
ENSG00000274154	ENSG00000274154	GroupB_exclusive			TK18	SNV	0	1
ENSG00000274156	ENSG00000274156	GroupB_exclusive			TK91	SNV	0	1
ENSG00000274159	ENSG00000274159	GroupB_exclusive			TK93	SNV	0	1
ENSG00000274170	ENSG00000274170	GroupB_exclusive			TK12	SNV	0	1
ENSG00000274199	ENSG00000274199	GroupB_exclusive			TK18	SNV	0	1
ENSG00000274227	ENSG00000274227	GroupB_exclusive			TK91	SNV	0	1
ENSG00000274261	ENSG00000274261	GroupB_exclusive			TK10	SNV	0	1
ENSG00000274297	ENSG00000274297	GroupB_exclusive			TK91	SNV	0	1
ENSG00000274342	ENSG00000274342	GroupB_exclusive			TK92	SNV	0	1
ENSG00000274363	ENSG00000274363	GroupB_exclusive			TK18	SNV	0	1
ENSG00000274370	ENSG00000274370	GroupB_exclusive			TK10	SNV	0	1
ENSG00000274378	ENSG00000274378	GroupB_exclusive			TK91	SNV	0	1
ENSG00000274381	ENSG00000274381	GroupB_exclusive			TK18	SNV	0	1
ENSG00000274430	ENSG00000274430	GroupB_exclusive			TK93	SNV	0	1
ENSG00000274447	ENSG00000274447	GroupB_exclusive			TK93	SNV	0	1
ENSG00000274458	ENSG00000274458	GroupB_exclusive			TK92	SNV	0	1
ENSG00000274499	ENSG00000274499	GroupB_exclusive			TK10	SNV	0	1
ENSG00000274547	ENSG00000274547	GroupB_exclusive			TK12	SNV	0	1
ENSG00000274617	ENSG00000274617	GroupB_exclusive			TK92	SNV	0	1
ENSG00000274625	ENSG00000274625	GroupB_exclusive			TK93	SNV	0	1
ENSG00000274670	ENSG00000274670	GroupB_exclusive			TK92	SNV	0	1
ENSG00000274682	ENSG00000274682	GroupB_exclusive			TK91	SNV	0	1
ENSG00000274685	ENSG00000274685	GroupB_exclusive			TK18	SNV	0	1
ENSG00000274695	ENSG00000274695	GroupB_exclusive			TK93	SNV	0	1
ENSG00000274718	ENSG00000274718	GroupB_exclusive			TK91	SNV	0	1
ENSG00000274723	ENSG00000274723	GroupB_exclusive			TK10	SNV	0	1
ENSG00000274748	ENSG00000274748	GroupB_exclusive			TK92	SNV	0	1
ENSG00000274765	ENSG00000274765	GroupB_exclusive			TK92	SNV	0	1
ENSG00000274813	ENSG00000274813	GroupB_exclusive			TK92	SNV	0	1
ENSG00000274817	ENSG00000274817	GroupB_exclusive			TK10	SNV	0	1
ENSG00000274863	ENSG00000274863	GroupB_exclusive			TK91	SNV	0	1
ENSG00000274892	ENSG00000274892	GroupB_exclusive			TK10	SNV	0	1
ENSG00000274898	ENSG00000274898	GroupB_exclusive			TK91	SNV	0	1
ENSG00000275017	ENSG00000275017	GroupB_exclusive			TK10	SNV	0	1
ENSG00000275110	ENSG00000275110	GroupB_exclusive			TK91	SNV	0	1
ENSG00000275155	ENSG00000275155	GroupB_exclusive			TK10	SNV	0	1
ENSG00000275307	ENSG00000275307	GroupB_exclusive			TK12	INDEL	0	1
ENSG00000275327	ENSG00000275327	GroupB_exclusive			TK92	SNV	0	1
ENSG00000275345	ENSG00000275345	GroupB_exclusive			TK92	SNV	0	1
ENSG00000275350	ENSG00000275350	GroupB_exclusive			TK92	INDEL	0	1
ENSG00000275406	ENSG00000275406	GroupB_exclusive			TK92	SNV	0	1
ENSG00000275409	ENSG00000275409	GroupB_exclusive			TK18	SNV	0	1
ENSG00000275413	ENSG00000275413	GroupB_exclusive			TK12	SNV	0	1
ENSG00000275438	ENSG00000275438	GroupB_exclusive			TK12	SNV	0	1
ENSG00000275479	ENSG00000275479	GroupB_exclusive			TK91	SNV	0	1
ENSG00000275484	ENSG00000275484	GroupB_exclusive			TK10	SNV	0	1
ENSG00000275512	ENSG00000275512	GroupB_exclusive			TK91	SNV	0	1
ENSG00000275515	ENSG00000275515	GroupB_exclusive			TK10	SNV	0	1
ENSG00000275516	ENSG00000275516	GroupB_exclusive			TK10	SNV	0	1
ENSG00000275609	ENSG00000275609	GroupB_exclusive			TK91	SNV	0	1
ENSG00000275716	ENSG00000275716	GroupB_exclusive			TK93	SNV	0	1
ENSG00000275728	ENSG00000275728	GroupB_exclusive			TK10	SNV	0	1
ENSG00000275767	ENSG00000275767	GroupB_exclusive			TK92	SNV	0	1
ENSG00000275772	ENSG00000275772	GroupB_exclusive			TK18	SNV	0	1
ENSG00000275801	ENSG00000275801	GroupB_exclusive			TK92	SNV	0	1
ENSG00000275805	ENSG00000275805	GroupB_exclusive			TK91	SNV	0	1
ENSG00000275850	ENSG00000275850	GroupB_exclusive			TK93	INDEL,SNV	0	1
ENSG00000275894	ENSG00000275894	GroupB_exclusive			TK18	SNV	0	1
ENSG00000275919	ENSG00000275919	GroupB_exclusive			TK18	SNV	0	1
ENSG00000275980	ENSG00000275980	GroupB_exclusive			TK92	SNV	0	1
ENSG00000276063	ENSG00000276063	GroupB_exclusive			TK92	SNV	0	1
ENSG00000276179	ENSG00000276179	GroupB_exclusive			TK92	SNV	0	1
ENSG00000276251	ENSG00000276251	GroupB_exclusive			TK10	SNV	0	1
ENSG00000276257	ENSG00000276257	GroupB_exclusive			TK92	SNV	0	1
ENSG00000276261	ENSG00000276261	GroupB_exclusive			TK10	SNV	0	1
ENSG00000276292	ENSG00000276292	GroupB_exclusive			TK93	SNV	0	1
ENSG00000276375	ENSG00000276375	GroupB_exclusive			TK18	SNV	0	1
ENSG00000276436	ENSG00000276436	GroupB_exclusive			TK18	SNV	0	1
ENSG00000276470	ENSG00000276470	GroupB_exclusive			TK18	SNV	0	1
ENSG00000276519	ENSG00000276519	GroupB_exclusive			TK92	SNV	0	1
ENSG00000276535	ENSG00000276535	GroupB_exclusive			TK92	SNV	0	1
ENSG00000276573	ENSG00000276573	GroupB_exclusive			TK91	SNV	0	1
ENSG00000276633	ENSG00000276633	GroupB_exclusive			TK10	SNV	0	1
ENSG00000276668	ENSG00000276668	GroupB_exclusive			TK91	SNV	0	1
ENSG00000276680	ENSG00000276680	GroupB_exclusive			TK92	SNV	0	1
ENSG00000276704	ENSG00000276704	GroupB_exclusive			TK12	SNV	0	1
ENSG00000276738	ENSG00000276738	GroupB_exclusive			TK93	SNV	0	1
ENSG00000276740	ENSG00000276740	GroupB_exclusive			TK92	SNV	0	1
ENSG00000276742	ENSG00000276742	GroupB_exclusive			TK92	SNV	0	1
ENSG00000276754	ENSG00000276754	GroupB_exclusive			TK92	SNV	0	1
ENSG00000276790	ENSG00000276790	GroupB_exclusive			TK91	SNV	0	1
ENSG00000276810	ENSG00000276810	GroupB_exclusive			TK93	SNV	0	1
ENSG00000276831	ENSG00000276831	GroupB_exclusive			TK92	SNV	0	1
ENSG00000276867	ENSG00000276867	GroupB_exclusive			TK92	SNV	0	1
ENSG00000276958	ENSG00000276958	GroupB_exclusive			TK91	SNV	0	1
ENSG00000277135	ENSG00000277135	GroupB_exclusive			TK10	SNV	0	1
ENSG00000277173	ENSG00000277173	GroupB_exclusive			TK10	SNV	0	1
ENSG00000277228	ENSG00000277228	GroupB_exclusive			TK92	SNV	0	1
ENSG00000277373	ENSG00000277373	GroupB_exclusive			TK93	SNV	0	1
ENSG00000277386	ENSG00000277386	GroupB_exclusive			TK18	SNV	0	1
ENSG00000277408	ENSG00000277408	GroupB_exclusive			TK92	SNV	0	1
ENSG00000277450	ENSG00000277450	GroupB_exclusive			TK10	SNV	0	1
ENSG00000277460	ENSG00000277460	GroupB_exclusive			TK12	SNV	0	1
ENSG00000277468	ENSG00000277468	GroupB_exclusive			TK92	SNV	0	1
ENSG00000277482	ENSG00000277482	GroupB_exclusive			TK92	SNV	0	1
ENSG00000277493	ENSG00000277493	GroupB_exclusive			TK18	SNV	0	1
ENSG00000277502	ENSG00000277502	GroupB_exclusive			TK93	SNV	0	1
ENSG00000277545	ENSG00000277545	GroupB_exclusive			TK91	SNV	0	1
ENSG00000277565	ENSG00000277565	GroupB_exclusive			TK91	SNV	0	1
ENSG00000277583	ENSG00000277583	GroupB_exclusive			TK10	SNV	0	1
ENSG00000277599	ENSG00000277599	GroupB_exclusive			TK10	SNV	0	1
ENSG00000277647	ENSG00000277647	GroupB_exclusive			TK92	SNV	0	1
ENSG00000277651	ENSG00000277651	GroupB_exclusive			TK91	SNV	0	1
ENSG00000277684	ENSG00000277684	GroupB_exclusive			TK93	SNV	0	1
ENSG00000277705	ENSG00000277705	GroupB_exclusive			TK91	SNV	0	1
ENSG00000277711	ENSG00000277711	GroupB_exclusive			TK91	SNV	0	1
ENSG00000277749	ENSG00000277749	GroupB_exclusive			TK92	SNV	0	1
ENSG00000277829	ENSG00000277829	GroupB_exclusive			TK10	SNV	0	1
ENSG00000277869	ENSG00000277869	GroupB_exclusive			TK92	SNV	0	1
ENSG00000277882	ENSG00000277882	GroupB_exclusive			TK10	SNV	0	1
ENSG00000277920	ENSG00000277920	GroupB_exclusive			TK10	SNV	0	1
ENSG00000277941	ENSG00000277941	GroupB_exclusive			TK93	SNV	0	1
ENSG00000277966	ENSG00000277966	GroupB_exclusive			TK12	SNV	0	1
ENSG00000277994	ENSG00000277994	GroupB_exclusive			TK10	SNV	0	1
ENSG00000277997	ENSG00000277997	GroupB_exclusive			TK92	SNV	0	1
ENSG00000278001	ENSG00000278001	GroupB_exclusive			TK92	SNV	0	1
ENSG00000278083	ENSG00000278083	GroupB_exclusive			TK91	SNV	0	1
ENSG00000278130	ENSG00000278130	GroupB_exclusive			TK93	SNV	0	1
ENSG00000278131	ENSG00000278131	GroupB_exclusive			TK10	SNV	0	1
ENSG00000278254	ENSG00000278254	GroupB_exclusive			TK18	SNV	0	1
ENSG00000278256	ENSG00000278256	GroupB_exclusive			TK18	SNV	0	1
ENSG00000278351	ENSG00000278351	GroupB_exclusive			TK92	SNV	0	1
ENSG00000278367	ENSG00000278367	GroupB_exclusive			TK91	SNV	0	1
ENSG00000278408	ENSG00000278408	GroupB_exclusive			TK93	SNV	0	1
ENSG00000278424	ENSG00000278424	GroupB_exclusive			TK91	SNV	0	1
ENSG00000278456	ENSG00000278456	GroupB_exclusive			TK93	SNV	0	1
ENSG00000278626	ENSG00000278626	GroupB_exclusive			TK93	SNV	0	1
ENSG00000278668	ENSG00000278668	GroupB_exclusive			TK91	SNV	0	1
ENSG00000278708	ENSG00000278708	GroupB_exclusive			TK12	SNV	0	1
ENSG00000278727	ENSG00000278727	GroupB_exclusive			TK10	SNV	0	1
ENSG00000278733	ENSG00000278733	GroupB_exclusive			TK12	SNV	0	1
ENSG00000278744	ENSG00000278744	GroupB_exclusive			TK91	SNV	0	1
ENSG00000278816	ENSG00000278816	GroupB_exclusive			TK18	SNV	0	1
ENSG00000278847	ENSG00000278847	GroupB_exclusive			TK10	INDEL	0	1
ENSG00000278874	ENSG00000278874	GroupB_exclusive			TK93	SNV	0	1
ENSG00000278875	ENSG00000278875	GroupB_exclusive			TK10	SNV	0	1
ENSG00000278890	ENSG00000278890	GroupB_exclusive			TK92	SNV	0	1
ENSG00000278892	ENSG00000278892	GroupB_exclusive			TK93	SNV	0	1
ENSG00000278898	ENSG00000278898	GroupB_exclusive			TK10	SNV	0	1
ENSG00000278926	ENSG00000278926	GroupB_exclusive			TK91	SNV	0	1
ENSG00000278946	ENSG00000278946	GroupB_exclusive			TK92	SNV	0	1
ENSG00000278965	ENSG00000278965	GroupB_exclusive			TK91	SNV	0	1
ENSG00000278972	ENSG00000278972	GroupB_exclusive			TK92	SNV	0	1
ENSG00000278975	ENSG00000278975	GroupB_exclusive			TK92	SNV	0	1
ENSG00000278990	ENSG00000278990	GroupB_exclusive			TK92	SNV	0	1
ENSG00000279006	ENSG00000279006	GroupB_exclusive			TK93	SNV	0	1
ENSG00000279013	ENSG00000279013	GroupB_exclusive			TK10	SNV	0	1
ENSG00000279032	ENSG00000279032	GroupB_exclusive			TK18	SNV	0	1
ENSG00000279039	ENSG00000279039	GroupB_exclusive			TK18	SNV	0	1
ENSG00000279074	ENSG00000279074	GroupB_exclusive			TK92	SNV	0	1
ENSG00000279096	ENSG00000279096	GroupB_exclusive			TK92	SNV	0	1
ENSG00000279117	ENSG00000279117	GroupB_exclusive			TK10	SNV	0	1
ENSG00000279122	ENSG00000279122	GroupB_exclusive			TK91	SNV	0	1
ENSG00000279135	ENSG00000279135	GroupB_exclusive			TK10	SNV	0	1
ENSG00000279142	ENSG00000279142	GroupB_exclusive			TK92	SNV	0	1
ENSG00000279163	ENSG00000279163	GroupB_exclusive			TK92	SNV	0	1
ENSG00000279174	ENSG00000279174	GroupB_exclusive			TK12	SNV	0	1
ENSG00000279206	ENSG00000279206	GroupB_exclusive			TK92	INDEL,SNV	0	1
ENSG00000279250	ENSG00000279250	GroupB_exclusive			TK91	SNV	0	1
ENSG00000279286	ENSG00000279286	GroupB_exclusive			TK92	INDEL	0	1
ENSG00000279295	ENSG00000279295	GroupB_exclusive			TK10	SNV	0	1
ENSG00000279332	ENSG00000279332	GroupB_exclusive			TK93	SNV	0	1
ENSG00000279333	ENSG00000279333	GroupB_exclusive			TK92	SNV	0	1
ENSG00000279352	ENSG00000279352	GroupB_exclusive			TK91	SNV	0	1
ENSG00000279361	ENSG00000279361	GroupB_exclusive			TK10	SNV	0	1
ENSG00000279373	ENSG00000279373	GroupB_exclusive			TK92	SNV	0	1
ENSG00000279375	ENSG00000279375	GroupB_exclusive			TK93	SNV	0	1
ENSG00000279376	ENSG00000279376	GroupB_exclusive			TK12	SNV	0	1
ENSG00000279390	ENSG00000279390	GroupB_exclusive			TK91	SNV	0	1
ENSG00000279409	ENSG00000279409	GroupB_exclusive			TK93	SNV	0	1
ENSG00000279423	ENSG00000279423	GroupB_exclusive			TK93	SNV	0	1
ENSG00000279433	ENSG00000279433	GroupB_exclusive			TK92	SNV	0	1
ENSG00000279440	ENSG00000279440	GroupB_exclusive			TK92	SNV	0	1
ENSG00000279446	ENSG00000279446	GroupB_exclusive			TK92	SNV	0	1
ENSG00000279455	ENSG00000279455	GroupB_exclusive			TK10	SNV	0	1
ENSG00000279460	ENSG00000279460	GroupB_exclusive			TK91	SNV	0	1
ENSG00000279466	ENSG00000279466	GroupB_exclusive			TK93	SNV	0	1
ENSG00000279480	ENSG00000279480	GroupB_exclusive			TK10	SNV	0	1
ENSG00000279485	ENSG00000279485	GroupB_exclusive			TK93	SNV	0	1
ENSG00000279502	ENSG00000279502	GroupB_exclusive			TK92	SNV	0	1
ENSG00000279588	ENSG00000279588	GroupB_exclusive			TK10	SNV	0	1
ENSG00000279591	ENSG00000279591	GroupB_exclusive			TK92	SNV	0	1
ENSG00000279619	ENSG00000279619	GroupB_exclusive			TK10	SNV	0	1
ENSG00000279633	ENSG00000279633	GroupB_exclusive			TK93	SNV	0	1
ENSG00000279660	ENSG00000279660	GroupB_exclusive			TK10	SNV	0	1
ENSG00000279663	ENSG00000279663	GroupB_exclusive			TK92	SNV	0	1
ENSG00000279679	ENSG00000279679	GroupB_exclusive			TK93	SNV	0	1
ENSG00000279681	ENSG00000279681	GroupB_exclusive			TK91	SNV	0	1
ENSG00000279684	ENSG00000279684	GroupB_exclusive			TK92	SNV	0	1
ENSG00000279686	ENSG00000279686	GroupB_exclusive			TK10	SNV	0	1
ENSG00000279691	ENSG00000279691	GroupB_exclusive			TK92	SNV	0	1
ENSG00000279698	ENSG00000279698	GroupB_exclusive			TK92	SNV	0	1
ENSG00000279735	ENSG00000279735	GroupB_exclusive			TK91	SNV	0	1
ENSG00000279739	ENSG00000279739	GroupB_exclusive			TK10	SNV	0	1
ENSG00000279819	ENSG00000279819	GroupB_exclusive			TK92	SNV	0	1
ENSG00000279858	ENSG00000279858	GroupB_exclusive			TK91	SNV	0	1
ENSG00000279875	ENSG00000279875	GroupB_exclusive			TK92	SNV	0	1
ENSG00000279878	ENSG00000279878	GroupB_exclusive			TK92	SNV	0	1
ENSG00000279883	ENSG00000279883	GroupB_exclusive			TK92	SNV	0	1
ENSG00000279886	ENSG00000279886	GroupB_exclusive			TK18	SNV	0	1
ENSG00000279912	ENSG00000279912	GroupB_exclusive			TK93	SNV	0	1
ENSG00000279913	ENSG00000279913	GroupB_exclusive			TK93	SNV	0	1
ENSG00000279918	ENSG00000279918	GroupB_exclusive			TK92	SNV	0	1
ENSG00000279936	ENSG00000279936	GroupB_exclusive			TK91	SNV	0	1
ENSG00000279942	ENSG00000279942	GroupB_exclusive			TK92	SNV	0	1
ENSG00000279971	ENSG00000279971	GroupB_exclusive			TK92	INDEL	0	1
ENSG00000280000	ENSG00000280000	GroupB_exclusive			TK10	SNV	0	1
ENSG00000280009	ENSG00000280009	GroupB_exclusive			TK93	SNV	0	1
ENSG00000280083	ENSG00000280083	GroupB_exclusive			TK18	SNV	0	1
ENSG00000280092	ENSG00000280092	GroupB_exclusive			TK92	SNV	0	1
ENSG00000280098	ENSG00000280098	GroupB_exclusive			TK91	SNV	0	1
ENSG00000280108	ENSG00000280108	GroupB_exclusive			TK93	SNV	0	1
ENSG00000280121	ENSG00000280121	GroupB_exclusive			TK12	SNV	0	1
ENSG00000280162	ENSG00000280162	GroupB_exclusive			TK93	SNV	0	1
ENSG00000280168	ENSG00000280168	GroupB_exclusive			TK10	SNV	0	1
ENSG00000280171	ENSG00000280171	GroupB_exclusive			TK93	INDEL,SNV	0	1
ENSG00000280181	ENSG00000280181	GroupB_exclusive			TK10	SNV	0	1
ENSG00000280207	ENSG00000280207	GroupB_exclusive			TK91	SNV	0	1
ENSG00000280219	ENSG00000280219	GroupB_exclusive			TK92	SNV	0	1
ENSG00000280223	ENSG00000280223	GroupB_exclusive			TK92	SNV	0	1
ENSG00000280228	ENSG00000280228	GroupB_exclusive			TK92	SNV	0	1
ENSG00000280249	ENSG00000280249	GroupB_exclusive			TK10	SNV	0	1
ENSG00000280285	ENSG00000280285	GroupB_exclusive			TK91	SNV	0	1
ENSG00000280339	ENSG00000280339	GroupB_exclusive			TK10	SNV	0	1
ENSG00000280376	ENSG00000280376	GroupB_exclusive			TK92	SNV	0	1
ENSG00000280381	ENSG00000280381	GroupB_exclusive			TK10	SNV	0	1
ENSG00000280392	ENSG00000280392	GroupB_exclusive			TK18	SNV	0	1
ENSG00000280401	ENSG00000280401	GroupB_exclusive			TK10	SNV	0	1
ENSG00000280405	ENSG00000280405	GroupB_exclusive			TK93	SNV	0	1
ENSG00000280408	ENSG00000280408	GroupB_exclusive			TK93	SNV	0	1
ENSG00000280415	ENSG00000280415	GroupB_exclusive			TK91	SNV	0	1
ENSG00000280419	ENSG00000280419	GroupB_exclusive			TK93	SNV	0	1
ENSG00000280440	ENSG00000280440	GroupB_exclusive			TK93	SNV	0	1
ENSG00000280449	ENSG00000280449	GroupB_exclusive			TK92	SNV	0	1
ENSG00000280485	ENSG00000280485	GroupB_exclusive			TK91	INDEL,SNV	0	1
ENSG00000280571	ENSG00000280571	GroupB_exclusive			TK92	SNV	0	1
ENSG00000280660	ENSG00000280660	GroupB_exclusive			TK91	SNV	0	1
ENSG00000280881	ENSG00000280881	GroupB_exclusive			TK91	SNV	0	1
ENSG00000281120	ENSG00000281120	GroupB_exclusive			TK93	SNV	0	1
ENSG00000281269	ENSG00000281269	GroupB_exclusive			TK92	SNV	0	1
ENSG00000281386	ENSG00000281386	GroupB_exclusive			TK93	SNV	0	1
ENSG00000281420	ENSG00000281420	GroupB_exclusive			TK91	SNV	0	1
ENSG00000281460	ENSG00000281460	GroupB_exclusive			TK18	SNV	0	1
ENSG00000281961	ENSG00000281961	GroupB_exclusive			TK93	SNV	0	1
ENSG00000282097	ENSG00000282097	GroupB_exclusive			TK93	SNV	0	1
ENSG00000282381	ENSG00000282381	GroupB_exclusive			TK10	SNV	0	1
ENSG00000282413	ENSG00000282413	GroupB_exclusive			TK91	SNV	0	1
ENSG00000282882	ENSG00000282882	GroupB_exclusive			TK10	SNV	0	1
ENSG00000283057	ENSG00000283057	GroupB_exclusive			TK93	SNV	0	1
ENSG00000283148	ENSG00000283148	GroupB_exclusive			TK10	SNV	0	1
ENSG00000283156	ENSG00000283156	GroupB_exclusive			TK18	SNV	0	1
ENSG00000283175	ENSG00000283175	GroupB_exclusive			TK91	SNV	0	1
ENSG00000283269	ENSG00000283269	GroupB_exclusive			TK92	SNV	0	1
ENSG00000283338	ENSG00000283338	GroupB_exclusive			TK93	SNV	0	1
ENSG00000283417	ENSG00000283417	GroupB_exclusive			TK10	SNV	0	1
ENSG00000283446	ENSG00000283446	GroupB_exclusive			TK91	SNV	0	1
ENSG00000283573	ENSG00000283573	GroupB_exclusive			TK10	SNV	0	1
ENSG00000283579	ENSG00000283579	GroupB_exclusive			TK10	SNV	0	1
ENSG00000283583	ENSG00000283583	GroupB_exclusive			TK91	SNV	0	1
ENSG00000283638	ENSG00000283638	GroupB_exclusive			TK10	SNV	0	1
ENSG00000283659	ENSG00000283659	GroupB_exclusive			TK92	SNV	0	1
ENSG00000283663	ENSG00000283663	GroupB_exclusive			TK10	SNV	0	1
ENSG00000283686	ENSG00000283686	GroupB_exclusive			TK93	SNV	0	1
ENSG00000283704	ENSG00000283704	GroupB_exclusive			TK10	SNV	0	1
ENSG00000284071	ENSG00000284071	GroupB_exclusive			TK92	SNV	0	1
ENSG00000284188	ENSG00000284188	GroupB_exclusive			TK10	SNV	0	1
ENSG00000284376	ENSG00000284376	GroupB_exclusive			TK10	SNV	0	1
ENSG00000284601	ENSG00000284601	GroupB_exclusive			TK10	SNV	0	1
ENSG00000284607	ENSG00000284607	GroupB_exclusive			TK18	SNV	0	1
ENSG00000284648	ENSG00000284648	GroupB_exclusive			TK92	SNV	0	1
ENSG00000284655	ENSG00000284655	GroupB_exclusive			TK12	SNV	0	1
ENSG00000284675	ENSG00000284675	GroupB_exclusive			TK91	SNV	0	1
ENSG00000284686	ENSG00000284686	GroupB_exclusive			TK92	SNV	0	1
ENSG00000284698	ENSG00000284698	GroupB_exclusive			TK93	SNV	0	1
ENSG00000284703	ENSG00000284703	GroupB_exclusive			TK93	SNV	0	1
ENSG00000284708	ENSG00000284708	GroupB_exclusive			TK10	SNV	0	1
ENSG00000284721	ENSG00000284721	GroupB_exclusive			TK93	SNV	0	1
ENSG00000284734	ENSG00000284734	GroupB_exclusive			TK10	SNV	0	1
ENSG00000284744	ENSG00000284744	GroupB_exclusive			TK92	SNV	0	1
ENSG00000284773	ENSG00000284773	GroupB_exclusive			TK10	SNV	0	1
ENSG00000284800	ENSG00000284800	GroupB_exclusive			TK91	SNV	0	1
ENSG00000284808	ENSG00000284808	GroupB_exclusive			TK10	SNV	0	1
ENSG00000284839	ENSG00000284839	GroupB_exclusive			TK91	SNV	0	1
ENSG00000284858	ENSG00000284858	GroupB_exclusive			TK93	SNV	0	1
ENSG00000284928	ENSG00000284928	GroupB_exclusive			TK12	SNV	0	1
ENSG00000284951	ENSG00000284951	GroupB_exclusive			TK10	SNV	0	1
ENSG00000285040	ENSG00000285040	GroupB_exclusive			TK92	SNV	0	1
ENSG00000285102	ENSG00000285102	GroupB_exclusive			TK10	SNV	0	1
ENSG00000285108	ENSG00000285108	GroupB_exclusive			TK10	INDEL,SNV	0	1
ENSG00000285191	ENSG00000285191	GroupB_exclusive			TK10	SNV	0	1
ENSG00000285303	ENSG00000285303	GroupB_exclusive			TK92	SNV	0	1
ENSG00000285347	ENSG00000285347	GroupB_exclusive			TK10	SNV	0	1
ENSG00000285374	ENSG00000285374	GroupB_exclusive			TK10	SNV	0	1
ENSG00000285402	ENSG00000285402	GroupB_exclusive			TK10	SNV	0	1
ENSG00000285409	ENSG00000285409	GroupB_exclusive			TK92	SNV	0	1
ENSG00000285483	ENSG00000285483	GroupB_exclusive			TK91	SNV	0	1
ENSG00000285520	ENSG00000285520	GroupB_exclusive			TK91	SNV	0	1
ENSG00000285540	ENSG00000285540	GroupB_exclusive			TK93	INDEL	0	1
ENSG00000285541	ENSG00000285541	GroupB_exclusive			TK92	SNV	0	1
ENSG00000285549	ENSG00000285549	GroupB_exclusive			TK92	SNV	0	1
ENSG00000285553	ENSG00000285553	GroupB_exclusive			TK91	SNV	0	1
ENSG00000285559	ENSG00000285559	GroupB_exclusive			TK92	SNV	0	1
ENSG00000285562	ENSG00000285562	GroupB_exclusive			TK10	SNV	0	1
ENSG00000285564	ENSG00000285564	GroupB_exclusive			TK18	SNV	0	1
ENSG00000285568	ENSG00000285568	GroupB_exclusive			TK10	SNV	0	1
ENSG00000285590	ENSG00000285590	GroupB_exclusive			TK10	SNV	0	1
ENSG00000285618	ENSG00000285618	GroupB_exclusive			TK10	INDEL	0	1
ENSG00000285622	ENSG00000285622	GroupB_exclusive			TK92	SNV	0	1
ENSG00000285640	ENSG00000285640	GroupB_exclusive			TK10	SNV	0	1
ENSG00000285642	ENSG00000285642	GroupB_exclusive			TK93	SNV	0	1
ENSG00000285647	ENSG00000285647	GroupB_exclusive			TK10	SNV	0	1
ENSG00000285654	ENSG00000285654	GroupB_exclusive			TK10	SNV	0	1
ENSG00000285663	ENSG00000285663	GroupB_exclusive			TK93	SNV	0	1
ENSG00000285664	ENSG00000285664	GroupB_exclusive			TK10	SNV	0	1
ENSG00000285671	ENSG00000285671	GroupB_exclusive			TK92	SNV	0	1
ENSG00000285714	ENSG00000285714	GroupB_exclusive			TK12	SNV	0	1
ENSG00000285738	ENSG00000285738	GroupB_exclusive			TK93	SNV	0	1
ENSG00000285743	ENSG00000285743	GroupB_exclusive			TK10	SNV	0	1
ENSG00000285750	ENSG00000285750	GroupB_exclusive			TK93	SNV	0	1
ENSG00000285751	ENSG00000285751	GroupB_exclusive			TK10	SNV	0	1
ENSG00000285764	ENSG00000285764	GroupB_exclusive			TK93	SNV	0	1
ENSG00000285772	ENSG00000285772	GroupB_exclusive			TK18	SNV	0	1
ENSG00000285773	ENSG00000285773	GroupB_exclusive			TK93	SNV	0	1
ENSG00000285789	ENSG00000285789	GroupB_exclusive			TK93	SNV	0	1
ENSG00000285805	ENSG00000285805	GroupB_exclusive			TK92	SNV	0	1
ENSG00000285809	ENSG00000285809	GroupB_exclusive			TK92	SNV	0	1
ENSG00000285813	ENSG00000285813	GroupB_exclusive			TK10	SNV	0	1
ENSG00000285855	ENSG00000285855	GroupB_exclusive			TK93	SNV	0	1
ENSG00000285860	ENSG00000285860	GroupB_exclusive			TK92	SNV	0	1
ENSG00000285880	ENSG00000285880	GroupB_exclusive			TK10	SNV	0	1
ENSG00000285881	ENSG00000285881	GroupB_exclusive			TK93	INDEL	0	1
ENSG00000285882	ENSG00000285882	GroupB_exclusive			TK91	SNV	0	1
ENSG00000285890	ENSG00000285890	GroupB_exclusive			TK92	SNV	0	1
ENSG00000285894	ENSG00000285894	GroupB_exclusive			TK93	SNV	0	1
ENSG00000285915	ENSG00000285915	GroupB_exclusive			TK10	SNV	0	1
ENSG00000285980	ENSG00000285980	GroupB_exclusive			TK92	SNV	0	1
ENSG00000285991	ENSG00000285991	GroupB_exclusive			TK91	SNV	0	1
ENSG00000285992	ENSG00000285992	GroupB_exclusive			TK92	SNV	0	1
ENSG00000285998	ENSG00000285998	GroupB_exclusive			TK92	SNV	0	1
ENSG00000286002	ENSG00000286002	GroupB_exclusive			TK93	SNV	0	1
ENSG00000286007	ENSG00000286007	GroupB_exclusive			TK91	SNV	0	1
ENSG00000286026	ENSG00000286026	GroupB_exclusive			TK92	SNV	0	1
ENSG00000286041	ENSG00000286041	GroupB_exclusive			TK91	SNV	0	1
ENSG00000286048	ENSG00000286048	GroupB_exclusive			TK10	SNV	0	1
ENSG00000286055	ENSG00000286055	GroupB_exclusive			TK93	SNV	0	1
ENSG00000286080	ENSG00000286080	GroupB_exclusive			TK10	SNV	0	1
ENSG00000286083	ENSG00000286083	GroupB_exclusive			TK91	SNV	0	1
ENSG00000286085	ENSG00000286085	GroupB_exclusive			TK92	SNV	0	1
ENSG00000286087	ENSG00000286087	GroupB_exclusive			TK10	SNV	0	1
ENSG00000286101	ENSG00000286101	GroupB_exclusive			TK10	SNV	0	1
ENSG00000286109	ENSG00000286109	GroupB_exclusive			TK91	SNV	0	1
ENSG00000286115	ENSG00000286115	GroupB_exclusive			TK10	SNV	0	1
ENSG00000286124	ENSG00000286124	GroupB_exclusive			TK18	SNV	0	1
ENSG00000286141	ENSG00000286141	GroupB_exclusive			TK91	SNV	0	1
ENSG00000286160	ENSG00000286160	GroupB_exclusive			TK92	SNV	0	1
ENSG00000286182	ENSG00000286182	GroupB_exclusive			TK10	SNV	0	1
ENSG00000286197	ENSG00000286197	GroupB_exclusive			TK10	SNV	0	1
ENSG00000286213	ENSG00000286213	GroupB_exclusive			TK92	SNV	0	1
ENSG00000286240	ENSG00000286240	GroupB_exclusive			TK10	SNV	0	1
ENSG00000286243	ENSG00000286243	GroupB_exclusive			TK93	SNV	0	1
ENSG00000286249	ENSG00000286249	GroupB_exclusive			TK91	SNV	0	1
ENSG00000286260	ENSG00000286260	GroupB_exclusive			TK18	SNV	0	1
ENSG00000286262	ENSG00000286262	GroupB_exclusive			TK93	SNV	0	1
ENSG00000286263	ENSG00000286263	GroupB_exclusive			TK10	SNV	0	1
ENSG00000286269	ENSG00000286269	GroupB_exclusive			TK93	SNV	0	1
ENSG00000286273	ENSG00000286273	GroupB_exclusive			TK93	SNV	0	1
ENSG00000286308	ENSG00000286308	GroupB_exclusive			TK91	SNV	0	1
ENSG00000286313	ENSG00000286313	GroupB_exclusive			TK92	SNV	0	1
ENSG00000286320	ENSG00000286320	GroupB_exclusive			TK91	SNV	0	1
ENSG00000286322	ENSG00000286322	GroupB_exclusive			TK91	SNV	0	1
ENSG00000286326	ENSG00000286326	GroupB_exclusive			TK18	SNV	0	1
ENSG00000286348	ENSG00000286348	GroupB_exclusive			TK91	SNV	0	1
ENSG00000286363	ENSG00000286363	GroupB_exclusive			TK92	SNV	0	1
ENSG00000286383	ENSG00000286383	GroupB_exclusive			TK10	SNV	0	1
ENSG00000286405	ENSG00000286405	GroupB_exclusive			TK92	SNV	0	1
ENSG00000286418	ENSG00000286418	GroupB_exclusive			TK93	SNV	0	1
ENSG00000286426	ENSG00000286426	GroupB_exclusive			TK91	SNV	0	1
ENSG00000286428	ENSG00000286428	GroupB_exclusive			TK10	SNV	0	1
ENSG00000286436	ENSG00000286436	GroupB_exclusive			TK93	SNV	0	1
ENSG00000286450	ENSG00000286450	GroupB_exclusive			TK92	SNV	0	1
ENSG00000286457	ENSG00000286457	GroupB_exclusive			TK93	SNV	0	1
ENSG00000286463	ENSG00000286463	GroupB_exclusive			TK93	SNV	0	1
ENSG00000286465	ENSG00000286465	GroupB_exclusive			TK92	INDEL	0	1
ENSG00000286474	ENSG00000286474	GroupB_exclusive			TK93	SNV	0	1
ENSG00000286476	ENSG00000286476	GroupB_exclusive			TK10	SNV	0	1
ENSG00000286486	ENSG00000286486	GroupB_exclusive			TK10	SNV	0	1
ENSG00000286490	ENSG00000286490	GroupB_exclusive			TK92	SNV	0	1
ENSG00000286502	ENSG00000286502	GroupB_exclusive			TK91	SNV	0	1
ENSG00000286514	ENSG00000286514	GroupB_exclusive			TK10	SNV	0	1
ENSG00000286519	ENSG00000286519	GroupB_exclusive			TK93	SNV	0	1
ENSG00000286547	ENSG00000286547	GroupB_exclusive			TK92	SNV	0	1
ENSG00000286558	ENSG00000286558	GroupB_exclusive			TK91	SNV	0	1
ENSG00000286559	ENSG00000286559	GroupB_exclusive			TK91	SNV	0	1
ENSG00000286566	ENSG00000286566	GroupB_exclusive			TK10	INDEL	0	1
ENSG00000286567	ENSG00000286567	GroupB_exclusive			TK93	SNV	0	1
ENSG00000286573	ENSG00000286573	GroupB_exclusive			TK92	SNV	0	1
ENSG00000286576	ENSG00000286576	GroupB_exclusive			TK91	SNV	0	1
ENSG00000286586	ENSG00000286586	GroupB_exclusive			TK92	SNV	0	1
ENSG00000286596	ENSG00000286596	GroupB_exclusive			TK93	SNV	0	1
ENSG00000286598	ENSG00000286598	GroupB_exclusive			TK92	SNV	0	1
ENSG00000286632	ENSG00000286632	GroupB_exclusive			TK10	SNV	0	1
ENSG00000286650	ENSG00000286650	GroupB_exclusive			TK10	SNV	0	1
ENSG00000286661	ENSG00000286661	GroupB_exclusive			TK10	SNV	0	1
ENSG00000286692	ENSG00000286692	GroupB_exclusive			TK92	SNV	0	1
ENSG00000286693	ENSG00000286693	GroupB_exclusive			TK91	SNV	0	1
ENSG00000286694	ENSG00000286694	GroupB_exclusive			TK93	SNV	0	1
ENSG00000286700	ENSG00000286700	GroupB_exclusive			TK12	SNV	0	1
ENSG00000286710	ENSG00000286710	GroupB_exclusive			TK92	SNV	0	1
ENSG00000286716	ENSG00000286716	GroupB_exclusive			TK91	SNV	0	1
ENSG00000286717	ENSG00000286717	GroupB_exclusive			TK92	SNV	0	1
ENSG00000286739	ENSG00000286739	GroupB_exclusive			TK92	SNV	0	1
ENSG00000286740	ENSG00000286740	GroupB_exclusive			TK92	SNV	0	1
ENSG00000286741	ENSG00000286741	GroupB_exclusive			TK91	SNV	0	1
ENSG00000286748	ENSG00000286748	GroupB_exclusive			TK10	SNV	0	1
ENSG00000286749	ENSG00000286749	GroupB_exclusive			TK93	SNV	0	1
ENSG00000286754	ENSG00000286754	GroupB_exclusive			TK91	SNV	0	1
ENSG00000286763	ENSG00000286763	GroupB_exclusive			TK10	SNV	0	1
ENSG00000286765	ENSG00000286765	GroupB_exclusive			TK12	SNV	0	1
ENSG00000286777	ENSG00000286777	GroupB_exclusive			TK92	SNV	0	1
ENSG00000286789	ENSG00000286789	GroupB_exclusive			TK92	SNV	0	1
ENSG00000286791	ENSG00000286791	GroupB_exclusive			TK10	SNV	0	1
ENSG00000286794	ENSG00000286794	GroupB_exclusive			TK91	SNV	0	1
ENSG00000286805	ENSG00000286805	GroupB_exclusive			TK92	SNV	0	1
ENSG00000286806	ENSG00000286806	GroupB_exclusive			TK93	SNV	0	1
ENSG00000286816	ENSG00000286816	GroupB_exclusive			TK10	SNV	0	1
ENSG00000286827	ENSG00000286827	GroupB_exclusive			TK91	SNV	0	1
ENSG00000286829	ENSG00000286829	GroupB_exclusive			TK91	SNV	0	1
ENSG00000286832	ENSG00000286832	GroupB_exclusive			TK93	SNV	0	1
ENSG00000286860	ENSG00000286860	GroupB_exclusive			TK91	SNV	0	1
ENSG00000286875	ENSG00000286875	GroupB_exclusive			TK92	SNV	0	1
ENSG00000286877	ENSG00000286877	GroupB_exclusive			TK91	SNV	0	1
ENSG00000286880	ENSG00000286880	GroupB_exclusive			TK12	SNV	0	1
ENSG00000286887	ENSG00000286887	GroupB_exclusive			TK18	SNV	0	1
ENSG00000286889	ENSG00000286889	GroupB_exclusive			TK10	SNV	0	1
ENSG00000286892	ENSG00000286892	GroupB_exclusive			TK91	SNV	0	1
ENSG00000286902	ENSG00000286902	GroupB_exclusive			TK92	SNV	0	1
ENSG00000286913	ENSG00000286913	GroupB_exclusive			TK93	SNV	0	1
ENSG00000286916	ENSG00000286916	GroupB_exclusive			TK92	SNV	0	1
ENSG00000286924	ENSG00000286924	GroupB_exclusive			TK10	SNV	0	1
ENSG00000286934	ENSG00000286934	GroupB_exclusive			TK10	SNV	0	1
ENSG00000286948	ENSG00000286948	GroupB_exclusive			TK91	SNV	0	1
ENSG00000286965	ENSG00000286965	GroupB_exclusive			TK92	SNV	0	1
ENSG00000286969	ENSG00000286969	GroupB_exclusive			TK91	SNV	0	1
ENSG00000286972	ENSG00000286972	GroupB_exclusive			TK10	SNV	0	1
ENSG00000286985	ENSG00000286985	GroupB_exclusive			TK10	SNV	0	1
ENSG00000286998	ENSG00000286998	GroupB_exclusive			TK18	SNV	0	1
ENSG00000287002	ENSG00000287002	GroupB_exclusive			TK92	SNV	0	1
ENSG00000287003	ENSG00000287003	GroupB_exclusive			TK93	SNV	0	1
ENSG00000287006	ENSG00000287006	GroupB_exclusive			TK10	SNV	0	1
ENSG00000287020	ENSG00000287020	GroupB_exclusive			TK92	SNV	0	1
ENSG00000287023	ENSG00000287023	GroupB_exclusive			TK10	SNV	0	1
ENSG00000287028	ENSG00000287028	GroupB_exclusive			TK18	INDEL,SNV	0	1
ENSG00000287040	ENSG00000287040	GroupB_exclusive			TK93	SNV	0	1
ENSG00000287051	ENSG00000287051	GroupB_exclusive			TK10	SNV	0	1
ENSG00000287052	ENSG00000287052	GroupB_exclusive			TK10	SNV	0	1
ENSG00000287057	ENSG00000287057	GroupB_exclusive			TK93	SNV	0	1
ENSG00000287062	ENSG00000287062	GroupB_exclusive			TK92	SNV	0	1
ENSG00000287066	ENSG00000287066	GroupB_exclusive			TK91	SNV	0	1
ENSG00000287068	ENSG00000287068	GroupB_exclusive			TK91	SNV	0	1
ENSG00000287085	ENSG00000287085	GroupB_exclusive			TK91	SNV	0	1
ENSG00000287107	ENSG00000287107	GroupB_exclusive			TK10	SNV	0	1
ENSG00000287108	ENSG00000287108	GroupB_exclusive			TK93	SNV	0	1
ENSG00000287118	ENSG00000287118	GroupB_exclusive			TK93	SNV	0	1
ENSG00000287123	ENSG00000287123	GroupB_exclusive			TK92	SNV	0	1
ENSG00000287135	ENSG00000287135	GroupB_exclusive			TK10	SNV	0	1
ENSG00000287137	ENSG00000287137	GroupB_exclusive			TK10	SNV	0	1
ENSG00000287139	ENSG00000287139	GroupB_exclusive			TK12	SNV	0	1
ENSG00000287145	ENSG00000287145	GroupB_exclusive			TK93	SNV	0	1
ENSG00000287160	ENSG00000287160	GroupB_exclusive			TK18	SNV	0	1
ENSG00000287161	ENSG00000287161	GroupB_exclusive			TK93	SNV	0	1
ENSG00000287162	ENSG00000287162	GroupB_exclusive			TK91	SNV	0	1
ENSG00000287172	ENSG00000287172	GroupB_exclusive			TK10	SNV	0	1
ENSG00000287174	ENSG00000287174	GroupB_exclusive			TK10	SNV	0	1
ENSG00000287175	ENSG00000287175	GroupB_exclusive			TK91	SNV	0	1
ENSG00000287178	ENSG00000287178	GroupB_exclusive			TK93	SNV	0	1
ENSG00000287184	ENSG00000287184	GroupB_exclusive			TK92	SNV	0	1
ENSG00000287189	ENSG00000287189	GroupB_exclusive			TK92	SNV	0	1
ENSG00000287196	ENSG00000287196	GroupB_exclusive			TK91	SNV	0	1
ENSG00000287210	ENSG00000287210	GroupB_exclusive			TK92	SNV	0	1
ENSG00000287211	ENSG00000287211	GroupB_exclusive			TK92	SNV	0	1
ENSG00000287214	ENSG00000287214	GroupB_exclusive			TK91	SNV	0	1
ENSG00000287220	ENSG00000287220	GroupB_exclusive			TK92	SNV	0	1
ENSG00000287230	ENSG00000287230	GroupB_exclusive			TK93	SNV	0	1
ENSG00000287251	ENSG00000287251	GroupB_exclusive			TK92	SNV	0	1
ENSG00000287290	ENSG00000287290	GroupB_exclusive			TK10	SNV	0	1
ENSG00000287310	ENSG00000287310	GroupB_exclusive			TK91	SNV	0	1
ENSG00000287320	ENSG00000287320	GroupB_exclusive			TK92	SNV	0	1
ENSG00000287325	ENSG00000287325	GroupB_exclusive			TK10	SNV	0	1
ENSG00000287342	ENSG00000287342	GroupB_exclusive			TK10	SNV	0	1
ENSG00000287368	ENSG00000287368	GroupB_exclusive			TK91	SNV	0	1
ENSG00000287372	ENSG00000287372	GroupB_exclusive			TK10	SNV	0	1
ENSG00000287381	ENSG00000287381	GroupB_exclusive			TK12	SNV	0	1
ENSG00000287411	ENSG00000287411	GroupB_exclusive			TK93	SNV	0	1
ENSG00000287416	ENSG00000287416	GroupB_exclusive			TK91	SNV	0	1
ENSG00000287424	ENSG00000287424	GroupB_exclusive			TK92	SNV	0	1
ENSG00000287442	ENSG00000287442	GroupB_exclusive			TK93	SNV	0	1
ENSG00000287448	ENSG00000287448	GroupB_exclusive			TK10	SNV	0	1
ENSG00000287455	ENSG00000287455	GroupB_exclusive			TK91	SNV	0	1
ENSG00000287458	ENSG00000287458	GroupB_exclusive			TK92	INDEL	0	1
ENSG00000287462	ENSG00000287462	GroupB_exclusive			TK93	INDEL	0	1
ENSG00000287463	ENSG00000287463	GroupB_exclusive			TK91	SNV	0	1
ENSG00000287464	ENSG00000287464	GroupB_exclusive			TK91	SNV	0	1
ENSG00000287472	ENSG00000287472	GroupB_exclusive			TK91	SNV	0	1
ENSG00000287482	ENSG00000287482	GroupB_exclusive			TK18	SNV	0	1
ENSG00000287492	ENSG00000287492	GroupB_exclusive			TK91	SNV	0	1
ENSG00000287509	ENSG00000287509	GroupB_exclusive			TK92	SNV	0	1
ENSG00000287512	ENSG00000287512	GroupB_exclusive			TK93	SNV	0	1
ENSG00000287528	ENSG00000287528	GroupB_exclusive			TK18	SNV	0	1
ENSG00000287545	ENSG00000287545	GroupB_exclusive			TK92	SNV	0	1
ENSG00000287561	ENSG00000287561	GroupB_exclusive			TK18	SNV	0	1
ENSG00000287575	ENSG00000287575	GroupB_exclusive			TK93	SNV	0	1
ENSG00000287581	ENSG00000287581	GroupB_exclusive			TK91	SNV	0	1
ENSG00000287588	ENSG00000287588	GroupB_exclusive			TK10	SNV	0	1
ENSG00000287596	ENSG00000287596	GroupB_exclusive			TK10	SNV	0	1
ENSG00000287598	ENSG00000287598	GroupB_exclusive			TK91	SNV	0	1
ENSG00000287599	ENSG00000287599	GroupB_exclusive			TK12	INDEL	0	1
ENSG00000287605	ENSG00000287605	GroupB_exclusive			TK91	SNV	0	1
ENSG00000287610	ENSG00000287610	GroupB_exclusive			TK93	SNV	0	1
ENSG00000287617	ENSG00000287617	GroupB_exclusive			TK91	SNV	0	1
ENSG00000287618	ENSG00000287618	GroupB_exclusive			TK93	SNV	0	1
ENSG00000287636	ENSG00000287636	GroupB_exclusive			TK10	SNV	0	1
ENSG00000287653	ENSG00000287653	GroupB_exclusive			TK91	SNV	0	1
ENSG00000287662	ENSG00000287662	GroupB_exclusive			TK93	SNV	0	1
ENSG00000287664	ENSG00000287664	GroupB_exclusive			TK92	SNV	0	1
ENSG00000287693	ENSG00000287693	GroupB_exclusive			TK10	INDEL	0	1
ENSG00000287694	ENSG00000287694	GroupB_exclusive			TK10	SNV	0	1
ENSG00000287699	ENSG00000287699	GroupB_exclusive			TK18	SNV	0	1
ENSG00000287703	ENSG00000287703	GroupB_exclusive			TK92	SNV	0	1
ENSG00000287715	ENSG00000287715	GroupB_exclusive			TK18	SNV	0	1
ENSG00000287728	ENSG00000287728	GroupB_exclusive			TK92	SNV	0	1
ENSG00000287731	ENSG00000287731	GroupB_exclusive			TK93	SNV	0	1
ENSG00000287740	ENSG00000287740	GroupB_exclusive			TK10	SNV	0	1
ENSG00000287754	ENSG00000287754	GroupB_exclusive			TK10	SNV	0	1
ENSG00000287772	ENSG00000287772	GroupB_exclusive			TK92	SNV	0	1
ENSG00000287784	ENSG00000287784	GroupB_exclusive			TK10	SNV	0	1
ENSG00000287788	ENSG00000287788	GroupB_exclusive			TK12	SNV	0	1
ENSG00000287796	ENSG00000287796	GroupB_exclusive			TK92	SNV	0	1
ENSG00000287798	ENSG00000287798	GroupB_exclusive			TK92	SNV	0	1
ENSG00000287802	ENSG00000287802	GroupB_exclusive			TK92	SNV	0	1
ENSG00000287806	ENSG00000287806	GroupB_exclusive			TK92	SNV	0	1
ENSG00000287810	ENSG00000287810	GroupB_exclusive			TK91	SNV	0	1
ENSG00000287843	ENSG00000287843	GroupB_exclusive			TK91	INDEL	0	1
ENSG00000287850	ENSG00000287850	GroupB_exclusive			TK93	SNV	0	1
ENSG00000287886	ENSG00000287886	GroupB_exclusive			TK93	SNV	0	1
ENSG00000287913	ENSG00000287913	GroupB_exclusive			TK10	SNV	0	1
ENSG00000287914	ENSG00000287914	GroupB_exclusive			TK92	SNV	0	1
ENSG00000287946	ENSG00000287946	GroupB_exclusive			TK10	SNV	0	1
ENSG00000287956	ENSG00000287956	GroupB_exclusive			TK92	SNV	0	1
ENSG00000287971	ENSG00000287971	GroupB_exclusive			TK10	SNV	0	1
ENSG00000287983	ENSG00000287983	GroupB_exclusive			TK92	SNV	0	1
ENSG00000287992	ENSG00000287992	GroupB_exclusive			TK10	SNV	0	1
ENSG00000287994	ENSG00000287994	GroupB_exclusive			TK91	SNV	0	1
ENSG00000288010	ENSG00000288010	GroupB_exclusive			TK10	SNV	0	1
ENSG00000288013	ENSG00000288013	GroupB_exclusive			TK18	INDEL,SNV	0	1
ENSG00000288015	ENSG00000288015	GroupB_exclusive			TK93	SNV	0	1
ENSG00000288016	ENSG00000288016	GroupB_exclusive			TK92	INDEL,SNV	0	1
ENSG00000288059	ENSG00000288059	GroupB_exclusive			TK92	SNV	0	1
ENSG00000288072	ENSG00000288072	GroupB_exclusive			TK91	SNV	0	1
ENSG00000288074	ENSG00000288074	GroupB_exclusive			TK91	SNV	0	1
ENSG00000288077	ENSG00000288077	GroupB_exclusive			TK92	SNV	0	1
ENSG00000288089	ENSG00000288089	GroupB_exclusive			TK93	SNV	0	1
ENSG00000288528	ENSG00000288528	GroupB_exclusive			TK92	SNV	0	1
ENSG00000288536	ENSG00000288536	GroupB_exclusive			TK10	SNV	0	1
ENSG00000288555	ENSG00000288555	GroupB_exclusive			TK92	SNV	0	1
ENSG00000288566	ENSG00000288566	GroupB_exclusive			TK91	INDEL	0	1
ENSG00000288570	ENSG00000288570	GroupB_exclusive			TK93	SNV	0	1
ENSG00000288577	ENSG00000288577	GroupB_exclusive			TK10	SNV	0	1
ENSG00000288581	ENSG00000288581	GroupB_exclusive			TK92	SNV	0	1
ENSG00000288583	ENSG00000288583	GroupB_exclusive			TK92	SNV	0	1
ENSG00000288589	ENSG00000288589	GroupB_exclusive			TK18	INDEL	0	1
ENSG00000288595	ENSG00000288595	GroupB_exclusive			TK92	SNV	0	1
ENSG00000288597	ENSG00000288597	GroupB_exclusive			TK10	SNV	0	1
ENSG00000288634	ENSG00000288634	GroupB_exclusive			TK93	SNV	0	1
ENSG00000288690	ENSG00000288690	GroupB_exclusive			TK91	SNV	0	1
ENSG00000288696	ENSG00000288696	GroupB_exclusive			TK92	SNV	0	1
ENSG00000288706	ENSG00000288706	GroupB_exclusive			TK91	SNV	0	1
ENSG00000288726	ENSG00000288726	GroupB_exclusive			TK10	SNV	0	1
ENSG00000288758	ENSG00000288758	GroupB_exclusive			TK12	SNV	0	1
ENSG00000288763	ENSG00000288763	GroupB_exclusive			TK10	INDEL,SNV	0	1
ENSG00000288776	ENSG00000288776	GroupB_exclusive			TK93	SNV	0	1
ENSG00000288782	ENSG00000288782	GroupB_exclusive			TK18	SNV	0	1
ENSG00000288794	ENSG00000288794	GroupB_exclusive			TK91	SNV	0	1
ENSG00000288802	ENSG00000288802	GroupB_exclusive			TK18	INDEL,SNV	0	1
ENSG00000288822	ENSG00000288822	GroupB_exclusive			TK18	SNV	0	1
ENSG00000288831	ENSG00000288831	GroupB_exclusive			TK92	SNV	0	1
ENSG00000288862	ENSG00000288862	GroupB_exclusive			TK10	SNV	0	1
ENSG00000288874	ENSG00000288874	GroupB_exclusive			TK10	INDEL	0	1
ENSG00000288883	ENSG00000288883	GroupB_exclusive			TK12	SNV	0	1
ENSG00000288885	ENSG00000288885	GroupB_exclusive			TK91	SNV	0	1
ENSG00000288898	ENSG00000288898	GroupB_exclusive			TK92	INDEL,SNV	0	1
ENSG00000288901	ENSG00000288901	GroupB_exclusive			TK92	SNV	0	1
ENSG00000288907	ENSG00000288907	GroupB_exclusive			TK18	SNV	0	1
ENSG00000288948	ENSG00000288948	GroupB_exclusive			TK93	SNV	0	1
ENSG00000288955	ENSG00000288955	GroupB_exclusive			TK10	SNV	0	1
ENSG00000288970	ENSG00000288970	GroupB_exclusive			TK10	SNV	0	1
ENSG00000288987	ENSG00000288987	GroupB_exclusive			TK92	SNV	0	1
ENSG00000289000	ENSG00000289000	GroupB_exclusive			TK18	SNV	0	1
ENSG00000289008	ENSG00000289008	GroupB_exclusive			TK10	INDEL,SNV	0	1
ENSG00000289014	ENSG00000289014	GroupB_exclusive			TK92	SNV	0	1
ENSG00000289024	ENSG00000289024	GroupB_exclusive			TK92	SNV	0	1
ENSG00000289034	ENSG00000289034	GroupB_exclusive			TK92	SNV	0	1
ENSG00000289039	ENSG00000289039	GroupB_exclusive			TK93	SNV	0	1
ENSG00000289054	ENSG00000289054	GroupB_exclusive			TK92	SNV	0	1
ENSG00000289062	ENSG00000289062	GroupB_exclusive			TK18	SNV	0	1
ENSG00000289080	ENSG00000289080	GroupB_exclusive			TK18	SNV	0	1
ENSG00000289106	ENSG00000289106	GroupB_exclusive			TK18	SNV	0	1
ENSG00000289108	ENSG00000289108	GroupB_exclusive			TK93	SNV	0	1
ENSG00000289117	ENSG00000289117	GroupB_exclusive			TK10	INDEL,SNV	0	1
ENSG00000289120	ENSG00000289120	GroupB_exclusive			TK18	SNV	0	1
ENSG00000289139	ENSG00000289139	GroupB_exclusive			TK93	SNV	0	1
ENSG00000289146	ENSG00000289146	GroupB_exclusive			TK93	SNV	0	1
ENSG00000289150	ENSG00000289150	GroupB_exclusive			TK93	SNV	0	1
ENSG00000289160	ENSG00000289160	GroupB_exclusive			TK18	SNV	0	1
ENSG00000289171	ENSG00000289171	GroupB_exclusive			TK18	INDEL,SNV	0	1
ENSG00000289190	ENSG00000289190	GroupB_exclusive			TK92	SNV	0	1
ENSG00000289192	ENSG00000289192	GroupB_exclusive			TK92	SNV	0	1
ENSG00000289197	ENSG00000289197	GroupB_exclusive			TK92	SNV	0	1
ENSG00000289213	ENSG00000289213	GroupB_exclusive			TK18	SNV	0	1
ENSG00000289221	ENSG00000289221	GroupB_exclusive			TK93	SNV	0	1
ENSG00000289224	ENSG00000289224	GroupB_exclusive			TK92	SNV	0	1
ENSG00000289226	ENSG00000289226	GroupB_exclusive			TK93	SNV	0	1
ENSG00000289237	ENSG00000289237	GroupB_exclusive			TK10	SNV	0	1
ENSG00000289243	ENSG00000289243	GroupB_exclusive			TK92	SNV	0	1
ENSG00000289245	ENSG00000289245	GroupB_exclusive			TK12	SNV	0	1
ENSG00000289254	ENSG00000289254	GroupB_exclusive			TK91	SNV	0	1
ENSG00000289256	ENSG00000289256	GroupB_exclusive			TK18	SNV	0	1
ENSG00000289265	ENSG00000289265	GroupB_exclusive			TK92	SNV	0	1
ENSG00000289356	ENSG00000289356	GroupB_exclusive			TK18	SNV	0	1
ENSG00000289358	ENSG00000289358	GroupB_exclusive			TK93	SNV	0	1
ENSG00000289362	ENSG00000289362	GroupB_exclusive			TK91	SNV	0	1
ENSG00000289367	ENSG00000289367	GroupB_exclusive			TK10	SNV	0	1
ENSG00000289379	ENSG00000289379	GroupB_exclusive			TK93	SNV	0	1
ENSG00000289381	ENSG00000289381	GroupB_exclusive			TK93	SNV	0	1
ENSG00000289384	ENSG00000289384	GroupB_exclusive			TK12	SNV	0	1
ENSG00000289397	ENSG00000289397	GroupB_exclusive			TK10	SNV	0	1
ENSG00000289418	ENSG00000289418	GroupB_exclusive			TK18	SNV	0	1
ENSG00000289422	ENSG00000289422	GroupB_exclusive			TK93	SNV	0	1
ENSG00000289428	ENSG00000289428	GroupB_exclusive			TK18	INDEL,SNV	0	1
ENSG00000289430	ENSG00000289430	GroupB_exclusive			TK91	SNV	0	1
ENSG00000289438	ENSG00000289438	GroupB_exclusive			TK92	SNV	0	1
ENSG00000289442	ENSG00000289442	GroupB_exclusive			TK10	SNV	0	1
ENSG00000289460	ENSG00000289460	GroupB_exclusive			TK10	SNV	0	1
ENSG00000289461	ENSG00000289461	GroupB_exclusive			TK91	SNV	0	1
ENSG00000289472	ENSG00000289472	GroupB_exclusive			TK91	SNV	0	1
ENSG00000289482	ENSG00000289482	GroupB_exclusive			TK92	SNV	0	1
ENSG00000289484	ENSG00000289484	GroupB_exclusive			TK93	SNV	0	1
ENSG00000289491	ENSG00000289491	GroupB_exclusive			TK12	SNV	0	1
ENSG00000289508	ENSG00000289508	GroupB_exclusive			TK91	SNV	0	1
ENSG00000289518	ENSG00000289518	GroupB_exclusive			TK93	SNV	0	1
ENSG00000289533	ENSG00000289533	GroupB_exclusive			TK91	SNV	0	1
ENSG00000289541	ENSG00000289541	GroupB_exclusive			TK92	SNV	0	1
ENSG00000289551	ENSG00000289551	GroupB_exclusive			TK18	SNV	0	1
ENSG00000289577	ENSG00000289577	GroupB_exclusive			TK18	SNV	0	1
ENSG00000289579	ENSG00000289579	GroupB_exclusive			TK18	SNV	0	1
ENSG00000289608	ENSG00000289608	GroupB_exclusive			TK93	SNV	0	1
ENSG00000289618	ENSG00000289618	GroupB_exclusive			TK92	SNV	0	1
ENSG00000289634	ENSG00000289634	GroupB_exclusive			TK18	SNV	0	1
ENSG00000289636	ENSG00000289636	GroupB_exclusive			TK92	SNV	0	1
ENSG00000289690	ENSG00000289690	GroupB_exclusive			TK12	SNV	0	1
ENSG00000289715	ENSG00000289715	GroupB_exclusive			TK12	SNV	0	1
ENSG00000289764	ENSG00000289764	GroupB_exclusive			TK10	SNV	0	1
ENSG00000289831	ENSG00000289831	GroupB_exclusive			TK92	SNV	0	1
ENSG00000289847	ENSG00000289847	GroupB_exclusive			TK92	SNV	0	1
ENSG00000289859	ENSG00000289859	GroupB_exclusive			TK93	SNV	0	1
ENSG00000289873	ENSG00000289873	GroupB_exclusive			TK10	SNV	0	1
ENSG00000289874	ENSG00000289874	GroupB_exclusive			TK18	SNV	0	1
ENSG00000289875	ENSG00000289875	GroupB_exclusive			TK92	SNV	0	1
ENSG00000289889	ENSG00000289889	GroupB_exclusive			TK92	SNV	0	1
ENSG00000289893	ENSG00000289893	GroupB_exclusive			TK92	SNV	0	1
ENSG00000289902	ENSG00000289902	GroupB_exclusive			TK93	SNV	0	1
ENSG00000289936	ENSG00000289936	GroupB_exclusive			TK12	SNV	0	1
ENSG00000289959	ENSG00000289959	GroupB_exclusive			TK18	SNV	0	1
ENSG00000289963	ENSG00000289963	GroupB_exclusive			TK12	SNV	0	1
ENSG00000289968	ENSG00000289968	GroupB_exclusive			TK92	INDEL	0	1
ENSG00000289974	ENSG00000289974	GroupB_exclusive			TK12	SNV	0	1
ENSG00000289978	ENSG00000289978	GroupB_exclusive			TK10	SNV	0	1
ENSG00000289980	ENSG00000289980	GroupB_exclusive			TK91	SNV	0	1
ENSG00000289987	ENSG00000289987	GroupB_exclusive			TK91	SNV	0	1
ENSG00000289989	ENSG00000289989	GroupB_exclusive			TK93	SNV	0	1
ENSG00000290001	ENSG00000290001	GroupB_exclusive			TK91	INDEL	0	1
ENSG00000290014	ENSG00000290014	GroupB_exclusive			TK93	SNV	0	1
ENSG00000290023	ENSG00000290023	GroupB_exclusive			TK91	SNV	0	1
ENSG00000290034	ENSG00000290034	GroupB_exclusive			TK92	SNV	0	1
ENSG00000290036	ENSG00000290036	GroupB_exclusive			TK92	INDEL,SNV	0	1
ENSG00000290040	ENSG00000290040	GroupB_exclusive			TK18	SNV	0	1
ENSG00000290054	ENSG00000290054	GroupB_exclusive			TK18	SNV	0	1
ENSG00000290056	ENSG00000290056	GroupB_exclusive			TK91	SNV	0	1
ENSG00000290063	ENSG00000290063	GroupB_exclusive			TK18	SNV	0	1
ENSG00000290068	ENSG00000290068	GroupB_exclusive			TK91	SNV	0	1
ENSG00000290079	ENSG00000290079	GroupB_exclusive			TK92	SNV	0	1
ENSG00000290091	ENSG00000290091	GroupB_exclusive			TK18	SNV	0	1
ENSG00000290113	ENSG00000290113	GroupB_exclusive			TK10	SNV	0	1
ENSG00000290115	ENSG00000290115	GroupB_exclusive			TK18	SNV	0	1
ENSG00000290163	ENSG00000290163	GroupB_exclusive			TK12	SNV	0	1
ENSG00000290217	ENSG00000290217	GroupB_exclusive			TK93	SNV	0	1
ENSG00000290323	ENSG00000290323	GroupB_exclusive			TK92	SNV	0	1
ENSG00000290344	ENSG00000290344	GroupB_exclusive			TK18	INDEL,SNV	0	1
ENSG00000290384	ENSG00000290384	GroupB_exclusive			TK10	SNV	0	1
ENSG00000290411	ENSG00000290411	GroupB_exclusive			TK91	SNV	0	1
ENSG00000290416	ENSG00000290416	GroupB_exclusive			TK93	SNV	0	1
ENSG00000290423	ENSG00000290423	GroupB_exclusive			TK18	SNV	0	1
ENSG00000290424	ENSG00000290424	GroupB_exclusive			TK92	SNV	0	1
ENSG00000290437	ENSG00000290437	GroupB_exclusive			TK92	SNV	0	1
ENSG00000290461	ENSG00000290461	GroupB_exclusive			TK93	SNV	0	1
ENSG00000290536	ENSG00000290536	GroupB_exclusive			TK92	SNV	0	1
ENSG00000290551	ENSG00000290551	GroupB_exclusive			TK92	INDEL,SNV	0	1
ENSG00000290556	ENSG00000290556	GroupB_exclusive			TK93	SNV	0	1
ENSG00000290563	ENSG00000290563	GroupB_exclusive			TK10	SNV	0	1
ENSG00000290565	ENSG00000290565	GroupB_exclusive			TK92	SNV	0	1
ENSG00000290574	ENSG00000290574	GroupB_exclusive			TK18	INDEL	0	1
ENSG00000290577	ENSG00000290577	GroupB_exclusive			TK93	SNV	0	1
ENSG00000290579	ENSG00000290579	GroupB_exclusive			TK92	SNV	0	1
ENSG00000290580	ENSG00000290580	GroupB_exclusive			TK91	SNV	0	1
ENSG00000290586	ENSG00000290586	GroupB_exclusive			TK92	SNV	0	1
ENSG00000290589	ENSG00000290589	GroupB_exclusive			TK91	SNV	0	1
ENSG00000290591	ENSG00000290591	GroupB_exclusive			TK18	SNV	0	1
ENSG00000290595	ENSG00000290595	GroupB_exclusive			TK10	SNV	0	1
ENSG00000290643	ENSG00000290643	GroupB_exclusive			TK92	SNV	0	1
ENSG00000290651	ENSG00000290651	GroupB_exclusive			TK91	SNV	0	1
ENSG00000290652	ENSG00000290652	GroupB_exclusive			TK92	SNV	0	1
ENSG00000290680	ENSG00000290680	GroupB_exclusive			TK18	SNV	0	1
ENSG00000290688	ENSG00000290688	GroupB_exclusive			TK92	SNV	0	1
ENSG00000290702	ENSG00000290702	GroupB_exclusive			TK91	INDEL,SNV	0	1
ENSG00000290705	ENSG00000290705	GroupB_exclusive			TK10	SNV	0	1
ENSG00000290734	ENSG00000290734	GroupB_exclusive			TK92	SNV	0	1
ENSG00000290766	ENSG00000290766	GroupB_exclusive			TK91	SNV	0	1
ENSG00000290774	ENSG00000290774	GroupB_exclusive			TK93	INDEL,SNV	0	1
ENSG00000290787	ENSG00000290787	GroupB_exclusive			TK92	SNV	0	1
ENSG00000290791	ENSG00000290791	GroupB_exclusive			TK92	SNV	0	1
ENSG00000290796	ENSG00000290796	GroupB_exclusive			TK92	SNV	0	1
ENSG00000290801	ENSG00000290801	GroupB_exclusive			TK18	SNV	0	1
ENSG00000290828	ENSG00000290828	GroupB_exclusive			TK92	SNV	0	1
ENSG00000290832	ENSG00000290832	GroupB_exclusive			TK92	SNV	0	1
ENSG00000290852	ENSG00000290852	GroupB_exclusive			TK10	SNV	0	1
ENSG00000290855	ENSG00000290855	GroupB_exclusive			TK91	SNV	0	1
ENSG00000290887	ENSG00000290887	GroupB_exclusive			TK92	SNV	0	1
ENSG00000290890	ENSG00000290890	GroupB_exclusive			TK91	SNV	0	1
ENSG00000290914	ENSG00000290914	GroupB_exclusive			TK92	SNV	0	1
ENSG00000290944	ENSG00000290944	GroupB_exclusive			TK93	SNV	0	1
ENSG00000290984	ENSG00000290984	GroupB_exclusive			TK91	SNV	0	1
ENSG00000290998	ENSG00000290998	GroupB_exclusive			TK93	SNV	0	1
ENSG00000291018	ENSG00000291018	GroupB_exclusive			TK12	SNV	0	1
ENSG00000291022	ENSG00000291022	GroupB_exclusive			TK92	SNV	0	1
ENSG00000291025	ENSG00000291025	GroupB_exclusive			TK91	SNV	0	1
ENSG00000291065	ENSG00000291065	GroupB_exclusive			TK93	SNV	0	1
ENSG00000291130	ENSG00000291130	GroupB_exclusive			TK18	SNV	0	1
ENSG00000291132	ENSG00000291132	GroupB_exclusive			TK10	SNV	0	1
ENSG00000291142	ENSG00000291142	GroupB_exclusive			TK91	SNV	0	1
ENSG00000291179	ENSG00000291179	GroupB_exclusive			TK18	SNV	0	1
ENSG00000291189	ENSG00000291189	GroupB_exclusive			TK92	SNV	0	1
ENSG00000291199	ENSG00000291199	GroupB_exclusive			TK92	SNV	0	1
ENSG00000291214	ENSG00000291214	GroupB_exclusive			TK92	SNV	0	1
ENSG00000291216	ENSG00000291216	GroupB_exclusive			TK93	SNV	0	1
ENSG00000291225	ENSG00000291225	GroupB_exclusive			TK91	SNV	0	1
ENSG00000291226	ENSG00000291226	GroupB_exclusive			TK93	SNV	0	1
ENSG00000291227	ENSG00000291227	GroupB_exclusive			TK92	SNV	0	1
ENSG00000291228	ENSG00000291228	GroupB_exclusive			TK93	SNV	0	1
ENSG00000291235	ENSG00000291235	GroupB_exclusive			TK92	SNV	0	1
ENSG00000291236	ENSG00000291236	GroupB_exclusive			TK10	SNV	0	1
ENSG00000291242	ENSG00000291242	GroupB_exclusive			TK91	SNV	0	1
ENSG00000291256	ENSG00000291256	GroupB_exclusive			TK12	SNV	0	1
ENSG00000291261	ENSG00000291261	GroupB_exclusive			TK92	SNV	0	1
ENSG00000291277	ENSG00000291277	GroupB_exclusive			TK92	SNV	0	1
ENSG00000291284	ENSG00000291284	GroupB_exclusive			TK10	SNV	0	1
ENSG00000291285	ENSG00000291285	GroupB_exclusive			TK92	SNV	0	1
ENSG00000291293	ENSG00000291293	GroupB_exclusive			TK12	SNV	0	1
ENSG00000291308	ENSG00000291308	GroupB_exclusive			TK91	SNV	0	1
ENSG00000291310	ENSG00000291310	GroupB_exclusive			TK91	SNV	0	1
ENSG00000291325	ENSG00000291325	GroupB_exclusive			TK92	INDEL,SNV	0	1
ENSG00000291326	ENSG00000291326	GroupB_exclusive			TK92	SNV	0	1
ENSG00000176177	ENTHD1	GroupB_exclusive			TK93	SNV	0	1
ENSG00000256704	ENTR1P1	GroupB_exclusive			TK92	SNV	0	1
ENSG00000198758	EPS8L3	GroupB_exclusive			TK10	SNV	0	1
ENSG00000083782	EPYC	GroupB_exclusive			TK10	SNV	0	1
ENSG00000233847	ERCC8-AS1	GroupB_exclusive			TK92	SNV	0	1
ENSG00000249563	EVA1CP1	GroupB_exclusive			TK91	SNV	0	1
ENSG00000088926	F11	GroupB_exclusive			TK91	SNV	0	1
ENSG00000259308	FABP5P8	GroupB_exclusive			TK10	SNV	0	1
ENSG00000135472	FAIM2	GroupB_exclusive			TK10	SNV	0	1
ENSG00000124019	FAM124B	GroupB_exclusive			TK91	SNV	0	1
ENSG00000256079	FAM133GP	GroupB_exclusive			TK91	SNV	0	1
ENSG00000230634	FAM136EP	GroupB_exclusive			TK91	SNV	0	1
ENSG00000234805	FAM151AP1	GroupB_exclusive			TK10	SNV	0	1
ENSG00000283597	FAM169BP	GroupB_exclusive			TK10	SNV	0	1
ENSG00000234736	FAM170B-AS1	GroupB_exclusive			TK93	SNV	0	1
ENSG00000262497	FAM187B2P	GroupB_exclusive			TK92	SNV	0	1
ENSG00000213770	FAM210CP	GroupB_exclusive			TK91	SNV	0	1
ENSG00000233522	FAM224A	GroupB_exclusive			TK18	INDEL	0	1
ENSG00000277870	FAM230A	GroupB_exclusive			TK93	SNV	0	1
ENSG00000283329	FAM240B	GroupB_exclusive			TK18	SNV	0	1
ENSG00000285662	FAM245B	GroupB_exclusive			TK91	SNV	0	1
ENSG00000276430	FAM25C	GroupB_exclusive			TK92	SNV	0	1
ENSG00000231122	FAM25EP	GroupB_exclusive			TK12	SNV	0	1
ENSG00000178130	FAM27E5	GroupB_exclusive			TK91	SNV	0	1
ENSG00000277988	FAM30B	GroupB_exclusive			TK93	SNV	0	1
ENSG00000230368	FAM41C	GroupB_exclusive			TK92	SNV	0	1
ENSG00000204949	FAM83A-AS1	GroupB_exclusive			TK10	SNV	0	1
ENSG00000289811	FAM95A	GroupB_exclusive			TK91	SNV	0	1
ENSG00000165323	FAT3	GroupB_exclusive			TK10	INDEL	0	1
ENSG00000237743	FBP2P1	GroupB_exclusive			TK10	SNV	0	1
ENSG00000241439	FBRSL1P1	GroupB_exclusive			TK91	SNV	0	1
ENSG00000254508	FBXO3-DT	GroupB_exclusive			TK12	SNV	0	1
ENSG00000162897	FCAMR	GroupB_exclusive			TK18	SNV	0	1
ENSG00000186431	FCAR	GroupB_exclusive			TK92	SNV	0	1
ENSG00000239997	FCF1P3	GroupB_exclusive			TK91	SNV	0	1
ENSG00000225671	FCF1P6	GroupB_exclusive			TK92	SNV	0	1
ENSG00000224727	FCF1P7	GroupB_exclusive			TK10	SNV	0	1
ENSG00000251111	FCF1P8	GroupB_exclusive			TK91	SNV	0	1
ENSG00000168496	FEN1	GroupB_exclusive			TK10	SNV	0	1
ENSG00000090512	FETUB	GroupB_exclusive			TK18	SNV	0	1
ENSG00000070193	FGF10	GroupB_exclusive			TK93	SNV	0	1
ENSG00000248464	FGF10-AS1	GroupB_exclusive			TK93	SNV	0	1
ENSG00000234445	FGF14-AS1	GroupB_exclusive			TK92	INDEL,SNV	0	1
ENSG00000137441	FGFBP2	GroupB_exclusive			TK91	SNV	0	1
ENSG00000251463	FKBP4P1	GroupB_exclusive			TK12	SNV	0	1
ENSG00000077800	FKBP6	GroupB_exclusive			TK92	INDEL	0	1
ENSG00000228317	FKTN-AS1	GroupB_exclusive			TK92	SNV	0	1
ENSG00000224721	FLVCR2-AS1	GroupB_exclusive			TK92	SNV	0	1
ENSG00000234984	FMO10P	GroupB_exclusive			TK91	INDEL,SNV	0	1
ENSG00000230231	FMO7P	GroupB_exclusive			TK93	SNV	0	1
ENSG00000230022	FNTAP2	GroupB_exclusive			TK92	SNV	0	1
ENSG00000110203	FOLR3	GroupB_exclusive			TK10	SNV	0	1
ENSG00000176692	FOXC2	GroupB_exclusive			TK93	SNV	0	1
ENSG00000260944	FOXC2-AS1	GroupB_exclusive			TK93	SNV	0	1
ENSG00000206262	FOXL2NB	GroupB_exclusive			TK91	SNV	0	1
ENSG00000259073	FOXN3-AS2	GroupB_exclusive			TK92	SNV	0	1
ENSG00000229901	FOXO6-AS1	GroupB_exclusive			TK10	INDEL	0	1
ENSG00000270562	FOXP1-DT	GroupB_exclusive			TK12	SNV	0	1
ENSG00000179772	FOXS1	GroupB_exclusive			TK10	SNV	0	1
ENSG00000225350	FREM2-AS1	GroupB_exclusive			TK92	INDEL	0	1
ENSG00000232783	FRG2FP	GroupB_exclusive			TK18	SNV	0	1
ENSG00000290715	FRG2KP	GroupB_exclusive			TK91	SNV	0	1
ENSG00000150175	FRMPD2B	GroupB_exclusive			TK91	SNV	0	1
ENSG00000213362	FTH1P12	GroupB_exclusive			TK93	SNV	0	1
ENSG00000232792	FTH1P25	GroupB_exclusive			TK91	SNV	0	1
ENSG00000266989	FTLP5	GroupB_exclusive			TK91	INDEL	0	1
ENSG00000254984	FTLP6	GroupB_exclusive			TK93	SNV	0	1
ENSG00000232217	FTLP8	GroupB_exclusive			TK93	SNV	0	1
ENSG00000230590	FTX	GroupB_exclusive			TK92	SNV	0	1
ENSG00000227009	FUNDC2P4	GroupB_exclusive			TK92	SNV	0	1
ENSG00000130383	FUT5	GroupB_exclusive			TK10	SNV	0	1
ENSG00000234502	FYTTD1P1	GroupB_exclusive			TK10	SNV	0	1
ENSG00000131482	G6PC1	GroupB_exclusive			TK10	SNV	0	1
ENSG00000238244	GABARAPL3	GroupB_exclusive			TK10	SNV	0	1
ENSG00000166206	GABRB3	GroupB_exclusive			TK93	SNV	0	1
ENSG00000102287	GABRE	GroupB_exclusive			TK10	SNV	0	1
ENSG00000267382	GAD3P	GroupB_exclusive			TK92	SNV	0	1
ENSG00000205777	GAGE1	GroupB_exclusive			TK10	SNV	0	1
ENSG00000224659	GAGE12J	GroupB_exclusive			TK93	SNV	0	1
ENSG00000156958	GALK2	GroupB_exclusive			TK10	SNV	0	1
ENSG00000197487	GALP	GroupB_exclusive			TK92	SNV	0	1
ENSG00000213594	GAPDHP25	GroupB_exclusive			TK92	SNV	0	1
ENSG00000235868	GAPDHP31	GroupB_exclusive			TK92	SNV	0	1
ENSG00000248626	GAPDHP40	GroupB_exclusive			TK93	SNV	0	1
ENSG00000234285	GAPDHP49	GroupB_exclusive			TK91	SNV	0	1
ENSG00000236973	GAPDHP51	GroupB_exclusive			TK93	SNV	0	1
ENSG00000235076	GAPDHP52	GroupB_exclusive			TK10	SNV	0	1
ENSG00000224055	GAPDHP55	GroupB_exclusive			TK93	SNV	0	1
ENSG00000231739	GAPDHP59	GroupB_exclusive			TK91	SNV	0	1
ENSG00000248415	GAPDHP61	GroupB_exclusive			TK92	SNV	0	1
ENSG00000272795	GAR1-DT	GroupB_exclusive			TK18	SNV	0	1
ENSG00000162771	GARIN4	GroupB_exclusive			TK10	SNV	0	1
ENSG00000141448	GATA6	GroupB_exclusive			TK10	SNV	0	1
ENSG00000266010	GATA6-AS1	GroupB_exclusive			TK10	SNV	0	1
ENSG00000233611	GBX2-AS1	GroupB_exclusive			TK91	INDEL,SNV	0	1
ENSG00000156466	GDF6	GroupB_exclusive			TK10	SNV	0	1
ENSG00000235339	GEMIN2P2	GroupB_exclusive			TK93	SNV	0	1
ENSG00000152904	GGPS1	GroupB_exclusive			TK93	SNV	0	1
ENSG00000106128	GHRHR	GroupB_exclusive			TK93	SNV	0	1
ENSG00000135355	GJA10	GroupB_exclusive			TK10	SNV	0	1
ENSG00000169562	GJB1	GroupB_exclusive			TK92	SNV	0	1
ENSG00000189280	GJB5	GroupB_exclusive			TK91	SNV	0	1
ENSG00000229331	GK-IT1	GroupB_exclusive			TK18	SNV	0	1
ENSG00000237009	GLIS3-AS1	GroupB_exclusive			TK93	SNV	0	1
ENSG00000232879	GLRX5P2	GroupB_exclusive			TK10	INDEL	0	1
ENSG00000258544	GLRXP2	GroupB_exclusive			TK93	SNV	0	1
ENSG00000254572	GLULP3	GroupB_exclusive			TK91	SNV	0	1
ENSG00000060558	GNA15	GroupB_exclusive			TK10	SNV	0	1
ENSG00000267551	GNA15-DT	GroupB_exclusive			TK10	SNV	0	1
ENSG00000087258	GNAO1	GroupB_exclusive			TK10	SNV	0	1
ENSG00000115523	GNLY	GroupB_exclusive			TK12	SNV	0	1
ENSG00000259844	GNPATP	GroupB_exclusive			TK18	SNV	0	1
ENSG00000290571	GOLGA2P5	GroupB_exclusive			TK18	SNV	0	1
ENSG00000225151	GOLGA2P7	GroupB_exclusive			TK92	SNV	0	1
ENSG00000197092	GOLGA6L16P	GroupB_exclusive			TK93	SNV	0	1
ENSG00000153684	GOLGA8F	GroupB_exclusive			TK91	SNV	0	1
ENSG00000179938	GOLGA8J	GroupB_exclusive			TK10	SNV	0	1
ENSG00000188626	GOLGA8M	GroupB_exclusive			TK93	SNV	0	1
ENSG00000261480	GOLGA8M	GroupB_exclusive			TK12	SNV	0	1
ENSG00000261739	GOLGA8S	GroupB_exclusive			TK10	SNV	0	1
ENSG00000235984	GPC5-AS1	GroupB_exclusive			TK92	SNV	0	1
ENSG00000236520	GPC6-AS1	GroupB_exclusive			TK10	SNV	0	1
ENSG00000179600	GPHB5	GroupB_exclusive			TK18	SNV	0	1
ENSG00000232583	GPR143P	GroupB_exclusive			TK18	SNV	0	1
ENSG00000203363	GPR160P1	GroupB_exclusive			TK91	SNV	0	1
ENSG00000234696	GPR50-AS1	GroupB_exclusive			TK92	SNV	0	1
ENSG00000235992	GRAMD4P2	GroupB_exclusive			TK92	SNV	0	1
ENSG00000266242	GRAMD4P7	GroupB_exclusive			TK18	SNV	0	1
ENSG00000228203	GRASLND	GroupB_exclusive			TK10	SNV	0	1
ENSG00000141449	GREB1L	GroupB_exclusive			TK91	SNV	0	1
ENSG00000259721	GREM1-AS1	GroupB_exclusive			TK10	SNV	0	1
ENSG00000234942	GRID1-AS1	GroupB_exclusive			TK91	SNV	0	1
ENSG00000275572	GRIFIN	GroupB_exclusive			TK91	SNV	0	1
ENSG00000273079	GRIN2B	GroupB_exclusive			TK91	SNV	0	1
ENSG00000234884	GRK3-AS1	GroupB_exclusive			TK93	SNV	0	1
ENSG00000196277	GRM7	GroupB_exclusive			TK10	SNV	0	1
ENSG00000225814	GRPEL2P2	GroupB_exclusive			TK93	SNV	0	1
ENSG00000225083	GRTP1-AS1	GroupB_exclusive			TK92	SNV	0	1
ENSG00000131149	GSE1	GroupB_exclusive			TK10	SNV	0	1
ENSG00000244067	GSTA2	GroupB_exclusive			TK10	SNV	0	1
ENSG00000174156	GSTA3	GroupB_exclusive			TK18	SNV	0	1
ENSG00000218803	GSTM2P1	GroupB_exclusive			TK92	SNV	0	1
ENSG00000251254	GTF2F2P1	GroupB_exclusive			TK93	SNV	0	1
ENSG00000213780	GTF2H4	GroupB_exclusive			TK92	SNV	0	1
ENSG00000270196	GTF3C6P3	GroupB_exclusive			TK10	SNV	0	1
ENSG00000263417	GTSCR1	GroupB_exclusive			TK12	SNV	0	1
ENSG00000124196	GTSF1L	GroupB_exclusive			TK18	SNV	0	1
ENSG00000132518	GUCY2D	GroupB_exclusive			TK93	SNV	0	1
ENSG00000243316	GUCY2GP	GroupB_exclusive			TK92	SNV	0	1
ENSG00000224723	GUSBP10	GroupB_exclusive			TK91	SNV	0	1
ENSG00000224458	GUSBP6	GroupB_exclusive			TK10	SNV	0	1
ENSG00000232433	GXYLT1P3	GroupB_exclusive			TK91	SNV	0	1
ENSG00000275026	GXYLT1P4	GroupB_exclusive			TK92	SNV	0	1
ENSG00000235310	GXYLT1P6	GroupB_exclusive			TK92	SNV	0	1
ENSG00000237099	GYG1P2	GroupB_exclusive			TK93	SNV	0	1
ENSG00000206159	GYG2P1	GroupB_exclusive			TK18	SNV	0	1
ENSG00000113088	GZMK	GroupB_exclusive			TK10	SNV	0	1
ENSG00000274183	H2AB1	GroupB_exclusive			TK93	SNV	0	1
ENSG00000276368	H2AC14	GroupB_exclusive			TK18	INDEL	0	1
ENSG00000184270	H2AC21	GroupB_exclusive			TK10	SNV	0	1
ENSG00000285944	H2AL1MP	GroupB_exclusive			TK92	SNV	0	1
ENSG00000253173	H2AZP2	GroupB_exclusive			TK91	SNV	0	1
ENSG00000273703	H2BC14	GroupB_exclusive			TK92	SNV	0	1
ENSG00000217646	H2BC16P	GroupB_exclusive			TK18	SNV	0	1
ENSG00000180596	H2BC4	GroupB_exclusive			TK10	SNV	0	1
ENSG00000275379	H3C11	GroupB_exclusive			TK91	SNV	0	1
ENSG00000277775	H3C7	GroupB_exclusive			TK18	SNV	0	1
ENSG00000230228	H3P1	GroupB_exclusive			TK91	SNV	0	1
ENSG00000275506	H3P25	GroupB_exclusive			TK93	SNV	0	1
ENSG00000276180	H4C9	GroupB_exclusive			TK18	SNV	0	1
ENSG00000173805	HAP1	GroupB_exclusive			TK10	SNV	0	1
ENSG00000224224	HAUS1P2	GroupB_exclusive			TK92	SNV	0	1
ENSG00000206172	HBA1	GroupB_exclusive			TK91	SNV	0	1
ENSG00000188536	HBA2	GroupB_exclusive			TK93	SNV	0	1
ENSG00000196917	HCAR1	GroupB_exclusive			TK10	SNV	0	1
ENSG00000234724	HDAC1P1	GroupB_exclusive			TK92	SNV	0	1
ENSG00000166503	HDGFL3	GroupB_exclusive			TK92	SNV	0	1
ENSG00000162669	HFM1	GroupB_exclusive			TK18	SNV	0	1
ENSG00000230970	HHATL-AS1	GroupB_exclusive			TK92	SNV	0	1
ENSG00000258978	HIF1AP1	GroupB_exclusive			TK93	SNV	0	1
ENSG00000254455	HIGD1AP10	GroupB_exclusive			TK93	SNV	0	1
ENSG00000258886	HIGD1AP17	GroupB_exclusive			TK93	SNV	0	1
ENSG00000290878	HLA-DRB6	GroupB_exclusive			TK92	SNV	0	1
ENSG00000261548	HLA-P	GroupB_exclusive			TK93	SNV	0	1
ENSG00000233440	HMGA1P6	GroupB_exclusive			TK10	SNV	0	1
ENSG00000230547	HMGB1P11	GroupB_exclusive			TK92	SNV	0	1
ENSG00000253770	HMGB1P23	GroupB_exclusive			TK93	SNV	0	1
ENSG00000254735	HMGB1P42	GroupB_exclusive			TK91	SNV	0	1
ENSG00000271237	HMGB1P50	GroupB_exclusive			TK91	SNV	0	1
ENSG00000224159	HMGB1P9	GroupB_exclusive			TK92	SNV	0	1
ENSG00000267736	HMGB2P1	GroupB_exclusive			TK91	SNV	0	1
ENSG00000223656	HMGB3P10	GroupB_exclusive			TK10	SNV	0	1
ENSG00000231845	HMGB3P14	GroupB_exclusive			TK91	SNV	0	1
ENSG00000228808	HMGB3P4	GroupB_exclusive			TK10	SNV	0	1
ENSG00000237642	HMGB3P5	GroupB_exclusive			TK92	SNV	0	1
ENSG00000224040	HMGN1P4	GroupB_exclusive			TK92	SNV	0	1
ENSG00000241120	HMGN1P8	GroupB_exclusive			TK91	SNV	0	1
ENSG00000229072	HMGN2P24	GroupB_exclusive			TK92	SNV	0	1
ENSG00000236086	HMGN2P28	GroupB_exclusive			TK93	SNV	0	1
ENSG00000214195	HMGN2P31	GroupB_exclusive			TK18	SNV	0	1
ENSG00000231726	HMGN2P38	GroupB_exclusive			TK91	SNV	0	1
ENSG00000260602	HMGN2P40	GroupB_exclusive			TK91	SNV	0	1
ENSG00000158497	HMHB1	GroupB_exclusive			TK92	INDEL	0	1
ENSG00000101076	HNF4A	GroupB_exclusive			TK92	SNV	0	1
ENSG00000218347	HNRNPA1P1	GroupB_exclusive			TK92	SNV	0	1
ENSG00000231206	HNRNPA1P25	GroupB_exclusive			TK92	SNV	0	1
ENSG00000213778	HNRNPA1P32	GroupB_exclusive			TK91	SNV	0	1
ENSG00000213049	HNRNPA1P34	GroupB_exclusive			TK92	SNV	0	1
ENSG00000236695	HNRNPA1P47	GroupB_exclusive			TK12	SNV	0	1
ENSG00000229534	HNRNPA1P53	GroupB_exclusive			TK10	SNV	0	1
ENSG00000259228	HNRNPA1P62	GroupB_exclusive			TK93	SNV	0	1
ENSG00000225636	HNRNPA3P15	GroupB_exclusive			TK92	SNV	0	1
ENSG00000176635	HORMAD2	GroupB_exclusive			TK92	SNV	0	1
ENSG00000243766	HOTTIP	GroupB_exclusive			TK12	INDEL	0	1
ENSG00000197757	HOXC6	GroupB_exclusive			TK92	SNV	0	1
ENSG00000037965	HOXC8	GroupB_exclusive			TK10	INDEL	0	1
ENSG00000234520	HRAT17	GroupB_exclusive			TK91	SNV	0	1
ENSG00000196639	HRH1	GroupB_exclusive			TK91	SNV	0	1
ENSG00000288677	HRURF	GroupB_exclusive			TK91	SNV	0	1
ENSG00000171004	HS6ST2	GroupB_exclusive			TK10	SNV	0	1
ENSG00000166530	HSBP1P2	GroupB_exclusive			TK91	SNV	0	1
ENSG00000176387	HSD11B2	GroupB_exclusive			TK18	SNV	0	1
ENSG00000232283	HSD17B3-AS1	GroupB_exclusive			TK18	SNV	0	1
ENSG00000290439	HSD17B7P2	GroupB_exclusive			TK92	SNV	0	1
ENSG00000203859	HSD3B2	GroupB_exclusive			TK92	INDEL	0	1
ENSG00000181359	HSP90AA6P	GroupB_exclusive			TK91	SNV	0	1
ENSG00000216990	HSPD1P10	GroupB_exclusive			TK92	SNV	0	1
ENSG00000255964	HSPD1P12	GroupB_exclusive			TK93	INDEL,SNV	0	1
ENSG00000255403	HSPD1P13	GroupB_exclusive			TK92	SNV	0	1
ENSG00000218792	HSPD1P16	GroupB_exclusive			TK92	SNV	0	1
ENSG00000255128	HSPD1P3	GroupB_exclusive			TK92	SNV	0	1
ENSG00000215005	HSPD1P7	GroupB_exclusive			TK10	SNV	0	1
ENSG00000271612	HSPE1P14	GroupB_exclusive			TK10	SNV	0	1
ENSG00000230081	HSPE1P28	GroupB_exclusive			TK92	SNV	0	1
ENSG00000223457	HTATSF1P1	GroupB_exclusive			TK92	SNV	0	1
ENSG00000126550	HTN1	GroupB_exclusive			TK93	SNV	0	1
ENSG00000205649	HTN3	GroupB_exclusive			TK92	SNV	0	1
ENSG00000168830	HTR1E	GroupB_exclusive			TK92	SNV	0	1
ENSG00000102468	HTR2A	GroupB_exclusive			TK92	SNV	0	1
ENSG00000186038	HTR3E	GroupB_exclusive			TK92	INDEL,SNV	0	1
ENSG00000125631	HTR5BP	GroupB_exclusive			TK91	SNV	0	1
ENSG00000148680	HTR7	GroupB_exclusive			TK91	INDEL,SNV	0	1
ENSG00000106302	HYAL4	GroupB_exclusive			TK91	SNV	0	1
ENSG00000251563	IARS2P1	GroupB_exclusive			TK12	SNV	0	1
ENSG00000242705	ICE2P2	GroupB_exclusive			TK91	SNV	0	1
ENSG00000196114	IFITM3P3	GroupB_exclusive			TK10	SNV	0	1
ENSG00000238168	IFITM3P5	GroupB_exclusive			TK91	SNV	0	1
ENSG00000215096	IFITM8P	GroupB_exclusive			TK91	SNV	0	1
ENSG00000213275	IFITM9P	GroupB_exclusive			TK91	SNV	0	1
ENSG00000226393	IFNA20P	GroupB_exclusive			TK18	SNV	0	1
ENSG00000137080	IFNA21	GroupB_exclusive			TK91	SNV	0	1
ENSG00000171855	IFNB1	GroupB_exclusive			TK10	SNV	0	1
ENSG00000268510	IFNL3P1	GroupB_exclusive			TK10	SNV	0	1
ENSG00000177047	IFNW1	GroupB_exclusive			TK91	SNV	0	1
ENSG00000250939	IFT122P1	GroupB_exclusive			TK91	SNV	0	1
ENSG00000266826	IGBP1C	GroupB_exclusive			TK92	SNV	0	1
ENSG00000159217	IGF2BP1	GroupB_exclusive			TK10	SNV	0	1
ENSG00000211912	IGHD2-21	GroupB_exclusive			TK18	SNV	0	1
ENSG00000211917	IGHD3-16	GroupB_exclusive			TK12	SNV	0	1
ENSG00000211921	IGHD5-12	GroupB_exclusive			TK10	SNV	0	1
ENSG00000211914	IGHD6-19	GroupB_exclusive			TK12	SNV	0	1
ENSG00000211943	IGHV3-15	GroupB_exclusive			TK91	SNV	0	1
ENSG00000271178	IGHV3OR16-13	GroupB_exclusive			TK12	SNV	0	1
ENSG00000211970	IGHV4-61	GroupB_exclusive			TK10	SNV	0	1
ENSG00000283607	IGHVII-30-21	GroupB_exclusive			TK93	INDEL	0	1
ENSG00000253294	IGHVII-40-1	GroupB_exclusive			TK92	SNV	0	1
ENSG00000254329	IGHVII-60-1	GroupB_exclusive			TK10	SNV	0	1
ENSG00000253989	IGHVIII-38-1	GroupB_exclusive			TK10	SNV	0	1
ENSG00000253497	IGKV1-13	GroupB_exclusive			TK10	SNV	0	1
ENSG00000276566	IGKV1D-13	GroupB_exclusive			TK10	INDEL,SNV	0	1
ENSG00000211625	IGKV3D-20	GroupB_exclusive			TK12	SNV	0	1
ENSG00000211675	IGLC1	GroupB_exclusive			TK18	SNV	0	1
ENSG00000254029	IGLC4	GroupB_exclusive			TK93	SNV	0	1
ENSG00000271093	IGLCOR22-2	GroupB_exclusive			TK93	SNV	0	1
ENSG00000211676	IGLJ2	GroupB_exclusive			TK10	INDEL,SNV	0	1
ENSG00000211668	IGLV2-11	GroupB_exclusive			TK92	SNV	0	1
ENSG00000211669	IGLV3-10	GroupB_exclusive			TK92	SNV	0	1
ENSG00000253920	IGLV3-31	GroupB_exclusive			TK92	SNV	0	1
ENSG00000123496	IL13RA2	GroupB_exclusive			TK91	SNV	0	1
ENSG00000112116	IL17F	GroupB_exclusive			TK12	SNV	0	1
ENSG00000115607	IL18RAP	GroupB_exclusive			TK10	SNV	0	1
ENSG00000115598	IL1RL2	GroupB_exclusive			TK91	INDEL,SNV	0	1
ENSG00000162891	IL20	GroupB_exclusive			TK10	SNV	0	1
ENSG00000197272	IL27	GroupB_exclusive			TK91	SNV	0	1
ENSG00000137033	IL33	GroupB_exclusive			TK18	SNV	0	1
ENSG00000227513	ILRUNP1	GroupB_exclusive			TK92	SNV	0	1
ENSG00000271098	IMMP1LP3	GroupB_exclusive			TK91	SNV	0	1
ENSG00000239722	IMP3P2	GroupB_exclusive			TK92	SNV	0	1
ENSG00000261647	IMPDH1P11	GroupB_exclusive			TK91	SNV	0	1
ENSG00000259521	INO80-AS1	GroupB_exclusive			TK93	SNV	0	1
ENSG00000168348	INSM2	GroupB_exclusive			TK92	SNV	0	1
ENSG00000226507	IPMKP1	GroupB_exclusive			TK92	SNV	0	1
ENSG00000196497	IPO4	GroupB_exclusive			TK18	SNV	0	1
ENSG00000225585	IPPKP1	GroupB_exclusive			TK91	SNV	0	1
ENSG00000170561	IRX2	GroupB_exclusive			TK18	SNV	0	1
ENSG00000186493	IRX2-DT	GroupB_exclusive			TK18	SNV	0	1
ENSG00000226912	ISCA2P1	GroupB_exclusive			TK12	SNV	0	1
ENSG00000055955	ITIH4	GroupB_exclusive			TK92	INDEL	0	1
ENSG00000183560	IZUMO1R	GroupB_exclusive			TK91	SNV	0	1
ENSG00000249896	JAKMIP1-DT	GroupB_exclusive			TK10	SNV	0	1
ENSG00000253655	JCHAINP1	GroupB_exclusive			TK92	SNV	0	1
ENSG00000233603	JTBP1	GroupB_exclusive			TK93	SNV	0	1
ENSG00000146049	KAAG1	GroupB_exclusive			TK92	SNV	0	1
ENSG00000253764	KBTBD11-AS1	GroupB_exclusive			TK18	SNV	0	1
ENSG00000159197	KCNE2	GroupB_exclusive			TK10	SNV	0	1
ENSG00000175538	KCNE3	GroupB_exclusive			TK10	SNV	0	1
ENSG00000184611	KCNH7	GroupB_exclusive			TK92	SNV	0	1
ENSG00000237750	KCNH7-AS1	GroupB_exclusive			TK12	SNV	0	1
ENSG00000253647	KCNIP1-OT1	GroupB_exclusive			TK93	SNV	0	1
ENSG00000153822	KCNJ16	GroupB_exclusive			TK18	INDEL,SNV	0	1
ENSG00000225652	KCNMA1-AS3	GroupB_exclusive			TK91	INDEL,SNV	0	1
ENSG00000237941	KCNQ1DN	GroupB_exclusive			TK93	SNV	0	1
ENSG00000156486	KCNS2	GroupB_exclusive			TK91	SNV	0	1
ENSG00000264714	KIAA0895LP1	GroupB_exclusive			TK92	INDEL	0	1
ENSG00000229921	KIF25-AS1	GroupB_exclusive			TK18	SNV	0	1
ENSG00000168280	KIF5C	GroupB_exclusive			TK91	SNV	0	1
ENSG00000226520	KIRREL1-IT1	GroupB_exclusive			TK93	SNV	0	1
ENSG00000254960	KIRREL3-AS2	GroupB_exclusive			TK92	SNV	0	1
ENSG00000170498	KISS1	GroupB_exclusive			TK10	SNV	0	1
ENSG00000171872	KLF17	GroupB_exclusive			TK93	SNV	0	1
ENSG00000258316	KLF17P1	GroupB_exclusive			TK91	SNV	0	1
ENSG00000267275	KLF2-DT	GroupB_exclusive			TK91	SNV	0	1
ENSG00000236516	KLF2P4	GroupB_exclusive			TK18	SNV	0	1
ENSG00000213022	KLK9	GroupB_exclusive			TK91	INDEL	0	1
ENSG00000245648	KLRK1-AS1	GroupB_exclusive			TK10	SNV	0	1
ENSG00000278273	KMT2CP1	GroupB_exclusive			TK92	SNV	0	1
ENSG00000276756	KMT2CP2	GroupB_exclusive			TK91	SNV	0	1
ENSG00000274927	KMT2CP3	GroupB_exclusive			TK92	SNV	0	1
ENSG00000162456	KNCN	GroupB_exclusive			TK10	SNV	0	1
ENSG00000250563	KNOP1P5	GroupB_exclusive			TK12	SNV	0	1
ENSG00000213754	KPNA4P1	GroupB_exclusive			TK92	SNV	0	1
ENSG00000220635	KRASP1	GroupB_exclusive			TK93	SNV	0	1
ENSG00000187242	KRT12	GroupB_exclusive			TK92	SNV	0	1
ENSG00000131885	KRT17P1	GroupB_exclusive			TK92	SNV	0	1
ENSG00000231645	KRT17P6	GroupB_exclusive			TK92	SNV	0	1
ENSG00000213943	KRT18P17	GroupB_exclusive			TK10	SNV	0	1
ENSG00000261764	KRT18P18	GroupB_exclusive			TK91	SNV	0	1
ENSG00000226234	KRT18P24	GroupB_exclusive			TK92	SNV	0	1
ENSG00000214533	KRT18P33	GroupB_exclusive			TK92	SNV	0	1
ENSG00000250834	KRT18P54	GroupB_exclusive			TK18	SNV	0	1
ENSG00000233471	KRT18P62	GroupB_exclusive			TK92	SNV	0	1
ENSG00000249681	KRT19P3	GroupB_exclusive			TK92	SNV	0	1
ENSG00000249891	KRT19P6	GroupB_exclusive			TK91	SNV	0	1
ENSG00000213424	KRT222	GroupB_exclusive			TK12	SNV	0	1
ENSG00000213538	KRT8P41	GroupB_exclusive			TK92	SNV	0	1
ENSG00000218186	KRT8P43	GroupB_exclusive			TK92	SNV	0	1
ENSG00000227913	KRT8P44	GroupB_exclusive			TK93	SNV	0	1
ENSG00000224520	KRT8P45	GroupB_exclusive			TK18	SNV	0	1
ENSG00000232479	KRT8P52	GroupB_exclusive			TK92	SNV	0	1
ENSG00000182591	KRTAP11-1	GroupB_exclusive			TK18	SNV	0	1
ENSG00000105700	KXD1	GroupB_exclusive			TK10	SNV	0	1
ENSG00000265698	LARP7P3	GroupB_exclusive			TK91	SNV	0	1
ENSG00000186207	LCE5A	GroupB_exclusive			TK10	SNV	0	1
ENSG00000204031	LCN1P2	GroupB_exclusive			TK10	SNV	0	1
ENSG00000148386	LCN9	GroupB_exclusive			TK18	SNV	0	1
ENSG00000270098	LDHAL6EP	GroupB_exclusive			TK93	SNV	0	1
ENSG00000217783	LDHAL6FP	GroupB_exclusive			TK92	SNV	0	1
ENSG00000251587	LDHAP1	GroupB_exclusive			TK93	SNV	0	1
ENSG00000232662	LDHBP1	GroupB_exclusive			TK92	INDEL	0	1
ENSG00000226235	LEMD1-AS1	GroupB_exclusive			TK92	INDEL	0	1
ENSG00000213921	LEUTX	GroupB_exclusive			TK10	SNV	0	1
ENSG00000105198	LGALS13	GroupB_exclusive			TK91	SNV	0	1
ENSG00000106689	LHX2	GroupB_exclusive			TK10	SNV	0	1
ENSG00000223806	LINC00114	GroupB_exclusive			TK10	SNV	0	1
ENSG00000215162	LINC00269	GroupB_exclusive			TK91	SNV	0	1
ENSG00000286217	LINC00279	GroupB_exclusive			TK10	SNV	0	1
ENSG00000176754	LINC00303	GroupB_exclusive			TK10	SNV	0	1
ENSG00000226846	LINC00348	GroupB_exclusive			TK10	SNV	0	1
ENSG00000231238	LINC00349	GroupB_exclusive			TK93	SNV	0	1
ENSG00000229557	LINC00379	GroupB_exclusive			TK92	SNV	0	1
ENSG00000229175	LINC00382	GroupB_exclusive			TK10	SNV	0	1
ENSG00000231983	LINC00415	GroupB_exclusive			TK91	SNV	0	1
ENSG00000234660	LINC00440	GroupB_exclusive			TK18	SNV	0	1
ENSG00000233124	LINC00456	GroupB_exclusive			TK10	SNV	0	1
ENSG00000225511	LINC00475	GroupB_exclusive			TK10	SNV	0	1
ENSG00000197503	LINC00477	GroupB_exclusive			TK12	SNV	0	1
ENSG00000225759	LINC00489	GroupB_exclusive			TK10	SNV	0	1
ENSG00000248397	LINC00498	GroupB_exclusive			TK91	INDEL,SNV	0	1
ENSG00000224851	LINC00502	GroupB_exclusive			TK92	SNV	0	1
ENSG00000249917	LINC00536	GroupB_exclusive			TK93	SNV	0	1
ENSG00000276476	LINC00540	GroupB_exclusive			TK10	SNV	0	1
ENSG00000260704	LINC00543	GroupB_exclusive			TK93	SNV	0	1
ENSG00000280989	LINC00581	GroupB_exclusive			TK93	SNV	0	1
ENSG00000224514	LINC00620	GroupB_exclusive			TK18	SNV	0	1
ENSG00000233208	LINC00642	GroupB_exclusive			TK92	SNV	0	1
ENSG00000234854	LINC00676	GroupB_exclusive			TK10	SNV	0	1
ENSG00000224382	LINC00703	GroupB_exclusive			TK10	SNV	0	1
ENSG00000281186	LINC00706	GroupB_exclusive			TK10	SNV	0	1
ENSG00000230014	LINC00709	GroupB_exclusive			TK93	SNV	0	1
ENSG00000280809	LINC00836	GroupB_exclusive			TK92	SNV	0	1
ENSG00000237949	LINC00844	GroupB_exclusive			TK10	SNV	0	1
ENSG00000267535	LINC00868	GroupB_exclusive			TK92	SNV	0	1
ENSG00000242385	LINC00901	GroupB_exclusive			TK18	SNV	0	1
ENSG00000258647	LINC00930	GroupB_exclusive			TK10	SNV	0	1
ENSG00000249346	LINC01016	GroupB_exclusive			TK92	SNV	0	1
ENSG00000271216	LINC01050	GroupB_exclusive			TK10	SNV	0	1
ENSG00000234767	LINC01052	GroupB_exclusive			TK91	SNV	0	1
ENSG00000238169	LINC01053	GroupB_exclusive			TK18	SNV	0	1
ENSG00000236053	LINC01067	GroupB_exclusive			TK91	SNV	0	1
ENSG00000260102	LINC01070	GroupB_exclusive			TK18	SNV	0	1
ENSG00000230142	LINC01075	GroupB_exclusive			TK91	SNV	0	1
ENSG00000223880	LINC01078	GroupB_exclusive			TK92	SNV	0	1
ENSG00000229609	LINC01079	GroupB_exclusive			TK93	SNV	0	1
ENSG00000242107	LINC01100	GroupB_exclusive			TK92	SNV	0	1
ENSG00000271167	LINC01109	GroupB_exclusive			TK18	SNV	0	1
ENSG00000222033	LINC01124	GroupB_exclusive			TK10	SNV	0	1
ENSG00000272419	LINC01145	GroupB_exclusive			TK92	SNV	0	1
ENSG00000232790	LINC01162	GroupB_exclusive			TK10	SNV	0	1
ENSG00000280953	LINC01163	GroupB_exclusive			TK10	SNV	0	1
ENSG00000240707	LINC01168	GroupB_exclusive			TK92	SNV	0	1
ENSG00000280744	LINC01173	GroupB_exclusive			TK10	SNV	0	1
ENSG00000269416	LINC01224	GroupB_exclusive			TK93	INDEL	0	1
ENSG00000267252	LINC01255	GroupB_exclusive			TK10	SNV	0	1
ENSG00000234191	LINC01283	GroupB_exclusive			TK12	SNV	0	1
ENSG00000254344	LINC01288	GroupB_exclusive			TK10	SNV	0	1
ENSG00000253351	LINC01298	GroupB_exclusive			TK10	SNV	0	1
ENSG00000241669	LINC01327	GroupB_exclusive			TK91	SNV	0	1
ENSG00000228309	LINC01350	GroupB_exclusive			TK92	SNV	0	1
ENSG00000224167	LINC01357	GroupB_exclusive			TK92	SNV	0	1
ENSG00000230817	LINC01362	GroupB_exclusive			TK10	SNV	0	1
ENSG00000251324	LINC01386	GroupB_exclusive			TK93	SNV	0	1
ENSG00000236078	LINC01447	GroupB_exclusive			TK10	SNV	0	1
ENSG00000238284	LINC01448	GroupB_exclusive			TK93	SNV	0	1
ENSG00000279141	LINC01451	GroupB_exclusive			TK92	SNV	0	1
ENSG00000234506	LINC01506	GroupB_exclusive			TK93	SNV	0	1
ENSG00000237267	LINC01519	GroupB_exclusive			TK92	SNV	0	1
ENSG00000230962	LINC01520	GroupB_exclusive			TK10	SNV	0	1
ENSG00000267779	LINC01533	GroupB_exclusive			TK10	SNV	0	1
ENSG00000228459	LINC01546	GroupB_exclusive			TK10	INDEL	0	1
ENSG00000204709	LINC01556	GroupB_exclusive			TK91	SNV	0	1
ENSG00000260057	LINC01571	GroupB_exclusive			TK91	SNV	0	1
ENSG00000258785	LINC01580	GroupB_exclusive			TK18	SNV	0	1
ENSG00000225328	LINC01594	GroupB_exclusive			TK93	SNV	0	1
ENSG00000250666	LINC01596	GroupB_exclusive			TK93	SNV	0	1
ENSG00000237643	LINC01610	GroupB_exclusive			TK93	SNV	0	1
ENSG00000261432	LINC01613	GroupB_exclusive			TK92	SNV	0	1
ENSG00000230838	LINC01614	GroupB_exclusive			TK92	SNV	0	1
ENSG00000227508	LINC01624	GroupB_exclusive			TK92	SNV	0	1
ENSG00000238099	LINC01625	GroupB_exclusive			TK92	SNV	0	1
ENSG00000258602	LINC01629	GroupB_exclusive			TK10	SNV	0	1
ENSG00000225431	LINC01671	GroupB_exclusive			TK93	SNV	0	1
ENSG00000234052	LINC01673	GroupB_exclusive			TK91	SNV	0	1
ENSG00000228159	LINC01674	GroupB_exclusive			TK18	SNV	0	1
ENSG00000233480	LINC01683	GroupB_exclusive			TK92	SNV	0	1
ENSG00000226983	LINC01692	GroupB_exclusive			TK92	SNV	0	1
ENSG00000235200	LINC01702	GroupB_exclusive			TK91	SNV	0	1
ENSG00000231364	LINC01712	GroupB_exclusive			TK93	SNV	0	1
ENSG00000228058	LINC01736	GroupB_exclusive			TK12	SNV	0	1
ENSG00000229537	LINC01739	GroupB_exclusive			TK10	SNV	0	1
ENSG00000228067	LINC01740	GroupB_exclusive			TK93	SNV	0	1
ENSG00000225919	LINC01745	GroupB_exclusive			TK91	SNV	0	1
ENSG00000230250	LINC01753	GroupB_exclusive			TK18	SNV	0	1
ENSG00000229639	LINC01758	GroupB_exclusive			TK92	SNV	0	1
ENSG00000267308	LINC01764	GroupB_exclusive			TK92	SNV	0	1
ENSG00000226053	LINC01776	GroupB_exclusive			TK92	SNV	0	1
ENSG00000232650	LINC01780	GroupB_exclusive			TK10	SNV	0	1
ENSG00000231987	LINC01787	GroupB_exclusive			TK93	SNV	0	1
ENSG00000237179	LINC01797	GroupB_exclusive			TK92	SNV	0	1
ENSG00000229805	LINC01813	GroupB_exclusive			TK92	SNV	0	1
ENSG00000234919	LINC01827	GroupB_exclusive			TK93	SNV	0	1
ENSG00000235885	LINC01828	GroupB_exclusive			TK91	SNV	0	1
ENSG00000267489	LINC01837	GroupB_exclusive			TK92	SNV	0	1
ENSG00000230215	LINC01840	GroupB_exclusive			TK92	SNV	0	1
ENSG00000267147	LINC01842	GroupB_exclusive			TK93	INDEL,SNV	0	1
ENSG00000236714	LINC01844	GroupB_exclusive			TK92	SNV	0	1
ENSG00000254106	LINC01848	GroupB_exclusive			TK91	SNV	0	1
ENSG00000234988	LINC01849	GroupB_exclusive			TK93	SNV	0	1
ENSG00000261615	LINC01858	GroupB_exclusive			TK92	SNV	0	1
ENSG00000268318	LINC01872	GroupB_exclusive			TK10	SNV	0	1
ENSG00000226383	LINC01876	GroupB_exclusive			TK93	SNV	0	1
ENSG00000232002	LINC01880	GroupB_exclusive			TK91	SNV	0	1
ENSG00000237576	LINC01888	GroupB_exclusive			TK93	INDEL	0	1
ENSG00000264345	LINC01894	GroupB_exclusive			TK10	SNV	0	1
ENSG00000261194	LINC01898	GroupB_exclusive			TK18	SNV	0	1
ENSG00000236049	LINC01920	GroupB_exclusive			TK93	SNV	0	1
ENSG00000264265	LINC01925	GroupB_exclusive			TK10	SNV	0	1
ENSG00000253315	LINC01932	GroupB_exclusive			TK18	SNV	0	1
ENSG00000235997	LINC01936	GroupB_exclusive			TK92	SNV	0	1
ENSG00000254066	LINC01938	GroupB_exclusive			TK92	SNV	0	1
ENSG00000236485	LINC01945	GroupB_exclusive			TK91	SNV	0	1
ENSG00000254130	LINC01947	GroupB_exclusive			TK92	SNV	0	1
ENSG00000283436	LINC01958	GroupB_exclusive			TK93	SNV	0	1
ENSG00000260868	LINC01960	GroupB_exclusive			TK92	SNV	0	1
ENSG00000256637	LINC01965	GroupB_exclusive			TK92	SNV	0	1
ENSG00000278200	LINC01971	GroupB_exclusive			TK18	SNV	0	1
ENSG00000263312	LINC01975	GroupB_exclusive			TK93	SNV	0	1
ENSG00000261863	LINC01996	GroupB_exclusive			TK10	SNV	0	1
ENSG00000263609	LINC02002	GroupB_exclusive			TK91	SNV	0	1
ENSG00000240006	LINC02004	GroupB_exclusive			TK18	SNV	0	1
ENSG00000228730	LINC02013	GroupB_exclusive			TK10	SNV	0	1
ENSG00000238097	LINC02037	GroupB_exclusive			TK92	SNV	0	1
ENSG00000243347	LINC02045	GroupB_exclusive			TK92	SNV	0	1
ENSG00000224406	LINC02052	GroupB_exclusive			TK91	SNV	0	1
ENSG00000248371	LINC02056	GroupB_exclusive			TK92	SNV	0	1
ENSG00000237057	LINC02087	GroupB_exclusive			TK10	SNV	0	1
ENSG00000226364	LINC02089	GroupB_exclusive			TK92	SNV	0	1
ENSG00000250514	LINC02125	GroupB_exclusive			TK18	SNV	0	1
ENSG00000259847	LINC02126	GroupB_exclusive			TK92	SNV	0	1
ENSG00000261637	LINC02127	GroupB_exclusive			TK10	SNV	0	1
ENSG00000248708	LINC02144	GroupB_exclusive			TK92	SNV	0	1
ENSG00000249490	LINC02146	GroupB_exclusive			TK10	SNV	0	1
ENSG00000235385	LINC02154	GroupB_exclusive			TK12	SNV	0	1
ENSG00000261703	LINC02168	GroupB_exclusive			TK92	SNV	0	1
ENSG00000232190	LINC02181	GroupB_exclusive			TK92	SNV	0	1
ENSG00000261856	LINC02186	GroupB_exclusive			TK92	SNV	0	1
ENSG00000260923	LINC02193	GroupB_exclusive			TK18	SNV	0	1
ENSG00000260264	LINC02194	GroupB_exclusive			TK92	SNV	0	1
ENSG00000250198	LINC02199	GroupB_exclusive			TK91	SNV	0	1
ENSG00000251311	LINC02214	GroupB_exclusive			TK10	INDEL,SNV	0	1
ENSG00000249551	LINC02216	GroupB_exclusive			TK93	INDEL	0	1
ENSG00000223479	LINC02238	GroupB_exclusive			TK92	SNV	0	1
ENSG00000281903	LINC02246	GroupB_exclusive			TK10	SNV	0	1
ENSG00000261304	LINC02252	GroupB_exclusive			TK93	SNV	0	1
ENSG00000257912	LINC02258	GroupB_exclusive			TK91	SNV	0	1
ENSG00000229565	LINC02264	GroupB_exclusive			TK93	SNV	0	1
ENSG00000251283	LINC02272	GroupB_exclusive			TK92	SNV	0	1
ENSG00000248319	LINC02275	GroupB_exclusive			TK92	SNV	0	1
ENSG00000257056	LINC02282	GroupB_exclusive			TK10	SNV	0	1
ENSG00000248184	LINC02283	GroupB_exclusive			TK10	SNV	0	1
ENSG00000258499	LINC02287	GroupB_exclusive			TK18	SNV	0	1
ENSG00000258511	LINC02295	GroupB_exclusive			TK91	SNV	0	1
ENSG00000258616	LINC02303	GroupB_exclusive			TK93	SNV	0	1
ENSG00000258532	LINC02305	GroupB_exclusive			TK92	SNV	0	1
ENSG00000258969	LINC02307	GroupB_exclusive			TK92	INDEL,SNV	0	1
ENSG00000258390	LINC02318	GroupB_exclusive			TK93	SNV	0	1
ENSG00000258694	LINC02319	GroupB_exclusive			TK91	SNV	0	1
ENSG00000259230	LINC02323	GroupB_exclusive			TK91	SNV	0	1
ENSG00000257523	LINC02326	GroupB_exclusive			TK93	SNV	0	1
ENSG00000258038	LINC02327	GroupB_exclusive			TK92	SNV	0	1
ENSG00000283554	LINC02341	GroupB_exclusive			TK93	SNV	0	1
ENSG00000280580	LINC02342	GroupB_exclusive			TK91	SNV	0	1
ENSG00000206187	LINC02346	GroupB_exclusive			TK92	SNV	0	1
ENSG00000284848	LINC02359	GroupB_exclusive			TK10	INDEL	0	1
ENSG00000256292	LINC02376	GroupB_exclusive			TK10	SNV	0	1
ENSG00000257784	LINC02400	GroupB_exclusive			TK12	SNV	0	1
ENSG00000257510	LINC02402	GroupB_exclusive			TK12	SNV	0	1
ENSG00000257920	LINC02409	GroupB_exclusive			TK10	SNV	0	1
ENSG00000256022	LINC02411	GroupB_exclusive			TK91	SNV	0	1
ENSG00000257924	LINC02416	GroupB_exclusive			TK93	SNV	0	1
ENSG00000214039	LINC02418	GroupB_exclusive			TK92	SNV	0	1
ENSG00000257747	LINC02426	GroupB_exclusive			TK12	SNV	0	1
ENSG00000251266	LINC02429	GroupB_exclusive			TK91	SNV	0	1
ENSG00000248872	LINC02431	GroupB_exclusive			TK92	SNV	0	1
ENSG00000256268	LINC02454	GroupB_exclusive			TK92	SNV	0	1
ENSG00000256672	LINC02455	GroupB_exclusive			TK93	SNV	0	1
ENSG00000257683	LINC02463	GroupB_exclusive			TK92	SNV	0	1
ENSG00000256499	LINC02468	GroupB_exclusive			TK93	SNV	0	1
ENSG00000250819	LINC02493	GroupB_exclusive			TK10	SNV	0	1
ENSG00000233534	LINC02524	GroupB_exclusive			TK12	SNV	0	1
ENSG00000229654	LINC02526	GroupB_exclusive			TK92	SNV	0	1
ENSG00000234155	LINC02535	GroupB_exclusive			TK91	SNV	0	1
ENSG00000255039	LINC02553	GroupB_exclusive			TK91	SNV	0	1
ENSG00000226741	LINC02554	GroupB_exclusive			TK10	SNV	0	1
ENSG00000225413	LINC02557	GroupB_exclusive			TK10	SNV	0	1
ENSG00000237552	LINC02567	GroupB_exclusive			TK12	SNV	0	1
ENSG00000233431	LINC02596	GroupB_exclusive			TK10	SNV	0	1
ENSG00000250986	LINC02600	GroupB_exclusive			TK93	SNV	0	1
ENSG00000223714	LINC02601	GroupB_exclusive			TK10	SNV	0	1
ENSG00000224048	LINC02612	GroupB_exclusive			TK91	SNV	0	1
ENSG00000233643	LINC02625	GroupB_exclusive			TK92	SNV	0	1
ENSG00000229466	LINC02627	GroupB_exclusive			TK92	SNV	0	1
ENSG00000283000	LINC02635	GroupB_exclusive			TK92	SNV	0	1
ENSG00000233590	LINC02640	GroupB_exclusive			TK10	SNV	0	1
ENSG00000234170	LINC02645	GroupB_exclusive			TK10	SNV	0	1
ENSG00000233945	LINC02650	GroupB_exclusive			TK18	SNV	0	1
ENSG00000237128	LINC02652	GroupB_exclusive			TK10	SNV	0	1
ENSG00000226140	LINC02654	GroupB_exclusive			TK10	SNV	0	1
ENSG00000226005	LINC02660	GroupB_exclusive			TK91	SNV	0	1
ENSG00000228636	LINC02663	GroupB_exclusive			TK92	SNV	0	1
ENSG00000226676	LINC02679	GroupB_exclusive			TK92	SNV	0	1
ENSG00000229649	LINC02681	GroupB_exclusive			TK91	SNV	0	1
ENSG00000255512	LINC02684	GroupB_exclusive			TK10	SNV	0	1
ENSG00000255267	LINC02687	GroupB_exclusive			TK10	SNV	0	1
ENSG00000254872	LINC02688	GroupB_exclusive			TK10	SNV	0	1
ENSG00000212719	LINC02693	GroupB_exclusive			TK10	SNV	0	1
ENSG00000255344	LINC02706	GroupB_exclusive			TK91	SNV	0	1
ENSG00000255427	LINC02707	GroupB_exclusive			TK12	SNV	0	1
ENSG00000255183	LINC02711	GroupB_exclusive			TK93	SNV	0	1
ENSG00000255133	LINC02721	GroupB_exclusive			TK92	SNV	0	1
ENSG00000255109	LINC02740	GroupB_exclusive			TK92	SNV	0	1
ENSG00000254946	LINC02751	GroupB_exclusive			TK91	SNV	0	1
ENSG00000254516	LINC02760	GroupB_exclusive			TK92	SNV	0	1
ENSG00000285823	LINC02793	GroupB_exclusive			TK91	SNV	0	1
ENSG00000232265	LINC02805	GroupB_exclusive			TK10	SNV	0	1
ENSG00000227308	LINC02832	GroupB_exclusive			TK91	SNV	0	1
ENSG00000285768	LINC02849	GroupB_exclusive			TK10	SNV	0	1
ENSG00000259245	LINC02853	GroupB_exclusive			TK10	SNV	0	1
ENSG00000254209	LINC02855	GroupB_exclusive			TK93	SNV	0	1
ENSG00000285594	LINC02856	GroupB_exclusive			TK12	SNV	0	1
ENSG00000230852	LINC02857	GroupB_exclusive			TK91	SNV	0	1
ENSG00000237571	LINC02862	GroupB_exclusive			TK92	INDEL	0	1
ENSG00000203864	LINC02868	GroupB_exclusive			TK91	SNV	0	1
ENSG00000204446	LINC02872	GroupB_exclusive			TK93	SNV	0	1
ENSG00000239941	LINC02917	GroupB_exclusive			TK10	SNV	0	1
ENSG00000243144	LINC02932	GroupB_exclusive			TK92	SNV	0	1
ENSG00000227359	LINC02936	GroupB_exclusive			TK92	SNV	0	1
ENSG00000255606	LINC02952	GroupB_exclusive			TK92	INDEL	0	1
ENSG00000255652	LINC02963	GroupB_exclusive			TK92	SNV	0	1
ENSG00000224307	LINC02975	GroupB_exclusive			TK92	SNV	0	1
ENSG00000290496	LINC03003	GroupB_exclusive			TK93	SNV	0	1
ENSG00000226770	LINC03012	GroupB_exclusive			TK93	SNV	0	1
ENSG00000234394	LINC03025	GroupB_exclusive			TK92	SNV	0	1
ENSG00000230952	LINC03037	GroupB_exclusive			TK91	SNV	0	1
ENSG00000275216	LINC03061	GroupB_exclusive			TK10	SNV	0	1
ENSG00000251249	LINC03074	GroupB_exclusive			TK93	SNV	0	1
ENSG00000229301	LINC03075	GroupB_exclusive			TK93	SNV	0	1
ENSG00000213171	LINGO4	GroupB_exclusive			TK10	SNV	0	1
ENSG00000259293	LIPC-AS1	GroupB_exclusive			TK93	SNV	0	1
ENSG00000215403	LL22NC01-81G9.3	GroupB_exclusive			TK91	SNV	0	1
ENSG00000223458	LMO7DN-IT1	GroupB_exclusive			TK92	SNV	0	1
ENSG00000224702	LMX1A-AS2	GroupB_exclusive			TK10	SNV	0	1
ENSG00000249152	LNCPRESS2	GroupB_exclusive			TK93	SNV	0	1
ENSG00000250930	LNX1-AS1	GroupB_exclusive			TK92	SNV	0	1
ENSG00000258415	LONRF2P4	GroupB_exclusive			TK10	SNV	0	1
ENSG00000213071	LPAL2	GroupB_exclusive			TK91	SNV	0	1
ENSG00000256371	LRRC34P1	GroupB_exclusive			TK92	SNV	0	1
ENSG00000250462	LRRC37BP1	GroupB_exclusive			TK92	SNV	0	1
ENSG00000225386	LRRC3B-AS1	GroupB_exclusive			TK91	SNV	0	1
ENSG00000158113	LRRC43	GroupB_exclusive			TK91	SNV	0	1
ENSG00000198739	LRRTM3	GroupB_exclusive			TK18	SNV	0	1
ENSG00000234653	LRRTM4-AS1	GroupB_exclusive			TK18	SNV	0	1
ENSG00000225787	LSM3P3	GroupB_exclusive			TK93	INDEL	0	1
ENSG00000260014	LSM3P5	GroupB_exclusive			TK91	SNV	0	1
ENSG00000269099	LSP1P1	GroupB_exclusive			TK93	SNV	0	1
ENSG00000251008	LTO1P1	GroupB_exclusive			TK10	SNV	0	1
ENSG00000250219	LTV1P1	GroupB_exclusive			TK92	SNV	0	1
ENSG00000204421	LY6G6C	GroupB_exclusive			TK10	SNV	0	1
ENSG00000197353	LYPD2	GroupB_exclusive			TK10	SNV	0	1
ENSG00000124466	LYPD3	GroupB_exclusive			TK91	INDEL	0	1
ENSG00000229703	LYPD9P	GroupB_exclusive			TK12	SNV	0	1
ENSG00000151033	LYZL2	GroupB_exclusive			TK92	SNV	0	1
ENSG00000154545	MAGED4	GroupB_exclusive			TK91	SNV	0	1
ENSG00000187243	MAGED4B	GroupB_exclusive			TK91	SNV	0	1
ENSG00000204706	MAMDC2-AS1	GroupB_exclusive			TK92	SNV	0	1
ENSG00000231298	MANCR	GroupB_exclusive			TK18	SNV	0	1
ENSG00000069535	MAOB	GroupB_exclusive			TK92	SNV	0	1
ENSG00000231909	MAP1LC3BP1	GroupB_exclusive			TK92	SNV	0	1
ENSG00000223488	MAPK6P2	GroupB_exclusive			TK93	SNV	0	1
ENSG00000262500	MAPK8IP1P1	GroupB_exclusive			TK10	SNV	0	1
ENSG00000250076	MAPRE1P2	GroupB_exclusive			TK92	SNV	0	1
ENSG00000173838	MARCHF10	GroupB_exclusive			TK92	SNV	0	1
ENSG00000271642	MARK3P1	GroupB_exclusive			TK92	INDEL,SNV	0	1
ENSG00000152601	MBNL1	GroupB_exclusive			TK10	INDEL,SNV	0	1
ENSG00000176136	MC5R	GroupB_exclusive			TK91	SNV	0	1
ENSG00000235963	MCCD1P1	GroupB_exclusive			TK92	SNV	0	1
ENSG00000241418	MCRIP2P1	GroupB_exclusive			TK92	SNV	0	1
ENSG00000236131	MED13P1	GroupB_exclusive			TK93	SNV	0	1
ENSG00000233774	MED14P1	GroupB_exclusive			TK93	SNV	0	1
ENSG00000236542	MED28P7	GroupB_exclusive			TK93	SNV	0	1
ENSG00000245864	MEF2C-AS2	GroupB_exclusive			TK92	SNV	0	1
ENSG00000188013	MEIS3P2	GroupB_exclusive			TK10	SNV	0	1
ENSG00000272701	MESTIT1	GroupB_exclusive			TK93	SNV	0	1
ENSG00000220884	MESTP1	GroupB_exclusive			TK92	SNV	0	1
ENSG00000258587	METTL5P1	GroupB_exclusive			TK92	INDEL,SNV	0	1
ENSG00000205301	MGAT4D	GroupB_exclusive			TK92	SNV	0	1
ENSG00000259458	MGC15885	GroupB_exclusive			TK92	SNV	0	1
ENSG00000283117	MGC4859	GroupB_exclusive			TK91	SNV	0	1
ENSG00000244625	MIATNB	GroupB_exclusive			TK10	SNV	0	1
ENSG00000165175	MID1IP1	GroupB_exclusive			TK12	SNV	0	1
ENSG00000135517	MIP	GroupB_exclusive			TK93	SNV	0	1
ENSG00000224783	MIPEPP2	GroupB_exclusive			TK91	SNV	0	1
ENSG00000151338	MIPOL1	GroupB_exclusive			TK10	SNV	0	1
ENSG00000221585	MIR1226	GroupB_exclusive			TK91	SNV	0	1
ENSG00000221411	MIR1227	GroupB_exclusive			TK92	SNV	0	1
ENSG00000221365	MIR1228	GroupB_exclusive			TK91	SNV	0	1
ENSG00000284378	MIR1244-1	GroupB_exclusive			TK10	INDEL	0	1
ENSG00000266192	MIR1260B	GroupB_exclusive			TK18	SNV	0	1
ENSG00000283476	MIR1279	GroupB_exclusive			TK10	SNV	0	1
ENSG00000221792	MIR1282	GroupB_exclusive			TK93	SNV	0	1
ENSG00000275377	MIR1299	GroupB_exclusive			TK91	SNV	0	1
ENSG00000284332	MIR1302-2	GroupB_exclusive			TK92	SNV	0	1
ENSG00000243485	MIR1302-2HG	GroupB_exclusive			TK93	SNV	0	1
ENSG00000284464	MIR1306	GroupB_exclusive			TK92	SNV	0	1
ENSG00000283871	MIR130B	GroupB_exclusive			TK91	SNV	0	1
ENSG00000283894	MIR1324	GroupB_exclusive			TK10	SNV	0	1
ENSG00000284386	MIR147B	GroupB_exclusive			TK10	SNV	0	1
ENSG00000199085	MIR148A	GroupB_exclusive			TK18	SNV	0	1
ENSG00000199122	MIR148B	GroupB_exclusive			TK92	SNV	0	1
ENSG00000207721	MIR186	GroupB_exclusive			TK10	SNV	0	1
ENSG00000239118	MIR1972-2	GroupB_exclusive			TK91	SNV	0	1
ENSG00000207752	MIR199A1	GroupB_exclusive			TK92	SNV	0	1
ENSG00000283762	MIR20A	GroupB_exclusive			TK10	SNV	0	1
ENSG00000207590	MIR215	GroupB_exclusive			TK92	SNV	0	1
ENSG00000226702	MIR217HG	GroupB_exclusive			TK93	SNV	0	1
ENSG00000199036	MIR219A1	GroupB_exclusive			TK92	SNV	0	1
ENSG00000283824	MIR22	GroupB_exclusive			TK92	SNV	0	1
ENSG00000207980	MIR23A	GroupB_exclusive			TK12	SNV	0	1
ENSG00000207563	MIR23B	GroupB_exclusive			TK18	SNV	0	1
ENSG00000264292	MIR2467	GroupB_exclusive			TK92	SNV	0	1
ENSG00000207864	MIR27B	GroupB_exclusive			TK10	SNV	0	1
ENSG00000284040	MIR296	GroupB_exclusive			TK18	SNV	0	1
ENSG00000212102	MIR301B	GroupB_exclusive			TK93	SNV	0	1
ENSG00000207927	MIR302A	GroupB_exclusive			TK91	SNV	0	1
ENSG00000264370	MIR3125	GroupB_exclusive			TK92	INDEL	0	1
ENSG00000264931	MIR3138	GroupB_exclusive			TK10	SNV	0	1
ENSG00000264678	MIR3140	GroupB_exclusive			TK92	SNV	0	1
ENSG00000283522	MIR3150A	GroupB_exclusive			TK18	SNV	0	1
ENSG00000266423	MIR3163	GroupB_exclusive			TK91	SNV	0	1
ENSG00000265539	MIR3164	GroupB_exclusive			TK92	SNV	0	1
ENSG00000265871	MIR3174	GroupB_exclusive			TK93	SNV	0	1
ENSG00000257381	MIR3179-2	GroupB_exclusive			TK91	SNV	0	1
ENSG00000267959	MIR3188	GroupB_exclusive			TK93	SNV	0	1
ENSG00000284411	MIR3191	GroupB_exclusive			TK92	SNV	0	1
ENSG00000263681	MIR3197	GroupB_exclusive			TK91	SNV	0	1
ENSG00000264757	MIR3198-1	GroupB_exclusive			TK92	SNV	0	1
ENSG00000264073	MIR3199-1	GroupB_exclusive			TK10	SNV	0	1
ENSG00000284544	MIR330	GroupB_exclusive			TK92	SNV	0	1
ENSG00000266228	MIR3611	GroupB_exclusive			TK91	SNV	0	1
ENSG00000264864	MIR3613	GroupB_exclusive			TK92	SNV	0	1
ENSG00000284140	MIR3618	GroupB_exclusive			TK10	SNV	0	1
ENSG00000263697	MIR3621	GroupB_exclusive			TK12	SNV	0	1
ENSG00000264462	MIR3648-2	GroupB_exclusive			TK93	SNV	0	1
ENSG00000266043	MIR3649	GroupB_exclusive			TK92	SNV	0	1
ENSG00000265304	MIR3650	GroupB_exclusive			TK18	SNV	0	1
ENSG00000224592	MIR3659HG	GroupB_exclusive			TK91	SNV	0	1
ENSG00000234474	MIR3663HG	GroupB_exclusive			TK93	INDEL	0	1
ENSG00000266643	MIR3677	GroupB_exclusive			TK10	SNV	0	1
ENSG00000265213	MIR3684	GroupB_exclusive			TK91	SNV	0	1
ENSG00000264744	MIR3689C	GroupB_exclusive			TK92	SNV	0	1
ENSG00000264136	MIR3689D2	GroupB_exclusive			TK92	SNV	0	1
ENSG00000266509	MIR3934	GroupB_exclusive			TK10	SNV	0	1
ENSG00000202566	MIR421	GroupB_exclusive			TK91	SNV	0	1
ENSG00000264493	MIR4298	GroupB_exclusive			TK92	SNV	0	1
ENSG00000245832	MIR4300HG	GroupB_exclusive			TK93	SNV	0	1
ENSG00000257612	MIR4307HG	GroupB_exclusive			TK92	SNV	0	1
ENSG00000266226	MIR4323	GroupB_exclusive			TK18	SNV	0	1
ENSG00000231090	MIR4422HG	GroupB_exclusive			TK91	SNV	0	1
ENSG00000266780	MIR4444-2	GroupB_exclusive			TK18	SNV	0	1
ENSG00000268471	MIR4453HG	GroupB_exclusive			TK91	SNV	0	1
ENSG00000284062	MIR4469	GroupB_exclusive			TK12	SNV	0	1
ENSG00000276029	MIR4477A	GroupB_exclusive			TK92	SNV	0	1
ENSG00000264032	MIR4491	GroupB_exclusive			TK92	SNV	0	1
ENSG00000264024	MIR4507	GroupB_exclusive			TK10	SNV	0	1
ENSG00000207755	MIR450A2	GroupB_exclusive			TK10	INDEL,SNV	0	1
ENSG00000266589	MIR4512	GroupB_exclusive			TK10	SNV	0	1
ENSG00000264781	MIR4537	GroupB_exclusive			TK18	SNV	0	1
ENSG00000263413	MIR4538	GroupB_exclusive			TK18	SNV	0	1
ENSG00000263712	MIR4639	GroupB_exclusive			TK93	SNV	0	1
ENSG00000266619	MIR4642	GroupB_exclusive			TK10	SNV	0	1
ENSG00000266245	MIR4644	GroupB_exclusive			TK93	SNV	0	1
ENSG00000284518	MIR4658	GroupB_exclusive			TK92	SNV	0	1
ENSG00000266038	MIR4659A	GroupB_exclusive			TK92	SNV	0	1
ENSG00000265660	MIR4664	GroupB_exclusive			TK91	SNV	0	1
ENSG00000263575	MIR4665	GroupB_exclusive			TK10	SNV	0	1
ENSG00000266315	MIR4668	GroupB_exclusive			TK92	SNV	0	1
ENSG00000264158	MIR4670	GroupB_exclusive			TK93	SNV	0	1
ENSG00000264102	MIR4688	GroupB_exclusive			TK93	SNV	0	1
ENSG00000266041	MIR4690	GroupB_exclusive			TK92	SNV	0	1
ENSG00000264309	MIR4694	GroupB_exclusive			TK93	SNV	0	1
ENSG00000284020	MIR4697	GroupB_exclusive			TK10	SNV	0	1
ENSG00000273627	MIR4726	GroupB_exclusive			TK91	SNV	0	1
ENSG00000264961	MIR4730	GroupB_exclusive			TK10	SNV	0	1
ENSG00000275238	MIR4734	GroupB_exclusive			TK18	SNV	0	1
ENSG00000283842	MIR4751	GroupB_exclusive			TK18	SNV	0	1
ENSG00000263439	MIR4753	GroupB_exclusive			TK91	SNV	0	1
ENSG00000265694	MIR4774	GroupB_exclusive			TK91	SNV	0	1
ENSG00000263641	MIR4777	GroupB_exclusive			TK10	SNV	0	1
ENSG00000272543	MIR4787	GroupB_exclusive			TK92	SNV	0	1
ENSG00000284575	MIR4793	GroupB_exclusive			TK10	SNV	0	1
ENSG00000263593	MIR4804	GroupB_exclusive			TK92	SNV	0	1
ENSG00000284584	MIR5006	GroupB_exclusive			TK10	SNV	0	1
ENSG00000208005	MIR503	GroupB_exclusive			TK10	SNV	0	1
ENSG00000264999	MIR5089	GroupB_exclusive			TK91	SNV	0	1
ENSG00000266240	MIR5091	GroupB_exclusive			TK93	SNV	0	1
ENSG00000263456	MIR5189	GroupB_exclusive			TK91	SNV	0	1
ENSG00000265929	MIR5195	GroupB_exclusive			TK93	SNV	0	1
ENSG00000207758	MIR532	GroupB_exclusive			TK91	SNV	0	1
ENSG00000264402	MIR548AL	GroupB_exclusive			TK91	SNV	0	1
ENSG00000265470	MIR548AQ	GroupB_exclusive			TK93	INDEL	0	1
ENSG00000263690	MIR548D2	GroupB_exclusive			TK12	INDEL	0	1
ENSG00000221669	MIR548N	GroupB_exclusive			TK91	SNV	0	1
ENSG00000266570	MIR5579	GroupB_exclusive			TK91	SNV	0	1
ENSG00000266203	MIR5585	GroupB_exclusive			TK92	SNV	0	1
ENSG00000264056	MIR5685	GroupB_exclusive			TK92	SNV	0	1
ENSG00000264580	MIR5692B	GroupB_exclusive			TK18	SNV	0	1
ENSG00000266668	MIR5692C2	GroupB_exclusive			TK91	SNV	0	1
ENSG00000265521	MIR5697	GroupB_exclusive			TK10	SNV	0	1
ENSG00000264536	MIR5706	GroupB_exclusive			TK93	SNV	0	1
ENSG00000207697	MIR573	GroupB_exclusive			TK92	SNV	0	1
ENSG00000207769	MIR586	GroupB_exclusive			TK92	SNV	0	1
ENSG00000207632	MIR588	GroupB_exclusive			TK92	SNV	0	1
ENSG00000207741	MIR590	GroupB_exclusive			TK10	SNV	0	1
ENSG00000207991	MIR601	GroupB_exclusive			TK92	SNV	0	1
ENSG00000207612	MIR604	GroupB_exclusive			TK91	SNV	0	1
ENSG00000207813	MIR605	GroupB_exclusive			TK93	SNV	0	1
ENSG00000273742	MIR6075	GroupB_exclusive			TK18	SNV	0	1
ENSG00000278038	MIR6076	GroupB_exclusive			TK10	SNV	0	1
ENSG00000208028	MIR616	GroupB_exclusive			TK91	SNV	0	1
ENSG00000207967	MIR620	GroupB_exclusive			TK93	INDEL	0	1
ENSG00000207652	MIR621	GroupB_exclusive			TK10	SNV	0	1
ENSG00000207712	MIR627	GroupB_exclusive			TK10	SNV	0	1
ENSG00000283805	MIR636	GroupB_exclusive			TK91	SNV	0	1
ENSG00000207972	MIR638	GroupB_exclusive			TK18	SNV	0	1
ENSG00000284049	MIR650	GroupB_exclusive			TK12	SNV	0	1
ENSG00000275344	MIR6503	GroupB_exclusive			TK12	SNV	0	1
ENSG00000273613	MIR6511A4	GroupB_exclusive			TK10	SNV	0	1
ENSG00000207574	MIR661	GroupB_exclusive			TK91	SNV	0	1
ENSG00000227195	MIR663AHG	GroupB_exclusive			TK93	SNV	0	1
ENSG00000221288	MIR663B	GroupB_exclusive			TK93	SNV	0	1
ENSG00000275022	MIR6753	GroupB_exclusive			TK10	SNV	0	1
ENSG00000283840	MIR6764	GroupB_exclusive			TK12	SNV	0	1
ENSG00000273778	MIR6765	GroupB_exclusive			TK10	INDEL	0	1
ENSG00000274805	MIR6768	GroupB_exclusive			TK10	SNV	0	1
ENSG00000274111	MIR6777	GroupB_exclusive			TK92	SNV	0	1
ENSG00000278223	MIR6783	GroupB_exclusive			TK93	SNV	0	1
ENSG00000273555	MIR6812	GroupB_exclusive			TK18	SNV	0	1
ENSG00000274034	MIR6813	GroupB_exclusive			TK18	SNV	0	1
ENSG00000275818	MIR6818	GroupB_exclusive			TK93	SNV	0	1
ENSG00000284289	MIR6820	GroupB_exclusive			TK92	SNV	0	1
ENSG00000274494	MIR6832	GroupB_exclusive			TK18	SNV	0	1
ENSG00000273945	MIR6853	GroupB_exclusive			TK92	SNV	0	1
ENSG00000276124	MIR6855	GroupB_exclusive			TK10	SNV	0	1
ENSG00000283793	MIR6861	GroupB_exclusive			TK10	SNV	0	1
ENSG00000278340	MIR6862-2	GroupB_exclusive			TK91	SNV	0	1
ENSG00000283848	MIR6872	GroupB_exclusive			TK18	SNV	0	1
ENSG00000283821	MIR6875	GroupB_exclusive			TK18	SNV	0	1
ENSG00000275967	MIR6880	GroupB_exclusive			TK10	INDEL	0	1
ENSG00000283721	MIR6884	GroupB_exclusive			TK12	SNV	0	1
ENSG00000274390	MIR6885	GroupB_exclusive			TK93	SNV	0	1
ENSG00000275141	MIR6888	GroupB_exclusive			TK91	SNV	0	1
ENSG00000274552	MIR6889	GroupB_exclusive			TK10	SNV	0	1
ENSG00000276598	MIR6893	GroupB_exclusive			TK92	SNV	0	1
ENSG00000284179	MIR7-1	GroupB_exclusive			TK18	SNV	0	1
ENSG00000284251	MIR711	GroupB_exclusive			TK93	SNV	0	1
ENSG00000284293	MIR7113	GroupB_exclusive			TK12	SNV	0	1
ENSG00000211591	MIR762	GroupB_exclusive			TK93	SNV	0	1
ENSG00000260083	MIR762HG	GroupB_exclusive			TK10	SNV	0	1
ENSG00000283880	MIR7704	GroupB_exclusive			TK92	SNV	0	1
ENSG00000284160	MIR7706	GroupB_exclusive			TK18	SNV	0	1
ENSG00000284594	MIR7847	GroupB_exclusive			TK92	SNV	0	1
ENSG00000278438	MIR7849	GroupB_exclusive			TK92	SNV	0	1
ENSG00000276580	MIR8055	GroupB_exclusive			TK10	SNV	0	1
ENSG00000284425	MIR8072	GroupB_exclusive			TK18	SNV	0	1
ENSG00000277063	MIR8084	GroupB_exclusive			TK92	SNV	0	1
ENSG00000278483	MIR8087	GroupB_exclusive			TK92	SNV	0	1
ENSG00000215952	MIR921	GroupB_exclusive			TK92	SNV	0	1
ENSG00000283705	MIR92A1	GroupB_exclusive			TK10	SNV	0	1
ENSG00000284586	MIR92B	GroupB_exclusive			TK10	SNV	0	1
ENSG00000216141	MIR941-2	GroupB_exclusive			TK10	SNV	0	1
ENSG00000270499	MKI67P1	GroupB_exclusive			TK93	INDEL,SNV	0	1
ENSG00000269956	MKNK1-AS1	GroupB_exclusive			TK10	SNV	0	1
ENSG00000224430	MKRN5P	GroupB_exclusive			TK91	SNV	0	1
ENSG00000237252	MMADHCP1	GroupB_exclusive			TK91	SNV	0	1
ENSG00000185787	MORF4L1	GroupB_exclusive			TK91	SNV	0	1
ENSG00000255040	MORF4L1P3	GroupB_exclusive			TK10	SNV	0	1
ENSG00000215846	MPTX1	GroupB_exclusive			TK10	SNV	0	1
ENSG00000242537	MRE11P1	GroupB_exclusive			TK92	SNV	0	1
ENSG00000255424	MRGPRX9P	GroupB_exclusive			TK92	SNV	0	1
ENSG00000227877	MRLN	GroupB_exclusive			TK10	SNV	0	1
ENSG00000233217	MROH3P	GroupB_exclusive			TK12	SNV	0	1
ENSG00000276576	MRPL30P1	GroupB_exclusive			TK93	SNV	0	1
ENSG00000229037	MRPL32P2	GroupB_exclusive			TK91	SNV	0	1
ENSG00000225392	MRPL36P1	GroupB_exclusive			TK92	SNV	0	1
ENSG00000259494	MRPL46	GroupB_exclusive			TK12	SNV	0	1
ENSG00000253934	MRPL49P2	GroupB_exclusive			TK92	SNV	0	1
ENSG00000238285	MRPL50P2	GroupB_exclusive			TK91	SNV	0	1
ENSG00000254305	MRPL9P1	GroupB_exclusive			TK93	SNV	0	1
ENSG00000255763	MRPS18CP4	GroupB_exclusive			TK92	SNV	0	1
ENSG00000250428	MRS2P1	GroupB_exclusive			TK91	SNV	0	1
ENSG00000283601	MS4A19P	GroupB_exclusive			TK10	SNV	0	1
ENSG00000166959	MS4A8	GroupB_exclusive			TK10	INDEL,SNV	0	1
ENSG00000229842	MTATP6P13	GroupB_exclusive			TK92	SNV	0	1
ENSG00000254931	MTATP6P15	GroupB_exclusive			TK93	SNV	0	1
ENSG00000262118	MTCO1P28	GroupB_exclusive			TK18	SNV	0	1
ENSG00000241926	MTCO1P55	GroupB_exclusive			TK92	SNV	0	1
ENSG00000250808	MTCO2P30	GroupB_exclusive			TK12	SNV	0	1
ENSG00000264316	MTCO3P13	GroupB_exclusive			TK91	SNV	0	1
ENSG00000270388	MTCO3P22	GroupB_exclusive			TK92	SNV	0	1
ENSG00000259651	MTCO3P23	GroupB_exclusive			TK92	SNV	0	1
ENSG00000262158	MTCO3P24	GroupB_exclusive			TK92	SNV	0	1
ENSG00000228069	MTCO3P29	GroupB_exclusive			TK12	SNV	0	1
ENSG00000270232	MTCYBP22	GroupB_exclusive			TK92	SNV	0	1
ENSG00000254650	MTCYBP41	GroupB_exclusive			TK18	SNV	0	1
ENSG00000248282	MTCYBP44	GroupB_exclusive			TK92	SNV	0	1
ENSG00000065911	MTHFD2	GroupB_exclusive			TK12	SNV	0	1
ENSG00000251253	MTHFD2P4	GroupB_exclusive			TK91	SNV	0	1
ENSG00000213530	MTHFD2P5	GroupB_exclusive			TK92	SNV	0	1
ENSG00000233432	MTIF2P1	GroupB_exclusive			TK91	SNV	0	1
ENSG00000226794	MTND1P20	GroupB_exclusive			TK93	SNV	0	1
ENSG00000254346	MTND1P6	GroupB_exclusive			TK92	SNV	0	1
ENSG00000229954	MTND2P2	GroupB_exclusive			TK93	SNV	0	1
ENSG00000224354	MTND2P5	GroupB_exclusive			TK92	SNV	0	1
ENSG00000248946	MTND3P22	GroupB_exclusive			TK93	SNV	0	1
ENSG00000240791	MTND4LP7	GroupB_exclusive			TK12	SNV	0	1
ENSG00000230338	MTND4P19	GroupB_exclusive			TK92	SNV	0	1
ENSG00000232772	MTND4P22	GroupB_exclusive			TK91	SNV	0	1
ENSG00000226056	MTND4P32	GroupB_exclusive			TK91	SNV	0	1
ENSG00000262322	MTND4P34	GroupB_exclusive			TK93	SNV	0	1
ENSG00000250050	MTND4P9	GroupB_exclusive			TK92	SNV	0	1
ENSG00000227999	MTND5P1	GroupB_exclusive			TK10	SNV	0	1
ENSG00000250169	MTND5P13	GroupB_exclusive			TK92	SNV	0	1
ENSG00000235080	MTND5P23	GroupB_exclusive			TK10	SNV	0	1
ENSG00000230999	MTND5P8	GroupB_exclusive			TK92	SNV	0	1
ENSG00000223431	MTND6P21	GroupB_exclusive			TK10	SNV	0	1
ENSG00000270230	MTND6P22	GroupB_exclusive			TK93	SNV	0	1
ENSG00000227649	MTND6P32	GroupB_exclusive			TK92	SNV	0	1
ENSG00000224110	MTRF1LP2	GroupB_exclusive			TK92	SNV	0	1
ENSG00000236703	MYB-AS1	GroupB_exclusive			TK18	SNV	0	1
ENSG00000111046	MYF6	GroupB_exclusive			TK12	SNV	0	1
ENSG00000254387	MYL12AP1	GroupB_exclusive			TK92	SNV	0	1
ENSG00000260490	MYL12BP1	GroupB_exclusive			TK18	SNV	0	1
ENSG00000226543	MYL6P1	GroupB_exclusive			TK91	SNV	0	1
ENSG00000122180	MYOG	GroupB_exclusive			TK92	INDEL,SNV	0	1
ENSG00000164591	MYOZ3	GroupB_exclusive			TK91	SNV	0	1
ENSG00000250309	MYOZ3-AS1	GroupB_exclusive			TK10	SNV	0	1
ENSG00000214305	Metazoa_SRP	GroupB_exclusive			TK91	SNV	0	1
ENSG00000273950	Metazoa_SRP	GroupB_exclusive			TK18	SNV	0	1
ENSG00000274135	Metazoa_SRP	GroupB_exclusive			TK93	SNV	0	1
ENSG00000274514	Metazoa_SRP	GroupB_exclusive			TK91	SNV	0	1
ENSG00000274841	Metazoa_SRP	GroupB_exclusive			TK93	SNV	0	1
ENSG00000275041	Metazoa_SRP	GroupB_exclusive			TK92	SNV	0	1
ENSG00000276493	Metazoa_SRP	GroupB_exclusive			TK91	SNV	0	1
ENSG00000276601	Metazoa_SRP	GroupB_exclusive			TK10	SNV	0	1
ENSG00000276729	Metazoa_SRP	GroupB_exclusive			TK91	SNV	0	1
ENSG00000277127	Metazoa_SRP	GroupB_exclusive			TK93	SNV	0	1
ENSG00000277677	Metazoa_SRP	GroupB_exclusive			TK92	SNV	0	1
ENSG00000277794	Metazoa_SRP	GroupB_exclusive			TK93	SNV	0	1
ENSG00000277950	Metazoa_SRP	GroupB_exclusive			TK93	SNV	0	1
ENSG00000277958	Metazoa_SRP	GroupB_exclusive			TK91	SNV	0	1
ENSG00000278109	Metazoa_SRP	GroupB_exclusive			TK91	SNV	0	1
ENSG00000278226	Metazoa_SRP	GroupB_exclusive			TK10	SNV	0	1
ENSG00000278469	Metazoa_SRP	GroupB_exclusive			TK92	SNV	0	1
ENSG00000278702	Metazoa_SRP	GroupB_exclusive			TK92	SNV	0	1
ENSG00000278732	Metazoa_SRP	GroupB_exclusive			TK93	SNV	0	1
ENSG00000278794	Metazoa_SRP	GroupB_exclusive			TK91	SNV	0	1
ENSG00000249488	NACAP5	GroupB_exclusive			TK10	SNV	0	1
ENSG00000231697	NANOGP5	GroupB_exclusive			TK91	SNV	0	1
ENSG00000231384	NAP1L5P1	GroupB_exclusive			TK91	INDEL,SNV	0	1
ENSG00000254542	NAV2-AS3	GroupB_exclusive			TK92	SNV	0	1
ENSG00000260455	NBAT1	GroupB_exclusive			TK10	SNV	0	1
ENSG00000240667	NBPF18P	GroupB_exclusive			TK12	SNV	0	1
ENSG00000259749	NCAPGP2	GroupB_exclusive			TK93	SNV	0	1
ENSG00000234228	NCLP2	GroupB_exclusive			TK92	SNV	0	1
ENSG00000265019	NCOR1P2	GroupB_exclusive			TK91	INDEL,SNV	0	1
ENSG00000279864	NCOR1P4	GroupB_exclusive			TK93	SNV	0	1
ENSG00000253433	NCRNA00250	GroupB_exclusive			TK18	SNV	0	1
ENSG00000182636	NDN	GroupB_exclusive			TK10	INDEL,SNV	0	1
ENSG00000220831	NDUFA5P9	GroupB_exclusive			TK91	SNV	0	1
ENSG00000237406	NDUFA9P1	GroupB_exclusive			TK93	INDEL	0	1
ENSG00000178057	NDUFAF3	GroupB_exclusive			TK91	SNV	0	1
ENSG00000259467	NDUFAF4P1	GroupB_exclusive			TK18	SNV	0	1
ENSG00000231378	NDUFAF4P4	GroupB_exclusive			TK92	SNV	0	1
ENSG00000260870	NDUFB10P1	GroupB_exclusive			TK92	SNV	0	1
ENSG00000231884	NDUFB1P1	GroupB_exclusive			TK91	SNV	0	1
ENSG00000232880	NDUFB4P10	GroupB_exclusive			TK91	SNV	0	1
ENSG00000233664	NDUFS5P3	GroupB_exclusive			TK91	SNV	0	1
ENSG00000231920	NEBL-AS1	GroupB_exclusive			TK93	SNV	0	1
ENSG00000123119	NECAB1	GroupB_exclusive			TK10	SNV	0	1
ENSG00000230450	NEK2P4	GroupB_exclusive			TK93	SNV	0	1
ENSG00000123307	NEUROD4	GroupB_exclusive			TK10	SNV	0	1
ENSG00000175319	NF1P5	GroupB_exclusive			TK93	SNV	0	1
ENSG00000134259	NGF	GroupB_exclusive			TK10	SNV	0	1
ENSG00000064300	NGFR	GroupB_exclusive			TK92	SNV	0	1
ENSG00000214210	NGRNP1	GroupB_exclusive			TK91	SNV	0	1
ENSG00000177551	NHLH2	GroupB_exclusive			TK10	SNV	0	1
ENSG00000261205	NIFKP4	GroupB_exclusive			TK91	SNV	0	1
ENSG00000237630	NIFKP9	GroupB_exclusive			TK91	SNV	0	1
ENSG00000213264	NIP7P2	GroupB_exclusive			TK93	SNV	0	1
ENSG00000218428	NIP7P3	GroupB_exclusive			TK92	SNV	0	1
ENSG00000254151	NIPA2P4	GroupB_exclusive			TK91	INDEL	0	1
ENSG00000119919	NKX2-3	GroupB_exclusive			TK10	SNV	0	1
ENSG00000125816	NKX2-4	GroupB_exclusive			TK92	SNV	0	1
ENSG00000163623	NKX6-1	GroupB_exclusive			TK10	SNV	0	1
ENSG00000228213	NLGN1-AS1	GroupB_exclusive			TK92	SNV	0	1
ENSG00000215174	NLRP2B	GroupB_exclusive			TK10	SNV	0	1
ENSG00000277883	NLRP3P1	GroupB_exclusive			TK92	SNV	0	1
ENSG00000135577	NMBR	GroupB_exclusive			TK10	SNV	0	1
ENSG00000231504	NMD3P2	GroupB_exclusive			TK12	SNV	0	1
ENSG00000112981	NME5	GroupB_exclusive			TK91	SNV	0	1
ENSG00000204640	NMS	GroupB_exclusive			TK10	SNV	0	1
ENSG00000225271	NOLC1P1	GroupB_exclusive			TK92	SNV	0	1
ENSG00000238002	NPAP1P6	GroupB_exclusive			TK93	SNV	0	1
ENSG00000214888	NPAP1P9	GroupB_exclusive			TK10	SNV	0	1
ENSG00000288611	NPBWR1	GroupB_exclusive			TK10	SNV	0	1
ENSG00000239351	NPM1P29	GroupB_exclusive			TK93	SNV	0	1
ENSG00000228219	NPM1P30	GroupB_exclusive			TK92	SNV	0	1
ENSG00000213925	NPM1P33	GroupB_exclusive			TK92	INDEL,SNV	0	1
ENSG00000232054	NPM1P34	GroupB_exclusive			TK91	SNV	0	1
ENSG00000255213	NPM1P35	GroupB_exclusive			TK93	SNV	0	1
ENSG00000236285	NPM1P8	GroupB_exclusive			TK91	SNV	0	1
ENSG00000120937	NPPB	GroupB_exclusive			TK10	SNV	0	1
ENSG00000229434	NRAL	GroupB_exclusive			TK91	SNV	0	1
ENSG00000291151	NSUN5P1	GroupB_exclusive			TK18	SNV	0	1
ENSG00000258408	NT5CP2	GroupB_exclusive			TK91	SNV	0	1
ENSG00000214961	NT5DC1P2	GroupB_exclusive			TK91	SNV	0	1
ENSG00000267019	NTF6A	GroupB_exclusive			TK91	SNV	0	1
ENSG00000169006	NTSR2	GroupB_exclusive			TK91	SNV	0	1
ENSG00000232864	NUCKS1P1	GroupB_exclusive			TK10	SNV	0	1
ENSG00000246082	NUDT16L2P	GroupB_exclusive			TK18	INDEL	0	1
ENSG00000216723	NUDT19P3	GroupB_exclusive			TK10	SNV	0	1
ENSG00000177144	NUDT4B	GroupB_exclusive			TK10	SNV	0	1
ENSG00000198284	NUP210P1	GroupB_exclusive			TK92	SNV	0	1
ENSG00000223928	NUP35P1	GroupB_exclusive			TK91	SNV	0	1
ENSG00000251436	NUP58P1	GroupB_exclusive			TK12	SNV	0	1
ENSG00000185290	NUPR2	GroupB_exclusive			TK12	SNV	0	1
ENSG00000229324	NUTF2P7	GroupB_exclusive			TK91	SNV	0	1
ENSG00000162231	NXF1	GroupB_exclusive			TK10	SNV	0	1
ENSG00000283542	OASL2P	GroupB_exclusive			TK92	SNV	0	1
ENSG00000171102	OBP2B	GroupB_exclusive			TK18	INDEL,SNV	0	1
ENSG00000104044	OCA2	GroupB_exclusive			TK10	SNV	0	1
ENSG00000242153	OFD1P6Y	GroupB_exclusive			TK18	SNV	0	1
ENSG00000284873	OOSP1	GroupB_exclusive			TK92	SNV	0	1
ENSG00000188770	OPTC	GroupB_exclusive			TK10	SNV	0	1
ENSG00000227445	OR10R1P	GroupB_exclusive			TK10	SNV	0	1
ENSG00000196832	OR11G2	GroupB_exclusive			TK92	SNV	0	1
ENSG00000232791	OR11I1P	GroupB_exclusive			TK93	SNV	0	1
ENSG00000224709	OR11M1P	GroupB_exclusive			TK10	SNV	0	1
ENSG00000185903	OR11N1P	GroupB_exclusive			TK18	SNV	0	1
ENSG00000237650	OR11Q1P	GroupB_exclusive			TK91	SNV	0	1
ENSG00000273423	OR13I1P	GroupB_exclusive			TK93	SNV	0	1
ENSG00000241128	OR14A2	GroupB_exclusive			TK92	SNV	0	1
ENSG00000204695	OR14J1	GroupB_exclusive			TK93	SNV	0	1
ENSG00000171481	OR1L3	GroupB_exclusive			TK91	SNV	0	1
ENSG00000136939	OR1L4	GroupB_exclusive			TK91	SNV	0	1
ENSG00000171505	OR1N1	GroupB_exclusive			TK18	INDEL,SNV	0	1
ENSG00000214351	OR1X5P	GroupB_exclusive			TK92	SNV	0	1
ENSG00000221836	OR2A5	GroupB_exclusive			TK92	INDEL	0	1
ENSG00000244623	OR2AE1	GroupB_exclusive			TK92	SNV	0	1
ENSG00000187080	OR2AK2	GroupB_exclusive			TK91	SNV	0	1
ENSG00000254475	OR2AT1P	GroupB_exclusive			TK91	SNV	0	1
ENSG00000171561	OR2AT4	GroupB_exclusive			TK92	SNV	0	1
ENSG00000168131	OR2B2	GroupB_exclusive			TK92	SNV	0	1
ENSG00000187763	OR2B7P	GroupB_exclusive			TK93	SNV	0	1
ENSG00000182477	OR2B8P	GroupB_exclusive			TK92	SNV	0	1
ENSG00000204701	OR2J3	GroupB_exclusive			TK93	SNV	0	1
ENSG00000196071	OR2L13	GroupB_exclusive			TK10	SNV	0	1
ENSG00000224227	OR2L1P	GroupB_exclusive			TK93	SNV	0	1
ENSG00000227152	OR2T7	GroupB_exclusive			TK10	SNV	0	1
ENSG00000185372	OR2V1	GroupB_exclusive			TK93	SNV	0	1
ENSG00000277661	OR2W1-AS1	GroupB_exclusive			TK91	SNV	0	1
ENSG00000217315	OR2W2P	GroupB_exclusive			TK93	SNV	0	1
ENSG00000159961	OR3A3	GroupB_exclusive			TK91	SNV	0	1
ENSG00000258817	OR4C13	GroupB_exclusive			TK10	SNV	0	1
ENSG00000254576	OR4C1P	GroupB_exclusive			TK92	SNV	0	1
ENSG00000254466	OR4D10	GroupB_exclusive			TK92	SNV	0	1
ENSG00000255713	OR4D2	GroupB_exclusive			TK10	SNV	0	1
ENSG00000182854	OR4F15	GroupB_exclusive			TK91	INDEL,SNV	0	1
ENSG00000265340	OR4K7P	GroupB_exclusive			TK18	SNV	0	1
ENSG00000230484	OR51A10P	GroupB_exclusive			TK91	SNV	0	1
ENSG00000167359	OR51I1	GroupB_exclusive			TK91	SNV	0	1
ENSG00000255307	OR52B2	GroupB_exclusive			TK92	SNV	0	1
ENSG00000175800	OR52B3P	GroupB_exclusive			TK91	SNV	0	1
ENSG00000231049	OR52B5P	GroupB_exclusive			TK92	SNV	0	1
ENSG00000180974	OR52E4	GroupB_exclusive			TK92	SNV	0	1
ENSG00000248553	OR52H2P	GroupB_exclusive			TK92	SNV	0	1
ENSG00000230261	OR52J2P	GroupB_exclusive			TK10	SNV	0	1
ENSG00000175485	OR52W1	GroupB_exclusive			TK92	SNV	0	1
ENSG00000188691	OR56A5	GroupB_exclusive			TK18	SNV	0	1
ENSG00000181017	OR56B2P	GroupB_exclusive			TK10	SNV	0	1
ENSG00000180913	OR56B3P	GroupB_exclusive			TK18	SNV	0	1
ENSG00000273408	OR5B15P	GroupB_exclusive			TK91	SNV	0	1
ENSG00000255303	OR5BA1P	GroupB_exclusive			TK91	SNV	0	1
ENSG00000148215	OR5C1	GroupB_exclusive			TK93	SNV	0	1
ENSG00000255223	OR5M11	GroupB_exclusive			TK91	SNV	0	1
ENSG00000185701	OR5M5P	GroupB_exclusive			TK91	SNV	0	1
ENSG00000182334	OR5P3	GroupB_exclusive			TK93	SNV	0	1
ENSG00000178586	OR6B3	GroupB_exclusive			TK10	SNV	0	1
ENSG00000187857	OR6C75	GroupB_exclusive			TK10	SNV	0	1
ENSG00000186440	OR6P1	GroupB_exclusive			TK91	SNV	0	1
ENSG00000228433	OR7E23P	GroupB_exclusive			TK12	SNV	0	1
ENSG00000215480	OR7E37P	GroupB_exclusive			TK93	SNV	0	1
ENSG00000234485	OR7E46P	GroupB_exclusive			TK91	SNV	0	1
ENSG00000257542	OR7E47P	GroupB_exclusive			TK92	SNV	0	1
ENSG00000243674	OR7E66P	GroupB_exclusive			TK92	SNV	0	1
ENSG00000284689	OR7E84P	GroupB_exclusive			TK91	SNV	0	1
ENSG00000273336	OR7M1P	GroupB_exclusive			TK93	INDEL	0	1
ENSG00000196534	OR9K1P	GroupB_exclusive			TK18	SNV	0	1
ENSG00000228997	ORMDL1P1	GroupB_exclusive			TK91	SNV	0	1
ENSG00000135506	OS9	GroupB_exclusive			TK18	SNV	0	1
ENSG00000249740	OSMR-DT	GroupB_exclusive			TK93	SNV	0	1
ENSG00000225294	OSTCP2	GroupB_exclusive			TK91	SNV	0	1
ENSG00000220924	OSTCP4	GroupB_exclusive			TK10	SNV	0	1
ENSG00000236719	OVAAL	GroupB_exclusive			TK10	SNV	0	1
ENSG00000255120	OVOL1-AS1	GroupB_exclusive			TK18	SNV	0	1
ENSG00000237714	P4HA2-AS1	GroupB_exclusive			TK10	SNV	0	1
ENSG00000239443	PABPC1P10	GroupB_exclusive			TK92	SNV	0	1
ENSG00000254535	PABPC4L	GroupB_exclusive			TK93	SNV	0	1
ENSG00000174740	PABPC5	GroupB_exclusive			TK92	SNV	0	1
ENSG00000225437	PACRG-AS2	GroupB_exclusive			TK10	SNV	0	1
ENSG00000214354	PAFAH1B1P1	GroupB_exclusive			TK93	INDEL,SNV	0	1
ENSG00000234068	PAGE2	GroupB_exclusive			TK93	SNV	0	1
ENSG00000238269	PAGE2B	GroupB_exclusive			TK93	SNV	0	1
ENSG00000157654	PALM2AKAP2	GroupB_exclusive			TK91	SNV	0	1
ENSG00000239835	PARLP1	GroupB_exclusive			TK91	SNV	0	1
ENSG00000271200	PATJ-DT	GroupB_exclusive			TK12	SNV	0	1
ENSG00000233693	PBX1-AS1	GroupB_exclusive			TK93	SNV	0	1
ENSG00000099715	PCDH11Y	GroupB_exclusive			TK91	SNV	0	1
ENSG00000234527	PCDH9-AS1	GroupB_exclusive			TK10	SNV	0	1
ENSG00000228842	PCDH9-AS2	GroupB_exclusive			TK91	SNV	0	1
ENSG00000225263	PCDH9-AS3	GroupB_exclusive			TK10	SNV	0	1
ENSG00000204965	PCDHA5	GroupB_exclusive			TK93	SNV	0	1
ENSG00000204963	PCDHA7	GroupB_exclusive			TK10	SNV	0	1
ENSG00000290894	PCDHB18P	GroupB_exclusive			TK18	SNV	0	1
ENSG00000213344	PCNPP3	GroupB_exclusive			TK92	INDEL,SNV	0	1
ENSG00000255909	PDCD5P1	GroupB_exclusive			TK92	SNV	0	1
ENSG00000224255	PDCL3P6	GroupB_exclusive			TK91	SNV	0	1
ENSG00000230239	PDE4DIPP9	GroupB_exclusive			TK92	SNV	0	1
ENSG00000242686	PDE6B-AS1	GroupB_exclusive			TK10	SNV	0	1
ENSG00000139053	PDE6H	GroupB_exclusive			TK10	SNV	0	1
ENSG00000236278	PEBP1P3	GroupB_exclusive			TK12	SNV	0	1
ENSG00000215418	PEX12P1	GroupB_exclusive			TK92	SNV	0	1
ENSG00000243799	PEX5L-AS1	GroupB_exclusive			TK92	SNV	0	1
ENSG00000109272	PF4V1	GroupB_exclusive			TK12	SNV	0	1
ENSG00000273001	PFKP-DT	GroupB_exclusive			TK91	SNV	0	1
ENSG00000196570	PFN3	GroupB_exclusive			TK91	SNV	0	1
ENSG00000256713	PGA5	GroupB_exclusive			TK91	SNV	0	1
ENSG00000213997	PGAM1P7	GroupB_exclusive			TK10	SNV	0	1
ENSG00000163218	PGLYRP4	GroupB_exclusive			TK93	SNV	0	1
ENSG00000167085	PHB1	GroupB_exclusive			TK92	SNV	0	1
ENSG00000262648	PHB1P15	GroupB_exclusive			TK91	SNV	0	1
ENSG00000233523	PHB1P5	GroupB_exclusive			TK93	SNV	0	1
ENSG00000213711	PHB1P7	GroupB_exclusive			TK91	SNV	0	1
ENSG00000226262	PHKBP1	GroupB_exclusive			TK91	SNV	0	1
ENSG00000054148	PHPT1	GroupB_exclusive			TK92	SNV	0	1
ENSG00000237121	PIEZO1P2	GroupB_exclusive			TK10	SNV	0	1
ENSG00000179840	PIK3CD-AS1	GroupB_exclusive			TK18	SNV	0	1
ENSG00000248340	PIMREGP4	GroupB_exclusive			TK93	SNV	0	1
ENSG00000229435	PIP5K1P2	GroupB_exclusive			TK92	SNV	0	1
ENSG00000166473	PKD1L2	GroupB_exclusive			TK92	SNV	0	1
ENSG00000254609	PLA2G10BP	GroupB_exclusive			TK93	SNV	0	1
ENSG00000276484	PLA2G10IP	GroupB_exclusive			TK92	SNV	0	1
ENSG00000261203	PLA2G10JP	GroupB_exclusive			TK92	SNV	0	1
ENSG00000278528	PLA2G10KP	GroupB_exclusive			TK91	SNV	0	1
ENSG00000188784	PLA2G2E	GroupB_exclusive			TK93	SNV	0	1
ENSG00000158786	PLA2G2F	GroupB_exclusive			TK91	SNV	0	1
ENSG00000127472	PLA2G5	GroupB_exclusive			TK10	SNV	0	1
ENSG00000146070	PLA2G7	GroupB_exclusive			TK92	SNV	0	1
ENSG00000291116	PLAC9P1	GroupB_exclusive			TK91	SNV	0	1
ENSG00000232913	PLCE1-AS2	GroupB_exclusive			TK92	SNV	0	1
ENSG00000120278	PLEKHG1	GroupB_exclusive			TK91	SNV	0	1
ENSG00000117598	PLPPR5	GroupB_exclusive			TK10	SNV	0	1
ENSG00000169040	PMCHL2	GroupB_exclusive			TK91	INDEL	0	1
ENSG00000283758	PMIS2	GroupB_exclusive			TK91	SNV	0	1
ENSG00000248817	PMPCAP1	GroupB_exclusive			TK93	INDEL,SNV	0	1
ENSG00000273598	PMS2P10	GroupB_exclusive			TK18	INDEL,SNV	0	1
ENSG00000273897	PMS2P8	GroupB_exclusive			TK92	SNV	0	1
ENSG00000225110	PNMA6F	GroupB_exclusive			TK10	SNV	0	1
ENSG00000204851	PNMA8B	GroupB_exclusive			TK10	SNV	0	1
ENSG00000174348	PODN	GroupB_exclusive			TK10	SNV	0	1
ENSG00000232970	POLHP1	GroupB_exclusive			TK91	SNV	0	1
ENSG00000258284	POLR2KP1	GroupB_exclusive			TK18	SNV	0	1
ENSG00000183206	POTEC	GroupB_exclusive			TK18	SNV	0	1
ENSG00000222036	POTEM	GroupB_exclusive			TK92	SNV	0	1
ENSG00000236375	POU5F1P5	GroupB_exclusive			TK92	SNV	0	1
ENSG00000106536	POU6F2	GroupB_exclusive			TK18	SNV	0	1
ENSG00000213383	PP1P	GroupB_exclusive			TK92	SNV	0	1
ENSG00000237221	PPEF1-AS1	GroupB_exclusive			TK93	SNV	0	1
ENSG00000264775	PPIAP14	GroupB_exclusive			TK18	SNV	0	1
ENSG00000226038	PPIAP21	GroupB_exclusive			TK92	SNV	0	1
ENSG00000150276	PPIAP26	GroupB_exclusive			TK91	SNV	0	1
ENSG00000235044	PPIAP3	GroupB_exclusive			TK18	SNV	0	1
ENSG00000258591	PPIAP4	GroupB_exclusive			TK92	SNV	0	1
ENSG00000254463	PPIAP41	GroupB_exclusive			TK92	SNV	0	1
ENSG00000267258	PPIAP58	GroupB_exclusive			TK91	SNV	0	1
ENSG00000236259	PPIAP64	GroupB_exclusive			TK92	SNV	0	1
ENSG00000226131	PPIAP66	GroupB_exclusive			TK92	SNV	0	1
ENSG00000173810	PPIAP7	GroupB_exclusive			TK91	SNV	0	1
ENSG00000242978	PPIAP83	GroupB_exclusive			TK91	SNV	0	1
ENSG00000234557	PPIAP90	GroupB_exclusive			TK93	SNV	0	1
ENSG00000084072	PPIE	GroupB_exclusive			TK10	SNV	0	1
ENSG00000273106	PPM1B-DT	GroupB_exclusive			TK18	SNV	0	1
ENSG00000255255	PPP1R1AP1	GroupB_exclusive			TK92	SNV	0	1
ENSG00000150722	PPP1R1C	GroupB_exclusive			TK91	SNV	0	1
ENSG00000241661	PPP1R2P6	GroupB_exclusive			TK92	SNV	0	1
ENSG00000291145	PPP5D1P	GroupB_exclusive			TK92	SNV	0	1
ENSG00000233442	PPP6R2P1	GroupB_exclusive			TK92	SNV	0	1
ENSG00000243279	PRAF2	GroupB_exclusive			TK10	SNV	0	1
ENSG00000198901	PRC1	GroupB_exclusive			TK10	SNV	0	1
ENSG00000213177	PRDX2P4	GroupB_exclusive			TK92	SNV	0	1
ENSG00000241111	PRICKLE2-AS1	GroupB_exclusive			TK93	SNV	0	1
ENSG00000242048	PRKAG2-AS2	GroupB_exclusive			TK92	SNV	0	1
ENSG00000233401	PRKAR1AP1	GroupB_exclusive			TK92	SNV	0	1
ENSG00000249004	PRMT5P1	GroupB_exclusive			TK12	SNV	0	1
ENSG00000143125	PROK1	GroupB_exclusive			TK18	SNV	0	1
ENSG00000249163	PRPF39-DT	GroupB_exclusive			TK93	SNV	0	1
ENSG00000141127	PRPSAP2	GroupB_exclusive			TK92	SNV	0	1
ENSG00000232824	PRR13P1	GroupB_exclusive			TK92	SNV	0	1
ENSG00000264971	PRR13P4	GroupB_exclusive			TK10	SNV	0	1
ENSG00000236024	PRRX2-AS1	GroupB_exclusive			TK10	SNV	0	1
ENSG00000255471	PRSS23-AS1	GroupB_exclusive			TK93	SNV	0	1
ENSG00000286651	PRSS43P	GroupB_exclusive			TK91	SNV	0	1
ENSG00000188086	PRSS45P	GroupB_exclusive			TK10	SNV	0	1
ENSG00000283706	PRSS50	GroupB_exclusive			TK10	SNV	0	1
ENSG00000237963	PRXL2CP1	GroupB_exclusive			TK93	SNV	0	1
ENSG00000249131	PSD2-AS1	GroupB_exclusive			TK91	SNV	0	1
ENSG00000225255	PSLNR	GroupB_exclusive			TK91	SNV	0	1
ENSG00000227890	PSMA2P3	GroupB_exclusive			TK91	SNV	0	1
ENSG00000258907	PSMB3P1	GroupB_exclusive			TK93	SNV	0	1
ENSG00000235444	PSMB3P2	GroupB_exclusive			TK92	SNV	0	1
ENSG00000217385	PSMC1P11	GroupB_exclusive			TK91	SNV	0	1
ENSG00000248781	PSMC1P4	GroupB_exclusive			TK92	SNV	0	1
ENSG00000226652	PSMD10P2	GroupB_exclusive			TK18	SNV	0	1
ENSG00000274985	PTCHD3P1	GroupB_exclusive			TK12	SNV	0	1
ENSG00000236130	PTCSC2	GroupB_exclusive			TK18	SNV	0	1
ENSG00000107317	PTGDS	GroupB_exclusive			TK92	SNV	0	1
ENSG00000239684	PTGER4P3	GroupB_exclusive			TK18	SNV	0	1
ENSG00000229204	PTGES3P3	GroupB_exclusive			TK91	SNV	0	1
ENSG00000142538	PTH2	GroupB_exclusive			TK10	SNV	0	1
ENSG00000144407	PTH2R	GroupB_exclusive			TK93	SNV	0	1
ENSG00000218902	PTMAP3	GroupB_exclusive			TK92	SNV	0	1
ENSG00000231158	PTP4A1P1	GroupB_exclusive			TK91	SNV	0	1
ENSG00000226254	PTP4A1P3	GroupB_exclusive			TK93	SNV	0	1
ENSG00000237514	PTP4A1P7	GroupB_exclusive			TK92	INDEL,SNV	0	1
ENSG00000224117	PTPN2P2	GroupB_exclusive			TK91	SNV	0	1
ENSG00000254879	PTPRJ-AS1	GroupB_exclusive			TK92	SNV	0	1
ENSG00000054356	PTPRN	GroupB_exclusive			TK92	SNV	0	1
ENSG00000233038	PTPRN2-AS1	GroupB_exclusive			TK91	SNV	0	1
ENSG00000233792	PUDPP2	GroupB_exclusive			TK92	SNV	0	1
ENSG00000259905	PWRN1	GroupB_exclusive			TK10	SNV	0	1
ENSG00000215833	QRSL1P1	GroupB_exclusive			TK91	SNV	0	1
ENSG00000290615	RAB6C-AS1	GroupB_exclusive			TK10	SNV	0	1
ENSG00000075785	RAB7A	GroupB_exclusive			TK10	SNV	0	1
ENSG00000223856	RAB9AP2	GroupB_exclusive			TK93	SNV	0	1
ENSG00000237964	RAD52P1	GroupB_exclusive			TK91	SNV	0	1
ENSG00000203722	RAET1G	GroupB_exclusive			TK92	SNV	0	1
ENSG00000283123	RARRES2P11	GroupB_exclusive			TK10	SNV	0	1
ENSG00000213543	RARRES2P2	GroupB_exclusive			TK10	SNV	0	1
ENSG00000256670	RASSF3-DT	GroupB_exclusive			TK93	SNV	0	1
ENSG00000173976	RAX2	GroupB_exclusive			TK93	SNV	0	1
ENSG00000256737	RBBP4P5	GroupB_exclusive			TK91	SNV	0	1
ENSG00000237207	RBM17P3	GroupB_exclusive			TK10	SNV	0	1
ENSG00000265097	RBM22P1	GroupB_exclusive			TK93	SNV	0	1
ENSG00000277769	RBM22P4	GroupB_exclusive			TK12	SNV	0	1
ENSG00000235593	RBMS3-AS1	GroupB_exclusive			TK93	SNV	0	1
ENSG00000235904	RBMS3-AS3	GroupB_exclusive			TK10	SNV	0	1
ENSG00000197038	RBMY1A3P	GroupB_exclusive			TK18	INDEL,SNV	0	1
ENSG00000225809	RBMY2KP	GroupB_exclusive			TK92	SNV	0	1
ENSG00000229208	RBMY2NP	GroupB_exclusive			TK92	SNV	0	1
ENSG00000236718	RBMY2QP	GroupB_exclusive			TK18	INDEL,SNV	0	1
ENSG00000220666	RCC2P7	GroupB_exclusive			TK92	SNV	0	1
ENSG00000250185	RCC2P8	GroupB_exclusive			TK92	SNV	0	1
ENSG00000139988	RDH12	GroupB_exclusive			TK91	SNV	0	1
ENSG00000225189	REREP1Y	GroupB_exclusive			TK92	SNV	0	1
ENSG00000231650	RFESDP1	GroupB_exclusive			TK92	SNV	0	1
ENSG00000241546	RFKP3	GroupB_exclusive			TK91	SNV	0	1
ENSG00000230769	RFKP4	GroupB_exclusive			TK92	SNV	0	1
ENSG00000234693	RIPOR3-AS1	GroupB_exclusive			TK91	SNV	0	1
ENSG00000250961	RMEL3	GroupB_exclusive			TK91	SNV	0	1
ENSG00000283293	RN7SK	GroupB_exclusive			TK93	SNV	0	1
ENSG00000223118	RN7SKP102	GroupB_exclusive			TK93	SNV	0	1
ENSG00000223299	RN7SKP108	GroupB_exclusive			TK92	SNV	0	1
ENSG00000223145	RN7SKP112	GroupB_exclusive			TK92	SNV	0	1
ENSG00000200761	RN7SKP113	GroupB_exclusive			TK93	SNV	0	1
ENSG00000222259	RN7SKP114	GroupB_exclusive			TK18	SNV	0	1
ENSG00000201794	RN7SKP130	GroupB_exclusive			TK92	SNV	0	1
ENSG00000222451	RN7SKP143	GroupB_exclusive			TK93	SNV	0	1
ENSG00000222448	RN7SKP150	GroupB_exclusive			TK92	SNV	0	1
ENSG00000223042	RN7SKP161	GroupB_exclusive			TK93	SNV	0	1
ENSG00000223056	RN7SKP169	GroupB_exclusive			TK93	INDEL,SNV	0	1
ENSG00000199691	RN7SKP173	GroupB_exclusive			TK18	SNV	0	1
ENSG00000222499	RN7SKP177	GroupB_exclusive			TK92	SNV	0	1
ENSG00000238324	RN7SKP198	GroupB_exclusive			TK92	SNV	0	1
ENSG00000202351	RN7SKP204	GroupB_exclusive			TK93	SNV	0	1
ENSG00000223136	RN7SKP207	GroupB_exclusive			TK92	SNV	0	1
ENSG00000201078	RN7SKP214	GroupB_exclusive			TK93	INDEL,SNV	0	1
ENSG00000222974	RN7SKP228	GroupB_exclusive			TK93	SNV	0	1
ENSG00000222397	RN7SKP229	GroupB_exclusive			TK92	SNV	0	1
ENSG00000222460	RN7SKP271	GroupB_exclusive			TK10	SNV	0	1
ENSG00000222404	RN7SKP281	GroupB_exclusive			TK91	SNV	0	1
ENSG00000202392	RN7SKP292	GroupB_exclusive			TK91	SNV	0	1
ENSG00000271765	RN7SKP299	GroupB_exclusive			TK91	INDEL	0	1
ENSG00000251951	RN7SKP34	GroupB_exclusive			TK92	SNV	0	1
ENSG00000200379	RN7SKP45	GroupB_exclusive			TK91	SNV	0	1
ENSG00000202217	RN7SKP47	GroupB_exclusive			TK93	SNV	0	1
ENSG00000201758	RN7SKP55	GroupB_exclusive			TK93	SNV	0	1
ENSG00000222445	RN7SKP56	GroupB_exclusive			TK92	SNV	0	1
ENSG00000200057	RN7SKP63	GroupB_exclusive			TK91	SNV	0	1
ENSG00000251714	RN7SKP67	GroupB_exclusive			TK92	SNV	0	1
ENSG00000202260	RN7SKP69	GroupB_exclusive			TK92	SNV	0	1
ENSG00000199730	RN7SKP95	GroupB_exclusive			TK91	SNV	0	1
ENSG00000243510	RN7SL111P	GroupB_exclusive			TK91	SNV	0	1
ENSG00000240474	RN7SL116P	GroupB_exclusive			TK18	SNV	0	1
ENSG00000266420	RN7SL118P	GroupB_exclusive			TK10	SNV	0	1
ENSG00000239316	RN7SL11P	GroupB_exclusive			TK93	SNV	0	1
ENSG00000266863	RN7SL123P	GroupB_exclusive			TK10	SNV	0	1
ENSG00000239553	RN7SL12P	GroupB_exclusive			TK10	SNV	0	1
ENSG00000243398	RN7SL141P	GroupB_exclusive			TK92	INDEL,SNV	0	1
ENSG00000241834	RN7SL149P	GroupB_exclusive			TK91	SNV	0	1
ENSG00000242102	RN7SL152P	GroupB_exclusive			TK92	SNV	0	1
ENSG00000242614	RN7SL164P	GroupB_exclusive			TK92	SNV	0	1
ENSG00000275014	RN7SL166P	GroupB_exclusive			TK92	SNV	0	1
ENSG00000244296	RN7SL168P	GroupB_exclusive			TK92	SNV	0	1
ENSG00000265123	RN7SL200P	GroupB_exclusive			TK93	SNV	0	1
ENSG00000241392	RN7SL205P	GroupB_exclusive			TK10	SNV	0	1
ENSG00000266467	RN7SL220P	GroupB_exclusive			TK92	SNV	0	1
ENSG00000242971	RN7SL233P	GroupB_exclusive			TK93	INDEL	0	1
ENSG00000240823	RN7SL23P	GroupB_exclusive			TK91	SNV	0	1
ENSG00000244389	RN7SL242P	GroupB_exclusive			TK91	SNV	0	1
ENSG00000274186	RN7SL248P	GroupB_exclusive			TK91	SNV	0	1
ENSG00000240014	RN7SL254P	GroupB_exclusive			TK91	INDEL	0	1
ENSG00000265033	RN7SL262P	GroupB_exclusive			TK93	SNV	0	1
ENSG00000277198	RN7SL270P	GroupB_exclusive			TK12	SNV	0	1
ENSG00000239953	RN7SL273P	GroupB_exclusive			TK18	SNV	0	1
ENSG00000243446	RN7SL284P	GroupB_exclusive			TK91	SNV	0	1
ENSG00000243313	RN7SL285P	GroupB_exclusive			TK92	SNV	0	1
ENSG00000240767	RN7SL288P	GroupB_exclusive			TK12	SNV	0	1
ENSG00000243845	RN7SL30P	GroupB_exclusive			TK93	SNV	0	1
ENSG00000277483	RN7SL321P	GroupB_exclusive			TK92	SNV	0	1
ENSG00000241997	RN7SL323P	GroupB_exclusive			TK10	SNV	0	1
ENSG00000244391	RN7SL330P	GroupB_exclusive			TK92	SNV	0	1
ENSG00000244618	RN7SL334P	GroupB_exclusive			TK92	INDEL,SNV	0	1
ENSG00000241037	RN7SL335P	GroupB_exclusive			TK10	SNV	0	1
ENSG00000239398	RN7SL342P	GroupB_exclusive			TK91	SNV	0	1
ENSG00000239868	RN7SL34P	GroupB_exclusive			TK18	SNV	0	1
ENSG00000240098	RN7SL351P	GroupB_exclusive			TK91	INDEL	0	1
ENSG00000243027	RN7SL354P	GroupB_exclusive			TK18	SNV	0	1
ENSG00000244314	RN7SL36P	GroupB_exclusive			TK92	SNV	0	1
ENSG00000266210	RN7SL371P	GroupB_exclusive			TK93	SNV	0	1
ENSG00000265684	RN7SL378P	GroupB_exclusive			TK92	SNV	0	1
ENSG00000263968	RN7SL381P	GroupB_exclusive			TK10	SNV	0	1
ENSG00000240723	RN7SL382P	GroupB_exclusive			TK93	SNV	0	1
ENSG00000240481	RN7SL38P	GroupB_exclusive			TK92	SNV	0	1
ENSG00000241785	RN7SL390P	GroupB_exclusive			TK91	SNV	0	1
ENSG00000244642	RN7SL396P	GroupB_exclusive			TK93	INDEL,SNV	0	1
ENSG00000264384	RN7SL431P	GroupB_exclusive			TK93	SNV	0	1
ENSG00000241413	RN7SL441P	GroupB_exclusive			TK10	SNV	0	1
ENSG00000239221	RN7SL442P	GroupB_exclusive			TK91	SNV	0	1
ENSG00000263410	RN7SL460P	GroupB_exclusive			TK91	SNV	0	1
ENSG00000243801	RN7SL461P	GroupB_exclusive			TK12	SNV	0	1
ENSG00000263669	RN7SL470P	GroupB_exclusive			TK92	SNV	0	1
ENSG00000277452	RN7SL473P	GroupB_exclusive			TK92	SNV	0	1
ENSG00000244710	RN7SL47P	GroupB_exclusive			TK93	SNV	0	1
ENSG00000241588	RN7SL484P	GroupB_exclusive			TK93	SNV	0	1
ENSG00000240374	RN7SL503P	GroupB_exclusive			TK10	SNV	0	1
ENSG00000239910	RN7SL530P	GroupB_exclusive			TK92	SNV	0	1
ENSG00000265918	RN7SL543P	GroupB_exclusive			TK92	SNV	0	1
ENSG00000243274	RN7SL571P	GroupB_exclusive			TK93	SNV	0	1
ENSG00000265942	RN7SL577P	GroupB_exclusive			TK92	SNV	0	1
ENSG00000242236	RN7SL594P	GroupB_exclusive			TK93	SNV	0	1
ENSG00000244236	RN7SL604P	GroupB_exclusive			TK93	SNV	0	1
ENSG00000265566	RN7SL605P	GroupB_exclusive			TK92	SNV	0	1
ENSG00000243847	RN7SL610P	GroupB_exclusive			TK91	SNV	0	1
ENSG00000265777	RN7SL624P	GroupB_exclusive			TK92	SNV	0	1
ENSG00000277467	RN7SL628P	GroupB_exclusive			TK10	SNV	0	1
ENSG00000264978	RN7SL630P	GroupB_exclusive			TK93	SNV	0	1
ENSG00000243702	RN7SL638P	GroupB_exclusive			TK93	SNV	0	1
ENSG00000243770	RN7SL65P	GroupB_exclusive			TK93	SNV	0	1
ENSG00000278746	RN7SL660P	GroupB_exclusive			TK93	SNV	0	1
ENSG00000273818	RN7SL673P	GroupB_exclusive			TK93	SNV	0	1
ENSG00000239899	RN7SL674P	GroupB_exclusive			TK93	SNV	0	1
ENSG00000242863	RN7SL677P	GroupB_exclusive			TK92	SNV	0	1
ENSG00000263969	RN7SL678P	GroupB_exclusive			TK92	SNV	0	1
ENSG00000243854	RN7SL67P	GroupB_exclusive			TK91	SNV	0	1
ENSG00000242020	RN7SL68P	GroupB_exclusive			TK18	SNV	0	1
ENSG00000241172	RN7SL70P	GroupB_exclusive			TK92	SNV	0	1
ENSG00000263558	RN7SL716P	GroupB_exclusive			TK92	SNV	0	1
ENSG00000264618	RN7SL732P	GroupB_exclusive			TK92	SNV	0	1
ENSG00000244044	RN7SL735P	GroupB_exclusive			TK93	SNV	0	1
ENSG00000239822	RN7SL754P	GroupB_exclusive			TK93	INDEL,SNV	0	1
ENSG00000272469	RN7SL760P	GroupB_exclusive			TK92	SNV	0	1
ENSG00000240317	RN7SL764P	GroupB_exclusive			TK93	SNV	0	1
ENSG00000263882	RN7SL774P	GroupB_exclusive			TK92	SNV	0	1
ENSG00000243370	RN7SL775P	GroupB_exclusive			TK18	SNV	0	1
ENSG00000243782	RN7SL78P	GroupB_exclusive			TK91	SNV	0	1
ENSG00000241230	RN7SL801P	GroupB_exclusive			TK92	SNV	0	1
ENSG00000266185	RN7SL804P	GroupB_exclusive			TK93	SNV	0	1
ENSG00000242719	RN7SL806P	GroupB_exclusive			TK93	INDEL	0	1
ENSG00000241074	RN7SL813P	GroupB_exclusive			TK93	SNV	0	1
ENSG00000276200	RN7SL820P	GroupB_exclusive			TK91	SNV	0	1
ENSG00000263595	RN7SL823P	GroupB_exclusive			TK91	SNV	0	1
ENSG00000271986	RN7SL827P	GroupB_exclusive			TK92	SNV	0	1
ENSG00000239319	RN7SL854P	GroupB_exclusive			TK93	SNV	0	1
ENSG00000243173	RN7SL861P	GroupB_exclusive			TK93	SNV	0	1
ENSG00000243352	RN7SL8P	GroupB_exclusive			TK92	SNV	0	1
ENSG00000222921	RNA5SP104	GroupB_exclusive			TK93	SNV	0	1
ENSG00000271924	RNA5SP108	GroupB_exclusive			TK10	SNV	0	1
ENSG00000222317	RNA5SP118	GroupB_exclusive			TK91	SNV	0	1
ENSG00000201210	RNA5SP139	GroupB_exclusive			TK92	SNV	0	1
ENSG00000201736	RNA5SP160	GroupB_exclusive			TK92	SNV	0	1
ENSG00000202056	RNA5SP19	GroupB_exclusive			TK10	SNV	0	1
ENSG00000222308	RNA5SP198	GroupB_exclusive			TK93	SNV	0	1
ENSG00000251785	RNA5SP20	GroupB_exclusive			TK93	SNV	0	1
ENSG00000222248	RNA5SP201	GroupB_exclusive			TK92	SNV	0	1
ENSG00000251768	RNA5SP217	GroupB_exclusive			TK18	SNV	0	1
ENSG00000212242	RNA5SP219	GroupB_exclusive			TK10	SNV	0	1
ENSG00000223203	RNA5SP221	GroupB_exclusive			TK10	SNV	0	1
ENSG00000252848	RNA5SP230	GroupB_exclusive			TK92	SNV	0	1
ENSG00000252179	RNA5SP255	GroupB_exclusive			TK92	SNV	0	1
ENSG00000252261	RNA5SP262	GroupB_exclusive			TK10	SNV	0	1
ENSG00000202474	RNA5SP283	GroupB_exclusive			TK18	SNV	0	1
ENSG00000238405	RNA5SP311	GroupB_exclusive			TK10	SNV	0	1
ENSG00000252877	RNA5SP312	GroupB_exclusive			TK92	SNV	0	1
ENSG00000252149	RNA5SP315	GroupB_exclusive			TK92	SNV	0	1
ENSG00000252072	RNA5SP320	GroupB_exclusive			TK93	SNV	0	1
ENSG00000252496	RNA5SP33	GroupB_exclusive			TK91	SNV	0	1
ENSG00000222427	RNA5SP338	GroupB_exclusive			TK18	SNV	0	1
ENSG00000201942	RNA5SP363	GroupB_exclusive			TK91	SNV	0	1
ENSG00000201168	RNA5SP368	GroupB_exclusive			TK93	SNV	0	1
ENSG00000199804	RNA5SP383	GroupB_exclusive			TK12	SNV	0	1
ENSG00000252714	RNA5SP392	GroupB_exclusive			TK10	SNV	0	1
ENSG00000252376	RNA5SP395	GroupB_exclusive			TK10	SNV	0	1
ENSG00000252680	RNA5SP449	GroupB_exclusive			TK92	SNV	0	1
ENSG00000200527	RNA5SP457	GroupB_exclusive			TK92	SNV	0	1
ENSG00000252539	RNA5SP462	GroupB_exclusive			TK92	SNV	0	1
ENSG00000199806	RNA5SP491	GroupB_exclusive			TK93	SNV	0	1
ENSG00000200473	RNA5SP507	GroupB_exclusive			TK92	SNV	0	1
ENSG00000201447	RNA5SP509	GroupB_exclusive			TK92	SNV	0	1
ENSG00000252650	RNA5SP75	GroupB_exclusive			TK10	INDEL	0	1
ENSG00000201492	RNA5SP78	GroupB_exclusive			TK10	SNV	0	1
ENSG00000202430	RNA5SP88	GroupB_exclusive			TK93	SNV	0	1
ENSG00000258818	RNASE4	GroupB_exclusive			TK10	SNV	0	1
ENSG00000213110	RNF11P1	GroupB_exclusive			TK92	SNV	0	1
ENSG00000227563	RNF11P2	GroupB_exclusive			TK92	SNV	0	1
ENSG00000133135	RNF128	GroupB_exclusive			TK92	SNV	0	1
ENSG00000267128	RNF157-AS1	GroupB_exclusive			TK10	SNV	0	1
ENSG00000114125	RNF7	GroupB_exclusive			TK93	SNV	0	1
ENSG00000239831	RNF7P1	GroupB_exclusive			TK91	SNV	0	1
ENSG00000206791	RNU1-129P	GroupB_exclusive			TK92	SNV	0	1
ENSG00000202215	RNU1-51P	GroupB_exclusive			TK18	SNV	0	1
ENSG00000238554	RNU1-88P	GroupB_exclusive			TK10	SNV	0	1
ENSG00000201616	RNU1-91P	GroupB_exclusive			TK93	SNV	0	1
ENSG00000274978	RNU11	GroupB_exclusive			TK18	SNV	0	1
ENSG00000223156	RNU2-18P	GroupB_exclusive			TK92	SNV	0	1
ENSG00000222357	RNU2-20P	GroupB_exclusive			TK93	SNV	0	1
ENSG00000222328	RNU2-2P	GroupB_exclusive			TK93	SNV	0	1
ENSG00000222629	RNU2-42P	GroupB_exclusive			TK91	SNV	0	1
ENSG00000252847	RNU2-46P	GroupB_exclusive			TK93	SNV	0	1
ENSG00000277084	RNU2-4P	GroupB_exclusive			TK93	SNV	0	1
ENSG00000222640	RNU2-51P	GroupB_exclusive			TK92	SNV	0	1
ENSG00000222800	RNU2-62P	GroupB_exclusive			TK92	SNV	0	1
ENSG00000251870	RNU2-69P	GroupB_exclusive			TK10	SNV	0	1
ENSG00000222650	RNU2-70P	GroupB_exclusive			TK93	SNV	0	1
ENSG00000222821	RNU4-27P	GroupB_exclusive			TK92	SNV	0	1
ENSG00000201342	RNU4-38P	GroupB_exclusive			TK92	SNV	0	1
ENSG00000206936	RNU4-52P	GroupB_exclusive			TK91	SNV	0	1
ENSG00000252237	RNU4-54P	GroupB_exclusive			TK91	SNV	0	1
ENSG00000222872	RNU4-78P	GroupB_exclusive			TK92	INDEL,SNV	0	1
ENSG00000200431	RNU4-81P	GroupB_exclusive			TK91	SNV	0	1
ENSG00000222067	RNU4-86P	GroupB_exclusive			TK93	SNV	0	1
ENSG00000264229	RNU4ATAC	GroupB_exclusive			TK10	SNV	0	1
ENSG00000199568	RNU5A-1	GroupB_exclusive			TK18	INDEL	0	1
ENSG00000254172	RNU5A-3P	GroupB_exclusive			TK92	SNV	0	1
ENSG00000222986	RNU5A-5P	GroupB_exclusive			TK92	SNV	0	1
ENSG00000200972	RNU5A-8P	GroupB_exclusive			TK93	SNV	0	1
ENSG00000200376	RNU5E-10P	GroupB_exclusive			TK10	INDEL	0	1
ENSG00000252390	RNU5F-4P	GroupB_exclusive			TK92	INDEL	0	1
ENSG00000222255	RNU6-101P	GroupB_exclusive			TK12	SNV	0	1
ENSG00000207194	RNU6-1026P	GroupB_exclusive			TK93	SNV	0	1
ENSG00000202205	RNU6-1034P	GroupB_exclusive			TK91	SNV	0	1
ENSG00000252659	RNU6-1088P	GroupB_exclusive			TK93	SNV	0	1
ENSG00000201687	RNU6-1107P	GroupB_exclusive			TK92	SNV	0	1
ENSG00000207255	RNU6-1117P	GroupB_exclusive			TK92	SNV	0	1
ENSG00000201390	RNU6-1141P	GroupB_exclusive			TK92	SNV	0	1
ENSG00000207185	RNU6-1157P	GroupB_exclusive			TK18	SNV	0	1
ENSG00000201180	RNU6-115P	GroupB_exclusive			TK92	INDEL	0	1
ENSG00000201298	RNU6-1164P	GroupB_exclusive			TK93	SNV	0	1
ENSG00000201641	RNU6-1187P	GroupB_exclusive			TK91	SNV	0	1
ENSG00000223181	RNU6-1199P	GroupB_exclusive			TK93	SNV	0	1
ENSG00000206954	RNU6-1201P	GroupB_exclusive			TK92	SNV	0	1
ENSG00000252994	RNU6-1231P	GroupB_exclusive			TK91	SNV	0	1
ENSG00000252686	RNU6-1234P	GroupB_exclusive			TK91	SNV	0	1
ENSG00000253024	RNU6-1238P	GroupB_exclusive			TK92	SNV	0	1
ENSG00000202025	RNU6-1240P	GroupB_exclusive			TK18	SNV	0	1
ENSG00000252348	RNU6-1256P	GroupB_exclusive			TK10	SNV	0	1
ENSG00000252494	RNU6-126P	GroupB_exclusive			TK92	SNV	0	1
ENSG00000202242	RNU6-1276P	GroupB_exclusive			TK91	SNV	0	1
ENSG00000200350	RNU6-1285P	GroupB_exclusive			TK10	SNV	0	1
ENSG00000206703	RNU6-128P	GroupB_exclusive			TK92	SNV	0	1
ENSG00000207334	RNU6-12P	GroupB_exclusive			TK92	SNV	0	1
ENSG00000202089	RNU6-1306P	GroupB_exclusive			TK92	SNV	0	1
ENSG00000207459	RNU6-1311P	GroupB_exclusive			TK10	SNV	0	1
ENSG00000206969	RNU6-1316P	GroupB_exclusive			TK91	SNV	0	1
ENSG00000202172	RNU6-1327P	GroupB_exclusive			TK10	SNV	0	1
ENSG00000206975	RNU6-13P	GroupB_exclusive			TK91	SNV	0	1
ENSG00000206746	RNU6-142P	GroupB_exclusive			TK93	SNV	0	1
ENSG00000222338	RNU6-174P	GroupB_exclusive			TK93	SNV	0	1
ENSG00000206985	RNU6-198P	GroupB_exclusive			TK93	SNV	0	1
ENSG00000252929	RNU6-218P	GroupB_exclusive			TK91	INDEL,SNV	0	1
ENSG00000222777	RNU6-233P	GroupB_exclusive			TK92	SNV	0	1
ENSG00000200560	RNU6-288P	GroupB_exclusive			TK91	SNV	0	1
ENSG00000207367	RNU6-29P	GroupB_exclusive			TK92	SNV	0	1
ENSG00000201725	RNU6-304P	GroupB_exclusive			TK18	SNV	0	1
ENSG00000207347	RNU6-306P	GroupB_exclusive			TK92	SNV	0	1
ENSG00000212259	RNU6-308P	GroupB_exclusive			TK93	SNV	0	1
ENSG00000199536	RNU6-315P	GroupB_exclusive			TK91	SNV	0	1
ENSG00000207116	RNU6-31P	GroupB_exclusive			TK91	SNV	0	1
ENSG00000253739	RNU6-323P	GroupB_exclusive			TK91	SNV	0	1
ENSG00000206675	RNU6-32P	GroupB_exclusive			TK92	SNV	0	1
ENSG00000223263	RNU6-387P	GroupB_exclusive			TK18	SNV	0	1
ENSG00000207072	RNU6-39P	GroupB_exclusive			TK92	SNV	0	1
ENSG00000252839	RNU6-419P	GroupB_exclusive			TK91	SNV	0	1
ENSG00000252887	RNU6-430P	GroupB_exclusive			TK91	SNV	0	1
ENSG00000252157	RNU6-479P	GroupB_exclusive			TK92	SNV	0	1
ENSG00000206921	RNU6-481P	GroupB_exclusive			TK92	INDEL	0	1
ENSG00000206743	RNU6-484P	GroupB_exclusive			TK18	SNV	0	1
ENSG00000253063	RNU6-494P	GroupB_exclusive			TK92	SNV	0	1
ENSG00000212541	RNU6-510P	GroupB_exclusive			TK92	SNV	0	1
ENSG00000207448	RNU6-520P	GroupB_exclusive			TK93	SNV	0	1
ENSG00000207453	RNU6-535P	GroupB_exclusive			TK12	SNV	0	1
ENSG00000223280	RNU6-57P	GroupB_exclusive			TK93	SNV	0	1
ENSG00000202029	RNU6-580P	GroupB_exclusive			TK92	SNV	0	1
ENSG00000200814	RNU6-595P	GroupB_exclusive			TK92	SNV	0	1
ENSG00000200388	RNU6-618P	GroupB_exclusive			TK92	SNV	0	1
ENSG00000200224	RNU6-626P	GroupB_exclusive			TK91	SNV	0	1
ENSG00000201519	RNU6-645P	GroupB_exclusive			TK92	SNV	0	1
ENSG00000207336	RNU6-658P	GroupB_exclusive			TK93	SNV	0	1
ENSG00000206924	RNU6-689P	GroupB_exclusive			TK92	SNV	0	1
ENSG00000272055	RNU6-6P	GroupB_exclusive			TK93	SNV	0	1
ENSG00000201654	RNU6-7	GroupB_exclusive			TK92	SNV	0	1
ENSG00000206944	RNU6-708P	GroupB_exclusive			TK92	SNV	0	1
ENSG00000202491	RNU6-716P	GroupB_exclusive			TK10	SNV	0	1
ENSG00000252172	RNU6-720P	GroupB_exclusive			TK18	SNV	0	1
ENSG00000252549	RNU6-759P	GroupB_exclusive			TK93	SNV	0	1
ENSG00000202337	RNU6-8	GroupB_exclusive			TK10	SNV	0	1
ENSG00000202513	RNU6-805P	GroupB_exclusive			TK93	SNV	0	1
ENSG00000252614	RNU6-807P	GroupB_exclusive			TK93	SNV	0	1
ENSG00000201176	RNU6-853P	GroupB_exclusive			TK91	SNV	0	1
ENSG00000274607	RNU6-866P	GroupB_exclusive			TK92	SNV	0	1
ENSG00000199260	RNU6-874P	GroupB_exclusive			TK92	SNV	0	1
ENSG00000207308	RNU6-878P	GroupB_exclusive			TK92	SNV	0	1
ENSG00000201198	RNU6-879P	GroupB_exclusive			TK92	SNV	0	1
ENSG00000272507	RNU6-88P	GroupB_exclusive			TK92	SNV	0	1
ENSG00000206848	RNU6-890P	GroupB_exclusive			TK18	SNV	0	1
ENSG00000212146	RNU6-910P	GroupB_exclusive			TK10	SNV	0	1
ENSG00000201813	RNU6-915P	GroupB_exclusive			TK12	SNV	0	1
ENSG00000271819	RNU6-94P	GroupB_exclusive			TK93	SNV	0	1
ENSG00000275291	RNVU1-26	GroupB_exclusive			TK12	SNV	0	1
ENSG00000278099	RNVU1-2A	GroupB_exclusive			TK18	SNV	0	1
ENSG00000286172	RNVU1-8	GroupB_exclusive			TK93	SNV	0	1
ENSG00000206920	RNY1P6	GroupB_exclusive			TK12	SNV	0	1
ENSG00000202354	RNY3	GroupB_exclusive			TK93	SNV	0	1
ENSG00000201955	RNY3P1	GroupB_exclusive			TK93	SNV	0	1
ENSG00000202412	RNY3P13	GroupB_exclusive			TK92	SNV	0	1
ENSG00000207036	RNY3P14	GroupB_exclusive			TK92	SNV	0	1
ENSG00000201818	RNY4P17	GroupB_exclusive			TK93	SNV	0	1
ENSG00000229478	ROBO2P1	GroupB_exclusive			TK93	SNV	0	1
ENSG00000169071	ROR2	GroupB_exclusive			TK92	INDEL,SNV	0	1
ENSG00000259482	RORA-AS2	GroupB_exclusive			TK18	SNV	0	1
ENSG00000104237	RP1	GroupB_exclusive			TK91	SNV	0	1
ENSG00000270874	RPAP2P1	GroupB_exclusive			TK93	INDEL,SNV	0	1
ENSG00000234158	RPEP2	GroupB_exclusive			TK93	SNV	0	1
ENSG00000262294	RPH3AL-AS2	GroupB_exclusive			TK92	SNV	0	1
ENSG00000260031	RPL10P14	GroupB_exclusive			TK91	SNV	0	1
ENSG00000227394	RPL11P1	GroupB_exclusive			TK92	SNV	0	1
ENSG00000230993	RPL12P15	GroupB_exclusive			TK92	SNV	0	1
ENSG00000242314	RPL12P32	GroupB_exclusive			TK93	SNV	0	1
ENSG00000243007	RPL12P35	GroupB_exclusive			TK92	SNV	0	1
ENSG00000243516	RPL12P40	GroupB_exclusive			TK93	SNV	0	1
ENSG00000232687	RPL12P9	GroupB_exclusive			TK10	SNV	0	1
ENSG00000231322	RPL13AP17	GroupB_exclusive			TK18	SNV	0	1
ENSG00000241890	RPL13P4	GroupB_exclusive			TK91	SNV	0	1
ENSG00000241634	RPL13P8	GroupB_exclusive			TK10	SNV	0	1
ENSG00000243402	RPL15P12	GroupB_exclusive			TK93	SNV	0	1
ENSG00000241723	RPL15P6	GroupB_exclusive			TK93	SNV	0	1
ENSG00000242135	RPL17P2	GroupB_exclusive			TK91	SNV	0	1
ENSG00000231965	RPL17P29	GroupB_exclusive			TK91	SNV	0	1
ENSG00000243844	RPL17P33	GroupB_exclusive			TK93	SNV	0	1
ENSG00000213041	RPL17P8	GroupB_exclusive			TK93	SNV	0	1
ENSG00000223733	RPL18AP14	GroupB_exclusive			TK93	SNV	0	1
ENSG00000244485	RPL18P13	GroupB_exclusive			TK18	SNV	0	1
ENSG00000226915	RPL19P4	GroupB_exclusive			TK91	SNV	0	1
ENSG00000241640	RPL21P113	GroupB_exclusive			TK92	SNV	0	1
ENSG00000240238	RPL21P117	GroupB_exclusive			TK92	SNV	0	1
ENSG00000240531	RPL21P123	GroupB_exclusive			TK92	SNV	0	1
ENSG00000244527	RPL21P128	GroupB_exclusive			TK92	SNV	0	1
ENSG00000235482	RPL21P135	GroupB_exclusive			TK93	SNV	0	1
ENSG00000239465	RPL21P15	GroupB_exclusive			TK91	SNV	0	1
ENSG00000232037	RPL21P29	GroupB_exclusive			TK91	SNV	0	1
ENSG00000227187	RPL21P31	GroupB_exclusive			TK92	SNV	0	1
ENSG00000238180	RPL21P34	GroupB_exclusive			TK93	SNV	0	1
ENSG00000242318	RPL21P48	GroupB_exclusive			TK92	SNV	0	1
ENSG00000241187	RPL21P57	GroupB_exclusive			TK10	SNV	0	1
ENSG00000239199	RPL21P6	GroupB_exclusive			TK92	SNV	0	1
ENSG00000216718	RPL21P68	GroupB_exclusive			TK91	SNV	0	1
ENSG00000216480	RPL21P69	GroupB_exclusive			TK92	SNV	0	1
ENSG00000237551	RPL21P74	GroupB_exclusive			TK93	SNV	0	1
ENSG00000241026	RPL21P77	GroupB_exclusive			TK93	SNV	0	1
ENSG00000241678	RPL21P94	GroupB_exclusive			TK92	SNV	0	1
ENSG00000241782	RPL21P95	GroupB_exclusive			TK93	SNV	0	1
ENSG00000242986	RPL21P99	GroupB_exclusive			TK10	SNV	0	1
ENSG00000241129	RPL22P19	GroupB_exclusive			TK92	INDEL	0	1
ENSG00000230988	RPL23AP11	GroupB_exclusive			TK93	INDEL	0	1
ENSG00000236679	RPL23AP24	GroupB_exclusive			TK92	SNV	0	1
ENSG00000232568	RPL23AP35	GroupB_exclusive			TK18	SNV	0	1
ENSG00000184423	RPL23AP38	GroupB_exclusive			TK93	SNV	0	1
ENSG00000224085	RPL23AP41	GroupB_exclusive			TK91	INDEL,SNV	0	1
ENSG00000219814	RPL23AP47	GroupB_exclusive			TK18	SNV	0	1
ENSG00000243422	RPL23AP49	GroupB_exclusive			TK92	SNV	0	1
ENSG00000232778	RPL23AP50	GroupB_exclusive			TK92	SNV	0	1
ENSG00000243265	RPL23AP55	GroupB_exclusive			TK92	SNV	0	1
ENSG00000280012	RPL23AP61	GroupB_exclusive			TK93	SNV	0	1
ENSG00000213233	RPL23AP62	GroupB_exclusive			TK91	SNV	0	1
ENSG00000239840	RPL23AP72	GroupB_exclusive			TK92	SNV	0	1
ENSG00000213035	RPL23AP80	GroupB_exclusive			TK10	SNV	0	1
ENSG00000234135	RPL23AP83	GroupB_exclusive			TK10	SNV	0	1
ENSG00000271153	RPL23AP88	GroupB_exclusive			TK18	SNV	0	1
ENSG00000219451	RPL23P8	GroupB_exclusive			TK92	SNV	0	1
ENSG00000233829	RPL26P15	GroupB_exclusive			TK91	SNV	0	1
ENSG00000244229	RPL26P35	GroupB_exclusive			TK91	SNV	0	1
ENSG00000233741	RPL27P7	GroupB_exclusive			TK93	SNV	0	1
ENSG00000237041	RPL27P8	GroupB_exclusive			TK93	SNV	0	1
ENSG00000225513	RPL29P20	GroupB_exclusive			TK10	SNV	0	1
ENSG00000241286	RPL29P25	GroupB_exclusive			TK93	SNV	0	1
ENSG00000243730	RPL29P3	GroupB_exclusive			TK92	SNV	0	1
ENSG00000243256	RPL30P14	GroupB_exclusive			TK91	INDEL,SNV	0	1
ENSG00000234272	RPL30P2	GroupB_exclusive			TK92	SNV	0	1
ENSG00000213075	RPL31P11	GroupB_exclusive			TK91	SNV	0	1
ENSG00000227309	RPL31P19	GroupB_exclusive			TK93	INDEL,SNV	0	1
ENSG00000179131	RPL31P38	GroupB_exclusive			TK12	SNV	0	1
ENSG00000213291	RPL31P39	GroupB_exclusive			TK91	SNV	0	1
ENSG00000243164	RPL31P48	GroupB_exclusive			TK92	SNV	0	1
ENSG00000256358	RPL31P57	GroupB_exclusive			TK93	SNV	0	1
ENSG00000213157	RPL32P10	GroupB_exclusive			TK92	SNV	0	1
ENSG00000243537	RPL32P20	GroupB_exclusive			TK93	SNV	0	1
ENSG00000241157	RPL32P32	GroupB_exclusive			TK93	SNV	0	1
ENSG00000236325	RPL32P5	GroupB_exclusive			TK92	SNV	0	1
ENSG00000230240	RPL34P19	GroupB_exclusive			TK92	INDEL,SNV	0	1
ENSG00000231508	RPL34P20	GroupB_exclusive			TK93	SNV	0	1
ENSG00000244267	RPL34P22	GroupB_exclusive			TK10	SNV	0	1
ENSG00000239223	RPL34P31	GroupB_exclusive			TK91	SNV	0	1
ENSG00000241282	RPL34P33	GroupB_exclusive			TK92	SNV	0	1
ENSG00000234075	RPL35AP	GroupB_exclusive			TK92	INDEL,SNV	0	1
ENSG00000241103	RPL35AP11	GroupB_exclusive			TK91	SNV	0	1
ENSG00000233460	RPL35AP31	GroupB_exclusive			TK10	SNV	0	1
ENSG00000243404	RPL35AP32	GroupB_exclusive			TK93	SNV	0	1
ENSG00000239256	RPL35AP35	GroupB_exclusive			TK91	SNV	0	1
ENSG00000224856	RPL35AP36	GroupB_exclusive			TK92	SNV	0	1
ENSG00000237991	RPL35P1	GroupB_exclusive			TK91	SNV	0	1
ENSG00000235369	RPL36AP15	GroupB_exclusive			TK10	SNV	0	1
ENSG00000230980	RPL36AP39	GroupB_exclusive			TK12	SNV	0	1
ENSG00000240298	RPL36AP40	GroupB_exclusive			TK10	SNV	0	1
ENSG00000240366	RPL36AP45	GroupB_exclusive			TK92	SNV	0	1
ENSG00000224011	RPL36AP46	GroupB_exclusive			TK12	SNV	0	1
ENSG00000213180	RPL36AP48	GroupB_exclusive			TK91	INDEL,SNV	0	1
ENSG00000228007	RPL36AP7	GroupB_exclusive			TK93	SNV	0	1
ENSG00000215905	RPL36P5	GroupB_exclusive			TK93	SNV	0	1
ENSG00000215369	RPL37P3	GroupB_exclusive			TK10	SNV	0	1
ENSG00000244422	RPL38P3	GroupB_exclusive			TK91	SNV	0	1
ENSG00000229468	RPL39P18	GroupB_exclusive			TK10	SNV	0	1
ENSG00000227271	RPL39P25	GroupB_exclusive			TK93	SNV	0	1
ENSG00000239912	RPL39P36	GroupB_exclusive			TK12	SNV	0	1
ENSG00000242134	RPL5P13	GroupB_exclusive			TK92	SNV	0	1
ENSG00000213051	RPL5P5	GroupB_exclusive			TK93	SNV	0	1
ENSG00000213917	RPL5P8	GroupB_exclusive			TK92	SNV	0	1
ENSG00000218476	RPL6P18	GroupB_exclusive			TK91	SNV	0	1
ENSG00000253646	RPL6P32	GroupB_exclusive			TK10	SNV	0	1
ENSG00000229757	RPL7AP21	GroupB_exclusive			TK93	SNV	0	1
ENSG00000256243	RPL7AP3	GroupB_exclusive			TK91	SNV	0	1
ENSG00000213312	RPL7AP34	GroupB_exclusive			TK10	SNV	0	1
ENSG00000224475	RPL7AP40	GroupB_exclusive			TK92	SNV	0	1
ENSG00000240210	RPL7AP5	GroupB_exclusive			TK12	SNV	0	1
ENSG00000225354	RPL7AP52	GroupB_exclusive			TK93	SNV	0	1
ENSG00000235962	RPL7AP53	GroupB_exclusive			TK92	SNV	0	1
ENSG00000241008	RPL7AP55	GroupB_exclusive			TK91	SNV	0	1
ENSG00000240554	RPL7AP58	GroupB_exclusive			TK91	INDEL	0	1
ENSG00000234566	RPL7AP71	GroupB_exclusive			TK92	SNV	0	1
ENSG00000231995	RPL7AP76	GroupB_exclusive			TK93	SNV	0	1
ENSG00000230507	RPL7AP8	GroupB_exclusive			TK91	SNV	0	1
ENSG00000234619	RPL7P11	GroupB_exclusive			TK92	SNV	0	1
ENSG00000227770	RPL7P12	GroupB_exclusive			TK92	SNV	0	1
ENSG00000254252	RPL7P20	GroupB_exclusive			TK92	INDEL	0	1
ENSG00000218632	RPL7P28	GroupB_exclusive			TK93	SNV	0	1
ENSG00000215236	RPL7P33	GroupB_exclusive			TK93	SNV	0	1
ENSG00000187504	RPL7P48	GroupB_exclusive			TK92	SNV	0	1
ENSG00000242931	RPL7P49	GroupB_exclusive			TK91	SNV	0	1
ENSG00000228599	RPL7P52	GroupB_exclusive			TK91	SNV	0	1
ENSG00000225918	RPL7P59	GroupB_exclusive			TK93	SNV	0	1
ENSG00000214142	RPL7P60	GroupB_exclusive			TK92	SNV	0	1
ENSG00000216676	RPL8P1	GroupB_exclusive			TK93	SNV	0	1
ENSG00000185078	RPL9P14	GroupB_exclusive			TK91	SNV	0	1
ENSG00000239510	RPL9P5	GroupB_exclusive			TK91	SNV	0	1
ENSG00000244705	RPLP0P10	GroupB_exclusive			TK91	SNV	0	1
ENSG00000243686	RPLP1P11	GroupB_exclusive			TK91	SNV	0	1
ENSG00000232163	RPLP1P13	GroupB_exclusive			TK91	SNV	0	1
ENSG00000214374	RPLP2P1	GroupB_exclusive			TK10	SNV	0	1
ENSG00000229455	RPS10P18	GroupB_exclusive			TK12	SNV	0	1
ENSG00000240443	RPS10P20	GroupB_exclusive			TK91	INDEL,SNV	0	1
ENSG00000227791	RPS10P9	GroupB_exclusive			TK92	SNV	0	1
ENSG00000214047	RPS11P7	GroupB_exclusive			TK93	SNV	0	1
ENSG00000233163	RPS12P17	GroupB_exclusive			TK18	SNV	0	1
ENSG00000236533	RPS12P4	GroupB_exclusive			TK91	SNV	0	1
ENSG00000243314	RPS12P7	GroupB_exclusive			TK91	SNV	0	1
ENSG00000236913	RPS13P3	GroupB_exclusive			TK92	SNV	0	1
ENSG00000237827	RPS15AP29	GroupB_exclusive			TK92	SNV	0	1
ENSG00000242675	RPS16P9	GroupB_exclusive			TK10	SNV	0	1
ENSG00000224706	RPS17P13	GroupB_exclusive			TK92	SNV	0	1
ENSG00000060303	RPS17P5	GroupB_exclusive			TK92	SNV	0	1
ENSG00000234637	RPS19P6	GroupB_exclusive			TK91	SNV	0	1
ENSG00000140988	RPS2	GroupB_exclusive			TK10	SNV	0	1
ENSG00000241942	RPS20P20	GroupB_exclusive			TK91	SNV	0	1
ENSG00000239218	RPS20P22	GroupB_exclusive			TK92	SNV	0	1
ENSG00000236862	RPS20P24	GroupB_exclusive			TK93	SNV	0	1
ENSG00000218198	RPS20P32	GroupB_exclusive			TK10	SNV	0	1
ENSG00000237162	RPS20P9	GroupB_exclusive			TK92	SNV	0	1
ENSG00000239527	RPS23P7	GroupB_exclusive			TK92	SNV	0	1
ENSG00000232142	RPS25P9	GroupB_exclusive			TK91	SNV	0	1
ENSG00000233278	RPS26P2	GroupB_exclusive			TK91	SNV	0	1
ENSG00000242199	RPS26P22	GroupB_exclusive			TK92	SNV	0	1
ENSG00000242206	RPS26P35	GroupB_exclusive			TK91	SNV	0	1
ENSG00000234192	RPS26P38	GroupB_exclusive			TK91	SNV	0	1
ENSG00000227586	RPS26P39	GroupB_exclusive			TK10	SNV	0	1
ENSG00000228349	RPS26P4	GroupB_exclusive			TK12	SNV	0	1
ENSG00000242307	RPS26P52	GroupB_exclusive			TK91	SNV	0	1
ENSG00000225224	RPS27AP12	GroupB_exclusive			TK93	SNV	0	1
ENSG00000232333	RPS27AP2	GroupB_exclusive			TK92	SNV	0	1
ENSG00000226144	RPS27AP3	GroupB_exclusive			TK93	SNV	0	1
ENSG00000237483	RPS27AP8	GroupB_exclusive			TK92	SNV	0	1
ENSG00000218459	RPS27P15	GroupB_exclusive			TK93	SNV	0	1
ENSG00000224646	RPS28P5	GroupB_exclusive			TK12	SNV	0	1
ENSG00000240385	RPS29P20	GroupB_exclusive			TK93	SNV	0	1
ENSG00000241913	RPS29P21	GroupB_exclusive			TK10	SNV	0	1
ENSG00000240873	RPS29P22	GroupB_exclusive			TK93	SNV	0	1
ENSG00000233717	RPS29P29	GroupB_exclusive			TK92	SNV	0	1
ENSG00000225770	RPS29P3	GroupB_exclusive			TK12	SNV	0	1
ENSG00000224279	RPS29P31	GroupB_exclusive			TK91	SNV	0	1
ENSG00000230777	RPS29P5	GroupB_exclusive			TK93	SNV	0	1
ENSG00000177776	RPS2P2	GroupB_exclusive			TK93	SNV	0	1
ENSG00000244019	RPS2P24	GroupB_exclusive			TK92	SNV	0	1
ENSG00000238172	RPS2P35	GroupB_exclusive			TK92	SNV	0	1
ENSG00000240698	RPS2P39	GroupB_exclusive			TK91	SNV	0	1
ENSG00000243609	RPS2P44	GroupB_exclusive			TK92	SNV	0	1
ENSG00000236804	RPS3AP12	GroupB_exclusive			TK93	SNV	0	1
ENSG00000230783	RPS3AP13	GroupB_exclusive			TK92	SNV	0	1
ENSG00000217684	RPS3AP24	GroupB_exclusive			TK12	SNV	0	1
ENSG00000237818	RPS3AP29	GroupB_exclusive			TK92	SNV	0	1
ENSG00000228744	RPS3AP30	GroupB_exclusive			TK91	SNV	0	1
ENSG00000244289	RPS3AP35	GroupB_exclusive			TK92	SNV	0	1
ENSG00000214362	RPS3AP36	GroupB_exclusive			TK93	SNV	0	1
ENSG00000239481	RPS3AP41	GroupB_exclusive			TK92	SNV	0	1
ENSG00000242278	RPS3AP48	GroupB_exclusive			TK93	SNV	0	1
ENSG00000227578	RPS3AP53	GroupB_exclusive			TK92	SNV	0	1
ENSG00000242058	RPS4XP19	GroupB_exclusive			TK91	SNV	0	1
ENSG00000239830	RPS4XP22	GroupB_exclusive			TK92	SNV	0	1
ENSG00000229920	RPS4XP5	GroupB_exclusive			TK12	SNV	0	1
ENSG00000244073	RPS4XP6	GroupB_exclusive			TK92	SNV	0	1
ENSG00000224598	RPS5P2	GroupB_exclusive			TK91	SNV	0	1
ENSG00000237730	RPS5P8	GroupB_exclusive			TK91	SNV	0	1
ENSG00000231654	RPS6KA2-AS1	GroupB_exclusive			TK93	SNV	0	1
ENSG00000233309	RPS6P12	GroupB_exclusive			TK10	SNV	0	1
ENSG00000213269	RPS6P26	GroupB_exclusive			TK93	SNV	0	1
ENSG00000237432	RPS7P12	GroupB_exclusive			TK93	SNV	0	1
ENSG00000244002	RPSAP39	GroupB_exclusive			TK10	SNV	0	1
ENSG00000244131	RPSAP51	GroupB_exclusive			TK91	SNV	0	1
ENSG00000214263	RPSAP53	GroupB_exclusive			TK92	SNV	0	1
ENSG00000284670	RPSAP56	GroupB_exclusive			TK12	SNV	0	1
ENSG00000266858	RPSAP67	GroupB_exclusive			TK91	SNV	0	1
ENSG00000233487	RPSAP69	GroupB_exclusive			TK93	SNV	0	1
ENSG00000258633	RRAGAP1-AS1	GroupB_exclusive			TK10	SNV	0	1
ENSG00000229781	RRN3P4	GroupB_exclusive			TK92	SNV	0	1
ENSG00000265402	RSL24D1P9	GroupB_exclusive			TK91	SNV	0	1
ENSG00000213659	RSU1P3	GroupB_exclusive			TK93	SNV	0	1
ENSG00000225165	RTRAFP2	GroupB_exclusive			TK93	SNV	0	1
ENSG00000198853	RUSC2	GroupB_exclusive			TK91	INDEL	0	1
ENSG00000236592	S100A11P2	GroupB_exclusive			TK92	SNV	0	1
ENSG00000270747	S100A11P9	GroupB_exclusive			TK93	SNV	0	1
ENSG00000163221	S100A12	GroupB_exclusive			TK10	SNV	0	1
ENSG00000262480	SAMD11P1	GroupB_exclusive			TK92	SNV	0	1
ENSG00000224488	SAMM50P1	GroupB_exclusive			TK92	SNV	0	1
ENSG00000223873	SAP18P2	GroupB_exclusive			TK18	SNV	0	1
ENSG00000230697	SAP18P3	GroupB_exclusive			TK92	SNV	0	1
ENSG00000213644	SAPCD2P1	GroupB_exclusive			TK91	SNV	0	1
ENSG00000225665	SAR1AP3	GroupB_exclusive			TK91	SNV	0	1
ENSG00000104835	SARS2	GroupB_exclusive			TK92	SNV	0	1
ENSG00000130066	SAT1	GroupB_exclusive			TK18	SNV	0	1
ENSG00000248522	SBF1P1	GroupB_exclusive			TK91	SNV	0	1
ENSG00000224339	SC4MOP	GroupB_exclusive			TK91	SNV	0	1
ENSG00000227500	SCAMP4	GroupB_exclusive			TK10	SNV	0	1
ENSG00000252947	SCARNA1	GroupB_exclusive			TK93	SNV	0	1
ENSG00000238795	SCARNA12	GroupB_exclusive			TK12	INDEL,SNV	0	1
ENSG00000252712	SCARNA14	GroupB_exclusive			TK93	SNV	0	1
ENSG00000251992	SCARNA17	GroupB_exclusive			TK10	SNV	0	1
ENSG00000251791	SCARNA6	GroupB_exclusive			TK93	SNV	0	1
ENSG00000254911	SCARNA9	GroupB_exclusive			TK12	SNV	0	1
ENSG00000168515	SCGB1D1	GroupB_exclusive			TK91	SNV	0	1
ENSG00000164265	SCGB3A2	GroupB_exclusive			TK92	SNV	0	1
ENSG00000070031	SCT	GroupB_exclusive			TK12	SNV	0	1
ENSG00000285843	SCYGR9	GroupB_exclusive			TK92	SNV	0	1
ENSG00000226705	SDCBPP1	GroupB_exclusive			TK93	SNV	0	1
ENSG00000274529	SEBOX	GroupB_exclusive			TK91	SNV	0	1
ENSG00000226098	SEC11B	GroupB_exclusive			TK18	SNV	0	1
ENSG00000219532	SELENOKP2	GroupB_exclusive			TK93	SNV	0	1
ENSG00000271585	SELENOTP2	GroupB_exclusive			TK91	SNV	0	1
ENSG00000137872	SEMA6D	GroupB_exclusive			TK18	SNV	0	1
ENSG00000251155	SEPTIN14P4	GroupB_exclusive			TK10	SNV	0	1
ENSG00000217929	SEPTIN14P6	GroupB_exclusive			TK93	SNV	0	1
ENSG00000259090	SEPTIN7P1	GroupB_exclusive			TK91	SNV	0	1
ENSG00000248885	SEPTIN7P10	GroupB_exclusive			TK92	SNV	0	1
ENSG00000291108	SEPTIN7P11	GroupB_exclusive			TK10	SNV	0	1
ENSG00000229000	SEPTIN7P8	GroupB_exclusive			TK92	SNV	0	1
ENSG00000123561	SERPINA7	GroupB_exclusive			TK91	SNV	0	1
ENSG00000197632	SERPINB2	GroupB_exclusive			TK10	SNV	0	1
ENSG00000223707	SFR1P2	GroupB_exclusive			TK93	SNV	0	1
ENSG00000102683	SGCG	GroupB_exclusive			TK12	SNV	0	1
ENSG00000234304	SGO1P2	GroupB_exclusive			TK10	SNV	0	1
ENSG00000224660	SH3BP5-AS1	GroupB_exclusive			TK18	INDEL	0	1
ENSG00000280693	SH3PXD2A-AS1	GroupB_exclusive			TK18	SNV	0	1
ENSG00000250072	SH3TC2-DT	GroupB_exclusive			TK92	SNV	0	1
ENSG00000267691	SHC1P2	GroupB_exclusive			TK10	SNV	0	1
ENSG00000203397	SHISA5P2	GroupB_exclusive			TK91	SNV	0	1
ENSG00000188803	SHISA6	GroupB_exclusive			TK93	SNV	0	1
ENSG00000254415	SIGLEC14	GroupB_exclusive			TK10	SNV	0	1
ENSG00000268581	SIGLEC18P	GroupB_exclusive			TK93	SNV	0	1
ENSG00000125900	SIRPD	GroupB_exclusive			TK93	SNV	0	1
ENSG00000146477	SLC22A3	GroupB_exclusive			TK10	SNV	0	1
ENSG00000185052	SLC24A3	GroupB_exclusive			TK93	SNV	0	1
ENSG00000249288	SLC25A15P5	GroupB_exclusive			TK18	SNV	0	1
ENSG00000267781	SLC25A36P1	GroupB_exclusive			TK12	SNV	0	1
ENSG00000236253	SLC25A3P1	GroupB_exclusive			TK10	SNV	0	1
ENSG00000145832	SLC25A48	GroupB_exclusive			TK92	SNV	0	1
ENSG00000251045	SLC25A48-AS1	GroupB_exclusive			TK10	SNV	0	1
ENSG00000213673	SLC25A5P3	GroupB_exclusive			TK92	SNV	0	1
ENSG00000232203	SLC25A6P2	GroupB_exclusive			TK93	SNV	0	1
ENSG00000232846	SLC25A6P3	GroupB_exclusive			TK92	SNV	0	1
ENSG00000233705	SLC26A4-AS1	GroupB_exclusive			TK91	SNV	0	1
ENSG00000197506	SLC28A3	GroupB_exclusive			TK10	SNV	0	1
ENSG00000233262	SLC28A3-AS1	GroupB_exclusive			TK10	SNV	0	1
ENSG00000164756	SLC30A8	GroupB_exclusive			TK10	INDEL,SNV	0	1
ENSG00000238286	SLC35E1P1	GroupB_exclusive			TK92	SNV	0	1
ENSG00000164729	SLC35G3	GroupB_exclusive			TK92	SNV	0	1
ENSG00000188338	SLC38A3	GroupB_exclusive			TK18	SNV	0	1
ENSG00000271631	SLC46A2-AS1	GroupB_exclusive			TK91	INDEL	0	1
ENSG00000142494	SLC47A1	GroupB_exclusive			TK18	SNV	0	1
ENSG00000236401	SLC4A1APP2	GroupB_exclusive			TK18	SNV	0	1
ENSG00000271065	SLC4A8-AS1	GroupB_exclusive			TK92	SNV	0	1
ENSG00000186198	SLC51B	GroupB_exclusive			TK18	SNV	0	1
ENSG00000132164	SLC6A11	GroupB_exclusive			TK91	SNV	0	1
ENSG00000072041	SLC6A15	GroupB_exclusive			TK10	INDEL,SNV	0	1
ENSG00000003989	SLC7A2	GroupB_exclusive			TK93	SNV	0	1
ENSG00000249138	SLED1	GroupB_exclusive			TK93	SNV	0	1
ENSG00000248222	SLIT3-AS1	GroupB_exclusive			TK91	SNV	0	1
ENSG00000254042	SLIT3-AS2	GroupB_exclusive			TK93	SNV	0	1
ENSG00000179542	SLITRK4	GroupB_exclusive			TK91	SNV	0	1
ENSG00000288869	SMANTIS	GroupB_exclusive			TK92	SNV	0	1
ENSG00000084070	SMAP2	GroupB_exclusive			TK92	SNV	0	1
ENSG00000235042	SMARCAL1-AS1	GroupB_exclusive			TK92	SNV	0	1
ENSG00000226309	SMARCE1P2	GroupB_exclusive			TK93	SNV	0	1
ENSG00000214097	SMCO1	GroupB_exclusive			TK18	SNV	0	1
ENSG00000179256	SMCO3	GroupB_exclusive			TK93	SNV	0	1
ENSG00000278941	SMG6-IT1	GroupB_exclusive			TK91	SNV	0	1
ENSG00000271284	SMIM12P1	GroupB_exclusive			TK93	SNV	0	1
ENSG00000139656	SMIM2	GroupB_exclusive			TK93	SNV	0	1
ENSG00000232388	SMIM26	GroupB_exclusive			TK12	SNV	0	1
ENSG00000262543	SMIM28	GroupB_exclusive			TK91	SNV	0	1
ENSG00000248771	SMIM31	GroupB_exclusive			TK18	SNV	0	1
ENSG00000271824	SMIM32	GroupB_exclusive			TK92	SNV	0	1
ENSG00000203870	SMIM9	GroupB_exclusive			TK92	SNV	0	1
ENSG00000205571	SMN2	GroupB_exclusive			TK91	SNV	0	1
ENSG00000223553	SMPD4P1	GroupB_exclusive			TK91	SNV	0	1
ENSG00000188176	SMTNL2	GroupB_exclusive			TK93	SNV	0	1
ENSG00000197989	SNHG12	GroupB_exclusive			TK18	SNV	0	1
ENSG00000267322	SNHG22	GroupB_exclusive			TK93	SNV	0	1
ENSG00000266402	SNHG25	GroupB_exclusive			TK93	SNV	0	1
ENSG00000207187	SNORA10B	GroupB_exclusive			TK92	SNV	0	1
ENSG00000221102	SNORA11B	GroupB_exclusive			TK93	SNV	0	1
ENSG00000212464	SNORA12	GroupB_exclusive			TK93	SNV	0	1
ENSG00000276161	SNORA17B	GroupB_exclusive			TK10	SNV	0	1
ENSG00000253051	SNORA31B	GroupB_exclusive			TK18	SNV	0	1
ENSG00000222370	SNORA36B	GroupB_exclusive			TK92	SNV	0	1
ENSG00000273544	SNORA44	GroupB_exclusive			TK93	SNV	0	1
ENSG00000238961	SNORA47	GroupB_exclusive			TK92	SNV	0	1
ENSG00000271798	SNORA51	GroupB_exclusive			TK12	SNV	0	1
ENSG00000239149	SNORA59A	GroupB_exclusive			TK12	SNV	0	1
ENSG00000199266	SNORA60	GroupB_exclusive			TK92	SNV	0	1
ENSG00000201448	SNORA63C	GroupB_exclusive			TK92	SNV	0	1
ENSG00000207405	SNORA64	GroupB_exclusive			TK93	SNV	0	1
ENSG00000207165	SNORA70	GroupB_exclusive			TK18	SNV	0	1
ENSG00000201944	SNORA72	GroupB_exclusive			TK91	SNV	0	1
ENSG00000265733	SNORA74C-1	GroupB_exclusive			TK92	SNV	0	1
ENSG00000221643	SNORA77	GroupB_exclusive			TK12	SNV	0	1
ENSG00000206754	SNORD101	GroupB_exclusive			TK91	SNV	0	1
ENSG00000207197	SNORD116-12	GroupB_exclusive			TK12	SNV	0	1
ENSG00000207174	SNORD116-15	GroupB_exclusive			TK93	SNV	0	1
ENSG00000207001	SNORD116-2	GroupB_exclusive			TK10	SNV	0	1
ENSG00000277785	SNORD116-21	GroupB_exclusive			TK12	SNV	0	1
ENSG00000201785	SNORD117	GroupB_exclusive			TK10	SNV	0	1
ENSG00000209042	SNORD12C	GroupB_exclusive			TK10	SNV	0	1
ENSG00000238311	SNORD13E	GroupB_exclusive			TK92	SNV	0	1
ENSG00000202529	SNORD18B	GroupB_exclusive			TK10	SNV	0	1
ENSG00000222345	SNORD19C	GroupB_exclusive			TK10	SNV	0	1
ENSG00000207280	SNORD20	GroupB_exclusive			TK91	INDEL	0	1
ENSG00000252128	SNORD27	GroupB_exclusive			TK93	SNV	0	1
ENSG00000199744	SNORD36A	GroupB_exclusive			TK18	SNV	0	1
ENSG00000281859	SNORD38B	GroupB_exclusive			TK91	SNV	0	1
ENSG00000280704	SNORD3E	GroupB_exclusive			TK93	SNV	0	1
ENSG00000238597	SNORD4B	GroupB_exclusive			TK10	SNV	0	1
ENSG00000265706	SNORD53B	GroupB_exclusive			TK12	SNV	0	1
ENSG00000238650	SNORD54	GroupB_exclusive			TK10	SNV	0	1
ENSG00000212534	SNORD70	GroupB_exclusive			TK93	SNV	0	1
ENSG00000212296	SNORD72	GroupB_exclusive			TK10	SNV	0	1
ENSG00000208797	SNORD73A	GroupB_exclusive			TK92	SNV	0	1
ENSG00000202400	SNORD82	GroupB_exclusive			TK93	SNV	0	1
ENSG00000220988	SNORD88C	GroupB_exclusive			TK12	SNV	0	1
ENSG00000212163	SNORD91A	GroupB_exclusive			TK91	SNV	0	1
ENSG00000283551	SNORD98	GroupB_exclusive			TK91	SNV	0	1
ENSG00000255522	SNRPCP5	GroupB_exclusive			TK91	SNV	0	1
ENSG00000100028	SNRPD3	GroupB_exclusive			TK12	SNV	0	1
ENSG00000230299	SNRPEP11	GroupB_exclusive			TK91	SNV	0	1
ENSG00000225642	SNRPEP5	GroupB_exclusive			TK91	SNV	0	1
ENSG00000217824	SNRPEP6	GroupB_exclusive			TK93	SNV	0	1
ENSG00000225990	SNRPEP7	GroupB_exclusive			TK91	SNV	0	1
ENSG00000224543	SNRPGP15	GroupB_exclusive			TK91	SNV	0	1
ENSG00000264350	SNRPGP2	GroupB_exclusive			TK92	SNV	0	1
ENSG00000239919	SNRPGP3	GroupB_exclusive			TK10	SNV	0	1
ENSG00000273173	SNURF	GroupB_exclusive			TK10	SNV	0	1
ENSG00000249337	SNX18P25	GroupB_exclusive			TK93	SNV	0	1
ENSG00000275144	SNX18P5	GroupB_exclusive			TK93	SNV	0	1
ENSG00000270585	SNX2P1	GroupB_exclusive			TK10	SNV	0	1
ENSG00000174226	SNX31	GroupB_exclusive			TK10	SNV	0	1
ENSG00000215120	SOCS6P1	GroupB_exclusive			TK18	SNV	0	1
ENSG00000278631	SOWAHCP5	GroupB_exclusive			TK93	SNV	0	1
ENSG00000110693	SOX6	GroupB_exclusive			TK93	SNV	0	1
ENSG00000234899	SOX9-AS1	GroupB_exclusive			TK18	SNV	0	1
ENSG00000235387	SPAAR	GroupB_exclusive			TK92	SNV	0	1
ENSG00000269959	SPACA6-AS1	GroupB_exclusive			TK10	SNV	0	1
ENSG00000104450	SPAG1	GroupB_exclusive			TK92	SNV	0	1
ENSG00000277215	SPANXA2-OT1	GroupB_exclusive			TK93	SNV	0	1
ENSG00000276040	SPATA31A7	GroupB_exclusive			TK10	SNV	0	1
ENSG00000270623	SPCS2P2	GroupB_exclusive			TK10	SNV	0	1
ENSG00000275976	SPDYE11	GroupB_exclusive			TK92	SNV	0	1
ENSG00000262461	SPDYE9	GroupB_exclusive			TK93	SNV	0	1
ENSG00000100014	SPECC1L	GroupB_exclusive			TK18	SNV	0	1
ENSG00000166211	SPIC	GroupB_exclusive			TK92	SNV	0	1
ENSG00000196800	SPINK14	GroupB_exclusive			TK92	SNV	0	1
ENSG00000229453	SPINK8	GroupB_exclusive			TK92	SNV	0	1
ENSG00000175093	SPSB4	GroupB_exclusive			TK92	SNV	0	1
ENSG00000183888	SRARP	GroupB_exclusive			TK10	SNV	0	1
ENSG00000258485	SRMP2	GroupB_exclusive			TK92	SNV	0	1
ENSG00000271052	SRP14P5	GroupB_exclusive			TK92	SNV	0	1
ENSG00000227689	SRP68P2	GroupB_exclusive			TK93	SNV	0	1
ENSG00000256779	SRSF8BP	GroupB_exclusive			TK92	SNV	0	1
ENSG00000214754	SRSF8CP	GroupB_exclusive			TK92	SNV	0	1
ENSG00000008324	SS18L2	GroupB_exclusive			TK10	SNV	0	1
ENSG00000232525	SS18L2P1	GroupB_exclusive			TK92	SNV	0	1
ENSG00000230268	SSU72L6	GroupB_exclusive			TK91	SNV	0	1
ENSG00000187754	SSX7	GroupB_exclusive			TK92	SNV	0	1
ENSG00000157965	SSX8P	GroupB_exclusive			TK93	SNV	0	1
ENSG00000004866	ST7	GroupB_exclusive			TK91	SNV	0	1
ENSG00000227199	ST7-AS1	GroupB_exclusive			TK12	SNV	0	1
ENSG00000204832	ST8SIA6-AS1	GroupB_exclusive			TK10	SNV	0	1
ENSG00000232412	STAG2-AS1	GroupB_exclusive			TK93	SNV	0	1
ENSG00000159167	STC1	GroupB_exclusive			TK10	SNV	0	1
ENSG00000167323	STIM1	GroupB_exclusive			TK12	SNV	0	1
ENSG00000230079	STK24P1	GroupB_exclusive			TK92	SNV	0	1
ENSG00000143093	STRIP1	GroupB_exclusive			TK92	SNV	0	1
ENSG00000117758	STX12	GroupB_exclusive			TK91	SNV	0	1
ENSG00000124222	STX16	GroupB_exclusive			TK18	SNV	0	1
ENSG00000166900	STX3	GroupB_exclusive			TK10	SNV	0	1
ENSG00000162236	STX5	GroupB_exclusive			TK18	INDEL,SNV	0	1
ENSG00000270296	STX8P1	GroupB_exclusive			TK91	SNV	0	1
ENSG00000145087	STXBP5L	GroupB_exclusive			TK92	SNV	0	1
ENSG00000258737	SUB1P2	GroupB_exclusive			TK91	SNV	0	1
ENSG00000197165	SULT1A2	GroupB_exclusive			TK93	SNV	0	1
ENSG00000198203	SULT1C2	GroupB_exclusive			TK92	SNV	0	1
ENSG00000138068	SULT6B1	GroupB_exclusive			TK18	SNV	0	1
ENSG00000241721	SUMO1P1	GroupB_exclusive			TK18	SNV	0	1
ENSG00000271096	SUMO2P14	GroupB_exclusive			TK93	SNV	0	1
ENSG00000249031	SUMO2P6	GroupB_exclusive			TK12	INDEL	0	1
ENSG00000228976	SUMO2P8	GroupB_exclusive			TK93	SNV	0	1
ENSG00000213246	SUPT4H1	GroupB_exclusive			TK92	INDEL	0	1
ENSG00000226247	SUPT4H1P1	GroupB_exclusive			TK10	SNV	0	1
ENSG00000248127	SV2C-AS1	GroupB_exclusive			TK93	SNV	0	1
ENSG00000233496	SYNJ2-IT1	GroupB_exclusive			TK91	SNV	0	1
ENSG00000204176	SYT15	GroupB_exclusive			TK10	SNV	0	1
ENSG00000139973	SYT16	GroupB_exclusive			TK92	SNV	0	1
ENSG00000132872	SYT4	GroupB_exclusive			TK10	SNV	0	1
ENSG00000147526	TACC1	GroupB_exclusive			TK18	SNV	0	1
ENSG00000224920	TACC1P1	GroupB_exclusive			TK92	SNV	0	1
ENSG00000249156	TAF11L12	GroupB_exclusive			TK91	SNV	0	1
ENSG00000267692	TAF9P3	GroupB_exclusive			TK91	SNV	0	1
ENSG00000224467	TANK-AS1	GroupB_exclusive			TK91	INDEL	0	1
ENSG00000169777	TAS2R1	GroupB_exclusive			TK92	INDEL,SNV	0	1
ENSG00000185899	TAS2R60	GroupB_exclusive			TK92	SNV	0	1
ENSG00000189375	TBC1D28	GroupB_exclusive			TK92	SNV	0	1
ENSG00000274419	TBC1D3D	GroupB_exclusive			TK12	SNV	0	1
ENSG00000274226	TBC1D3H	GroupB_exclusive			TK12	SNV	0	1
ENSG00000238283	TBC1D3P1	GroupB_exclusive			TK10	SNV	0	1
ENSG00000122145	TBX22	GroupB_exclusive			TK10	SNV	0	1
ENSG00000170379	TCAF2	GroupB_exclusive			TK91	SNV	0	1
ENSG00000224031	TCEAL3-AS1	GroupB_exclusive			TK92	SNV	0	1
ENSG00000271174	TCEAL8P1	GroupB_exclusive			TK91	SNV	0	1
ENSG00000230098	TCERG1L-AS1	GroupB_exclusive			TK92	SNV	0	1
ENSG00000176907	TCIM	GroupB_exclusive			TK18	SNV	0	1
ENSG00000100721	TCL1A	GroupB_exclusive			TK10	SNV	0	1
ENSG00000183514	TDGF1P2	GroupB_exclusive			TK91	SNV	0	1
ENSG00000156414	TDRD9	GroupB_exclusive			TK92	SNV	0	1
ENSG00000204091	TDRG1	GroupB_exclusive			TK10	SNV	0	1
ENSG00000119913	TECTB	GroupB_exclusive			TK93	SNV	0	1
ENSG00000251336	TEMN3-AS1	GroupB_exclusive			TK18	SNV	0	1
ENSG00000145934	TENM2	GroupB_exclusive			TK10	SNV	0	1
ENSG00000249311	TERF1P3	GroupB_exclusive			TK91	SNV	0	1
ENSG00000223824	TERF1P6	GroupB_exclusive			TK91	SNV	0	1
ENSG00000282419	TEX13D	GroupB_exclusive			TK10	INDEL,SNV	0	1
ENSG00000175664	TEX26	GroupB_exclusive			TK10	SNV	0	1
ENSG00000224743	TEX26-AS1	GroupB_exclusive			TK10	SNV	0	1
ENSG00000226674	TEX41	GroupB_exclusive			TK18	SNV	0	1
ENSG00000230444	TFAMP1	GroupB_exclusive			TK91	SNV	0	1
ENSG00000217227	TFGP1	GroupB_exclusive			TK92	SNV	0	1
ENSG00000163810	TGM4	GroupB_exclusive			TK93	SNV	0	1
ENSG00000267676	THA1P	GroupB_exclusive			TK18	SNV	0	1
ENSG00000176946	THAP4	GroupB_exclusive			TK18	SNV	0	1
ENSG00000130193	THEM6	GroupB_exclusive			TK10	SNV	0	1
ENSG00000229442	THEMIS3P	GroupB_exclusive			TK10	SNV	0	1
ENSG00000235920	THRAP3P3	GroupB_exclusive			TK92	SNV	0	1
ENSG00000263873	THY1-AS1	GroupB_exclusive			TK10	INDEL,SNV	0	1
ENSG00000243414	TICAM2	GroupB_exclusive			TK91	SNV	0	1
ENSG00000251206	TILRLS	GroupB_exclusive			TK12	SNV	0	1
ENSG00000145850	TIMD4	GroupB_exclusive			TK12	SNV	0	1
ENSG00000107807	TLX1	GroupB_exclusive			TK10	SNV	0	1
ENSG00000163762	TM4SF18	GroupB_exclusive			TK10	SNV	0	1
ENSG00000142484	TM4SF5	GroupB_exclusive			TK92	INDEL,SNV	0	1
ENSG00000165091	TMC1	GroupB_exclusive			TK18	SNV	0	1
ENSG00000253318	TMCC1P1	GroupB_exclusive			TK91	SNV	0	1
ENSG00000215296	TMCO5B	GroupB_exclusive			TK18	INDEL,SNV	0	1
ENSG00000284730	TMDD1	GroupB_exclusive			TK93	INDEL	0	1
ENSG00000131634	TMEM204	GroupB_exclusive			TK10	SNV	0	1
ENSG00000198398	TMEM207	GroupB_exclusive			TK91	SNV	0	1
ENSG00000234717	TMEM212-AS1	GroupB_exclusive			TK10	INDEL,SNV	0	1
ENSG00000237645	TMEM229BP1	GroupB_exclusive			TK91	SNV	0	1
ENSG00000262583	TMEM231P1	GroupB_exclusive			TK92	SNV	0	1
ENSG00000224982	TMEM233	GroupB_exclusive			TK93	SNV	0	1
ENSG00000203756	TMEM244	GroupB_exclusive			TK10	SNV	0	1
ENSG00000225376	TMEM246-AS1	GroupB_exclusive			TK12	SNV	0	1
ENSG00000284701	TMEM247	GroupB_exclusive			TK91	SNV	0	1
ENSG00000181778	TMEM252	GroupB_exclusive			TK92	SNV	0	1
ENSG00000226337	TMEM252-DT	GroupB_exclusive			TK92	SNV	0	1
ENSG00000236248	TMEM258P1	GroupB_exclusive			TK91	SNV	0	1
ENSG00000070269	TMEM260	GroupB_exclusive			TK92	SNV	0	1
ENSG00000273238	TMEM271	GroupB_exclusive			TK10	SNV	0	1
ENSG00000126950	TMEM35A	GroupB_exclusive			TK92	SNV	0	1
ENSG00000143001	TMEM61	GroupB_exclusive			TK12	SNV	0	1
ENSG00000177800	TMEM78	GroupB_exclusive			TK10	INDEL	0	1
ENSG00000198092	TMPRSS11F	GroupB_exclusive			TK92	SNV	0	1
ENSG00000154620	TMSB4Y	GroupB_exclusive			TK10	SNV	0	1
ENSG00000232810	TNF	GroupB_exclusive			TK18	SNV	0	1
ENSG00000237661	TNIP2P1	GroupB_exclusive			TK93	SNV	0	1
ENSG00000249085	TNPO1-DT	GroupB_exclusive			TK92	INDEL	0	1
ENSG00000223923	TNS1-AS1	GroupB_exclusive			TK93	SNV	0	1
ENSG00000224829	TOMM20P1	GroupB_exclusive			TK93	SNV	0	1
ENSG00000225155	TOMM22P5	GroupB_exclusive			TK92	SNV	0	1
ENSG00000205456	TP53TG3D	GroupB_exclusive			TK10	SNV	0	1
ENSG00000227589	TP73-AS3	GroupB_exclusive			TK18	SNV	0	1
ENSG00000261594	TPBGL	GroupB_exclusive			TK10	SNV	0	1
ENSG00000255136	TPBGL-AS1	GroupB_exclusive			TK18	SNV	0	1
ENSG00000179636	TPPP2	GroupB_exclusive			TK10	SNV	0	1
ENSG00000188001	TPRG1	GroupB_exclusive			TK93	SNV	0	1
ENSG00000234076	TPRG1-AS1	GroupB_exclusive			TK93	SNV	0	1
ENSG00000260452	TPRKBP2	GroupB_exclusive			TK92	SNV	0	1
ENSG00000239995	TPT1P11	GroupB_exclusive			TK92	SNV	0	1
ENSG00000256817	TPT1P12	GroupB_exclusive			TK93	SNV	0	1
ENSG00000214108	TPT1P5	GroupB_exclusive			TK91	SNV	0	1
ENSG00000219491	TPT1P8	GroupB_exclusive			TK10	SNV	0	1
ENSG00000231053	TRAPPC2LP1	GroupB_exclusive			TK92	SNV	0	1
ENSG00000278030	TRBV7-9	GroupB_exclusive			TK92	SNV	0	1
ENSG00000161911	TREML1	GroupB_exclusive			TK93	SNV	0	1
ENSG00000225992	TRGVA	GroupB_exclusive			TK12	SNV	0	1
ENSG00000236333	TRHDE-AS1	GroupB_exclusive			TK10	SNV	0	1
ENSG00000204614	TRIM40	GroupB_exclusive			TK18	SNV	0	1
ENSG00000250227	TRIM60P14	GroupB_exclusive			TK91	SNV	0	1
ENSG00000214891	TRIM64C	GroupB_exclusive			TK10	SNV	0	1
ENSG00000265262	TRMT112P3	GroupB_exclusive			TK92	SNV	0	1
ENSG00000182048	TRPC2	GroupB_exclusive			TK10	SNV	0	1
ENSG00000213265	TSGA13	GroupB_exclusive			TK91	SNV	0	1
ENSG00000121297	TSHZ3	GroupB_exclusive			TK10	SNV	0	1
ENSG00000270641	TSIX	GroupB_exclusive			TK92	SNV	0	1
ENSG00000116918	TSNAX	GroupB_exclusive			TK10	INDEL	0	1
ENSG00000256197	TSPAN9-IT1	GroupB_exclusive			TK93	SNV	0	1
ENSG00000239774	TTC14-DT	GroupB_exclusive			TK93	SNV	0	1
ENSG00000261664	TTC39A-AS1	GroupB_exclusive			TK18	SNV	0	1
ENSG00000230319	TTLL1-AS1	GroupB_exclusive			TK92	SNV	0	1
ENSG00000170703	TTLL6	GroupB_exclusive			TK10	SNV	0	1
ENSG00000232808	TTTY20	GroupB_exclusive			TK18	SNV	0	1
ENSG00000248332	TUB-AS1	GroupB_exclusive			TK10	SNV	0	1
ENSG00000183785	TUBA8	GroupB_exclusive			TK92	SNV	0	1
ENSG00000247763	TUBAP14	GroupB_exclusive			TK92	SNV	0	1
ENSG00000237361	TUSC8	GroupB_exclusive			TK10	SNV	0	1
ENSG00000223584	TVP23CP1	GroupB_exclusive			TK91	INDEL	0	1
ENSG00000233608	TWIST2	GroupB_exclusive			TK10	SNV	0	1
ENSG00000213540	TXN2P1	GroupB_exclusive			TK92	SNV	0	1
ENSG00000228236	TXNP5	GroupB_exclusive			TK93	SNV	0	1
ENSG00000199851	U3	GroupB_exclusive			TK93	SNV	0	1
ENSG00000200693	U3	GroupB_exclusive			TK10	SNV	0	1
ENSG00000212539	U3	GroupB_exclusive			TK92	INDEL,SNV	0	1
ENSG00000221633	U3	GroupB_exclusive			TK93	SNV	0	1
ENSG00000283442	U4	GroupB_exclusive			TK92	SNV	0	1
ENSG00000283313	U6	GroupB_exclusive			TK91	SNV	0	1
ENSG00000283575	U6	GroupB_exclusive			TK92	INDEL	0	1
ENSG00000273629	U7	GroupB_exclusive			TK18	SNV	0	1
ENSG00000213886	UBD	GroupB_exclusive			TK91	SNV	0	1
ENSG00000244036	UBE2H-DT	GroupB_exclusive			TK10	SNV	0	1
ENSG00000253677	UBE2HP1	GroupB_exclusive			TK93	SNV	0	1
ENSG00000276380	UBE2NL	GroupB_exclusive			TK93	SNV	0	1
ENSG00000233909	UBE2V1P4	GroupB_exclusive			TK91	SNV	0	1
ENSG00000229667	UBE2V1P9	GroupB_exclusive			TK10	SNV	0	1
ENSG00000226255	UBE2V2P1	GroupB_exclusive			TK12	SNV	0	1
ENSG00000260224	UBL5P4	GroupB_exclusive			TK10	SNV	0	1
ENSG00000241635	UGT1A1	GroupB_exclusive			TK10	SNV	0	1
ENSG00000135220	UGT2A3	GroupB_exclusive			TK10	SNV	0	1
ENSG00000171234	UGT2B7	GroupB_exclusive			TK91	SNV	0	1
ENSG00000228277	UMLILO	GroupB_exclusive			TK93	SNV	0	1
ENSG00000144406	UNC80	GroupB_exclusive			TK92	SNV	0	1
ENSG00000007001	UPP2	GroupB_exclusive			TK93	SNV	0	1
ENSG00000249928	UQCRBP3	GroupB_exclusive			TK93	SNV	0	1
ENSG00000229375	USP24P1	GroupB_exclusive			TK91	SNV	0	1
ENSG00000134588	USP26	GroupB_exclusive			TK12	SNV	0	1
ENSG00000154914	USP43	GroupB_exclusive			TK10	SNV	0	1
ENSG00000129204	USP6	GroupB_exclusive			TK91	SNV	0	1
ENSG00000238154	USP9YP4	GroupB_exclusive			TK92	SNV	0	1
ENSG00000226116	USP9YP6	GroupB_exclusive			TK91	SNV	0	1
ENSG00000227660	UST-AS1	GroupB_exclusive			TK92	SNV	0	1
ENSG00000259849	VENTXP1	GroupB_exclusive			TK92	SNV	0	1
ENSG00000170162	VGLL2	GroupB_exclusive			TK10	SNV	0	1
ENSG00000216762	VN1R13P	GroupB_exclusive			TK10	SNV	0	1
ENSG00000235818	VN1R17P	GroupB_exclusive			TK92	SNV	0	1
ENSG00000233121	VN1R20P	GroupB_exclusive			TK93	SNV	0	1
ENSG00000230361	VN1R32P	GroupB_exclusive			TK91	SNV	0	1
ENSG00000232109	VN1R54P	GroupB_exclusive			TK18	SNV	0	1
ENSG00000253948	VPS13B-DT	GroupB_exclusive			TK92	SNV	0	1
ENSG00000255273	VPS51P14	GroupB_exclusive			TK91	SNV	0	1
ENSG00000227759	VTI1BP4	GroupB_exclusive			TK91	SNV	0	1
ENSG00000123154	WDR83	GroupB_exclusive			TK91	SNV	0	1
ENSG00000290722	WDR87BP	GroupB_exclusive			TK92	SNV	0	1
ENSG00000168703	WFDC12	GroupB_exclusive			TK18	SNV	0	1
ENSG00000124116	WFDC3	GroupB_exclusive			TK93	SNV	0	1
ENSG00000061492	WNT8A	GroupB_exclusive			TK92	INDEL	0	1
ENSG00000227447	XGY1	GroupB_exclusive			TK18	SNV	0	1
ENSG00000221947	XKR9	GroupB_exclusive			TK18	SNV	0	1
ENSG00000228242	XPC-AS1	GroupB_exclusive			TK18	SNV	0	1
ENSG00000233303	XXYLT1-AS1	GroupB_exclusive			TK18	SNV	0	1
ENSG00000240002	YBX1P3	GroupB_exclusive			TK91	SNV	0	1
ENSG00000251389	YTHDF1P1	GroupB_exclusive			TK93	SNV	0	1
ENSG00000276715	YWHAEP7	GroupB_exclusive			TK92	SNV	0	1
ENSG00000231643	YWHAQP8	GroupB_exclusive			TK92	INDEL,SNV	0	1
ENSG00000259148	YWHAZP1	GroupB_exclusive			TK92	SNV	0	1
ENSG00000199357	Y_RNA	GroupB_exclusive			TK92	SNV	0	1
ENSG00000199440	Y_RNA	GroupB_exclusive			TK93	SNV	0	1
ENSG00000199635	Y_RNA	GroupB_exclusive			TK92	SNV	0	1
ENSG00000199716	Y_RNA	GroupB_exclusive			TK91	SNV	0	1
ENSG00000199732	Y_RNA	GroupB_exclusive			TK91	SNV	0	1
ENSG00000199755	Y_RNA	GroupB_exclusive			TK93	INDEL	0	1
ENSG00000199781	Y_RNA	GroupB_exclusive			TK92	SNV	0	1
ENSG00000199979	Y_RNA	GroupB_exclusive			TK93	SNV	0	1
ENSG00000200120	Y_RNA	GroupB_exclusive			TK91	SNV	0	1
ENSG00000200256	Y_RNA	GroupB_exclusive			TK92	SNV	0	1
ENSG00000200314	Y_RNA	GroupB_exclusive			TK92	INDEL	0	1
ENSG00000200332	Y_RNA	GroupB_exclusive			TK18	SNV	0	1
ENSG00000200391	Y_RNA	GroupB_exclusive			TK91	SNV	0	1
ENSG00000200742	Y_RNA	GroupB_exclusive			TK92	SNV	0	1
ENSG00000200788	Y_RNA	GroupB_exclusive			TK92	SNV	0	1
ENSG00000200847	Y_RNA	GroupB_exclusive			TK12	SNV	0	1
ENSG00000201034	Y_RNA	GroupB_exclusive			TK92	SNV	0	1
ENSG00000201228	Y_RNA	GroupB_exclusive			TK18	SNV	0	1
ENSG00000201239	Y_RNA	GroupB_exclusive			TK10	SNV	0	1
ENSG00000201340	Y_RNA	GroupB_exclusive			TK93	SNV	0	1
ENSG00000201421	Y_RNA	GroupB_exclusive			TK92	SNV	0	1
ENSG00000201432	Y_RNA	GroupB_exclusive			TK91	SNV	0	1
ENSG00000201563	Y_RNA	GroupB_exclusive			TK92	SNV	0	1
ENSG00000201800	Y_RNA	GroupB_exclusive			TK12	INDEL,SNV	0	1
ENSG00000201820	Y_RNA	GroupB_exclusive			TK92	SNV	0	1
ENSG00000201830	Y_RNA	GroupB_exclusive			TK91	SNV	0	1
ENSG00000201916	Y_RNA	GroupB_exclusive			TK10	SNV	0	1
ENSG00000202141	Y_RNA	GroupB_exclusive			TK91	SNV	0	1
ENSG00000202279	Y_RNA	GroupB_exclusive			TK93	SNV	0	1
ENSG00000202414	Y_RNA	GroupB_exclusive			TK10	SNV	0	1
ENSG00000202459	Y_RNA	GroupB_exclusive			TK93	INDEL	0	1
ENSG00000206651	Y_RNA	GroupB_exclusive			TK10	SNV	0	1
ENSG00000206659	Y_RNA	GroupB_exclusive			TK91	SNV	0	1
ENSG00000206679	Y_RNA	GroupB_exclusive			TK91	SNV	0	1
ENSG00000206704	Y_RNA	GroupB_exclusive			TK91	SNV	0	1
ENSG00000206779	Y_RNA	GroupB_exclusive			TK91	SNV	0	1
ENSG00000206805	Y_RNA	GroupB_exclusive			TK91	SNV	0	1
ENSG00000206808	Y_RNA	GroupB_exclusive			TK93	SNV	0	1
ENSG00000206813	Y_RNA	GroupB_exclusive			TK91	SNV	0	1
ENSG00000206816	Y_RNA	GroupB_exclusive			TK10	INDEL	0	1
ENSG00000206822	Y_RNA	GroupB_exclusive			TK91	SNV	0	1
ENSG00000206824	Y_RNA	GroupB_exclusive			TK10	SNV	0	1
ENSG00000206895	Y_RNA	GroupB_exclusive			TK93	SNV	0	1
ENSG00000206995	Y_RNA	GroupB_exclusive			TK93	SNV	0	1
ENSG00000207127	Y_RNA	GroupB_exclusive			TK18	SNV	0	1
ENSG00000207425	Y_RNA	GroupB_exclusive			TK93	SNV	0	1
ENSG00000207426	Y_RNA	GroupB_exclusive			TK91	SNV	0	1
ENSG00000207497	Y_RNA	GroupB_exclusive			TK93	INDEL	0	1
ENSG00000207512	Y_RNA	GroupB_exclusive			TK93	SNV	0	1
ENSG00000212306	Y_RNA	GroupB_exclusive			TK92	SNV	0	1
ENSG00000212512	Y_RNA	GroupB_exclusive			TK93	SNV	0	1
ENSG00000222614	Y_RNA	GroupB_exclusive			TK93	SNV	0	1
ENSG00000222881	Y_RNA	GroupB_exclusive			TK18	SNV	0	1
ENSG00000223220	Y_RNA	GroupB_exclusive			TK93	SNV	0	1
ENSG00000238366	Y_RNA	GroupB_exclusive			TK91	SNV	0	1
ENSG00000238749	Y_RNA	GroupB_exclusive			TK91	SNV	0	1
ENSG00000252021	Y_RNA	GroupB_exclusive			TK91	SNV	0	1
ENSG00000252042	Y_RNA	GroupB_exclusive			TK10	INDEL,SNV	0	1
ENSG00000252319	Y_RNA	GroupB_exclusive			TK93	SNV	0	1
ENSG00000252615	Y_RNA	GroupB_exclusive			TK92	SNV	0	1
ENSG00000252621	Y_RNA	GroupB_exclusive			TK18	SNV	0	1
ENSG00000253096	Y_RNA	GroupB_exclusive			TK91	SNV	0	1
ENSG00000274603	Y_RNA	GroupB_exclusive			TK91	SNV	0	1
ENSG00000275745	Y_RNA	GroupB_exclusive			TK91	SNV	0	1
ENSG00000276723	Y_RNA	GroupB_exclusive			TK93	SNV	0	1
ENSG00000242767	ZBTB20-AS4	GroupB_exclusive			TK91	SNV	0	1
ENSG00000223537	ZBTB24-DT	GroupB_exclusive			TK92	SNV	0	1
ENSG00000278480	ZBTB2P1	GroupB_exclusive			TK92	SNV	0	1
ENSG00000224208	ZCRB1P1	GroupB_exclusive			TK12	INDEL,SNV	0	1
ENSG00000177410	ZFAS1	GroupB_exclusive			TK10	SNV	0	1
ENSG00000248492	ZFAT-AS1	GroupB_exclusive			TK92	SNV	0	1
ENSG00000234570	ZFRP1	GroupB_exclusive			TK92	SNV	0	1
ENSG00000152977	ZIC1	GroupB_exclusive			TK93	SNV	0	1
ENSG00000218016	ZKSCAN8P2	GroupB_exclusive			TK91	SNV	0	1
ENSG00000132010	ZNF20	GroupB_exclusive			TK18	SNV	0	1
ENSG00000267144	ZNF222-DT	GroupB_exclusive			TK18	SNV	0	1
ENSG00000196793	ZNF239	GroupB_exclusive			TK10	SNV	0	1
ENSG00000226447	ZNF25-DT	GroupB_exclusive			TK92	SNV	0	1
ENSG00000169548	ZNF280A	GroupB_exclusive			TK10	SNV	0	1
ENSG00000270876	ZNF30-AS1	GroupB_exclusive			TK91	SNV	0	1
ENSG00000223910	ZNF32-AS3	GroupB_exclusive			TK10	SNV	0	1
ENSG00000249610	ZNF474-AS1	GroupB_exclusive			TK93	SNV	0	1
ENSG00000180035	ZNF48	GroupB_exclusive			TK18	SNV	0	1
ENSG00000173258	ZNF483	GroupB_exclusive			TK93	SNV	0	1
ENSG00000226051	ZNF503-AS1	GroupB_exclusive			TK91	SNV	0	1
ENSG00000290720	ZNF542P	GroupB_exclusive			TK18	SNV	0	1
ENSG00000216901	ZNF603P	GroupB_exclusive			TK91	SNV	0	1
ENSG00000269859	ZNF628-DT	GroupB_exclusive			TK93	SNV	0	1
ENSG00000197343	ZNF655	GroupB_exclusive			TK10	SNV	0	1
ENSG00000197123	ZNF679	GroupB_exclusive			TK10	SNV	0	1
ENSG00000228014	ZNF680P1	GroupB_exclusive			TK91	SNV	0	1
ENSG00000196350	ZNF729	GroupB_exclusive			TK92	SNV	0	1
ENSG00000290988	ZNF781	GroupB_exclusive			TK18	SNV	0	1
ENSG00000236538	ZNF863P	GroupB_exclusive			TK18	SNV	0	1
ENSG00000213988	ZNF90	GroupB_exclusive			TK92	INDEL	0	1
ENSG00000275120	ZSCAN2-AS1	GroupB_exclusive			TK12	SNV	0	1
ENSG00000163012	ZSWIM2	GroupB_exclusive			TK12	SNV	0	1
ENSG00000232242	ZYG11AP1	GroupB_exclusive			TK10	SNV	0	1
