gene_id	gene_name	category	groupA_samples	groupA_vtypes	groupB_samples	groupB_vtypes	n_groupA_samples	n_groupB_samples
ENSG00000243064	ABCC13	GroupB_exclusive			TK12,TK13,TK14	INDEL,SNV	0	3
ENSG00000196115	ADAM5	GroupB_exclusive			TK12,TK13,TK14	INDEL,SNV	0	3
ENSG00000134028	ADAMDEC1	GroupB_exclusive			TK12,TK13,TK14	SNV	0	3
ENSG00000259461	ANP32BP3	GroupB_exclusive			TK12,TK13,TK14	SNV	0	3
ENSG00000249885	ARHGEF38-IT1	GroupB_exclusive			TK12,TK13,TK14	SNV	0	3
ENSG00000159189	C1QC	GroupB_exclusive			TK12,TK13,TK14	INDEL,SNV	0	3
ENSG00000254166	CASC19	GroupB_exclusive			TK12,TK13,TK14	INDEL,SNV	0	3
ENSG00000246228	CASC8	GroupB_exclusive			TK12,TK13,TK14	INDEL,SNV	0	3
ENSG00000280997	CCAT2	GroupB_exclusive			TK12,TK13,TK14	SNV	0	3
ENSG00000126353	CCR7	GroupB_exclusive			TK12,TK13,TK14	INDEL,SNV	0	3
ENSG00000104938	CLEC4M	GroupB_exclusive			TK12,TK13,TK14	SNV	0	3
ENSG00000269096	CT45A3	GroupB_exclusive			TK12,TK13,TK14	SNV	0	3
ENSG00000138755	CXCL9	GroupB_exclusive			TK12,TK13,TK14	INDEL,SNV	0	3
ENSG00000197410	DCHS2	GroupB_exclusive			TK12,TK13,TK14	SNV	0	3
ENSG00000230196	DDX43P3	GroupB_exclusive			TK12,TK13,TK14	SNV	0	3
ENSG00000083622	ENSG00000083622	GroupB_exclusive			TK12,TK13,TK14	INDEL,SNV	0	3
ENSG00000227818	ENSG00000227818	GroupB_exclusive			TK12,TK13,TK14	SNV	0	3
ENSG00000231204	ENSG00000231204	GroupB_exclusive			TK12,TK13,TK14	INDEL,SNV	0	3
ENSG00000237735	ENSG00000237735	GroupB_exclusive			TK12,TK13,TK14	INDEL,SNV	0	3
ENSG00000250024	ENSG00000250024	GroupB_exclusive			TK12,TK13,TK14	SNV	0	3
ENSG00000253406	ENSG00000253406	GroupB_exclusive			TK12,TK13,TK14	SNV	0	3
ENSG00000254163	ENSG00000254163	GroupB_exclusive			TK12,TK13,TK14	SNV	0	3
ENSG00000255286	ENSG00000255286	GroupB_exclusive			TK12,TK13,TK14	SNV	0	3
ENSG00000256923	ENSG00000256923	GroupB_exclusive			TK12,TK13,TK14	SNV	0	3
ENSG00000257392	ENSG00000257392	GroupB_exclusive			TK12,TK13,TK14	SNV	0	3
ENSG00000258776	ENSG00000258776	GroupB_exclusive			TK12,TK13,TK14	INDEL,SNV	0	3
ENSG00000258919	ENSG00000258919	GroupB_exclusive			TK12,TK13,TK14	INDEL,SNV	0	3
ENSG00000262995	ENSG00000262995	GroupB_exclusive			TK12,TK13,TK14	INDEL,SNV	0	3
ENSG00000267922	ENSG00000267922	GroupB_exclusive			TK12,TK13,TK14	SNV	0	3
ENSG00000268460	ENSG00000268460	GroupB_exclusive			TK12,TK13,TK14	INDEL,SNV	0	3
ENSG00000268614	ENSG00000268614	GroupB_exclusive			TK12,TK13,TK14	SNV	0	3
ENSG00000269155	ENSG00000269155	GroupB_exclusive			TK12,TK13,TK14	SNV	0	3
ENSG00000269445	ENSG00000269445	GroupB_exclusive			TK12,TK13,TK14	SNV	0	3
ENSG00000272396	ENSG00000272396	GroupB_exclusive			TK12,TK13,TK14	SNV	0	3
ENSG00000273443	ENSG00000273443	GroupB_exclusive			TK12,TK13,TK14	SNV	0	3
ENSG00000273483	ENSG00000273483	GroupB_exclusive			TK12,TK13,TK14	SNV	0	3
ENSG00000277311	ENSG00000277311	GroupB_exclusive			TK12,TK13,TK14	SNV	0	3
ENSG00000277453	ENSG00000277453	GroupB_exclusive			TK12,TK13,TK14	SNV	0	3
ENSG00000279537	ENSG00000279537	GroupB_exclusive			TK12,TK13,TK14	SNV	0	3
ENSG00000285212	ENSG00000285212	GroupB_exclusive			TK12,TK13,TK14	SNV	0	3
ENSG00000287781	ENSG00000287781	GroupB_exclusive			TK12,TK13,TK14	INDEL,SNV	0	3
ENSG00000287951	ENSG00000287951	GroupB_exclusive			TK12,TK13,TK14	SNV	0	3
ENSG00000288778	ENSG00000288778	GroupB_exclusive			TK12,TK13,TK14	SNV	0	3
ENSG00000289298	ENSG00000289298	GroupB_exclusive			TK12,TK13,TK14	SNV	0	3
ENSG00000289394	ENSG00000289394	GroupB_exclusive			TK12,TK13,TK14	SNV	0	3
ENSG00000289724	ENSG00000289724	GroupB_exclusive			TK12,TK13,TK14	SNV	0	3
ENSG00000291252	ENSG00000291252	GroupB_exclusive			TK12,TK13,TK14	SNV	0	3
ENSG00000291298	ENSG00000291298	GroupB_exclusive			TK12,TK13,TK14	SNV	0	3
ENSG00000140067	FAM181A	GroupB_exclusive			TK12,TK13,TK14	SNV	0	3
ENSG00000231646	FSIP2-AS1	GroupB_exclusive			TK12,TK13,TK14	SNV	0	3
ENSG00000233952	FTLP15	GroupB_exclusive			TK12,TK13,TK14	SNV	0	3
ENSG00000133574	GIMAP4	GroupB_exclusive			TK12,TK13,TK14	SNV	0	3
ENSG00000277494	GPIHBP1	GroupB_exclusive			TK12,TK13,TK14	INDEL,SNV	0	3
ENSG00000164604	GPR85	GroupB_exclusive			TK12,TK13,TK14	SNV	0	3
ENSG00000183454	GRIN2A	GroupB_exclusive			TK12,TK13,TK14	SNV	0	3
ENSG00000144366	GULP1	GroupB_exclusive			TK12,TK13,TK14	INDEL,SNV	0	3
ENSG00000005073	HOXA11	GroupB_exclusive			TK12,TK13,TK14	SNV	0	3
ENSG00000240041	IGHJ4	GroupB_exclusive			TK12,TK13,TK14	SNV	0	3
ENSG00000211952	IGHV4-28	GroupB_exclusive			TK12,TK13,TK14	SNV	0	3
ENSG00000239819	IGKV1D-8	GroupB_exclusive			TK12,TK13,TK14	SNV	0	3
ENSG00000211599	IGKV5-2	GroupB_exclusive			TK12,TK13,TK14	SNV	0	3
ENSG00000168418	KCNG4	GroupB_exclusive			TK12,TK13,TK14	SNV	0	3
ENSG00000237892	KLF7-IT1	GroupB_exclusive			TK12,TK13,TK14	SNV	0	3
ENSG00000171346	KRT15	GroupB_exclusive			TK12,TK13,TK14	SNV	0	3
ENSG00000214012	KRT18P38	GroupB_exclusive			TK12,TK13,TK14	SNV	0	3
ENSG00000186081	KRT5	GroupB_exclusive			TK12,TK13,TK14	SNV	0	3
ENSG00000223404	LINC00397	GroupB_exclusive			TK12,TK13,TK14	SNV	0	3
ENSG00000232229	LINC00865	GroupB_exclusive			TK12,TK13,TK14	SNV	0	3
ENSG00000229891	LINC01315	GroupB_exclusive			TK12,TK13,TK14	SNV	0	3
ENSG00000228262	LINC01320	GroupB_exclusive			TK12,TK13,TK14	INDEL,SNV	0	3
ENSG00000253140	LINC02947	GroupB_exclusive			TK12,TK13,TK14	SNV	0	3
ENSG00000176956	LY6H	GroupB_exclusive			TK12,TK13,TK14	INDEL,SNV	0	3
ENSG00000172478	MAB21L4	GroupB_exclusive			TK12,TK13,TK14	SNV	0	3
ENSG00000235718	MFRP	GroupB_exclusive			TK12,TK13,TK14	SNV	0	3
ENSG00000207808	MIR27A	GroupB_exclusive			TK12,TK13,TK14	SNV	0	3
ENSG00000266396	MIR4273	GroupB_exclusive			TK12,TK13,TK14	INDEL	0	3
ENSG00000207554	MIR647	GroupB_exclusive			TK12,TK13,TK14	SNV	0	3
ENSG00000284054	MIR7112	GroupB_exclusive			TK12,TK13,TK14	SNV	0	3
ENSG00000236758	MTUS2-AS2	GroupB_exclusive			TK12,TK13,TK14	SNV	0	3
ENSG00000232320	MXRA7P1	GroupB_exclusive			TK12,TK13,TK14	SNV	0	3
ENSG00000263958	NETO1-DT	GroupB_exclusive			TK12,TK13,TK14	INDEL,SNV	0	3
ENSG00000230257	NFE4	GroupB_exclusive			TK12,TK13,TK14	SNV	0	3
ENSG00000234043	NUDT9P1	GroupB_exclusive			TK12,TK13,TK14	SNV	0	3
ENSG00000183310	OR2T34	GroupB_exclusive			TK12,TK13,TK14	SNV	0	3
ENSG00000165588	OTX2	GroupB_exclusive			TK12,TK13,TK14	INDEL,SNV	0	3
ENSG00000004799	PDK4	GroupB_exclusive			TK12,TK13,TK14	SNV	0	3
ENSG00000181195	PENK	GroupB_exclusive			TK12,TK13,TK14	INDEL,SNV	0	3
ENSG00000154415	PPP1R3A	GroupB_exclusive			TK12,TK13,TK14	INDEL,SNV	0	3
ENSG00000282961	PRNCR1	GroupB_exclusive			TK12,TK13,TK14	SNV	0	3
ENSG00000229292	RFPL4AL1	GroupB_exclusive			TK12,TK13,TK14	INDEL,SNV	0	3
ENSG00000185008	ROBO2	GroupB_exclusive			TK12,TK13,TK14	INDEL,SNV	0	3
ENSG00000228639	ROCR	GroupB_exclusive			TK12,TK13,TK14	SNV	0	3
ENSG00000242945	RPL29P32	GroupB_exclusive			TK12,TK13,TK14	SNV	0	3
ENSG00000234371	RPSAP31	GroupB_exclusive			TK12,TK13,TK14	SNV	0	3
ENSG00000102104	RS1	GroupB_exclusive			TK12,TK13,TK14	INDEL,SNV	0	3
ENSG00000242550	SERPINB10	GroupB_exclusive			TK12,TK13,TK14	INDEL,SNV	0	3
ENSG00000196209	SIRPB2	GroupB_exclusive			TK12,TK13,TK14	SNV	0	3
ENSG00000138083	SIX3	GroupB_exclusive			TK12,TK13,TK14	INDEL,SNV	0	3
ENSG00000236502	SIX3-AS1	GroupB_exclusive			TK12,TK13,TK14	SNV	0	3
ENSG00000231649	SPATA31B1P	GroupB_exclusive			TK12,TK13,TK14	SNV	0	3
ENSG00000139874	SSTR1	GroupB_exclusive			TK12,TK13,TK14	SNV	0	3
ENSG00000249680	TUBA3GP	GroupB_exclusive			TK12,TK13,TK14	SNV	0	3
ENSG00000271817	U3	GroupB_exclusive			TK12,TK13,TK14	SNV	0	3
ENSG00000250381	UNC93B4	GroupB_exclusive			TK12,TK13,TK14	INDEL,SNV	0	3
ENSG00000205002	AARD	GroupB_exclusive			TK13,TK14	SNV	0	2
ENSG00000198691	ABCA4	GroupB_exclusive			TK13,TK14	SNV	0	2
ENSG00000260762	ACSM5P1	GroupB_exclusive			TK12,TK13	INDEL,SNV	0	2
ENSG00000145536	ADAMTS16	GroupB_exclusive			TK13,TK14	INDEL,SNV	0	2
ENSG00000141433	ADCYAP1	GroupB_exclusive			TK13,TK14	SNV	0	2
ENSG00000079557	AFM	GroupB_exclusive			TK13,TK14	SNV	0	2
ENSG00000172482	AGXT	GroupB_exclusive			TK13,TK14	SNV	0	2
ENSG00000151632	AKR1C2	GroupB_exclusive			TK13,TK14	SNV	0	2
ENSG00000178171	AMER3	GroupB_exclusive			TK13,TK14	SNV	0	2
ENSG00000227059	ANHX	GroupB_exclusive			TK13,TK14	SNV	0	2
ENSG00000259271	ANKRD62P1	GroupB_exclusive			TK12,TK13	SNV	0	2
ENSG00000132703	APCS	GroupB_exclusive			TK13,TK14	SNV	0	2
ENSG00000110245	APOC3	GroupB_exclusive			TK13,TK14	SNV	0	2
ENSG00000267472	ARHGAP27P2	GroupB_exclusive			TK13,TK14	SNV	0	2
ENSG00000147256	ARHGAP36	GroupB_exclusive			TK13,TK14	SNV	0	2
ENSG00000213214	ARHGEF35	GroupB_exclusive			TK13,TK14	SNV	0	2
ENSG00000166183	ASPG	GroupB_exclusive			TK13,TK14	SNV	0	2
ENSG00000225308	ASS1P11	GroupB_exclusive			TK13,TK14	SNV	0	2
ENSG00000101200	AVP	GroupB_exclusive			TK13,TK14	SNV	0	2
ENSG00000156273	BACH1	GroupB_exclusive			TK12,TK13	SNV	0	2
ENSG00000132840	BHMT2	GroupB_exclusive			TK13,TK14	SNV	0	2
ENSG00000163217	BMP10	GroupB_exclusive			TK13,TK14	SNV	0	2
ENSG00000131059	BPIFA3	GroupB_exclusive			TK13,TK14	SNV	0	2
ENSG00000186190	BPIFB3	GroupB_exclusive			TK13,TK14	SNV	0	2
ENSG00000167104	BPIFB6	GroupB_exclusive			TK13,TK14	SNV	0	2
ENSG00000223658	C1GALT1C1L	GroupB_exclusive			TK13,TK14	SNV	0	2
ENSG00000240868	C1QTNF9-AS1	GroupB_exclusive			TK13,TK14	SNV	0	2
ENSG00000205502	C2CD4B	GroupB_exclusive			TK13,TK14	SNV	0	2
ENSG00000118729	CASQ2	GroupB_exclusive			TK12,TK13	SNV	0	2
ENSG00000105971	CAV2	GroupB_exclusive			TK13,TK14	SNV	0	2
ENSG00000236830	CBR3-AS1	GroupB_exclusive			TK12,TK14	SNV	0	2
ENSG00000100307	CBX7	GroupB_exclusive			TK13,TK14	SNV	0	2
ENSG00000267909	CCDC177	GroupB_exclusive			TK13,TK14	SNV	0	2
ENSG00000205089	CCNI2	GroupB_exclusive			TK13,TK14	SNV	0	2
ENSG00000177575	CD163	GroupB_exclusive			TK13,TK14	INDEL,SNV	0	2
ENSG00000102245	CD40LG	GroupB_exclusive			TK12,TK13	SNV	0	2
ENSG00000261410	CDH13-AS1	GroupB_exclusive			TK13,TK14	SNV	0	2
ENSG00000227368	CDK8P2	GroupB_exclusive			TK13,TK14	SNV	0	2
ENSG00000204539	CDSN	GroupB_exclusive			TK13,TK14	SNV	0	2
ENSG00000170956	CEACAM3	GroupB_exclusive			TK13,TK14	SNV	0	2
ENSG00000260788	CEDORA	GroupB_exclusive			TK13,TK14	SNV	0	2
ENSG00000219073	CELA3B	GroupB_exclusive			TK13,TK14	SNV	0	2
ENSG00000134216	CHIA	GroupB_exclusive			TK13,TK14	SNV	0	2
ENSG00000101204	CHRNA4	GroupB_exclusive			TK13,TK14	SNV	0	2
ENSG00000132514	CLEC10A	GroupB_exclusive			TK13,TK14	SNV	0	2
ENSG00000204140	CLPSL1	GroupB_exclusive			TK13,TK14	SNV	0	2
ENSG00000118432	CNR1	GroupB_exclusive			TK12,TK13	INDEL,SNV	0	2
ENSG00000232814	COL4A2-AS1	GroupB_exclusive			TK13,TK14	SNV	0	2
ENSG00000187581	COX8C	GroupB_exclusive			TK13,TK14	SNV	0	2
ENSG00000128510	CPA4	GroupB_exclusive			TK13,TK14	SNV	0	2
ENSG00000088882	CPXM1	GroupB_exclusive			TK13,TK14	SNV	0	2
ENSG00000145708	CRHBP	GroupB_exclusive			TK12,TK13	SNV	0	2
ENSG00000174403	CRMA	GroupB_exclusive			TK13,TK14	SNV	0	2
ENSG00000109943	CRTAM	GroupB_exclusive			TK13,TK14	SNV	0	2
ENSG00000109846	CRYAB	GroupB_exclusive			TK13,TK14	SNV	0	2
ENSG00000204414	CSHL1	GroupB_exclusive			TK13,TK14	SNV	0	2
ENSG00000126545	CSN1S1	GroupB_exclusive			TK13,TK14	SNV	0	2
ENSG00000121552	CSTA	GroupB_exclusive			TK13,TK14	INDEL,SNV	0	2
ENSG00000268940	CT45A1	GroupB_exclusive			TK12,TK14	SNV	0	2
ENSG00000270946	CT45A9	GroupB_exclusive			TK13,TK14	SNV	0	2
ENSG00000249326	CTD-2194D22.4	GroupB_exclusive			TK13,TK14	SNV	0	2
ENSG00000180871	CXCR2	GroupB_exclusive			TK13,TK14	SNV	0	2
ENSG00000269383	CYCSP7	GroupB_exclusive			TK13,TK14	SNV	0	2
ENSG00000160882	CYP11B1	GroupB_exclusive			TK13,TK14	SNV	0	2
ENSG00000179142	CYP11B2	GroupB_exclusive			TK13,TK14	SNV	0	2
ENSG00000268101	CYP2G2P	GroupB_exclusive			TK13,TK14	INDEL,SNV	0	2
ENSG00000167600	CYP2S1	GroupB_exclusive			TK13,TK14	SNV	0	2
ENSG00000244155	CYP4F34P	GroupB_exclusive			TK12,TK13	SNV	0	2
ENSG00000152207	CYSLTR2	GroupB_exclusive			TK13,TK14	SNV	0	2
ENSG00000198719	DLL1	GroupB_exclusive			TK13,TK14	SNV	0	2
ENSG00000119660	DPPA5P4	GroupB_exclusive			TK13,TK14	SNV	0	2
ENSG00000249491	EGFLAM-AS1	GroupB_exclusive			TK13,TK14	SNV	0	2
ENSG00000135374	ELF5	GroupB_exclusive			TK13,TK14	SNV	0	2
ENSG00000206181	ELOA2	GroupB_exclusive			TK13,TK14	SNV	0	2
ENSG00000250476	ENPP7P9	GroupB_exclusive			TK12,TK13	SNV	0	2
ENSG00000179066	ENSG00000179066	GroupB_exclusive			TK13,TK14	SNV	0	2
ENSG00000184188	ENSG00000184188	GroupB_exclusive			TK13,TK14	INDEL,SNV	0	2
ENSG00000197991	ENSG00000197991	GroupB_exclusive			TK13,TK14	SNV	0	2
ENSG00000204876	ENSG00000204876	GroupB_exclusive			TK13,TK14	SNV	0	2
ENSG00000206356	ENSG00000206356	GroupB_exclusive			TK13,TK14	INDEL,SNV	0	2
ENSG00000213956	ENSG00000213956	GroupB_exclusive			TK13,TK14	SNV	0	2
ENSG00000215765	ENSG00000215765	GroupB_exclusive			TK13,TK14	SNV	0	2
ENSG00000219159	ENSG00000219159	GroupB_exclusive			TK13,TK14	SNV	0	2
ENSG00000224330	ENSG00000224330	GroupB_exclusive			TK12,TK13	SNV	0	2
ENSG00000224799	ENSG00000224799	GroupB_exclusive			TK12,TK13	INDEL,SNV	0	2
ENSG00000225216	ENSG00000225216	GroupB_exclusive			TK12,TK13	SNV	0	2
ENSG00000225486	ENSG00000225486	GroupB_exclusive			TK13,TK14	SNV	0	2
ENSG00000225916	ENSG00000225916	GroupB_exclusive			TK13,TK14	SNV	0	2
ENSG00000226045	ENSG00000226045	GroupB_exclusive			TK12,TK13	SNV	0	2
ENSG00000226664	ENSG00000226664	GroupB_exclusive			TK13,TK14	SNV	0	2
ENSG00000226733	ENSG00000226733	GroupB_exclusive			TK12,TK14	SNV	0	2
ENSG00000227101	ENSG00000227101	GroupB_exclusive			TK12,TK14	SNV	0	2
ENSG00000227910	ENSG00000227910	GroupB_exclusive			TK12,TK14	SNV	0	2
ENSG00000228259	ENSG00000228259	GroupB_exclusive			TK13,TK14	SNV	0	2
ENSG00000228973	ENSG00000228973	GroupB_exclusive			TK12,TK13	SNV	0	2
ENSG00000230113	ENSG00000230113	GroupB_exclusive			TK12,TK13	SNV	0	2
ENSG00000231236	ENSG00000231236	GroupB_exclusive			TK12,TK13	SNV	0	2
ENSG00000231401	ENSG00000231401	GroupB_exclusive			TK13,TK14	SNV	0	2
ENSG00000232056	ENSG00000232056	GroupB_exclusive			TK13,TK14	SNV	0	2
ENSG00000232124	ENSG00000232124	GroupB_exclusive			TK12,TK14	SNV	0	2
ENSG00000233271	ENSG00000233271	GroupB_exclusive			TK12,TK13	SNV	0	2
ENSG00000234210	ENSG00000234210	GroupB_exclusive			TK13,TK14	SNV	0	2
ENSG00000241720	ENSG00000241720	GroupB_exclusive			TK12,TK14	SNV	0	2
ENSG00000245869	ENSG00000245869	GroupB_exclusive			TK12,TK13	SNV	0	2
ENSG00000248596	ENSG00000248596	GroupB_exclusive			TK13,TK14	SNV	0	2
ENSG00000249174	ENSG00000249174	GroupB_exclusive			TK13,TK14	SNV	0	2
ENSG00000249237	ENSG00000249237	GroupB_exclusive			TK13,TK14	INDEL,SNV	0	2
ENSG00000250954	ENSG00000250954	GroupB_exclusive			TK13,TK14	SNV	0	2
ENSG00000251487	ENSG00000251487	GroupB_exclusive			TK13,TK14	SNV	0	2
ENSG00000253841	ENSG00000253841	GroupB_exclusive			TK12,TK14	SNV	0	2
ENSG00000253857	ENSG00000253857	GroupB_exclusive			TK13,TK14	SNV	0	2
ENSG00000254579	ENSG00000254579	GroupB_exclusive			TK12,TK14	SNV	0	2
ENSG00000255404	ENSG00000255404	GroupB_exclusive			TK12,TK14	INDEL,SNV	0	2
ENSG00000255599	ENSG00000255599	GroupB_exclusive			TK13,TK14	INDEL,SNV	0	2
ENSG00000255921	ENSG00000255921	GroupB_exclusive			TK12,TK13	SNV	0	2
ENSG00000256967	ENSG00000256967	GroupB_exclusive			TK12,TK13	SNV	0	2
ENSG00000257284	ENSG00000257284	GroupB_exclusive			TK12,TK13	SNV	0	2
ENSG00000258088	ENSG00000258088	GroupB_exclusive			TK13,TK14	SNV	0	2
ENSG00000258125	ENSG00000258125	GroupB_exclusive			TK13,TK14	SNV	0	2
ENSG00000258253	ENSG00000258253	GroupB_exclusive			TK13,TK14	SNV	0	2
ENSG00000258459	ENSG00000258459	GroupB_exclusive			TK13,TK14	SNV	0	2
ENSG00000258874	ENSG00000258874	GroupB_exclusive			TK12,TK13	SNV	0	2
ENSG00000259622	ENSG00000259622	GroupB_exclusive			TK13,TK14	SNV	0	2
ENSG00000259665	ENSG00000259665	GroupB_exclusive			TK12,TK14	SNV	0	2
ENSG00000260254	ENSG00000260254	GroupB_exclusive			TK13,TK14	SNV	0	2
ENSG00000260593	ENSG00000260593	GroupB_exclusive			TK12,TK14	SNV	0	2
ENSG00000260832	ENSG00000260832	GroupB_exclusive			TK13,TK14	SNV	0	2
ENSG00000260892	ENSG00000260892	GroupB_exclusive			TK13,TK14	SNV	0	2
ENSG00000261335	ENSG00000261335	GroupB_exclusive			TK13,TK14	SNV	0	2
ENSG00000261720	ENSG00000261720	GroupB_exclusive			TK13,TK14	SNV	0	2
ENSG00000261821	ENSG00000261821	GroupB_exclusive			TK13,TK14	INDEL,SNV	0	2
ENSG00000263189	ENSG00000263189	GroupB_exclusive			TK13,TK14	SNV	0	2
ENSG00000264449	ENSG00000264449	GroupB_exclusive			TK13,TK14	SNV	0	2
ENSG00000265579	ENSG00000265579	GroupB_exclusive			TK13,TK14	SNV	0	2
ENSG00000267088	ENSG00000267088	GroupB_exclusive			TK12,TK13	SNV	0	2
ENSG00000268649	ENSG00000268649	GroupB_exclusive			TK12,TK14	SNV	0	2
ENSG00000269391	ENSG00000269391	GroupB_exclusive			TK12,TK14	SNV	0	2
ENSG00000269779	ENSG00000269779	GroupB_exclusive			TK13,TK14	SNV	0	2
ENSG00000271715	ENSG00000271715	GroupB_exclusive			TK13,TK14	SNV	0	2
ENSG00000273035	ENSG00000273035	GroupB_exclusive			TK12,TK14	SNV	0	2
ENSG00000273212	ENSG00000273212	GroupB_exclusive			TK13,TK14	SNV	0	2
ENSG00000273244	ENSG00000273244	GroupB_exclusive			TK13,TK14	SNV	0	2
ENSG00000273523	ENSG00000273523	GroupB_exclusive			TK12,TK13	SNV	0	2
ENSG00000273771	ENSG00000273771	GroupB_exclusive			TK12,TK14	SNV	0	2
ENSG00000274820	ENSG00000274820	GroupB_exclusive			TK13,TK14	SNV	0	2
ENSG00000274835	ENSG00000274835	GroupB_exclusive			TK13,TK14	SNV	0	2
ENSG00000274849	ENSG00000274849	GroupB_exclusive			TK12,TK13	SNV	0	2
ENSG00000275915	ENSG00000275915	GroupB_exclusive			TK12,TK13	SNV	0	2
ENSG00000276530	ENSG00000276530	GroupB_exclusive			TK13,TK14	SNV	0	2
ENSG00000276784	ENSG00000276784	GroupB_exclusive			TK12,TK13	SNV	0	2
ENSG00000277738	ENSG00000277738	GroupB_exclusive			TK13,TK14	SNV	0	2
ENSG00000277930	ENSG00000277930	GroupB_exclusive			TK13,TK14	INDEL,SNV	0	2
ENSG00000278045	ENSG00000278045	GroupB_exclusive			TK13,TK14	SNV	0	2
ENSG00000279381	ENSG00000279381	GroupB_exclusive			TK13,TK14	INDEL,SNV	0	2
ENSG00000279444	ENSG00000279444	GroupB_exclusive			TK13,TK14	SNV	0	2
ENSG00000279713	ENSG00000279713	GroupB_exclusive			TK13,TK14	SNV	0	2
ENSG00000279806	ENSG00000279806	GroupB_exclusive			TK12,TK14	SNV	0	2
ENSG00000281732	ENSG00000281732	GroupB_exclusive			TK12,TK13	SNV	0	2
ENSG00000284653	ENSG00000284653	GroupB_exclusive			TK13,TK14	SNV	0	2
ENSG00000284846	ENSG00000284846	GroupB_exclusive			TK12,TK13	SNV	0	2
ENSG00000285717	ENSG00000285717	GroupB_exclusive			TK13,TK14	SNV	0	2
ENSG00000285959	ENSG00000285959	GroupB_exclusive			TK13,TK14	SNV	0	2
ENSG00000285981	ENSG00000285981	GroupB_exclusive			TK13,TK14	SNV	0	2
ENSG00000286010	ENSG00000286010	GroupB_exclusive			TK13,TK14	SNV	0	2
ENSG00000286013	ENSG00000286013	GroupB_exclusive			TK13,TK14	SNV	0	2
ENSG00000286049	ENSG00000286049	GroupB_exclusive			TK13,TK14	INDEL,SNV	0	2
ENSG00000286280	ENSG00000286280	GroupB_exclusive			TK12,TK13	SNV	0	2
ENSG00000286333	ENSG00000286333	GroupB_exclusive			TK12,TK13	SNV	0	2
ENSG00000286438	ENSG00000286438	GroupB_exclusive			TK12,TK13	SNV	0	2
ENSG00000286472	ENSG00000286472	GroupB_exclusive			TK12,TK13	INDEL,SNV	0	2
ENSG00000286528	ENSG00000286528	GroupB_exclusive			TK13,TK14	SNV	0	2
ENSG00000286984	ENSG00000286984	GroupB_exclusive			TK13,TK14	SNV	0	2
ENSG00000287321	ENSG00000287321	GroupB_exclusive			TK13,TK14	INDEL,SNV	0	2
ENSG00000287495	ENSG00000287495	GroupB_exclusive			TK13,TK14	SNV	0	2
ENSG00000287559	ENSG00000287559	GroupB_exclusive			TK13,TK14	SNV	0	2
ENSG00000287713	ENSG00000287713	GroupB_exclusive			TK12,TK13	SNV	0	2
ENSG00000287848	ENSG00000287848	GroupB_exclusive			TK13,TK14	SNV	0	2
ENSG00000287924	ENSG00000287924	GroupB_exclusive			TK13,TK14	SNV	0	2
ENSG00000287995	ENSG00000287995	GroupB_exclusive			TK12,TK13	SNV	0	2
ENSG00000288024	ENSG00000288024	GroupB_exclusive			TK13,TK14	SNV	0	2
ENSG00000288554	ENSG00000288554	GroupB_exclusive			TK13,TK14	SNV	0	2
ENSG00000288840	ENSG00000288840	GroupB_exclusive			TK13,TK14	SNV	0	2
ENSG00000288947	ENSG00000288947	GroupB_exclusive			TK13,TK14	SNV	0	2
ENSG00000289089	ENSG00000289089	GroupB_exclusive			TK13,TK14	SNV	0	2
ENSG00000289148	ENSG00000289148	GroupB_exclusive			TK12,TK14	SNV	0	2
ENSG00000289258	ENSG00000289258	GroupB_exclusive			TK13,TK14	SNV	0	2
ENSG00000289322	ENSG00000289322	GroupB_exclusive			TK13,TK14	SNV	0	2
ENSG00000289400	ENSG00000289400	GroupB_exclusive			TK12,TK13	SNV	0	2
ENSG00000290098	ENSG00000290098	GroupB_exclusive			TK12,TK13	SNV	0	2
ENSG00000290748	ENSG00000290748	GroupB_exclusive			TK13,TK14	SNV	0	2
ENSG00000290768	ENSG00000290768	GroupB_exclusive			TK13,TK14	SNV	0	2
ENSG00000290978	ENSG00000290978	GroupB_exclusive			TK13,TK14	SNV	0	2
ENSG00000290982	ENSG00000290982	GroupB_exclusive			TK13,TK14	SNV	0	2
ENSG00000291204	ENSG00000291204	GroupB_exclusive			TK13,TK14	SNV	0	2
ENSG00000291257	ENSG00000291257	GroupB_exclusive			TK13,TK14	SNV	0	2
ENSG00000172031	EPHX4	GroupB_exclusive			TK13,TK14	SNV	0	2
ENSG00000187682	ERAS	GroupB_exclusive			TK13,TK14	SNV	0	2
ENSG00000231528	FAM225A	GroupB_exclusive			TK13,TK14	SNV	0	2
ENSG00000178248	FAM230I	GroupB_exclusive			TK12,TK13	SNV	0	2
ENSG00000160339	FCN2	GroupB_exclusive			TK13,TK14	SNV	0	2
ENSG00000186895	FGF3	GroupB_exclusive			TK13,TK14	SNV	0	2
ENSG00000112214	FHL5	GroupB_exclusive			TK13,TK14	INDEL,SNV	0	2
ENSG00000248858	FLJ46284	GroupB_exclusive			TK12,TK13	SNV	0	2
ENSG00000268066	FMR1-AS1	GroupB_exclusive			TK13,TK14	SNV	0	2
ENSG00000176678	FOXL1	GroupB_exclusive			TK13,TK14	SNV	0	2
ENSG00000242960	FTH1P23	GroupB_exclusive			TK13,TK14	SNV	0	2
ENSG00000187889	FYB2	GroupB_exclusive			TK13,TK14	SNV	0	2
ENSG00000175857	GAPT	GroupB_exclusive			TK12,TK13	SNV	0	2
ENSG00000159248	GJD2	GroupB_exclusive			TK13,TK14	SNV	0	2
ENSG00000112164	GLP1R	GroupB_exclusive			TK13,TK14	SNV	0	2
ENSG00000114349	GNAT1	GroupB_exclusive			TK13,TK14	SNV	0	2
ENSG00000173302	GPR148	GroupB_exclusive			TK13,TK14	SNV	0	2
ENSG00000174948	GPR149	GroupB_exclusive			TK12,TK14	SNV	0	2
ENSG00000113262	GRM6	GroupB_exclusive			TK13,TK14	INDEL,SNV	0	2
ENSG00000182793	GSTA5	GroupB_exclusive			TK13,TK14	SNV	0	2
ENSG00000242441	GTF2A1L	GroupB_exclusive			TK13,TK14	SNV	0	2
ENSG00000187721	GTF2IP3	GroupB_exclusive			TK13,TK14	SNV	0	2
ENSG00000164508	H2AC1	GroupB_exclusive			TK13,TK14	SNV	0	2
ENSG00000238193	HADHBP1	GroupB_exclusive			TK12,TK13	SNV	0	2
ENSG00000229237	HMGN1P37	GroupB_exclusive			TK12,TK13	SNV	0	2
ENSG00000232963	HMGN2P20	GroupB_exclusive			TK12,TK13	SNV	0	2
ENSG00000188620	HMX3	GroupB_exclusive			TK13,TK14	SNV	0	2
ENSG00000227538	HNRNPFP1	GroupB_exclusive			TK13,TK14	SNV	0	2
ENSG00000238275	HOMER2P2	GroupB_exclusive			TK12,TK13	SNV	0	2
ENSG00000240990	HOXA11-AS	GroupB_exclusive			TK12,TK14	SNV	0	2
ENSG00000170166	HOXD4	GroupB_exclusive			TK13,TK14	SNV	0	2
ENSG00000169271	HSPB3	GroupB_exclusive			TK13,TK14	SNV	0	2
ENSG00000277282	IGHV1OR21-1	GroupB_exclusive			TK13,TK14	SNV	0	2
ENSG00000211942	IGHV3-13	GroupB_exclusive			TK13,TK14	SNV	0	2
ENSG00000253587	IGHV3-30-2	GroupB_exclusive			TK12,TK14	SNV	0	2
ENSG00000211938	IGHV3-7	GroupB_exclusive			TK13,TK14	SNV	0	2
ENSG00000259490	IGHV3OR15-7	GroupB_exclusive			TK13,TK14	SNV	0	2
ENSG00000230481	IGKV1OR22-5	GroupB_exclusive			TK13,TK14	SNV	0	2
ENSG00000222037	IGLC6	GroupB_exclusive			TK13,TK14	SNV	0	2
ENSG00000148798	INA	GroupB_exclusive			TK12,TK13	SNV	0	2
ENSG00000205363	INSYN1	GroupB_exclusive			TK13,TK14	SNV	0	2
ENSG00000143105	KCNA10	GroupB_exclusive			TK13,TK14	SNV	0	2
ENSG00000162975	KCNF1	GroupB_exclusive			TK13,TK14	SNV	0	2
ENSG00000141200	KIF2B	GroupB_exclusive			TK13,TK14	SNV	0	2
ENSG00000125498	KIR2DL1	GroupB_exclusive			TK13,TK14	SNV	0	2
ENSG00000175946	KLHL38	GroupB_exclusive			TK13,TK14	INDEL,SNV	0	2
ENSG00000174562	KLK15	GroupB_exclusive			TK13,TK14	SNV	0	2
ENSG00000186847	KRT14	GroupB_exclusive			TK13,TK14	INDEL,SNV	0	2
ENSG00000111057	KRT18	GroupB_exclusive			TK12,TK14	SNV	0	2
ENSG00000235716	KRT18P46	GroupB_exclusive			TK13,TK14	SNV	0	2
ENSG00000171345	KRT19	GroupB_exclusive			TK13,TK14	SNV	0	2
ENSG00000167916	KRT24	GroupB_exclusive			TK13,TK14	SNV	0	2
ENSG00000204897	KRT25	GroupB_exclusive			TK13,TK14	SNV	0	2
ENSG00000173908	KRT28	GroupB_exclusive			TK13,TK14	SNV	0	2
ENSG00000205420	KRT6A	GroupB_exclusive			TK13,TK14	SNV	0	2
ENSG00000185479	KRT6B	GroupB_exclusive			TK13,TK14	SNV	0	2
ENSG00000170486	KRT72	GroupB_exclusive			TK13,TK14	SNV	0	2
ENSG00000170454	KRT75	GroupB_exclusive			TK13,TK14	SNV	0	2
ENSG00000171403	KRT9	GroupB_exclusive			TK13,TK14	SNV	0	2
ENSG00000215455	KRTAP10-1	GroupB_exclusive			TK13,TK14	SNV	0	2
ENSG00000221859	KRTAP10-10	GroupB_exclusive			TK13,TK14	SNV	0	2
ENSG00000243489	KRTAP10-11	GroupB_exclusive			TK13,TK14	SNV	0	2
ENSG00000215454	KRTAP10-4	GroupB_exclusive			TK13,TK14	SNV	0	2
ENSG00000188155	KRTAP10-6	GroupB_exclusive			TK13,TK14	SNV	0	2
ENSG00000221837	KRTAP10-9	GroupB_exclusive			TK13,TK14	SNV	0	2
ENSG00000221864	KRTAP12-2	GroupB_exclusive			TK13,TK14	INDEL,SNV	0	2
ENSG00000182816	KRTAP13-2	GroupB_exclusive			TK13,TK14	SNV	0	2
ENSG00000212899	KRTAP3-3	GroupB_exclusive			TK13,TK14	SNV	0	2
ENSG00000241598	KRTAP5-4	GroupB_exclusive			TK13,TK14	SNV	0	2
ENSG00000273769	L1CAM-AS1	GroupB_exclusive			TK13,TK14	SNV	0	2
ENSG00000283071	LBHD2	GroupB_exclusive			TK13,TK14	SNV	0	2
ENSG00000163202	LCE3D	GroupB_exclusive			TK13,TK14	SNV	0	2
ENSG00000104974	LILRA1	GroupB_exclusive			TK13,TK14	SNV	0	2
ENSG00000276210	LINC00226	GroupB_exclusive			TK13,TK14	INDEL,SNV	0	2
ENSG00000237687	LINC00686	GroupB_exclusive			TK12,TK14	SNV	0	2
ENSG00000234435	LINC01432	GroupB_exclusive			TK13,TK14	INDEL,SNV	0	2
ENSG00000258977	LINC01467	GroupB_exclusive			TK12,TK13	SNV	0	2
ENSG00000177234	LINC01561	GroupB_exclusive			TK12,TK14	SNV	0	2
ENSG00000235343	LINC01665	GroupB_exclusive			TK13,TK14	SNV	0	2
ENSG00000230400	LINC01747	GroupB_exclusive			TK13,TK14	INDEL,SNV	0	2
ENSG00000233730	LINC01765	GroupB_exclusive			TK12,TK13	SNV	0	2
ENSG00000266278	LINC01910	GroupB_exclusive			TK13,TK14	SNV	0	2
ENSG00000241151	LINC02066	GroupB_exclusive			TK13,TK14	SNV	0	2
ENSG00000257771	LINC02395	GroupB_exclusive			TK13,TK14	SNV	0	2
ENSG00000265743	LINC02978	GroupB_exclusive			TK13,TK14	SNV	0	2
ENSG00000198670	LPA	GroupB_exclusive			TK12,TK13	SNV	0	2
ENSG00000160886	LY6K	GroupB_exclusive			TK13,TK14	SNV	0	2
ENSG00000216863	LY86-AS1	GroupB_exclusive			TK13,TK14	SNV	0	2
ENSG00000232030	MAGEB6B	GroupB_exclusive			TK13,TK14	SNV	0	2
ENSG00000283270	MALLP2	GroupB_exclusive			TK12,TK13	SNV	0	2
ENSG00000151224	MAT1A	GroupB_exclusive			TK13,TK14	INDEL,SNV	0	2
ENSG00000139915	MDGA2	GroupB_exclusive			TK13,TK14	SNV	0	2
ENSG00000185156	MFSD6L	GroupB_exclusive			TK13,TK14	SNV	0	2
ENSG00000283710	MIR1204	GroupB_exclusive			TK13,TK14	SNV	0	2
ENSG00000281842	MIR1291	GroupB_exclusive			TK13,TK14	SNV	0	2
ENSG00000284334	MIR4651	GroupB_exclusive			TK12,TK13	SNV	0	2
ENSG00000284361	MIR4745	GroupB_exclusive			TK13,TK14	SNV	0	2
ENSG00000284407	MIR5001	GroupB_exclusive			TK13,TK14	SNV	0	2
ENSG00000264419	MIR548AC	GroupB_exclusive			TK12,TK14	SNV	0	2
ENSG00000278449	MIR6892	GroupB_exclusive			TK12,TK13	SNV	0	2
ENSG00000163563	MNDA	GroupB_exclusive			TK13,TK14	SNV	0	2
ENSG00000197629	MPEG1	GroupB_exclusive			TK13,TK14	SNV	0	2
ENSG00000171495	MROH2B	GroupB_exclusive			TK13,TK14	SNV	0	2
ENSG00000214782	MS4A18	GroupB_exclusive			TK13,TK14	SNV	0	2
ENSG00000149534	MS4A2	GroupB_exclusive			TK13,TK14	SNV	0	2
ENSG00000102854	MSLN	GroupB_exclusive			TK13,TK14	SNV	0	2
ENSG00000120149	MSX2	GroupB_exclusive			TK13,TK14	SNV	0	2
ENSG00000205358	MT1H	GroupB_exclusive			TK13,TK14	SNV	0	2
ENSG00000205364	MT1M	GroupB_exclusive			TK13,TK14	SNV	0	2
ENSG00000268535	MTDHP4	GroupB_exclusive			TK12,TK13	SNV	0	2
ENSG00000169876	MUC17	GroupB_exclusive			TK13,TK14	INDEL,SNV	0	2
ENSG00000221986	MYBPHL	GroupB_exclusive			TK12,TK14	SNV	0	2
ENSG00000230703	MYOM3-AS1	GroupB_exclusive			TK13,TK14	SNV	0	2
ENSG00000156006	NAT2	GroupB_exclusive			TK13,TK14	SNV	0	2
ENSG00000188505	NCCRP1	GroupB_exclusive			TK12,TK13	SNV	0	2
ENSG00000233729	NCKAP5-AS1	GroupB_exclusive			TK12,TK14	SNV	0	2
ENSG00000115488	NEU2	GroupB_exclusive			TK13,TK14	SNV	0	2
ENSG00000224435	NF1P6	GroupB_exclusive			TK13,TK14	SNV	0	2
ENSG00000249906	NGFR-AS1	GroupB_exclusive			TK13,TK14	SNV	0	2
ENSG00000179709	NLRP8	GroupB_exclusive			TK13,TK14	SNV	0	2
ENSG00000111641	NOP2	GroupB_exclusive			TK13,TK14	SNV	0	2
ENSG00000174576	NPAS4	GroupB_exclusive			TK12,TK13	SNV	0	2
ENSG00000015520	NPC1L1	GroupB_exclusive			TK12,TK13	SNV	0	2
ENSG00000279000	OR10A6	GroupB_exclusive			TK13,TK14	SNV	0	2
ENSG00000254737	OR10G4	GroupB_exclusive			TK13,TK14	INDEL,SNV	0	2
ENSG00000236981	OR10G9	GroupB_exclusive			TK13,TK14	SNV	0	2
ENSG00000171942	OR10H2	GroupB_exclusive			TK13,TK14	SNV	0	2
ENSG00000172519	OR10H5	GroupB_exclusive			TK13,TK14	SNV	0	2
ENSG00000180708	OR10K2	GroupB_exclusive			TK13,TK14	SNV	0	2
ENSG00000186881	OR13F1	GroupB_exclusive			TK13,TK14	SNV	0	2
ENSG00000172150	OR1A2	GroupB_exclusive			TK13,TK14	SNV	0	2
ENSG00000221888	OR1C1	GroupB_exclusive			TK13,TK14	SNV	0	2
ENSG00000280204	OR1S1	GroupB_exclusive			TK13,TK14	SNV	0	2
ENSG00000273234	OR2A13P	GroupB_exclusive			TK13,TK14	SNV	0	2
ENSG00000177535	OR2B11	GroupB_exclusive			TK13,TK14	INDEL,SNV	0	2
ENSG00000204702	OR2J1	GroupB_exclusive			TK13,TK14	SNV	0	2
ENSG00000224233	OR2J4P	GroupB_exclusive			TK13,TK14	SNV	0	2
ENSG00000177186	OR2M7	GroupB_exclusive			TK13,TK14	SNV	0	2
ENSG00000255493	OR4A10P	GroupB_exclusive			TK13,TK14	SNV	0	2
ENSG00000171014	OR4D5	GroupB_exclusive			TK13,TK14	SNV	0	2
ENSG00000172742	OR4D9	GroupB_exclusive			TK13,TK14	SNV	0	2
ENSG00000188439	OR4P1P	GroupB_exclusive			TK13,TK14	SNV	0	2
ENSG00000205497	OR51A4	GroupB_exclusive			TK13,TK14	SNV	0	2
ENSG00000232268	OR52I1	GroupB_exclusive			TK13,TK14	SNV	0	2
ENSG00000172320	OR5A1	GroupB_exclusive			TK13,TK14	SNV	0	2
ENSG00000181273	OR5AK2	GroupB_exclusive			TK13,TK14	SNV	0	2
ENSG00000181698	OR5T1	GroupB_exclusive			TK13,TK14	SNV	0	2
ENSG00000205330	OR6C1	GroupB_exclusive			TK13,TK14	SNV	0	2
ENSG00000172148	OR7A2P	GroupB_exclusive			TK13,TK14	SNV	0	2
ENSG00000269552	OR7A8P	GroupB_exclusive			TK13,TK14	SNV	0	2
ENSG00000181214	OR8G2P	GroupB_exclusive			TK13,TK14	SNV	0	2
ENSG00000181767	OR8H2	GroupB_exclusive			TK13,TK14	SNV	0	2
ENSG00000284723	OR8S1	GroupB_exclusive			TK13,TK14	INDEL,SNV	0	2
ENSG00000125879	OTOR	GroupB_exclusive			TK13,TK14	SNV	0	2
ENSG00000172818	OVOL1	GroupB_exclusive			TK13,TK14	SNV	0	2
ENSG00000250719	P3R3URF	GroupB_exclusive			TK13,TK14	SNV	0	2
ENSG00000225683	PACRG-AS3	GroupB_exclusive			TK13,TK14	SNV	0	2
ENSG00000204279	PAGE3	GroupB_exclusive			TK13,TK14	SNV	0	2
ENSG00000124253	PCK1	GroupB_exclusive			TK12,TK13	SNV	0	2
ENSG00000248191	PES1P1	GroupB_exclusive			TK13,TK14	INDEL,SNV	0	2
ENSG00000233670	PIRT	GroupB_exclusive			TK13,TK14	SNV	0	2
ENSG00000102024	PLS3	GroupB_exclusive			TK13,TK14	INDEL,SNV	0	2
ENSG00000187021	PNLIPRP1	GroupB_exclusive			TK13,TK14	SNV	0	2
ENSG00000266200	PNLIPRP2	GroupB_exclusive			TK13,TK14	SNV	0	2
ENSG00000183837	PNMA3	GroupB_exclusive			TK12,TK13	SNV	0	2
ENSG00000221900	POM121L12	GroupB_exclusive			TK13,TK14	SNV	0	2
ENSG00000133110	POSTN	GroupB_exclusive			TK13,TK14	SNV	0	2
ENSG00000168333	PPDPFL	GroupB_exclusive			TK13,TK14	SNV	0	2
ENSG00000165807	PPP1R36	GroupB_exclusive			TK13,TK14	SNV	0	2
ENSG00000116721	PRAMEF1	GroupB_exclusive			TK13,TK14	SNV	0	2
ENSG00000239810	PRAMEF11	GroupB_exclusive			TK13,TK14	SNV	0	2
ENSG00000120952	PRAMEF2	GroupB_exclusive			TK13,TK14	SNV	0	2
ENSG00000274178	PRAMEF28P	GroupB_exclusive			TK13,TK14	SNV	0	2
ENSG00000231103	PRAMEF30P	GroupB_exclusive			TK13,TK14	SNV	0	2
ENSG00000243073	PRAMEF4	GroupB_exclusive			TK13,TK14	SNV	0	2
ENSG00000171864	PRND	GroupB_exclusive			TK13,TK14	SNV	0	2
ENSG00000155066	PROM2	GroupB_exclusive			TK13,TK14	SNV	0	2
ENSG00000204983	PRSS1	GroupB_exclusive			TK13,TK14	SNV	0	2
ENSG00000103355	PRSS33	GroupB_exclusive			TK13,TK14	SNV	0	2
ENSG00000178597	PSAPL1	GroupB_exclusive			TK13,TK14	SNV	0	2
ENSG00000231924	PSG1	GroupB_exclusive			TK13,TK14	SNV	0	2
ENSG00000221878	PSG7	GroupB_exclusive			TK13,TK14	SNV	0	2
ENSG00000155918	RAET1L	GroupB_exclusive			TK13,TK14	SNV	0	2
ENSG00000122679	RAMP3	GroupB_exclusive			TK12,TK13	SNV	0	2
ENSG00000175718	RBMXL3	GroupB_exclusive			TK13,TK14	SNV	0	2
ENSG00000172023	REG1B	GroupB_exclusive			TK13,TK14	SNV	0	2
ENSG00000143954	REG3G	GroupB_exclusive			TK13,TK14	SNV	0	2
ENSG00000242653	RN7SL132P	GroupB_exclusive			TK12,TK14	SNV	0	2
ENSG00000222849	RNA5SP21	GroupB_exclusive			TK12,TK14	SNV	0	2
ENSG00000222108	RNA5SP317	GroupB_exclusive			TK13,TK14	SNV	0	2
ENSG00000129538	RNASE1	GroupB_exclusive			TK13,TK14	INDEL,SNV	0	2
ENSG00000136315	RNASE2CP	GroupB_exclusive			TK13,TK14	SNV	0	2
ENSG00000253081	RNU4ATAC17P	GroupB_exclusive			TK13,TK14	SNV	0	2
ENSG00000199933	RNY1P16	GroupB_exclusive			TK12,TK13	SNV	0	2
ENSG00000236047	RPL13AP12	GroupB_exclusive			TK13,TK14	SNV	0	2
ENSG00000185631	RPL14P6	GroupB_exclusive			TK13,TK14	SNV	0	2
ENSG00000198471	RTP2	GroupB_exclusive			TK13,TK14	SNV	0	2
ENSG00000143556	S100A7	GroupB_exclusive			TK13,TK14	SNV	0	2
ENSG00000181433	SAGE1	GroupB_exclusive			TK13,TK14	INDEL,SNV	0	2
ENSG00000264127	SCML2P1	GroupB_exclusive			TK13,TK14	SNV	0	2
ENSG00000267319	SELENOKP1	GroupB_exclusive			TK13,TK14	SNV	0	2
ENSG00000170054	SERPINA9	GroupB_exclusive			TK13,TK14	SNV	0	2
ENSG00000057149	SERPINB3	GroupB_exclusive			TK13,TK14	INDEL,SNV	0	2
ENSG00000090402	SI	GroupB_exclusive			TK13,TK14	SNV	0	2
ENSG00000105366	SIGLEC8	GroupB_exclusive			TK13,TK14	INDEL,SNV	0	2
ENSG00000125255	SLC10A2	GroupB_exclusive			TK13,TK14	SNV	0	2
ENSG00000124568	SLC17A1	GroupB_exclusive			TK13,TK14	SNV	0	2
ENSG00000197891	SLC22A12	GroupB_exclusive			TK13,TK14	SNV	0	2
ENSG00000164933	SLC25A32	GroupB_exclusive			TK13,TK14	SNV	0	2
ENSG00000236396	SLC35G4	GroupB_exclusive			TK13,TK14	INDEL,SNV	0	2
ENSG00000130876	SLC7A10	GroupB_exclusive			TK13,TK14	SNV	0	2
ENSG00000165349	SLC7A3	GroupB_exclusive			TK13,TK14	SNV	0	2
ENSG00000283992	SLURP2	GroupB_exclusive			TK13,TK14	SNV	0	2
ENSG00000074317	SNCB	GroupB_exclusive			TK12,TK13	SNV	0	2
ENSG00000221716	SNORA11	GroupB_exclusive			TK13,TK14	SNV	0	2
ENSG00000207217	SNORA80D	GroupB_exclusive			TK12,TK13	SNV	0	2
ENSG00000239183	SNORA84	GroupB_exclusive			TK13,TK14	SNV	0	2
ENSG00000221241	SNORD88A	GroupB_exclusive			TK13,TK14	SNV	0	2
ENSG00000203883	SOX18	GroupB_exclusive			TK13,TK14	INDEL,SNV	0	2
ENSG00000286135	SPADH	GroupB_exclusive			TK13,TK14	SNV	0	2
ENSG00000185775	SPATA31A6	GroupB_exclusive			TK13,TK14	SNV	0	2
ENSG00000230246	SPATA31C1	GroupB_exclusive			TK13,TK14	SNV	0	2
ENSG00000214929	SPATA31D1	GroupB_exclusive			TK13,TK14	SNV	0	2
ENSG00000162009	SSTR5	GroupB_exclusive			TK13,TK14	SNV	0	2
ENSG00000290708	SSX9P	GroupB_exclusive			TK13,TK14	SNV	0	2
ENSG00000227302	SSXP9	GroupB_exclusive			TK13,TK14	SNV	0	2
ENSG00000253302	STAU2-AS1	GroupB_exclusive			TK12,TK13	SNV	0	2
ENSG00000213842	SUGT1P2	GroupB_exclusive			TK12,TK14	SNV	0	2
ENSG00000196228	SULT1C3	GroupB_exclusive			TK13,TK14	SNV	0	2
ENSG00000167098	SUN5	GroupB_exclusive			TK13,TK14	SNV	0	2
ENSG00000110975	SYT10	GroupB_exclusive			TK13,TK14	SNV	0	2
ENSG00000149043	SYT8	GroupB_exclusive			TK13,TK14	SNV	0	2
ENSG00000273513	TBC1D3K	GroupB_exclusive			TK13,TK14	SNV	0	2
ENSG00000166984	TCP10L2	GroupB_exclusive			TK13,TK14	SNV	0	2
ENSG00000215029	TCP11X2	GroupB_exclusive			TK13,TK14	SNV	0	2
ENSG00000253978	TENM2-AS1	GroupB_exclusive			TK12,TK13	SNV	0	2
ENSG00000007350	TKTL1	GroupB_exclusive			TK13,TK14	SNV	0	2
ENSG00000174123	TLR10	GroupB_exclusive			TK12,TK13	SNV	0	2
ENSG00000178233	TMEM151B	GroupB_exclusive			TK12,TK13	SNV	0	2
ENSG00000227372	TP73-AS1	GroupB_exclusive			TK13,TK14	SNV	0	2
ENSG00000259009	TPRX2	GroupB_exclusive			TK13,TK14	SNV	0	2
ENSG00000211786	TRAV8-2	GroupB_exclusive			TK13,TK14	SNV	0	2
ENSG00000211713	TRBV6-4	GroupB_exclusive			TK13,TK14	SNV	0	2
ENSG00000211716	TRBV9	GroupB_exclusive			TK13,TK14	SNV	0	2
ENSG00000204613	TRIM10	GroupB_exclusive			TK13,TK14	SNV	0	2
ENSG00000154370	TRIM11	GroupB_exclusive			TK13,TK14	SNV	0	2
ENSG00000146755	TRIM50	GroupB_exclusive			TK12,TK13	SNV	0	2
ENSG00000249910	TRIM51CP	GroupB_exclusive			TK13,TK14	SNV	0	2
ENSG00000225581	TRIM53AP	GroupB_exclusive			TK13,TK14	SNV	0	2
ENSG00000158022	TRIM63	GroupB_exclusive			TK13,TK14	SNV	0	2
ENSG00000182704	TSKU	GroupB_exclusive			TK13,TK14	SNV	0	2
ENSG00000235481	UBE2R2-AS1	GroupB_exclusive			TK13,TK14	INDEL,SNV	0	2
ENSG00000175518	UBQLNL	GroupB_exclusive			TK13,TK14	SNV	0	2
ENSG00000215110	UGT2B25P	GroupB_exclusive			TK13,TK14	SNV	0	2
ENSG00000161133	USP41	GroupB_exclusive			TK13,TK14	SNV	0	2
ENSG00000162692	VCAM1	GroupB_exclusive			TK13,TK14	SNV	0	2
ENSG00000155659	VSIG4	GroupB_exclusive			TK13,TK14	SNV	0	2
ENSG00000227210	WDR35-DT	GroupB_exclusive			TK13,TK14	SNV	0	2
ENSG00000183242	WT1-AS	GroupB_exclusive			TK13,TK14	SNV	0	2
ENSG00000122121	XPNPEP2	GroupB_exclusive			TK12,TK13	SNV	0	2
ENSG00000167645	YIF1B	GroupB_exclusive			TK12,TK13	SNV	0	2
ENSG00000252915	Y_RNA	GroupB_exclusive			TK12,TK13	SNV	0	2
ENSG00000277604	Y_RNA	GroupB_exclusive			TK13,TK14	SNV	0	2
ENSG00000174992	ZG16	GroupB_exclusive			TK13,TK14	SNV	0	2
ENSG00000223965	ZNF587P1	GroupB_exclusive			TK13,TK14	SNV	0	2
ENSG00000176083	ZNF683	GroupB_exclusive			TK13,TK14	SNV	0	2
ENSG00000223614	ZNF735	GroupB_exclusive			TK13,TK14	SNV	0	2
ENSG00000105428	ZNRF4	GroupB_exclusive			TK13,TK14	SNV	0	2
ENSG00000184389	A3GALT2	GroupB_exclusive			TK13	SNV	0	1
ENSG00000242908	AADACL2-AS1	GroupB_exclusive			TK14	SNV	0	1
ENSG00000204518	AADACL4	GroupB_exclusive			TK13	SNV	0	1
ENSG00000274099	ABCB10P1	GroupB_exclusive			TK13	SNV	0	1
ENSG00000261524	ABCB10P3	GroupB_exclusive			TK14	SNV	0	1
ENSG00000290943	ABCC6P2	GroupB_exclusive			TK13	SNV	0	1
ENSG00000225293	ABCD1P4	GroupB_exclusive			TK14	SNV	0	1
ENSG00000160179	ABCG1	GroupB_exclusive			TK13	SNV	0	1
ENSG00000168792	ABHD15	GroupB_exclusive			TK13	SNV	0	1
ENSG00000173210	ABLIM3	GroupB_exclusive			TK13	SNV	0	1
ENSG00000224353	ACE3P	GroupB_exclusive			TK13	SNV	0	1
ENSG00000180105	ACER2P1	GroupB_exclusive			TK13	SNV	0	1
ENSG00000213088	ACKR1	GroupB_exclusive			TK14	SNV	0	1
ENSG00000102794	ACOD1	GroupB_exclusive			TK14	SNV	0	1
ENSG00000177465	ACOT4	GroupB_exclusive			TK13	SNV	0	1
ENSG00000100312	ACR	GroupB_exclusive			TK13	SNV	0	1
ENSG00000143632	ACTA1	GroupB_exclusive			TK13	SNV	0	1
ENSG00000169067	ACTBL2	GroupB_exclusive			TK13	SNV	0	1
ENSG00000229001	ACTBP14	GroupB_exclusive			TK14	SNV	0	1
ENSG00000213857	ACTBP15	GroupB_exclusive			TK13	SNV	0	1
ENSG00000266920	ACTBP9	GroupB_exclusive			TK14	SNV	0	1
ENSG00000159251	ACTC1	GroupB_exclusive			TK13	SNV	0	1
ENSG00000237999	ACTG1P19	GroupB_exclusive			TK13	SNV	0	1
ENSG00000232672	ACTG1P21	GroupB_exclusive			TK14	SNV	0	1
ENSG00000148156	ACTL7B	GroupB_exclusive			TK14	SNV	0	1
ENSG00000197177	ADGRA1	GroupB_exclusive			TK13	SNV	0	1
ENSG00000131355	ADGRE3	GroupB_exclusive			TK13	SNV	0	1
ENSG00000182885	ADGRG3	GroupB_exclusive			TK13	SNV	0	1
ENSG00000187758	ADH1A	GroupB_exclusive			TK12	SNV	0	1
ENSG00000173467	AGR3	GroupB_exclusive			TK13	SNV	0	1
ENSG00000144891	AGTR1	GroupB_exclusive			TK14	SNV	0	1
ENSG00000232992	AHCYP4	GroupB_exclusive			TK14	SNV	0	1
ENSG00000225509	AIFM1P1	GroupB_exclusive			TK12	SNV	0	1
ENSG00000249410	AK4P2	GroupB_exclusive			TK13	SNV	0	1
ENSG00000154027	AK5	GroupB_exclusive			TK13	SNV	0	1
ENSG00000198074	AKR1B10	GroupB_exclusive			TK13	SNV	0	1
ENSG00000213606	AKR1B10P1	GroupB_exclusive			TK13	SNV	0	1
ENSG00000225212	AKR1B1P6	GroupB_exclusive			TK13	SNV	0	1
ENSG00000163631	ALB	GroupB_exclusive			TK13	SNV	0	1
ENSG00000101901	ALG13	GroupB_exclusive			TK13	SNV	0	1
ENSG00000163295	ALPI	GroupB_exclusive			TK13	SNV	0	1
ENSG00000163283	ALPP	GroupB_exclusive			TK13	SNV	0	1
ENSG00000125363	AMELX	GroupB_exclusive			TK12	SNV	0	1
ENSG00000243480	AMY2A	GroupB_exclusive			TK12	SNV	0	1
ENSG00000148677	ANKRD1	GroupB_exclusive			TK14	SNV	0	1
ENSG00000152766	ANKRD22	GroupB_exclusive			TK14	SNV	0	1
ENSG00000230501	ANKRD30BP3	GroupB_exclusive			TK13	SNV	0	1
ENSG00000167612	ANKRD33	GroupB_exclusive			TK13	SNV	0	1
ENSG00000225979	ANKRD44-DT	GroupB_exclusive			TK14	SNV	0	1
ENSG00000124227	ANKRD60	GroupB_exclusive			TK14	SNV	0	1
ENSG00000181626	ANKRD62	GroupB_exclusive			TK13	SNV	0	1
ENSG00000206199	ANKUB1	GroupB_exclusive			TK14	SNV	0	1
ENSG00000139223	ANP32D	GroupB_exclusive			TK13	INDEL,SNV	0	1
ENSG00000110244	APOA4	GroupB_exclusive			TK13	SNV	0	1
ENSG00000111701	APOBEC1	GroupB_exclusive			TK13	SNV	0	1
ENSG00000260240	APOOP5	GroupB_exclusive			TK13	SNV	0	1
ENSG00000184945	AQP12A	GroupB_exclusive			TK13	SNV	0	1
ENSG00000185176	AQP12B	GroupB_exclusive			TK14	SNV	0	1
ENSG00000103375	AQP8	GroupB_exclusive			TK13	SNV	0	1
ENSG00000231264	ARAFP1	GroupB_exclusive			TK14	SNV	0	1
ENSG00000240058	ARGFXP1	GroupB_exclusive			TK13	SNV	0	1
ENSG00000226835	ARHGAP29-AS1	GroupB_exclusive			TK14	SNV	0	1
ENSG00000236699	ARHGEF38	GroupB_exclusive			TK13	SNV	0	1
ENSG00000233221	ARHGEF4-AS1	GroupB_exclusive			TK13	SNV	0	1
ENSG00000179674	ARL14	GroupB_exclusive			TK13	SNV	0	1
ENSG00000165309	ARMC3	GroupB_exclusive			TK13	SNV	0	1
ENSG00000254636	ARMS2	GroupB_exclusive			TK13	SNV	0	1
ENSG00000250071	ARPC1AP3	GroupB_exclusive			TK13	SNV	0	1
ENSG00000205784	ARRDC5	GroupB_exclusive			TK13	SNV	0	1
ENSG00000180801	ARSJ	GroupB_exclusive			TK13	SNV	0	1
ENSG00000146926	ASB10	GroupB_exclusive			TK13	SNV	0	1
ENSG00000256394	ASIC5	GroupB_exclusive			TK13	SNV	0	1
ENSG00000240487	ATOSBP1	GroupB_exclusive			TK13	SNV	0	1
ENSG00000259011	ATP10A-DT	GroupB_exclusive			TK14	SNV	0	1
ENSG00000224771	ATP2B2-IT2	GroupB_exclusive			TK14	SNV	0	1
ENSG00000231635	ATP5F1BP1	GroupB_exclusive			TK13	SNV	0	1
ENSG00000180389	ATP5F1EP2	GroupB_exclusive			TK13	SNV	0	1
ENSG00000229800	ATP8A2P2	GroupB_exclusive			TK13	SNV	0	1
ENSG00000171953	ATPAF2	GroupB_exclusive			TK13	SNV	0	1
ENSG00000167601	AXL	GroupB_exclusive			TK14	SNV	0	1
ENSG00000229946	B3GNT2P1	GroupB_exclusive			TK13	SNV	0	1
ENSG00000176597	B3GNT5	GroupB_exclusive			TK14	SNV	0	1
ENSG00000274840	BALR6	GroupB_exclusive			TK14	SNV	0	1
ENSG00000135697	BCO1	GroupB_exclusive			TK13	SNV	0	1
ENSG00000168398	BDKRB2	GroupB_exclusive			TK13	SNV	0	1
ENSG00000162373	BEND5	GroupB_exclusive			TK12	SNV	0	1
ENSG00000127325	BEST3	GroupB_exclusive			TK13	SNV	0	1
ENSG00000198183	BPIFA1	GroupB_exclusive			TK13	SNV	0	1
ENSG00000131050	BPIFA2	GroupB_exclusive			TK13	SNV	0	1
ENSG00000078898	BPIFB2	GroupB_exclusive			TK14	SNV	0	1
ENSG00000267595	BRCA1P1	GroupB_exclusive			TK13	SNV	0	1
ENSG00000198797	BRINP2	GroupB_exclusive			TK14	SNV	0	1
ENSG00000171987	C11orf40	GroupB_exclusive			TK13	SNV	0	1
ENSG00000244561	C12orf29P2	GroupB_exclusive			TK13	SNV	0	1
ENSG00000257860	C12orf42-AS1	GroupB_exclusive			TK14	SNV	0	1
ENSG00000177627	C12orf54	GroupB_exclusive			TK13	SNV	0	1
ENSG00000184601	C14orf180	GroupB_exclusive			TK14	SNV	0	1
ENSG00000142698	C1orf94	GroupB_exclusive			TK13	INDEL	0	1
ENSG00000258713	C20orf141	GroupB_exclusive			TK14	SNV	0	1
ENSG00000198547	C20orf203	GroupB_exclusive			TK13	SNV	0	1
ENSG00000205856	C22orf42	GroupB_exclusive			TK13	SNV	0	1
ENSG00000290795	C2orf83	GroupB_exclusive			TK13	SNV	0	1
ENSG00000204542	C6orf15	GroupB_exclusive			TK14	SNV	0	1
ENSG00000157131	C8A	GroupB_exclusive			TK13	SNV	0	1
ENSG00000248801	C8orf34-AS1	GroupB_exclusive			TK13	SNV	0	1
ENSG00000167791	CABP2	GroupB_exclusive			TK13	SNV	0	1
ENSG00000145309	CABS1	GroupB_exclusive			TK13	SNV	0	1
ENSG00000196557	CACNA1H	GroupB_exclusive			TK14	SNV	0	1
ENSG00000225670	CADM3-AS1	GroupB_exclusive			TK13	SNV	0	1
ENSG00000004948	CALCR	GroupB_exclusive			TK13	SNV	0	1
ENSG00000164451	CALHM4	GroupB_exclusive			TK14	SNV	0	1
ENSG00000225126	CAMTA1-AS1	GroupB_exclusive			TK13	SNV	0	1
ENSG00000152611	CAPSL	GroupB_exclusive			TK13	SNV	0	1
ENSG00000160994	CCDC105	GroupB_exclusive			TK14	SNV	0	1
ENSG00000182645	CCDC172	GroupB_exclusive			TK13	SNV	0	1
ENSG00000159214	CCDC24	GroupB_exclusive			TK13	SNV	0	1
ENSG00000187094	CCK	GroupB_exclusive			TK13	SNV	0	1
ENSG00000163394	CCKAR	GroupB_exclusive			TK14	SNV	0	1
ENSG00000181374	CCL13	GroupB_exclusive			TK13	SNV	0	1
ENSG00000275718	CCL15	GroupB_exclusive			TK13	SNV	0	1
ENSG00000275385	CCL18	GroupB_exclusive			TK13	SNV	0	1
ENSG00000136999	CCN3	GroupB_exclusive			TK13	SNV	0	1
ENSG00000133101	CCNA1	GroupB_exclusive			TK13	SNV	0	1
ENSG00000233827	CCNQP1	GroupB_exclusive			TK13	SNV	0	1
ENSG00000217733	CCT7P1	GroupB_exclusive			TK13	SNV	0	1
ENSG00000198445	CCT8L2	GroupB_exclusive			TK14	SNV	0	1
ENSG00000204936	CD177	GroupB_exclusive			TK14	SNV	0	1
ENSG00000158477	CD1A	GroupB_exclusive			TK14	SNV	0	1
ENSG00000116824	CD2	GroupB_exclusive			TK13	SNV	0	1
ENSG00000012124	CD22	GroupB_exclusive			TK13	SNV	0	1
ENSG00000186407	CD300E	GroupB_exclusive			TK13	SNV	0	1
ENSG00000174059	CD34	GroupB_exclusive			TK14	SNV	0	1
ENSG00000167286	CD3D	GroupB_exclusive			TK13	SNV	0	1
ENSG00000237447	CDC27P2	GroupB_exclusive			TK13	SNV	0	1
ENSG00000249965	CDC42P4	GroupB_exclusive			TK14	SNV	0	1
ENSG00000224466	CDCA4P2	GroupB_exclusive			TK14	SNV	0	1
ENSG00000156345	CDK20	GroupB_exclusive			TK14	SNV	0	1
ENSG00000136807	CDK9	GroupB_exclusive			TK12	SNV	0	1
ENSG00000224854	CDKN2A-DT	GroupB_exclusive			TK14	SNV	0	1
ENSG00000227255	CDRT15P2	GroupB_exclusive			TK13	SNV	0	1
ENSG00000165556	CDX2	GroupB_exclusive			TK13	INDEL	0	1
ENSG00000213066	CEP43	GroupB_exclusive			TK12	INDEL	0	1
ENSG00000147869	CER1	GroupB_exclusive			TK14	SNV	0	1
ENSG00000260807	CEROX1	GroupB_exclusive			TK13	SNV	0	1
ENSG00000186973	CFAP144	GroupB_exclusive			TK13	SNV	0	1
ENSG00000104827	CGB3	GroupB_exclusive			TK13	SNV	0	1
ENSG00000138135	CH25H	GroupB_exclusive			TK13	SNV	0	1
ENSG00000234020	CHIAP3	GroupB_exclusive			TK14	SNV	0	1
ENSG00000254505	CHMP4A	GroupB_exclusive			TK14	SNV	0	1
ENSG00000259050	CHORDC2P	GroupB_exclusive			TK13	SNV	0	1
ENSG00000181072	CHRM2	GroupB_exclusive			TK14	SNV	0	1
ENSG00000270921	CICP23	GroupB_exclusive			TK14	SNV	0	1
ENSG00000226158	CLCP2	GroupB_exclusive			TK14	SNV	0	1
ENSG00000163347	CLDN1	GroupB_exclusive			TK14	SNV	0	1
ENSG00000256660	CLEC12B	GroupB_exclusive			TK14	SNV	0	1
ENSG00000166509	CLEC3A	GroupB_exclusive			TK13	SNV	0	1
ENSG00000291059	CLEC4OP	GroupB_exclusive			TK13	SNV	0	1
ENSG00000205846	CLEC6A	GroupB_exclusive			TK14	SNV	0	1
ENSG00000249003	CLUHP4	GroupB_exclusive			TK13	SNV	0	1
ENSG00000227659	CLYBL-AS2	GroupB_exclusive			TK14	SNV	0	1
ENSG00000166091	CMTM5	GroupB_exclusive			TK13	SNV	0	1
ENSG00000183862	CNGA2	GroupB_exclusive			TK14	SNV	0	1
ENSG00000204718	CNN2P12	GroupB_exclusive			TK12	SNV	0	1
ENSG00000168542	COL3A1	GroupB_exclusive			TK13	SNV	0	1
ENSG00000105664	COMP	GroupB_exclusive			TK14	SNV	0	1
ENSG00000236440	COPRSP1	GroupB_exclusive			TK14	SNV	0	1
ENSG00000111775	COX6A1	GroupB_exclusive			TK12	SNV	0	1
ENSG00000091704	CPA1	GroupB_exclusive			TK14	SNV	0	1
ENSG00000163751	CPA3	GroupB_exclusive			TK14	SNV	0	1
ENSG00000120054	CPN1	GroupB_exclusive			TK13	SNV	0	1
ENSG00000124490	CRISP2	GroupB_exclusive			TK14	SNV	0	1
ENSG00000225769	CROCCP1	GroupB_exclusive			TK14	SNV	0	1
ENSG00000132693	CRP	GroupB_exclusive			TK13	SNV	0	1
ENSG00000168582	CRYGA	GroupB_exclusive			TK13	SNV	0	1
ENSG00000118231	CRYGD	GroupB_exclusive			TK13	SNV	0	1
ENSG00000232799	CRYGFP	GroupB_exclusive			TK12	SNV	0	1
ENSG00000127377	CRYGN	GroupB_exclusive			TK12	SNV	0	1
ENSG00000125815	CST8	GroupB_exclusive			TK13	SNV	0	1
ENSG00000101435	CST9L	GroupB_exclusive			TK13	SNV	0	1
ENSG00000228836	CT45A5	GroupB_exclusive			TK13	SNV	0	1
ENSG00000236446	CT47B1	GroupB_exclusive			TK14	SNV	0	1
ENSG00000277535	CT47C1	GroupB_exclusive			TK13	SNV	0	1
ENSG00000288784	CTAGE4	GroupB_exclusive			TK13	SNV	0	1
ENSG00000289604	CTAGE8	GroupB_exclusive			TK13	SNV	0	1
ENSG00000236761	CTAGE9	GroupB_exclusive			TK13	SNV	0	1
ENSG00000066032	CTNNA2	GroupB_exclusive			TK14	SNV	0	1
ENSG00000178585	CTNNBIP1	GroupB_exclusive			TK13	SNV	0	1
ENSG00000236417	CTSLP1	GroupB_exclusive			TK13	SNV	0	1
ENSG00000204437	CTSLP6	GroupB_exclusive			TK14	SNV	0	1
ENSG00000163739	CXCL1	GroupB_exclusive			TK13	SNV	0	1
ENSG00000145824	CXCL14	GroupB_exclusive			TK13	SNV	0	1
ENSG00000124875	CXCL6	GroupB_exclusive			TK12	SNV	0	1
ENSG00000229754	CXCR2P1	GroupB_exclusive			TK13	SNV	0	1
ENSG00000160683	CXCR5	GroupB_exclusive			TK12	SNV	0	1
ENSG00000204165	CXorf65	GroupB_exclusive			TK12	SNV	0	1
ENSG00000229217	CYCSP11	GroupB_exclusive			TK13	SNV	0	1
ENSG00000140459	CYP11A1	GroupB_exclusive			TK14	SNV	0	1
ENSG00000228024	CYP1D1P	GroupB_exclusive			TK13	SNV	0	1
ENSG00000197838	CYP2A13	GroupB_exclusive			TK13	SNV	0	1
ENSG00000213908	CYP2A7P1	GroupB_exclusive			TK14	SNV	0	1
ENSG00000267241	CYP4F10P	GroupB_exclusive			TK13	SNV	0	1
ENSG00000228314	CYP4F29P	GroupB_exclusive			TK14	INDEL	0	1
ENSG00000267392	CYP4F9P	GroupB_exclusive			TK13	SNV	0	1
ENSG00000164488	DACT2	GroupB_exclusive			TK14	SNV	0	1
ENSG00000161634	DCD	GroupB_exclusive			TK14	SNV	0	1
ENSG00000011465	DCN	GroupB_exclusive			TK13	INDEL,SNV	0	1
ENSG00000270763	DDX43P2	GroupB_exclusive			TK14	SNV	0	1
ENSG00000212717	DEFB117	GroupB_exclusive			TK13	SNV	0	1
ENSG00000178591	DEFB125	GroupB_exclusive			TK14	SNV	0	1
ENSG00000088782	DEFB127	GroupB_exclusive			TK13	SNV	0	1
ENSG00000185982	DEFB128	GroupB_exclusive			TK14	SNV	0	1
ENSG00000125903	DEFB129	GroupB_exclusive			TK14	SNV	0	1
ENSG00000205883	DEFB135	GroupB_exclusive			TK14	SNV	0	1
ENSG00000205267	DGAT2L7P	GroupB_exclusive			TK14	SNV	0	1
ENSG00000147113	DIPK2B	GroupB_exclusive			TK13	SNV	0	1
ENSG00000150764	DIXDC1	GroupB_exclusive			TK13	INDEL,SNV	0	1
ENSG00000262075	DKFZP434A062	GroupB_exclusive			TK14	SNV	0	1
ENSG00000215546	DKKL1P1	GroupB_exclusive			TK14	SNV	0	1
ENSG00000185559	DLK1	GroupB_exclusive			TK14	SNV	0	1
ENSG00000269502	DMRTC1	GroupB_exclusive			TK14	SNV	0	1
ENSG00000142025	DMRTC2	GroupB_exclusive			TK13	SNV	0	1
ENSG00000179407	DNAJB8	GroupB_exclusive			TK14	SNV	0	1
ENSG00000242049	DNAJB8-AS1	GroupB_exclusive			TK13	SNV	0	1
ENSG00000163687	DNASE1L3	GroupB_exclusive			TK12	SNV	0	1
ENSG00000137976	DNASE2B	GroupB_exclusive			TK13	INDEL,SNV	0	1
ENSG00000261708	DNM1P32	GroupB_exclusive			TK13	SNV	0	1
ENSG00000260357	DNM1P34	GroupB_exclusive			TK13	SNV	0	1
ENSG00000280038	DNM1P41	GroupB_exclusive			TK13	SNV	0	1
ENSG00000261820	DNM1P49	GroupB_exclusive			TK13	SNV	0	1
ENSG00000221844	DPP3P2	GroupB_exclusive			TK14	SNV	0	1
ENSG00000187569	DPPA3	GroupB_exclusive			TK13	SNV	0	1
ENSG00000188831	DPPA3P2	GroupB_exclusive			TK14	SNV	0	1
ENSG00000159625	DRC7	GroupB_exclusive			TK14	SNV	0	1
ENSG00000184845	DRD1	GroupB_exclusive			TK14	SNV	0	1
ENSG00000134757	DSG3	GroupB_exclusive			TK14	SNV	0	1
ENSG00000175065	DSG4	GroupB_exclusive			TK13	SNV	0	1
ENSG00000230614	DYNLL1P7	GroupB_exclusive			TK13	SNV	0	1
ENSG00000232241	DYNLT3P1	GroupB_exclusive			TK13	SNV	0	1
ENSG00000181552	EDDM3B	GroupB_exclusive			TK14	SNV	0	1
ENSG00000124205	EDN3	GroupB_exclusive			TK13	SNV	0	1
ENSG00000151617	EDNRA	GroupB_exclusive			TK13	SNV	0	1
ENSG00000186676	EEF1GP1	GroupB_exclusive			TK13	INDEL,SNV	0	1
ENSG00000250346	EEF1GP2	GroupB_exclusive			TK14	SNV	0	1
ENSG00000198759	EGFL6	GroupB_exclusive			TK14	SNV	0	1
ENSG00000250442	EIF3KP3	GroupB_exclusive			TK13	SNV	0	1
ENSG00000288631	ELOA3P	GroupB_exclusive			TK14	SNV	0	1
ENSG00000229919	ELOCP3	GroupB_exclusive			TK13	SNV	0	1
ENSG00000169393	ELSPBP1	GroupB_exclusive			TK14	SNV	0	1
ENSG00000164778	EN2	GroupB_exclusive			TK13	SNV	0	1
ENSG00000176984	ENSG00000176984	GroupB_exclusive			TK14	SNV	0	1
ENSG00000177596	ENSG00000177596	GroupB_exclusive			TK13	SNV	0	1
ENSG00000179253	ENSG00000179253	GroupB_exclusive			TK13	SNV	0	1
ENSG00000198277	ENSG00000198277	GroupB_exclusive			TK13	SNV	0	1
ENSG00000201151	ENSG00000201151	GroupB_exclusive			TK14	SNV	0	1
ENSG00000203900	ENSG00000203900	GroupB_exclusive			TK14	SNV	0	1
ENSG00000204456	ENSG00000204456	GroupB_exclusive			TK13	SNV	0	1
ENSG00000204971	ENSG00000204971	GroupB_exclusive			TK13	SNV	0	1
ENSG00000205414	ENSG00000205414	GroupB_exclusive			TK14	SNV	0	1
ENSG00000212712	ENSG00000212712	GroupB_exclusive			TK13	SNV	0	1
ENSG00000213153	ENSG00000213153	GroupB_exclusive			TK14	SNV	0	1
ENSG00000213642	ENSG00000213642	GroupB_exclusive			TK13	SNV	0	1
ENSG00000213959	ENSG00000213959	GroupB_exclusive			TK13	SNV	0	1
ENSG00000214669	ENSG00000214669	GroupB_exclusive			TK13	SNV	0	1
ENSG00000214776	ENSG00000214776	GroupB_exclusive			TK13	SNV	0	1
ENSG00000215288	ENSG00000215288	GroupB_exclusive			TK14	SNV	0	1
ENSG00000217576	ENSG00000217576	GroupB_exclusive			TK14	SNV	0	1
ENSG00000217825	ENSG00000217825	GroupB_exclusive			TK12	SNV	0	1
ENSG00000218520	ENSG00000218520	GroupB_exclusive			TK14	SNV	0	1
ENSG00000219702	ENSG00000219702	GroupB_exclusive			TK13	SNV	0	1
ENSG00000219993	ENSG00000219993	GroupB_exclusive			TK14	SNV	0	1
ENSG00000220702	ENSG00000220702	GroupB_exclusive			TK13	SNV	0	1
ENSG00000220949	ENSG00000220949	GroupB_exclusive			TK14	SNV	0	1
ENSG00000223368	ENSG00000223368	GroupB_exclusive			TK13	SNV	0	1
ENSG00000223841	ENSG00000223841	GroupB_exclusive			TK12	SNV	0	1
ENSG00000224025	ENSG00000224025	GroupB_exclusive			TK13	SNV	0	1
ENSG00000224251	ENSG00000224251	GroupB_exclusive			TK13	SNV	0	1
ENSG00000224417	ENSG00000224417	GroupB_exclusive			TK12	SNV	0	1
ENSG00000224516	ENSG00000224516	GroupB_exclusive			TK14	SNV	0	1
ENSG00000224794	ENSG00000224794	GroupB_exclusive			TK12	SNV	0	1
ENSG00000225018	ENSG00000225018	GroupB_exclusive			TK14	SNV	0	1
ENSG00000225244	ENSG00000225244	GroupB_exclusive			TK13	SNV	0	1
ENSG00000225344	ENSG00000225344	GroupB_exclusive			TK14	SNV	0	1
ENSG00000225451	ENSG00000225451	GroupB_exclusive			TK13	SNV	0	1
ENSG00000225488	ENSG00000225488	GroupB_exclusive			TK13	INDEL,SNV	0	1
ENSG00000225720	ENSG00000225720	GroupB_exclusive			TK12	SNV	0	1
ENSG00000226206	ENSG00000226206	GroupB_exclusive			TK12	SNV	0	1
ENSG00000226499	ENSG00000226499	GroupB_exclusive			TK13	SNV	0	1
ENSG00000226679	ENSG00000226679	GroupB_exclusive			TK13	SNV	0	1
ENSG00000226767	ENSG00000226767	GroupB_exclusive			TK13	SNV	0	1
ENSG00000226886	ENSG00000226886	GroupB_exclusive			TK14	SNV	0	1
ENSG00000226919	ENSG00000226919	GroupB_exclusive			TK12	SNV	0	1
ENSG00000227047	ENSG00000227047	GroupB_exclusive			TK13	SNV	0	1
ENSG00000227193	ENSG00000227193	GroupB_exclusive			TK13	SNV	0	1
ENSG00000227269	ENSG00000227269	GroupB_exclusive			TK13	SNV	0	1
ENSG00000227815	ENSG00000227815	GroupB_exclusive			TK13	SNV	0	1
ENSG00000227854	ENSG00000227854	GroupB_exclusive			TK14	SNV	0	1
ENSG00000228081	ENSG00000228081	GroupB_exclusive			TK13	SNV	0	1
ENSG00000228123	ENSG00000228123	GroupB_exclusive			TK14	SNV	0	1
ENSG00000228157	ENSG00000228157	GroupB_exclusive			TK13	SNV	0	1
ENSG00000228408	ENSG00000228408	GroupB_exclusive			TK13	SNV	0	1
ENSG00000228478	ENSG00000228478	GroupB_exclusive			TK14	SNV	0	1
ENSG00000228521	ENSG00000228521	GroupB_exclusive			TK13	SNV	0	1
ENSG00000228543	ENSG00000228543	GroupB_exclusive			TK12	SNV	0	1
ENSG00000228550	ENSG00000228550	GroupB_exclusive			TK12	SNV	0	1
ENSG00000228680	ENSG00000228680	GroupB_exclusive			TK14	SNV	0	1
ENSG00000228957	ENSG00000228957	GroupB_exclusive			TK14	SNV	0	1
ENSG00000228974	ENSG00000228974	GroupB_exclusive			TK14	SNV	0	1
ENSG00000229212	ENSG00000229212	GroupB_exclusive			TK13	SNV	0	1
ENSG00000229283	ENSG00000229283	GroupB_exclusive			TK13	SNV	0	1
ENSG00000229313	ENSG00000229313	GroupB_exclusive			TK12	INDEL	0	1
ENSG00000229567	ENSG00000229567	GroupB_exclusive			TK14	SNV	0	1
ENSG00000229732	ENSG00000229732	GroupB_exclusive			TK13	SNV	0	1
ENSG00000229827	ENSG00000229827	GroupB_exclusive			TK14	SNV	0	1
ENSG00000230080	ENSG00000230080	GroupB_exclusive			TK13	SNV	0	1
ENSG00000230104	ENSG00000230104	GroupB_exclusive			TK13	SNV	0	1
ENSG00000230159	ENSG00000230159	GroupB_exclusive			TK14	SNV	0	1
ENSG00000230751	ENSG00000230751	GroupB_exclusive			TK12	SNV	0	1
ENSG00000230821	ENSG00000230821	GroupB_exclusive			TK13	SNV	0	1
ENSG00000230953	ENSG00000230953	GroupB_exclusive			TK12	SNV	0	1
ENSG00000230990	ENSG00000230990	GroupB_exclusive			TK13	SNV	0	1
ENSG00000231054	ENSG00000231054	GroupB_exclusive			TK13	SNV	0	1
ENSG00000231331	ENSG00000231331	GroupB_exclusive			TK13	SNV	0	1
ENSG00000231613	ENSG00000231613	GroupB_exclusive			TK12	SNV	0	1
ENSG00000231756	ENSG00000231756	GroupB_exclusive			TK12	SNV	0	1
ENSG00000231811	ENSG00000231811	GroupB_exclusive			TK14	SNV	0	1
ENSG00000232176	ENSG00000232176	GroupB_exclusive			TK12	SNV	0	1
ENSG00000232524	ENSG00000232524	GroupB_exclusive			TK13	SNV	0	1
ENSG00000232557	ENSG00000232557	GroupB_exclusive			TK14	SNV	0	1
ENSG00000232710	ENSG00000232710	GroupB_exclusive			TK13	SNV	0	1
ENSG00000232749	ENSG00000232749	GroupB_exclusive			TK12	SNV	0	1
ENSG00000233393	ENSG00000233393	GroupB_exclusive			TK12	SNV	0	1
ENSG00000233502	ENSG00000233502	GroupB_exclusive			TK14	SNV	0	1
ENSG00000233665	ENSG00000233665	GroupB_exclusive			TK14	SNV	0	1
ENSG00000233689	ENSG00000233689	GroupB_exclusive			TK13	SNV	0	1
ENSG00000233942	ENSG00000233942	GroupB_exclusive			TK14	SNV	0	1
ENSG00000234455	ENSG00000234455	GroupB_exclusive			TK13	SNV	0	1
ENSG00000234597	ENSG00000234597	GroupB_exclusive			TK14	SNV	0	1
ENSG00000234692	ENSG00000234692	GroupB_exclusive			TK13	SNV	0	1
ENSG00000234716	ENSG00000234716	GroupB_exclusive			TK14	SNV	0	1
ENSG00000234758	ENSG00000234758	GroupB_exclusive			TK13	SNV	0	1
ENSG00000235181	ENSG00000235181	GroupB_exclusive			TK14	SNV	0	1
ENSG00000235356	ENSG00000235356	GroupB_exclusive			TK13	SNV	0	1
ENSG00000235574	ENSG00000235574	GroupB_exclusive			TK14	SNV	0	1
ENSG00000235605	ENSG00000235605	GroupB_exclusive			TK13	SNV	0	1
ENSG00000235689	ENSG00000235689	GroupB_exclusive			TK12	SNV	0	1
ENSG00000235705	ENSG00000235705	GroupB_exclusive			TK14	SNV	0	1
ENSG00000235713	ENSG00000235713	GroupB_exclusive			TK13	SNV	0	1
ENSG00000235994	ENSG00000235994	GroupB_exclusive			TK13	SNV	0	1
ENSG00000236332	ENSG00000236332	GroupB_exclusive			TK12	SNV	0	1
ENSG00000236335	ENSG00000236335	GroupB_exclusive			TK13	SNV	0	1
ENSG00000236453	ENSG00000236453	GroupB_exclusive			TK14	SNV	0	1
ENSG00000236461	ENSG00000236461	GroupB_exclusive			TK14	SNV	0	1
ENSG00000236656	ENSG00000236656	GroupB_exclusive			TK13	SNV	0	1
ENSG00000236911	ENSG00000236911	GroupB_exclusive			TK14	SNV	0	1
ENSG00000236938	ENSG00000236938	GroupB_exclusive			TK12	SNV	0	1
ENSG00000236948	ENSG00000236948	GroupB_exclusive			TK14	SNV	0	1
ENSG00000237346	ENSG00000237346	GroupB_exclusive			TK14	INDEL	0	1
ENSG00000237378	ENSG00000237378	GroupB_exclusive			TK13	INDEL,SNV	0	1
ENSG00000237572	ENSG00000237572	GroupB_exclusive			TK14	SNV	0	1
ENSG00000237581	ENSG00000237581	GroupB_exclusive			TK13	SNV	0	1
ENSG00000237590	ENSG00000237590	GroupB_exclusive			TK12	SNV	0	1
ENSG00000238102	ENSG00000238102	GroupB_exclusive			TK13	SNV	0	1
ENSG00000238176	ENSG00000238176	GroupB_exclusive			TK14	SNV	0	1
ENSG00000238282	ENSG00000238282	GroupB_exclusive			TK13	SNV	0	1
ENSG00000238934	ENSG00000238934	GroupB_exclusive			TK12	SNV	0	1
ENSG00000239254	ENSG00000239254	GroupB_exclusive			TK13	SNV	0	1
ENSG00000239395	ENSG00000239395	GroupB_exclusive			TK13	SNV	0	1
ENSG00000240521	ENSG00000240521	GroupB_exclusive			TK13	SNV	0	1
ENSG00000240627	ENSG00000240627	GroupB_exclusive			TK13	SNV	0	1
ENSG00000240895	ENSG00000240895	GroupB_exclusive			TK13	SNV	0	1
ENSG00000240980	ENSG00000240980	GroupB_exclusive			TK13	SNV	0	1
ENSG00000241114	ENSG00000241114	GroupB_exclusive			TK12	SNV	0	1
ENSG00000241357	ENSG00000241357	GroupB_exclusive			TK13	SNV	0	1
ENSG00000242156	ENSG00000242156	GroupB_exclusive			TK14	SNV	0	1
ENSG00000242163	ENSG00000242163	GroupB_exclusive			TK12	SNV	0	1
ENSG00000242391	ENSG00000242391	GroupB_exclusive			TK14	INDEL,SNV	0	1
ENSG00000242531	ENSG00000242531	GroupB_exclusive			TK13	SNV	0	1
ENSG00000243491	ENSG00000243491	GroupB_exclusive			TK12	SNV	0	1
ENSG00000243501	ENSG00000243501	GroupB_exclusive			TK14	SNV	0	1
ENSG00000243659	ENSG00000243659	GroupB_exclusive			TK13	SNV	0	1
ENSG00000243888	ENSG00000243888	GroupB_exclusive			TK13	SNV	0	1
ENSG00000243916	ENSG00000243916	GroupB_exclusive			TK13	SNV	0	1
ENSG00000248200	ENSG00000248200	GroupB_exclusive			TK12	SNV	0	1
ENSG00000248308	ENSG00000248308	GroupB_exclusive			TK14	SNV	0	1
ENSG00000248369	ENSG00000248369	GroupB_exclusive			TK13	SNV	0	1
ENSG00000248423	ENSG00000248423	GroupB_exclusive			TK13	SNV	0	1
ENSG00000248551	ENSG00000248551	GroupB_exclusive			TK14	SNV	0	1
ENSG00000248600	ENSG00000248600	GroupB_exclusive			TK12	SNV	0	1
ENSG00000248749	ENSG00000248749	GroupB_exclusive			TK14	SNV	0	1
ENSG00000248853	ENSG00000248853	GroupB_exclusive			TK14	SNV	0	1
ENSG00000249008	ENSG00000249008	GroupB_exclusive			TK14	SNV	0	1
ENSG00000249016	ENSG00000249016	GroupB_exclusive			TK13	SNV	0	1
ENSG00000249101	ENSG00000249101	GroupB_exclusive			TK13	SNV	0	1
ENSG00000249235	ENSG00000249235	GroupB_exclusive			TK14	SNV	0	1
ENSG00000249856	ENSG00000249856	GroupB_exclusive			TK13	INDEL	0	1
ENSG00000249916	ENSG00000249916	GroupB_exclusive			TK12	SNV	0	1
ENSG00000249945	ENSG00000249945	GroupB_exclusive			TK14	SNV	0	1
ENSG00000250079	ENSG00000250079	GroupB_exclusive			TK14	SNV	0	1
ENSG00000250080	ENSG00000250080	GroupB_exclusive			TK14	SNV	0	1
ENSG00000250453	ENSG00000250453	GroupB_exclusive			TK13	SNV	0	1
ENSG00000250497	ENSG00000250497	GroupB_exclusive			TK12	SNV	0	1
ENSG00000250574	ENSG00000250574	GroupB_exclusive			TK14	SNV	0	1
ENSG00000250615	ENSG00000250615	GroupB_exclusive			TK13	SNV	0	1
ENSG00000250781	ENSG00000250781	GroupB_exclusive			TK14	SNV	0	1
ENSG00000251144	ENSG00000251144	GroupB_exclusive			TK14	SNV	0	1
ENSG00000251177	ENSG00000251177	GroupB_exclusive			TK12	INDEL,SNV	0	1
ENSG00000251239	ENSG00000251239	GroupB_exclusive			TK13	SNV	0	1
ENSG00000251313	ENSG00000251313	GroupB_exclusive			TK13	SNV	0	1
ENSG00000251378	ENSG00000251378	GroupB_exclusive			TK13	SNV	0	1
ENSG00000251416	ENSG00000251416	GroupB_exclusive			TK14	INDEL	0	1
ENSG00000251537	ENSG00000251537	GroupB_exclusive			TK12	SNV	0	1
ENSG00000252274	ENSG00000252274	GroupB_exclusive			TK14	SNV	0	1
ENSG00000253049	ENSG00000253049	GroupB_exclusive			TK13	SNV	0	1
ENSG00000253220	ENSG00000253220	GroupB_exclusive			TK12	SNV	0	1
ENSG00000253308	ENSG00000253308	GroupB_exclusive			TK12	INDEL	0	1
ENSG00000253403	ENSG00000253403	GroupB_exclusive			TK13	SNV	0	1
ENSG00000253415	ENSG00000253415	GroupB_exclusive			TK14	SNV	0	1
ENSG00000253530	ENSG00000253530	GroupB_exclusive			TK12	SNV	0	1
ENSG00000253600	ENSG00000253600	GroupB_exclusive			TK14	INDEL,SNV	0	1
ENSG00000253776	ENSG00000253776	GroupB_exclusive			TK13	SNV	0	1
ENSG00000253924	ENSG00000253924	GroupB_exclusive			TK13	SNV	0	1
ENSG00000254043	ENSG00000254043	GroupB_exclusive			TK14	SNV	0	1
ENSG00000254067	ENSG00000254067	GroupB_exclusive			TK14	SNV	0	1
ENSG00000254076	ENSG00000254076	GroupB_exclusive			TK13	SNV	0	1
ENSG00000254365	ENSG00000254365	GroupB_exclusive			TK12	SNV	0	1
ENSG00000254412	ENSG00000254412	GroupB_exclusive			TK14	SNV	0	1
ENSG00000254467	ENSG00000254467	GroupB_exclusive			TK14	SNV	0	1
ENSG00000254644	ENSG00000254644	GroupB_exclusive			TK13	SNV	0	1
ENSG00000254739	ENSG00000254739	GroupB_exclusive			TK12	SNV	0	1
ENSG00000254804	ENSG00000254804	GroupB_exclusive			TK13	SNV	0	1
ENSG00000254817	ENSG00000254817	GroupB_exclusive			TK14	SNV	0	1
ENSG00000254830	ENSG00000254830	GroupB_exclusive			TK12	SNV	0	1
ENSG00000254850	ENSG00000254850	GroupB_exclusive			TK12	SNV	0	1
ENSG00000254883	ENSG00000254883	GroupB_exclusive			TK13	SNV	0	1
ENSG00000254885	ENSG00000254885	GroupB_exclusive			TK13	SNV	0	1
ENSG00000254888	ENSG00000254888	GroupB_exclusive			TK13	SNV	0	1
ENSG00000255115	ENSG00000255115	GroupB_exclusive			TK12	SNV	0	1
ENSG00000255118	ENSG00000255118	GroupB_exclusive			TK13	SNV	0	1
ENSG00000255174	ENSG00000255174	GroupB_exclusive			TK14	SNV	0	1
ENSG00000255176	ENSG00000255176	GroupB_exclusive			TK12	SNV	0	1
ENSG00000255206	ENSG00000255206	GroupB_exclusive			TK14	SNV	0	1
ENSG00000255214	ENSG00000255214	GroupB_exclusive			TK13	SNV	0	1
ENSG00000255219	ENSG00000255219	GroupB_exclusive			TK12	SNV	0	1
ENSG00000255343	ENSG00000255343	GroupB_exclusive			TK13	SNV	0	1
ENSG00000255532	ENSG00000255532	GroupB_exclusive			TK13	SNV	0	1
ENSG00000255556	ENSG00000255556	GroupB_exclusive			TK13	SNV	0	1
ENSG00000255649	ENSG00000255649	GroupB_exclusive			TK13	SNV	0	1
ENSG00000256254	ENSG00000256254	GroupB_exclusive			TK14	SNV	0	1
ENSG00000256281	ENSG00000256281	GroupB_exclusive			TK13	SNV	0	1
ENSG00000256917	ENSG00000256917	GroupB_exclusive			TK13	SNV	0	1
ENSG00000256951	ENSG00000256951	GroupB_exclusive			TK13	SNV	0	1
ENSG00000257009	ENSG00000257009	GroupB_exclusive			TK13	SNV	0	1
ENSG00000257035	ENSG00000257035	GroupB_exclusive			TK14	SNV	0	1
ENSG00000257522	ENSG00000257522	GroupB_exclusive			TK13	SNV	0	1
ENSG00000257579	ENSG00000257579	GroupB_exclusive			TK13	SNV	0	1
ENSG00000257580	ENSG00000257580	GroupB_exclusive			TK12	SNV	0	1
ENSG00000257639	ENSG00000257639	GroupB_exclusive			TK13	SNV	0	1
ENSG00000257700	ENSG00000257700	GroupB_exclusive			TK14	INDEL,SNV	0	1
ENSG00000257751	ENSG00000257751	GroupB_exclusive			TK13	SNV	0	1
ENSG00000258082	ENSG00000258082	GroupB_exclusive			TK13	SNV	0	1
ENSG00000258154	ENSG00000258154	GroupB_exclusive			TK13	SNV	0	1
ENSG00000258170	ENSG00000258170	GroupB_exclusive			TK12	SNV	0	1
ENSG00000258661	ENSG00000258661	GroupB_exclusive			TK13	SNV	0	1
ENSG00000258663	ENSG00000258663	GroupB_exclusive			TK14	SNV	0	1
ENSG00000258773	ENSG00000258773	GroupB_exclusive			TK13	SNV	0	1
ENSG00000258868	ENSG00000258868	GroupB_exclusive			TK14	SNV	0	1
ENSG00000258921	ENSG00000258921	GroupB_exclusive			TK13	SNV	0	1
ENSG00000258971	ENSG00000258971	GroupB_exclusive			TK13	SNV	0	1
ENSG00000259347	ENSG00000259347	GroupB_exclusive			TK12	SNV	0	1
ENSG00000259385	ENSG00000259385	GroupB_exclusive			TK13	SNV	0	1
ENSG00000259410	ENSG00000259410	GroupB_exclusive			TK13	SNV	0	1
ENSG00000259619	ENSG00000259619	GroupB_exclusive			TK13	SNV	0	1
ENSG00000259645	ENSG00000259645	GroupB_exclusive			TK13	SNV	0	1
ENSG00000259647	ENSG00000259647	GroupB_exclusive			TK14	SNV	0	1
ENSG00000259769	ENSG00000259769	GroupB_exclusive			TK14	SNV	0	1
ENSG00000259961	ENSG00000259961	GroupB_exclusive			TK13	SNV	0	1
ENSG00000260008	ENSG00000260008	GroupB_exclusive			TK14	SNV	0	1
ENSG00000260112	ENSG00000260112	GroupB_exclusive			TK13	SNV	0	1
ENSG00000260201	ENSG00000260201	GroupB_exclusive			TK13	SNV	0	1
ENSG00000260306	ENSG00000260306	GroupB_exclusive			TK13	SNV	0	1
ENSG00000260337	ENSG00000260337	GroupB_exclusive			TK14	SNV	0	1
ENSG00000260406	ENSG00000260406	GroupB_exclusive			TK14	SNV	0	1
ENSG00000260650	ENSG00000260650	GroupB_exclusive			TK14	SNV	0	1
ENSG00000260848	ENSG00000260848	GroupB_exclusive			TK14	SNV	0	1
ENSG00000260934	ENSG00000260934	GroupB_exclusive			TK14	SNV	0	1
ENSG00000261114	ENSG00000261114	GroupB_exclusive			TK14	SNV	0	1
ENSG00000261449	ENSG00000261449	GroupB_exclusive			TK12	SNV	0	1
ENSG00000261642	ENSG00000261642	GroupB_exclusive			TK13	INDEL,SNV	0	1
ENSG00000261671	ENSG00000261671	GroupB_exclusive			TK13	SNV	0	1
ENSG00000263435	ENSG00000263435	GroupB_exclusive			TK14	SNV	0	1
ENSG00000263574	ENSG00000263574	GroupB_exclusive			TK14	SNV	0	1
ENSG00000263698	ENSG00000263698	GroupB_exclusive			TK13	SNV	0	1
ENSG00000263733	ENSG00000263733	GroupB_exclusive			TK14	SNV	0	1
ENSG00000263870	ENSG00000263870	GroupB_exclusive			TK13	SNV	0	1
ENSG00000264451	ENSG00000264451	GroupB_exclusive			TK12	SNV	0	1
ENSG00000264452	ENSG00000264452	GroupB_exclusive			TK14	SNV	0	1
ENSG00000264735	ENSG00000264735	GroupB_exclusive			TK13	SNV	0	1
ENSG00000264845	ENSG00000264845	GroupB_exclusive			TK13	SNV	0	1
ENSG00000265041	ENSG00000265041	GroupB_exclusive			TK13	SNV	0	1
ENSG00000265179	ENSG00000265179	GroupB_exclusive			TK14	SNV	0	1
ENSG00000265643	ENSG00000265643	GroupB_exclusive			TK13	SNV	0	1
ENSG00000265973	ENSG00000265973	GroupB_exclusive			TK14	SNV	0	1
ENSG00000266009	ENSG00000266009	GroupB_exclusive			TK13	SNV	0	1
ENSG00000266105	ENSG00000266105	GroupB_exclusive			TK13	SNV	0	1
ENSG00000266279	ENSG00000266279	GroupB_exclusive			TK14	SNV	0	1
ENSG00000266535	ENSG00000266535	GroupB_exclusive			TK14	SNV	0	1
ENSG00000266614	ENSG00000266614	GroupB_exclusive			TK14	SNV	0	1
ENSG00000266775	ENSG00000266775	GroupB_exclusive			TK12	SNV	0	1
ENSG00000266981	ENSG00000266981	GroupB_exclusive			TK14	SNV	0	1
ENSG00000267142	ENSG00000267142	GroupB_exclusive			TK14	SNV	0	1
ENSG00000267298	ENSG00000267298	GroupB_exclusive			TK14	SNV	0	1
ENSG00000267370	ENSG00000267370	GroupB_exclusive			TK13	SNV	0	1
ENSG00000267420	ENSG00000267420	GroupB_exclusive			TK14	SNV	0	1
ENSG00000267745	ENSG00000267745	GroupB_exclusive			TK14	SNV	0	1
ENSG00000267800	ENSG00000267800	GroupB_exclusive			TK13	SNV	0	1
ENSG00000267943	ENSG00000267943	GroupB_exclusive			TK13	SNV	0	1
ENSG00000268316	ENSG00000268316	GroupB_exclusive			TK14	SNV	0	1
ENSG00000268455	ENSG00000268455	GroupB_exclusive			TK14	SNV	0	1
ENSG00000268461	ENSG00000268461	GroupB_exclusive			TK13	INDEL	0	1
ENSG00000268593	ENSG00000268593	GroupB_exclusive			TK13	SNV	0	1
ENSG00000268673	ENSG00000268673	GroupB_exclusive			TK14	SNV	0	1
ENSG00000268744	ENSG00000268744	GroupB_exclusive			TK14	SNV	0	1
ENSG00000268823	ENSG00000268823	GroupB_exclusive			TK14	SNV	0	1
ENSG00000268906	ENSG00000268906	GroupB_exclusive			TK13	SNV	0	1
ENSG00000269246	ENSG00000269246	GroupB_exclusive			TK12	SNV	0	1
ENSG00000269349	ENSG00000269349	GroupB_exclusive			TK13	SNV	0	1
ENSG00000269681	ENSG00000269681	GroupB_exclusive			TK14	SNV	0	1
ENSG00000270248	ENSG00000270248	GroupB_exclusive			TK12	SNV	0	1
ENSG00000270400	ENSG00000270400	GroupB_exclusive			TK13	SNV	0	1
ENSG00000270497	ENSG00000270497	GroupB_exclusive			TK12	SNV	0	1
ENSG00000270522	ENSG00000270522	GroupB_exclusive			TK14	SNV	0	1
ENSG00000270682	ENSG00000270682	GroupB_exclusive			TK13	SNV	0	1
ENSG00000270996	ENSG00000270996	GroupB_exclusive			TK12	SNV	0	1
ENSG00000271044	ENSG00000271044	GroupB_exclusive			TK14	SNV	0	1
ENSG00000271181	ENSG00000271181	GroupB_exclusive			TK13	SNV	0	1
ENSG00000271228	ENSG00000271228	GroupB_exclusive			TK13	SNV	0	1
ENSG00000271375	ENSG00000271375	GroupB_exclusive			TK13	SNV	0	1
ENSG00000271509	ENSG00000271509	GroupB_exclusive			TK12	SNV	0	1
ENSG00000271555	ENSG00000271555	GroupB_exclusive			TK13	SNV	0	1
ENSG00000271985	ENSG00000271985	GroupB_exclusive			TK13	SNV	0	1
ENSG00000272239	ENSG00000272239	GroupB_exclusive			TK13	SNV	0	1
ENSG00000272411	ENSG00000272411	GroupB_exclusive			TK12	SNV	0	1
ENSG00000272416	ENSG00000272416	GroupB_exclusive			TK14	SNV	0	1
ENSG00000272678	ENSG00000272678	GroupB_exclusive			TK12	INDEL	0	1
ENSG00000272797	ENSG00000272797	GroupB_exclusive			TK13	SNV	0	1
ENSG00000272799	ENSG00000272799	GroupB_exclusive			TK13	SNV	0	1
ENSG00000272986	ENSG00000272986	GroupB_exclusive			TK12	SNV	0	1
ENSG00000273232	ENSG00000273232	GroupB_exclusive			TK12	SNV	0	1
ENSG00000273254	ENSG00000273254	GroupB_exclusive			TK13	SNV	0	1
ENSG00000273350	ENSG00000273350	GroupB_exclusive			TK12	SNV	0	1
ENSG00000273512	ENSG00000273512	GroupB_exclusive			TK13	SNV	0	1
ENSG00000273568	ENSG00000273568	GroupB_exclusive			TK13	SNV	0	1
ENSG00000273736	ENSG00000273736	GroupB_exclusive			TK13	SNV	0	1
ENSG00000273920	ENSG00000273920	GroupB_exclusive			TK13	SNV	0	1
ENSG00000274019	ENSG00000274019	GroupB_exclusive			TK13	SNV	0	1
ENSG00000274133	ENSG00000274133	GroupB_exclusive			TK13	SNV	0	1
ENSG00000274170	ENSG00000274170	GroupB_exclusive			TK12	SNV	0	1
ENSG00000274330	ENSG00000274330	GroupB_exclusive			TK13	SNV	0	1
ENSG00000274547	ENSG00000274547	GroupB_exclusive			TK12	SNV	0	1
ENSG00000274760	ENSG00000274760	GroupB_exclusive			TK13	SNV	0	1
ENSG00000274929	ENSG00000274929	GroupB_exclusive			TK14	SNV	0	1
ENSG00000275295	ENSG00000275295	GroupB_exclusive			TK13	SNV	0	1
ENSG00000275307	ENSG00000275307	GroupB_exclusive			TK12	INDEL	0	1
ENSG00000275413	ENSG00000275413	GroupB_exclusive			TK12	SNV	0	1
ENSG00000275438	ENSG00000275438	GroupB_exclusive			TK12	SNV	0	1
ENSG00000275540	ENSG00000275540	GroupB_exclusive			TK14	SNV	0	1
ENSG00000275563	ENSG00000275563	GroupB_exclusive			TK13	SNV	0	1
ENSG00000275598	ENSG00000275598	GroupB_exclusive			TK14	SNV	0	1
ENSG00000275601	ENSG00000275601	GroupB_exclusive			TK13	SNV	0	1
ENSG00000275944	ENSG00000275944	GroupB_exclusive			TK13	SNV	0	1
ENSG00000276048	ENSG00000276048	GroupB_exclusive			TK14	SNV	0	1
ENSG00000276269	ENSG00000276269	GroupB_exclusive			TK14	SNV	0	1
ENSG00000276569	ENSG00000276569	GroupB_exclusive			TK13	SNV	0	1
ENSG00000276704	ENSG00000276704	GroupB_exclusive			TK12	SNV	0	1
ENSG00000276957	ENSG00000276957	GroupB_exclusive			TK13	SNV	0	1
ENSG00000276968	ENSG00000276968	GroupB_exclusive			TK14	SNV	0	1
ENSG00000277010	ENSG00000277010	GroupB_exclusive			TK13	SNV	0	1
ENSG00000277103	ENSG00000277103	GroupB_exclusive			TK14	SNV	0	1
ENSG00000277460	ENSG00000277460	GroupB_exclusive			TK12	SNV	0	1
ENSG00000277568	ENSG00000277568	GroupB_exclusive			TK13	SNV	0	1
ENSG00000277690	ENSG00000277690	GroupB_exclusive			TK14	SNV	0	1
ENSG00000277859	ENSG00000277859	GroupB_exclusive			TK13	INDEL	0	1
ENSG00000277948	ENSG00000277948	GroupB_exclusive			TK14	SNV	0	1
ENSG00000277966	ENSG00000277966	GroupB_exclusive			TK12	SNV	0	1
ENSG00000278171	ENSG00000278171	GroupB_exclusive			TK13	SNV	0	1
ENSG00000278698	ENSG00000278698	GroupB_exclusive			TK13	INDEL,SNV	0	1
ENSG00000278708	ENSG00000278708	GroupB_exclusive			TK12	SNV	0	1
ENSG00000278716	ENSG00000278716	GroupB_exclusive			TK13	SNV	0	1
ENSG00000278733	ENSG00000278733	GroupB_exclusive			TK12	SNV	0	1
ENSG00000278736	ENSG00000278736	GroupB_exclusive			TK13	SNV	0	1
ENSG00000278981	ENSG00000278981	GroupB_exclusive			TK13	SNV	0	1
ENSG00000278995	ENSG00000278995	GroupB_exclusive			TK13	INDEL	0	1
ENSG00000279030	ENSG00000279030	GroupB_exclusive			TK13	SNV	0	1
ENSG00000279064	ENSG00000279064	GroupB_exclusive			TK14	SNV	0	1
ENSG00000279174	ENSG00000279174	GroupB_exclusive			TK12	SNV	0	1
ENSG00000279273	ENSG00000279273	GroupB_exclusive			TK14	SNV	0	1
ENSG00000279376	ENSG00000279376	GroupB_exclusive			TK12	SNV	0	1
ENSG00000279708	ENSG00000279708	GroupB_exclusive			TK14	SNV	0	1
ENSG00000279784	ENSG00000279784	GroupB_exclusive			TK13	SNV	0	1
ENSG00000279812	ENSG00000279812	GroupB_exclusive			TK14	SNV	0	1
ENSG00000279979	ENSG00000279979	GroupB_exclusive			TK14	SNV	0	1
ENSG00000280091	ENSG00000280091	GroupB_exclusive			TK13	SNV	0	1
ENSG00000280121	ENSG00000280121	GroupB_exclusive			TK12	SNV	0	1
ENSG00000280222	ENSG00000280222	GroupB_exclusive			TK14	SNV	0	1
ENSG00000280255	ENSG00000280255	GroupB_exclusive			TK13	SNV	0	1
ENSG00000280266	ENSG00000280266	GroupB_exclusive			TK13	SNV	0	1
ENSG00000280296	ENSG00000280296	GroupB_exclusive			TK14	SNV	0	1
ENSG00000280302	ENSG00000280302	GroupB_exclusive			TK13	SNV	0	1
ENSG00000280362	ENSG00000280362	GroupB_exclusive			TK14	SNV	0	1
ENSG00000280368	ENSG00000280368	GroupB_exclusive			TK14	SNV	0	1
ENSG00000280436	ENSG00000280436	GroupB_exclusive			TK13	SNV	0	1
ENSG00000280836	ENSG00000280836	GroupB_exclusive			TK13	SNV	0	1
ENSG00000281613	ENSG00000281613	GroupB_exclusive			TK13	SNV	0	1
ENSG00000281825	ENSG00000281825	GroupB_exclusive			TK13	SNV	0	1
ENSG00000282051	ENSG00000282051	GroupB_exclusive			TK14	SNV	0	1
ENSG00000282697	ENSG00000282697	GroupB_exclusive			TK14	SNV	0	1
ENSG00000282906	ENSG00000282906	GroupB_exclusive			TK13	SNV	0	1
ENSG00000283125	ENSG00000283125	GroupB_exclusive			TK14	SNV	0	1
ENSG00000283366	ENSG00000283366	GroupB_exclusive			TK14	SNV	0	1
ENSG00000283462	ENSG00000283462	GroupB_exclusive			TK14	SNV	0	1
ENSG00000283737	ENSG00000283737	GroupB_exclusive			TK14	SNV	0	1
ENSG00000283991	ENSG00000283991	GroupB_exclusive			TK14	SNV	0	1
ENSG00000283994	ENSG00000283994	GroupB_exclusive			TK13	SNV	0	1
ENSG00000284430	ENSG00000284430	GroupB_exclusive			TK14	SNV	0	1
ENSG00000284649	ENSG00000284649	GroupB_exclusive			TK13	SNV	0	1
ENSG00000284655	ENSG00000284655	GroupB_exclusive			TK12	SNV	0	1
ENSG00000284665	ENSG00000284665	GroupB_exclusive			TK13	SNV	0	1
ENSG00000284928	ENSG00000284928	GroupB_exclusive			TK12	SNV	0	1
ENSG00000284931	ENSG00000284931	GroupB_exclusive			TK14	SNV	0	1
ENSG00000285169	ENSG00000285169	GroupB_exclusive			TK14	SNV	0	1
ENSG00000285205	ENSG00000285205	GroupB_exclusive			TK13	SNV	0	1
ENSG00000285543	ENSG00000285543	GroupB_exclusive			TK14	SNV	0	1
ENSG00000285586	ENSG00000285586	GroupB_exclusive			TK13	SNV	0	1
ENSG00000285610	ENSG00000285610	GroupB_exclusive			TK13	SNV	0	1
ENSG00000285613	ENSG00000285613	GroupB_exclusive			TK14	SNV	0	1
ENSG00000285691	ENSG00000285691	GroupB_exclusive			TK14	SNV	0	1
ENSG00000285714	ENSG00000285714	GroupB_exclusive			TK12	SNV	0	1
ENSG00000285919	ENSG00000285919	GroupB_exclusive			TK13	SNV	0	1
ENSG00000285958	ENSG00000285958	GroupB_exclusive			TK13	SNV	0	1
ENSG00000286131	ENSG00000286131	GroupB_exclusive			TK14	SNV	0	1
ENSG00000286241	ENSG00000286241	GroupB_exclusive			TK13	SNV	0	1
ENSG00000286376	ENSG00000286376	GroupB_exclusive			TK14	SNV	0	1
ENSG00000286394	ENSG00000286394	GroupB_exclusive			TK14	SNV	0	1
ENSG00000286526	ENSG00000286526	GroupB_exclusive			TK14	SNV	0	1
ENSG00000286630	ENSG00000286630	GroupB_exclusive			TK13	SNV	0	1
ENSG00000286631	ENSG00000286631	GroupB_exclusive			TK14	SNV	0	1
ENSG00000286639	ENSG00000286639	GroupB_exclusive			TK13	SNV	0	1
ENSG00000286700	ENSG00000286700	GroupB_exclusive			TK12	SNV	0	1
ENSG00000286712	ENSG00000286712	GroupB_exclusive			TK13	SNV	0	1
ENSG00000286765	ENSG00000286765	GroupB_exclusive			TK12	SNV	0	1
ENSG00000286824	ENSG00000286824	GroupB_exclusive			TK14	SNV	0	1
ENSG00000286862	ENSG00000286862	GroupB_exclusive			TK14	SNV	0	1
ENSG00000286880	ENSG00000286880	GroupB_exclusive			TK12	SNV	0	1
ENSG00000286959	ENSG00000286959	GroupB_exclusive			TK13	SNV	0	1
ENSG00000286960	ENSG00000286960	GroupB_exclusive			TK13	SNV	0	1
ENSG00000286992	ENSG00000286992	GroupB_exclusive			TK13	SNV	0	1
ENSG00000287037	ENSG00000287037	GroupB_exclusive			TK14	SNV	0	1
ENSG00000287072	ENSG00000287072	GroupB_exclusive			TK13	SNV	0	1
ENSG00000287112	ENSG00000287112	GroupB_exclusive			TK13	SNV	0	1
ENSG00000287139	ENSG00000287139	GroupB_exclusive			TK12	SNV	0	1
ENSG00000287326	ENSG00000287326	GroupB_exclusive			TK13	SNV	0	1
ENSG00000287381	ENSG00000287381	GroupB_exclusive			TK12	SNV	0	1
ENSG00000287505	ENSG00000287505	GroupB_exclusive			TK13	SNV	0	1
ENSG00000287597	ENSG00000287597	GroupB_exclusive			TK14	SNV	0	1
ENSG00000287599	ENSG00000287599	GroupB_exclusive			TK12	INDEL	0	1
ENSG00000287632	ENSG00000287632	GroupB_exclusive			TK13	SNV	0	1
ENSG00000287667	ENSG00000287667	GroupB_exclusive			TK14	INDEL	0	1
ENSG00000287700	ENSG00000287700	GroupB_exclusive			TK14	SNV	0	1
ENSG00000287722	ENSG00000287722	GroupB_exclusive			TK14	SNV	0	1
ENSG00000287756	ENSG00000287756	GroupB_exclusive			TK13	SNV	0	1
ENSG00000287779	ENSG00000287779	GroupB_exclusive			TK13	INDEL,SNV	0	1
ENSG00000287788	ENSG00000287788	GroupB_exclusive			TK12	SNV	0	1
ENSG00000287828	ENSG00000287828	GroupB_exclusive			TK13	SNV	0	1
ENSG00000287830	ENSG00000287830	GroupB_exclusive			TK13	SNV	0	1
ENSG00000287901	ENSG00000287901	GroupB_exclusive			TK14	SNV	0	1
ENSG00000287982	ENSG00000287982	GroupB_exclusive			TK13	SNV	0	1
ENSG00000288005	ENSG00000288005	GroupB_exclusive			TK13	SNV	0	1
ENSG00000288046	ENSG00000288046	GroupB_exclusive			TK13	SNV	0	1
ENSG00000288100	ENSG00000288100	GroupB_exclusive			TK13	SNV	0	1
ENSG00000288520	ENSG00000288520	GroupB_exclusive			TK13	SNV	0	1
ENSG00000288556	ENSG00000288556	GroupB_exclusive			TK13	SNV	0	1
ENSG00000288626	ENSG00000288626	GroupB_exclusive			TK13	INDEL,SNV	0	1
ENSG00000288758	ENSG00000288758	GroupB_exclusive			TK12	SNV	0	1
ENSG00000288768	ENSG00000288768	GroupB_exclusive			TK13	SNV	0	1
ENSG00000288790	ENSG00000288790	GroupB_exclusive			TK13	SNV	0	1
ENSG00000288846	ENSG00000288846	GroupB_exclusive			TK13	SNV	0	1
ENSG00000288883	ENSG00000288883	GroupB_exclusive			TK12	SNV	0	1
ENSG00000288929	ENSG00000288929	GroupB_exclusive			TK14	SNV	0	1
ENSG00000289035	ENSG00000289035	GroupB_exclusive			TK14	SNV	0	1
ENSG00000289051	ENSG00000289051	GroupB_exclusive			TK13	SNV	0	1
ENSG00000289084	ENSG00000289084	GroupB_exclusive			TK14	SNV	0	1
ENSG00000289093	ENSG00000289093	GroupB_exclusive			TK13	SNV	0	1
ENSG00000289105	ENSG00000289105	GroupB_exclusive			TK13	SNV	0	1
ENSG00000289131	ENSG00000289131	GroupB_exclusive			TK14	SNV	0	1
ENSG00000289174	ENSG00000289174	GroupB_exclusive			TK13	SNV	0	1
ENSG00000289245	ENSG00000289245	GroupB_exclusive			TK12	SNV	0	1
ENSG00000289275	ENSG00000289275	GroupB_exclusive			TK13	SNV	0	1
ENSG00000289364	ENSG00000289364	GroupB_exclusive			TK13	SNV	0	1
ENSG00000289384	ENSG00000289384	GroupB_exclusive			TK12	SNV	0	1
ENSG00000289413	ENSG00000289413	GroupB_exclusive			TK13	SNV	0	1
ENSG00000289433	ENSG00000289433	GroupB_exclusive			TK14	SNV	0	1
ENSG00000289449	ENSG00000289449	GroupB_exclusive			TK13	INDEL	0	1
ENSG00000289491	ENSG00000289491	GroupB_exclusive			TK12	SNV	0	1
ENSG00000289550	ENSG00000289550	GroupB_exclusive			TK13	SNV	0	1
ENSG00000289553	ENSG00000289553	GroupB_exclusive			TK14	SNV	0	1
ENSG00000289592	ENSG00000289592	GroupB_exclusive			TK13	SNV	0	1
ENSG00000289690	ENSG00000289690	GroupB_exclusive			TK12	SNV	0	1
ENSG00000289715	ENSG00000289715	GroupB_exclusive			TK12	SNV	0	1
ENSG00000289739	ENSG00000289739	GroupB_exclusive			TK14	SNV	0	1
ENSG00000289754	ENSG00000289754	GroupB_exclusive			TK14	SNV	0	1
ENSG00000289768	ENSG00000289768	GroupB_exclusive			TK13	SNV	0	1
ENSG00000289880	ENSG00000289880	GroupB_exclusive			TK13	SNV	0	1
ENSG00000289911	ENSG00000289911	GroupB_exclusive			TK13	SNV	0	1
ENSG00000289936	ENSG00000289936	GroupB_exclusive			TK12	SNV	0	1
ENSG00000289963	ENSG00000289963	GroupB_exclusive			TK12	SNV	0	1
ENSG00000289974	ENSG00000289974	GroupB_exclusive			TK12	SNV	0	1
ENSG00000290147	ENSG00000290147	GroupB_exclusive			TK14	SNV	0	1
ENSG00000290163	ENSG00000290163	GroupB_exclusive			TK12	SNV	0	1
ENSG00000290402	ENSG00000290402	GroupB_exclusive			TK13	SNV	0	1
ENSG00000290562	ENSG00000290562	GroupB_exclusive			TK13	SNV	0	1
ENSG00000290599	ENSG00000290599	GroupB_exclusive			TK14	INDEL,SNV	0	1
ENSG00000290647	ENSG00000290647	GroupB_exclusive			TK13	SNV	0	1
ENSG00000290700	ENSG00000290700	GroupB_exclusive			TK14	SNV	0	1
ENSG00000290749	ENSG00000290749	GroupB_exclusive			TK13	SNV	0	1
ENSG00000290773	ENSG00000290773	GroupB_exclusive			TK13	SNV	0	1
ENSG00000290841	ENSG00000290841	GroupB_exclusive			TK13	SNV	0	1
ENSG00000290845	ENSG00000290845	GroupB_exclusive			TK13	SNV	0	1
ENSG00000291018	ENSG00000291018	GroupB_exclusive			TK12	SNV	0	1
ENSG00000291186	ENSG00000291186	GroupB_exclusive			TK14	SNV	0	1
ENSG00000291256	ENSG00000291256	GroupB_exclusive			TK12	SNV	0	1
ENSG00000291293	ENSG00000291293	GroupB_exclusive			TK12	SNV	0	1
ENSG00000138185	ENTPD1	GroupB_exclusive			TK13	SNV	0	1
ENSG00000178965	ERICH3	GroupB_exclusive			TK13	SNV	0	1
ENSG00000230550	ERLNC1	GroupB_exclusive			TK13	SNV	0	1
ENSG00000187017	ESPN	GroupB_exclusive			TK13	SNV	0	1
ENSG00000251610	EVA1CP6	GroupB_exclusive			TK14	SNV	0	1
ENSG00000223976	EXTL2P1	GroupB_exclusive			TK13	SNV	0	1
ENSG00000057593	F7	GroupB_exclusive			TK13	SNV	0	1
ENSG00000163586	FABP1	GroupB_exclusive			TK14	SNV	0	1
ENSG00000164434	FABP7	GroupB_exclusive			TK13	SNV	0	1
ENSG00000173557	FAM166C	GroupB_exclusive			TK13	SNV	0	1
ENSG00000175841	FAM172BP	GroupB_exclusive			TK14	SNV	0	1
ENSG00000257198	FAM205BP	GroupB_exclusive			TK13	SNV	0	1
ENSG00000225684	FAM225B	GroupB_exclusive			TK13	SNV	0	1
ENSG00000231122	FAM25EP	GroupB_exclusive			TK12	SNV	0	1
ENSG00000226777	FAM30A	GroupB_exclusive			TK14	SNV	0	1
ENSG00000183114	FAM43B	GroupB_exclusive			TK13	INDEL,SNV	0	1
ENSG00000277260	FAM74A7	GroupB_exclusive			TK14	INDEL,SNV	0	1
ENSG00000253258	FAM83A-AS2	GroupB_exclusive			TK13	SNV	0	1
ENSG00000285950	FAM90A10	GroupB_exclusive			TK13	SNV	0	1
ENSG00000215354	FAM90A24P	GroupB_exclusive			TK14	SNV	0	1
ENSG00000180178	FAR2P1	GroupB_exclusive			TK14	SNV	0	1
ENSG00000231194	FARP1-AS1	GroupB_exclusive			TK14	SNV	0	1
ENSG00000117560	FASLG	GroupB_exclusive			TK13	SNV	0	1
ENSG00000164616	FBXL21P	GroupB_exclusive			TK13	SNV	0	1
ENSG00000254508	FBXO3-DT	GroupB_exclusive			TK12	SNV	0	1
ENSG00000162747	FCGR3B	GroupB_exclusive			TK13	INDEL,SNV	0	1
ENSG00000085265	FCN1	GroupB_exclusive			TK13	SNV	0	1
ENSG00000181036	FCRL6	GroupB_exclusive			TK13	SNV	0	1
ENSG00000229231	FEM1AP1	GroupB_exclusive			TK13	SNV	0	1
ENSG00000217770	FEM1AP3	GroupB_exclusive			TK14	SNV	0	1
ENSG00000126262	FFAR2	GroupB_exclusive			TK14	SNV	0	1
ENSG00000171560	FGA	GroupB_exclusive			TK13	SNV	0	1
ENSG00000171564	FGB	GroupB_exclusive			TK13	SNV	0	1
ENSG00000162344	FGF19	GroupB_exclusive			TK13	SNV	0	1
ENSG00000075388	FGF4	GroupB_exclusive			TK13	SNV	0	1
ENSG00000251611	FHIP1A-DT	GroupB_exclusive			TK13	SNV	0	1
ENSG00000236658	FIBCD1-AS1	GroupB_exclusive			TK13	SNV	0	1
ENSG00000251463	FKBP4P1	GroupB_exclusive			TK12	SNV	0	1
ENSG00000290604	FMO9P	GroupB_exclusive			TK13	SNV	0	1
ENSG00000125798	FOXA2	GroupB_exclusive			TK13	SNV	0	1
ENSG00000109101	FOXN1	GroupB_exclusive			TK14	SNV	0	1
ENSG00000270562	FOXP1-DT	GroupB_exclusive			TK12	SNV	0	1
ENSG00000189299	FOXR2	GroupB_exclusive			TK14	SNV	0	1
ENSG00000189139	FSCB	GroupB_exclusive			TK14	SNV	0	1
ENSG00000261559	FSCN1P1	GroupB_exclusive			TK14	SNV	0	1
ENSG00000230204	FTH1P5	GroupB_exclusive			TK13	SNV	0	1
ENSG00000243048	FTHL18P	GroupB_exclusive			TK13	SNV	0	1
ENSG00000150201	FXYD4	GroupB_exclusive			TK13	SNV	0	1
ENSG00000152254	G6PC2	GroupB_exclusive			TK13	SNV	0	1
ENSG00000170296	GABARAP	GroupB_exclusive			TK14	SNV	0	1
ENSG00000166573	GALR1	GroupB_exclusive			TK13	SNV	0	1
ENSG00000170613	GARIN3	GroupB_exclusive			TK13	SNV	0	1
ENSG00000180219	GARIN6	GroupB_exclusive			TK13	INDEL,SNV	0	1
ENSG00000228376	GAS2L1P2	GroupB_exclusive			TK13	SNV	0	1
ENSG00000164125	GASK1B	GroupB_exclusive			TK13	INDEL,SNV	0	1
ENSG00000184502	GAST	GroupB_exclusive			TK13	SNV	0	1
ENSG00000107485	GATA3	GroupB_exclusive			TK14	SNV	0	1
ENSG00000115263	GCG	GroupB_exclusive			TK14	SNV	0	1
ENSG00000084734	GCKR	GroupB_exclusive			TK13	SNV	0	1
ENSG00000157017	GHRL	GroupB_exclusive			TK13	SNV	0	1
ENSG00000250298	GIMD1	GroupB_exclusive			TK14	SNV	0	1
ENSG00000159224	GIP	GroupB_exclusive			TK14	SNV	0	1
ENSG00000169605	GKN1	GroupB_exclusive			TK13	SNV	0	1
ENSG00000166840	GLYATL1	GroupB_exclusive			TK14	SNV	0	1
ENSG00000257780	GLYCAM1	GroupB_exclusive			TK14	SNV	0	1
ENSG00000261439	GNAO1-AS1	GroupB_exclusive			TK14	SNV	0	1
ENSG00000214415	GNAT3	GroupB_exclusive			TK13	SNV	0	1
ENSG00000115523	GNLY	GroupB_exclusive			TK12	SNV	0	1
ENSG00000205333	GOLGA2P1	GroupB_exclusive			TK14	SNV	0	1
ENSG00000159289	GOLGA6A	GroupB_exclusive			TK13	SNV	0	1
ENSG00000167195	GOLGA6C	GroupB_exclusive			TK14	SNV	0	1
ENSG00000227717	GOLGA6L25	GroupB_exclusive			TK14	SNV	0	1
ENSG00000261480	GOLGA8M	GroupB_exclusive			TK12	SNV	0	1
ENSG00000236240	GPC5-IT1	GroupB_exclusive			TK14	SNV	0	1
ENSG00000120436	GPR31	GroupB_exclusive			TK14	SNV	0	1
ENSG00000269565	GPR32P1	GroupB_exclusive			TK14	SNV	0	1
ENSG00000214943	GPR33	GroupB_exclusive			TK13	SNV	0	1
ENSG00000135973	GPR45	GroupB_exclusive			TK13	SNV	0	1
ENSG00000102195	GPR50	GroupB_exclusive			TK13	SNV	0	1
ENSG00000224586	GPX5	GroupB_exclusive			TK13	SNV	0	1
ENSG00000164294	GPX8	GroupB_exclusive			TK14	SNV	0	1
ENSG00000100351	GRAP2	GroupB_exclusive			TK13	SNV	0	1
ENSG00000134443	GRP	GroupB_exclusive			TK14	SNV	0	1
ENSG00000230682	GRPEL2P3	GroupB_exclusive			TK14	SNV	0	1
ENSG00000243955	GSTA1	GroupB_exclusive			TK13	SNV	0	1
ENSG00000230375	GSTA11P	GroupB_exclusive			TK14	SNV	0	1
ENSG00000236062	GSTM5P1	GroupB_exclusive			TK14	SNV	0	1
ENSG00000169840	GSX1	GroupB_exclusive			TK14	SNV	0	1
ENSG00000180613	GSX2	GroupB_exclusive			TK13	SNV	0	1
ENSG00000263417	GTSCR1	GroupB_exclusive			TK12	SNV	0	1
ENSG00000169325	GUSBP12	GroupB_exclusive			TK14	SNV	0	1
ENSG00000056998	GYG2	GroupB_exclusive			TK14	SNV	0	1
ENSG00000130600	H19	GroupB_exclusive			TK13	SNV	0	1
ENSG00000196787	H2AC11	GroupB_exclusive			TK13	SNV	0	1
ENSG00000146047	H2BC1	GroupB_exclusive			TK13	SNV	0	1
ENSG00000123569	H2BW1	GroupB_exclusive			TK13	SNV	0	1
ENSG00000273983	H3C8	GroupB_exclusive			TK14	SNV	0	1
ENSG00000226881	H3P44	GroupB_exclusive			TK14	SNV	0	1
ENSG00000236121	HAUS6P2	GroupB_exclusive			TK14	SNV	0	1
ENSG00000260880	HCCAT5	GroupB_exclusive			TK14	SNV	0	1
ENSG00000226030	HLA-DQB3	GroupB_exclusive			TK13	SNV	0	1
ENSG00000229391	HLA-DRB6	GroupB_exclusive			TK14	SNV	0	1
ENSG00000196301	HLA-DRB9	GroupB_exclusive			TK14	SNV	0	1
ENSG00000253463	HMGB1P19	GroupB_exclusive			TK14	SNV	0	1
ENSG00000219163	HMGB1P20	GroupB_exclusive			TK14	SNV	0	1
ENSG00000249745	HMGB1P28	GroupB_exclusive			TK13	SNV	0	1
ENSG00000229367	HMGN2P19	GroupB_exclusive			TK14	SNV	0	1
ENSG00000259246	HMGN2P47	GroupB_exclusive			TK13	SNV	0	1
ENSG00000257179	HMGN2P6	GroupB_exclusive			TK13	SNV	0	1
ENSG00000241947	HNRNPA1P24	GroupB_exclusive			TK13	SNV	0	1
ENSG00000226188	HNRNPA1P3	GroupB_exclusive			TK14	SNV	0	1
ENSG00000236695	HNRNPA1P47	GroupB_exclusive			TK12	SNV	0	1
ENSG00000233497	HNRNPA1P60	GroupB_exclusive			TK13	SNV	0	1
ENSG00000224494	HNRNPA3P14	GroupB_exclusive			TK13	SNV	0	1
ENSG00000255734	HNRNPABP1	GroupB_exclusive			TK13	INDEL,SNV	0	1
ENSG00000234890	HNRNPDLP2	GroupB_exclusive			TK14	SNV	0	1
ENSG00000269576	HNRNPMP2	GroupB_exclusive			TK13	SNV	0	1
ENSG00000243766	HOTTIP	GroupB_exclusive			TK12	INDEL	0	1
ENSG00000105996	HOXA2	GroupB_exclusive			TK13	SNV	0	1
ENSG00000242207	HOXB-AS4	GroupB_exclusive			TK14	SNV	0	1
ENSG00000120094	HOXB1	GroupB_exclusive			TK14	SNV	0	1
ENSG00000180818	HOXC10	GroupB_exclusive			TK13	SNV	0	1
ENSG00000123407	HOXC12	GroupB_exclusive			TK13	SNV	0	1
ENSG00000249641	HOXC13-AS	GroupB_exclusive			TK14	SNV	0	1
ENSG00000101180	HRH3	GroupB_exclusive			TK13	SNV	0	1
ENSG00000230989	HSBP1	GroupB_exclusive			TK13	SNV	0	1
ENSG00000187481	HSD3BP1	GroupB_exclusive			TK14	SNV	0	1
ENSG00000135312	HTR1B	GroupB_exclusive			TK13	INDEL	0	1
ENSG00000149305	HTR3B	GroupB_exclusive			TK14	SNV	0	1
ENSG00000233576	HTR3C2P	GroupB_exclusive			TK13	SNV	0	1
ENSG00000186090	HTR3D	GroupB_exclusive			TK13	SNV	0	1
ENSG00000251563	IARS2P1	GroupB_exclusive			TK12	SNV	0	1
ENSG00000224289	IFIT6P	GroupB_exclusive			TK13	SNV	0	1
ENSG00000230191	IFITM3P4	GroupB_exclusive			TK13	SNV	0	1
ENSG00000258352	IFITM3P6	GroupB_exclusive			TK13	SNV	0	1
ENSG00000228083	IFNA14	GroupB_exclusive			TK13	SNV	0	1
ENSG00000234829	IFNA17	GroupB_exclusive			TK13	SNV	0	1
ENSG00000236637	IFNA4	GroupB_exclusive			TK14	SNV	0	1
ENSG00000183709	IFNL2	GroupB_exclusive			TK14	SNV	0	1
ENSG00000197110	IFNL3	GroupB_exclusive			TK14	SNV	0	1
ENSG00000272395	IFNL4	GroupB_exclusive			TK13	SNV	0	1
ENSG00000099869	IGF2-AS	GroupB_exclusive			TK14	SNV	0	1
ENSG00000146678	IGFBP1	GroupB_exclusive			TK13	SNV	0	1
ENSG00000188293	IGFL1	GroupB_exclusive			TK14	SNV	0	1
ENSG00000211917	IGHD3-16	GroupB_exclusive			TK12	SNV	0	1
ENSG00000211914	IGHD6-19	GroupB_exclusive			TK12	SNV	0	1
ENSG00000211934	IGHV1-2	GroupB_exclusive			TK13	SNV	0	1
ENSG00000211962	IGHV1-46	GroupB_exclusive			TK13	SNV	0	1
ENSG00000259337	IGHV1OR15-2	GroupB_exclusive			TK13	SNV	0	1
ENSG00000188403	IGHV1OR15-9	GroupB_exclusive			TK13	SNV	0	1
ENSG00000261704	IGHV1OR16-1	GroupB_exclusive			TK13	SNV	0	1
ENSG00000211951	IGHV2-26	GroupB_exclusive			TK13	SNV	0	1
ENSG00000211941	IGHV3-11	GroupB_exclusive			TK14	SNV	0	1
ENSG00000211947	IGHV3-21	GroupB_exclusive			TK13	SNV	0	1
ENSG00000211957	IGHV3-35	GroupB_exclusive			TK13	SNV	0	1
ENSG00000211967	IGHV3-53	GroupB_exclusive			TK13	SNV	0	1
ENSG00000254056	IGHV3-71	GroupB_exclusive			TK13	SNV	0	1
ENSG00000271178	IGHV3OR16-13	GroupB_exclusive			TK12	SNV	0	1
ENSG00000270864	IGHV3OR16-6	GroupB_exclusive			TK14	SNV	0	1
ENSG00000211959	IGHV4-39	GroupB_exclusive			TK13	SNV	0	1
ENSG00000224373	IGHV4-59	GroupB_exclusive			TK13	SNV	0	1
ENSG00000254203	IGHVII-33-1	GroupB_exclusive			TK13	SNV	0	1
ENSG00000240671	IGKV1-8	GroupB_exclusive			TK13	SNV	0	1
ENSG00000241755	IGKV1-9	GroupB_exclusive			TK13	SNV	0	1
ENSG00000242766	IGKV1D-17	GroupB_exclusive			TK13	SNV	0	1
ENSG00000224607	IGKV1D-27	GroupB_exclusive			TK13	SNV	0	1
ENSG00000211633	IGKV1D-42	GroupB_exclusive			TK13	SNV	0	1
ENSG00000242580	IGKV1D-43	GroupB_exclusive			TK14	SNV	0	1
ENSG00000270999	IGKV1OR2-118	GroupB_exclusive			TK14	SNV	0	1
ENSG00000253278	IGKV2-10	GroupB_exclusive			TK14	SNV	0	1
ENSG00000243238	IGKV2-30	GroupB_exclusive			TK13	SNV	0	1
ENSG00000241566	IGKV2D-24	GroupB_exclusive			TK13	SNV	0	1
ENSG00000211623	IGKV2D-26	GroupB_exclusive			TK13	SNV	0	1
ENSG00000253460	IGKV2OR22-3	GroupB_exclusive			TK14	SNV	0	1
ENSG00000243063	IGKV3-7	GroupB_exclusive			TK13	SNV	0	1
ENSG00000211625	IGKV3D-20	GroupB_exclusive			TK12	SNV	0	1
ENSG00000211674	IGLJ1	GroupB_exclusive			TK14	SNV	0	1
ENSG00000211655	IGLV1-36	GroupB_exclusive			TK14	SNV	0	1
ENSG00000211642	IGLV10-54	GroupB_exclusive			TK13	SNV	0	1
ENSG00000211666	IGLV2-14	GroupB_exclusive			TK13	SNV	0	1
ENSG00000211654	IGLV5-37	GroupB_exclusive			TK14	SNV	0	1
ENSG00000215177	IGLV8OR8-1	GroupB_exclusive			TK14	SNV	0	1
ENSG00000254175	IGLVI-42	GroupB_exclusive			TK14	SNV	0	1
ENSG00000253126	IGLVI-56	GroupB_exclusive			TK14	SNV	0	1
ENSG00000253752	IGLVI-63	GroupB_exclusive			TK13	SNV	0	1
ENSG00000253637	IGLVV-58	GroupB_exclusive			TK13	SNV	0	1
ENSG00000112115	IL17A	GroupB_exclusive			TK13	SNV	0	1
ENSG00000112116	IL17F	GroupB_exclusive			TK12	SNV	0	1
ENSG00000115590	IL1R2	GroupB_exclusive			TK14	SNV	0	1
ENSG00000109471	IL2	GroupB_exclusive			TK13	SNV	0	1
ENSG00000164485	IL22RA2	GroupB_exclusive			TK13	SNV	0	1
ENSG00000243468	INGX	GroupB_exclusive			TK13	SNV	0	1
ENSG00000224116	INHBA-AS1	GroupB_exclusive			TK13	SNV	0	1
ENSG00000254647	INS	GroupB_exclusive			TK13	SNV	0	1
ENSG00000214681	IQCF5	GroupB_exclusive			TK14	SNV	0	1
ENSG00000214686	IQCF6	GroupB_exclusive			TK14	SNV	0	1
ENSG00000124449	IRGC	GroupB_exclusive			TK13	SNV	0	1
ENSG00000113430	IRX4	GroupB_exclusive			TK14	INDEL,SNV	0	1
ENSG00000159387	IRX6	GroupB_exclusive			TK13	SNV	0	1
ENSG00000226912	ISCA2P1	GroupB_exclusive			TK12	SNV	0	1
ENSG00000163207	IVL	GroupB_exclusive			TK13	SNV	0	1
ENSG00000237750	KCNH7-AS1	GroupB_exclusive			TK12	SNV	0	1
ENSG00000157551	KCNJ15	GroupB_exclusive			TK14	SNV	0	1
ENSG00000095981	KCNK16	GroupB_exclusive			TK13	SNV	0	1
ENSG00000124780	KCNK17	GroupB_exclusive			TK14	SNV	0	1
ENSG00000186795	KCNK18	GroupB_exclusive			TK13	SNV	0	1
ENSG00000182450	KCNK4	GroupB_exclusive			TK14	SNV	0	1
ENSG00000135253	KCP	GroupB_exclusive			TK14	SNV	0	1
ENSG00000128052	KDR	GroupB_exclusive			TK13	SNV	0	1
ENSG00000242473	KIR2DP1	GroupB_exclusive			TK14	SNV	0	1
ENSG00000167633	KIR3DL1	GroupB_exclusive			TK13	SNV	0	1
ENSG00000279484	KLHL30-AS1	GroupB_exclusive			TK14	INDEL,SNV	0	1
ENSG00000157119	KLHL40	GroupB_exclusive			TK13	SNV	0	1
ENSG00000167757	KLK11	GroupB_exclusive			TK13	SNV	0	1
ENSG00000142515	KLK3	GroupB_exclusive			TK14	SNV	0	1
ENSG00000167749	KLK4	GroupB_exclusive			TK14	SNV	0	1
ENSG00000167754	KLK5	GroupB_exclusive			TK13	SNV	0	1
ENSG00000169035	KLK7	GroupB_exclusive			TK13	SNV	0	1
ENSG00000250563	KNOP1P5	GroupB_exclusive			TK12	SNV	0	1
ENSG00000203786	KPRP	GroupB_exclusive			TK14	SNV	0	1
ENSG00000167768	KRT1	GroupB_exclusive			TK13	SNV	0	1
ENSG00000257402	KRT126P	GroupB_exclusive			TK14	SNV	0	1
ENSG00000186832	KRT16	GroupB_exclusive			TK13	SNV	0	1
ENSG00000205266	KRT17P5	GroupB_exclusive			TK13	SNV	0	1
ENSG00000205215	KRT17P7	GroupB_exclusive			TK14	SNV	0	1
ENSG00000235275	KRT18P16	GroupB_exclusive			TK13	SNV	0	1
ENSG00000215333	KRT18P23	GroupB_exclusive			TK14	SNV	0	1
ENSG00000249064	KRT18P25	GroupB_exclusive			TK13	SNV	0	1
ENSG00000214720	KRT18P49	GroupB_exclusive			TK13	SNV	0	1
ENSG00000213424	KRT222	GroupB_exclusive			TK12	SNV	0	1
ENSG00000171446	KRT27	GroupB_exclusive			TK13	SNV	0	1
ENSG00000186442	KRT3	GroupB_exclusive			TK13	SNV	0	1
ENSG00000094796	KRT31	GroupB_exclusive			TK13	INDEL	0	1
ENSG00000131737	KRT34	GroupB_exclusive			TK13	SNV	0	1
ENSG00000197079	KRT35	GroupB_exclusive			TK13	SNV	0	1
ENSG00000126337	KRT36	GroupB_exclusive			TK13	SNV	0	1
ENSG00000171360	KRT38	GroupB_exclusive			TK13	SNV	0	1
ENSG00000170477	KRT4	GroupB_exclusive			TK14	SNV	0	1
ENSG00000204889	KRT40	GroupB_exclusive			TK13	SNV	0	1
ENSG00000139648	KRT71	GroupB_exclusive			TK14	SNV	0	1
ENSG00000170484	KRT74	GroupB_exclusive			TK13	SNV	0	1
ENSG00000185069	KRT76	GroupB_exclusive			TK14	SNV	0	1
ENSG00000189182	KRT77	GroupB_exclusive			TK13	SNV	0	1
ENSG00000185640	KRT79	GroupB_exclusive			TK13	SNV	0	1
ENSG00000161849	KRT84	GroupB_exclusive			TK14	SNV	0	1
ENSG00000241416	KRT8P13	GroupB_exclusive			TK13	SNV	0	1
ENSG00000227404	KRT8P20	GroupB_exclusive			TK13	SNV	0	1
ENSG00000223810	KRT8P28	GroupB_exclusive			TK13	SNV	0	1
ENSG00000240668	KRT8P36	GroupB_exclusive			TK14	SNV	0	1
ENSG00000213771	KRT8P37	GroupB_exclusive			TK13	SNV	0	1
ENSG00000248231	KRT8P4	GroupB_exclusive			TK13	SNV	0	1
ENSG00000271647	KRT8P47	GroupB_exclusive			TK14	SNV	0	1
ENSG00000188581	KRTAP1-1	GroupB_exclusive			TK13	SNV	0	1
ENSG00000205439	KRTAP12-3	GroupB_exclusive			TK13	SNV	0	1
ENSG00000212933	KRTAP12-4	GroupB_exclusive			TK13	SNV	0	1
ENSG00000186971	KRTAP13-4	GroupB_exclusive			TK14	SNV	0	1
ENSG00000212657	KRTAP16-1	GroupB_exclusive			TK13	SNV	0	1
ENSG00000186860	KRTAP17-1	GroupB_exclusive			TK13	SNV	0	1
ENSG00000186967	KRTAP19-4	GroupB_exclusive			TK13	SNV	0	1
ENSG00000212725	KRTAP2-1	GroupB_exclusive			TK14	SNV	0	1
ENSG00000186924	KRTAP22-1	GroupB_exclusive			TK14	SNV	0	1
ENSG00000206107	KRTAP27-1	GroupB_exclusive			TK13	SNV	0	1
ENSG00000212900	KRTAP3-2	GroupB_exclusive			TK13	SNV	0	1
ENSG00000198443	KRTAP4-1	GroupB_exclusive			TK13	SNV	0	1
ENSG00000212721	KRTAP4-11	GroupB_exclusive			TK13	SNV	0	1
ENSG00000213416	KRTAP4-12	GroupB_exclusive			TK13	SNV	0	1
ENSG00000244537	KRTAP4-2	GroupB_exclusive			TK13	SNV	0	1
ENSG00000212722	KRTAP4-9	GroupB_exclusive			TK13	SNV	0	1
ENSG00000205867	KRTAP5-2	GroupB_exclusive			TK14	SNV	0	1
ENSG00000196224	KRTAP5-3	GroupB_exclusive			TK13	SNV	0	1
ENSG00000185940	KRTAP5-5	GroupB_exclusive			TK13	SNV	0	1
ENSG00000205864	KRTAP5-6	GroupB_exclusive			TK14	SNV	0	1
ENSG00000240542	KRTAP9-1	GroupB_exclusive			TK13	SNV	0	1
ENSG00000204873	KRTAP9-3	GroupB_exclusive			TK14	SNV	0	1
ENSG00000241595	KRTAP9-4	GroupB_exclusive			TK14	SNV	0	1
ENSG00000187272	KRTAP9-8	GroupB_exclusive			TK13	SNV	0	1
ENSG00000188508	KRTDAP	GroupB_exclusive			TK14	SNV	0	1
ENSG00000240563	L1TD1	GroupB_exclusive			TK14	SNV	0	1
ENSG00000129988	LBP	GroupB_exclusive			TK14	SNV	0	1
ENSG00000148346	LCN2	GroupB_exclusive			TK14	SNV	0	1
ENSG00000243709	LEFTY1	GroupB_exclusive			TK14	SNV	0	1
ENSG00000249861	LGALS16	GroupB_exclusive			TK13	SNV	0	1
ENSG00000178934	LGALS7B	GroupB_exclusive			TK13	SNV	0	1
ENSG00000139292	LGR5	GroupB_exclusive			TK14	SNV	0	1
ENSG00000105370	LIM2	GroupB_exclusive			TK14	SNV	0	1
ENSG00000213120	LIN28AP1	GroupB_exclusive			TK13	SNV	0	1
ENSG00000187012	LINC00207	GroupB_exclusive			TK14	SNV	0	1
ENSG00000230040	LINC00364	GroupB_exclusive			TK14	INDEL	0	1
ENSG00000231061	LINC00395	GroupB_exclusive			TK14	SNV	0	1
ENSG00000231674	LINC00410	GroupB_exclusive			TK13	SNV	0	1
ENSG00000197503	LINC00477	GroupB_exclusive			TK12	SNV	0	1
ENSG00000183674	LINC00518	GroupB_exclusive			TK13	SNV	0	1
ENSG00000228221	LINC00578	GroupB_exclusive			TK14	SNV	0	1
ENSG00000281832	LINC00602	GroupB_exclusive			TK13	SNV	0	1
ENSG00000280924	LINC00628	GroupB_exclusive			TK14	SNV	0	1
ENSG00000228422	LINC00687	GroupB_exclusive			TK14	INDEL,SNV	0	1
ENSG00000234962	LINC00700	GroupB_exclusive			TK13	SNV	0	1
ENSG00000224652	LINC00885	GroupB_exclusive			TK14	SNV	0	1
ENSG00000167459	LINC00905	GroupB_exclusive			TK13	SNV	0	1
ENSG00000168367	LINC00917	GroupB_exclusive			TK13	SNV	0	1
ENSG00000259134	LINC00924	GroupB_exclusive			TK13	SNV	0	1
ENSG00000225128	LINC00972	GroupB_exclusive			TK14	SNV	0	1
ENSG00000250716	LINC01017	GroupB_exclusive			TK13	SNV	0	1
ENSG00000224559	LINC01087	GroupB_exclusive			TK13	SNV	0	1
ENSG00000235304	LINC01281	GroupB_exclusive			TK13	INDEL	0	1
ENSG00000234191	LINC01283	GroupB_exclusive			TK12	SNV	0	1
ENSG00000244321	LINC01326	GroupB_exclusive			TK13	SNV	0	1
ENSG00000236849	LINC01474	GroupB_exclusive			TK13	SNV	0	1
ENSG00000255323	LINC01495	GroupB_exclusive			TK14	SNV	0	1
ENSG00000246016	LINC01513	GroupB_exclusive			TK13	SNV	0	1
ENSG00000224995	LINC01526	GroupB_exclusive			TK13	SNV	0	1
ENSG00000205786	LINC01531	GroupB_exclusive			TK13	SNV	0	1
ENSG00000267014	LINC01532	GroupB_exclusive			TK13	SNV	0	1
ENSG00000180869	LINC01555	GroupB_exclusive			TK13	SNV	0	1
ENSG00000180861	LINC01559	GroupB_exclusive			TK14	SNV	0	1
ENSG00000261781	LINC01654	GroupB_exclusive			TK13	SNV	0	1
ENSG00000228058	LINC01736	GroupB_exclusive			TK12	SNV	0	1
ENSG00000229621	LINC01822	GroupB_exclusive			TK13	SNV	0	1
ENSG00000204754	LINC01951	GroupB_exclusive			TK13	SNV	0	1
ENSG00000230401	LINC01972	GroupB_exclusive			TK13	SNV	0	1
ENSG00000250822	LINC02111	GroupB_exclusive			TK13	SNV	0	1
ENSG00000236437	LINC02151	GroupB_exclusive			TK13	SNV	0	1
ENSG00000235385	LINC02154	GroupB_exclusive			TK12	SNV	0	1
ENSG00000271395	LINC02336	GroupB_exclusive			TK13	SNV	0	1
ENSG00000257784	LINC02400	GroupB_exclusive			TK12	SNV	0	1
ENSG00000257510	LINC02402	GroupB_exclusive			TK12	SNV	0	1
ENSG00000257893	LINC02404	GroupB_exclusive			TK13	SNV	0	1
ENSG00000257747	LINC02426	GroupB_exclusive			TK12	SNV	0	1
ENSG00000255814	LINC02439	GroupB_exclusive			TK13	SNV	0	1
ENSG00000256115	LINC02443	GroupB_exclusive			TK13	SNV	0	1
ENSG00000257230	LINC02448	GroupB_exclusive			TK13	SNV	0	1
ENSG00000258018	LINC02457	GroupB_exclusive			TK13	SNV	0	1
ENSG00000249145	LINC02517	GroupB_exclusive			TK13	SNV	0	1
ENSG00000233534	LINC02524	GroupB_exclusive			TK12	SNV	0	1
ENSG00000237552	LINC02567	GroupB_exclusive			TK12	SNV	0	1
ENSG00000235201	LINC02578	GroupB_exclusive			TK13	SNV	0	1
ENSG00000256155	LINC02598	GroupB_exclusive			TK13	SNV	0	1
ENSG00000198454	LINC02692	GroupB_exclusive			TK13	SNV	0	1
ENSG00000255427	LINC02707	GroupB_exclusive			TK12	SNV	0	1
ENSG00000273415	LINC02725	GroupB_exclusive			TK13	SNV	0	1
ENSG00000238242	LINC02778	GroupB_exclusive			TK14	SNV	0	1
ENSG00000228189	LINC02843	GroupB_exclusive			TK13	SNV	0	1
ENSG00000285594	LINC02856	GroupB_exclusive			TK12	SNV	0	1
ENSG00000227011	LINC02876	GroupB_exclusive			TK13	SNV	0	1
ENSG00000261437	LINC02894	GroupB_exclusive			TK13	SNV	0	1
ENSG00000175746	LINC02915	GroupB_exclusive			TK14	SNV	0	1
ENSG00000287036	LINC02946	GroupB_exclusive			TK14	SNV	0	1
ENSG00000182333	LIPF	GroupB_exclusive			TK13	SNV	0	1
ENSG00000173239	LIPM	GroupB_exclusive			TK13	SNV	0	1
ENSG00000204020	LIPN	GroupB_exclusive			TK13	SNV	0	1
ENSG00000165131	LLCFC1	GroupB_exclusive			TK13	SNV	0	1
ENSG00000162761	LMX1A	GroupB_exclusive			TK14	SNV	0	1
ENSG00000203782	LORICRIN	GroupB_exclusive			TK13	SNV	0	1
ENSG00000148602	LRIT1	GroupB_exclusive			TK14	SNV	0	1
ENSG00000204033	LRIT2	GroupB_exclusive			TK14	SNV	0	1
ENSG00000204950	LRRC10B	GroupB_exclusive			TK14	SNV	0	1
ENSG00000172061	LRRC15	GroupB_exclusive			TK14	SNV	0	1
ENSG00000165383	LRRC18	GroupB_exclusive			TK13	SNV	0	1
ENSG00000159708	LRRC36	GroupB_exclusive			TK13	SNV	0	1
ENSG00000214553	LRRC37A11P	GroupB_exclusive			TK14	SNV	0	1
ENSG00000290925	LRRC37A11P	GroupB_exclusive			TK14	SNV	0	1
ENSG00000257101	LRRC37A13P	GroupB_exclusive			TK13	SNV	0	1
ENSG00000204173	LRRC37A5P	GroupB_exclusive			TK13	SNV	0	1
ENSG00000162763	LRRC52	GroupB_exclusive			TK13	SNV	0	1
ENSG00000204052	LRRC73	GroupB_exclusive			TK13	SNV	0	1
ENSG00000162951	LRRTM1	GroupB_exclusive			TK14	SNV	0	1
ENSG00000012223	LTF	GroupB_exclusive			TK13	SNV	0	1
ENSG00000139329	LUM	GroupB_exclusive			TK13	SNV	0	1
ENSG00000261667	LY6L	GroupB_exclusive			TK13	SNV	0	1
ENSG00000273111	LYPD4	GroupB_exclusive			TK13	INDEL	0	1
ENSG00000229703	LYPD9P	GroupB_exclusive			TK12	SNV	0	1
ENSG00000157093	LYZL4	GroupB_exclusive			TK13	SNV	0	1
ENSG00000105695	MAG	GroupB_exclusive			TK14	SNV	0	1
ENSG00000123584	MAGEA9	GroupB_exclusive			TK13	SNV	0	1
ENSG00000186675	MAGEE2	GroupB_exclusive			TK13	SNV	0	1
ENSG00000144583	MARCHF4	GroupB_exclusive			TK14	SNV	0	1
ENSG00000165471	MBL2	GroupB_exclusive			TK13	SNV	0	1
ENSG00000124089	MC3R	GroupB_exclusive			TK13	SNV	0	1
ENSG00000231982	MCF2L2P1	GroupB_exclusive			TK14	SNV	0	1
ENSG00000128285	MCHR1	GroupB_exclusive			TK13	INDEL,SNV	0	1
ENSG00000143384	MCL1	GroupB_exclusive			TK14	SNV	0	1
ENSG00000112559	MDFI	GroupB_exclusive			TK13	SNV	0	1
ENSG00000257162	MED15P6	GroupB_exclusive			TK14	SNV	0	1
ENSG00000223760	MED15P9	GroupB_exclusive			TK13	SNV	0	1
ENSG00000102802	MEDAG	GroupB_exclusive			TK13	SNV	0	1
ENSG00000214548	MEG3	GroupB_exclusive			TK13	SNV	0	1
ENSG00000162039	MEIOB	GroupB_exclusive			TK13	SNV	0	1
ENSG00000112818	MEP1A	GroupB_exclusive			TK13	SNV	0	1
ENSG00000259558	MESTP2	GroupB_exclusive			TK13	SNV	0	1
ENSG00000111341	MGP	GroupB_exclusive			TK13	SNV	0	1
ENSG00000165175	MID1IP1	GroupB_exclusive			TK12	SNV	0	1
ENSG00000221771	MIR1205	GroupB_exclusive			TK13	SNV	0	1
ENSG00000221273	MIR1237	GroupB_exclusive			TK13	INDEL	0	1
ENSG00000221410	MIR1238	GroupB_exclusive			TK13	SNV	0	1
ENSG00000207816	MIR124-2	GroupB_exclusive			TK13	SNV	0	1
ENSG00000283733	MIR146A	GroupB_exclusive			TK13	SNV	0	1
ENSG00000263972	MIR1587	GroupB_exclusive			TK13	SNV	0	1
ENSG00000284216	MIR1909	GroupB_exclusive			TK14	SNV	0	1
ENSG00000222071	MIR1915	GroupB_exclusive			TK13	SNV	0	1
ENSG00000230937	MIR205HG	GroupB_exclusive			TK13	SNV	0	1
ENSG00000207980	MIR23A	GroupB_exclusive			TK12	SNV	0	1
ENSG00000284459	MIR24-1	GroupB_exclusive			TK14	SNV	0	1
ENSG00000284387	MIR24-2	GroupB_exclusive			TK14	SNV	0	1
ENSG00000284547	MIR2861	GroupB_exclusive			TK14	SNV	0	1
ENSG00000266463	MIR3196	GroupB_exclusive			TK13	SNV	0	1
ENSG00000286028	MIR34BHG	GroupB_exclusive			TK14	SNV	0	1
ENSG00000263697	MIR3621	GroupB_exclusive			TK12	SNV	0	1
ENSG00000283978	MIR365B	GroupB_exclusive			TK13	SNV	0	1
ENSG00000266514	MIR3689F	GroupB_exclusive			TK14	SNV	0	1
ENSG00000264013	MIR3938	GroupB_exclusive			TK13	SNV	0	1
ENSG00000263746	MIR4277	GroupB_exclusive			TK14	SNV	0	1
ENSG00000266078	MIR4432	GroupB_exclusive			TK14	SNV	0	1
ENSG00000263445	MIR4450	GroupB_exclusive			TK13	SNV	0	1
ENSG00000284062	MIR4469	GroupB_exclusive			TK12	SNV	0	1
ENSG00000265874	MIR4489	GroupB_exclusive			TK13	SNV	0	1
ENSG00000284284	MIR4712	GroupB_exclusive			TK14	SNV	0	1
ENSG00000265976	MIR4725	GroupB_exclusive			TK13	SNV	0	1
ENSG00000265110	MIR4731	GroupB_exclusive			TK13	SNV	0	1
ENSG00000266437	MIR4746	GroupB_exclusive			TK13	SNV	0	1
ENSG00000265954	MIR4749	GroupB_exclusive			TK13	SNV	0	1
ENSG00000264703	MIR4752	GroupB_exclusive			TK13	SNV	0	1
ENSG00000264974	MIR4789	GroupB_exclusive			TK14	SNV	0	1
ENSG00000263690	MIR548D2	GroupB_exclusive			TK12	INDEL	0	1
ENSG00000221275	MIR548I2	GroupB_exclusive			TK14	SNV	0	1
ENSG00000283941	MIR600	GroupB_exclusive			TK14	SNV	0	1
ENSG00000284343	MIR631	GroupB_exclusive			TK13	SNV	0	1
ENSG00000284049	MIR650	GroupB_exclusive			TK12	SNV	0	1
ENSG00000275344	MIR6503	GroupB_exclusive			TK12	SNV	0	1
ENSG00000283712	MIR6727	GroupB_exclusive			TK13	SNV	0	1
ENSG00000284311	MIR6742	GroupB_exclusive			TK14	SNV	0	1
ENSG00000283920	MIR6743	GroupB_exclusive			TK14	SNV	0	1
ENSG00000283840	MIR6764	GroupB_exclusive			TK12	SNV	0	1
ENSG00000278598	MIR6775	GroupB_exclusive			TK14	SNV	0	1
ENSG00000283772	MIR6778	GroupB_exclusive			TK14	SNV	0	1
ENSG00000275711	MIR6795	GroupB_exclusive			TK14	SNV	0	1
ENSG00000274380	MIR6801	GroupB_exclusive			TK13	SNV	0	1
ENSG00000277842	MIR6811	GroupB_exclusive			TK13	SNV	0	1
ENSG00000283721	MIR6884	GroupB_exclusive			TK12	SNV	0	1
ENSG00000284293	MIR7113	GroupB_exclusive			TK12	SNV	0	1
ENSG00000278571	MIR7161	GroupB_exclusive			TK14	SNV	0	1
ENSG00000284570	MIR7705	GroupB_exclusive			TK14	SNV	0	1
ENSG00000277255	MIR7854	GroupB_exclusive			TK13	SNV	0	1
ENSG00000278529	MIR8070	GroupB_exclusive			TK14	SNV	0	1
ENSG00000207757	MIR93	GroupB_exclusive			TK14	SNV	0	1
ENSG00000215973	MIR933	GroupB_exclusive			TK13	SNV	0	1
ENSG00000196611	MMP1	GroupB_exclusive			TK14	SNV	0	1
ENSG00000166670	MMP10	GroupB_exclusive			TK13	SNV	0	1
ENSG00000262406	MMP12	GroupB_exclusive			TK14	SNV	0	1
ENSG00000137674	MMP20	GroupB_exclusive			TK13	SNV	0	1
ENSG00000256916	MMP20-AS1	GroupB_exclusive			TK13	SNV	0	1
ENSG00000189409	MMP23B	GroupB_exclusive			TK13	SNV	0	1
ENSG00000149968	MMP3	GroupB_exclusive			TK13	SNV	0	1
ENSG00000106384	MOGAT3	GroupB_exclusive			TK13	SNV	0	1
ENSG00000073146	MOV10L1	GroupB_exclusive			TK14	INDEL	0	1
ENSG00000170255	MRGPRX1	GroupB_exclusive			TK13	SNV	0	1
ENSG00000254738	MRGPRX11P	GroupB_exclusive			TK13	SNV	0	1
ENSG00000179817	MRGPRX4	GroupB_exclusive			TK14	SNV	0	1
ENSG00000233217	MROH3P	GroupB_exclusive			TK12	SNV	0	1
ENSG00000259494	MRPL46	GroupB_exclusive			TK12	SNV	0	1
ENSG00000270192	MRPS35P3	GroupB_exclusive			TK14	INDEL	0	1
ENSG00000149516	MS4A3	GroupB_exclusive			TK13	SNV	0	1
ENSG00000205362	MT1A	GroupB_exclusive			TK13	SNV	0	1
ENSG00000198417	MT1F	GroupB_exclusive			TK14	SNV	0	1
ENSG00000275691	MT1IP	GroupB_exclusive			TK14	SNV	0	1
ENSG00000087250	MT3	GroupB_exclusive			TK14	SNV	0	1
ENSG00000228937	MTA3P1	GroupB_exclusive			TK13	SNV	0	1
ENSG00000250808	MTCO2P30	GroupB_exclusive			TK12	SNV	0	1
ENSG00000228069	MTCO3P29	GroupB_exclusive			TK12	SNV	0	1
ENSG00000065911	MTHFD2	GroupB_exclusive			TK12	SNV	0	1
ENSG00000231501	MTND4LP1	GroupB_exclusive			TK13	SNV	0	1
ENSG00000240791	MTND4LP7	GroupB_exclusive			TK12	SNV	0	1
ENSG00000232177	MTND4P24	GroupB_exclusive			TK14	INDEL	0	1
ENSG00000101825	MXRA5	GroupB_exclusive			TK13	SNV	0	1
ENSG00000239649	MYADML	GroupB_exclusive			TK13	SNV	0	1
ENSG00000133055	MYBPH	GroupB_exclusive			TK13	SNV	0	1
ENSG00000111046	MYF6	GroupB_exclusive			TK12	SNV	0	1
ENSG00000197616	MYH6	GroupB_exclusive			TK13	SNV	0	1
ENSG00000168530	MYL1	GroupB_exclusive			TK13	SNV	0	1
ENSG00000106436	MYL10	GroupB_exclusive			TK13	SNV	0	1
ENSG00000111245	MYL2	GroupB_exclusive			TK13	SNV	0	1
ENSG00000106631	MYL7	GroupB_exclusive			TK13	SNV	0	1
ENSG00000129152	MYOD1	GroupB_exclusive			TK14	SNV	0	1
ENSG00000142661	MYOM3	GroupB_exclusive			TK13	SNV	0	1
ENSG00000229647	MYOSLID	GroupB_exclusive			TK13	SNV	0	1
ENSG00000258045	Metazoa_SRP	GroupB_exclusive			TK13	SNV	0	1
ENSG00000277510	Metazoa_SRP	GroupB_exclusive			TK14	SNV	0	1
ENSG00000111704	NANOG	GroupB_exclusive			TK13	SNV	0	1
ENSG00000224816	NAP1L4P2	GroupB_exclusive			TK13	SNV	0	1
ENSG00000158747	NBL1	GroupB_exclusive			TK14	SNV	0	1
ENSG00000240667	NBPF18P	GroupB_exclusive			TK12	SNV	0	1
ENSG00000096264	NCR2	GroupB_exclusive			TK14	SNV	0	1
ENSG00000259374	NDUFB4P11	GroupB_exclusive			TK13	SNV	0	1
ENSG00000226970	NEDD8P1	GroupB_exclusive			TK13	SNV	0	1
ENSG00000181965	NEUROG1	GroupB_exclusive			TK13	SNV	0	1
ENSG00000256331	NIFKP3	GroupB_exclusive			TK13	SNV	0	1
ENSG00000231504	NMD3P2	GroupB_exclusive			TK12	SNV	0	1
ENSG00000239672	NME1	GroupB_exclusive			TK13	SNV	0	1
ENSG00000229338	NME2P3	GroupB_exclusive			TK14	SNV	0	1
ENSG00000086288	NME8	GroupB_exclusive			TK14	SNV	0	1
ENSG00000257956	NOP56P3	GroupB_exclusive			TK13	INDEL,SNV	0	1
ENSG00000265788	NOS2P1	GroupB_exclusive			TK13	SNV	0	1
ENSG00000278499	NPAP1L	GroupB_exclusive			TK14	SNV	0	1
ENSG00000170485	NPAS2	GroupB_exclusive			TK13	SNV	0	1
ENSG00000226703	NPM1P4	GroupB_exclusive			TK13	SNV	0	1
ENSG00000226556	NPM1P49	GroupB_exclusive			TK14	SNV	0	1
ENSG00000105954	NPVF	GroupB_exclusive			TK14	SNV	0	1
ENSG00000122585	NPY	GroupB_exclusive			TK14	SNV	0	1
ENSG00000185149	NPY2R	GroupB_exclusive			TK14	SNV	0	1
ENSG00000264717	NPY4R2	GroupB_exclusive			TK14	SNV	0	1
ENSG00000169297	NR0B1	GroupB_exclusive			TK13	SNV	0	1
ENSG00000012504	NR1H4	GroupB_exclusive			TK13	SNV	0	1
ENSG00000144852	NR1I2	GroupB_exclusive			TK13	SNV	0	1
ENSG00000267797	NRBF2P1	GroupB_exclusive			TK13	SNV	0	1
ENSG00000254049	NRG1-IT3	GroupB_exclusive			TK13	SNV	0	1
ENSG00000182667	NTM	GroupB_exclusive			TK13	SNV	0	1
ENSG00000203740	NTMT2	GroupB_exclusive			TK13	SNV	0	1
ENSG00000225275	NUP210P2	GroupB_exclusive			TK14	SNV	0	1
ENSG00000251436	NUP58P1	GroupB_exclusive			TK12	SNV	0	1
ENSG00000185290	NUPR2	GroupB_exclusive			TK12	SNV	0	1
ENSG00000258300	NUTF2P2	GroupB_exclusive			TK14	SNV	0	1
ENSG00000196970	NXF4	GroupB_exclusive			TK13	SNV	0	1
ENSG00000149507	OOSP2	GroupB_exclusive			TK13	SNV	0	1
ENSG00000166363	OR10A5	GroupB_exclusive			TK14	SNV	0	1
ENSG00000197309	OR10D3	GroupB_exclusive			TK14	SNV	0	1
ENSG00000226461	OR10G5P	GroupB_exclusive			TK13	SNV	0	1
ENSG00000182634	OR10G7	GroupB_exclusive			TK13	SNV	0	1
ENSG00000234560	OR10G8	GroupB_exclusive			TK14	SNV	0	1
ENSG00000171936	OR10H3	GroupB_exclusive			TK13	SNV	0	1
ENSG00000196184	OR10J1	GroupB_exclusive			TK14	SNV	0	1
ENSG00000184155	OR10J5	GroupB_exclusive			TK13	SNV	0	1
ENSG00000175398	OR10P1	GroupB_exclusive			TK13	SNV	0	1
ENSG00000180475	OR10Q1	GroupB_exclusive			TK13	SNV	0	1
ENSG00000255538	OR10V2P	GroupB_exclusive			TK13	SNV	0	1
ENSG00000172772	OR10W1	GroupB_exclusive			TK13	SNV	0	1
ENSG00000279111	OR10X1	GroupB_exclusive			TK14	SNV	0	1
ENSG00000258453	OR11H2	GroupB_exclusive			TK13	SNV	0	1
ENSG00000258806	OR11H7	GroupB_exclusive			TK13	SNV	0	1
ENSG00000197591	OR11L1	GroupB_exclusive			TK13	SNV	0	1
ENSG00000251608	OR12D1	GroupB_exclusive			TK14	SNV	0	1
ENSG00000280236	OR12D2	GroupB_exclusive			TK13	SNV	0	1
ENSG00000112462	OR12D3	GroupB_exclusive			TK13	SNV	0	1
ENSG00000197437	OR13G1	GroupB_exclusive			TK13	SNV	0	1
ENSG00000196772	OR14A16	GroupB_exclusive			TK14	SNV	0	1
ENSG00000177174	OR14C36	GroupB_exclusive			TK13	SNV	0	1
ENSG00000189181	OR14I1	GroupB_exclusive			TK13	SNV	0	1
ENSG00000262106	OR1D3P	GroupB_exclusive			TK14	SNV	0	1
ENSG00000127780	OR1E2	GroupB_exclusive			TK14	SNV	0	1
ENSG00000239981	OR2A15P	GroupB_exclusive			TK13	SNV	0	1
ENSG00000221989	OR2A2	GroupB_exclusive			TK14	SNV	0	1
ENSG00000180658	OR2A4	GroupB_exclusive			TK13	SNV	0	1
ENSG00000179615	OR2AP1	GroupB_exclusive			TK14	SNV	0	1
ENSG00000177489	OR2G2	GroupB_exclusive			TK14	SNV	0	1
ENSG00000204688	OR2H1	GroupB_exclusive			TK13	INDEL	0	1
ENSG00000198128	OR2L3	GroupB_exclusive			TK13	SNV	0	1
ENSG00000279263	OR2L8	GroupB_exclusive			TK14	SNV	0	1
ENSG00000177233	OR2M1P	GroupB_exclusive			TK13	SNV	0	1
ENSG00000278889	OR2S2	GroupB_exclusive			TK14	SNV	0	1
ENSG00000187701	OR2T27	GroupB_exclusive			TK14	SNV	0	1
ENSG00000182783	OR2T29	GroupB_exclusive			TK13	INDEL,SNV	0	1
ENSG00000196539	OR2T3	GroupB_exclusive			TK13	SNV	0	1
ENSG00000177151	OR2T35	GroupB_exclusive			TK13	SNV	0	1
ENSG00000198104	OR2T6	GroupB_exclusive			TK13	SNV	0	1
ENSG00000204697	OR2U1P	GroupB_exclusive			TK13	SNV	0	1
ENSG00000182613	OR2V2	GroupB_exclusive			TK13	SNV	0	1
ENSG00000203664	OR2W5P	GroupB_exclusive			TK14	SNV	0	1
ENSG00000181961	OR4A16	GroupB_exclusive			TK13	SNV	0	1
ENSG00000254940	OR4A19P	GroupB_exclusive			TK13	SNV	0	1
ENSG00000181943	OR4A21P	GroupB_exclusive			TK14	SNV	0	1
ENSG00000221840	OR4A5	GroupB_exclusive			TK13	SNV	0	1
ENSG00000255078	OR4A6P	GroupB_exclusive			TK13	SNV	0	1
ENSG00000175619	OR4B1	GroupB_exclusive			TK13	SNV	0	1
ENSG00000172188	OR4C11	GroupB_exclusive			TK13	SNV	0	1
ENSG00000204989	OR4D8P	GroupB_exclusive			TK13	SNV	0	1
ENSG00000221977	OR4E2	GroupB_exclusive			TK14	SNV	0	1
ENSG00000220212	OR4F1P	GroupB_exclusive			TK13	SNV	0	1
ENSG00000257109	OR4F28P	GroupB_exclusive			TK14	SNV	0	1
ENSG00000169484	OR4K14	GroupB_exclusive			TK13	SNV	0	1
ENSG00000169488	OR4K15	GroupB_exclusive			TK14	SNV	0	1
ENSG00000176281	OR4K5	GroupB_exclusive			TK14	SNV	0	1
ENSG00000176246	OR4L1	GroupB_exclusive			TK13	SNV	0	1
ENSG00000176299	OR4M1	GroupB_exclusive			TK14	SNV	0	1
ENSG00000258564	OR4N1P	GroupB_exclusive			TK13	SNV	0	1
ENSG00000279408	OR4N4C	GroupB_exclusive			TK13	SNV	0	1
ENSG00000196383	OR4Q2	GroupB_exclusive			TK14	SNV	0	1
ENSG00000182652	OR4Q3	GroupB_exclusive			TK13	SNV	0	1
ENSG00000176567	OR4X1	GroupB_exclusive			TK13	SNV	0	1
ENSG00000172208	OR4X2	GroupB_exclusive			TK13	SNV	0	1
ENSG00000205496	OR51A2	GroupB_exclusive			TK13	SNV	0	1
ENSG00000197428	OR51D1	GroupB_exclusive			TK14	SNV	0	1
ENSG00000278870	OR51G1	GroupB_exclusive			TK14	SNV	0	1
ENSG00000184321	OR51J1	GroupB_exclusive			TK13	SNV	0	1
ENSG00000176922	OR51S1	GroupB_exclusive			TK14	SNV	0	1
ENSG00000182070	OR52A1	GroupB_exclusive			TK13	SNV	0	1
ENSG00000205494	OR52A4P	GroupB_exclusive			TK13	SNV	0	1
ENSG00000180909	OR52B1P	GroupB_exclusive			TK14	SNV	0	1
ENSG00000221996	OR52B4	GroupB_exclusive			TK13	INDEL	0	1
ENSG00000187747	OR52B6	GroupB_exclusive			TK13	SNV	0	1
ENSG00000183269	OR52E8	GroupB_exclusive			TK14	SNV	0	1
ENSG00000262980	OR52L2P	GroupB_exclusive			TK13	SNV	0	1
ENSG00000197790	OR52M1	GroupB_exclusive			TK13	SNV	0	1
ENSG00000181001	OR52N1	GroupB_exclusive			TK14	SNV	0	1
ENSG00000183389	OR56A4	GroupB_exclusive			TK14	SNV	0	1
ENSG00000172459	OR5AR1	GroupB_exclusive			TK14	SNV	0	1
ENSG00000197786	OR5B17	GroupB_exclusive			TK14	SNV	0	1
ENSG00000255431	OR5B19P	GroupB_exclusive			TK13	SNV	0	1
ENSG00000186113	OR5D14	GroupB_exclusive			TK13	SNV	0	1
ENSG00000205029	OR5D16	GroupB_exclusive			TK13	SNV	0	1
ENSG00000186119	OR5D18	GroupB_exclusive			TK13	SNV	0	1
ENSG00000149133	OR5F1	GroupB_exclusive			TK13	SNV	0	1
ENSG00000236032	OR5H14	GroupB_exclusive			TK13	SNV	0	1
ENSG00000248507	OR5H4P	GroupB_exclusive			TK14	SNV	0	1
ENSG00000232535	OR5H8	GroupB_exclusive			TK13	SNV	0	1
ENSG00000254834	OR5M10	GroupB_exclusive			TK13	SNV	0	1
ENSG00000174937	OR5M3	GroupB_exclusive			TK13	SNV	0	1
ENSG00000183303	OR5P2	GroupB_exclusive			TK13	SNV	0	1
ENSG00000187612	OR5W2	GroupB_exclusive			TK13	SNV	0	1
ENSG00000221813	OR6B1	GroupB_exclusive			TK13	SNV	0	1
ENSG00000182083	OR6B2	GroupB_exclusive			TK13	SNV	0	1
ENSG00000179695	OR6C2	GroupB_exclusive			TK14	SNV	0	1
ENSG00000197706	OR6C74	GroupB_exclusive			TK13	SNV	0	1
ENSG00000185821	OR6C76	GroupB_exclusive			TK13	SNV	0	1
ENSG00000224402	OR6D1P	GroupB_exclusive			TK13	SNV	0	1
ENSG00000180433	OR6K6	GroupB_exclusive			TK13	SNV	0	1
ENSG00000196099	OR6M1	GroupB_exclusive			TK13	SNV	0	1
ENSG00000279051	OR6Q1	GroupB_exclusive			TK14	SNV	0	1
ENSG00000181803	OR6S1	GroupB_exclusive			TK13	SNV	0	1
ENSG00000181499	OR6T1	GroupB_exclusive			TK13	SNV	0	1
ENSG00000127515	OR7A10	GroupB_exclusive			TK14	SNV	0	1
ENSG00000176923	OR7A15P	GroupB_exclusive			TK14	SNV	0	1
ENSG00000269787	OR7A3P	GroupB_exclusive			TK13	SNV	0	1
ENSG00000198787	OR7E103P	GroupB_exclusive			TK14	SNV	0	1
ENSG00000250804	OR7E111FP	GroupB_exclusive			TK13	SNV	0	1
ENSG00000182531	OR7E115P	GroupB_exclusive			TK13	SNV	0	1
ENSG00000285537	OR7E11P	GroupB_exclusive			TK14	SNV	0	1
ENSG00000177586	OR7E149P	GroupB_exclusive			TK13	SNV	0	1
ENSG00000234655	OR7E155P	GroupB_exclusive			TK13	SNV	0	1
ENSG00000228433	OR7E23P	GroupB_exclusive			TK12	SNV	0	1
ENSG00000237521	OR7E24	GroupB_exclusive			TK13	SNV	0	1
ENSG00000250425	OR7E35P	GroupB_exclusive			TK13	SNV	0	1
ENSG00000249844	OR7E43P	GroupB_exclusive			TK13	SNV	0	1
ENSG00000255261	OR7E4P	GroupB_exclusive			TK13	SNV	0	1
ENSG00000234896	OR7E62P	GroupB_exclusive			TK13	SNV	0	1
ENSG00000197468	OR7E85BP	GroupB_exclusive			TK14	SNV	0	1
ENSG00000184055	OR7E87P	GroupB_exclusive			TK14	SNV	0	1
ENSG00000188668	OR7E90P	GroupB_exclusive			TK14	SNV	0	1
ENSG00000250710	OR7E99P	GroupB_exclusive			TK14	SNV	0	1
ENSG00000161807	OR7G1	GroupB_exclusive			TK14	SNV	0	1
ENSG00000170923	OR7G2	GroupB_exclusive			TK13	SNV	0	1
ENSG00000227737	OR8B1P	GroupB_exclusive			TK13	SNV	0	1
ENSG00000284680	OR8B2	GroupB_exclusive			TK14	SNV	0	1
ENSG00000196341	OR8D1	GroupB_exclusive			TK14	SNV	0	1
ENSG00000255425	OR8G3P	GroupB_exclusive			TK13	SNV	0	1
ENSG00000181693	OR8H1	GroupB_exclusive			TK13	SNV	0	1
ENSG00000254658	OR8J2	GroupB_exclusive			TK13	SNV	0	1
ENSG00000172199	OR8U1	GroupB_exclusive			TK14	SNV	0	1
ENSG00000279961	OR8U3	GroupB_exclusive			TK14	SNV	0	1
ENSG00000174914	OR9G1	GroupB_exclusive			TK13	INDEL,SNV	0	1
ENSG00000181325	OR9G3P	GroupB_exclusive			TK13	SNV	0	1
ENSG00000186509	OR9Q1	GroupB_exclusive			TK14	SNV	0	1
ENSG00000186513	OR9Q2	GroupB_exclusive			TK14	SNV	0	1
ENSG00000165621	OXGR1	GroupB_exclusive			TK13	SNV	0	1
ENSG00000246211	P4HA3-AS1	GroupB_exclusive			TK13	SNV	0	1
ENSG00000198526	PABPC1P2	GroupB_exclusive			TK14	SNV	0	1
ENSG00000227497	PABPC1P6	GroupB_exclusive			TK13	SNV	0	1
ENSG00000068985	PAGE1	GroupB_exclusive			TK13	SNV	0	1
ENSG00000101951	PAGE4	GroupB_exclusive			TK14	SNV	0	1
ENSG00000154143	PANX3	GroupB_exclusive			TK13	SNV	0	1
ENSG00000226604	PAPPA-AS2	GroupB_exclusive			TK14	SNV	0	1
ENSG00000129484	PARP2	GroupB_exclusive			TK14	SNV	0	1
ENSG00000271200	PATJ-DT	GroupB_exclusive			TK12	SNV	0	1
ENSG00000135903	PAX3	GroupB_exclusive			TK14	SNV	0	1
ENSG00000106331	PAX4	GroupB_exclusive			TK13	SNV	0	1
ENSG00000009709	PAX7	GroupB_exclusive			TK13	SNV	0	1
ENSG00000179270	PCARE	GroupB_exclusive			TK13	SNV	0	1
ENSG00000225710	PDE4DIPP8	GroupB_exclusive			TK14	SNV	0	1
ENSG00000259059	PEBP1P1	GroupB_exclusive			TK14	SNV	0	1
ENSG00000236278	PEBP1P3	GroupB_exclusive			TK12	SNV	0	1
ENSG00000224397	PELATON	GroupB_exclusive			TK13	SNV	0	1
ENSG00000284395	PERCC1	GroupB_exclusive			TK14	SNV	0	1
ENSG00000109272	PF4V1	GroupB_exclusive			TK12	SNV	0	1
ENSG00000237256	PGAM3P	GroupB_exclusive			TK13	INDEL	0	1
ENSG00000225136	PGBD4P5	GroupB_exclusive			TK13	SNV	0	1
ENSG00000096088	PGC	GroupB_exclusive			TK13	SNV	0	1
ENSG00000234835	PHB1P13	GroupB_exclusive			TK13	SNV	0	1
ENSG00000144362	PHOSPHO2	GroupB_exclusive			TK13	SNV	0	1
ENSG00000275874	PICSAR	GroupB_exclusive			TK14	SNV	0	1
ENSG00000229359	PIN1P1	GroupB_exclusive			TK13	SNV	0	1
ENSG00000100078	PLA2G3	GroupB_exclusive			TK13	SNV	0	1
ENSG00000159337	PLA2G4D	GroupB_exclusive			TK13	SNV	0	1
ENSG00000168907	PLA2G4F	GroupB_exclusive			TK14	SNV	0	1
ENSG00000168004	PLAAT5	GroupB_exclusive			TK14	SNV	0	1
ENSG00000242925	PLCH1-AS2	GroupB_exclusive			TK14	SNV	0	1
ENSG00000147588	PMP2	GroupB_exclusive			TK13	SNV	0	1
ENSG00000277531	PNMA8C	GroupB_exclusive			TK14	SNV	0	1
ENSG00000278522	POTEB3	GroupB_exclusive			TK14	SNV	0	1
ENSG00000222038	POTEJ	GroupB_exclusive			TK13	SNV	0	1
ENSG00000151615	POU4F2	GroupB_exclusive			TK13	SNV	0	1
ENSG00000226757	PP12613	GroupB_exclusive			TK13	SNV	0	1
ENSG00000250550	PPBPP1	GroupB_exclusive			TK13	SNV	0	1
ENSG00000178654	PPIAP33	GroupB_exclusive			TK14	SNV	0	1
ENSG00000236872	PPIAP36	GroupB_exclusive			TK13	SNV	0	1
ENSG00000230018	PPIAP39	GroupB_exclusive			TK14	SNV	0	1
ENSG00000213739	PPIAP68	GroupB_exclusive			TK14	SNV	0	1
ENSG00000174495	PPIAP80	GroupB_exclusive			TK14	SNV	0	1
ENSG00000237951	PPIL1P1	GroupB_exclusive			TK13	SNV	0	1
ENSG00000119938	PPP1R3C	GroupB_exclusive			TK13	SNV	0	1
ENSG00000231668	PPP2R2DP1	GroupB_exclusive			TK13	SNV	0	1
ENSG00000108849	PPY	GroupB_exclusive			TK13	SNV	0	1
ENSG00000187545	PRAMEF10	GroupB_exclusive			TK13	SNV	0	1
ENSG00000204501	PRAMEF15	GroupB_exclusive			TK14	SNV	0	1
ENSG00000279804	PRAMEF18	GroupB_exclusive			TK14	SNV	0	1
ENSG00000204480	PRAMEF19	GroupB_exclusive			TK13	SNV	0	1
ENSG00000232423	PRAMEF6	GroupB_exclusive			TK13	SNV	0	1
ENSG00000204510	PRAMEF7	GroupB_exclusive			TK14	SNV	0	1
ENSG00000156575	PRG3	GroupB_exclusive			TK14	SNV	0	1
ENSG00000172179	PRL	GroupB_exclusive			TK13	SNV	0	1
ENSG00000113494	PRLR	GroupB_exclusive			TK13	SNV	0	1
ENSG00000249004	PRMT5P1	GroupB_exclusive			TK12	SNV	0	1
ENSG00000189002	PROS2P	GroupB_exclusive			TK14	SNV	0	1
ENSG00000205352	PRR13	GroupB_exclusive			TK13	SNV	0	1
ENSG00000183631	PRR32	GroupB_exclusive			TK13	SNV	0	1
ENSG00000161992	PRR35	GroupB_exclusive			TK13	SNV	0	1
ENSG00000005001	PRSS22	GroupB_exclusive			TK13	SNV	0	1
ENSG00000196364	PRSS29P	GroupB_exclusive			TK14	SNV	0	1
ENSG00000204982	PRSS3P4	GroupB_exclusive			TK13	SNV	0	1
ENSG00000253810	PSAT1P1	GroupB_exclusive			TK13	SNV	0	1
ENSG00000170848	PSG6	GroupB_exclusive			TK13	SNV	0	1
ENSG00000124467	PSG8	GroupB_exclusive			TK13	SNV	0	1
ENSG00000243838	PSMC1P7	GroupB_exclusive			TK14	SNV	0	1
ENSG00000274985	PTCHD3P1	GroupB_exclusive			TK12	SNV	0	1
ENSG00000168267	PTF1A	GroupB_exclusive			TK13	SNV	0	1
ENSG00000160013	PTGIR	GroupB_exclusive			TK13	SNV	0	1
ENSG00000237000	PTMAP6	GroupB_exclusive			TK13	SNV	0	1
ENSG00000227613	QRSL1P2	GroupB_exclusive			TK13	SNV	0	1
ENSG00000216817	R3HDM2P2	GroupB_exclusive			TK14	SNV	0	1
ENSG00000249239	RACK1P3	GroupB_exclusive			TK13	SNV	0	1
ENSG00000253327	RAD21-AS1	GroupB_exclusive			TK13	SNV	0	1
ENSG00000277769	RBM22P4	GroupB_exclusive			TK12	SNV	0	1
ENSG00000138207	RBP4	GroupB_exclusive			TK13	SNV	0	1
ENSG00000198570	RD3	GroupB_exclusive			TK13	SNV	0	1
ENSG00000134193	REG4	GroupB_exclusive			TK13	SNV	0	1
ENSG00000143839	REN	GroupB_exclusive			TK14	SNV	0	1
ENSG00000104918	RETN	GroupB_exclusive			TK14	SNV	0	1
ENSG00000132554	RGS22	GroupB_exclusive			TK13	SNV	0	1
ENSG00000163914	RHO	GroupB_exclusive			TK13	SNV	0	1
ENSG00000203989	RHOXF2B	GroupB_exclusive			TK14	SNV	0	1
ENSG00000203877	RIPPLY2	GroupB_exclusive			TK13	SNV	0	1
ENSG00000222898	RN7SKP97	GroupB_exclusive			TK13	SNV	0	1
ENSG00000277198	RN7SL270P	GroupB_exclusive			TK12	SNV	0	1
ENSG00000240767	RN7SL288P	GroupB_exclusive			TK12	SNV	0	1
ENSG00000243801	RN7SL461P	GroupB_exclusive			TK12	SNV	0	1
ENSG00000263426	RN7SL471P	GroupB_exclusive			TK13	SNV	0	1
ENSG00000266710	RN7SL48P	GroupB_exclusive			TK14	SNV	0	1
ENSG00000263755	RN7SL498P	GroupB_exclusive			TK14	SNV	0	1
ENSG00000276047	RN7SL711P	GroupB_exclusive			TK13	SNV	0	1
ENSG00000243420	RN7SL734P	GroupB_exclusive			TK13	SNV	0	1
ENSG00000240964	RN7SL751P	GroupB_exclusive			TK13	SNV	0	1
ENSG00000278696	RN7SL82P	GroupB_exclusive			TK14	SNV	0	1
ENSG00000199804	RNA5SP383	GroupB_exclusive			TK12	SNV	0	1
ENSG00000252516	RNA5SP82	GroupB_exclusive			TK14	SNV	0	1
ENSG00000258436	RNASE12	GroupB_exclusive			TK13	SNV	0	1
ENSG00000206150	RNASE13	GroupB_exclusive			TK13	SNV	0	1
ENSG00000169397	RNASE3	GroupB_exclusive			TK14	SNV	0	1
ENSG00000173431	RNASE8	GroupB_exclusive			TK14	SNV	0	1
ENSG00000207005	RNU1-2	GroupB_exclusive			TK14	SNV	0	1
ENSG00000199836	RNU1-47P	GroupB_exclusive			TK13	SNV	0	1
ENSG00000239023	RNU1-98P	GroupB_exclusive			TK14	SNV	0	1
ENSG00000251988	RNU4ATAC18P	GroupB_exclusive			TK13	SNV	0	1
ENSG00000199347	RNU5E-1	GroupB_exclusive			TK14	SNV	0	1
ENSG00000222255	RNU6-101P	GroupB_exclusive			TK12	SNV	0	1
ENSG00000252909	RNU6-201P	GroupB_exclusive			TK13	SNV	0	1
ENSG00000252061	RNU6-415P	GroupB_exclusive			TK13	SNV	0	1
ENSG00000206970	RNU6-474P	GroupB_exclusive			TK13	SNV	0	1
ENSG00000207457	RNU6-476P	GroupB_exclusive			TK14	SNV	0	1
ENSG00000207453	RNU6-535P	GroupB_exclusive			TK12	SNV	0	1
ENSG00000206992	RNU6-574P	GroupB_exclusive			TK14	INDEL	0	1
ENSG00000200594	RNU6-824P	GroupB_exclusive			TK14	SNV	0	1
ENSG00000201813	RNU6-915P	GroupB_exclusive			TK12	SNV	0	1
ENSG00000252008	RNU6-927P	GroupB_exclusive			TK13	SNV	0	1
ENSG00000251712	RNU7-20P	GroupB_exclusive			TK14	SNV	0	1
ENSG00000238884	RNU7-85P	GroupB_exclusive			TK13	SNV	0	1
ENSG00000275291	RNVU1-26	GroupB_exclusive			TK12	SNV	0	1
ENSG00000206585	RNVU1-7	GroupB_exclusive			TK13	SNV	0	1
ENSG00000206920	RNY1P6	GroupB_exclusive			TK12	SNV	0	1
ENSG00000254012	RPL10P8	GroupB_exclusive			TK13	SNV	0	1
ENSG00000224839	RPL12P17	GroupB_exclusive			TK13	INDEL	0	1
ENSG00000216412	RPL12P2	GroupB_exclusive			TK13	INDEL	0	1
ENSG00000241746	RPL13AP18	GroupB_exclusive			TK14	SNV	0	1
ENSG00000227343	RPL15P1	GroupB_exclusive			TK13	SNV	0	1
ENSG00000216917	RPL15P9	GroupB_exclusive			TK13	SNV	0	1
ENSG00000228331	RPL17P43	GroupB_exclusive			TK13	SNV	0	1
ENSG00000241668	RPL19P11	GroupB_exclusive			TK13	SNV	0	1
ENSG00000239315	RPL19P13	GroupB_exclusive			TK14	SNV	0	1
ENSG00000213663	RPL21P58	GroupB_exclusive			TK13	SNV	0	1
ENSG00000233979	RPL22P21	GroupB_exclusive			TK14	INDEL,SNV	0	1
ENSG00000213122	RPL23AP46	GroupB_exclusive			TK13	SNV	0	1
ENSG00000244283	RPL23AP73	GroupB_exclusive			TK14	SNV	0	1
ENSG00000225912	RPL26P36	GroupB_exclusive			TK14	INDEL,SNV	0	1
ENSG00000236667	RPL27AP3	GroupB_exclusive			TK13	SNV	0	1
ENSG00000233565	RPL29P9	GroupB_exclusive			TK14	SNV	0	1
ENSG00000225713	RPL30P1	GroupB_exclusive			TK14	SNV	0	1
ENSG00000231359	RPL31P34	GroupB_exclusive			TK13	SNV	0	1
ENSG00000179131	RPL31P38	GroupB_exclusive			TK12	SNV	0	1
ENSG00000223505	RPL35AP5	GroupB_exclusive			TK14	INDEL,SNV	0	1
ENSG00000227753	RPL36AP31	GroupB_exclusive			TK14	SNV	0	1
ENSG00000230980	RPL36AP39	GroupB_exclusive			TK12	SNV	0	1
ENSG00000224011	RPL36AP46	GroupB_exclusive			TK12	SNV	0	1
ENSG00000213519	RPL36P7	GroupB_exclusive			TK13	SNV	0	1
ENSG00000239912	RPL39P36	GroupB_exclusive			TK12	SNV	0	1
ENSG00000214289	RPL39P5	GroupB_exclusive			TK13	SNV	0	1
ENSG00000228992	RPL5P32	GroupB_exclusive			TK14	SNV	0	1
ENSG00000240210	RPL7AP5	GroupB_exclusive			TK12	SNV	0	1
ENSG00000229455	RPS10P18	GroupB_exclusive			TK12	SNV	0	1
ENSG00000240724	RPS12P15	GroupB_exclusive			TK13	SNV	0	1
ENSG00000239354	RPS17P15	GroupB_exclusive			TK13	SNV	0	1
ENSG00000240463	RPS19P3	GroupB_exclusive			TK14	SNV	0	1
ENSG00000237784	RPS20P12	GroupB_exclusive			TK13	SNV	0	1
ENSG00000228349	RPS26P4	GroupB_exclusive			TK12	SNV	0	1
ENSG00000224646	RPS28P5	GroupB_exclusive			TK12	SNV	0	1
ENSG00000225770	RPS29P3	GroupB_exclusive			TK12	SNV	0	1
ENSG00000225246	RPS2P1	GroupB_exclusive			TK13	SNV	0	1
ENSG00000213726	RPS2P52	GroupB_exclusive			TK14	INDEL	0	1
ENSG00000243417	RPS3AP18	GroupB_exclusive			TK13	SNV	0	1
ENSG00000217684	RPS3AP24	GroupB_exclusive			TK12	SNV	0	1
ENSG00000243672	RPS3AP40	GroupB_exclusive			TK14	SNV	0	1
ENSG00000229920	RPS4XP5	GroupB_exclusive			TK12	SNV	0	1
ENSG00000227437	RPS8P4	GroupB_exclusive			TK13	SNV	0	1
ENSG00000237425	RPSAP2	GroupB_exclusive			TK13	SNV	0	1
ENSG00000244722	RPSAP29	GroupB_exclusive			TK13	SNV	0	1
ENSG00000226765	RPSAP33	GroupB_exclusive			TK13	SNV	0	1
ENSG00000213394	RPSAP46	GroupB_exclusive			TK14	SNV	0	1
ENSG00000284670	RPSAP56	GroupB_exclusive			TK12	SNV	0	1
ENSG00000235332	RPSAP76	GroupB_exclusive			TK13	SNV	0	1
ENSG00000215853	RPTN	GroupB_exclusive			TK14	SNV	0	1
ENSG00000237273	RSL24D1P8	GroupB_exclusive			TK14	SNV	0	1
ENSG00000188011	RTP5	GroupB_exclusive			TK13	SNV	0	1
ENSG00000256463	SALL3	GroupB_exclusive			TK13	SNV	0	1
ENSG00000258692	SALL4P7	GroupB_exclusive			TK13	SNV	0	1
ENSG00000187033	SAMD7	GroupB_exclusive			TK13	SNV	0	1
ENSG00000231274	SBK3	GroupB_exclusive			TK13	SNV	0	1
ENSG00000238795	SCARNA12	GroupB_exclusive			TK12	INDEL,SNV	0	1
ENSG00000277864	SCARNA15	GroupB_exclusive			TK14	SNV	0	1
ENSG00000238835	SCARNA18	GroupB_exclusive			TK13	SNV	0	1
ENSG00000251733	SCARNA8	GroupB_exclusive			TK13	SNV	0	1
ENSG00000254911	SCARNA9	GroupB_exclusive			TK12	SNV	0	1
ENSG00000104112	SCG3	GroupB_exclusive			TK13	SNV	0	1
ENSG00000268320	SCGB1C2	GroupB_exclusive			TK14	SNV	0	1
ENSG00000149575	SCN2B	GroupB_exclusive			TK13	SNV	0	1
ENSG00000177098	SCN4B	GroupB_exclusive			TK14	SNV	0	1
ENSG00000070031	SCT	GroupB_exclusive			TK12	SNV	0	1
ENSG00000231013	SCTR-AS1	GroupB_exclusive			TK13	SNV	0	1
ENSG00000284622	SCYGR10	GroupB_exclusive			TK13	SNV	0	1
ENSG00000244381	SDHDP3	GroupB_exclusive			TK13	SNV	0	1
ENSG00000253542	SDR16C6P	GroupB_exclusive			TK13	SNV	0	1
ENSG00000224219	SEC61GP1	GroupB_exclusive			TK13	SNV	0	1
ENSG00000143416	SELENBP1	GroupB_exclusive			TK13	SNV	0	1
ENSG00000124157	SEMG2	GroupB_exclusive			TK14	SNV	0	1
ENSG00000244528	SEPTIN14P2	GroupB_exclusive			TK14	SNV	0	1
ENSG00000230275	SERBP1P4	GroupB_exclusive			TK13	SNV	0	1
ENSG00000258597	SERPINA2	GroupB_exclusive			TK13	SNV	0	1
ENSG00000196136	SERPINA3	GroupB_exclusive			TK13	SNV	0	1
ENSG00000206072	SERPINB11	GroupB_exclusive			TK14	SNV	0	1
ENSG00000206073	SERPINB4	GroupB_exclusive			TK14	SNV	0	1
ENSG00000251609	SETP12	GroupB_exclusive			TK14	SNV	0	1
ENSG00000102683	SGCG	GroupB_exclusive			TK12	SNV	0	1
ENSG00000156463	SH3RF2	GroupB_exclusive			TK13	SNV	0	1
ENSG00000251322	SHANK3	GroupB_exclusive			TK13	SNV	0	1
ENSG00000171101	SIGLEC17P	GroupB_exclusive			TK13	SNV	0	1
ENSG00000213708	SLC16A14P1	GroupB_exclusive			TK13	SNV	0	1
ENSG00000112337	SLC17A2	GroupB_exclusive			TK13	SNV	0	1
ENSG00000036565	SLC18A1	GroupB_exclusive			TK13	SNV	0	1
ENSG00000187714	SLC18A3	GroupB_exclusive			TK14	SNV	0	1
ENSG00000004809	SLC22A16	GroupB_exclusive			TK14	SNV	0	1
ENSG00000267781	SLC25A36P1	GroupB_exclusive			TK12	SNV	0	1
ENSG00000266909	SLC25A6P4	GroupB_exclusive			TK13	SNV	0	1
ENSG00000214660	SLC29A4P2	GroupB_exclusive			TK13	SNV	0	1
ENSG00000173262	SLC2A14	GroupB_exclusive			TK14	SNV	0	1
ENSG00000163581	SLC2A2	GroupB_exclusive			TK13	SNV	0	1
ENSG00000101438	SLC32A1	GroupB_exclusive			TK13	SNV	0	1
ENSG00000157593	SLC35B2	GroupB_exclusive			TK13	SNV	0	1
ENSG00000162426	SLC45A1	GroupB_exclusive			TK14	SNV	0	1
ENSG00000214617	SLC6A10P	GroupB_exclusive			TK13	SNV	0	1
ENSG00000245112	SMARCA5-AS1	GroupB_exclusive			TK13	SNV	0	1
ENSG00000206026	SMIM21	GroupB_exclusive			TK13	SNV	0	1
ENSG00000232388	SMIM26	GroupB_exclusive			TK12	SNV	0	1
ENSG00000164112	SMIM43	GroupB_exclusive			TK13	SNV	0	1
ENSG00000115593	SMYD1	GroupB_exclusive			TK13	SNV	0	1
ENSG00000241216	SNAPC5P1	GroupB_exclusive			TK14	SNV	0	1
ENSG00000203387	SNF8P1	GroupB_exclusive			TK13	SNV	0	1
ENSG00000221164	SNORA11F	GroupB_exclusive			TK14	SNV	0	1
ENSG00000207062	SNORA15B-1	GroupB_exclusive			TK14	SNV	0	1
ENSG00000206634	SNORA22	GroupB_exclusive			TK13	SNV	0	1
ENSG00000207344	SNORA22C	GroupB_exclusive			TK14	SNV	0	1
ENSG00000272533	SNORA28	GroupB_exclusive			TK13	SNV	0	1
ENSG00000271798	SNORA51	GroupB_exclusive			TK12	SNV	0	1
ENSG00000212443	SNORA53	GroupB_exclusive			TK13	SNV	0	1
ENSG00000249020	SNORA58	GroupB_exclusive			TK13	SNV	0	1
ENSG00000239149	SNORA59A	GroupB_exclusive			TK12	SNV	0	1
ENSG00000206622	SNORA69	GroupB_exclusive			TK14	SNV	0	1
ENSG00000202379	SNORA70	GroupB_exclusive			TK13	SNV	0	1
ENSG00000277034	SNORA71	GroupB_exclusive			TK14	SNV	0	1
ENSG00000225091	SNORA71A	GroupB_exclusive			TK14	SNV	0	1
ENSG00000221643	SNORA77	GroupB_exclusive			TK12	SNV	0	1
ENSG00000200726	SNORD115-8	GroupB_exclusive			TK13	SNV	0	1
ENSG00000207197	SNORD116-12	GroupB_exclusive			TK12	SNV	0	1
ENSG00000207460	SNORD116-19	GroupB_exclusive			TK14	SNV	0	1
ENSG00000277785	SNORD116-21	GroupB_exclusive			TK12	SNV	0	1
ENSG00000238300	SNORD121B	GroupB_exclusive			TK13	INDEL	0	1
ENSG00000238793	SNORD124	GroupB_exclusive			TK13	SNV	0	1
ENSG00000200879	SNORD14E	GroupB_exclusive			TK13	SNV	0	1
ENSG00000239195	SNORD5	GroupB_exclusive			TK13	INDEL	0	1
ENSG00000265706	SNORD53B	GroupB_exclusive			TK12	SNV	0	1
ENSG00000202314	SNORD6	GroupB_exclusive			TK13	SNV	0	1
ENSG00000212135	SNORD67	GroupB_exclusive			TK14	SNV	0	1
ENSG00000220988	SNORD88C	GroupB_exclusive			TK12	SNV	0	1
ENSG00000212283	SNORD89	GroupB_exclusive			TK13	SNV	0	1
ENSG00000221740	SNORD93	GroupB_exclusive			TK13	SNV	0	1
ENSG00000100028	SNRPD3	GroupB_exclusive			TK12	SNV	0	1
ENSG00000246790	SORL1-AS1	GroupB_exclusive			TK13	SNV	0	1
ENSG00000171243	SOSTDC1	GroupB_exclusive			TK13	SNV	0	1
ENSG00000164736	SOX17	GroupB_exclusive			TK13	SNV	0	1
ENSG00000125285	SOX21	GroupB_exclusive			TK14	SNV	0	1
ENSG00000254376	SOX5P1	GroupB_exclusive			TK13	SNV	0	1
ENSG00000178287	SPAG11A	GroupB_exclusive			TK14	SNV	0	1
ENSG00000203923	SPANXN1	GroupB_exclusive			TK14	SNV	0	1
ENSG00000268988	SPANXN2	GroupB_exclusive			TK13	SNV	0	1
ENSG00000166118	SPATA19	GroupB_exclusive			TK14	SNV	0	1
ENSG00000275969	SPATA31A3	GroupB_exclusive			TK14	SNV	0	1
ENSG00000177910	SPATA31C2	GroupB_exclusive			TK13	SNV	0	1
ENSG00000177992	SPATA31E1	GroupB_exclusive			TK13	SNV	0	1
ENSG00000181323	SPEM1	GroupB_exclusive			TK13	SNV	0	1
ENSG00000184560	SPEM2	GroupB_exclusive			TK14	SNV	0	1
ENSG00000054796	SPO11	GroupB_exclusive			TK13	SNV	0	1
ENSG00000185294	SPPL2C	GroupB_exclusive			TK13	SNV	0	1
ENSG00000184148	SPRR4	GroupB_exclusive			TK13	SNV	0	1
ENSG00000164299	SPZ1	GroupB_exclusive			TK13	SNV	0	1
ENSG00000144867	SRPRB	GroupB_exclusive			TK13	SNV	0	1
ENSG00000102359	SRPX2	GroupB_exclusive			TK14	SNV	0	1
ENSG00000124193	SRSF6	GroupB_exclusive			TK14	SNV	0	1
ENSG00000165583	SSX5	GroupB_exclusive			TK13	SNV	0	1
ENSG00000227199	ST7-AS1	GroupB_exclusive			TK12	SNV	0	1
ENSG00000167323	STIM1	GroupB_exclusive			TK12	SNV	0	1
ENSG00000196335	STK31	GroupB_exclusive			TK13	SNV	0	1
ENSG00000133115	STOML3	GroupB_exclusive			TK13	SNV	0	1
ENSG00000101846	STS	GroupB_exclusive			TK13	SNV	0	1
ENSG00000261612	SUB1P3	GroupB_exclusive			TK14	INDEL	0	1
ENSG00000198829	SUCNR1	GroupB_exclusive			TK13	SNV	0	1
ENSG00000242968	SULT1D1P2	GroupB_exclusive			TK14	SNV	0	1
ENSG00000249031	SUMO2P6	GroupB_exclusive			TK12	INDEL	0	1
ENSG00000215127	SYT14P1	GroupB_exclusive			TK14	SNV	0	1
ENSG00000146378	TAAR2	GroupB_exclusive			TK13	SNV	0	1
ENSG00000237110	TAAR9	GroupB_exclusive			TK14	SNV	0	1
ENSG00000163377	TAFA4	GroupB_exclusive			TK13	SNV	0	1
ENSG00000253555	TARDBPP4	GroupB_exclusive			TK13	SNV	0	1
ENSG00000289746	TARP	GroupB_exclusive			TK13	SNV	0	1
ENSG00000179002	TAS1R2	GroupB_exclusive			TK13	SNV	0	1
ENSG00000128519	TAS2R16	GroupB_exclusive			TK14	SNV	0	1
ENSG00000147687	TATDN1	GroupB_exclusive			TK13	SNV	0	1
ENSG00000162065	TBC1D24	GroupB_exclusive			TK14	SNV	0	1
ENSG00000274419	TBC1D3D	GroupB_exclusive			TK12	SNV	0	1
ENSG00000274226	TBC1D3H	GroupB_exclusive			TK12	SNV	0	1
ENSG00000204471	TBC1D3P4	GroupB_exclusive			TK13	SNV	0	1
ENSG00000266433	TBC1D3P5	GroupB_exclusive			TK13	SNV	0	1
ENSG00000224966	TBC1D3P6	GroupB_exclusive			TK13	SNV	0	1
ENSG00000233014	TBC1D3P7	GroupB_exclusive			TK14	SNV	0	1
ENSG00000125878	TCF15	GroupB_exclusive			TK13	SNV	0	1
ENSG00000251525	TCP11X3P	GroupB_exclusive			TK14	SNV	0	1
ENSG00000248565	TECRP2	GroupB_exclusive			TK13	SNV	0	1
ENSG00000167014	TERB2	GroupB_exclusive			TK13	INDEL	0	1
ENSG00000249201	TERLR1	GroupB_exclusive			TK14	SNV	0	1
ENSG00000268629	TEX13A	GroupB_exclusive			TK14	SNV	0	1
ENSG00000282815	TEX13C	GroupB_exclusive			TK14	SNV	0	1
ENSG00000177673	TEX44	GroupB_exclusive			TK13	SNV	0	1
ENSG00000164645	TEX47	GroupB_exclusive			TK13	SNV	0	1
ENSG00000163424	TEX55	GroupB_exclusive			TK13	SNV	0	1
ENSG00000160182	TFF1	GroupB_exclusive			TK13	SNV	0	1
ENSG00000180176	TH	GroupB_exclusive			TK13	SNV	0	1
ENSG00000227882	THAP12P6	GroupB_exclusive			TK14	SNV	0	1
ENSG00000178726	THBD	GroupB_exclusive			TK13	SNV	0	1
ENSG00000250801	THOC3-AS1	GroupB_exclusive			TK14	SNV	0	1
ENSG00000251206	TILRLS	GroupB_exclusive			TK12	SNV	0	1
ENSG00000145850	TIMD4	GroupB_exclusive			TK12	SNV	0	1
ENSG00000260734	TLE7	GroupB_exclusive			TK13	SNV	0	1
ENSG00000213996	TM6SF2	GroupB_exclusive			TK13	SNV	0	1
ENSG00000232467	TMA16P2	GroupB_exclusive			TK13	SNV	0	1
ENSG00000244187	TMEM141	GroupB_exclusive			TK14	SNV	0	1
ENSG00000263429	TMEM238L	GroupB_exclusive			TK14	SNV	0	1
ENSG00000225376	TMEM246-AS1	GroupB_exclusive			TK12	SNV	0	1
ENSG00000196932	TMEM26	GroupB_exclusive			TK13	SNV	0	1
ENSG00000238026	TMEM38BP1	GroupB_exclusive			TK14	SNV	0	1
ENSG00000143001	TMEM61	GroupB_exclusive			TK12	SNV	0	1
ENSG00000253866	TMEM97P2	GroupB_exclusive			TK14	SNV	0	1
ENSG00000130598	TNNI2	GroupB_exclusive			TK13	SNV	0	1
ENSG00000129991	TNNI3	GroupB_exclusive			TK13	SNV	0	1
ENSG00000263935	TOMM20P3	GroupB_exclusive			TK14	SNV	0	1
ENSG00000078900	TP73	GroupB_exclusive			TK14	SNV	0	1
ENSG00000095917	TPSD1	GroupB_exclusive			TK13	SNV	0	1
ENSG00000234107	TPT1P1	GroupB_exclusive			TK14	SNV	0	1
ENSG00000211857	TRAJ32	GroupB_exclusive			TK13	SNV	0	1
ENSG00000211798	TRAV18	GroupB_exclusive			TK13	SNV	0	1
ENSG00000211803	TRAV23DV6	GroupB_exclusive			TK13	SNV	0	1
ENSG00000211809	TRAV27	GroupB_exclusive			TK14	SNV	0	1
ENSG00000258812	TRAV33	GroupB_exclusive			TK13	SNV	0	1
ENSG00000211814	TRAV35	GroupB_exclusive			TK13	SNV	0	1
ENSG00000211816	TRAV38-1	GroupB_exclusive			TK14	SNV	0	1
ENSG00000211790	TRAV8-4	GroupB_exclusive			TK13	SNV	0	1
ENSG00000211795	TRAV8-6	GroupB_exclusive			TK13	SNV	0	1
ENSG00000211808	TRAV8-7	GroupB_exclusive			TK14	SNV	0	1
ENSG00000211717	TRBV10-1	GroupB_exclusive			TK13	SNV	0	1
ENSG00000241657	TRBV11-2	GroupB_exclusive			TK13	SNV	0	1
ENSG00000211747	TRBV20-1	GroupB_exclusive			TK13	SNV	0	1
ENSG00000183938	TRBV21OR9-2	GroupB_exclusive			TK13	SNV	0	1
ENSG00000211745	TRBV4-2	GroupB_exclusive			TK14	SNV	0	1
ENSG00000211715	TRBV5-3	GroupB_exclusive			TK13	SNV	0	1
ENSG00000211725	TRBV5-5	GroupB_exclusive			TK14	SNV	0	1
ENSG00000249978	TRGV7	GroupB_exclusive			TK14	SNV	0	1
ENSG00000225992	TRGVA	GroupB_exclusive			TK12	SNV	0	1
ENSG00000255690	TRIL	GroupB_exclusive			TK13	SNV	0	1
ENSG00000204610	TRIM15	GroupB_exclusive			TK13	SNV	0	1
ENSG00000255190	TRIM51DP	GroupB_exclusive			TK14	SNV	0	1
ENSG00000219061	TRIM51FP	GroupB_exclusive			TK14	SNV	0	1
ENSG00000220948	TRIM51G	GroupB_exclusive			TK14	SNV	0	1
ENSG00000223709	TRIM64EP	GroupB_exclusive			TK14	SNV	0	1
ENSG00000254993	TRIM77BP	GroupB_exclusive			TK14	SNV	0	1
ENSG00000134200	TSHB	GroupB_exclusive			TK13	SNV	0	1
ENSG00000166402	TUB	GroupB_exclusive			TK14	SNV	0	1
ENSG00000259614	TUBAP12	GroupB_exclusive			TK13	SNV	0	1
ENSG00000253547	TUBAP7	GroupB_exclusive			TK13	SNV	0	1
ENSG00000216819	TUBB2BP1	GroupB_exclusive			TK13	SNV	0	1
ENSG00000255988	TUBB4BP1	GroupB_exclusive			TK13	SNV	0	1
ENSG00000217372	TUBB4BP7	GroupB_exclusive			TK13	SNV	0	1
ENSG00000237469	TUBB8P10	GroupB_exclusive			TK13	SNV	0	1
ENSG00000234711	TUBB8P11	GroupB_exclusive			TK14	SNV	0	1
ENSG00000250788	TUBB8P4	GroupB_exclusive			TK13	SNV	0	1
ENSG00000077498	TYR	GroupB_exclusive			TK13	SNV	0	1
ENSG00000107165	TYRP1	GroupB_exclusive			TK14	SNV	0	1
ENSG00000221496	U3	GroupB_exclusive			TK14	SNV	0	1
ENSG00000229547	UBE2DNL	GroupB_exclusive			TK14	SNV	0	1
ENSG00000275695	UBE2Q2P6	GroupB_exclusive			TK14	SNV	0	1
ENSG00000226255	UBE2V2P1	GroupB_exclusive			TK12	SNV	0	1
ENSG00000234422	UBE2WP1	GroupB_exclusive			TK14	INDEL	0	1
ENSG00000244653	UBFD1P1	GroupB_exclusive			TK14	SNV	0	1
ENSG00000235958	UBOX5-AS1	GroupB_exclusive			TK14	SNV	0	1
ENSG00000175520	UBQLN3	GroupB_exclusive			TK13	SNV	0	1
ENSG00000224082	UBTFL8	GroupB_exclusive			TK13	SNV	0	1
ENSG00000178473	UCN3	GroupB_exclusive			TK13	SNV	0	1
ENSG00000227846	UGT1A11P	GroupB_exclusive			TK13	SNV	0	1
ENSG00000244474	UGT1A4	GroupB_exclusive			TK13	SNV	0	1
ENSG00000109181	UGT2B10	GroupB_exclusive			TK14	SNV	0	1
ENSG00000213759	UGT2B11	GroupB_exclusive			TK14	SNV	0	1
ENSG00000249956	UGT2B24P	GroupB_exclusive			TK13	SNV	0	1
ENSG00000250919	UGT2B26P	GroupB_exclusive			TK14	SNV	0	1
ENSG00000251685	UGT2B27P	GroupB_exclusive			TK14	SNV	0	1
ENSG00000135226	UGT2B28	GroupB_exclusive			TK14	SNV	0	1
ENSG00000219545	UMAD1	GroupB_exclusive			TK14	SNV	0	1
ENSG00000169344	UMOD	GroupB_exclusive			TK13	SNV	0	1
ENSG00000141161	UNC45B	GroupB_exclusive			TK13	SNV	0	1
ENSG00000223721	UQCRFS1P2	GroupB_exclusive			TK13	SNV	0	1
ENSG00000134588	USP26	GroupB_exclusive			TK12	SNV	0	1
ENSG00000215037	VENTXP2	GroupB_exclusive			TK14	SNV	0	1
ENSG00000254105	VENTXP6	GroupB_exclusive			TK14	SNV	0	1
ENSG00000236380	VENTXP7	GroupB_exclusive			TK13	SNV	0	1
ENSG00000228567	VN1R4	GroupB_exclusive			TK13	SNV	0	1
ENSG00000197617	VN1R5	GroupB_exclusive			TK13	SNV	0	1
ENSG00000228038	VN1R51P	GroupB_exclusive			TK13	SNV	0	1
ENSG00000268117	VN1R84P	GroupB_exclusive			TK13	SNV	0	1
ENSG00000093134	VNN3P	GroupB_exclusive			TK14	SNV	0	1
ENSG00000240375	VPS26AP1	GroupB_exclusive			TK14	SNV	0	1
ENSG00000254581	VPS51P19	GroupB_exclusive			TK13	SNV	0	1
ENSG00000243284	VSIG8	GroupB_exclusive			TK13	SNV	0	1
ENSG00000179403	VWA1	GroupB_exclusive			TK14	SNV	0	1
ENSG00000225802	WARS1P1	GroupB_exclusive			TK13	SNV	0	1
ENSG00000229462	WDR4P2	GroupB_exclusive			TK13	SNV	0	1
ENSG00000241318	WDR82P2	GroupB_exclusive			TK13	SNV	0	1
ENSG00000180305	WFDC10A	GroupB_exclusive			TK13	SNV	0	1
ENSG00000143185	XCL2	GroupB_exclusive			TK13	SNV	0	1
ENSG00000124343	XG	GroupB_exclusive			TK14	SNV	0	1
ENSG00000260903	XKR7	GroupB_exclusive			TK14	SNV	0	1
ENSG00000237557	YWHABP1	GroupB_exclusive			TK13	SNV	0	1
ENSG00000177803	YWHAQP4	GroupB_exclusive			TK14	SNV	0	1
ENSG00000199490	Y_RNA	GroupB_exclusive			TK13	SNV	0	1
ENSG00000199866	Y_RNA	GroupB_exclusive			TK14	SNV	0	1
ENSG00000200847	Y_RNA	GroupB_exclusive			TK12	SNV	0	1
ENSG00000201800	Y_RNA	GroupB_exclusive			TK12	INDEL,SNV	0	1
ENSG00000202251	Y_RNA	GroupB_exclusive			TK13	SNV	0	1
ENSG00000172799	ZBTB8OSP2	GroupB_exclusive			TK14	SNV	0	1
ENSG00000224208	ZCRB1P1	GroupB_exclusive			TK12	INDEL,SNV	0	1
ENSG00000179059	ZFP42	GroupB_exclusive			TK13	SNV	0	1
ENSG00000214843	ZFYVE9P2	GroupB_exclusive			TK13	SNV	0	1
ENSG00000283443	ZNF285DP	GroupB_exclusive			TK14	SNV	0	1
ENSG00000075407	ZNF37A	GroupB_exclusive			TK14	SNV	0	1
ENSG00000223351	ZNF385D-AS2	GroupB_exclusive			TK13	SNV	0	1
ENSG00000197928	ZNF677	GroupB_exclusive			TK14	SNV	0	1
ENSG00000215372	ZNF705G	GroupB_exclusive			TK14	SNV	0	1
ENSG00000197990	ZNF734P	GroupB_exclusive			TK13	SNV	0	1
ENSG00000204514	ZNF814	GroupB_exclusive			TK13	SNV	0	1
ENSG00000197385	ZNF860	GroupB_exclusive			TK14	SNV	0	1
ENSG00000214581	ZNF971P	GroupB_exclusive			TK13	SNV	0	1
ENSG00000103310	ZP2	GroupB_exclusive			TK13	SNV	0	1
ENSG00000275120	ZSCAN2-AS1	GroupB_exclusive			TK12	SNV	0	1
ENSG00000197213	ZSCAN5B	GroupB_exclusive			TK13	SNV	0	1
ENSG00000163012	ZSWIM2	GroupB_exclusive			TK12	SNV	0	1
ENSG00000248958	ZSWIM5P3	GroupB_exclusive			TK13	SNV	0	1
