gene_id	gene_name	category	groupA_samples	groupA_vtypes	groupB_samples	groupB_vtypes	n_groupA_samples	n_groupB_samples
ENSG00000101444	AHCY	GroupA_exclusive	TK10,TK16,TK18,TK91,TK92,TK93	DEL			6	0
ENSG00000057663	ATG5	GroupA_exclusive	TK10,TK16,TK18,TK91,TK92,TK93	DEL			6	0
ENSG00000030110	BAK1	GroupA_exclusive	TK10,TK16,TK18,TK91,TK92,TK93	DEL			6	0
ENSG00000064666	CNN2	GroupA_exclusive	TK10,TK16,TK18,TK91,TK92,TK93	DEL			6	0
ENSG00000226477	ENSG00000226477	GroupA_exclusive	TK10,TK16,TK18,TK91,TK92,TK93	DEL			6	0
ENSG00000231392	ENSG00000231392	GroupA_exclusive	TK10,TK16,TK18,TK91,TK92,TK93	DEL			6	0
ENSG00000266049	ENSG00000266049	GroupA_exclusive	TK10,TK16,TK18,TK91,TK92,TK93	DEL			6	0
ENSG00000266936	ENSG00000266936	GroupA_exclusive	TK10,TK16,TK18,TK91,TK92,TK93	DEL			6	0
ENSG00000269919	ENSG00000269919	GroupA_exclusive	TK10,TK16,TK18,TK91,TK92,TK93	DEL			6	0
ENSG00000274381	ENSG00000274381	GroupA_exclusive	TK10,TK16,TK18,TK91,TK92,TK93	DEL			6	0
ENSG00000275772	ENSG00000275772	GroupA_exclusive	TK10,TK16,TK18,TK91,TK92,TK93	DEL			6	0
ENSG00000278643	ENSG00000278643	GroupA_exclusive	TK10,TK16,TK18,TK91,TK92,TK93	DEL			6	0
ENSG00000288861	ENSG00000288861	GroupA_exclusive	TK10,TK16,TK18,TK91,TK92,TK93	DEL			6	0
ENSG00000289120	ENSG00000289120	GroupA_exclusive	TK10,TK16,TK18,TK91,TK92,TK93	DEL			6	0
ENSG00000077235	GTF3C1	GroupA_exclusive	TK10,TK16,TK18,TK91,TK92,TK93	DEL			6	0
ENSG00000235298	HNRNPK-AS1	GroupA_exclusive	TK10,TK16,TK18,TK91,TK92,TK93	DEL			6	0
ENSG00000211678	IGLJ3	GroupA_exclusive	TK10,TK16,TK18,TK91,TK92,TK93	DEL			6	0
ENSG00000211668	IGLV2-11	GroupA_exclusive	TK10,TK16,TK18,TK91,TK92,TK93	DEL			6	0
ENSG00000211666	IGLV2-14	GroupA_exclusive	TK10,TK16,TK18,TK91,TK92,TK93	DEL			6	0
ENSG00000211664	IGLV2-18	GroupA_exclusive	TK10,TK16,TK18,TK91,TK92,TK93	DEL			6	0
ENSG00000278196	IGLV2-8	GroupA_exclusive	TK10,TK16,TK18,TK91,TK92,TK93	DEL			6	0
ENSG00000211669	IGLV3-10	GroupA_exclusive	TK10,TK16,TK18,TK91,TK92,TK93	DEL			6	0
ENSG00000211667	IGLV3-12	GroupA_exclusive	TK10,TK16,TK18,TK91,TK92,TK93	DEL			6	0
ENSG00000253590	IGLV3-13	GroupA_exclusive	TK10,TK16,TK18,TK91,TK92,TK93	DEL			6	0
ENSG00000253786	IGLV3-15	GroupA_exclusive	TK10,TK16,TK18,TK91,TK92,TK93	DEL			6	0
ENSG00000211665	IGLV3-16	GroupA_exclusive	TK10,TK16,TK18,TK91,TK92,TK93	DEL			6	0
ENSG00000253152	IGLV3-17	GroupA_exclusive	TK10,TK16,TK18,TK91,TK92,TK93	DEL			6	0
ENSG00000211670	IGLV3-9	GroupA_exclusive	TK10,TK16,TK18,TK91,TK92,TK93	DEL			6	0
ENSG00000116679	IVNS1ABP	GroupA_exclusive	TK10,TK16,TK18,TK91,TK92,TK93	DEL			6	0
ENSG00000182481	KPNA2	GroupA_exclusive	TK10,TK16,TK18,TK91,TK92,TK93	DEL			6	0
ENSG00000122188	LAX1	GroupA_exclusive	TK10,TK16,TK18,TK91,TK92,TK93	DEL			6	0
ENSG00000130164	LDLR	GroupA_exclusive	TK10,TK16,TK18,TK91,TK92,TK93	DEL			6	0
ENSG00000284049	MIR650	GroupA_exclusive	TK10,TK16,TK18,TK91,TK92,TK93	DEL			6	0
ENSG00000284553	MIR6886	GroupA_exclusive	TK10,TK16,TK18,TK91,TK92,TK93	DEL			6	0
ENSG00000099875	MKNK2	GroupA_exclusive	TK10,TK16,TK18,TK91,TK92,TK93	DEL			6	0
ENSG00000144815	NXPE3	GroupA_exclusive	TK10,TK16,TK18,TK91,TK92,TK93	DEL			6	0
ENSG00000142655	PEX14	GroupA_exclusive	TK10,TK16,TK18,TK91,TK92,TK93	DEL			6	0
ENSG00000143393	PI4KB	GroupA_exclusive	TK10,TK16,TK18,TK91,TK92,TK93	DEL			6	0
ENSG00000186141	POLR3C	GroupA_exclusive	TK10,TK16,TK18,TK91,TK92,TK93	DEL			6	0
ENSG00000253729	PRKDC	GroupA_exclusive	TK10,TK16,TK18,TK91,TK92,TK93	DEL			6	0
ENSG00000276757	RN7SL192P	GroupA_exclusive	TK10,TK16,TK18,TK91,TK92,TK93	DEL			6	0
ENSG00000031698	SARS1	GroupA_exclusive	TK10,TK16,TK18,TK91,TK92,TK93	DEL			6	0
ENSG00000017483	SLC38A5	GroupA_exclusive	TK10,TK16,TK18,TK91,TK92,TK93	DEL			6	0
ENSG00000144028	SNRNP200	GroupA_exclusive	TK10,TK16,TK18,TK91,TK92,TK93	DEL			6	0
ENSG00000161888	SPC24	GroupA_exclusive	TK10,TK16,TK18,TK91,TK92,TK93	DEL			6	0
ENSG00000142444	TIMM29	GroupA_exclusive	TK10,TK16,TK18,TK91,TK92,TK93	DEL			6	0
ENSG00000100219	XBP1	GroupA_exclusive	TK10,TK16,TK18,TK91,TK92,TK93	DEL			6	0
ENSG00000130733	YIPF2	GroupA_exclusive	TK10,TK16,TK18,TK91,TK92,TK93	DEL			6	0
ENSG00000234231	ANAPC1P4	GroupA_exclusive	TK10,TK16,TK91,TK92,TK93	DEL			5	0
ENSG00000138279	ANXA7	GroupA_exclusive	TK16,TK18,TK91,TK92,TK93	DEL			5	0
ENSG00000161203	AP2M1	GroupA_exclusive	TK16,TK18,TK91,TK92,TK93	DEL			5	0
ENSG00000128335	APOL2	GroupA_exclusive	TK10,TK16,TK91,TK92,TK93	DEL			5	0
ENSG00000224144	ASH2LP1	GroupA_exclusive	TK10,TK16,TK91,TK92,TK93	DEL			5	0
ENSG00000215456	BCRP4	GroupA_exclusive	TK10,TK16,TK91,TK92,TK93	DEL			5	0
ENSG00000166226	CCT2	GroupA_exclusive	TK10,TK16,TK18,TK92,TK93	DEL			5	0
ENSG00000117091	CD48	GroupA_exclusive	TK16,TK18,TK91,TK92,TK93	DEL			5	0
ENSG00000188603	CLN3	GroupA_exclusive	TK10,TK16,TK18,TK91,TK92	DEL			5	0
ENSG00000227684	CROCCP4	GroupA_exclusive	TK10,TK16,TK91,TK92,TK93	DEL			5	0
ENSG00000023892	DEF6	GroupA_exclusive	TK10,TK18,TK91,TK92,TK93	DEL			5	0
ENSG00000116133	DHCR24	GroupA_exclusive	TK10,TK18,TK91,TK92,TK93	DEL			5	0
ENSG00000285467	DHRS4L1	GroupA_exclusive	TK10,TK18,TK91,TK92,TK93	DEL			5	0
ENSG00000086061	DNAJA1	GroupA_exclusive	TK10,TK16,TK91,TK92,TK93	DEL			5	0
ENSG00000223643	ENSG00000223643	GroupA_exclusive	TK10,TK16,TK91,TK92,TK93	DEL			5	0
ENSG00000223999	ENSG00000223999	GroupA_exclusive	TK10,TK16,TK91,TK92,TK93	DEL			5	0
ENSG00000226595	ENSG00000226595	GroupA_exclusive	TK10,TK16,TK91,TK92,TK93	DEL			5	0
ENSG00000228549	ENSG00000228549	GroupA_exclusive	TK10,TK16,TK91,TK92,TK93	DEL			5	0
ENSG00000230821	ENSG00000230821	GroupA_exclusive	TK10,TK16,TK91,TK92,TK93	DEL			5	0
ENSG00000232350	ENSG00000232350	GroupA_exclusive	TK10,TK16,TK91,TK92,TK93	DEL			5	0
ENSG00000235241	ENSG00000235241	GroupA_exclusive	TK10,TK16,TK91,TK92,TK93	DEL			5	0
ENSG00000238142	ENSG00000238142	GroupA_exclusive	TK10,TK16,TK91,TK92,TK93	DEL			5	0
ENSG00000245156	ENSG00000245156	GroupA_exclusive	TK10,TK18,TK91,TK92,TK93	DEL			5	0
ENSG00000254701	ENSG00000254701	GroupA_exclusive	TK10,TK18,TK91,TK92,TK93	DEL			5	0
ENSG00000262974	ENSG00000262974	GroupA_exclusive	TK10,TK18,TK91,TK92,TK93	DEL			5	0
ENSG00000277647	ENSG00000277647	GroupA_exclusive	TK10,TK16,TK91,TK92,TK93	DEL			5	0
ENSG00000278667	ENSG00000278667	GroupA_exclusive	TK10,TK16,TK91,TK92,TK93	DEL			5	0
ENSG00000286149	ENSG00000286149	GroupA_exclusive	TK10,TK16,TK91,TK92,TK93	DEL			5	0
ENSG00000286941	ENSG00000286941	GroupA_exclusive	TK10,TK16,TK91,TK92,TK93	DEL			5	0
ENSG00000289695	ENSG00000289695	GroupA_exclusive	TK10,TK16,TK91,TK92,TK93	DEL			5	0
ENSG00000290851	ENSG00000290851	GroupA_exclusive	TK10,TK16,TK91,TK92,TK93	DEL			5	0
ENSG00000290990	ENSG00000290990	GroupA_exclusive	TK10,TK16,TK91,TK92,TK93	DEL			5	0
ENSG00000291270	ENSG00000291270	GroupA_exclusive	TK10,TK16,TK91,TK92,TK93	DEL			5	0
ENSG00000100121	GGTLC2	GroupA_exclusive	TK10,TK16,TK91,TK92,TK93	DEL			5	0
ENSG00000273756	GOLGA6L26	GroupA_exclusive	TK10,TK18,TK91,TK92,TK93	DEL			5	0
ENSG00000261739	GOLGA8S	GroupA_exclusive	TK10,TK18,TK91,TK92,TK93	DEL			5	0
ENSG00000030582	GRN	GroupA_exclusive	TK10,TK18,TK91,TK92,TK93	DEL			5	0
ENSG00000163754	GYG1	GroupA_exclusive	TK10,TK16,TK91,TK92,TK93	DEL			5	0
ENSG00000173706	HEG1	GroupA_exclusive	TK10,TK16,TK18,TK92,TK93	DEL			5	0
ENSG00000198265	HELZ	GroupA_exclusive	TK10,TK18,TK91,TK92,TK93	DEL			5	0
ENSG00000290912	HERC2P7	GroupA_exclusive	TK10,TK18,TK91,TK92,TK93	DEL			5	0
ENSG00000211679	IGLC3	GroupA_exclusive	TK16,TK18,TK91,TK92,TK93	DEL			5	0
ENSG00000211655	IGLV1-36	GroupA_exclusive	TK10,TK16,TK91,TK92,TK93	DEL			5	0
ENSG00000211653	IGLV1-40	GroupA_exclusive	TK10,TK16,TK91,TK92,TK93	DEL			5	0
ENSG00000253818	IGLV1-41	GroupA_exclusive	TK10,TK16,TK91,TK92,TK93	DEL			5	0
ENSG00000211651	IGLV1-44	GroupA_exclusive	TK10,TK16,TK91,TK92,TK93	DEL			5	0
ENSG00000211660	IGLV2-23	GroupA_exclusive	TK10,TK16,TK91,TK92,TK93	DEL			5	0
ENSG00000253451	IGLV2-28	GroupA_exclusive	TK10,TK16,TK91,TK92,TK93	DEL			5	0
ENSG00000211656	IGLV2-33	GroupA_exclusive	TK10,TK16,TK91,TK92,TK93	DEL			5	0
ENSG00000253120	IGLV2-34	GroupA_exclusive	TK10,TK16,TK91,TK92,TK93	DEL			5	0
ENSG00000211663	IGLV3-19	GroupA_exclusive	TK10,TK16,TK91,TK92,TK93	DEL			5	0
ENSG00000211662	IGLV3-21	GroupA_exclusive	TK10,TK16,TK91,TK92,TK93	DEL			5	0
ENSG00000211661	IGLV3-22	GroupA_exclusive	TK10,TK16,TK91,TK92,TK93	DEL			5	0
ENSG00000253822	IGLV3-24	GroupA_exclusive	TK10,TK16,TK91,TK92,TK93	DEL			5	0
ENSG00000211659	IGLV3-25	GroupA_exclusive	TK10,TK16,TK91,TK92,TK93	DEL			5	0
ENSG00000253913	IGLV3-26	GroupA_exclusive	TK10,TK16,TK91,TK92,TK93	DEL			5	0
ENSG00000211658	IGLV3-27	GroupA_exclusive	TK10,TK16,TK91,TK92,TK93	DEL			5	0
ENSG00000253338	IGLV3-29	GroupA_exclusive	TK10,TK16,TK91,TK92,TK93	DEL			5	0
ENSG00000253329	IGLV3-30	GroupA_exclusive	TK10,TK16,TK91,TK92,TK93	DEL			5	0
ENSG00000253920	IGLV3-31	GroupA_exclusive	TK10,TK16,TK91,TK92,TK93	DEL			5	0
ENSG00000211657	IGLV3-32	GroupA_exclusive	TK10,TK16,TK91,TK92,TK93	DEL			5	0
ENSG00000211654	IGLV5-37	GroupA_exclusive	TK10,TK16,TK91,TK92,TK93	DEL			5	0
ENSG00000253631	IGLV7-35	GroupA_exclusive	TK10,TK16,TK91,TK92,TK93	DEL			5	0
ENSG00000211652	IGLV7-43	GroupA_exclusive	TK10,TK16,TK91,TK92,TK93	DEL			5	0
ENSG00000254240	IGLVI-20	GroupA_exclusive	TK10,TK16,TK91,TK92,TK93	DEL			5	0
ENSG00000253889	IGLVI-38	GroupA_exclusive	TK10,TK16,TK91,TK92,TK93	DEL			5	0
ENSG00000254175	IGLVI-42	GroupA_exclusive	TK10,TK16,TK91,TK92,TK93	DEL			5	0
ENSG00000253546	IGLVVI-22-1	GroupA_exclusive	TK10,TK16,TK91,TK92,TK93	DEL			5	0
ENSG00000253779	IGLVVI-25-1	GroupA_exclusive	TK10,TK16,TK91,TK92,TK93	DEL			5	0
ENSG00000254073	IGLVVII-41-1	GroupA_exclusive	TK10,TK16,TK91,TK92,TK93	DEL			5	0
ENSG00000078596	ITM2A	GroupA_exclusive	TK10,TK16,TK91,TK92,TK93	DEL			5	0
ENSG00000220891	LL22NC03-63E9.3	GroupA_exclusive	TK10,TK16,TK91,TK92,TK93	DEL			5	0
ENSG00000104774	MAN2B1	GroupA_exclusive	TK10,TK16,TK91,TK92,TK93	DEL			5	0
ENSG00000263811	MIR3675	GroupA_exclusive	TK10,TK16,TK91,TK92,TK93	DEL			5	0
ENSG00000276311	MIR6511A3	GroupA_exclusive	TK10,TK16,TK18,TK91,TK92	DEL			5	0
ENSG00000275391	MIR6770-3	GroupA_exclusive	TK10,TK16,TK91,TK92,TK93	DEL			5	0
ENSG00000260399	MPHOSPH10P6	GroupA_exclusive	TK10,TK18,TK91,TK92,TK93	DEL			5	0
ENSG00000153029	MR1	GroupA_exclusive	TK10,TK16,TK91,TK92,TK93	DEL			5	0
ENSG00000186715	MST1L	GroupA_exclusive	TK10,TK16,TK91,TK92,TK93	DEL			5	0
ENSG00000158517	NCF1	GroupA_exclusive	TK10,TK16,TK91,TK92,TK93	DEL			5	0
ENSG00000188976	NOC2L	GroupA_exclusive	TK16,TK18,TK91,TK92,TK93	DEL			5	0
ENSG00000233024	NPIPA9	GroupA_exclusive	TK10,TK16,TK91,TK92,TK93	DEL			5	0
ENSG00000230239	PDE4DIPP9	GroupA_exclusive	TK10,TK16,TK91,TK92,TK93	DEL			5	0
ENSG00000261371	PECAM1	GroupA_exclusive	TK10,TK16,TK18,TK92,TK93	DEL			5	0
ENSG00000121680	PEX16	GroupA_exclusive	TK16,TK18,TK91,TK92,TK93	DEL			5	0
ENSG00000254681	PKD1P5	GroupA_exclusive	TK10,TK16,TK91,TK92,TK93	DEL			5	0
ENSG00000183169	POM121L1P	GroupA_exclusive	TK10,TK16,TK91,TK92,TK93	DEL			5	0
ENSG00000246334	PRR7-AS1	GroupA_exclusive	TK10,TK18,TK91,TK92,TK93	DEL			5	0
ENSG00000129084	PSMA1	GroupA_exclusive	TK10,TK16,TK18,TK91,TK92	DEL			5	0
ENSG00000130508	PXDN	GroupA_exclusive	TK10,TK18,TK91,TK92,TK93	DEL			5	0
ENSG00000179262	RAD23A	GroupA_exclusive	TK16,TK18,TK91,TK92,TK93	DEL			5	0
ENSG00000278222	RN7SL536P	GroupA_exclusive	TK10,TK18,TK91,TK92,TK93	DEL			5	0
ENSG00000146083	RNF44	GroupA_exclusive	TK10,TK16,TK18,TK92,TK93	DEL			5	0
ENSG00000277234	RNU1-5P	GroupA_exclusive	TK10,TK16,TK91,TK92,TK93	DEL			5	0
ENSG00000238365	RNU7-57P	GroupA_exclusive	TK10,TK16,TK18,TK92,TK93	DEL			5	0
ENSG00000240522	RPL7AP10	GroupA_exclusive	TK16,TK18,TK91,TK92,TK93	DEL			5	0
ENSG00000052749	RRP12	GroupA_exclusive	TK10,TK16,TK18,TK92,TK93	DEL			5	0
ENSG00000126461	SCAF1	GroupA_exclusive	TK16,TK18,TK91,TK92,TK93	DEL			5	0
ENSG00000111897	SERINC1	GroupA_exclusive	TK10,TK16,TK91,TK92,TK93	DEL			5	0
ENSG00000068323	TFE3	GroupA_exclusive	TK10,TK18,TK91,TK92,TK93	DEL			5	0
ENSG00000134970	TMED7	GroupA_exclusive	TK10,TK16,TK18,TK91,TK92	DEL			5	0
ENSG00000100038	TOP3B	GroupA_exclusive	TK16,TK18,TK91,TK92,TK93	DEL			5	0
ENSG00000169905	TOR1AIP2	GroupA_exclusive	TK10,TK18,TK91,TK92,TK93	DEL			5	0
ENSG00000268357	VN1R81P	GroupA_exclusive	TK16,TK18,TK91,TK92,TK93	DEL			5	0
ENSG00000084463	WBP11	GroupA_exclusive	TK16,TK18,TK91,TK92,TK93	DEL			5	0
ENSG00000169548	ZNF280A	GroupA_exclusive	TK10,TK16,TK91,TK92,TK93	DEL			5	0
ENSG00000275004	ZNF280B	GroupA_exclusive	TK10,TK16,TK91,TK92,TK93	DEL			5	0
ENSG00000196705	ZNF431	GroupA_exclusive	TK16,TK18,TK91,TK92,TK93	DEL			5	0
ENSG00000283291	5_8S_rRNA	GroupA_exclusive	TK10,TK91,TK92,TK93	DEL			4	0
ENSG00000273591	7SK	GroupA_exclusive	TK10,TK91,TK92,TK93	DEL			4	0
ENSG00000159346	ADIPOR1	GroupA_exclusive	TK10,TK91,TK92,TK93	DEL			4	0
ENSG00000282968	AGGF1P10	GroupA_exclusive	TK10,TK91,TK92,TK93	DEL			4	0
ENSG00000225724	ASH2LP3	GroupA_exclusive	TK16,TK91,TK92,TK93	DEL			4	0
ENSG00000206190	ATP10A	GroupA_exclusive	TK10,TK18,TK91,TK92	DEL			4	0
ENSG00000267189	ATP5MGP7	GroupA_exclusive	TK10,TK91,TK92,TK93	DEL			4	0
ENSG00000149541	B3GAT3	GroupA_exclusive	TK10,TK16,TK18,TK92	DEL			4	0
ENSG00000239521	CASTOR3P	GroupA_exclusive	TK10,TK91,TK92,TK93	DEL			4	0
ENSG00000205771	CATSPER2P1	GroupA_exclusive	TK10,TK91,TK92,TK93	DEL			4	0
ENSG00000291053	CATSPER2P1	GroupA_exclusive	TK10,TK91,TK92,TK93	DEL			4	0
ENSG00000112576	CCND3	GroupA_exclusive	TK10,TK16,TK18,TK93	DEL			4	0
ENSG00000175305	CCNE2	GroupA_exclusive	TK10,TK18,TK92,TK93	DEL			4	0
ENSG00000150753	CCT5	GroupA_exclusive	TK18,TK91,TK92,TK93	DEL			4	0
ENSG00000125726	CD70	GroupA_exclusive	TK16,TK91,TK92,TK93	DEL			4	0
ENSG00000283005	CDC27P3	GroupA_exclusive	TK10,TK91,TK92,TK93	DEL			4	0
ENSG00000282921	CFTRP2	GroupA_exclusive	TK10,TK91,TK92,TK93	DEL			4	0
ENSG00000223572	CKMT1A	GroupA_exclusive	TK10,TK91,TK92,TK93	DEL			4	0
ENSG00000088038	CNOT3	GroupA_exclusive	TK10,TK16,TK92,TK93	DEL			4	0
ENSG00000108582	CPD	GroupA_exclusive	TK18,TK91,TK92,TK93	DEL			4	0
ENSG00000124207	CSE1L	GroupA_exclusive	TK16,TK18,TK91,TK92	DEL			4	0
ENSG00000272887	CSPG4P5	GroupA_exclusive	TK10,TK91,TK92,TK93	DEL			4	0
ENSG00000164932	CTHRC1	GroupA_exclusive	TK10,TK18,TK92,TK93	DEL			4	0
ENSG00000187630	DHRS4L2	GroupA_exclusive	TK10,TK91,TK92,TK93	DEL			4	0
ENSG00000235370	DNM1P51	GroupA_exclusive	TK10,TK91,TK92,TK93	DEL			4	0
ENSG00000282935	DUX4L34	GroupA_exclusive	TK10,TK91,TK92,TK93	DEL			4	0
ENSG00000282911	DUX4L35	GroupA_exclusive	TK10,TK91,TK92,TK93	DEL			4	0
ENSG00000103319	EEF2K	GroupA_exclusive	TK16,TK91,TK92,TK93	DEL			4	0
ENSG00000173442	EHBP1L1	GroupA_exclusive	TK10,TK16,TK92,TK93	DEL			4	0
ENSG00000232515	ENSG00000232515	GroupA_exclusive	TK16,TK91,TK92,TK93	DEL			4	0
ENSG00000236498	ENSG00000236498	GroupA_exclusive	TK16,TK18,TK92,TK93	DEL			4	0
ENSG00000244676	ENSG00000244676	GroupA_exclusive	TK10,TK91,TK92,TK93	DEL			4	0
ENSG00000249839	ENSG00000249839	GroupA_exclusive	TK10,TK91,TK92,TK93	DEL			4	0
ENSG00000254539	ENSG00000254539	GroupA_exclusive	TK10,TK91,TK92,TK93	DEL			4	0
ENSG00000254910	ENSG00000254910	GroupA_exclusive	TK10,TK91,TK92,TK93	DEL			4	0
ENSG00000254913	ENSG00000254913	GroupA_exclusive	TK10,TK91,TK92,TK93	DEL			4	0
ENSG00000255148	ENSG00000255148	GroupA_exclusive	TK10,TK91,TK92,TK93	DEL			4	0
ENSG00000258581	ENSG00000258581	GroupA_exclusive	TK10,TK16,TK18,TK92	DEL			4	0
ENSG00000258964	ENSG00000258964	GroupA_exclusive	TK10,TK91,TK92,TK93	DEL			4	0
ENSG00000259202	ENSG00000259202	GroupA_exclusive	TK18,TK91,TK92,TK93	DEL			4	0
ENSG00000259570	ENSG00000259570	GroupA_exclusive	TK10,TK91,TK92,TK93	DEL			4	0
ENSG00000259683	ENSG00000259683	GroupA_exclusive	TK10,TK91,TK92,TK93	DEL			4	0
ENSG00000259774	ENSG00000259774	GroupA_exclusive	TK10,TK91,TK92,TK93	DEL			4	0
ENSG00000260261	ENSG00000260261	GroupA_exclusive	TK18,TK91,TK92,TK93	DEL			4	0
ENSG00000261266	ENSG00000261266	GroupA_exclusive	TK10,TK16,TK18,TK92	DEL			4	0
ENSG00000264207	ENSG00000264207	GroupA_exclusive	TK10,TK91,TK92,TK93	DEL			4	0
ENSG00000269191	ENSG00000269191	GroupA_exclusive	TK10,TK16,TK18,TK93	DEL			4	0
ENSG00000271546	ENSG00000271546	GroupA_exclusive	TK10,TK91,TK92,TK93	DEL			4	0
ENSG00000272755	ENSG00000272755	GroupA_exclusive	TK10,TK91,TK92,TK93	DEL			4	0
ENSG00000282143	ENSG00000282143	GroupA_exclusive	TK10,TK16,TK92,TK93	DEL			4	0
ENSG00000286168	ENSG00000286168	GroupA_exclusive	TK18,TK91,TK92,TK93	DEL			4	0
ENSG00000286185	ENSG00000286185	GroupA_exclusive	TK10,TK91,TK92,TK93	DEL			4	0
ENSG00000286598	ENSG00000286598	GroupA_exclusive	TK10,TK91,TK92,TK93	DEL			4	0
ENSG00000288681	ENSG00000288681	GroupA_exclusive	TK10,TK91,TK92,TK93	DEL			4	0
ENSG00000289642	ENSG00000289642	GroupA_exclusive	TK10,TK91,TK92,TK93	DEL			4	0
ENSG00000290689	ENSG00000290689	GroupA_exclusive	TK10,TK91,TK92,TK93	DEL			4	0
ENSG00000290690	ENSG00000290690	GroupA_exclusive	TK10,TK91,TK92,TK93	DEL			4	0
ENSG00000290791	ENSG00000290791	GroupA_exclusive	TK10,TK91,TK92,TK93	DEL			4	0
ENSG00000291178	ENSG00000291178	GroupA_exclusive	TK10,TK91,TK92,TK93	DEL			4	0
ENSG00000287889	FAM242B	GroupA_exclusive	TK10,TK91,TK92,TK93	DEL			4	0
ENSG00000179115	FARSA	GroupA_exclusive	TK16,TK91,TK92,TK93	DEL			4	0
ENSG00000068078	FGFR3	GroupA_exclusive	TK10,TK91,TK92,TK93	DEL			4	0
ENSG00000282995	FRG1EP	GroupA_exclusive	TK10,TK91,TK92,TK93	DEL			4	0
ENSG00000282842	FRG2EP	GroupA_exclusive	TK10,TK91,TK92,TK93	DEL			4	0
ENSG00000177628	GBA1	GroupA_exclusive	TK10,TK91,TK92,TK93	DEL			4	0
ENSG00000089154	GCN1	GroupA_exclusive	TK18,TK91,TK92,TK93	DEL			4	0
ENSG00000119392	GLE1	GroupA_exclusive	TK16,TK91,TK92,TK93	DEL			4	0
ENSG00000225151	GOLGA2P7	GroupA_exclusive	TK10,TK91,TK92,TK93	DEL			4	0
ENSG00000184206	GOLGA6L4	GroupA_exclusive	TK10,TK91,TK92,TK93	DEL			4	0
ENSG00000117262	GPR89A	GroupA_exclusive	TK10,TK91,TK92,TK93	DEL			4	0
ENSG00000145736	GTF2H2	GroupA_exclusive	TK16,TK91,TK92,TK93	DEL			4	0
ENSG00000253816	GUSBP14	GroupA_exclusive	TK10,TK18,TK91,TK92	DEL			4	0
ENSG00000275221	H2AC15	GroupA_exclusive	TK10,TK91,TK92,TK93	DEL			4	0
ENSG00000288825	H2AC18	GroupA_exclusive	TK10,TK91,TK92,TK93	DEL			4	0
ENSG00000288859	H2AC19	GroupA_exclusive	TK10,TK91,TK92,TK93	DEL			4	0
ENSG00000233822	H2BC15	GroupA_exclusive	TK10,TK91,TK92,TK93	DEL			4	0
ENSG00000220323	H2BC19P	GroupA_exclusive	TK10,TK91,TK92,TK93	DEL			4	0
ENSG00000184678	H2BC21	GroupA_exclusive	TK10,TK91,TK92,TK93	DEL			4	0
ENSG00000183598	H3C13	GroupA_exclusive	TK10,TK91,TK92,TK93	DEL			4	0
ENSG00000203811	H3C14	GroupA_exclusive	TK10,TK91,TK92,TK93	DEL			4	0
ENSG00000203852	H3C15	GroupA_exclusive	TK10,TK91,TK92,TK93	DEL			4	0
ENSG00000270882	H4C14	GroupA_exclusive	TK10,TK91,TK92,TK93	DEL			4	0
ENSG00000270276	H4C15	GroupA_exclusive	TK10,TK91,TK92,TK93	DEL			4	0
ENSG00000261418	HERC2P6	GroupA_exclusive	TK10,TK91,TK92,TK93	DEL			4	0
ENSG00000267132	HMGB3P27	GroupA_exclusive	TK10,TK91,TK92,TK93	DEL			4	0
ENSG00000113161	HMGCR	GroupA_exclusive	TK10,TK18,TK91,TK92	DEL			4	0
ENSG00000185885	IFITM1	GroupA_exclusive	TK10,TK91,TK92,TK93	DEL			4	0
ENSG00000211645	IGLV1-50	GroupA_exclusive	TK16,TK91,TK92,TK93	DEL			4	0
ENSG00000223350	IGLV9-49	GroupA_exclusive	TK16,TK91,TK92,TK93	DEL			4	0
ENSG00000153487	ING1	GroupA_exclusive	TK10,TK18,TK91,TK92	DEL			4	0
ENSG00000169592	INO80E	GroupA_exclusive	TK10,TK16,TK18,TK91	DEL			4	0
ENSG00000171105	INSR	GroupA_exclusive	TK18,TK91,TK92,TK93	DEL			4	0
ENSG00000063241	ISOC2	GroupA_exclusive	TK16,TK91,TK92,TK93	DEL			4	0
ENSG00000105639	JAK3	GroupA_exclusive	TK18,TK91,TK92,TK93	DEL			4	0
ENSG00000100097	LGALS1	GroupA_exclusive	TK18,TK91,TK92,TK93	DEL			4	0
ENSG00000131042	LILRB2	GroupA_exclusive	TK10,TK91,TK92,TK93	DEL			4	0
ENSG00000272462	LINC02980	GroupA_exclusive	TK18,TK91,TK92,TK93	DEL			4	0
ENSG00000102910	LONP2	GroupA_exclusive	TK10,TK16,TK18,TK92	DEL			4	0
ENSG00000099949	LZTR1	GroupA_exclusive	TK18,TK91,TK92,TK93	DEL			4	0
ENSG00000141644	MBD1	GroupA_exclusive	TK10,TK16,TK18,TK92	DEL			4	0
ENSG00000104738	MCM4	GroupA_exclusive	TK16,TK91,TK92,TK93	DEL			4	0
ENSG00000172081	MOB3A	GroupA_exclusive	TK16,TK91,TK92,TK93	DEL			4	0
ENSG00000124383	MPHOSPH10	GroupA_exclusive	TK18,TK91,TK92,TK93	DEL			4	0
ENSG00000186301	MST1P2	GroupA_exclusive	TK10,TK16,TK92,TK93	DEL			4	0
ENSG00000147649	MTDH	GroupA_exclusive	TK16,TK91,TK92,TK93	DEL			4	0
ENSG00000101181	MTG2	GroupA_exclusive	TK10,TK16,TK18,TK92	DEL			4	0
ENSG00000013364	MVP	GroupA_exclusive	TK10,TK91,TK92,TK93	DEL			4	0
ENSG00000278785	Metazoa_SRP	GroupA_exclusive	TK10,TK91,TK92,TK93	DEL			4	0
ENSG00000151779	NBAS	GroupA_exclusive	TK10,TK91,TK92,TK93	DEL			4	0
ENSG00000270629	NBPF14	GroupA_exclusive	TK10,TK91,TK92,TK93	DEL			4	0
ENSG00000271383	NBPF19	GroupA_exclusive	TK10,TK91,TK92,TK93	DEL			4	0
ENSG00000269713	NBPF9	GroupA_exclusive	TK10,TK91,TK92,TK93	DEL			4	0
ENSG00000183091	NEB	GroupA_exclusive	TK18,TK91,TK92,TK93	DEL			4	0
ENSG00000166197	NOLC1	GroupA_exclusive	TK16,TK18,TK92,TK93	DEL			4	0
ENSG00000286219	NOTCH2NLC	GroupA_exclusive	TK10,TK91,TK92,TK93	DEL			4	0
ENSG00000122643	NT5C3A	GroupA_exclusive	TK18,TK91,TK92,TK93	DEL			4	0
ENSG00000177144	NUDT4B	GroupA_exclusive	TK10,TK91,TK92,TK93	DEL			4	0
ENSG00000137497	NUMA1	GroupA_exclusive	TK18,TK91,TK92,TK93	DEL			4	0
ENSG00000178104	PDE4DIP	GroupA_exclusive	TK10,TK91,TK92,TK93	DEL			4	0
ENSG00000224677	PDIA3P2	GroupA_exclusive	TK10,TK91,TK92,TK93	DEL			4	0
ENSG00000131779	PEX11B	GroupA_exclusive	TK10,TK91,TK92,TK93	DEL			4	0
ENSG00000178921	PFAS	GroupA_exclusive	TK10,TK91,TK92,TK93	DEL			4	0
ENSG00000142657	PGD	GroupA_exclusive	TK10,TK18,TK92,TK93	DEL			4	0
ENSG00000105229	PIAS4	GroupA_exclusive	TK10,TK18,TK92,TK93	DEL			4	0
ENSG00000124155	PIGT	GroupA_exclusive	TK16,TK91,TK92,TK93	DEL			4	0
ENSG00000166851	PLK1	GroupA_exclusive	TK10,TK16,TK18,TK92	DEL			4	0
ENSG00000181222	POLR2A	GroupA_exclusive	TK10,TK91,TK92,TK93	DEL			4	0
ENSG00000231443	PPP4R2P2	GroupA_exclusive	TK18,TK91,TK92,TK93	DEL			4	0
ENSG00000231464	PPP4R2P3	GroupA_exclusive	TK18,TK91,TK92,TK93	DEL			4	0
ENSG00000213413	PVRIG	GroupA_exclusive	TK10,TK91,TK92,TK93	DEL			4	0
ENSG00000153201	RANBP2	GroupA_exclusive	TK18,TK91,TK92,TK93	DEL			4	0
ENSG00000283123	RARRES2P11	GroupA_exclusive	TK10,TK91,TK92,TK93	DEL			4	0
ENSG00000125826	RBCK1	GroupA_exclusive	TK16,TK91,TK92,TK93	DEL			4	0
ENSG00000168214	RBPJ	GroupA_exclusive	TK10,TK16,TK18,TK92	DEL			4	0
ENSG00000129667	RHBDF2	GroupA_exclusive	TK10,TK18,TK91,TK92	DEL			4	0
ENSG00000252656	RN7SKP88	GroupA_exclusive	TK10,TK91,TK92,TK93	DEL			4	0
ENSG00000278422	RN7SL331P	GroupA_exclusive	TK10,TK91,TK92,TK93	DEL			4	0
ENSG00000244056	RN7SL417P	GroupA_exclusive	TK10,TK91,TK92,TK93	DEL			4	0
ENSG00000283433	RNA5SP532	GroupA_exclusive	TK10,TK91,TK92,TK93	DEL			4	0
ENSG00000023191	RNH1	GroupA_exclusive	TK18,TK91,TK92,TK93	DEL			4	0
ENSG00000207005	RNU1-2	GroupA_exclusive	TK10,TK16,TK92,TK93	DEL			4	0
ENSG00000207513	RNU1-3	GroupA_exclusive	TK10,TK16,TK92,TK93	DEL			4	0
ENSG00000222788	RNU2-38P	GroupA_exclusive	TK10,TK91,TK92,TK93	DEL			4	0
ENSG00000252515	RNU6-1171P	GroupA_exclusive	TK10,TK91,TK92,TK93	DEL			4	0
ENSG00000201136	RNU6-353P	GroupA_exclusive	TK10,TK91,TK92,TK93	DEL			4	0
ENSG00000206589	RNU6-354P	GroupA_exclusive	TK10,TK91,TK92,TK93	DEL			4	0
ENSG00000174444	RPL4	GroupA_exclusive	TK16,TK91,TK92,TK93	DEL			4	0
ENSG00000169432	SCN9A	GroupA_exclusive	TK18,TK91,TK92,TK93	DEL			4	0
ENSG00000142186	SCYL1	GroupA_exclusive	TK10,TK16,TK18,TK93	DEL			4	0
ENSG00000185485	SDHAP1	GroupA_exclusive	TK18,TK91,TK92,TK93	DEL			4	0
ENSG00000290763	SDHAP1	GroupA_exclusive	TK18,TK91,TK92,TK93	DEL			4	0
ENSG00000274423	SEC22B2P	GroupA_exclusive	TK10,TK91,TK92,TK93	DEL			4	0
ENSG00000275140	SEC22B3P	GroupA_exclusive	TK10,TK91,TK92,TK93	DEL			4	0
ENSG00000168137	SETD5	GroupA_exclusive	TK10,TK91,TK92,TK93	DEL			4	0
ENSG00000181830	SLC35C1	GroupA_exclusive	TK10,TK16,TK91,TK93	DEL			4	0
ENSG00000134294	SLC38A2	GroupA_exclusive	TK18,TK91,TK92,TK93	DEL			4	0
ENSG00000166949	SMAD3	GroupA_exclusive	TK18,TK91,TK92,TK93	DEL			4	0
ENSG00000275127	SNORD116-22	GroupA_exclusive	TK16,TK91,TK92,TK93	DEL			4	0
ENSG00000231587	SNORD62B	GroupA_exclusive	TK18,TK91,TK92,TK93	DEL			4	0
ENSG00000104549	SQLE	GroupA_exclusive	TK16,TK18,TK92,TK93	DEL			4	0
ENSG00000136840	ST6GALNAC4	GroupA_exclusive	TK10,TK18,TK91,TK92	DEL			4	0
ENSG00000242294	STAG3L5P	GroupA_exclusive	TK10,TK91,TK92,TK93	DEL			4	0
ENSG00000290682	STAG3L5P	GroupA_exclusive	TK10,TK91,TK92,TK93	DEL			4	0
ENSG00000272752	STAG3L5P-PVRIG2P-PILRB	GroupA_exclusive	TK10,TK91,TK92,TK93	DEL			4	0
ENSG00000166763	STRCP1	GroupA_exclusive	TK10,TK91,TK92,TK93	DEL			4	0
ENSG00000290691	STRCP1	GroupA_exclusive	TK10,TK91,TK92,TK93	DEL			4	0
ENSG00000196628	TCF4	GroupA_exclusive	TK10,TK16,TK18,TK91	DEL			4	0
ENSG00000100109	TFIP11	GroupA_exclusive	TK10,TK16,TK18,TK91	DEL			4	0
ENSG00000151923	TIAL1	GroupA_exclusive	TK16,TK91,TK92,TK93	DEL			4	0
ENSG00000149476	TKFC	GroupA_exclusive	TK10,TK16,TK18,TK92	DEL			4	0
ENSG00000109133	TMEM33	GroupA_exclusive	TK16,TK18,TK91,TK92	DEL			4	0
ENSG00000176142	TMEM39A	GroupA_exclusive	TK10,TK16,TK91,TK93	DEL			4	0
ENSG00000163900	TMEM41A	GroupA_exclusive	TK16,TK91,TK92,TK93	DEL			4	0
ENSG00000136205	TNS3	GroupA_exclusive	TK18,TK91,TK92,TK93	DEL			4	0
ENSG00000136827	TOR1A	GroupA_exclusive	TK10,TK16,TK91,TK92	DEL			4	0
ENSG00000211697	TRGV5	GroupA_exclusive	TK18,TK91,TK92,TK93	DEL			4	0
ENSG00000112343	TRIM38	GroupA_exclusive	TK16,TK91,TK92,TK93	DEL			4	0
ENSG00000125733	TRIP10	GroupA_exclusive	TK10,TK16,TK91,TK92	DEL			4	0
ENSG00000037042	TUBG2	GroupA_exclusive	TK10,TK91,TK92,TK93	DEL			4	0
ENSG00000259538	UBE2Q2P11	GroupA_exclusive	TK10,TK91,TK92,TK93	DEL			4	0
ENSG00000259633	UBE2Q2P8	GroupA_exclusive	TK10,TK91,TK92,TK93	DEL			4	0
ENSG00000215218	UBE2QL1	GroupA_exclusive	TK18,TK91,TK92,TK93	DEL			4	0
ENSG00000110344	UBE4A	GroupA_exclusive	TK18,TK91,TK92,TK93	DEL			4	0
ENSG00000120800	UTP20	GroupA_exclusive	TK18,TK91,TK92,TK93	DEL			4	0
ENSG00000154978	VOPP1	GroupA_exclusive	TK16,TK91,TK92,TK93	DEL			4	0
ENSG00000198554	WDHD1	GroupA_exclusive	TK18,TK91,TK92,TK93	DEL			4	0
ENSG00000178252	WDR6	GroupA_exclusive	TK16,TK18,TK91,TK92	DEL			4	0
ENSG00000169180	XPO6	GroupA_exclusive	TK16,TK91,TK92,TK93	DEL			4	0
ENSG00000184575	XPOT	GroupA_exclusive	TK16,TK91,TK92,TK93	DEL			4	0
ENSG00000201913	Y_RNA	GroupA_exclusive	TK10,TK91,TK92,TK93	DEL			4	0
ENSG00000283592	Y_RNA	GroupA_exclusive	TK10,TK91,TK92,TK93	DEL			4	0
ENSG00000156853	ZNF689	GroupA_exclusive	TK10,TK91,TK92,TK93	DEL			4	0
ENSG00000275933	7SK	GroupA_exclusive	TK91,TK92,TK93	DEL			3	0
ENSG00000261524	ABCB10P3	GroupA_exclusive	TK10,TK91,TK92	DEL			3	0
ENSG00000260053	ABCB10P4	GroupA_exclusive	TK10,TK91,TK92	DEL			3	0
ENSG00000144827	ABHD10	GroupA_exclusive	TK16,TK18,TK92	DEL			3	0
ENSG00000129968	ABHD17A	GroupA_exclusive	TK91,TK92,TK93	DEL			3	0
ENSG00000198658	ABHD17AP1	GroupA_exclusive	TK91,TK92,TK93	DEL			3	0
ENSG00000263366	ABHD17AP5	GroupA_exclusive	TK91,TK92,TK93	DEL			3	0
ENSG00000072778	ACADVL	GroupA_exclusive	TK91,TK92,TK93	DEL			3	0
ENSG00000072818	ACAP1	GroupA_exclusive	TK91,TK92,TK93	DEL			3	0
ENSG00000110455	ACCS	GroupA_exclusive	TK10,TK16,TK18	DEL			3	0
ENSG00000205126	ACCSL	GroupA_exclusive	TK10,TK16,TK18	DEL			3	0
ENSG00000184227	ACOT1	GroupA_exclusive	TK91,TK92,TK93	DEL			3	0
ENSG00000119673	ACOT2	GroupA_exclusive	TK91,TK92,TK93	DEL			3	0
ENSG00000229890	ACTP1	GroupA_exclusive	TK91,TK92,TK93	DEL			3	0
ENSG00000049192	ADAMTS6	GroupA_exclusive	TK91,TK92,TK93	DEL			3	0
ENSG00000164742	ADCY1	GroupA_exclusive	TK10,TK91,TK92	DEL			3	0
ENSG00000197894	ADH5	GroupA_exclusive	TK10,TK16,TK18	DEL			3	0
ENSG00000038002	AGA	GroupA_exclusive	TK18,TK91,TK92	DEL			3	0
ENSG00000265018	AGAP12P	GroupA_exclusive	TK91,TK92,TK93	DEL			3	0
ENSG00000290898	AGAP12P	GroupA_exclusive	TK91,TK92,TK93	DEL			3	0
ENSG00000243289	AGAP13P	GroupA_exclusive	TK91,TK92,TK93	DEL			3	0
ENSG00000279058	AGAP14P	GroupA_exclusive	TK91,TK92,TK93	DEL			3	0
ENSG00000204172	AGAP9	GroupA_exclusive	TK91,TK92,TK93	DEL			3	0
ENSG00000183773	AIFM3	GroupA_exclusive	TK18,TK91,TK92	DEL			3	0
ENSG00000105127	AKAP8	GroupA_exclusive	TK10,TK16,TK18	DEL			3	0
ENSG00000023330	ALAS1	GroupA_exclusive	TK10,TK91,TK92	DEL			3	0
ENSG00000249889	ALG1L11P	GroupA_exclusive	TK91,TK92,TK93	DEL			3	0
ENSG00000250794	ALG1L12P	GroupA_exclusive	TK91,TK92,TK93	DEL			3	0
ENSG00000250268	ALG1L14P	GroupA_exclusive	TK91,TK92,TK93	DEL			3	0
ENSG00000166199	ALKBH3	GroupA_exclusive	TK10,TK16,TK18	DEL			3	0
ENSG00000196704	AMZ2	GroupA_exclusive	TK91,TK92,TK93	DEL			3	0
ENSG00000290972	ANKRD20A5P	GroupA_exclusive	TK91,TK92,TK93	DEL			3	0
ENSG00000163126	ANKRD23	GroupA_exclusive	TK91,TK92,TK93	DEL			3	0
ENSG00000237636	ANKRD26P3	GroupA_exclusive	TK91,TK92,TK93	DEL			3	0
ENSG00000272031	ANKRD34A	GroupA_exclusive	TK91,TK92,TK93	DEL			3	0
ENSG00000198483	ANKRD35	GroupA_exclusive	TK91,TK92,TK93	DEL			3	0
ENSG00000135976	ANKRD36	GroupA_exclusive	TK91,TK92,TK93	DEL			3	0
ENSG00000177721	ANXA2R	GroupA_exclusive	TK91,TK92,TK93	DEL			3	0
ENSG00000215068	ANXA2R-AS1	GroupA_exclusive	TK91,TK92,TK93	DEL			3	0
ENSG00000177738	ANXA2R-OT1	GroupA_exclusive	TK91,TK92,TK93	DEL			3	0
ENSG00000264230	ANXA8L1	GroupA_exclusive	TK91,TK92,TK93	DEL			3	0
ENSG00000100280	AP1B1	GroupA_exclusive	TK91,TK92,TK93	DEL			3	0
ENSG00000106367	AP1S1	GroupA_exclusive	TK10,TK16,TK18	DEL			3	0
ENSG00000243811	APOBEC3D	GroupA_exclusive	TK91,TK92,TK93	DEL			3	0
ENSG00000128394	APOBEC3F	GroupA_exclusive	TK91,TK92,TK93	DEL			3	0
ENSG00000128284	APOL3	GroupA_exclusive	TK91,TK92,TK93	DEL			3	0
ENSG00000100336	APOL4	GroupA_exclusive	TK91,TK92,TK93	DEL			3	0
ENSG00000078061	ARAF	GroupA_exclusive	TK91,TK92,TK93	DEL			3	0
ENSG00000285077	ARHGAP11B	GroupA_exclusive	TK91,TK92,TK93	DEL			3	0
ENSG00000247728	ARHGAP11B-DT	GroupA_exclusive	TK91,TK92,TK93	DEL			3	0
ENSG00000267472	ARHGAP27P2	GroupA_exclusive	TK91,TK92,TK93	DEL			3	0
ENSG00000180448	ARHGAP45	GroupA_exclusive	TK10,TK16,TK91	DEL			3	0
ENSG00000116584	ARHGEF2	GroupA_exclusive	TK91,TK92,TK93	DEL			3	0
ENSG00000116017	ARID3A	GroupA_exclusive	TK91,TK92,TK93	DEL			3	0
ENSG00000179361	ARID3B	GroupA_exclusive	TK91,TK92,TK93	DEL			3	0
ENSG00000054267	ARID4B	GroupA_exclusive	TK10,TK16,TK18	DEL			3	0
ENSG00000152219	ARL14EP	GroupA_exclusive	TK10,TK16,TK18	DEL			3	0
ENSG00000170540	ARL6IP1	GroupA_exclusive	TK10,TK16,TK18	DEL			3	0
ENSG00000213338	ATF4P1	GroupA_exclusive	TK91,TK92,TK93	DEL			3	0
ENSG00000115307	AUP1	GroupA_exclusive	TK91,TK92,TK93	DEL			3	0
ENSG00000178999	AURKB	GroupA_exclusive	TK91,TK92,TK93	DEL			3	0
ENSG00000105146	AURKC	GroupA_exclusive	TK91,TK92,TK93	DEL			3	0
ENSG00000112309	B3GAT2	GroupA_exclusive	TK91,TK92,TK93	DEL			3	0
ENSG00000117411	B4GALT2	GroupA_exclusive	TK10,TK18,TK91	DEL			3	0
ENSG00000158850	B4GALT3	GroupA_exclusive	TK91,TK92,TK93	DEL			3	0
ENSG00000027847	B4GALT7	GroupA_exclusive	TK91,TK92,TK93	DEL			3	0
ENSG00000258771	BCAR1P2	GroupA_exclusive	TK91,TK92,TK93	DEL			3	0
ENSG00000169668	BCRP2	GroupA_exclusive	TK18,TK91,TK92	DEL			3	0
ENSG00000235062	BCRP5	GroupA_exclusive	TK18,TK91,TK92	DEL			3	0
ENSG00000126581	BECN1	GroupA_exclusive	TK10,TK16,TK18	DEL			3	0
ENSG00000236323	BMP6P1	GroupA_exclusive	TK91,TK92,TK93	DEL			3	0
ENSG00000165733	BMS1	GroupA_exclusive	TK16,TK91,TK92	DEL			3	0
ENSG00000204177	BMS1P1	GroupA_exclusive	TK91,TK92,TK93	DEL			3	0
ENSG00000291069	BMS1P1	GroupA_exclusive	TK91,TK92,TK93	DEL			3	0
ENSG00000225883	BMS1P11	GroupA_exclusive	TK91,TK92,TK93	DEL			3	0
ENSG00000224599	BMS1P12	GroupA_exclusive	TK91,TK92,TK93	DEL			3	0
ENSG00000276500	BMS1P14	GroupA_exclusive	TK91,TK92,TK93	DEL			3	0
ENSG00000258684	BMS1P16	GroupA_exclusive	TK91,TK92,TK93	DEL			3	0
ENSG00000251079	BMS1P2	GroupA_exclusive	TK91,TK92,TK93	DEL			3	0
ENSG00000272779	BMS1P20	GroupA_exclusive	TK91,TK92,TK93	DEL			3	0
ENSG00000270025	BMS1P7	GroupA_exclusive	TK91,TK92,TK93	DEL			3	0
ENSG00000271225	BNIP3P4	GroupA_exclusive	TK91,TK92,TK93	DEL			3	0
ENSG00000028310	BRD9	GroupA_exclusive	TK91,TK92,TK93	DEL			3	0
ENSG00000130303	BST2	GroupA_exclusive	TK91,TK92,TK93	DEL			3	0
ENSG00000137707	BTG4	GroupA_exclusive	TK91,TK92,TK93	DEL			3	0
ENSG00000112763	BTN2A1	GroupA_exclusive	TK91,TK92,TK93	DEL			3	0
ENSG00000124508	BTN2A2	GroupA_exclusive	TK91,TK92,TK93	DEL			3	0
ENSG00000124549	BTN2A3P	GroupA_exclusive	TK91,TK92,TK93	DEL			3	0
ENSG00000291104	BTN2A3P	GroupA_exclusive	TK91,TK92,TK93	DEL			3	0
ENSG00000026950	BTN3A1	GroupA_exclusive	TK91,TK92,TK93	DEL			3	0
ENSG00000186470	BTN3A2	GroupA_exclusive	TK91,TK92,TK93	DEL			3	0
ENSG00000111801	BTN3A3	GroupA_exclusive	TK91,TK92,TK93	DEL			3	0
ENSG00000154473	BUB3	GroupA_exclusive	TK91,TK92,TK93	DEL			3	0
ENSG00000187479	C11orf96	GroupA_exclusive	TK10,TK16,TK18	DEL			3	0
ENSG00000189227	C15orf61	GroupA_exclusive	TK16,TK18,TK93	DEL			3	0
ENSG00000186665	C17orf58	GroupA_exclusive	TK91,TK92,TK93	DEL			3	0
ENSG00000205208	C4orf46	GroupA_exclusive	TK91,TK92,TK93	DEL			3	0
ENSG00000186312	CA5BP1	GroupA_exclusive	TK91,TK92,TK93	DEL			3	0
ENSG00000290746	CA5BP1	GroupA_exclusive	TK91,TK92,TK93	DEL			3	0
ENSG00000084774	CAD	GroupA_exclusive	TK10,TK18,TK92	DEL			3	0
ENSG00000012822	CALCOCO1	GroupA_exclusive	TK91,TK92,TK93	DEL			3	0
ENSG00000143933	CALM2	GroupA_exclusive	TK91,TK92,TK93	DEL			3	0
ENSG00000215482	CALM2P3	GroupA_exclusive	TK91,TK92,TK93	DEL			3	0
ENSG00000179218	CALR	GroupA_exclusive	TK91,TK92,TK93	DEL			3	0
ENSG00000127022	CANX	GroupA_exclusive	TK91,TK92,TK93	DEL			3	0
ENSG00000131236	CAP1	GroupA_exclusive	TK18,TK92,TK93	DEL			3	0
ENSG00000077549	CAPZB	GroupA_exclusive	TK91,TK92,TK93	DEL			3	0
ENSG00000153048	CARHSP1	GroupA_exclusive	TK10,TK16,TK18	DEL			3	0
ENSG00000196954	CASP4	GroupA_exclusive	TK91,TK92,TK93	DEL			3	0
ENSG00000137757	CASP5	GroupA_exclusive	TK91,TK92,TK93	DEL			3	0
ENSG00000166762	CATSPER2	GroupA_exclusive	TK91,TK92,TK93	DEL			3	0
ENSG00000183741	CBX6	GroupA_exclusive	TK10,TK16,TK18	DEL			3	0
ENSG00000204659	CBY3	GroupA_exclusive	TK91,TK92,TK93	DEL			3	0
ENSG00000104983	CCDC61	GroupA_exclusive	TK10,TK16,TK18	DEL			3	0
ENSG00000277632	CCL3	GroupA_exclusive	TK91,TK92,TK93	DEL			3	0
ENSG00000275302	CCL4	GroupA_exclusive	TK91,TK92,TK93	DEL			3	0
ENSG00000145386	CCNA2	GroupA_exclusive	TK91,TK92,TK93	DEL			3	0
ENSG00000113328	CCNG1	GroupA_exclusive	TK91,TK92,TK93	DEL			3	0
ENSG00000231184	CCNQP3	GroupA_exclusive	TK91,TK92,TK93	DEL			3	0
ENSG00000103540	CCP110	GroupA_exclusive	TK91,TK92,TK93	DEL			3	0
ENSG00000146731	CCT6A	GroupA_exclusive	TK10,TK16,TK18	DEL			3	0
ENSG00000117281	CD160	GroupA_exclusive	TK91,TK92,TK93	DEL			3	0
ENSG00000103855	CD276	GroupA_exclusive	TK91,TK92,TK93	DEL			3	0
ENSG00000004468	CD38	GroupA_exclusive	TK16,TK92,TK93	DEL			3	0
ENSG00000244703	CD46P1	GroupA_exclusive	TK91,TK92,TK93	DEL			3	0
ENSG00000085063	CD59	GroupA_exclusive	TK91,TK92,TK93	DEL			3	0
ENSG00000261089	CDC37P2	GroupA_exclusive	TK16,TK91,TK92	DEL			3	0
ENSG00000226289	CDCA4P3	GroupA_exclusive	TK91,TK92,TK93	DEL			3	0
ENSG00000117266	CDK18	GroupA_exclusive	TK10,TK16,TK93	DEL			3	0
ENSG00000145835	CDKN2AIPNLP2	GroupA_exclusive	TK91,TK92,TK93	DEL			3	0
ENSG00000279414	CDRT15P9	GroupA_exclusive	TK91,TK92,TK93	DEL			3	0
ENSG00000233671	CENPNP1	GroupA_exclusive	TK91,TK92,TK93	DEL			3	0
ENSG00000138092	CENPO	GroupA_exclusive	TK18,TK91,TK92	DEL			3	0
ENSG00000167123	CERCAM	GroupA_exclusive	TK18,TK91,TK92	DEL			3	0
ENSG00000172831	CES2	GroupA_exclusive	TK91,TK92,TK93	DEL			3	0
ENSG00000244414	CFHR1	GroupA_exclusive	TK91,TK92,TK93	DEL			3	0
ENSG00000116785	CFHR3	GroupA_exclusive	TK91,TK92,TK93	DEL			3	0
ENSG00000134365	CFHR4	GroupA_exclusive	TK91,TK92,TK93	DEL			3	0
ENSG00000250479	CHCHD10	GroupA_exclusive	TK91,TK92,TK93	DEL			3	0
ENSG00000124177	CHD6	GroupA_exclusive	TK16,TK91,TK92	DEL			3	0
ENSG00000131165	CHMP1A	GroupA_exclusive	TK10,TK16,TK91	DEL			3	0
ENSG00000187446	CHP1	GroupA_exclusive	TK91,TK92,TK93	DEL			3	0
ENSG00000103245	CIAO3	GroupA_exclusive	TK10,TK16,TK18	DEL			3	0
ENSG00000157021	CIBAR1P1	GroupA_exclusive	TK91,TK92,TK93	DEL			3	0
ENSG00000277253	CICP28	GroupA_exclusive	TK91,TK92,TK93	DEL			3	0
ENSG00000229376	CICP3	GroupA_exclusive	TK91,TK92,TK93	DEL			3	0
ENSG00000186162	CIDECP1	GroupA_exclusive	TK91,TK92,TK93	DEL			3	0
ENSG00000175216	CKAP5	GroupA_exclusive	TK18,TK91,TK92	DEL			3	0
ENSG00000237289	CKMT1B	GroupA_exclusive	TK91,TK92,TK93	DEL			3	0
ENSG00000013441	CLK1	GroupA_exclusive	TK91,TK92,TK93	DEL			3	0
ENSG00000139182	CLSTN3	GroupA_exclusive	TK10,TK18,TK93	DEL			3	0
ENSG00000111726	CMAS	GroupA_exclusive	TK10,TK16,TK18	DEL			3	0
ENSG00000125107	CNOT1	GroupA_exclusive	TK10,TK16,TK18	DEL			3	0
ENSG00000173786	CNP	GroupA_exclusive	TK10,TK16,TK18	DEL			3	0
ENSG00000170037	CNTROB	GroupA_exclusive	TK10,TK91,TK93	DEL			3	0
ENSG00000103051	COG4	GroupA_exclusive	TK10,TK18,TK91	DEL			3	0
ENSG00000119723	COQ6	GroupA_exclusive	TK10,TK16,TK18	DEL			3	0
ENSG00000006016	CRLF1	GroupA_exclusive	TK91,TK92,TK93	DEL			3	0
ENSG00000058453	CROCC	GroupA_exclusive	TK10,TK16,TK91	DEL			3	0
ENSG00000291072	CROCCP2	GroupA_exclusive	TK91,TK92,TK93	DEL			3	0
ENSG00000198930	CSAG1	GroupA_exclusive	TK91,TK92,TK93	DEL			3	0
ENSG00000268902	CSAG2	GroupA_exclusive	TK91,TK92,TK93	DEL			3	0
ENSG00000290868	CSAG4	GroupA_exclusive	TK91,TK92,TK93	DEL			3	0
ENSG00000259726	CSPG4P11	GroupA_exclusive	TK91,TK92,TK93	DEL			3	0
ENSG00000101138	CSTF1	GroupA_exclusive	TK18,TK91,TK92	DEL			3	0
ENSG00000184033	CTAG1B	GroupA_exclusive	TK91,TK92,TK93	DEL			3	0
ENSG00000126890	CTAG2	GroupA_exclusive	TK91,TK92,TK93	DEL			3	0
ENSG00000280330	CTBP2P10	GroupA_exclusive	TK91,TK92,TK93	DEL			3	0
ENSG00000178971	CTC1	GroupA_exclusive	TK91,TK92,TK93	DEL			3	0
ENSG00000175826	CTDNEP1	GroupA_exclusive	TK91,TK92,TK93	DEL			3	0
ENSG00000174080	CTSF	GroupA_exclusive	TK91,TK92,TK93	DEL			3	0
ENSG00000266217	CTSLP2	GroupA_exclusive	TK91,TK92,TK93	DEL			3	0
ENSG00000290874	CTSLP2	GroupA_exclusive	TK91,TK92,TK93	DEL			3	0
ENSG00000280913	CTSLP3	GroupA_exclusive	TK91,TK92,TK93	DEL			3	0
ENSG00000232901	CYCSP10	GroupA_exclusive	TK91,TK92,TK93	DEL			3	0
ENSG00000223625	CYCSP32	GroupA_exclusive	TK91,TK92,TK93	DEL			3	0
ENSG00000235700	CYCSP52	GroupA_exclusive	TK91,TK92,TK93	DEL			3	0
ENSG00000231852	CYP21A2	GroupA_exclusive	TK10,TK91,TK92	DEL			3	0
ENSG00000100197	CYP2D6	GroupA_exclusive	TK91,TK92,TK93	DEL			3	0
ENSG00000205702	CYP2D7	GroupA_exclusive	TK91,TK92,TK93	DEL			3	0
ENSG00000222041	CYTOR	GroupA_exclusive	TK91,TK92,TK93	DEL			3	0
ENSG00000117593	DARS2	GroupA_exclusive	TK10,TK16,TK92	DEL			3	0
ENSG00000183283	DAZAP2	GroupA_exclusive	TK91,TK92,TK93	DEL			3	0
ENSG00000271097	DBF4P3	GroupA_exclusive	TK91,TK92,TK93	DEL			3	0
ENSG00000163257	DCAF16	GroupA_exclusive	TK16,TK18,TK91	DEL			3	0
ENSG00000215301	DDX3X	GroupA_exclusive	TK91,TK92,TK93	DEL			3	0
ENSG00000108654	DDX5	GroupA_exclusive	TK91,TK92,TK93	DEL			3	0
ENSG00000254623	DEFB108E	GroupA_exclusive	TK91,TK92,TK93	DEL			3	0
ENSG00000188438	DEFB108F	GroupA_exclusive	TK91,TK92,TK93	DEL			3	0
ENSG00000242296	DEFB109A	GroupA_exclusive	TK91,TK92,TK93	DEL			3	0
ENSG00000232948	DEFB130A	GroupA_exclusive	TK91,TK92,TK93	DEL			3	0
ENSG00000232773	DEFB130D	GroupA_exclusive	TK91,TK92,TK93	DEL			3	0
ENSG00000186146	DEFB131A	GroupA_exclusive	TK91,TK92,TK93	DEL			3	0
ENSG00000237215	DEFB131D	GroupA_exclusive	TK91,TK92,TK93	DEL			3	0
ENSG00000174485	DENND4A	GroupA_exclusive	TK91,TK92,TK93	DEL			3	0
ENSG00000198837	DENND4B	GroupA_exclusive	TK91,TK92,TK93	DEL			3	0
ENSG00000099958	DERL3	GroupA_exclusive	TK91,TK92,TK93	DEL			3	0
ENSG00000225766	DHRS4L1	GroupA_exclusive	TK91,TK92,TK93	DEL			3	0
ENSG00000204560	DHX16	GroupA_exclusive	TK16,TK18,TK93	DEL			3	0
ENSG00000270814	DMAC1P1	GroupA_exclusive	TK91,TK92,TK93	DEL			3	0
ENSG00000069345	DNAJA2	GroupA_exclusive	TK18,TK91,TK93	DEL			3	0
ENSG00000110011	DNAJC4	GroupA_exclusive	TK91,TK92,TK93	DEL			3	0
ENSG00000133884	DPF2	GroupA_exclusive	TK18,TK92,TK93	DEL			3	0
ENSG00000157851	DPYSL5	GroupA_exclusive	TK91,TK92,TK93	DEL			3	0
ENSG00000186704	DTX2P1	GroupA_exclusive	TK91,TK92,TK93	DEL			3	0
ENSG00000265479	DTX2P1-UPK3BP1-PMS2P11	GroupA_exclusive	TK91,TK92,TK93	DEL			3	0
ENSG00000164086	DUSP7	GroupA_exclusive	TK91,TK92,TK93	DEL			3	0
ENSG00000215065	DUSP8P1	GroupA_exclusive	TK91,TK92,TK93	DEL			3	0
ENSG00000283020	DUX4L37	GroupA_exclusive	TK91,TK92,TK93	DEL			3	0
ENSG00000004975	DVL2	GroupA_exclusive	TK10,TK18,TK91	DEL			3	0
ENSG00000205250	E2F4	GroupA_exclusive	TK91,TK92,TK93	DEL			3	0
ENSG00000224688	E2F6P2	GroupA_exclusive	TK18,TK91,TK92	DEL			3	0
ENSG00000226885	E2F6P3	GroupA_exclusive	TK18,TK91,TK92	DEL			3	0
ENSG00000129173	E2F8	GroupA_exclusive	TK18,TK92,TK93	DEL			3	0
ENSG00000103356	EARS2	GroupA_exclusive	TK10,TK16,TK18	DEL			3	0
ENSG00000127884	ECHS1	GroupA_exclusive	TK16,TK91,TK92	DEL			3	0
ENSG00000167969	ECI1	GroupA_exclusive	TK91,TK92,TK93	DEL			3	0
ENSG00000261663	ECI1-AS1	GroupA_exclusive	TK91,TK92,TK93	DEL			3	0
ENSG00000186676	EEF1GP1	GroupA_exclusive	TK91,TK92,TK93	DEL			3	0
ENSG00000167658	EEF2	GroupA_exclusive	TK91,TK92,TK93	DEL			3	0
ENSG00000172771	EFCAB12	GroupA_exclusive	TK91,TK92,TK93	DEL			3	0
ENSG00000173812	EIF1	GroupA_exclusive	TK91,TK92,TK93	DEL			3	0
ENSG00000205609	EIF3CL	GroupA_exclusive	TK16,TK91,TK92	DEL			3	0
ENSG00000110321	EIF4G2	GroupA_exclusive	TK91,TK92,TK93	DEL			3	0
ENSG00000234678	ELF3-AS1	GroupA_exclusive	TK10,TK92,TK93	DEL			3	0
ENSG00000170291	ELP5	GroupA_exclusive	TK16,TK18,TK91	DEL			3	0
ENSG00000180385	EMC3-AS1	GroupA_exclusive	TK91,TK92,TK93	DEL			3	0
ENSG00000128463	EMC4	GroupA_exclusive	TK91,TK92,TK93	DEL			3	0
ENSG00000108515	ENO3	GroupA_exclusive	TK91,TK92,TK93	DEL			3	0
ENSG00000250942	ENPP7P11	GroupA_exclusive	TK91,TK92,TK93	DEL			3	0
ENSG00000254527	ENPP7P12	GroupA_exclusive	TK91,TK92,TK93	DEL			3	0
ENSG00000111780	ENSG00000111780	GroupA_exclusive	TK91,TK92,TK93	DEL			3	0
ENSG00000173867	ENSG00000173867	GroupA_exclusive	TK10,TK16,TK18	DEL			3	0
ENSG00000188223	ENSG00000188223	GroupA_exclusive	TK91,TK92,TK93	DEL			3	0
ENSG00000197210	ENSG00000197210	GroupA_exclusive	TK18,TK91,TK92	DEL			3	0
ENSG00000197550	ENSG00000197550	GroupA_exclusive	TK91,TK92,TK93	DEL			3	0
ENSG00000197665	ENSG00000197665	GroupA_exclusive	TK91,TK92,TK93	DEL			3	0
ENSG00000200620	ENSG00000200620	GroupA_exclusive	TK91,TK92,TK93	DEL			3	0
ENSG00000204745	ENSG00000204745	GroupA_exclusive	TK91,TK92,TK93	DEL			3	0
ENSG00000206567	ENSG00000206567	GroupA_exclusive	TK91,TK92,TK93	DEL			3	0
ENSG00000212371	ENSG00000212371	GroupA_exclusive	TK10,TK16,TK18	DEL			3	0
ENSG00000213067	ENSG00000213067	GroupA_exclusive	TK91,TK92,TK93	DEL			3	0
ENSG00000213650	ENSG00000213650	GroupA_exclusive	TK91,TK92,TK93	DEL			3	0
ENSG00000214243	ENSG00000214243	GroupA_exclusive	TK91,TK92,TK93	DEL			3	0
ENSG00000215097	ENSG00000215097	GroupA_exclusive	TK91,TK92,TK93	DEL			3	0
ENSG00000215795	ENSG00000215795	GroupA_exclusive	TK91,TK92,TK93	DEL			3	0
ENSG00000216359	ENSG00000216359	GroupA_exclusive	TK91,TK92,TK93	DEL			3	0
ENSG00000216781	ENSG00000216781	GroupA_exclusive	TK91,TK92,TK93	DEL			3	0
ENSG00000217275	ENSG00000217275	GroupA_exclusive	TK91,TK92,TK93	DEL			3	0
ENSG00000218521	ENSG00000218521	GroupA_exclusive	TK91,TK92,TK93	DEL			3	0
ENSG00000219384	ENSG00000219384	GroupA_exclusive	TK91,TK92,TK93	DEL			3	0
ENSG00000219492	ENSG00000219492	GroupA_exclusive	TK91,TK92,TK93	DEL			3	0
ENSG00000223599	ENSG00000223599	GroupA_exclusive	TK10,TK16,TK93	DEL			3	0
ENSG00000223602	ENSG00000223602	GroupA_exclusive	TK91,TK92,TK93	DEL			3	0
ENSG00000223740	ENSG00000223740	GroupA_exclusive	TK91,TK92,TK93	DEL			3	0
ENSG00000224014	ENSG00000224014	GroupA_exclusive	TK91,TK92,TK93	DEL			3	0
ENSG00000224174	ENSG00000224174	GroupA_exclusive	TK91,TK92,TK93	DEL			3	0
ENSG00000224335	ENSG00000224335	GroupA_exclusive	TK91,TK92,TK93	DEL			3	0
ENSG00000224370	ENSG00000224370	GroupA_exclusive	TK91,TK92,TK93	DEL			3	0
ENSG00000224481	ENSG00000224481	GroupA_exclusive	TK91,TK92,TK93	DEL			3	0
ENSG00000224486	ENSG00000224486	GroupA_exclusive	TK91,TK92,TK93	DEL			3	0
ENSG00000224881	ENSG00000224881	GroupA_exclusive	TK91,TK92,TK93	DEL			3	0
ENSG00000224919	ENSG00000224919	GroupA_exclusive	TK91,TK92,TK93	DEL			3	0
ENSG00000225488	ENSG00000225488	GroupA_exclusive	TK91,TK92,TK93	DEL			3	0
ENSG00000225703	ENSG00000225703	GroupA_exclusive	TK91,TK92,TK93	DEL			3	0
ENSG00000225741	ENSG00000225741	GroupA_exclusive	TK91,TK92,TK93	DEL			3	0
ENSG00000225871	ENSG00000225871	GroupA_exclusive	TK91,TK92,TK93	DEL			3	0
ENSG00000226310	ENSG00000226310	GroupA_exclusive	TK91,TK92,TK93	DEL			3	0
ENSG00000226767	ENSG00000226767	GroupA_exclusive	TK91,TK92,TK93	DEL			3	0
ENSG00000226824	ENSG00000226824	GroupA_exclusive	TK91,TK92,TK93	DEL			3	0
ENSG00000226872	ENSG00000226872	GroupA_exclusive	TK18,TK91,TK92	DEL			3	0
ENSG00000227270	ENSG00000227270	GroupA_exclusive	TK91,TK92,TK93	DEL			3	0
ENSG00000227370	ENSG00000227370	GroupA_exclusive	TK91,TK92,TK93	DEL			3	0
ENSG00000227417	ENSG00000227417	GroupA_exclusive	TK91,TK92,TK93	DEL			3	0
ENSG00000227700	ENSG00000227700	GroupA_exclusive	TK91,TK92,TK93	DEL			3	0
ENSG00000227710	ENSG00000227710	GroupA_exclusive	TK91,TK92,TK93	DEL			3	0
ENSG00000227733	ENSG00000227733	GroupA_exclusive	TK91,TK92,TK93	DEL			3	0
ENSG00000228157	ENSG00000228157	GroupA_exclusive	TK91,TK92,TK93	DEL			3	0
ENSG00000228161	ENSG00000228161	GroupA_exclusive	TK91,TK92,TK93	DEL			3	0
ENSG00000228303	ENSG00000228303	GroupA_exclusive	TK91,TK92,TK93	DEL			3	0
ENSG00000228463	ENSG00000228463	GroupA_exclusive	TK91,TK92,TK93	DEL			3	0
ENSG00000228478	ENSG00000228478	GroupA_exclusive	TK91,TK92,TK93	DEL			3	0
ENSG00000228626	ENSG00000228626	GroupA_exclusive	TK91,TK92,TK93	DEL			3	0
ENSG00000228982	ENSG00000228982	GroupA_exclusive	TK91,TK92,TK93	DEL			3	0
ENSG00000229064	ENSG00000229064	GroupA_exclusive	TK91,TK92,TK93	DEL			3	0
ENSG00000229178	ENSG00000229178	GroupA_exclusive	TK91,TK92,TK93	DEL			3	0
ENSG00000229227	ENSG00000229227	GroupA_exclusive	TK91,TK92,TK93	DEL			3	0
ENSG00000229791	ENSG00000229791	GroupA_exclusive	TK91,TK92,TK93	DEL			3	0
ENSG00000230021	ENSG00000230021	GroupA_exclusive	TK91,TK92,TK93	DEL			3	0
ENSG00000230197	ENSG00000230197	GroupA_exclusive	TK91,TK92,TK93	DEL			3	0
ENSG00000230305	ENSG00000230305	GroupA_exclusive	TK91,TK92,TK93	DEL			3	0
ENSG00000230386	ENSG00000230386	GroupA_exclusive	TK91,TK92,TK93	DEL			3	0
ENSG00000231183	ENSG00000231183	GroupA_exclusive	TK91,TK92,TK93	DEL			3	0
ENSG00000232710	ENSG00000232710	GroupA_exclusive	TK91,TK92,TK93	DEL			3	0
ENSG00000232906	ENSG00000232906	GroupA_exclusive	TK91,TK92,TK93	DEL			3	0
ENSG00000232944	ENSG00000232944	GroupA_exclusive	TK91,TK92,TK93	DEL			3	0
ENSG00000233144	ENSG00000233144	GroupA_exclusive	TK91,TK92,TK93	DEL			3	0
ENSG00000233242	ENSG00000233242	GroupA_exclusive	TK91,TK92,TK93	DEL			3	0
ENSG00000233288	ENSG00000233288	GroupA_exclusive	TK91,TK92,TK93	DEL			3	0
ENSG00000233494	ENSG00000233494	GroupA_exclusive	TK91,TK92,TK93	DEL			3	0
ENSG00000233720	ENSG00000233720	GroupA_exclusive	TK91,TK92,TK93	DEL			3	0
ENSG00000233870	ENSG00000233870	GroupA_exclusive	TK91,TK92,TK93	DEL			3	0
ENSG00000233902	ENSG00000233902	GroupA_exclusive	TK91,TK92,TK93	DEL			3	0
ENSG00000234503	ENSG00000234503	GroupA_exclusive	TK18,TK91,TK92	DEL			3	0
ENSG00000234630	ENSG00000234630	GroupA_exclusive	TK91,TK92,TK93	DEL			3	0
ENSG00000234716	ENSG00000234716	GroupA_exclusive	TK91,TK92,TK93	DEL			3	0
ENSG00000234726	ENSG00000234726	GroupA_exclusive	TK91,TK92,TK93	DEL			3	0
ENSG00000235146	ENSG00000235146	GroupA_exclusive	TK91,TK92,TK93	DEL			3	0
ENSG00000235421	ENSG00000235421	GroupA_exclusive	TK91,TK92,TK93	DEL			3	0
ENSG00000235932	ENSG00000235932	GroupA_exclusive	TK91,TK92,TK93	DEL			3	0
ENSG00000235972	ENSG00000235972	GroupA_exclusive	TK91,TK92,TK93	DEL			3	0
ENSG00000235988	ENSG00000235988	GroupA_exclusive	TK91,TK92,TK93	DEL			3	0
ENSG00000236118	ENSG00000236118	GroupA_exclusive	TK91,TK92,TK93	DEL			3	0
ENSG00000236327	ENSG00000236327	GroupA_exclusive	TK10,TK16,TK93	DEL			3	0
ENSG00000236775	ENSG00000236775	GroupA_exclusive	TK91,TK92,TK93	DEL			3	0
ENSG00000237026	ENSG00000237026	GroupA_exclusive	TK91,TK92,TK93	DEL			3	0
ENSG00000237161	ENSG00000237161	GroupA_exclusive	TK91,TK92,TK93	DEL			3	0
ENSG00000237268	ENSG00000237268	GroupA_exclusive	TK91,TK92,TK93	DEL			3	0
ENSG00000237655	ENSG00000237655	GroupA_exclusive	TK91,TK92,TK93	DEL			3	0
ENSG00000237685	ENSG00000237685	GroupA_exclusive	TK91,TK92,TK93	DEL			3	0
ENSG00000237961	ENSG00000237961	GroupA_exclusive	TK91,TK92,TK93	DEL			3	0
ENSG00000238124	ENSG00000238124	GroupA_exclusive	TK91,TK92,TK93	DEL			3	0
ENSG00000239791	ENSG00000239791	GroupA_exclusive	TK91,TK92,TK93	DEL			3	0
ENSG00000240296	ENSG00000240296	GroupA_exclusive	TK91,TK92,TK93	DEL			3	0
ENSG00000241069	ENSG00000241069	GroupA_exclusive	TK91,TK92,TK93	DEL			3	0
ENSG00000241434	ENSG00000241434	GroupA_exclusive	TK91,TK92,TK93	DEL			3	0
ENSG00000242034	ENSG00000242034	GroupA_exclusive	TK91,TK92,TK93	DEL			3	0
ENSG00000242073	ENSG00000242073	GroupA_exclusive	TK91,TK92,TK93	DEL			3	0
ENSG00000243613	ENSG00000243613	GroupA_exclusive	TK16,TK91,TK92	DEL			3	0
ENSG00000244619	ENSG00000244619	GroupA_exclusive	TK91,TK92,TK93	DEL			3	0
ENSG00000244953	ENSG00000244953	GroupA_exclusive	TK10,TK16,TK18	DEL			3	0
ENSG00000246250	ENSG00000246250	GroupA_exclusive	TK10,TK16,TK18	DEL			3	0
ENSG00000247765	ENSG00000247765	GroupA_exclusive	TK91,TK92,TK93	DEL			3	0
ENSG00000248015	ENSG00000248015	GroupA_exclusive	TK10,TK16,TK18	DEL			3	0
ENSG00000248288	ENSG00000248288	GroupA_exclusive	TK91,TK92,TK93	DEL			3	0
ENSG00000248406	ENSG00000248406	GroupA_exclusive	TK91,TK92,TK93	DEL			3	0
ENSG00000248560	ENSG00000248560	GroupA_exclusive	TK91,TK92,TK93	DEL			3	0
ENSG00000248583	ENSG00000248583	GroupA_exclusive	TK91,TK92,TK93	DEL			3	0
ENSG00000248911	ENSG00000248911	GroupA_exclusive	TK91,TK92,TK93	DEL			3	0
ENSG00000249333	ENSG00000249333	GroupA_exclusive	TK91,TK92,TK93	DEL			3	0
ENSG00000250470	ENSG00000250470	GroupA_exclusive	TK91,TK92,TK93	DEL			3	0
ENSG00000250494	ENSG00000250494	GroupA_exclusive	TK91,TK92,TK93	DEL			3	0
ENSG00000250592	ENSG00000250592	GroupA_exclusive	TK10,TK91,TK92	DEL			3	0
ENSG00000250778	ENSG00000250778	GroupA_exclusive	TK91,TK92,TK93	DEL			3	0
ENSG00000251131	ENSG00000251131	GroupA_exclusive	TK91,TK92,TK93	DEL			3	0
ENSG00000251293	ENSG00000251293	GroupA_exclusive	TK91,TK92,TK93	DEL			3	0
ENSG00000251417	ENSG00000251417	GroupA_exclusive	TK91,TK92,TK93	DEL			3	0
ENSG00000251520	ENSG00000251520	GroupA_exclusive	TK91,TK92,TK93	DEL			3	0
ENSG00000253102	ENSG00000253102	GroupA_exclusive	TK10,TK16,TK18	DEL			3	0
ENSG00000253369	ENSG00000253369	GroupA_exclusive	TK91,TK92,TK93	DEL			3	0
ENSG00000254409	ENSG00000254409	GroupA_exclusive	TK10,TK16,TK18	DEL			3	0
ENSG00000254423	ENSG00000254423	GroupA_exclusive	TK91,TK92,TK93	DEL			3	0
ENSG00000254687	ENSG00000254687	GroupA_exclusive	TK91,TK92,TK93	DEL			3	0
ENSG00000254692	ENSG00000254692	GroupA_exclusive	TK91,TK92,TK93	DEL			3	0
ENSG00000254929	ENSG00000254929	GroupA_exclusive	TK91,TK92,TK93	DEL			3	0
ENSG00000254980	ENSG00000254980	GroupA_exclusive	TK91,TK92,TK93	DEL			3	0
ENSG00000255093	ENSG00000255093	GroupA_exclusive	TK91,TK92,TK93	DEL			3	0
ENSG00000255122	ENSG00000255122	GroupA_exclusive	TK91,TK92,TK93	DEL			3	0
ENSG00000255158	ENSG00000255158	GroupA_exclusive	TK10,TK16,TK91	DEL			3	0
ENSG00000255165	ENSG00000255165	GroupA_exclusive	TK10,TK16,TK18	DEL			3	0
ENSG00000255428	ENSG00000255428	GroupA_exclusive	TK91,TK92,TK93	DEL			3	0
ENSG00000255495	ENSG00000255495	GroupA_exclusive	TK91,TK92,TK93	DEL			3	0
ENSG00000255513	ENSG00000255513	GroupA_exclusive	TK91,TK92,TK93	DEL			3	0
ENSG00000255556	ENSG00000255556	GroupA_exclusive	TK91,TK92,TK93	DEL			3	0
ENSG00000256100	ENSG00000256100	GroupA_exclusive	TK91,TK92,TK93	DEL			3	0
ENSG00000256325	ENSG00000256325	GroupA_exclusive	TK91,TK92,TK93	DEL			3	0
ENSG00000257012	ENSG00000257012	GroupA_exclusive	TK91,TK92,TK93	DEL			3	0
ENSG00000257224	ENSG00000257224	GroupA_exclusive	TK91,TK92,TK93	DEL			3	0
ENSG00000257553	ENSG00000257553	GroupA_exclusive	TK91,TK92,TK93	DEL			3	0
ENSG00000257635	ENSG00000257635	GroupA_exclusive	TK91,TK92,TK93	DEL			3	0
ENSG00000258199	ENSG00000258199	GroupA_exclusive	TK10,TK16,TK18	DEL			3	0
ENSG00000258317	ENSG00000258317	GroupA_exclusive	TK91,TK92,TK93	DEL			3	0
ENSG00000258424	ENSG00000258424	GroupA_exclusive	TK10,TK16,TK18	DEL			3	0
ENSG00000258603	ENSG00000258603	GroupA_exclusive	TK91,TK92,TK93	DEL			3	0
ENSG00000258632	ENSG00000258632	GroupA_exclusive	TK10,TK16,TK18	DEL			3	0
ENSG00000258908	ENSG00000258908	GroupA_exclusive	TK91,TK92,TK93	DEL			3	0
ENSG00000258959	ENSG00000258959	GroupA_exclusive	TK16,TK92,TK93	DEL			3	0
ENSG00000259025	ENSG00000259025	GroupA_exclusive	TK91,TK92,TK93	DEL			3	0
ENSG00000259052	ENSG00000259052	GroupA_exclusive	TK91,TK92,TK93	DEL			3	0
ENSG00000259132	ENSG00000259132	GroupA_exclusive	TK10,TK16,TK18	DEL			3	0
ENSG00000259214	ENSG00000259214	GroupA_exclusive	TK91,TK92,TK93	DEL			3	0
ENSG00000259371	ENSG00000259371	GroupA_exclusive	TK91,TK92,TK93	DEL			3	0
ENSG00000259383	ENSG00000259383	GroupA_exclusive	TK91,TK92,TK93	DEL			3	0
ENSG00000259421	ENSG00000259421	GroupA_exclusive	TK91,TK92,TK93	DEL			3	0
ENSG00000259443	ENSG00000259443	GroupA_exclusive	TK91,TK92,TK93	DEL			3	0
ENSG00000259694	ENSG00000259694	GroupA_exclusive	TK91,TK92,TK93	DEL			3	0
ENSG00000259865	ENSG00000259865	GroupA_exclusive	TK91,TK92,TK93	DEL			3	0
ENSG00000259892	ENSG00000259892	GroupA_exclusive	TK91,TK92,TK93	DEL			3	0
ENSG00000260095	ENSG00000260095	GroupA_exclusive	TK91,TK92,TK93	DEL			3	0
ENSG00000260111	ENSG00000260111	GroupA_exclusive	TK10,TK91,TK92	DEL			3	0
ENSG00000260159	ENSG00000260159	GroupA_exclusive	TK10,TK91,TK92	DEL			3	0
ENSG00000260167	ENSG00000260167	GroupA_exclusive	TK91,TK92,TK93	DEL			3	0
ENSG00000260409	ENSG00000260409	GroupA_exclusive	TK91,TK92,TK93	DEL			3	0
ENSG00000260444	ENSG00000260444	GroupA_exclusive	TK10,TK91,TK92	DEL			3	0
ENSG00000260484	ENSG00000260484	GroupA_exclusive	TK91,TK92,TK93	DEL			3	0
ENSG00000260494	ENSG00000260494	GroupA_exclusive	TK91,TK92,TK93	DEL			3	0
ENSG00000260986	ENSG00000260986	GroupA_exclusive	TK91,TK92,TK93	DEL			3	0
ENSG00000261036	ENSG00000261036	GroupA_exclusive	TK91,TK92,TK93	DEL			3	0
ENSG00000261041	ENSG00000261041	GroupA_exclusive	TK10,TK91,TK92	DEL			3	0
ENSG00000261048	ENSG00000261048	GroupA_exclusive	TK91,TK92,TK93	DEL			3	0
ENSG00000261067	ENSG00000261067	GroupA_exclusive	TK10,TK16,TK91	DEL			3	0
ENSG00000261069	ENSG00000261069	GroupA_exclusive	TK91,TK92,TK93	DEL			3	0
ENSG00000261275	ENSG00000261275	GroupA_exclusive	TK91,TK92,TK93	DEL			3	0
ENSG00000261349	ENSG00000261349	GroupA_exclusive	TK91,TK92,TK93	DEL			3	0
ENSG00000261365	ENSG00000261365	GroupA_exclusive	TK10,TK91,TK92	DEL			3	0
ENSG00000261554	ENSG00000261554	GroupA_exclusive	TK91,TK92,TK93	DEL			3	0
ENSG00000261561	ENSG00000261561	GroupA_exclusive	TK10,TK91,TK92	DEL			3	0
ENSG00000261588	ENSG00000261588	GroupA_exclusive	TK91,TK92,TK93	DEL			3	0
ENSG00000261915	ENSG00000261915	GroupA_exclusive	TK91,TK92,TK93	DEL			3	0
ENSG00000262202	ENSG00000262202	GroupA_exclusive	TK91,TK92,TK93	DEL			3	0
ENSG00000262319	ENSG00000262319	GroupA_exclusive	TK91,TK92,TK93	DEL			3	0
ENSG00000262660	ENSG00000262660	GroupA_exclusive	TK91,TK92,TK93	DEL			3	0
ENSG00000262879	ENSG00000262879	GroupA_exclusive	TK91,TK92,TK93	DEL			3	0
ENSG00000263394	ENSG00000263394	GroupA_exclusive	TK91,TK92,TK93	DEL			3	0
ENSG00000264063	ENSG00000264063	GroupA_exclusive	TK91,TK92,TK93	DEL			3	0
ENSG00000265055	ENSG00000265055	GroupA_exclusive	TK91,TK92,TK93	DEL			3	0
ENSG00000265408	ENSG00000265408	GroupA_exclusive	TK91,TK92,TK93	DEL			3	0
ENSG00000265630	ENSG00000265630	GroupA_exclusive	TK91,TK92,TK93	DEL			3	0
ENSG00000266311	ENSG00000266311	GroupA_exclusive	TK91,TK92,TK93	DEL			3	0
ENSG00000266664	ENSG00000266664	GroupA_exclusive	TK91,TK92,TK93	DEL			3	0
ENSG00000266990	ENSG00000266990	GroupA_exclusive	TK91,TK92,TK93	DEL			3	0
ENSG00000267102	ENSG00000267102	GroupA_exclusive	TK91,TK92,TK93	DEL			3	0
ENSG00000267159	ENSG00000267159	GroupA_exclusive	TK91,TK92,TK93	DEL			3	0
ENSG00000267547	ENSG00000267547	GroupA_exclusive	TK91,TK92,TK93	DEL			3	0
ENSG00000267648	ENSG00000267648	GroupA_exclusive	TK91,TK92,TK93	DEL			3	0
ENSG00000267711	ENSG00000267711	GroupA_exclusive	TK91,TK92,TK93	DEL			3	0
ENSG00000267731	ENSG00000267731	GroupA_exclusive	TK91,TK92,TK93	DEL			3	0
ENSG00000267745	ENSG00000267745	GroupA_exclusive	TK91,TK92,TK93	DEL			3	0
ENSG00000268047	ENSG00000268047	GroupA_exclusive	TK91,TK92,TK93	DEL			3	0
ENSG00000268309	ENSG00000268309	GroupA_exclusive	TK91,TK92,TK93	DEL			3	0
ENSG00000268744	ENSG00000268744	GroupA_exclusive	TK91,TK92,TK93	DEL			3	0
ENSG00000269296	ENSG00000269296	GroupA_exclusive	TK91,TK92,TK93	DEL			3	0
ENSG00000269688	ENSG00000269688	GroupA_exclusive	TK91,TK92,TK93	DEL			3	0
ENSG00000269867	ENSG00000269867	GroupA_exclusive	TK91,TK92,TK93	DEL			3	0
ENSG00000269930	ENSG00000269930	GroupA_exclusive	TK91,TK92,TK93	DEL			3	0
ENSG00000270016	ENSG00000270016	GroupA_exclusive	TK91,TK92,TK93	DEL			3	0
ENSG00000270074	ENSG00000270074	GroupA_exclusive	TK91,TK92,TK93	DEL			3	0
ENSG00000270118	ENSG00000270118	GroupA_exclusive	TK16,TK91,TK92	DEL			3	0
ENSG00000270424	ENSG00000270424	GroupA_exclusive	TK91,TK92,TK93	DEL			3	0
ENSG00000270632	ENSG00000270632	GroupA_exclusive	TK91,TK92,TK93	DEL			3	0
ENSG00000270711	ENSG00000270711	GroupA_exclusive	TK91,TK92,TK93	DEL			3	0
ENSG00000270734	ENSG00000270734	GroupA_exclusive	TK18,TK92,TK93	DEL			3	0
ENSG00000271047	ENSG00000271047	GroupA_exclusive	TK91,TK92,TK93	DEL			3	0
ENSG00000271596	ENSG00000271596	GroupA_exclusive	TK91,TK92,TK93	DEL			3	0
ENSG00000271623	ENSG00000271623	GroupA_exclusive	TK16,TK91,TK92	DEL			3	0
ENSG00000271732	ENSG00000271732	GroupA_exclusive	TK91,TK92,TK93	DEL			3	0
ENSG00000271788	ENSG00000271788	GroupA_exclusive	TK91,TK92,TK93	DEL			3	0
ENSG00000271793	ENSG00000271793	GroupA_exclusive	TK10,TK16,TK18	DEL			3	0
ENSG00000272382	ENSG00000272382	GroupA_exclusive	TK91,TK92,TK93	DEL			3	0
ENSG00000272558	ENSG00000272558	GroupA_exclusive	TK91,TK92,TK93	DEL			3	0
ENSG00000272600	ENSG00000272600	GroupA_exclusive	TK18,TK91,TK92	DEL			3	0
ENSG00000272699	ENSG00000272699	GroupA_exclusive	TK10,TK91,TK92	DEL			3	0
ENSG00000272810	ENSG00000272810	GroupA_exclusive	TK91,TK92,TK93	DEL			3	0
ENSG00000272824	ENSG00000272824	GroupA_exclusive	TK91,TK92,TK93	DEL			3	0
ENSG00000272829	ENSG00000272829	GroupA_exclusive	TK18,TK91,TK92	DEL			3	0
ENSG00000272831	ENSG00000272831	GroupA_exclusive	TK91,TK92,TK93	DEL			3	0
ENSG00000272918	ENSG00000272918	GroupA_exclusive	TK91,TK92,TK93	DEL			3	0
ENSG00000273149	ENSG00000273149	GroupA_exclusive	TK91,TK92,TK93	DEL			3	0
ENSG00000273565	ENSG00000273565	GroupA_exclusive	TK18,TK91,TK92	DEL			3	0
ENSG00000273580	ENSG00000273580	GroupA_exclusive	TK91,TK92,TK93	DEL			3	0
ENSG00000273734	ENSG00000273734	GroupA_exclusive	TK91,TK92,TK93	DEL			3	0
ENSG00000273760	ENSG00000273760	GroupA_exclusive	TK91,TK92,TK93	DEL			3	0
ENSG00000273773	ENSG00000273773	GroupA_exclusive	TK91,TK92,TK93	DEL			3	0
ENSG00000274104	ENSG00000274104	GroupA_exclusive	TK91,TK92,TK93	DEL			3	0
ENSG00000274156	ENSG00000274156	GroupA_exclusive	TK91,TK92,TK93	DEL			3	0
ENSG00000274177	ENSG00000274177	GroupA_exclusive	TK91,TK92,TK93	DEL			3	0
ENSG00000274295	ENSG00000274295	GroupA_exclusive	TK91,TK92,TK93	DEL			3	0
ENSG00000274422	ENSG00000274422	GroupA_exclusive	TK91,TK92,TK93	DEL			3	0
ENSG00000274499	ENSG00000274499	GroupA_exclusive	TK91,TK92,TK93	DEL			3	0
ENSG00000274532	ENSG00000274532	GroupA_exclusive	TK10,TK91,TK92	DEL			3	0
ENSG00000274561	ENSG00000274561	GroupA_exclusive	TK91,TK92,TK93	DEL			3	0
ENSG00000274625	ENSG00000274625	GroupA_exclusive	TK91,TK92,TK93	DEL			3	0
ENSG00000274712	ENSG00000274712	GroupA_exclusive	TK91,TK92,TK93	DEL			3	0
ENSG00000274767	ENSG00000274767	GroupA_exclusive	TK91,TK92,TK93	DEL			3	0
ENSG00000274797	ENSG00000274797	GroupA_exclusive	TK91,TK92,TK93	DEL			3	0
ENSG00000274814	ENSG00000274814	GroupA_exclusive	TK10,TK91,TK92	DEL			3	0
ENSG00000274904	ENSG00000274904	GroupA_exclusive	TK91,TK92,TK93	DEL			3	0
ENSG00000275162	ENSG00000275162	GroupA_exclusive	TK91,TK92,TK93	DEL			3	0
ENSG00000275361	ENSG00000275361	GroupA_exclusive	TK91,TK92,TK93	DEL			3	0
ENSG00000275557	ENSG00000275557	GroupA_exclusive	TK91,TK92,TK93	DEL			3	0
ENSG00000275601	ENSG00000275601	GroupA_exclusive	TK91,TK92,TK93	DEL			3	0
ENSG00000275654	ENSG00000275654	GroupA_exclusive	TK16,TK91,TK92	DEL			3	0
ENSG00000275664	ENSG00000275664	GroupA_exclusive	TK91,TK92,TK93	DEL			3	0
ENSG00000275674	ENSG00000275674	GroupA_exclusive	TK16,TK18,TK93	DEL			3	0
ENSG00000275948	ENSG00000275948	GroupA_exclusive	TK91,TK92,TK93	DEL			3	0
ENSG00000276077	ENSG00000276077	GroupA_exclusive	TK91,TK92,TK93	DEL			3	0
ENSG00000276156	ENSG00000276156	GroupA_exclusive	TK91,TK92,TK93	DEL			3	0
ENSG00000276241	ENSG00000276241	GroupA_exclusive	TK91,TK92,TK93	DEL			3	0
ENSG00000276259	ENSG00000276259	GroupA_exclusive	TK10,TK16,TK18	DEL			3	0
ENSG00000276850	ENSG00000276850	GroupA_exclusive	TK91,TK92,TK93	DEL			3	0
ENSG00000276928	ENSG00000276928	GroupA_exclusive	TK10,TK91,TK92	DEL			3	0
ENSG00000277017	ENSG00000277017	GroupA_exclusive	TK91,TK92,TK93	DEL			3	0
ENSG00000277067	ENSG00000277067	GroupA_exclusive	TK91,TK92,TK93	DEL			3	0
ENSG00000277174	ENSG00000277174	GroupA_exclusive	TK91,TK92,TK93	DEL			3	0
ENSG00000277437	ENSG00000277437	GroupA_exclusive	TK91,TK92,TK93	DEL			3	0
ENSG00000277476	ENSG00000277476	GroupA_exclusive	TK91,TK92,TK93	DEL			3	0
ENSG00000277544	ENSG00000277544	GroupA_exclusive	TK91,TK92,TK93	DEL			3	0
ENSG00000277690	ENSG00000277690	GroupA_exclusive	TK91,TK92,TK93	DEL			3	0
ENSG00000277984	ENSG00000277984	GroupA_exclusive	TK91,TK92,TK93	DEL			3	0
ENSG00000278182	ENSG00000278182	GroupA_exclusive	TK91,TK92,TK93	DEL			3	0
ENSG00000278205	ENSG00000278205	GroupA_exclusive	TK91,TK92,TK93	DEL			3	0
ENSG00000278390	ENSG00000278390	GroupA_exclusive	TK91,TK92,TK93	DEL			3	0
ENSG00000278431	ENSG00000278431	GroupA_exclusive	TK91,TK92,TK93	DEL			3	0
ENSG00000278657	ENSG00000278657	GroupA_exclusive	TK91,TK92,TK93	DEL			3	0
ENSG00000278665	ENSG00000278665	GroupA_exclusive	TK91,TK92,TK93	DEL			3	0
ENSG00000278725	ENSG00000278725	GroupA_exclusive	TK91,TK92,TK93	DEL			3	0
ENSG00000278730	ENSG00000278730	GroupA_exclusive	TK91,TK92,TK93	DEL			3	0
ENSG00000278740	ENSG00000278740	GroupA_exclusive	TK91,TK92,TK93	DEL			3	0
ENSG00000278791	ENSG00000278791	GroupA_exclusive	TK91,TK92,TK93	DEL			3	0
ENSG00000278878	ENSG00000278878	GroupA_exclusive	TK91,TK92,TK93	DEL			3	0
ENSG00000278931	ENSG00000278931	GroupA_exclusive	TK91,TK92,TK93	DEL			3	0
ENSG00000278932	ENSG00000278932	GroupA_exclusive	TK91,TK92,TK93	DEL			3	0
ENSG00000278936	ENSG00000278936	GroupA_exclusive	TK91,TK92,TK93	DEL			3	0
ENSG00000278996	ENSG00000278996	GroupA_exclusive	TK91,TK92,TK93	DEL			3	0
ENSG00000279068	ENSG00000279068	GroupA_exclusive	TK91,TK92,TK93	DEL			3	0
ENSG00000279072	ENSG00000279072	GroupA_exclusive	TK91,TK92,TK93	DEL			3	0
ENSG00000279167	ENSG00000279167	GroupA_exclusive	TK91,TK92,TK93	DEL			3	0
ENSG00000279278	ENSG00000279278	GroupA_exclusive	TK91,TK92,TK93	DEL			3	0
ENSG00000279303	ENSG00000279303	GroupA_exclusive	TK91,TK92,TK93	DEL			3	0
ENSG00000279375	ENSG00000279375	GroupA_exclusive	TK91,TK92,TK93	DEL			3	0
ENSG00000279381	ENSG00000279381	GroupA_exclusive	TK91,TK92,TK93	DEL			3	0
ENSG00000279415	ENSG00000279415	GroupA_exclusive	TK91,TK92,TK93	DEL			3	0
ENSG00000279458	ENSG00000279458	GroupA_exclusive	TK91,TK92,TK93	DEL			3	0
ENSG00000279472	ENSG00000279472	GroupA_exclusive	TK91,TK92,TK93	DEL			3	0
ENSG00000279501	ENSG00000279501	GroupA_exclusive	TK91,TK92,TK93	DEL			3	0
ENSG00000279595	ENSG00000279595	GroupA_exclusive	TK91,TK92,TK93	DEL			3	0
ENSG00000279615	ENSG00000279615	GroupA_exclusive	TK91,TK92,TK93	DEL			3	0
ENSG00000279620	ENSG00000279620	GroupA_exclusive	TK91,TK92,TK93	DEL			3	0
ENSG00000279647	ENSG00000279647	GroupA_exclusive	TK91,TK92,TK93	DEL			3	0
ENSG00000279728	ENSG00000279728	GroupA_exclusive	TK91,TK92,TK93	DEL			3	0
ENSG00000279735	ENSG00000279735	GroupA_exclusive	TK91,TK92,TK93	DEL			3	0
ENSG00000279751	ENSG00000279751	GroupA_exclusive	TK91,TK92,TK93	DEL			3	0
ENSG00000279788	ENSG00000279788	GroupA_exclusive	TK91,TK92,TK93	DEL			3	0
ENSG00000279880	ENSG00000279880	GroupA_exclusive	TK91,TK92,TK93	DEL			3	0
ENSG00000279895	ENSG00000279895	GroupA_exclusive	TK91,TK92,TK93	DEL			3	0
ENSG00000279998	ENSG00000279998	GroupA_exclusive	TK91,TK92,TK93	DEL			3	0
ENSG00000280018	ENSG00000280018	GroupA_exclusive	TK91,TK92,TK93	DEL			3	0
ENSG00000280128	ENSG00000280128	GroupA_exclusive	TK91,TK92,TK93	DEL			3	0
ENSG00000280138	ENSG00000280138	GroupA_exclusive	TK91,TK92,TK93	DEL			3	0
ENSG00000280145	ENSG00000280145	GroupA_exclusive	TK91,TK92,TK93	DEL			3	0
ENSG00000280164	ENSG00000280164	GroupA_exclusive	TK91,TK92,TK93	DEL			3	0
ENSG00000280172	ENSG00000280172	GroupA_exclusive	TK91,TK92,TK93	DEL			3	0
ENSG00000280234	ENSG00000280234	GroupA_exclusive	TK91,TK92,TK93	DEL			3	0
ENSG00000280416	ENSG00000280416	GroupA_exclusive	TK91,TK92,TK93	DEL			3	0
ENSG00000280436	ENSG00000280436	GroupA_exclusive	TK91,TK92,TK93	DEL			3	0
ENSG00000280649	ENSG00000280649	GroupA_exclusive	TK91,TK92,TK93	DEL			3	0
ENSG00000280778	ENSG00000280778	GroupA_exclusive	TK91,TK92,TK93	DEL			3	0
ENSG00000280800	ENSG00000280800	GroupA_exclusive	TK91,TK92,TK93	DEL			3	0
ENSG00000281113	ENSG00000281113	GroupA_exclusive	TK91,TK92,TK93	DEL			3	0
ENSG00000281538	ENSG00000281538	GroupA_exclusive	TK91,TK92,TK93	DEL			3	0
ENSG00000282206	ENSG00000282206	GroupA_exclusive	TK91,TK92,TK93	DEL			3	0
ENSG00000282381	ENSG00000282381	GroupA_exclusive	TK91,TK92,TK93	DEL			3	0
ENSG00000282408	ENSG00000282408	GroupA_exclusive	TK91,TK92,TK93	DEL			3	0
ENSG00000282738	ENSG00000282738	GroupA_exclusive	TK91,TK92,TK93	DEL			3	0
ENSG00000282740	ENSG00000282740	GroupA_exclusive	TK10,TK16,TK91	DEL			3	0
ENSG00000282879	ENSG00000282879	GroupA_exclusive	TK91,TK92,TK93	DEL			3	0
ENSG00000282988	ENSG00000282988	GroupA_exclusive	TK91,TK92,TK93	DEL			3	0
ENSG00000283133	ENSG00000283133	GroupA_exclusive	TK91,TK92,TK93	DEL			3	0
ENSG00000283145	ENSG00000283145	GroupA_exclusive	TK18,TK91,TK92	DEL			3	0
ENSG00000283375	ENSG00000283375	GroupA_exclusive	TK10,TK16,TK18	DEL			3	0
ENSG00000283393	ENSG00000283393	GroupA_exclusive	TK10,TK16,TK18	DEL			3	0
ENSG00000283483	ENSG00000283483	GroupA_exclusive	TK10,TK16,TK18	DEL			3	0
ENSG00000283537	ENSG00000283537	GroupA_exclusive	TK91,TK92,TK93	DEL			3	0
ENSG00000284060	ENSG00000284060	GroupA_exclusive	TK18,TK91,TK92	DEL			3	0
ENSG00000284628	ENSG00000284628	GroupA_exclusive	TK10,TK91,TK92	DEL			3	0
ENSG00000284648	ENSG00000284648	GroupA_exclusive	TK91,TK92,TK93	DEL			3	0
ENSG00000284663	ENSG00000284663	GroupA_exclusive	TK91,TK92,TK93	DEL			3	0
ENSG00000284665	ENSG00000284665	GroupA_exclusive	TK18,TK91,TK92	DEL			3	0
ENSG00000284715	ENSG00000284715	GroupA_exclusive	TK91,TK92,TK93	DEL			3	0
ENSG00000284746	ENSG00000284746	GroupA_exclusive	TK91,TK92,TK93	DEL			3	0
ENSG00000284772	ENSG00000284772	GroupA_exclusive	TK91,TK92,TK93	DEL			3	0
ENSG00000284776	ENSG00000284776	GroupA_exclusive	TK91,TK92,TK93	DEL			3	0
ENSG00000284906	ENSG00000284906	GroupA_exclusive	TK91,TK92,TK93	DEL			3	0
ENSG00000284964	ENSG00000284964	GroupA_exclusive	TK91,TK92,TK93	DEL			3	0
ENSG00000285020	ENSG00000285020	GroupA_exclusive	TK91,TK92,TK93	DEL			3	0
ENSG00000285035	ENSG00000285035	GroupA_exclusive	TK91,TK92,TK93	DEL			3	0
ENSG00000285062	ENSG00000285062	GroupA_exclusive	TK91,TK92,TK93	DEL			3	0
ENSG00000285239	ENSG00000285239	GroupA_exclusive	TK91,TK92,TK93	DEL			3	0
ENSG00000285314	ENSG00000285314	GroupA_exclusive	TK18,TK91,TK92	DEL			3	0
ENSG00000285402	ENSG00000285402	GroupA_exclusive	TK91,TK92,TK93	DEL			3	0
ENSG00000285505	ENSG00000285505	GroupA_exclusive	TK91,TK92,TK93	DEL			3	0
ENSG00000285580	ENSG00000285580	GroupA_exclusive	TK91,TK92,TK93	DEL			3	0
ENSG00000285641	ENSG00000285641	GroupA_exclusive	TK91,TK92,TK93	DEL			3	0
ENSG00000285666	ENSG00000285666	GroupA_exclusive	TK91,TK92,TK93	DEL			3	0
ENSG00000285759	ENSG00000285759	GroupA_exclusive	TK91,TK92,TK93	DEL			3	0
ENSG00000285853	ENSG00000285853	GroupA_exclusive	TK91,TK92,TK93	DEL			3	0
ENSG00000285901	ENSG00000285901	GroupA_exclusive	TK91,TK92,TK93	DEL			3	0
ENSG00000285986	ENSG00000285986	GroupA_exclusive	TK91,TK92,TK93	DEL			3	0
ENSG00000286032	ENSG00000286032	GroupA_exclusive	TK91,TK92,TK93	DEL			3	0
ENSG00000286033	ENSG00000286033	GroupA_exclusive	TK91,TK92,TK93	DEL			3	0
ENSG00000286091	ENSG00000286091	GroupA_exclusive	TK91,TK92,TK93	DEL			3	0
ENSG00000286129	ENSG00000286129	GroupA_exclusive	TK91,TK92,TK93	DEL			3	0
ENSG00000286148	ENSG00000286148	GroupA_exclusive	TK91,TK92,TK93	DEL			3	0
ENSG00000286161	ENSG00000286161	GroupA_exclusive	TK91,TK92,TK93	DEL			3	0
ENSG00000286268	ENSG00000286268	GroupA_exclusive	TK10,TK16,TK18	DEL			3	0
ENSG00000286271	ENSG00000286271	GroupA_exclusive	TK91,TK92,TK93	DEL			3	0
ENSG00000286301	ENSG00000286301	GroupA_exclusive	TK91,TK92,TK93	DEL			3	0
ENSG00000286366	ENSG00000286366	GroupA_exclusive	TK91,TK92,TK93	DEL			3	0
ENSG00000286448	ENSG00000286448	GroupA_exclusive	TK91,TK92,TK93	DEL			3	0
ENSG00000286477	ENSG00000286477	GroupA_exclusive	TK91,TK92,TK93	DEL			3	0
ENSG00000286620	ENSG00000286620	GroupA_exclusive	TK91,TK92,TK93	DEL			3	0
ENSG00000286656	ENSG00000286656	GroupA_exclusive	TK91,TK92,TK93	DEL			3	0
ENSG00000286741	ENSG00000286741	GroupA_exclusive	TK91,TK92,TK93	DEL			3	0
ENSG00000286747	ENSG00000286747	GroupA_exclusive	TK91,TK92,TK93	DEL			3	0
ENSG00000286931	ENSG00000286931	GroupA_exclusive	TK91,TK92,TK93	DEL			3	0
ENSG00000287001	ENSG00000287001	GroupA_exclusive	TK91,TK92,TK93	DEL			3	0
ENSG00000287019	ENSG00000287019	GroupA_exclusive	TK91,TK92,TK93	DEL			3	0
ENSG00000287064	ENSG00000287064	GroupA_exclusive	TK91,TK92,TK93	DEL			3	0
ENSG00000287117	ENSG00000287117	GroupA_exclusive	TK91,TK92,TK93	DEL			3	0
ENSG00000287190	ENSG00000287190	GroupA_exclusive	TK91,TK92,TK93	DEL			3	0
ENSG00000287263	ENSG00000287263	GroupA_exclusive	TK91,TK92,TK93	DEL			3	0
ENSG00000287328	ENSG00000287328	GroupA_exclusive	TK10,TK16,TK18	DEL			3	0
ENSG00000287329	ENSG00000287329	GroupA_exclusive	TK91,TK92,TK93	DEL			3	0
ENSG00000287374	ENSG00000287374	GroupA_exclusive	TK91,TK92,TK93	DEL			3	0
ENSG00000287482	ENSG00000287482	GroupA_exclusive	TK91,TK92,TK93	DEL			3	0
ENSG00000287763	ENSG00000287763	GroupA_exclusive	TK91,TK92,TK93	DEL			3	0
ENSG00000287988	ENSG00000287988	GroupA_exclusive	TK91,TK92,TK93	DEL			3	0
ENSG00000288000	ENSG00000288000	GroupA_exclusive	TK91,TK92,TK93	DEL			3	0
ENSG00000288656	ENSG00000288656	GroupA_exclusive	TK91,TK92,TK93	DEL			3	0
ENSG00000288674	ENSG00000288674	GroupA_exclusive	TK10,TK16,TK18	DEL			3	0
ENSG00000288680	ENSG00000288680	GroupA_exclusive	TK91,TK92,TK93	DEL			3	0
ENSG00000288778	ENSG00000288778	GroupA_exclusive	TK91,TK92,TK93	DEL			3	0
ENSG00000288805	ENSG00000288805	GroupA_exclusive	TK91,TK92,TK93	DEL			3	0
ENSG00000288953	ENSG00000288953	GroupA_exclusive	TK91,TK92,TK93	DEL			3	0
ENSG00000288973	ENSG00000288973	GroupA_exclusive	TK91,TK92,TK93	DEL			3	0
ENSG00000289015	ENSG00000289015	GroupA_exclusive	TK91,TK92,TK93	DEL			3	0
ENSG00000289108	ENSG00000289108	GroupA_exclusive	TK91,TK92,TK93	DEL			3	0
ENSG00000289143	ENSG00000289143	GroupA_exclusive	TK91,TK92,TK93	DEL			3	0
ENSG00000289206	ENSG00000289206	GroupA_exclusive	TK91,TK92,TK93	DEL			3	0
ENSG00000289259	ENSG00000289259	GroupA_exclusive	TK91,TK92,TK93	DEL			3	0
ENSG00000289346	ENSG00000289346	GroupA_exclusive	TK91,TK92,TK93	DEL			3	0
ENSG00000289429	ENSG00000289429	GroupA_exclusive	TK91,TK92,TK93	DEL			3	0
ENSG00000289444	ENSG00000289444	GroupA_exclusive	TK91,TK92,TK93	DEL			3	0
ENSG00000289485	ENSG00000289485	GroupA_exclusive	TK91,TK92,TK93	DEL			3	0
ENSG00000289523	ENSG00000289523	GroupA_exclusive	TK91,TK92,TK93	DEL			3	0
ENSG00000289565	ENSG00000289565	GroupA_exclusive	TK91,TK92,TK93	DEL			3	0
ENSG00000289755	ENSG00000289755	GroupA_exclusive	TK91,TK92,TK93	DEL			3	0
ENSG00000289810	ENSG00000289810	GroupA_exclusive	TK91,TK92,TK93	DEL			3	0
ENSG00000289883	ENSG00000289883	GroupA_exclusive	TK91,TK92,TK93	DEL			3	0
ENSG00000289929	ENSG00000289929	GroupA_exclusive	TK91,TK92,TK93	DEL			3	0
ENSG00000289963	ENSG00000289963	GroupA_exclusive	TK91,TK92,TK93	DEL			3	0
ENSG00000290032	ENSG00000290032	GroupA_exclusive	TK91,TK92,TK93	DEL			3	0
ENSG00000290063	ENSG00000290063	GroupA_exclusive	TK91,TK92,TK93	DEL			3	0
ENSG00000290124	ENSG00000290124	GroupA_exclusive	TK91,TK92,TK93	DEL			3	0
ENSG00000290162	ENSG00000290162	GroupA_exclusive	TK91,TK92,TK93	DEL			3	0
ENSG00000290163	ENSG00000290163	GroupA_exclusive	TK91,TK92,TK93	DEL			3	0
ENSG00000290164	ENSG00000290164	GroupA_exclusive	TK91,TK92,TK93	DEL			3	0
ENSG00000290165	ENSG00000290165	GroupA_exclusive	TK91,TK92,TK93	DEL			3	0
ENSG00000290193	ENSG00000290193	GroupA_exclusive	TK91,TK92,TK93	DEL			3	0
ENSG00000290346	ENSG00000290346	GroupA_exclusive	TK91,TK92,TK93	DEL			3	0
ENSG00000290383	ENSG00000290383	GroupA_exclusive	TK91,TK92,TK93	DEL			3	0
ENSG00000290386	ENSG00000290386	GroupA_exclusive	TK10,TK91,TK92	DEL			3	0
ENSG00000290453	ENSG00000290453	GroupA_exclusive	TK91,TK92,TK93	DEL			3	0
ENSG00000290553	ENSG00000290553	GroupA_exclusive	TK91,TK92,TK93	DEL			3	0
ENSG00000290579	ENSG00000290579	GroupA_exclusive	TK91,TK92,TK93	DEL			3	0
ENSG00000290646	ENSG00000290646	GroupA_exclusive	TK91,TK92,TK93	DEL			3	0
ENSG00000290674	ENSG00000290674	GroupA_exclusive	TK91,TK92,TK93	DEL			3	0
ENSG00000290688	ENSG00000290688	GroupA_exclusive	TK91,TK92,TK93	DEL			3	0
ENSG00000290780	ENSG00000290780	GroupA_exclusive	TK91,TK92,TK93	DEL			3	0
ENSG00000290789	ENSG00000290789	GroupA_exclusive	TK91,TK92,TK93	DEL			3	0
ENSG00000290792	ENSG00000290792	GroupA_exclusive	TK91,TK92,TK93	DEL			3	0
ENSG00000290793	ENSG00000290793	GroupA_exclusive	TK91,TK92,TK93	DEL			3	0
ENSG00000290799	ENSG00000290799	GroupA_exclusive	TK18,TK91,TK92	DEL			3	0
ENSG00000290850	ENSG00000290850	GroupA_exclusive	TK10,TK16,TK91	DEL			3	0
ENSG00000290886	ENSG00000290886	GroupA_exclusive	TK91,TK92,TK93	DEL			3	0
ENSG00000290913	ENSG00000290913	GroupA_exclusive	TK91,TK92,TK93	DEL			3	0
ENSG00000290961	ENSG00000290961	GroupA_exclusive	TK18,TK91,TK92	DEL			3	0
ENSG00000290983	ENSG00000290983	GroupA_exclusive	TK18,TK91,TK92	DEL			3	0
ENSG00000290993	ENSG00000290993	GroupA_exclusive	TK91,TK92,TK93	DEL			3	0
ENSG00000290999	ENSG00000290999	GroupA_exclusive	TK91,TK92,TK93	DEL			3	0
ENSG00000291039	ENSG00000291039	GroupA_exclusive	TK91,TK92,TK93	DEL			3	0
ENSG00000291044	ENSG00000291044	GroupA_exclusive	TK18,TK91,TK92	DEL			3	0
ENSG00000291078	ENSG00000291078	GroupA_exclusive	TK91,TK92,TK93	DEL			3	0
ENSG00000291174	ENSG00000291174	GroupA_exclusive	TK91,TK92,TK93	DEL			3	0
ENSG00000291182	ENSG00000291182	GroupA_exclusive	TK91,TK92,TK93	DEL			3	0
ENSG00000291184	ENSG00000291184	GroupA_exclusive	TK91,TK92,TK93	DEL			3	0
ENSG00000291193	ENSG00000291193	GroupA_exclusive	TK91,TK92,TK93	DEL			3	0
ENSG00000291209	ENSG00000291209	GroupA_exclusive	TK91,TK92,TK93	DEL			3	0
ENSG00000291214	ENSG00000291214	GroupA_exclusive	TK91,TK92,TK93	DEL			3	0
ENSG00000291215	ENSG00000291215	GroupA_exclusive	TK91,TK92,TK93	DEL			3	0
ENSG00000291222	ENSG00000291222	GroupA_exclusive	TK91,TK92,TK93	DEL			3	0
ENSG00000291231	ENSG00000291231	GroupA_exclusive	TK91,TK92,TK93	DEL			3	0
ENSG00000291232	ENSG00000291232	GroupA_exclusive	TK91,TK92,TK93	DEL			3	0
ENSG00000291240	ENSG00000291240	GroupA_exclusive	TK18,TK91,TK92	DEL			3	0
ENSG00000291259	ENSG00000291259	GroupA_exclusive	TK10,TK91,TK92	DEL			3	0
ENSG00000291262	ENSG00000291262	GroupA_exclusive	TK91,TK92,TK93	DEL			3	0
ENSG00000291313	ENSG00000291313	GroupA_exclusive	TK91,TK92,TK93	DEL			3	0
ENSG00000292277	ENSG00000292277	GroupA_exclusive	TK91,TK92,TK93	DEL			3	0
ENSG00000164307	ERAP1	GroupA_exclusive	TK16,TK91,TK92	DEL			3	0
ENSG00000178607	ERN1	GroupA_exclusive	TK18,TK91,TK92	DEL			3	0
ENSG00000135476	ESPL1	GroupA_exclusive	TK18,TK92,TK93	DEL			3	0
ENSG00000215572	ESRRAP1	GroupA_exclusive	TK91,TK92,TK93	DEL			3	0
ENSG00000117036	ETV3	GroupA_exclusive	TK91,TK92,TK93	DEL			3	0
ENSG00000253831	ETV3L	GroupA_exclusive	TK91,TK92,TK93	DEL			3	0
ENSG00000178997	EXD1	GroupA_exclusive	TK91,TK92,TK93	DEL			3	0
ENSG00000174371	EXO1	GroupA_exclusive	TK91,TK92,TK93	DEL			3	0
ENSG00000185504	FAAP100	GroupA_exclusive	TK10,TK16,TK18	DEL			3	0
ENSG00000232300	FAM215B	GroupA_exclusive	TK91,TK92,TK93	DEL			3	0
ENSG00000272681	FAM223B	GroupA_exclusive	TK91,TK92,TK93	DEL			3	0
ENSG00000277870	FAM230A	GroupA_exclusive	TK91,TK92,TK93	DEL			3	0
ENSG00000215498	FAM230B	GroupA_exclusive	TK18,TK91,TK92	DEL			3	0
ENSG00000285662	FAM245B	GroupA_exclusive	TK91,TK92,TK93	DEL			3	0
ENSG00000283972	FAM247A	GroupA_exclusive	TK18,TK91,TK92	DEL			3	0
ENSG00000278044	FAM247B	GroupA_exclusive	TK91,TK92,TK93	DEL			3	0
ENSG00000273225	FAM25BP	GroupA_exclusive	TK91,TK92,TK93	DEL			3	0
ENSG00000276430	FAM25C	GroupA_exclusive	TK91,TK92,TK93	DEL			3	0
ENSG00000259698	FAM30C	GroupA_exclusive	TK91,TK92,TK93	DEL			3	0
ENSG00000120709	FAM53C	GroupA_exclusive	TK16,TK91,TK93	DEL			3	0
ENSG00000227888	FAM66A	GroupA_exclusive	TK91,TK92,TK93	DEL			3	0
ENSG00000186523	FAM86B1	GroupA_exclusive	TK91,TK92,TK93	DEL			3	0
ENSG00000145002	FAM86B2	GroupA_exclusive	TK91,TK92,TK93	DEL			3	0
ENSG00000186234	FAM86MP	GroupA_exclusive	TK91,TK92,TK93	DEL			3	0
ENSG00000251402	FAM90A25P	GroupA_exclusive	TK91,TK92,TK93	DEL			3	0
ENSG00000229924	FAM90A26	GroupA_exclusive	TK91,TK92,TK93	DEL			3	0
ENSG00000266975	FARSA-AS1	GroupA_exclusive	TK91,TK92,TK93	DEL			3	0
ENSG00000169710	FASN	GroupA_exclusive	TK91,TK92,TK93	DEL			3	0
ENSG00000149806	FAU	GroupA_exclusive	TK91,TK92,TK93	DEL			3	0
ENSG00000173727	FAUP4	GroupA_exclusive	TK91,TK92,TK93	DEL			3	0
ENSG00000266117	FBXO36P1	GroupA_exclusive	TK91,TK92,TK93	DEL			3	0
ENSG00000231087	FDPSP7	GroupA_exclusive	TK91,TK92,TK93	DEL			3	0
ENSG00000267673	FDX2	GroupA_exclusive	TK10,TK16,TK18	DEL			3	0
ENSG00000169018	FEM1B	GroupA_exclusive	TK91,TK92,TK93	DEL			3	0
ENSG00000149781	FERMT3	GroupA_exclusive	TK10,TK16,TK91	DEL			3	0
ENSG00000204801	FGF7P7	GroupA_exclusive	TK91,TK92,TK93	DEL			3	0
ENSG00000226164	FGFR3P6	GroupA_exclusive	TK91,TK92,TK93	DEL			3	0
ENSG00000198855	FICD	GroupA_exclusive	TK91,TK92,TK93	DEL			3	0
ENSG00000214253	FIS1	GroupA_exclusive	TK10,TK16,TK18	DEL			3	0
ENSG00000197296	FITM2	GroupA_exclusive	TK10,TK16,TK18	DEL			3	0
ENSG00000214295	FOXO1B	GroupA_exclusive	TK91,TK92,TK93	DEL			3	0
ENSG00000167996	FTH1	GroupA_exclusive	TK91,TK92,TK93	DEL			3	0
ENSG00000087086	FTL	GroupA_exclusive	TK91,TK92,TK93	DEL			3	0
ENSG00000068438	FTSJ1	GroupA_exclusive	TK91,TK92,TK93	DEL			3	0
ENSG00000171298	GAA	GroupA_exclusive	TK10,TK16,TK91	DEL			3	0
ENSG00000108479	GALK1	GroupA_exclusive	TK10,TK16,TK91	DEL			3	0
ENSG00000135968	GCC2	GroupA_exclusive	TK91,TK92,TK93	DEL			3	0
ENSG00000214184	GCC2-AS1	GroupA_exclusive	TK91,TK92,TK93	DEL			3	0
ENSG00000105607	GCDH	GroupA_exclusive	TK16,TK18,TK91	DEL			3	0
ENSG00000111846	GCNT2	GroupA_exclusive	TK91,TK92,TK93	DEL			3	0
ENSG00000203879	GDI1	GroupA_exclusive	TK91,TK92,TK93	DEL			3	0
ENSG00000133475	GGT2P	GroupA_exclusive	TK18,TK91,TK92	DEL			3	0
ENSG00000274252	GGTLC3	GroupA_exclusive	TK91,TK92,TK93	DEL			3	0
ENSG00000101193	GID8	GroupA_exclusive	TK10,TK16,TK18	DEL			3	0
ENSG00000265366	GLUD1P2	GroupA_exclusive	TK91,TK92,TK93	DEL			3	0
ENSG00000290875	GLUD1P2	GroupA_exclusive	TK91,TK92,TK93	DEL			3	0
ENSG00000271070	GMCL1P2	GroupA_exclusive	TK91,TK92,TK93	DEL			3	0
ENSG00000211451	GNRHR2	GroupA_exclusive	TK91,TK92,TK93	DEL			3	0
ENSG00000255769	GOLGA2P10	GroupA_exclusive	TK10,TK16,TK18	DEL			3	0
ENSG00000237850	GOLGA6L24	GroupA_exclusive	TK10,TK91,TK92	DEL			3	0
ENSG00000227717	GOLGA6L25	GroupA_exclusive	TK10,TK91,TK92	DEL			3	0
ENSG00000175265	GOLGA8A	GroupA_exclusive	TK91,TK92,TK93	DEL			3	0
ENSG00000153684	GOLGA8F	GroupA_exclusive	TK10,TK91,TK92	DEL			3	0
ENSG00000183629	GOLGA8G	GroupA_exclusive	TK10,TK91,TK92	DEL			3	0
ENSG00000261794	GOLGA8H	GroupA_exclusive	TK91,TK92,TK93	DEL			3	0
ENSG00000238132	GOLM2P1	GroupA_exclusive	TK91,TK92,TK93	DEL			3	0
ENSG00000108433	GOSR2	GroupA_exclusive	TK91,TK92,TK93	DEL			3	0
ENSG00000261886	GOSR2-DT	GroupA_exclusive	TK91,TK92,TK93	DEL			3	0
ENSG00000204175	GPRIN2	GroupA_exclusive	TK91,TK92,TK93	DEL			3	0
ENSG00000169727	GPS1	GroupA_exclusive	TK91,TK92,TK93	DEL			3	0
ENSG00000132522	GPS2	GroupA_exclusive	TK91,TK92,TK93	DEL			3	0
ENSG00000259089	GRAMD4P5	GroupA_exclusive	TK91,TK92,TK93	DEL			3	0
ENSG00000189152	GRAPL	GroupA_exclusive	TK91,TK92,TK93	DEL			3	0
ENSG00000262292	GRAPLDR	GroupA_exclusive	TK91,TK92,TK93	DEL			3	0
ENSG00000137106	GRHPR	GroupA_exclusive	TK10,TK16,TK18	DEL			3	0
ENSG00000116032	GRIN3B	GroupA_exclusive	TK91,TK92,TK93	DEL			3	0
ENSG00000099984	GSTT2	GroupA_exclusive	TK91,TK92,TK93	DEL			3	0
ENSG00000224205	GSTT3P	GroupA_exclusive	TK91,TK92,TK93	DEL			3	0
ENSG00000137947	GTF2B	GroupA_exclusive	TK91,TK92,TK93	DEL			3	0
ENSG00000234945	GTF3C2-AS1	GroupA_exclusive	TK91,TK92,TK93	DEL			3	0
ENSG00000196302	GUSBP15	GroupA_exclusive	TK91,TK92,TK93	DEL			3	0
ENSG00000124610	H1-1	GroupA_exclusive	TK91,TK92,TK93	DEL			3	0
ENSG00000216331	H1-12P	GroupA_exclusive	TK91,TK92,TK93	DEL			3	0
ENSG00000187837	H1-2	GroupA_exclusive	TK91,TK92,TK93	DEL			3	0
ENSG00000184357	H1-5	GroupA_exclusive	TK91,TK92,TK93	DEL			3	0
ENSG00000187475	H1-6	GroupA_exclusive	TK91,TK92,TK93	DEL			3	0
ENSG00000218690	H2AC10P	GroupA_exclusive	TK91,TK92,TK93	DEL			3	0
ENSG00000196787	H2AC11	GroupA_exclusive	TK91,TK92,TK93	DEL			3	0
ENSG00000196747	H2AC13	GroupA_exclusive	TK10,TK91,TK92	DEL			3	0
ENSG00000276368	H2AC14	GroupA_exclusive	TK10,TK91,TK92	DEL			3	0
ENSG00000276903	H2AC16	GroupA_exclusive	TK91,TK92,TK93	DEL			3	0
ENSG00000278677	H2AC17	GroupA_exclusive	TK91,TK92,TK93	DEL			3	0
ENSG00000216436	H2AC2P	GroupA_exclusive	TK91,TK92,TK93	DEL			3	0
ENSG00000242387	H2AC3P	GroupA_exclusive	TK91,TK92,TK93	DEL			3	0
ENSG00000278463	H2AC4	GroupA_exclusive	TK91,TK92,TK93	DEL			3	0
ENSG00000234816	H2AC5P	GroupA_exclusive	TK91,TK92,TK93	DEL			3	0
ENSG00000196866	H2AC7	GroupA_exclusive	TK91,TK92,TK93	DEL			3	0
ENSG00000278588	H2BC10	GroupA_exclusive	TK91,TK92,TK93	DEL			3	0
ENSG00000273703	H2BC14	GroupA_exclusive	TK10,TK91,TK92	DEL			3	0
ENSG00000217646	H2BC16P	GroupA_exclusive	TK91,TK92,TK93	DEL			3	0
ENSG00000261716	H2BC20P	GroupA_exclusive	TK91,TK92,TK93	DEL			3	0
ENSG00000178762	H2BC2P	GroupA_exclusive	TK91,TK92,TK93	DEL			3	0
ENSG00000276410	H2BC3	GroupA_exclusive	TK91,TK92,TK93	DEL			3	0
ENSG00000180596	H2BC4	GroupA_exclusive	TK91,TK92,TK93	DEL			3	0
ENSG00000274290	H2BC6	GroupA_exclusive	TK91,TK92,TK93	DEL			3	0
ENSG00000277224	H2BC7	GroupA_exclusive	TK91,TK92,TK93	DEL			3	0
ENSG00000273802	H2BC8	GroupA_exclusive	TK91,TK92,TK93	DEL			3	0
ENSG00000275713	H2BC9	GroupA_exclusive	TK91,TK92,TK93	DEL			3	0
ENSG00000277410	H2BP5	GroupA_exclusive	TK91,TK92,TK93	DEL			3	0
ENSG00000275714	H3C1	GroupA_exclusive	TK91,TK92,TK93	DEL			3	0
ENSG00000278828	H3C10	GroupA_exclusive	TK10,TK91,TK92	DEL			3	0
ENSG00000275379	H3C11	GroupA_exclusive	TK91,TK92,TK93	DEL			3	0
ENSG00000197153	H3C12	GroupA_exclusive	TK91,TK92,TK93	DEL			3	0
ENSG00000286522	H3C2	GroupA_exclusive	TK91,TK92,TK93	DEL			3	0
ENSG00000287080	H3C3	GroupA_exclusive	TK91,TK92,TK93	DEL			3	0
ENSG00000197409	H3C4	GroupA_exclusive	TK91,TK92,TK93	DEL			3	0
ENSG00000273983	H3C8	GroupA_exclusive	TK91,TK92,TK93	DEL			3	0
ENSG00000224447	H3P26	GroupA_exclusive	TK91,TK92,TK93	DEL			3	0
ENSG00000278637	H4C1	GroupA_exclusive	TK91,TK92,TK93	DEL			3	0
ENSG00000197238	H4C11	GroupA_exclusive	TK10,TK91,TK92	DEL			3	0
ENSG00000273542	H4C12	GroupA_exclusive	TK10,TK91,TK92	DEL			3	0
ENSG00000275126	H4C13	GroupA_exclusive	TK91,TK92,TK93	DEL			3	0
ENSG00000278705	H4C2	GroupA_exclusive	TK91,TK92,TK93	DEL			3	0
ENSG00000197061	H4C3	GroupA_exclusive	TK91,TK92,TK93	DEL			3	0
ENSG00000277157	H4C4	GroupA_exclusive	TK91,TK92,TK93	DEL			3	0
ENSG00000276966	H4C5	GroupA_exclusive	TK91,TK92,TK93	DEL			3	0
ENSG00000138029	HADHB	GroupA_exclusive	TK10,TK16,TK18	DEL			3	0
ENSG00000143575	HAX1	GroupA_exclusive	TK91,TK92,TK93	DEL			3	0
ENSG00000206337	HCP5	GroupA_exclusive	TK91,TK92,TK93	DEL			3	0
ENSG00000261401	HERC2P1	GroupA_exclusive	TK10,TK91,TK92	DEL			3	0
ENSG00000261581	HERC2P11	GroupA_exclusive	TK10,TK91,TK92	DEL			3	0
ENSG00000206149	HERC2P9	GroupA_exclusive	TK10,TK91,TK92	DEL			3	0
ENSG00000291082	HERC2P9	GroupA_exclusive	TK10,TK91,TK92	DEL			3	0
ENSG00000049860	HEXB	GroupA_exclusive	TK91,TK92,TK93	DEL			3	0
ENSG00000010704	HFE	GroupA_exclusive	TK91,TK92,TK93	DEL			3	0
ENSG00000214511	HIGD1C	GroupA_exclusive	TK91,TK92,TK93	DEL			3	0
ENSG00000168509	HJV	GroupA_exclusive	TK91,TK92,TK93	DEL			3	0
ENSG00000204592	HLA-E	GroupA_exclusive	TK91,TK92,TK93	DEL			3	0
ENSG00000224372	HLA-N	GroupA_exclusive	TK91,TK92,TK93	DEL			3	0
ENSG00000225051	HMGB3P22	GroupA_exclusive	TK91,TK92,TK93	DEL			3	0
ENSG00000213412	HNRNPA1P33	GroupA_exclusive	TK91,TK92,TK93	DEL			3	0
ENSG00000197451	HNRNPAB	GroupA_exclusive	TK91,TK92,TK93	DEL			3	0
ENSG00000179172	HNRNPCL1	GroupA_exclusive	TK91,TK92,TK93	DEL			3	0
ENSG00000275774	HNRNPCL2	GroupA_exclusive	TK91,TK92,TK93	DEL			3	0
ENSG00000277058	HNRNPCL3	GroupA_exclusive	TK91,TK92,TK93	DEL			3	0
ENSG00000152795	HNRNPDL	GroupA_exclusive	TK91,TK92,TK93	DEL			3	0
ENSG00000165119	HNRNPK	GroupA_exclusive	TK91,TK92,TK93	DEL			3	0
ENSG00000214753	HNRNPUL2	GroupA_exclusive	TK16,TK18,TK92	DEL			3	0
ENSG00000183644	HOATZ	GroupA_exclusive	TK91,TK92,TK93	DEL			3	0
ENSG00000174775	HRAS	GroupA_exclusive	TK91,TK92,TK93	DEL			3	0
ENSG00000108786	HSD17B1	GroupA_exclusive	TK91,TK92,TK93	DEL			3	0
ENSG00000266962	HSD17B1-AS1	GroupA_exclusive	TK91,TK92,TK93	DEL			3	0
ENSG00000149084	HSD17B12	GroupA_exclusive	TK10,TK16,TK18	DEL			3	0
ENSG00000108785	HSD17B1P1	GroupA_exclusive	TK91,TK92,TK93	DEL			3	0
ENSG00000096384	HSP90AB1	GroupA_exclusive	TK91,TK92,TK93	DEL			3	0
ENSG00000044574	HSPA5	GroupA_exclusive	TK91,TK92,TK93	DEL			3	0
ENSG00000164151	ICE1	GroupA_exclusive	TK91,TK92,TK93	DEL			3	0
ENSG00000138413	IDH1	GroupA_exclusive	TK10,TK16,TK18	DEL			3	0
ENSG00000163565	IFI16	GroupA_exclusive	TK91,TK92,TK93	DEL			3	0
ENSG00000216490	IFI30	GroupA_exclusive	TK91,TK92,TK93	DEL			3	0
ENSG00000163913	IFT122	GroupA_exclusive	TK91,TK92,TK93	DEL			3	0
ENSG00000270185	IGHD1OR15-1B	GroupA_exclusive	TK91,TK92,TK93	DEL			3	0
ENSG00000282268	IGHD2OR15-2B	GroupA_exclusive	TK91,TK92,TK93	DEL			3	0
ENSG00000282089	IGHD3OR15-3B	GroupA_exclusive	TK91,TK92,TK93	DEL			3	0
ENSG00000270451	IGHD4OR15-4B	GroupA_exclusive	TK91,TK92,TK93	DEL			3	0
ENSG00000270824	IGHD5OR15-5B	GroupA_exclusive	TK91,TK92,TK93	DEL			3	0
ENSG00000156755	IGKV1OR-2	GroupA_exclusive	TK91,TK92,TK93	DEL			3	0
ENSG00000233999	IGKV3OR2-268	GroupA_exclusive	TK91,TK92,TK93	DEL			3	0
ENSG00000254029	IGLC4	GroupA_exclusive	TK16,TK92,TK93	DEL			3	0
ENSG00000254030	IGLC5	GroupA_exclusive	TK16,TK92,TK93	DEL			3	0
ENSG00000222037	IGLC6	GroupA_exclusive	TK16,TK92,TK93	DEL			3	0
ENSG00000211685	IGLC7	GroupA_exclusive	TK16,TK92,TK93	DEL			3	0
ENSG00000211680	IGLJ4	GroupA_exclusive	TK16,TK92,TK93	DEL			3	0
ENSG00000211681	IGLJ5	GroupA_exclusive	TK16,TK92,TK93	DEL			3	0
ENSG00000211682	IGLJ6	GroupA_exclusive	TK16,TK92,TK93	DEL			3	0
ENSG00000211684	IGLJ7	GroupA_exclusive	TK16,TK92,TK93	DEL			3	0
ENSG00000211644	IGLV1-51	GroupA_exclusive	TK91,TK92,TK93	DEL			3	0
ENSG00000253823	IGLV1-62	GroupA_exclusive	TK91,TK92,TK93	DEL			3	0
ENSG00000211642	IGLV10-54	GroupA_exclusive	TK91,TK92,TK93	DEL			3	0
ENSG00000253794	IGLV10-67	GroupA_exclusive	TK91,TK92,TK93	DEL			3	0
ENSG00000211641	IGLV11-55	GroupA_exclusive	TK91,TK92,TK93	DEL			3	0
ENSG00000211639	IGLV4-60	GroupA_exclusive	TK91,TK92,TK93	DEL			3	0
ENSG00000211637	IGLV4-69	GroupA_exclusive	TK91,TK92,TK93	DEL			3	0
ENSG00000211643	IGLV5-52	GroupA_exclusive	TK91,TK92,TK93	DEL			3	0
ENSG00000211640	IGLV6-57	GroupA_exclusive	TK91,TK92,TK93	DEL			3	0
ENSG00000211638	IGLV8-61	GroupA_exclusive	TK91,TK92,TK93	DEL			3	0
ENSG00000253126	IGLVI-56	GroupA_exclusive	TK91,TK92,TK93	DEL			3	0
ENSG00000253752	IGLVI-63	GroupA_exclusive	TK91,TK92,TK93	DEL			3	0
ENSG00000254355	IGLVI-68	GroupA_exclusive	TK91,TK92,TK93	DEL			3	0
ENSG00000253239	IGLVI-70	GroupA_exclusive	TK91,TK92,TK93	DEL			3	0
ENSG00000253935	IGLVIV-53	GroupA_exclusive	TK91,TK92,TK93	DEL			3	0
ENSG00000254308	IGLVIV-59	GroupA_exclusive	TK91,TK92,TK93	DEL			3	0
ENSG00000253242	IGLVIV-64	GroupA_exclusive	TK91,TK92,TK93	DEL			3	0
ENSG00000254161	IGLVIV-65	GroupA_exclusive	TK91,TK92,TK93	DEL			3	0
ENSG00000253874	IGLVIV-66-1	GroupA_exclusive	TK91,TK92,TK93	DEL			3	0
ENSG00000253637	IGLVV-58	GroupA_exclusive	TK91,TK92,TK93	DEL			3	0
ENSG00000254075	IGLVV-66	GroupA_exclusive	TK91,TK92,TK93	DEL			3	0
ENSG00000113141	IK	GroupA_exclusive	TK91,TK92,TK93	DEL			3	0
ENSG00000275882	IKBKGP1	GroupA_exclusive	TK91,TK92,TK93	DEL			3	0
ENSG00000161405	IKZF3	GroupA_exclusive	TK91,TK92,TK93	DEL			3	0
ENSG00000147168	IL2RG	GroupA_exclusive	TK91,TK92,TK93	DEL			3	0
ENSG00000143624	INTS3	GroupA_exclusive	TK16,TK91,TK92	DEL			3	0
ENSG00000164669	INTS4P1	GroupA_exclusive	TK91,TK92,TK93	DEL			3	0
ENSG00000273024	INTS4P2	GroupA_exclusive	TK91,TK92,TK93	DEL			3	0
ENSG00000184216	IRAK1	GroupA_exclusive	TK91,TK92,TK93	DEL			3	0
ENSG00000198001	IRAK4	GroupA_exclusive	TK10,TK18,TK93	DEL			3	0
ENSG00000143127	ITGA10	GroupA_exclusive	TK91,TK92,TK93	DEL			3	0
ENSG00000171135	JAGN1	GroupA_exclusive	TK91,TK92,TK93	DEL			3	0
ENSG00000161677	JOSD2	GroupA_exclusive	TK10,TK16,TK18	DEL			3	0
ENSG00000167476	JSRP1	GroupA_exclusive	TK91,TK92,TK93	DEL			3	0
ENSG00000143543	JTB	GroupA_exclusive	TK91,TK92,TK93	DEL			3	0
ENSG00000083168	KAT6A	GroupA_exclusive	TK10,TK92,TK93	DEL			3	0
ENSG00000165572	KBTBD6	GroupA_exclusive	TK91,TK92,TK93	DEL			3	0
ENSG00000120696	KBTBD7	GroupA_exclusive	TK91,TK92,TK93	DEL			3	0
ENSG00000255855	KDM4F	GroupA_exclusive	TK91,TK92,TK93	DEL			3	0
ENSG00000186185	KIF18B	GroupA_exclusive	TK91,TK92,TK93	DEL			3	0
ENSG00000112984	KIF20A	GroupA_exclusive	TK91,TK92,TK93	DEL			3	0
ENSG00000116014	KISS1R	GroupA_exclusive	TK91,TK92,TK93	DEL			3	0
ENSG00000272333	KMT2B	GroupA_exclusive	TK91,TK92,TK93	DEL			3	0
ENSG00000167548	KMT2D	GroupA_exclusive	TK91,TK92,TK93	DEL			3	0
ENSG00000129347	KRI1	GroupA_exclusive	TK10,TK16,TK18	DEL			3	0
ENSG00000261987	KYNUP1	GroupA_exclusive	TK91,TK92,TK93	DEL			3	0
ENSG00000265746	KYNUP2	GroupA_exclusive	TK91,TK92,TK93	DEL			3	0
ENSG00000204381	LAYN	GroupA_exclusive	TK91,TK92,TK93	DEL			3	0
ENSG00000115850	LCT	GroupA_exclusive	TK91,TK92,TK93	DEL			3	0
ENSG00000226806	LCT-AS1	GroupA_exclusive	TK91,TK92,TK93	DEL			3	0
ENSG00000105609	LILRB5	GroupA_exclusive	TK91,TK92,TK93	DEL			3	0
ENSG00000225316	LINC00350	GroupA_exclusive	TK91,TK92,TK93	DEL			3	0
ENSG00000236834	LINC00421	GroupA_exclusive	TK91,TK92,TK93	DEL			3	0
ENSG00000183674	LINC00518	GroupA_exclusive	TK91,TK92,TK93	DEL			3	0
ENSG00000237854	LINC00674	GroupA_exclusive	TK91,TK92,TK93	DEL			3	0
ENSG00000285294	LINC00842	GroupA_exclusive	TK91,TK92,TK93	DEL			3	0
ENSG00000291158	LINC00869	GroupA_exclusive	TK91,TK92,TK93	DEL			3	0
ENSG00000274020	LINC01138	GroupA_exclusive	TK91,TK92,TK93	DEL			3	0
ENSG00000230174	LINC01149	GroupA_exclusive	TK91,TK92,TK93	DEL			3	0
ENSG00000232827	LINC01189	GroupA_exclusive	TK91,TK92,TK93	DEL			3	0
ENSG00000258710	LINC01193	GroupA_exclusive	TK91,TK92,TK93	DEL			3	0
ENSG00000270164	LINC01480	GroupA_exclusive	TK91,TK92,TK93	DEL			3	0
ENSG00000231221	LINC01593	GroupA_exclusive	TK91,TK92,TK93	DEL			3	0
ENSG00000225328	LINC01594	GroupA_exclusive	TK91,TK92,TK93	DEL			3	0
ENSG00000237476	LINC01637	GroupA_exclusive	TK18,TK91,TK92	DEL			3	0
ENSG00000279579	LINC01666	GroupA_exclusive	TK91,TK92,TK93	DEL			3	0
ENSG00000233396	LINC01719	GroupA_exclusive	TK91,TK92,TK93	DEL			3	0
ENSG00000234283	LINC01731	GroupA_exclusive	TK91,TK92,TK93	DEL			3	0
ENSG00000233421	LINC01783	GroupA_exclusive	TK91,TK92,TK93	DEL			3	0
ENSG00000280721	LINC01943	GroupA_exclusive	TK91,TK92,TK93	DEL			3	0
ENSG00000281477	LINC01955	GroupA_exclusive	TK91,TK92,TK93	DEL			3	0
ENSG00000262031	LINC01974	GroupA_exclusive	TK91,TK92,TK93	DEL			3	0
ENSG00000250885	LINC02061	GroupA_exclusive	TK91,TK92,TK93	DEL			3	0
ENSG00000246876	LINC02466	GroupA_exclusive	TK91,TK92,TK93	DEL			3	0
ENSG00000231056	LINC02522	GroupA_exclusive	TK91,TK92,TK93	DEL			3	0
ENSG00000272430	LINC02637	GroupA_exclusive	TK91,TK92,TK93	DEL			3	0
ENSG00000264404	LINC02675	GroupA_exclusive	TK91,TK92,TK93	DEL			3	0
ENSG00000232265	LINC02805	GroupA_exclusive	TK91,TK92,TK93	DEL			3	0
ENSG00000238107	LINC02806	GroupA_exclusive	TK91,TK92,TK93	DEL			3	0
ENSG00000221953	LINC02897	GroupA_exclusive	TK91,TK92,TK93	DEL			3	0
ENSG00000290926	LINC03006	GroupA_exclusive	TK91,TK92,TK93	DEL			3	0
ENSG00000290873	LINC03009	GroupA_exclusive	TK91,TK92,TK93	DEL			3	0
ENSG00000234222	LIX1L-AS1	GroupA_exclusive	TK91,TK92,TK93	DEL			3	0
ENSG00000258420	LONRF2P3	GroupA_exclusive	TK91,TK92,TK93	DEL			3	0
ENSG00000176681	LRRC37A	GroupA_exclusive	TK91,TK92,TK93	DEL			3	0
ENSG00000267023	LRRC37A16P	GroupA_exclusive	TK91,TK92,TK93	DEL			3	0
ENSG00000263142	LRRC37A17P	GroupA_exclusive	TK91,TK92,TK93	DEL			3	0
ENSG00000214425	LRRC37A4P	GroupA_exclusive	TK91,TK92,TK93	DEL			3	0
ENSG00000187905	LRRC74B	GroupA_exclusive	TK18,TK91,TK92	DEL			3	0
ENSG00000213316	LTC4S	GroupA_exclusive	TK91,TK92,TK93	DEL			3	0
ENSG00000178573	MAF	GroupA_exclusive	TK10,TK92,TK93	DEL			3	0
ENSG00000213401	MAGEA12	GroupA_exclusive	TK91,TK92,TK93	DEL			3	0
ENSG00000183305	MAGEA2B	GroupA_exclusive	TK91,TK92,TK93	DEL			3	0
ENSG00000221867	MAGEA3	GroupA_exclusive	TK91,TK92,TK93	DEL			3	0
ENSG00000214070	MANEALP1	GroupA_exclusive	TK91,TK92,TK93	DEL			3	0
ENSG00000166783	MARF1	GroupA_exclusive	TK10,TK91,TK93	DEL			3	0
ENSG00000168906	MAT2A	GroupA_exclusive	TK91,TK92,TK93	DEL			3	0
ENSG00000088888	MAVS	GroupA_exclusive	TK91,TK92,TK93	DEL			3	0
ENSG00000129071	MBD4	GroupA_exclusive	TK91,TK92,TK93	DEL			3	0
ENSG00000140563	MCTP2	GroupA_exclusive	TK10,TK16,TK18	DEL			3	0
ENSG00000111554	MDM1	GroupA_exclusive	TK10,TK16,TK18	DEL			3	0
ENSG00000135679	MDM2	GroupA_exclusive	TK91,TK92,TK93	DEL			3	0
ENSG00000180182	MED14	GroupA_exclusive	TK10,TK91,TK92	DEL			3	0
ENSG00000112282	MED23	GroupA_exclusive	TK10,TK18,TK92	DEL			3	0
ENSG00000161013	MGAT4B	GroupA_exclusive	TK91,TK92,TK93	DEL			3	0
ENSG00000286940	MICB-DT	GroupA_exclusive	TK91,TK92,TK93	DEL			3	0
ENSG00000226577	MICC	GroupA_exclusive	TK91,TK92,TK93	DEL			3	0
ENSG00000173436	MICOS10	GroupA_exclusive	TK91,TK92,TK93	DEL			3	0
ENSG00000221394	MIR1229	GroupA_exclusive	TK91,TK92,TK93	DEL			3	0
ENSG00000221649	MIR1233-1	GroupA_exclusive	TK91,TK92,TK93	DEL			3	0
ENSG00000283958	MIR1248	GroupA_exclusive	TK91,TK92,TK93	DEL			3	0
ENSG00000284564	MIR3064	GroupA_exclusive	TK91,TK92,TK93	DEL			3	0
ENSG00000265322	MIR3118-2	GroupA_exclusive	TK91,TK92,TK93	DEL			3	0
ENSG00000207811	MIR34B	GroupA_exclusive	TK91,TK92,TK93	DEL			3	0
ENSG00000286028	MIR34BHG	GroupA_exclusive	TK91,TK92,TK93	DEL			3	0
ENSG00000207562	MIR34C	GroupA_exclusive	TK91,TK92,TK93	DEL			3	0
ENSG00000275708	MIR3648-1	GroupA_exclusive	TK91,TK92,TK93	DEL			3	0
ENSG00000264462	MIR3648-2	GroupA_exclusive	TK91,TK92,TK93	DEL			3	0
ENSG00000264934	MIR4265	GroupA_exclusive	TK10,TK92,TK93	DEL			3	0
ENSG00000265965	MIR4266	GroupA_exclusive	TK10,TK92,TK93	DEL			3	0
ENSG00000265507	MIR4435-1	GroupA_exclusive	TK91,TK92,TK93	DEL			3	0
ENSG00000266039	MIR4509-2	GroupA_exclusive	TK10,TK91,TK92	DEL			3	0
ENSG00000263964	MIR4509-3	GroupA_exclusive	TK10,TK91,TK92	DEL			3	0
ENSG00000265954	MIR4749	GroupA_exclusive	TK91,TK92,TK93	DEL			3	0
ENSG00000264793	MIR4771-1	GroupA_exclusive	TK91,TK92,TK93	DEL			3	0
ENSG00000284368	MIR5047	GroupA_exclusive	TK91,TK92,TK93	DEL			3	0
ENSG00000283676	MIR5087	GroupA_exclusive	TK91,TK92,TK93	DEL			3	0
ENSG00000264999	MIR5089	GroupA_exclusive	TK91,TK92,TK93	DEL			3	0
ENSG00000221275	MIR548I2	GroupA_exclusive	TK91,TK92,TK93	DEL			3	0
ENSG00000263705	MIR5689	GroupA_exclusive	TK91,TK92,TK93	DEL			3	0
ENSG00000229401	MIR5689HG	GroupA_exclusive	TK91,TK92,TK93	DEL			3	0
ENSG00000266545	MIR5701-1	GroupA_exclusive	TK91,TK92,TK93	DEL			3	0
ENSG00000278596	MIR6077	GroupA_exclusive	TK91,TK92,TK93	DEL			3	0
ENSG00000283791	MIR612	GroupA_exclusive	TK91,TK92,TK93	DEL			3	0
ENSG00000207575	MIR649	GroupA_exclusive	TK18,TK91,TK92	DEL			3	0
ENSG00000273613	MIR6511A4	GroupA_exclusive	TK10,TK91,TK92	DEL			3	0
ENSG00000275950	MIR6724-1	GroupA_exclusive	TK91,TK92,TK93	DEL			3	0
ENSG00000278549	MIR6736	GroupA_exclusive	TK91,TK92,TK93	DEL			3	0
ENSG00000277817	MIR6738	GroupA_exclusive	TK91,TK92,TK93	DEL			3	0
ENSG00000283840	MIR6764	GroupA_exclusive	TK91,TK92,TK93	DEL			3	0
ENSG00000273555	MIR6812	GroupA_exclusive	TK91,TK92,TK93	DEL			3	0
ENSG00000275429	MIR6862-1	GroupA_exclusive	TK16,TK91,TK92	DEL			3	0
ENSG00000284179	MIR7-1	GroupA_exclusive	TK91,TK92,TK93	DEL			3	0
ENSG00000148773	MKI67	GroupA_exclusive	TK91,TK92,TK93	DEL			3	0
ENSG00000108788	MLX	GroupA_exclusive	TK91,TK92,TK93	DEL			3	0
ENSG00000261497	MPHOSPH10P7	GroupA_exclusive	TK10,TK91,TK92	DEL			3	0
ENSG00000196199	MPHOSPH8	GroupA_exclusive	TK91,TK92,TK93	DEL			3	0
ENSG00000159111	MRPL10	GroupA_exclusive	TK91,TK92,TK93	DEL			3	0
ENSG00000166902	MRPL16	GroupA_exclusive	TK10,TK16,TK18	DEL			3	0
ENSG00000215349	MRPL3P1	GroupA_exclusive	TK91,TK92,TK93	DEL			3	0
ENSG00000238076	MRPL48P1	GroupA_exclusive	TK91,TK92,TK93	DEL			3	0
ENSG00000183617	MRPL54	GroupA_exclusive	TK10,TK16,TK18	DEL			3	0
ENSG00000232894	MRPS31P2	GroupA_exclusive	TK91,TK92,TK93	DEL			3	0
ENSG00000188895	MSL1	GroupA_exclusive	TK91,TK92,TK93	DEL			3	0
ENSG00000248527	MTATP6P1	GroupA_exclusive	TK91,TK92,TK93	DEL			3	0
ENSG00000237948	MTATP6P20	GroupA_exclusive	TK91,TK92,TK93	DEL			3	0
ENSG00000240409	MTATP8P1	GroupA_exclusive	TK91,TK92,TK93	DEL			3	0
ENSG00000280243	MTCO1P1	GroupA_exclusive	TK91,TK92,TK93	DEL			3	0
ENSG00000237973	MTCO1P12	GroupA_exclusive	TK91,TK92,TK93	DEL			3	0
ENSG00000233764	MTCO1P20	GroupA_exclusive	TK91,TK92,TK93	DEL			3	0
ENSG00000229344	MTCO2P12	GroupA_exclusive	TK91,TK92,TK93	DEL			3	0
ENSG00000231576	MTCO2P20	GroupA_exclusive	TK91,TK92,TK93	DEL			3	0
ENSG00000198744	MTCO3P12	GroupA_exclusive	TK91,TK92,TK93	DEL			3	0
ENSG00000225557	MTCO3P20	GroupA_exclusive	TK91,TK92,TK93	DEL			3	0
ENSG00000268736	MTCO3P39	GroupA_exclusive	TK91,TK92,TK93	DEL			3	0
ENSG00000237129	MTCYBP34	GroupA_exclusive	TK91,TK92,TK93	DEL			3	0
ENSG00000117640	MTFR1L	GroupA_exclusive	TK91,TK92,TK93	DEL			3	0
ENSG00000085760	MTIF2	GroupA_exclusive	TK16,TK18,TK91	DEL			3	0
ENSG00000229088	MTND1P10	GroupA_exclusive	TK91,TK92,TK93	DEL			3	0
ENSG00000225972	MTND1P23	GroupA_exclusive	TK91,TK92,TK93	DEL			3	0
ENSG00000225630	MTND2P28	GroupA_exclusive	TK91,TK92,TK93	DEL			3	0
ENSG00000248946	MTND3P22	GroupA_exclusive	TK91,TK92,TK93	DEL			3	0
ENSG00000242086	MUC20-OT1	GroupA_exclusive	TK91,TK92,TK93	DEL			3	0
ENSG00000132382	MYBBP1A	GroupA_exclusive	TK91,TK92,TK93	DEL			3	0
ENSG00000134323	MYCN	GroupA_exclusive	TK91,TK92,TK93	DEL			3	0
ENSG00000104177	MYEF2	GroupA_exclusive	TK10,TK16,TK18	DEL			3	0
ENSG00000264235	MYL12-AS1	GroupA_exclusive	TK91,TK92,TK93	DEL			3	0
ENSG00000101608	MYL12A	GroupA_exclusive	TK91,TK92,TK93	DEL			3	0
ENSG00000092841	MYL6	GroupA_exclusive	TK91,TK92,TK93	DEL			3	0
ENSG00000136286	MYO1G	GroupA_exclusive	TK91,TK92,TK93	DEL			3	0
ENSG00000170476	MZB1	GroupA_exclusive	TK91,TK92,TK93	DEL			3	0
ENSG00000275319	Metazoa_SRP	GroupA_exclusive	TK91,TK92,TK93	DEL			3	0
ENSG00000275362	Metazoa_SRP	GroupA_exclusive	TK91,TK92,TK93	DEL			3	0
ENSG00000276823	Metazoa_SRP	GroupA_exclusive	TK10,TK16,TK18	DEL			3	0
ENSG00000276955	Metazoa_SRP	GroupA_exclusive	TK10,TK91,TK92	DEL			3	0
ENSG00000249437	NAIP	GroupA_exclusive	TK91,TK92,TK93	DEL			3	0
ENSG00000251634	NAIPP4	GroupA_exclusive	TK91,TK92,TK93	DEL			3	0
ENSG00000213995	NAXD	GroupA_exclusive	TK16,TK91,TK92	DEL			3	0
ENSG00000163382	NAXE	GroupA_exclusive	TK91,TK92,TK93	DEL			3	0
ENSG00000160796	NBEAL2	GroupA_exclusive	TK91,TK92,TK93	DEL			3	0
ENSG00000258883	NBEAP4	GroupA_exclusive	TK91,TK92,TK93	DEL			3	0
ENSG00000271425	NBPF10	GroupA_exclusive	TK91,TK92,TK93	DEL			3	0
ENSG00000263956	NBPF11	GroupA_exclusive	TK91,TK92,TK93	DEL			3	0
ENSG00000162825	NBPF20	GroupA_exclusive	TK91,TK92,TK93	DEL			3	0
ENSG00000272150	NBPF25P	GroupA_exclusive	TK91,TK92,TK93	DEL			3	0
ENSG00000291005	NBPF25P	GroupA_exclusive	TK91,TK92,TK93	DEL			3	0
ENSG00000151503	NCAPD3	GroupA_exclusive	TK10,TK16,TK18	DEL			3	0
ENSG00000250290	NCAPGP1	GroupA_exclusive	TK10,TK18,TK92	DEL			3	0
ENSG00000125356	NDUFA1	GroupA_exclusive	TK10,TK16,TK18	DEL			3	0
ENSG00000140990	NDUFB10	GroupA_exclusive	TK91,TK92,TK93	DEL			3	0
ENSG00000147123	NDUFB11	GroupA_exclusive	TK91,TK92,TK93	DEL			3	0
ENSG00000277367	NEK2P1	GroupA_exclusive	TK91,TK92,TK93	DEL			3	0
ENSG00000215041	NEURL4	GroupA_exclusive	TK91,TK92,TK93	DEL			3	0
ENSG00000270831	NF1P1	GroupA_exclusive	TK91,TK92,TK93	DEL			3	0
ENSG00000277529	NF1P10	GroupA_exclusive	TK91,TK92,TK93	DEL			3	0
ENSG00000260853	NFATC2IP-AS1	GroupA_exclusive	TK10,TK91,TK92	DEL			3	0
ENSG00000231504	NMD3P2	GroupA_exclusive	TK91,TK92,TK93	DEL			3	0
ENSG00000243678	NME2	GroupA_exclusive	TK10,TK16,TK18	DEL			3	0
ENSG00000103512	NOMO1	GroupA_exclusive	TK18,TK92,TK93	DEL			3	0
ENSG00000264343	NOTCH2NLA	GroupA_exclusive	TK91,TK92,TK93	DEL			3	0
ENSG00000286106	NOTCH2NLR	GroupA_exclusive	TK91,TK92,TK93	DEL			3	0
ENSG00000198156	NPIPB6	GroupA_exclusive	TK16,TK91,TK92	DEL			3	0
ENSG00000196993	NPIPB9	GroupA_exclusive	TK91,TK92,TK93	DEL			3	0
ENSG00000204174	NPY4R	GroupA_exclusive	TK91,TK92,TK93	DEL			3	0
ENSG00000264717	NPY4R2	GroupA_exclusive	TK91,TK92,TK93	DEL			3	0
ENSG00000119720	NRDE2	GroupA_exclusive	TK16,TK91,TK92	DEL			3	0
ENSG00000073969	NSF	GroupA_exclusive	TK91,TK92,TK93	DEL			3	0
ENSG00000258524	NT5CP1	GroupA_exclusive	TK91,TK92,TK93	DEL			3	0
ENSG00000258408	NT5CP2	GroupA_exclusive	TK91,TK92,TK93	DEL			3	0
ENSG00000065057	NTHL1	GroupA_exclusive	TK10,TK18,TK91	DEL			3	0
ENSG00000095906	NUBP2	GroupA_exclusive	TK91,TK92,TK93	DEL			3	0
ENSG00000198585	NUDT16	GroupA_exclusive	TK91,TK92,TK93	DEL			3	0
ENSG00000186364	NUDT17	GroupA_exclusive	TK91,TK92,TK93	DEL			3	0
ENSG00000270900	NUDT19P4	GroupA_exclusive	TK91,TK92,TK93	DEL			3	0
ENSG00000108256	NUFIP2	GroupA_exclusive	TK16,TK18,TK92	DEL			3	0
ENSG00000111335	OAS2	GroupA_exclusive	TK91,TK92,TK93	DEL			3	0
ENSG00000230847	OCLNP1	GroupA_exclusive	TK91,TK92,TK93	DEL			3	0
ENSG00000198408	OGA	GroupA_exclusive	TK10,TK16,TK18	DEL			3	0
ENSG00000060491	OGFR	GroupA_exclusive	TK10,TK16,TK18	DEL			3	0
ENSG00000082556	OPRK1	GroupA_exclusive	TK91,TK92,TK93	DEL			3	0
ENSG00000258855	OR11J2P	GroupA_exclusive	TK91,TK92,TK93	DEL			3	0
ENSG00000258494	OR11J5P	GroupA_exclusive	TK91,TK92,TK93	DEL			3	0
ENSG00000185372	OR2V1	GroupA_exclusive	TK91,TK92,TK93	DEL			3	0
ENSG00000182613	OR2V2	GroupA_exclusive	TK91,TK92,TK93	DEL			3	0
ENSG00000284662	OR4F16	GroupA_exclusive	TK91,TK92,TK93	DEL			3	0
ENSG00000279445	OR4N3BP	GroupA_exclusive	TK91,TK92,TK93	DEL			3	0
ENSG00000181803	OR6S1	GroupA_exclusive	TK91,TK92,TK93	DEL			3	0
ENSG00000179799	OR7E22P	GroupA_exclusive	TK91,TK92,TK93	DEL			3	0
ENSG00000230655	OR7E55P	GroupA_exclusive	TK91,TK92,TK93	DEL			3	0
ENSG00000249866	OR7E83P	GroupA_exclusive	TK91,TK92,TK93	DEL			3	0
ENSG00000284689	OR7E84P	GroupA_exclusive	TK91,TK92,TK93	DEL			3	0
ENSG00000250884	OR7E85P	GroupA_exclusive	TK91,TK92,TK93	DEL			3	0
ENSG00000248364	OR7E86P	GroupA_exclusive	TK91,TK92,TK93	DEL			3	0
ENSG00000175938	ORAI3	GroupA_exclusive	TK10,TK18,TK93	DEL			3	0
ENSG00000228278	ORM2	GroupA_exclusive	TK91,TK92,TK93	DEL			3	0
ENSG00000172057	ORMDL3	GroupA_exclusive	TK91,TK92,TK93	DEL			3	0
ENSG00000154814	OXNAD1	GroupA_exclusive	TK10,TK16,TK18	DEL			3	0
ENSG00000108405	P2RX1	GroupA_exclusive	TK91,TK92,TK93	DEL			3	0
ENSG00000099957	P2RX6	GroupA_exclusive	TK18,TK91,TK92	DEL			3	0
ENSG00000206145	P2RX6P	GroupA_exclusive	TK18,TK91,TK92	DEL			3	0
ENSG00000090621	PABPC4	GroupA_exclusive	TK91,TK92,TK93	DEL			3	0
ENSG00000255875	PABPN1P2	GroupA_exclusive	TK91,TK92,TK93	DEL			3	0
ENSG00000214354	PAFAH1B1P1	GroupA_exclusive	TK91,TK92,TK93	DEL			3	0
ENSG00000079462	PAFAH1B3	GroupA_exclusive	TK91,TK92,TK93	DEL			3	0
ENSG00000124374	PAIP2B	GroupA_exclusive	TK91,TK92,TK93	DEL			3	0
ENSG00000178685	PARP10	GroupA_exclusive	TK10,TK91,TK92	DEL			3	0
ENSG00000224976	PARP4P2	GroupA_exclusive	TK91,TK92,TK93	DEL			3	0
ENSG00000163346	PBXIP1	GroupA_exclusive	TK91,TK92,TK93	DEL			3	0
ENSG00000175198	PCCA	GroupA_exclusive	TK91,TK92,TK93	DEL			3	0
ENSG00000120324	PCDHB10	GroupA_exclusive	TK91,TK92,TK93	DEL			3	0
ENSG00000197479	PCDHB11	GroupA_exclusive	TK91,TK92,TK93	DEL			3	0
ENSG00000120328	PCDHB12	GroupA_exclusive	TK91,TK92,TK93	DEL			3	0
ENSG00000187372	PCDHB13	GroupA_exclusive	TK91,TK92,TK93	DEL			3	0
ENSG00000272674	PCDHB16	GroupA_exclusive	TK91,TK92,TK93	DEL			3	0
ENSG00000177839	PCDHB9	GroupA_exclusive	TK91,TK92,TK93	DEL			3	0
ENSG00000197136	PCNX3	GroupA_exclusive	TK10,TK92,TK93	DEL			3	0
ENSG00000275131	PDE4DIPP2	GroupA_exclusive	TK91,TK92,TK93	DEL			3	0
ENSG00000275064	PDE4DIPP5	GroupA_exclusive	TK91,TK92,TK93	DEL			3	0
ENSG00000231551	PDE4DIPP6	GroupA_exclusive	TK91,TK92,TK93	DEL			3	0
ENSG00000225710	PDE4DIPP8	GroupA_exclusive	TK91,TK92,TK93	DEL			3	0
ENSG00000233360	PDXP-DT	GroupA_exclusive	TK10,TK16,TK18	DEL			3	0
ENSG00000174827	PDZK1	GroupA_exclusive	TK91,TK92,TK93	DEL			3	0
ENSG00000108518	PFN1	GroupA_exclusive	TK91,TK92,TK93	DEL			3	0
ENSG00000234367	PFN1P3	GroupA_exclusive	TK91,TK92,TK93	DEL			3	0
ENSG00000225080	PFN1P4	GroupA_exclusive	TK91,TK92,TK93	DEL			3	0
ENSG00000171314	PGAM1	GroupA_exclusive	TK91,TK92,TK93	DEL			3	0
ENSG00000125149	PHAF1	GroupA_exclusive	TK10,TK91,TK92	DEL			3	0
ENSG00000213091	PHB1P1	GroupA_exclusive	TK91,TK92,TK93	DEL			3	0
ENSG00000262648	PHB1P15	GroupA_exclusive	TK91,TK92,TK93	DEL			3	0
ENSG00000254512	PHB1P2	GroupA_exclusive	TK10,TK16,TK18	DEL			3	0
ENSG00000172943	PHF8	GroupA_exclusive	TK10,TK16,TK18	DEL			3	0
ENSG00000274602	PI4KAP1	GroupA_exclusive	TK91,TK92,TK93	DEL			3	0
ENSG00000290425	PI4KAP1	GroupA_exclusive	TK91,TK92,TK93	DEL			3	0
ENSG00000131788	PIAS3	GroupA_exclusive	TK91,TK92,TK93	DEL			3	0
ENSG00000166908	PIP4K2C	GroupA_exclusive	TK10,TK16,TK18	DEL			3	0
ENSG00000069011	PITX1	GroupA_exclusive	TK91,TK92,TK93	DEL			3	0
ENSG00000205746	PKD1P4	GroupA_exclusive	TK10,TK91,TK92	DEL			3	0
ENSG00000278528	PLA2G10KP	GroupA_exclusive	TK91,TK92,TK93	DEL			3	0
ENSG00000137055	PLAA	GroupA_exclusive	TK16,TK91,TK92	DEL			3	0
ENSG00000176485	PLAAT3	GroupA_exclusive	TK10,TK16,TK18	DEL			3	0
ENSG00000106397	PLOD3	GroupA_exclusive	TK91,TK92,TK93	DEL			3	0
ENSG00000102007	PLP2	GroupA_exclusive	TK91,TK92,TK93	DEL			3	0
ENSG00000147535	PLPP5	GroupA_exclusive	TK91,TK92,TK93	DEL			3	0
ENSG00000114554	PLXNA1	GroupA_exclusive	TK10,TK91,TK92	DEL			3	0
ENSG00000196576	PLXNB2	GroupA_exclusive	TK91,TK92,TK93	DEL			3	0
ENSG00000165688	PMPCA	GroupA_exclusive	TK10,TK16,TK18	DEL			3	0
ENSG00000127957	PMS2P3	GroupA_exclusive	TK91,TK92,TK93	DEL			3	0
ENSG00000291092	PMS2P3	GroupA_exclusive	TK91,TK92,TK93	DEL			3	0
ENSG00000115946	PNO1	GroupA_exclusive	TK16,TK18,TK93	DEL			3	0
ENSG00000189266	PNRC2	GroupA_exclusive	TK91,TK92,TK93	DEL			3	0
ENSG00000062822	POLD1	GroupA_exclusive	TK91,TK92,TK93	DEL			3	0
ENSG00000148229	POLE3	GroupA_exclusive	TK91,TK92,TK93	DEL			3	0
ENSG00000099817	POLR2E	GroupA_exclusive	TK16,TK18,TK92	DEL			3	0
ENSG00000168002	POLR2G	GroupA_exclusive	TK10,TK16,TK18	DEL			3	0
ENSG00000163882	POLR2H	GroupA_exclusive	TK91,TK92,TK93	DEL			3	0
ENSG00000239511	POM121L7P	GroupA_exclusive	TK18,TK91,TK92	DEL			3	0
ENSG00000229266	POM121L8P	GroupA_exclusive	TK18,TK91,TK92	DEL			3	0
ENSG00000146707	POMZP3	GroupA_exclusive	TK91,TK92,TK93	DEL			3	0
ENSG00000224897	POT1-AS1	GroupA_exclusive	TK91,TK92,TK93	DEL			3	0
ENSG00000230031	POTEB2	GroupA_exclusive	TK91,TK92,TK93	DEL			3	0
ENSG00000130810	PPAN	GroupA_exclusive	TK91,TK92,TK93	DEL			3	0
ENSG00000196262	PPIA	GroupA_exclusive	TK91,TK92,TK93	DEL			3	0
ENSG00000288867	PPIAL4C	GroupA_exclusive	TK91,TK92,TK93	DEL			3	0
ENSG00000236334	PPIAL4G	GroupA_exclusive	TK91,TK92,TK93	DEL			3	0
ENSG00000249092	PPIAP77	GroupA_exclusive	TK91,TK92,TK93	DEL			3	0
ENSG00000168781	PPIP5K1	GroupA_exclusive	TK91,TK92,TK93	DEL			3	0
ENSG00000270889	PPP1R14BP4	GroupA_exclusive	TK91,TK92,TK93	DEL			3	0
ENSG00000158615	PPP1R15B	GroupA_exclusive	TK91,TK92,TK93	DEL			3	0
ENSG00000275060	PPP1R26P3	GroupA_exclusive	TK91,TK92,TK93	DEL			3	0
ENSG00000271662	PPP4R2P6	GroupA_exclusive	TK91,TK92,TK93	DEL			3	0
ENSG00000100796	PPP4R3A	GroupA_exclusive	TK91,TK92,TK93	DEL			3	0
ENSG00000119414	PPP6C	GroupA_exclusive	TK18,TK91,TK92	DEL			3	0
ENSG00000187545	PRAMEF10	GroupA_exclusive	TK91,TK92,TK93	DEL			3	0
ENSG00000120952	PRAMEF2	GroupA_exclusive	TK91,TK92,TK93	DEL			3	0
ENSG00000229571	PRAMEF25	GroupA_exclusive	TK91,TK92,TK93	DEL			3	0
ENSG00000274764	PRAMEF27	GroupA_exclusive	TK91,TK92,TK93	DEL			3	0
ENSG00000274178	PRAMEF28P	GroupA_exclusive	TK91,TK92,TK93	DEL			3	0
ENSG00000234064	PRAMEF29P	GroupA_exclusive	TK91,TK92,TK93	DEL			3	0
ENSG00000277862	PRAMEF34P	GroupA_exclusive	TK91,TK92,TK93	DEL			3	0
ENSG00000236179	PRAMEF35P	GroupA_exclusive	TK91,TK92,TK93	DEL			3	0
ENSG00000243073	PRAMEF4	GroupA_exclusive	TK91,TK92,TK93	DEL			3	0
ENSG00000232423	PRAMEF6	GroupA_exclusive	TK91,TK92,TK93	DEL			3	0
ENSG00000204510	PRAMEF7	GroupA_exclusive	TK91,TK92,TK93	DEL			3	0
ENSG00000197549	PRAMENP	GroupA_exclusive	TK91,TK92,TK93	DEL			3	0
ENSG00000290847	PRAMENP	GroupA_exclusive	TK91,TK92,TK93	DEL			3	0
ENSG00000258725	PRC1-AS1	GroupA_exclusive	TK10,TK16,TK18	DEL			3	0
ENSG00000169230	PRELID1	GroupA_exclusive	TK91,TK92,TK93	DEL			3	0
ENSG00000251163	PRELID3BP4	GroupA_exclusive	TK91,TK92,TK93	DEL			3	0
ENSG00000251656	PRELID3BP5	GroupA_exclusive	TK91,TK92,TK93	DEL			3	0
ENSG00000249516	PRELID3BP6	GroupA_exclusive	TK91,TK92,TK93	DEL			3	0
ENSG00000250711	PRELID3BP7	GroupA_exclusive	TK91,TK92,TK93	DEL			3	0
ENSG00000270741	PRELID3BP8	GroupA_exclusive	TK91,TK92,TK93	DEL			3	0
ENSG00000132356	PRKAA1	GroupA_exclusive	TK91,TK92,TK93	DEL			3	0
ENSG00000100462	PRMT5	GroupA_exclusive	TK91,TK92,TK93	DEL			3	0
ENSG00000232630	PRPS1P2	GroupA_exclusive	TK18,TK91,TK92	DEL			3	0
ENSG00000126464	PRR12	GroupA_exclusive	TK10,TK16,TK18	DEL			3	0
ENSG00000184838	PRR16	GroupA_exclusive	TK91,TK92,TK93	DEL			3	0
ENSG00000159377	PSMB4	GroupA_exclusive	TK91,TK92,TK93	DEL			3	0
ENSG00000204264	PSMB8	GroupA_exclusive	TK91,TK92,TK93	DEL			3	0
ENSG00000175166	PSMD2	GroupA_exclusive	TK91,TK92,TK93	DEL			3	0
ENSG00000159352	PSMD4	GroupA_exclusive	TK91,TK92,TK93	DEL			3	0
ENSG00000095261	PSMD5	GroupA_exclusive	TK91,TK92,TK93	DEL			3	0
ENSG00000103035	PSMD7	GroupA_exclusive	TK10,TK16,TK18	DEL			3	0
ENSG00000092010	PSME1	GroupA_exclusive	TK91,TK92,TK93	DEL			3	0
ENSG00000121390	PSPC1	GroupA_exclusive	TK91,TK92,TK93	DEL			3	0
ENSG00000226352	PSPC1-AS2	GroupA_exclusive	TK91,TK92,TK93	DEL			3	0
ENSG00000227879	PSPC1P1	GroupA_exclusive	TK91,TK92,TK93	DEL			3	0
ENSG00000148334	PTGES2	GroupA_exclusive	TK91,TK92,TK93	DEL			3	0
ENSG00000104960	PTOV1	GroupA_exclusive	TK91,TK92,TK93	DEL			3	0
ENSG00000268006	PTOV1-AS1	GroupA_exclusive	TK91,TK92,TK93	DEL			3	0
ENSG00000269352	PTOV1-AS2	GroupA_exclusive	TK91,TK92,TK93	DEL			3	0
ENSG00000110536	PTPMT1	GroupA_exclusive	TK10,TK18,TK93	DEL			3	0
ENSG00000111679	PTPN6	GroupA_exclusive	TK91,TK92,TK93	DEL			3	0
ENSG00000183255	PTTG1IP	GroupA_exclusive	TK10,TK18,TK92	DEL			3	0
ENSG00000279050	PWAR1	GroupA_exclusive	TK91,TK92,TK93	DEL			3	0
ENSG00000289721	PYDC5	GroupA_exclusive	TK91,TK92,TK93	DEL			3	0
ENSG00000163564	PYHIN1	GroupA_exclusive	TK91,TK92,TK93	DEL			3	0
ENSG00000101084	RAB5IF	GroupA_exclusive	TK10,TK16,TK18	DEL			3	0
ENSG00000177548	RABEP2	GroupA_exclusive	TK10,TK18,TK91	DEL			3	0
ENSG00000154710	RABGEF1	GroupA_exclusive	TK91,TK92,TK93	DEL			3	0
ENSG00000218358	RAET1K	GroupA_exclusive	TK91,TK92,TK93	DEL			3	0
ENSG00000290917	RAET1K	GroupA_exclusive	TK91,TK92,TK93	DEL			3	0
ENSG00000155918	RAET1L	GroupA_exclusive	TK91,TK92,TK93	DEL			3	0
ENSG00000216444	RAET1M	GroupA_exclusive	TK91,TK92,TK93	DEL			3	0
ENSG00000100401	RANGAP1	GroupA_exclusive	TK10,TK16,TK18	DEL			3	0
ENSG00000236603	RANP1	GroupA_exclusive	TK91,TK92,TK93	DEL			3	0
ENSG00000161847	RAVER1	GroupA_exclusive	TK10,TK16,TK18	DEL			3	0
ENSG00000226485	RBM22P3	GroupA_exclusive	TK91,TK92,TK93	DEL			3	0
ENSG00000277769	RBM22P4	GroupA_exclusive	TK91,TK92,TK93	DEL			3	0
ENSG00000265241	RBM8A	GroupA_exclusive	TK91,TK92,TK93	DEL			3	0
ENSG00000147274	RBMX	GroupA_exclusive	TK91,TK92,TK93	DEL			3	0
ENSG00000267708	RDM1P3	GroupA_exclusive	TK91,TK92,TK93	DEL			3	0
ENSG00000196862	RGPD4	GroupA_exclusive	TK91,TK92,TK93	DEL			3	0
ENSG00000169220	RGS14	GroupA_exclusive	TK10,TK16,TK18	DEL			3	0
ENSG00000229927	RHEBP1	GroupA_exclusive	TK91,TK92,TK93	DEL			3	0
ENSG00000226964	RHEBP2	GroupA_exclusive	TK91,TK92,TK93	DEL			3	0
ENSG00000275793	RIMBP3	GroupA_exclusive	TK91,TK92,TK93	DEL			3	0
ENSG00000222630	RN7SKP131	GroupA_exclusive	TK91,TK92,TK93	DEL			3	0
ENSG00000222448	RN7SKP150	GroupA_exclusive	TK91,TK92,TK93	DEL			3	0
ENSG00000222376	RN7SKP152	GroupA_exclusive	TK91,TK92,TK93	DEL			3	0
ENSG00000264573	RN7SL15P	GroupA_exclusive	TK91,TK92,TK93	DEL			3	0
ENSG00000275014	RN7SL166P	GroupA_exclusive	TK91,TK92,TK93	DEL			3	0
ENSG00000276891	RN7SL238P	GroupA_exclusive	TK10,TK91,TK92	DEL			3	0
ENSG00000274186	RN7SL248P	GroupA_exclusive	TK91,TK92,TK93	DEL			3	0
ENSG00000277198	RN7SL270P	GroupA_exclusive	TK91,TK92,TK93	DEL			3	0
ENSG00000240490	RN7SL277P	GroupA_exclusive	TK91,TK92,TK93	DEL			3	0
ENSG00000276014	RN7SL301P	GroupA_exclusive	TK91,TK92,TK93	DEL			3	0
ENSG00000243059	RN7SL400P	GroupA_exclusive	TK91,TK92,TK93	DEL			3	0
ENSG00000276544	RN7SL453P	GroupA_exclusive	TK91,TK92,TK93	DEL			3	0
ENSG00000240847	RN7SL497P	GroupA_exclusive	TK91,TK92,TK93	DEL			3	0
ENSG00000241420	RN7SL505P	GroupA_exclusive	TK91,TK92,TK93	DEL			3	0
ENSG00000265052	RN7SL622P	GroupA_exclusive	TK91,TK92,TK93	DEL			3	0
ENSG00000277467	RN7SL628P	GroupA_exclusive	TK91,TK92,TK93	DEL			3	0
ENSG00000265411	RN7SL656P	GroupA_exclusive	TK91,TK92,TK93	DEL			3	0
ENSG00000278233	RNA5-8SN2	GroupA_exclusive	TK91,TK92,TK93	DEL			3	0
ENSG00000252307	RNA5SP153	GroupA_exclusive	TK91,TK92,TK93	DEL			3	0
ENSG00000202386	RNA5SP211	GroupA_exclusive	TK91,TK92,TK93	DEL			3	0
ENSG00000252535	RNA5SP254	GroupA_exclusive	TK91,TK92,TK93	DEL			3	0
ENSG00000238405	RNA5SP311	GroupA_exclusive	TK91,TK92,TK93	DEL			3	0
ENSG00000252877	RNA5SP312	GroupA_exclusive	TK91,TK92,TK93	DEL			3	0
ENSG00000252149	RNA5SP315	GroupA_exclusive	TK91,TK92,TK93	DEL			3	0
ENSG00000201035	RNA5SP469	GroupA_exclusive	TK18,TK91,TK92	DEL			3	0
ENSG00000274059	RNA5SP534	GroupA_exclusive	TK91,TK92,TK93	DEL			3	0
ENSG00000238765	RNA5SP57	GroupA_exclusive	TK91,TK92,TK93	DEL			3	0
ENSG00000212171	RNA5SP86	GroupA_exclusive	TK91,TK92,TK93	DEL			3	0
ENSG00000142327	RNPEPL1	GroupA_exclusive	TK18,TK91,TK92	DEL			3	0
ENSG00000270384	RNU1-154P	GroupA_exclusive	TK91,TK92,TK93	DEL			3	0
ENSG00000252135	RNU1-155P	GroupA_exclusive	TK91,TK92,TK93	DEL			3	0
ENSG00000207389	RNU1-4	GroupA_exclusive	TK10,TK16,TK91	DEL			3	0
ENSG00000277344	RNU1-6P	GroupA_exclusive	TK91,TK92,TK93	DEL			3	0
ENSG00000253099	RNU2-60P	GroupA_exclusive	TK91,TK92,TK93	DEL			3	0
ENSG00000223330	RNU6-1052P	GroupA_exclusive	TK91,TK92,TK93	DEL			3	0
ENSG00000207434	RNU6-1072P	GroupA_exclusive	TK91,TK92,TK93	DEL			3	0
ENSG00000200446	RNU6-1085P	GroupA_exclusive	TK91,TK92,TK93	DEL			3	0
ENSG00000206804	RNU6-1293P	GroupA_exclusive	TK91,TK92,TK93	DEL			3	0
ENSG00000212314	RNU6-1307P	GroupA_exclusive	TK91,TK92,TK93	DEL			3	0
ENSG00000207357	RNU6-2	GroupA_exclusive	TK91,TK92,TK93	DEL			3	0
ENSG00000252821	RNU6-388P	GroupA_exclusive	TK91,TK92,TK93	DEL			3	0
ENSG00000238478	RNU6-498P	GroupA_exclusive	TK91,TK92,TK93	DEL			3	0
ENSG00000222398	RNU6-554P	GroupA_exclusive	TK91,TK92,TK93	DEL			3	0
ENSG00000206991	RNU6-610P	GroupA_exclusive	TK91,TK92,TK93	DEL			3	0
ENSG00000201182	RNU6-670P	GroupA_exclusive	TK91,TK92,TK93	DEL			3	0
ENSG00000251975	RNU6-718P	GroupA_exclusive	TK91,TK92,TK93	DEL			3	0
ENSG00000238489	RNU6-749P	GroupA_exclusive	TK91,TK92,TK93	DEL			3	0
ENSG00000272028	RNU6-87P	GroupA_exclusive	TK91,TK92,TK93	DEL			3	0
ENSG00000221583	RNU6ATAC21P	GroupA_exclusive	TK91,TK92,TK93	DEL			3	0
ENSG00000210709	RNU6ATAC3P	GroupA_exclusive	TK91,TK92,TK93	DEL			3	0
ENSG00000252206	RNU7-40P	GroupA_exclusive	TK16,TK91,TK92	DEL			3	0
ENSG00000251991	RNU7-49P	GroupA_exclusive	TK10,TK16,TK18	DEL			3	0
ENSG00000207340	RNVU1-1	GroupA_exclusive	TK91,TK92,TK93	DEL			3	0
ENSG00000238825	RNVU1-2	GroupA_exclusive	TK91,TK92,TK93	DEL			3	0
ENSG00000202408	RNVU1-21	GroupA_exclusive	TK91,TK92,TK93	DEL			3	0
ENSG00000199879	RNVU1-22	GroupA_exclusive	TK91,TK92,TK93	DEL			3	0
ENSG00000274210	RNVU1-27	GroupA_exclusive	TK91,TK92,TK93	DEL			3	0
ENSG00000278099	RNVU1-2A	GroupA_exclusive	TK91,TK92,TK93	DEL			3	0
ENSG00000201183	RNVU1-3	GroupA_exclusive	TK91,TK92,TK93	DEL			3	0
ENSG00000270722	RNVU1-31	GroupA_exclusive	TK91,TK92,TK93	DEL			3	0
ENSG00000201558	RNVU1-6	GroupA_exclusive	TK91,TK92,TK93	DEL			3	0
ENSG00000205763	RP9P	GroupA_exclusive	TK91,TK92,TK93	DEL			3	0
ENSG00000250732	RPEP1	GroupA_exclusive	TK91,TK92,TK93	DEL			3	0
ENSG00000198755	RPL10A	GroupA_exclusive	TK91,TK92,TK93	DEL			3	0
ENSG00000174748	RPL15	GroupA_exclusive	TK91,TK92,TK93	DEL			3	0
ENSG00000228501	RPL15P18	GroupA_exclusive	TK91,TK92,TK93	DEL			3	0
ENSG00000063177	RPL18	GroupA_exclusive	TK91,TK92,TK93	DEL			3	0
ENSG00000229765	RPL21P62	GroupA_exclusive	TK91,TK92,TK93	DEL			3	0
ENSG00000217181	RPL21P63	GroupA_exclusive	TK91,TK92,TK93	DEL			3	0
ENSG00000241129	RPL22P19	GroupA_exclusive	TK91,TK92,TK93	DEL			3	0
ENSG00000237745	RPL22P8	GroupA_exclusive	TK91,TK92,TK93	DEL			3	0
ENSG00000243721	RPL23AP63	GroupA_exclusive	TK10,TK16,TK18	DEL			3	0
ENSG00000108107	RPL28	GroupA_exclusive	TK91,TK92,TK93	DEL			3	0
ENSG00000100316	RPL3	GroupA_exclusive	TK91,TK92,TK93	DEL			3	0
ENSG00000251474	RPL32P3	GroupA_exclusive	TK91,TK92,TK93	DEL			3	0
ENSG00000256338	RPL41P2	GroupA_exclusive	TK10,TK91,TK92	DEL			3	0
ENSG00000089009	RPL6	GroupA_exclusive	TK91,TK92,TK93	DEL			3	0
ENSG00000147604	RPL7	GroupA_exclusive	TK91,TK92,TK93	DEL			3	0
ENSG00000224573	RPL7AP78	GroupA_exclusive	TK91,TK92,TK93	DEL			3	0
ENSG00000161016	RPL8	GroupA_exclusive	TK91,TK92,TK93	DEL			3	0
ENSG00000089157	RPLP0	GroupA_exclusive	TK91,TK92,TK93	DEL			3	0
ENSG00000241370	RPP21	GroupA_exclusive	TK91,TK92,TK93	DEL			3	0
ENSG00000163125	RPRD2	GroupA_exclusive	TK10,TK91,TK93	DEL			3	0
ENSG00000179673	RPRML	GroupA_exclusive	TK91,TK92,TK93	DEL			3	0
ENSG00000225933	RPS14P5	GroupA_exclusive	TK91,TK92,TK93	DEL			3	0
ENSG00000232134	RPS15AP12	GroupA_exclusive	TK10,TK16,TK18	DEL			3	0
ENSG00000008988	RPS20	GroupA_exclusive	TK91,TK92,TK93	DEL			3	0
ENSG00000186468	RPS23	GroupA_exclusive	TK91,TK92,TK93	DEL			3	0
ENSG00000229054	RPS29P14	GroupA_exclusive	TK91,TK92,TK93	DEL			3	0
ENSG00000231361	RPS29P23	GroupA_exclusive	TK91,TK92,TK93	DEL			3	0
ENSG00000244004	RPS3AP19	GroupA_exclusive	TK91,TK92,TK93	DEL			3	0
ENSG00000242607	RPS3AP34	GroupA_exclusive	TK91,TK92,TK93	DEL			3	0
ENSG00000244289	RPS3AP35	GroupA_exclusive	TK91,TK92,TK93	DEL			3	0
ENSG00000198034	RPS4X	GroupA_exclusive	TK91,TK92,TK93	DEL			3	0
ENSG00000239830	RPS4XP22	GroupA_exclusive	TK91,TK92,TK93	DEL			3	0
ENSG00000240616	RPS6P25	GroupA_exclusive	TK16,TK18,TK91	DEL			3	0
ENSG00000213326	RPS7P11	GroupA_exclusive	TK91,TK92,TK93	DEL			3	0
ENSG00000168028	RPSA	GroupA_exclusive	TK91,TK92,TK93	DEL			3	0
ENSG00000279990	RPSAP68	GroupA_exclusive	TK91,TK92,TK93	DEL			3	0
ENSG00000171848	RRM2	GroupA_exclusive	TK91,TK92,TK93	DEL			3	0
ENSG00000231556	RSL24D1P3	GroupA_exclusive	TK91,TK92,TK93	DEL			3	0
ENSG00000116497	S100PBP	GroupA_exclusive	TK10,TK18,TK93	DEL			3	0
ENSG00000142230	SAE1	GroupA_exclusive	TK10,TK16,TK18	DEL			3	0
ENSG00000075856	SART3	GroupA_exclusive	TK18,TK91,TK92	DEL			3	0
ENSG00000144285	SCN1A	GroupA_exclusive	TK91,TK92,TK93	DEL			3	0
ENSG00000215837	SDHAP2	GroupA_exclusive	TK91,TK92,TK93	DEL			3	0
ENSG00000213693	SEC14L1P1	GroupA_exclusive	TK10,TK16,TK18	DEL			3	0
ENSG00000226102	SEPTIN7P3	GroupA_exclusive	TK91,TK92,TK93	DEL			3	0
ENSG00000172250	SERHL	GroupA_exclusive	TK91,TK92,TK93	DEL			3	0
ENSG00000120742	SERP1	GroupA_exclusive	TK91,TK92,TK93	DEL			3	0
ENSG00000099937	SERPIND1	GroupA_exclusive	TK18,TK91,TK92	DEL			3	0
ENSG00000149257	SERPINH1	GroupA_exclusive	TK18,TK91,TK92	DEL			3	0
ENSG00000236877	SETD6P1	GroupA_exclusive	TK91,TK92,TK93	DEL			3	0
ENSG00000115524	SF3B1	GroupA_exclusive	TK91,TK92,TK93	DEL			3	0
ENSG00000198879	SFMBT2	GroupA_exclusive	TK16,TK91,TK93	DEL			3	0
ENSG00000104969	SGTA	GroupA_exclusive	TK18,TK91,TK93	DEL			3	0
ENSG00000267352	SH3GL1P3	GroupA_exclusive	TK91,TK92,TK93	DEL			3	0
ENSG00000172985	SH3RF3	GroupA_exclusive	TK10,TK92,TK93	DEL			3	0
ENSG00000160691	SHC1	GroupA_exclusive	TK91,TK92,TK93	DEL			3	0
ENSG00000165874	SHLD2P1	GroupA_exclusive	TK91,TK92,TK93	DEL			3	0
ENSG00000189014	SHLD2P3	GroupA_exclusive	TK91,TK92,TK93	DEL			3	0
ENSG00000147955	SIGMAR1	GroupA_exclusive	TK91,TK92,TK93	DEL			3	0
ENSG00000163406	SLC15A2	GroupA_exclusive	TK91,TK92,TK93	DEL			3	0
ENSG00000124568	SLC17A1	GroupA_exclusive	TK91,TK92,TK93	DEL			3	0
ENSG00000112337	SLC17A2	GroupA_exclusive	TK91,TK92,TK93	DEL			3	0
ENSG00000124564	SLC17A3	GroupA_exclusive	TK91,TK92,TK93	DEL			3	0
ENSG00000146039	SLC17A4	GroupA_exclusive	TK91,TK92,TK93	DEL			3	0
ENSG00000101194	SLC17A9	GroupA_exclusive	TK10,TK16,TK18	DEL			3	0
ENSG00000173638	SLC19A1	GroupA_exclusive	TK16,TK92,TK93	DEL			3	0
ENSG00000100075	SLC25A1	GroupA_exclusive	TK91,TK92,TK93	DEL			3	0
ENSG00000237164	SLC25A15P2	GroupA_exclusive	TK91,TK92,TK93	DEL			3	0
ENSG00000005022	SLC25A5	GroupA_exclusive	TK91,TK92,TK93	DEL			3	0
ENSG00000121073	SLC35B1	GroupA_exclusive	TK91,TK92,TK93	DEL			3	0
ENSG00000127526	SLC35E1	GroupA_exclusive	TK91,TK92,TK93	DEL			3	0
ENSG00000258096	SLC38A2-AS1	GroupA_exclusive	TK91,TK92,TK93	DEL			3	0
ENSG00000115665	SLC5A7	GroupA_exclusive	TK91,TK92,TK93	DEL			3	0
ENSG00000232800	SLC7A15P	GroupA_exclusive	TK91,TK92,TK93	DEL			3	0
ENSG00000099960	SLC7A4	GroupA_exclusive	TK18,TK91,TK92	DEL			3	0
ENSG00000176463	SLCO3A1	GroupA_exclusive	TK16,TK91,TK92	DEL			3	0
ENSG00000172716	SLFN11	GroupA_exclusive	TK91,TK92,TK93	DEL			3	0
ENSG00000172123	SLFN12	GroupA_exclusive	TK91,TK92,TK93	DEL			3	0
ENSG00000154760	SLFN13	GroupA_exclusive	TK91,TK92,TK93	DEL			3	0
ENSG00000157106	SMG1	GroupA_exclusive	TK91,TK92,TK93	DEL			3	0
ENSG00000185710	SMG1P4	GroupA_exclusive	TK91,TK92,TK93	DEL			3	0
ENSG00000271284	SMIM12P1	GroupA_exclusive	TK91,TK92,TK93	DEL			3	0
ENSG00000212588	SNORA26	GroupA_exclusive	TK91,TK92,TK93	DEL			3	0
ENSG00000200816	SNORA38	GroupA_exclusive	TK91,TK92,TK93	DEL			3	0
ENSG00000200394	SNORA38B	GroupA_exclusive	TK16,TK18,TK93	DEL			3	0
ENSG00000206760	SNORA6	GroupA_exclusive	TK91,TK92,TK93	DEL			3	0
ENSG00000202363	SNORA62	GroupA_exclusive	TK91,TK92,TK93	DEL			3	0
ENSG00000207405	SNORA64	GroupA_exclusive	TK91,TK92,TK93	DEL			3	0
ENSG00000207165	SNORA70	GroupA_exclusive	TK91,TK92,TK93	DEL			3	0
ENSG00000207088	SNORA7B	GroupA_exclusive	TK91,TK92,TK93	DEL			3	0
ENSG00000221420	SNORA81	GroupA_exclusive	TK91,TK92,TK93	DEL			3	0
ENSG00000212428	SNORD115	GroupA_exclusive	TK91,TK92,TK93	DEL			3	0
ENSG00000201831	SNORD115-1	GroupA_exclusive	TK91,TK92,TK93	DEL			3	0
ENSG00000201943	SNORD115-10	GroupA_exclusive	TK91,TK92,TK93	DEL			3	0
ENSG00000200486	SNORD115-11	GroupA_exclusive	TK91,TK92,TK93	DEL			3	0
ENSG00000199453	SNORD115-12	GroupA_exclusive	TK91,TK92,TK93	DEL			3	0
ENSG00000273835	SNORD115-13	GroupA_exclusive	TK91,TK92,TK93	DEL			3	0
ENSG00000199960	SNORD115-14	GroupA_exclusive	TK91,TK92,TK93	DEL			3	0
ENSG00000201679	SNORD115-15	GroupA_exclusive	TK91,TK92,TK93	DEL			3	0
ENSG00000200757	SNORD115-16	GroupA_exclusive	TK91,TK92,TK93	DEL			3	0
ENSG00000201482	SNORD115-17	GroupA_exclusive	TK91,TK92,TK93	DEL			3	0
ENSG00000200163	SNORD115-18	GroupA_exclusive	TK91,TK92,TK93	DEL			3	0
ENSG00000199968	SNORD115-19	GroupA_exclusive	TK91,TK92,TK93	DEL			3	0
ENSG00000199712	SNORD115-2	GroupA_exclusive	TK91,TK92,TK93	DEL			3	0
ENSG00000201969	SNORD115-20	GroupA_exclusive	TK91,TK92,TK93	DEL			3	0
ENSG00000199833	SNORD115-21	GroupA_exclusive	TK91,TK92,TK93	DEL			3	0
ENSG00000201326	SNORD115-22	GroupA_exclusive	TK91,TK92,TK93	DEL			3	0
ENSG00000201331	SNORD115-23	GroupA_exclusive	TK91,TK92,TK93	DEL			3	0
ENSG00000200398	SNORD115-24	GroupA_exclusive	TK91,TK92,TK93	DEL			3	0
ENSG00000199489	SNORD115-25	GroupA_exclusive	TK91,TK92,TK93	DEL			3	0
ENSG00000275524	SNORD115-26	GroupA_exclusive	TK91,TK92,TK93	DEL			3	0
ENSG00000201300	SNORD115-27	GroupA_exclusive	TK91,TK92,TK93	DEL			3	0
ENSG00000200801	SNORD115-28	GroupA_exclusive	TK91,TK92,TK93	DEL			3	0
ENSG00000199704	SNORD115-29	GroupA_exclusive	TK91,TK92,TK93	DEL			3	0
ENSG00000199970	SNORD115-3	GroupA_exclusive	TK91,TK92,TK93	DEL			3	0
ENSG00000200987	SNORD115-30	GroupA_exclusive	TK91,TK92,TK93	DEL			3	0
ENSG00000202188	SNORD115-31	GroupA_exclusive	TK91,TK92,TK93	DEL			3	0
ENSG00000200949	SNORD115-32	GroupA_exclusive	TK91,TK92,TK93	DEL			3	0
ENSG00000200593	SNORD115-33	GroupA_exclusive	TK91,TK92,TK93	DEL			3	0
ENSG00000199311	SNORD115-34	GroupA_exclusive	TK91,TK92,TK93	DEL			3	0
ENSG00000201992	SNORD115-35	GroupA_exclusive	TK91,TK92,TK93	DEL			3	0
ENSG00000202499	SNORD115-36	GroupA_exclusive	TK91,TK92,TK93	DEL			3	0
ENSG00000200638	SNORD115-37	GroupA_exclusive	TK91,TK92,TK93	DEL			3	0
ENSG00000201907	SNORD115-38	GroupA_exclusive	TK91,TK92,TK93	DEL			3	0
ENSG00000200564	SNORD115-39	GroupA_exclusive	TK91,TK92,TK93	DEL			3	0
ENSG00000200680	SNORD115-4	GroupA_exclusive	TK91,TK92,TK93	DEL			3	0
ENSG00000272460	SNORD115-40	GroupA_exclusive	TK91,TK92,TK93	DEL			3	0
ENSG00000200478	SNORD115-41	GroupA_exclusive	TK91,TK92,TK93	DEL			3	0
ENSG00000201143	SNORD115-42	GroupA_exclusive	TK91,TK92,TK93	DEL			3	0
ENSG00000202373	SNORD115-43	GroupA_exclusive	TK91,TK92,TK93	DEL			3	0
ENSG00000202261	SNORD115-44	GroupA_exclusive	TK91,TK92,TK93	DEL			3	0
ENSG00000212380	SNORD115-45	GroupA_exclusive	TK91,TK92,TK93	DEL			3	0
ENSG00000276844	SNORD115-46	GroupA_exclusive	TK91,TK92,TK93	DEL			3	0
ENSG00000212528	SNORD115-47	GroupA_exclusive	TK91,TK92,TK93	DEL			3	0
ENSG00000201634	SNORD115-48	GroupA_exclusive	TK91,TK92,TK93	DEL			3	0
ENSG00000200503	SNORD115-5	GroupA_exclusive	TK91,TK92,TK93	DEL			3	0
ENSG00000200812	SNORD115-6	GroupA_exclusive	TK91,TK92,TK93	DEL			3	0
ENSG00000278089	SNORD115-7	GroupA_exclusive	TK91,TK92,TK93	DEL			3	0
ENSG00000200726	SNORD115-8	GroupA_exclusive	TK91,TK92,TK93	DEL			3	0
ENSG00000199782	SNORD115-9	GroupA_exclusive	TK91,TK92,TK93	DEL			3	0
ENSG00000207063	SNORD116-1	GroupA_exclusive	TK91,TK92,TK93	DEL			3	0
ENSG00000200661	SNORD116-10	GroupA_exclusive	TK91,TK92,TK93	DEL			3	0
ENSG00000206609	SNORD116-11	GroupA_exclusive	TK91,TK92,TK93	DEL			3	0
ENSG00000207197	SNORD116-12	GroupA_exclusive	TK91,TK92,TK93	DEL			3	0
ENSG00000207137	SNORD116-13	GroupA_exclusive	TK91,TK92,TK93	DEL			3	0
ENSG00000206621	SNORD116-14	GroupA_exclusive	TK91,TK92,TK93	DEL			3	0
ENSG00000207174	SNORD116-15	GroupA_exclusive	TK91,TK92,TK93	DEL			3	0
ENSG00000207263	SNORD116-16	GroupA_exclusive	TK91,TK92,TK93	DEL			3	0
ENSG00000206656	SNORD116-17	GroupA_exclusive	TK91,TK92,TK93	DEL			3	0
ENSG00000206688	SNORD116-18	GroupA_exclusive	TK91,TK92,TK93	DEL			3	0
ENSG00000207460	SNORD116-19	GroupA_exclusive	TK91,TK92,TK93	DEL			3	0
ENSG00000207001	SNORD116-2	GroupA_exclusive	TK91,TK92,TK93	DEL			3	0
ENSG00000278715	SNORD116-20	GroupA_exclusive	TK91,TK92,TK93	DEL			3	0
ENSG00000277785	SNORD116-21	GroupA_exclusive	TK91,TK92,TK93	DEL			3	0
ENSG00000207375	SNORD116-23	GroupA_exclusive	TK91,TK92,TK93	DEL			3	0
ENSG00000207279	SNORD116-24	GroupA_exclusive	TK91,TK92,TK93	DEL			3	0
ENSG00000252326	SNORD116-25	GroupA_exclusive	TK91,TK92,TK93	DEL			3	0
ENSG00000278123	SNORD116-28	GroupA_exclusive	TK91,TK92,TK93	DEL			3	0
ENSG00000207245	SNORD116-29	GroupA_exclusive	TK91,TK92,TK93	DEL			3	0
ENSG00000207014	SNORD116-3	GroupA_exclusive	TK91,TK92,TK93	DEL			3	0
ENSG00000252277	SNORD116-30	GroupA_exclusive	TK91,TK92,TK93	DEL			3	0
ENSG00000275529	SNORD116-4	GroupA_exclusive	TK91,TK92,TK93	DEL			3	0
ENSG00000207191	SNORD116-5	GroupA_exclusive	TK91,TK92,TK93	DEL			3	0
ENSG00000207442	SNORD116-6	GroupA_exclusive	TK91,TK92,TK93	DEL			3	0
ENSG00000207133	SNORD116-7	GroupA_exclusive	TK91,TK92,TK93	DEL			3	0
ENSG00000207093	SNORD116-8	GroupA_exclusive	TK91,TK92,TK93	DEL			3	0
ENSG00000206727	SNORD116-9	GroupA_exclusive	TK91,TK92,TK93	DEL			3	0
ENSG00000201403	SNORD14B	GroupA_exclusive	TK91,TK92,TK93	DEL			3	0
ENSG00000199574	SNORD18C	GroupA_exclusive	TK91,TK92,TK93	DEL			3	0
ENSG00000206775	SNORD37	GroupA_exclusive	TK91,TK92,TK93	DEL			3	0
ENSG00000263934	SNORD3A	GroupA_exclusive	TK91,TK92,TK93	DEL			3	0
ENSG00000262074	SNORD3B-2	GroupA_exclusive	TK91,TK92,TK93	DEL			3	0
ENSG00000264940	SNORD3C	GroupA_exclusive	TK91,TK92,TK93	DEL			3	0
ENSG00000277947	SNORD3D	GroupA_exclusive	TK91,TK92,TK93	DEL			3	0
ENSG00000281000	SNORD3D	GroupA_exclusive	TK91,TK92,TK93	DEL			3	0
ENSG00000238650	SNORD54	GroupA_exclusive	TK91,TK92,TK93	DEL			3	0
ENSG00000212452	SNORD69	GroupA_exclusive	TK91,TK92,TK93	DEL			3	0
ENSG00000208797	SNORD73A	GroupA_exclusive	TK91,TK92,TK93	DEL			3	0
ENSG00000209480	SNORD83B	GroupA_exclusive	TK91,TK92,TK93	DEL			3	0
ENSG00000264549	SNORD95	GroupA_exclusive	TK91,TK92,TK93	DEL			3	0
ENSG00000238622	SNORD97	GroupA_exclusive	TK91,TK92,TK93	DEL			3	0
ENSG00000168566	SNRNP48	GroupA_exclusive	TK10,TK16,TK18	DEL			3	0
ENSG00000249799	SNRPCP13	GroupA_exclusive	TK91,TK92,TK93	DEL			3	0
ENSG00000228551	SNRPGP9	GroupA_exclusive	TK10,TK92,TK93	DEL			3	0
ENSG00000172164	SNTB1	GroupA_exclusive	TK10,TK18,TK92	DEL			3	0
ENSG00000147164	SNX12	GroupA_exclusive	TK10,TK16,TK18	DEL			3	0
ENSG00000279213	SNX18P10	GroupA_exclusive	TK91,TK92,TK93	DEL			3	0
ENSG00000224465	SOCS2P2	GroupA_exclusive	TK91,TK92,TK93	DEL			3	0
ENSG00000279720	SOWAHCP2	GroupA_exclusive	TK91,TK92,TK93	DEL			3	0
ENSG00000079263	SP140	GroupA_exclusive	TK91,TK92,TK93	DEL			3	0
ENSG00000185404	SP140L	GroupA_exclusive	TK91,TK92,TK93	DEL			3	0
ENSG00000247872	SPCS2P3	GroupA_exclusive	TK91,TK92,TK93	DEL			3	0
ENSG00000185040	SPDYE16	GroupA_exclusive	TK91,TK92,TK93	DEL			3	0
ENSG00000170092	SPDYE5	GroupA_exclusive	TK91,TK92,TK93	DEL			3	0
ENSG00000147059	SPIN2A	GroupA_exclusive	TK91,TK92,TK93	DEL			3	0
ENSG00000186787	SPIN2B	GroupA_exclusive	TK91,TK92,TK93	DEL			3	0
ENSG00000171943	SRGAP2C	GroupA_exclusive	TK91,TK92,TK93	DEL			3	0
ENSG00000182934	SRPRA	GroupA_exclusive	TK91,TK92,TK93	DEL			3	0
ENSG00000112081	SRSF3	GroupA_exclusive	TK10,TK16,TK18	DEL			3	0
ENSG00000235325	SRSF3P5	GroupA_exclusive	TK91,TK92,TK93	DEL			3	0
ENSG00000263465	SRSF8	GroupA_exclusive	TK91,TK92,TK93	DEL			3	0
ENSG00000256779	SRSF8BP	GroupA_exclusive	TK91,TK92,TK93	DEL			3	0
ENSG00000141380	SS18	GroupA_exclusive	TK10,TK16,TK93	DEL			3	0
ENSG00000141298	SSH2	GroupA_exclusive	TK91,TK92,TK93	DEL			3	0
ENSG00000170581	STAT2	GroupA_exclusive	TK16,TK91,TK92	DEL			3	0
ENSG00000165283	STOML2	GroupA_exclusive	TK91,TK92,TK93	DEL			3	0
ENSG00000242866	STRC	GroupA_exclusive	TK91,TK92,TK93	DEL			3	0
ENSG00000224936	SUCLA2P1	GroupA_exclusive	TK91,TK92,TK93	DEL			3	0
ENSG00000137573	SULF1	GroupA_exclusive	TK10,TK16,TK18	DEL			3	0
ENSG00000196502	SULT1A1	GroupA_exclusive	TK91,TK92,TK93	DEL			3	0
ENSG00000198203	SULT1C2	GroupA_exclusive	TK91,TK92,TK93	DEL			3	0
ENSG00000261209	SULT1C2P2	GroupA_exclusive	TK91,TK92,TK93	DEL			3	0
ENSG00000196228	SULT1C3	GroupA_exclusive	TK91,TK92,TK93	DEL			3	0
ENSG00000198075	SULT1C4	GroupA_exclusive	TK91,TK92,TK93	DEL			3	0
ENSG00000237223	SULT1C5P	GroupA_exclusive	TK91,TK92,TK93	DEL			3	0
ENSG00000290794	SULT1C5P	GroupA_exclusive	TK91,TK92,TK93	DEL			3	0
ENSG00000196284	SUPT3H	GroupA_exclusive	TK91,TK92,TK93	DEL			3	0
ENSG00000119760	SUPT7L	GroupA_exclusive	TK91,TK92,TK93	DEL			3	0
ENSG00000278110	SUSD2P2	GroupA_exclusive	TK91,TK92,TK93	DEL			3	0
ENSG00000204176	SYT15	GroupA_exclusive	TK91,TK92,TK93	DEL			3	0
ENSG00000231187	SYT15-AS1	GroupA_exclusive	TK91,TK92,TK93	DEL			3	0
ENSG00000277758	SYT15B	GroupA_exclusive	TK91,TK92,TK93	DEL			3	0
ENSG00000198198	SZT2	GroupA_exclusive	TK91,TK92,TK93	DEL			3	0
ENSG00000171148	TADA3	GroupA_exclusive	TK10,TK18,TK92	DEL			3	0
ENSG00000106290	TAF6	GroupA_exclusive	TK91,TK92,TK93	DEL			3	0
ENSG00000158710	TAGLN2	GroupA_exclusive	TK91,TK92,TK93	DEL			3	0
ENSG00000168394	TAP1	GroupA_exclusive	TK91,TK92,TK93	DEL			3	0
ENSG00000204267	TAP2	GroupA_exclusive	TK91,TK92,TK93	DEL			3	0
ENSG00000255374	TAS2R43	GroupA_exclusive	TK91,TK92,TK93	DEL			3	0
ENSG00000226761	TAS2R46	GroupA_exclusive	TK91,TK92,TK93	DEL			3	0
ENSG00000256019	TAS2R63P	GroupA_exclusive	TK91,TK92,TK93	DEL			3	0
ENSG00000256274	TAS2R64P	GroupA_exclusive	TK91,TK92,TK93	DEL			3	0
ENSG00000274808	TBC1D3B	GroupA_exclusive	TK91,TK92,TK93	DEL			3	0
ENSG00000197226	TBC1D9B	GroupA_exclusive	TK91,TK92,TK93	DEL			3	0
ENSG00000183751	TBL3	GroupA_exclusive	TK91,TK92,TK93	DEL			3	0
ENSG00000170379	TCAF2	GroupA_exclusive	TK91,TK92,TK93	DEL			3	0
ENSG00000283528	TCAF2C	GroupA_exclusive	TK91,TK92,TK93	DEL			3	0
ENSG00000188681	TEKT4P2	GroupA_exclusive	TK91,TK92,TK93	DEL			3	0
ENSG00000291050	TEKT4P2	GroupA_exclusive	TK91,TK92,TK93	DEL			3	0
ENSG00000137203	TFAP2A	GroupA_exclusive	TK91,TK92,TK93	DEL			3	0
ENSG00000229950	TFAP2A-AS1	GroupA_exclusive	TK91,TK92,TK93	DEL			3	0
ENSG00000285278	TFAP2A-AS2	GroupA_exclusive	TK91,TK92,TK93	DEL			3	0
ENSG00000114354	TFG	GroupA_exclusive	TK10,TK16,TK18	DEL			3	0
ENSG00000184436	THAP7	GroupA_exclusive	TK18,TK91,TK92	DEL			3	0
ENSG00000230513	THAP7-AS1	GroupA_exclusive	TK18,TK91,TK92	DEL			3	0
ENSG00000134809	TIMM10	GroupA_exclusive	TK91,TK92,TK93	DEL			3	0
ENSG00000141524	TMC6	GroupA_exclusive	TK10,TK91,TK92	DEL			3	0
ENSG00000150403	TMCO3	GroupA_exclusive	TK18,TK91,TK93	DEL			3	0
ENSG00000170348	TMED10	GroupA_exclusive	TK18,TK91,TK92	DEL			3	0
ENSG00000158604	TMED4	GroupA_exclusive	TK91,TK92,TK93	DEL			3	0
ENSG00000184840	TMED9	GroupA_exclusive	TK91,TK92,TK93	DEL			3	0
ENSG00000134291	TMEM106C	GroupA_exclusive	TK91,TK92,TK93	DEL			3	0
ENSG00000105677	TMEM147	GroupA_exclusive	TK91,TK92,TK93	DEL			3	0
ENSG00000137210	TMEM14B	GroupA_exclusive	TK91,TK92,TK93	DEL			3	0
ENSG00000272097	TMEM14B-DT	GroupA_exclusive	TK91,TK92,TK93	DEL			3	0
ENSG00000226287	TMEM191A	GroupA_exclusive	TK18,TK91,TK92	DEL			3	0
ENSG00000291085	TMEM191A	GroupA_exclusive	TK18,TK91,TK92	DEL			3	0
ENSG00000278558	TMEM191B	GroupA_exclusive	TK91,TK92,TK93	DEL			3	0
ENSG00000119777	TMEM214	GroupA_exclusive	TK91,TK92,TK93	DEL			3	0
ENSG00000182087	TMEM259	GroupA_exclusive	TK91,TK92,TK93	DEL			3	0
ENSG00000177728	TMEM94	GroupA_exclusive	TK91,TK92,TK93	DEL			3	0
ENSG00000229068	TMPOP1	GroupA_exclusive	TK91,TK92,TK93	DEL			3	0
ENSG00000120889	TNFRSF10B	GroupA_exclusive	TK10,TK16,TK92	DEL			3	0
ENSG00000105576	TNPO2	GroupA_exclusive	TK91,TK92,TK93	DEL			3	0
ENSG00000214736	TOMM6	GroupA_exclusive	TK91,TK92,TK93	DEL			3	0
ENSG00000228050	TOP3BP1	GroupA_exclusive	TK91,TK92,TK93	DEL			3	0
ENSG00000141510	TP53	GroupA_exclusive	TK16,TK18,TK91	DEL			3	0
ENSG00000111669	TPI1	GroupA_exclusive	TK91,TK92,TK93	DEL			3	0
ENSG00000132958	TPTE2	GroupA_exclusive	TK91,TK92,TK93	DEL			3	0
ENSG00000009790	TRAF3IP3	GroupA_exclusive	TK16,TK91,TK92	DEL			3	0
ENSG00000130726	TRIM28	GroupA_exclusive	TK91,TK92,TK93	DEL			3	0
ENSG00000204599	TRIM39	GroupA_exclusive	TK91,TK92,TK93	DEL			3	0
ENSG00000248167	TRIM39-RPP21	GroupA_exclusive	TK91,TK92,TK93	DEL			3	0
ENSG00000229909	TRIM60P16	GroupA_exclusive	TK91,TK92,TK93	DEL			3	0
ENSG00000121486	TRMT1L	GroupA_exclusive	TK10,TK16,TK18	DEL			3	0
ENSG00000230604	TSEN15P2	GroupA_exclusive	TK10,TK16,TK18	DEL			3	0
ENSG00000197557	TTC30A	GroupA_exclusive	TK91,TK92,TK93	DEL			3	0
ENSG00000196659	TTC30B	GroupA_exclusive	TK91,TK92,TK93	DEL			3	0
ENSG00000284130	TUBA3FP	GroupA_exclusive	TK18,TK91,TK92	DEL			3	0
ENSG00000249680	TUBA3GP	GroupA_exclusive	TK18,TK91,TK92	DEL			3	0
ENSG00000265972	TXNIP	GroupA_exclusive	TK91,TK92,TK93	DEL			3	0
ENSG00000273694	U2	GroupA_exclusive	TK91,TK92,TK93	DEL			3	0
ENSG00000161265	U2AF1L4	GroupA_exclusive	TK91,TK92,TK93	DEL			3	0
ENSG00000278757	U6	GroupA_exclusive	TK91,TK92,TK93	DEL			3	0
ENSG00000276376	U7	GroupA_exclusive	TK10,TK18,TK93	DEL			3	0
ENSG00000270804	UBE2CP5	GroupA_exclusive	TK91,TK92,TK93	DEL			3	0
ENSG00000177889	UBE2N	GroupA_exclusive	TK91,TK92,TK93	DEL			3	0
ENSG00000259511	UBE2Q2P16	GroupA_exclusive	TK91,TK92,TK93	DEL			3	0
ENSG00000164332	UBLCP1	GroupA_exclusive	TK91,TK92,TK93	DEL			3	0
ENSG00000236405	UBQLN1P1	GroupA_exclusive	TK91,TK92,TK93	DEL			3	0
ENSG00000267315	UFM1P2	GroupA_exclusive	TK91,TK92,TK93	DEL			3	0
ENSG00000131019	ULBP3	GroupA_exclusive	TK91,TK92,TK93	DEL			3	0
ENSG00000251624	UNC93B7	GroupA_exclusive	TK91,TK92,TK93	DEL			3	0
ENSG00000243566	UPK3B	GroupA_exclusive	TK91,TK92,TK93	DEL			3	0
ENSG00000184076	UQCR10	GroupA_exclusive	TK91,TK92,TK93	DEL			3	0
ENSG00000231396	USP17L10	GroupA_exclusive	TK91,TK92,TK93	DEL			3	0
ENSG00000233136	USP17L11	GroupA_exclusive	TK91,TK92,TK93	DEL			3	0
ENSG00000227551	USP17L12	GroupA_exclusive	TK91,TK92,TK93	DEL			3	0
ENSG00000232399	USP17L13	GroupA_exclusive	TK91,TK92,TK93	DEL			3	0
ENSG00000249482	USP17L14P	GroupA_exclusive	TK91,TK92,TK93	DEL			3	0
ENSG00000223569	USP17L15	GroupA_exclusive	TK91,TK92,TK93	DEL			3	0
ENSG00000250231	USP17L16P	GroupA_exclusive	TK91,TK92,TK93	DEL			3	0
ENSG00000249104	USP17L17	GroupA_exclusive	TK91,TK92,TK93	DEL			3	0
ENSG00000250844	USP17L18	GroupA_exclusive	TK91,TK92,TK93	DEL			3	0
ENSG00000248920	USP17L19	GroupA_exclusive	TK91,TK92,TK93	DEL			3	0
ENSG00000250745	USP17L20	GroupA_exclusive	TK91,TK92,TK93	DEL			3	0
ENSG00000249811	USP17L21	GroupA_exclusive	TK91,TK92,TK93	DEL			3	0
ENSG00000248933	USP17L22	GroupA_exclusive	TK91,TK92,TK93	DEL			3	0
ENSG00000250913	USP17L23	GroupA_exclusive	TK91,TK92,TK93	DEL			3	0
ENSG00000232264	USP17L24	GroupA_exclusive	TK91,TK92,TK93	DEL			3	0
ENSG00000230430	USP17L25	GroupA_exclusive	TK91,TK92,TK93	DEL			3	0
ENSG00000229579	USP17L26	GroupA_exclusive	TK91,TK92,TK93	DEL			3	0
ENSG00000235780	USP17L27	GroupA_exclusive	TK91,TK92,TK93	DEL			3	0
ENSG00000231051	USP17L28	GroupA_exclusive	TK91,TK92,TK93	DEL			3	0
ENSG00000231637	USP17L29	GroupA_exclusive	TK91,TK92,TK93	DEL			3	0
ENSG00000228856	USP17L30	GroupA_exclusive	TK91,TK92,TK93	DEL			3	0
ENSG00000227140	USP17L5	GroupA_exclusive	TK91,TK92,TK93	DEL			3	0
ENSG00000205946	USP17L6P	GroupA_exclusive	TK91,TK92,TK93	DEL			3	0
ENSG00000251694	USP17L9P	GroupA_exclusive	TK91,TK92,TK93	DEL			3	0
ENSG00000259248	USP3-AS1	GroupA_exclusive	TK91,TK92,TK93	DEL			3	0
ENSG00000165280	VCP	GroupA_exclusive	TK91,TK92,TK93	DEL			3	0
ENSG00000224947	VN1R25P	GroupA_exclusive	TK91,TK92,TK93	DEL			3	0
ENSG00000169575	VPREB1	GroupA_exclusive	TK91,TK92,TK93	DEL			3	0
ENSG00000197969	VPS13A	GroupA_exclusive	TK18,TK92,TK93	DEL			3	0
ENSG00000249443	VPS51P18	GroupA_exclusive	TK91,TK92,TK93	DEL			3	0
ENSG00000227597	WASF1P1	GroupA_exclusive	TK91,TK92,TK93	DEL			3	0
ENSG00000268663	WBP1LP6	GroupA_exclusive	TK91,TK92,TK93	DEL			3	0
ENSG00000071127	WDR1	GroupA_exclusive	TK91,TK92,TK93	DEL			3	0
ENSG00000115368	WDR75	GroupA_exclusive	TK10,TK16,TK18	DEL			3	0
ENSG00000105583	WDR83OS	GroupA_exclusive	TK91,TK92,TK93	DEL			3	0
ENSG00000108379	WNT3	GroupA_exclusive	TK91,TK92,TK93	DEL			3	0
ENSG00000158955	WNT9B	GroupA_exclusive	TK91,TK92,TK93	DEL			3	0
ENSG00000119596	YLPM1	GroupA_exclusive	TK91,TK92,TK93	DEL			3	0
ENSG00000185728	YTHDF3	GroupA_exclusive	TK18,TK91,TK93	DEL			3	0
ENSG00000199223	Y_RNA	GroupA_exclusive	TK91,TK92,TK93	DEL			3	0
ENSG00000199461	Y_RNA	GroupA_exclusive	TK91,TK92,TK93	DEL			3	0
ENSG00000199740	Y_RNA	GroupA_exclusive	TK91,TK92,TK93	DEL			3	0
ENSG00000200314	Y_RNA	GroupA_exclusive	TK91,TK92,TK93	DEL			3	0
ENSG00000200664	Y_RNA	GroupA_exclusive	TK91,TK92,TK93	DEL			3	0
ENSG00000200874	Y_RNA	GroupA_exclusive	TK91,TK92,TK93	DEL			3	0
ENSG00000207499	Y_RNA	GroupA_exclusive	TK91,TK92,TK93	DEL			3	0
ENSG00000238560	Y_RNA	GroupA_exclusive	TK91,TK92,TK93	DEL			3	0
ENSG00000238813	Y_RNA	GroupA_exclusive	TK91,TK92,TK93	DEL			3	0
ENSG00000239823	Y_RNA	GroupA_exclusive	TK10,TK16,TK18	DEL			3	0
ENSG00000252202	Y_RNA	GroupA_exclusive	TK91,TK92,TK93	DEL			3	0
ENSG00000252744	Y_RNA	GroupA_exclusive	TK91,TK92,TK93	DEL			3	0
ENSG00000274046	Y_RNA	GroupA_exclusive	TK91,TK92,TK93	DEL			3	0
ENSG00000274484	Y_RNA	GroupA_exclusive	TK91,TK92,TK93	DEL			3	0
ENSG00000147905	ZCCHC7	GroupA_exclusive	TK91,TK92,TK93	DEL			3	0
ENSG00000156599	ZDHHC5	GroupA_exclusive	TK10,TK16,TK18	DEL			3	0
ENSG00000107372	ZFAND5	GroupA_exclusive	TK16,TK18,TK92	DEL			3	0
ENSG00000172667	ZMAT3	GroupA_exclusive	TK10,TK18,TK93	DEL			3	0
ENSG00000108175	ZMIZ1	GroupA_exclusive	TK10,TK18,TK93	DEL			3	0
ENSG00000197841	ZNF181	GroupA_exclusive	TK91,TK92,TK93	DEL			3	0
ENSG00000083844	ZNF264	GroupA_exclusive	TK91,TK92,TK93	DEL			3	0
ENSG00000198538	ZNF28	GroupA_exclusive	TK91,TK92,TK93	DEL			3	0
ENSG00000089335	ZNF302	GroupA_exclusive	TK91,TK92,TK93	DEL			3	0
ENSG00000083812	ZNF324	GroupA_exclusive	TK91,TK92,TK93	DEL			3	0
ENSG00000249471	ZNF324B	GroupA_exclusive	TK91,TK92,TK93	DEL			3	0
ENSG00000198026	ZNF335	GroupA_exclusive	TK18,TK91,TK92	DEL			3	0
ENSG00000198342	ZNF442	GroupA_exclusive	TK91,TK92,TK93	DEL			3	0
ENSG00000204604	ZNF468	GroupA_exclusive	TK91,TK92,TK93	DEL			3	0
ENSG00000258799	ZNF519P2	GroupA_exclusive	TK91,TK92,TK93	DEL			3	0
ENSG00000203326	ZNF525	GroupA_exclusive	TK91,TK92,TK93	DEL			3	0
ENSG00000267106	ZNF561-AS1	GroupA_exclusive	TK91,TK92,TK93	DEL			3	0
ENSG00000171466	ZNF562	GroupA_exclusive	TK91,TK92,TK93	DEL			3	0
ENSG00000198466	ZNF587	GroupA_exclusive	TK91,TK92,TK93	DEL			3	0
ENSG00000180626	ZNF594	GroupA_exclusive	TK91,TK92,TK93	DEL			3	0
ENSG00000197483	ZNF628	GroupA_exclusive	TK16,TK18,TK93	DEL			3	0
ENSG00000188295	ZNF669	GroupA_exclusive	TK91,TK92,TK93	DEL			3	0
ENSG00000135747	ZNF670-ZNF695	GroupA_exclusive	TK91,TK92,TK93	DEL			3	0
ENSG00000229809	ZNF688	GroupA_exclusive	TK91,TK92,TK93	DEL			3	0
ENSG00000171163	ZNF692	GroupA_exclusive	TK10,TK16,TK92	DEL			3	0
ENSG00000215339	ZNF705CP	GroupA_exclusive	TK91,TK92,TK93	DEL			3	0
ENSG00000259291	ZNF710-AS1	GroupA_exclusive	TK10,TK18,TK93	DEL			3	0
ENSG00000160352	ZNF714	GroupA_exclusive	TK18,TK91,TK92	DEL			3	0
ENSG00000169955	ZNF747	GroupA_exclusive	TK91,TK92,TK93	DEL			3	0
ENSG00000235560	ZNF747-DT	GroupA_exclusive	TK91,TK92,TK93	DEL			3	0
ENSG00000169951	ZNF764	GroupA_exclusive	TK91,TK92,TK93	DEL			3	0
ENSG00000152443	ZNF776	GroupA_exclusive	TK10,TK16,TK91	DEL			3	0
ENSG00000197782	ZNF780A	GroupA_exclusive	TK91,TK92,TK93	DEL			3	0
ENSG00000128000	ZNF780B	GroupA_exclusive	TK91,TK92,TK93	DEL			3	0
ENSG00000197162	ZNF785	GroupA_exclusive	TK91,TK92,TK93	DEL			3	0
ENSG00000204524	ZNF805	GroupA_exclusive	TK91,TK92,TK93	DEL			3	0
ENSG00000224689	ZNF812P	GroupA_exclusive	TK91,TK92,TK93	DEL			3	0
ENSG00000204514	ZNF814	GroupA_exclusive	TK91,TK92,TK93	DEL			3	0
ENSG00000213799	ZNF845	GroupA_exclusive	TK91,TK92,TK93	DEL			3	0
ENSG00000146757	ZNF92	GroupA_exclusive	TK91,TK92,TK93	DEL			3	0
ENSG00000284550	hsa-mir-8069-1	GroupA_exclusive	TK91,TK92,TK93	DEL			3	0
ENSG00000277313	7SK	GroupA_exclusive	TK91,TK92	DEL			2	0
ENSG00000256661	A2ML1-AS1	GroupA_exclusive	TK91,TK92	DEL			2	0
ENSG00000131043	AAR2	GroupA_exclusive	TK18,TK93	DEL			2	0
ENSG00000248487	ABHD14A	GroupA_exclusive	TK16,TK18	DEL			2	0
ENSG00000114786	ABHD14A-ACY1	GroupA_exclusive	TK16,TK18	DEL			2	0
ENSG00000264031	ABHD15-AS1	GroupA_exclusive	TK91,TK92	DEL			2	0
ENSG00000159842	ABR	GroupA_exclusive	TK10,TK18	DEL			2	0
ENSG00000163322	ABRAXAS1	GroupA_exclusive	TK16,TK18	DEL			2	0
ENSG00000101473	ACOT8	GroupA_exclusive	TK16,TK18	DEL			2	0
ENSG00000115073	ACTR1B	GroupA_exclusive	TK10,TK91	DEL			2	0
ENSG00000259158	ADAM20P1	GroupA_exclusive	TK91,TK92	DEL			2	0
ENSG00000290783	ADAM20P1	GroupA_exclusive	TK91,TK92	DEL			2	0
ENSG00000139985	ADAM21	GroupA_exclusive	TK91,TK92	DEL			2	0
ENSG00000235812	ADAM21P1	GroupA_exclusive	TK91,TK92	DEL			2	0
ENSG00000134249	ADAM30	GroupA_exclusive	TK91,TK92	DEL			2	0
ENSG00000173157	ADAMTS20	GroupA_exclusive	TK91,TK92	DEL			2	0
ENSG00000184060	ADAP2	GroupA_exclusive	TK91,TK92	DEL			2	0
ENSG00000128271	ADORA2A	GroupA_exclusive	TK10,TK18	DEL			2	0
ENSG00000072364	AFF4	GroupA_exclusive	TK91,TK93	DEL			2	0
ENSG00000183077	AFMID	GroupA_exclusive	TK91,TK92	DEL			2	0
ENSG00000163568	AIM2	GroupA_exclusive	TK91,TK92	DEL			2	0
ENSG00000117448	AKR1A1	GroupA_exclusive	TK91,TK92	DEL			2	0
ENSG00000211454	AKR7L	GroupA_exclusive	TK91,TK93	DEL			2	0
ENSG00000204673	AKT1S1	GroupA_exclusive	TK91,TK93	DEL			2	0
ENSG00000003393	ALS2	GroupA_exclusive	TK91,TK92	DEL			2	0
ENSG00000249286	AMD1P3	GroupA_exclusive	TK91,TK93	DEL			2	0
ENSG00000176248	ANAPC2	GroupA_exclusive	TK18,TK93	DEL			2	0
ENSG00000174606	ANGEL2	GroupA_exclusive	TK92,TK93	DEL			2	0
ENSG00000189045	ANKDD1B	GroupA_exclusive	TK91,TK92	DEL			2	0
ENSG00000176915	ANKLE2	GroupA_exclusive	TK16,TK18	DEL			2	0
ENSG00000088448	ANKRD10	GroupA_exclusive	TK91,TK92	DEL			2	0
ENSG00000229152	ANKRD10-IT1	GroupA_exclusive	TK91,TK92	DEL			2	0
ENSG00000179750	APOBEC3B	GroupA_exclusive	TK91,TK92	DEL			2	0
ENSG00000249310	APOBEC3B-AS1	GroupA_exclusive	TK91,TK92	DEL			2	0
ENSG00000244509	APOBEC3C	GroupA_exclusive	TK91,TK92	DEL			2	0
ENSG00000239713	APOBEC3G	GroupA_exclusive	TK91,TK92	DEL			2	0
ENSG00000221963	APOL6	GroupA_exclusive	TK16,TK91	DEL			2	0
ENSG00000178878	APOLD1	GroupA_exclusive	TK91,TK92	DEL			2	0
ENSG00000198931	APRT	GroupA_exclusive	TK92,TK93	DEL			2	0
ENSG00000181997	AQP7P2	GroupA_exclusive	TK91,TK92	DEL			2	0
ENSG00000107863	ARHGAP21	GroupA_exclusive	TK92,TK93	DEL			2	0
ENSG00000076928	ARHGEF1	GroupA_exclusive	TK91,TK92	DEL			2	0
ENSG00000198844	ARHGEF15	GroupA_exclusive	TK91,TK92	DEL			2	0
ENSG00000213465	ARL2	GroupA_exclusive	TK92,TK93	DEL			2	0
ENSG00000273003	ARL2-SNX15	GroupA_exclusive	TK92,TK93	DEL			2	0
ENSG00000203993	ARRDC1-AS1	GroupA_exclusive	TK91,TK92	DEL			2	0
ENSG00000113369	ARRDC3	GroupA_exclusive	TK91,TK93	DEL			2	0
ENSG00000196372	ASB13	GroupA_exclusive	TK91,TK92	DEL			2	0
ENSG00000244617	ASPRV1	GroupA_exclusive	TK91,TK93	DEL			2	0
ENSG00000176208	ATAD5	GroupA_exclusive	TK91,TK92	DEL			2	0
ENSG00000110046	ATG2A	GroupA_exclusive	TK92,TK93	DEL			2	0
ENSG00000111676	ATN1	GroupA_exclusive	TK16,TK18	DEL			2	0
ENSG00000159363	ATP13A2	GroupA_exclusive	TK16,TK92	DEL			2	0
ENSG00000017260	ATP2C1	GroupA_exclusive	TK91,TK92	DEL			2	0
ENSG00000099624	ATP5F1D	GroupA_exclusive	TK92,TK93	DEL			2	0
ENSG00000167863	ATP5PD	GroupA_exclusive	TK91,TK92	DEL			2	0
ENSG00000159186	ATP5POP1	GroupA_exclusive	TK91,TK92	DEL			2	0
ENSG00000117410	ATP6V0B	GroupA_exclusive	TK91,TK93	DEL			2	0
ENSG00000171130	ATP6V0E2	GroupA_exclusive	TK10,TK16	DEL			2	0
ENSG00000224470	ATXN1L	GroupA_exclusive	TK10,TK92	DEL			2	0
ENSG00000155096	AZIN1	GroupA_exclusive	TK10,TK18	DEL			2	0
ENSG00000158470	B4GALT5	GroupA_exclusive	TK18,TK92	DEL			2	0
ENSG00000230306	BANF1P2	GroupA_exclusive	TK91,TK92	DEL			2	0
ENSG00000168062	BATF2	GroupA_exclusive	TK92,TK93	DEL			2	0
ENSG00000125124	BBS2	GroupA_exclusive	TK10,TK92	DEL			2	0
ENSG00000186666	BCDIN3D	GroupA_exclusive	TK10,TK16	DEL			2	0
ENSG00000133169	BEX1	GroupA_exclusive	TK91,TK92	DEL			2	0
ENSG00000133134	BEX2	GroupA_exclusive	TK91,TK92	DEL			2	0
ENSG00000102409	BEX4	GroupA_exclusive	TK91,TK92	DEL			2	0
ENSG00000268469	BNIP3P38	GroupA_exclusive	TK91,TK92	DEL			2	0
ENSG00000269431	BNIP3P8	GroupA_exclusive	TK91,TK92	DEL			2	0
ENSG00000104331	BPNT2	GroupA_exclusive	TK10,TK93	DEL			2	0
ENSG00000100425	BRD1	GroupA_exclusive	TK16,TK91	DEL			2	0
ENSG00000160058	BSDC1	GroupA_exclusive	TK91,TK92	DEL			2	0
ENSG00000274973	BSNDP2	GroupA_exclusive	TK91,TK92	DEL			2	0
ENSG00000095564	BTAF1	GroupA_exclusive	TK16,TK91	DEL			2	0
ENSG00000171155	C1GALT1C1	GroupA_exclusive	TK91,TK92	DEL			2	0
ENSG00000198912	C1orf174	GroupA_exclusive	TK91,TK92	DEL			2	0
ENSG00000172375	C2CD2L	GroupA_exclusive	TK91,TK93	DEL			2	0
ENSG00000125730	C3	GroupA_exclusive	TK91,TK92	DEL			2	0
ENSG00000164096	C4orf3	GroupA_exclusive	TK91,TK93	DEL			2	0
ENSG00000181904	C5orf24	GroupA_exclusive	TK10,TK91	DEL			2	0
ENSG00000172244	C5orf34	GroupA_exclusive	TK91,TK93	DEL			2	0
ENSG00000248554	C5orf34-AS1	GroupA_exclusive	TK91,TK93	DEL			2	0
ENSG00000204564	C6orf136	GroupA_exclusive	TK92,TK93	DEL			2	0
ENSG00000166862	CACNG2	GroupA_exclusive	TK92,TK93	DEL			2	0
ENSG00000234688	CACNG2-DT	GroupA_exclusive	TK92,TK93	DEL			2	0
ENSG00000105298	CACTIN	GroupA_exclusive	TK10,TK16	DEL			2	0
ENSG00000136436	CALCOCO2	GroupA_exclusive	TK16,TK18	DEL			2	0
ENSG00000130643	CALY	GroupA_exclusive	TK91,TK92	DEL			2	0
ENSG00000111530	CAND1	GroupA_exclusive	TK91,TK93	DEL			2	0
ENSG00000171302	CANT1	GroupA_exclusive	TK91,TK92	DEL			2	0
ENSG00000254614	CAPN1-AS1	GroupA_exclusive	TK92,TK93	DEL			2	0
ENSG00000134905	CARS2	GroupA_exclusive	TK91,TK92	DEL			2	0
ENSG00000170681	CAVIN4	GroupA_exclusive	TK91,TK92	DEL			2	0
ENSG00000105879	CBLL1	GroupA_exclusive	TK16,TK18	DEL			2	0
ENSG00000167131	CCDC103	GroupA_exclusive	TK91,TK93	DEL			2	0
ENSG00000236383	CCDC200	GroupA_exclusive	TK91,TK92	DEL			2	0
ENSG00000283247	CCDC201	GroupA_exclusive	TK91,TK92	DEL			2	0
ENSG00000130783	CCDC62	GroupA_exclusive	TK91,TK92	DEL			2	0
ENSG00000151882	CCL28	GroupA_exclusive	TK91,TK93	DEL			2	0
ENSG00000276085	CCL3L3	GroupA_exclusive	TK92,TK93	DEL			2	0
ENSG00000105173	CCNE1	GroupA_exclusive	TK10,TK16	DEL			2	0
ENSG00000260916	CCPG1	GroupA_exclusive	TK91,TK92	DEL			2	0
ENSG00000177697	CD151	GroupA_exclusive	TK91,TK92	DEL			2	0
ENSG00000094880	CDC23	GroupA_exclusive	TK16,TK91	DEL			2	0
ENSG00000106993	CDC37L1	GroupA_exclusive	TK18,TK92	DEL			2	0
ENSG00000171219	CDC42BPG	GroupA_exclusive	TK92,TK93	DEL			2	0
ENSG00000149798	CDC42EP2	GroupA_exclusive	TK92,TK93	DEL			2	0
ENSG00000268992	CDC42EP3P1	GroupA_exclusive	TK91,TK92	DEL			2	0
ENSG00000249230	CDH12P2	GroupA_exclusive	TK91,TK92	DEL			2	0
ENSG00000253492	CDH12P3	GroupA_exclusive	TK91,TK92	DEL			2	0
ENSG00000170558	CDH2	GroupA_exclusive	TK91,TK92	DEL			2	0
ENSG00000140743	CDR2	GroupA_exclusive	TK91,TK92	DEL			2	0
ENSG00000260790	CDR2-DT	GroupA_exclusive	TK91,TK92	DEL			2	0
ENSG00000102901	CENPT	GroupA_exclusive	TK91,TK92	DEL			2	0
ENSG00000130695	CEP85	GroupA_exclusive	TK92,TK93	DEL			2	0
ENSG00000258890	CEP95	GroupA_exclusive	TK18,TK92	DEL			2	0
ENSG00000147400	CETN2	GroupA_exclusive	TK91,TK92	DEL			2	0
ENSG00000188596	CFAP54	GroupA_exclusive	TK91,TK92	DEL			2	0
ENSG00000236156	CHCHD4P3	GroupA_exclusive	TK16,TK18	DEL			2	0
ENSG00000170004	CHD3	GroupA_exclusive	TK10,TK93	DEL			2	0
ENSG00000182022	CHST15	GroupA_exclusive	TK16,TK18	DEL			2	0
ENSG00000183196	CHST6	GroupA_exclusive	TK91,TK92	DEL			2	0
ENSG00000235955	CICP20	GroupA_exclusive	TK91,TK92	DEL			2	0
ENSG00000187288	CIDEC	GroupA_exclusive	TK91,TK92	DEL			2	0
ENSG00000157322	CLEC18A	GroupA_exclusive	TK91,TK92	DEL			2	0
ENSG00000157335	CLEC18C	GroupA_exclusive	TK91,TK92	DEL			2	0
ENSG00000132361	CLUH	GroupA_exclusive	TK91,TK92	DEL			2	0
ENSG00000183671	CMKLR2	GroupA_exclusive	TK91,TK92	DEL			2	0
ENSG00000279220	CMKLR2-AS	GroupA_exclusive	TK91,TK92	DEL			2	0
ENSG00000068120	COASY	GroupA_exclusive	TK92,TK93	DEL			2	0
ENSG00000133103	COG6	GroupA_exclusive	TK10,TK16	DEL			2	0
ENSG00000206384	COL6A6	GroupA_exclusive	TK91,TK92	DEL			2	0
ENSG00000166200	COPS2	GroupA_exclusive	TK10,TK18	DEL			2	0
ENSG00000133983	COX16	GroupA_exclusive	TK91,TK92	DEL			2	0
ENSG00000131143	COX4I1	GroupA_exclusive	TK16,TK18	DEL			2	0
ENSG00000271180	COX5AP1	GroupA_exclusive	TK91,TK92	DEL			2	0
ENSG00000047457	CP	GroupA_exclusive	TK91,TK92	DEL			2	0
ENSG00000178773	CPNE7	GroupA_exclusive	TK10,TK91	DEL			2	0
ENSG00000197721	CR1L	GroupA_exclusive	TK91,TK92	DEL			2	0
ENSG00000143578	CREB3L4	GroupA_exclusive	TK10,TK18	DEL			2	0
ENSG00000163703	CRELD1	GroupA_exclusive	TK91,TK92	DEL			2	0
ENSG00000176390	CRLF3	GroupA_exclusive	TK91,TK92	DEL			2	0
ENSG00000080947	CROCCP3	GroupA_exclusive	TK91,TK92	DEL			2	0
ENSG00000244752	CRYBB2	GroupA_exclusive	TK91,TK92	DEL			2	0
ENSG00000268916	CSAG3	GroupA_exclusive	TK91,TK92	DEL			2	0
ENSG00000242599	CSAG4	GroupA_exclusive	TK91,TK92	DEL			2	0
ENSG00000276710	CSPG4P10	GroupA_exclusive	TK10,TK18	DEL			2	0
ENSG00000110925	CSRNP2	GroupA_exclusive	TK91,TK93	DEL			2	0
ENSG00000158290	CUL4B	GroupA_exclusive	TK91,TK92	DEL			2	0
ENSG00000178927	CYBC1	GroupA_exclusive	TK91,TK92	DEL			2	0
ENSG00000003137	CYP26B1	GroupA_exclusive	TK91,TK92	DEL			2	0
ENSG00000130649	CYP2E1	GroupA_exclusive	TK91,TK93	DEL			2	0
ENSG00000105443	CYTH2	GroupA_exclusive	TK10,TK16	DEL			2	0
ENSG00000100897	DCAF11	GroupA_exclusive	TK91,TK93	DEL			2	0
ENSG00000130311	DDA1	GroupA_exclusive	TK10,TK18	DEL			2	0
ENSG00000134574	DDB2	GroupA_exclusive	TK91,TK92	DEL			2	0
ENSG00000140995	DEF8	GroupA_exclusive	TK10,TK18	DEL			2	0
ENSG00000253210	DENND3-AS1	GroupA_exclusive	TK10,TK18	DEL			2	0
ENSG00000072849	DERL2	GroupA_exclusive	TK10,TK91	DEL			2	0
ENSG00000140543	DET1	GroupA_exclusive	TK91,TK93	DEL			2	0
ENSG00000095059	DHPS	GroupA_exclusive	TK91,TK93	DEL			2	0
ENSG00000100697	DICER1	GroupA_exclusive	TK10,TK92	DEL			2	0
ENSG00000150672	DLG2	GroupA_exclusive	TK91,TK92	DEL			2	0
ENSG00000137038	DMAC1	GroupA_exclusive	TK92,TK93	DEL			2	0
ENSG00000105341	DMAC2	GroupA_exclusive	TK16,TK93	DEL			2	0
ENSG00000256061	DNAAF4	GroupA_exclusive	TK91,TK92	DEL			2	0
ENSG00000128590	DNAJB9	GroupA_exclusive	TK91,TK93	DEL			2	0
ENSG00000136770	DNAJC1	GroupA_exclusive	TK92,TK93	DEL			2	0
ENSG00000000419	DPM1	GroupA_exclusive	TK16,TK18	DEL			2	0
ENSG00000227067	DPPA3P1	GroupA_exclusive	TK91,TK92	DEL			2	0
ENSG00000119660	DPPA5P4	GroupA_exclusive	TK91,TK92	DEL			2	0
ENSG00000264743	DPRXP4	GroupA_exclusive	TK91,TK92	DEL			2	0
ENSG00000184303	DRD5P1	GroupA_exclusive	TK92,TK93	DEL			2	0
ENSG00000046604	DSG2	GroupA_exclusive	TK10,TK92	DEL			2	0
ENSG00000163840	DTX3L	GroupA_exclusive	TK92,TK93	DEL			2	0
ENSG00000081721	DUSP12	GroupA_exclusive	TK16,TK18	DEL			2	0
ENSG00000112679	DUSP22	GroupA_exclusive	TK91,TK93	DEL			2	0
ENSG00000139318	DUSP6	GroupA_exclusive	TK91,TK93	DEL			2	0
ENSG00000258794	DUX4L27	GroupA_exclusive	TK91,TK92	DEL			2	0
ENSG00000107404	DVL1	GroupA_exclusive	TK92,TK93	DEL			2	0
ENSG00000117395	EBNA1BP2	GroupA_exclusive	TK16,TK18	DEL			2	0
ENSG00000236991	EDRF1-AS1	GroupA_exclusive	TK16,TK92	DEL			2	0
ENSG00000270775	EEF1A1P18	GroupA_exclusive	TK92,TK93	DEL			2	0
ENSG00000249855	EEF1A1P19	GroupA_exclusive	TK91,TK93	DEL			2	0
ENSG00000236698	EIF1AXP1	GroupA_exclusive	TK10,TK16	DEL			2	0
ENSG00000198692	EIF1AY	GroupA_exclusive	TK10,TK18	DEL			2	0
ENSG00000172071	EIF2AK3	GroupA_exclusive	TK16,TK18	DEL			2	0
ENSG00000032389	EIPR1	GroupA_exclusive	TK10,TK16	DEL			2	0
ENSG00000006744	ELAC2	GroupA_exclusive	TK91,TK92	DEL			2	0
ENSG00000234345	ELF2P1	GroupA_exclusive	TK91,TK92	DEL			2	0
ENSG00000234359	ELK1P1	GroupA_exclusive	TK91,TK92	DEL			2	0
ENSG00000171617	ENC1	GroupA_exclusive	TK91,TK93	DEL			2	0
ENSG00000249767	ENPP7P10	GroupA_exclusive	TK91,TK92	DEL			2	0
ENSG00000284605	ENPP7P15	GroupA_exclusive	TK91,TK92	DEL			2	0
ENSG00000170409	ENSG00000170409	GroupA_exclusive	TK91,TK92	DEL			2	0
ENSG00000176134	ENSG00000176134	GroupA_exclusive	TK91,TK92	DEL			2	0
ENSG00000177418	ENSG00000177418	GroupA_exclusive	TK91,TK92	DEL			2	0
ENSG00000179342	ENSG00000179342	GroupA_exclusive	TK91,TK92	DEL			2	0
ENSG00000188078	ENSG00000188078	GroupA_exclusive	TK92,TK93	DEL			2	0
ENSG00000203472	ENSG00000203472	GroupA_exclusive	TK91,TK92	DEL			2	0
ENSG00000205041	ENSG00000205041	GroupA_exclusive	TK16,TK18	DEL			2	0
ENSG00000206028	ENSG00000206028	GroupA_exclusive	TK92,TK93	DEL			2	0
ENSG00000212206	ENSG00000212206	GroupA_exclusive	TK91,TK92	DEL			2	0
ENSG00000214265	ENSG00000214265	GroupA_exclusive	TK10,TK93	DEL			2	0
ENSG00000215409	ENSG00000215409	GroupA_exclusive	TK92,TK93	DEL			2	0
ENSG00000223343	ENSG00000223343	GroupA_exclusive	TK91,TK92	DEL			2	0
ENSG00000223804	ENSG00000223804	GroupA_exclusive	TK91,TK92	DEL			2	0
ENSG00000224515	ENSG00000224515	GroupA_exclusive	TK91,TK92	DEL			2	0
ENSG00000224603	ENSG00000224603	GroupA_exclusive	TK91,TK93	DEL			2	0
ENSG00000224647	ENSG00000224647	GroupA_exclusive	TK91,TK92	DEL			2	0
ENSG00000224692	ENSG00000224692	GroupA_exclusive	TK91,TK92	DEL			2	0
ENSG00000224931	ENSG00000224931	GroupA_exclusive	TK91,TK92	DEL			2	0
ENSG00000224985	ENSG00000224985	GroupA_exclusive	TK16,TK93	DEL			2	0
ENSG00000225537	ENSG00000225537	GroupA_exclusive	TK91,TK92	DEL			2	0
ENSG00000226241	ENSG00000226241	GroupA_exclusive	TK91,TK92	DEL			2	0
ENSG00000226699	ENSG00000226699	GroupA_exclusive	TK91,TK92	DEL			2	0
ENSG00000226838	ENSG00000226838	GroupA_exclusive	TK91,TK92	DEL			2	0
ENSG00000226871	ENSG00000226871	GroupA_exclusive	TK91,TK92	DEL			2	0
ENSG00000226999	ENSG00000226999	GroupA_exclusive	TK91,TK92	DEL			2	0
ENSG00000227803	ENSG00000227803	GroupA_exclusive	TK91,TK92	DEL			2	0
ENSG00000228040	ENSG00000228040	GroupA_exclusive	TK91,TK92	DEL			2	0
ENSG00000228395	ENSG00000228395	GroupA_exclusive	TK16,TK18	DEL			2	0
ENSG00000229881	ENSG00000229881	GroupA_exclusive	TK91,TK92	DEL			2	0
ENSG00000229971	ENSG00000229971	GroupA_exclusive	TK92,TK93	DEL			2	0
ENSG00000230113	ENSG00000230113	GroupA_exclusive	TK91,TK92	DEL			2	0
ENSG00000230637	ENSG00000230637	GroupA_exclusive	TK91,TK92	DEL			2	0
ENSG00000230835	ENSG00000230835	GroupA_exclusive	TK92,TK93	DEL			2	0
ENSG00000230964	ENSG00000230964	GroupA_exclusive	TK92,TK93	DEL			2	0
ENSG00000231447	ENSG00000231447	GroupA_exclusive	TK91,TK92	DEL			2	0
ENSG00000231466	ENSG00000231466	GroupA_exclusive	TK91,TK92	DEL			2	0
ENSG00000231628	ENSG00000231628	GroupA_exclusive	TK16,TK18	DEL			2	0
ENSG00000232807	ENSG00000232807	GroupA_exclusive	TK10,TK16	DEL			2	0
ENSG00000232828	ENSG00000232828	GroupA_exclusive	TK92,TK93	DEL			2	0
ENSG00000232934	ENSG00000232934	GroupA_exclusive	TK10,TK16	DEL			2	0
ENSG00000233222	ENSG00000233222	GroupA_exclusive	TK91,TK92	DEL			2	0
ENSG00000233250	ENSG00000233250	GroupA_exclusive	TK91,TK92	DEL			2	0
ENSG00000233577	ENSG00000233577	GroupA_exclusive	TK91,TK92	DEL			2	0
ENSG00000233775	ENSG00000233775	GroupA_exclusive	TK91,TK92	DEL			2	0
ENSG00000233912	ENSG00000233912	GroupA_exclusive	TK16,TK18	DEL			2	0
ENSG00000234200	ENSG00000234200	GroupA_exclusive	TK91,TK92	DEL			2	0
ENSG00000234211	ENSG00000234211	GroupA_exclusive	TK91,TK92	DEL			2	0
ENSG00000234500	ENSG00000234500	GroupA_exclusive	TK91,TK92	DEL			2	0
ENSG00000235081	ENSG00000235081	GroupA_exclusive	TK91,TK92	DEL			2	0
ENSG00000235236	ENSG00000235236	GroupA_exclusive	TK91,TK92	DEL			2	0
ENSG00000235246	ENSG00000235246	GroupA_exclusive	TK10,TK18	DEL			2	0
ENSG00000235386	ENSG00000235386	GroupA_exclusive	TK91,TK92	DEL			2	0
ENSG00000236252	ENSG00000236252	GroupA_exclusive	TK91,TK92	DEL			2	0
ENSG00000236472	ENSG00000236472	GroupA_exclusive	TK10,TK18	DEL			2	0
ENSG00000237176	ENSG00000237176	GroupA_exclusive	TK92,TK93	DEL			2	0
ENSG00000237471	ENSG00000237471	GroupA_exclusive	TK91,TK92	DEL			2	0
ENSG00000241183	ENSG00000241183	GroupA_exclusive	TK91,TK92	DEL			2	0
ENSG00000241251	ENSG00000241251	GroupA_exclusive	TK91,TK92	DEL			2	0
ENSG00000241352	ENSG00000241352	GroupA_exclusive	TK91,TK92	DEL			2	0
ENSG00000242329	ENSG00000242329	GroupA_exclusive	TK91,TK92	DEL			2	0
ENSG00000242439	ENSG00000242439	GroupA_exclusive	TK91,TK92	DEL			2	0
ENSG00000244510	ENSG00000244510	GroupA_exclusive	TK91,TK92	DEL			2	0
ENSG00000244657	ENSG00000244657	GroupA_exclusive	TK91,TK92	DEL			2	0
ENSG00000247228	ENSG00000247228	GroupA_exclusive	TK91,TK92	DEL			2	0
ENSG00000247372	ENSG00000247372	GroupA_exclusive	TK91,TK92	DEL			2	0
ENSG00000248240	ENSG00000248240	GroupA_exclusive	TK91,TK93	DEL			2	0
ENSG00000248564	ENSG00000248564	GroupA_exclusive	TK91,TK92	DEL			2	0
ENSG00000248881	ENSG00000248881	GroupA_exclusive	TK91,TK92	DEL			2	0
ENSG00000249189	ENSG00000249189	GroupA_exclusive	TK91,TK92	DEL			2	0
ENSG00000249476	ENSG00000249476	GroupA_exclusive	TK91,TK92	DEL			2	0
ENSG00000249492	ENSG00000249492	GroupA_exclusive	TK91,TK93	DEL			2	0
ENSG00000249675	ENSG00000249675	GroupA_exclusive	TK91,TK92	DEL			2	0
ENSG00000250090	ENSG00000250090	GroupA_exclusive	TK91,TK92	DEL			2	0
ENSG00000250321	ENSG00000250321	GroupA_exclusive	TK91,TK92	DEL			2	0
ENSG00000250574	ENSG00000250574	GroupA_exclusive	TK91,TK92	DEL			2	0
ENSG00000251158	ENSG00000251158	GroupA_exclusive	TK91,TK92	DEL			2	0
ENSG00000251313	ENSG00000251313	GroupA_exclusive	TK91,TK92	DEL			2	0
ENSG00000251378	ENSG00000251378	GroupA_exclusive	TK91,TK92	DEL			2	0
ENSG00000251535	ENSG00000251535	GroupA_exclusive	TK91,TK92	DEL			2	0
ENSG00000252011	ENSG00000252011	GroupA_exclusive	TK91,TK92	DEL			2	0
ENSG00000253176	ENSG00000253176	GroupA_exclusive	TK91,TK92	DEL			2	0
ENSG00000253290	ENSG00000253290	GroupA_exclusive	TK91,TK92	DEL			2	0
ENSG00000253363	ENSG00000253363	GroupA_exclusive	TK91,TK92	DEL			2	0
ENSG00000253397	ENSG00000253397	GroupA_exclusive	TK91,TK92	DEL			2	0
ENSG00000253615	ENSG00000253615	GroupA_exclusive	TK91,TK92	DEL			2	0
ENSG00000254061	ENSG00000254061	GroupA_exclusive	TK91,TK92	DEL			2	0
ENSG00000254394	ENSG00000254394	GroupA_exclusive	TK10,TK18	DEL			2	0
ENSG00000254397	ENSG00000254397	GroupA_exclusive	TK10,TK18	DEL			2	0
ENSG00000254398	ENSG00000254398	GroupA_exclusive	TK91,TK92	DEL			2	0
ENSG00000254503	ENSG00000254503	GroupA_exclusive	TK91,TK92	DEL			2	0
ENSG00000254553	ENSG00000254553	GroupA_exclusive	TK91,TK92	DEL			2	0
ENSG00000254757	ENSG00000254757	GroupA_exclusive	TK91,TK92	DEL			2	0
ENSG00000254933	ENSG00000254933	GroupA_exclusive	TK16,TK18	DEL			2	0
ENSG00000255045	ENSG00000255045	GroupA_exclusive	TK10,TK16	DEL			2	0
ENSG00000255367	ENSG00000255367	GroupA_exclusive	TK91,TK92	DEL			2	0
ENSG00000255478	ENSG00000255478	GroupA_exclusive	TK92,TK93	DEL			2	0
ENSG00000255628	ENSG00000255628	GroupA_exclusive	TK91,TK92	DEL			2	0
ENSG00000256044	ENSG00000256044	GroupA_exclusive	TK91,TK92	DEL			2	0
ENSG00000256108	ENSG00000256108	GroupA_exclusive	TK16,TK18	DEL			2	0
ENSG00000256152	ENSG00000256152	GroupA_exclusive	TK91,TK92	DEL			2	0
ENSG00000256249	ENSG00000256249	GroupA_exclusive	TK91,TK92	DEL			2	0
ENSG00000256400	ENSG00000256400	GroupA_exclusive	TK91,TK92	DEL			2	0
ENSG00000256538	ENSG00000256538	GroupA_exclusive	TK91,TK92	DEL			2	0
ENSG00000256986	ENSG00000256986	GroupA_exclusive	TK91,TK92	DEL			2	0
ENSG00000257286	ENSG00000257286	GroupA_exclusive	TK16,TK18	DEL			2	0
ENSG00000257759	ENSG00000257759	GroupA_exclusive	TK91,TK92	DEL			2	0
ENSG00000257813	ENSG00000257813	GroupA_exclusive	TK91,TK92	DEL			2	0
ENSG00000257831	ENSG00000257831	GroupA_exclusive	TK91,TK92	DEL			2	0
ENSG00000258050	ENSG00000258050	GroupA_exclusive	TK91,TK92	DEL			2	0
ENSG00000258422	ENSG00000258422	GroupA_exclusive	TK91,TK92	DEL			2	0
ENSG00000258698	ENSG00000258698	GroupA_exclusive	TK91,TK93	DEL			2	0
ENSG00000258740	ENSG00000258740	GroupA_exclusive	TK91,TK92	DEL			2	0
ENSG00000258792	ENSG00000258792	GroupA_exclusive	TK91,TK92	DEL			2	0
ENSG00000258802	ENSG00000258802	GroupA_exclusive	TK91,TK93	DEL			2	0
ENSG00000258820	ENSG00000258820	GroupA_exclusive	TK91,TK92	DEL			2	0
ENSG00000259033	ENSG00000259033	GroupA_exclusive	TK91,TK92	DEL			2	0
ENSG00000259049	ENSG00000259049	GroupA_exclusive	TK91,TK93	DEL			2	0
ENSG00000259185	ENSG00000259185	GroupA_exclusive	TK92,TK93	DEL			2	0
ENSG00000259346	ENSG00000259346	GroupA_exclusive	TK91,TK92	DEL			2	0
ENSG00000259522	ENSG00000259522	GroupA_exclusive	TK92,TK93	DEL			2	0
ENSG00000259551	ENSG00000259551	GroupA_exclusive	TK91,TK92	DEL			2	0
ENSG00000259615	ENSG00000259615	GroupA_exclusive	TK91,TK93	DEL			2	0
ENSG00000259628	ENSG00000259628	GroupA_exclusive	TK91,TK92	DEL			2	0
ENSG00000259900	ENSG00000259900	GroupA_exclusive	TK91,TK92	DEL			2	0
ENSG00000259932	ENSG00000259932	GroupA_exclusive	TK91,TK92	DEL			2	0
ENSG00000260035	ENSG00000260035	GroupA_exclusive	TK91,TK92	DEL			2	0
ENSG00000260036	ENSG00000260036	GroupA_exclusive	TK91,TK92	DEL			2	0
ENSG00000260121	ENSG00000260121	GroupA_exclusive	TK91,TK92	DEL			2	0
ENSG00000260246	ENSG00000260246	GroupA_exclusive	TK91,TK92	DEL			2	0
ENSG00000260570	ENSG00000260570	GroupA_exclusive	TK91,TK93	DEL			2	0
ENSG00000260588	ENSG00000260588	GroupA_exclusive	TK92,TK93	DEL			2	0
ENSG00000260635	ENSG00000260635	GroupA_exclusive	TK91,TK92	DEL			2	0
ENSG00000260855	ENSG00000260855	GroupA_exclusive	TK91,TK92	DEL			2	0
ENSG00000261072	ENSG00000261072	GroupA_exclusive	TK91,TK92	DEL			2	0
ENSG00000261098	ENSG00000261098	GroupA_exclusive	TK91,TK92	DEL			2	0
ENSG00000261113	ENSG00000261113	GroupA_exclusive	TK91,TK92	DEL			2	0
ENSG00000261131	ENSG00000261131	GroupA_exclusive	TK91,TK92	DEL			2	0
ENSG00000261135	ENSG00000261135	GroupA_exclusive	TK91,TK92	DEL			2	0
ENSG00000261448	ENSG00000261448	GroupA_exclusive	TK91,TK92	DEL			2	0
ENSG00000261600	ENSG00000261600	GroupA_exclusive	TK92,TK93	DEL			2	0
ENSG00000261675	ENSG00000261675	GroupA_exclusive	TK92,TK93	DEL			2	0
ENSG00000261695	ENSG00000261695	GroupA_exclusive	TK91,TK92	DEL			2	0
ENSG00000261832	ENSG00000261832	GroupA_exclusive	TK16,TK91	DEL			2	0
ENSG00000262370	ENSG00000262370	GroupA_exclusive	TK91,TK92	DEL			2	0
ENSG00000263531	ENSG00000263531	GroupA_exclusive	TK91,TK92	DEL			2	0
ENSG00000264456	ENSG00000264456	GroupA_exclusive	TK91,TK92	DEL			2	0
ENSG00000264772	ENSG00000264772	GroupA_exclusive	TK91,TK92	DEL			2	0
ENSG00000265334	ENSG00000265334	GroupA_exclusive	TK91,TK92	DEL			2	0
ENSG00000265474	ENSG00000265474	GroupA_exclusive	TK18,TK93	DEL			2	0
ENSG00000265791	ENSG00000265791	GroupA_exclusive	TK91,TK92	DEL			2	0
ENSG00000266279	ENSG00000266279	GroupA_exclusive	TK91,TK92	DEL			2	0
ENSG00000266340	ENSG00000266340	GroupA_exclusive	TK91,TK92	DEL			2	0
ENSG00000266495	ENSG00000266495	GroupA_exclusive	TK91,TK92	DEL			2	0
ENSG00000266998	ENSG00000266998	GroupA_exclusive	TK10,TK18	DEL			2	0
ENSG00000267002	ENSG00000267002	GroupA_exclusive	TK91,TK92	DEL			2	0
ENSG00000267085	ENSG00000267085	GroupA_exclusive	TK91,TK92	DEL			2	0
ENSG00000267212	ENSG00000267212	GroupA_exclusive	TK91,TK93	DEL			2	0
ENSG00000267271	ENSG00000267271	GroupA_exclusive	TK91,TK92	DEL			2	0
ENSG00000267312	ENSG00000267312	GroupA_exclusive	TK91,TK92	DEL			2	0
ENSG00000267342	ENSG00000267342	GroupA_exclusive	TK91,TK92	DEL			2	0
ENSG00000267424	ENSG00000267424	GroupA_exclusive	TK91,TK93	DEL			2	0
ENSG00000267554	ENSG00000267554	GroupA_exclusive	TK91,TK92	DEL			2	0
ENSG00000267769	ENSG00000267769	GroupA_exclusive	TK16,TK18	DEL			2	0
ENSG00000267827	ENSG00000267827	GroupA_exclusive	TK91,TK92	DEL			2	0
ENSG00000267934	ENSG00000267934	GroupA_exclusive	TK91,TK92	DEL			2	0
ENSG00000268015	ENSG00000268015	GroupA_exclusive	TK10,TK93	DEL			2	0
ENSG00000268069	ENSG00000268069	GroupA_exclusive	TK91,TK92	DEL			2	0
ENSG00000268205	ENSG00000268205	GroupA_exclusive	TK91,TK92	DEL			2	0
ENSG00000268361	ENSG00000268361	GroupA_exclusive	TK91,TK92	DEL			2	0
ENSG00000268458	ENSG00000268458	GroupA_exclusive	TK91,TK92	DEL			2	0
ENSG00000268531	ENSG00000268531	GroupA_exclusive	TK91,TK92	DEL			2	0
ENSG00000268713	ENSG00000268713	GroupA_exclusive	TK91,TK92	DEL			2	0
ENSG00000268723	ENSG00000268723	GroupA_exclusive	TK91,TK92	DEL			2	0
ENSG00000268931	ENSG00000268931	GroupA_exclusive	TK10,TK91	DEL			2	0
ENSG00000268947	ENSG00000268947	GroupA_exclusive	TK10,TK91	DEL			2	0
ENSG00000269035	ENSG00000269035	GroupA_exclusive	TK91,TK92	DEL			2	0
ENSG00000269053	ENSG00000269053	GroupA_exclusive	TK91,TK92	DEL			2	0
ENSG00000269107	ENSG00000269107	GroupA_exclusive	TK91,TK92	DEL			2	0
ENSG00000269177	ENSG00000269177	GroupA_exclusive	TK91,TK92	DEL			2	0
ENSG00000269242	ENSG00000269242	GroupA_exclusive	TK91,TK93	DEL			2	0
ENSG00000269471	ENSG00000269471	GroupA_exclusive	TK91,TK92	DEL			2	0
ENSG00000269480	ENSG00000269480	GroupA_exclusive	TK16,TK18	DEL			2	0
ENSG00000269481	ENSG00000269481	GroupA_exclusive	TK91,TK92	DEL			2	0
ENSG00000269524	ENSG00000269524	GroupA_exclusive	TK91,TK92	DEL			2	0
ENSG00000269583	ENSG00000269583	GroupA_exclusive	TK91,TK92	DEL			2	0
ENSG00000269590	ENSG00000269590	GroupA_exclusive	TK91,TK93	DEL			2	0
ENSG00000269680	ENSG00000269680	GroupA_exclusive	TK10,TK16	DEL			2	0
ENSG00000269736	ENSG00000269736	GroupA_exclusive	TK91,TK92	DEL			2	0
ENSG00000269947	ENSG00000269947	GroupA_exclusive	TK91,TK92	DEL			2	0
ENSG00000269982	ENSG00000269982	GroupA_exclusive	TK91,TK92	DEL			2	0
ENSG00000270248	ENSG00000270248	GroupA_exclusive	TK91,TK92	DEL			2	0
ENSG00000270605	ENSG00000270605	GroupA_exclusive	TK16,TK18	DEL			2	0
ENSG00000270610	ENSG00000270610	GroupA_exclusive	TK91,TK92	DEL			2	0
ENSG00000270850	ENSG00000270850	GroupA_exclusive	TK91,TK92	DEL			2	0
ENSG00000270890	ENSG00000270890	GroupA_exclusive	TK16,TK18	DEL			2	0
ENSG00000271029	ENSG00000271029	GroupA_exclusive	TK91,TK92	DEL			2	0
ENSG00000271032	ENSG00000271032	GroupA_exclusive	TK10,TK18	DEL			2	0
ENSG00000271057	ENSG00000271057	GroupA_exclusive	TK91,TK92	DEL			2	0
ENSG00000271980	ENSG00000271980	GroupA_exclusive	TK92,TK93	DEL			2	0
ENSG00000272037	ENSG00000272037	GroupA_exclusive	TK10,TK91	DEL			2	0
ENSG00000272154	ENSG00000272154	GroupA_exclusive	TK91,TK92	DEL			2	0
ENSG00000272221	ENSG00000272221	GroupA_exclusive	TK91,TK92	DEL			2	0
ENSG00000272426	ENSG00000272426	GroupA_exclusive	TK10,TK16	DEL			2	0
ENSG00000272447	ENSG00000272447	GroupA_exclusive	TK91,TK92	DEL			2	0
ENSG00000272798	ENSG00000272798	GroupA_exclusive	TK91,TK92	DEL			2	0
ENSG00000272906	ENSG00000272906	GroupA_exclusive	TK92,TK93	DEL			2	0
ENSG00000272942	ENSG00000272942	GroupA_exclusive	TK91,TK92	DEL			2	0
ENSG00000272980	ENSG00000272980	GroupA_exclusive	TK16,TK18	DEL			2	0
ENSG00000273211	ENSG00000273211	GroupA_exclusive	TK91,TK92	DEL			2	0
ENSG00000273306	ENSG00000273306	GroupA_exclusive	TK91,TK93	DEL			2	0
ENSG00000273406	ENSG00000273406	GroupA_exclusive	TK91,TK92	DEL			2	0
ENSG00000273971	ENSG00000273971	GroupA_exclusive	TK91,TK92	DEL			2	0
ENSG00000274330	ENSG00000274330	GroupA_exclusive	TK91,TK92	DEL			2	0
ENSG00000274414	ENSG00000274414	GroupA_exclusive	TK91,TK92	DEL			2	0
ENSG00000274507	ENSG00000274507	GroupA_exclusive	TK91,TK92	DEL			2	0
ENSG00000274642	ENSG00000274642	GroupA_exclusive	TK91,TK92	DEL			2	0
ENSG00000274765	ENSG00000274765	GroupA_exclusive	TK91,TK92	DEL			2	0
ENSG00000275185	ENSG00000275185	GroupA_exclusive	TK91,TK92	DEL			2	0
ENSG00000275201	ENSG00000275201	GroupA_exclusive	TK91,TK92	DEL			2	0
ENSG00000275400	ENSG00000275400	GroupA_exclusive	TK91,TK92	DEL			2	0
ENSG00000275417	ENSG00000275417	GroupA_exclusive	TK91,TK92	DEL			2	0
ENSG00000275888	ENSG00000275888	GroupA_exclusive	TK10,TK92	DEL			2	0
ENSG00000275902	ENSG00000275902	GroupA_exclusive	TK10,TK18	DEL			2	0
ENSG00000276298	ENSG00000276298	GroupA_exclusive	TK91,TK92	DEL			2	0
ENSG00000276533	ENSG00000276533	GroupA_exclusive	TK91,TK92	DEL			2	0
ENSG00000276810	ENSG00000276810	GroupA_exclusive	TK10,TK18	DEL			2	0
ENSG00000276980	ENSG00000276980	GroupA_exclusive	TK91,TK92	DEL			2	0
ENSG00000277003	ENSG00000277003	GroupA_exclusive	TK91,TK92	DEL			2	0
ENSG00000277548	ENSG00000277548	GroupA_exclusive	TK91,TK92	DEL			2	0
ENSG00000277599	ENSG00000277599	GroupA_exclusive	TK92,TK93	DEL			2	0
ENSG00000277767	ENSG00000277767	GroupA_exclusive	TK91,TK92	DEL			2	0
ENSG00000278050	ENSG00000278050	GroupA_exclusive	TK92,TK93	DEL			2	0
ENSG00000278131	ENSG00000278131	GroupA_exclusive	TK92,TK93	DEL			2	0
ENSG00000278144	ENSG00000278144	GroupA_exclusive	TK92,TK93	DEL			2	0
ENSG00000278518	ENSG00000278518	GroupA_exclusive	TK91,TK93	DEL			2	0
ENSG00000278603	ENSG00000278603	GroupA_exclusive	TK10,TK18	DEL			2	0
ENSG00000278830	ENSG00000278830	GroupA_exclusive	TK92,TK93	DEL			2	0
ENSG00000279151	ENSG00000279151	GroupA_exclusive	TK10,TK16	DEL			2	0
ENSG00000279298	ENSG00000279298	GroupA_exclusive	TK91,TK92	DEL			2	0
ENSG00000279392	ENSG00000279392	GroupA_exclusive	TK91,TK92	DEL			2	0
ENSG00000279500	ENSG00000279500	GroupA_exclusive	TK91,TK92	DEL			2	0
ENSG00000279541	ENSG00000279541	GroupA_exclusive	TK91,TK92	DEL			2	0
ENSG00000279557	ENSG00000279557	GroupA_exclusive	TK91,TK93	DEL			2	0
ENSG00000279744	ENSG00000279744	GroupA_exclusive	TK91,TK92	DEL			2	0
ENSG00000279785	ENSG00000279785	GroupA_exclusive	TK91,TK92	DEL			2	0
ENSG00000280069	ENSG00000280069	GroupA_exclusive	TK91,TK92	DEL			2	0
ENSG00000280114	ENSG00000280114	GroupA_exclusive	TK10,TK16	DEL			2	0
ENSG00000280148	ENSG00000280148	GroupA_exclusive	TK16,TK18	DEL			2	0
ENSG00000280376	ENSG00000280376	GroupA_exclusive	TK91,TK92	DEL			2	0
ENSG00000280554	ENSG00000280554	GroupA_exclusive	TK91,TK92	DEL			2	0
ENSG00000280607	ENSG00000280607	GroupA_exclusive	TK91,TK93	DEL			2	0
ENSG00000280703	ENSG00000280703	GroupA_exclusive	TK91,TK92	DEL			2	0
ENSG00000280881	ENSG00000280881	GroupA_exclusive	TK91,TK92	DEL			2	0
ENSG00000281896	ENSG00000281896	GroupA_exclusive	TK10,TK18	DEL			2	0
ENSG00000282951	ENSG00000282951	GroupA_exclusive	TK16,TK92	DEL			2	0
ENSG00000283201	ENSG00000283201	GroupA_exclusive	TK91,TK92	DEL			2	0
ENSG00000283208	ENSG00000283208	GroupA_exclusive	TK16,TK18	DEL			2	0
ENSG00000283571	ENSG00000283571	GroupA_exclusive	TK10,TK16	DEL			2	0
ENSG00000283633	ENSG00000283633	GroupA_exclusive	TK18,TK92	DEL			2	0
ENSG00000283695	ENSG00000283695	GroupA_exclusive	TK91,TK93	DEL			2	0
ENSG00000284095	ENSG00000284095	GroupA_exclusive	TK91,TK92	DEL			2	0
ENSG00000284428	ENSG00000284428	GroupA_exclusive	TK91,TK92	DEL			2	0
ENSG00000284636	ENSG00000284636	GroupA_exclusive	TK91,TK92	DEL			2	0
ENSG00000284639	ENSG00000284639	GroupA_exclusive	TK91,TK92	DEL			2	0
ENSG00000284703	ENSG00000284703	GroupA_exclusive	TK91,TK92	DEL			2	0
ENSG00000285151	ENSG00000285151	GroupA_exclusive	TK91,TK92	DEL			2	0
ENSG00000285253	ENSG00000285253	GroupA_exclusive	TK91,TK92	DEL			2	0
ENSG00000285583	ENSG00000285583	GroupA_exclusive	TK91,TK93	DEL			2	0
ENSG00000285589	ENSG00000285589	GroupA_exclusive	TK91,TK93	DEL			2	0
ENSG00000285631	ENSG00000285631	GroupA_exclusive	TK91,TK92	DEL			2	0
ENSG00000285664	ENSG00000285664	GroupA_exclusive	TK91,TK93	DEL			2	0
ENSG00000285690	ENSG00000285690	GroupA_exclusive	TK91,TK92	DEL			2	0
ENSG00000285696	ENSG00000285696	GroupA_exclusive	TK10,TK16	DEL			2	0
ENSG00000285770	ENSG00000285770	GroupA_exclusive	TK10,TK18	DEL			2	0
ENSG00000285968	ENSG00000285968	GroupA_exclusive	TK91,TK92	DEL			2	0
ENSG00000285976	ENSG00000285976	GroupA_exclusive	TK10,TK16	DEL			2	0
ENSG00000286165	ENSG00000286165	GroupA_exclusive	TK16,TK18	DEL			2	0
ENSG00000286194	ENSG00000286194	GroupA_exclusive	TK91,TK92	DEL			2	0
ENSG00000286590	ENSG00000286590	GroupA_exclusive	TK91,TK92	DEL			2	0
ENSG00000286698	ENSG00000286698	GroupA_exclusive	TK92,TK93	DEL			2	0
ENSG00000286705	ENSG00000286705	GroupA_exclusive	TK91,TK92	DEL			2	0
ENSG00000286765	ENSG00000286765	GroupA_exclusive	TK91,TK92	DEL			2	0
ENSG00000286789	ENSG00000286789	GroupA_exclusive	TK91,TK93	DEL			2	0
ENSG00000286939	ENSG00000286939	GroupA_exclusive	TK91,TK92	DEL			2	0
ENSG00000287035	ENSG00000287035	GroupA_exclusive	TK91,TK92	DEL			2	0
ENSG00000287193	ENSG00000287193	GroupA_exclusive	TK91,TK92	DEL			2	0
ENSG00000287238	ENSG00000287238	GroupA_exclusive	TK91,TK92	DEL			2	0
ENSG00000287242	ENSG00000287242	GroupA_exclusive	TK16,TK18	DEL			2	0
ENSG00000287257	ENSG00000287257	GroupA_exclusive	TK10,TK18	DEL			2	0
ENSG00000287312	ENSG00000287312	GroupA_exclusive	TK91,TK92	DEL			2	0
ENSG00000287483	ENSG00000287483	GroupA_exclusive	TK91,TK92	DEL			2	0
ENSG00000287614	ENSG00000287614	GroupA_exclusive	TK91,TK92	DEL			2	0
ENSG00000287699	ENSG00000287699	GroupA_exclusive	TK91,TK92	DEL			2	0
ENSG00000287821	ENSG00000287821	GroupA_exclusive	TK92,TK93	DEL			2	0
ENSG00000287906	ENSG00000287906	GroupA_exclusive	TK91,TK92	DEL			2	0
ENSG00000287917	ENSG00000287917	GroupA_exclusive	TK92,TK93	DEL			2	0
ENSG00000287972	ENSG00000287972	GroupA_exclusive	TK91,TK92	DEL			2	0
ENSG00000288075	ENSG00000288075	GroupA_exclusive	TK91,TK92	DEL			2	0
ENSG00000288096	ENSG00000288096	GroupA_exclusive	TK91,TK92	DEL			2	0
ENSG00000288107	ENSG00000288107	GroupA_exclusive	TK91,TK93	DEL			2	0
ENSG00000288550	ENSG00000288550	GroupA_exclusive	TK91,TK92	DEL			2	0
ENSG00000288587	ENSG00000288587	GroupA_exclusive	TK91,TK92	DEL			2	0
ENSG00000288608	ENSG00000288608	GroupA_exclusive	TK10,TK16	DEL			2	0
ENSG00000288694	ENSG00000288694	GroupA_exclusive	TK91,TK93	DEL			2	0
ENSG00000288899	ENSG00000288899	GroupA_exclusive	TK91,TK92	DEL			2	0
ENSG00000288917	ENSG00000288917	GroupA_exclusive	TK91,TK93	DEL			2	0
ENSG00000288928	ENSG00000288928	GroupA_exclusive	TK10,TK18	DEL			2	0
ENSG00000288939	ENSG00000288939	GroupA_exclusive	TK91,TK92	DEL			2	0
ENSG00000288997	ENSG00000288997	GroupA_exclusive	TK91,TK92	DEL			2	0
ENSG00000289117	ENSG00000289117	GroupA_exclusive	TK91,TK93	DEL			2	0
ENSG00000289231	ENSG00000289231	GroupA_exclusive	TK92,TK93	DEL			2	0
ENSG00000289282	ENSG00000289282	GroupA_exclusive	TK91,TK93	DEL			2	0
ENSG00000289340	ENSG00000289340	GroupA_exclusive	TK91,TK92	DEL			2	0
ENSG00000289361	ENSG00000289361	GroupA_exclusive	TK91,TK92	DEL			2	0
ENSG00000289514	ENSG00000289514	GroupA_exclusive	TK92,TK93	DEL			2	0
ENSG00000289615	ENSG00000289615	GroupA_exclusive	TK91,TK92	DEL			2	0
ENSG00000289697	ENSG00000289697	GroupA_exclusive	TK91,TK92	DEL			2	0
ENSG00000289768	ENSG00000289768	GroupA_exclusive	TK91,TK92	DEL			2	0
ENSG00000289984	ENSG00000289984	GroupA_exclusive	TK91,TK92	DEL			2	0
ENSG00000290045	ENSG00000290045	GroupA_exclusive	TK91,TK92	DEL			2	0
ENSG00000290057	ENSG00000290057	GroupA_exclusive	TK92,TK93	DEL			2	0
ENSG00000290107	ENSG00000290107	GroupA_exclusive	TK91,TK92	DEL			2	0
ENSG00000290122	ENSG00000290122	GroupA_exclusive	TK10,TK16	DEL			2	0
ENSG00000290316	ENSG00000290316	GroupA_exclusive	TK91,TK92	DEL			2	0
ENSG00000290397	ENSG00000290397	GroupA_exclusive	TK91,TK92	DEL			2	0
ENSG00000290459	ENSG00000290459	GroupA_exclusive	TK91,TK92	DEL			2	0
ENSG00000290476	ENSG00000290476	GroupA_exclusive	TK91,TK92	DEL			2	0
ENSG00000290564	ENSG00000290564	GroupA_exclusive	TK91,TK92	DEL			2	0
ENSG00000290565	ENSG00000290565	GroupA_exclusive	TK92,TK93	DEL			2	0
ENSG00000290569	ENSG00000290569	GroupA_exclusive	TK91,TK92	DEL			2	0
ENSG00000290586	ENSG00000290586	GroupA_exclusive	TK91,TK92	DEL			2	0
ENSG00000290709	ENSG00000290709	GroupA_exclusive	TK91,TK92	DEL			2	0
ENSG00000290796	ENSG00000290796	GroupA_exclusive	TK91,TK92	DEL			2	0
ENSG00000290807	ENSG00000290807	GroupA_exclusive	TK91,TK92	DEL			2	0
ENSG00000290808	ENSG00000290808	GroupA_exclusive	TK91,TK92	DEL			2	0
ENSG00000290830	ENSG00000290830	GroupA_exclusive	TK91,TK92	DEL			2	0
ENSG00000290849	ENSG00000290849	GroupA_exclusive	TK10,TK16	DEL			2	0
ENSG00000290946	ENSG00000290946	GroupA_exclusive	TK10,TK18	DEL			2	0
ENSG00000290947	ENSG00000290947	GroupA_exclusive	TK10,TK18	DEL			2	0
ENSG00000290948	ENSG00000290948	GroupA_exclusive	TK10,TK18	DEL			2	0
ENSG00000290949	ENSG00000290949	GroupA_exclusive	TK10,TK18	DEL			2	0
ENSG00000291003	ENSG00000291003	GroupA_exclusive	TK10,TK92	DEL			2	0
ENSG00000291015	ENSG00000291015	GroupA_exclusive	TK92,TK93	DEL			2	0
ENSG00000291132	ENSG00000291132	GroupA_exclusive	TK91,TK92	DEL			2	0
ENSG00000291136	ENSG00000291136	GroupA_exclusive	TK91,TK92	DEL			2	0
ENSG00000291207	ENSG00000291207	GroupA_exclusive	TK91,TK92	DEL			2	0
ENSG00000291208	ENSG00000291208	GroupA_exclusive	TK91,TK92	DEL			2	0
ENSG00000291224	ENSG00000291224	GroupA_exclusive	TK91,TK92	DEL			2	0
ENSG00000291265	ENSG00000291265	GroupA_exclusive	TK91,TK92	DEL			2	0
ENSG00000291310	ENSG00000291310	GroupA_exclusive	TK91,TK92	DEL			2	0
ENSG00000291338	ENSG00000291338	GroupA_exclusive	TK91,TK93	DEL			2	0
ENSG00000086289	EPDR1	GroupA_exclusive	TK10,TK92	DEL			2	0
ENSG00000143819	EPHX1	GroupA_exclusive	TK10,TK16	DEL			2	0
ENSG00000261150	EPPK1	GroupA_exclusive	TK91,TK92	DEL			2	0
ENSG00000164308	ERAP2	GroupA_exclusive	TK10,TK16	DEL			2	0
ENSG00000149564	ESAM	GroupA_exclusive	TK18,TK92	DEL			2	0
ENSG00000250073	ESAM-AS1	GroupA_exclusive	TK18,TK92	DEL			2	0
ENSG00000268869	ESPNP	GroupA_exclusive	TK10,TK16	DEL			2	0
ENSG00000144036	EXOC6B	GroupA_exclusive	TK91,TK92	DEL			2	0
ENSG00000178896	EXOSC4	GroupA_exclusive	TK91,TK92	DEL			2	0
ENSG00000120699	EXOSC8	GroupA_exclusive	TK16,TK18	DEL			2	0
ENSG00000185010	F8	GroupA_exclusive	TK91,TK92	DEL			2	0
ENSG00000183615	FAM167B	GroupA_exclusive	TK91,TK92	DEL			2	0
ENSG00000214447	FAM187A	GroupA_exclusive	TK91,TK93	DEL			2	0
ENSG00000213770	FAM210CP	GroupA_exclusive	TK92,TK93	DEL			2	0
ENSG00000225828	FAM229A	GroupA_exclusive	TK91,TK92	DEL			2	0
ENSG00000231527	FAM27C	GroupA_exclusive	TK91,TK92	DEL			2	0
ENSG00000166492	FAM86GP	GroupA_exclusive	TK91,TK92	DEL			2	0
ENSG00000163612	FAM86KP	GroupA_exclusive	TK91,TK92	DEL			2	0
ENSG00000099364	FBXL19	GroupA_exclusive	TK92,TK93	DEL			2	0
ENSG00000005812	FBXL3	GroupA_exclusive	TK16,TK18	DEL			2	0
ENSG00000178974	FBXO34	GroupA_exclusive	TK91,TK92	DEL			2	0
ENSG00000258413	FBXO34-AS1	GroupA_exclusive	TK91,TK92	DEL			2	0
ENSG00000072694	FCGR2B	GroupA_exclusive	TK91,TK92	DEL			2	0
ENSG00000244682	FCGR2C	GroupA_exclusive	TK91,TK92	DEL			2	0
ENSG00000203747	FCGR3A	GroupA_exclusive	TK91,TK92	DEL			2	0
ENSG00000162747	FCGR3B	GroupA_exclusive	TK91,TK92	DEL			2	0
ENSG00000143297	FCRL5	GroupA_exclusive	TK18,TK91	DEL			2	0
ENSG00000066926	FECH	GroupA_exclusive	TK10,TK18	DEL			2	0
ENSG00000182511	FES	GroupA_exclusive	TK91,TK92	DEL			2	0
ENSG00000127418	FGFRL1	GroupA_exclusive	TK91,TK92	DEL			2	0
ENSG00000135723	FHOD1	GroupA_exclusive	TK91,TK92	DEL			2	0
ENSG00000167363	FN3K	GroupA_exclusive	TK10,TK16	DEL			2	0
ENSG00000170345	FOS	GroupA_exclusive	TK91,TK92	DEL			2	0
ENSG00000198815	FOXJ3	GroupA_exclusive	TK91,TK92	DEL			2	0
ENSG00000100350	FOXRED2	GroupA_exclusive	TK92,TK93	DEL			2	0
ENSG00000148803	FUOM	GroupA_exclusive	TK91,TK92	DEL			2	0
ENSG00000172728	FUT10	GroupA_exclusive	TK91,TK92	DEL			2	0
ENSG00000092140	G2E3	GroupA_exclusive	TK10,TK91	DEL			2	0
ENSG00000141349	G6PC3	GroupA_exclusive	TK18,TK91	DEL			2	0
ENSG00000130005	GAMT	GroupA_exclusive	TK91,TK93	DEL			2	0
ENSG00000224333	GAPDHP20	GroupA_exclusive	TK91,TK92	DEL			2	0
ENSG00000057608	GDI2	GroupA_exclusive	TK91,TK92	DEL			2	0
ENSG00000082516	GEMIN5	GroupA_exclusive	TK16,TK18	DEL			2	0
ENSG00000131095	GFAP	GroupA_exclusive	TK91,TK93	DEL			2	0
ENSG00000198380	GFPT1	GroupA_exclusive	TK18,TK92	DEL			2	0
ENSG00000236969	GGT8P	GroupA_exclusive	TK92,TK93	DEL			2	0
ENSG00000123159	GIPC1	GroupA_exclusive	TK91,TK92	DEL			2	0
ENSG00000182963	GJC1	GroupA_exclusive	TK91,TK93	DEL			2	0
ENSG00000115419	GLS	GroupA_exclusive	TK10,TK91	DEL			2	0
ENSG00000100522	GNPNAT1	GroupA_exclusive	TK91,TK93	DEL			2	0
ENSG00000277741	GOLGA6L17P	GroupA_exclusive	TK10,TK18	DEL			2	0
ENSG00000197978	GOLGA6L9	GroupA_exclusive	TK10,TK18	DEL			2	0
ENSG00000149735	GPHA2	GroupA_exclusive	TK92,TK93	DEL			2	0
ENSG00000068394	GPKOW	GroupA_exclusive	TK10,TK16	DEL			2	0
ENSG00000105723	GSK3A	GroupA_exclusive	TK91,TK92	DEL			2	0
ENSG00000100744	GSKIP	GroupA_exclusive	TK91,TK92	DEL			2	0
ENSG00000134184	GSTM1	GroupA_exclusive	TK91,TK92	DEL			2	0
ENSG00000213366	GSTM2	GroupA_exclusive	TK91,TK92	DEL			2	0
ENSG00000168765	GSTM4	GroupA_exclusive	TK91,TK92	DEL			2	0
ENSG00000232829	GSTO3P	GroupA_exclusive	TK91,TK92	DEL			2	0
ENSG00000084207	GSTP1	GroupA_exclusive	TK92,TK93	DEL			2	0
ENSG00000272556	GTF2IP13	GroupA_exclusive	TK91,TK92	DEL			2	0
ENSG00000234072	GTF3C2-AS2	GroupA_exclusive	TK18,TK92	DEL			2	0
ENSG00000198237	GUSBP13	GroupA_exclusive	TK91,TK92	DEL			2	0
ENSG00000235558	GUSBP17	GroupA_exclusive	TK91,TK92	DEL			2	0
ENSG00000224458	GUSBP6	GroupA_exclusive	TK91,TK92	DEL			2	0
ENSG00000168298	H1-4	GroupA_exclusive	TK91,TK93	DEL			2	0
ENSG00000274183	H2AB1	GroupA_exclusive	TK91,TK92	DEL			2	0
ENSG00000184260	H2AC20	GroupA_exclusive	TK10,TK91	DEL			2	0
ENSG00000164032	H2AZ1	GroupA_exclusive	TK92,TK93	DEL			2	0
ENSG00000185130	H2BC13	GroupA_exclusive	TK10,TK92	DEL			2	0
ENSG00000231787	H2BP9	GroupA_exclusive	TK91,TK92	DEL			2	0
ENSG00000123569	H2BW1	GroupA_exclusive	TK91,TK92	DEL			2	0
ENSG00000196917	HCAR1	GroupA_exclusive	TK91,TK92	DEL			2	0
ENSG00000182782	HCAR2	GroupA_exclusive	TK91,TK92	DEL			2	0
ENSG00000255398	HCAR3	GroupA_exclusive	TK91,TK92	DEL			2	0
ENSG00000116478	HDAC1	GroupA_exclusive	TK91,TK92	DEL			2	0
ENSG00000061273	HDAC7	GroupA_exclusive	TK91,TK92	DEL			2	0
ENSG00000100644	HIF1A	GroupA_exclusive	TK10,TK18	DEL			2	0
ENSG00000258667	HIF1A-AS3	GroupA_exclusive	TK10,TK18	DEL			2	0
ENSG00000254455	HIGD1AP10	GroupA_exclusive	TK92,TK93	DEL			2	0
ENSG00000131097	HIGD1B	GroupA_exclusive	TK91,TK93	DEL			2	0
ENSG00000149196	HIKESHI	GroupA_exclusive	TK16,TK18	DEL			2	0
ENSG00000224070	HMGN1P6	GroupA_exclusive	TK91,TK92	DEL			2	0
ENSG00000229979	HMGN2P48	GroupA_exclusive	TK91,TK92	DEL			2	0
ENSG00000135486	HNRNPA1	GroupA_exclusive	TK91,TK92	DEL			2	0
ENSG00000233680	HNRNPA1P27	GroupA_exclusive	TK92,TK93	DEL			2	0
ENSG00000143889	HNRNPLL	GroupA_exclusive	TK16,TK18	DEL			2	0
ENSG00000051128	HOMER3	GroupA_exclusive	TK10,TK18	DEL			2	0
ENSG00000095066	HOOK2	GroupA_exclusive	TK91,TK93	DEL			2	0
ENSG00000227117	HORMAD2-AS1	GroupA_exclusive	TK16,TK18	DEL			2	0
ENSG00000173083	HPSE	GroupA_exclusive	TK16,TK18	DEL			2	0
ENSG00000072506	HSD17B10	GroupA_exclusive	TK91,TK92	DEL			2	0
ENSG00000080824	HSP90AA1	GroupA_exclusive	TK91,TK92	DEL			2	0
ENSG00000155304	HSPA13	GroupA_exclusive	TK91,TK93	DEL			2	0
ENSG00000225217	HSPA7	GroupA_exclusive	TK91,TK92	DEL			2	0
ENSG00000113013	HSPA9	GroupA_exclusive	TK91,TK92	DEL			2	0
ENSG00000106211	HSPB1	GroupA_exclusive	TK92,TK93	DEL			2	0
ENSG00000115317	HTRA2	GroupA_exclusive	TK91,TK93	DEL			2	0
ENSG00000068079	IFI35	GroupA_exclusive	TK10,TK16	DEL			2	0
ENSG00000146678	IGFBP1	GroupA_exclusive	TK91,TK92	DEL			2	0
ENSG00000146674	IGFBP3	GroupA_exclusive	TK91,TK92	DEL			2	0
ENSG00000253703	IGHV1-68	GroupA_exclusive	TK10,TK16	DEL			2	0
ENSG00000211973	IGHV1-69	GroupA_exclusive	TK10,TK16	DEL			2	0
ENSG00000281990	IGHV1-69-2	GroupA_exclusive	TK10,TK16	DEL			2	0
ENSG00000211974	IGHV2-70D	GroupA_exclusive	TK10,TK16	DEL			2	0
ENSG00000282600	IGHV3-69-1	GroupA_exclusive	TK10,TK16	DEL			2	0
ENSG00000253365	IGKV1D-22	GroupA_exclusive	TK10,TK16	DEL			2	0
ENSG00000224607	IGKV1D-27	GroupA_exclusive	TK10,TK16	DEL			2	0
ENSG00000204780	IGKV1OR9-1	GroupA_exclusive	TK91,TK92	DEL			2	0
ENSG00000254345	IGKV2D-23	GroupA_exclusive	TK10,TK16	DEL			2	0
ENSG00000241566	IGKV2D-24	GroupA_exclusive	TK10,TK16	DEL			2	0
ENSG00000211623	IGKV2D-26	GroupA_exclusive	TK10,TK16	DEL			2	0
ENSG00000242534	IGKV2D-28	GroupA_exclusive	TK10,TK16	DEL			2	0
ENSG00000243264	IGKV2D-29	GroupA_exclusive	TK10,TK16	DEL			2	0
ENSG00000239571	IGKV2D-30	GroupA_exclusive	TK10,TK16	DEL			2	0
ENSG00000254097	IGKV3D-25	GroupA_exclusive	TK10,TK16	DEL			2	0
ENSG00000225523	IGKV6D-21	GroupA_exclusive	TK10,TK16	DEL			2	0
ENSG00000206066	IGLL3P	GroupA_exclusive	TK91,TK92	DEL			2	0
ENSG00000271138	IGLVIVOR22-1	GroupA_exclusive	TK91,TK92	DEL			2	0
ENSG00000223703	IGSF3P2	GroupA_exclusive	TK92,TK93	DEL			2	0
ENSG00000166130	IKBIP	GroupA_exclusive	TK16,TK18	DEL			2	0
ENSG00000163702	IL17RC	GroupA_exclusive	TK91,TK92	DEL			2	0
ENSG00000163701	IL17RE	GroupA_exclusive	TK91,TK92	DEL			2	0
ENSG00000145103	ILDR1	GroupA_exclusive	TK91,TK92	DEL			2	0
ENSG00000164880	INTS1	GroupA_exclusive	TK92,TK93	DEL			2	0
ENSG00000269837	IPO5P1	GroupA_exclusive	TK91,TK92	DEL			2	0
ENSG00000145703	IQGAP2	GroupA_exclusive	TK91,TK92	DEL			2	0
ENSG00000167378	IRGQ	GroupA_exclusive	TK91,TK92	DEL			2	0
ENSG00000182149	IST1	GroupA_exclusive	TK16,TK18	DEL			2	0
ENSG00000111203	ITFG2	GroupA_exclusive	TK16,TK18	DEL			2	0
ENSG00000171223	JUNB	GroupA_exclusive	TK91,TK93	DEL			2	0
ENSG00000197256	KANK2	GroupA_exclusive	TK91,TK92	DEL			2	0
ENSG00000147050	KDM6A	GroupA_exclusive	TK18,TK92	DEL			2	0
ENSG00000132680	KHDC4	GroupA_exclusive	TK16,TK18	DEL			2	0
ENSG00000135709	KIAA0513	GroupA_exclusive	TK10,TK91	DEL			2	0
ENSG00000100364	KIAA0930	GroupA_exclusive	TK10,TK18	DEL			2	0
ENSG00000168116	KIAA1586	GroupA_exclusive	TK91,TK92	DEL			2	0
ENSG00000116685	KIAA2013	GroupA_exclusive	TK91,TK92	DEL			2	0
ENSG00000223519	KIF28P	GroupA_exclusive	TK91,TK92	DEL			2	0
ENSG00000055609	KMT2C	GroupA_exclusive	TK91,TK93	DEL			2	0
ENSG00000230572	KMT2CP5	GroupA_exclusive	TK92,TK93	DEL			2	0
ENSG00000232531	KMT5AP2	GroupA_exclusive	TK92,TK93	DEL			2	0
ENSG00000025800	KPNA6	GroupA_exclusive	TK10,TK18	DEL			2	0
ENSG00000184619	KRBA2	GroupA_exclusive	TK91,TK92	DEL			2	0
ENSG00000147592	LACTB2	GroupA_exclusive	TK10,TK91	DEL			2	0
ENSG00000149357	LAMTOR1	GroupA_exclusive	TK16,TK93	DEL			2	0
ENSG00000115365	LANCL1	GroupA_exclusive	TK16,TK92	DEL			2	0
ENSG00000150457	LATS2	GroupA_exclusive	TK10,TK16	DEL			2	0
ENSG00000182866	LCK	GroupA_exclusive	TK91,TK92	DEL			2	0
ENSG00000131981	LGALS3	GroupA_exclusive	TK91,TK92	DEL			2	0
ENSG00000244482	LILRA6	GroupA_exclusive	TK91,TK92	DEL			2	0
ENSG00000204577	LILRB3	GroupA_exclusive	TK91,TK92	DEL			2	0
ENSG00000189308	LIN54	GroupA_exclusive	TK91,TK93	DEL			2	0
ENSG00000225760	LINC00431	GroupA_exclusive	TK91,TK92	DEL			2	0
ENSG00000259831	LINC00567	GroupA_exclusive	TK91,TK92	DEL			2	0
ENSG00000224914	LINC00863	GroupA_exclusive	TK91,TK92	DEL			2	0
ENSG00000236423	LINC01134	GroupA_exclusive	TK91,TK92	DEL			2	0
ENSG00000259687	LINC01220	GroupA_exclusive	TK91,TK92	DEL			2	0
ENSG00000269416	LINC01224	GroupA_exclusive	TK91,TK92	DEL			2	0
ENSG00000227953	LINC01341	GroupA_exclusive	TK91,TK92	DEL			2	0
ENSG00000226374	LINC01345	GroupA_exclusive	TK91,TK92	DEL			2	0
ENSG00000233304	LINC01346	GroupA_exclusive	TK91,TK92	DEL			2	0
ENSG00000224167	LINC01357	GroupA_exclusive	TK91,TK92	DEL			2	0
ENSG00000253898	LINC01419	GroupA_exclusive	TK18,TK91	DEL			2	0
ENSG00000254689	LINC02235	GroupA_exclusive	TK10,TK18	DEL			2	0
ENSG00000259448	LINC02352	GroupA_exclusive	TK10,TK91	DEL			2	0
ENSG00000260151	LINC02673	GroupA_exclusive	TK92,TK93	DEL			2	0
ENSG00000284668	LINC02780	GroupA_exclusive	TK91,TK92	DEL			2	0
ENSG00000284678	LINC02811	GroupA_exclusive	TK91,TK92	DEL			2	0
ENSG00000254123	LINC02839	GroupA_exclusive	TK10,TK18	DEL			2	0
ENSG00000255652	LINC02963	GroupA_exclusive	TK91,TK92	DEL			2	0
ENSG00000249790	LINC02972	GroupA_exclusive	TK91,TK92	DEL			2	0
ENSG00000265743	LINC02978	GroupA_exclusive	TK91,TK92	DEL			2	0
ENSG00000237310	LINC03011	GroupA_exclusive	TK91,TK92	DEL			2	0
ENSG00000073350	LLGL2	GroupA_exclusive	TK10,TK18	DEL			2	0
ENSG00000139233	LLPH	GroupA_exclusive	TK16,TK18	DEL			2	0
ENSG00000239335	LLPH-DT	GroupA_exclusive	TK16,TK18	DEL			2	0
ENSG00000142235	LMTK3	GroupA_exclusive	TK10,TK16	DEL			2	0
ENSG00000258415	LONRF2P4	GroupA_exclusive	TK91,TK92	DEL			2	0
ENSG00000115318	LOXL3	GroupA_exclusive	TK91,TK93	DEL			2	0
ENSG00000147650	LRP12	GroupA_exclusive	TK10,TK91	DEL			2	0
ENSG00000100068	LRP5L	GroupA_exclusive	TK91,TK92	DEL			2	0
ENSG00000157193	LRP8	GroupA_exclusive	TK16,TK93	DEL			2	0
ENSG00000229259	LRRC37A12P	GroupA_exclusive	TK91,TK92	DEL			2	0
ENSG00000132128	LRRC41	GroupA_exclusive	TK16,TK18	DEL			2	0
ENSG00000143429	LSP1P4	GroupA_exclusive	TK92,TK93	DEL			2	0
ENSG00000291150	LSP1P5	GroupA_exclusive	TK92,TK93	DEL			2	0
ENSG00000198862	LTN1	GroupA_exclusive	TK18,TK92	DEL			2	0
ENSG00000122224	LY9	GroupA_exclusive	TK92,TK93	DEL			2	0
ENSG00000198681	MAGEA1	GroupA_exclusive	TK91,TK92	DEL			2	0
ENSG00000268606	MAGEA2	GroupA_exclusive	TK91,TK92	DEL			2	0
ENSG00000197172	MAGEA6	GroupA_exclusive	TK91,TK92	DEL			2	0
ENSG00000286051	MAGEA6-DT	GroupA_exclusive	TK91,TK92	DEL			2	0
ENSG00000155495	MAGEC1	GroupA_exclusive	TK91,TK92	DEL			2	0
ENSG00000165509	MAGEC3	GroupA_exclusive	TK91,TK92	DEL			2	0
ENSG00000187391	MAGI2	GroupA_exclusive	TK18,TK92	DEL			2	0
ENSG00000111196	MAGOHB	GroupA_exclusive	TK16,TK18	DEL			2	0
ENSG00000168070	MAJIN	GroupA_exclusive	TK92,TK93	DEL			2	0
ENSG00000196547	MAN2A2	GroupA_exclusive	TK16,TK18	DEL			2	0
ENSG00000130479	MAP1S	GroupA_exclusive	TK10,TK16	DEL			2	0
ENSG00000047849	MAP4	GroupA_exclusive	TK10,TK18	DEL			2	0
ENSG00000102882	MAPK3	GroupA_exclusive	TK10,TK18	DEL			2	0
ENSG00000175130	MARCKSL1	GroupA_exclusive	TK91,TK92	DEL			2	0
ENSG00000270773	MARK2P19	GroupA_exclusive	TK91,TK92	DEL			2	0
ENSG00000155254	MARVELD1	GroupA_exclusive	TK91,TK93	DEL			2	0
ENSG00000120539	MASTL	GroupA_exclusive	TK16,TK18	DEL			2	0
ENSG00000229619	MBNL1-AS1	GroupA_exclusive	TK10,TK92	DEL			2	0
ENSG00000172197	MBOAT1	GroupA_exclusive	TK91,TK92	DEL			2	0
ENSG00000187778	MCRS1	GroupA_exclusive	TK91,TK92	DEL			2	0
ENSG00000232119	MCTS1	GroupA_exclusive	TK91,TK92	DEL			2	0
ENSG00000125686	MED1	GroupA_exclusive	TK10,TK92	DEL			2	0
ENSG00000184634	MED12	GroupA_exclusive	TK92,TK93	DEL			2	0
ENSG00000042429	MED17	GroupA_exclusive	TK16,TK91	DEL			2	0
ENSG00000008838	MED24	GroupA_exclusive	TK91,TK92	DEL			2	0
ENSG00000063322	MED29	GroupA_exclusive	TK16,TK18	DEL			2	0
ENSG00000159479	MED8	GroupA_exclusive	TK92,TK93	DEL			2	0
ENSG00000229431	MED8-AS1	GroupA_exclusive	TK92,TK93	DEL			2	0
ENSG00000133895	MEN1	GroupA_exclusive	TK91,TK93	DEL			2	0
ENSG00000010165	METTL13	GroupA_exclusive	TK16,TK18	DEL			2	0
ENSG00000143303	METTL25B	GroupA_exclusive	TK92,TK93	DEL			2	0
ENSG00000138382	METTL5	GroupA_exclusive	TK18,TK93	DEL			2	0
ENSG00000140545	MFGE8	GroupA_exclusive	TK10,TK16	DEL			2	0
ENSG00000092931	MFSD11	GroupA_exclusive	TK91,TK93	DEL			2	0
ENSG00000204520	MICA	GroupA_exclusive	TK91,TK92	DEL			2	0
ENSG00000156030	MIDEAS	GroupA_exclusive	TK10,TK93	DEL			2	0
ENSG00000143409	MINDY1	GroupA_exclusive	TK91,TK92	DEL			2	0
ENSG00000221598	MIR1249	GroupA_exclusive	TK10,TK18	DEL			2	0
ENSG00000283926	MIR192	GroupA_exclusive	TK92,TK93	DEL			2	0
ENSG00000284155	MIR194-2	GroupA_exclusive	TK92,TK93	DEL			2	0
ENSG00000229719	MIR194-2HG	GroupA_exclusive	TK92,TK93	DEL			2	0
ENSG00000239118	MIR1972-2	GroupA_exclusive	TK91,TK92	DEL			2	0
ENSG00000263693	MIR3161	GroupA_exclusive	TK10,TK18	DEL			2	0
ENSG00000264559	MIR3162	GroupA_exclusive	TK10,TK16	DEL			2	0
ENSG00000265847	MIR4287	GroupA_exclusive	TK91,TK92	DEL			2	0
ENSG00000264060	MIR4316	GroupA_exclusive	TK10,TK18	DEL			2	0
ENSG00000284541	MIR4517	GroupA_exclusive	TK91,TK92	DEL			2	0
ENSG00000265056	MIR548S	GroupA_exclusive	TK91,TK93	DEL			2	0
ENSG00000263800	MIR5684	GroupA_exclusive	TK91,TK93	DEL			2	0
ENSG00000207983	MIR613	GroupA_exclusive	TK91,TK92	DEL			2	0
ENSG00000207652	MIR621	GroupA_exclusive	TK91,TK92	DEL			2	0
ENSG00000207631	MIR641	GroupA_exclusive	TK16,TK18	DEL			2	0
ENSG00000284250	MIR6516	GroupA_exclusive	TK92,TK93	DEL			2	0
ENSG00000275207	MIR6740	GroupA_exclusive	TK92,TK93	DEL			2	0
ENSG00000274314	MIR6749	GroupA_exclusive	TK92,TK93	DEL			2	0
ENSG00000274986	MIR6750	GroupA_exclusive	TK92,TK93	DEL			2	0
ENSG00000284489	MIR6751	GroupA_exclusive	TK92,TK93	DEL			2	0
ENSG00000273606	MIR6776	GroupA_exclusive	TK91,TK92	DEL			2	0
ENSG00000283950	MIR6791	GroupA_exclusive	TK91,TK92	DEL			2	0
ENSG00000284200	MIR6847	GroupA_exclusive	TK91,TK92	DEL			2	0
ENSG00000278851	MIR6879	GroupA_exclusive	TK92,TK93	DEL			2	0
ENSG00000008516	MMP25	GroupA_exclusive	TK91,TK92	DEL			2	0
ENSG00000174547	MRPL11	GroupA_exclusive	TK92,TK93	DEL			2	0
ENSG00000204316	MRPL38	GroupA_exclusive	TK91,TK92	DEL			2	0
ENSG00000136522	MRPL47	GroupA_exclusive	TK16,TK18	DEL			2	0
ENSG00000149792	MRPL49	GroupA_exclusive	TK92,TK93	DEL			2	0
ENSG00000163319	MRPS18C	GroupA_exclusive	TK16,TK18	DEL			2	0
ENSG00000052802	MSMO1	GroupA_exclusive	TK10,TK16	DEL			2	0
ENSG00000149480	MTA2	GroupA_exclusive	TK91,TK92	DEL			2	0
ENSG00000227035	MTATP6P18	GroupA_exclusive	TK91,TK92	DEL			2	0
ENSG00000234700	MTCO1P8	GroupA_exclusive	TK91,TK92	DEL			2	0
ENSG00000234234	MTCO2P8	GroupA_exclusive	TK91,TK92	DEL			2	0
ENSG00000233385	MTCO3P8	GroupA_exclusive	TK91,TK92	DEL			2	0
ENSG00000220785	MTMR9LP	GroupA_exclusive	TK91,TK92	DEL			2	0
ENSG00000235646	MTND1P2	GroupA_exclusive	TK91,TK92	DEL			2	0
ENSG00000230252	MTND2P4	GroupA_exclusive	TK91,TK92	DEL			2	0
ENSG00000230052	MTND3P2	GroupA_exclusive	TK91,TK92	DEL			2	0
ENSG00000248315	MTND4LP2	GroupA_exclusive	TK91,TK92	DEL			2	0
ENSG00000248704	MTND4P2	GroupA_exclusive	TK91,TK92	DEL			2	0
ENSG00000172732	MUS81	GroupA_exclusive	TK91,TK93	DEL			2	0
ENSG00000157601	MX1	GroupA_exclusive	TK10,TK18	DEL			2	0
ENSG00000059728	MXD1	GroupA_exclusive	TK91,TK93	DEL			2	0
ENSG00000074842	MYDGF	GroupA_exclusive	TK91,TK92	DEL			2	0
ENSG00000196465	MYL6B	GroupA_exclusive	TK91,TK93	DEL			2	0
ENSG00000277051	Metazoa_SRP	GroupA_exclusive	TK16,TK18	DEL			2	0
ENSG00000277617	Metazoa_SRP	GroupA_exclusive	TK91,TK92	DEL			2	0
ENSG00000179978	NAIPP2	GroupA_exclusive	TK91,TK92	DEL			2	0
ENSG00000141562	NARF	GroupA_exclusive	TK91,TK92	DEL			2	0
ENSG00000265458	NARF-AS2	GroupA_exclusive	TK91,TK92	DEL			2	0
ENSG00000215864	NBPF7P	GroupA_exclusive	TK91,TK92	DEL			2	0
ENSG00000270231	NBPF8	GroupA_exclusive	TK91,TK92	DEL			2	0
ENSG00000124160	NCOA5	GroupA_exclusive	TK92,TK93	DEL			2	0
ENSG00000178127	NDUFV2	GroupA_exclusive	TK91,TK92	DEL			2	0
ENSG00000245532	NEAT1	GroupA_exclusive	TK92,TK93	DEL			2	0
ENSG00000255526	NEDD8-MDP1	GroupA_exclusive	TK91,TK92	DEL			2	0
ENSG00000154328	NEIL2	GroupA_exclusive	TK18,TK91	DEL			2	0
ENSG00000173848	NET1	GroupA_exclusive	TK91,TK92	DEL			2	0
ENSG00000162139	NEU3	GroupA_exclusive	TK91,TK92	DEL			2	0
ENSG00000176953	NFATC2IP	GroupA_exclusive	TK10,TK91	DEL			2	0
ENSG00000167483	NIBAN3	GroupA_exclusive	TK91,TK92	DEL			2	0
ENSG00000131669	NINJ1	GroupA_exclusive	TK10,TK16	DEL			2	0
ENSG00000271627	NKAIN1P2	GroupA_exclusive	TK92,TK93	DEL			2	0
ENSG00000248092	NNT-AS1	GroupA_exclusive	TK91,TK93	DEL			2	0
ENSG00000173145	NOC3L	GroupA_exclusive	TK16,TK18	DEL			2	0
ENSG00000184967	NOC4L	GroupA_exclusive	TK91,TK92	DEL			2	0
ENSG00000225921	NOL7	GroupA_exclusive	TK16,TK18	DEL			2	0
ENSG00000198000	NOL8	GroupA_exclusive	TK10,TK18	DEL			2	0
ENSG00000148400	NOTCH1	GroupA_exclusive	TK92,TK93	DEL			2	0
ENSG00000226446	NOTCH2P1	GroupA_exclusive	TK91,TK92	DEL			2	0
ENSG00000007952	NOX1	GroupA_exclusive	TK92,TK93	DEL			2	0
ENSG00000141458	NPC1	GroupA_exclusive	TK10,TK18	DEL			2	0
ENSG00000254852	NPIPA2	GroupA_exclusive	TK91,TK92	DEL			2	0
ENSG00000224712	NPIPA3	GroupA_exclusive	TK91,TK92	DEL			2	0
ENSG00000214967	NPIPA7	GroupA_exclusive	TK91,TK92	DEL			2	0
ENSG00000226232	NPIPB14P	GroupA_exclusive	TK91,TK92	DEL			2	0
ENSG00000233232	NPIPB7	GroupA_exclusive	TK16,TK91	DEL			2	0
ENSG00000103148	NPRL3	GroupA_exclusive	TK91,TK92	DEL			2	0
ENSG00000078618	NRDC	GroupA_exclusive	TK91,TK92	DEL			2	0
ENSG00000154146	NRGN	GroupA_exclusive	TK10,TK16	DEL			2	0
ENSG00000165671	NSD1	GroupA_exclusive	TK16,TK92	DEL			2	0
ENSG00000147383	NSDHL	GroupA_exclusive	TK91,TK92	DEL			2	0
ENSG00000250741	NT5C1B-RDH14	GroupA_exclusive	TK10,TK91	DEL			2	0
ENSG00000183828	NUDT14	GroupA_exclusive	TK10,TK93	DEL			2	0
ENSG00000189233	NUGGC	GroupA_exclusive	TK91,TK92	DEL			2	0
ENSG00000030066	NUP160	GroupA_exclusive	TK10,TK16	DEL			2	0
ENSG00000138750	NUP54	GroupA_exclusive	TK91,TK92	DEL			2	0
ENSG00000102900	NUP93	GroupA_exclusive	TK18,TK91	DEL			2	0
ENSG00000184923	NUTM2A	GroupA_exclusive	TK91,TK92	DEL			2	0
ENSG00000188199	NUTM2B	GroupA_exclusive	TK91,TK92	DEL			2	0
ENSG00000228570	NUTM2E	GroupA_exclusive	TK91,TK92	DEL			2	0
ENSG00000147206	NXF3	GroupA_exclusive	TK91,TK92	DEL			2	0
ENSG00000171773	NXNL1	GroupA_exclusive	TK91,TK92	DEL			2	0
ENSG00000122126	OCRL	GroupA_exclusive	TK18,TK92	DEL			2	0
ENSG00000184650	ODF4	GroupA_exclusive	TK91,TK92	DEL			2	0
ENSG00000119900	OGFRL1	GroupA_exclusive	TK92,TK93	DEL			2	0
ENSG00000273327	OR6L2P	GroupA_exclusive	TK91,TK93	DEL			2	0
ENSG00000243674	OR7E66P	GroupA_exclusive	TK91,TK92	DEL			2	0
ENSG00000273336	OR7M1P	GroupA_exclusive	TK91,TK93	DEL			2	0
ENSG00000110048	OSBP	GroupA_exclusive	TK10,TK16	DEL			2	0
ENSG00000092094	OSGEP	GroupA_exclusive	TK92,TK93	DEL			2	0
ENSG00000228474	OST4	GroupA_exclusive	TK91,TK92	DEL			2	0
ENSG00000122884	P4HA1	GroupA_exclusive	TK91,TK92	DEL			2	0
ENSG00000100836	PABPN1	GroupA_exclusive	TK92,TK93	DEL			2	0
ENSG00000175115	PACS1	GroupA_exclusive	TK10,TK91	DEL			2	0
ENSG00000135473	PAN2	GroupA_exclusive	TK16,TK92	DEL			2	0
ENSG00000239835	PARLP1	GroupA_exclusive	TK91,TK93	DEL			2	0
ENSG00000227105	PARP1P1	GroupA_exclusive	TK91,TK92	DEL			2	0
ENSG00000163939	PBRM1	GroupA_exclusive	TK91,TK92	DEL			2	0
ENSG00000179818	PCBP1-AS1	GroupA_exclusive	TK91,TK93	DEL			2	0
ENSG00000112852	PCDHB2	GroupA_exclusive	TK91,TK92	DEL			2	0
ENSG00000113205	PCDHB3	GroupA_exclusive	TK91,TK92	DEL			2	0
ENSG00000126773	PCNX4	GroupA_exclusive	TK91,TK92	DEL			2	0
ENSG00000116005	PCYOX1	GroupA_exclusive	TK18,TK93	DEL			2	0
ENSG00000255058	PDCL2P2	GroupA_exclusive	TK92,TK93	DEL			2	0
ENSG00000244119	PDCL3P4	GroupA_exclusive	TK91,TK92	DEL			2	0
ENSG00000090857	PDPR	GroupA_exclusive	TK91,TK92	DEL			2	0
ENSG00000083642	PDS5B	GroupA_exclusive	TK16,TK92	DEL			2	0
ENSG00000255185	PDXDC2P	GroupA_exclusive	TK91,TK92	DEL			2	0
ENSG00000196696	PDXDC2P-NPIPB14P	GroupA_exclusive	TK91,TK92	DEL			2	0
ENSG00000132326	PER2	GroupA_exclusive	TK18,TK92	DEL			2	0
ENSG00000232838	PET117	GroupA_exclusive	TK16,TK18	DEL			2	0
ENSG00000162928	PEX13	GroupA_exclusive	TK91,TK93	DEL			2	0
ENSG00000067057	PFKP	GroupA_exclusive	TK10,TK16	DEL			2	0
ENSG00000227205	PFN1P9	GroupA_exclusive	TK91,TK92	DEL			2	0
ENSG00000255200	PGAM1P8	GroupA_exclusive	TK92,TK93	DEL			2	0
ENSG00000269439	PGLS-DT	GroupA_exclusive	TK91,TK92	DEL			2	0
ENSG00000173889	PHC3	GroupA_exclusive	TK10,TK91	DEL			2	0
ENSG00000070047	PHRF1	GroupA_exclusive	TK16,TK91	DEL			2	0
ENSG00000261652	PIERCE2	GroupA_exclusive	TK91,TK92	DEL			2	0
ENSG00000069943	PIGB	GroupA_exclusive	TK91,TK92	DEL			2	0
ENSG00000225973	PIGBOS1	GroupA_exclusive	TK91,TK92	DEL			2	0
ENSG00000104872	PIH1D1	GroupA_exclusive	TK91,TK92	DEL			2	0
ENSG00000229359	PIN1P1	GroupA_exclusive	TK91,TK92	DEL			2	0
ENSG00000234465	PINLYP	GroupA_exclusive	TK91,TK92	DEL			2	0
ENSG00000224186	PITX1-AS1	GroupA_exclusive	TK92,TK93	DEL			2	0
ENSG00000254609	PLA2G10BP	GroupA_exclusive	TK91,TK92	DEL			2	0
ENSG00000261181	PLA2G10FP	GroupA_exclusive	TK91,TK92	DEL			2	0
ENSG00000166428	PLD4	GroupA_exclusive	TK92,TK93	DEL			2	0
ENSG00000178209	PLEC	GroupA_exclusive	TK91,TK92	DEL			2	0
ENSG00000187583	PLEKHN1	GroupA_exclusive	TK16,TK18	DEL			2	0
ENSG00000188313	PLSCR1	GroupA_exclusive	TK18,TK92	DEL			2	0
ENSG00000122512	PMS2	GroupA_exclusive	TK16,TK18	DEL			2	0
ENSG00000241350	PMS2P11	GroupA_exclusive	TK91,TK92	DEL			2	0
ENSG00000228546	PMS2P12	GroupA_exclusive	TK91,TK92	DEL			2	0
ENSG00000233448	PMS2P9	GroupA_exclusive	TK91,TK92	DEL			2	0
ENSG00000039650	PNKP	GroupA_exclusive	TK92,TK93	DEL			2	0
ENSG00000183837	PNMA3	GroupA_exclusive	TK91,TK92	DEL			2	0
ENSG00000198883	PNMA5	GroupA_exclusive	TK91,TK92	DEL			2	0
ENSG00000235961	PNMA6A	GroupA_exclusive	TK91,TK92	DEL			2	0
ENSG00000268883	PNMA6B	GroupA_exclusive	TK91,TK92	DEL			2	0
ENSG00000177666	PNPLA2	GroupA_exclusive	TK91,TK93	DEL			2	0
ENSG00000152359	POC5	GroupA_exclusive	TK91,TK92	DEL			2	0
ENSG00000014138	POLA2	GroupA_exclusive	TK92,TK93	DEL			2	0
ENSG00000122008	POLK	GroupA_exclusive	TK91,TK92	DEL			2	0
ENSG00000047315	POLR2B	GroupA_exclusive	TK10,TK93	DEL			2	0
ENSG00000005075	POLR2J	GroupA_exclusive	TK16,TK92	DEL			2	0
ENSG00000100413	POLR3H	GroupA_exclusive	TK91,TK92	DEL			2	0
ENSG00000102312	PORCN	GroupA_exclusive	TK18,TK93	DEL			2	0
ENSG00000127125	PPCS	GroupA_exclusive	TK91,TK92	DEL			2	0
ENSG00000171497	PPID	GroupA_exclusive	TK16,TK18	DEL			2	0
ENSG00000146112	PPP1R18	GroupA_exclusive	TK91,TK92	DEL			2	0
ENSG00000068971	PPP2R5B	GroupA_exclusive	TK92,TK93	DEL			2	0
ENSG00000148840	PPRC1	GroupA_exclusive	TK16,TK93	DEL			2	0
ENSG00000165828	PRAP1	GroupA_exclusive	TK91,TK92	DEL			2	0
ENSG00000167815	PRDX2	GroupA_exclusive	TK91,TK93	DEL			2	0
ENSG00000255874	PRECSIT	GroupA_exclusive	TK91,TK92	DEL			2	0
ENSG00000085377	PREP	GroupA_exclusive	TK16,TK18	DEL			2	0
ENSG00000124126	PREX1	GroupA_exclusive	TK16,TK18	DEL			2	0
ENSG00000198056	PRIM1	GroupA_exclusive	TK16,TK18	DEL			2	0
ENSG00000131791	PRKAB2	GroupA_exclusive	TK16,TK92	DEL			2	0
ENSG00000128563	PRKRIP1	GroupA_exclusive	TK91,TK92	DEL			2	0
ENSG00000126457	PRMT1	GroupA_exclusive	TK16,TK18	DEL			2	0
ENSG00000134186	PRPF38B	GroupA_exclusive	TK91,TK92	DEL			2	0
ENSG00000163704	PRRT3	GroupA_exclusive	TK91,TK92	DEL			2	0
ENSG00000230082	PRRT3-AS1	GroupA_exclusive	TK91,TK92	DEL			2	0
ENSG00000142507	PSMB6	GroupA_exclusive	TK91,TK92	DEL			2	0
ENSG00000204261	PSMB8-AS1	GroupA_exclusive	TK91,TK92	DEL			2	0
ENSG00000240065	PSMB9	GroupA_exclusive	TK91,TK92	DEL			2	0
ENSG00000146733	PSPH	GroupA_exclusive	TK16,TK18	DEL			2	0
ENSG00000182077	PTCHD3	GroupA_exclusive	TK92,TK93	DEL			2	0
ENSG00000165983	PTER	GroupA_exclusive	TK10,TK93	DEL			2	0
ENSG00000163629	PTPN13	GroupA_exclusive	TK10,TK16	DEL			2	0
ENSG00000149177	PTPRJ	GroupA_exclusive	TK10,TK18	DEL			2	0
ENSG00000254879	PTPRJ-AS1	GroupA_exclusive	TK10,TK18	DEL			2	0
ENSG00000100994	PYGB	GroupA_exclusive	TK91,TK92	DEL			2	0
ENSG00000011478	QPCTL	GroupA_exclusive	TK16,TK18	DEL			2	0
ENSG00000080371	RAB21	GroupA_exclusive	TK91,TK92	DEL			2	0
ENSG00000069974	RAB27A	GroupA_exclusive	TK91,TK92	DEL			2	0
ENSG00000137502	RAB30	GroupA_exclusive	TK92,TK93	DEL			2	0
ENSG00000229180	RABGEF1P1	GroupA_exclusive	TK91,TK92	DEL			2	0
ENSG00000223724	RAD17P2	GroupA_exclusive	TK91,TK92	DEL			2	0
ENSG00000170471	RALGAPB	GroupA_exclusive	TK18,TK92	DEL			2	0
ENSG00000108961	RANGRF	GroupA_exclusive	TK91,TK92	DEL			2	0
ENSG00000086589	RBM22	GroupA_exclusive	TK16,TK92	DEL			2	0
ENSG00000100461	RBM23	GroupA_exclusive	TK91,TK93	DEL			2	0
ENSG00000056586	RC3H2	GroupA_exclusive	TK91,TK92	DEL			2	0
ENSG00000166965	RCCD1	GroupA_exclusive	TK91,TK92	DEL			2	0
ENSG00000135945	REV1	GroupA_exclusive	TK91,TK93	DEL			2	0
ENSG00000111445	RFC5	GroupA_exclusive	TK16,TK18	DEL			2	0
ENSG00000241546	RFKP3	GroupA_exclusive	TK91,TK93	DEL			2	0
ENSG00000181827	RFX7	GroupA_exclusive	TK91,TK92	DEL			2	0
ENSG00000187627	RGPD1	GroupA_exclusive	TK91,TK93	DEL			2	0
ENSG00000201027	RN7SKP107	GroupA_exclusive	TK91,TK92	DEL			2	0
ENSG00000222496	RN7SKP200	GroupA_exclusive	TK91,TK92	DEL			2	0
ENSG00000222783	RN7SKP212	GroupA_exclusive	TK91,TK92	DEL			2	0
ENSG00000200312	RN7SKP255	GroupA_exclusive	TK91,TK92	DEL			2	0
ENSG00000252716	RN7SKP260	GroupA_exclusive	TK91,TK92	DEL			2	0
ENSG00000200966	RN7SKP87	GroupA_exclusive	TK91,TK92	DEL			2	0
ENSG00000263529	RN7SL122P	GroupA_exclusive	TK91,TK92	DEL			2	0
ENSG00000266274	RN7SL138P	GroupA_exclusive	TK91,TK92	DEL			2	0
ENSG00000241834	RN7SL149P	GroupA_exclusive	TK92,TK93	DEL			2	0
ENSG00000264916	RN7SL230P	GroupA_exclusive	TK92,TK93	DEL			2	0
ENSG00000264540	RN7SL405P	GroupA_exclusive	TK91,TK93	DEL			2	0
ENSG00000241229	RN7SL443P	GroupA_exclusive	TK10,TK16	DEL			2	0
ENSG00000240374	RN7SL503P	GroupA_exclusive	TK91,TK92	DEL			2	0
ENSG00000239607	RN7SL573P	GroupA_exclusive	TK91,TK92	DEL			2	0
ENSG00000274475	RN7SL650P	GroupA_exclusive	TK91,TK92	DEL			2	0
ENSG00000241693	RN7SL704P	GroupA_exclusive	TK10,TK18	DEL			2	0
ENSG00000273940	RN7SL722P	GroupA_exclusive	TK91,TK92	DEL			2	0
ENSG00000222835	RNA5SP100	GroupA_exclusive	TK92,TK93	DEL			2	0
ENSG00000272435	RNA5SP357	GroupA_exclusive	TK91,TK92	DEL			2	0
ENSG00000251857	RNA5SP362	GroupA_exclusive	TK16,TK18	DEL			2	0
ENSG00000104889	RNASEH2A	GroupA_exclusive	TK91,TK93	DEL			2	0
ENSG00000181481	RNF135	GroupA_exclusive	TK91,TK92	DEL			2	0
ENSG00000108523	RNF167	GroupA_exclusive	TK91,TK92	DEL			2	0
ENSG00000206652	RNU1-1	GroupA_exclusive	TK91,TK92	DEL			2	0
ENSG00000252561	RNU1-125P	GroupA_exclusive	TK91,TK92	DEL			2	0
ENSG00000274585	RNU2-1	GroupA_exclusive	TK91,TK92	DEL			2	0
ENSG00000223156	RNU2-18P	GroupA_exclusive	TK10,TK93	DEL			2	0
ENSG00000222477	RNU2-23P	GroupA_exclusive	TK92,TK93	DEL			2	0
ENSG00000222276	RNU2-33P	GroupA_exclusive	TK91,TK92	DEL			2	0
ENSG00000222629	RNU2-42P	GroupA_exclusive	TK91,TK92	DEL			2	0
ENSG00000222640	RNU2-51P	GroupA_exclusive	TK91,TK92	DEL			2	0
ENSG00000202538	RNU4-2	GroupA_exclusive	TK91,TK93	DEL			2	0
ENSG00000252013	RNU4ATAC14P	GroupA_exclusive	TK91,TK92	DEL			2	0
ENSG00000200156	RNU5B-1	GroupA_exclusive	TK91,TK92	DEL			2	0
ENSG00000207289	RNU6-1235P	GroupA_exclusive	TK91,TK92	DEL			2	0
ENSG00000199903	RNU6-1273P	GroupA_exclusive	TK91,TK93	DEL			2	0
ENSG00000199784	RNU6-1287P	GroupA_exclusive	TK91,TK92	DEL			2	0
ENSG00000200152	RNU6-216P	GroupA_exclusive	TK91,TK92	DEL			2	0
ENSG00000252929	RNU6-218P	GroupA_exclusive	TK16,TK18	DEL			2	0
ENSG00000212450	RNU6-241P	GroupA_exclusive	TK91,TK92	DEL			2	0
ENSG00000212190	RNU6-298P	GroupA_exclusive	TK91,TK92	DEL			2	0
ENSG00000202350	RNU6-326P	GroupA_exclusive	TK91,TK92	DEL			2	0
ENSG00000207135	RNU6-452P	GroupA_exclusive	TK92,TK93	DEL			2	0
ENSG00000207149	RNU6-465P	GroupA_exclusive	TK91,TK92	DEL			2	0
ENSG00000222282	RNU6-584P	GroupA_exclusive	TK16,TK92	DEL			2	0
ENSG00000200369	RNU6-666P	GroupA_exclusive	TK92,TK93	DEL			2	0
ENSG00000207333	RNU6-680P	GroupA_exclusive	TK91,TK92	DEL			2	0
ENSG00000212327	RNU6-882P	GroupA_exclusive	TK91,TK92	DEL			2	0
ENSG00000251703	RNU6-998P	GroupA_exclusive	TK10,TK93	DEL			2	0
ENSG00000251724	RNU7-175P	GroupA_exclusive	TK91,TK92	DEL			2	0
ENSG00000252174	RNU7-18P	GroupA_exclusive	TK91,TK92	DEL			2	0
ENSG00000251707	RNU7-37P	GroupA_exclusive	TK91,TK92	DEL			2	0
ENSG00000201900	RNY1P13	GroupA_exclusive	TK16,TK18	DEL			2	0
ENSG00000199788	RNY3P2	GroupA_exclusive	TK91,TK92	DEL			2	0
ENSG00000134318	ROCK2	GroupA_exclusive	TK91,TK92	DEL			2	0
ENSG00000178464	RPL10P16	GroupA_exclusive	TK91,TK93	DEL			2	0
ENSG00000167526	RPL13	GroupA_exclusive	TK91,TK93	DEL			2	0
ENSG00000213700	RPL17P50	GroupA_exclusive	TK91,TK92	DEL			2	0
ENSG00000225239	RPL21P107	GroupA_exclusive	TK91,TK92	DEL			2	0
ENSG00000163584	RPL22L1	GroupA_exclusive	TK91,TK92	DEL			2	0
ENSG00000224993	RPL29P12	GroupA_exclusive	TK91,TK93	DEL			2	0
ENSG00000228879	RPL35AP6	GroupA_exclusive	TK91,TK92	DEL			2	0
ENSG00000243680	RPL37P23	GroupA_exclusive	TK91,TK92	DEL			2	0
ENSG00000236976	RPL6P20	GroupA_exclusive	TK91,TK92	DEL			2	0
ENSG00000268785	RPL7P50	GroupA_exclusive	TK91,TK92	DEL			2	0
ENSG00000228568	RPS15AP13	GroupA_exclusive	TK91,TK92	DEL			2	0
ENSG00000231586	RPS23P9	GroupA_exclusive	TK91,TK92	DEL			2	0
ENSG00000138326	RPS24	GroupA_exclusive	TK16,TK18	DEL			2	0
ENSG00000223688	RPS24P14	GroupA_exclusive	TK91,TK92	DEL			2	0
ENSG00000240043	RPS27P26	GroupA_exclusive	TK91,TK92	DEL			2	0
ENSG00000243353	RPS29P19	GroupA_exclusive	TK91,TK92	DEL			2	0
ENSG00000237226	RPS3AP39	GroupA_exclusive	TK91,TK92	DEL			2	0
ENSG00000242058	RPS4XP19	GroupA_exclusive	TK91,TK92	DEL			2	0
ENSG00000233924	RPSAP13	GroupA_exclusive	TK91,TK92	DEL			2	0
ENSG00000233071	RPSAP59	GroupA_exclusive	TK91,TK92	DEL			2	0
ENSG00000132026	RTBDN	GroupA_exclusive	TK91,TK93	DEL			2	0
ENSG00000176225	RTTN	GroupA_exclusive	TK91,TK93	DEL			2	0
ENSG00000168061	SAC3D1	GroupA_exclusive	TK92,TK93	DEL			2	0
ENSG00000177409	SAMD9L	GroupA_exclusive	TK91,TK92	DEL			2	0
ENSG00000164105	SAP30	GroupA_exclusive	TK16,TK18	DEL			2	0
ENSG00000213644	SAPCD2P1	GroupA_exclusive	TK91,TK92	DEL			2	0
ENSG00000232491	SAPCD2P3	GroupA_exclusive	TK91,TK92	DEL			2	0
ENSG00000139697	SBNO1	GroupA_exclusive	TK91,TK92	DEL			2	0
ENSG00000116521	SCAMP3	GroupA_exclusive	TK91,TK93	DEL			2	0
ENSG00000168079	SCARA5	GroupA_exclusive	TK91,TK92	DEL			2	0
ENSG00000275143	SCARNA16	GroupA_exclusive	TK92,TK93	DEL			2	0
ENSG00000214279	SCART1	GroupA_exclusive	TK91,TK93	DEL			2	0
ENSG00000143653	SCCPDH	GroupA_exclusive	TK91,TK92	DEL			2	0
ENSG00000168447	SCNN1B	GroupA_exclusive	TK10,TK92	DEL			2	0
ENSG00000129657	SEC14L1	GroupA_exclusive	TK92,TK93	DEL			2	0
ENSG00000176986	SEC24C	GroupA_exclusive	TK92,TK93	DEL			2	0
ENSG00000168758	SEMA4C	GroupA_exclusive	TK91,TK93	DEL			2	0
ENSG00000184640	SEPTIN9	GroupA_exclusive	TK10,TK18	DEL			2	0
ENSG00000205572	SERF1B	GroupA_exclusive	TK91,TK92	DEL			2	0
ENSG00000107290	SETX	GroupA_exclusive	TK10,TK91	DEL			2	0
ENSG00000104897	SF3A2	GroupA_exclusive	TK92,TK93	DEL			2	0
ENSG00000196470	SIAH1	GroupA_exclusive	TK10,TK16	DEL			2	0
ENSG00000157933	SKI	GroupA_exclusive	TK10,TK91	DEL			2	0
ENSG00000140199	SLC12A6	GroupA_exclusive	TK16,TK93	DEL			2	0
ENSG00000197847	SLC22A20P	GroupA_exclusive	TK92,TK93	DEL			2	0
ENSG00000125434	SLC25A35	GroupA_exclusive	TK91,TK92	DEL			2	0
ENSG00000013306	SLC25A39	GroupA_exclusive	TK92,TK93	DEL			2	0
ENSG00000162241	SLC25A45	GroupA_exclusive	TK92,TK93	DEL			2	0
ENSG00000230312	SLC25A53P1	GroupA_exclusive	TK91,TK92	DEL			2	0
ENSG00000251078	SLC25A5P9	GroupA_exclusive	TK91,TK92	DEL			2	0
ENSG00000143554	SLC27A3	GroupA_exclusive	TK91,TK92	DEL			2	0
ENSG00000167114	SLC27A4	GroupA_exclusive	TK16,TK18	DEL			2	0
ENSG00000117394	SLC2A1	GroupA_exclusive	TK91,TK93	DEL			2	0
ENSG00000129353	SLC44A2	GroupA_exclusive	TK10,TK93	DEL			2	0
ENSG00000164889	SLC4A2	GroupA_exclusive	TK10,TK16	DEL			2	0
ENSG00000139514	SLC7A1	GroupA_exclusive	TK10,TK16	DEL			2	0
ENSG00000100678	SLC8A3	GroupA_exclusive	TK91,TK92	DEL			2	0
ENSG00000205045	SLFN12L	GroupA_exclusive	TK91,TK92	DEL			2	0
ENSG00000205571	SMN2	GroupA_exclusive	TK91,TK92	DEL			2	0
ENSG00000104976	SNAPC2	GroupA_exclusive	TK91,TK93	DEL			2	0
ENSG00000272533	SNORA28	GroupA_exclusive	TK91,TK92	DEL			2	0
ENSG00000202189	SNORA30B	GroupA_exclusive	TK92,TK93	DEL			2	0
ENSG00000207493	SNORA46	GroupA_exclusive	TK10,TK93	DEL			2	0
ENSG00000209582	SNORA48	GroupA_exclusive	TK91,TK92	DEL			2	0
ENSG00000206952	SNORA50A	GroupA_exclusive	TK91,TK92	DEL			2	0
ENSG00000281910	SNORA50A	GroupA_exclusive	TK91,TK92	DEL			2	0
ENSG00000201542	SNORA62	GroupA_exclusive	TK91,TK92	DEL			2	0
ENSG00000252448	SNORA63	GroupA_exclusive	TK16,TK92	DEL			2	0
ENSG00000207475	SNORA80E	GroupA_exclusive	TK16,TK18	DEL			2	0
ENSG00000239169	SNORD109B	GroupA_exclusive	TK92,TK93	DEL			2	0
ENSG00000202529	SNORD18B	GroupA_exclusive	TK91,TK92	DEL			2	0
ENSG00000202503	SNORD34	GroupA_exclusive	TK92,TK93	DEL			2	0
ENSG00000200259	SNORD35A	GroupA_exclusive	TK92,TK93	DEL			2	0
ENSG00000199744	SNORD36A	GroupA_exclusive	TK92,TK93	DEL			2	0
ENSG00000222937	SNORD63B	GroupA_exclusive	TK91,TK92	DEL			2	0
ENSG00000200084	SNORD68	GroupA_exclusive	TK91,TK93	DEL			2	0
ENSG00000124380	SNRNP27	GroupA_exclusive	TK91,TK93	DEL			2	0
ENSG00000250342	SNRPCP16	GroupA_exclusive	TK91,TK92	DEL			2	0
ENSG00000251235	SNRPCP2	GroupA_exclusive	TK91,TK92	DEL			2	0
ENSG00000255522	SNRPCP5	GroupA_exclusive	TK91,TK92	DEL			2	0
ENSG00000129515	SNX6	GroupA_exclusive	TK10,TK18	DEL			2	0
ENSG00000275989	SPACA7BP	GroupA_exclusive	TK91,TK92	DEL			2	0
ENSG00000187144	SPATA21	GroupA_exclusive	TK92,TK93	DEL			2	0
ENSG00000152253	SPC25	GroupA_exclusive	TK18,TK91	DEL			2	0
ENSG00000040275	SPDL1	GroupA_exclusive	TK91,TK93	DEL			2	0
ENSG00000204710	SPDYC	GroupA_exclusive	TK92,TK93	DEL			2	0
ENSG00000186645	SPDYE17	GroupA_exclusive	TK91,TK92	DEL			2	0
ENSG00000205482	SPDYE18	GroupA_exclusive	TK91,TK92	DEL			2	0
ENSG00000260097	SPDYE6	GroupA_exclusive	TK91,TK92	DEL			2	0
ENSG00000241794	SPRR2A	GroupA_exclusive	TK91,TK92	DEL			2	0
ENSG00000196805	SPRR2B	GroupA_exclusive	TK91,TK92	DEL			2	0
ENSG00000197694	SPTAN1	GroupA_exclusive	TK10,TK93	DEL			2	0
ENSG00000137767	SQOR	GroupA_exclusive	TK18,TK92	DEL			2	0
ENSG00000112658	SRF	GroupA_exclusive	TK91,TK92	DEL			2	0
ENSG00000100104	SRRD	GroupA_exclusive	TK16,TK18	DEL			2	0
ENSG00000161547	SRSF2	GroupA_exclusive	TK91,TK93	DEL			2	0
ENSG00000100380	ST13	GroupA_exclusive	TK10,TK16	DEL			2	0
ENSG00000008513	ST3GAL1	GroupA_exclusive	TK18,TK93	DEL			2	0
ENSG00000157350	ST3GAL2	GroupA_exclusive	TK91,TK92	DEL			2	0
ENSG00000184584	STING1	GroupA_exclusive	TK91,TK92	DEL			2	0
ENSG00000090372	STRN4	GroupA_exclusive	TK91,TK92	DEL			2	0
ENSG00000270296	STX8P1	GroupA_exclusive	TK91,TK92	DEL			2	0
ENSG00000076944	STXBP2	GroupA_exclusive	TK92,TK93	DEL			2	0
ENSG00000198252	STYX	GroupA_exclusive	TK91,TK93	DEL			2	0
ENSG00000227848	SUCLA2-AS1	GroupA_exclusive	TK91,TK92	DEL			2	0
ENSG00000264538	SUZ12P1	GroupA_exclusive	TK91,TK92	DEL			2	0
ENSG00000171772	SYCE1	GroupA_exclusive	TK91,TK93	DEL			2	0
ENSG00000117614	SYF2	GroupA_exclusive	TK10,TK16	DEL			2	0
ENSG00000213463	SYNJ2BP	GroupA_exclusive	TK91,TK92	DEL			2	0
ENSG00000102003	SYP	GroupA_exclusive	TK16,TK18	DEL			2	0
ENSG00000162298	SYVN1	GroupA_exclusive	TK92,TK93	DEL			2	0
ENSG00000149930	TAOK2	GroupA_exclusive	TK91,TK93	DEL			2	0
ENSG00000120948	TARDBP	GroupA_exclusive	TK16,TK18	DEL			2	0
ENSG00000212124	TAS2R19	GroupA_exclusive	TK91,TK93	DEL			2	0
ENSG00000256188	TAS2R30	GroupA_exclusive	TK91,TK92	DEL			2	0
ENSG00000256436	TAS2R31	GroupA_exclusive	TK91,TK93	DEL			2	0
ENSG00000101849	TBL1X	GroupA_exclusive	TK10,TK18	DEL			2	0
ENSG00000154144	TBRG1	GroupA_exclusive	TK18,TK91	DEL			2	0
ENSG00000204065	TCEAL5	GroupA_exclusive	TK91,TK92	DEL			2	0
ENSG00000180964	TCEAL8	GroupA_exclusive	TK91,TK92	DEL			2	0
ENSG00000137310	TCF19	GroupA_exclusive	TK92,TK93	DEL			2	0
ENSG00000139437	TCHP	GroupA_exclusive	TK16,TK91	DEL			2	0
ENSG00000196663	TECPR2	GroupA_exclusive	TK91,TK92	DEL			2	0
ENSG00000172171	TEFM	GroupA_exclusive	TK91,TK92	DEL			2	0
ENSG00000112941	TENT4A	GroupA_exclusive	TK91,TK93	DEL			2	0
ENSG00000151575	TEX9	GroupA_exclusive	TK91,TK92	DEL			2	0
ENSG00000090447	TFAP4	GroupA_exclusive	TK16,TK91	DEL			2	0
ENSG00000135457	TFCP2	GroupA_exclusive	TK18,TK93	DEL			2	0
ENSG00000105329	TGFB1	GroupA_exclusive	TK91,TK93	DEL			2	0
ENSG00000135966	TGFBRAP1	GroupA_exclusive	TK91,TK92	DEL			2	0
ENSG00000152291	TGOLN2	GroupA_exclusive	TK18,TK92	DEL			2	0
ENSG00000284491	THSD8	GroupA_exclusive	TK91,TK93	DEL			2	0
ENSG00000140534	TICRR	GroupA_exclusive	TK91,TK93	DEL			2	0
ENSG00000173825	TIGD3	GroupA_exclusive	TK92,TK93	DEL			2	0
ENSG00000104067	TJP1	GroupA_exclusive	TK91,TK92	DEL			2	0
ENSG00000106829	TLE4	GroupA_exclusive	TK91,TK92	DEL			2	0
ENSG00000198498	TMA16	GroupA_exclusive	TK16,TK18	DEL			2	0
ENSG00000167895	TMC8	GroupA_exclusive	TK91,TK92	DEL			2	0
ENSG00000241697	TMEFF1	GroupA_exclusive	TK91,TK92	DEL			2	0
ENSG00000188807	TMEM201	GroupA_exclusive	TK10,TK93	DEL			2	0
ENSG00000150433	TMEM218	GroupA_exclusive	TK10,TK16	DEL			2	0
ENSG00000188051	TMEM221	GroupA_exclusive	TK91,TK92	DEL			2	0
ENSG00000134490	TMEM241	GroupA_exclusive	TK91,TK92	DEL			2	0
ENSG00000151881	TMEM267	GroupA_exclusive	TK91,TK93	DEL			2	0
ENSG00000166471	TMEM41B	GroupA_exclusive	TK18,TK91	DEL			2	0
ENSG00000142188	TMEM50B	GroupA_exclusive	TK10,TK18	DEL			2	0
ENSG00000196187	TMEM63A	GroupA_exclusive	TK10,TK18	DEL			2	0
ENSG00000177042	TMEM80	GroupA_exclusive	TK18,TK91	DEL			2	0
ENSG00000158427	TMSB15B	GroupA_exclusive	TK91,TK92	DEL			2	0
ENSG00000223551	TMSB4XP4	GroupA_exclusive	TK16,TK18	DEL			2	0
ENSG00000185361	TNFAIP8L1	GroupA_exclusive	TK91,TK92	DEL			2	0
ENSG00000125735	TNFSF14	GroupA_exclusive	TK91,TK92	DEL			2	0
ENSG00000183864	TOB2	GroupA_exclusive	TK16,TK91	DEL			2	0
ENSG00000143337	TOR1AIP1	GroupA_exclusive	TK92,TK93	DEL			2	0
ENSG00000136816	TOR1B	GroupA_exclusive	TK10,TK91	DEL			2	0
ENSG00000124191	TOX2	GroupA_exclusive	TK10,TK16	DEL			2	0
ENSG00000167543	TP53I13	GroupA_exclusive	TK91,TK92	DEL			2	0
ENSG00000144034	TPRKB	GroupA_exclusive	TK16,TK18	DEL			2	0
ENSG00000168852	TPTE2P5	GroupA_exclusive	TK91,TK92	DEL			2	0
ENSG00000076604	TRAF4	GroupA_exclusive	TK18,TK93	DEL			2	0
ENSG00000131653	TRAF7	GroupA_exclusive	TK91,TK92	DEL			2	0
ENSG00000237956	TRIAP1P1	GroupA_exclusive	TK92,TK93	DEL			2	0
ENSG00000071575	TRIB2	GroupA_exclusive	TK16,TK91	DEL			2	0
ENSG00000166326	TRIM44	GroupA_exclusive	TK16,TK92	DEL			2	0
ENSG00000223558	TRIM60P17	GroupA_exclusive	TK91,TK92	DEL			2	0
ENSG00000141569	TRIM65	GroupA_exclusive	TK91,TK92	DEL			2	0
ENSG00000043514	TRIT1	GroupA_exclusive	TK91,TK92	DEL			2	0
ENSG00000187688	TRPV2	GroupA_exclusive	TK10,TK92	DEL			2	0
ENSG00000167112	TRUB2	GroupA_exclusive	TK91,TK92	DEL			2	0
ENSG00000182173	TSEN54	GroupA_exclusive	TK16,TK91	DEL			2	0
ENSG00000223756	TSSC2	GroupA_exclusive	TK91,TK92	DEL			2	0
ENSG00000162526	TSSK3	GroupA_exclusive	TK91,TK92	DEL			2	0
ENSG00000124120	TTPAL	GroupA_exclusive	TK10,TK18	DEL			2	0
ENSG00000250788	TUBB8P4	GroupA_exclusive	TK91,TK92	DEL			2	0
ENSG00000074935	TUBE1	GroupA_exclusive	TK16,TK18	DEL			2	0
ENSG00000275835	TUBGCP5	GroupA_exclusive	TK16,TK18	DEL			2	0
ENSG00000131002	TXLNGY	GroupA_exclusive	TK10,TK18	DEL			2	0
ENSG00000273727	U1	GroupA_exclusive	TK91,TK92	DEL			2	0
ENSG00000273709	U2	GroupA_exclusive	TK91,TK92	DEL			2	0
ENSG00000274062	U2	GroupA_exclusive	TK91,TK92	DEL			2	0
ENSG00000274432	U2	GroupA_exclusive	TK91,TK92	DEL			2	0
ENSG00000274452	U2	GroupA_exclusive	TK91,TK92	DEL			2	0
ENSG00000274862	U2	GroupA_exclusive	TK91,TK92	DEL			2	0
ENSG00000275219	U2	GroupA_exclusive	TK91,TK92	DEL			2	0
ENSG00000275616	U2	GroupA_exclusive	TK91,TK92	DEL			2	0
ENSG00000276596	U2	GroupA_exclusive	TK91,TK92	DEL			2	0
ENSG00000277903	U2	GroupA_exclusive	TK91,TK92	DEL			2	0
ENSG00000278048	U2	GroupA_exclusive	TK91,TK92	DEL			2	0
ENSG00000278591	U2	GroupA_exclusive	TK91,TK92	DEL			2	0
ENSG00000278774	U2	GroupA_exclusive	TK91,TK92	DEL			2	0
ENSG00000283519	U2	GroupA_exclusive	TK91,TK92	DEL			2	0
ENSG00000275068	U6	GroupA_exclusive	TK91,TK93	DEL			2	0
ENSG00000153443	UBALD1	GroupA_exclusive	TK10,TK18	DEL			2	0
ENSG00000150991	UBC	GroupA_exclusive	TK91,TK92	DEL			2	0
ENSG00000184787	UBE2G2	GroupA_exclusive	TK92,TK93	DEL			2	0
ENSG00000197627	UBE2Q2P12	GroupA_exclusive	TK91,TK92	DEL			2	0
ENSG00000275695	UBE2Q2P6	GroupA_exclusive	TK10,TK18	DEL			2	0
ENSG00000151148	UBE3B	GroupA_exclusive	TK10,TK16	DEL			2	0
ENSG00000159459	UBR1	GroupA_exclusive	TK92,TK93	DEL			2	0
ENSG00000144357	UBR3	GroupA_exclusive	TK91,TK92	DEL			2	0
ENSG00000104517	UBR5	GroupA_exclusive	TK10,TK91	DEL			2	0
ENSG00000154277	UCHL1	GroupA_exclusive	TK10,TK18	DEL			2	0
ENSG00000242435	UPK3BP1	GroupA_exclusive	TK91,TK92	DEL			2	0
ENSG00000143258	USP21	GroupA_exclusive	TK91,TK93	DEL			2	0
ENSG00000048028	USP28	GroupA_exclusive	TK18,TK93	DEL			2	0
ENSG00000156697	UTP14A	GroupA_exclusive	TK10,TK16	DEL			2	0
ENSG00000147679	UTP23	GroupA_exclusive	TK16,TK18	DEL			2	0
ENSG00000220205	VAMP2	GroupA_exclusive	TK91,TK93	DEL			2	0
ENSG00000137411	VARS2	GroupA_exclusive	TK92,TK93	DEL			2	0
ENSG00000213643	VN1R37P	GroupA_exclusive	TK91,TK92	DEL			2	0
ENSG00000235227	VN1R38P	GroupA_exclusive	TK91,TK92	DEL			2	0
ENSG00000268598	VN1R80P	GroupA_exclusive	TK91,TK92	DEL			2	0
ENSG00000268794	VN1R90P	GroupA_exclusive	TK91,TK92	DEL			2	0
ENSG00000268148	VN1R91P	GroupA_exclusive	TK91,TK92	DEL			2	0
ENSG00000268908	VN1R92P	GroupA_exclusive	TK91,TK92	DEL			2	0
ENSG00000069329	VPS35	GroupA_exclusive	TK91,TK92	DEL			2	0
ENSG00000155975	VPS37A	GroupA_exclusive	TK16,TK18	DEL			2	0
ENSG00000139722	VPS37B	GroupA_exclusive	TK91,TK92	DEL			2	0
ENSG00000136631	VPS45	GroupA_exclusive	TK10,TK18	DEL			2	0
ENSG00000230851	VPS51P5	GroupA_exclusive	TK91,TK92	DEL			2	0
ENSG00000249347	VPS51P7	GroupA_exclusive	TK91,TK92	DEL			2	0
ENSG00000141252	VPS53	GroupA_exclusive	TK92,TK93	DEL			2	0
ENSG00000261373	VPS9D1-AS1	GroupA_exclusive	TK18,TK91	DEL			2	0
ENSG00000164253	WDR41	GroupA_exclusive	TK10,TK18	DEL			2	0
ENSG00000123154	WDR83	GroupA_exclusive	TK91,TK93	DEL			2	0
ENSG00000250238	WEE1P1	GroupA_exclusive	TK91,TK92	DEL			2	0
ENSG00000011451	WIZ	GroupA_exclusive	TK91,TK93	DEL			2	0
ENSG00000116729	WLS	GroupA_exclusive	TK10,TK18	DEL			2	0
ENSG00000085741	WNT11	GroupA_exclusive	TK16,TK18	DEL			2	0
ENSG00000076924	XAB2	GroupA_exclusive	TK92,TK93	DEL			2	0
ENSG00000108039	XPNPEP1	GroupA_exclusive	TK10,TK18	DEL			2	0
ENSG00000130227	XPO7	GroupA_exclusive	TK16,TK18	DEL			2	0
ENSG00000103489	XYLT1	GroupA_exclusive	TK10,TK91	DEL			2	0
ENSG00000199332	Y_RNA	GroupA_exclusive	TK91,TK92	DEL			2	0
ENSG00000199530	Y_RNA	GroupA_exclusive	TK91,TK93	DEL			2	0
ENSG00000199565	Y_RNA	GroupA_exclusive	TK91,TK92	DEL			2	0
ENSG00000200552	Y_RNA	GroupA_exclusive	TK91,TK92	DEL			2	0
ENSG00000201868	Y_RNA	GroupA_exclusive	TK91,TK92	DEL			2	0
ENSG00000201885	Y_RNA	GroupA_exclusive	TK91,TK92	DEL			2	0
ENSG00000201959	Y_RNA	GroupA_exclusive	TK91,TK92	DEL			2	0
ENSG00000202008	Y_RNA	GroupA_exclusive	TK16,TK18	DEL			2	0
ENSG00000202388	Y_RNA	GroupA_exclusive	TK91,TK92	DEL			2	0
ENSG00000206914	Y_RNA	GroupA_exclusive	TK91,TK92	DEL			2	0
ENSG00000207039	Y_RNA	GroupA_exclusive	TK91,TK92	DEL			2	0
ENSG00000207101	Y_RNA	GroupA_exclusive	TK92,TK93	DEL			2	0
ENSG00000252250	Y_RNA	GroupA_exclusive	TK18,TK92	DEL			2	0
ENSG00000252450	Y_RNA	GroupA_exclusive	TK91,TK92	DEL			2	0
ENSG00000252655	Y_RNA	GroupA_exclusive	TK91,TK92	DEL			2	0
ENSG00000124256	ZBP1	GroupA_exclusive	TK92,TK93	DEL			2	0
ENSG00000273274	ZBTB8B	GroupA_exclusive	TK91,TK92	DEL			2	0
ENSG00000204186	ZDBF2	GroupA_exclusive	TK91,TK92	DEL			2	0
ENSG00000223478	ZDHHC12-DT	GroupA_exclusive	TK18,TK93	DEL			2	0
ENSG00000174165	ZDHHC24	GroupA_exclusive	TK16,TK18	DEL			2	0
ENSG00000160445	ZER1	GroupA_exclusive	TK18,TK93	DEL			2	0
ENSG00000146007	ZMAT2	GroupA_exclusive	TK16,TK18	DEL			2	0
ENSG00000146463	ZMYM4	GroupA_exclusive	TK91,TK92	DEL			2	0
ENSG00000165724	ZMYND19	GroupA_exclusive	TK10,TK18	DEL			2	0
ENSG00000213762	ZNF134	GroupA_exclusive	TK91,TK93	DEL			2	0
ENSG00000131127	ZNF141	GroupA_exclusive	TK91,TK92	DEL			2	0
ENSG00000170949	ZNF160	GroupA_exclusive	TK16,TK91	DEL			2	0
ENSG00000147394	ZNF185	GroupA_exclusive	TK91,TK92	DEL			2	0
ENSG00000167380	ZNF226	GroupA_exclusive	TK91,TK92	DEL			2	0
ENSG00000263002	ZNF234	GroupA_exclusive	TK91,TK92	DEL			2	0
ENSG00000172466	ZNF24	GroupA_exclusive	TK91,TK92	DEL			2	0
ENSG00000182986	ZNF320	GroupA_exclusive	TK91,TK93	DEL			2	0
ENSG00000109445	ZNF330	GroupA_exclusive	TK10,TK18	DEL			2	0
ENSG00000173480	ZNF417	GroupA_exclusive	TK10,TK16	DEL			2	0
ENSG00000112200	ZNF451	GroupA_exclusive	TK91,TK92	DEL			2	0
ENSG00000197714	ZNF460	GroupA_exclusive	TK91,TK92	DEL			2	0
ENSG00000267871	ZNF460-AS1	GroupA_exclusive	TK91,TK92	DEL			2	0
ENSG00000178229	ZNF543	GroupA_exclusive	TK91,TK92	DEL			2	0
ENSG00000272602	ZNF595	GroupA_exclusive	TK91,TK92	DEL			2	0
ENSG00000204611	ZNF616	GroupA_exclusive	TK91,TK92	DEL			2	0
ENSG00000197123	ZNF679	GroupA_exclusive	TK91,TK92	DEL			2	0
ENSG00000196172	ZNF681	GroupA_exclusive	TK91,TK92	DEL			2	0
ENSG00000197472	ZNF695	GroupA_exclusive	TK91,TK92	DEL			2	0
ENSG00000196081	ZNF724	GroupA_exclusive	TK91,TK92	DEL			2	0
ENSG00000268100	ZNF725P	GroupA_exclusive	TK91,TK92	DEL			2	0
ENSG00000214652	ZNF727	GroupA_exclusive	TK91,TK92	DEL			2	0
ENSG00000186777	ZNF732	GroupA_exclusive	TK91,TK92	DEL			2	0
ENSG00000223614	ZNF735	GroupA_exclusive	TK91,TK92	DEL			2	0
ENSG00000198482	ZNF808	GroupA_exclusive	TK91,TK92	DEL			2	0
ENSG00000196267	ZNF836	GroupA_exclusive	TK91,TK92	DEL			2	0
ENSG00000197608	ZNF841	GroupA_exclusive	TK91,TK92	DEL			2	0
ENSG00000213793	ZNF888	GroupA_exclusive	TK91,TK93	DEL			2	0
ENSG00000167232	ZNF91	GroupA_exclusive	TK91,TK92	DEL			2	0
ENSG00000106400	ZNHIT1	GroupA_exclusive	TK18,TK92	DEL			2	0
ENSG00000140265	ZSCAN29	GroupA_exclusive	TK91,TK93	DEL			2	0
ENSG00000074755	ZZEF1	GroupA_exclusive	TK10,TK16	DEL			2	0
ENSG00000285626	5S_rRNA	GroupA_exclusive	TK91	DEL			1	0
ENSG00000124608	AARS2	GroupA_exclusive	TK93	DEL			1	0
ENSG00000251595	ABCA11P	GroupA_exclusive	TK92	DEL			1	0
ENSG00000154265	ABCA5	GroupA_exclusive	TK91	DEL			1	0
ENSG00000274099	ABCB10P1	GroupA_exclusive	TK18	DEL			1	0
ENSG00000197150	ABCB8	GroupA_exclusive	TK18	DEL			1	0
ENSG00000150967	ABCB9	GroupA_exclusive	TK93	DEL			1	0
ENSG00000103222	ABCC1	GroupA_exclusive	TK10	DEL			1	0
ENSG00000125257	ABCC4	GroupA_exclusive	TK10	DEL			1	0
ENSG00000255277	ABCC6P2	GroupA_exclusive	TK92	DEL			1	0
ENSG00000290943	ABCC6P2	GroupA_exclusive	TK92	DEL			1	0
ENSG00000117528	ABCD3	GroupA_exclusive	TK10	DEL			1	0
ENSG00000100439	ABHD4	GroupA_exclusive	TK93	DEL			1	0
ENSG00000146386	ABRACL	GroupA_exclusive	TK16	DEL			1	0
ENSG00000151498	ACAD8	GroupA_exclusive	TK18	DEL			1	0
ENSG00000131584	ACAP3	GroupA_exclusive	TK92	DEL			1	0
ENSG00000230124	ACBD6	GroupA_exclusive	TK91	DEL			1	0
ENSG00000167769	ACER1	GroupA_exclusive	TK91	DEL			1	0
ENSG00000100412	ACO2	GroupA_exclusive	TK91	DEL			1	0
ENSG00000161533	ACOX1	GroupA_exclusive	TK93	DEL			1	0
ENSG00000087008	ACOX3	GroupA_exclusive	TK10	DEL			1	0
ENSG00000143727	ACP1	GroupA_exclusive	TK10	DEL			1	0
ENSG00000103740	ACSBG1	GroupA_exclusive	TK18	DEL			1	0
ENSG00000130377	ACSBG2	GroupA_exclusive	TK91	DEL			1	0
ENSG00000075624	ACTB	GroupA_exclusive	TK93	DEL			1	0
ENSG00000213763	ACTBP2	GroupA_exclusive	TK10	DEL			1	0
ENSG00000231340	ACTG1P10	GroupA_exclusive	TK91	DEL			1	0
ENSG00000230581	ACTG1P14	GroupA_exclusive	TK91	DEL			1	0
ENSG00000188493	ACTMAP	GroupA_exclusive	TK92	DEL			1	0
ENSG00000131966	ACTR10	GroupA_exclusive	TK18	DEL			1	0
ENSG00000138107	ACTR1A	GroupA_exclusive	TK91	DEL			1	0
ENSG00000135503	ACVR1B	GroupA_exclusive	TK10	DEL			1	0
ENSG00000196839	ADA	GroupA_exclusive	TK92	DEL			1	0
ENSG00000158859	ADAMTS4	GroupA_exclusive	TK93	DEL			1	0
ENSG00000197859	ADAMTSL2	GroupA_exclusive	TK18	DEL			1	0
ENSG00000152990	ADGRA3	GroupA_exclusive	TK92	DEL			1	0
ENSG00000182551	ADI1	GroupA_exclusive	TK91	DEL			1	0
ENSG00000101126	ADNP	GroupA_exclusive	TK16	DEL			1	0
ENSG00000272023	AFF4-DT	GroupA_exclusive	TK91	DEL			1	0
ENSG00000172650	AGAP5	GroupA_exclusive	TK93	DEL			1	0
ENSG00000116771	AGMAT	GroupA_exclusive	TK93	DEL			1	0
ENSG00000135744	AGT	GroupA_exclusive	TK10	DEL			1	0
ENSG00000230154	AIDAP1	GroupA_exclusive	TK91	DEL			1	0
ENSG00000227177	AIMP1P2	GroupA_exclusive	TK91	DEL			1	0
ENSG00000166452	AKIP1	GroupA_exclusive	TK10	DEL			1	0
ENSG00000053371	AKR7A2	GroupA_exclusive	TK93	DEL			1	0
ENSG00000162482	AKR7A3	GroupA_exclusive	TK93	DEL			1	0
ENSG00000166971	AKTIP	GroupA_exclusive	TK92	DEL			1	0
ENSG00000148218	ALAD	GroupA_exclusive	TK93	DEL			1	0
ENSG00000259583	ALDH1A3-AS1	GroupA_exclusive	TK93	DEL			1	0
ENSG00000139133	ALG10	GroupA_exclusive	TK91	DEL			1	0
ENSG00000086848	ALG9	GroupA_exclusive	TK92	DEL			1	0
ENSG00000254450	ALG9-IT1	GroupA_exclusive	TK92	DEL			1	0
ENSG00000163016	ALMS1P1	GroupA_exclusive	TK92	DEL			1	0
ENSG00000290727	ALMS1P1	GroupA_exclusive	TK92	DEL			1	0
ENSG00000215067	ALOX12-AS1	GroupA_exclusive	TK91	DEL			1	0
ENSG00000291084	ALOX12P2	GroupA_exclusive	TK91	DEL			1	0
ENSG00000163286	ALPG	GroupA_exclusive	TK92	DEL			1	0
ENSG00000163283	ALPP	GroupA_exclusive	TK92	DEL			1	0
ENSG00000176020	AMIGO3	GroupA_exclusive	TK92	DEL			1	0
ENSG00000166025	AMOTL1	GroupA_exclusive	TK92	DEL			1	0
ENSG00000116337	AMPD2	GroupA_exclusive	TK16	DEL			1	0
ENSG00000196510	ANAPC7	GroupA_exclusive	TK16	DEL			1	0
ENSG00000013523	ANGEL1	GroupA_exclusive	TK91	DEL			1	0
ENSG00000130173	ANGPTL8	GroupA_exclusive	TK92	DEL			1	0
ENSG00000131503	ANKHD1	GroupA_exclusive	TK92	DEL			1	0
ENSG00000249637	ANKHD1-DT	GroupA_exclusive	TK92	DEL			1	0
ENSG00000164331	ANKRA2	GroupA_exclusive	TK93	DEL			1	0
ENSG00000165887	ANKRD2	GroupA_exclusive	TK91	DEL			1	0
ENSG00000226695	ANKRD20A10P	GroupA_exclusive	TK18	DEL			1	0
ENSG00000251056	ANKRD20A17P	GroupA_exclusive	TK93	DEL			1	0
ENSG00000172014	ANKRD20A4P	GroupA_exclusive	TK92	DEL			1	0
ENSG00000174501	ANKRD36C	GroupA_exclusive	TK91	DEL			1	0
ENSG00000259271	ANKRD62P1	GroupA_exclusive	TK92	DEL			1	0
ENSG00000189295	ANKRD62P1-PARP4P3	GroupA_exclusive	TK92	DEL			1	0
ENSG00000160746	ANO10	GroupA_exclusive	TK91	DEL			1	0
ENSG00000074855	ANO8	GroupA_exclusive	TK93	DEL			1	0
ENSG00000259790	ANP32BP1	GroupA_exclusive	TK91	DEL			1	0
ENSG00000163297	ANTXR2	GroupA_exclusive	TK91	DEL			1	0
ENSG00000143412	ANXA9	GroupA_exclusive	TK93	DEL			1	0
ENSG00000213983	AP1G2	GroupA_exclusive	TK92	DEL			1	0
ENSG00000258727	AP1G2-AS1	GroupA_exclusive	TK92	DEL			1	0
ENSG00000158874	APOA2	GroupA_exclusive	TK93	DEL			1	0
ENSG00000128383	APOBEC3A	GroupA_exclusive	TK92	DEL			1	0
ENSG00000130208	APOC1	GroupA_exclusive	TK91	DEL			1	0
ENSG00000214855	APOC1P1	GroupA_exclusive	TK91	DEL			1	0
ENSG00000291128	APOC1P1	GroupA_exclusive	TK91	DEL			1	0
ENSG00000128313	APOL5	GroupA_exclusive	TK91	DEL			1	0
ENSG00000155008	APOOL	GroupA_exclusive	TK92	DEL			1	0
ENSG00000142192	APP	GroupA_exclusive	TK10	DEL			1	0
ENSG00000143595	AQP10	GroupA_exclusive	TK92	DEL			1	0
ENSG00000245148	ARAP1-AS2	GroupA_exclusive	TK16	DEL			1	0
ENSG00000149182	ARFGAP2	GroupA_exclusive	TK92	DEL			1	0
ENSG00000124198	ARFGEF2	GroupA_exclusive	TK91	DEL			1	0
ENSG00000165322	ARHGAP12	GroupA_exclusive	TK92	DEL			1	0
ENSG00000147799	ARHGAP39	GroupA_exclusive	TK91	DEL			1	0
ENSG00000047648	ARHGAP6	GroupA_exclusive	TK10	DEL			1	0
ENSG00000273002	ARHGEF2-AS2	GroupA_exclusive	TK16	DEL			1	0
ENSG00000102931	ARL2BP	GroupA_exclusive	TK18	DEL			1	0
ENSG00000227864	ARL5AP1	GroupA_exclusive	TK92	DEL			1	0
ENSG00000196503	ARL9	GroupA_exclusive	TK91	DEL			1	0
ENSG00000135931	ARMC9	GroupA_exclusive	TK91	DEL			1	0
ENSG00000286237	ARMCX5-GPRASP2	GroupA_exclusive	TK91	DEL			1	0
ENSG00000241553	ARPC4	GroupA_exclusive	TK16	DEL			1	0
ENSG00000250151	ARPC4-TTLL3	GroupA_exclusive	TK16	DEL			1	0
ENSG00000141480	ARRB2	GroupA_exclusive	TK18	DEL			1	0
ENSG00000239388	ASB14	GroupA_exclusive	TK93	DEL			1	0
ENSG00000111875	ASF1A	GroupA_exclusive	TK91	DEL			1	0
ENSG00000141505	ASGR1	GroupA_exclusive	TK91	DEL			1	0
ENSG00000161944	ASGR2	GroupA_exclusive	TK91	DEL			1	0
ENSG00000101440	ASIP	GroupA_exclusive	TK92	DEL			1	0
ENSG00000174939	ASPHD1	GroupA_exclusive	TK91	DEL			1	0
ENSG00000123395	ATG101	GroupA_exclusive	TK16	DEL			1	0
ENSG00000198925	ATG9A	GroupA_exclusive	TK93	DEL			1	0
ENSG00000018625	ATP1A2	GroupA_exclusive	TK91	DEL			1	0
ENSG00000105409	ATP1A3	GroupA_exclusive	TK91	DEL			1	0
ENSG00000132681	ATP1A4	GroupA_exclusive	TK91	DEL			1	0
ENSG00000196296	ATP2A1	GroupA_exclusive	TK91	DEL			1	0
ENSG00000260442	ATP2A1-AS1	GroupA_exclusive	TK91	DEL			1	0
ENSG00000231549	ATP5MKP1	GroupA_exclusive	TK91	DEL			1	0
ENSG00000185344	ATP6V0A2	GroupA_exclusive	TK91	DEL			1	0
ENSG00000113732	ATP6V0E1	GroupA_exclusive	TK92	DEL			1	0
ENSG00000225364	ATP6V0E1P1	GroupA_exclusive	TK91	DEL			1	0
ENSG00000147416	ATP6V1B2	GroupA_exclusive	TK18	DEL			1	0
ENSG00000233343	ATP6V1G1P4	GroupA_exclusive	TK18	DEL			1	0
ENSG00000105778	AVL9	GroupA_exclusive	TK91	DEL			1	0
ENSG00000235863	B3GALT4	GroupA_exclusive	TK91	DEL			1	0
ENSG00000156966	B3GNT7	GroupA_exclusive	TK91	DEL			1	0
ENSG00000175334	BANF1	GroupA_exclusive	TK91	DEL			1	0
ENSG00000123636	BAZ2B	GroupA_exclusive	TK10	DEL			1	0
ENSG00000129151	BBOX1	GroupA_exclusive	TK92	DEL			1	0
ENSG00000254560	BBOX1-AS1	GroupA_exclusive	TK92	DEL			1	0
ENSG00000174483	BBS1	GroupA_exclusive	TK16	DEL			1	0
ENSG00000114439	BBX	GroupA_exclusive	TK18	DEL			1	0
ENSG00000132692	BCAN	GroupA_exclusive	TK18	DEL			1	0
ENSG00000272068	BCAN-AS1	GroupA_exclusive	TK18	DEL			1	0
ENSG00000229953	BCAN-AS2	GroupA_exclusive	TK18	DEL			1	0
ENSG00000050820	BCAR1	GroupA_exclusive	TK18	DEL			1	0
ENSG00000103507	BCKDK	GroupA_exclusive	TK92	DEL			1	0
ENSG00000225098	BCRP1	GroupA_exclusive	TK10	DEL			1	0
ENSG00000145734	BDP1	GroupA_exclusive	TK91	DEL			1	0
ENSG00000188848	BEND4	GroupA_exclusive	TK92	DEL			1	0
ENSG00000230320	BEND7P1	GroupA_exclusive	TK91	DEL			1	0
ENSG00000039987	BEST2	GroupA_exclusive	TK93	DEL			1	0
ENSG00000242252	BGLAP	GroupA_exclusive	TK92	DEL			1	0
ENSG00000112624	BICRAL	GroupA_exclusive	TK18	DEL			1	0
ENSG00000110330	BIRC2	GroupA_exclusive	TK93	DEL			1	0
ENSG00000115760	BIRC6	GroupA_exclusive	TK92	DEL			1	0
ENSG00000230046	BIRC6-AS1	GroupA_exclusive	TK92	DEL			1	0
ENSG00000134897	BIVM	GroupA_exclusive	TK18	DEL			1	0
ENSG00000204113	BMP2KL	GroupA_exclusive	TK91	DEL			1	0
ENSG00000183682	BMP8A	GroupA_exclusive	TK10	DEL			1	0
ENSG00000231701	BMS1P13	GroupA_exclusive	TK91	DEL			1	0
ENSG00000242338	BMS1P4	GroupA_exclusive	TK93	DEL			1	0
ENSG00000271816	BMS1P4	GroupA_exclusive	TK93	DEL			1	0
ENSG00000242288	BMS1P4-AGAP5	GroupA_exclusive	TK93	DEL			1	0
ENSG00000270270	BNIP3P10	GroupA_exclusive	TK92	DEL			1	0
ENSG00000268322	BNIP3P25	GroupA_exclusive	TK92	DEL			1	0
ENSG00000268705	BNIP3P26	GroupA_exclusive	TK92	DEL			1	0
ENSG00000269662	BNIP3P39	GroupA_exclusive	TK91	DEL			1	0
ENSG00000270325	BNIP3P9	GroupA_exclusive	TK92	DEL			1	0
ENSG00000038219	BOD1L1	GroupA_exclusive	TK16	DEL			1	0
ENSG00000196544	BORCS6	GroupA_exclusive	TK91	DEL			1	0
ENSG00000162813	BPNT1	GroupA_exclusive	TK16	DEL			1	0
ENSG00000012048	BRCA1	GroupA_exclusive	TK18	DEL			1	0
ENSG00000267595	BRCA1P1	GroupA_exclusive	TK92	DEL			1	0
ENSG00000112983	BRD8	GroupA_exclusive	TK18	DEL			1	0
ENSG00000185024	BRF1	GroupA_exclusive	TK10	DEL			1	0
ENSG00000136492	BRIP1	GroupA_exclusive	TK91	DEL			1	0
ENSG00000096070	BRPF3	GroupA_exclusive	TK10	DEL			1	0
ENSG00000168000	BSCL2	GroupA_exclusive	TK92	DEL			1	0
ENSG00000124557	BTN1A1	GroupA_exclusive	TK92	DEL			1	0
ENSG00000284688	BTN1A1P1	GroupA_exclusive	TK92	DEL			1	0
ENSG00000204290	BTNL2	GroupA_exclusive	TK92	DEL			1	0
ENSG00000203942	C10orf62	GroupA_exclusive	TK91	DEL			1	0
ENSG00000278615	C11orf98	GroupA_exclusive	TK92	DEL			1	0
ENSG00000157895	C12orf43	GroupA_exclusive	TK91	DEL			1	0
ENSG00000167173	C15orf39	GroupA_exclusive	TK16	DEL			1	0
ENSG00000167194	C16orf92	GroupA_exclusive	TK91	DEL			1	0
ENSG00000141219	C17orf80	GroupA_exclusive	TK18	DEL			1	0
ENSG00000187997	C17orf99	GroupA_exclusive	TK91	DEL			1	0
ENSG00000166845	C18orf54	GroupA_exclusive	TK93	DEL			1	0
ENSG00000236217	C1DP2	GroupA_exclusive	TK92	DEL			1	0
ENSG00000186897	C1QL4	GroupA_exclusive	TK92	DEL			1	0
ENSG00000273294	C1QTNF3-AMACR	GroupA_exclusive	TK10	DEL			1	0
ENSG00000131591	C1orf159	GroupA_exclusive	TK18	DEL			1	0
ENSG00000116667	C1orf21	GroupA_exclusive	TK10	DEL			1	0
ENSG00000196476	C20orf96	GroupA_exclusive	TK10	DEL			1	0
ENSG00000234614	C2CD4D-AS1	GroupA_exclusive	TK10	DEL			1	0
ENSG00000135974	C2orf49	GroupA_exclusive	TK91	DEL			1	0
ENSG00000179021	C3orf38	GroupA_exclusive	TK91	DEL			1	0
ENSG00000082213	C5orf22	GroupA_exclusive	TK91	DEL			1	0
ENSG00000204542	C6orf15	GroupA_exclusive	TK92	DEL			1	0
ENSG00000182307	C8orf33	GroupA_exclusive	TK91	DEL			1	0
ENSG00000244346	C9orf85P2	GroupA_exclusive	TK91	DEL			1	0
ENSG00000241527	CA15P1	GroupA_exclusive	TK91	DEL			1	0
ENSG00000260133	CA5AP1	GroupA_exclusive	TK10	DEL			1	0
ENSG00000134072	CAMK1	GroupA_exclusive	TK10	DEL			1	0
ENSG00000142330	CAPN10	GroupA_exclusive	TK18	DEL			1	0
ENSG00000103326	CAPN15	GroupA_exclusive	TK16	DEL			1	0
ENSG00000131375	CAPN7	GroupA_exclusive	TK18	DEL			1	0
ENSG00000105519	CAPS	GroupA_exclusive	TK91	DEL			1	0
ENSG00000198286	CARD11	GroupA_exclusive	TK10	DEL			1	0
ENSG00000143318	CASQ1	GroupA_exclusive	TK91	DEL			1	0
ENSG00000291122	CASTOR3P	GroupA_exclusive	TK91	DEL			1	0
ENSG00000175294	CATSPER1	GroupA_exclusive	TK91	DEL			1	0
ENSG00000174898	CATSPERD	GroupA_exclusive	TK91	DEL			1	0
ENSG00000078699	CBFA2T2	GroupA_exclusive	TK18	DEL			1	0
ENSG00000160200	CBS	GroupA_exclusive	TK18	DEL			1	0
ENSG00000141582	CBX4	GroupA_exclusive	TK18	DEL			1	0
ENSG00000153237	CCDC148	GroupA_exclusive	TK91	DEL			1	0
ENSG00000223745	CCDC18-AS1	GroupA_exclusive	TK92	DEL			1	0
ENSG00000165813	CCDC186	GroupA_exclusive	TK92	DEL			1	0
ENSG00000165972	CCDC38	GroupA_exclusive	TK91	DEL			1	0
ENSG00000284862	CCDC39	GroupA_exclusive	TK91	DEL			1	0
ENSG00000176155	CCDC57	GroupA_exclusive	TK92	DEL			1	0
ENSG00000105321	CCDC9	GroupA_exclusive	TK16	DEL			1	0
ENSG00000142039	CCDC97	GroupA_exclusive	TK16	DEL			1	0
ENSG00000204536	CCHCR1	GroupA_exclusive	TK92	DEL			1	0
ENSG00000166946	CCNDBP1	GroupA_exclusive	TK18	DEL			1	0
ENSG00000134480	CCNH	GroupA_exclusive	TK18	DEL			1	0
ENSG00000107771	CCSER2	GroupA_exclusive	TK92	DEL			1	0
ENSG00000234585	CCT6P3	GroupA_exclusive	TK93	DEL			1	0
ENSG00000290860	CCT6P3	GroupA_exclusive	TK93	DEL			1	0
ENSG00000198445	CCT8L2	GroupA_exclusive	TK92	DEL			1	0
ENSG00000226015	CCT8P1	GroupA_exclusive	TK92	DEL			1	0
ENSG00000146574	CCZ1B	GroupA_exclusive	TK16	DEL			1	0
ENSG00000177455	CD19	GroupA_exclusive	TK91	DEL			1	0
ENSG00000012124	CD22	GroupA_exclusive	TK91	DEL			1	0
ENSG00000139193	CD27	GroupA_exclusive	TK10	DEL			1	0
ENSG00000215039	CD27-AS1	GroupA_exclusive	TK10	DEL			1	0
ENSG00000104894	CD37	GroupA_exclusive	TK92	DEL			1	0
ENSG00000198851	CD3E	GroupA_exclusive	TK92	DEL			1	0
ENSG00000143119	CD53	GroupA_exclusive	TK16	DEL			1	0
ENSG00000116815	CD58	GroupA_exclusive	TK91	DEL			1	0
ENSG00000066294	CD84	GroupA_exclusive	TK91	DEL			1	0
ENSG00000130177	CDC16	GroupA_exclusive	TK18	DEL			1	0
ENSG00000101224	CDC25B	GroupA_exclusive	TK91	DEL			1	0
ENSG00000128283	CDC42EP1	GroupA_exclusive	TK18	DEL			1	0
ENSG00000234844	CDC42P2	GroupA_exclusive	TK92	DEL			1	0
ENSG00000253971	CDC42P3	GroupA_exclusive	TK93	DEL			1	0
ENSG00000113100	CDH9	GroupA_exclusive	TK10	DEL			1	0
ENSG00000099834	CDHR5	GroupA_exclusive	TK91	DEL			1	0
ENSG00000103502	CDIPT	GroupA_exclusive	TK91	DEL			1	0
ENSG00000214725	CDIPTOSP	GroupA_exclusive	TK91	DEL			1	0
ENSG00000185324	CDK10	GroupA_exclusive	TK91	DEL			1	0
ENSG00000065883	CDK13	GroupA_exclusive	TK10	DEL			1	0
ENSG00000102225	CDK16	GroupA_exclusive	TK91	DEL			1	0
ENSG00000250506	CDK3	GroupA_exclusive	TK91	DEL			1	0
ENSG00000164885	CDK5	GroupA_exclusive	TK91	DEL			1	0
ENSG00000230044	CDK8P1	GroupA_exclusive	TK91	DEL			1	0
ENSG00000111276	CDKN1B	GroupA_exclusive	TK93	DEL			1	0
ENSG00000109089	CDR2L	GroupA_exclusive	TK92	DEL			1	0
ENSG00000276832	CDRT15P6	GroupA_exclusive	TK10	DEL			1	0
ENSG00000204539	CDSN	GroupA_exclusive	TK92	DEL			1	0
ENSG00000167513	CDT1	GroupA_exclusive	TK92	DEL			1	0
ENSG00000159409	CELF3	GroupA_exclusive	TK92	DEL			1	0
ENSG00000184524	CEND1	GroupA_exclusive	TK91	DEL			1	0
ENSG00000213753	CENPBD2P	GroupA_exclusive	TK91	DEL			1	0
ENSG00000145241	CENPC	GroupA_exclusive	TK93	DEL			1	0
ENSG00000120334	CENPL	GroupA_exclusive	TK91	DEL			1	0
ENSG00000031691	CENPQ	GroupA_exclusive	TK18	DEL			1	0
ENSG00000173588	CEP83	GroupA_exclusive	TK18	DEL			1	0
ENSG00000182504	CEP97	GroupA_exclusive	TK10	DEL			1	0
ENSG00000134255	CEPT1	GroupA_exclusive	TK18	DEL			1	0
ENSG00000179902	CFAP276	GroupA_exclusive	TK92	DEL			1	0
ENSG00000120051	CFAP58	GroupA_exclusive	TK93	DEL			1	0
ENSG00000137720	CFAP68	GroupA_exclusive	TK92	DEL			1	0
ENSG00000206113	CFAP99	GroupA_exclusive	TK91	DEL			1	0
ENSG00000204555	CFTRP3	GroupA_exclusive	TK92	DEL			1	0
ENSG00000170791	CHCHD7	GroupA_exclusive	TK92	DEL			1	0
ENSG00000153922	CHD1	GroupA_exclusive	TK18	DEL			1	0
ENSG00000253616	CHILL1	GroupA_exclusive	TK92	DEL			1	0
ENSG00000100288	CHKB	GroupA_exclusive	TK93	DEL			1	0
ENSG00000123989	CHPF	GroupA_exclusive	TK93	DEL			1	0
ENSG00000144021	CIAO1	GroupA_exclusive	TK93	DEL			1	0
ENSG00000166595	CIAO2B	GroupA_exclusive	TK93	DEL			1	0
ENSG00000237799	CICP11	GroupA_exclusive	TK92	DEL			1	0
ENSG00000233653	CICP7	GroupA_exclusive	TK91	DEL			1	0
ENSG00000105205	CLC	GroupA_exclusive	TK92	DEL			1	0
ENSG00000186510	CLCNKA	GroupA_exclusive	TK10	DEL			1	0
ENSG00000184908	CLCNKB	GroupA_exclusive	TK10	DEL			1	0
ENSG00000181885	CLDN7	GroupA_exclusive	TK91	DEL			1	0
ENSG00000080822	CLDND1	GroupA_exclusive	TK16	DEL			1	0
ENSG00000132514	CLEC10A	GroupA_exclusive	TK91	DEL			1	0
ENSG00000140839	CLEC18B	GroupA_exclusive	TK92	DEL			1	0
ENSG00000172243	CLEC7A	GroupA_exclusive	TK91	DEL			1	0
ENSG00000153132	CLGN	GroupA_exclusive	TK92	DEL			1	0
ENSG00000269546	CLIC4P2	GroupA_exclusive	TK91	DEL			1	0
ENSG00000092853	CLSPN	GroupA_exclusive	TK93	DEL			1	0
ENSG00000250433	CLSTN2-AS1	GroupA_exclusive	TK91	DEL			1	0
ENSG00000120885	CLU	GroupA_exclusive	TK10	DEL			1	0
ENSG00000177182	CLVS1	GroupA_exclusive	TK92	DEL			1	0
ENSG00000162368	CMPK1	GroupA_exclusive	TK92	DEL			1	0
ENSG00000180917	CMTR2	GroupA_exclusive	TK93	DEL			1	0
ENSG00000169714	CNBP	GroupA_exclusive	TK91	DEL			1	0
ENSG00000100528	CNIH1	GroupA_exclusive	TK18	DEL			1	0
ENSG00000080802	CNOT4	GroupA_exclusive	TK10	DEL			1	0
ENSG00000162852	CNST	GroupA_exclusive	TK93	DEL			1	0
ENSG00000149972	CNTN5	GroupA_exclusive	TK18	DEL			1	0
ENSG00000119397	CNTRL	GroupA_exclusive	TK92	DEL			1	0
ENSG00000231270	COBLP1	GroupA_exclusive	TK92	DEL			1	0
ENSG00000100473	COCH	GroupA_exclusive	TK10	DEL			1	0
ENSG00000168434	COG7	GroupA_exclusive	TK18	DEL			1	0
ENSG00000081052	COL4A4	GroupA_exclusive	TK18	DEL			1	0
ENSG00000231210	COMETT	GroupA_exclusive	TK93	DEL			1	0
ENSG00000114744	COMMD2	GroupA_exclusive	TK93	DEL			1	0
ENSG00000140365	COMMD4	GroupA_exclusive	TK91	DEL			1	0
ENSG00000170619	COMMD5	GroupA_exclusive	TK91	DEL			1	0
ENSG00000270445	COPS5P2	GroupA_exclusive	TK91	DEL			1	0
ENSG00000173085	COQ2	GroupA_exclusive	TK92	DEL			1	0
ENSG00000145244	CORIN	GroupA_exclusive	TK91	DEL			1	0
ENSG00000131055	COX4I2	GroupA_exclusive	TK92	DEL			1	0
ENSG00000135940	COX5B	GroupA_exclusive	TK92	DEL			1	0
ENSG00000234144	COX6CP13	GroupA_exclusive	TK10	DEL			1	0
ENSG00000235141	COX6CP17	GroupA_exclusive	TK16	DEL			1	0
ENSG00000135678	CPM	GroupA_exclusive	TK92	DEL			1	0
ENSG00000214078	CPNE1	GroupA_exclusive	TK18	DEL			1	0
ENSG00000104324	CPQ	GroupA_exclusive	TK10	DEL			1	0
ENSG00000224051	CPTP	GroupA_exclusive	TK92	DEL			1	0
ENSG00000106066	CPVL	GroupA_exclusive	TK18	DEL			1	0
ENSG00000143320	CRABP2	GroupA_exclusive	TK18	DEL			1	0
ENSG00000177685	CRACR2B	GroupA_exclusive	TK91	DEL			1	0
ENSG00000130545	CRB3	GroupA_exclusive	TK91	DEL			1	0
ENSG00000113851	CRBN	GroupA_exclusive	TK91	DEL			1	0
ENSG00000095794	CREM	GroupA_exclusive	TK18	DEL			1	0
ENSG00000167193	CRK	GroupA_exclusive	TK91	DEL			1	0
ENSG00000072832	CRMP1	GroupA_exclusive	TK10	DEL			1	0
ENSG00000160741	CRTC2	GroupA_exclusive	TK93	DEL			1	0
ENSG00000109846	CRYAB	GroupA_exclusive	TK92	DEL			1	0
ENSG00000214756	CSKMT	GroupA_exclusive	TK92	DEL			1	0
ENSG00000141551	CSNK1D	GroupA_exclusive	TK92	DEL			1	0
ENSG00000249098	CSRP2P2	GroupA_exclusive	TK10	DEL			1	0
ENSG00000175315	CST6	GroupA_exclusive	TK91	DEL			1	0
ENSG00000277535	CT47C1	GroupA_exclusive	TK92	DEL			1	0
ENSG00000164733	CTSB	GroupA_exclusive	TK18	DEL			1	0
ENSG00000135047	CTSL	GroupA_exclusive	TK93	DEL			1	0
ENSG00000188029	CTSL3P	GroupA_exclusive	TK93	DEL			1	0
ENSG00000290757	CTSL3P	GroupA_exclusive	TK93	DEL			1	0
ENSG00000233932	CTXN2	GroupA_exclusive	TK18	DEL			1	0
ENSG00000273559	CWC25	GroupA_exclusive	TK16	DEL			1	0
ENSG00000103018	CYB5B	GroupA_exclusive	TK18	DEL			1	0
ENSG00000182224	CYB5D1	GroupA_exclusive	TK10	DEL			1	0
ENSG00000065615	CYB5R4	GroupA_exclusive	TK16	DEL			1	0
ENSG00000055163	CYFIP2	GroupA_exclusive	TK18	DEL			1	0
ENSG00000179142	CYP11B2	GroupA_exclusive	TK93	DEL			1	0
ENSG00000186104	CYP2R1	GroupA_exclusive	TK91	DEL			1	0
ENSG00000226562	CYP4F26P	GroupA_exclusive	TK91	DEL			1	0
ENSG00000001630	CYP51A1	GroupA_exclusive	TK91	DEL			1	0
ENSG00000108669	CYTH1	GroupA_exclusive	TK10	DEL			1	0
ENSG00000180902	D2HGDH	GroupA_exclusive	TK91	DEL			1	0
ENSG00000197380	DACT3	GroupA_exclusive	TK92	DEL			1	0
ENSG00000245598	DACT3-AS1	GroupA_exclusive	TK92	DEL			1	0
ENSG00000167657	DAPK3	GroupA_exclusive	TK16	DEL			1	0
ENSG00000003249	DBNDD1	GroupA_exclusive	TK10	DEL			1	0
ENSG00000105516	DBP	GroupA_exclusive	TK10	DEL			1	0
ENSG00000198354	DCAF12L2	GroupA_exclusive	TK92	DEL			1	0
ENSG00000132017	DCAF15	GroupA_exclusive	TK91	DEL			1	0
ENSG00000132716	DCAF8	GroupA_exclusive	TK91	DEL			1	0
ENSG00000228606	DCAF8-DT	GroupA_exclusive	TK91	DEL			1	0
ENSG00000152457	DCLRE1C	GroupA_exclusive	TK92	DEL			1	0
ENSG00000237470	DCLRE1CP1	GroupA_exclusive	TK92	DEL			1	0
ENSG00000043093	DCUN1D1	GroupA_exclusive	TK91	DEL			1	0
ENSG00000064703	DDX20	GroupA_exclusive	TK18	DEL			1	0
ENSG00000276662	DDX20P1	GroupA_exclusive	TK91	DEL			1	0
ENSG00000124228	DDX27	GroupA_exclusive	TK10	DEL			1	0
ENSG00000123136	DDX39A	GroupA_exclusive	TK92	DEL			1	0
ENSG00000198563	DDX39B	GroupA_exclusive	TK92	DEL			1	0
ENSG00000232756	DDX3ILA1	GroupA_exclusive	TK92	DEL			1	0
ENSG00000107625	DDX50	GroupA_exclusive	TK18	DEL			1	0
ENSG00000185163	DDX51	GroupA_exclusive	TK91	DEL			1	0
ENSG00000177030	DEAF1	GroupA_exclusive	TK91	DEL			1	0
ENSG00000158796	DEDD	GroupA_exclusive	TK93	DEL			1	0
ENSG00000160570	DEDD2	GroupA_exclusive	TK91	DEL			1	0
ENSG00000164825	DEFB1	GroupA_exclusive	TK18	DEL			1	0
ENSG00000254866	DEFB109D	GroupA_exclusive	TK92	DEL			1	0
ENSG00000180383	DEFB124	GroupA_exclusive	TK92	DEL			1	0
ENSG00000205744	DENND1C	GroupA_exclusive	TK91	DEL			1	0
ENSG00000205593	DENND6B	GroupA_exclusive	TK92	DEL			1	0
ENSG00000128185	DGCR6L	GroupA_exclusive	TK10	DEL			1	0
ENSG00000102780	DGKH	GroupA_exclusive	TK10	DEL			1	0
ENSG00000133943	DGLUCY	GroupA_exclusive	TK91	DEL			1	0
ENSG00000228432	DHFRP2	GroupA_exclusive	TK92	DEL			1	0
ENSG00000100867	DHRS2	GroupA_exclusive	TK16	DEL			1	0
ENSG00000005100	DHX33	GroupA_exclusive	TK92	DEL			1	0
ENSG00000140829	DHX38	GroupA_exclusive	TK92	DEL			1	0
ENSG00000139734	DIAPH3	GroupA_exclusive	TK92	DEL			1	0
ENSG00000235706	DICER1-AS1	GroupA_exclusive	TK10	DEL			1	0
ENSG00000101191	DIDO1	GroupA_exclusive	TK10	DEL			1	0
ENSG00000261318	DIS3L-AS1	GroupA_exclusive	TK93	DEL			1	0
ENSG00000223788	DIS3L2P1	GroupA_exclusive	TK92	DEL			1	0
ENSG00000132535	DLG4	GroupA_exclusive	TK91	DEL			1	0
ENSG00000135924	DNAJB2	GroupA_exclusive	TK91	DEL			1	0
ENSG00000116138	DNAJC16	GroupA_exclusive	TK16	DEL			1	0
ENSG00000178401	DNAJC22	GroupA_exclusive	TK92	DEL			1	0
ENSG00000101152	DNAJC5	GroupA_exclusive	TK18	DEL			1	0
ENSG00000116675	DNAJC6	GroupA_exclusive	TK10	DEL			1	0
ENSG00000213918	DNASE1	GroupA_exclusive	TK16	DEL			1	0
ENSG00000260357	DNM1P34	GroupA_exclusive	TK91	DEL			1	0
ENSG00000119772	DNMT3A	GroupA_exclusive	TK10	DEL			1	0
ENSG00000067334	DNTTIP2	GroupA_exclusive	TK18	DEL			1	0
ENSG00000149927	DOC2A	GroupA_exclusive	TK91	DEL			1	0
ENSG00000134516	DOCK2	GroupA_exclusive	TK91	DEL			1	0
ENSG00000130158	DOCK6	GroupA_exclusive	TK92	DEL			1	0
ENSG00000088387	DOCK9	GroupA_exclusive	TK93	DEL			1	0
ENSG00000146094	DOK3	GroupA_exclusive	TK92	DEL			1	0
ENSG00000104885	DOT1L	GroupA_exclusive	TK18	DEL			1	0
ENSG00000015413	DPEP1	GroupA_exclusive	TK91	DEL			1	0
ENSG00000108963	DPH1	GroupA_exclusive	TK91	DEL			1	0
ENSG00000154813	DPH3	GroupA_exclusive	TK16	DEL			1	0
ENSG00000176978	DPP7	GroupA_exclusive	TK93	DEL			1	0
ENSG00000262516	DPPA3P6	GroupA_exclusive	TK10	DEL			1	0
ENSG00000249691	DPPA4P2	GroupA_exclusive	TK18	DEL			1	0
ENSG00000229358	DPY19L1P1	GroupA_exclusive	TK91	DEL			1	0
ENSG00000156171	DRAM2	GroupA_exclusive	TK10	DEL			1	0
ENSG00000069696	DRD4	GroupA_exclusive	TK91	DEL			1	0
ENSG00000108591	DRG2	GroupA_exclusive	TK10	DEL			1	0
ENSG00000178498	DTX3	GroupA_exclusive	TK91	DEL			1	0
ENSG00000141994	DUS3L	GroupA_exclusive	TK91	DEL			1	0
ENSG00000133878	DUSP26	GroupA_exclusive	TK93	DEL			1	0
ENSG00000188542	DUSP28	GroupA_exclusive	TK91	DEL			1	0
ENSG00000108861	DUSP3	GroupA_exclusive	TK16	DEL			1	0
ENSG00000120875	DUSP4	GroupA_exclusive	TK16	DEL			1	0
ENSG00000235316	DUSP8P5	GroupA_exclusive	TK93	DEL			1	0
ENSG00000283069	DUX4L32	GroupA_exclusive	TK91	DEL			1	0
ENSG00000282894	DUX4L33	GroupA_exclusive	TK91	DEL			1	0
ENSG00000077380	DYNC1I2	GroupA_exclusive	TK18	DEL			1	0
ENSG00000105204	DYRK1B	GroupA_exclusive	TK92	DEL			1	0
ENSG00000267046	E2F3P1	GroupA_exclusive	TK91	DEL			1	0
ENSG00000165891	E2F7	GroupA_exclusive	TK91	DEL			1	0
ENSG00000122882	ECD	GroupA_exclusive	TK93	DEL			1	0
ENSG00000231105	ECE1-AS1	GroupA_exclusive	TK10	DEL			1	0
ENSG00000204121	ECEL1P1	GroupA_exclusive	TK92	DEL			1	0
ENSG00000244280	ECEL1P2	GroupA_exclusive	TK92	DEL			1	0
ENSG00000290681	ECEL1P2	GroupA_exclusive	TK92	DEL			1	0
ENSG00000230122	ECEL1P3	GroupA_exclusive	TK92	DEL			1	0
ENSG00000104823	ECH1	GroupA_exclusive	TK91	DEL			1	0
ENSG00000107223	EDF1	GroupA_exclusive	TK92	DEL			1	0
ENSG00000196205	EEF1A1P5	GroupA_exclusive	TK91	DEL			1	0
ENSG00000235253	EEF1A1P50	GroupA_exclusive	TK91	DEL			1	0
ENSG00000101210	EEF1A2	GroupA_exclusive	TK10	DEL			1	0
ENSG00000203791	EEF1AKMT2	GroupA_exclusive	TK92	DEL			1	0
ENSG00000114942	EEF1B2	GroupA_exclusive	TK92	DEL			1	0
ENSG00000213640	EEF1DP4	GroupA_exclusive	TK93	DEL			1	0
ENSG00000176927	EFCAB5	GroupA_exclusive	TK10	DEL			1	0
ENSG00000115380	EFEMP1	GroupA_exclusive	TK18	DEL			1	0
ENSG00000140598	EFL1	GroupA_exclusive	TK18	DEL			1	0
ENSG00000090776	EFNB1	GroupA_exclusive	TK93	DEL			1	0
ENSG00000269858	EGLN2	GroupA_exclusive	TK92	DEL			1	0
ENSG00000013016	EHD3	GroupA_exclusive	TK16	DEL			1	0
ENSG00000175376	EIF1AD	GroupA_exclusive	TK91	DEL			1	0
ENSG00000173674	EIF1AX	GroupA_exclusive	TK18	DEL			1	0
ENSG00000114784	EIF1B	GroupA_exclusive	TK93	DEL			1	0
ENSG00000280739	EIF1B-AS1	GroupA_exclusive	TK91	DEL			1	0
ENSG00000115211	EIF2B4	GroupA_exclusive	TK92	DEL			1	0
ENSG00000145191	EIF2B5	GroupA_exclusive	TK91	DEL			1	0
ENSG00000237747	EIF3JP3	GroupA_exclusive	TK93	DEL			1	0
ENSG00000184708	EIF4ENIF1	GroupA_exclusive	TK18	DEL			1	0
ENSG00000100664	EIF5	GroupA_exclusive	TK91	DEL			1	0
ENSG00000259775	EIF5-DT	GroupA_exclusive	TK91	DEL			1	0
ENSG00000267679	EIF5AP2	GroupA_exclusive	TK91	DEL			1	0
ENSG00000116299	ELAPOR1	GroupA_exclusive	TK92	DEL			1	0
ENSG00000109381	ELF2	GroupA_exclusive	TK92	DEL			1	0
ENSG00000102034	ELF4	GroupA_exclusive	TK10	DEL			1	0
ENSG00000111145	ELK3	GroupA_exclusive	TK10	DEL			1	0
ENSG00000011007	ELOA	GroupA_exclusive	TK93	DEL			1	0
ENSG00000118402	ELOVL4	GroupA_exclusive	TK10	DEL			1	0
ENSG00000012660	ELOVL5	GroupA_exclusive	TK16	DEL			1	0
ENSG00000231752	EMBP1	GroupA_exclusive	TK91	DEL			1	0
ENSG00000291141	EMBP1	GroupA_exclusive	TK91	DEL			1	0
ENSG00000134153	EMC7	GroupA_exclusive	TK10	DEL			1	0
ENSG00000149499	EML3	GroupA_exclusive	TK92	DEL			1	0
ENSG00000142227	EMP3	GroupA_exclusive	TK10	DEL			1	0
ENSG00000154380	ENAH	GroupA_exclusive	TK10	DEL			1	0
ENSG00000100101	ENSG00000100101	GroupA_exclusive	TK16	DEL			1	0
ENSG00000146722	ENSG00000146722	GroupA_exclusive	TK91	DEL			1	0
ENSG00000165121	ENSG00000165121	GroupA_exclusive	TK92	DEL			1	0
ENSG00000181705	ENSG00000181705	GroupA_exclusive	TK91	DEL			1	0
ENSG00000183308	ENSG00000183308	GroupA_exclusive	TK16	DEL			1	0
ENSG00000189316	ENSG00000189316	GroupA_exclusive	TK93	DEL			1	0
ENSG00000200051	ENSG00000200051	GroupA_exclusive	TK92	DEL			1	0
ENSG00000201003	ENSG00000201003	GroupA_exclusive	TK92	DEL			1	0
ENSG00000201807	ENSG00000201807	GroupA_exclusive	TK93	DEL			1	0
ENSG00000202434	ENSG00000202434	GroupA_exclusive	TK92	DEL			1	0
ENSG00000203402	ENSG00000203402	GroupA_exclusive	TK91	DEL			1	0
ENSG00000203437	ENSG00000203437	GroupA_exclusive	TK93	DEL			1	0
ENSG00000203643	ENSG00000203643	GroupA_exclusive	TK91	DEL			1	0
ENSG00000204422	ENSG00000204422	GroupA_exclusive	TK92	DEL			1	0
ENSG00000204850	ENSG00000204850	GroupA_exclusive	TK92	DEL			1	0
ENSG00000212445	ENSG00000212445	GroupA_exclusive	TK10	DEL			1	0
ENSG00000213976	ENSG00000213976	GroupA_exclusive	TK92	DEL			1	0
ENSG00000215023	ENSG00000215023	GroupA_exclusive	TK91	DEL			1	0
ENSG00000215464	ENSG00000215464	GroupA_exclusive	TK10	DEL			1	0
ENSG00000215692	ENSG00000215692	GroupA_exclusive	TK91	DEL			1	0
ENSG00000216352	ENSG00000216352	GroupA_exclusive	TK91	DEL			1	0
ENSG00000216775	ENSG00000216775	GroupA_exclusive	TK91	DEL			1	0
ENSG00000217512	ENSG00000217512	GroupA_exclusive	TK91	DEL			1	0
ENSG00000221093	ENSG00000221093	GroupA_exclusive	TK92	DEL			1	0
ENSG00000221184	ENSG00000221184	GroupA_exclusive	TK10	DEL			1	0
ENSG00000223356	ENSG00000223356	GroupA_exclusive	TK18	DEL			1	0
ENSG00000223374	ENSG00000223374	GroupA_exclusive	TK18	DEL			1	0
ENSG00000223379	ENSG00000223379	GroupA_exclusive	TK91	DEL			1	0
ENSG00000223576	ENSG00000223576	GroupA_exclusive	TK18	DEL			1	0
ENSG00000223612	ENSG00000223612	GroupA_exclusive	TK92	DEL			1	0
ENSG00000224000	ENSG00000224000	GroupA_exclusive	TK91	DEL			1	0
ENSG00000224054	ENSG00000224054	GroupA_exclusive	TK91	DEL			1	0
ENSG00000224138	ENSG00000224138	GroupA_exclusive	TK10	DEL			1	0
ENSG00000224207	ENSG00000224207	GroupA_exclusive	TK91	DEL			1	0
ENSG00000224228	ENSG00000224228	GroupA_exclusive	TK91	DEL			1	0
ENSG00000224272	ENSG00000224272	GroupA_exclusive	TK91	DEL			1	0
ENSG00000224301	ENSG00000224301	GroupA_exclusive	TK92	DEL			1	0
ENSG00000224361	ENSG00000224361	GroupA_exclusive	TK10	DEL			1	0
ENSG00000224376	ENSG00000224376	GroupA_exclusive	TK91	DEL			1	0
ENSG00000224409	ENSG00000224409	GroupA_exclusive	TK91	DEL			1	0
ENSG00000224516	ENSG00000224516	GroupA_exclusive	TK92	DEL			1	0
ENSG00000224548	ENSG00000224548	GroupA_exclusive	TK91	DEL			1	0
ENSG00000224635	ENSG00000224635	GroupA_exclusive	TK91	DEL			1	0
ENSG00000224698	ENSG00000224698	GroupA_exclusive	TK92	DEL			1	0
ENSG00000224797	ENSG00000224797	GroupA_exclusive	TK92	DEL			1	0
ENSG00000224901	ENSG00000224901	GroupA_exclusive	TK10	DEL			1	0
ENSG00000224972	ENSG00000224972	GroupA_exclusive	TK91	DEL			1	0
ENSG00000225173	ENSG00000225173	GroupA_exclusive	TK91	DEL			1	0
ENSG00000225279	ENSG00000225279	GroupA_exclusive	TK91	DEL			1	0
ENSG00000225300	ENSG00000225300	GroupA_exclusive	TK91	DEL			1	0
ENSG00000225370	ENSG00000225370	GroupA_exclusive	TK91	DEL			1	0
ENSG00000225450	ENSG00000225450	GroupA_exclusive	TK91	DEL			1	0
ENSG00000225603	ENSG00000225603	GroupA_exclusive	TK92	DEL			1	0
ENSG00000225721	ENSG00000225721	GroupA_exclusive	TK10	DEL			1	0
ENSG00000225952	ENSG00000225952	GroupA_exclusive	TK10	DEL			1	0
ENSG00000226375	ENSG00000226375	GroupA_exclusive	TK91	DEL			1	0
ENSG00000226526	ENSG00000226526	GroupA_exclusive	TK16	DEL			1	0
ENSG00000226545	ENSG00000226545	GroupA_exclusive	TK10	DEL			1	0
ENSG00000226578	ENSG00000226578	GroupA_exclusive	TK91	DEL			1	0
ENSG00000226647	ENSG00000226647	GroupA_exclusive	TK92	DEL			1	0
ENSG00000226963	ENSG00000226963	GroupA_exclusive	TK16	DEL			1	0
ENSG00000227045	ENSG00000227045	GroupA_exclusive	TK92	DEL			1	0
ENSG00000227113	ENSG00000227113	GroupA_exclusive	TK93	DEL			1	0
ENSG00000227227	ENSG00000227227	GroupA_exclusive	TK92	DEL			1	0
ENSG00000227242	ENSG00000227242	GroupA_exclusive	TK92	DEL			1	0
ENSG00000227304	ENSG00000227304	GroupA_exclusive	TK92	DEL			1	0
ENSG00000227741	ENSG00000227741	GroupA_exclusive	TK91	DEL			1	0
ENSG00000227836	ENSG00000227836	GroupA_exclusive	TK16	DEL			1	0
ENSG00000228274	ENSG00000228274	GroupA_exclusive	TK10	DEL			1	0
ENSG00000228327	ENSG00000228327	GroupA_exclusive	TK10	DEL			1	0
ENSG00000228423	ENSG00000228423	GroupA_exclusive	TK10	DEL			1	0
ENSG00000228496	ENSG00000228496	GroupA_exclusive	TK91	DEL			1	0
ENSG00000228587	ENSG00000228587	GroupA_exclusive	TK91	DEL			1	0
ENSG00000228790	ENSG00000228790	GroupA_exclusive	TK91	DEL			1	0
ENSG00000228826	ENSG00000228826	GroupA_exclusive	TK91	DEL			1	0
ENSG00000228919	ENSG00000228919	GroupA_exclusive	TK10	DEL			1	0
ENSG00000228923	ENSG00000228923	GroupA_exclusive	TK10	DEL			1	0
ENSG00000229190	ENSG00000229190	GroupA_exclusive	TK91	DEL			1	0
ENSG00000229294	ENSG00000229294	GroupA_exclusive	TK10	DEL			1	0
ENSG00000229512	ENSG00000229512	GroupA_exclusive	TK10	DEL			1	0
ENSG00000229567	ENSG00000229567	GroupA_exclusive	TK92	DEL			1	0
ENSG00000229635	ENSG00000229635	GroupA_exclusive	TK92	DEL			1	0
ENSG00000230063	ENSG00000230063	GroupA_exclusive	TK10	DEL			1	0
ENSG00000230107	ENSG00000230107	GroupA_exclusive	TK91	DEL			1	0
ENSG00000230289	ENSG00000230289	GroupA_exclusive	TK10	DEL			1	0
ENSG00000230470	ENSG00000230470	GroupA_exclusive	TK10	DEL			1	0
ENSG00000230732	ENSG00000230732	GroupA_exclusive	TK92	DEL			1	0
ENSG00000230790	ENSG00000230790	GroupA_exclusive	TK91	DEL			1	0
ENSG00000230947	ENSG00000230947	GroupA_exclusive	TK10	DEL			1	0
ENSG00000231062	ENSG00000231062	GroupA_exclusive	TK10	DEL			1	0
ENSG00000231073	ENSG00000231073	GroupA_exclusive	TK18	DEL			1	0
ENSG00000231212	ENSG00000231212	GroupA_exclusive	TK91	DEL			1	0
ENSG00000231317	ENSG00000231317	GroupA_exclusive	TK92	DEL			1	0
ENSG00000231357	ENSG00000231357	GroupA_exclusive	TK10	DEL			1	0
ENSG00000231394	ENSG00000231394	GroupA_exclusive	TK92	DEL			1	0
ENSG00000231403	ENSG00000231403	GroupA_exclusive	TK91	DEL			1	0
ENSG00000231530	ENSG00000231530	GroupA_exclusive	TK10	DEL			1	0
ENSG00000231615	ENSG00000231615	GroupA_exclusive	TK91	DEL			1	0
ENSG00000231741	ENSG00000231741	GroupA_exclusive	TK92	DEL			1	0
ENSG00000232546	ENSG00000232546	GroupA_exclusive	TK91	DEL			1	0
ENSG00000232751	ENSG00000232751	GroupA_exclusive	TK91	DEL			1	0
ENSG00000232937	ENSG00000232937	GroupA_exclusive	TK92	DEL			1	0
ENSG00000233336	ENSG00000233336	GroupA_exclusive	TK92	DEL			1	0
ENSG00000233538	ENSG00000233538	GroupA_exclusive	TK91	DEL			1	0
ENSG00000233783	ENSG00000233783	GroupA_exclusive	TK10	DEL			1	0
ENSG00000233836	ENSG00000233836	GroupA_exclusive	TK91	DEL			1	0
ENSG00000233977	ENSG00000233977	GroupA_exclusive	TK92	DEL			1	0
ENSG00000233995	ENSG00000233995	GroupA_exclusive	TK92	DEL			1	0
ENSG00000234019	ENSG00000234019	GroupA_exclusive	TK91	DEL			1	0
ENSG00000234203	ENSG00000234203	GroupA_exclusive	TK10	DEL			1	0
ENSG00000234225	ENSG00000234225	GroupA_exclusive	TK92	DEL			1	0
ENSG00000234378	ENSG00000234378	GroupA_exclusive	TK93	DEL			1	0
ENSG00000234396	ENSG00000234396	GroupA_exclusive	TK91	DEL			1	0
ENSG00000234425	ENSG00000234425	GroupA_exclusive	TK91	DEL			1	0
ENSG00000234436	ENSG00000234436	GroupA_exclusive	TK10	DEL			1	0
ENSG00000234578	ENSG00000234578	GroupA_exclusive	TK16	DEL			1	0
ENSG00000234793	ENSG00000234793	GroupA_exclusive	TK91	DEL			1	0
ENSG00000234907	ENSG00000234907	GroupA_exclusive	TK91	DEL			1	0
ENSG00000234915	ENSG00000234915	GroupA_exclusive	TK10	DEL			1	0
ENSG00000235088	ENSG00000235088	GroupA_exclusive	TK16	DEL			1	0
ENSG00000235128	ENSG00000235128	GroupA_exclusive	TK18	DEL			1	0
ENSG00000235151	ENSG00000235151	GroupA_exclusive	TK91	DEL			1	0
ENSG00000235224	ENSG00000235224	GroupA_exclusive	TK91	DEL			1	0
ENSG00000235399	ENSG00000235399	GroupA_exclusive	TK93	DEL			1	0
ENSG00000235582	ENSG00000235582	GroupA_exclusive	TK10	DEL			1	0
ENSG00000235659	ENSG00000235659	GroupA_exclusive	TK91	DEL			1	0
ENSG00000235673	ENSG00000235673	GroupA_exclusive	TK10	DEL			1	0
ENSG00000235893	ENSG00000235893	GroupA_exclusive	TK91	DEL			1	0
ENSG00000236022	ENSG00000236022	GroupA_exclusive	TK91	DEL			1	0
ENSG00000236377	ENSG00000236377	GroupA_exclusive	TK10	DEL			1	0
ENSG00000236450	ENSG00000236450	GroupA_exclusive	TK91	DEL			1	0
ENSG00000236456	ENSG00000236456	GroupA_exclusive	TK92	DEL			1	0
ENSG00000236601	ENSG00000236601	GroupA_exclusive	TK91	DEL			1	0
ENSG00000236854	ENSG00000236854	GroupA_exclusive	TK91	DEL			1	0
ENSG00000236867	ENSG00000236867	GroupA_exclusive	TK91	DEL			1	0
ENSG00000236940	ENSG00000236940	GroupA_exclusive	TK92	DEL			1	0
ENSG00000237015	ENSG00000237015	GroupA_exclusive	TK93	DEL			1	0
ENSG00000237087	ENSG00000237087	GroupA_exclusive	TK92	DEL			1	0
ENSG00000237094	ENSG00000237094	GroupA_exclusive	TK91	DEL			1	0
ENSG00000237188	ENSG00000237188	GroupA_exclusive	TK92	DEL			1	0
ENSG00000237208	ENSG00000237208	GroupA_exclusive	TK92	DEL			1	0
ENSG00000237297	ENSG00000237297	GroupA_exclusive	TK91	DEL			1	0
ENSG00000237385	ENSG00000237385	GroupA_exclusive	TK10	DEL			1	0
ENSG00000237390	ENSG00000237390	GroupA_exclusive	TK92	DEL			1	0
ENSG00000237588	ENSG00000237588	GroupA_exclusive	TK18	DEL			1	0
ENSG00000237835	ENSG00000237835	GroupA_exclusive	TK92	DEL			1	0
ENSG00000237904	ENSG00000237904	GroupA_exclusive	TK91	DEL			1	0
ENSG00000237920	ENSG00000237920	GroupA_exclusive	TK92	DEL			1	0
ENSG00000238207	ENSG00000238207	GroupA_exclusive	TK92	DEL			1	0
ENSG00000238854	ENSG00000238854	GroupA_exclusive	TK10	DEL			1	0
ENSG00000238934	ENSG00000238934	GroupA_exclusive	TK93	DEL			1	0
ENSG00000238966	ENSG00000238966	GroupA_exclusive	TK10	DEL			1	0
ENSG00000239415	ENSG00000239415	GroupA_exclusive	TK93	DEL			1	0
ENSG00000239985	ENSG00000239985	GroupA_exclusive	TK93	DEL			1	0
ENSG00000240197	ENSG00000240197	GroupA_exclusive	TK10	DEL			1	0
ENSG00000240399	ENSG00000240399	GroupA_exclusive	TK16	DEL			1	0
ENSG00000240591	ENSG00000240591	GroupA_exclusive	TK18	DEL			1	0
ENSG00000240634	ENSG00000240634	GroupA_exclusive	TK91	DEL			1	0
ENSG00000241035	ENSG00000241035	GroupA_exclusive	TK16	DEL			1	0
ENSG00000241828	ENSG00000241828	GroupA_exclusive	TK91	DEL			1	0
ENSG00000241884	ENSG00000241884	GroupA_exclusive	TK92	DEL			1	0
ENSG00000242156	ENSG00000242156	GroupA_exclusive	TK91	DEL			1	0
ENSG00000242396	ENSG00000242396	GroupA_exclusive	TK92	DEL			1	0
ENSG00000242411	ENSG00000242411	GroupA_exclusive	TK91	DEL			1	0
ENSG00000242539	ENSG00000242539	GroupA_exclusive	TK91	DEL			1	0
ENSG00000243018	ENSG00000243018	GroupA_exclusive	TK10	DEL			1	0
ENSG00000243433	ENSG00000243433	GroupA_exclusive	TK18	DEL			1	0
ENSG00000244480	ENSG00000244480	GroupA_exclusive	TK92	DEL			1	0
ENSG00000244593	ENSG00000244593	GroupA_exclusive	TK92	DEL			1	0
ENSG00000245667	ENSG00000245667	GroupA_exclusive	TK10	DEL			1	0
ENSG00000246130	ENSG00000246130	GroupA_exclusive	TK92	DEL			1	0
ENSG00000246465	ENSG00000246465	GroupA_exclusive	TK91	DEL			1	0
ENSG00000247679	ENSG00000247679	GroupA_exclusive	TK16	DEL			1	0
ENSG00000248155	ENSG00000248155	GroupA_exclusive	TK10	DEL			1	0
ENSG00000248399	ENSG00000248399	GroupA_exclusive	TK91	DEL			1	0
ENSG00000248401	ENSG00000248401	GroupA_exclusive	TK92	DEL			1	0
ENSG00000248779	ENSG00000248779	GroupA_exclusive	TK91	DEL			1	0
ENSG00000248973	ENSG00000248973	GroupA_exclusive	TK92	DEL			1	0
ENSG00000249019	ENSG00000249019	GroupA_exclusive	TK92	DEL			1	0
ENSG00000249086	ENSG00000249086	GroupA_exclusive	TK16	DEL			1	0
ENSG00000249094	ENSG00000249094	GroupA_exclusive	TK91	DEL			1	0
ENSG00000249240	ENSG00000249240	GroupA_exclusive	TK18	DEL			1	0
ENSG00000249453	ENSG00000249453	GroupA_exclusive	TK91	DEL			1	0
ENSG00000249602	ENSG00000249602	GroupA_exclusive	TK92	DEL			1	0
ENSG00000249743	ENSG00000249743	GroupA_exclusive	TK16	DEL			1	0
ENSG00000249960	ENSG00000249960	GroupA_exclusive	TK92	DEL			1	0
ENSG00000249967	ENSG00000249967	GroupA_exclusive	TK91	DEL			1	0
ENSG00000250027	ENSG00000250027	GroupA_exclusive	TK91	DEL			1	0
ENSG00000250057	ENSG00000250057	GroupA_exclusive	TK92	DEL			1	0
ENSG00000250137	ENSG00000250137	GroupA_exclusive	TK91	DEL			1	0
ENSG00000250186	ENSG00000250186	GroupA_exclusive	TK16	DEL			1	0
ENSG00000250377	ENSG00000250377	GroupA_exclusive	TK91	DEL			1	0
ENSG00000250397	ENSG00000250397	GroupA_exclusive	TK91	DEL			1	0
ENSG00000250418	ENSG00000250418	GroupA_exclusive	TK91	DEL			1	0
ENSG00000250555	ENSG00000250555	GroupA_exclusive	TK91	DEL			1	0
ENSG00000250575	ENSG00000250575	GroupA_exclusive	TK91	DEL			1	0
ENSG00000250644	ENSG00000250644	GroupA_exclusive	TK10	DEL			1	0
ENSG00000250677	ENSG00000250677	GroupA_exclusive	TK92	DEL			1	0
ENSG00000250767	ENSG00000250767	GroupA_exclusive	TK10	DEL			1	0
ENSG00000250769	ENSG00000250769	GroupA_exclusive	TK93	DEL			1	0
ENSG00000250892	ENSG00000250892	GroupA_exclusive	TK91	DEL			1	0
ENSG00000250909	ENSG00000250909	GroupA_exclusive	TK10	DEL			1	0
ENSG00000250917	ENSG00000250917	GroupA_exclusive	TK92	DEL			1	0
ENSG00000250997	ENSG00000250997	GroupA_exclusive	TK91	DEL			1	0
ENSG00000251188	ENSG00000251188	GroupA_exclusive	TK91	DEL			1	0
ENSG00000251288	ENSG00000251288	GroupA_exclusive	TK91	DEL			1	0
ENSG00000251431	ENSG00000251431	GroupA_exclusive	TK10	DEL			1	0
ENSG00000251484	ENSG00000251484	GroupA_exclusive	TK92	DEL			1	0
ENSG00000251579	ENSG00000251579	GroupA_exclusive	TK10	DEL			1	0
ENSG00000251661	ENSG00000251661	GroupA_exclusive	TK10	DEL			1	0
ENSG00000251689	ENSG00000251689	GroupA_exclusive	TK91	DEL			1	0
ENSG00000252236	ENSG00000252236	GroupA_exclusive	TK92	DEL			1	0
ENSG00000252461	ENSG00000252461	GroupA_exclusive	TK91	DEL			1	0
ENSG00000253200	ENSG00000253200	GroupA_exclusive	TK93	DEL			1	0
ENSG00000253252	ENSG00000253252	GroupA_exclusive	TK91	DEL			1	0
ENSG00000253321	ENSG00000253321	GroupA_exclusive	TK91	DEL			1	0
ENSG00000253620	ENSG00000253620	GroupA_exclusive	TK91	DEL			1	0
ENSG00000253735	ENSG00000253735	GroupA_exclusive	TK91	DEL			1	0
ENSG00000253796	ENSG00000253796	GroupA_exclusive	TK18	DEL			1	0
ENSG00000253887	ENSG00000253887	GroupA_exclusive	TK91	DEL			1	0
ENSG00000253896	ENSG00000253896	GroupA_exclusive	TK91	DEL			1	0
ENSG00000253965	ENSG00000253965	GroupA_exclusive	TK92	DEL			1	0
ENSG00000254057	ENSG00000254057	GroupA_exclusive	TK91	DEL			1	0
ENSG00000254091	ENSG00000254091	GroupA_exclusive	TK91	DEL			1	0
ENSG00000254099	ENSG00000254099	GroupA_exclusive	TK18	DEL			1	0
ENSG00000254193	ENSG00000254193	GroupA_exclusive	TK91	DEL			1	0
ENSG00000254216	ENSG00000254216	GroupA_exclusive	TK92	DEL			1	0
ENSG00000254222	ENSG00000254222	GroupA_exclusive	TK92	DEL			1	0
ENSG00000254230	ENSG00000254230	GroupA_exclusive	TK10	DEL			1	0
ENSG00000254237	ENSG00000254237	GroupA_exclusive	TK91	DEL			1	0
ENSG00000254328	ENSG00000254328	GroupA_exclusive	TK92	DEL			1	0
ENSG00000254492	ENSG00000254492	GroupA_exclusive	TK91	DEL			1	0
ENSG00000254533	ENSG00000254533	GroupA_exclusive	TK91	DEL			1	0
ENSG00000254556	ENSG00000254556	GroupA_exclusive	TK18	DEL			1	0
ENSG00000254673	ENSG00000254673	GroupA_exclusive	TK92	DEL			1	0
ENSG00000254676	ENSG00000254676	GroupA_exclusive	TK93	DEL			1	0
ENSG00000254686	ENSG00000254686	GroupA_exclusive	TK92	DEL			1	0
ENSG00000254718	ENSG00000254718	GroupA_exclusive	TK92	DEL			1	0
ENSG00000254739	ENSG00000254739	GroupA_exclusive	TK91	DEL			1	0
ENSG00000254765	ENSG00000254765	GroupA_exclusive	TK10	DEL			1	0
ENSG00000254923	ENSG00000254923	GroupA_exclusive	TK92	DEL			1	0
ENSG00000254936	ENSG00000254936	GroupA_exclusive	TK18	DEL			1	0
ENSG00000254951	ENSG00000254951	GroupA_exclusive	TK92	DEL			1	0
ENSG00000254964	ENSG00000254964	GroupA_exclusive	TK92	DEL			1	0
ENSG00000254990	ENSG00000254990	GroupA_exclusive	TK92	DEL			1	0
ENSG00000255000	ENSG00000255000	GroupA_exclusive	TK91	DEL			1	0
ENSG00000255085	ENSG00000255085	GroupA_exclusive	TK91	DEL			1	0
ENSG00000255108	ENSG00000255108	GroupA_exclusive	TK91	DEL			1	0
ENSG00000255142	ENSG00000255142	GroupA_exclusive	TK91	DEL			1	0
ENSG00000255164	ENSG00000255164	GroupA_exclusive	TK91	DEL			1	0
ENSG00000255182	ENSG00000255182	GroupA_exclusive	TK10	DEL			1	0
ENSG00000255253	ENSG00000255253	GroupA_exclusive	TK92	DEL			1	0
ENSG00000255339	ENSG00000255339	GroupA_exclusive	TK91	DEL			1	0
ENSG00000255340	ENSG00000255340	GroupA_exclusive	TK18	DEL			1	0
ENSG00000255356	ENSG00000255356	GroupA_exclusive	TK91	DEL			1	0
ENSG00000255432	ENSG00000255432	GroupA_exclusive	TK92	DEL			1	0
ENSG00000255456	ENSG00000255456	GroupA_exclusive	TK91	DEL			1	0
ENSG00000255530	ENSG00000255530	GroupA_exclusive	TK91	DEL			1	0
ENSG00000255647	ENSG00000255647	GroupA_exclusive	TK91	DEL			1	0
ENSG00000255839	ENSG00000255839	GroupA_exclusive	TK91	DEL			1	0
ENSG00000255885	ENSG00000255885	GroupA_exclusive	TK91	DEL			1	0
ENSG00000255899	ENSG00000255899	GroupA_exclusive	TK92	DEL			1	0
ENSG00000255931	ENSG00000255931	GroupA_exclusive	TK18	DEL			1	0
ENSG00000256159	ENSG00000256159	GroupA_exclusive	TK93	DEL			1	0
ENSG00000256196	ENSG00000256196	GroupA_exclusive	TK91	DEL			1	0
ENSG00000256250	ENSG00000256250	GroupA_exclusive	TK91	DEL			1	0
ENSG00000256299	ENSG00000256299	GroupA_exclusive	TK91	DEL			1	0
ENSG00000256349	ENSG00000256349	GroupA_exclusive	TK10	DEL			1	0
ENSG00000256504	ENSG00000256504	GroupA_exclusive	TK18	DEL			1	0
ENSG00000256664	ENSG00000256664	GroupA_exclusive	TK92	DEL			1	0
ENSG00000256804	ENSG00000256804	GroupA_exclusive	TK91	DEL			1	0
ENSG00000256851	ENSG00000256851	GroupA_exclusive	TK92	DEL			1	0
ENSG00000257181	ENSG00000257181	GroupA_exclusive	TK92	DEL			1	0
ENSG00000257221	ENSG00000257221	GroupA_exclusive	TK91	DEL			1	0
ENSG00000257264	ENSG00000257264	GroupA_exclusive	TK92	DEL			1	0
ENSG00000257391	ENSG00000257391	GroupA_exclusive	TK91	DEL			1	0
ENSG00000257452	ENSG00000257452	GroupA_exclusive	TK91	DEL			1	0
ENSG00000257527	ENSG00000257527	GroupA_exclusive	TK92	DEL			1	0
ENSG00000257682	ENSG00000257682	GroupA_exclusive	TK91	DEL			1	0
ENSG00000258081	ENSG00000258081	GroupA_exclusive	TK91	DEL			1	0
ENSG00000258177	ENSG00000258177	GroupA_exclusive	TK10	DEL			1	0
ENSG00000258354	ENSG00000258354	GroupA_exclusive	TK92	DEL			1	0
ENSG00000258526	ENSG00000258526	GroupA_exclusive	TK91	DEL			1	0
ENSG00000258529	ENSG00000258529	GroupA_exclusive	TK92	DEL			1	0
ENSG00000258728	ENSG00000258728	GroupA_exclusive	TK91	DEL			1	0
ENSG00000258744	ENSG00000258744	GroupA_exclusive	TK10	DEL			1	0
ENSG00000258757	ENSG00000258757	GroupA_exclusive	TK93	DEL			1	0
ENSG00000258763	ENSG00000258763	GroupA_exclusive	TK91	DEL			1	0
ENSG00000258768	ENSG00000258768	GroupA_exclusive	TK91	DEL			1	0
ENSG00000259117	ENSG00000259117	GroupA_exclusive	TK91	DEL			1	0
ENSG00000259121	ENSG00000259121	GroupA_exclusive	TK18	DEL			1	0
ENSG00000259164	ENSG00000259164	GroupA_exclusive	TK91	DEL			1	0
ENSG00000259208	ENSG00000259208	GroupA_exclusive	TK93	DEL			1	0
ENSG00000259302	ENSG00000259302	GroupA_exclusive	TK92	DEL			1	0
ENSG00000259398	ENSG00000259398	GroupA_exclusive	TK92	DEL			1	0
ENSG00000259414	ENSG00000259414	GroupA_exclusive	TK18	DEL			1	0
ENSG00000259509	ENSG00000259509	GroupA_exclusive	TK92	DEL			1	0
ENSG00000259531	ENSG00000259531	GroupA_exclusive	TK92	DEL			1	0
ENSG00000259544	ENSG00000259544	GroupA_exclusive	TK18	DEL			1	0
ENSG00000259556	ENSG00000259556	GroupA_exclusive	TK92	DEL			1	0
ENSG00000259560	ENSG00000259560	GroupA_exclusive	TK91	DEL			1	0
ENSG00000259952	ENSG00000259952	GroupA_exclusive	TK91	DEL			1	0
ENSG00000259959	ENSG00000259959	GroupA_exclusive	TK91	DEL			1	0
ENSG00000260038	ENSG00000260038	GroupA_exclusive	TK18	DEL			1	0
ENSG00000260104	ENSG00000260104	GroupA_exclusive	TK91	DEL			1	0
ENSG00000260274	ENSG00000260274	GroupA_exclusive	TK91	DEL			1	0
ENSG00000260367	ENSG00000260367	GroupA_exclusive	TK91	DEL			1	0
ENSG00000260436	ENSG00000260436	GroupA_exclusive	TK10	DEL			1	0
ENSG00000260482	ENSG00000260482	GroupA_exclusive	TK92	DEL			1	0
ENSG00000260514	ENSG00000260514	GroupA_exclusive	TK10	DEL			1	0
ENSG00000260674	ENSG00000260674	GroupA_exclusive	TK93	DEL			1	0
ENSG00000260773	ENSG00000260773	GroupA_exclusive	TK93	DEL			1	0
ENSG00000260796	ENSG00000260796	GroupA_exclusive	TK91	DEL			1	0
ENSG00000260871	ENSG00000260871	GroupA_exclusive	TK91	DEL			1	0
ENSG00000260989	ENSG00000260989	GroupA_exclusive	TK10	DEL			1	0
ENSG00000261079	ENSG00000261079	GroupA_exclusive	TK92	DEL			1	0
ENSG00000261093	ENSG00000261093	GroupA_exclusive	TK10	DEL			1	0
ENSG00000261118	ENSG00000261118	GroupA_exclusive	TK91	DEL			1	0
ENSG00000261140	ENSG00000261140	GroupA_exclusive	TK10	DEL			1	0
ENSG00000261170	ENSG00000261170	GroupA_exclusive	TK92	DEL			1	0
ENSG00000261207	ENSG00000261207	GroupA_exclusive	TK16	DEL			1	0
ENSG00000261240	ENSG00000261240	GroupA_exclusive	TK92	DEL			1	0
ENSG00000261260	ENSG00000261260	GroupA_exclusive	TK93	DEL			1	0
ENSG00000261291	ENSG00000261291	GroupA_exclusive	TK91	DEL			1	0
ENSG00000261476	ENSG00000261476	GroupA_exclusive	TK18	DEL			1	0
ENSG00000261527	ENSG00000261527	GroupA_exclusive	TK18	DEL			1	0
ENSG00000261529	ENSG00000261529	GroupA_exclusive	TK18	DEL			1	0
ENSG00000261552	ENSG00000261552	GroupA_exclusive	TK91	DEL			1	0
ENSG00000261583	ENSG00000261583	GroupA_exclusive	TK92	DEL			1	0
ENSG00000261766	ENSG00000261766	GroupA_exclusive	TK91	DEL			1	0
ENSG00000261790	ENSG00000261790	GroupA_exclusive	TK93	DEL			1	0
ENSG00000262067	ENSG00000262067	GroupA_exclusive	TK91	DEL			1	0
ENSG00000262172	ENSG00000262172	GroupA_exclusive	TK10	DEL			1	0
ENSG00000262526	ENSG00000262526	GroupA_exclusive	TK91	DEL			1	0
ENSG00000262732	ENSG00000262732	GroupA_exclusive	TK92	DEL			1	0
ENSG00000262777	ENSG00000262777	GroupA_exclusive	TK91	DEL			1	0
ENSG00000263342	ENSG00000263342	GroupA_exclusive	TK91	DEL			1	0
ENSG00000263466	ENSG00000263466	GroupA_exclusive	TK10	DEL			1	0
ENSG00000263603	ENSG00000263603	GroupA_exclusive	TK91	DEL			1	0
ENSG00000263612	ENSG00000263612	GroupA_exclusive	TK91	DEL			1	0
ENSG00000263683	ENSG00000263683	GroupA_exclusive	TK92	DEL			1	0
ENSG00000263756	ENSG00000263756	GroupA_exclusive	TK93	DEL			1	0
ENSG00000264058	ENSG00000264058	GroupA_exclusive	TK18	DEL			1	0
ENSG00000264148	ENSG00000264148	GroupA_exclusive	TK91	DEL			1	0
ENSG00000264324	ENSG00000264324	GroupA_exclusive	TK91	DEL			1	0
ENSG00000264520	ENSG00000264520	GroupA_exclusive	TK92	DEL			1	0
ENSG00000264548	ENSG00000264548	GroupA_exclusive	TK92	DEL			1	0
ENSG00000264578	ENSG00000264578	GroupA_exclusive	TK16	DEL			1	0
ENSG00000265010	ENSG00000265010	GroupA_exclusive	TK18	DEL			1	0
ENSG00000265443	ENSG00000265443	GroupA_exclusive	TK91	DEL			1	0
ENSG00000265678	ENSG00000265678	GroupA_exclusive	TK92	DEL			1	0
ENSG00000266378	ENSG00000266378	GroupA_exclusive	TK10	DEL			1	0
ENSG00000266651	ENSG00000266651	GroupA_exclusive	TK92	DEL			1	0
ENSG00000266654	ENSG00000266654	GroupA_exclusive	TK92	DEL			1	0
ENSG00000266709	ENSG00000266709	GroupA_exclusive	TK10	DEL			1	0
ENSG00000266824	ENSG00000266824	GroupA_exclusive	TK91	DEL			1	0
ENSG00000266865	ENSG00000266865	GroupA_exclusive	TK91	DEL			1	0
ENSG00000266929	ENSG00000266929	GroupA_exclusive	TK92	DEL			1	0
ENSG00000266976	ENSG00000266976	GroupA_exclusive	TK93	DEL			1	0
ENSG00000267004	ENSG00000267004	GroupA_exclusive	TK93	DEL			1	0
ENSG00000267022	ENSG00000267022	GroupA_exclusive	TK91	DEL			1	0
ENSG00000267048	ENSG00000267048	GroupA_exclusive	TK10	DEL			1	0
ENSG00000267074	ENSG00000267074	GroupA_exclusive	TK91	DEL			1	0
ENSG00000267082	ENSG00000267082	GroupA_exclusive	TK92	DEL			1	0
ENSG00000267096	ENSG00000267096	GroupA_exclusive	TK10	DEL			1	0
ENSG00000267117	ENSG00000267117	GroupA_exclusive	TK91	DEL			1	0
ENSG00000267139	ENSG00000267139	GroupA_exclusive	TK18	DEL			1	0
ENSG00000267157	ENSG00000267157	GroupA_exclusive	TK91	DEL			1	0
ENSG00000267174	ENSG00000267174	GroupA_exclusive	TK92	DEL			1	0
ENSG00000267197	ENSG00000267197	GroupA_exclusive	TK91	DEL			1	0
ENSG00000267222	ENSG00000267222	GroupA_exclusive	TK10	DEL			1	0
ENSG00000267244	ENSG00000267244	GroupA_exclusive	TK92	DEL			1	0
ENSG00000267277	ENSG00000267277	GroupA_exclusive	TK92	DEL			1	0
ENSG00000267314	ENSG00000267314	GroupA_exclusive	TK91	DEL			1	0
ENSG00000267338	ENSG00000267338	GroupA_exclusive	TK92	DEL			1	0
ENSG00000267379	ENSG00000267379	GroupA_exclusive	TK93	DEL			1	0
ENSG00000267408	ENSG00000267408	GroupA_exclusive	TK91	DEL			1	0
ENSG00000267415	ENSG00000267415	GroupA_exclusive	TK91	DEL			1	0
ENSG00000267537	ENSG00000267537	GroupA_exclusive	TK93	DEL			1	0
ENSG00000267563	ENSG00000267563	GroupA_exclusive	TK91	DEL			1	0
ENSG00000267565	ENSG00000267565	GroupA_exclusive	TK92	DEL			1	0
ENSG00000267571	ENSG00000267571	GroupA_exclusive	TK91	DEL			1	0
ENSG00000267576	ENSG00000267576	GroupA_exclusive	TK92	DEL			1	0
ENSG00000267615	ENSG00000267615	GroupA_exclusive	TK93	DEL			1	0
ENSG00000267681	ENSG00000267681	GroupA_exclusive	TK92	DEL			1	0
ENSG00000267709	ENSG00000267709	GroupA_exclusive	TK91	DEL			1	0
ENSG00000267735	ENSG00000267735	GroupA_exclusive	TK91	DEL			1	0
ENSG00000267740	ENSG00000267740	GroupA_exclusive	TK91	DEL			1	0
ENSG00000267791	ENSG00000267791	GroupA_exclusive	TK93	DEL			1	0
ENSG00000267834	ENSG00000267834	GroupA_exclusive	TK93	DEL			1	0
ENSG00000267924	ENSG00000267924	GroupA_exclusive	TK91	DEL			1	0
ENSG00000268056	ENSG00000268056	GroupA_exclusive	TK16	DEL			1	0
ENSG00000268081	ENSG00000268081	GroupA_exclusive	TK92	DEL			1	0
ENSG00000268112	ENSG00000268112	GroupA_exclusive	TK92	DEL			1	0
ENSG00000268163	ENSG00000268163	GroupA_exclusive	TK92	DEL			1	0
ENSG00000268191	ENSG00000268191	GroupA_exclusive	TK91	DEL			1	0
ENSG00000268203	ENSG00000268203	GroupA_exclusive	TK91	DEL			1	0
ENSG00000268231	ENSG00000268231	GroupA_exclusive	TK10	DEL			1	0
ENSG00000268240	ENSG00000268240	GroupA_exclusive	TK92	DEL			1	0
ENSG00000268288	ENSG00000268288	GroupA_exclusive	TK92	DEL			1	0
ENSG00000268362	ENSG00000268362	GroupA_exclusive	TK91	DEL			1	0
ENSG00000268392	ENSG00000268392	GroupA_exclusive	TK91	DEL			1	0
ENSG00000268455	ENSG00000268455	GroupA_exclusive	TK92	DEL			1	0
ENSG00000268555	ENSG00000268555	GroupA_exclusive	TK92	DEL			1	0
ENSG00000268565	ENSG00000268565	GroupA_exclusive	TK91	DEL			1	0
ENSG00000268584	ENSG00000268584	GroupA_exclusive	TK93	DEL			1	0
ENSG00000268731	ENSG00000268731	GroupA_exclusive	TK92	DEL			1	0
ENSG00000268742	ENSG00000268742	GroupA_exclusive	TK91	DEL			1	0
ENSG00000268747	ENSG00000268747	GroupA_exclusive	TK92	DEL			1	0
ENSG00000268842	ENSG00000268842	GroupA_exclusive	TK91	DEL			1	0
ENSG00000268866	ENSG00000268866	GroupA_exclusive	TK91	DEL			1	0
ENSG00000268892	ENSG00000268892	GroupA_exclusive	TK92	DEL			1	0
ENSG00000268945	ENSG00000268945	GroupA_exclusive	TK93	DEL			1	0
ENSG00000269026	ENSG00000269026	GroupA_exclusive	TK91	DEL			1	0
ENSG00000269069	ENSG00000269069	GroupA_exclusive	TK92	DEL			1	0
ENSG00000269091	ENSG00000269091	GroupA_exclusive	TK16	DEL			1	0
ENSG00000269243	ENSG00000269243	GroupA_exclusive	TK16	DEL			1	0
ENSG00000269289	ENSG00000269289	GroupA_exclusive	TK91	DEL			1	0
ENSG00000269292	ENSG00000269292	GroupA_exclusive	TK92	DEL			1	0
ENSG00000269318	ENSG00000269318	GroupA_exclusive	TK93	DEL			1	0
ENSG00000269349	ENSG00000269349	GroupA_exclusive	TK91	DEL			1	0
ENSG00000269397	ENSG00000269397	GroupA_exclusive	TK91	DEL			1	0
ENSG00000269421	ENSG00000269421	GroupA_exclusive	TK91	DEL			1	0
ENSG00000269482	ENSG00000269482	GroupA_exclusive	TK91	DEL			1	0
ENSG00000269487	ENSG00000269487	GroupA_exclusive	TK18	DEL			1	0
ENSG00000269553	ENSG00000269553	GroupA_exclusive	TK91	DEL			1	0
ENSG00000269621	ENSG00000269621	GroupA_exclusive	TK92	DEL			1	0
ENSG00000269653	ENSG00000269653	GroupA_exclusive	TK10	DEL			1	0
ENSG00000269755	ENSG00000269755	GroupA_exclusive	TK92	DEL			1	0
ENSG00000269802	ENSG00000269802	GroupA_exclusive	TK91	DEL			1	0
ENSG00000269825	ENSG00000269825	GroupA_exclusive	TK91	DEL			1	0
ENSG00000269839	ENSG00000269839	GroupA_exclusive	TK92	DEL			1	0
ENSG00000269910	ENSG00000269910	GroupA_exclusive	TK10	DEL			1	0
ENSG00000269915	ENSG00000269915	GroupA_exclusive	TK91	DEL			1	0
ENSG00000269934	ENSG00000269934	GroupA_exclusive	TK10	DEL			1	0
ENSG00000269937	ENSG00000269937	GroupA_exclusive	TK10	DEL			1	0
ENSG00000269940	ENSG00000269940	GroupA_exclusive	TK10	DEL			1	0
ENSG00000269958	ENSG00000269958	GroupA_exclusive	TK10	DEL			1	0
ENSG00000269984	ENSG00000269984	GroupA_exclusive	TK92	DEL			1	0
ENSG00000270059	ENSG00000270059	GroupA_exclusive	TK10	DEL			1	0
ENSG00000270066	ENSG00000270066	GroupA_exclusive	TK92	DEL			1	0
ENSG00000270083	ENSG00000270083	GroupA_exclusive	TK10	DEL			1	0
ENSG00000270108	ENSG00000270108	GroupA_exclusive	TK10	DEL			1	0
ENSG00000270117	ENSG00000270117	GroupA_exclusive	TK93	DEL			1	0
ENSG00000270218	ENSG00000270218	GroupA_exclusive	TK10	DEL			1	0
ENSG00000270369	ENSG00000270369	GroupA_exclusive	TK92	DEL			1	0
ENSG00000270480	ENSG00000270480	GroupA_exclusive	TK92	DEL			1	0
ENSG00000270497	ENSG00000270497	GroupA_exclusive	TK91	DEL			1	0
ENSG00000270507	ENSG00000270507	GroupA_exclusive	TK93	DEL			1	0
ENSG00000270541	ENSG00000270541	GroupA_exclusive	TK91	DEL			1	0
ENSG00000270619	ENSG00000270619	GroupA_exclusive	TK91	DEL			1	0
ENSG00000270640	ENSG00000270640	GroupA_exclusive	TK10	DEL			1	0
ENSG00000270728	ENSG00000270728	GroupA_exclusive	TK93	DEL			1	0
ENSG00000270808	ENSG00000270808	GroupA_exclusive	TK93	DEL			1	0
ENSG00000270842	ENSG00000270842	GroupA_exclusive	TK92	DEL			1	0
ENSG00000271002	ENSG00000271002	GroupA_exclusive	TK91	DEL			1	0
ENSG00000271048	ENSG00000271048	GroupA_exclusive	TK16	DEL			1	0
ENSG00000271064	ENSG00000271064	GroupA_exclusive	TK92	DEL			1	0
ENSG00000271291	ENSG00000271291	GroupA_exclusive	TK92	DEL			1	0
ENSG00000271533	ENSG00000271533	GroupA_exclusive	TK91	DEL			1	0
ENSG00000271543	ENSG00000271543	GroupA_exclusive	TK10	DEL			1	0
ENSG00000271581	ENSG00000271581	GroupA_exclusive	TK92	DEL			1	0
ENSG00000271654	ENSG00000271654	GroupA_exclusive	TK92	DEL			1	0
ENSG00000271680	ENSG00000271680	GroupA_exclusive	TK91	DEL			1	0
ENSG00000271716	ENSG00000271716	GroupA_exclusive	TK92	DEL			1	0
ENSG00000271781	ENSG00000271781	GroupA_exclusive	TK16	DEL			1	0
ENSG00000271806	ENSG00000271806	GroupA_exclusive	TK91	DEL			1	0
ENSG00000271853	ENSG00000271853	GroupA_exclusive	TK10	DEL			1	0
ENSG00000271945	ENSG00000271945	GroupA_exclusive	TK92	DEL			1	0
ENSG00000271959	ENSG00000271959	GroupA_exclusive	TK10	DEL			1	0
ENSG00000272056	ENSG00000272056	GroupA_exclusive	TK93	DEL			1	0
ENSG00000272108	ENSG00000272108	GroupA_exclusive	TK92	DEL			1	0
ENSG00000272140	ENSG00000272140	GroupA_exclusive	TK93	DEL			1	0
ENSG00000272181	ENSG00000272181	GroupA_exclusive	TK18	DEL			1	0
ENSG00000272202	ENSG00000272202	GroupA_exclusive	TK93	DEL			1	0
ENSG00000272343	ENSG00000272343	GroupA_exclusive	TK92	DEL			1	0
ENSG00000272405	ENSG00000272405	GroupA_exclusive	TK18	DEL			1	0
ENSG00000272483	ENSG00000272483	GroupA_exclusive	TK92	DEL			1	0
ENSG00000272501	ENSG00000272501	GroupA_exclusive	TK92	DEL			1	0
ENSG00000272540	ENSG00000272540	GroupA_exclusive	TK91	DEL			1	0
ENSG00000272583	ENSG00000272583	GroupA_exclusive	TK91	DEL			1	0
ENSG00000272638	ENSG00000272638	GroupA_exclusive	TK92	DEL			1	0
ENSG00000272656	ENSG00000272656	GroupA_exclusive	TK18	DEL			1	0
ENSG00000272750	ENSG00000272750	GroupA_exclusive	TK16	DEL			1	0
ENSG00000272754	ENSG00000272754	GroupA_exclusive	TK92	DEL			1	0
ENSG00000272762	ENSG00000272762	GroupA_exclusive	TK18	DEL			1	0
ENSG00000272791	ENSG00000272791	GroupA_exclusive	TK93	DEL			1	0
ENSG00000272836	ENSG00000272836	GroupA_exclusive	TK92	DEL			1	0
ENSG00000272843	ENSG00000272843	GroupA_exclusive	TK91	DEL			1	0
ENSG00000272885	ENSG00000272885	GroupA_exclusive	TK92	DEL			1	0
ENSG00000272941	ENSG00000272941	GroupA_exclusive	TK91	DEL			1	0
ENSG00000273047	ENSG00000273047	GroupA_exclusive	TK91	DEL			1	0
ENSG00000273110	ENSG00000273110	GroupA_exclusive	TK92	DEL			1	0
ENSG00000273112	ENSG00000273112	GroupA_exclusive	TK92	DEL			1	0
ENSG00000273156	ENSG00000273156	GroupA_exclusive	TK92	DEL			1	0
ENSG00000273188	ENSG00000273188	GroupA_exclusive	TK92	DEL			1	0
ENSG00000273217	ENSG00000273217	GroupA_exclusive	TK93	DEL			1	0
ENSG00000273244	ENSG00000273244	GroupA_exclusive	TK92	DEL			1	0
ENSG00000273261	ENSG00000273261	GroupA_exclusive	TK91	DEL			1	0
ENSG00000273299	ENSG00000273299	GroupA_exclusive	TK10	DEL			1	0
ENSG00000273343	ENSG00000273343	GroupA_exclusive	TK10	DEL			1	0
ENSG00000273353	ENSG00000273353	GroupA_exclusive	TK10	DEL			1	0
ENSG00000273424	ENSG00000273424	GroupA_exclusive	TK91	DEL			1	0
ENSG00000273521	ENSG00000273521	GroupA_exclusive	TK10	DEL			1	0
ENSG00000273609	ENSG00000273609	GroupA_exclusive	TK91	DEL			1	0
ENSG00000273720	ENSG00000273720	GroupA_exclusive	TK92	DEL			1	0
ENSG00000273733	ENSG00000273733	GroupA_exclusive	TK92	DEL			1	0
ENSG00000273904	ENSG00000273904	GroupA_exclusive	TK92	DEL			1	0
ENSG00000273951	ENSG00000273951	GroupA_exclusive	TK18	DEL			1	0
ENSG00000274019	ENSG00000274019	GroupA_exclusive	TK10	DEL			1	0
ENSG00000274072	ENSG00000274072	GroupA_exclusive	TK93	DEL			1	0
ENSG00000274116	ENSG00000274116	GroupA_exclusive	TK91	DEL			1	0
ENSG00000274253	ENSG00000274253	GroupA_exclusive	TK92	DEL			1	0
ENSG00000274265	ENSG00000274265	GroupA_exclusive	TK10	DEL			1	0
ENSG00000274364	ENSG00000274364	GroupA_exclusive	TK92	DEL			1	0
ENSG00000274471	ENSG00000274471	GroupA_exclusive	TK18	DEL			1	0
ENSG00000274491	ENSG00000274491	GroupA_exclusive	TK18	DEL			1	0
ENSG00000274503	ENSG00000274503	GroupA_exclusive	TK92	DEL			1	0
ENSG00000274528	ENSG00000274528	GroupA_exclusive	TK92	DEL			1	0
ENSG00000274758	ENSG00000274758	GroupA_exclusive	TK93	DEL			1	0
ENSG00000274944	ENSG00000274944	GroupA_exclusive	TK91	DEL			1	0
ENSG00000275129	ENSG00000275129	GroupA_exclusive	TK91	DEL			1	0
ENSG00000275157	ENSG00000275157	GroupA_exclusive	TK92	DEL			1	0
ENSG00000275178	ENSG00000275178	GroupA_exclusive	TK10	DEL			1	0
ENSG00000275227	ENSG00000275227	GroupA_exclusive	TK92	DEL			1	0
ENSG00000275234	ENSG00000275234	GroupA_exclusive	TK91	DEL			1	0
ENSG00000275285	ENSG00000275285	GroupA_exclusive	TK91	DEL			1	0
ENSG00000275307	ENSG00000275307	GroupA_exclusive	TK92	DEL			1	0
ENSG00000275339	ENSG00000275339	GroupA_exclusive	TK16	DEL			1	0
ENSG00000275426	ENSG00000275426	GroupA_exclusive	TK91	DEL			1	0
ENSG00000275464	ENSG00000275464	GroupA_exclusive	TK10	DEL			1	0
ENSG00000275490	ENSG00000275490	GroupA_exclusive	TK10	DEL			1	0
ENSG00000275493	ENSG00000275493	GroupA_exclusive	TK91	DEL			1	0
ENSG00000275516	ENSG00000275516	GroupA_exclusive	TK10	DEL			1	0
ENSG00000275645	ENSG00000275645	GroupA_exclusive	TK91	DEL			1	0
ENSG00000275681	ENSG00000275681	GroupA_exclusive	TK10	DEL			1	0
ENSG00000275734	ENSG00000275734	GroupA_exclusive	TK91	DEL			1	0
ENSG00000275807	ENSG00000275807	GroupA_exclusive	TK91	DEL			1	0
ENSG00000275857	ENSG00000275857	GroupA_exclusive	TK91	DEL			1	0
ENSG00000275875	ENSG00000275875	GroupA_exclusive	TK92	DEL			1	0
ENSG00000276140	ENSG00000276140	GroupA_exclusive	TK10	DEL			1	0
ENSG00000276208	ENSG00000276208	GroupA_exclusive	TK91	DEL			1	0
ENSG00000276411	ENSG00000276411	GroupA_exclusive	TK91	DEL			1	0
ENSG00000276445	ENSG00000276445	GroupA_exclusive	TK92	DEL			1	0
ENSG00000276663	ENSG00000276663	GroupA_exclusive	TK18	DEL			1	0
ENSG00000276722	ENSG00000276722	GroupA_exclusive	TK18	DEL			1	0
ENSG00000276758	ENSG00000276758	GroupA_exclusive	TK10	DEL			1	0
ENSG00000276822	ENSG00000276822	GroupA_exclusive	TK92	DEL			1	0
ENSG00000276845	ENSG00000276845	GroupA_exclusive	TK91	DEL			1	0
ENSG00000276931	ENSG00000276931	GroupA_exclusive	TK92	DEL			1	0
ENSG00000277191	ENSG00000277191	GroupA_exclusive	TK91	DEL			1	0
ENSG00000277299	ENSG00000277299	GroupA_exclusive	TK91	DEL			1	0
ENSG00000277435	ENSG00000277435	GroupA_exclusive	TK92	DEL			1	0
ENSG00000277493	ENSG00000277493	GroupA_exclusive	TK91	DEL			1	0
ENSG00000277502	ENSG00000277502	GroupA_exclusive	TK92	DEL			1	0
ENSG00000277587	ENSG00000277587	GroupA_exclusive	TK92	DEL			1	0
ENSG00000277728	ENSG00000277728	GroupA_exclusive	TK92	DEL			1	0
ENSG00000277732	ENSG00000277732	GroupA_exclusive	TK10	DEL			1	0
ENSG00000277755	ENSG00000277755	GroupA_exclusive	TK92	DEL			1	0
ENSG00000277852	ENSG00000277852	GroupA_exclusive	TK16	DEL			1	0
ENSG00000277867	ENSG00000277867	GroupA_exclusive	TK92	DEL			1	0
ENSG00000278217	ENSG00000278217	GroupA_exclusive	TK93	DEL			1	0
ENSG00000278276	ENSG00000278276	GroupA_exclusive	TK92	DEL			1	0
ENSG00000278330	ENSG00000278330	GroupA_exclusive	TK10	DEL			1	0
ENSG00000278454	ENSG00000278454	GroupA_exclusive	TK10	DEL			1	0
ENSG00000278541	ENSG00000278541	GroupA_exclusive	TK18	DEL			1	0
ENSG00000278552	ENSG00000278552	GroupA_exclusive	TK18	DEL			1	0
ENSG00000278600	ENSG00000278600	GroupA_exclusive	TK91	DEL			1	0
ENSG00000278713	ENSG00000278713	GroupA_exclusive	TK91	DEL			1	0
ENSG00000278797	ENSG00000278797	GroupA_exclusive	TK92	DEL			1	0
ENSG00000278813	ENSG00000278813	GroupA_exclusive	TK92	DEL			1	0
ENSG00000278879	ENSG00000278879	GroupA_exclusive	TK91	DEL			1	0
ENSG00000278912	ENSG00000278912	GroupA_exclusive	TK92	DEL			1	0
ENSG00000278918	ENSG00000278918	GroupA_exclusive	TK16	DEL			1	0
ENSG00000278949	ENSG00000278949	GroupA_exclusive	TK16	DEL			1	0
ENSG00000279081	ENSG00000279081	GroupA_exclusive	TK91	DEL			1	0
ENSG00000279088	ENSG00000279088	GroupA_exclusive	TK93	DEL			1	0
ENSG00000279093	ENSG00000279093	GroupA_exclusive	TK93	DEL			1	0
ENSG00000279152	ENSG00000279152	GroupA_exclusive	TK91	DEL			1	0
ENSG00000279161	ENSG00000279161	GroupA_exclusive	TK92	DEL			1	0
ENSG00000279162	ENSG00000279162	GroupA_exclusive	TK10	DEL			1	0
ENSG00000279172	ENSG00000279172	GroupA_exclusive	TK92	DEL			1	0
ENSG00000279231	ENSG00000279231	GroupA_exclusive	TK91	DEL			1	0
ENSG00000279233	ENSG00000279233	GroupA_exclusive	TK93	DEL			1	0
ENSG00000279246	ENSG00000279246	GroupA_exclusive	TK91	DEL			1	0
ENSG00000279265	ENSG00000279265	GroupA_exclusive	TK10	DEL			1	0
ENSG00000279283	ENSG00000279283	GroupA_exclusive	TK10	DEL			1	0
ENSG00000279320	ENSG00000279320	GroupA_exclusive	TK92	DEL			1	0
ENSG00000279337	ENSG00000279337	GroupA_exclusive	TK91	DEL			1	0
ENSG00000279344	ENSG00000279344	GroupA_exclusive	TK10	DEL			1	0
ENSG00000279345	ENSG00000279345	GroupA_exclusive	TK91	DEL			1	0
ENSG00000279394	ENSG00000279394	GroupA_exclusive	TK92	DEL			1	0
ENSG00000279433	ENSG00000279433	GroupA_exclusive	TK10	DEL			1	0
ENSG00000279488	ENSG00000279488	GroupA_exclusive	TK18	DEL			1	0
ENSG00000279568	ENSG00000279568	GroupA_exclusive	TK10	DEL			1	0
ENSG00000279583	ENSG00000279583	GroupA_exclusive	TK10	DEL			1	0
ENSG00000279617	ENSG00000279617	GroupA_exclusive	TK92	DEL			1	0
ENSG00000279641	ENSG00000279641	GroupA_exclusive	TK91	DEL			1	0
ENSG00000279672	ENSG00000279672	GroupA_exclusive	TK91	DEL			1	0
ENSG00000279689	ENSG00000279689	GroupA_exclusive	TK93	DEL			1	0
ENSG00000279747	ENSG00000279747	GroupA_exclusive	TK92	DEL			1	0
ENSG00000279807	ENSG00000279807	GroupA_exclusive	TK92	DEL			1	0
ENSG00000279812	ENSG00000279812	GroupA_exclusive	TK91	DEL			1	0
ENSG00000279924	ENSG00000279924	GroupA_exclusive	TK91	DEL			1	0
ENSG00000279949	ENSG00000279949	GroupA_exclusive	TK91	DEL			1	0
ENSG00000280029	ENSG00000280029	GroupA_exclusive	TK92	DEL			1	0
ENSG00000280046	ENSG00000280046	GroupA_exclusive	TK10	DEL			1	0
ENSG00000280211	ENSG00000280211	GroupA_exclusive	TK92	DEL			1	0
ENSG00000280285	ENSG00000280285	GroupA_exclusive	TK91	DEL			1	0
ENSG00000280336	ENSG00000280336	GroupA_exclusive	TK92	DEL			1	0
ENSG00000280347	ENSG00000280347	GroupA_exclusive	TK10	DEL			1	0
ENSG00000280394	ENSG00000280394	GroupA_exclusive	TK91	DEL			1	0
ENSG00000280402	ENSG00000280402	GroupA_exclusive	TK10	DEL			1	0
ENSG00000280408	ENSG00000280408	GroupA_exclusive	TK10	DEL			1	0
ENSG00000280893	ENSG00000280893	GroupA_exclusive	TK91	DEL			1	0
ENSG00000281016	ENSG00000281016	GroupA_exclusive	TK92	DEL			1	0
ENSG00000281167	ENSG00000281167	GroupA_exclusive	TK91	DEL			1	0
ENSG00000281295	ENSG00000281295	GroupA_exclusive	TK10	DEL			1	0
ENSG00000281348	ENSG00000281348	GroupA_exclusive	TK91	DEL			1	0
ENSG00000281571	ENSG00000281571	GroupA_exclusive	TK92	DEL			1	0
ENSG00000281856	ENSG00000281856	GroupA_exclusive	TK91	DEL			1	0
ENSG00000282034	ENSG00000282034	GroupA_exclusive	TK92	DEL			1	0
ENSG00000282843	ENSG00000282843	GroupA_exclusive	TK16	DEL			1	0
ENSG00000282917	ENSG00000282917	GroupA_exclusive	TK91	DEL			1	0
ENSG00000283269	ENSG00000283269	GroupA_exclusive	TK93	DEL			1	0
ENSG00000283273	ENSG00000283273	GroupA_exclusive	TK92	DEL			1	0
ENSG00000283535	ENSG00000283535	GroupA_exclusive	TK92	DEL			1	0
ENSG00000283662	ENSG00000283662	GroupA_exclusive	TK91	DEL			1	0
ENSG00000284461	ENSG00000284461	GroupA_exclusive	TK92	DEL			1	0
ENSG00000284471	ENSG00000284471	GroupA_exclusive	TK91	DEL			1	0
ENSG00000284490	ENSG00000284490	GroupA_exclusive	TK91	DEL			1	0
ENSG00000284671	ENSG00000284671	GroupA_exclusive	TK91	DEL			1	0
ENSG00000284679	ENSG00000284679	GroupA_exclusive	TK91	DEL			1	0
ENSG00000284820	ENSG00000284820	GroupA_exclusive	TK91	DEL			1	0
ENSG00000284840	ENSG00000284840	GroupA_exclusive	TK10	DEL			1	0
ENSG00000284948	ENSG00000284948	GroupA_exclusive	TK92	DEL			1	0
ENSG00000284956	ENSG00000284956	GroupA_exclusive	TK92	DEL			1	0
ENSG00000284989	ENSG00000284989	GroupA_exclusive	TK16	DEL			1	0
ENSG00000285030	ENSG00000285030	GroupA_exclusive	TK91	DEL			1	0
ENSG00000285057	ENSG00000285057	GroupA_exclusive	TK92	DEL			1	0
ENSG00000285407	ENSG00000285407	GroupA_exclusive	TK92	DEL			1	0
ENSG00000285454	ENSG00000285454	GroupA_exclusive	TK92	DEL			1	0
ENSG00000285569	ENSG00000285569	GroupA_exclusive	TK91	DEL			1	0
ENSG00000285570	ENSG00000285570	GroupA_exclusive	TK18	DEL			1	0
ENSG00000285579	ENSG00000285579	GroupA_exclusive	TK91	DEL			1	0
ENSG00000285600	ENSG00000285600	GroupA_exclusive	TK93	DEL			1	0
ENSG00000285624	ENSG00000285624	GroupA_exclusive	TK92	DEL			1	0
ENSG00000285628	ENSG00000285628	GroupA_exclusive	TK91	DEL			1	0
ENSG00000285635	ENSG00000285635	GroupA_exclusive	TK16	DEL			1	0
ENSG00000285647	ENSG00000285647	GroupA_exclusive	TK92	DEL			1	0
ENSG00000285697	ENSG00000285697	GroupA_exclusive	TK91	DEL			1	0
ENSG00000285749	ENSG00000285749	GroupA_exclusive	TK91	DEL			1	0
ENSG00000285781	ENSG00000285781	GroupA_exclusive	TK91	DEL			1	0
ENSG00000285797	ENSG00000285797	GroupA_exclusive	TK16	DEL			1	0
ENSG00000285822	ENSG00000285822	GroupA_exclusive	TK91	DEL			1	0
ENSG00000285849	ENSG00000285849	GroupA_exclusive	TK93	DEL			1	0
ENSG00000285863	ENSG00000285863	GroupA_exclusive	TK10	DEL			1	0
ENSG00000285879	ENSG00000285879	GroupA_exclusive	TK10	DEL			1	0
ENSG00000285935	ENSG00000285935	GroupA_exclusive	TK91	DEL			1	0
ENSG00000285948	ENSG00000285948	GroupA_exclusive	TK16	DEL			1	0
ENSG00000286030	ENSG00000286030	GroupA_exclusive	TK91	DEL			1	0
ENSG00000286060	ENSG00000286060	GroupA_exclusive	TK91	DEL			1	0
ENSG00000286086	ENSG00000286086	GroupA_exclusive	TK91	DEL			1	0
ENSG00000286092	ENSG00000286092	GroupA_exclusive	TK91	DEL			1	0
ENSG00000286104	ENSG00000286104	GroupA_exclusive	TK91	DEL			1	0
ENSG00000286153	ENSG00000286153	GroupA_exclusive	TK91	DEL			1	0
ENSG00000286223	ENSG00000286223	GroupA_exclusive	TK16	DEL			1	0
ENSG00000286327	ENSG00000286327	GroupA_exclusive	TK91	DEL			1	0
ENSG00000286334	ENSG00000286334	GroupA_exclusive	TK93	DEL			1	0
ENSG00000286342	ENSG00000286342	GroupA_exclusive	TK93	DEL			1	0
ENSG00000286349	ENSG00000286349	GroupA_exclusive	TK92	DEL			1	0
ENSG00000286358	ENSG00000286358	GroupA_exclusive	TK91	DEL			1	0
ENSG00000286365	ENSG00000286365	GroupA_exclusive	TK10	DEL			1	0
ENSG00000286406	ENSG00000286406	GroupA_exclusive	TK92	DEL			1	0
ENSG00000286438	ENSG00000286438	GroupA_exclusive	TK91	DEL			1	0
ENSG00000286459	ENSG00000286459	GroupA_exclusive	TK91	DEL			1	0
ENSG00000286464	ENSG00000286464	GroupA_exclusive	TK91	DEL			1	0
ENSG00000286481	ENSG00000286481	GroupA_exclusive	TK91	DEL			1	0
ENSG00000286483	ENSG00000286483	GroupA_exclusive	TK92	DEL			1	0
ENSG00000286490	ENSG00000286490	GroupA_exclusive	TK92	DEL			1	0
ENSG00000286681	ENSG00000286681	GroupA_exclusive	TK91	DEL			1	0
ENSG00000286688	ENSG00000286688	GroupA_exclusive	TK16	DEL			1	0
ENSG00000286756	ENSG00000286756	GroupA_exclusive	TK93	DEL			1	0
ENSG00000286803	ENSG00000286803	GroupA_exclusive	TK10	DEL			1	0
ENSG00000286877	ENSG00000286877	GroupA_exclusive	TK91	DEL			1	0
ENSG00000286898	ENSG00000286898	GroupA_exclusive	TK16	DEL			1	0
ENSG00000286964	ENSG00000286964	GroupA_exclusive	TK91	DEL			1	0
ENSG00000287050	ENSG00000287050	GroupA_exclusive	TK92	DEL			1	0
ENSG00000287231	ENSG00000287231	GroupA_exclusive	TK91	DEL			1	0
ENSG00000287252	ENSG00000287252	GroupA_exclusive	TK92	DEL			1	0
ENSG00000287262	ENSG00000287262	GroupA_exclusive	TK92	DEL			1	0
ENSG00000287285	ENSG00000287285	GroupA_exclusive	TK92	DEL			1	0
ENSG00000287299	ENSG00000287299	GroupA_exclusive	TK16	DEL			1	0
ENSG00000287358	ENSG00000287358	GroupA_exclusive	TK91	DEL			1	0
ENSG00000287399	ENSG00000287399	GroupA_exclusive	TK91	DEL			1	0
ENSG00000287402	ENSG00000287402	GroupA_exclusive	TK92	DEL			1	0
ENSG00000287585	ENSG00000287585	GroupA_exclusive	TK91	DEL			1	0
ENSG00000287674	ENSG00000287674	GroupA_exclusive	TK92	DEL			1	0
ENSG00000287713	ENSG00000287713	GroupA_exclusive	TK91	DEL			1	0
ENSG00000287757	ENSG00000287757	GroupA_exclusive	TK91	DEL			1	0
ENSG00000287853	ENSG00000287853	GroupA_exclusive	TK92	DEL			1	0
ENSG00000287869	ENSG00000287869	GroupA_exclusive	TK93	DEL			1	0
ENSG00000287887	ENSG00000287887	GroupA_exclusive	TK18	DEL			1	0
ENSG00000288024	ENSG00000288024	GroupA_exclusive	TK92	DEL			1	0
ENSG00000288033	ENSG00000288033	GroupA_exclusive	TK91	DEL			1	0
ENSG00000288111	ENSG00000288111	GroupA_exclusive	TK18	DEL			1	0
ENSG00000288262	ENSG00000288262	GroupA_exclusive	TK91	DEL			1	0
ENSG00000288644	ENSG00000288644	GroupA_exclusive	TK92	DEL			1	0
ENSG00000288671	ENSG00000288671	GroupA_exclusive	TK91	DEL			1	0
ENSG00000288700	ENSG00000288700	GroupA_exclusive	TK18	DEL			1	0
ENSG00000288745	ENSG00000288745	GroupA_exclusive	TK93	DEL			1	0
ENSG00000288785	ENSG00000288785	GroupA_exclusive	TK92	DEL			1	0
ENSG00000288788	ENSG00000288788	GroupA_exclusive	TK91	DEL			1	0
ENSG00000288841	ENSG00000288841	GroupA_exclusive	TK10	DEL			1	0
ENSG00000288871	ENSG00000288871	GroupA_exclusive	TK92	DEL			1	0
ENSG00000288880	ENSG00000288880	GroupA_exclusive	TK92	DEL			1	0
ENSG00000288907	ENSG00000288907	GroupA_exclusive	TK93	DEL			1	0
ENSG00000288942	ENSG00000288942	GroupA_exclusive	TK91	DEL			1	0
ENSG00000288944	ENSG00000288944	GroupA_exclusive	TK91	DEL			1	0
ENSG00000289008	ENSG00000289008	GroupA_exclusive	TK91	DEL			1	0
ENSG00000289009	ENSG00000289009	GroupA_exclusive	TK92	DEL			1	0
ENSG00000289025	ENSG00000289025	GroupA_exclusive	TK92	DEL			1	0
ENSG00000289042	ENSG00000289042	GroupA_exclusive	TK91	DEL			1	0
ENSG00000289047	ENSG00000289047	GroupA_exclusive	TK93	DEL			1	0
ENSG00000289092	ENSG00000289092	GroupA_exclusive	TK92	DEL			1	0
ENSG00000289100	ENSG00000289100	GroupA_exclusive	TK91	DEL			1	0
ENSG00000289115	ENSG00000289115	GroupA_exclusive	TK91	DEL			1	0
ENSG00000289177	ENSG00000289177	GroupA_exclusive	TK92	DEL			1	0
ENSG00000289186	ENSG00000289186	GroupA_exclusive	TK92	DEL			1	0
ENSG00000289214	ENSG00000289214	GroupA_exclusive	TK92	DEL			1	0
ENSG00000289227	ENSG00000289227	GroupA_exclusive	TK16	DEL			1	0
ENSG00000289238	ENSG00000289238	GroupA_exclusive	TK92	DEL			1	0
ENSG00000289273	ENSG00000289273	GroupA_exclusive	TK92	DEL			1	0
ENSG00000289428	ENSG00000289428	GroupA_exclusive	TK91	DEL			1	0
ENSG00000289446	ENSG00000289446	GroupA_exclusive	TK92	DEL			1	0
ENSG00000289480	ENSG00000289480	GroupA_exclusive	TK92	DEL			1	0
ENSG00000289487	ENSG00000289487	GroupA_exclusive	TK92	DEL			1	0
ENSG00000289543	ENSG00000289543	GroupA_exclusive	TK91	DEL			1	0
ENSG00000289595	ENSG00000289595	GroupA_exclusive	TK92	DEL			1	0
ENSG00000289632	ENSG00000289632	GroupA_exclusive	TK91	DEL			1	0
ENSG00000289635	ENSG00000289635	GroupA_exclusive	TK91	DEL			1	0
ENSG00000289636	ENSG00000289636	GroupA_exclusive	TK92	DEL			1	0
ENSG00000289725	ENSG00000289725	GroupA_exclusive	TK92	DEL			1	0
ENSG00000289791	ENSG00000289791	GroupA_exclusive	TK10	DEL			1	0
ENSG00000289830	ENSG00000289830	GroupA_exclusive	TK16	DEL			1	0
ENSG00000289841	ENSG00000289841	GroupA_exclusive	TK91	DEL			1	0
ENSG00000289845	ENSG00000289845	GroupA_exclusive	TK91	DEL			1	0
ENSG00000289875	ENSG00000289875	GroupA_exclusive	TK92	DEL			1	0
ENSG00000289887	ENSG00000289887	GroupA_exclusive	TK10	DEL			1	0
ENSG00000289939	ENSG00000289939	GroupA_exclusive	TK92	DEL			1	0
ENSG00000289977	ENSG00000289977	GroupA_exclusive	TK91	DEL			1	0
ENSG00000289997	ENSG00000289997	GroupA_exclusive	TK91	DEL			1	0
ENSG00000290014	ENSG00000290014	GroupA_exclusive	TK92	DEL			1	0
ENSG00000290055	ENSG00000290055	GroupA_exclusive	TK92	DEL			1	0
ENSG00000290058	ENSG00000290058	GroupA_exclusive	TK16	DEL			1	0
ENSG00000290061	ENSG00000290061	GroupA_exclusive	TK93	DEL			1	0
ENSG00000290094	ENSG00000290094	GroupA_exclusive	TK10	DEL			1	0
ENSG00000290115	ENSG00000290115	GroupA_exclusive	TK93	DEL			1	0
ENSG00000290146	ENSG00000290146	GroupA_exclusive	TK16	DEL			1	0
ENSG00000290180	ENSG00000290180	GroupA_exclusive	TK93	DEL			1	0
ENSG00000290315	ENSG00000290315	GroupA_exclusive	TK92	DEL			1	0
ENSG00000290368	ENSG00000290368	GroupA_exclusive	TK92	DEL			1	0
ENSG00000290385	ENSG00000290385	GroupA_exclusive	TK91	DEL			1	0
ENSG00000290399	ENSG00000290399	GroupA_exclusive	TK92	DEL			1	0
ENSG00000290416	ENSG00000290416	GroupA_exclusive	TK92	DEL			1	0
ENSG00000290450	ENSG00000290450	GroupA_exclusive	TK91	DEL			1	0
ENSG00000290484	ENSG00000290484	GroupA_exclusive	TK91	DEL			1	0
ENSG00000290606	ENSG00000290606	GroupA_exclusive	TK93	DEL			1	0
ENSG00000290677	ENSG00000290677	GroupA_exclusive	TK91	DEL			1	0
ENSG00000290703	ENSG00000290703	GroupA_exclusive	TK91	DEL			1	0
ENSG00000290734	ENSG00000290734	GroupA_exclusive	TK91	DEL			1	0
ENSG00000290737	ENSG00000290737	GroupA_exclusive	TK93	DEL			1	0
ENSG00000290772	ENSG00000290772	GroupA_exclusive	TK92	DEL			1	0
ENSG00000290778	ENSG00000290778	GroupA_exclusive	TK91	DEL			1	0
ENSG00000290813	ENSG00000290813	GroupA_exclusive	TK91	DEL			1	0
ENSG00000290814	ENSG00000290814	GroupA_exclusive	TK91	DEL			1	0
ENSG00000290834	ENSG00000290834	GroupA_exclusive	TK91	DEL			1	0
ENSG00000290885	ENSG00000290885	GroupA_exclusive	TK91	DEL			1	0
ENSG00000290890	ENSG00000290890	GroupA_exclusive	TK92	DEL			1	0
ENSG00000290893	ENSG00000290893	GroupA_exclusive	TK92	DEL			1	0
ENSG00000290921	ENSG00000290921	GroupA_exclusive	TK92	DEL			1	0
ENSG00000290924	ENSG00000290924	GroupA_exclusive	TK92	DEL			1	0
ENSG00000290928	ENSG00000290928	GroupA_exclusive	TK91	DEL			1	0
ENSG00000291063	ENSG00000291063	GroupA_exclusive	TK91	DEL			1	0
ENSG00000291205	ENSG00000291205	GroupA_exclusive	TK18	DEL			1	0
ENSG00000291229	ENSG00000291229	GroupA_exclusive	TK91	DEL			1	0
ENSG00000291261	ENSG00000291261	GroupA_exclusive	TK92	DEL			1	0
ENSG00000291285	ENSG00000291285	GroupA_exclusive	TK91	DEL			1	0
ENSG00000291295	ENSG00000291295	GroupA_exclusive	TK91	DEL			1	0
ENSG00000291308	ENSG00000291308	GroupA_exclusive	TK93	DEL			1	0
ENSG00000291312	ENSG00000291312	GroupA_exclusive	TK92	DEL			1	0
ENSG00000292271	ENSG00000292271	GroupA_exclusive	TK16	DEL			1	0
ENSG00000197217	ENTPD4	GroupA_exclusive	TK18	DEL			1	0
ENSG00000165689	ENTR1	GroupA_exclusive	TK91	DEL			1	0
ENSG00000116016	EPAS1	GroupA_exclusive	TK92	DEL			1	0
ENSG00000072134	EPN2	GroupA_exclusive	TK91	DEL			1	0
ENSG00000187266	EPOR	GroupA_exclusive	TK92	DEL			1	0
ENSG00000085832	EPS15	GroupA_exclusive	TK10	DEL			1	0
ENSG00000082805	ERC1	GroupA_exclusive	TK10	DEL			1	0
ENSG00000175595	ERCC4	GroupA_exclusive	TK92	DEL			1	0
ENSG00000186871	ERCC6L	GroupA_exclusive	TK16	DEL			1	0
ENSG00000105722	ERF	GroupA_exclusive	TK18	DEL			1	0
ENSG00000104714	ERICH1	GroupA_exclusive	TK18	DEL			1	0
ENSG00000134398	ERN2	GroupA_exclusive	TK92	DEL			1	0
ENSG00000213462	ERV3-1	GroupA_exclusive	TK93	DEL			1	0
ENSG00000251292	ERVH-1	GroupA_exclusive	TK91	DEL			1	0
ENSG00000143971	ETAA1	GroupA_exclusive	TK18	DEL			1	0
ENSG00000167880	EVPL	GroupA_exclusive	TK91	DEL			1	0
ENSG00000180104	EXOC3	GroupA_exclusive	TK16	DEL			1	0
ENSG00000130713	EXOSC2	GroupA_exclusive	TK92	DEL			1	0
ENSG00000104313	EYA1	GroupA_exclusive	TK10	DEL			1	0
ENSG00000240122	FABP5P11	GroupA_exclusive	TK92	DEL			1	0
ENSG00000204352	FAM120A2P	GroupA_exclusive	TK10	DEL			1	0
ENSG00000188938	FAM120AOS	GroupA_exclusive	TK10	DEL			1	0
ENSG00000232456	FAM131C2P	GroupA_exclusive	TK10	DEL			1	0
ENSG00000268350	FAM156A	GroupA_exclusive	TK91	DEL			1	0
ENSG00000174132	FAM174A	GroupA_exclusive	TK91	DEL			1	0
ENSG00000247877	FAM174A-DT	GroupA_exclusive	TK91	DEL			1	0
ENSG00000125386	FAM193A	GroupA_exclusive	TK10	DEL			1	0
ENSG00000123575	FAM199X	GroupA_exclusive	TK93	DEL			1	0
ENSG00000165669	FAM204A	GroupA_exclusive	TK10	DEL			1	0
ENSG00000233040	FAM204BP	GroupA_exclusive	TK10	DEL			1	0
ENSG00000124103	FAM209A	GroupA_exclusive	TK92	DEL			1	0
ENSG00000145975	FAM217A	GroupA_exclusive	TK16	DEL			1	0
ENSG00000279516	FAM230C	GroupA_exclusive	TK91	DEL			1	0
ENSG00000229697	FAM242E	GroupA_exclusive	TK91	DEL			1	0
ENSG00000189090	FAM25G	GroupA_exclusive	TK92	DEL			1	0
ENSG00000278763	FAM27B	GroupA_exclusive	TK91	DEL			1	0
ENSG00000255052	FAM66D	GroupA_exclusive	TK92	DEL			1	0
ENSG00000137414	FAM8A1	GroupA_exclusive	TK10	DEL			1	0
ENSG00000205879	FAM90A2P	GroupA_exclusive	TK92	DEL			1	0
ENSG00000163705	FANCD2OS	GroupA_exclusive	TK18	DEL			1	0
ENSG00000112039	FANCE	GroupA_exclusive	TK16	DEL			1	0
ENSG00000187790	FANCM	GroupA_exclusive	TK92	DEL			1	0
ENSG00000156860	FBRS	GroupA_exclusive	TK93	DEL			1	0
ENSG00000163013	FBXO41	GroupA_exclusive	TK92	DEL			1	0
ENSG00000159069	FBXW5	GroupA_exclusive	TK91	DEL			1	0
ENSG00000132004	FBXW9	GroupA_exclusive	TK93	DEL			1	0
ENSG00000158869	FCER1G	GroupA_exclusive	TK93	DEL			1	0
ENSG00000162894	FCMR	GroupA_exclusive	TK91	DEL			1	0
ENSG00000132185	FCRLA	GroupA_exclusive	TK93	DEL			1	0
ENSG00000215035	FDPSP5	GroupA_exclusive	TK91	DEL			1	0
ENSG00000255561	FDXACB1	GroupA_exclusive	TK92	DEL			1	0
ENSG00000073712	FERMT2	GroupA_exclusive	TK91	DEL			1	0
ENSG00000127084	FGD3	GroupA_exclusive	TK16	DEL			1	0
ENSG00000225733	FGD5-AS1	GroupA_exclusive	TK93	DEL			1	0
ENSG00000230994	FGFR3P1	GroupA_exclusive	TK92	DEL			1	0
ENSG00000022267	FHL1	GroupA_exclusive	TK91	DEL			1	0
ENSG00000176971	FIBIN	GroupA_exclusive	TK92	DEL			1	0
ENSG00000179431	FJX1	GroupA_exclusive	TK92	DEL			1	0
ENSG00000176826	FKBP9P1	GroupA_exclusive	TK92	DEL			1	0
ENSG00000291029	FKBP9P1	GroupA_exclusive	TK92	DEL			1	0
ENSG00000181027	FKRP	GroupA_exclusive	TK18	DEL			1	0
ENSG00000155749	FLACC1	GroupA_exclusive	TK91	DEL			1	0
ENSG00000154803	FLCN	GroupA_exclusive	TK10	DEL			1	0
ENSG00000131781	FMO5	GroupA_exclusive	TK92	DEL			1	0
ENSG00000137942	FNBP1L	GroupA_exclusive	TK92	DEL			1	0
ENSG00000075426	FOSL2	GroupA_exclusive	TK10	DEL			1	0
ENSG00000184659	FOXD4L4	GroupA_exclusive	TK91	DEL			1	0
ENSG00000227942	FRMD8P1	GroupA_exclusive	TK91	DEL			1	0
ENSG00000075539	FRYL	GroupA_exclusive	TK91	DEL			1	0
ENSG00000162998	FRZB	GroupA_exclusive	TK18	DEL			1	0
ENSG00000232217	FTLP8	GroupA_exclusive	TK18	DEL			1	0
ENSG00000108592	FTSJ3	GroupA_exclusive	TK92	DEL			1	0
ENSG00000069509	FUNDC1	GroupA_exclusive	TK91	DEL			1	0
ENSG00000196968	FUT11	GroupA_exclusive	TK93	DEL			1	0
ENSG00000171124	FUT3	GroupA_exclusive	TK91	DEL			1	0
ENSG00000130383	FUT5	GroupA_exclusive	TK91	DEL			1	0
ENSG00000156413	FUT6	GroupA_exclusive	TK91	DEL			1	0
ENSG00000170296	GABARAP	GroupA_exclusive	TK91	DEL			1	0
ENSG00000116717	GADD45A	GroupA_exclusive	TK93	DEL			1	0
ENSG00000154252	GAL3ST2	GroupA_exclusive	TK91	DEL			1	0
ENSG00000175229	GAL3ST3	GroupA_exclusive	TK91	DEL			1	0
ENSG00000109586	GALNT7	GroupA_exclusive	TK16	DEL			1	0
ENSG00000111640	GAPDH	GroupA_exclusive	TK93	DEL			1	0
ENSG00000236993	GAPDHP21	GroupA_exclusive	TK91	DEL			1	0
ENSG00000249210	GAPDHP38	GroupA_exclusive	TK92	DEL			1	0
ENSG00000250130	GAPDHP43	GroupA_exclusive	TK16	DEL			1	0
ENSG00000196295	GARS1-DT	GroupA_exclusive	TK92	DEL			1	0
ENSG00000177225	GATD1	GroupA_exclusive	TK91	DEL			1	0
ENSG00000255284	GATD1-DT	GroupA_exclusive	TK91	DEL			1	0
ENSG00000171766	GATM	GroupA_exclusive	TK92	DEL			1	0
ENSG00000070610	GBA2	GroupA_exclusive	TK93	DEL			1	0
ENSG00000117228	GBP1	GroupA_exclusive	TK92	DEL			1	0
ENSG00000117226	GBP3	GroupA_exclusive	TK92	DEL			1	0
ENSG00000001084	GCLC	GroupA_exclusive	TK16	DEL			1	0
ENSG00000249379	GCLC-AS1	GroupA_exclusive	TK16	DEL			1	0
ENSG00000006007	GDE1	GroupA_exclusive	TK92	DEL			1	0
ENSG00000164404	GDF9	GroupA_exclusive	TK91	DEL			1	0
ENSG00000178295	GEN1	GroupA_exclusive	TK16	DEL			1	0
ENSG00000165702	GFI1B	GroupA_exclusive	TK91	DEL			1	0
ENSG00000104522	GFUS	GroupA_exclusive	TK92	DEL			1	0
ENSG00000006625	GGCT	GroupA_exclusive	TK92	DEL			1	0
ENSG00000100031	GGT1	GroupA_exclusive	TK10	DEL			1	0
ENSG00000280208	GGT4P	GroupA_exclusive	TK91	DEL			1	0
ENSG00000230712	GGTLC4P	GroupA_exclusive	TK10	DEL			1	0
ENSG00000167925	GHDC	GroupA_exclusive	TK91	DEL			1	0
ENSG00000248590	GLDCP1	GroupA_exclusive	TK91	DEL			1	0
ENSG00000023572	GLRX2	GroupA_exclusive	TK92	DEL			1	0
ENSG00000250959	GLUD1P3	GroupA_exclusive	TK93	DEL			1	0
ENSG00000291043	GLUD1P3	GroupA_exclusive	TK93	DEL			1	0
ENSG00000135821	GLUL	GroupA_exclusive	TK93	DEL			1	0
ENSG00000255151	GLYATL1B	GroupA_exclusive	TK91	DEL			1	0
ENSG00000250903	GMDS-DT	GroupA_exclusive	TK91	DEL			1	0
ENSG00000089639	GMIP	GroupA_exclusive	TK16	DEL			1	0
ENSG00000173540	GMPPB	GroupA_exclusive	TK92	DEL			1	0
ENSG00000100938	GMPR2	GroupA_exclusive	TK91	DEL			1	0
ENSG00000088256	GNA11	GroupA_exclusive	TK18	DEL			1	0
ENSG00000146535	GNA12	GroupA_exclusive	TK10	DEL			1	0
ENSG00000134183	GNAT2	GroupA_exclusive	TK91	DEL			1	0
ENSG00000128266	GNAZ	GroupA_exclusive	TK91	DEL			1	0
ENSG00000114450	GNB4	GroupA_exclusive	TK91	DEL			1	0
ENSG00000283980	GNG14	GroupA_exclusive	TK93	DEL			1	0
ENSG00000162188	GNG3	GroupA_exclusive	TK92	DEL			1	0
ENSG00000167414	GNG8	GroupA_exclusive	TK92	DEL			1	0
ENSG00000130119	GNL3L	GroupA_exclusive	TK10	DEL			1	0
ENSG00000113552	GNPDA1	GroupA_exclusive	TK10	DEL			1	0
ENSG00000163281	GNPDA2	GroupA_exclusive	TK16	DEL			1	0
ENSG00000135677	GNS	GroupA_exclusive	TK18	DEL			1	0
ENSG00000167195	GOLGA6C	GroupA_exclusive	TK91	DEL			1	0
ENSG00000140478	GOLGA6D	GroupA_exclusive	TK91	DEL			1	0
ENSG00000277561	GOLGA8IP	GroupA_exclusive	TK92	DEL			1	0
ENSG00000291004	GOLGA8IP	GroupA_exclusive	TK92	DEL			1	0
ENSG00000173230	GOLGB1	GroupA_exclusive	TK92	DEL			1	0
ENSG00000230849	GOT2P2	GroupA_exclusive	TK91	DEL			1	0
ENSG00000063660	GPC1	GroupA_exclusive	TK10	DEL			1	0
ENSG00000218416	GPC1-AS1	GroupA_exclusive	TK10	DEL			1	0
ENSG00000115159	GPD2	GroupA_exclusive	TK91	DEL			1	0
ENSG00000234121	GPM6BP3	GroupA_exclusive	TK92	DEL			1	0
ENSG00000184194	GPR173	GroupA_exclusive	TK91	DEL			1	0
ENSG00000152749	GPR180	GroupA_exclusive	TK16	DEL			1	0
ENSG00000216915	GPR89P	GroupA_exclusive	TK92	DEL			1	0
ENSG00000198932	GPRASP1	GroupA_exclusive	TK91	DEL			1	0
ENSG00000158301	GPRASP2	GroupA_exclusive	TK91	DEL			1	0
ENSG00000160360	GPSM1	GroupA_exclusive	TK10	DEL			1	0
ENSG00000196208	GREB1	GroupA_exclusive	TK91	DEL			1	0
ENSG00000105737	GRIK5	GroupA_exclusive	TK91	DEL			1	0
ENSG00000198873	GRK5	GroupA_exclusive	TK91	DEL			1	0
ENSG00000228485	GRK5-IT1	GroupA_exclusive	TK91	DEL			1	0
ENSG00000170899	GSTA4	GroupA_exclusive	TK18	DEL			1	0
ENSG00000153767	GTF2E1	GroupA_exclusive	TK16	DEL			1	0
ENSG00000272047	GTF2H5	GroupA_exclusive	TK18	DEL			1	0
ENSG00000226002	GTF2IP14	GroupA_exclusive	TK93	DEL			1	0
ENSG00000259095	GTF2IP22	GroupA_exclusive	TK91	DEL			1	0
ENSG00000266736	GTF2IP6	GroupA_exclusive	TK91	DEL			1	0
ENSG00000230583	GTF2IRD1P1	GroupA_exclusive	TK92	DEL			1	0
ENSG00000291206	GTF2IRD1P1	GroupA_exclusive	TK92	DEL			1	0
ENSG00000214772	GUCY2C-AS1	GroupA_exclusive	TK91	DEL			1	0
ENSG00000275374	GUSBP19	GroupA_exclusive	TK91	DEL			1	0
ENSG00000136732	GYPC	GroupA_exclusive	TK18	DEL			1	0
ENSG00000124575	H1-3	GroupA_exclusive	TK92	DEL			1	0
ENSG00000277075	H2AC8	GroupA_exclusive	TK92	DEL			1	0
ENSG00000218281	H2AC9P	GroupA_exclusive	TK92	DEL			1	0
ENSG00000223951	H2ACP2	GroupA_exclusive	TK91	DEL			1	0
ENSG00000277720	H3C5P	GroupA_exclusive	TK92	DEL			1	0
ENSG00000274750	H3C6	GroupA_exclusive	TK92	DEL			1	0
ENSG00000277775	H3C7	GroupA_exclusive	TK92	DEL			1	0
ENSG00000275506	H3P25	GroupA_exclusive	TK10	DEL			1	0
ENSG00000217862	H4C10P	GroupA_exclusive	TK92	DEL			1	0
ENSG00000274618	H4C6	GroupA_exclusive	TK92	DEL			1	0
ENSG00000275663	H4C7	GroupA_exclusive	TK92	DEL			1	0
ENSG00000165996	HACD1	GroupA_exclusive	TK91	DEL			1	0
ENSG00000074696	HACD3	GroupA_exclusive	TK18	DEL			1	0
ENSG00000105697	HAMP	GroupA_exclusive	TK91	DEL			1	0
ENSG00000147874	HAUS6	GroupA_exclusive	TK91	DEL			1	0
ENSG00000113070	HBEGF	GroupA_exclusive	TK92	DEL			1	0
ENSG00000111727	HCFC2	GroupA_exclusive	TK92	DEL			1	0
ENSG00000228223	HCG11	GroupA_exclusive	TK92	DEL			1	0
ENSG00000228789	HCG22	GroupA_exclusive	TK92	DEL			1	0
ENSG00000100429	HDAC10	GroupA_exclusive	TK92	DEL			1	0
ENSG00000227183	HDGFP1	GroupA_exclusive	TK91	DEL			1	0
ENSG00000126107	HECTD3	GroupA_exclusive	TK91	DEL			1	0
ENSG00000163312	HELQ	GroupA_exclusive	TK93	DEL			1	0
ENSG00000136929	HEMGN	GroupA_exclusive	TK18	DEL			1	0
ENSG00000188175	HEPACAM2	GroupA_exclusive	TK91	DEL			1	0
ENSG00000103657	HERC1	GroupA_exclusive	TK92	DEL			1	0
ENSG00000163666	HESX1	GroupA_exclusive	TK93	DEL			1	0
ENSG00000237742	HEY2-AS1	GroupA_exclusive	TK18	DEL			1	0
ENSG00000258978	HIF1AP1	GroupA_exclusive	TK10	DEL			1	0
ENSG00000219608	HIGD1AP16	GroupA_exclusive	TK10	DEL			1	0
ENSG00000230047	HIGD2AP1	GroupA_exclusive	TK91	DEL			1	0
ENSG00000235695	HIGD2AP2	GroupA_exclusive	TK91	DEL			1	0
ENSG00000172273	HINFP	GroupA_exclusive	TK18	DEL			1	0
ENSG00000127946	HIP1	GroupA_exclusive	TK91	DEL			1	0
ENSG00000149929	HIRIP3	GroupA_exclusive	TK91	DEL			1	0
ENSG00000231389	HLA-DPA1	GroupA_exclusive	TK16	DEL			1	0
ENSG00000223865	HLA-DPB1	GroupA_exclusive	TK10	DEL			1	0
ENSG00000204287	HLA-DRA	GroupA_exclusive	TK92	DEL			1	0
ENSG00000198502	HLA-DRB5	GroupA_exclusive	TK10	DEL			1	0
ENSG00000229391	HLA-DRB6	GroupA_exclusive	TK10	DEL			1	0
ENSG00000290878	HLA-DRB6	GroupA_exclusive	TK10	DEL			1	0
ENSG00000196301	HLA-DRB9	GroupA_exclusive	TK92	DEL			1	0
ENSG00000225851	HLA-S	GroupA_exclusive	TK92	DEL			1	0
ENSG00000235301	HLA-Z	GroupA_exclusive	TK93	DEL			1	0
ENSG00000071794	HLTF	GroupA_exclusive	TK92	DEL			1	0
ENSG00000239718	HLTF-AS1	GroupA_exclusive	TK92	DEL			1	0
ENSG00000101294	HM13	GroupA_exclusive	TK92	DEL			1	0
ENSG00000230613	HM13-AS1	GroupA_exclusive	TK92	DEL			1	0
ENSG00000235313	HM13-IT1	GroupA_exclusive	TK92	DEL			1	0
ENSG00000259428	HMGB3P26	GroupA_exclusive	TK91	DEL			1	0
ENSG00000117305	HMGCL	GroupA_exclusive	TK10	DEL			1	0
ENSG00000247911	HMGN1P12	GroupA_exclusive	TK91	DEL			1	0
ENSG00000113716	HMGXB3	GroupA_exclusive	TK10	DEL			1	0
ENSG00000253605	HNRNPA1P38	GroupA_exclusive	TK10	DEL			1	0
ENSG00000229221	HNRNPA1P66	GroupA_exclusive	TK91	DEL			1	0
ENSG00000179412	HNRNPCL4	GroupA_exclusive	TK92	DEL			1	0
ENSG00000272677	HNRNPD-DT	GroupA_exclusive	TK92	DEL			1	0
ENSG00000234890	HNRNPDLP2	GroupA_exclusive	TK91	DEL			1	0
ENSG00000259051	HNRNPUP1	GroupA_exclusive	TK91	DEL			1	0
ENSG00000241935	HOGA1	GroupA_exclusive	TK91	DEL			1	0
ENSG00000171476	HOPX	GroupA_exclusive	TK91	DEL			1	0
ENSG00000101180	HRH3	GroupA_exclusive	TK92	DEL			1	0
ENSG00000197915	HRNR	GroupA_exclusive	TK92	DEL			1	0
ENSG00000125430	HS3ST3B1	GroupA_exclusive	TK10	DEL			1	0
ENSG00000136720	HS6ST1	GroupA_exclusive	TK18	DEL			1	0
ENSG00000103160	HSDL1	GroupA_exclusive	TK10	DEL			1	0
ENSG00000229027	HSFY1P1	GroupA_exclusive	TK92	DEL			1	0
ENSG00000290408	HSFY1P1	GroupA_exclusive	TK92	DEL			1	0
ENSG00000173110	HSPA6	GroupA_exclusive	TK92	DEL			1	0
ENSG00000170276	HSPB2	GroupA_exclusive	TK92	DEL			1	0
ENSG00000254445	HSPB2-C11orf52	GroupA_exclusive	TK92	DEL			1	0
ENSG00000232917	HSPE1P6	GroupA_exclusive	TK92	DEL			1	0
ENSG00000275811	HTR1DP1	GroupA_exclusive	TK10	DEL			1	0
ENSG00000136273	HUS1	GroupA_exclusive	TK16	DEL			1	0
ENSG00000005700	IBTK	GroupA_exclusive	TK92	DEL			1	0
ENSG00000108622	ICAM2	GroupA_exclusive	TK92	DEL			1	0
ENSG00000125968	ID1	GroupA_exclusive	TK92	DEL			1	0
ENSG00000115738	ID2	GroupA_exclusive	TK92	DEL			1	0
ENSG00000259685	IDH2-DT	GroupA_exclusive	TK93	DEL			1	0
ENSG00000101365	IDH3B	GroupA_exclusive	TK93	DEL			1	0
ENSG00000010295	IFFO1	GroupA_exclusive	TK10	DEL			1	0
ENSG00000165949	IFI27	GroupA_exclusive	TK10	DEL			1	0
ENSG00000115267	IFIH1	GroupA_exclusive	TK16	DEL			1	0
ENSG00000142089	IFITM3	GroupA_exclusive	TK10	DEL			1	0
ENSG00000142166	IFNAR1	GroupA_exclusive	TK92	DEL			1	0
ENSG00000159128	IFNGR2	GroupA_exclusive	TK92	DEL			1	0
ENSG00000114446	IFT57	GroupA_exclusive	TK16	DEL			1	0
ENSG00000250325	IGBP1P4	GroupA_exclusive	TK92	DEL			1	0
ENSG00000073792	IGF2BP2	GroupA_exclusive	TK10	DEL			1	0
ENSG00000136231	IGF2BP3	GroupA_exclusive	TK10	DEL			1	0
ENSG00000253274	IGHV1-67	GroupA_exclusive	TK10	DEL			1	0
ENSG00000280411	IGHV1-69D	GroupA_exclusive	TK10	DEL			1	0
ENSG00000274576	IGHV2-70	GroupA_exclusive	TK10	DEL			1	0
ENSG00000254056	IGHV3-71	GroupA_exclusive	TK10	DEL			1	0
ENSG00000253820	IGHVII-67-1	GroupA_exclusive	TK10	DEL			1	0
ENSG00000254036	IGHVIII-67-2	GroupA_exclusive	TK10	DEL			1	0
ENSG00000253635	IGHVIII-67-3	GroupA_exclusive	TK10	DEL			1	0
ENSG00000254052	IGHVIII-67-4	GroupA_exclusive	TK10	DEL			1	0
ENSG00000253578	IGKV1-22	GroupA_exclusive	TK16	DEL			1	0
ENSG00000244575	IGKV1-27	GroupA_exclusive	TK16	DEL			1	0
ENSG00000253191	IGKV1D-32	GroupA_exclusive	TK10	DEL			1	0
ENSG00000239975	IGKV1D-33	GroupA_exclusive	TK10	DEL			1	0
ENSG00000232747	IGKV1D-35	GroupA_exclusive	TK10	DEL			1	0
ENSG00000204776	IGKV1OR-3	GroupA_exclusive	TK91	DEL			1	0
ENSG00000270999	IGKV1OR2-118	GroupA_exclusive	TK10	DEL			1	0
ENSG00000253625	IGKV2-23	GroupA_exclusive	TK16	DEL			1	0
ENSG00000241294	IGKV2-24	GroupA_exclusive	TK16	DEL			1	0
ENSG00000254098	IGKV2-26	GroupA_exclusive	TK16	DEL			1	0
ENSG00000244116	IGKV2-28	GroupA_exclusive	TK16	DEL			1	0
ENSG00000253998	IGKV2-29	GroupA_exclusive	TK16	DEL			1	0
ENSG00000243238	IGKV2-30	GroupA_exclusive	TK16	DEL			1	0
ENSG00000253202	IGKV3-25	GroupA_exclusive	TK16	DEL			1	0
ENSG00000253999	IGKV3D-31	GroupA_exclusive	TK10	DEL			1	0
ENSG00000253501	IGKV3D-34	GroupA_exclusive	TK10	DEL			1	0
ENSG00000211611	IGKV6-21	GroupA_exclusive	TK16	DEL			1	0
ENSG00000279124	IGSF3P1	GroupA_exclusive	TK91	DEL			1	0
ENSG00000243646	IL10RB	GroupA_exclusive	TK92	DEL			1	0
ENSG00000223799	IL10RB-DT	GroupA_exclusive	TK92	DEL			1	0
ENSG00000177663	IL17RA	GroupA_exclusive	TK18	DEL			1	0
ENSG00000144730	IL17RD	GroupA_exclusive	TK93	DEL			1	0
ENSG00000016402	IL20RA	GroupA_exclusive	TK93	DEL			1	0
ENSG00000091181	IL5RA	GroupA_exclusive	TK18	DEL			1	0
ENSG00000228013	IL6R-AS1	GroupA_exclusive	TK92	DEL			1	0
ENSG00000232420	IL9RP2	GroupA_exclusive	TK91	DEL			1	0
ENSG00000168556	ING2	GroupA_exclusive	TK91	DEL			1	0
ENSG00000274049	INO80B-WBP1	GroupA_exclusive	TK93	DEL			1	0
ENSG00000151689	INPP1	GroupA_exclusive	TK16	DEL			1	0
ENSG00000148384	INPP5E	GroupA_exclusive	TK10	DEL			1	0
ENSG00000127054	INTS11	GroupA_exclusive	TK92	DEL			1	0
ENSG00000138785	INTS12	GroupA_exclusive	TK18	DEL			1	0
ENSG00000290545	INTS4P1	GroupA_exclusive	TK93	DEL			1	0
ENSG00000185085	INTS5	GroupA_exclusive	TK92	DEL			1	0
ENSG00000068745	IP6K2	GroupA_exclusive	TK91	DEL			1	0
ENSG00000117408	IPO13	GroupA_exclusive	TK93	DEL			1	0
ENSG00000229972	IQCF3	GroupA_exclusive	TK91	DEL			1	0
ENSG00000224792	IQCF4P	GroupA_exclusive	TK91	DEL			1	0
ENSG00000214686	IQCF6	GroupA_exclusive	TK91	DEL			1	0
ENSG00000185507	IRF7	GroupA_exclusive	TK91	DEL			1	0
ENSG00000213928	IRF9	GroupA_exclusive	TK93	DEL			1	0
ENSG00000136003	ISCU	GroupA_exclusive	TK91	DEL			1	0
ENSG00000143319	ISG20L2	GroupA_exclusive	TK18	DEL			1	0
ENSG00000240682	ISY1	GroupA_exclusive	TK10	DEL			1	0
ENSG00000232788	ITGA6-AS1	GroupA_exclusive	TK16	DEL			1	0
ENSG00000160255	ITGB2	GroupA_exclusive	TK92	DEL			1	0
ENSG00000086544	ITPKC	GroupA_exclusive	TK92	DEL			1	0
ENSG00000128928	IVD	GroupA_exclusive	TK16	DEL			1	0
ENSG00000043143	JADE2	GroupA_exclusive	TK10	DEL			1	0
ENSG00000232593	KANTR	GroupA_exclusive	TK91	DEL			1	0
ENSG00000108773	KAT2A	GroupA_exclusive	TK92	DEL			1	0
ENSG00000283239	KBTBD11-OT1	GroupA_exclusive	TK93	DEL			1	0
ENSG00000162728	KCNJ9	GroupA_exclusive	TK91	DEL			1	0
ENSG00000239435	KCNMB3P1	GroupA_exclusive	TK92	DEL			1	0
ENSG00000105642	KCNN1	GroupA_exclusive	TK92	DEL			1	0
ENSG00000110906	KCTD10	GroupA_exclusive	TK10	DEL			1	0
ENSG00000247735	KCTD13-DT	GroupA_exclusive	TK91	DEL			1	0
ENSG00000155729	KCTD18	GroupA_exclusive	TK93	DEL			1	0
ENSG00000112078	KCTD20	GroupA_exclusive	TK10	DEL			1	0
ENSG00000243335	KCTD7	GroupA_exclusive	TK92	DEL			1	0
ENSG00000183783	KCTD8	GroupA_exclusive	TK93	DEL			1	0
ENSG00000100196	KDELR3	GroupA_exclusive	TK92	DEL			1	0
ENSG00000117139	KDM5B	GroupA_exclusive	TK10	DEL			1	0
ENSG00000235262	KDM5C-IT1	GroupA_exclusive	TK18	DEL			1	0
ENSG00000079999	KEAP1	GroupA_exclusive	TK91	DEL			1	0
ENSG00000100441	KHNYN	GroupA_exclusive	TK93	DEL			1	0
ENSG00000142687	KIAA0319L	GroupA_exclusive	TK16	DEL			1	0
ENSG00000250423	KIAA1210	GroupA_exclusive	TK92	DEL			1	0
ENSG00000162522	KIAA1522	GroupA_exclusive	TK93	DEL			1	0
ENSG00000118193	KIF14	GroupA_exclusive	TK91	DEL			1	0
ENSG00000121621	KIF18A	GroupA_exclusive	TK92	DEL			1	0
ENSG00000166813	KIF7	GroupA_exclusive	TK93	DEL			1	0
ENSG00000246451	KLC1-AS1	GroupA_exclusive	TK10	DEL			1	0
ENSG00000105610	KLF1	GroupA_exclusive	TK91	DEL			1	0
ENSG00000172059	KLF11	GroupA_exclusive	TK92	DEL			1	0
ENSG00000127528	KLF2	GroupA_exclusive	TK92	DEL			1	0
ENSG00000162413	KLHL21	GroupA_exclusive	TK91	DEL			1	0
ENSG00000114796	KLHL24	GroupA_exclusive	TK10	DEL			1	0
ENSG00000119771	KLHL29	GroupA_exclusive	TK10	DEL			1	0
ENSG00000242522	KLHL6-AS1	GroupA_exclusive	TK18	DEL			1	0
ENSG00000005483	KMT2E	GroupA_exclusive	TK18	DEL			1	0
ENSG00000279730	KMT5AP1	GroupA_exclusive	TK91	DEL			1	0
ENSG00000110066	KMT5B	GroupA_exclusive	TK10	DEL			1	0
ENSG00000184445	KNTC1	GroupA_exclusive	TK18	DEL			1	0
ENSG00000118162	KPTN	GroupA_exclusive	TK93	DEL			1	0
ENSG00000111615	KRR1	GroupA_exclusive	TK92	DEL			1	0
ENSG00000236430	KRT8P29	GroupA_exclusive	TK92	DEL			1	0
ENSG00000248971	KRT8P46	GroupA_exclusive	TK91	DEL			1	0
ENSG00000263206	KYNUP3	GroupA_exclusive	TK91	DEL			1	0
ENSG00000246366	LACTB2-AS1	GroupA_exclusive	TK91	DEL			1	0
ENSG00000130702	LAMA5	GroupA_exclusive	TK92	DEL			1	0
ENSG00000228812	LAMA5-AS1	GroupA_exclusive	TK92	DEL			1	0
ENSG00000224468	LAMC1-AS1	GroupA_exclusive	TK10	DEL			1	0
ENSG00000078081	LAMP3	GroupA_exclusive	TK91	DEL			1	0
ENSG00000109270	LAMTOR3	GroupA_exclusive	TK10	DEL			1	0
ENSG00000236646	LAMTOR5P1	GroupA_exclusive	TK92	DEL			1	0
ENSG00000223734	LAPTM4A-DT	GroupA_exclusive	TK93	DEL			1	0
ENSG00000162511	LAPTM5	GroupA_exclusive	TK10	DEL			1	0
ENSG00000224973	LARGE-AS1	GroupA_exclusive	TK10	DEL			1	0
ENSG00000232081	LARGE-IT1	GroupA_exclusive	TK10	DEL			1	0
ENSG00000002834	LASP1	GroupA_exclusive	TK10	DEL			1	0
ENSG00000213658	LAT	GroupA_exclusive	TK91	DEL			1	0
ENSG00000162194	LBHD1	GroupA_exclusive	TK92	DEL			1	0
ENSG00000135338	LCA5	GroupA_exclusive	TK92	DEL			1	0
ENSG00000172954	LCLAT1	GroupA_exclusive	TK92	DEL			1	0
ENSG00000164406	LEAP2	GroupA_exclusive	TK91	DEL			1	0
ENSG00000138795	LEF1	GroupA_exclusive	TK18	DEL			1	0
ENSG00000232021	LEF1-AS1	GroupA_exclusive	TK18	DEL			1	0
ENSG00000161904	LEMD2	GroupA_exclusive	TK18	DEL			1	0
ENSG00000104660	LEPROTL1	GroupA_exclusive	TK91	DEL			1	0
ENSG00000213921	LEUTX	GroupA_exclusive	TK92	DEL			1	0
ENSG00000187116	LILRA5	GroupA_exclusive	TK10	DEL			1	0
ENSG00000186152	LILRP1	GroupA_exclusive	TK91	DEL			1	0
ENSG00000170858	LILRP2	GroupA_exclusive	TK91	DEL			1	0
ENSG00000144791	LIMD1	GroupA_exclusive	TK16	DEL			1	0
ENSG00000230530	LIMD1-AS1	GroupA_exclusive	TK16	DEL			1	0
ENSG00000203896	LIME1	GroupA_exclusive	TK91	DEL			1	0
ENSG00000169756	LIMS1	GroupA_exclusive	TK16	DEL			1	0
ENSG00000267796	LIN37	GroupA_exclusive	TK18	DEL			1	0
ENSG00000233354	LINC00028	GroupA_exclusive	TK92	DEL			1	0
ENSG00000178977	LINC00324	GroupA_exclusive	TK91	DEL			1	0
ENSG00000232931	LINC00342	GroupA_exclusive	TK91	DEL			1	0
ENSG00000226240	LINC00381	GroupA_exclusive	TK91	DEL			1	0
ENSG00000230876	LINC00486	GroupA_exclusive	TK91	DEL			1	0
ENSG00000233559	LINC00513	GroupA_exclusive	TK91	DEL			1	0
ENSG00000224177	LINC00570	GroupA_exclusive	TK91	DEL			1	0
ENSG00000231782	LINC00575	GroupA_exclusive	TK92	DEL			1	0
ENSG00000232677	LINC00665	GroupA_exclusive	TK93	DEL			1	0
ENSG00000232139	LINC00867	GroupA_exclusive	TK10	DEL			1	0
ENSG00000188825	LINC00910	GroupA_exclusive	TK91	DEL			1	0
ENSG00000251381	LINC00958	GroupA_exclusive	TK18	DEL			1	0
ENSG00000228393	LINC01004	GroupA_exclusive	TK18	DEL			1	0
ENSG00000281706	LINC01012	GroupA_exclusive	TK92	DEL			1	0
ENSG00000272419	LINC01145	GroupA_exclusive	TK92	DEL			1	0
ENSG00000248555	LINC01339	GroupA_exclusive	TK91	DEL			1	0
ENSG00000236519	LINC01424	GroupA_exclusive	TK92	DEL			1	0
ENSG00000254211	LINC01485	GroupA_exclusive	TK16	DEL			1	0
ENSG00000247213	LINC01498	GroupA_exclusive	TK91	DEL			1	0
ENSG00000233901	LINC01503	GroupA_exclusive	TK10	DEL			1	0
ENSG00000262468	LINC01569	GroupA_exclusive	TK91	DEL			1	0
ENSG00000205611	LINC01597	GroupA_exclusive	TK92	DEL			1	0
ENSG00000225595	LINC01623	GroupA_exclusive	TK91	DEL			1	0
ENSG00000235343	LINC01665	GroupA_exclusive	TK92	DEL			1	0
ENSG00000227421	LINC01724	GroupA_exclusive	TK91	DEL			1	0
ENSG00000230415	LINC01786	GroupA_exclusive	TK92	DEL			1	0
ENSG00000253417	LINC02159	GroupA_exclusive	TK92	DEL			1	0
ENSG00000260259	LINC02166	GroupA_exclusive	TK91	DEL			1	0
ENSG00000249203	LINC02224	GroupA_exclusive	TK91	DEL			1	0
ENSG00000250708	LINC02269	GroupA_exclusive	TK92	DEL			1	0
ENSG00000258123	LINC02444	GroupA_exclusive	TK91	DEL			1	0
ENSG00000249425	LINC02477	GroupA_exclusive	TK91	DEL			1	0
ENSG00000225768	LINC02620	GroupA_exclusive	TK93	DEL			1	0
ENSG00000279243	LINC02736	GroupA_exclusive	TK93	DEL			1	0
ENSG00000204362	LINC02783	GroupA_exclusive	TK16	DEL			1	0
ENSG00000227082	LINC02798	GroupA_exclusive	TK91	DEL			1	0
ENSG00000259772	LINC03034	GroupA_exclusive	TK91	DEL			1	0
ENSG00000230952	LINC03037	GroupA_exclusive	TK91	DEL			1	0
ENSG00000163898	LIPH	GroupA_exclusive	TK91	DEL			1	0
ENSG00000171695	LKAAEAR1	GroupA_exclusive	TK10	DEL			1	0
ENSG00000103227	LMF1	GroupA_exclusive	TK10	DEL			1	0
ENSG00000185621	LMLN	GroupA_exclusive	TK16	DEL			1	0
ENSG00000185522	LMNTD2	GroupA_exclusive	TK91	DEL			1	0
ENSG00000254815	LMNTD2-AS1	GroupA_exclusive	TK91	DEL			1	0
ENSG00000113441	LNPEP	GroupA_exclusive	TK16	DEL			1	0
ENSG00000144320	LNPK	GroupA_exclusive	TK10	DEL			1	0
ENSG00000175556	LONRF3	GroupA_exclusive	TK92	DEL			1	0
ENSG00000153395	LPCAT1	GroupA_exclusive	TK10	DEL			1	0
ENSG00000134324	LPIN1	GroupA_exclusive	TK91	DEL			1	0
ENSG00000126243	LRFN3	GroupA_exclusive	TK92	DEL			1	0
ENSG00000139263	LRIG3	GroupA_exclusive	TK92	DEL			1	0
ENSG00000070018	LRP6	GroupA_exclusive	TK92	DEL			1	0
ENSG00000230069	LRRC37A15P	GroupA_exclusive	TK91	DEL			1	0
ENSG00000250462	LRRC37BP1	GroupA_exclusive	TK91	DEL			1	0
ENSG00000131409	LRRC4B	GroupA_exclusive	TK10	DEL			1	0
ENSG00000161328	LRRC56	GroupA_exclusive	TK91	DEL			1	0
ENSG00000178026	LRRC75B	GroupA_exclusive	TK10	DEL			1	0
ENSG00000177363	LRRN4CL	GroupA_exclusive	TK92	DEL			1	0
ENSG00000106355	LSM5	GroupA_exclusive	TK91	DEL			1	0
ENSG00000130592	LSP1	GroupA_exclusive	TK16	DEL			1	0
ENSG00000168056	LTBP3	GroupA_exclusive	TK93	DEL			1	0
ENSG00000111321	LTBR	GroupA_exclusive	TK10	DEL			1	0
ENSG00000160932	LY6E	GroupA_exclusive	TK93	DEL			1	0
ENSG00000247317	LY6E-DT	GroupA_exclusive	TK93	DEL			1	0
ENSG00000140280	LYSMD2	GroupA_exclusive	TK92	DEL			1	0
ENSG00000176018	LYSMD3	GroupA_exclusive	TK91	DEL			1	0
ENSG00000120563	LYZL1	GroupA_exclusive	TK92	DEL			1	0
ENSG00000003056	M6PR	GroupA_exclusive	TK91	DEL			1	0
ENSG00000179632	MAF1	GroupA_exclusive	TK93	DEL			1	0
ENSG00000105695	MAG	GroupA_exclusive	TK91	DEL			1	0
ENSG00000151276	MAGI1	GroupA_exclusive	TK10	DEL			1	0
ENSG00000172005	MAL	GroupA_exclusive	TK10	DEL			1	0
ENSG00000251562	MALAT1	GroupA_exclusive	TK93	DEL			1	0
ENSG00000140400	MAN2C1	GroupA_exclusive	TK91	DEL			1	0
ENSG00000109323	MANBA	GroupA_exclusive	TK91	DEL			1	0
ENSG00000166963	MAP1A	GroupA_exclusive	TK91	DEL			1	0
ENSG00000131711	MAP1B	GroupA_exclusive	TK10	DEL			1	0
ENSG00000139625	MAP3K12	GroupA_exclusive	TK16	DEL			1	0
ENSG00000085511	MAP3K4	GroupA_exclusive	TK18	DEL			1	0
ENSG00000197442	MAP3K5	GroupA_exclusive	TK18	DEL			1	0
ENSG00000286646	MAP3K5-AS2	GroupA_exclusive	TK93	DEL			1	0
ENSG00000185386	MAPK11	GroupA_exclusive	TK92	DEL			1	0
ENSG00000156711	MAPK13	GroupA_exclusive	TK18	DEL			1	0
ENSG00000069956	MAPK6	GroupA_exclusive	TK92	DEL			1	0
ENSG00000259438	MAPK6-DT	GroupA_exclusive	TK92	DEL			1	0
ENSG00000084764	MAPRE3	GroupA_exclusive	TK10	DEL			1	0
ENSG00000205500	MAPRE3-AS1	GroupA_exclusive	TK10	DEL			1	0
ENSG00000075413	MARK3	GroupA_exclusive	TK91	DEL			1	0
ENSG00000105613	MAST1	GroupA_exclusive	TK91	DEL			1	0
ENSG00000103495	MAZ	GroupA_exclusive	TK91	DEL			1	0
ENSG00000152601	MBNL1	GroupA_exclusive	TK10	DEL			1	0
ENSG00000012174	MBTPS2	GroupA_exclusive	TK10	DEL			1	0
ENSG00000204511	MCCD1	GroupA_exclusive	TK92	DEL			1	0
ENSG00000101898	MCTS2	GroupA_exclusive	TK92	DEL			1	0
ENSG00000137337	MDC1	GroupA_exclusive	TK91	DEL			1	0
ENSG00000229111	MED4-AS1	GroupA_exclusive	TK16	DEL			1	0
ENSG00000141026	MED9	GroupA_exclusive	TK10	DEL			1	0
ENSG00000245864	MEF2C-AS2	GroupA_exclusive	TK91	DEL			1	0
ENSG00000269964	MEI4	GroupA_exclusive	TK92	DEL			1	0
ENSG00000197889	MEIG1	GroupA_exclusive	TK92	DEL			1	0
ENSG00000105419	MEIS3	GroupA_exclusive	TK10	DEL			1	0
ENSG00000146834	MEPCE	GroupA_exclusive	TK91	DEL			1	0
ENSG00000105976	MET	GroupA_exclusive	TK93	DEL			1	0
ENSG00000087995	METTL2A	GroupA_exclusive	TK91	DEL			1	0
ENSG00000117122	MFAP2	GroupA_exclusive	TK16	DEL			1	0
ENSG00000037749	MFAP3	GroupA_exclusive	TK92	DEL			1	0
ENSG00000143198	MGST3	GroupA_exclusive	TK18	DEL			1	0
ENSG00000261857	MIA	GroupA_exclusive	TK92	DEL			1	0
ENSG00000268975	MIA-RAB4B	GroupA_exclusive	TK92	DEL			1	0
ENSG00000100139	MICALL1	GroupA_exclusive	TK10	DEL			1	0
ENSG00000167470	MIDN	GroupA_exclusive	TK18	DEL			1	0
ENSG00000107789	MINPP1	GroupA_exclusive	TK92	DEL			1	0
ENSG00000221190	MIR1184-2	GroupA_exclusive	TK91	DEL			1	0
ENSG00000207814	MIR147A	GroupA_exclusive	TK18	DEL			1	0
ENSG00000207611	MIR149	GroupA_exclusive	TK10	DEL			1	0
ENSG00000207721	MIR186	GroupA_exclusive	TK18	DEL			1	0
ENSG00000284190	MIR21	GroupA_exclusive	TK91	DEL			1	0
ENSG00000199038	MIR210	GroupA_exclusive	TK91	DEL			1	0
ENSG00000247095	MIR210HG	GroupA_exclusive	TK91	DEL			1	0
ENSG00000207702	MIR211	GroupA_exclusive	TK91	DEL			1	0
ENSG00000199121	MIR26B	GroupA_exclusive	TK92	DEL			1	0
ENSG00000284032	MIR29A	GroupA_exclusive	TK91	DEL			1	0
ENSG00000283797	MIR29B1	GroupA_exclusive	TK91	DEL			1	0
ENSG00000263908	MIR3116-1	GroupA_exclusive	TK92	DEL			1	0
ENSG00000283690	MIR3116-2	GroupA_exclusive	TK92	DEL			1	0
ENSG00000264607	MIR3173	GroupA_exclusive	TK10	DEL			1	0
ENSG00000284305	MIR3179-1	GroupA_exclusive	TK92	DEL			1	0
ENSG00000266454	MIR3179-3	GroupA_exclusive	TK92	DEL			1	0
ENSG00000265537	MIR3180-1	GroupA_exclusive	TK92	DEL			1	0
ENSG00000264115	MIR3180-4	GroupA_exclusive	TK91	DEL			1	0
ENSG00000265137	MIR3192	GroupA_exclusive	TK16	DEL			1	0
ENSG00000264395	MIR3193	GroupA_exclusive	TK92	DEL			1	0
ENSG00000199053	MIR324	GroupA_exclusive	TK91	DEL			1	0
ENSG00000207839	MIR33B	GroupA_exclusive	TK93	DEL			1	0
ENSG00000281156	MIR3651	GroupA_exclusive	TK18	DEL			1	0
ENSG00000263918	MIR3670-1	GroupA_exclusive	TK92	DEL			1	0
ENSG00000266758	MIR3680-2	GroupA_exclusive	TK10	DEL			1	0
ENSG00000212027	MIR374B	GroupA_exclusive	TK91	DEL			1	0
ENSG00000283534	MIR374C	GroupA_exclusive	TK91	DEL			1	0
ENSG00000284288	MIR378D2	GroupA_exclusive	TK91	DEL			1	0
ENSG00000264448	MIR378D2HG	GroupA_exclusive	TK91	DEL			1	0
ENSG00000263597	MIR3936	GroupA_exclusive	TK91	DEL			1	0
ENSG00000233006	MIR3936HG	GroupA_exclusive	TK91	DEL			1	0
ENSG00000202566	MIR421	GroupA_exclusive	TK91	DEL			1	0
ENSG00000283298	MIR4272	GroupA_exclusive	TK92	DEL			1	0
ENSG00000264493	MIR4298	GroupA_exclusive	TK16	DEL			1	0
ENSG00000266226	MIR4323	GroupA_exclusive	TK91	DEL			1	0
ENSG00000264010	MIR4429	GroupA_exclusive	TK91	DEL			1	0
ENSG00000283591	MIR4430	GroupA_exclusive	TK91	DEL			1	0
ENSG00000283468	MIR4454	GroupA_exclusive	TK91	DEL			1	0
ENSG00000284388	MIR4496	GroupA_exclusive	TK91	DEL			1	0
ENSG00000276941	MIR4509-1	GroupA_exclusive	TK18	DEL			1	0
ENSG00000266589	MIR4512	GroupA_exclusive	TK16	DEL			1	0
ENSG00000283160	MIR4521	GroupA_exclusive	TK91	DEL			1	0
ENSG00000263407	MIR4660	GroupA_exclusive	TK91	DEL			1	0
ENSG00000283845	MIR4721	GroupA_exclusive	TK91	DEL			1	0
ENSG00000264703	MIR4752	GroupA_exclusive	TK10	DEL			1	0
ENSG00000284074	MIR4758	GroupA_exclusive	TK92	DEL			1	0
ENSG00000263641	MIR4777	GroupA_exclusive	TK91	DEL			1	0
ENSG00000283734	MIR4785	GroupA_exclusive	TK10	DEL			1	0
ENSG00000274306	MIR5088	GroupA_exclusive	TK18	DEL			1	0
ENSG00000284035	MIR5187	GroupA_exclusive	TK93	DEL			1	0
ENSG00000263816	MIR548AW	GroupA_exclusive	TK91	DEL			1	0
ENSG00000207653	MIR558	GroupA_exclusive	TK92	DEL			1	0
ENSG00000207626	MIR562	GroupA_exclusive	TK92	DEL			1	0
ENSG00000264056	MIR5685	GroupA_exclusive	TK16	DEL			1	0
ENSG00000266721	MIR5695	GroupA_exclusive	TK91	DEL			1	0
ENSG00000207650	MIR570	GroupA_exclusive	TK92	DEL			1	0
ENSG00000207642	MIR571	GroupA_exclusive	TK92	DEL			1	0
ENSG00000207746	MIR575	GroupA_exclusive	TK92	DEL			1	0
ENSG00000207874	MIR610	GroupA_exclusive	TK92	DEL			1	0
ENSG00000284343	MIR631	GroupA_exclusive	TK91	DEL			1	0
ENSG00000283928	MIR637	GroupA_exclusive	TK16	DEL			1	0
ENSG00000277759	MIR6719	GroupA_exclusive	TK92	DEL			1	0
ENSG00000278073	MIR6726	GroupA_exclusive	TK92	DEL			1	0
ENSG00000283712	MIR6727	GroupA_exclusive	TK92	DEL			1	0
ENSG00000284311	MIR6742	GroupA_exclusive	TK10	DEL			1	0
ENSG00000284152	MIR6758	GroupA_exclusive	TK93	DEL			1	0
ENSG00000284574	MIR6787	GroupA_exclusive	TK92	DEL			1	0
ENSG00000276181	MIR6794	GroupA_exclusive	TK91	DEL			1	0
ENSG00000275652	MIR6796	GroupA_exclusive	TK93	DEL			1	0
ENSG00000274380	MIR6801	GroupA_exclusive	TK93	DEL			1	0
ENSG00000277588	MIR6806	GroupA_exclusive	TK91	DEL			1	0
ENSG00000284372	MIR6808	GroupA_exclusive	TK92	DEL			1	0
ENSG00000284064	MIR6834	GroupA_exclusive	TK91	DEL			1	0
ENSG00000283764	MIR6850	GroupA_exclusive	TK91	DEL			1	0
ENSG00000284517	MIR6873	GroupA_exclusive	TK91	DEL			1	0
ENSG00000273932	MIR6877	GroupA_exclusive	TK92	DEL			1	0
ENSG00000284594	MIR7847	GroupA_exclusive	TK16	DEL			1	0
ENSG00000277388	MIR8053	GroupA_exclusive	TK91	DEL			1	0
ENSG00000284447	MIR9-2	GroupA_exclusive	TK91	DEL			1	0
ENSG00000283206	MIR941-1	GroupA_exclusive	TK18	DEL			1	0
ENSG00000216141	MIR941-2	GroupA_exclusive	TK18	DEL			1	0
ENSG00000283513	MIR941-3	GroupA_exclusive	TK18	DEL			1	0
ENSG00000216195	MIR941-4	GroupA_exclusive	TK18	DEL			1	0
ENSG00000275842	MIR941-5	GroupA_exclusive	TK18	DEL			1	0
ENSG00000125863	MKKS	GroupA_exclusive	TK91	DEL			1	0
ENSG00000224430	MKRN5P	GroupA_exclusive	TK91	DEL			1	0
ENSG00000100427	MLC1	GroupA_exclusive	TK18	DEL			1	0
ENSG00000168404	MLKL	GroupA_exclusive	TK18	DEL			1	0
ENSG00000167965	MLST8	GroupA_exclusive	TK93	DEL			1	0
ENSG00000154485	MMP21	GroupA_exclusive	TK16	DEL			1	0
ENSG00000115275	MOGS	GroupA_exclusive	TK91	DEL			1	0
ENSG00000103111	MON1B	GroupA_exclusive	TK92	DEL			1	0
ENSG00000255040	MORF4L1P3	GroupA_exclusive	TK91	DEL			1	0
ENSG00000171160	MORN4	GroupA_exclusive	TK91	DEL			1	0
ENSG00000172680	MOS	GroupA_exclusive	TK92	DEL			1	0
ENSG00000101928	MOSPD1	GroupA_exclusive	TK93	DEL			1	0
ENSG00000128309	MPST	GroupA_exclusive	TK92	DEL			1	0
ENSG00000278619	MRM1	GroupA_exclusive	TK91	DEL			1	0
ENSG00000226807	MROH5	GroupA_exclusive	TK10	DEL			1	0
ENSG00000137547	MRPL15	GroupA_exclusive	TK92	DEL			1	0
ENSG00000112651	MRPL2	GroupA_exclusive	TK91	DEL			1	0
ENSG00000106591	MRPL32	GroupA_exclusive	TK18	DEL			1	0
ENSG00000154719	MRPL39	GroupA_exclusive	TK10	DEL			1	0
ENSG00000278845	MRPL45	GroupA_exclusive	TK91	DEL			1	0
ENSG00000162910	MRPL55	GroupA_exclusive	TK92	DEL			1	0
ENSG00000143436	MRPL9	GroupA_exclusive	TK92	DEL			1	0
ENSG00000182180	MRPS16	GroupA_exclusive	TK92	DEL			1	0
ENSG00000226336	MRPS16P3	GroupA_exclusive	TK91	DEL			1	0
ENSG00000268949	MRPS17P1	GroupA_exclusive	TK91	DEL			1	0
ENSG00000096080	MRPS18A	GroupA_exclusive	TK18	DEL			1	0
ENSG00000204568	MRPS18B	GroupA_exclusive	TK16	DEL			1	0
ENSG00000112996	MRPS30	GroupA_exclusive	TK91	DEL			1	0
ENSG00000251141	MRPS30-DT	GroupA_exclusive	TK91	DEL			1	0
ENSG00000120458	MSANTD2	GroupA_exclusive	TK10	DEL			1	0
ENSG00000066697	MSANTD3	GroupA_exclusive	TK18	DEL			1	0
ENSG00000113318	MSH3	GroupA_exclusive	TK18	DEL			1	0
ENSG00000255152	MSH5-SAPCD1	GroupA_exclusive	TK18	DEL			1	0
ENSG00000263639	MSMB	GroupA_exclusive	TK92	DEL			1	0
ENSG00000172167	MTBP	GroupA_exclusive	TK18	DEL			1	0
ENSG00000270948	MTDHP1	GroupA_exclusive	TK93	DEL			1	0
ENSG00000188786	MTF1	GroupA_exclusive	TK10	DEL			1	0
ENSG00000103707	MTFMT	GroupA_exclusive	TK10	DEL			1	0
ENSG00000181260	MTHFD2P7	GroupA_exclusive	TK91	DEL			1	0
ENSG00000103248	MTHFSD	GroupA_exclusive	TK16	DEL			1	0
ENSG00000233432	MTIF2P1	GroupA_exclusive	TK91	DEL			1	0
ENSG00000108389	MTMR4	GroupA_exclusive	TK91	DEL			1	0
ENSG00000135297	MTO1	GroupA_exclusive	TK18	DEL			1	0
ENSG00000177034	MTX3	GroupA_exclusive	TK16	DEL			1	0
ENSG00000176945	MUC20	GroupA_exclusive	TK92	DEL			1	0
ENSG00000224769	MUC20P1	GroupA_exclusive	TK92	DEL			1	0
ENSG00000261272	MUC22	GroupA_exclusive	TK92	DEL			1	0
ENSG00000238045	MVP-DT	GroupA_exclusive	TK91	DEL			1	0
ENSG00000183486	MX2	GroupA_exclusive	TK18	DEL			1	0
ENSG00000162576	MXRA8	GroupA_exclusive	TK92	DEL			1	0
ENSG00000185697	MYBL1	GroupA_exclusive	TK92	DEL			1	0
ENSG00000172936	MYD88	GroupA_exclusive	TK93	DEL			1	0
ENSG00000257605	MYG1-AS1	GroupA_exclusive	TK93	DEL			1	0
ENSG00000254387	MYL12AP1	GroupA_exclusive	TK91	DEL			1	0
ENSG00000228380	MYL6BP1	GroupA_exclusive	TK18	DEL			1	0
ENSG00000065534	MYLK	GroupA_exclusive	TK10	DEL			1	0
ENSG00000085274	MYNN	GroupA_exclusive	TK92	DEL			1	0
ENSG00000197879	MYO1C	GroupA_exclusive	TK92	DEL			1	0
ENSG00000196586	MYO6	GroupA_exclusive	TK10	DEL			1	0
ENSG00000177791	MYOZ1	GroupA_exclusive	TK93	DEL			1	0
ENSG00000197334	Metazoa_SRP	GroupA_exclusive	TK91	DEL			1	0
ENSG00000273725	Metazoa_SRP	GroupA_exclusive	TK91	DEL			1	0
ENSG00000274772	Metazoa_SRP	GroupA_exclusive	TK91	DEL			1	0
ENSG00000275853	Metazoa_SRP	GroupA_exclusive	TK92	DEL			1	0
ENSG00000276988	Metazoa_SRP	GroupA_exclusive	TK92	DEL			1	0
ENSG00000277168	Metazoa_SRP	GroupA_exclusive	TK92	DEL			1	0
ENSG00000278459	Metazoa_SRP	GroupA_exclusive	TK91	DEL			1	0
ENSG00000278702	Metazoa_SRP	GroupA_exclusive	TK16	DEL			1	0
ENSG00000135040	NAA35	GroupA_exclusive	TK92	DEL			1	0
ENSG00000183011	NAA38	GroupA_exclusive	TK10	DEL			1	0
ENSG00000166886	NAB2	GroupA_exclusive	TK93	DEL			1	0
ENSG00000145414	NAF1	GroupA_exclusive	TK91	DEL			1	0
ENSG00000171169	NAIF1	GroupA_exclusive	TK93	DEL			1	0
ENSG00000176654	NANOGP1	GroupA_exclusive	TK91	DEL			1	0
ENSG00000177173	NAP1L4P1	GroupA_exclusive	TK91	DEL			1	0
ENSG00000231384	NAP1L5P1	GroupA_exclusive	TK16	DEL			1	0
ENSG00000156006	NAT2	GroupA_exclusive	TK92	DEL			1	0
ENSG00000144035	NAT8	GroupA_exclusive	TK92	DEL			1	0
ENSG00000253937	NATP	GroupA_exclusive	TK92	DEL			1	0
ENSG00000268043	NBPF12	GroupA_exclusive	TK92	DEL			1	0
ENSG00000283342	NBPF13P	GroupA_exclusive	TK92	DEL			1	0
ENSG00000266338	NBPF15	GroupA_exclusive	TK92	DEL			1	0
ENSG00000243967	NBPF5P	GroupA_exclusive	TK92	DEL			1	0
ENSG00000186086	NBPF6	GroupA_exclusive	TK92	DEL			1	0
ENSG00000198496	NBR2	GroupA_exclusive	TK92	DEL			1	0
ENSG00000144959	NCEH1	GroupA_exclusive	TK16	DEL			1	0
ENSG00000213672	NCKIPSD	GroupA_exclusive	TK91	DEL			1	0
ENSG00000115053	NCL	GroupA_exclusive	TK91	DEL			1	0
ENSG00000140396	NCOA2	GroupA_exclusive	TK92	DEL			1	0
ENSG00000266412	NCOA4	GroupA_exclusive	TK92	DEL			1	0
ENSG00000058804	NDC1	GroupA_exclusive	TK92	DEL			1	0
ENSG00000173376	NDNF	GroupA_exclusive	TK16	DEL			1	0
ENSG00000164100	NDST3	GroupA_exclusive	TK92	DEL			1	0
ENSG00000170906	NDUFA3	GroupA_exclusive	TK18	DEL			1	0
ENSG00000184983	NDUFA6	GroupA_exclusive	TK10	DEL			1	0
ENSG00000003509	NDUFAF7	GroupA_exclusive	TK16	DEL			1	0
ENSG00000234226	NDUFS5P2	GroupA_exclusive	TK10	DEL			1	0
ENSG00000167792	NDUFV1	GroupA_exclusive	TK92	DEL			1	0
ENSG00000140398	NEIL1	GroupA_exclusive	TK91	DEL			1	0
ENSG00000163608	NEPRO	GroupA_exclusive	TK92	DEL			1	0
ENSG00000132688	NES	GroupA_exclusive	TK18	DEL			1	0
ENSG00000204099	NEU4	GroupA_exclusive	TK91	DEL			1	0
ENSG00000082641	NFE2L1	GroupA_exclusive	TK18	DEL			1	0
ENSG00000100906	NFKBIA	GroupA_exclusive	TK93	DEL			1	0
ENSG00000244005	NFS1	GroupA_exclusive	TK18	DEL			1	0
ENSG00000170448	NFXL1	GroupA_exclusive	TK92	DEL			1	0
ENSG00000182768	NGRN	GroupA_exclusive	TK93	DEL			1	0
ENSG00000225391	NHEG1	GroupA_exclusive	TK93	DEL			1	0
ENSG00000171786	NHLH1	GroupA_exclusive	TK91	DEL			1	0
ENSG00000237623	NICN2P	GroupA_exclusive	TK91	DEL			1	0
ENSG00000196290	NIF3L1	GroupA_exclusive	TK93	DEL			1	0
ENSG00000261205	NIFKP4	GroupA_exclusive	TK91	DEL			1	0
ENSG00000132603	NIP7	GroupA_exclusive	TK92	DEL			1	0
ENSG00000168256	NKIRAS2	GroupA_exclusive	TK93	DEL			1	0
ENSG00000228450	NLRP7P1	GroupA_exclusive	TK91	DEL			1	0
ENSG00000153406	NMRAL1	GroupA_exclusive	TK16	DEL			1	0
ENSG00000084092	NOA1	GroupA_exclusive	TK10	DEL			1	0
ENSG00000151014	NOCT	GroupA_exclusive	TK92	DEL			1	0
ENSG00000106100	NOD1	GroupA_exclusive	TK92	DEL			1	0
ENSG00000196943	NOP9	GroupA_exclusive	TK93	DEL			1	0
ENSG00000130751	NPAS1	GroupA_exclusive	TK18	DEL			1	0
ENSG00000107281	NPDC1	GroupA_exclusive	TK10	DEL			1	0
ENSG00000183793	NPIPA5	GroupA_exclusive	TK91	DEL			1	0
ENSG00000196796	NPIPB10P	GroupA_exclusive	TK91	DEL			1	0
ENSG00000196436	NPIPB15	GroupA_exclusive	TK92	DEL			1	0
ENSG00000255524	NPIPB8	GroupA_exclusive	TK92	DEL			1	0
ENSG00000213881	NPM1P6	GroupA_exclusive	TK92	DEL			1	0
ENSG00000143257	NR1I3	GroupA_exclusive	TK93	DEL			1	0
ENSG00000148572	NRBF2	GroupA_exclusive	TK92	DEL			1	0
ENSG00000251485	NRBF2P6	GroupA_exclusive	TK92	DEL			1	0
ENSG00000185737	NRG3	GroupA_exclusive	TK91	DEL			1	0
ENSG00000171119	NRTN	GroupA_exclusive	TK91	DEL			1	0
ENSG00000179915	NRXN1	GroupA_exclusive	TK10	DEL			1	0
ENSG00000117481	NSUN4	GroupA_exclusive	TK10	DEL			1	0
ENSG00000223705	NSUN5P1	GroupA_exclusive	TK91	DEL			1	0
ENSG00000291151	NSUN5P1	GroupA_exclusive	TK91	DEL			1	0
ENSG00000140538	NTRK3	GroupA_exclusive	TK93	DEL			1	0
ENSG00000169006	NTSR2	GroupA_exclusive	TK91	DEL			1	0
ENSG00000213965	NUDT19	GroupA_exclusive	TK16	DEL			1	0
ENSG00000120253	NUP43	GroupA_exclusive	TK18	DEL			1	0
ENSG00000125450	NUP85	GroupA_exclusive	TK92	DEL			1	0
ENSG00000229324	NUTF2P7	GroupA_exclusive	TK10	DEL			1	0
ENSG00000214562	NUTM2D	GroupA_exclusive	TK92	DEL			1	0
ENSG00000132661	NXT1	GroupA_exclusive	TK93	DEL			1	0
ENSG00000184232	OAF	GroupA_exclusive	TK93	DEL			1	0
ENSG00000135114	OASL	GroupA_exclusive	TK91	DEL			1	0
ENSG00000283542	OASL2P	GroupA_exclusive	TK91	DEL			1	0
ENSG00000143450	OAZ3	GroupA_exclusive	TK92	DEL			1	0
ENSG00000173391	OLR1	GroupA_exclusive	TK18	DEL			1	0
ENSG00000125510	OPRL1	GroupA_exclusive	TK10	DEL			1	0
ENSG00000258468	OR11G1P	GroupA_exclusive	TK91	DEL			1	0
ENSG00000196832	OR11G2	GroupA_exclusive	TK91	DEL			1	0
ENSG00000176198	OR11H4	GroupA_exclusive	TK91	DEL			1	0
ENSG00000258625	OR11H5P	GroupA_exclusive	TK91	DEL			1	0
ENSG00000176219	OR11H6	GroupA_exclusive	TK91	DEL			1	0
ENSG00000258806	OR11H7	GroupA_exclusive	TK91	DEL			1	0
ENSG00000284742	OR11P1P	GroupA_exclusive	TK91	DEL			1	0
ENSG00000171054	OR13H1	GroupA_exclusive	TK91	DEL			1	0
ENSG00000237225	OR13K1P	GroupA_exclusive	TK91	DEL			1	0
ENSG00000235730	OR2AF1P	GroupA_exclusive	TK91	DEL			1	0
ENSG00000177201	OR2T12	GroupA_exclusive	TK91	DEL			1	0
ENSG00000177212	OR2T33	GroupA_exclusive	TK91	DEL			1	0
ENSG00000176269	OR4F21	GroupA_exclusive	TK91	DEL			1	0
ENSG00000284733	OR4F29	GroupA_exclusive	TK91	DEL			1	0
ENSG00000176230	OR4K17	GroupA_exclusive	TK91	DEL			1	0
ENSG00000184394	OR4N5	GroupA_exclusive	TK91	DEL			1	0
ENSG00000170688	OR5E1P	GroupA_exclusive	TK92	DEL			1	0
ENSG00000166408	OR5P1P	GroupA_exclusive	TK92	DEL			1	0
ENSG00000183303	OR5P2	GroupA_exclusive	TK92	DEL			1	0
ENSG00000182334	OR5P3	GroupA_exclusive	TK92	DEL			1	0
ENSG00000227892	OR5P4P	GroupA_exclusive	TK92	DEL			1	0
ENSG00000179695	OR6C2	GroupA_exclusive	TK91	DEL			1	0
ENSG00000205328	OR6C65	GroupA_exclusive	TK91	DEL			1	0
ENSG00000233606	OR6C66P	GroupA_exclusive	TK91	DEL			1	0
ENSG00000184954	OR6C70	GroupA_exclusive	TK91	DEL			1	0
ENSG00000203408	OR6C71P	GroupA_exclusive	TK91	DEL			1	0
ENSG00000257414	OR6C73P	GroupA_exclusive	TK91	DEL			1	0
ENSG00000187857	OR6C75	GroupA_exclusive	TK91	DEL			1	0
ENSG00000185821	OR6C76	GroupA_exclusive	TK91	DEL			1	0
ENSG00000233685	OR6L1P	GroupA_exclusive	TK91	DEL			1	0
ENSG00000235623	OR7E110P	GroupA_exclusive	TK92	DEL			1	0
ENSG00000182531	OR7E115P	GroupA_exclusive	TK92	DEL			1	0
ENSG00000228547	OR7E26P	GroupA_exclusive	TK92	DEL			1	0
ENSG00000232787	OR7L1P	GroupA_exclusive	TK91	DEL			1	0
ENSG00000091651	ORC6	GroupA_exclusive	TK16	DEL			1	0
ENSG00000229314	ORM1	GroupA_exclusive	TK91	DEL			1	0
ENSG00000234315	OSTCP5	GroupA_exclusive	TK91	DEL			1	0
ENSG00000171540	OTP	GroupA_exclusive	TK10	DEL			1	0
ENSG00000253738	OTUD6B-AS1	GroupA_exclusive	TK10	DEL			1	0
ENSG00000264522	OTUD7B	GroupA_exclusive	TK16	DEL			1	0
ENSG00000155463	OXA1L	GroupA_exclusive	TK93	DEL			1	0
ENSG00000237624	OXCT2P1	GroupA_exclusive	TK10	DEL			1	0
ENSG00000110811	P3H3	GroupA_exclusive	TK16	DEL			1	0
ENSG00000141696	P3H4	GroupA_exclusive	TK10	DEL			1	0
ENSG00000142623	PADI1	GroupA_exclusive	TK16	DEL			1	0
ENSG00000117115	PADI2	GroupA_exclusive	TK16	DEL			1	0
ENSG00000159339	PADI4	GroupA_exclusive	TK91	DEL			1	0
ENSG00000276747	PADI6	GroupA_exclusive	TK91	DEL			1	0
ENSG00000168092	PAFAH1B2	GroupA_exclusive	TK10	DEL			1	0
ENSG00000158006	PAFAH2	GroupA_exclusive	TK18	DEL			1	0
ENSG00000280789	PAGR1	GroupA_exclusive	TK91	DEL			1	0
ENSG00000120727	PAIP2	GroupA_exclusive	TK18	DEL			1	0
ENSG00000137843	PAK6	GroupA_exclusive	TK16	DEL			1	0
ENSG00000288675	PANO1	GroupA_exclusive	TK91	DEL			1	0
ENSG00000162073	PAQR4	GroupA_exclusive	TK93	DEL			1	0
ENSG00000160781	PAQR6	GroupA_exclusive	TK92	DEL			1	0
ENSG00000237025	PARD6BP1	GroupA_exclusive	TK91	DEL			1	0
ENSG00000239883	PARGP1	GroupA_exclusive	TK92	DEL			1	0
ENSG00000249263	PARP4P3	GroupA_exclusive	TK92	DEL			1	0
ENSG00000115687	PASK	GroupA_exclusive	TK92	DEL			1	0
ENSG00000171053	PATE1	GroupA_exclusive	TK93	DEL			1	0
ENSG00000196844	PATE2	GroupA_exclusive	TK93	DEL			1	0
ENSG00000236027	PATE3	GroupA_exclusive	TK93	DEL			1	0
ENSG00000237353	PATE4	GroupA_exclusive	TK93	DEL			1	0
ENSG00000157212	PAXIP1	GroupA_exclusive	TK91	DEL			1	0
ENSG00000167081	PBX3	GroupA_exclusive	TK10	DEL			1	0
ENSG00000255622	PCDHB17P	GroupA_exclusive	TK92	DEL			1	0
ENSG00000081818	PCDHB4	GroupA_exclusive	TK92	DEL			1	0
ENSG00000113209	PCDHB5	GroupA_exclusive	TK92	DEL			1	0
ENSG00000113211	PCDHB6	GroupA_exclusive	TK92	DEL			1	0
ENSG00000113212	PCDHB7	GroupA_exclusive	TK92	DEL			1	0
ENSG00000120322	PCDHB8	GroupA_exclusive	TK92	DEL			1	0
ENSG00000204956	PCDHGA1	GroupA_exclusive	TK92	DEL			1	0
ENSG00000081853	PCDHGA2	GroupA_exclusive	TK92	DEL			1	0
ENSG00000254245	PCDHGA3	GroupA_exclusive	TK92	DEL			1	0
ENSG00000262576	PCDHGA4	GroupA_exclusive	TK92	DEL			1	0
ENSG00000253910	PCDHGB2	GroupA_exclusive	TK92	DEL			1	0
ENSG00000165494	PCF11	GroupA_exclusive	TK93	DEL			1	0
ENSG00000180628	PCGF5	GroupA_exclusive	TK93	DEL			1	0
ENSG00000100889	PCK2	GroupA_exclusive	TK10	DEL			1	0
ENSG00000282949	PCMTD1P7	GroupA_exclusive	TK91	DEL			1	0
ENSG00000145882	PCYOX1L	GroupA_exclusive	TK92	DEL			1	0
ENSG00000188389	PDCD1	GroupA_exclusive	TK91	DEL			1	0
ENSG00000071994	PDCD2	GroupA_exclusive	TK10	DEL			1	0
ENSG00000275325	PDCD6IPP1	GroupA_exclusive	TK92	DEL			1	0
ENSG00000152270	PDE3B	GroupA_exclusive	TK91	DEL			1	0
ENSG00000113448	PDE4D	GroupA_exclusive	TK91	DEL			1	0
ENSG00000138735	PDE5A	GroupA_exclusive	TK18	DEL			1	0
ENSG00000180867	PDIA3P1	GroupA_exclusive	TK92	DEL			1	0
ENSG00000225205	PDK1-AS1	GroupA_exclusive	TK91	DEL			1	0
ENSG00000249274	PDLIM1P4	GroupA_exclusive	TK10	DEL			1	0
ENSG00000164951	PDP1	GroupA_exclusive	TK91	DEL			1	0
ENSG00000214331	PDPR2P	GroupA_exclusive	TK92	DEL			1	0
ENSG00000240849	PEDS1	GroupA_exclusive	TK91	DEL			1	0
ENSG00000157911	PEX10	GroupA_exclusive	TK18	DEL			1	0
ENSG00000104883	PEX11G	GroupA_exclusive	TK18	DEL			1	0
ENSG00000108733	PEX12	GroupA_exclusive	TK92	DEL			1	0
ENSG00000162735	PEX19	GroupA_exclusive	TK91	DEL			1	0
ENSG00000112357	PEX7	GroupA_exclusive	TK93	DEL			1	0
ENSG00000101132	PFDN4	GroupA_exclusive	TK18	DEL			1	0
ENSG00000204220	PFDN6	GroupA_exclusive	TK91	DEL			1	0
ENSG00000141959	PFKL	GroupA_exclusive	TK93	DEL			1	0
ENSG00000244371	PFN1P8	GroupA_exclusive	TK92	DEL			1	0
ENSG00000233623	PGAM1P11	GroupA_exclusive	TK91	DEL			1	0
ENSG00000161395	PGAP3	GroupA_exclusive	TK10	DEL			1	0
ENSG00000213711	PHB1P7	GroupA_exclusive	TK92	DEL			1	0
ENSG00000179899	PHC1P1	GroupA_exclusive	TK91	DEL			1	0
ENSG00000134686	PHC2	GroupA_exclusive	TK93	DEL			1	0
ENSG00000109118	PHF12	GroupA_exclusive	TK10	DEL			1	0
ENSG00000116273	PHF13	GroupA_exclusive	TK92	DEL			1	0
ENSG00000040633	PHF23	GroupA_exclusive	TK91	DEL			1	0
ENSG00000118482	PHF3	GroupA_exclusive	TK91	DEL			1	0
ENSG00000006576	PHTF2	GroupA_exclusive	TK92	DEL			1	0
ENSG00000155252	PI4K2A	GroupA_exclusive	TK91	DEL			1	0
ENSG00000177595	PIDD1	GroupA_exclusive	TK91	DEL			1	0
ENSG00000151665	PIGF	GroupA_exclusive	TK91	DEL			1	0
ENSG00000143315	PIGM	GroupA_exclusive	TK91	DEL			1	0
ENSG00000185808	PIGP	GroupA_exclusive	TK18	DEL			1	0
ENSG00000231789	PIK3CD-AS2	GroupA_exclusive	TK10	DEL			1	0
ENSG00000105647	PIK3R2	GroupA_exclusive	TK91	DEL			1	0
ENSG00000115020	PIKFYVE	GroupA_exclusive	TK18	DEL			1	0
ENSG00000121716	PILRB	GroupA_exclusive	TK93	DEL			1	0
ENSG00000198355	PIM3	GroupA_exclusive	TK93	DEL			1	0
ENSG00000143398	PIP5K1A	GroupA_exclusive	TK10	DEL			1	0
ENSG00000110697	PITPNM1	GroupA_exclusive	TK93	DEL			1	0
ENSG00000107959	PITRM1	GroupA_exclusive	TK10	DEL			1	0
ENSG00000183458	PKD1P3	GroupA_exclusive	TK92	DEL			1	0
ENSG00000118762	PKD2	GroupA_exclusive	TK16	DEL			1	0
ENSG00000057294	PKP2	GroupA_exclusive	TK10	DEL			1	0
ENSG00000144283	PKP4	GroupA_exclusive	TK91	DEL			1	0
ENSG00000260908	PLA2G10CP	GroupA_exclusive	TK91	DEL			1	0
ENSG00000261419	PLA2G10DP	GroupA_exclusive	TK92	DEL			1	0
ENSG00000255037	PLA2G10EP	GroupA_exclusive	TK92	DEL			1	0
ENSG00000277770	PLA2G10GP	GroupA_exclusive	TK91	DEL			1	0
ENSG00000103066	PLA2G15	GroupA_exclusive	TK18	DEL			1	0
ENSG00000133328	PLAAT2	GroupA_exclusive	TK10	DEL			1	0
ENSG00000145287	PLAC8	GroupA_exclusive	TK92	DEL			1	0
ENSG00000181690	PLAG1	GroupA_exclusive	TK92	DEL			1	0
ENSG00000283930	PLD5P1	GroupA_exclusive	TK93	DEL			1	0
ENSG00000107020	PLGRKT	GroupA_exclusive	TK91	DEL			1	0
ENSG00000173846	PLK3	GroupA_exclusive	TK92	DEL			1	0
ENSG00000102934	PLLP	GroupA_exclusive	TK91	DEL			1	0
ENSG00000105520	PLPPR2	GroupA_exclusive	TK92	DEL			1	0
ENSG00000163746	PLSCR2	GroupA_exclusive	TK92	DEL			1	0
ENSG00000164050	PLXNB1	GroupA_exclusive	TK10	DEL			1	0
ENSG00000260238	PMF1-BGLAP	GroupA_exclusive	TK92	DEL			1	0
ENSG00000204851	PNMA8B	GroupA_exclusive	TK92	DEL			1	0
ENSG00000164087	POC1A	GroupA_exclusive	TK18	DEL			1	0
ENSG00000139323	POC1B	GroupA_exclusive	TK92	DEL			1	0
ENSG00000128567	PODXL	GroupA_exclusive	TK91	DEL			1	0
ENSG00000117877	POLR1G	GroupA_exclusive	TK92	DEL			1	0
ENSG00000144231	POLR2D	GroupA_exclusive	TK93	DEL			1	0
ENSG00000177700	POLR2L	GroupA_exclusive	TK91	DEL			1	0
ENSG00000238211	POLR2LP1	GroupA_exclusive	TK92	DEL			1	0
ENSG00000132664	POLR3F	GroupA_exclusive	TK16	DEL			1	0
ENSG00000128262	POM121L9P	GroupA_exclusive	TK10	DEL			1	0
ENSG00000290696	POM121L9P	GroupA_exclusive	TK10	DEL			1	0
ENSG00000085998	POMGNT1	GroupA_exclusive	TK93	DEL			1	0
ENSG00000130714	POMT1	GroupA_exclusive	TK10	DEL			1	0
ENSG00000105854	PON2	GroupA_exclusive	TK92	DEL			1	0
ENSG00000104356	POP1	GroupA_exclusive	TK16	DEL			1	0
ENSG00000167272	POP5	GroupA_exclusive	TK92	DEL			1	0
ENSG00000028277	POU2F2	GroupA_exclusive	TK91	DEL			1	0
ENSG00000254887	POU2F2-AS1	GroupA_exclusive	TK91	DEL			1	0
ENSG00000259436	POU2F2-AS2	GroupA_exclusive	TK91	DEL			1	0
ENSG00000204531	POU5F1	GroupA_exclusive	TK92	DEL			1	0
ENSG00000109819	PPARGC1A	GroupA_exclusive	TK91	DEL			1	0
ENSG00000138621	PPCDC	GroupA_exclusive	TK18	DEL			1	0
ENSG00000289549	PPIAL4D	GroupA_exclusive	TK92	DEL			1	0
ENSG00000232369	PPIAP35	GroupA_exclusive	TK91	DEL			1	0
ENSG00000226961	PPIAP60	GroupA_exclusive	TK91	DEL			1	0
ENSG00000225185	PPIAP8	GroupA_exclusive	TK92	DEL			1	0
ENSG00000219797	PPIAP9	GroupA_exclusive	TK92	DEL			1	0
ENSG00000100023	PPIL2	GroupA_exclusive	TK93	DEL			1	0
ENSG00000170836	PPM1D	GroupA_exclusive	TK16	DEL			1	0
ENSG00000163644	PPM1K	GroupA_exclusive	TK10	DEL			1	0
ENSG00000214517	PPME1	GroupA_exclusive	TK18	DEL			1	0
ENSG00000143224	PPOX	GroupA_exclusive	TK93	DEL			1	0
ENSG00000172531	PPP1CA	GroupA_exclusive	TK93	DEL			1	0
ENSG00000179967	PPP1R14BP3	GroupA_exclusive	TK92	DEL			1	0
ENSG00000160972	PPP1R16A	GroupA_exclusive	TK10	DEL			1	0
ENSG00000173281	PPP1R3B	GroupA_exclusive	TK91	DEL			1	0
ENSG00000248538	PPP1R3B-DT	GroupA_exclusive	TK91	DEL			1	0
ENSG00000066027	PPP2R5A	GroupA_exclusive	TK10	DEL			1	0
ENSG00000112640	PPP2R5D	GroupA_exclusive	TK92	DEL			1	0
ENSG00000154845	PPP4R1	GroupA_exclusive	TK18	DEL			1	0
ENSG00000230510	PPP5D1P	GroupA_exclusive	TK92	DEL			1	0
ENSG00000291145	PPP5D1P	GroupA_exclusive	TK92	DEL			1	0
ENSG00000196850	PPTC7	GroupA_exclusive	TK10	DEL			1	0
ENSG00000235027	PRADX	GroupA_exclusive	TK10	DEL			1	0
ENSG00000280267	PRAMEF26	GroupA_exclusive	TK92	DEL			1	0
ENSG00000229978	PRAMEF36P	GroupA_exclusive	TK92	DEL			1	0
ENSG00000012211	PRICKLE3	GroupA_exclusive	TK10	DEL			1	0
ENSG00000067606	PRKCZ	GroupA_exclusive	TK91	DEL			1	0
ENSG00000182873	PRKCZ-AS1	GroupA_exclusive	TK91	DEL			1	0
ENSG00000236582	PRPF38AP2	GroupA_exclusive	TK91	DEL			1	0
ENSG00000135406	PRPH	GroupA_exclusive	TK91	DEL			1	0
ENSG00000187534	PRR13P5	GroupA_exclusive	TK92	DEL			1	0
ENSG00000156858	PRR14	GroupA_exclusive	TK92	DEL			1	0
ENSG00000176532	PRR15	GroupA_exclusive	TK93	DEL			1	0
ENSG00000212123	PRR22	GroupA_exclusive	TK91	DEL			1	0
ENSG00000204576	PRR3	GroupA_exclusive	TK18	DEL			1	0
ENSG00000248405	PRR5-ARHGAP8	GroupA_exclusive	TK18	DEL			1	0
ENSG00000164244	PRRC1	GroupA_exclusive	TK18	DEL			1	0
ENSG00000167371	PRRT2	GroupA_exclusive	TK91	DEL			1	0
ENSG00000164985	PSIP1	GroupA_exclusive	TK18	DEL			1	0
ENSG00000251234	PSMA2P2	GroupA_exclusive	TK91	DEL			1	0
ENSG00000258563	PSMA3P1	GroupA_exclusive	TK92	DEL			1	0
ENSG00000205220	PSMB10	GroupA_exclusive	TK91	DEL			1	0
ENSG00000259074	PSMB7P1	GroupA_exclusive	TK91	DEL			1	0
ENSG00000131470	PSMC3IP	GroupA_exclusive	TK18	DEL			1	0
ENSG00000204540	PSORS1C1	GroupA_exclusive	TK92	DEL			1	0
ENSG00000204538	PSORS1C2	GroupA_exclusive	TK92	DEL			1	0
ENSG00000204528	PSORS1C3	GroupA_exclusive	TK92	DEL			1	0
ENSG00000226278	PSPHP1	GroupA_exclusive	TK92	DEL			1	0
ENSG00000274985	PTCHD3P1	GroupA_exclusive	TK92	DEL			1	0
ENSG00000160013	PTGIR	GroupA_exclusive	TK92	DEL			1	0
ENSG00000124212	PTGIS	GroupA_exclusive	TK92	DEL			1	0
ENSG00000248113	PTPN11P5	GroupA_exclusive	TK92	DEL			1	0
ENSG00000143851	PTPN7	GroupA_exclusive	TK16	DEL			1	0
ENSG00000142949	PTPRF	GroupA_exclusive	TK10	DEL			1	0
ENSG00000129317	PUS7L	GroupA_exclusive	TK93	DEL			1	0
ENSG00000169972	PUSL1	GroupA_exclusive	TK92	DEL			1	0
ENSG00000235333	PVRIG2P	GroupA_exclusive	TK93	DEL			1	0
ENSG00000160953	PWWP3A	GroupA_exclusive	TK91	DEL			1	0
ENSG00000101417	PXMP4	GroupA_exclusive	TK91	DEL			1	0
ENSG00000169900	PYDC1	GroupA_exclusive	TK18	DEL			1	0
ENSG00000151552	QDPR	GroupA_exclusive	TK18	DEL			1	0
ENSG00000103485	QPRT	GroupA_exclusive	TK10	DEL			1	0
ENSG00000228492	RAB11FIP1P1	GroupA_exclusive	TK91	DEL			1	0
ENSG00000111737	RAB35	GroupA_exclusive	TK93	DEL			1	0
ENSG00000100228	RAB36	GroupA_exclusive	TK92	DEL			1	0
ENSG00000105649	RAB3A	GroupA_exclusive	TK16	DEL			1	0
ENSG00000105514	RAB3D	GroupA_exclusive	TK92	DEL			1	0
ENSG00000127328	RAB3IP	GroupA_exclusive	TK92	DEL			1	0
ENSG00000167578	RAB4B	GroupA_exclusive	TK92	DEL			1	0
ENSG00000171570	RAB4B-EGLN2	GroupA_exclusive	TK92	DEL			1	0
ENSG00000100949	RABGGTA	GroupA_exclusive	TK92	DEL			1	0
ENSG00000174373	RALGAPA1	GroupA_exclusive	TK92	DEL			1	0
ENSG00000266983	RANBP3-DT	GroupA_exclusive	TK91	DEL			1	0
ENSG00000228054	RANP5	GroupA_exclusive	TK92	DEL			1	0
ENSG00000213370	RANP6	GroupA_exclusive	TK92	DEL			1	0
ENSG00000270938	RAP2CP1	GroupA_exclusive	TK91	DEL			1	0
ENSG00000198915	RASGEF1A	GroupA_exclusive	TK92	DEL			1	0
ENSG00000152689	RASGRP3	GroupA_exclusive	TK91	DEL			1	0
ENSG00000099849	RASSF7	GroupA_exclusive	TK91	DEL			1	0
ENSG00000101546	RBFA	GroupA_exclusive	TK18	DEL			1	0
ENSG00000176731	RBIS	GroupA_exclusive	TK10	DEL			1	0
ENSG00000102317	RBM3	GroupA_exclusive	TK93	DEL			1	0
ENSG00000218018	RBM38-AS1	GroupA_exclusive	TK93	DEL			1	0
ENSG00000127993	RBM48	GroupA_exclusive	TK16	DEL			1	0
ENSG00000153250	RBMS1	GroupA_exclusive	TK10	DEL			1	0
ENSG00000236718	RBMY2QP	GroupA_exclusive	TK18	DEL			1	0
ENSG00000159200	RCAN1	GroupA_exclusive	TK10	DEL			1	0
ENSG00000227751	RCC2-AS1	GroupA_exclusive	TK91	DEL			1	0
ENSG00000258384	RCCD1-AS1	GroupA_exclusive	TK91	DEL			1	0
ENSG00000142552	RCN3	GroupA_exclusive	TK18	DEL			1	0
ENSG00000129625	REEP5	GroupA_exclusive	TK16	DEL			1	0
ENSG00000134444	RELCH	GroupA_exclusive	TK91	DEL			1	0
ENSG00000088320	REM1	GroupA_exclusive	TK92	DEL			1	0
ENSG00000135597	REPS1	GroupA_exclusive	TK93	DEL			1	0
ENSG00000237441	RGL2	GroupA_exclusive	TK91	DEL			1	0
ENSG00000205517	RGL3	GroupA_exclusive	TK92	DEL			1	0
ENSG00000100263	RHBDD3	GroupA_exclusive	TK93	DEL			1	0
ENSG00000132677	RHBG	GroupA_exclusive	TK92	DEL			1	0
ENSG00000101883	RHOXF1	GroupA_exclusive	TK91	DEL			1	0
ENSG00000080345	RIF1	GroupA_exclusive	TK92	DEL			1	0
ENSG00000178796	RIIAD1	GroupA_exclusive	TK92	DEL			1	0
ENSG00000150977	RILPL2	GroupA_exclusive	TK91	DEL			1	0
ENSG00000100599	RIN3	GroupA_exclusive	TK16	DEL			1	0
ENSG00000276168	RN7SL1	GroupA_exclusive	TK93	DEL			1	0
ENSG00000266059	RN7SL140P	GroupA_exclusive	TK93	DEL			1	0
ENSG00000244357	RN7SL145P	GroupA_exclusive	TK18	DEL			1	0
ENSG00000243005	RN7SL16P	GroupA_exclusive	TK16	DEL			1	0
ENSG00000242860	RN7SL180P	GroupA_exclusive	TK92	DEL			1	0
ENSG00000243532	RN7SL19P	GroupA_exclusive	TK91	DEL			1	0
ENSG00000242999	RN7SL239P	GroupA_exclusive	TK91	DEL			1	0
ENSG00000239808	RN7SL255P	GroupA_exclusive	TK91	DEL			1	0
ENSG00000244671	RN7SL280P	GroupA_exclusive	TK10	DEL			1	0
ENSG00000265892	RN7SL311P	GroupA_exclusive	TK92	DEL			1	0
ENSG00000241631	RN7SL316P	GroupA_exclusive	TK91	DEL			1	0
ENSG00000275992	RN7SL327P	GroupA_exclusive	TK91	DEL			1	0
ENSG00000240853	RN7SL328P	GroupA_exclusive	TK10	DEL			1	0
ENSG00000263941	RN7SL32P	GroupA_exclusive	TK93	DEL			1	0
ENSG00000244391	RN7SL330P	GroupA_exclusive	TK18	DEL			1	0
ENSG00000240470	RN7SL346P	GroupA_exclusive	TK93	DEL			1	0
ENSG00000240098	RN7SL351P	GroupA_exclusive	TK10	DEL			1	0
ENSG00000240723	RN7SL382P	GroupA_exclusive	TK92	DEL			1	0
ENSG00000263556	RN7SL383P	GroupA_exclusive	TK91	DEL			1	0
ENSG00000241785	RN7SL390P	GroupA_exclusive	TK10	DEL			1	0
ENSG00000243723	RN7SL393P	GroupA_exclusive	TK91	DEL			1	0
ENSG00000244307	RN7SL395P	GroupA_exclusive	TK91	DEL			1	0
ENSG00000265327	RN7SL411P	GroupA_exclusive	TK91	DEL			1	0
ENSG00000240322	RN7SL481P	GroupA_exclusive	TK93	DEL			1	0
ENSG00000277295	RN7SL489P	GroupA_exclusive	TK91	DEL			1	0
ENSG00000277515	RN7SL495P	GroupA_exclusive	TK92	DEL			1	0
ENSG00000240733	RN7SL502P	GroupA_exclusive	TK10	DEL			1	0
ENSG00000275230	RN7SL544P	GroupA_exclusive	TK91	DEL			1	0
ENSG00000243260	RN7SL558P	GroupA_exclusive	TK92	DEL			1	0
ENSG00000265942	RN7SL577P	GroupA_exclusive	TK10	DEL			1	0
ENSG00000243847	RN7SL610P	GroupA_exclusive	TK10	DEL			1	0
ENSG00000265727	RN7SL648P	GroupA_exclusive	TK91	DEL			1	0
ENSG00000239899	RN7SL674P	GroupA_exclusive	TK91	DEL			1	0
ENSG00000242853	RN7SL749P	GroupA_exclusive	TK91	DEL			1	0
ENSG00000266158	RN7SL785P	GroupA_exclusive	TK91	DEL			1	0
ENSG00000241992	RN7SL831P	GroupA_exclusive	TK10	DEL			1	0
ENSG00000201966	RNA5-8SP4	GroupA_exclusive	TK91	DEL			1	0
ENSG00000201145	RNA5SP175	GroupA_exclusive	TK91	DEL			1	0
ENSG00000201274	RNA5SP192	GroupA_exclusive	TK91	DEL			1	0
ENSG00000207277	RNA5SP284	GroupA_exclusive	TK18	DEL			1	0
ENSG00000199525	RNA5SP295	GroupA_exclusive	TK92	DEL			1	0
ENSG00000239152	RNA5SP310	GroupA_exclusive	TK92	DEL			1	0
ENSG00000252072	RNA5SP320	GroupA_exclusive	TK93	DEL			1	0
ENSG00000284736	RNA5SP343	GroupA_exclusive	TK18	DEL			1	0
ENSG00000272253	RNA5SP386	GroupA_exclusive	TK16	DEL			1	0
ENSG00000252591	RNA5SP468	GroupA_exclusive	TK92	DEL			1	0
ENSG00000253039	RNA5SP47	GroupA_exclusive	TK91	DEL			1	0
ENSG00000200985	RNA5SP493	GroupA_exclusive	TK91	DEL			1	0
ENSG00000201610	RNA5SP84	GroupA_exclusive	TK91	DEL			1	0
ENSG00000239305	RNF103	GroupA_exclusive	TK92	DEL			1	0
ENSG00000151692	RNF144A	GroupA_exclusive	TK10	DEL			1	0
ENSG00000166439	RNF169	GroupA_exclusive	TK91	DEL			1	0
ENSG00000116514	RNF19B	GroupA_exclusive	TK91	DEL			1	0
ENSG00000137075	RNF38	GroupA_exclusive	TK18	DEL			1	0
ENSG00000063978	RNF4	GroupA_exclusive	TK91	DEL			1	0
ENSG00000181852	RNF41	GroupA_exclusive	TK10	DEL			1	0
ENSG00000199805	RNU1-134P	GroupA_exclusive	TK18	DEL			1	0
ENSG00000201142	RNU1-151P	GroupA_exclusive	TK92	DEL			1	0
ENSG00000212605	RNU1-56P	GroupA_exclusive	TK10	DEL			1	0
ENSG00000251916	RNU1-61P	GroupA_exclusive	TK10	DEL			1	0
ENSG00000251718	RNU2-13P	GroupA_exclusive	TK91	DEL			1	0
ENSG00000252066	RNU2-53P	GroupA_exclusive	TK91	DEL			1	0
ENSG00000222790	RNU4-14P	GroupA_exclusive	TK92	DEL			1	0
ENSG00000201221	RNU4-40P	GroupA_exclusive	TK10	DEL			1	0
ENSG00000201608	RNU4-42P	GroupA_exclusive	TK91	DEL			1	0
ENSG00000252908	RNU6-1003P	GroupA_exclusive	TK10	DEL			1	0
ENSG00000207267	RNU6-1081P	GroupA_exclusive	TK91	DEL			1	0
ENSG00000200403	RNU6-1099P	GroupA_exclusive	TK93	DEL			1	0
ENSG00000207237	RNU6-110P	GroupA_exclusive	TK18	DEL			1	0
ENSG00000207077	RNU6-1119P	GroupA_exclusive	TK91	DEL			1	0
ENSG00000200469	RNU6-112P	GroupA_exclusive	TK10	DEL			1	0
ENSG00000222895	RNU6-1133P	GroupA_exclusive	TK92	DEL			1	0
ENSG00000207415	RNU6-1151P	GroupA_exclusive	TK91	DEL			1	0
ENSG00000238551	RNU6-1193P	GroupA_exclusive	TK92	DEL			1	0
ENSG00000201165	RNU6-1229P	GroupA_exclusive	TK93	DEL			1	0
ENSG00000252627	RNU6-122P	GroupA_exclusive	TK91	DEL			1	0
ENSG00000251972	RNU6-123P	GroupA_exclusive	TK10	DEL			1	0
ENSG00000252026	RNU6-1262P	GroupA_exclusive	TK16	DEL			1	0
ENSG00000252156	RNU6-155P	GroupA_exclusive	TK10	DEL			1	0
ENSG00000207150	RNU6-185P	GroupA_exclusive	TK91	DEL			1	0
ENSG00000223284	RNU6-195P	GroupA_exclusive	TK92	DEL			1	0
ENSG00000207449	RNU6-19P	GroupA_exclusive	TK18	DEL			1	0
ENSG00000201658	RNU6-283P	GroupA_exclusive	TK92	DEL			1	0
ENSG00000201770	RNU6-384P	GroupA_exclusive	TK92	DEL			1	0
ENSG00000252857	RNU6-389P	GroupA_exclusive	TK92	DEL			1	0
ENSG00000202532	RNU6-395P	GroupA_exclusive	TK93	DEL			1	0
ENSG00000201524	RNU6-450P	GroupA_exclusive	TK91	DEL			1	0
ENSG00000199289	RNU6-502P	GroupA_exclusive	TK92	DEL			1	0
ENSG00000201815	RNU6-526P	GroupA_exclusive	TK91	DEL			1	0
ENSG00000252503	RNU6-531P	GroupA_exclusive	TK92	DEL			1	0
ENSG00000199446	RNU6-543P	GroupA_exclusive	TK92	DEL			1	0
ENSG00000252082	RNU6-547P	GroupA_exclusive	TK16	DEL			1	0
ENSG00000252294	RNU6-589P	GroupA_exclusive	TK91	DEL			1	0
ENSG00000200013	RNU6-623P	GroupA_exclusive	TK16	DEL			1	0
ENSG00000238658	RNU6-625P	GroupA_exclusive	TK91	DEL			1	0
ENSG00000206980	RNU6-662P	GroupA_exclusive	TK92	DEL			1	0
ENSG00000200570	RNU6-829P	GroupA_exclusive	TK10	DEL			1	0
ENSG00000253021	RNU6-902P	GroupA_exclusive	TK91	DEL			1	0
ENSG00000200763	RNU6-961P	GroupA_exclusive	TK93	DEL			1	0
ENSG00000207023	RNU6-975P	GroupA_exclusive	TK18	DEL			1	0
ENSG00000252796	RNU7-11P	GroupA_exclusive	TK92	DEL			1	0
ENSG00000238558	RNU7-21P	GroupA_exclusive	TK91	DEL			1	0
ENSG00000252644	RNU7-30P	GroupA_exclusive	TK91	DEL			1	0
ENSG00000239078	RNU7-55P	GroupA_exclusive	TK91	DEL			1	0
ENSG00000251706	RNU7-61P	GroupA_exclusive	TK10	DEL			1	0
ENSG00000253054	RNU7-77P	GroupA_exclusive	TK18	DEL			1	0
ENSG00000252507	RNU7-81P	GroupA_exclusive	TK92	DEL			1	0
ENSG00000201699	RNVU1-24	GroupA_exclusive	TK10	DEL			1	0
ENSG00000286172	RNVU1-8	GroupA_exclusive	TK92	DEL			1	0
ENSG00000149489	ROM1	GroupA_exclusive	TK92	DEL			1	0
ENSG00000125995	ROMO1	GroupA_exclusive	TK93	DEL			1	0
ENSG00000255547	RPA2P3	GroupA_exclusive	TK91	DEL			1	0
ENSG00000103932	RPAP1	GroupA_exclusive	TK93	DEL			1	0
ENSG00000122484	RPAP2	GroupA_exclusive	TK91	DEL			1	0
ENSG00000005175	RPAP3	GroupA_exclusive	TK18	DEL			1	0
ENSG00000244691	RPL10AP1	GroupA_exclusive	TK91	DEL			1	0
ENSG00000197958	RPL12	GroupA_exclusive	TK92	DEL			1	0
ENSG00000226945	RPL13AP8	GroupA_exclusive	TK91	DEL			1	0
ENSG00000213916	RPL13P	GroupA_exclusive	TK91	DEL			1	0
ENSG00000225499	RPL15P4	GroupA_exclusive	TK92	DEL			1	0
ENSG00000242262	RPL15P7	GroupA_exclusive	TK91	DEL			1	0
ENSG00000215472	RPL17-C18orf32	GroupA_exclusive	TK92	DEL			1	0
ENSG00000242135	RPL17P2	GroupA_exclusive	TK92	DEL			1	0
ENSG00000241250	RPL17P20	GroupA_exclusive	TK91	DEL			1	0
ENSG00000231965	RPL17P29	GroupA_exclusive	TK18	DEL			1	0
ENSG00000240624	RPL17P4	GroupA_exclusive	TK91	DEL			1	0
ENSG00000235018	RPL17P48	GroupA_exclusive	TK16	DEL			1	0
ENSG00000105640	RPL18A	GroupA_exclusive	TK92	DEL			1	0
ENSG00000229863	RPL19P2	GroupA_exclusive	TK93	DEL			1	0
ENSG00000122026	RPL21	GroupA_exclusive	TK16	DEL			1	0
ENSG00000242405	RPL21P100	GroupA_exclusive	TK92	DEL			1	0
ENSG00000224340	RPL21P21	GroupA_exclusive	TK91	DEL			1	0
ENSG00000241981	RPL21P49	GroupA_exclusive	TK91	DEL			1	0
ENSG00000225338	RPL23AP18	GroupA_exclusive	TK10	DEL			1	0
ENSG00000236679	RPL23AP24	GroupA_exclusive	TK91	DEL			1	0
ENSG00000280012	RPL23AP61	GroupA_exclusive	TK92	DEL			1	0
ENSG00000239255	RPL29P34	GroupA_exclusive	TK91	DEL			1	0
ENSG00000241170	RPL31P46	GroupA_exclusive	TK91	DEL			1	0
ENSG00000235328	RPL31P62	GroupA_exclusive	TK18	DEL			1	0
ENSG00000224796	RPL32P1	GroupA_exclusive	TK10	DEL			1	0
ENSG00000243094	RPL32P2	GroupA_exclusive	TK10	DEL			1	0
ENSG00000236489	RPL34P10	GroupA_exclusive	TK91	DEL			1	0
ENSG00000240509	RPL34P18	GroupA_exclusive	TK91	DEL			1	0
ENSG00000264217	RPL35AP23	GroupA_exclusive	TK92	DEL			1	0
ENSG00000244540	RPL35AP29	GroupA_exclusive	TK93	DEL			1	0
ENSG00000230350	RPL35AP3	GroupA_exclusive	TK93	DEL			1	0
ENSG00000243404	RPL35AP32	GroupA_exclusive	TK16	DEL			1	0
ENSG00000223505	RPL35AP5	GroupA_exclusive	TK92	DEL			1	0
ENSG00000225573	RPL35P5	GroupA_exclusive	TK92	DEL			1	0
ENSG00000242291	RPL36AP51	GroupA_exclusive	TK92	DEL			1	0
ENSG00000232485	RPL37A-DT	GroupA_exclusive	TK18	DEL			1	0
ENSG00000176343	RPL37AP8	GroupA_exclusive	TK92	DEL			1	0
ENSG00000198918	RPL39	GroupA_exclusive	TK10	DEL			1	0
ENSG00000229638	RPL4P4	GroupA_exclusive	TK91	DEL			1	0
ENSG00000236806	RPL7AP15	GroupA_exclusive	TK92	DEL			1	0
ENSG00000234329	RPL7AP16	GroupA_exclusive	TK10	DEL			1	0
ENSG00000214988	RPL7AP26	GroupA_exclusive	TK92	DEL			1	0
ENSG00000213109	RPL7AP37	GroupA_exclusive	TK93	DEL			1	0
ENSG00000241008	RPL7AP55	GroupA_exclusive	TK92	DEL			1	0
ENSG00000213876	RPL7AP64	GroupA_exclusive	TK91	DEL			1	0
ENSG00000231995	RPL7AP76	GroupA_exclusive	TK91	DEL			1	0
ENSG00000228955	RPL7AP82	GroupA_exclusive	TK91	DEL			1	0
ENSG00000146223	RPL7L1	GroupA_exclusive	TK93	DEL			1	0
ENSG00000234619	RPL7P11	GroupA_exclusive	TK10	DEL			1	0
ENSG00000224315	RPL7P7	GroupA_exclusive	TK10	DEL			1	0
ENSG00000137970	RPL7P9	GroupA_exclusive	TK10	DEL			1	0
ENSG00000216676	RPL8P1	GroupA_exclusive	TK92	DEL			1	0
ENSG00000240821	RPL9P25	GroupA_exclusive	TK16	DEL			1	0
ENSG00000243314	RPS12P7	GroupA_exclusive	TK91	DEL			1	0
ENSG00000225447	RPS15AP10	GroupA_exclusive	TK10	DEL			1	0
ENSG00000213729	RPS16P2	GroupA_exclusive	TK93	DEL			1	0
ENSG00000224203	RPS23P10	GroupA_exclusive	TK92	DEL			1	0
ENSG00000242307	RPS26P52	GroupA_exclusive	TK92	DEL			1	0
ENSG00000240231	RPS27P29	GroupA_exclusive	TK92	DEL			1	0
ENSG00000228665	RPS27P6	GroupA_exclusive	TK92	DEL			1	0
ENSG00000237039	RPS28P4	GroupA_exclusive	TK91	DEL			1	0
ENSG00000225246	RPS2P1	GroupA_exclusive	TK92	DEL			1	0
ENSG00000255949	RPS6KB2-AS1	GroupA_exclusive	TK93	DEL			1	0
ENSG00000288920	RPSA2	GroupA_exclusive	TK91	DEL			1	0
ENSG00000226855	RPSAP17	GroupA_exclusive	TK92	DEL			1	0
ENSG00000224261	RPSAP18	GroupA_exclusive	TK91	DEL			1	0
ENSG00000243904	RPSAP5	GroupA_exclusive	TK91	DEL			1	0
ENSG00000166133	RPUSD2	GroupA_exclusive	TK91	DEL			1	0
ENSG00000048392	RRM2B	GroupA_exclusive	TK91	DEL			1	0
ENSG00000214018	RRM2P3	GroupA_exclusive	TK91	DEL			1	0
ENSG00000103472	RRN3P2	GroupA_exclusive	TK91	DEL			1	0
ENSG00000160214	RRP1	GroupA_exclusive	TK16	DEL			1	0
ENSG00000132275	RRP8	GroupA_exclusive	TK93	DEL			1	0
ENSG00000048649	RSF1	GroupA_exclusive	TK10	DEL			1	0
ENSG00000218069	RSL24D1P1	GroupA_exclusive	TK92	DEL			1	0
ENSG00000203950	RTL8A	GroupA_exclusive	TK91	DEL			1	0
ENSG00000188011	RTP5	GroupA_exclusive	TK91	DEL			1	0
ENSG00000160753	RUSC1	GroupA_exclusive	TK93	DEL			1	0
ENSG00000211456	SACM1L	GroupA_exclusive	TK18	DEL			1	0
ENSG00000141858	SAMD1	GroupA_exclusive	TK91	DEL			1	0
ENSG00000205413	SAMD9	GroupA_exclusive	TK91	DEL			1	0
ENSG00000126524	SBDS	GroupA_exclusive	TK18	DEL			1	0
ENSG00000188322	SBK1	GroupA_exclusive	TK91	DEL			1	0
ENSG00000085365	SCAMP1	GroupA_exclusive	TK91	DEL			1	0
ENSG00000278249	SCARNA2	GroupA_exclusive	TK92	DEL			1	0
ENSG00000251866	SCARNA21B	GroupA_exclusive	TK16	DEL			1	0
ENSG00000145284	SCD5	GroupA_exclusive	TK92	DEL			1	0
ENSG00000006747	SCIN	GroupA_exclusive	TK18	DEL			1	0
ENSG00000153253	SCN3A	GroupA_exclusive	TK16	DEL			1	0
ENSG00000183873	SCN5A	GroupA_exclusive	TK91	DEL			1	0
ENSG00000162572	SCNN1D	GroupA_exclusive	TK92	DEL			1	0
ENSG00000070031	SCT	GroupA_exclusive	TK91	DEL			1	0
ENSG00000128228	SDF2L1	GroupA_exclusive	TK92	DEL			1	0
ENSG00000198832	SELENOM	GroupA_exclusive	TK93	DEL			1	0
ENSG00000073169	SELENOO	GroupA_exclusive	TK92	DEL			1	0
ENSG00000273137	SELENOO-AS1	GroupA_exclusive	TK92	DEL			1	0
ENSG00000110876	SELPLG	GroupA_exclusive	TK91	DEL			1	0
ENSG00000185033	SEMA4B	GroupA_exclusive	TK93	DEL			1	0
ENSG00000079387	SENP1	GroupA_exclusive	TK16	DEL			1	0
ENSG00000119231	SENP5	GroupA_exclusive	TK92	DEL			1	0
ENSG00000109618	SEPSECS	GroupA_exclusive	TK18	DEL			1	0
ENSG00000255464	SEPTIN14P8	GroupA_exclusive	TK91	DEL			1	0
ENSG00000164402	SEPTIN8	GroupA_exclusive	TK10	DEL			1	0
ENSG00000132824	SERINC3	GroupA_exclusive	TK18	DEL			1	0
ENSG00000021355	SERPINB1	GroupA_exclusive	TK91	DEL			1	0
ENSG00000163536	SERPINI1	GroupA_exclusive	TK93	DEL			1	0
ENSG00000103037	SETD6	GroupA_exclusive	TK93	DEL			1	0
ENSG00000174938	SEZ6L2	GroupA_exclusive	TK91	DEL			1	0
ENSG00000181523	SGSH	GroupA_exclusive	TK92	DEL			1	0
ENSG00000141258	SGSM2	GroupA_exclusive	TK93	DEL			1	0
ENSG00000197860	SGTB	GroupA_exclusive	TK10	DEL			1	0
ENSG00000178188	SH2B1	GroupA_exclusive	TK91	DEL			1	0
ENSG00000027869	SH2D2A	GroupA_exclusive	TK10	DEL			1	0
ENSG00000095370	SH2D3C	GroupA_exclusive	TK92	DEL			1	0
ENSG00000175137	SH3BP5L	GroupA_exclusive	TK10	DEL			1	0
ENSG00000141985	SH3GL1	GroupA_exclusive	TK91	DEL			1	0
ENSG00000264943	SH3GL1P2	GroupA_exclusive	TK91	DEL			1	0
ENSG00000154447	SH3RF1	GroupA_exclusive	TK10	DEL			1	0
ENSG00000169291	SHE	GroupA_exclusive	TK92	DEL			1	0
ENSG00000182199	SHMT2	GroupA_exclusive	TK93	DEL			1	0
ENSG00000164403	SHROOM1	GroupA_exclusive	TK91	DEL			1	0
ENSG00000169375	SIN3A	GroupA_exclusive	TK91	DEL			1	0
ENSG00000116991	SIPA1L2	GroupA_exclusive	TK92	DEL			1	0
ENSG00000198053	SIRPA	GroupA_exclusive	TK92	DEL			1	0
ENSG00000096717	SIRT1	GroupA_exclusive	TK92	DEL			1	0
ENSG00000136603	SKIL	GroupA_exclusive	TK91	DEL			1	0
ENSG00000109171	SLAIN2	GroupA_exclusive	TK18	DEL			1	0
ENSG00000162739	SLAMF6	GroupA_exclusive	TK91	DEL			1	0
ENSG00000026751	SLAMF7	GroupA_exclusive	TK92	DEL			1	0
ENSG00000141526	SLC16A3	GroupA_exclusive	TK92	DEL			1	0
ENSG00000144136	SLC20A1	GroupA_exclusive	TK91	DEL			1	0
ENSG00000223506	SLC20A1P1	GroupA_exclusive	TK10	DEL			1	0
ENSG00000197208	SLC22A4	GroupA_exclusive	TK91	DEL			1	0
ENSG00000197375	SLC22A5	GroupA_exclusive	TK91	DEL			1	0
ENSG00000249288	SLC25A15P5	GroupA_exclusive	TK92	DEL			1	0
ENSG00000178537	SLC25A20	GroupA_exclusive	TK91	DEL			1	0
ENSG00000177542	SLC25A22	GroupA_exclusive	TK91	DEL			1	0
ENSG00000238118	SLC25A24P2	GroupA_exclusive	TK92	DEL			1	0
ENSG00000226421	SLC25A5P5	GroupA_exclusive	TK91	DEL			1	0
ENSG00000225697	SLC26A6	GroupA_exclusive	TK92	DEL			1	0
ENSG00000173262	SLC2A14	GroupA_exclusive	TK91	DEL			1	0
ENSG00000181856	SLC2A4	GroupA_exclusive	TK91	DEL			1	0
ENSG00000125520	SLC2A4RG	GroupA_exclusive	TK91	DEL			1	0
ENSG00000182747	SLC35D3	GroupA_exclusive	TK93	DEL			1	0
ENSG00000175782	SLC35E3	GroupA_exclusive	TK92	DEL			1	0
ENSG00000250012	SLC41A3-AS1	GroupA_exclusive	TK10	DEL			1	0
ENSG00000134802	SLC43A3	GroupA_exclusive	TK16	DEL			1	0
ENSG00000137968	SLC44A5	GroupA_exclusive	TK91	DEL			1	0
ENSG00000113073	SLC4A9	GroupA_exclusive	TK92	DEL			1	0
ENSG00000105641	SLC5A5	GroupA_exclusive	TK92	DEL			1	0
ENSG00000138074	SLC5A6	GroupA_exclusive	TK91	DEL			1	0
ENSG00000103257	SLC7A5	GroupA_exclusive	TK92	DEL			1	0
ENSG00000260727	SLC7A5P1	GroupA_exclusive	TK10	DEL			1	0
ENSG00000103061	SLC7A6OS	GroupA_exclusive	TK16	DEL			1	0
ENSG00000090020	SLC9A1	GroupA_exclusive	TK10	DEL			1	0
ENSG00000198689	SLC9A6	GroupA_exclusive	TK91	DEL			1	0
ENSG00000232803	SLCO4A1-AS1	GroupA_exclusive	TK18	DEL			1	0
ENSG00000138375	SMARCAL1	GroupA_exclusive	TK18	DEL			1	0
ENSG00000283426	SMBD1P	GroupA_exclusive	TK92	DEL			1	0
ENSG00000167447	SMG8	GroupA_exclusive	TK91	DEL			1	0
ENSG00000163683	SMIM14	GroupA_exclusive	TK92	DEL			1	0
ENSG00000255458	SMIM14-DT	GroupA_exclusive	TK92	DEL			1	0
ENSG00000198742	SMURF1	GroupA_exclusive	TK10	DEL			1	0
ENSG00000248121	SMURF2P1	GroupA_exclusive	TK91	DEL			1	0
ENSG00000143499	SMYD2	GroupA_exclusive	TK10	DEL			1	0
ENSG00000023608	SNAPC1	GroupA_exclusive	TK18	DEL			1	0
ENSG00000174446	SNAPC5	GroupA_exclusive	TK16	DEL			1	0
ENSG00000143553	SNAPIN	GroupA_exclusive	TK92	DEL			1	0
ENSG00000174365	SNHG11	GroupA_exclusive	TK91	DEL			1	0
ENSG00000207062	SNORA15B-1	GroupA_exclusive	TK93	DEL			1	0
ENSG00000206947	SNORA20B	GroupA_exclusive	TK18	DEL			1	0
ENSG00000207344	SNORA22C	GroupA_exclusive	TK93	DEL			1	0
ENSG00000206755	SNORA30	GroupA_exclusive	TK92	DEL			1	0
ENSG00000263776	SNORA4	GroupA_exclusive	TK91	DEL			1	0
ENSG00000207406	SNORA41	GroupA_exclusive	TK93	DEL			1	0
ENSG00000253007	SNORA50B	GroupA_exclusive	TK10	DEL			1	0
ENSG00000206597	SNORA57	GroupA_exclusive	TK92	DEL			1	0
ENSG00000239149	SNORA59A	GroupA_exclusive	TK91	DEL			1	0
ENSG00000199266	SNORA60	GroupA_exclusive	TK91	DEL			1	0
ENSG00000201302	SNORA65	GroupA_exclusive	TK92	DEL			1	0
ENSG00000207166	SNORA68	GroupA_exclusive	TK92	DEL			1	0
ENSG00000206622	SNORA69	GroupA_exclusive	TK10	DEL			1	0
ENSG00000252133	SNORA70	GroupA_exclusive	TK91	DEL			1	0
ENSG00000201811	SNORA71	GroupA_exclusive	TK91	DEL			1	0
ENSG00000225091	SNORA71A	GroupA_exclusive	TK91	DEL			1	0
ENSG00000235408	SNORA71B	GroupA_exclusive	TK91	DEL			1	0
ENSG00000201512	SNORA71C	GroupA_exclusive	TK91	DEL			1	0
ENSG00000200354	SNORA71D	GroupA_exclusive	TK91	DEL			1	0
ENSG00000274309	SNORA71E	GroupA_exclusive	TK91	DEL			1	0
ENSG00000274266	SNORA73A	GroupA_exclusive	TK93	DEL			1	0
ENSG00000200087	SNORA73B	GroupA_exclusive	TK93	DEL			1	0
ENSG00000212402	SNORA74B	GroupA_exclusive	TK92	DEL			1	0
ENSG00000265733	SNORA74C-1	GroupA_exclusive	TK92	DEL			1	0
ENSG00000239183	SNORA84	GroupA_exclusive	TK18	DEL			1	0
ENSG00000221116	SNORD110	GroupA_exclusive	TK91	DEL			1	0
ENSG00000201785	SNORD117	GroupA_exclusive	TK92	DEL			1	0
ENSG00000200463	SNORD118	GroupA_exclusive	TK91	DEL			1	0
ENSG00000238886	SNORD121A	GroupA_exclusive	TK92	DEL			1	0
ENSG00000222345	SNORD19C	GroupA_exclusive	TK93	DEL			1	0
ENSG00000212295	SNORD28B	GroupA_exclusive	TK16	DEL			1	0
ENSG00000200831	SNORD36B	GroupA_exclusive	TK93	DEL			1	0
ENSG00000252542	SNORD36C	GroupA_exclusive	TK92	DEL			1	0
ENSG00000209702	SNORD41	GroupA_exclusive	TK93	DEL			1	0
ENSG00000202440	SNORD42	GroupA_exclusive	TK92	DEL			1	0
ENSG00000207047	SNORD51	GroupA_exclusive	TK93	DEL			1	0
ENSG00000201754	SNORD52	GroupA_exclusive	TK93	DEL			1	0
ENSG00000206989	SNORD63	GroupA_exclusive	TK93	DEL			1	0
ENSG00000277512	SNORD65	GroupA_exclusive	TK92	DEL			1	0
ENSG00000212158	SNORD66	GroupA_exclusive	TK93	DEL			1	0
ENSG00000200785	SNORD8	GroupA_exclusive	TK10	DEL			1	0
ENSG00000272296	SNORD96A	GroupA_exclusive	TK93	DEL			1	0
ENSG00000184209	SNRNP35	GroupA_exclusive	TK91	DEL			1	0
ENSG00000100028	SNRPD3	GroupA_exclusive	TK10	DEL			1	0
ENSG00000270526	SNRPGP19	GroupA_exclusive	TK93	DEL			1	0
ENSG00000104497	SNX16	GroupA_exclusive	TK92	DEL			1	0
ENSG00000124104	SNX21	GroupA_exclusive	TK10	DEL			1	0
ENSG00000109762	SNX25	GroupA_exclusive	TK10	DEL			1	0
ENSG00000057252	SOAT1	GroupA_exclusive	TK16	DEL			1	0
ENSG00000227536	SOCS5P4	GroupA_exclusive	TK10	DEL			1	0
ENSG00000149639	SOGA1	GroupA_exclusive	TK10	DEL			1	0
ENSG00000290387	SORD2P	GroupA_exclusive	TK10	DEL			1	0
ENSG00000171489	SPACA5	GroupA_exclusive	TK91	DEL			1	0
ENSG00000155761	SPAG17	GroupA_exclusive	TK18	DEL			1	0
ENSG00000186451	SPATA12	GroupA_exclusive	TK93	DEL			1	0
ENSG00000170469	SPATA24	GroupA_exclusive	TK16	DEL			1	0
ENSG00000158792	SPATA2L	GroupA_exclusive	TK91	DEL			1	0
ENSG00000167523	SPATA33	GroupA_exclusive	TK91	DEL			1	0
ENSG00000100014	SPECC1L	GroupA_exclusive	TK10	DEL			1	0
ENSG00000197912	SPG7	GroupA_exclusive	TK91	DEL			1	0
ENSG00000204909	SPINK9	GroupA_exclusive	TK92	DEL			1	0
ENSG00000166145	SPINT1	GroupA_exclusive	TK18	DEL			1	0
ENSG00000261183	SPINT1-AS1	GroupA_exclusive	TK18	DEL			1	0
ENSG00000197471	SPN	GroupA_exclusive	TK10	DEL			1	0
ENSG00000169682	SPNS1	GroupA_exclusive	TK91	DEL			1	0
ENSG00000157837	SPPL3	GroupA_exclusive	TK10	DEL			1	0
ENSG00000168939	SPRY3	GroupA_exclusive	TK10	DEL			1	0
ENSG00000238018	SPTBN1-AS2	GroupA_exclusive	TK91	DEL			1	0
ENSG00000230397	SPTLC1P1	GroupA_exclusive	TK91	DEL			1	0
ENSG00000213523	SRA1	GroupA_exclusive	TK93	DEL			1	0
ENSG00000151304	SRFBP1	GroupA_exclusive	TK91	DEL			1	0
ENSG00000230806	SRGAP2-AS1	GroupA_exclusive	TK91	DEL			1	0
ENSG00000196220	SRGAP3	GroupA_exclusive	TK10	DEL			1	0
ENSG00000226763	SRRM5	GroupA_exclusive	TK93	DEL			1	0
ENSG00000115875	SRSF7	GroupA_exclusive	TK93	DEL			1	0
ENSG00000230832	SSBL4P	GroupA_exclusive	TK92	DEL			1	0
ENSG00000149136	SSRP1	GroupA_exclusive	TK91	DEL			1	0
ENSG00000117155	SSX2IP	GroupA_exclusive	TK91	DEL			1	0
ENSG00000171483	SSX6P	GroupA_exclusive	TK91	DEL			1	0
ENSG00000259332	ST20-MTHFS	GroupA_exclusive	TK92	DEL			1	0
ENSG00000115525	ST3GAL5	GroupA_exclusive	TK92	DEL			1	0
ENSG00000064225	ST3GAL6	GroupA_exclusive	TK10	DEL			1	0
ENSG00000073849	ST6GAL1	GroupA_exclusive	TK92	DEL			1	0
ENSG00000111728	ST8SIA1	GroupA_exclusive	TK18	DEL			1	0
ENSG00000066923	STAG3	GroupA_exclusive	TK91	DEL			1	0
ENSG00000136738	STAM	GroupA_exclusive	TK91	DEL			1	0
ENSG00000260589	STAM-DT	GroupA_exclusive	TK91	DEL			1	0
ENSG00000131748	STARD3	GroupA_exclusive	TK18	DEL			1	0
ENSG00000173757	STAT5B	GroupA_exclusive	TK10	DEL			1	0
ENSG00000166888	STAT6	GroupA_exclusive	TK92	DEL			1	0
ENSG00000144589	STK11IP	GroupA_exclusive	TK93	DEL			1	0
ENSG00000211455	STK38L	GroupA_exclusive	TK18	DEL			1	0
ENSG00000197768	STPG3	GroupA_exclusive	TK91	DEL			1	0
ENSG00000275549	STPG3-AS1	GroupA_exclusive	TK91	DEL			1	0
ENSG00000023734	STRAP	GroupA_exclusive	TK16	DEL			1	0
ENSG00000196792	STRN3	GroupA_exclusive	TK18	DEL			1	0
ENSG00000104915	STX10	GroupA_exclusive	TK16	DEL			1	0
ENSG00000103496	STX4	GroupA_exclusive	TK93	DEL			1	0
ENSG00000164506	STXBP5	GroupA_exclusive	TK10	DEL			1	0
ENSG00000260247	SUB1P4	GroupA_exclusive	TK16	DEL			1	0
ENSG00000172340	SUCLG2	GroupA_exclusive	TK92	DEL			1	0
ENSG00000253328	SUMO2P19	GroupA_exclusive	TK91	DEL			1	0
ENSG00000224971	SUMO2P3	GroupA_exclusive	TK92	DEL			1	0
ENSG00000197321	SVIL	GroupA_exclusive	TK92	DEL			1	0
ENSG00000224597	SVIL-AS1	GroupA_exclusive	TK92	DEL			1	0
ENSG00000291093	SVIL-AS1	GroupA_exclusive	TK92	DEL			1	0
ENSG00000173928	SWSAP1	GroupA_exclusive	TK92	DEL			1	0
ENSG00000161860	SYCE2	GroupA_exclusive	TK91	DEL			1	0
ENSG00000162520	SYNC	GroupA_exclusive	TK91	DEL			1	0
ENSG00000100321	SYNGR1	GroupA_exclusive	TK10	DEL			1	0
ENSG00000108639	SYNGR2	GroupA_exclusive	TK91	DEL			1	0
ENSG00000166317	SYNPO2L	GroupA_exclusive	TK93	DEL			1	0
ENSG00000271848	SYNPO2L-AS1	GroupA_exclusive	TK93	DEL			1	0
ENSG00000213023	SYT3	GroupA_exclusive	TK10	DEL			1	0
ENSG00000256678	SZRD1P1	GroupA_exclusive	TK92	DEL			1	0
ENSG00000136463	TACO1	GroupA_exclusive	TK16	DEL			1	0
ENSG00000197780	TAF13	GroupA_exclusive	TK92	DEL			1	0
ENSG00000115750	TAF1B	GroupA_exclusive	TK91	DEL			1	0
ENSG00000267369	TAF5LP1	GroupA_exclusive	TK91	DEL			1	0
ENSG00000289740	TALAM1	GroupA_exclusive	TK93	DEL			1	0
ENSG00000249572	TARS1-DT	GroupA_exclusive	TK91	DEL			1	0
ENSG00000169962	TAS1R3	GroupA_exclusive	TK92	DEL			1	0
ENSG00000234369	TATDN1P1	GroupA_exclusive	TK92	DEL			1	0
ENSG00000107021	TBC1D13	GroupA_exclusive	TK18	DEL			1	0
ENSG00000167291	TBC1D16	GroupA_exclusive	TK18	DEL			1	0
ENSG00000036054	TBC1D23	GroupA_exclusive	TK92	DEL			1	0
ENSG00000285509	TBCEL-TECTA	GroupA_exclusive	TK16	DEL			1	0
ENSG00000145348	TBCK	GroupA_exclusive	TK10	DEL			1	0
ENSG00000177565	TBL1XR1	GroupA_exclusive	TK10	DEL			1	0
ENSG00000136270	TBRG4	GroupA_exclusive	TK93	DEL			1	0
ENSG00000168778	TCTN2	GroupA_exclusive	TK91	DEL			1	0
ENSG00000163239	TDRD10	GroupA_exclusive	TK92	DEL			1	0
ENSG00000007866	TEAD3	GroupA_exclusive	TK10	DEL			1	0
ENSG00000167858	TEKT1	GroupA_exclusive	TK91	DEL			1	0
ENSG00000257949	TEN1	GroupA_exclusive	TK91	DEL			1	0
ENSG00000261408	TEN1-CDK3	GroupA_exclusive	TK91	DEL			1	0
ENSG00000232186	TERF1P7	GroupA_exclusive	TK92	DEL			1	0
ENSG00000198176	TFDP1	GroupA_exclusive	TK16	DEL			1	0
ENSG00000259493	TFDP1P3	GroupA_exclusive	TK93	DEL			1	0
ENSG00000041988	THAP3	GroupA_exclusive	TK18	DEL			1	0
ENSG00000177683	THAP5	GroupA_exclusive	TK16	DEL			1	0
ENSG00000249693	THEGL	GroupA_exclusive	TK91	DEL			1	0
ENSG00000196407	THEM5	GroupA_exclusive	TK10	DEL			1	0
ENSG00000185875	THNSL1	GroupA_exclusive	TK92	DEL			1	0
ENSG00000156299	TIAM1	GroupA_exclusive	TK16	DEL			1	0
ENSG00000126768	TIMM17B	GroupA_exclusive	TK91	DEL			1	0
ENSG00000105197	TIMM50	GroupA_exclusive	TK18	DEL			1	0
ENSG00000149926	TLCD3B	GroupA_exclusive	TK91	DEL			1	0
ENSG00000065717	TLE2	GroupA_exclusive	TK10	DEL			1	0
ENSG00000146872	TLK2	GroupA_exclusive	TK91	DEL			1	0
ENSG00000137076	TLN1	GroupA_exclusive	TK92	DEL			1	0
ENSG00000169490	TM2D2	GroupA_exclusive	TK16	DEL			1	0
ENSG00000135926	TMBIM1	GroupA_exclusive	TK93	DEL			1	0
ENSG00000271270	TMCC1-DT	GroupA_exclusive	TK93	DEL			1	0
ENSG00000254618	TMED10P1	GroupA_exclusive	TK91	DEL			1	0
ENSG00000179029	TMEM107	GroupA_exclusive	TK91	DEL			1	0
ENSG00000183160	TMEM119	GroupA_exclusive	TK91	DEL			1	0
ENSG00000231840	TMEM139-AS1	GroupA_exclusive	TK18	DEL			1	0
ENSG00000249242	TMEM150C	GroupA_exclusive	TK92	DEL			1	0
ENSG00000215717	TMEM167B	GroupA_exclusive	TK92	DEL			1	0
ENSG00000273382	TMEM167B-DT	GroupA_exclusive	TK92	DEL			1	0
ENSG00000166822	TMEM170A	GroupA_exclusive	TK18	DEL			1	0
ENSG00000127419	TMEM175	GroupA_exclusive	TK92	DEL			1	0
ENSG00000139291	TMEM19	GroupA_exclusive	TK92	DEL			1	0
ENSG00000146842	TMEM209	GroupA_exclusive	TK93	DEL			1	0
ENSG00000168569	TMEM223	GroupA_exclusive	TK18	DEL			1	0
ENSG00000262481	TMEM256-PLSCR3	GroupA_exclusive	TK93	DEL			1	0
ENSG00000165685	TMEM52B	GroupA_exclusive	TK18	DEL			1	0
ENSG00000135211	TMEM60	GroupA_exclusive	TK92	DEL			1	0
ENSG00000137216	TMEM63B	GroupA_exclusive	TK10	DEL			1	0
ENSG00000175606	TMEM70	GroupA_exclusive	TK10	DEL			1	0
ENSG00000144747	TMF1	GroupA_exclusive	TK10	DEL			1	0
ENSG00000257167	TMPO-AS1	GroupA_exclusive	TK92	DEL			1	0
ENSG00000118503	TNFAIP3	GroupA_exclusive	TK92	DEL			1	0
ENSG00000173535	TNFRSF10C	GroupA_exclusive	TK92	DEL			1	0
ENSG00000173530	TNFRSF10D	GroupA_exclusive	TK92	DEL			1	0
ENSG00000120337	TNFSF18	GroupA_exclusive	TK91	DEL			1	0
ENSG00000117586	TNFSF4	GroupA_exclusive	TK91	DEL			1	0
ENSG00000125657	TNFSF9	GroupA_exclusive	TK91	DEL			1	0
ENSG00000168884	TNIP2	GroupA_exclusive	TK10	DEL			1	0
ENSG00000105048	TNNT1	GroupA_exclusive	TK10	DEL			1	0
ENSG00000168477	TNXB	GroupA_exclusive	TK10	DEL			1	0
ENSG00000255987	TOMM20P2	GroupA_exclusive	TK91	DEL			1	0
ENSG00000100216	TOMM22	GroupA_exclusive	TK92	DEL			1	0
ENSG00000158882	TOMM40L	GroupA_exclusive	TK93	DEL			1	0
ENSG00000160949	TONSL	GroupA_exclusive	TK92	DEL			1	0
ENSG00000198113	TOR4A	GroupA_exclusive	TK91	DEL			1	0
ENSG00000092203	TOX4	GroupA_exclusive	TK92	DEL			1	0
ENSG00000143514	TP53BP2	GroupA_exclusive	TK91	DEL			1	0
ENSG00000115129	TP53I3	GroupA_exclusive	TK91	DEL			1	0
ENSG00000078804	TP53INP2	GroupA_exclusive	TK10	DEL			1	0
ENSG00000171368	TPPP	GroupA_exclusive	TK16	DEL			1	0
ENSG00000269097	TPRG1LP1	GroupA_exclusive	TK91	DEL			1	0
ENSG00000100181	TPTEP1	GroupA_exclusive	TK92	DEL			1	0
ENSG00000290418	TPTEP1	GroupA_exclusive	TK92	DEL			1	0
ENSG00000170638	TRABD	GroupA_exclusive	TK92	DEL			1	0
ENSG00000273253	TRABD-AS1	GroupA_exclusive	TK92	DEL			1	0
ENSG00000167632	TRAPPC9	GroupA_exclusive	TK92	DEL			1	0
ENSG00000211751	TRBC1	GroupA_exclusive	TK16	DEL			1	0
ENSG00000282320	TRBJ1-1	GroupA_exclusive	TK16	DEL			1	0
ENSG00000282420	TRBJ1-2	GroupA_exclusive	TK16	DEL			1	0
ENSG00000282133	TRBJ1-3	GroupA_exclusive	TK16	DEL			1	0
ENSG00000281958	TRBJ1-4	GroupA_exclusive	TK16	DEL			1	0
ENSG00000282173	TRBJ1-5	GroupA_exclusive	TK16	DEL			1	0
ENSG00000282780	TRBJ1-6	GroupA_exclusive	TK16	DEL			1	0
ENSG00000211764	TRBJ2-1	GroupA_exclusive	TK16	DEL			1	0
ENSG00000211765	TRBJ2-2	GroupA_exclusive	TK16	DEL			1	0
ENSG00000211766	TRBJ2-2P	GroupA_exclusive	TK16	DEL			1	0
ENSG00000211767	TRBJ2-3	GroupA_exclusive	TK16	DEL			1	0
ENSG00000177238	TRIM72	GroupA_exclusive	TK18	DEL			1	0
ENSG00000178809	TRIM73	GroupA_exclusive	TK91	DEL			1	0
ENSG00000103671	TRIP4	GroupA_exclusive	TK10	DEL			1	0
ENSG00000099899	TRMT2A	GroupA_exclusive	TK92	DEL			1	0
ENSG00000089195	TRMT6	GroupA_exclusive	TK16	DEL			1	0
ENSG00000258334	TROAP-AS1	GroupA_exclusive	TK91	DEL			1	0
ENSG00000226874	TRPC6P10	GroupA_exclusive	TK92	DEL			1	0
ENSG00000134160	TRPM1	GroupA_exclusive	TK91	DEL			1	0
ENSG00000163467	TSACC	GroupA_exclusive	TK92	DEL			1	0
ENSG00000165699	TSC1	GroupA_exclusive	TK91	DEL			1	0
ENSG00000170892	TSEN34	GroupA_exclusive	TK93	DEL			1	0
ENSG00000074319	TSG101	GroupA_exclusive	TK93	DEL			1	0
ENSG00000130167	TSPAN16	GroupA_exclusive	TK92	DEL			1	0
ENSG00000214063	TSPAN4	GroupA_exclusive	TK91	DEL			1	0
ENSG00000184205	TSPYL2	GroupA_exclusive	TK91	DEL			1	0
ENSG00000052841	TTC17	GroupA_exclusive	TK18	DEL			1	0
ENSG00000136319	TTC5	GroupA_exclusive	TK91	DEL			1	0
ENSG00000137941	TTLL7	GroupA_exclusive	TK10	DEL			1	0
ENSG00000233061	TTLL7-IT1	GroupA_exclusive	TK10	DEL			1	0
ENSG00000127824	TUBA4A	GroupA_exclusive	TK10	DEL			1	0
ENSG00000243910	TUBA4B	GroupA_exclusive	TK10	DEL			1	0
ENSG00000104833	TUBB4A	GroupA_exclusive	TK91	DEL			1	0
ENSG00000261456	TUBB8	GroupA_exclusive	TK91	DEL			1	0
ENSG00000258406	TUBBP3	GroupA_exclusive	TK91	DEL			1	0
ENSG00000235207	TUBBP6	GroupA_exclusive	TK92	DEL			1	0
ENSG00000178952	TUFM	GroupA_exclusive	TK91	DEL			1	0
ENSG00000265646	TUFMP1	GroupA_exclusive	TK91	DEL			1	0
ENSG00000114383	TUSC2	GroupA_exclusive	TK93	DEL			1	0
ENSG00000104723	TUSC3	GroupA_exclusive	TK91	DEL			1	0
ENSG00000243224	TWF2-DT	GroupA_exclusive	TK16	DEL			1	0
ENSG00000115514	TXNDC9	GroupA_exclusive	TK91	DEL			1	0
ENSG00000092445	TYRO3	GroupA_exclusive	TK10	DEL			1	0
ENSG00000275635	U7	GroupA_exclusive	TK92	DEL			1	0
ENSG00000033178	UBA6	GroupA_exclusive	TK16	DEL			1	0
ENSG00000175063	UBE2C	GroupA_exclusive	TK93	DEL			1	0
ENSG00000078140	UBE2K	GroupA_exclusive	TK92	DEL			1	0
ENSG00000156587	UBE2L6	GroupA_exclusive	TK92	DEL			1	0
ENSG00000267463	UBE2V2P2	GroupA_exclusive	TK91	DEL			1	0
ENSG00000159202	UBE2Z	GroupA_exclusive	TK10	DEL			1	0
ENSG00000114062	UBE3A	GroupA_exclusive	TK18	DEL			1	0
ENSG00000009335	UBE3C	GroupA_exclusive	TK93	DEL			1	0
ENSG00000130939	UBE4B	GroupA_exclusive	TK91	DEL			1	0
ENSG00000246263	UBR5-DT	GroupA_exclusive	TK91	DEL			1	0
ENSG00000162191	UBXN1	GroupA_exclusive	TK92	DEL			1	0
ENSG00000163960	UBXN7	GroupA_exclusive	TK92	DEL			1	0
ENSG00000130717	UCK1	GroupA_exclusive	TK10	DEL			1	0
ENSG00000143222	UFC1	GroupA_exclusive	TK93	DEL			1	0
ENSG00000109814	UGDH	GroupA_exclusive	TK16	DEL			1	0
ENSG00000249348	UGDH-AS1	GroupA_exclusive	TK92	DEL			1	0
ENSG00000152332	UHMK1	GroupA_exclusive	TK92	DEL			1	0
ENSG00000177169	ULK1	GroupA_exclusive	TK10	DEL			1	0
ENSG00000198722	UNC13B	GroupA_exclusive	TK93	DEL			1	0
ENSG00000100024	UPB1	GroupA_exclusive	TK10	DEL			1	0
ENSG00000204922	UQCC3	GroupA_exclusive	TK92	DEL			1	0
ENSG00000164405	UQCRQ	GroupA_exclusive	TK91	DEL			1	0
ENSG00000126088	UROD	GroupA_exclusive	TK91	DEL			1	0
ENSG00000103005	USB1	GroupA_exclusive	TK10	DEL			1	0
ENSG00000226501	USF1P1	GroupA_exclusive	TK92	DEL			1	0
ENSG00000223443	USP17L2	GroupA_exclusive	TK92	DEL			1	0
ENSG00000226430	USP17L7	GroupA_exclusive	TK92	DEL			1	0
ENSG00000172046	USP19	GroupA_exclusive	TK92	DEL			1	0
ENSG00000245248	USP2-AS1	GroupA_exclusive	TK18	DEL			1	0
ENSG00000136878	USP20	GroupA_exclusive	TK10	DEL			1	0
ENSG00000106346	USP42	GroupA_exclusive	TK92	DEL			1	0
ENSG00000170236	USP50	GroupA_exclusive	TK92	DEL			1	0
ENSG00000284516	VAMP9P	GroupA_exclusive	TK92	DEL			1	0
ENSG00000162738	VANGL2	GroupA_exclusive	TK91	DEL			1	0
ENSG00000124164	VAPB	GroupA_exclusive	TK16	DEL			1	0
ENSG00000100483	VCPKMT	GroupA_exclusive	TK16	DEL			1	0
ENSG00000136451	VEZF1	GroupA_exclusive	TK91	DEL			1	0
ENSG00000189030	VHLL	GroupA_exclusive	TK92	DEL			1	0
ENSG00000187650	VMAC	GroupA_exclusive	TK91	DEL			1	0
ENSG00000223476	VN1R42P	GroupA_exclusive	TK93	DEL			1	0
ENSG00000264837	VN1R71P	GroupA_exclusive	TK91	DEL			1	0
ENSG00000268995	VN1R82P	GroupA_exclusive	TK92	DEL			1	0
ENSG00000268521	VN1R83P	GroupA_exclusive	TK92	DEL			1	0
ENSG00000269320	VN1R93P	GroupA_exclusive	TK92	DEL			1	0
ENSG00000223475	VOPP1-DT	GroupA_exclusive	TK92	DEL			1	0
ENSG00000160695	VPS11	GroupA_exclusive	TK18	DEL			1	0
ENSG00000048707	VPS13D	GroupA_exclusive	TK91	DEL			1	0
ENSG00000215305	VPS16	GroupA_exclusive	TK93	DEL			1	0
ENSG00000131475	VPS25	GroupA_exclusive	TK10	DEL			1	0
ENSG00000151502	VPS26B	GroupA_exclusive	TK93	DEL			1	0
ENSG00000075399	VPS9D1	GroupA_exclusive	TK91	DEL			1	0
ENSG00000241717	VWFP1	GroupA_exclusive	TK92	DEL			1	0
ENSG00000231365	WARS2-AS1	GroupA_exclusive	TK91	DEL			1	0
ENSG00000239779	WBP1	GroupA_exclusive	TK93	DEL			1	0
ENSG00000253612	WBP1LP3	GroupA_exclusive	TK91	DEL			1	0
ENSG00000269732	WBP1LP7	GroupA_exclusive	TK91	DEL			1	0
ENSG00000120688	WBP4	GroupA_exclusive	TK16	DEL			1	0
ENSG00000163026	WDCP	GroupA_exclusive	TK18	DEL			1	0
ENSG00000157796	WDR19	GroupA_exclusive	TK16	DEL			1	0
ENSG00000065183	WDR3	GroupA_exclusive	TK18	DEL			1	0
ENSG00000163811	WDR43	GroupA_exclusive	TK16	DEL			1	0
ENSG00000196998	WDR45	GroupA_exclusive	TK91	DEL			1	0
ENSG00000141580	WDR45B	GroupA_exclusive	TK18	DEL			1	0
ENSG00000005448	WDR54	GroupA_exclusive	TK92	DEL			1	0
ENSG00000120314	WDR55	GroupA_exclusive	TK16	DEL			1	0
ENSG00000091157	WDR7	GroupA_exclusive	TK10	DEL			1	0
ENSG00000166415	WDR72	GroupA_exclusive	TK91	DEL			1	0
ENSG00000164091	WDR82	GroupA_exclusive	TK93	DEL			1	0
ENSG00000276141	WHAMMP3	GroupA_exclusive	TK92	DEL			1	0
ENSG00000109046	WSB1	GroupA_exclusive	TK92	DEL			1	0
ENSG00000179314	WSCD1	GroupA_exclusive	TK91	DEL			1	0
ENSG00000249947	XBP1P1	GroupA_exclusive	TK16	DEL			1	0
ENSG00000101966	XIAP	GroupA_exclusive	TK91	DEL			1	0
ENSG00000237331	XIAP-AS1	GroupA_exclusive	TK91	DEL			1	0
ENSG00000172967	XKR3	GroupA_exclusive	TK92	DEL			1	0
ENSG00000221947	XKR9	GroupA_exclusive	TK91	DEL			1	0
ENSG00000214185	XPOTP1	GroupA_exclusive	TK92	DEL			1	0
ENSG00000196584	XRCC2	GroupA_exclusive	TK92	DEL			1	0
ENSG00000166435	XRRA1	GroupA_exclusive	TK91	DEL			1	0
ENSG00000015532	XYLT2	GroupA_exclusive	TK91	DEL			1	0
ENSG00000006047	YBX2	GroupA_exclusive	TK91	DEL			1	0
ENSG00000100027	YPEL1	GroupA_exclusive	TK10	DEL			1	0
ENSG00000108953	YWHAE	GroupA_exclusive	TK10	DEL			1	0
ENSG00000249986	YWHAQP6	GroupA_exclusive	TK16	DEL			1	0
ENSG00000230797	YY2	GroupA_exclusive	TK93	DEL			1	0
ENSG00000199705	Y_RNA	GroupA_exclusive	TK91	DEL			1	0
ENSG00000200162	Y_RNA	GroupA_exclusive	TK91	DEL			1	0
ENSG00000200702	Y_RNA	GroupA_exclusive	TK91	DEL			1	0
ENSG00000200842	Y_RNA	GroupA_exclusive	TK10	DEL			1	0
ENSG00000200884	Y_RNA	GroupA_exclusive	TK16	DEL			1	0
ENSG00000201074	Y_RNA	GroupA_exclusive	TK10	DEL			1	0
ENSG00000201178	Y_RNA	GroupA_exclusive	TK10	DEL			1	0
ENSG00000201208	Y_RNA	GroupA_exclusive	TK18	DEL			1	0
ENSG00000201663	Y_RNA	GroupA_exclusive	TK91	DEL			1	0
ENSG00000202078	Y_RNA	GroupA_exclusive	TK91	DEL			1	0
ENSG00000202251	Y_RNA	GroupA_exclusive	TK91	DEL			1	0
ENSG00000202385	Y_RNA	GroupA_exclusive	TK92	DEL			1	0
ENSG00000202417	Y_RNA	GroupA_exclusive	TK91	DEL			1	0
ENSG00000206738	Y_RNA	GroupA_exclusive	TK10	DEL			1	0
ENSG00000206840	Y_RNA	GroupA_exclusive	TK92	DEL			1	0
ENSG00000206951	Y_RNA	GroupA_exclusive	TK91	DEL			1	0
ENSG00000207247	Y_RNA	GroupA_exclusive	TK93	DEL			1	0
ENSG00000207294	Y_RNA	GroupA_exclusive	TK91	DEL			1	0
ENSG00000207379	Y_RNA	GroupA_exclusive	TK92	DEL			1	0
ENSG00000207425	Y_RNA	GroupA_exclusive	TK92	DEL			1	0
ENSG00000207450	Y_RNA	GroupA_exclusive	TK18	DEL			1	0
ENSG00000222432	Y_RNA	GroupA_exclusive	TK92	DEL			1	0
ENSG00000222511	Y_RNA	GroupA_exclusive	TK10	DEL			1	0
ENSG00000223220	Y_RNA	GroupA_exclusive	TK91	DEL			1	0
ENSG00000238749	Y_RNA	GroupA_exclusive	TK91	DEL			1	0
ENSG00000252894	Y_RNA	GroupA_exclusive	TK10	DEL			1	0
ENSG00000252975	Y_RNA	GroupA_exclusive	TK92	DEL			1	0
ENSG00000275930	Y_RNA	GroupA_exclusive	TK91	DEL			1	0
ENSG00000115085	ZAP70	GroupA_exclusive	TK18	DEL			1	0
ENSG00000257315	ZBED6	GroupA_exclusive	TK92	DEL			1	0
ENSG00000256628	ZBTB11-AS1	GroupA_exclusive	TK91	DEL			1	0
ENSG00000180610	ZBTB12BP	GroupA_exclusive	TK92	DEL			1	0
ENSG00000181472	ZBTB2	GroupA_exclusive	TK92	DEL			1	0
ENSG00000177311	ZBTB38	GroupA_exclusive	TK16	DEL			1	0
ENSG00000174282	ZBTB4	GroupA_exclusive	TK10	DEL			1	0
ENSG00000119574	ZBTB45	GroupA_exclusive	TK91	DEL			1	0
ENSG00000130584	ZBTB46	GroupA_exclusive	TK91	DEL			1	0
ENSG00000229299	ZBTB46-AS2	GroupA_exclusive	TK91	DEL			1	0
ENSG00000176261	ZBTB8OS	GroupA_exclusive	TK92	DEL			1	0
ENSG00000172799	ZBTB8OSP2	GroupA_exclusive	TK91	DEL			1	0
ENSG00000058673	ZC3H11A	GroupA_exclusive	TK92	DEL			1	0
ENSG00000091732	ZC3HC1	GroupA_exclusive	TK10	DEL			1	0
ENSG00000236953	ZDHHC20-IT1	GroupA_exclusive	TK10	DEL			1	0
ENSG00000223702	ZDHHC20P2	GroupA_exclusive	TK92	DEL			1	0
ENSG00000188706	ZDHHC9	GroupA_exclusive	TK10	DEL			1	0
ENSG00000148516	ZEB1	GroupA_exclusive	TK91	DEL			1	0
ENSG00000066827	ZFAT	GroupA_exclusive	TK10	DEL			1	0
ENSG00000248492	ZFAT-AS1	GroupA_exclusive	TK10	DEL			1	0
ENSG00000133858	ZFC3H1	GroupA_exclusive	TK16	DEL			1	0
ENSG00000165861	ZFYVE1	GroupA_exclusive	TK92	DEL			1	0
ENSG00000159733	ZFYVE28	GroupA_exclusive	TK92	DEL			1	0
ENSG00000171649	ZIK1	GroupA_exclusive	TK91	DEL			1	0
ENSG00000147130	ZMYM3	GroupA_exclusive	TK93	DEL			1	0
ENSG00000132950	ZMYM5	GroupA_exclusive	TK18	DEL			1	0
ENSG00000015171	ZMYND11	GroupA_exclusive	TK91	DEL			1	0
ENSG00000103994	ZNF106	GroupA_exclusive	TK18	DEL			1	0
ENSG00000152926	ZNF117	GroupA_exclusive	TK93	DEL			1	0
ENSG00000197961	ZNF121	GroupA_exclusive	TK16	DEL			1	0
ENSG00000196387	ZNF140	GroupA_exclusive	TK92	DEL			1	0
ENSG00000115568	ZNF142	GroupA_exclusive	TK18	DEL			1	0
ENSG00000179909	ZNF154	GroupA_exclusive	TK91	DEL			1	0
ENSG00000170631	ZNF16	GroupA_exclusive	TK91	DEL			1	0
ENSG00000186272	ZNF17	GroupA_exclusive	TK92	DEL			1	0
ENSG00000096654	ZNF184	GroupA_exclusive	TK93	DEL			1	0
ENSG00000159885	ZNF222	GroupA_exclusive	TK91	DEL			1	0
ENSG00000267144	ZNF222-DT	GroupA_exclusive	TK91	DEL			1	0
ENSG00000178386	ZNF223	GroupA_exclusive	TK91	DEL			1	0
ENSG00000267680	ZNF224	GroupA_exclusive	TK91	DEL			1	0
ENSG00000256294	ZNF225	GroupA_exclusive	TK91	DEL			1	0
ENSG00000186019	ZNF225-AS1	GroupA_exclusive	TK91	DEL			1	0
ENSG00000159882	ZNF230	GroupA_exclusive	TK91	DEL			1	0
ENSG00000266921	ZNF230-DT	GroupA_exclusive	TK91	DEL			1	0
ENSG00000159917	ZNF235	GroupA_exclusive	TK16	DEL			1	0
ENSG00000198105	ZNF248	GroupA_exclusive	TK91	DEL			1	0
ENSG00000175395	ZNF25	GroupA_exclusive	TK92	DEL			1	0
ENSG00000226447	ZNF25-DT	GroupA_exclusive	TK92	DEL			1	0
ENSG00000196150	ZNF250	GroupA_exclusive	TK91	DEL			1	0
ENSG00000198169	ZNF251	GroupA_exclusive	TK91	DEL			1	0
ENSG00000196922	ZNF252P	GroupA_exclusive	TK91	DEL			1	0
ENSG00000291080	ZNF252P	GroupA_exclusive	TK91	DEL			1	0
ENSG00000255559	ZNF252P-AS1	GroupA_exclusive	TK91	DEL			1	0
ENSG00000256771	ZNF253	GroupA_exclusive	TK92	DEL			1	0
ENSG00000213096	ZNF254	GroupA_exclusive	TK91	DEL			1	0
ENSG00000090612	ZNF268	GroupA_exclusive	TK18	DEL			1	0
ENSG00000198039	ZNF273	GroupA_exclusive	TK93	DEL			1	0
ENSG00000158805	ZNF276	GroupA_exclusive	TK91	DEL			1	0
ENSG00000186026	ZNF284	GroupA_exclusive	TK91	DEL			1	0
ENSG00000213801	ZNF321P	GroupA_exclusive	TK91	DEL			1	0
ENSG00000181894	ZNF329	GroupA_exclusive	TK91	DEL			1	0
ENSG00000196378	ZNF34	GroupA_exclusive	TK91	DEL			1	0
ENSG00000197937	ZNF347	GroupA_exclusive	TK91	DEL			1	0
ENSG00000169981	ZNF35	GroupA_exclusive	TK91	DEL			1	0
ENSG00000234420	ZNF37BP	GroupA_exclusive	TK92	DEL			1	0
ENSG00000220248	ZNF402P	GroupA_exclusive	TK92	DEL			1	0
ENSG00000170954	ZNF415	GroupA_exclusive	TK91	DEL			1	0
ENSG00000083817	ZNF416	GroupA_exclusive	TK91	DEL			1	0
ENSG00000197013	ZNF429	GroupA_exclusive	TK92	DEL			1	0
ENSG00000142528	ZNF473	GroupA_exclusive	TK16	DEL			1	0
ENSG00000162714	ZNF496	GroupA_exclusive	TK92	DEL			1	0
ENSG00000196700	ZNF512B	GroupA_exclusive	TK91	DEL			1	0
ENSG00000163795	ZNF513	GroupA_exclusive	TK92	DEL			1	0
ENSG00000197363	ZNF517	GroupA_exclusive	TK91	DEL			1	0
ENSG00000249025	ZNF519P4	GroupA_exclusive	TK92	DEL			1	0
ENSG00000167625	ZNF526	GroupA_exclusive	TK91	DEL			1	0
ENSG00000183647	ZNF530	GroupA_exclusive	TK91	DEL			1	0
ENSG00000198131	ZNF544	GroupA_exclusive	TK91	DEL			1	0
ENSG00000187187	ZNF546	GroupA_exclusive	TK92	DEL			1	0
ENSG00000204519	ZNF551	GroupA_exclusive	TK91	DEL			1	0
ENSG00000105732	ZNF574	GroupA_exclusive	TK91	DEL			1	0
ENSG00000245680	ZNF585B	GroupA_exclusive	TK91	DEL			1	0
ENSG00000142556	ZNF614	GroupA_exclusive	TK18	DEL			1	0
ENSG00000277541	ZNF630-AS1	GroupA_exclusive	TK91	DEL			1	0
ENSG00000121864	ZNF639	GroupA_exclusive	TK16	DEL			1	0
ENSG00000122482	ZNF644	GroupA_exclusive	TK16	DEL			1	0
ENSG00000197497	ZNF665	GroupA_exclusive	TK91	DEL			1	0
ENSG00000083814	ZNF671	GroupA_exclusive	TK91	DEL			1	0
ENSG00000197372	ZNF675	GroupA_exclusive	TK92	DEL			1	0
ENSG00000147789	ZNF7	GroupA_exclusive	TK91	DEL			1	0
ENSG00000167562	ZNF701	GroupA_exclusive	TK92	DEL			1	0
ENSG00000182141	ZNF708	GroupA_exclusive	TK92	DEL			1	0
ENSG00000213967	ZNF726	GroupA_exclusive	TK91	DEL			1	0
ENSG00000172687	ZNF738	GroupA_exclusive	TK92	DEL			1	0
ENSG00000186230	ZNF749	GroupA_exclusive	TK92	DEL			1	0
ENSG00000197054	ZNF763	GroupA_exclusive	TK91	DEL			1	0
ENSG00000179965	ZNF771	GroupA_exclusive	TK10	DEL			1	0
ENSG00000196453	ZNF777	GroupA_exclusive	TK10	DEL			1	0
ENSG00000170100	ZNF778	GroupA_exclusive	TK18	DEL			1	0
ENSG00000196152	ZNF79	GroupA_exclusive	TK18	DEL			1	0
ENSG00000173875	ZNF791	GroupA_exclusive	TK91	DEL			1	0
ENSG00000278129	ZNF8	GroupA_exclusive	TK91	DEL			1	0
ENSG00000048405	ZNF800	GroupA_exclusive	TK10	DEL			1	0
ENSG00000180257	ZNF816	GroupA_exclusive	TK91	DEL			1	0
ENSG00000221874	ZNF816-ZNF321P	GroupA_exclusive	TK91	DEL			1	0
ENSG00000022976	ZNF839	GroupA_exclusive	TK18	DEL			1	0
ENSG00000198155	ZNF876P	GroupA_exclusive	TK91	DEL			1	0
ENSG00000290382	ZNF876P	GroupA_exclusive	TK91	DEL			1	0
ENSG00000269646	ZNF888-AS1	GroupA_exclusive	TK91	DEL			1	0
ENSG00000214029	ZNF891	GroupA_exclusive	TK91	DEL			1	0
ENSG00000136682	ZNG1B	GroupA_exclusive	TK18	DEL			1	0
ENSG00000147996	ZNG1E	GroupA_exclusive	TK91	DEL			1	0
ENSG00000250013	ZP3P1	GroupA_exclusive	TK10	DEL			1	0
ENSG00000132485	ZRANB2	GroupA_exclusive	TK18	DEL			1	0
ENSG00000121413	ZSCAN18	GroupA_exclusive	TK91	DEL			1	0
ENSG00000182318	ZSCAN22	GroupA_exclusive	TK91	DEL			1	0
ENSG00000197037	ZSCAN25	GroupA_exclusive	TK93	DEL			1	0
ENSG00000180532	ZSCAN4	GroupA_exclusive	TK91	DEL			1	0
ENSG00000131848	ZSCAN5A	GroupA_exclusive	TK91	DEL			1	0
ENSG00000197213	ZSCAN5B	GroupA_exclusive	TK91	DEL			1	0
ENSG00000204532	ZSCAN5C	GroupA_exclusive	TK91	DEL			1	0
ENSG00000137185	ZSCAN9	GroupA_exclusive	TK18	DEL			1	0
ENSG00000162415	ZSWIM5	GroupA_exclusive	TK91	DEL			1	0
ENSG00000153975	ZUP1	GroupA_exclusive	TK18	DEL			1	0
ENSG00000281780	snoZ196	GroupA_exclusive	TK93	DEL			1	0
