gene_id	gene_name	category	groupA_samples	groupA_vtypes	groupB_samples	groupB_vtypes	n_groupA_samples	n_groupB_samples
ENSG00000251595	ABCA11P	GroupA_exclusive	TK10,TK16,TK18,TK91,TK92,TK93	SNV			6	0
ENSG00000130234	ACE2	GroupA_exclusive	TK10,TK16,TK18,TK91,TK92,TK93	SNV			6	0
ENSG00000144476	ACKR3	GroupA_exclusive	TK10,TK16,TK18,TK91,TK92,TK93	SNV			6	0
ENSG00000049192	ADAMTS6	GroupA_exclusive	TK10,TK16,TK18,TK91,TK92,TK93	INDEL,SNV			6	0
ENSG00000126016	AMOT	GroupA_exclusive	TK10,TK16,TK18,TK91,TK92,TK93	SNV			6	0
ENSG00000237636	ANKRD26P3	GroupA_exclusive	TK10,TK16,TK18,TK91,TK92,TK93	INDEL,SNV			6	0
ENSG00000231290	APCDD1L-DT	GroupA_exclusive	TK10,TK16,TK18,TK91,TK92,TK93	INDEL,SNV			6	0
ENSG00000221883	ARIH2OS	GroupA_exclusive	TK10,TK16,TK18,TK91,TK92,TK93	INDEL,SNV			6	0
ENSG00000232237	ASCL5	GroupA_exclusive	TK10,TK16,TK18,TK91,TK92,TK93	SNV			6	0
ENSG00000141376	BCAS3	GroupA_exclusive	TK10,TK16,TK18,TK91,TK92,TK93	INDEL,SNV			6	0
ENSG00000281406	BLACAT1	GroupA_exclusive	TK10,TK16,TK18,TK91,TK92,TK93	INDEL,SNV			6	0
ENSG00000125378	BMP4	GroupA_exclusive	TK10,TK16,TK18,TK91,TK92,TK93	INDEL,SNV			6	0
ENSG00000236526	BTBD3-AS1	GroupA_exclusive	TK10,TK16,TK18,TK91,TK92,TK93	INDEL,SNV			6	0
ENSG00000214212	C19orf38	GroupA_exclusive	TK10,TK16,TK18,TK91,TK92,TK93	SNV			6	0
ENSG00000157653	C9orf43	GroupA_exclusive	TK10,TK16,TK18,TK91,TK92,TK93	INDEL,SNV			6	0
ENSG00000145439	CBR4	GroupA_exclusive	TK10,TK16,TK18,TK91,TK92,TK93	INDEL,SNV			6	0
ENSG00000277639	CHD9NB	GroupA_exclusive	TK10,TK16,TK18,TK91,TK92,TK93	SNV			6	0
ENSG00000176563	CNTD1	GroupA_exclusive	TK10,TK16,TK18,TK91,TK92,TK93	INDEL,SNV			6	0
ENSG00000255308	CSRP3-AS1	GroupA_exclusive	TK10,TK16,TK18,TK91,TK92,TK93	SNV			6	0
ENSG00000186810	CXCR3	GroupA_exclusive	TK10,TK16,TK18,TK91,TK92,TK93	INDEL,SNV			6	0
ENSG00000224106	CYP4F25P	GroupA_exclusive	TK10,TK16,TK18,TK91,TK92,TK93	SNV			6	0
ENSG00000256263	DDX11L8	GroupA_exclusive	TK10,TK16,TK18,TK91,TK92,TK93	SNV			6	0
ENSG00000105339	DENND3	GroupA_exclusive	TK10,TK16,TK18,TK91,TK92,TK93	INDEL,SNV			6	0
ENSG00000092964	DPYSL2	GroupA_exclusive	TK10,TK16,TK18,TK91,TK92,TK93	INDEL,SNV			6	0
ENSG00000107938	EDRF1	GroupA_exclusive	TK10,TK16,TK18,TK91,TK92,TK93	INDEL,SNV			6	0
ENSG00000249188	ENPP7P1	GroupA_exclusive	TK10,TK16,TK18,TK91,TK92,TK93	INDEL,SNV			6	0
ENSG00000170409	ENSG00000170409	GroupA_exclusive	TK10,TK16,TK18,TK91,TK92,TK93	SNV			6	0
ENSG00000198580	ENSG00000198580	GroupA_exclusive	TK10,TK16,TK18,TK91,TK92,TK93	INDEL,SNV			6	0
ENSG00000214803	ENSG00000214803	GroupA_exclusive	TK10,TK16,TK18,TK91,TK92,TK93	INDEL,SNV			6	0
ENSG00000219410	ENSG00000219410	GroupA_exclusive	TK10,TK16,TK18,TK91,TK92,TK93	SNV			6	0
ENSG00000225568	ENSG00000225568	GroupA_exclusive	TK10,TK16,TK18,TK91,TK92,TK93	SNV			6	0
ENSG00000225963	ENSG00000225963	GroupA_exclusive	TK10,TK16,TK18,TK91,TK92,TK93	INDEL,SNV			6	0
ENSG00000226965	ENSG00000226965	GroupA_exclusive	TK10,TK16,TK18,TK91,TK92,TK93	INDEL,SNV			6	0
ENSG00000231201	ENSG00000231201	GroupA_exclusive	TK10,TK16,TK18,TK91,TK92,TK93	INDEL,SNV			6	0
ENSG00000231769	ENSG00000231769	GroupA_exclusive	TK10,TK16,TK18,TK91,TK92,TK93	INDEL,SNV			6	0
ENSG00000231864	ENSG00000231864	GroupA_exclusive	TK10,TK16,TK18,TK91,TK92,TK93	SNV			6	0
ENSG00000232036	ENSG00000232036	GroupA_exclusive	TK10,TK16,TK18,TK91,TK92,TK93	SNV			6	0
ENSG00000232344	ENSG00000232344	GroupA_exclusive	TK10,TK16,TK18,TK91,TK92,TK93	SNV			6	0
ENSG00000232628	ENSG00000232628	GroupA_exclusive	TK10,TK16,TK18,TK91,TK92,TK93	SNV			6	0
ENSG00000232748	ENSG00000232748	GroupA_exclusive	TK10,TK16,TK18,TK91,TK92,TK93	INDEL,SNV			6	0
ENSG00000233626	ENSG00000233626	GroupA_exclusive	TK10,TK16,TK18,TK91,TK92,TK93	SNV			6	0
ENSG00000233852	ENSG00000233852	GroupA_exclusive	TK10,TK16,TK18,TK91,TK92,TK93	SNV			6	0
ENSG00000234578	ENSG00000234578	GroupA_exclusive	TK10,TK16,TK18,TK91,TK92,TK93	INDEL,SNV			6	0
ENSG00000239462	ENSG00000239462	GroupA_exclusive	TK10,TK16,TK18,TK91,TK92,TK93	SNV			6	0
ENSG00000243960	ENSG00000243960	GroupA_exclusive	TK10,TK16,TK18,TK91,TK92,TK93	SNV			6	0
ENSG00000250015	ENSG00000250015	GroupA_exclusive	TK10,TK16,TK18,TK91,TK92,TK93	INDEL,SNV			6	0
ENSG00000250362	ENSG00000250362	GroupA_exclusive	TK10,TK16,TK18,TK91,TK92,TK93	INDEL,SNV			6	0
ENSG00000251194	ENSG00000251194	GroupA_exclusive	TK10,TK16,TK18,TK91,TK92,TK93	INDEL,SNV			6	0
ENSG00000251229	ENSG00000251229	GroupA_exclusive	TK10,TK16,TK18,TK91,TK92,TK93	INDEL,SNV			6	0
ENSG00000253477	ENSG00000253477	GroupA_exclusive	TK10,TK16,TK18,TK91,TK92,TK93	INDEL,SNV			6	0
ENSG00000254592	ENSG00000254592	GroupA_exclusive	TK10,TK16,TK18,TK91,TK92,TK93	SNV			6	0
ENSG00000255000	ENSG00000255000	GroupA_exclusive	TK10,TK16,TK18,TK91,TK92,TK93	SNV			6	0
ENSG00000255240	ENSG00000255240	GroupA_exclusive	TK10,TK16,TK18,TK91,TK92,TK93	INDEL,SNV			6	0
ENSG00000255310	ENSG00000255310	GroupA_exclusive	TK10,TK16,TK18,TK91,TK92,TK93	SNV			6	0
ENSG00000255520	ENSG00000255520	GroupA_exclusive	TK10,TK16,TK18,TK91,TK92,TK93	SNV			6	0
ENSG00000258355	ENSG00000258355	GroupA_exclusive	TK10,TK16,TK18,TK91,TK92,TK93	INDEL,SNV			6	0
ENSG00000258488	ENSG00000258488	GroupA_exclusive	TK10,TK16,TK18,TK91,TK92,TK93	SNV			6	0
ENSG00000259336	ENSG00000259336	GroupA_exclusive	TK10,TK16,TK18,TK91,TK92,TK93	INDEL,SNV			6	0
ENSG00000259418	ENSG00000259418	GroupA_exclusive	TK10,TK16,TK18,TK91,TK92,TK93	INDEL,SNV			6	0
ENSG00000259420	ENSG00000259420	GroupA_exclusive	TK10,TK16,TK18,TK91,TK92,TK93	SNV			6	0
ENSG00000259678	ENSG00000259678	GroupA_exclusive	TK10,TK16,TK18,TK91,TK92,TK93	SNV			6	0
ENSG00000259868	ENSG00000259868	GroupA_exclusive	TK10,TK16,TK18,TK91,TK92,TK93	INDEL,SNV			6	0
ENSG00000259970	ENSG00000259970	GroupA_exclusive	TK10,TK16,TK18,TK91,TK92,TK93	SNV			6	0
ENSG00000261193	ENSG00000261193	GroupA_exclusive	TK10,TK16,TK18,TK91,TK92,TK93	INDEL,SNV			6	0
ENSG00000261260	ENSG00000261260	GroupA_exclusive	TK10,TK16,TK18,TK91,TK92,TK93	INDEL,SNV			6	0
ENSG00000261468	ENSG00000261468	GroupA_exclusive	TK10,TK16,TK18,TK91,TK92,TK93	SNV			6	0
ENSG00000261532	ENSG00000261532	GroupA_exclusive	TK10,TK16,TK18,TK91,TK92,TK93	SNV			6	0
ENSG00000261831	ENSG00000261831	GroupA_exclusive	TK10,TK16,TK18,TK91,TK92,TK93	INDEL,SNV			6	0
ENSG00000262140	ENSG00000262140	GroupA_exclusive	TK10,TK16,TK18,TK91,TK92,TK93	INDEL,SNV			6	0
ENSG00000262999	ENSG00000262999	GroupA_exclusive	TK10,TK16,TK18,TK91,TK92,TK93	INDEL,SNV			6	0
ENSG00000264666	ENSG00000264666	GroupA_exclusive	TK10,TK16,TK18,TK91,TK92,TK93	INDEL,SNV			6	0
ENSG00000265136	ENSG00000265136	GroupA_exclusive	TK10,TK16,TK18,TK91,TK92,TK93	SNV			6	0
ENSG00000265739	ENSG00000265739	GroupA_exclusive	TK10,TK16,TK18,TK91,TK92,TK93	SNV			6	0
ENSG00000267638	ENSG00000267638	GroupA_exclusive	TK10,TK16,TK18,TK91,TK92,TK93	INDEL,SNV			6	0
ENSG00000268120	ENSG00000268120	GroupA_exclusive	TK10,TK16,TK18,TK91,TK92,TK93	SNV			6	0
ENSG00000269918	ENSG00000269918	GroupA_exclusive	TK10,TK16,TK18,TK91,TK92,TK93	INDEL,SNV			6	0
ENSG00000270076	ENSG00000270076	GroupA_exclusive	TK10,TK16,TK18,TK91,TK92,TK93	SNV			6	0
ENSG00000270110	ENSG00000270110	GroupA_exclusive	TK10,TK16,TK18,TK91,TK92,TK93	INDEL,SNV			6	0
ENSG00000270890	ENSG00000270890	GroupA_exclusive	TK10,TK16,TK18,TK91,TK92,TK93	SNV			6	0
ENSG00000271265	ENSG00000271265	GroupA_exclusive	TK10,TK16,TK18,TK91,TK92,TK93	SNV			6	0
ENSG00000271743	ENSG00000271743	GroupA_exclusive	TK10,TK16,TK18,TK91,TK92,TK93	SNV			6	0
ENSG00000271789	ENSG00000271789	GroupA_exclusive	TK10,TK16,TK18,TK91,TK92,TK93	INDEL,SNV			6	0
ENSG00000272983	ENSG00000272983	GroupA_exclusive	TK10,TK16,TK18,TK91,TK92,TK93	INDEL,SNV			6	0
ENSG00000274751	ENSG00000274751	GroupA_exclusive	TK10,TK16,TK18,TK91,TK92,TK93	INDEL,SNV			6	0
ENSG00000274949	ENSG00000274949	GroupA_exclusive	TK10,TK16,TK18,TK91,TK92,TK93	SNV			6	0
ENSG00000275552	ENSG00000275552	GroupA_exclusive	TK10,TK16,TK18,TK91,TK92,TK93	INDEL,SNV			6	0
ENSG00000279412	ENSG00000279412	GroupA_exclusive	TK10,TK16,TK18,TK91,TK92,TK93	SNV			6	0
ENSG00000279653	ENSG00000279653	GroupA_exclusive	TK10,TK16,TK18,TK91,TK92,TK93	SNV			6	0
ENSG00000280023	ENSG00000280023	GroupA_exclusive	TK10,TK16,TK18,TK91,TK92,TK93	SNV			6	0
ENSG00000280069	ENSG00000280069	GroupA_exclusive	TK10,TK16,TK18,TK91,TK92,TK93	INDEL,SNV			6	0
ENSG00000280310	ENSG00000280310	GroupA_exclusive	TK10,TK16,TK18,TK91,TK92,TK93	SNV			6	0
ENSG00000280387	ENSG00000280387	GroupA_exclusive	TK10,TK16,TK18,TK91,TK92,TK93	SNV			6	0
ENSG00000284490	ENSG00000284490	GroupA_exclusive	TK10,TK16,TK18,TK91,TK92,TK93	INDEL,SNV			6	0
ENSG00000284632	ENSG00000284632	GroupA_exclusive	TK10,TK16,TK18,TK91,TK92,TK93	SNV			6	0
ENSG00000284976	ENSG00000284976	GroupA_exclusive	TK10,TK16,TK18,TK91,TK92,TK93	SNV			6	0
ENSG00000285954	ENSG00000285954	GroupA_exclusive	TK10,TK16,TK18,TK91,TK92,TK93	INDEL,SNV			6	0
ENSG00000286223	ENSG00000286223	GroupA_exclusive	TK10,TK16,TK18,TK91,TK92,TK93	INDEL,SNV			6	0
ENSG00000286629	ENSG00000286629	GroupA_exclusive	TK10,TK16,TK18,TK91,TK92,TK93	SNV			6	0
ENSG00000286755	ENSG00000286755	GroupA_exclusive	TK10,TK16,TK18,TK91,TK92,TK93	INDEL,SNV			6	0
ENSG00000286951	ENSG00000286951	GroupA_exclusive	TK10,TK16,TK18,TK91,TK92,TK93	INDEL,SNV			6	0
ENSG00000287092	ENSG00000287092	GroupA_exclusive	TK10,TK16,TK18,TK91,TK92,TK93	INDEL,SNV			6	0
ENSG00000287315	ENSG00000287315	GroupA_exclusive	TK10,TK16,TK18,TK91,TK92,TK93	INDEL,SNV			6	0
ENSG00000287587	ENSG00000287587	GroupA_exclusive	TK10,TK16,TK18,TK91,TK92,TK93	INDEL,SNV			6	0
ENSG00000288021	ENSG00000288021	GroupA_exclusive	TK10,TK16,TK18,TK91,TK92,TK93	INDEL,SNV			6	0
ENSG00000288025	ENSG00000288025	GroupA_exclusive	TK10,TK16,TK18,TK91,TK92,TK93	INDEL,SNV			6	0
ENSG00000288888	ENSG00000288888	GroupA_exclusive	TK10,TK16,TK18,TK91,TK92,TK93	INDEL,SNV			6	0
ENSG00000288945	ENSG00000288945	GroupA_exclusive	TK10,TK16,TK18,TK91,TK92,TK93	SNV			6	0
ENSG00000289004	ENSG00000289004	GroupA_exclusive	TK10,TK16,TK18,TK91,TK92,TK93	SNV			6	0
ENSG00000289030	ENSG00000289030	GroupA_exclusive	TK10,TK16,TK18,TK91,TK92,TK93	SNV			6	0
ENSG00000289047	ENSG00000289047	GroupA_exclusive	TK10,TK16,TK18,TK91,TK92,TK93	INDEL,SNV			6	0
ENSG00000289085	ENSG00000289085	GroupA_exclusive	TK10,TK16,TK18,TK91,TK92,TK93	INDEL,SNV			6	0
ENSG00000289147	ENSG00000289147	GroupA_exclusive	TK10,TK16,TK18,TK91,TK92,TK93	SNV			6	0
ENSG00000289272	ENSG00000289272	GroupA_exclusive	TK10,TK16,TK18,TK91,TK92,TK93	INDEL,SNV			6	0
ENSG00000289439	ENSG00000289439	GroupA_exclusive	TK10,TK16,TK18,TK91,TK92,TK93	INDEL,SNV			6	0
ENSG00000289725	ENSG00000289725	GroupA_exclusive	TK10,TK16,TK18,TK91,TK92,TK93	INDEL,SNV			6	0
ENSG00000290590	ENSG00000290590	GroupA_exclusive	TK10,TK16,TK18,TK91,TK92,TK93	INDEL,SNV			6	0
ENSG00000290959	ENSG00000290959	GroupA_exclusive	TK10,TK16,TK18,TK91,TK92,TK93	INDEL,SNV			6	0
ENSG00000291183	ENSG00000291183	GroupA_exclusive	TK10,TK16,TK18,TK91,TK92,TK93	INDEL,SNV			6	0
ENSG00000291208	ENSG00000291208	GroupA_exclusive	TK10,TK16,TK18,TK91,TK92,TK93	INDEL,SNV			6	0
ENSG00000291209	ENSG00000291209	GroupA_exclusive	TK10,TK16,TK18,TK91,TK92,TK93	INDEL,SNV			6	0
ENSG00000235438	ESRRAP2	GroupA_exclusive	TK10,TK16,TK18,TK91,TK92,TK93	INDEL,SNV			6	0
ENSG00000197416	FABP12	GroupA_exclusive	TK10,TK16,TK18,TK91,TK92,TK93	INDEL,SNV			6	0
ENSG00000288235	FAM106C	GroupA_exclusive	TK10,TK16,TK18,TK91,TK92,TK93	SNV			6	0
ENSG00000203780	FANK1	GroupA_exclusive	TK10,TK16,TK18,TK91,TK92,TK93	INDEL,SNV			6	0
ENSG00000145216	FIP1L1	GroupA_exclusive	TK10,TK16,TK18,TK91,TK92,TK93	SNV			6	0
ENSG00000188352	FOCAD	GroupA_exclusive	TK10,TK16,TK18,TK91,TK92,TK93	INDEL,SNV			6	0
ENSG00000168621	GDNF	GroupA_exclusive	TK10,TK16,TK18,TK91,TK92,TK93	INDEL,SNV			6	0
ENSG00000225978	HAR1A	GroupA_exclusive	TK10,TK16,TK18,TK91,TK92,TK93	INDEL,SNV			6	0
ENSG00000231133	HAR1B	GroupA_exclusive	TK10,TK16,TK18,TK91,TK92,TK93	SNV			6	0
ENSG00000233231	HNRNPA1P49	GroupA_exclusive	TK10,TK16,TK18,TK91,TK92,TK93	SNV			6	0
ENSG00000249853	HS3ST5	GroupA_exclusive	TK10,TK16,TK18,TK91,TK92,TK93	INDEL,SNV			6	0
ENSG00000230067	HSPD1P6	GroupA_exclusive	TK10,TK16,TK18,TK91,TK92,TK93	SNV			6	0
ENSG00000220925	IGBP1-AS2	GroupA_exclusive	TK10,TK16,TK18,TK91,TK92,TK93	INDEL,SNV			6	0
ENSG00000242337	INHCAP	GroupA_exclusive	TK10,TK16,TK18,TK91,TK92,TK93	INDEL,SNV			6	0
ENSG00000244558	KCNK15-AS1	GroupA_exclusive	TK10,TK16,TK18,TK91,TK92,TK93	INDEL,SNV			6	0
ENSG00000225014	KCTD9P1	GroupA_exclusive	TK10,TK16,TK18,TK91,TK92,TK93	SNV			6	0
ENSG00000088970	KIZ	GroupA_exclusive	TK10,TK16,TK18,TK91,TK92,TK93	INDEL,SNV			6	0
ENSG00000135338	LCA5	GroupA_exclusive	TK10,TK16,TK18,TK91,TK92,TK93	INDEL,SNV			6	0
ENSG00000188185	LINC00265	GroupA_exclusive	TK10,TK16,TK18,TK91,TK92,TK93	INDEL,SNV			6	0
ENSG00000235621	LINC00494	GroupA_exclusive	TK10,TK16,TK18,TK91,TK92,TK93	INDEL,SNV			6	0
ENSG00000267586	LINC00907	GroupA_exclusive	TK10,TK16,TK18,TK91,TK92,TK93	INDEL,SNV			6	0
ENSG00000237423	LINC01522	GroupA_exclusive	TK10,TK16,TK18,TK91,TK92,TK93	SNV			6	0
ENSG00000162947	LINC01931	GroupA_exclusive	TK10,TK16,TK18,TK91,TK92,TK93	INDEL,SNV			6	0
ENSG00000251365	LINC02236	GroupA_exclusive	TK10,TK16,TK18,TK91,TK92,TK93	SNV			6	0
ENSG00000256576	LINC02361	GroupA_exclusive	TK10,TK16,TK18,TK91,TK92,TK93	SNV			6	0
ENSG00000285373	LINC02478	GroupA_exclusive	TK10,TK16,TK18,TK91,TK92,TK93	SNV			6	0
ENSG00000246526	LINC02481	GroupA_exclusive	TK10,TK16,TK18,TK91,TK92,TK93	SNV			6	0
ENSG00000236303	LINC02646	GroupA_exclusive	TK10,TK16,TK18,TK91,TK92,TK93	INDEL,SNV			6	0
ENSG00000285532	LINC02788	GroupA_exclusive	TK10,TK16,TK18,TK91,TK92,TK93	SNV			6	0
ENSG00000223646	LINC03076	GroupA_exclusive	TK10,TK16,TK18,TK91,TK92,TK93	INDEL,SNV			6	0
ENSG00000174482	LINGO2	GroupA_exclusive	TK10,TK16,TK18,TK91,TK92,TK93	INDEL,SNV			6	0
ENSG00000232832	LMLN-AS1	GroupA_exclusive	TK10,TK16,TK18,TK91,TK92,TK93	INDEL,SNV			6	0
ENSG00000231131	LNCAROD	GroupA_exclusive	TK10,TK16,TK18,TK91,TK92,TK93	INDEL,SNV			6	0
ENSG00000184434	LRRC19	GroupA_exclusive	TK10,TK16,TK18,TK91,TK92,TK93	SNV			6	0
ENSG00000188993	LRRC66	GroupA_exclusive	TK10,TK16,TK18,TK91,TK92,TK93	INDEL,SNV			6	0
ENSG00000061337	LZTS1	GroupA_exclusive	TK10,TK16,TK18,TK91,TK92,TK93	SNV			6	0
ENSG00000133131	MORC4	GroupA_exclusive	TK10,TK16,TK18,TK91,TK92,TK93	INDEL,SNV			6	0
ENSG00000105364	MRPL4	GroupA_exclusive	TK10,TK16,TK18,TK91,TK92,TK93	SNV			6	0
ENSG00000157601	MX1	GroupA_exclusive	TK10,TK16,TK18,TK91,TK92,TK93	INDEL,SNV			6	0
ENSG00000283683	MYOCOS	GroupA_exclusive	TK10,TK16,TK18,TK91,TK92,TK93	INDEL,SNV			6	0
ENSG00000170011	MYRIP	GroupA_exclusive	TK10,TK16,TK18,TK91,TK92,TK93	INDEL,SNV			6	0
ENSG00000121089	NACA3P	GroupA_exclusive	TK10,TK16,TK18,TK91,TK92,TK93	INDEL,SNV			6	0
ENSG00000213212	NCLP1	GroupA_exclusive	TK10,TK16,TK18,TK91,TK92,TK93	INDEL,SNV			6	0
ENSG00000225472	NFIB-AS1	GroupA_exclusive	TK10,TK16,TK18,TK91,TK92,TK93	SNV			6	0
ENSG00000164190	NIPBL	GroupA_exclusive	TK10,TK16,TK18,TK91,TK92,TK93	INDEL,SNV			6	0
ENSG00000159899	NPR2	GroupA_exclusive	TK10,TK16,TK18,TK91,TK92,TK93	INDEL,SNV			6	0
ENSG00000134986	NREP	GroupA_exclusive	TK10,TK16,TK18,TK91,TK92,TK93	SNV			6	0
ENSG00000185737	NRG3	GroupA_exclusive	TK10,TK16,TK18,TK91,TK92,TK93	INDEL,SNV			6	0
ENSG00000250569	NTAN1P2	GroupA_exclusive	TK10,TK16,TK18,TK91,TK92,TK93	SNV			6	0
ENSG00000198088	NUP62CL	GroupA_exclusive	TK10,TK16,TK18,TK91,TK92,TK93	INDEL,SNV			6	0
ENSG00000116117	PARD3B	GroupA_exclusive	TK10,TK16,TK18,TK91,TK92,TK93	INDEL,SNV			6	0
ENSG00000144824	PHLDB2	GroupA_exclusive	TK10,TK16,TK18,TK91,TK92,TK93	INDEL,SNV			6	0
ENSG00000205746	PKD1P4	GroupA_exclusive	TK10,TK16,TK18,TK91,TK92,TK93	INDEL,SNV			6	0
ENSG00000168734	PKIG	GroupA_exclusive	TK10,TK16,TK18,TK91,TK92,TK93	INDEL,SNV			6	0
ENSG00000184500	PROS1	GroupA_exclusive	TK10,TK16,TK18,TK91,TK92,TK93	INDEL,SNV			6	0
ENSG00000232630	PRPS1P2	GroupA_exclusive	TK10,TK16,TK18,TK91,TK92,TK93	INDEL,SNV			6	0
ENSG00000163564	PYHIN1	GroupA_exclusive	TK10,TK16,TK18,TK91,TK92,TK93	INDEL,SNV			6	0
ENSG00000232487	RASA3-IT1	GroupA_exclusive	TK10,TK16,TK18,TK91,TK92,TK93	SNV			6	0
ENSG00000198915	RASGEF1A	GroupA_exclusive	TK10,TK16,TK18,TK91,TK92,TK93	INDEL,SNV			6	0
ENSG00000246695	RASSF8-AS1	GroupA_exclusive	TK10,TK16,TK18,TK91,TK92,TK93	INDEL,SNV			6	0
ENSG00000225422	RBMS1P1	GroupA_exclusive	TK10,TK16,TK18,TK91,TK92,TK93	SNV			6	0
ENSG00000232892	RGS5-AS1	GroupA_exclusive	TK10,TK16,TK18,TK91,TK92,TK93	INDEL,SNV			6	0
ENSG00000177181	RIMKLA	GroupA_exclusive	TK10,TK16,TK18,TK91,TK92,TK93	INDEL,SNV			6	0
ENSG00000181481	RNF135	GroupA_exclusive	TK10,TK16,TK18,TK91,TK92,TK93	INDEL,SNV			6	0
ENSG00000224613	RNPC3-DT	GroupA_exclusive	TK10,TK16,TK18,TK91,TK92,TK93	INDEL,SNV			6	0
ENSG00000290877	ROCK1P1	GroupA_exclusive	TK10,TK16,TK18,TK91,TK92,TK93	SNV			6	0
ENSG00000267355	RPL9P29	GroupA_exclusive	TK10,TK16,TK18,TK91,TK92,TK93	SNV			6	0
ENSG00000235459	RPS26P31	GroupA_exclusive	TK10,TK16,TK18,TK91,TK92,TK93	SNV			6	0
ENSG00000214018	RRM2P3	GroupA_exclusive	TK10,TK16,TK18,TK91,TK92,TK93	INDEL,SNV			6	0
ENSG00000246145	RRS1-DT	GroupA_exclusive	TK10,TK16,TK18,TK91,TK92,TK93	INDEL,SNV			6	0
ENSG00000203950	RTL8A	GroupA_exclusive	TK10,TK16,TK18,TK91,TK92,TK93	SNV			6	0
ENSG00000188322	SBK1	GroupA_exclusive	TK10,TK16,TK18,TK91,TK92,TK93	INDEL,SNV			6	0
ENSG00000273372	SFTPD-AS1	GroupA_exclusive	TK10,TK16,TK18,TK91,TK92,TK93	INDEL,SNV			6	0
ENSG00000164466	SFXN1	GroupA_exclusive	TK10,TK16,TK18,TK91,TK92,TK93	SNV			6	0
ENSG00000079215	SLC1A3	GroupA_exclusive	TK10,TK16,TK18,TK91,TK92,TK93	INDEL,SNV			6	0
ENSG00000265185	SNORD3B-1	GroupA_exclusive	TK10,TK16,TK18,TK91,TK92,TK93	INDEL,SNV			6	0
ENSG00000214338	SOGA3	GroupA_exclusive	TK10,TK16,TK18,TK91,TK92,TK93	SNV			6	0
ENSG00000154548	SRSF12	GroupA_exclusive	TK10,TK16,TK18,TK91,TK92,TK93	INDEL,SNV			6	0
ENSG00000232759	STEAP1B-AS1	GroupA_exclusive	TK10,TK16,TK18,TK91,TK92,TK93	INDEL,SNV			6	0
ENSG00000233452	STXBP5-AS1	GroupA_exclusive	TK10,TK16,TK18,TK91,TK92,TK93	SNV			6	0
ENSG00000166863	TAC3	GroupA_exclusive	TK10,TK16,TK18,TK91,TK92,TK93	SNV			6	0
ENSG00000183662	TAFA1	GroupA_exclusive	TK10,TK16,TK18,TK91,TK92,TK93	INDEL,SNV			6	0
ENSG00000204219	TCEA3	GroupA_exclusive	TK10,TK16,TK18,TK91,TK92,TK93	SNV			6	0
ENSG00000144043	TEX261	GroupA_exclusive	TK10,TK16,TK18,TK91,TK92,TK93	SNV			6	0
ENSG00000101342	TLDC2	GroupA_exclusive	TK10,TK16,TK18,TK91,TK92,TK93	INDEL,SNV			6	0
ENSG00000155755	TMEM237	GroupA_exclusive	TK10,TK16,TK18,TK91,TK92,TK93	SNV			6	0
ENSG00000185361	TNFAIP8L1	GroupA_exclusive	TK10,TK16,TK18,TK91,TK92,TK93	INDEL,SNV			6	0
ENSG00000198846	TOX	GroupA_exclusive	TK10,TK16,TK18,TK91,TK92,TK93	SNV			6	0
ENSG00000272281	TPTE2P2	GroupA_exclusive	TK10,TK16,TK18,TK91,TK92,TK93	INDEL,SNV			6	0
ENSG00000255129	TTC12-DT	GroupA_exclusive	TK10,TK16,TK18,TK91,TK92,TK93	SNV			6	0
ENSG00000267905	VSIG10L-AS1	GroupA_exclusive	TK10,TK16,TK18,TK91,TK92,TK93	INDEL,SNV			6	0
ENSG00000251260	WDFY3-AS1	GroupA_exclusive	TK10,TK16,TK18,TK91,TK92,TK93	INDEL,SNV			6	0
ENSG00000166415	WDR72	GroupA_exclusive	TK10,TK16,TK18,TK91,TK92,TK93	INDEL,SNV			6	0
ENSG00000204366	ZBTB12	GroupA_exclusive	TK10,TK16,TK18,TK91,TK92,TK93	SNV			6	0
ENSG00000120784	ZFP30	GroupA_exclusive	TK10,TK16,TK18,TK91,TK92,TK93	INDEL,SNV			6	0
ENSG00000020256	ZFP64	GroupA_exclusive	TK10,TK16,TK18,TK91,TK92,TK93	INDEL,SNV			6	0
ENSG00000186496	ZNF396	GroupA_exclusive	TK10,TK16,TK18,TK91,TK92,TK93	INDEL,SNV			6	0
ENSG00000141579	ZNF750	GroupA_exclusive	TK10,TK16,TK18,TK91,TK92,TK93	INDEL,SNV			6	0
ENSG00000173465	ZNRD2	GroupA_exclusive	TK10,TK16,TK18,TK91,TK92,TK93	INDEL,SNV			6	0
ENSG00000225264	ZNRF2P2	GroupA_exclusive	TK10,TK16,TK18,TK91,TK92,TK93	INDEL,SNV			6	0
ENSG00000256661	A2ML1-AS1	GroupA_exclusive	TK10,TK18,TK91,TK92,TK93	INDEL,SNV			5	0
ENSG00000183044	ABAT	GroupA_exclusive	TK10,TK16,TK91,TK92,TK93	INDEL,SNV			5	0
ENSG00000226981	ABHD17AP6	GroupA_exclusive	TK16,TK18,TK91,TK92,TK93	INDEL,SNV			5	0
ENSG00000107796	ACTA2	GroupA_exclusive	TK16,TK18,TK91,TK92,TK93	INDEL,SNV			5	0
ENSG00000139567	ACVRL1	GroupA_exclusive	TK10,TK16,TK91,TK92,TK93	SNV			5	0
ENSG00000145808	ADAMTS19	GroupA_exclusive	TK10,TK18,TK91,TK92,TK93	SNV			5	0
ENSG00000233859	ADH5P4	GroupA_exclusive	TK10,TK18,TK91,TK92,TK93	SNV			5	0
ENSG00000230427	ALG14-AS1	GroupA_exclusive	TK10,TK16,TK91,TK92,TK93	SNV			5	0
ENSG00000249889	ALG1L11P	GroupA_exclusive	TK16,TK18,TK91,TK92,TK93	SNV			5	0
ENSG00000250794	ALG1L12P	GroupA_exclusive	TK10,TK16,TK91,TK92,TK93	INDEL,SNV			5	0
ENSG00000166025	AMOTL1	GroupA_exclusive	TK10,TK18,TK91,TK92,TK93	INDEL,SNV			5	0
ENSG00000154188	ANGPT1	GroupA_exclusive	TK10,TK18,TK91,TK92,TK93	INDEL,SNV			5	0
ENSG00000277112	ANKRD20A21P	GroupA_exclusive	TK10,TK18,TK91,TK92,TK93	INDEL,SNV			5	0
ENSG00000261239	ANKRD26P1	GroupA_exclusive	TK10,TK18,TK91,TK92,TK93	SNV			5	0
ENSG00000112379	ARFGEF3	GroupA_exclusive	TK10,TK16,TK91,TK92,TK93	INDEL,SNV			5	0
ENSG00000081181	ARG2	GroupA_exclusive	TK10,TK16,TK91,TK92,TK93	INDEL,SNV			5	0
ENSG00000231758	ARHGAP15-AS1	GroupA_exclusive	TK10,TK18,TK91,TK92,TK93	SNV			5	0
ENSG00000254532	ARL14EP-DT	GroupA_exclusive	TK10,TK18,TK91,TK92,TK93	INDEL,SNV			5	0
ENSG00000218996	ARL4AP5	GroupA_exclusive	TK16,TK18,TK91,TK92,TK93	SNV			5	0
ENSG00000151693	ASAP2	GroupA_exclusive	TK10,TK18,TK91,TK92,TK93	INDEL,SNV			5	0
ENSG00000227773	ASH1L-IT1	GroupA_exclusive	TK10,TK16,TK91,TK92,TK93	INDEL,SNV			5	0
ENSG00000260442	ATP2A1-AS1	GroupA_exclusive	TK10,TK18,TK91,TK92,TK93	SNV			5	0
ENSG00000182272	B4GALNT4	GroupA_exclusive	TK10,TK18,TK91,TK92,TK93	INDEL,SNV			5	0
ENSG00000188848	BEND4	GroupA_exclusive	TK10,TK16,TK91,TK92,TK93	INDEL,SNV			5	0
ENSG00000125845	BMP2	GroupA_exclusive	TK10,TK18,TK91,TK92,TK93	SNV			5	0
ENSG00000125997	BPIFB9P	GroupA_exclusive	TK10,TK16,TK18,TK91,TK92	INDEL,SNV			5	0
ENSG00000132640	BTBD3	GroupA_exclusive	TK10,TK18,TK91,TK92,TK93	INDEL,SNV			5	0
ENSG00000203808	BVES-AS1	GroupA_exclusive	TK10,TK16,TK91,TK92,TK93	INDEL,SNV			5	0
ENSG00000187997	C17orf99	GroupA_exclusive	TK10,TK18,TK91,TK92,TK93	INDEL,SNV			5	0
ENSG00000114405	C3orf14	GroupA_exclusive	TK10,TK16,TK18,TK92,TK93	INDEL,SNV			5	0
ENSG00000133742	CA1	GroupA_exclusive	TK10,TK16,TK91,TK92,TK93	SNV			5	0
ENSG00000164879	CA3	GroupA_exclusive	TK10,TK16,TK91,TK92,TK93	INDEL,SNV			5	0
ENSG00000256008	CABP1-DT	GroupA_exclusive	TK10,TK16,TK91,TK92,TK93	SNV			5	0
ENSG00000175544	CABP4	GroupA_exclusive	TK10,TK18,TK91,TK92,TK93	SNV			5	0
ENSG00000154040	CABYR	GroupA_exclusive	TK10,TK18,TK91,TK92,TK93	INDEL,SNV			5	0
ENSG00000198216	CACNA1E	GroupA_exclusive	TK10,TK18,TK91,TK92,TK93	INDEL,SNV			5	0
ENSG00000130433	CACNG6	GroupA_exclusive	TK10,TK18,TK91,TK92,TK93	INDEL,SNV			5	0
ENSG00000104327	CALB1	GroupA_exclusive	TK10,TK16,TK91,TK92,TK93	INDEL,SNV			5	0
ENSG00000162545	CAMK2N1	GroupA_exclusive	TK10,TK16,TK91,TK92,TK93	INDEL,SNV			5	0
ENSG00000224944	CASC6	GroupA_exclusive	TK10,TK18,TK91,TK92,TK93	INDEL,SNV			5	0
ENSG00000256030	CBX3P4	GroupA_exclusive	TK10,TK16,TK18,TK91,TK92	INDEL,SNV			5	0
ENSG00000135205	CCDC146	GroupA_exclusive	TK10,TK18,TK91,TK92,TK93	INDEL,SNV			5	0
ENSG00000164989	CCDC171	GroupA_exclusive	TK10,TK18,TK91,TK92,TK93	INDEL,SNV			5	0
ENSG00000177875	CCDC184	GroupA_exclusive	TK10,TK16,TK91,TK92,TK93	SNV			5	0
ENSG00000186409	CCDC30	GroupA_exclusive	TK10,TK16,TK91,TK92,TK93	INDEL,SNV			5	0
ENSG00000182791	CCDC87	GroupA_exclusive	TK10,TK16,TK18,TK91,TK92	SNV			5	0
ENSG00000255521	CD44-DT	GroupA_exclusive	TK10,TK16,TK18,TK92,TK93	INDEL,SNV			5	0
ENSG00000143776	CDC42BPA	GroupA_exclusive	TK10,TK16,TK91,TK92,TK93	INDEL,SNV			5	0
ENSG00000260115	CDH8-AS1	GroupA_exclusive	TK10,TK18,TK91,TK92,TK93	SNV			5	0
ENSG00000259577	CERNA1	GroupA_exclusive	TK10,TK18,TK91,TK92,TK93	SNV			5	0
ENSG00000179902	CFAP276	GroupA_exclusive	TK10,TK18,TK91,TK92,TK93	INDEL,SNV			5	0
ENSG00000160226	CFAP410	GroupA_exclusive	TK16,TK18,TK91,TK92,TK93	SNV			5	0
ENSG00000231755	CHODL-AS1	GroupA_exclusive	TK10,TK18,TK91,TK92,TK93	SNV			5	0
ENSG00000188343	CIBAR1	GroupA_exclusive	TK10,TK16,TK91,TK92,TK93	INDEL,SNV			5	0
ENSG00000236915	CLCA4-AS1	GroupA_exclusive	TK10,TK16,TK91,TK92,TK93	INDEL,SNV			5	0
ENSG00000249035	CLMAT3	GroupA_exclusive	TK10,TK16,TK18,TK92,TK93	INDEL,SNV			5	0
ENSG00000149970	CNKSR2	GroupA_exclusive	TK10,TK16,TK91,TK92,TK93	INDEL,SNV			5	0
ENSG00000122756	CNTFR	GroupA_exclusive	TK10,TK16,TK91,TK92,TK93	SNV			5	0
ENSG00000231663	COA6-AS1	GroupA_exclusive	TK10,TK16,TK91,TK92,TK93	SNV			5	0
ENSG00000160963	COL26A1	GroupA_exclusive	TK10,TK16,TK91,TK92,TK93	SNV			5	0
ENSG00000188153	COL4A5	GroupA_exclusive	TK10,TK16,TK91,TK92,TK93	INDEL,SNV			5	0
ENSG00000213578	CPLX3	GroupA_exclusive	TK10,TK16,TK18,TK92,TK93	SNV			5	0
ENSG00000129170	CSRP3	GroupA_exclusive	TK10,TK16,TK91,TK92,TK93	SNV			5	0
ENSG00000214429	CYCSP6	GroupA_exclusive	TK10,TK18,TK91,TK92,TK93	SNV			5	0
ENSG00000073067	CYP2W1	GroupA_exclusive	TK10,TK16,TK91,TK92,TK93	SNV			5	0
ENSG00000165617	DACT1	GroupA_exclusive	TK10,TK16,TK91,TK92,TK93	SNV			5	0
ENSG00000196730	DAPK1	GroupA_exclusive	TK10,TK16,TK91,TK92,TK93	SNV			5	0
ENSG00000237737	DCTN1-AS1	GroupA_exclusive	TK10,TK18,TK91,TK92,TK93	SNV			5	0
ENSG00000168872	DDX19A	GroupA_exclusive	TK10,TK18,TK91,TK92,TK93	SNV			5	0
ENSG00000073737	DHRS9	GroupA_exclusive	TK16,TK18,TK91,TK92,TK93	INDEL,SNV			5	0
ENSG00000227528	DIAPH3-AS1	GroupA_exclusive	TK10,TK16,TK91,TK92,TK93	INDEL,SNV			5	0
ENSG00000226758	DISC1-IT1	GroupA_exclusive	TK10,TK16,TK91,TK92,TK93	SNV			5	0
ENSG00000261645	DISC1FP1	GroupA_exclusive	TK10,TK18,TK91,TK92,TK93	INDEL,SNV			5	0
ENSG00000227375	DLG1-AS1	GroupA_exclusive	TK10,TK16,TK18,TK91,TK93	SNV			5	0
ENSG00000253267	DLGAP2-AS1	GroupA_exclusive	TK10,TK18,TK91,TK92,TK93	INDEL,SNV			5	0
ENSG00000015413	DPEP1	GroupA_exclusive	TK10,TK18,TK91,TK92,TK93	INDEL,SNV			5	0
ENSG00000141096	DPEP3	GroupA_exclusive	TK10,TK16,TK91,TK92,TK93	SNV			5	0
ENSG00000214280	DTWD1P1	GroupA_exclusive	TK10,TK16,TK18,TK91,TK92	INDEL,SNV			5	0
ENSG00000265479	DTX2P1-UPK3BP1-PMS2P11	GroupA_exclusive	TK16,TK18,TK91,TK92,TK93	SNV			5	0
ENSG00000260596	DUX4	GroupA_exclusive	TK10,TK18,TK91,TK92,TK93	SNV			5	0
ENSG00000259867	DYNLRB2-AS1	GroupA_exclusive	TK10,TK18,TK91,TK92,TK93	SNV			5	0
ENSG00000096093	EFHC1	GroupA_exclusive	TK10,TK18,TK91,TK92,TK93	SNV			5	0
ENSG00000176396	EID2	GroupA_exclusive	TK10,TK16,TK91,TK92,TK93	INDEL,SNV			5	0
ENSG00000105694	ELOCP28	GroupA_exclusive	TK10,TK16,TK91,TK92,TK93	INDEL,SNV			5	0
ENSG00000188850	ENSG00000188850	GroupA_exclusive	TK16,TK18,TK91,TK92,TK93	INDEL,SNV			5	0
ENSG00000196566	ENSG00000196566	GroupA_exclusive	TK10,TK16,TK91,TK92,TK93	SNV			5	0
ENSG00000203635	ENSG00000203635	GroupA_exclusive	TK10,TK18,TK91,TK92,TK93	INDEL,SNV			5	0
ENSG00000212939	ENSG00000212939	GroupA_exclusive	TK16,TK18,TK91,TK92,TK93	SNV			5	0
ENSG00000214955	ENSG00000214955	GroupA_exclusive	TK10,TK18,TK91,TK92,TK93	INDEL,SNV			5	0
ENSG00000214970	ENSG00000214970	GroupA_exclusive	TK10,TK18,TK91,TK92,TK93	SNV			5	0
ENSG00000215512	ENSG00000215512	GroupA_exclusive	TK10,TK18,TK91,TK92,TK93	INDEL,SNV			5	0
ENSG00000217004	ENSG00000217004	GroupA_exclusive	TK10,TK16,TK91,TK92,TK93	SNV			5	0
ENSG00000222588	ENSG00000222588	GroupA_exclusive	TK10,TK18,TK91,TK92,TK93	SNV			5	0
ENSG00000223842	ENSG00000223842	GroupA_exclusive	TK10,TK18,TK91,TK92,TK93	SNV			5	0
ENSG00000224097	ENSG00000224097	GroupA_exclusive	TK10,TK16,TK91,TK92,TK93	SNV			5	0
ENSG00000224409	ENSG00000224409	GroupA_exclusive	TK16,TK18,TK91,TK92,TK93	INDEL,SNV			5	0
ENSG00000224541	ENSG00000224541	GroupA_exclusive	TK10,TK16,TK91,TK92,TK93	SNV			5	0
ENSG00000224864	ENSG00000224864	GroupA_exclusive	TK10,TK18,TK91,TK92,TK93	SNV			5	0
ENSG00000225173	ENSG00000225173	GroupA_exclusive	TK10,TK16,TK91,TK92,TK93	SNV			5	0
ENSG00000225313	ENSG00000225313	GroupA_exclusive	TK10,TK16,TK18,TK91,TK92	SNV			5	0
ENSG00000225420	ENSG00000225420	GroupA_exclusive	TK10,TK18,TK91,TK92,TK93	SNV			5	0
ENSG00000225603	ENSG00000225603	GroupA_exclusive	TK10,TK16,TK91,TK92,TK93	SNV			5	0
ENSG00000225726	ENSG00000225726	GroupA_exclusive	TK16,TK18,TK91,TK92,TK93	SNV			5	0
ENSG00000226047	ENSG00000226047	GroupA_exclusive	TK16,TK18,TK91,TK92,TK93	SNV			5	0
ENSG00000226699	ENSG00000226699	GroupA_exclusive	TK10,TK18,TK91,TK92,TK93	INDEL,SNV			5	0
ENSG00000226904	ENSG00000226904	GroupA_exclusive	TK10,TK16,TK91,TK92,TK93	INDEL,SNV			5	0
ENSG00000227200	ENSG00000227200	GroupA_exclusive	TK16,TK18,TK91,TK92,TK93	SNV			5	0
ENSG00000227782	ENSG00000227782	GroupA_exclusive	TK10,TK18,TK91,TK92,TK93	SNV			5	0
ENSG00000228470	ENSG00000228470	GroupA_exclusive	TK10,TK16,TK91,TK92,TK93	SNV			5	0
ENSG00000228999	ENSG00000228999	GroupA_exclusive	TK10,TK18,TK91,TK92,TK93	SNV			5	0
ENSG00000229312	ENSG00000229312	GroupA_exclusive	TK10,TK16,TK91,TK92,TK93	INDEL,SNV			5	0
ENSG00000229491	ENSG00000229491	GroupA_exclusive	TK10,TK16,TK91,TK92,TK93	SNV			5	0
ENSG00000229832	ENSG00000229832	GroupA_exclusive	TK10,TK18,TK91,TK92,TK93	INDEL,SNV			5	0
ENSG00000230470	ENSG00000230470	GroupA_exclusive	TK10,TK16,TK91,TK92,TK93	SNV			5	0
ENSG00000230732	ENSG00000230732	GroupA_exclusive	TK10,TK18,TK91,TK92,TK93	INDEL,SNV			5	0
ENSG00000230739	ENSG00000230739	GroupA_exclusive	TK10,TK16,TK91,TK92,TK93	SNV			5	0
ENSG00000231128	ENSG00000231128	GroupA_exclusive	TK10,TK18,TK91,TK92,TK93	INDEL,SNV			5	0
ENSG00000231530	ENSG00000231530	GroupA_exclusive	TK10,TK16,TK18,TK92,TK93	SNV			5	0
ENSG00000231557	ENSG00000231557	GroupA_exclusive	TK10,TK18,TK91,TK92,TK93	SNV			5	0
ENSG00000232937	ENSG00000232937	GroupA_exclusive	TK10,TK18,TK91,TK92,TK93	INDEL,SNV			5	0
ENSG00000232949	ENSG00000232949	GroupA_exclusive	TK16,TK18,TK91,TK92,TK93	SNV			5	0
ENSG00000233044	ENSG00000233044	GroupA_exclusive	TK10,TK18,TK91,TK92,TK93	INDEL,SNV			5	0
ENSG00000233242	ENSG00000233242	GroupA_exclusive	TK16,TK18,TK91,TK92,TK93	INDEL,SNV			5	0
ENSG00000233339	ENSG00000233339	GroupA_exclusive	TK10,TK18,TK91,TK92,TK93	INDEL,SNV			5	0
ENSG00000234860	ENSG00000234860	GroupA_exclusive	TK10,TK18,TK91,TK92,TK93	INDEL,SNV			5	0
ENSG00000234913	ENSG00000234913	GroupA_exclusive	TK10,TK18,TK91,TK92,TK93	SNV			5	0
ENSG00000235934	ENSG00000235934	GroupA_exclusive	TK10,TK18,TK91,TK92,TK93	SNV			5	0
ENSG00000236015	ENSG00000236015	GroupA_exclusive	TK16,TK18,TK91,TK92,TK93	SNV			5	0
ENSG00000236018	ENSG00000236018	GroupA_exclusive	TK10,TK18,TK91,TK92,TK93	SNV			5	0
ENSG00000236095	ENSG00000236095	GroupA_exclusive	TK10,TK18,TK91,TK92,TK93	INDEL,SNV			5	0
ENSG00000236358	ENSG00000236358	GroupA_exclusive	TK10,TK16,TK91,TK92,TK93	INDEL,SNV			5	0
ENSG00000236491	ENSG00000236491	GroupA_exclusive	TK16,TK18,TK91,TK92,TK93	SNV			5	0
ENSG00000236528	ENSG00000236528	GroupA_exclusive	TK16,TK18,TK91,TK92,TK93	SNV			5	0
ENSG00000236760	ENSG00000236760	GroupA_exclusive	TK10,TK18,TK91,TK92,TK93	INDEL,SNV			5	0
ENSG00000236942	ENSG00000236942	GroupA_exclusive	TK10,TK16,TK91,TK92,TK93	INDEL,SNV			5	0
ENSG00000237788	ENSG00000237788	GroupA_exclusive	TK10,TK16,TK91,TK92,TK93	SNV			5	0
ENSG00000238178	ENSG00000238178	GroupA_exclusive	TK10,TK16,TK18,TK92,TK93	SNV			5	0
ENSG00000239920	ENSG00000239920	GroupA_exclusive	TK10,TK16,TK18,TK91,TK93	SNV			5	0
ENSG00000247134	ENSG00000247134	GroupA_exclusive	TK10,TK16,TK91,TK92,TK93	INDEL,SNV			5	0
ENSG00000248373	ENSG00000248373	GroupA_exclusive	TK10,TK18,TK91,TK92,TK93	INDEL,SNV			5	0
ENSG00000248694	ENSG00000248694	GroupA_exclusive	TK10,TK18,TK91,TK92,TK93	SNV			5	0
ENSG00000248710	ENSG00000248710	GroupA_exclusive	TK10,TK16,TK91,TK92,TK93	SNV			5	0
ENSG00000249426	ENSG00000249426	GroupA_exclusive	TK10,TK16,TK91,TK92,TK93	INDEL,SNV			5	0
ENSG00000249435	ENSG00000249435	GroupA_exclusive	TK10,TK16,TK91,TK92,TK93	SNV			5	0
ENSG00000249655	ENSG00000249655	GroupA_exclusive	TK10,TK18,TK91,TK92,TK93	INDEL,SNV			5	0
ENSG00000249951	ENSG00000249951	GroupA_exclusive	TK10,TK16,TK91,TK92,TK93	SNV			5	0
ENSG00000250027	ENSG00000250027	GroupA_exclusive	TK10,TK18,TK91,TK92,TK93	SNV			5	0
ENSG00000250195	ENSG00000250195	GroupA_exclusive	TK10,TK18,TK91,TK92,TK93	SNV			5	0
ENSG00000250592	ENSG00000250592	GroupA_exclusive	TK16,TK18,TK91,TK92,TK93	SNV			5	0
ENSG00000250670	ENSG00000250670	GroupA_exclusive	TK10,TK18,TK91,TK92,TK93	SNV			5	0
ENSG00000250751	ENSG00000250751	GroupA_exclusive	TK16,TK18,TK91,TK92,TK93	SNV			5	0
ENSG00000251076	ENSG00000251076	GroupA_exclusive	TK10,TK16,TK91,TK92,TK93	INDEL,SNV			5	0
ENSG00000251187	ENSG00000251187	GroupA_exclusive	TK10,TK16,TK91,TK92,TK93	INDEL,SNV			5	0
ENSG00000251204	ENSG00000251204	GroupA_exclusive	TK10,TK18,TK91,TK92,TK93	SNV			5	0
ENSG00000251293	ENSG00000251293	GroupA_exclusive	TK10,TK16,TK91,TK92,TK93	SNV			5	0
ENSG00000251379	ENSG00000251379	GroupA_exclusive	TK10,TK16,TK91,TK92,TK93	INDEL,SNV			5	0
ENSG00000251417	ENSG00000251417	GroupA_exclusive	TK10,TK16,TK91,TK92,TK93	INDEL,SNV			5	0
ENSG00000253214	ENSG00000253214	GroupA_exclusive	TK10,TK16,TK18,TK92,TK93	SNV			5	0
ENSG00000253223	ENSG00000253223	GroupA_exclusive	TK10,TK16,TK91,TK92,TK93	INDEL,SNV			5	0
ENSG00000253331	ENSG00000253331	GroupA_exclusive	TK10,TK16,TK91,TK92,TK93	SNV			5	0
ENSG00000253452	ENSG00000253452	GroupA_exclusive	TK10,TK16,TK91,TK92,TK93	INDEL,SNV			5	0
ENSG00000253687	ENSG00000253687	GroupA_exclusive	TK16,TK18,TK91,TK92,TK93	SNV			5	0
ENSG00000253730	ENSG00000253730	GroupA_exclusive	TK16,TK18,TK91,TK92,TK93	INDEL,SNV			5	0
ENSG00000253911	ENSG00000253911	GroupA_exclusive	TK10,TK18,TK91,TK92,TK93	SNV			5	0
ENSG00000254261	ENSG00000254261	GroupA_exclusive	TK10,TK18,TK91,TK92,TK93	INDEL,SNV			5	0
ENSG00000254616	ENSG00000254616	GroupA_exclusive	TK10,TK16,TK91,TK92,TK93	SNV			5	0
ENSG00000254706	ENSG00000254706	GroupA_exclusive	TK10,TK16,TK91,TK92,TK93	INDEL,SNV			5	0
ENSG00000254900	ENSG00000254900	GroupA_exclusive	TK16,TK18,TK91,TK92,TK93	INDEL,SNV			5	0
ENSG00000255084	ENSG00000255084	GroupA_exclusive	TK10,TK16,TK91,TK92,TK93	SNV			5	0
ENSG00000255539	ENSG00000255539	GroupA_exclusive	TK16,TK18,TK91,TK92,TK93	SNV			5	0
ENSG00000255629	ENSG00000255629	GroupA_exclusive	TK10,TK16,TK91,TK92,TK93	SNV			5	0
ENSG00000256209	ENSG00000256209	GroupA_exclusive	TK10,TK18,TK91,TK92,TK93	INDEL,SNV			5	0
ENSG00000257359	ENSG00000257359	GroupA_exclusive	TK10,TK18,TK91,TK92,TK93	SNV			5	0
ENSG00000257475	ENSG00000257475	GroupA_exclusive	TK10,TK18,TK91,TK92,TK93	INDEL,SNV			5	0
ENSG00000258114	ENSG00000258114	GroupA_exclusive	TK10,TK18,TK91,TK92,TK93	SNV			5	0
ENSG00000258323	ENSG00000258323	GroupA_exclusive	TK10,TK18,TK91,TK92,TK93	SNV			5	0
ENSG00000258594	ENSG00000258594	GroupA_exclusive	TK16,TK18,TK91,TK92,TK93	INDEL,SNV			5	0
ENSG00000259255	ENSG00000259255	GroupA_exclusive	TK10,TK18,TK91,TK92,TK93	SNV			5	0
ENSG00000259434	ENSG00000259434	GroupA_exclusive	TK10,TK18,TK91,TK92,TK93	INDEL,SNV			5	0
ENSG00000259453	ENSG00000259453	GroupA_exclusive	TK10,TK18,TK91,TK92,TK93	INDEL,SNV			5	0
ENSG00000259468	ENSG00000259468	GroupA_exclusive	TK10,TK16,TK91,TK92,TK93	INDEL,SNV			5	0
ENSG00000259508	ENSG00000259508	GroupA_exclusive	TK10,TK16,TK91,TK92,TK93	SNV			5	0
ENSG00000259620	ENSG00000259620	GroupA_exclusive	TK10,TK18,TK91,TK92,TK93	INDEL,SNV			5	0
ENSG00000259652	ENSG00000259652	GroupA_exclusive	TK10,TK16,TK18,TK91,TK93	SNV			5	0
ENSG00000259702	ENSG00000259702	GroupA_exclusive	TK10,TK18,TK91,TK92,TK93	INDEL,SNV			5	0
ENSG00000259926	ENSG00000259926	GroupA_exclusive	TK10,TK18,TK91,TK92,TK93	SNV			5	0
ENSG00000259969	ENSG00000259969	GroupA_exclusive	TK16,TK18,TK91,TK92,TK93	SNV			5	0
ENSG00000260037	ENSG00000260037	GroupA_exclusive	TK10,TK18,TK91,TK92,TK93	INDEL,SNV			5	0
ENSG00000260242	ENSG00000260242	GroupA_exclusive	TK10,TK18,TK91,TK92,TK93	INDEL,SNV			5	0
ENSG00000260430	ENSG00000260430	GroupA_exclusive	TK10,TK16,TK91,TK92,TK93	INDEL,SNV			5	0
ENSG00000260545	ENSG00000260545	GroupA_exclusive	TK10,TK18,TK91,TK92,TK93	SNV			5	0
ENSG00000260558	ENSG00000260558	GroupA_exclusive	TK10,TK16,TK91,TK92,TK93	SNV			5	0
ENSG00000260646	ENSG00000260646	GroupA_exclusive	TK10,TK18,TK91,TK92,TK93	INDEL,SNV			5	0
ENSG00000260685	ENSG00000260685	GroupA_exclusive	TK10,TK18,TK91,TK92,TK93	SNV			5	0
ENSG00000260719	ENSG00000260719	GroupA_exclusive	TK10,TK16,TK91,TK92,TK93	SNV			5	0
ENSG00000260911	ENSG00000260911	GroupA_exclusive	TK10,TK16,TK91,TK92,TK93	INDEL,SNV			5	0
ENSG00000261028	ENSG00000261028	GroupA_exclusive	TK10,TK16,TK91,TK92,TK93	SNV			5	0
ENSG00000261043	ENSG00000261043	GroupA_exclusive	TK10,TK18,TK91,TK92,TK93	SNV			5	0
ENSG00000261051	ENSG00000261051	GroupA_exclusive	TK10,TK16,TK91,TK92,TK93	SNV			5	0
ENSG00000261093	ENSG00000261093	GroupA_exclusive	TK10,TK18,TK91,TK92,TK93	SNV			5	0
ENSG00000261266	ENSG00000261266	GroupA_exclusive	TK10,TK16,TK18,TK91,TK93	SNV			5	0
ENSG00000261396	ENSG00000261396	GroupA_exclusive	TK10,TK18,TK91,TK92,TK93	SNV			5	0
ENSG00000261460	ENSG00000261460	GroupA_exclusive	TK10,TK16,TK91,TK92,TK93	INDEL,SNV			5	0
ENSG00000261722	ENSG00000261722	GroupA_exclusive	TK10,TK16,TK91,TK92,TK93	INDEL,SNV			5	0
ENSG00000261759	ENSG00000261759	GroupA_exclusive	TK10,TK16,TK91,TK92,TK93	SNV			5	0
ENSG00000261783	ENSG00000261783	GroupA_exclusive	TK10,TK18,TK91,TK92,TK93	SNV			5	0
ENSG00000262339	ENSG00000262339	GroupA_exclusive	TK10,TK18,TK91,TK92,TK93	SNV			5	0
ENSG00000262370	ENSG00000262370	GroupA_exclusive	TK10,TK18,TK91,TK92,TK93	INDEL,SNV			5	0
ENSG00000262529	ENSG00000262529	GroupA_exclusive	TK10,TK16,TK91,TK92,TK93	SNV			5	0
ENSG00000262905	ENSG00000262905	GroupA_exclusive	TK10,TK16,TK91,TK92,TK93	SNV			5	0
ENSG00000263708	ENSG00000263708	GroupA_exclusive	TK10,TK18,TK91,TK92,TK93	INDEL,SNV			5	0
ENSG00000263731	ENSG00000263731	GroupA_exclusive	TK16,TK18,TK91,TK92,TK93	SNV			5	0
ENSG00000263786	ENSG00000263786	GroupA_exclusive	TK16,TK18,TK91,TK92,TK93	INDEL,SNV			5	0
ENSG00000264067	ENSG00000264067	GroupA_exclusive	TK10,TK18,TK91,TK92,TK93	INDEL,SNV			5	0
ENSG00000264546	ENSG00000264546	GroupA_exclusive	TK10,TK18,TK91,TK92,TK93	SNV			5	0
ENSG00000264673	ENSG00000264673	GroupA_exclusive	TK10,TK16,TK18,TK91,TK92	INDEL,SNV			5	0
ENSG00000265261	ENSG00000265261	GroupA_exclusive	TK10,TK16,TK91,TK92,TK93	SNV			5	0
ENSG00000266371	ENSG00000266371	GroupA_exclusive	TK10,TK18,TK91,TK92,TK93	INDEL,SNV			5	0
ENSG00000266934	ENSG00000266934	GroupA_exclusive	TK10,TK16,TK91,TK92,TK93	INDEL,SNV			5	0
ENSG00000266977	ENSG00000266977	GroupA_exclusive	TK10,TK16,TK91,TK92,TK93	SNV			5	0
ENSG00000267047	ENSG00000267047	GroupA_exclusive	TK10,TK18,TK91,TK92,TK93	INDEL,SNV			5	0
ENSG00000267136	ENSG00000267136	GroupA_exclusive	TK10,TK16,TK91,TK92,TK93	INDEL,SNV			5	0
ENSG00000267139	ENSG00000267139	GroupA_exclusive	TK10,TK16,TK91,TK92,TK93	SNV			5	0
ENSG00000267251	ENSG00000267251	GroupA_exclusive	TK10,TK18,TK91,TK92,TK93	SNV			5	0
ENSG00000267375	ENSG00000267375	GroupA_exclusive	TK10,TK18,TK91,TK92,TK93	INDEL,SNV			5	0
ENSG00000267546	ENSG00000267546	GroupA_exclusive	TK16,TK18,TK91,TK92,TK93	SNV			5	0
ENSG00000267547	ENSG00000267547	GroupA_exclusive	TK16,TK18,TK91,TK92,TK93	SNV			5	0
ENSG00000267694	ENSG00000267694	GroupA_exclusive	TK10,TK18,TK91,TK92,TK93	SNV			5	0
ENSG00000267695	ENSG00000267695	GroupA_exclusive	TK10,TK18,TK91,TK92,TK93	INDEL,SNV			5	0
ENSG00000267707	ENSG00000267707	GroupA_exclusive	TK10,TK16,TK18,TK92,TK93	INDEL,SNV			5	0
ENSG00000267711	ENSG00000267711	GroupA_exclusive	TK10,TK18,TK91,TK92,TK93	SNV			5	0
ENSG00000267724	ENSG00000267724	GroupA_exclusive	TK16,TK18,TK91,TK92,TK93	SNV			5	0
ENSG00000267934	ENSG00000267934	GroupA_exclusive	TK10,TK16,TK18,TK91,TK92	SNV			5	0
ENSG00000268683	ENSG00000268683	GroupA_exclusive	TK10,TK18,TK91,TK92,TK93	SNV			5	0
ENSG00000269172	ENSG00000269172	GroupA_exclusive	TK10,TK16,TK91,TK92,TK93	INDEL,SNV			5	0
ENSG00000269444	ENSG00000269444	GroupA_exclusive	TK10,TK16,TK18,TK92,TK93	INDEL,SNV			5	0
ENSG00000269846	ENSG00000269846	GroupA_exclusive	TK10,TK16,TK18,TK91,TK92	SNV			5	0
ENSG00000270001	ENSG00000270001	GroupA_exclusive	TK10,TK18,TK91,TK92,TK93	SNV			5	0
ENSG00000270504	ENSG00000270504	GroupA_exclusive	TK10,TK18,TK91,TK92,TK93	SNV			5	0
ENSG00000270571	ENSG00000270571	GroupA_exclusive	TK10,TK16,TK91,TK92,TK93	INDEL,SNV			5	0
ENSG00000270589	ENSG00000270589	GroupA_exclusive	TK10,TK16,TK91,TK92,TK93	SNV			5	0
ENSG00000272137	ENSG00000272137	GroupA_exclusive	TK10,TK16,TK18,TK92,TK93	SNV			5	0
ENSG00000272638	ENSG00000272638	GroupA_exclusive	TK10,TK16,TK18,TK92,TK93	SNV			5	0
ENSG00000272865	ENSG00000272865	GroupA_exclusive	TK10,TK16,TK91,TK92,TK93	INDEL,SNV			5	0
ENSG00000272970	ENSG00000272970	GroupA_exclusive	TK10,TK16,TK91,TK92,TK93	INDEL,SNV			5	0
ENSG00000273014	ENSG00000273014	GroupA_exclusive	TK10,TK16,TK91,TK92,TK93	INDEL,SNV			5	0
ENSG00000273302	ENSG00000273302	GroupA_exclusive	TK10,TK16,TK91,TK92,TK93	SNV			5	0
ENSG00000273367	ENSG00000273367	GroupA_exclusive	TK10,TK16,TK91,TK92,TK93	INDEL,SNV			5	0
ENSG00000273387	ENSG00000273387	GroupA_exclusive	TK10,TK18,TK91,TK92,TK93	INDEL,SNV			5	0
ENSG00000273420	ENSG00000273420	GroupA_exclusive	TK10,TK18,TK91,TK92,TK93	SNV			5	0
ENSG00000273448	ENSG00000273448	GroupA_exclusive	TK10,TK16,TK91,TK92,TK93	INDEL,SNV			5	0
ENSG00000273786	ENSG00000273786	GroupA_exclusive	TK16,TK18,TK91,TK92,TK93	SNV			5	0
ENSG00000273965	ENSG00000273965	GroupA_exclusive	TK10,TK16,TK91,TK92,TK93	SNV			5	0
ENSG00000274584	ENSG00000274584	GroupA_exclusive	TK10,TK18,TK91,TK92,TK93	SNV			5	0
ENSG00000274653	ENSG00000274653	GroupA_exclusive	TK10,TK18,TK91,TK92,TK93	INDEL,SNV			5	0
ENSG00000274776	ENSG00000274776	GroupA_exclusive	TK10,TK16,TK91,TK92,TK93	SNV			5	0
ENSG00000274895	ENSG00000274895	GroupA_exclusive	TK10,TK18,TK91,TK92,TK93	SNV			5	0
ENSG00000275367	ENSG00000275367	GroupA_exclusive	TK10,TK16,TK91,TK92,TK93	SNV			5	0
ENSG00000275703	ENSG00000275703	GroupA_exclusive	TK10,TK16,TK91,TK92,TK93	SNV			5	0
ENSG00000276148	ENSG00000276148	GroupA_exclusive	TK10,TK16,TK91,TK92,TK93	SNV			5	0
ENSG00000276603	ENSG00000276603	GroupA_exclusive	TK10,TK16,TK91,TK92,TK93	SNV			5	0
ENSG00000277491	ENSG00000277491	GroupA_exclusive	TK16,TK18,TK91,TK92,TK93	SNV			5	0
ENSG00000277579	ENSG00000277579	GroupA_exclusive	TK10,TK16,TK91,TK92,TK93	INDEL,SNV			5	0
ENSG00000278665	ENSG00000278665	GroupA_exclusive	TK10,TK16,TK91,TK92,TK93	SNV			5	0
ENSG00000278879	ENSG00000278879	GroupA_exclusive	TK10,TK16,TK18,TK91,TK92	INDEL,SNV			5	0
ENSG00000278931	ENSG00000278931	GroupA_exclusive	TK10,TK18,TK91,TK92,TK93	INDEL,SNV			5	0
ENSG00000278987	ENSG00000278987	GroupA_exclusive	TK10,TK18,TK91,TK92,TK93	INDEL,SNV			5	0
ENSG00000278991	ENSG00000278991	GroupA_exclusive	TK10,TK18,TK91,TK92,TK93	SNV			5	0
ENSG00000279092	ENSG00000279092	GroupA_exclusive	TK16,TK18,TK91,TK92,TK93	SNV			5	0
ENSG00000279103	ENSG00000279103	GroupA_exclusive	TK10,TK18,TK91,TK92,TK93	SNV			5	0
ENSG00000279138	ENSG00000279138	GroupA_exclusive	TK10,TK18,TK91,TK92,TK93	INDEL,SNV			5	0
ENSG00000279199	ENSG00000279199	GroupA_exclusive	TK10,TK18,TK91,TK92,TK93	SNV			5	0
ENSG00000279425	ENSG00000279425	GroupA_exclusive	TK10,TK18,TK91,TK92,TK93	SNV			5	0
ENSG00000279494	ENSG00000279494	GroupA_exclusive	TK10,TK16,TK91,TK92,TK93	INDEL,SNV			5	0
ENSG00000279536	ENSG00000279536	GroupA_exclusive	TK10,TK16,TK91,TK92,TK93	INDEL,SNV			5	0
ENSG00000279549	ENSG00000279549	GroupA_exclusive	TK10,TK16,TK91,TK92,TK93	SNV			5	0
ENSG00000279597	ENSG00000279597	GroupA_exclusive	TK10,TK18,TK91,TK92,TK93	SNV			5	0
ENSG00000279632	ENSG00000279632	GroupA_exclusive	TK10,TK18,TK91,TK92,TK93	INDEL,SNV			5	0
ENSG00000279693	ENSG00000279693	GroupA_exclusive	TK10,TK16,TK18,TK92,TK93	INDEL,SNV			5	0
ENSG00000279699	ENSG00000279699	GroupA_exclusive	TK10,TK16,TK91,TK92,TK93	SNV			5	0
ENSG00000279939	ENSG00000279939	GroupA_exclusive	TK10,TK18,TK91,TK92,TK93	SNV			5	0
ENSG00000279995	ENSG00000279995	GroupA_exclusive	TK10,TK18,TK91,TK92,TK93	SNV			5	0
ENSG00000280119	ENSG00000280119	GroupA_exclusive	TK10,TK18,TK91,TK92,TK93	SNV			5	0
ENSG00000280604	ENSG00000280604	GroupA_exclusive	TK10,TK16,TK91,TK92,TK93	SNV			5	0
ENSG00000281100	ENSG00000281100	GroupA_exclusive	TK10,TK16,TK18,TK92,TK93	INDEL,SNV			5	0
ENSG00000282564	ENSG00000282564	GroupA_exclusive	TK10,TK18,TK91,TK92,TK93	SNV			5	0
ENSG00000283031	ENSG00000283031	GroupA_exclusive	TK10,TK16,TK91,TK92,TK93	INDEL,SNV			5	0
ENSG00000283544	ENSG00000283544	GroupA_exclusive	TK10,TK18,TK91,TK92,TK93	INDEL,SNV			5	0
ENSG00000284070	ENSG00000284070	GroupA_exclusive	TK10,TK16,TK91,TK92,TK93	SNV			5	0
ENSG00000284677	ENSG00000284677	GroupA_exclusive	TK10,TK16,TK91,TK92,TK93	INDEL,SNV			5	0
ENSG00000285020	ENSG00000285020	GroupA_exclusive	TK10,TK16,TK91,TK92,TK93	INDEL,SNV			5	0
ENSG00000285080	ENSG00000285080	GroupA_exclusive	TK16,TK18,TK91,TK92,TK93	INDEL,SNV			5	0
ENSG00000285404	ENSG00000285404	GroupA_exclusive	TK10,TK16,TK91,TK92,TK93	SNV			5	0
ENSG00000285454	ENSG00000285454	GroupA_exclusive	TK10,TK16,TK91,TK92,TK93	INDEL,SNV			5	0
ENSG00000285473	ENSG00000285473	GroupA_exclusive	TK10,TK18,TK91,TK92,TK93	INDEL,SNV			5	0
ENSG00000285519	ENSG00000285519	GroupA_exclusive	TK10,TK18,TK91,TK92,TK93	SNV			5	0
ENSG00000285573	ENSG00000285573	GroupA_exclusive	TK10,TK16,TK18,TK91,TK92	SNV			5	0
ENSG00000285712	ENSG00000285712	GroupA_exclusive	TK10,TK18,TK91,TK92,TK93	INDEL,SNV			5	0
ENSG00000285766	ENSG00000285766	GroupA_exclusive	TK16,TK18,TK91,TK92,TK93	INDEL,SNV			5	0
ENSG00000285845	ENSG00000285845	GroupA_exclusive	TK10,TK18,TK91,TK92,TK93	SNV			5	0
ENSG00000285872	ENSG00000285872	GroupA_exclusive	TK10,TK18,TK91,TK92,TK93	INDEL,SNV			5	0
ENSG00000285935	ENSG00000285935	GroupA_exclusive	TK10,TK16,TK91,TK92,TK93	INDEL,SNV			5	0
ENSG00000285940	ENSG00000285940	GroupA_exclusive	TK10,TK18,TK91,TK92,TK93	INDEL,SNV			5	0
ENSG00000286031	ENSG00000286031	GroupA_exclusive	TK10,TK16,TK91,TK92,TK93	SNV			5	0
ENSG00000286043	ENSG00000286043	GroupA_exclusive	TK16,TK18,TK91,TK92,TK93	SNV			5	0
ENSG00000286159	ENSG00000286159	GroupA_exclusive	TK10,TK18,TK91,TK92,TK93	INDEL,SNV			5	0
ENSG00000286198	ENSG00000286198	GroupA_exclusive	TK10,TK16,TK91,TK92,TK93	INDEL,SNV			5	0
ENSG00000286227	ENSG00000286227	GroupA_exclusive	TK10,TK18,TK91,TK92,TK93	SNV			5	0
ENSG00000286328	ENSG00000286328	GroupA_exclusive	TK10,TK18,TK91,TK92,TK93	INDEL,SNV			5	0
ENSG00000286378	ENSG00000286378	GroupA_exclusive	TK10,TK16,TK91,TK92,TK93	INDEL,SNV			5	0
ENSG00000286427	ENSG00000286427	GroupA_exclusive	TK10,TK16,TK91,TK92,TK93	INDEL,SNV			5	0
ENSG00000286507	ENSG00000286507	GroupA_exclusive	TK10,TK16,TK91,TK92,TK93	SNV			5	0
ENSG00000286562	ENSG00000286562	GroupA_exclusive	TK10,TK18,TK91,TK92,TK93	INDEL,SNV			5	0
ENSG00000286565	ENSG00000286565	GroupA_exclusive	TK10,TK18,TK91,TK92,TK93	INDEL,SNV			5	0
ENSG00000286664	ENSG00000286664	GroupA_exclusive	TK10,TK16,TK91,TK92,TK93	INDEL,SNV			5	0
ENSG00000286696	ENSG00000286696	GroupA_exclusive	TK10,TK18,TK91,TK92,TK93	SNV			5	0
ENSG00000286811	ENSG00000286811	GroupA_exclusive	TK10,TK16,TK91,TK92,TK93	INDEL,SNV			5	0
ENSG00000286825	ENSG00000286825	GroupA_exclusive	TK10,TK16,TK91,TK92,TK93	INDEL,SNV			5	0
ENSG00000286837	ENSG00000286837	GroupA_exclusive	TK10,TK16,TK91,TK92,TK93	SNV			5	0
ENSG00000286990	ENSG00000286990	GroupA_exclusive	TK16,TK18,TK91,TK92,TK93	SNV			5	0
ENSG00000287021	ENSG00000287021	GroupA_exclusive	TK10,TK16,TK18,TK91,TK92	SNV			5	0
ENSG00000287054	ENSG00000287054	GroupA_exclusive	TK10,TK18,TK91,TK92,TK93	INDEL,SNV			5	0
ENSG00000287129	ENSG00000287129	GroupA_exclusive	TK10,TK16,TK91,TK92,TK93	SNV			5	0
ENSG00000287154	ENSG00000287154	GroupA_exclusive	TK10,TK16,TK91,TK92,TK93	INDEL,SNV			5	0
ENSG00000287156	ENSG00000287156	GroupA_exclusive	TK10,TK16,TK91,TK92,TK93	SNV			5	0
ENSG00000287221	ENSG00000287221	GroupA_exclusive	TK10,TK18,TK91,TK92,TK93	INDEL,SNV			5	0
ENSG00000287358	ENSG00000287358	GroupA_exclusive	TK10,TK16,TK91,TK92,TK93	SNV			5	0
ENSG00000287407	ENSG00000287407	GroupA_exclusive	TK10,TK18,TK91,TK92,TK93	SNV			5	0
ENSG00000287437	ENSG00000287437	GroupA_exclusive	TK16,TK18,TK91,TK92,TK93	SNV			5	0
ENSG00000287503	ENSG00000287503	GroupA_exclusive	TK10,TK16,TK91,TK92,TK93	INDEL,SNV			5	0
ENSG00000287539	ENSG00000287539	GroupA_exclusive	TK10,TK18,TK91,TK92,TK93	SNV			5	0
ENSG00000287569	ENSG00000287569	GroupA_exclusive	TK16,TK18,TK91,TK92,TK93	INDEL,SNV			5	0
ENSG00000287578	ENSG00000287578	GroupA_exclusive	TK10,TK18,TK91,TK92,TK93	SNV			5	0
ENSG00000287586	ENSG00000287586	GroupA_exclusive	TK10,TK18,TK91,TK92,TK93	SNV			5	0
ENSG00000287595	ENSG00000287595	GroupA_exclusive	TK10,TK18,TK91,TK92,TK93	SNV			5	0
ENSG00000287621	ENSG00000287621	GroupA_exclusive	TK10,TK16,TK91,TK92,TK93	SNV			5	0
ENSG00000287676	ENSG00000287676	GroupA_exclusive	TK10,TK16,TK91,TK92,TK93	SNV			5	0
ENSG00000287708	ENSG00000287708	GroupA_exclusive	TK10,TK18,TK91,TK92,TK93	SNV			5	0
ENSG00000287777	ENSG00000287777	GroupA_exclusive	TK10,TK18,TK91,TK92,TK93	SNV			5	0
ENSG00000287811	ENSG00000287811	GroupA_exclusive	TK10,TK16,TK18,TK92,TK93	SNV			5	0
ENSG00000287849	ENSG00000287849	GroupA_exclusive	TK10,TK16,TK91,TK92,TK93	SNV			5	0
ENSG00000287857	ENSG00000287857	GroupA_exclusive	TK16,TK18,TK91,TK92,TK93	INDEL,SNV			5	0
ENSG00000287862	ENSG00000287862	GroupA_exclusive	TK10,TK18,TK91,TK92,TK93	INDEL,SNV			5	0
ENSG00000287881	ENSG00000287881	GroupA_exclusive	TK10,TK16,TK91,TK92,TK93	INDEL,SNV			5	0
ENSG00000287882	ENSG00000287882	GroupA_exclusive	TK16,TK18,TK91,TK92,TK93	SNV			5	0
ENSG00000287903	ENSG00000287903	GroupA_exclusive	TK10,TK16,TK91,TK92,TK93	SNV			5	0
ENSG00000287925	ENSG00000287925	GroupA_exclusive	TK10,TK16,TK91,TK92,TK93	INDEL,SNV			5	0
ENSG00000288067	ENSG00000288067	GroupA_exclusive	TK10,TK18,TK91,TK92,TK93	SNV			5	0
ENSG00000288080	ENSG00000288080	GroupA_exclusive	TK10,TK18,TK91,TK92,TK93	INDEL,SNV			5	0
ENSG00000288262	ENSG00000288262	GroupA_exclusive	TK10,TK18,TK91,TK92,TK93	SNV			5	0
ENSG00000288563	ENSG00000288563	GroupA_exclusive	TK10,TK16,TK91,TK92,TK93	INDEL,SNV			5	0
ENSG00000288691	ENSG00000288691	GroupA_exclusive	TK10,TK18,TK91,TK92,TK93	INDEL,SNV			5	0
ENSG00000288735	ENSG00000288735	GroupA_exclusive	TK10,TK18,TK91,TK92,TK93	SNV			5	0
ENSG00000288736	ENSG00000288736	GroupA_exclusive	TK10,TK18,TK91,TK92,TK93	INDEL,SNV			5	0
ENSG00000288832	ENSG00000288832	GroupA_exclusive	TK10,TK16,TK18,TK91,TK92	INDEL,SNV			5	0
ENSG00000288866	ENSG00000288866	GroupA_exclusive	TK10,TK18,TK91,TK92,TK93	INDEL,SNV			5	0
ENSG00000288999	ENSG00000288999	GroupA_exclusive	TK10,TK16,TK18,TK92,TK93	INDEL,SNV			5	0
ENSG00000289075	ENSG00000289075	GroupA_exclusive	TK10,TK18,TK91,TK92,TK93	INDEL,SNV			5	0
ENSG00000289242	ENSG00000289242	GroupA_exclusive	TK10,TK16,TK18,TK91,TK92	INDEL,SNV			5	0
ENSG00000289276	ENSG00000289276	GroupA_exclusive	TK10,TK18,TK91,TK92,TK93	SNV			5	0
ENSG00000289340	ENSG00000289340	GroupA_exclusive	TK10,TK18,TK91,TK92,TK93	SNV			5	0
ENSG00000289348	ENSG00000289348	GroupA_exclusive	TK10,TK18,TK91,TK92,TK93	INDEL,SNV			5	0
ENSG00000289350	ENSG00000289350	GroupA_exclusive	TK10,TK16,TK91,TK92,TK93	SNV			5	0
ENSG00000289382	ENSG00000289382	GroupA_exclusive	TK10,TK18,TK91,TK92,TK93	SNV			5	0
ENSG00000289552	ENSG00000289552	GroupA_exclusive	TK16,TK18,TK91,TK92,TK93	SNV			5	0
ENSG00000289597	ENSG00000289597	GroupA_exclusive	TK10,TK18,TK91,TK92,TK93	SNV			5	0
ENSG00000289607	ENSG00000289607	GroupA_exclusive	TK10,TK18,TK91,TK92,TK93	SNV			5	0
ENSG00000289720	ENSG00000289720	GroupA_exclusive	TK10,TK18,TK91,TK92,TK93	INDEL,SNV			5	0
ENSG00000289729	ENSG00000289729	GroupA_exclusive	TK10,TK16,TK91,TK92,TK93	INDEL,SNV			5	0
ENSG00000289899	ENSG00000289899	GroupA_exclusive	TK10,TK16,TK91,TK92,TK93	SNV			5	0
ENSG00000289910	ENSG00000289910	GroupA_exclusive	TK10,TK18,TK91,TK92,TK93	SNV			5	0
ENSG00000289937	ENSG00000289937	GroupA_exclusive	TK10,TK16,TK91,TK92,TK93	SNV			5	0
ENSG00000289946	ENSG00000289946	GroupA_exclusive	TK10,TK18,TK91,TK92,TK93	INDEL,SNV			5	0
ENSG00000290006	ENSG00000290006	GroupA_exclusive	TK10,TK18,TK91,TK92,TK93	INDEL,SNV			5	0
ENSG00000290108	ENSG00000290108	GroupA_exclusive	TK10,TK16,TK91,TK92,TK93	SNV			5	0
ENSG00000290192	ENSG00000290192	GroupA_exclusive	TK10,TK16,TK91,TK92,TK93	INDEL,SNV			5	0
ENSG00000290397	ENSG00000290397	GroupA_exclusive	TK10,TK18,TK91,TK92,TK93	INDEL,SNV			5	0
ENSG00000290522	ENSG00000290522	GroupA_exclusive	TK10,TK18,TK91,TK92,TK93	INDEL,SNV			5	0
ENSG00000290931	ENSG00000290931	GroupA_exclusive	TK10,TK16,TK91,TK92,TK93	INDEL,SNV			5	0
ENSG00000291201	ENSG00000291201	GroupA_exclusive	TK10,TK18,TK91,TK92,TK93	INDEL,SNV			5	0
ENSG00000233825	EPC1-AS2	GroupA_exclusive	TK10,TK18,TK91,TK92,TK93	INDEL,SNV			5	0
ENSG00000103067	ESRP2	GroupA_exclusive	TK16,TK18,TK91,TK92,TK93	INDEL,SNV			5	0
ENSG00000257023	ETNK1-DT	GroupA_exclusive	TK10,TK18,TK91,TK92,TK93	INDEL,SNV			5	0
ENSG00000169122	FAM110B	GroupA_exclusive	TK10,TK16,TK91,TK92,TK93	SNV			5	0
ENSG00000152380	FAM151B	GroupA_exclusive	TK10,TK18,TK91,TK92,TK93	INDEL,SNV			5	0
ENSG00000232300	FAM215B	GroupA_exclusive	TK10,TK18,TK91,TK92,TK93	INDEL,SNV			5	0
ENSG00000250432	FAM242C	GroupA_exclusive	TK10,TK16,TK91,TK92,TK93	SNV			5	0
ENSG00000259705	FBN1-DT	GroupA_exclusive	TK10,TK16,TK91,TK92,TK93	INDEL,SNV			5	0
ENSG00000158869	FCER1G	GroupA_exclusive	TK10,TK16,TK18,TK91,TK93	SNV			5	0
ENSG00000113578	FGF1	GroupA_exclusive	TK10,TK18,TK91,TK92,TK93	SNV			5	0
ENSG00000164142	FHIP1A	GroupA_exclusive	TK10,TK16,TK18,TK91,TK92	SNV			5	0
ENSG00000291029	FKBP9P1	GroupA_exclusive	TK10,TK18,TK91,TK92,TK93	INDEL,SNV			5	0
ENSG00000054598	FOXC1	GroupA_exclusive	TK10,TK16,TK91,TK92,TK93	INDEL,SNV			5	0
ENSG00000184659	FOXD4L4	GroupA_exclusive	TK10,TK18,TK91,TK92,TK93	SNV			5	0
ENSG00000172969	FRG2C	GroupA_exclusive	TK10,TK16,TK91,TK92,TK93	INDEL,SNV			5	0
ENSG00000147234	FRMPD3	GroupA_exclusive	TK10,TK16,TK91,TK92,TK93	INDEL,SNV			5	0
ENSG00000119514	GALNT12	GroupA_exclusive	TK10,TK16,TK91,TK92,TK93	INDEL,SNV			5	0
ENSG00000135248	GARIN1B	GroupA_exclusive	TK10,TK18,TK91,TK92,TK93	INDEL,SNV			5	0
ENSG00000255474	GAU1	GroupA_exclusive	TK16,TK18,TK91,TK92,TK93	INDEL,SNV			5	0
ENSG00000106633	GCK	GroupA_exclusive	TK10,TK16,TK91,TK92,TK93	SNV			5	0
ENSG00000291043	GLUD1P3	GroupA_exclusive	TK10,TK16,TK18,TK91,TK92	INDEL,SNV			5	0
ENSG00000255189	GLYATL1P1	GroupA_exclusive	TK10,TK16,TK91,TK92,TK93	SNV			5	0
ENSG00000141404	GNAL	GroupA_exclusive	TK10,TK16,TK91,TK92,TK93	INDEL,SNV			5	0
ENSG00000174680	GRIK1-AS1	GroupA_exclusive	TK10,TK16,TK91,TK92,TK93	INDEL,SNV			5	0
ENSG00000100077	GRK3	GroupA_exclusive	TK10,TK16,TK91,TK92,TK93	INDEL,SNV			5	0
ENSG00000245857	GS1-24F4.2	GroupA_exclusive	TK10,TK16,TK91,TK92,TK93	SNV			5	0
ENSG00000272645	GTF2IP20	GroupA_exclusive	TK10,TK18,TK91,TK92,TK93	INDEL,SNV			5	0
ENSG00000204625	HCG9	GroupA_exclusive	TK10,TK16,TK18,TK91,TK92	INDEL,SNV			5	0
ENSG00000185837	HDHD5-AS1	GroupA_exclusive	TK10,TK16,TK91,TK92,TK93	INDEL,SNV			5	0
ENSG00000181333	HEPHL1	GroupA_exclusive	TK10,TK18,TK91,TK92,TK93	INDEL,SNV			5	0
ENSG00000054392	HHAT	GroupA_exclusive	TK10,TK16,TK91,TK92,TK93	INDEL,SNV			5	0
ENSG00000237398	HLA-DPA3	GroupA_exclusive	TK10,TK18,TK91,TK92,TK93	SNV			5	0
ENSG00000214922	HLA-F-AS1	GroupA_exclusive	TK10,TK16,TK91,TK92,TK93	SNV			5	0
ENSG00000108924	HLF	GroupA_exclusive	TK10,TK16,TK91,TK92,TK93	INDEL,SNV			5	0
ENSG00000227688	HNRNPA3P2	GroupA_exclusive	TK10,TK18,TK91,TK92,TK93	SNV			5	0
ENSG00000233429	HOTAIRM1	GroupA_exclusive	TK10,TK16,TK91,TK92,TK93	SNV			5	0
ENSG00000107521	HPS1	GroupA_exclusive	TK16,TK18,TK91,TK92,TK93	INDEL,SNV			5	0
ENSG00000203914	HSP90B3P	GroupA_exclusive	TK16,TK18,TK91,TK92,TK93	INDEL,SNV			5	0
ENSG00000248159	HSPA8P11	GroupA_exclusive	TK10,TK16,TK91,TK92,TK93	INDEL,SNV			5	0
ENSG00000235821	IFITM4P	GroupA_exclusive	TK10,TK16,TK91,TK92,TK93	INDEL,SNV			5	0
ENSG00000111537	IFNG	GroupA_exclusive	TK10,TK16,TK91,TK92,TK93	SNV			5	0
ENSG00000166352	IFTAP	GroupA_exclusive	TK10,TK16,TK18,TK91,TK92	INDEL,SNV			5	0
ENSG00000245067	IGFBP7-AS1	GroupA_exclusive	TK10,TK16,TK91,TK92,TK93	SNV			5	0
ENSG00000142549	IGLON5	GroupA_exclusive	TK10,TK18,TK91,TK92,TK93	SNV			5	0
ENSG00000211662	IGLV3-21	GroupA_exclusive	TK10,TK16,TK91,TK92,TK93	SNV			5	0
ENSG00000143061	IGSF3	GroupA_exclusive	TK10,TK16,TK91,TK92,TK93	INDEL,SNV			5	0
ENSG00000244040	IL12A-AS1	GroupA_exclusive	TK16,TK18,TK91,TK92,TK93	SNV			5	0
ENSG00000229926	IL9RP1	GroupA_exclusive	TK10,TK16,TK91,TK92,TK93	SNV			5	0
ENSG00000112706	IMPG1	GroupA_exclusive	TK16,TK18,TK91,TK92,TK93	SNV			5	0
ENSG00000185133	INPP5J	GroupA_exclusive	TK10,TK16,TK91,TK92,TK93	INDEL,SNV			5	0
ENSG00000016082	ISL1	GroupA_exclusive	TK10,TK18,TK91,TK92,TK93	INDEL,SNV			5	0
ENSG00000156886	ITGAD	GroupA_exclusive	TK10,TK16,TK91,TK92,TK93	INDEL,SNV			5	0
ENSG00000267313	KC6	GroupA_exclusive	TK10,TK18,TK91,TK92,TK93	INDEL,SNV			5	0
ENSG00000182674	KCNB2	GroupA_exclusive	TK10,TK18,TK91,TK92,TK93	INDEL,SNV			5	0
ENSG00000121361	KCNJ8	GroupA_exclusive	TK10,TK18,TK91,TK92,TK93	SNV			5	0
ENSG00000162728	KCNJ9	GroupA_exclusive	TK16,TK18,TK91,TK92,TK93	SNV			5	0
ENSG00000142687	KIAA0319L	GroupA_exclusive	TK10,TK16,TK91,TK92,TK93	INDEL,SNV			5	0
ENSG00000119771	KLHL29	GroupA_exclusive	TK10,TK18,TK91,TK92,TK93	INDEL,SNV			5	0
ENSG00000104341	LAPTM4B	GroupA_exclusive	TK10,TK16,TK91,TK92,TK93	INDEL,SNV			5	0
ENSG00000001497	LAS1L	GroupA_exclusive	TK10,TK16,TK91,TK92,TK93	SNV			5	0
ENSG00000260034	LCMT1-AS2	GroupA_exclusive	TK10,TK16,TK91,TK92,TK93	INDEL,SNV			5	0
ENSG00000177984	LCN15	GroupA_exclusive	TK10,TK16,TK91,TK92,TK93	INDEL,SNV			5	0
ENSG00000153012	LGI2	GroupA_exclusive	TK10,TK16,TK91,TK92,TK93	INDEL,SNV			5	0
ENSG00000128342	LIF	GroupA_exclusive	TK10,TK16,TK91,TK92,TK93	SNV			5	0
ENSG00000146666	LINC00525	GroupA_exclusive	TK16,TK18,TK91,TK92,TK93	SNV			5	0
ENSG00000230891	LINC00692	GroupA_exclusive	TK10,TK18,TK91,TK92,TK93	INDEL,SNV			5	0
ENSG00000224259	LINC01133	GroupA_exclusive	TK10,TK16,TK91,TK92,TK93	SNV			5	0
ENSG00000260876	LINC01229	GroupA_exclusive	TK10,TK18,TK91,TK92,TK93	INDEL,SNV			5	0
ENSG00000234722	LINC01287	GroupA_exclusive	TK10,TK16,TK91,TK92,TK93	INDEL,SNV			5	0
ENSG00000274827	LINC01297	GroupA_exclusive	TK10,TK18,TK91,TK92,TK93	INDEL,SNV			5	0
ENSG00000251396	LINC01301	GroupA_exclusive	TK10,TK18,TK91,TK92,TK93	INDEL,SNV			5	0
ENSG00000273396	LINC01396	GroupA_exclusive	TK10,TK16,TK91,TK92,TK93	INDEL,SNV			5	0
ENSG00000249306	LINC01411	GroupA_exclusive	TK10,TK16,TK91,TK92,TK93	INDEL,SNV			5	0
ENSG00000259724	LINC01581	GroupA_exclusive	TK10,TK18,TK91,TK92,TK93	INDEL,SNV			5	0
ENSG00000254083	LINC01591	GroupA_exclusive	TK10,TK18,TK91,TK92,TK93	INDEL,SNV			5	0
ENSG00000227043	LINC01682	GroupA_exclusive	TK10,TK18,TK91,TK92,TK93	SNV			5	0
ENSG00000236780	LINC01829	GroupA_exclusive	TK10,TK16,TK91,TK92,TK93	INDEL,SNV			5	0
ENSG00000234279	LINC01937	GroupA_exclusive	TK10,TK16,TK18,TK91,TK92	SNV			5	0
ENSG00000223647	LINC01946	GroupA_exclusive	TK10,TK16,TK91,TK92,TK93	SNV			5	0
ENSG00000262188	LINC01978	GroupA_exclusive	TK10,TK16,TK18,TK91,TK92	SNV			5	0
ENSG00000267790	LINC01987	GroupA_exclusive	TK10,TK16,TK91,TK92,TK93	SNV			5	0
ENSG00000238755	LINC02006	GroupA_exclusive	TK10,TK16,TK91,TK92,TK93	INDEL,SNV			5	0
ENSG00000243694	LINC02027	GroupA_exclusive	TK10,TK18,TK91,TK92,TK93	INDEL,SNV			5	0
ENSG00000225742	LINC02036	GroupA_exclusive	TK10,TK18,TK91,TK92,TK93	INDEL,SNV			5	0
ENSG00000249383	LINC02071	GroupA_exclusive	TK10,TK16,TK91,TK92,TK93	SNV			5	0
ENSG00000244649	LINC02086	GroupA_exclusive	TK10,TK16,TK91,TK92,TK93	SNV			5	0
ENSG00000259786	LINC02109	GroupA_exclusive	TK10,TK18,TK91,TK92,TK93	INDEL,SNV			5	0
ENSG00000249781	LINC02112	GroupA_exclusive	TK10,TK16,TK91,TK92,TK93	INDEL,SNV			5	0
ENSG00000257185	LINC02293	GroupA_exclusive	TK10,TK18,TK91,TK92,TK93	SNV			5	0
ENSG00000257845	LINC02294	GroupA_exclusive	TK10,TK18,TK91,TK92,TK93	INDEL,SNV			5	0
ENSG00000251363	LINC02315	GroupA_exclusive	TK10,TK18,TK91,TK92,TK93	INDEL,SNV			5	0
ENSG00000255002	LINC02324	GroupA_exclusive	TK16,TK18,TK91,TK92,TK93	INDEL,SNV			5	0
ENSG00000257507	LINC02373	GroupA_exclusive	TK10,TK18,TK91,TK92,TK93	SNV			5	0
ENSG00000254930	LINC02545	GroupA_exclusive	TK10,TK16,TK18,TK92,TK93	SNV			5	0
ENSG00000233975	LINC02574	GroupA_exclusive	TK10,TK16,TK91,TK92,TK93	SNV			5	0
ENSG00000231566	LINC02595	GroupA_exclusive	TK10,TK16,TK91,TK92,TK93	INDEL,SNV			5	0
ENSG00000272430	LINC02637	GroupA_exclusive	TK10,TK18,TK91,TK92,TK93	SNV			5	0
ENSG00000284237	LINC02767	GroupA_exclusive	TK10,TK18,TK91,TK92,TK93	INDEL,SNV			5	0
ENSG00000237980	LINC02773	GroupA_exclusive	TK10,TK18,TK91,TK92,TK93	SNV			5	0
ENSG00000231966	LINC02818	GroupA_exclusive	TK10,TK16,TK91,TK92,TK93	INDEL,SNV			5	0
ENSG00000255998	LINC02824	GroupA_exclusive	TK10,TK16,TK91,TK92,TK93	INDEL,SNV			5	0
ENSG00000179082	LINC02913	GroupA_exclusive	TK10,TK18,TK91,TK92,TK93	INDEL,SNV			5	0
ENSG00000225292	LINC02935	GroupA_exclusive	TK10,TK18,TK91,TK92,TK93	INDEL,SNV			5	0
ENSG00000235888	LINC02940	GroupA_exclusive	TK10,TK16,TK91,TK92,TK93	SNV			5	0
ENSG00000223486	LINC03053	GroupA_exclusive	TK10,TK18,TK91,TK92,TK93	INDEL,SNV			5	0
ENSG00000140506	LMAN1L	GroupA_exclusive	TK10,TK16,TK91,TK92,TK93	SNV			5	0
ENSG00000227110	LMCD1-AS1	GroupA_exclusive	TK10,TK16,TK91,TK92,TK93	SNV			5	0
ENSG00000230479	LNCTSI	GroupA_exclusive	TK10,TK18,TK91,TK92,TK93	SNV			5	0
ENSG00000147650	LRP12	GroupA_exclusive	TK10,TK18,TK91,TK92,TK93	INDEL,SNV			5	0
ENSG00000230069	LRRC37A15P	GroupA_exclusive	TK10,TK16,TK18,TK92,TK93	SNV			5	0
ENSG00000128594	LRRC4	GroupA_exclusive	TK10,TK18,TK91,TK92,TK93	INDEL,SNV			5	0
ENSG00000160838	LRRC71	GroupA_exclusive	TK10,TK16,TK91,TK92,TK93	SNV			5	0
ENSG00000228285	LYPLA2P1	GroupA_exclusive	TK10,TK18,TK91,TK92,TK93	SNV			5	0
ENSG00000173212	MAB21L3	GroupA_exclusive	TK10,TK18,TK91,TK92,TK93	INDEL,SNV			5	0
ENSG00000253972	MAL2-AS1	GroupA_exclusive	TK10,TK16,TK91,TK92,TK93	INDEL,SNV			5	0
ENSG00000269904	MAP2K4P1	GroupA_exclusive	TK10,TK18,TK91,TK92,TK93	INDEL,SNV			5	0
ENSG00000250062	MAPK10-AS1	GroupA_exclusive	TK10,TK18,TK91,TK92,TK93	SNV			5	0
ENSG00000230749	MEIS1-AS2	GroupA_exclusive	TK10,TK18,TK91,TK92,TK93	INDEL,SNV			5	0
ENSG00000053328	METTL24	GroupA_exclusive	TK16,TK18,TK91,TK92,TK93	INDEL,SNV			5	0
ENSG00000261868	MFSD1P1	GroupA_exclusive	TK10,TK16,TK91,TK92,TK93	SNV			5	0
ENSG00000264386	MIR4513	GroupA_exclusive	TK16,TK18,TK91,TK92,TK93	SNV			5	0
ENSG00000275652	MIR6796	GroupA_exclusive	TK10,TK18,TK91,TK92,TK93	SNV			5	0
ENSG00000238151	MLLT10P1	GroupA_exclusive	TK16,TK18,TK91,TK92,TK93	SNV			5	0
ENSG00000254489	MPPED2-AS1	GroupA_exclusive	TK10,TK16,TK18,TK91,TK92	SNV			5	0
ENSG00000183695	MRGPRX2	GroupA_exclusive	TK10,TK16,TK91,TK92,TK93	INDEL,SNV			5	0
ENSG00000256037	MRPL40P1	GroupA_exclusive	TK10,TK16,TK91,TK92,TK93	SNV			5	0
ENSG00000038945	MSR1	GroupA_exclusive	TK10,TK18,TK91,TK92,TK93	INDEL,SNV			5	0
ENSG00000236483	MTND2P40	GroupA_exclusive	TK16,TK18,TK91,TK92,TK93	INDEL,SNV			5	0
ENSG00000233377	MTND4P20	GroupA_exclusive	TK10,TK16,TK91,TK92,TK93	SNV			5	0
ENSG00000171195	MUC7	GroupA_exclusive	TK10,TK16,TK91,TK92,TK93	SNV			5	0
ENSG00000124915	MYRF-AS1	GroupA_exclusive	TK10,TK18,TK91,TK92,TK93	INDEL,SNV			5	0
ENSG00000203286	Metazoa_SRP	GroupA_exclusive	TK10,TK16,TK18,TK92,TK93	SNV			5	0
ENSG00000276096	Metazoa_SRP	GroupA_exclusive	TK10,TK18,TK91,TK92,TK93	SNV			5	0
ENSG00000186310	NAP1L3	GroupA_exclusive	TK10,TK18,TK91,TK92,TK93	SNV			5	0
ENSG00000254622	NAV2-AS4	GroupA_exclusive	TK10,TK18,TK91,TK92,TK93	SNV			5	0
ENSG00000235258	NDUFB4P6	GroupA_exclusive	TK10,TK18,TK91,TK92,TK93	SNV			5	0
ENSG00000270264	NDUFB8P2	GroupA_exclusive	TK16,TK18,TK91,TK92,TK93	INDEL,SNV			5	0
ENSG00000218233	NEPNP	GroupA_exclusive	TK10,TK16,TK91,TK92,TK93	INDEL,SNV			5	0
ENSG00000105988	NHP2P1	GroupA_exclusive	TK10,TK16,TK91,TK92,TK93	SNV			5	0
ENSG00000101746	NOL4	GroupA_exclusive	TK10,TK18,TK91,TK92,TK93	INDEL,SNV			5	0
ENSG00000163273	NPPC	GroupA_exclusive	TK10,TK16,TK91,TK92,TK93	SNV			5	0
ENSG00000116833	NR5A2	GroupA_exclusive	TK10,TK18,TK91,TK92,TK93	INDEL,SNV			5	0
ENSG00000258524	NT5CP1	GroupA_exclusive	TK10,TK16,TK91,TK92,TK93	SNV			5	0
ENSG00000135318	NT5E	GroupA_exclusive	TK10,TK16,TK91,TK92,TK93	INDEL,SNV			5	0
ENSG00000198836	OPA1	GroupA_exclusive	TK10,TK18,TK91,TK92,TK93	INDEL,SNV			5	0
ENSG00000243775	OSTCP1	GroupA_exclusive	TK10,TK18,TK91,TK92,TK93	INDEL,SNV			5	0
ENSG00000231799	PA2G4P6	GroupA_exclusive	TK10,TK18,TK91,TK92,TK93	INDEL,SNV			5	0
ENSG00000269939	PCF11-AS1	GroupA_exclusive	TK10,TK16,TK18,TK91,TK92	INDEL,SNV			5	0
ENSG00000116703	PDC	GroupA_exclusive	TK10,TK18,TK91,TK92,TK93	SNV			5	0
ENSG00000229739	PDC-AS1	GroupA_exclusive	TK10,TK18,TK91,TK92,TK93	SNV			5	0
ENSG00000290904	PDE4DIPP4	GroupA_exclusive	TK10,TK18,TK91,TK92,TK93	SNV			5	0
ENSG00000234232	PDE4DIPP7	GroupA_exclusive	TK10,TK16,TK91,TK92,TK93	SNV			5	0
ENSG00000170962	PDGFD	GroupA_exclusive	TK10,TK18,TK91,TK92,TK93	INDEL,SNV			5	0
ENSG00000244371	PFN1P8	GroupA_exclusive	TK10,TK18,TK91,TK92,TK93	SNV			5	0
ENSG00000176732	PFN4	GroupA_exclusive	TK10,TK16,TK91,TK92,TK93	INDEL,SNV			5	0
ENSG00000233623	PGAM1P11	GroupA_exclusive	TK10,TK18,TK91,TK92,TK93	SNV			5	0
ENSG00000112419	PHACTR2	GroupA_exclusive	TK10,TK16,TK91,TK92,TK93	INDEL,SNV			5	0
ENSG00000175287	PHYHD1	GroupA_exclusive	TK10,TK18,TK91,TK92,TK93	INDEL,SNV			5	0
ENSG00000246640	PICART1	GroupA_exclusive	TK10,TK18,TK91,TK92,TK93	INDEL,SNV			5	0
ENSG00000153823	PID1	GroupA_exclusive	TK16,TK18,TK91,TK92,TK93	SNV			5	0
ENSG00000173947	PIFO	GroupA_exclusive	TK16,TK18,TK91,TK92,TK93	SNV			5	0
ENSG00000224294	PINCR	GroupA_exclusive	TK10,TK16,TK91,TK92,TK93	INDEL,SNV			5	0
ENSG00000254266	PKIA-AS1	GroupA_exclusive	TK10,TK16,TK91,TK92,TK93	INDEL,SNV			5	0
ENSG00000121316	PLBD1	GroupA_exclusive	TK16,TK18,TK91,TK92,TK93	INDEL,SNV			5	0
ENSG00000152527	PLEKHH2	GroupA_exclusive	TK16,TK18,TK91,TK92,TK93	INDEL,SNV			5	0
ENSG00000141934	PLPP2	GroupA_exclusive	TK10,TK18,TK91,TK92,TK93	INDEL,SNV			5	0
ENSG00000240694	PNMA2	GroupA_exclusive	TK10,TK18,TK91,TK92,TK93	INDEL,SNV			5	0
ENSG00000271931	PNRC1-DT	GroupA_exclusive	TK10,TK18,TK91,TK92,TK93	SNV			5	0
ENSG00000105852	PON3	GroupA_exclusive	TK16,TK18,TK91,TK92,TK93	INDEL,SNV			5	0
ENSG00000249996	PPIC-AS1	GroupA_exclusive	TK10,TK16,TK91,TK92,TK93	SNV			5	0
ENSG00000272606	PPP4R3B-DT	GroupA_exclusive	TK16,TK18,TK91,TK92,TK93	INDEL,SNV			5	0
ENSG00000186314	PRELID2	GroupA_exclusive	TK10,TK16,TK91,TK92,TK93	INDEL,SNV			5	0
ENSG00000230461	PROX1-AS1	GroupA_exclusive	TK10,TK18,TK91,TK92,TK93	INDEL,SNV			5	0
ENSG00000185246	PRPF39	GroupA_exclusive	TK10,TK16,TK91,TK92,TK93	SNV			5	0
ENSG00000150687	PRSS23	GroupA_exclusive	TK10,TK16,TK18,TK92,TK93	INDEL,SNV			5	0
ENSG00000073008	PVR	GroupA_exclusive	TK10,TK18,TK91,TK92,TK93	INDEL,SNV			5	0
ENSG00000139832	RAB20	GroupA_exclusive	TK10,TK16,TK91,TK92,TK93	SNV			5	0
ENSG00000228016	RAPGEF4-AS1	GroupA_exclusive	TK10,TK16,TK91,TK92,TK93	INDEL,SNV			5	0
ENSG00000111783	RFX4	GroupA_exclusive	TK10,TK16,TK91,TK92,TK93	INDEL,SNV			5	0
ENSG00000158315	RHBDL2	GroupA_exclusive	TK10,TK16,TK91,TK92,TK93	INDEL,SNV			5	0
ENSG00000178796	RIIAD1	GroupA_exclusive	TK10,TK16,TK18,TK91,TK92	INDEL,SNV			5	0
ENSG00000176406	RIMS2	GroupA_exclusive	TK10,TK18,TK91,TK92,TK93	INDEL,SNV			5	0
ENSG00000202360	RN7SKP249	GroupA_exclusive	TK16,TK18,TK91,TK92,TK93	SNV			5	0
ENSG00000244425	RN7SL268P	GroupA_exclusive	TK10,TK18,TK91,TK92,TK93	INDEL,SNV			5	0
ENSG00000239082	RNU7-170P	GroupA_exclusive	TK10,TK16,TK91,TK92,TK93	SNV			5	0
ENSG00000275538	RNVU1-19	GroupA_exclusive	TK10,TK18,TK91,TK92,TK93	SNV			5	0
ENSG00000219932	RPL12P8	GroupA_exclusive	TK16,TK18,TK91,TK92,TK93	INDEL,SNV			5	0
ENSG00000233254	RPL21P134	GroupA_exclusive	TK10,TK16,TK91,TK92,TK93	INDEL,SNV			5	0
ENSG00000213657	RPL31P44	GroupA_exclusive	TK16,TK18,TK91,TK92,TK93	SNV			5	0
ENSG00000236735	RPL31P63	GroupA_exclusive	TK10,TK16,TK91,TK92,TK93	SNV			5	0
ENSG00000228000	RPL7AP65	GroupA_exclusive	TK10,TK18,TK91,TK92,TK93	SNV			5	0
ENSG00000268785	RPL7P50	GroupA_exclusive	TK10,TK16,TK91,TK92,TK93	SNV			5	0
ENSG00000240759	RPS27P21	GroupA_exclusive	TK10,TK16,TK91,TK92,TK93	SNV			5	0
ENSG00000230799	RPS2P16	GroupA_exclusive	TK10,TK18,TK91,TK92,TK93	INDEL,SNV			5	0
ENSG00000141564	RPTOR	GroupA_exclusive	TK10,TK18,TK91,TK92,TK93	SNV			5	0
ENSG00000179041	RRS1	GroupA_exclusive	TK10,TK16,TK91,TK92,TK93	SNV			5	0
ENSG00000146374	RSPO3	GroupA_exclusive	TK10,TK16,TK91,TK92,TK93	SNV			5	0
ENSG00000101282	RSPO4	GroupA_exclusive	TK10,TK16,TK91,TK92,TK93	INDEL,SNV			5	0
ENSG00000198626	RYR2	GroupA_exclusive	TK10,TK18,TK91,TK92,TK93	INDEL,SNV			5	0
ENSG00000146197	SCUBE3	GroupA_exclusive	TK10,TK18,TK91,TK92,TK93	SNV			5	0
ENSG00000223899	SEC13P1	GroupA_exclusive	TK10,TK18,TK91,TK92,TK93	SNV			5	0
ENSG00000112902	SEMA5A	GroupA_exclusive	TK10,TK16,TK91,TK92,TK93	INDEL,SNV			5	0
ENSG00000183476	SH2D7	GroupA_exclusive	TK16,TK18,TK91,TK92,TK93	SNV			5	0
ENSG00000226627	SHANK2-AS1	GroupA_exclusive	TK10,TK18,TK91,TK92,TK93	INDEL,SNV			5	0
ENSG00000138606	SHF	GroupA_exclusive	TK10,TK16,TK91,TK92,TK93	SNV			5	0
ENSG00000180730	SHISA2	GroupA_exclusive	TK10,TK16,TK91,TK92,TK93	SNV			5	0
ENSG00000072858	SIDT1	GroupA_exclusive	TK10,TK16,TK91,TK92,TK93	INDEL,SNV			5	0
ENSG00000163393	SLC22A15	GroupA_exclusive	TK10,TK18,TK91,TK92,TK93	SNV			5	0
ENSG00000112053	SLC26A8	GroupA_exclusive	TK10,TK18,TK91,TK92,TK93	INDEL,SNV			5	0
ENSG00000254088	SLC2A3P4	GroupA_exclusive	TK10,TK16,TK91,TK92,TK93	SNV			5	0
ENSG00000259354	SLC30A4-AS1	GroupA_exclusive	TK16,TK18,TK91,TK92,TK93	SNV			5	0
ENSG00000108576	SLC6A4	GroupA_exclusive	TK10,TK18,TK91,TK92,TK93	INDEL,SNV			5	0
ENSG00000124107	SLPI	GroupA_exclusive	TK10,TK16,TK18,TK92,TK93	INDEL,SNV			5	0
ENSG00000226746	SMCR5	GroupA_exclusive	TK10,TK16,TK91,TK92,TK93	SNV			5	0
ENSG00000185662	SMIM23	GroupA_exclusive	TK10,TK16,TK91,TK92,TK93	SNV			5	0
ENSG00000250786	SNHG18	GroupA_exclusive	TK10,TK16,TK91,TK92,TK93	INDEL,SNV			5	0
ENSG00000206897	SNORA9B	GroupA_exclusive	TK16,TK18,TK91,TK92,TK93	SNV			5	0
ENSG00000221500	SNORD100	GroupA_exclusive	TK10,TK18,TK91,TK92,TK93	SNV			5	0
ENSG00000200463	SNORD118	GroupA_exclusive	TK10,TK18,TK91,TK92,TK93	SNV			5	0
ENSG00000150628	SPATA4	GroupA_exclusive	TK10,TK16,TK91,TK92,TK93	INDEL,SNV			5	0
ENSG00000185523	SPATA45	GroupA_exclusive	TK10,TK16,TK91,TK92,TK93	INDEL,SNV			5	0
ENSG00000147059	SPIN2A	GroupA_exclusive	TK10,TK18,TK91,TK92,TK93	INDEL,SNV			5	0
ENSG00000254418	SPON1-AS1	GroupA_exclusive	TK10,TK16,TK91,TK92,TK93	INDEL,SNV			5	0
ENSG00000168939	SPRY3	GroupA_exclusive	TK10,TK18,TK91,TK92,TK93	INDEL,SNV			5	0
ENSG00000176101	SSNA1	GroupA_exclusive	TK10,TK16,TK18,TK91,TK92	SNV			5	0
ENSG00000226367	ST7-AS2	GroupA_exclusive	TK16,TK18,TK91,TK92,TK93	INDEL,SNV			5	0
ENSG00000101638	ST8SIA5	GroupA_exclusive	TK10,TK16,TK91,TK92,TK93	INDEL,SNV			5	0
ENSG00000174353	STAG3L3	GroupA_exclusive	TK10,TK18,TK91,TK92,TK93	SNV			5	0
ENSG00000118046	STK11	GroupA_exclusive	TK10,TK18,TK91,TK92,TK93	INDEL,SNV			5	0
ENSG00000170310	STX8	GroupA_exclusive	TK10,TK16,TK91,TK92,TK93	INDEL,SNV			5	0
ENSG00000171772	SYCE1	GroupA_exclusive	TK10,TK16,TK91,TK92,TK93	SNV			5	0
ENSG00000204070	SYS1	GroupA_exclusive	TK16,TK18,TK91,TK92,TK93	INDEL,SNV			5	0
ENSG00000231187	SYT15-AS1	GroupA_exclusive	TK10,TK16,TK91,TK92,TK93	INDEL,SNV			5	0
ENSG00000213023	SYT3	GroupA_exclusive	TK10,TK18,TK91,TK92,TK93	INDEL,SNV			5	0
ENSG00000178913	TAF7	GroupA_exclusive	TK16,TK18,TK91,TK92,TK93	INDEL,SNV			5	0
ENSG00000102387	TAF7L	GroupA_exclusive	TK10,TK16,TK91,TK92,TK93	SNV			5	0
ENSG00000270923	TAS2R6P	GroupA_exclusive	TK10,TK18,TK91,TK92,TK93	SNV			5	0
ENSG00000180964	TCEAL8	GroupA_exclusive	TK10,TK16,TK91,TK92,TK93	SNV			5	0
ENSG00000242973	TDRD6-AS1	GroupA_exclusive	TK16,TK18,TK91,TK92,TK93	INDEL,SNV			5	0
ENSG00000187079	TEAD1	GroupA_exclusive	TK10,TK16,TK91,TK92,TK93	INDEL,SNV			5	0
ENSG00000149256	TENM4	GroupA_exclusive	TK10,TK18,TK91,TK92,TK93	SNV			5	0
ENSG00000257987	TEX49	GroupA_exclusive	TK10,TK16,TK18,TK91,TK92	SNV			5	0
ENSG00000118707	TGIF2	GroupA_exclusive	TK10,TK16,TK91,TK92,TK93	INDEL,SNV			5	0
ENSG00000168286	THAP11	GroupA_exclusive	TK10,TK16,TK18,TK91,TK92	INDEL,SNV			5	0
ENSG00000227339	THRAP3P1	GroupA_exclusive	TK16,TK18,TK91,TK92,TK93	INDEL,SNV			5	0
ENSG00000237594	TIAM1-AS1	GroupA_exclusive	TK16,TK18,TK91,TK92,TK93	INDEL,SNV			5	0
ENSG00000171914	TLN2	GroupA_exclusive	TK10,TK18,TK91,TK92,TK93	INDEL,SNV			5	0
ENSG00000163449	TMEM169	GroupA_exclusive	TK16,TK18,TK91,TK92,TK93	SNV			5	0
ENSG00000261115	TMEM178B	GroupA_exclusive	TK16,TK18,TK91,TK92,TK93	SNV			5	0
ENSG00000171729	TMEM51	GroupA_exclusive	TK10,TK18,TK91,TK92,TK93	INDEL,SNV			5	0
ENSG00000136842	TMOD1	GroupA_exclusive	TK10,TK18,TK91,TK92,TK93	INDEL,SNV			5	0
ENSG00000187653	TMSB4XP8	GroupA_exclusive	TK16,TK18,TK91,TK92,TK93	SNV			5	0
ENSG00000116783	TNNI3K	GroupA_exclusive	TK10,TK16,TK91,TK92,TK93	SNV			5	0
ENSG00000101150	TPD52L2	GroupA_exclusive	TK10,TK18,TK91,TK92,TK93	SNV			5	0
ENSG00000258588	TRIM6-TRIM34	GroupA_exclusive	TK10,TK16,TK91,TK92,TK93	INDEL,SNV			5	0
ENSG00000260641	TSPAN5-DT	GroupA_exclusive	TK10,TK18,TK91,TK92,TK93	SNV			5	0
ENSG00000228677	TTC3-AS1	GroupA_exclusive	TK10,TK16,TK91,TK92,TK93	INDEL,SNV			5	0
ENSG00000137561	TTPA	GroupA_exclusive	TK10,TK18,TK91,TK92,TK93	INDEL,SNV			5	0
ENSG00000229236	TTTY10	GroupA_exclusive	TK10,TK18,TK91,TK92,TK93	INDEL,SNV			5	0
ENSG00000290945	UBE2Q2P2	GroupA_exclusive	TK10,TK16,TK91,TK92,TK93	INDEL,SNV			5	0
ENSG00000143222	UFC1	GroupA_exclusive	TK10,TK16,TK18,TK91,TK92	SNV			5	0
ENSG00000233797	UFL1-AS1	GroupA_exclusive	TK10,TK18,TK91,TK92,TK93	SNV			5	0
ENSG00000111981	ULBP1	GroupA_exclusive	TK10,TK16,TK91,TK92,TK93	SNV			5	0
ENSG00000250326	USP38-DT	GroupA_exclusive	TK10,TK18,TK91,TK92,TK93	INDEL,SNV			5	0
ENSG00000152818	UTRN	GroupA_exclusive	TK10,TK16,TK91,TK92,TK93	INDEL,SNV			5	0
ENSG00000118640	VAMP8	GroupA_exclusive	TK10,TK18,TK91,TK92,TK93	INDEL,SNV			5	0
ENSG00000155959	VBP1	GroupA_exclusive	TK16,TK18,TK91,TK92,TK93	SNV			5	0
ENSG00000213131	YWHAZP4	GroupA_exclusive	TK10,TK16,TK91,TK92,TK93	SNV			5	0
ENSG00000198939	ZFP2	GroupA_exclusive	TK10,TK18,TK91,TK92,TK93	INDEL,SNV			5	0
ENSG00000157077	ZFYVE9	GroupA_exclusive	TK10,TK16,TK18,TK92,TK93	SNV			5	0
ENSG00000198105	ZNF248	GroupA_exclusive	TK10,TK18,TK91,TK92,TK93	INDEL,SNV			5	0
ENSG00000144331	ZNF385B	GroupA_exclusive	TK10,TK16,TK91,TK92,TK93	INDEL,SNV			5	0
ENSG00000102935	ZNF423	GroupA_exclusive	TK10,TK18,TK91,TK92,TK93	INDEL,SNV			5	0
ENSG00000165655	ZNF503	GroupA_exclusive	TK10,TK16,TK91,TK92,TK93	INDEL,SNV			5	0
ENSG00000237149	ZNF503-AS2	GroupA_exclusive	TK10,TK16,TK91,TK92,TK93	SNV			5	0
ENSG00000215452	ZNF663P	GroupA_exclusive	TK10,TK16,TK91,TK92,TK93	SNV			5	0
ENSG00000215812	ZNF847P	GroupA_exclusive	TK10,TK16,TK91,TK92,TK93	SNV			5	0
ENSG00000170044	ZPLD1	GroupA_exclusive	TK10,TK18,TK91,TK92,TK93	SNV			5	0
ENSG00000245105	A2M-AS1	GroupA_exclusive	TK10,TK91,TK92,TK93	SNV			4	0
ENSG00000234969	AARSD1P1	GroupA_exclusive	TK10,TK91,TK92,TK93	INDEL,SNV			4	0
ENSG00000253384	ABRAXAS1P2	GroupA_exclusive	TK10,TK91,TK92,TK93	INDEL,SNV			4	0
ENSG00000115361	ACADL	GroupA_exclusive	TK18,TK91,TK92,TK93	SNV			4	0
ENSG00000231340	ACTG1P10	GroupA_exclusive	TK10,TK18,TK91,TK92	SNV			4	0
ENSG00000248746	ACTN3	GroupA_exclusive	TK10,TK91,TK92,TK93	SNV			4	0
ENSG00000226469	ADAM1B	GroupA_exclusive	TK10,TK91,TK92,TK93	SNV			4	0
ENSG00000185736	ADARB2	GroupA_exclusive	TK18,TK91,TK92,TK93	INDEL,SNV			4	0
ENSG00000155966	AFF2	GroupA_exclusive	TK10,TK91,TK92,TK93	SNV			4	0
ENSG00000253606	AFG3L2P1	GroupA_exclusive	TK18,TK91,TK92,TK93	SNV			4	0
ENSG00000159723	AGRP	GroupA_exclusive	TK18,TK91,TK92,TK93	SNV			4	0
ENSG00000238181	AHCYP2	GroupA_exclusive	TK18,TK91,TK92,TK93	INDEL,SNV			4	0
ENSG00000230154	AIDAP1	GroupA_exclusive	TK10,TK91,TK92,TK93	SNV			4	0
ENSG00000228816	AK3P5	GroupA_exclusive	TK10,TK16,TK91,TK92	SNV			4	0
ENSG00000250268	ALG1L14P	GroupA_exclusive	TK10,TK18,TK92,TK93	SNV			4	0
ENSG00000254450	ALG9-IT1	GroupA_exclusive	TK18,TK91,TK92,TK93	INDEL,SNV			4	0
ENSG00000264958	ALOX12P1	GroupA_exclusive	TK10,TK91,TK92,TK93	INDEL,SNV			4	0
ENSG00000291084	ALOX12P2	GroupA_exclusive	TK16,TK91,TK92,TK93	SNV			4	0
ENSG00000187689	AMTN	GroupA_exclusive	TK10,TK91,TK92,TK93	SNV			4	0
ENSG00000291140	AMZ2P1	GroupA_exclusive	TK10,TK16,TK18,TK92	SNV			4	0
ENSG00000164162	ANAPC10	GroupA_exclusive	TK10,TK91,TK92,TK93	SNV			4	0
ENSG00000233673	ANAPC1P1	GroupA_exclusive	TK18,TK91,TK92,TK93	SNV			4	0
ENSG00000180071	ANKRD18A	GroupA_exclusive	TK16,TK91,TK92,TK93	SNV			4	0
ENSG00000226435	ANKRD18DP	GroupA_exclusive	TK16,TK91,TK92,TK93	INDEL,SNV			4	0
ENSG00000172014	ANKRD20A4P	GroupA_exclusive	TK10,TK91,TK92,TK93	SNV			4	0
ENSG00000236816	ANKRD20A7P	GroupA_exclusive	TK18,TK91,TK92,TK93	SNV			4	0
ENSG00000224309	ANKRD30BP2	GroupA_exclusive	TK10,TK91,TK92,TK93	INDEL,SNV			4	0
ENSG00000175336	APOF	GroupA_exclusive	TK18,TK91,TK92,TK93	SNV			4	0
ENSG00000138639	ARHGAP24	GroupA_exclusive	TK10,TK91,TK92,TK93	INDEL,SNV			4	0
ENSG00000145819	ARHGAP26	GroupA_exclusive	TK16,TK91,TK92,TK93	INDEL,SNV			4	0
ENSG00000266441	ARHGAP28-AS1	GroupA_exclusive	TK10,TK18,TK91,TK92	SNV			4	0
ENSG00000006740	ARHGAP44	GroupA_exclusive	TK10,TK91,TK92,TK93	INDEL,SNV			4	0
ENSG00000176009	ASCL3	GroupA_exclusive	TK10,TK16,TK92,TK93	SNV			4	0
ENSG00000229105	ASTN2-AS1	GroupA_exclusive	TK10,TK91,TK92,TK93	INDEL,SNV			4	0
ENSG00000224004	ATP5F1CP1	GroupA_exclusive	TK10,TK91,TK92,TK93	INDEL,SNV			4	0
ENSG00000182240	BACE2	GroupA_exclusive	TK10,TK91,TK92,TK93	INDEL,SNV			4	0
ENSG00000174483	BBS1	GroupA_exclusive	TK10,TK18,TK92,TK93	SNV			4	0
ENSG00000122507	BBS9	GroupA_exclusive	TK16,TK18,TK92,TK93	SNV			4	0
ENSG00000255051	BCAS2P1	GroupA_exclusive	TK18,TK91,TK92,TK93	INDEL,SNV			4	0
ENSG00000230046	BIRC6-AS1	GroupA_exclusive	TK10,TK91,TK92,TK93	SNV			4	0
ENSG00000164619	BMPER	GroupA_exclusive	TK10,TK91,TK92,TK93	SNV			4	0
ENSG00000219642	BMPR1AP1	GroupA_exclusive	TK10,TK91,TK92,TK93	INDEL,SNV			4	0
ENSG00000232460	BMPR1AP2	GroupA_exclusive	TK10,TK91,TK92,TK93	SNV			4	0
ENSG00000218676	BRD7P4	GroupA_exclusive	TK10,TK18,TK91,TK92	SNV			4	0
ENSG00000189195	BTBD8	GroupA_exclusive	TK10,TK91,TK92,TK93	SNV			4	0
ENSG00000235034	C19orf81	GroupA_exclusive	TK10,TK91,TK92,TK93	SNV			4	0
ENSG00000257818	C1GALT1P1	GroupA_exclusive	TK16,TK91,TK92,TK93	SNV			4	0
ENSG00000240654	C1QTNF9	GroupA_exclusive	TK10,TK91,TK92,TK93	INDEL,SNV			4	0
ENSG00000000460	C1orf112	GroupA_exclusive	TK10,TK91,TK92,TK93	INDEL,SNV			4	0
ENSG00000271387	C1orf21-DT	GroupA_exclusive	TK16,TK18,TK92,TK93	SNV			4	0
ENSG00000185127	C6orf120	GroupA_exclusive	TK18,TK91,TK92,TK93	INDEL,SNV			4	0
ENSG00000165084	C8orf34	GroupA_exclusive	TK10,TK91,TK92,TK93	SNV			4	0
ENSG00000185015	CA13	GroupA_exclusive	TK10,TK16,TK91,TK93	SNV			4	0
ENSG00000157782	CABP1	GroupA_exclusive	TK10,TK91,TK92,TK93	INDEL,SNV			4	0
ENSG00000175868	CALCB	GroupA_exclusive	TK16,TK91,TK92,TK93	INDEL,SNV			4	0
ENSG00000119242	CCDC92	GroupA_exclusive	TK10,TK16,TK91,TK92	INDEL,SNV			4	0
ENSG00000151882	CCL28	GroupA_exclusive	TK16,TK91,TK92,TK93	SNV			4	0
ENSG00000277089	CCL3-AS1	GroupA_exclusive	TK18,TK91,TK92,TK93	INDEL,SNV			4	0
ENSG00000261528	CCNYL7	GroupA_exclusive	TK16,TK91,TK92,TK93	SNV			4	0
ENSG00000183625	CCR3	GroupA_exclusive	TK18,TK91,TK92,TK93	SNV			4	0
ENSG00000184305	CCSER1	GroupA_exclusive	TK10,TK91,TK92,TK93	INDEL,SNV			4	0
ENSG00000250444	CCT5P1	GroupA_exclusive	TK10,TK91,TK92,TK93	SNV			4	0
ENSG00000158473	CD1D	GroupA_exclusive	TK10,TK91,TK92,TK93	INDEL,SNV			4	0
ENSG00000066294	CD84	GroupA_exclusive	TK10,TK16,TK92,TK93	SNV			4	0
ENSG00000233786	CDC27P1	GroupA_exclusive	TK10,TK91,TK92,TK93	INDEL,SNV			4	0
ENSG00000157211	CDCP2	GroupA_exclusive	TK18,TK91,TK92,TK93	SNV			4	0
ENSG00000149654	CDH22	GroupA_exclusive	TK10,TK91,TK92,TK93	INDEL,SNV			4	0
ENSG00000185324	CDK10	GroupA_exclusive	TK10,TK91,TK92,TK93	SNV			4	0
ENSG00000117724	CENPF	GroupA_exclusive	TK18,TK91,TK92,TK93	SNV			4	0
ENSG00000106069	CHN2	GroupA_exclusive	TK10,TK18,TK92,TK93	INDEL,SNV			4	0
ENSG00000235669	CHN2-AS1	GroupA_exclusive	TK10,TK91,TK92,TK93	SNV			4	0
ENSG00000157021	CIBAR1P1	GroupA_exclusive	TK16,TK91,TK92,TK93	INDEL,SNV			4	0
ENSG00000105472	CLEC11A	GroupA_exclusive	TK10,TK91,TK92,TK93	SNV			4	0
ENSG00000136110	CNMD	GroupA_exclusive	TK10,TK91,TK92,TK93	INDEL,SNV			4	0
ENSG00000144619	CNTN4	GroupA_exclusive	TK10,TK91,TK92,TK93	INDEL,SNV			4	0
ENSG00000106714	CNTNAP3	GroupA_exclusive	TK10,TK91,TK92,TK93	INDEL,SNV			4	0
ENSG00000283378	CNTNAP3C	GroupA_exclusive	TK10,TK91,TK92,TK93	SNV			4	0
ENSG00000287276	CNTNAP3P7	GroupA_exclusive	TK10,TK91,TK92,TK93	SNV			4	0
ENSG00000111481	COPZ1	GroupA_exclusive	TK10,TK91,TK92,TK93	SNV			4	0
ENSG00000235967	COX5BP3	GroupA_exclusive	TK18,TK91,TK92,TK93	SNV			4	0
ENSG00000237243	CREB3L2-AS1	GroupA_exclusive	TK16,TK91,TK92,TK93	SNV			4	0
ENSG00000235857	CTBP2P1	GroupA_exclusive	TK10,TK91,TK92,TK93	SNV			4	0
ENSG00000234383	CTBP2P8	GroupA_exclusive	TK10,TK91,TK92,TK93	SNV			4	0
ENSG00000169862	CTNND2	GroupA_exclusive	TK10,TK91,TK92,TK93	SNV			4	0
ENSG00000138109	CYP2C9	GroupA_exclusive	TK16,TK91,TK92,TK93	SNV			4	0
ENSG00000130649	CYP2E1	GroupA_exclusive	TK16,TK91,TK92,TK93	SNV			4	0
ENSG00000021461	CYP3A43	GroupA_exclusive	TK10,TK91,TK92,TK93	INDEL,SNV			4	0
ENSG00000186377	CYP4X1	GroupA_exclusive	TK10,TK91,TK92,TK93	INDEL,SNV			4	0
ENSG00000126733	DACH2	GroupA_exclusive	TK10,TK91,TK92,TK93	SNV			4	0
ENSG00000237135	DDX10P1	GroupA_exclusive	TK10,TK91,TK92,TK93	SNV			4	0
ENSG00000259165	DDX18P1	GroupA_exclusive	TK10,TK91,TK92,TK93	SNV			4	0
ENSG00000255220	DDX18P5	GroupA_exclusive	TK10,TK91,TK92,TK93	INDEL,SNV			4	0
ENSG00000228002	DHX9P1	GroupA_exclusive	TK18,TK91,TK92,TK93	INDEL,SNV			4	0
ENSG00000147202	DIAPH2	GroupA_exclusive	TK16,TK91,TK92,TK93	INDEL,SNV			4	0
ENSG00000223815	DIAPH3-AS2	GroupA_exclusive	TK10,TK91,TK92,TK93	INDEL,SNV			4	0
ENSG00000285244	DINOL	GroupA_exclusive	TK16,TK18,TK91,TK92	SNV			4	0
ENSG00000176584	DMBT1L1	GroupA_exclusive	TK10,TK91,TK92,TK93	SNV			4	0
ENSG00000147459	DOCK5	GroupA_exclusive	TK10,TK91,TK92,TK93	INDEL,SNV			4	0
ENSG00000235026	DPP10-AS1	GroupA_exclusive	TK10,TK91,TK92,TK93	INDEL,SNV			4	0
ENSG00000235777	DPYD-AS2	GroupA_exclusive	TK18,TK91,TK92,TK93	INDEL,SNV			4	0
ENSG00000265533	DSEL-AS1	GroupA_exclusive	TK16,TK91,TK92,TK93	SNV			4	0
ENSG00000224807	DUX4L9	GroupA_exclusive	TK10,TK91,TK92,TK93	SNV			4	0
ENSG00000108001	EBF3	GroupA_exclusive	TK10,TK91,TK92,TK93	SNV			4	0
ENSG00000230122	ECEL1P3	GroupA_exclusive	TK16,TK91,TK92,TK93	SNV			4	0
ENSG00000203734	ECT2L	GroupA_exclusive	TK10,TK16,TK18,TK92	SNV			4	0
ENSG00000250320	EDIL3-DT	GroupA_exclusive	TK10,TK18,TK92,TK93	SNV			4	0
ENSG00000229862	EEF1A1-AS1	GroupA_exclusive	TK10,TK91,TK92,TK93	INDEL,SNV			4	0
ENSG00000213046	EEF1A1P32	GroupA_exclusive	TK10,TK91,TK92,TK93	SNV			4	0
ENSG00000272601	EFCAB3P1	GroupA_exclusive	TK10,TK91,TK92,TK93	SNV			4	0
ENSG00000214360	EFCAB9	GroupA_exclusive	TK10,TK91,TK92,TK93	INDEL,SNV			4	0
ENSG00000107105	ELAVL2	GroupA_exclusive	TK10,TK91,TK92,TK93	INDEL,SNV			4	0
ENSG00000234402	ELK2BP	GroupA_exclusive	TK10,TK16,TK91,TK92	SNV			4	0
ENSG00000241975	ELOCP19	GroupA_exclusive	TK10,TK91,TK92,TK93	SNV			4	0
ENSG00000250942	ENPP7P11	GroupA_exclusive	TK18,TK91,TK92,TK93	SNV			4	0
ENSG00000273819	ENPP7P7	GroupA_exclusive	TK10,TK91,TK92,TK93	INDEL,SNV			4	0
ENSG00000124835	ENSG00000124835	GroupA_exclusive	TK10,TK91,TK92,TK93	SNV			4	0
ENSG00000176320	ENSG00000176320	GroupA_exclusive	TK16,TK91,TK92,TK93	SNV			4	0
ENSG00000203437	ENSG00000203437	GroupA_exclusive	TK16,TK91,TK92,TK93	SNV			4	0
ENSG00000213287	ENSG00000213287	GroupA_exclusive	TK10,TK91,TK92,TK93	SNV			4	0
ENSG00000213750	ENSG00000213750	GroupA_exclusive	TK10,TK91,TK92,TK93	SNV			4	0
ENSG00000214559	ENSG00000214559	GroupA_exclusive	TK10,TK91,TK92,TK93	INDEL,SNV			4	0
ENSG00000216809	ENSG00000216809	GroupA_exclusive	TK10,TK18,TK91,TK92	SNV			4	0
ENSG00000217644	ENSG00000217644	GroupA_exclusive	TK16,TK91,TK92,TK93	SNV			4	0
ENSG00000223440	ENSG00000223440	GroupA_exclusive	TK10,TK91,TK92,TK93	INDEL,SNV			4	0
ENSG00000223786	ENSG00000223786	GroupA_exclusive	TK18,TK91,TK92,TK93	INDEL,SNV			4	0
ENSG00000223838	ENSG00000223838	GroupA_exclusive	TK10,TK91,TK92,TK93	INDEL,SNV			4	0
ENSG00000224155	ENSG00000224155	GroupA_exclusive	TK10,TK91,TK92,TK93	SNV			4	0
ENSG00000224216	ENSG00000224216	GroupA_exclusive	TK10,TK91,TK92,TK93	INDEL,SNV			4	0
ENSG00000224356	ENSG00000224356	GroupA_exclusive	TK10,TK91,TK92,TK93	SNV			4	0
ENSG00000224361	ENSG00000224361	GroupA_exclusive	TK10,TK91,TK92,TK93	INDEL,SNV			4	0
ENSG00000224431	ENSG00000224431	GroupA_exclusive	TK10,TK91,TK92,TK93	SNV			4	0
ENSG00000224481	ENSG00000224481	GroupA_exclusive	TK10,TK91,TK92,TK93	SNV			4	0
ENSG00000224549	ENSG00000224549	GroupA_exclusive	TK10,TK91,TK92,TK93	SNV			4	0
ENSG00000224579	ENSG00000224579	GroupA_exclusive	TK16,TK91,TK92,TK93	SNV			4	0
ENSG00000224698	ENSG00000224698	GroupA_exclusive	TK10,TK91,TK92,TK93	SNV			4	0
ENSG00000225057	ENSG00000225057	GroupA_exclusive	TK18,TK91,TK92,TK93	INDEL,SNV			4	0
ENSG00000225233	ENSG00000225233	GroupA_exclusive	TK10,TK91,TK92,TK93	INDEL,SNV			4	0
ENSG00000225282	ENSG00000225282	GroupA_exclusive	TK18,TK91,TK92,TK93	INDEL,SNV			4	0
ENSG00000225300	ENSG00000225300	GroupA_exclusive	TK10,TK91,TK92,TK93	INDEL,SNV			4	0
ENSG00000225755	ENSG00000225755	GroupA_exclusive	TK10,TK91,TK92,TK93	SNV			4	0
ENSG00000225761	ENSG00000225761	GroupA_exclusive	TK10,TK91,TK92,TK93	SNV			4	0
ENSG00000225813	ENSG00000225813	GroupA_exclusive	TK10,TK91,TK92,TK93	SNV			4	0
ENSG00000226141	ENSG00000226141	GroupA_exclusive	TK18,TK91,TK92,TK93	SNV			4	0
ENSG00000226535	ENSG00000226535	GroupA_exclusive	TK16,TK91,TK92,TK93	SNV			4	0
ENSG00000226797	ENSG00000226797	GroupA_exclusive	TK10,TK91,TK92,TK93	SNV			4	0
ENSG00000226842	ENSG00000226842	GroupA_exclusive	TK18,TK91,TK92,TK93	SNV			4	0
ENSG00000226900	ENSG00000226900	GroupA_exclusive	TK18,TK91,TK92,TK93	SNV			4	0
ENSG00000227040	ENSG00000227040	GroupA_exclusive	TK10,TK91,TK92,TK93	SNV			4	0
ENSG00000227055	ENSG00000227055	GroupA_exclusive	TK16,TK91,TK92,TK93	SNV			4	0
ENSG00000227253	ENSG00000227253	GroupA_exclusive	TK16,TK91,TK92,TK93	SNV			4	0
ENSG00000227330	ENSG00000227330	GroupA_exclusive	TK10,TK91,TK92,TK93	INDEL,SNV			4	0
ENSG00000227681	ENSG00000227681	GroupA_exclusive	TK18,TK91,TK92,TK93	INDEL,SNV			4	0
ENSG00000227834	ENSG00000227834	GroupA_exclusive	TK18,TK91,TK92,TK93	INDEL,SNV			4	0
ENSG00000228028	ENSG00000228028	GroupA_exclusive	TK10,TK91,TK92,TK93	SNV			4	0
ENSG00000228586	ENSG00000228586	GroupA_exclusive	TK10,TK91,TK92,TK93	SNV			4	0
ENSG00000228737	ENSG00000228737	GroupA_exclusive	TK10,TK91,TK92,TK93	SNV			4	0
ENSG00000228925	ENSG00000228925	GroupA_exclusive	TK16,TK91,TK92,TK93	SNV			4	0
ENSG00000229118	ENSG00000229118	GroupA_exclusive	TK10,TK91,TK92,TK93	SNV			4	0
ENSG00000229160	ENSG00000229160	GroupA_exclusive	TK10,TK91,TK92,TK93	SNV			4	0
ENSG00000229203	ENSG00000229203	GroupA_exclusive	TK16,TK91,TK92,TK93	SNV			4	0
ENSG00000229603	ENSG00000229603	GroupA_exclusive	TK10,TK91,TK92,TK93	INDEL,SNV			4	0
ENSG00000229742	ENSG00000229742	GroupA_exclusive	TK18,TK91,TK92,TK93	SNV			4	0
ENSG00000229836	ENSG00000229836	GroupA_exclusive	TK18,TK91,TK92,TK93	SNV			4	0
ENSG00000230107	ENSG00000230107	GroupA_exclusive	TK10,TK91,TK92,TK93	INDEL,SNV			4	0
ENSG00000230175	ENSG00000230175	GroupA_exclusive	TK10,TK18,TK92,TK93	SNV			4	0
ENSG00000230379	ENSG00000230379	GroupA_exclusive	TK16,TK91,TK92,TK93	SNV			4	0
ENSG00000230404	ENSG00000230404	GroupA_exclusive	TK18,TK91,TK92,TK93	INDEL,SNV			4	0
ENSG00000230498	ENSG00000230498	GroupA_exclusive	TK10,TK18,TK91,TK93	SNV			4	0
ENSG00000230569	ENSG00000230569	GroupA_exclusive	TK10,TK91,TK92,TK93	INDEL,SNV			4	0
ENSG00000230650	ENSG00000230650	GroupA_exclusive	TK16,TK18,TK91,TK93	SNV			4	0
ENSG00000230684	ENSG00000230684	GroupA_exclusive	TK18,TK91,TK92,TK93	INDEL,SNV			4	0
ENSG00000230803	ENSG00000230803	GroupA_exclusive	TK10,TK91,TK92,TK93	SNV			4	0
ENSG00000230826	ENSG00000230826	GroupA_exclusive	TK10,TK91,TK92,TK93	SNV			4	0
ENSG00000230894	ENSG00000230894	GroupA_exclusive	TK10,TK91,TK92,TK93	INDEL,SNV			4	0
ENSG00000230898	ENSG00000230898	GroupA_exclusive	TK10,TK91,TK92,TK93	INDEL,SNV			4	0
ENSG00000230936	ENSG00000230936	GroupA_exclusive	TK10,TK91,TK92,TK93	SNV			4	0
ENSG00000231291	ENSG00000231291	GroupA_exclusive	TK18,TK91,TK92,TK93	INDEL,SNV			4	0
ENSG00000232234	ENSG00000232234	GroupA_exclusive	TK18,TK91,TK92,TK93	INDEL,SNV			4	0
ENSG00000232325	ENSG00000232325	GroupA_exclusive	TK16,TK91,TK92,TK93	SNV			4	0
ENSG00000232335	ENSG00000232335	GroupA_exclusive	TK18,TK91,TK92,TK93	INDEL,SNV			4	0
ENSG00000232411	ENSG00000232411	GroupA_exclusive	TK16,TK91,TK92,TK93	SNV			4	0
ENSG00000232518	ENSG00000232518	GroupA_exclusive	TK10,TK91,TK92,TK93	INDEL,SNV			4	0
ENSG00000232555	ENSG00000232555	GroupA_exclusive	TK10,TK91,TK92,TK93	INDEL,SNV			4	0
ENSG00000232693	ENSG00000232693	GroupA_exclusive	TK10,TK91,TK92,TK93	SNV			4	0
ENSG00000232855	ENSG00000232855	GroupA_exclusive	TK10,TK91,TK92,TK93	INDEL,SNV			4	0
ENSG00000232978	ENSG00000232978	GroupA_exclusive	TK10,TK91,TK92,TK93	INDEL,SNV			4	0
ENSG00000233420	ENSG00000233420	GroupA_exclusive	TK18,TK91,TK92,TK93	INDEL,SNV			4	0
ENSG00000233459	ENSG00000233459	GroupA_exclusive	TK10,TK91,TK92,TK93	SNV			4	0
ENSG00000233478	ENSG00000233478	GroupA_exclusive	TK16,TK91,TK92,TK93	INDEL,SNV			4	0
ENSG00000233635	ENSG00000233635	GroupA_exclusive	TK10,TK91,TK92,TK93	INDEL,SNV			4	0
ENSG00000233706	ENSG00000233706	GroupA_exclusive	TK10,TK91,TK92,TK93	INDEL,SNV			4	0
ENSG00000233712	ENSG00000233712	GroupA_exclusive	TK16,TK18,TK91,TK92	SNV			4	0
ENSG00000233778	ENSG00000233778	GroupA_exclusive	TK10,TK91,TK92,TK93	SNV			4	0
ENSG00000233783	ENSG00000233783	GroupA_exclusive	TK10,TK91,TK92,TK93	INDEL,SNV			4	0
ENSG00000233902	ENSG00000233902	GroupA_exclusive	TK16,TK91,TK92,TK93	SNV			4	0
ENSG00000234255	ENSG00000234255	GroupA_exclusive	TK10,TK91,TK92,TK93	SNV			4	0
ENSG00000234579	ENSG00000234579	GroupA_exclusive	TK10,TK91,TK92,TK93	INDEL,SNV			4	0
ENSG00000234584	ENSG00000234584	GroupA_exclusive	TK16,TK91,TK92,TK93	SNV			4	0
ENSG00000234841	ENSG00000234841	GroupA_exclusive	TK16,TK91,TK92,TK93	INDEL,SNV			4	0
ENSG00000234915	ENSG00000234915	GroupA_exclusive	TK10,TK91,TK92,TK93	INDEL,SNV			4	0
ENSG00000235127	ENSG00000235127	GroupA_exclusive	TK16,TK91,TK92,TK93	INDEL,SNV			4	0
ENSG00000235204	ENSG00000235204	GroupA_exclusive	TK18,TK91,TK92,TK93	INDEL,SNV			4	0
ENSG00000235277	ENSG00000235277	GroupA_exclusive	TK18,TK91,TK92,TK93	SNV			4	0
ENSG00000235538	ENSG00000235538	GroupA_exclusive	TK16,TK91,TK92,TK93	INDEL,SNV			4	0
ENSG00000235785	ENSG00000235785	GroupA_exclusive	TK10,TK91,TK92,TK93	INDEL,SNV			4	0
ENSG00000235820	ENSG00000235820	GroupA_exclusive	TK10,TK16,TK92,TK93	SNV			4	0
ENSG00000236115	ENSG00000236115	GroupA_exclusive	TK10,TK91,TK92,TK93	INDEL,SNV			4	0
ENSG00000236235	ENSG00000236235	GroupA_exclusive	TK18,TK91,TK92,TK93	INDEL,SNV			4	0
ENSG00000236529	ENSG00000236529	GroupA_exclusive	TK10,TK18,TK92,TK93	SNV			4	0
ENSG00000236536	ENSG00000236536	GroupA_exclusive	TK10,TK91,TK92,TK93	SNV			4	0
ENSG00000236733	ENSG00000236733	GroupA_exclusive	TK16,TK91,TK92,TK93	INDEL,SNV			4	0
ENSG00000237076	ENSG00000237076	GroupA_exclusive	TK10,TK91,TK92,TK93	INDEL,SNV			4	0
ENSG00000237101	ENSG00000237101	GroupA_exclusive	TK10,TK18,TK91,TK92	SNV			4	0
ENSG00000237409	ENSG00000237409	GroupA_exclusive	TK10,TK18,TK91,TK93	SNV			4	0
ENSG00000237640	ENSG00000237640	GroupA_exclusive	TK16,TK91,TK92,TK93	SNV			4	0
ENSG00000237719	ENSG00000237719	GroupA_exclusive	TK10,TK91,TK92,TK93	SNV			4	0
ENSG00000237852	ENSG00000237852	GroupA_exclusive	TK16,TK91,TK92,TK93	SNV			4	0
ENSG00000238387	ENSG00000238387	GroupA_exclusive	TK16,TK91,TK92,TK93	SNV			4	0
ENSG00000239482	ENSG00000239482	GroupA_exclusive	TK10,TK91,TK92,TK93	SNV			4	0
ENSG00000240015	ENSG00000240015	GroupA_exclusive	TK18,TK91,TK92,TK93	SNV			4	0
ENSG00000240497	ENSG00000240497	GroupA_exclusive	TK10,TK91,TK92,TK93	INDEL,SNV			4	0
ENSG00000241169	ENSG00000241169	GroupA_exclusive	TK10,TK91,TK92,TK93	SNV			4	0
ENSG00000242536	ENSG00000242536	GroupA_exclusive	TK10,TK91,TK92,TK93	INDEL,SNV			4	0
ENSG00000243415	ENSG00000243415	GroupA_exclusive	TK10,TK91,TK92,TK93	SNV			4	0
ENSG00000243944	ENSG00000243944	GroupA_exclusive	TK18,TK91,TK92,TK93	SNV			4	0
ENSG00000244063	ENSG00000244063	GroupA_exclusive	TK16,TK91,TK92,TK93	INDEL,SNV			4	0
ENSG00000244251	ENSG00000244251	GroupA_exclusive	TK16,TK91,TK92,TK93	SNV			4	0
ENSG00000244260	ENSG00000244260	GroupA_exclusive	TK10,TK16,TK18,TK92	SNV			4	0
ENSG00000244757	ENSG00000244757	GroupA_exclusive	TK10,TK91,TK92,TK93	SNV			4	0
ENSG00000245651	ENSG00000245651	GroupA_exclusive	TK10,TK91,TK92,TK93	SNV			4	0
ENSG00000248100	ENSG00000248100	GroupA_exclusive	TK10,TK91,TK92,TK93	SNV			4	0
ENSG00000248103	ENSG00000248103	GroupA_exclusive	TK10,TK91,TK92,TK93	SNV			4	0
ENSG00000248266	ENSG00000248266	GroupA_exclusive	TK10,TK91,TK92,TK93	SNV			4	0
ENSG00000248335	ENSG00000248335	GroupA_exclusive	TK18,TK91,TK92,TK93	INDEL,SNV			4	0
ENSG00000248363	ENSG00000248363	GroupA_exclusive	TK16,TK18,TK91,TK92	SNV			4	0
ENSG00000248434	ENSG00000248434	GroupA_exclusive	TK18,TK91,TK92,TK93	SNV			4	0
ENSG00000248516	ENSG00000248516	GroupA_exclusive	TK10,TK18,TK91,TK92	SNV			4	0
ENSG00000248545	ENSG00000248545	GroupA_exclusive	TK10,TK16,TK91,TK93	SNV			4	0
ENSG00000248585	ENSG00000248585	GroupA_exclusive	TK10,TK91,TK92,TK93	SNV			4	0
ENSG00000248802	ENSG00000248802	GroupA_exclusive	TK10,TK91,TK92,TK93	SNV			4	0
ENSG00000248816	ENSG00000248816	GroupA_exclusive	TK10,TK91,TK92,TK93	SNV			4	0
ENSG00000248954	ENSG00000248954	GroupA_exclusive	TK10,TK18,TK92,TK93	SNV			4	0
ENSG00000248991	ENSG00000248991	GroupA_exclusive	TK16,TK18,TK91,TK92	INDEL,SNV			4	0
ENSG00000249001	ENSG00000249001	GroupA_exclusive	TK10,TK18,TK91,TK92	INDEL,SNV			4	0
ENSG00000249258	ENSG00000249258	GroupA_exclusive	TK10,TK91,TK92,TK93	INDEL,SNV			4	0
ENSG00000249806	ENSG00000249806	GroupA_exclusive	TK10,TK91,TK92,TK93	INDEL,SNV			4	0
ENSG00000249849	ENSG00000249849	GroupA_exclusive	TK10,TK91,TK92,TK93	SNV			4	0
ENSG00000249881	ENSG00000249881	GroupA_exclusive	TK10,TK91,TK92,TK93	INDEL,SNV			4	0
ENSG00000249894	ENSG00000249894	GroupA_exclusive	TK18,TK91,TK92,TK93	INDEL,SNV			4	0
ENSG00000250030	ENSG00000250030	GroupA_exclusive	TK10,TK18,TK92,TK93	SNV			4	0
ENSG00000250038	ENSG00000250038	GroupA_exclusive	TK10,TK91,TK92,TK93	INDEL,SNV			4	0
ENSG00000250111	ENSG00000250111	GroupA_exclusive	TK18,TK91,TK92,TK93	SNV			4	0
ENSG00000250237	ENSG00000250237	GroupA_exclusive	TK10,TK91,TK92,TK93	INDEL,SNV			4	0
ENSG00000250259	ENSG00000250259	GroupA_exclusive	TK16,TK91,TK92,TK93	SNV			4	0
ENSG00000250333	ENSG00000250333	GroupA_exclusive	TK10,TK91,TK92,TK93	INDEL,SNV			4	0
ENSG00000250345	ENSG00000250345	GroupA_exclusive	TK10,TK91,TK92,TK93	SNV			4	0
ENSG00000250407	ENSG00000250407	GroupA_exclusive	TK10,TK16,TK92,TK93	SNV			4	0
ENSG00000250603	ENSG00000250603	GroupA_exclusive	TK18,TK91,TK92,TK93	SNV			4	0
ENSG00000250614	ENSG00000250614	GroupA_exclusive	TK16,TK91,TK92,TK93	INDEL,SNV			4	0
ENSG00000250643	ENSG00000250643	GroupA_exclusive	TK10,TK91,TK92,TK93	INDEL,SNV			4	0
ENSG00000250692	ENSG00000250692	GroupA_exclusive	TK10,TK91,TK92,TK93	INDEL,SNV			4	0
ENSG00000250769	ENSG00000250769	GroupA_exclusive	TK10,TK91,TK92,TK93	INDEL,SNV			4	0
ENSG00000250803	ENSG00000250803	GroupA_exclusive	TK10,TK91,TK92,TK93	INDEL,SNV			4	0
ENSG00000251095	ENSG00000251095	GroupA_exclusive	TK10,TK91,TK92,TK93	SNV			4	0
ENSG00000251171	ENSG00000251171	GroupA_exclusive	TK10,TK91,TK92,TK93	INDEL,SNV			4	0
ENSG00000251186	ENSG00000251186	GroupA_exclusive	TK16,TK91,TK92,TK93	INDEL,SNV			4	0
ENSG00000251216	ENSG00000251216	GroupA_exclusive	TK16,TK91,TK92,TK93	INDEL,SNV			4	0
ENSG00000251339	ENSG00000251339	GroupA_exclusive	TK16,TK91,TK92,TK93	INDEL,SNV			4	0
ENSG00000251361	ENSG00000251361	GroupA_exclusive	TK10,TK18,TK92,TK93	SNV			4	0
ENSG00000251484	ENSG00000251484	GroupA_exclusive	TK18,TK91,TK92,TK93	INDEL,SNV			4	0
ENSG00000251621	ENSG00000251621	GroupA_exclusive	TK16,TK91,TK92,TK93	SNV			4	0
ENSG00000253100	ENSG00000253100	GroupA_exclusive	TK10,TK91,TK92,TK93	INDEL,SNV			4	0
ENSG00000253112	ENSG00000253112	GroupA_exclusive	TK16,TK91,TK92,TK93	SNV			4	0
ENSG00000253180	ENSG00000253180	GroupA_exclusive	TK16,TK91,TK92,TK93	SNV			4	0
ENSG00000253227	ENSG00000253227	GroupA_exclusive	TK10,TK91,TK92,TK93	INDEL,SNV			4	0
ENSG00000253269	ENSG00000253269	GroupA_exclusive	TK10,TK91,TK92,TK93	INDEL,SNV			4	0
ENSG00000253270	ENSG00000253270	GroupA_exclusive	TK18,TK91,TK92,TK93	SNV			4	0
ENSG00000253273	ENSG00000253273	GroupA_exclusive	TK10,TK91,TK92,TK93	SNV			4	0
ENSG00000253284	ENSG00000253284	GroupA_exclusive	TK10,TK91,TK92,TK93	INDEL,SNV			4	0
ENSG00000253300	ENSG00000253300	GroupA_exclusive	TK10,TK91,TK92,TK93	SNV			4	0
ENSG00000253334	ENSG00000253334	GroupA_exclusive	TK18,TK91,TK92,TK93	SNV			4	0
ENSG00000253355	ENSG00000253355	GroupA_exclusive	TK18,TK91,TK92,TK93	INDEL,SNV			4	0
ENSG00000253515	ENSG00000253515	GroupA_exclusive	TK18,TK91,TK92,TK93	INDEL,SNV			4	0
ENSG00000253574	ENSG00000253574	GroupA_exclusive	TK10,TK91,TK92,TK93	SNV			4	0
ENSG00000253901	ENSG00000253901	GroupA_exclusive	TK16,TK18,TK91,TK92	SNV			4	0
ENSG00000253908	ENSG00000253908	GroupA_exclusive	TK10,TK91,TK92,TK93	SNV			4	0
ENSG00000253965	ENSG00000253965	GroupA_exclusive	TK10,TK16,TK91,TK92	SNV			4	0
ENSG00000253968	ENSG00000253968	GroupA_exclusive	TK10,TK18,TK92,TK93	INDEL,SNV			4	0
ENSG00000254031	ENSG00000254031	GroupA_exclusive	TK10,TK91,TK92,TK93	SNV			4	0
ENSG00000254177	ENSG00000254177	GroupA_exclusive	TK10,TK91,TK92,TK93	SNV			4	0
ENSG00000254186	ENSG00000254186	GroupA_exclusive	TK10,TK18,TK92,TK93	INDEL,SNV			4	0
ENSG00000254236	ENSG00000254236	GroupA_exclusive	TK18,TK91,TK92,TK93	SNV			4	0
ENSG00000254350	ENSG00000254350	GroupA_exclusive	TK16,TK91,TK92,TK93	SNV			4	0
ENSG00000254363	ENSG00000254363	GroupA_exclusive	TK10,TK16,TK91,TK92	INDEL,SNV			4	0
ENSG00000254366	ENSG00000254366	GroupA_exclusive	TK16,TK91,TK92,TK93	INDEL,SNV			4	0
ENSG00000254380	ENSG00000254380	GroupA_exclusive	TK10,TK91,TK92,TK93	SNV			4	0
ENSG00000254444	ENSG00000254444	GroupA_exclusive	TK18,TK91,TK92,TK93	SNV			4	0
ENSG00000254556	ENSG00000254556	GroupA_exclusive	TK10,TK91,TK92,TK93	SNV			4	0
ENSG00000254574	ENSG00000254574	GroupA_exclusive	TK10,TK16,TK91,TK92	INDEL,SNV			4	0
ENSG00000254639	ENSG00000254639	GroupA_exclusive	TK18,TK91,TK92,TK93	SNV			4	0
ENSG00000254648	ENSG00000254648	GroupA_exclusive	TK10,TK16,TK18,TK93	SNV			4	0
ENSG00000254698	ENSG00000254698	GroupA_exclusive	TK10,TK91,TK92,TK93	INDEL,SNV			4	0
ENSG00000254757	ENSG00000254757	GroupA_exclusive	TK18,TK91,TK92,TK93	SNV			4	0
ENSG00000254786	ENSG00000254786	GroupA_exclusive	TK10,TK91,TK92,TK93	SNV			4	0
ENSG00000254865	ENSG00000254865	GroupA_exclusive	TK18,TK91,TK92,TK93	INDEL,SNV			4	0
ENSG00000254936	ENSG00000254936	GroupA_exclusive	TK10,TK91,TK92,TK93	INDEL,SNV			4	0
ENSG00000254964	ENSG00000254964	GroupA_exclusive	TK10,TK16,TK18,TK93	SNV			4	0
ENSG00000254987	ENSG00000254987	GroupA_exclusive	TK10,TK91,TK92,TK93	INDEL,SNV			4	0
ENSG00000255097	ENSG00000255097	GroupA_exclusive	TK10,TK91,TK92,TK93	SNV			4	0
ENSG00000255148	ENSG00000255148	GroupA_exclusive	TK18,TK91,TK92,TK93	INDEL,SNV			4	0
ENSG00000255160	ENSG00000255160	GroupA_exclusive	TK10,TK91,TK92,TK93	SNV			4	0
ENSG00000255186	ENSG00000255186	GroupA_exclusive	TK10,TK91,TK92,TK93	SNV			4	0
ENSG00000255201	ENSG00000255201	GroupA_exclusive	TK10,TK91,TK92,TK93	INDEL,SNV			4	0
ENSG00000255299	ENSG00000255299	GroupA_exclusive	TK10,TK91,TK92,TK93	INDEL,SNV			4	0
ENSG00000255330	ENSG00000255330	GroupA_exclusive	TK10,TK91,TK92,TK93	SNV			4	0
ENSG00000255372	ENSG00000255372	GroupA_exclusive	TK18,TK91,TK92,TK93	SNV			4	0
ENSG00000255384	ENSG00000255384	GroupA_exclusive	TK18,TK91,TK92,TK93	SNV			4	0
ENSG00000255495	ENSG00000255495	GroupA_exclusive	TK10,TK18,TK91,TK92	INDEL,SNV			4	0
ENSG00000255530	ENSG00000255530	GroupA_exclusive	TK10,TK91,TK92,TK93	SNV			4	0
ENSG00000255672	ENSG00000255672	GroupA_exclusive	TK10,TK91,TK92,TK93	SNV			4	0
ENSG00000255710	ENSG00000255710	GroupA_exclusive	TK10,TK91,TK92,TK93	SNV			4	0
ENSG00000255723	ENSG00000255723	GroupA_exclusive	TK10,TK91,TK92,TK93	INDEL,SNV			4	0
ENSG00000255811	ENSG00000255811	GroupA_exclusive	TK10,TK16,TK92,TK93	SNV			4	0
ENSG00000255843	ENSG00000255843	GroupA_exclusive	TK16,TK91,TK92,TK93	SNV			4	0
ENSG00000256273	ENSG00000256273	GroupA_exclusive	TK18,TK91,TK92,TK93	INDEL,SNV			4	0
ENSG00000256343	ENSG00000256343	GroupA_exclusive	TK10,TK91,TK92,TK93	INDEL,SNV			4	0
ENSG00000256349	ENSG00000256349	GroupA_exclusive	TK10,TK18,TK92,TK93	SNV			4	0
ENSG00000256481	ENSG00000256481	GroupA_exclusive	TK10,TK91,TK92,TK93	INDEL,SNV			4	0
ENSG00000256657	ENSG00000256657	GroupA_exclusive	TK10,TK91,TK92,TK93	SNV			4	0
ENSG00000256682	ENSG00000256682	GroupA_exclusive	TK10,TK91,TK92,TK93	SNV			4	0
ENSG00000256915	ENSG00000256915	GroupA_exclusive	TK18,TK91,TK92,TK93	INDEL,SNV			4	0
ENSG00000257042	ENSG00000257042	GroupA_exclusive	TK18,TK91,TK92,TK93	SNV			4	0
ENSG00000257083	ENSG00000257083	GroupA_exclusive	TK10,TK91,TK92,TK93	INDEL,SNV			4	0
ENSG00000257105	ENSG00000257105	GroupA_exclusive	TK18,TK91,TK92,TK93	SNV			4	0
ENSG00000257180	ENSG00000257180	GroupA_exclusive	TK10,TK91,TK92,TK93	SNV			4	0
ENSG00000257470	ENSG00000257470	GroupA_exclusive	TK10,TK91,TK92,TK93	INDEL,SNV			4	0
ENSG00000257489	ENSG00000257489	GroupA_exclusive	TK18,TK91,TK92,TK93	SNV			4	0
ENSG00000257715	ENSG00000257715	GroupA_exclusive	TK10,TK18,TK91,TK92	INDEL,SNV			4	0
ENSG00000257781	ENSG00000257781	GroupA_exclusive	TK10,TK91,TK92,TK93	SNV			4	0
ENSG00000257918	ENSG00000257918	GroupA_exclusive	TK18,TK91,TK92,TK93	INDEL,SNV			4	0
ENSG00000258134	ENSG00000258134	GroupA_exclusive	TK18,TK91,TK92,TK93	SNV			4	0
ENSG00000258303	ENSG00000258303	GroupA_exclusive	TK10,TK91,TK92,TK93	INDEL,SNV			4	0
ENSG00000258497	ENSG00000258497	GroupA_exclusive	TK10,TK18,TK92,TK93	SNV			4	0
ENSG00000258560	ENSG00000258560	GroupA_exclusive	TK18,TK91,TK92,TK93	SNV			4	0
ENSG00000258593	ENSG00000258593	GroupA_exclusive	TK10,TK16,TK92,TK93	SNV			4	0
ENSG00000258670	ENSG00000258670	GroupA_exclusive	TK10,TK91,TK92,TK93	INDEL,SNV			4	0
ENSG00000258784	ENSG00000258784	GroupA_exclusive	TK16,TK91,TK92,TK93	SNV			4	0
ENSG00000258858	ENSG00000258858	GroupA_exclusive	TK10,TK91,TK92,TK93	SNV			4	0
ENSG00000259026	ENSG00000259026	GroupA_exclusive	TK16,TK18,TK91,TK92	SNV			4	0
ENSG00000259048	ENSG00000259048	GroupA_exclusive	TK10,TK91,TK92,TK93	INDEL,SNV			4	0
ENSG00000259115	ENSG00000259115	GroupA_exclusive	TK10,TK16,TK18,TK92	SNV			4	0
ENSG00000259187	ENSG00000259187	GroupA_exclusive	TK16,TK91,TK92,TK93	SNV			4	0
ENSG00000259287	ENSG00000259287	GroupA_exclusive	TK18,TK91,TK92,TK93	INDEL,SNV			4	0
ENSG00000259377	ENSG00000259377	GroupA_exclusive	TK16,TK91,TK92,TK93	SNV			4	0
ENSG00000259381	ENSG00000259381	GroupA_exclusive	TK10,TK91,TK92,TK93	SNV			4	0
ENSG00000259398	ENSG00000259398	GroupA_exclusive	TK10,TK91,TK92,TK93	INDEL,SNV			4	0
ENSG00000259402	ENSG00000259402	GroupA_exclusive	TK10,TK91,TK92,TK93	INDEL,SNV			4	0
ENSG00000259481	ENSG00000259481	GroupA_exclusive	TK10,TK91,TK92,TK93	SNV			4	0
ENSG00000259504	ENSG00000259504	GroupA_exclusive	TK10,TK91,TK92,TK93	SNV			4	0
ENSG00000259531	ENSG00000259531	GroupA_exclusive	TK10,TK18,TK91,TK92	INDEL,SNV			4	0
ENSG00000259551	ENSG00000259551	GroupA_exclusive	TK10,TK91,TK92,TK93	SNV			4	0
ENSG00000259580	ENSG00000259580	GroupA_exclusive	TK10,TK91,TK92,TK93	SNV			4	0
ENSG00000259594	ENSG00000259594	GroupA_exclusive	TK10,TK91,TK92,TK93	INDEL,SNV			4	0
ENSG00000259631	ENSG00000259631	GroupA_exclusive	TK10,TK91,TK92,TK93	SNV			4	0
ENSG00000259654	ENSG00000259654	GroupA_exclusive	TK10,TK91,TK92,TK93	INDEL,SNV			4	0
ENSG00000259672	ENSG00000259672	GroupA_exclusive	TK10,TK91,TK92,TK93	INDEL,SNV			4	0
ENSG00000259713	ENSG00000259713	GroupA_exclusive	TK18,TK91,TK92,TK93	INDEL,SNV			4	0
ENSG00000259773	ENSG00000259773	GroupA_exclusive	TK10,TK16,TK91,TK93	SNV			4	0
ENSG00000259876	ENSG00000259876	GroupA_exclusive	TK10,TK91,TK92,TK93	INDEL,SNV			4	0
ENSG00000259882	ENSG00000259882	GroupA_exclusive	TK10,TK91,TK92,TK93	INDEL,SNV			4	0
ENSG00000259922	ENSG00000259922	GroupA_exclusive	TK18,TK91,TK92,TK93	SNV			4	0
ENSG00000260100	ENSG00000260100	GroupA_exclusive	TK10,TK16,TK18,TK92	SNV			4	0
ENSG00000260176	ENSG00000260176	GroupA_exclusive	TK10,TK16,TK92,TK93	INDEL,SNV			4	0
ENSG00000260417	ENSG00000260417	GroupA_exclusive	TK16,TK91,TK92,TK93	SNV			4	0
ENSG00000260487	ENSG00000260487	GroupA_exclusive	TK10,TK91,TK92,TK93	INDEL,SNV			4	0
ENSG00000260555	ENSG00000260555	GroupA_exclusive	TK10,TK91,TK92,TK93	INDEL,SNV			4	0
ENSG00000260601	ENSG00000260601	GroupA_exclusive	TK10,TK91,TK92,TK93	SNV			4	0
ENSG00000260618	ENSG00000260618	GroupA_exclusive	TK18,TK91,TK92,TK93	SNV			4	0
ENSG00000260658	ENSG00000260658	GroupA_exclusive	TK10,TK91,TK92,TK93	INDEL,SNV			4	0
ENSG00000260711	ENSG00000260711	GroupA_exclusive	TK10,TK91,TK92,TK93	INDEL,SNV			4	0
ENSG00000260757	ENSG00000260757	GroupA_exclusive	TK10,TK91,TK92,TK93	INDEL,SNV			4	0
ENSG00000260937	ENSG00000260937	GroupA_exclusive	TK18,TK91,TK92,TK93	INDEL,SNV			4	0
ENSG00000260995	ENSG00000260995	GroupA_exclusive	TK18,TK91,TK92,TK93	SNV			4	0
ENSG00000261141	ENSG00000261141	GroupA_exclusive	TK16,TK91,TK92,TK93	SNV			4	0
ENSG00000261229	ENSG00000261229	GroupA_exclusive	TK18,TK91,TK92,TK93	SNV			4	0
ENSG00000261250	ENSG00000261250	GroupA_exclusive	TK18,TK91,TK92,TK93	INDEL,SNV			4	0
ENSG00000261253	ENSG00000261253	GroupA_exclusive	TK18,TK91,TK92,TK93	INDEL,SNV			4	0
ENSG00000261346	ENSG00000261346	GroupA_exclusive	TK10,TK91,TK92,TK93	INDEL,SNV			4	0
ENSG00000261458	ENSG00000261458	GroupA_exclusive	TK16,TK18,TK92,TK93	SNV			4	0
ENSG00000261459	ENSG00000261459	GroupA_exclusive	TK10,TK18,TK91,TK93	SNV			4	0
ENSG00000261487	ENSG00000261487	GroupA_exclusive	TK10,TK18,TK91,TK92	SNV			4	0
ENSG00000261529	ENSG00000261529	GroupA_exclusive	TK10,TK91,TK92,TK93	INDEL,SNV			4	0
ENSG00000261588	ENSG00000261588	GroupA_exclusive	TK16,TK91,TK92,TK93	SNV			4	0
ENSG00000261630	ENSG00000261630	GroupA_exclusive	TK10,TK91,TK92,TK93	SNV			4	0
ENSG00000261670	ENSG00000261670	GroupA_exclusive	TK10,TK91,TK92,TK93	INDEL,SNV			4	0
ENSG00000261800	ENSG00000261800	GroupA_exclusive	TK10,TK91,TK92,TK93	INDEL,SNV			4	0
ENSG00000261817	ENSG00000261817	GroupA_exclusive	TK16,TK91,TK92,TK93	SNV			4	0
ENSG00000261916	ENSG00000261916	GroupA_exclusive	TK16,TK91,TK92,TK93	SNV			4	0
ENSG00000262020	ENSG00000262020	GroupA_exclusive	TK16,TK91,TK92,TK93	SNV			4	0
ENSG00000262231	ENSG00000262231	GroupA_exclusive	TK10,TK91,TK92,TK93	SNV			4	0
ENSG00000262312	ENSG00000262312	GroupA_exclusive	TK10,TK16,TK92,TK93	INDEL,SNV			4	0
ENSG00000262434	ENSG00000262434	GroupA_exclusive	TK16,TK91,TK92,TK93	SNV			4	0
ENSG00000262848	ENSG00000262848	GroupA_exclusive	TK10,TK16,TK91,TK92	INDEL,SNV			4	0
ENSG00000263015	ENSG00000263015	GroupA_exclusive	TK16,TK91,TK92,TK93	SNV			4	0
ENSG00000263089	ENSG00000263089	GroupA_exclusive	TK16,TK91,TK92,TK93	INDEL,SNV			4	0
ENSG00000263120	ENSG00000263120	GroupA_exclusive	TK10,TK18,TK91,TK92	INDEL,SNV			4	0
ENSG00000263331	ENSG00000263331	GroupA_exclusive	TK18,TK91,TK92,TK93	INDEL,SNV			4	0
ENSG00000263338	ENSG00000263338	GroupA_exclusive	TK16,TK91,TK92,TK93	SNV			4	0
ENSG00000263388	ENSG00000263388	GroupA_exclusive	TK10,TK91,TK92,TK93	SNV			4	0
ENSG00000263551	ENSG00000263551	GroupA_exclusive	TK10,TK18,TK91,TK93	INDEL,SNV			4	0
ENSG00000263611	ENSG00000263611	GroupA_exclusive	TK10,TK91,TK92,TK93	INDEL,SNV			4	0
ENSG00000263895	ENSG00000263895	GroupA_exclusive	TK18,TK91,TK92,TK93	INDEL,SNV			4	0
ENSG00000264739	ENSG00000264739	GroupA_exclusive	TK16,TK18,TK91,TK93	SNV			4	0
ENSG00000264853	ENSG00000264853	GroupA_exclusive	TK10,TK91,TK92,TK93	INDEL,SNV			4	0
ENSG00000265055	ENSG00000265055	GroupA_exclusive	TK10,TK18,TK91,TK92	INDEL,SNV			4	0
ENSG00000265316	ENSG00000265316	GroupA_exclusive	TK10,TK91,TK92,TK93	INDEL,SNV			4	0
ENSG00000265337	ENSG00000265337	GroupA_exclusive	TK16,TK91,TK92,TK93	SNV			4	0
ENSG00000265799	ENSG00000265799	GroupA_exclusive	TK10,TK91,TK92,TK93	INDEL,SNV			4	0
ENSG00000265844	ENSG00000265844	GroupA_exclusive	TK10,TK91,TK92,TK93	SNV			4	0
ENSG00000266365	ENSG00000266365	GroupA_exclusive	TK10,TK18,TK91,TK92	SNV			4	0
ENSG00000266373	ENSG00000266373	GroupA_exclusive	TK10,TK91,TK92,TK93	SNV			4	0
ENSG00000266667	ENSG00000266667	GroupA_exclusive	TK18,TK91,TK92,TK93	INDEL,SNV			4	0
ENSG00000266744	ENSG00000266744	GroupA_exclusive	TK10,TK91,TK92,TK93	SNV			4	0
ENSG00000266846	ENSG00000266846	GroupA_exclusive	TK10,TK91,TK92,TK93	SNV			4	0
ENSG00000266950	ENSG00000266950	GroupA_exclusive	TK18,TK91,TK92,TK93	SNV			4	0
ENSG00000267016	ENSG00000267016	GroupA_exclusive	TK18,TK91,TK92,TK93	SNV			4	0
ENSG00000267026	ENSG00000267026	GroupA_exclusive	TK10,TK16,TK92,TK93	SNV			4	0
ENSG00000267039	ENSG00000267039	GroupA_exclusive	TK18,TK91,TK92,TK93	INDEL,SNV			4	0
ENSG00000267042	ENSG00000267042	GroupA_exclusive	TK10,TK91,TK92,TK93	INDEL,SNV			4	0
ENSG00000267078	ENSG00000267078	GroupA_exclusive	TK10,TK91,TK92,TK93	SNV			4	0
ENSG00000267304	ENSG00000267304	GroupA_exclusive	TK10,TK18,TK91,TK92	SNV			4	0
ENSG00000267503	ENSG00000267503	GroupA_exclusive	TK10,TK91,TK92,TK93	SNV			4	0
ENSG00000267507	ENSG00000267507	GroupA_exclusive	TK10,TK91,TK92,TK93	SNV			4	0
ENSG00000267529	ENSG00000267529	GroupA_exclusive	TK10,TK91,TK92,TK93	SNV			4	0
ENSG00000267749	ENSG00000267749	GroupA_exclusive	TK18,TK91,TK92,TK93	INDEL,SNV			4	0
ENSG00000267882	ENSG00000267882	GroupA_exclusive	TK10,TK91,TK92,TK93	SNV			4	0
ENSG00000267890	ENSG00000267890	GroupA_exclusive	TK10,TK91,TK92,TK93	SNV			4	0
ENSG00000268231	ENSG00000268231	GroupA_exclusive	TK10,TK91,TK92,TK93	SNV			4	0
ENSG00000268403	ENSG00000268403	GroupA_exclusive	TK10,TK16,TK18,TK93	SNV			4	0
ENSG00000268486	ENSG00000268486	GroupA_exclusive	TK10,TK91,TK92,TK93	SNV			4	0
ENSG00000268981	ENSG00000268981	GroupA_exclusive	TK18,TK91,TK92,TK93	INDEL,SNV			4	0
ENSG00000269066	ENSG00000269066	GroupA_exclusive	TK10,TK91,TK92,TK93	INDEL,SNV			4	0
ENSG00000269177	ENSG00000269177	GroupA_exclusive	TK16,TK91,TK92,TK93	INDEL,SNV			4	0
ENSG00000269392	ENSG00000269392	GroupA_exclusive	TK10,TK91,TK92,TK93	INDEL,SNV			4	0
ENSG00000269978	ENSG00000269978	GroupA_exclusive	TK10,TK91,TK92,TK93	SNV			4	0
ENSG00000270074	ENSG00000270074	GroupA_exclusive	TK10,TK91,TK92,TK93	SNV			4	0
ENSG00000270154	ENSG00000270154	GroupA_exclusive	TK16,TK91,TK92,TK93	SNV			4	0
ENSG00000270165	ENSG00000270165	GroupA_exclusive	TK18,TK91,TK92,TK93	SNV			4	0
ENSG00000270259	ENSG00000270259	GroupA_exclusive	TK10,TK91,TK92,TK93	SNV			4	0
ENSG00000270302	ENSG00000270302	GroupA_exclusive	TK18,TK91,TK92,TK93	SNV			4	0
ENSG00000270521	ENSG00000270521	GroupA_exclusive	TK18,TK91,TK92,TK93	INDEL,SNV			4	0
ENSG00000270555	ENSG00000270555	GroupA_exclusive	TK18,TK91,TK92,TK93	SNV			4	0
ENSG00000270871	ENSG00000270871	GroupA_exclusive	TK10,TK91,TK92,TK93	INDEL,SNV			4	0
ENSG00000271314	ENSG00000271314	GroupA_exclusive	TK16,TK18,TK92,TK93	SNV			4	0
ENSG00000271537	ENSG00000271537	GroupA_exclusive	TK16,TK91,TK92,TK93	SNV			4	0
ENSG00000271580	ENSG00000271580	GroupA_exclusive	TK10,TK16,TK91,TK92	SNV			4	0
ENSG00000271590	ENSG00000271590	GroupA_exclusive	TK16,TK91,TK92,TK93	INDEL,SNV			4	0
ENSG00000271716	ENSG00000271716	GroupA_exclusive	TK16,TK91,TK92,TK93	SNV			4	0
ENSG00000271806	ENSG00000271806	GroupA_exclusive	TK10,TK91,TK92,TK93	SNV			4	0
ENSG00000271998	ENSG00000271998	GroupA_exclusive	TK16,TK91,TK92,TK93	SNV			4	0
ENSG00000272236	ENSG00000272236	GroupA_exclusive	TK10,TK91,TK92,TK93	SNV			4	0
ENSG00000272255	ENSG00000272255	GroupA_exclusive	TK18,TK91,TK92,TK93	SNV			4	0
ENSG00000272369	ENSG00000272369	GroupA_exclusive	TK18,TK91,TK92,TK93	INDEL,SNV			4	0
ENSG00000272420	ENSG00000272420	GroupA_exclusive	TK16,TK18,TK91,TK92	SNV			4	0
ENSG00000272563	ENSG00000272563	GroupA_exclusive	TK10,TK16,TK91,TK92	INDEL,SNV			4	0
ENSG00000272822	ENSG00000272822	GroupA_exclusive	TK10,TK91,TK92,TK93	SNV			4	0
ENSG00000272840	ENSG00000272840	GroupA_exclusive	TK16,TK91,TK92,TK93	INDEL,SNV			4	0
ENSG00000272842	ENSG00000272842	GroupA_exclusive	TK10,TK18,TK91,TK93	SNV			4	0
ENSG00000272854	ENSG00000272854	GroupA_exclusive	TK18,TK91,TK92,TK93	SNV			4	0
ENSG00000272861	ENSG00000272861	GroupA_exclusive	TK10,TK16,TK92,TK93	INDEL,SNV			4	0
ENSG00000272917	ENSG00000272917	GroupA_exclusive	TK16,TK91,TK92,TK93	SNV			4	0
ENSG00000272940	ENSG00000272940	GroupA_exclusive	TK10,TK91,TK92,TK93	SNV			4	0
ENSG00000273046	ENSG00000273046	GroupA_exclusive	TK10,TK18,TK92,TK93	SNV			4	0
ENSG00000273107	ENSG00000273107	GroupA_exclusive	TK10,TK16,TK91,TK92	SNV			4	0
ENSG00000273209	ENSG00000273209	GroupA_exclusive	TK16,TK91,TK92,TK93	SNV			4	0
ENSG00000273269	ENSG00000273269	GroupA_exclusive	TK18,TK91,TK92,TK93	SNV			4	0
ENSG00000273335	ENSG00000273335	GroupA_exclusive	TK18,TK91,TK92,TK93	SNV			4	0
ENSG00000273388	ENSG00000273388	GroupA_exclusive	TK16,TK18,TK92,TK93	SNV			4	0
ENSG00000273391	ENSG00000273391	GroupA_exclusive	TK10,TK18,TK91,TK93	SNV			4	0
ENSG00000273433	ENSG00000273433	GroupA_exclusive	TK10,TK91,TK92,TK93	SNV			4	0
ENSG00000273450	ENSG00000273450	GroupA_exclusive	TK10,TK91,TK92,TK93	SNV			4	0
ENSG00000273584	ENSG00000273584	GroupA_exclusive	TK10,TK91,TK92,TK93	SNV			4	0
ENSG00000273691	ENSG00000273691	GroupA_exclusive	TK10,TK91,TK92,TK93	INDEL,SNV			4	0
ENSG00000273805	ENSG00000273805	GroupA_exclusive	TK10,TK91,TK92,TK93	SNV			4	0
ENSG00000273925	ENSG00000273925	GroupA_exclusive	TK16,TK18,TK91,TK92	SNV			4	0
ENSG00000273998	ENSG00000273998	GroupA_exclusive	TK10,TK16,TK92,TK93	INDEL,SNV			4	0
ENSG00000274105	ENSG00000274105	GroupA_exclusive	TK16,TK18,TK91,TK92	SNV			4	0
ENSG00000274353	ENSG00000274353	GroupA_exclusive	TK10,TK91,TK92,TK93	INDEL,SNV			4	0
ENSG00000274367	ENSG00000274367	GroupA_exclusive	TK10,TK91,TK92,TK93	INDEL,SNV			4	0
ENSG00000274561	ENSG00000274561	GroupA_exclusive	TK16,TK18,TK92,TK93	SNV			4	0
ENSG00000274562	ENSG00000274562	GroupA_exclusive	TK10,TK16,TK92,TK93	SNV			4	0
ENSG00000274629	ENSG00000274629	GroupA_exclusive	TK18,TK91,TK92,TK93	INDEL,SNV			4	0
ENSG00000274918	ENSG00000274918	GroupA_exclusive	TK16,TK91,TK92,TK93	SNV			4	0
ENSG00000275232	ENSG00000275232	GroupA_exclusive	TK10,TK91,TK92,TK93	INDEL,SNV			4	0
ENSG00000275465	ENSG00000275465	GroupA_exclusive	TK16,TK91,TK92,TK93	INDEL,SNV			4	0
ENSG00000275613	ENSG00000275613	GroupA_exclusive	TK18,TK91,TK92,TK93	SNV			4	0
ENSG00000275846	ENSG00000275846	GroupA_exclusive	TK16,TK91,TK92,TK93	SNV			4	0
ENSG00000276077	ENSG00000276077	GroupA_exclusive	TK18,TK91,TK92,TK93	SNV			4	0
ENSG00000276128	ENSG00000276128	GroupA_exclusive	TK10,TK91,TK92,TK93	INDEL,SNV			4	0
ENSG00000276523	ENSG00000276523	GroupA_exclusive	TK10,TK16,TK91,TK92	SNV			4	0
ENSG00000276578	ENSG00000276578	GroupA_exclusive	TK10,TK91,TK92,TK93	SNV			4	0
ENSG00000276845	ENSG00000276845	GroupA_exclusive	TK10,TK91,TK92,TK93	SNV			4	0
ENSG00000276960	ENSG00000276960	GroupA_exclusive	TK18,TK91,TK92,TK93	INDEL,SNV			4	0
ENSG00000277067	ENSG00000277067	GroupA_exclusive	TK18,TK91,TK92,TK93	SNV			4	0
ENSG00000277151	ENSG00000277151	GroupA_exclusive	TK10,TK91,TK92,TK93	SNV			4	0
ENSG00000277675	ENSG00000277675	GroupA_exclusive	TK10,TK91,TK92,TK93	INDEL,SNV			4	0
ENSG00000277728	ENSG00000277728	GroupA_exclusive	TK10,TK16,TK18,TK91	SNV			4	0
ENSG00000277757	ENSG00000277757	GroupA_exclusive	TK10,TK91,TK92,TK93	SNV			4	0
ENSG00000278000	ENSG00000278000	GroupA_exclusive	TK10,TK91,TK92,TK93	SNV			4	0
ENSG00000278330	ENSG00000278330	GroupA_exclusive	TK10,TK91,TK92,TK93	INDEL,SNV			4	0
ENSG00000278464	ENSG00000278464	GroupA_exclusive	TK16,TK91,TK92,TK93	SNV			4	0
ENSG00000278472	ENSG00000278472	GroupA_exclusive	TK10,TK91,TK92,TK93	INDEL,SNV			4	0
ENSG00000278514	ENSG00000278514	GroupA_exclusive	TK16,TK91,TK92,TK93	INDEL,SNV			4	0
ENSG00000278842	ENSG00000278842	GroupA_exclusive	TK10,TK18,TK92,TK93	SNV			4	0
ENSG00000278896	ENSG00000278896	GroupA_exclusive	TK16,TK91,TK92,TK93	SNV			4	0
ENSG00000278966	ENSG00000278966	GroupA_exclusive	TK16,TK18,TK92,TK93	SNV			4	0
ENSG00000278979	ENSG00000278979	GroupA_exclusive	TK10,TK91,TK92,TK93	SNV			4	0
ENSG00000278983	ENSG00000278983	GroupA_exclusive	TK10,TK91,TK92,TK93	INDEL,SNV			4	0
ENSG00000278985	ENSG00000278985	GroupA_exclusive	TK10,TK91,TK92,TK93	SNV			4	0
ENSG00000278997	ENSG00000278997	GroupA_exclusive	TK16,TK91,TK92,TK93	SNV			4	0
ENSG00000278999	ENSG00000278999	GroupA_exclusive	TK10,TK91,TK92,TK93	INDEL,SNV			4	0
ENSG00000279029	ENSG00000279029	GroupA_exclusive	TK10,TK91,TK92,TK93	SNV			4	0
ENSG00000279081	ENSG00000279081	GroupA_exclusive	TK10,TK91,TK92,TK93	INDEL,SNV			4	0
ENSG00000279107	ENSG00000279107	GroupA_exclusive	TK10,TK91,TK92,TK93	SNV			4	0
ENSG00000279129	ENSG00000279129	GroupA_exclusive	TK10,TK91,TK92,TK93	SNV			4	0
ENSG00000279155	ENSG00000279155	GroupA_exclusive	TK10,TK16,TK91,TK92	SNV			4	0
ENSG00000279160	ENSG00000279160	GroupA_exclusive	TK10,TK91,TK92,TK93	SNV			4	0
ENSG00000279208	ENSG00000279208	GroupA_exclusive	TK18,TK91,TK92,TK93	SNV			4	0
ENSG00000279281	ENSG00000279281	GroupA_exclusive	TK10,TK91,TK92,TK93	INDEL,SNV			4	0
ENSG00000279311	ENSG00000279311	GroupA_exclusive	TK18,TK91,TK92,TK93	SNV			4	0
ENSG00000279319	ENSG00000279319	GroupA_exclusive	TK10,TK91,TK92,TK93	INDEL,SNV			4	0
ENSG00000279410	ENSG00000279410	GroupA_exclusive	TK18,TK91,TK92,TK93	SNV			4	0
ENSG00000279442	ENSG00000279442	GroupA_exclusive	TK18,TK91,TK92,TK93	SNV			4	0
ENSG00000279511	ENSG00000279511	GroupA_exclusive	TK16,TK18,TK91,TK92	SNV			4	0
ENSG00000279526	ENSG00000279526	GroupA_exclusive	TK10,TK91,TK92,TK93	SNV			4	0
ENSG00000279544	ENSG00000279544	GroupA_exclusive	TK10,TK91,TK92,TK93	SNV			4	0
ENSG00000279589	ENSG00000279589	GroupA_exclusive	TK10,TK91,TK92,TK93	INDEL,SNV			4	0
ENSG00000279599	ENSG00000279599	GroupA_exclusive	TK10,TK91,TK92,TK93	INDEL,SNV			4	0
ENSG00000279620	ENSG00000279620	GroupA_exclusive	TK10,TK91,TK92,TK93	SNV			4	0
ENSG00000279623	ENSG00000279623	GroupA_exclusive	TK18,TK91,TK92,TK93	SNV			4	0
ENSG00000279659	ENSG00000279659	GroupA_exclusive	TK18,TK91,TK92,TK93	SNV			4	0
ENSG00000279668	ENSG00000279668	GroupA_exclusive	TK10,TK16,TK18,TK93	SNV			4	0
ENSG00000279712	ENSG00000279712	GroupA_exclusive	TK16,TK91,TK92,TK93	INDEL,SNV			4	0
ENSG00000279805	ENSG00000279805	GroupA_exclusive	TK10,TK91,TK92,TK93	SNV			4	0
ENSG00000279884	ENSG00000279884	GroupA_exclusive	TK16,TK91,TK92,TK93	SNV			4	0
ENSG00000279953	ENSG00000279953	GroupA_exclusive	TK10,TK91,TK92,TK93	SNV			4	0
ENSG00000280043	ENSG00000280043	GroupA_exclusive	TK18,TK91,TK92,TK93	INDEL,SNV			4	0
ENSG00000280099	ENSG00000280099	GroupA_exclusive	TK10,TK91,TK92,TK93	SNV			4	0
ENSG00000280180	ENSG00000280180	GroupA_exclusive	TK10,TK91,TK92,TK93	SNV			4	0
ENSG00000280224	ENSG00000280224	GroupA_exclusive	TK18,TK91,TK92,TK93	SNV			4	0
ENSG00000280248	ENSG00000280248	GroupA_exclusive	TK16,TK91,TK92,TK93	SNV			4	0
ENSG00000280341	ENSG00000280341	GroupA_exclusive	TK18,TK91,TK92,TK93	SNV			4	0
ENSG00000280356	ENSG00000280356	GroupA_exclusive	TK10,TK91,TK92,TK93	SNV			4	0
ENSG00000280382	ENSG00000280382	GroupA_exclusive	TK10,TK18,TK91,TK93	SNV			4	0
ENSG00000280441	ENSG00000280441	GroupA_exclusive	TK16,TK91,TK92,TK93	INDEL,SNV			4	0
ENSG00000282418	ENSG00000282418	GroupA_exclusive	TK10,TK91,TK92,TK93	INDEL,SNV			4	0
ENSG00000282527	ENSG00000282527	GroupA_exclusive	TK16,TK91,TK92,TK93	INDEL,SNV			4	0
ENSG00000282904	ENSG00000282904	GroupA_exclusive	TK16,TK91,TK92,TK93	SNV			4	0
ENSG00000282987	ENSG00000282987	GroupA_exclusive	TK10,TK91,TK92,TK93	SNV			4	0
ENSG00000283196	ENSG00000283196	GroupA_exclusive	TK10,TK91,TK92,TK93	SNV			4	0
ENSG00000283202	ENSG00000283202	GroupA_exclusive	TK10,TK91,TK92,TK93	SNV			4	0
ENSG00000283380	ENSG00000283380	GroupA_exclusive	TK18,TK91,TK92,TK93	INDEL,SNV			4	0
ENSG00000283415	ENSG00000283415	GroupA_exclusive	TK10,TK91,TK92,TK93	INDEL,SNV			4	0
ENSG00000283431	ENSG00000283431	GroupA_exclusive	TK10,TK91,TK92,TK93	INDEL,SNV			4	0
ENSG00000283599	ENSG00000283599	GroupA_exclusive	TK10,TK18,TK91,TK93	SNV			4	0
ENSG00000283913	ENSG00000283913	GroupA_exclusive	TK10,TK91,TK92,TK93	SNV			4	0
ENSG00000284377	ENSG00000284377	GroupA_exclusive	TK16,TK18,TK92,TK93	INDEL,SNV			4	0
ENSG00000284418	ENSG00000284418	GroupA_exclusive	TK10,TK91,TK92,TK93	INDEL,SNV			4	0
ENSG00000284606	ENSG00000284606	GroupA_exclusive	TK10,TK91,TK92,TK93	INDEL,SNV			4	0
ENSG00000284618	ENSG00000284618	GroupA_exclusive	TK18,TK91,TK92,TK93	SNV			4	0
ENSG00000284673	ENSG00000284673	GroupA_exclusive	TK10,TK16,TK91,TK93	SNV			4	0
ENSG00000284711	ENSG00000284711	GroupA_exclusive	TK18,TK91,TK92,TK93	SNV			4	0
ENSG00000285215	ENSG00000285215	GroupA_exclusive	TK18,TK91,TK92,TK93	INDEL,SNV			4	0
ENSG00000285492	ENSG00000285492	GroupA_exclusive	TK10,TK16,TK18,TK92	INDEL,SNV			4	0
ENSG00000285539	ENSG00000285539	GroupA_exclusive	TK10,TK16,TK18,TK92	SNV			4	0
ENSG00000285560	ENSG00000285560	GroupA_exclusive	TK10,TK91,TK92,TK93	SNV			4	0
ENSG00000285569	ENSG00000285569	GroupA_exclusive	TK10,TK91,TK92,TK93	INDEL,SNV			4	0
ENSG00000285577	ENSG00000285577	GroupA_exclusive	TK10,TK16,TK91,TK92	SNV			4	0
ENSG00000285581	ENSG00000285581	GroupA_exclusive	TK18,TK91,TK92,TK93	SNV			4	0
ENSG00000285601	ENSG00000285601	GroupA_exclusive	TK18,TK91,TK92,TK93	SNV			4	0
ENSG00000285637	ENSG00000285637	GroupA_exclusive	TK16,TK18,TK92,TK93	INDEL,SNV			4	0
ENSG00000285694	ENSG00000285694	GroupA_exclusive	TK10,TK91,TK92,TK93	SNV			4	0
ENSG00000285706	ENSG00000285706	GroupA_exclusive	TK10,TK91,TK92,TK93	SNV			4	0
ENSG00000285727	ENSG00000285727	GroupA_exclusive	TK10,TK18,TK91,TK93	SNV			4	0
ENSG00000285782	ENSG00000285782	GroupA_exclusive	TK10,TK91,TK92,TK93	SNV			4	0
ENSG00000285864	ENSG00000285864	GroupA_exclusive	TK10,TK16,TK91,TK92	SNV			4	0
ENSG00000285865	ENSG00000285865	GroupA_exclusive	TK10,TK91,TK92,TK93	INDEL,SNV			4	0
ENSG00000285876	ENSG00000285876	GroupA_exclusive	TK10,TK18,TK91,TK92	SNV			4	0
ENSG00000285878	ENSG00000285878	GroupA_exclusive	TK10,TK91,TK92,TK93	SNV			4	0
ENSG00000285892	ENSG00000285892	GroupA_exclusive	TK10,TK18,TK91,TK92	INDEL,SNV			4	0
ENSG00000285899	ENSG00000285899	GroupA_exclusive	TK18,TK91,TK92,TK93	INDEL,SNV			4	0
ENSG00000285908	ENSG00000285908	GroupA_exclusive	TK10,TK18,TK91,TK92	SNV			4	0
ENSG00000285933	ENSG00000285933	GroupA_exclusive	TK10,TK18,TK91,TK92	SNV			4	0
ENSG00000285934	ENSG00000285934	GroupA_exclusive	TK16,TK18,TK91,TK92	INDEL,SNV			4	0
ENSG00000285952	ENSG00000285952	GroupA_exclusive	TK10,TK91,TK92,TK93	INDEL,SNV			4	0
ENSG00000285994	ENSG00000285994	GroupA_exclusive	TK10,TK91,TK92,TK93	SNV			4	0
ENSG00000286052	ENSG00000286052	GroupA_exclusive	TK10,TK18,TK91,TK92	SNV			4	0
ENSG00000286194	ENSG00000286194	GroupA_exclusive	TK10,TK91,TK92,TK93	INDEL,SNV			4	0
ENSG00000286229	ENSG00000286229	GroupA_exclusive	TK10,TK91,TK92,TK93	SNV			4	0
ENSG00000286245	ENSG00000286245	GroupA_exclusive	TK18,TK91,TK92,TK93	SNV			4	0
ENSG00000286256	ENSG00000286256	GroupA_exclusive	TK16,TK18,TK91,TK92	SNV			4	0
ENSG00000286327	ENSG00000286327	GroupA_exclusive	TK10,TK91,TK92,TK93	SNV			4	0
ENSG00000286344	ENSG00000286344	GroupA_exclusive	TK16,TK91,TK92,TK93	SNV			4	0
ENSG00000286349	ENSG00000286349	GroupA_exclusive	TK10,TK91,TK92,TK93	INDEL,SNV			4	0
ENSG00000286370	ENSG00000286370	GroupA_exclusive	TK18,TK91,TK92,TK93	SNV			4	0
ENSG00000286375	ENSG00000286375	GroupA_exclusive	TK10,TK16,TK91,TK92	SNV			4	0
ENSG00000286385	ENSG00000286385	GroupA_exclusive	TK10,TK91,TK92,TK93	INDEL,SNV			4	0
ENSG00000286391	ENSG00000286391	GroupA_exclusive	TK10,TK18,TK91,TK93	SNV			4	0
ENSG00000286415	ENSG00000286415	GroupA_exclusive	TK18,TK91,TK92,TK93	INDEL,SNV			4	0
ENSG00000286479	ENSG00000286479	GroupA_exclusive	TK10,TK91,TK92,TK93	INDEL,SNV			4	0
ENSG00000286515	ENSG00000286515	GroupA_exclusive	TK10,TK91,TK92,TK93	SNV			4	0
ENSG00000286529	ENSG00000286529	GroupA_exclusive	TK10,TK16,TK18,TK92	INDEL,SNV			4	0
ENSG00000286561	ENSG00000286561	GroupA_exclusive	TK10,TK91,TK92,TK93	INDEL,SNV			4	0
ENSG00000286588	ENSG00000286588	GroupA_exclusive	TK16,TK91,TK92,TK93	SNV			4	0
ENSG00000286615	ENSG00000286615	GroupA_exclusive	TK10,TK91,TK92,TK93	SNV			4	0
ENSG00000286616	ENSG00000286616	GroupA_exclusive	TK18,TK91,TK92,TK93	SNV			4	0
ENSG00000286657	ENSG00000286657	GroupA_exclusive	TK10,TK91,TK92,TK93	SNV			4	0
ENSG00000286707	ENSG00000286707	GroupA_exclusive	TK16,TK91,TK92,TK93	SNV			4	0
ENSG00000286720	ENSG00000286720	GroupA_exclusive	TK10,TK91,TK92,TK93	SNV			4	0
ENSG00000286782	ENSG00000286782	GroupA_exclusive	TK16,TK91,TK92,TK93	INDEL,SNV			4	0
ENSG00000286797	ENSG00000286797	GroupA_exclusive	TK10,TK91,TK92,TK93	INDEL,SNV			4	0
ENSG00000286812	ENSG00000286812	GroupA_exclusive	TK10,TK91,TK92,TK93	SNV			4	0
ENSG00000286846	ENSG00000286846	GroupA_exclusive	TK10,TK91,TK92,TK93	INDEL,SNV			4	0
ENSG00000286850	ENSG00000286850	GroupA_exclusive	TK10,TK91,TK92,TK93	INDEL,SNV			4	0
ENSG00000286856	ENSG00000286856	GroupA_exclusive	TK10,TK91,TK92,TK93	SNV			4	0
ENSG00000286907	ENSG00000286907	GroupA_exclusive	TK18,TK91,TK92,TK93	INDEL,SNV			4	0
ENSG00000286927	ENSG00000286927	GroupA_exclusive	TK10,TK91,TK92,TK93	INDEL,SNV			4	0
ENSG00000286970	ENSG00000286970	GroupA_exclusive	TK16,TK91,TK92,TK93	INDEL,SNV			4	0
ENSG00000286979	ENSG00000286979	GroupA_exclusive	TK10,TK91,TK92,TK93	INDEL,SNV			4	0
ENSG00000286988	ENSG00000286988	GroupA_exclusive	TK10,TK91,TK92,TK93	SNV			4	0
ENSG00000287094	ENSG00000287094	GroupA_exclusive	TK10,TK91,TK92,TK93	INDEL,SNV			4	0
ENSG00000287105	ENSG00000287105	GroupA_exclusive	TK10,TK91,TK92,TK93	SNV			4	0
ENSG00000287106	ENSG00000287106	GroupA_exclusive	TK18,TK91,TK92,TK93	SNV			4	0
ENSG00000287109	ENSG00000287109	GroupA_exclusive	TK10,TK16,TK92,TK93	INDEL,SNV			4	0
ENSG00000287122	ENSG00000287122	GroupA_exclusive	TK10,TK91,TK92,TK93	SNV			4	0
ENSG00000287158	ENSG00000287158	GroupA_exclusive	TK10,TK91,TK92,TK93	SNV			4	0
ENSG00000287164	ENSG00000287164	GroupA_exclusive	TK10,TK91,TK92,TK93	INDEL,SNV			4	0
ENSG00000287165	ENSG00000287165	GroupA_exclusive	TK16,TK18,TK91,TK92	SNV			4	0
ENSG00000287191	ENSG00000287191	GroupA_exclusive	TK10,TK91,TK92,TK93	INDEL,SNV			4	0
ENSG00000287237	ENSG00000287237	GroupA_exclusive	TK10,TK91,TK92,TK93	INDEL,SNV			4	0
ENSG00000287258	ENSG00000287258	GroupA_exclusive	TK10,TK91,TK92,TK93	INDEL,SNV			4	0
ENSG00000287272	ENSG00000287272	GroupA_exclusive	TK10,TK18,TK92,TK93	INDEL,SNV			4	0
ENSG00000287288	ENSG00000287288	GroupA_exclusive	TK10,TK91,TK92,TK93	INDEL,SNV			4	0
ENSG00000287292	ENSG00000287292	GroupA_exclusive	TK10,TK91,TK92,TK93	INDEL,SNV			4	0
ENSG00000287305	ENSG00000287305	GroupA_exclusive	TK18,TK91,TK92,TK93	SNV			4	0
ENSG00000287351	ENSG00000287351	GroupA_exclusive	TK10,TK91,TK92,TK93	INDEL,SNV			4	0
ENSG00000287369	ENSG00000287369	GroupA_exclusive	TK10,TK91,TK92,TK93	SNV			4	0
ENSG00000287385	ENSG00000287385	GroupA_exclusive	TK10,TK18,TK91,TK92	SNV			4	0
ENSG00000287391	ENSG00000287391	GroupA_exclusive	TK18,TK91,TK92,TK93	INDEL,SNV			4	0
ENSG00000287451	ENSG00000287451	GroupA_exclusive	TK10,TK91,TK92,TK93	INDEL,SNV			4	0
ENSG00000287493	ENSG00000287493	GroupA_exclusive	TK18,TK91,TK92,TK93	SNV			4	0
ENSG00000287516	ENSG00000287516	GroupA_exclusive	TK10,TK91,TK92,TK93	INDEL,SNV			4	0
ENSG00000287518	ENSG00000287518	GroupA_exclusive	TK16,TK91,TK92,TK93	INDEL,SNV			4	0
ENSG00000287552	ENSG00000287552	GroupA_exclusive	TK10,TK91,TK92,TK93	SNV			4	0
ENSG00000287583	ENSG00000287583	GroupA_exclusive	TK10,TK91,TK92,TK93	SNV			4	0
ENSG00000287623	ENSG00000287623	GroupA_exclusive	TK10,TK91,TK92,TK93	SNV			4	0
ENSG00000287624	ENSG00000287624	GroupA_exclusive	TK10,TK91,TK92,TK93	SNV			4	0
ENSG00000287650	ENSG00000287650	GroupA_exclusive	TK10,TK91,TK92,TK93	INDEL,SNV			4	0
ENSG00000287654	ENSG00000287654	GroupA_exclusive	TK10,TK91,TK92,TK93	SNV			4	0
ENSG00000287665	ENSG00000287665	GroupA_exclusive	TK10,TK91,TK92,TK93	INDEL,SNV			4	0
ENSG00000287679	ENSG00000287679	GroupA_exclusive	TK10,TK91,TK92,TK93	INDEL,SNV			4	0
ENSG00000287727	ENSG00000287727	GroupA_exclusive	TK10,TK91,TK92,TK93	INDEL,SNV			4	0
ENSG00000287797	ENSG00000287797	GroupA_exclusive	TK18,TK91,TK92,TK93	SNV			4	0
ENSG00000287842	ENSG00000287842	GroupA_exclusive	TK10,TK91,TK92,TK93	SNV			4	0
ENSG00000287859	ENSG00000287859	GroupA_exclusive	TK18,TK91,TK92,TK93	SNV			4	0
ENSG00000287912	ENSG00000287912	GroupA_exclusive	TK10,TK91,TK92,TK93	SNV			4	0
ENSG00000287920	ENSG00000287920	GroupA_exclusive	TK16,TK91,TK92,TK93	INDEL,SNV			4	0
ENSG00000287932	ENSG00000287932	GroupA_exclusive	TK18,TK91,TK92,TK93	INDEL,SNV			4	0
ENSG00000287949	ENSG00000287949	GroupA_exclusive	TK10,TK91,TK92,TK93	SNV			4	0
ENSG00000287957	ENSG00000287957	GroupA_exclusive	TK16,TK91,TK92,TK93	SNV			4	0
ENSG00000287964	ENSG00000287964	GroupA_exclusive	TK10,TK18,TK92,TK93	SNV			4	0
ENSG00000287972	ENSG00000287972	GroupA_exclusive	TK10,TK91,TK92,TK93	SNV			4	0
ENSG00000287976	ENSG00000287976	GroupA_exclusive	TK10,TK91,TK92,TK93	SNV			4	0
ENSG00000287984	ENSG00000287984	GroupA_exclusive	TK10,TK91,TK92,TK93	SNV			4	0
ENSG00000288036	ENSG00000288036	GroupA_exclusive	TK10,TK91,TK92,TK93	SNV			4	0
ENSG00000288076	ENSG00000288076	GroupA_exclusive	TK10,TK91,TK92,TK93	INDEL,SNV			4	0
ENSG00000288079	ENSG00000288079	GroupA_exclusive	TK16,TK91,TK92,TK93	INDEL,SNV			4	0
ENSG00000288097	ENSG00000288097	GroupA_exclusive	TK16,TK91,TK92,TK93	SNV			4	0
ENSG00000288531	ENSG00000288531	GroupA_exclusive	TK10,TK18,TK92,TK93	SNV			4	0
ENSG00000288579	ENSG00000288579	GroupA_exclusive	TK16,TK91,TK92,TK93	SNV			4	0
ENSG00000288658	ENSG00000288658	GroupA_exclusive	TK10,TK91,TK92,TK93	SNV			4	0
ENSG00000288662	ENSG00000288662	GroupA_exclusive	TK18,TK91,TK92,TK93	INDEL,SNV			4	0
ENSG00000288667	ENSG00000288667	GroupA_exclusive	TK18,TK91,TK92,TK93	INDEL,SNV			4	0
ENSG00000288750	ENSG00000288750	GroupA_exclusive	TK10,TK91,TK92,TK93	SNV			4	0
ENSG00000288799	ENSG00000288799	GroupA_exclusive	TK16,TK18,TK91,TK93	SNV			4	0
ENSG00000288804	ENSG00000288804	GroupA_exclusive	TK10,TK91,TK92,TK93	INDEL,SNV			4	0
ENSG00000288821	ENSG00000288821	GroupA_exclusive	TK10,TK91,TK92,TK93	SNV			4	0
ENSG00000288863	ENSG00000288863	GroupA_exclusive	TK10,TK91,TK92,TK93	INDEL,SNV			4	0
ENSG00000288871	ENSG00000288871	GroupA_exclusive	TK18,TK91,TK92,TK93	SNV			4	0
ENSG00000288872	ENSG00000288872	GroupA_exclusive	TK18,TK91,TK92,TK93	SNV			4	0
ENSG00000288985	ENSG00000288985	GroupA_exclusive	TK18,TK91,TK92,TK93	SNV			4	0
ENSG00000288997	ENSG00000288997	GroupA_exclusive	TK16,TK91,TK92,TK93	INDEL,SNV			4	0
ENSG00000289011	ENSG00000289011	GroupA_exclusive	TK10,TK16,TK91,TK92	SNV			4	0
ENSG00000289012	ENSG00000289012	GroupA_exclusive	TK18,TK91,TK92,TK93	INDEL,SNV			4	0
ENSG00000289017	ENSG00000289017	GroupA_exclusive	TK10,TK91,TK92,TK93	INDEL,SNV			4	0
ENSG00000289114	ENSG00000289114	GroupA_exclusive	TK10,TK91,TK92,TK93	SNV			4	0
ENSG00000289129	ENSG00000289129	GroupA_exclusive	TK10,TK91,TK92,TK93	INDEL,SNV			4	0
ENSG00000289168	ENSG00000289168	GroupA_exclusive	TK10,TK91,TK92,TK93	SNV			4	0
ENSG00000289198	ENSG00000289198	GroupA_exclusive	TK18,TK91,TK92,TK93	SNV			4	0
ENSG00000289236	ENSG00000289236	GroupA_exclusive	TK10,TK91,TK92,TK93	INDEL,SNV			4	0
ENSG00000289259	ENSG00000289259	GroupA_exclusive	TK10,TK18,TK91,TK93	SNV			4	0
ENSG00000289280	ENSG00000289280	GroupA_exclusive	TK16,TK91,TK92,TK93	INDEL,SNV			4	0
ENSG00000289402	ENSG00000289402	GroupA_exclusive	TK10,TK91,TK92,TK93	SNV			4	0
ENSG00000289425	ENSG00000289425	GroupA_exclusive	TK10,TK91,TK92,TK93	INDEL,SNV			4	0
ENSG00000289437	ENSG00000289437	GroupA_exclusive	TK10,TK18,TK92,TK93	SNV			4	0
ENSG00000289507	ENSG00000289507	GroupA_exclusive	TK10,TK18,TK91,TK92	SNV			4	0
ENSG00000289538	ENSG00000289538	GroupA_exclusive	TK10,TK91,TK92,TK93	SNV			4	0
ENSG00000289561	ENSG00000289561	GroupA_exclusive	TK10,TK91,TK92,TK93	INDEL,SNV			4	0
ENSG00000289578	ENSG00000289578	GroupA_exclusive	TK16,TK91,TK92,TK93	SNV			4	0
ENSG00000289582	ENSG00000289582	GroupA_exclusive	TK10,TK91,TK92,TK93	SNV			4	0
ENSG00000289587	ENSG00000289587	GroupA_exclusive	TK10,TK91,TK92,TK93	INDEL,SNV			4	0
ENSG00000289599	ENSG00000289599	GroupA_exclusive	TK18,TK91,TK92,TK93	SNV			4	0
ENSG00000289623	ENSG00000289623	GroupA_exclusive	TK10,TK18,TK91,TK92	INDEL,SNV			4	0
ENSG00000289726	ENSG00000289726	GroupA_exclusive	TK10,TK16,TK91,TK92	INDEL,SNV			4	0
ENSG00000289730	ENSG00000289730	GroupA_exclusive	TK16,TK91,TK92,TK93	SNV			4	0
ENSG00000289747	ENSG00000289747	GroupA_exclusive	TK10,TK91,TK92,TK93	SNV			4	0
ENSG00000289849	ENSG00000289849	GroupA_exclusive	TK10,TK91,TK92,TK93	INDEL,SNV			4	0
ENSG00000289885	ENSG00000289885	GroupA_exclusive	TK10,TK16,TK92,TK93	SNV			4	0
ENSG00000289900	ENSG00000289900	GroupA_exclusive	TK18,TK91,TK92,TK93	SNV			4	0
ENSG00000289990	ENSG00000289990	GroupA_exclusive	TK18,TK91,TK92,TK93	SNV			4	0
ENSG00000289992	ENSG00000289992	GroupA_exclusive	TK10,TK91,TK92,TK93	INDEL,SNV			4	0
ENSG00000290005	ENSG00000290005	GroupA_exclusive	TK18,TK91,TK92,TK93	SNV			4	0
ENSG00000290045	ENSG00000290045	GroupA_exclusive	TK10,TK91,TK92,TK93	INDEL,SNV			4	0
ENSG00000290070	ENSG00000290070	GroupA_exclusive	TK16,TK91,TK92,TK93	INDEL,SNV			4	0
ENSG00000290088	ENSG00000290088	GroupA_exclusive	TK10,TK16,TK92,TK93	SNV			4	0
ENSG00000290089	ENSG00000290089	GroupA_exclusive	TK16,TK91,TK92,TK93	INDEL,SNV			4	0
ENSG00000290096	ENSG00000290096	GroupA_exclusive	TK18,TK91,TK92,TK93	SNV			4	0
ENSG00000290107	ENSG00000290107	GroupA_exclusive	TK10,TK91,TK92,TK93	SNV			4	0
ENSG00000290357	ENSG00000290357	GroupA_exclusive	TK10,TK91,TK92,TK93	INDEL,SNV			4	0
ENSG00000290366	ENSG00000290366	GroupA_exclusive	TK16,TK18,TK92,TK93	SNV			4	0
ENSG00000290399	ENSG00000290399	GroupA_exclusive	TK10,TK91,TK92,TK93	SNV			4	0
ENSG00000290426	ENSG00000290426	GroupA_exclusive	TK10,TK16,TK91,TK93	SNV			4	0
ENSG00000290438	ENSG00000290438	GroupA_exclusive	TK10,TK91,TK92,TK93	SNV			4	0
ENSG00000290620	ENSG00000290620	GroupA_exclusive	TK10,TK91,TK92,TK93	SNV			4	0
ENSG00000290660	ENSG00000290660	GroupA_exclusive	TK10,TK16,TK91,TK92	INDEL,SNV			4	0
ENSG00000290829	ENSG00000290829	GroupA_exclusive	TK10,TK91,TK92,TK93	INDEL,SNV			4	0
ENSG00000290879	ENSG00000290879	GroupA_exclusive	TK18,TK91,TK92,TK93	INDEL,SNV			4	0
ENSG00000291254	ENSG00000291254	GroupA_exclusive	TK16,TK91,TK92,TK93	SNV			4	0
ENSG00000291259	ENSG00000291259	GroupA_exclusive	TK10,TK91,TK92,TK93	INDEL,SNV			4	0
ENSG00000292259	ENSG00000292259	GroupA_exclusive	TK16,TK91,TK92,TK93	INDEL,SNV			4	0
ENSG00000163508	EOMES	GroupA_exclusive	TK10,TK91,TK92,TK93	INDEL,SNV			4	0
ENSG00000278921	EPB41L4A-DT	GroupA_exclusive	TK10,TK16,TK92,TK93	SNV			4	0
ENSG00000229153	EPHA1-AS1	GroupA_exclusive	TK18,TK91,TK92,TK93	INDEL,SNV			4	0
ENSG00000044524	EPHA3	GroupA_exclusive	TK18,TK91,TK92,TK93	SNV			4	0
ENSG00000133216	EPHB2	GroupA_exclusive	TK10,TK91,TK92,TK93	SNV			4	0
ENSG00000112425	EPM2A	GroupA_exclusive	TK10,TK91,TK92,TK93	INDEL,SNV			4	0
ENSG00000251292	ERVH-1	GroupA_exclusive	TK16,TK91,TK92,TK93	INDEL,SNV			4	0
ENSG00000232757	ETF1P1	GroupA_exclusive	TK10,TK91,TK92,TK93	INDEL,SNV			4	0
ENSG00000157557	ETS2	GroupA_exclusive	TK10,TK91,TK92,TK93	INDEL,SNV			4	0
ENSG00000234197	ETV5-AS1	GroupA_exclusive	TK10,TK16,TK18,TK91	SNV			4	0
ENSG00000231172	EVA1A-AS	GroupA_exclusive	TK10,TK91,TK92,TK93	SNV			4	0
ENSG00000012232	EXTL3	GroupA_exclusive	TK10,TK91,TK92,TK93	INDEL,SNV			4	0
ENSG00000231300	EZH2P1	GroupA_exclusive	TK10,TK91,TK92,TK93	SNV			4	0
ENSG00000164220	F2RL2	GroupA_exclusive	TK16,TK91,TK92,TK93	INDEL,SNV			4	0
ENSG00000283709	FAM238C	GroupA_exclusive	TK10,TK91,TK92,TK93	SNV			4	0
ENSG00000255052	FAM66D	GroupA_exclusive	TK16,TK91,TK92,TK93	SNV			4	0
ENSG00000290718	FAM95B1	GroupA_exclusive	TK16,TK91,TK92,TK93	SNV			4	0
ENSG00000152767	FARP1	GroupA_exclusive	TK10,TK91,TK92,TK93	INDEL,SNV			4	0
ENSG00000006607	FARP2	GroupA_exclusive	TK16,TK91,TK92,TK93	INDEL,SNV			4	0
ENSG00000140092	FBLN5	GroupA_exclusive	TK10,TK16,TK92,TK93	SNV			4	0
ENSG00000231087	FDPSP7	GroupA_exclusive	TK16,TK91,TK92,TK93	SNV			4	0
ENSG00000181741	FDX1P1	GroupA_exclusive	TK18,TK91,TK92,TK93	SNV			4	0
ENSG00000185390	FGF7P2	GroupA_exclusive	TK16,TK91,TK92,TK93	INDEL,SNV			4	0
ENSG00000000938	FGR	GroupA_exclusive	TK16,TK91,TK92,TK93	SNV			4	0
ENSG00000248265	FLJ12825	GroupA_exclusive	TK10,TK16,TK91,TK93	INDEL,SNV			4	0
ENSG00000276399	FLJ36000	GroupA_exclusive	TK10,TK91,TK92,TK93	SNV			4	0
ENSG00000007933	FMO3	GroupA_exclusive	TK16,TK91,TK92,TK93	INDEL,SNV			4	0
ENSG00000172568	FNDC9	GroupA_exclusive	TK16,TK91,TK92,TK93	INDEL,SNV			4	0
ENSG00000129514	FOXA1	GroupA_exclusive	TK10,TK91,TK92,TK93	INDEL,SNV			4	0
ENSG00000273514	FOXD4L6	GroupA_exclusive	TK10,TK91,TK92,TK93	SNV			4	0
ENSG00000103241	FOXF1	GroupA_exclusive	TK10,TK91,TK92,TK93	INDEL,SNV			4	0
ENSG00000242094	FOXP1-IT1	GroupA_exclusive	TK18,TK91,TK92,TK93	SNV			4	0
ENSG00000234753	FOXP4-AS1	GroupA_exclusive	TK10,TK18,TK91,TK92	SNV			4	0
ENSG00000225899	FRG2B	GroupA_exclusive	TK18,TK91,TK92,TK93	SNV			4	0
ENSG00000236663	FRGCA	GroupA_exclusive	TK16,TK18,TK91,TK92	INDEL,SNV			4	0
ENSG00000229109	FRMD3-AS1	GroupA_exclusive	TK16,TK18,TK91,TK92	INDEL,SNV			4	0
ENSG00000227942	FRMD8P1	GroupA_exclusive	TK10,TK91,TK92,TK93	INDEL,SNV			4	0
ENSG00000033170	FUT8	GroupA_exclusive	TK18,TK91,TK92,TK93	SNV			4	0
ENSG00000246523	FZD4-DT	GroupA_exclusive	TK10,TK91,TK92,TK93	INDEL,SNV			4	0
ENSG00000257636	G2E3-AS1	GroupA_exclusive	TK18,TK91,TK92,TK93	SNV			4	0
ENSG00000183185	GABRR3	GroupA_exclusive	TK16,TK18,TK91,TK92	SNV			4	0
ENSG00000172717	GARIN2	GroupA_exclusive	TK18,TK91,TK92,TK93	SNV			4	0
ENSG00000102145	GATA1	GroupA_exclusive	TK10,TK91,TK92,TK93	SNV			4	0
ENSG00000232520	GCSIR	GroupA_exclusive	TK16,TK91,TK92,TK93	INDEL,SNV			4	0
ENSG00000006625	GGCT	GroupA_exclusive	TK10,TK91,TK92,TK93	SNV			4	0
ENSG00000100121	GGTLC2	GroupA_exclusive	TK10,TK91,TK92,TK93	SNV			4	0
ENSG00000228322	GLIS3-AS2	GroupA_exclusive	TK18,TK91,TK92,TK93	INDEL,SNV			4	0
ENSG00000205835	GMNC	GroupA_exclusive	TK16,TK91,TK92,TK93	INDEL,SNV			4	0
ENSG00000259169	GNRHR2P1	GroupA_exclusive	TK18,TK91,TK92,TK93	SNV			4	0
ENSG00000261649	GOLGA6L7	GroupA_exclusive	TK10,TK16,TK18,TK93	INDEL,SNV			4	0
ENSG00000076716	GPC4	GroupA_exclusive	TK10,TK91,TK92,TK93	INDEL,SNV			4	0
ENSG00000232374	GPR79	GroupA_exclusive	TK10,TK91,TK92,TK93	SNV			4	0
ENSG00000171657	GPR82	GroupA_exclusive	TK10,TK91,TK92,TK93	SNV			4	0
ENSG00000258086	GPR84-AS1	GroupA_exclusive	TK18,TK91,TK92,TK93	SNV			4	0
ENSG00000125675	GRIA3	GroupA_exclusive	TK16,TK91,TK92,TK93	INDEL,SNV			4	0
ENSG00000182771	GRID1	GroupA_exclusive	TK10,TK91,TK92,TK93	SNV			4	0
ENSG00000266736	GTF2IP6	GroupA_exclusive	TK18,TK91,TK92,TK93	SNV			4	0
ENSG00000251451	GTF2IP9	GroupA_exclusive	TK10,TK91,TK92,TK93	SNV			4	0
ENSG00000172986	GXYLT2	GroupA_exclusive	TK10,TK91,TK92,TK93	SNV			4	0
ENSG00000277075	H2AC8	GroupA_exclusive	TK18,TK91,TK92,TK93	SNV			4	0
ENSG00000258741	H2AZ2P1	GroupA_exclusive	TK10,TK91,TK92,TK93	SNV			4	0
ENSG00000213440	H2AZP1	GroupA_exclusive	TK10,TK91,TK92,TK93	INDEL,SNV			4	0
ENSG00000291123	H2BP1	GroupA_exclusive	TK18,TK91,TK92,TK93	SNV			4	0
ENSG00000213931	HBE1	GroupA_exclusive	TK16,TK91,TK92,TK93	SNV			4	0
ENSG00000224157	HCG14	GroupA_exclusive	TK16,TK91,TK92,TK93	SNV			4	0
ENSG00000112406	HECA	GroupA_exclusive	TK10,TK91,TK92,TK93	INDEL,SNV			4	0
ENSG00000188175	HEPACAM2	GroupA_exclusive	TK10,TK16,TK18,TK92	SNV			4	0
ENSG00000257551	HLX-AS1	GroupA_exclusive	TK10,TK91,TK92,TK93	SNV			4	0
ENSG00000197301	HMGA2-AS1	GroupA_exclusive	TK10,TK91,TK92,TK93	INDEL,SNV			4	0
ENSG00000212769	HMGN2P8	GroupA_exclusive	TK10,TK18,TK91,TK92	SNV			4	0
ENSG00000241388	HNF1A-AS1	GroupA_exclusive	TK10,TK91,TK92,TK93	INDEL,SNV			4	0
ENSG00000231942	HNRNPA1P36	GroupA_exclusive	TK10,TK91,TK92,TK93	SNV			4	0
ENSG00000260689	HNRNPA3P11	GroupA_exclusive	TK10,TK91,TK92,TK93	INDEL,SNV			4	0
ENSG00000197576	HOXA4	GroupA_exclusive	TK10,TK91,TK92,TK93	SNV			4	0
ENSG00000163106	HPGDS	GroupA_exclusive	TK10,TK91,TK92,TK93	SNV			4	0
ENSG00000153936	HS2ST1	GroupA_exclusive	TK10,TK91,TK92,TK93	INDEL,SNV			4	0
ENSG00000122254	HS3ST2	GroupA_exclusive	TK10,TK91,TK92,TK93	INDEL,SNV			4	0
ENSG00000185352	HS6ST3	GroupA_exclusive	TK10,TK91,TK92,TK93	INDEL,SNV			4	0
ENSG00000176160	HSF5	GroupA_exclusive	TK10,TK91,TK92,TK93	INDEL,SNV			4	0
ENSG00000219395	HSPA8P15	GroupA_exclusive	TK16,TK91,TK92,TK93	SNV			4	0
ENSG00000230216	HSPB1P2	GroupA_exclusive	TK10,TK18,TK91,TK92	SNV			4	0
ENSG00000217897	HSPE1P8	GroupA_exclusive	TK16,TK91,TK92,TK93	SNV			4	0
ENSG00000275811	HTR1DP1	GroupA_exclusive	TK10,TK91,TK92,TK93	SNV			4	0
ENSG00000251075	HTT-AS	GroupA_exclusive	TK10,TK91,TK92,TK93	INDEL,SNV			4	0
ENSG00000228293	IDH3B-DT	GroupA_exclusive	TK16,TK91,TK92,TK93	SNV			4	0
ENSG00000163915	IGF2BP2-AS1	GroupA_exclusive	TK10,TK91,TK92,TK93	SNV			4	0
ENSG00000211661	IGLV3-22	GroupA_exclusive	TK16,TK91,TK92,TK93	SNV			4	0
ENSG00000211659	IGLV3-25	GroupA_exclusive	TK16,TK91,TK92,TK93	INDEL,SNV			4	0
ENSG00000080854	IGSF9B	GroupA_exclusive	TK10,TK16,TK91,TK93	SNV			4	0
ENSG00000232420	IL9RP2	GroupA_exclusive	TK16,TK91,TK92,TK93	SNV			4	0
ENSG00000237206	IMPDH1P4	GroupA_exclusive	TK10,TK18,TK92,TK93	SNV			4	0
ENSG00000213513	IMPDH1P5	GroupA_exclusive	TK10,TK91,TK92,TK93	SNV			4	0
ENSG00000271646	IRF2-DT	GroupA_exclusive	TK16,TK91,TK92,TK93	INDEL,SNV			4	0
ENSG00000259663	ISL1-DT	GroupA_exclusive	TK10,TK91,TK92,TK93	INDEL,SNV			4	0
ENSG00000164171	ITGA2	GroupA_exclusive	TK10,TK91,TK92,TK93	INDEL,SNV			4	0
ENSG00000171223	JUNB	GroupA_exclusive	TK10,TK16,TK91,TK93	INDEL,SNV			4	0
ENSG00000160145	KALRN	GroupA_exclusive	TK10,TK91,TK92,TK93	SNV			4	0
ENSG00000136504	KAT7	GroupA_exclusive	TK16,TK91,TK92,TK93	INDEL,SNV			4	0
ENSG00000131398	KCNC3	GroupA_exclusive	TK10,TK91,TK92,TK93	INDEL,SNV			4	0
ENSG00000233996	KDM3AP1	GroupA_exclusive	TK10,TK91,TK92,TK93	SNV			4	0
ENSG00000250686	KHDRBS2-OT1	GroupA_exclusive	TK10,TK91,TK92,TK93	INDEL,SNV			4	0
ENSG00000197077	KIAA1671	GroupA_exclusive	TK10,TK91,TK92,TK93	INDEL,SNV			4	0
ENSG00000066735	KIF26A	GroupA_exclusive	TK10,TK91,TK92,TK93	SNV			4	0
ENSG00000257271	KIRREL3-AS1	GroupA_exclusive	TK10,TK91,TK92,TK93	SNV			4	0
ENSG00000136826	KLF4	GroupA_exclusive	TK10,TK91,TK92,TK93	SNV			4	0
ENSG00000230572	KMT2CP5	GroupA_exclusive	TK10,TK91,TK92,TK93	SNV			4	0
ENSG00000115919	KYNU	GroupA_exclusive	TK10,TK91,TK92,TK93	INDEL,SNV			4	0
ENSG00000234281	LANCL1-AS1	GroupA_exclusive	TK10,TK91,TK92,TK93	INDEL,SNV			4	0
ENSG00000229869	LARP4B-DT	GroupA_exclusive	TK10,TK91,TK92,TK93	INDEL,SNV			4	0
ENSG00000204001	LCN8	GroupA_exclusive	TK10,TK91,TK92,TK93	INDEL,SNV			4	0
ENSG00000179241	LDLRAD3	GroupA_exclusive	TK10,TK91,TK92,TK93	SNV			4	0
ENSG00000168675	LDLRAD4	GroupA_exclusive	TK10,TK91,TK92,TK93	INDEL,SNV			4	0
ENSG00000267690	LDLRAD4-AS1	GroupA_exclusive	TK10,TK91,TK92,TK93	INDEL,SNV			4	0
ENSG00000116977	LGALS8	GroupA_exclusive	TK18,TK91,TK92,TK93	SNV			4	0
ENSG00000183722	LHFPL6	GroupA_exclusive	TK10,TK91,TK92,TK93	INDEL,SNV			4	0
ENSG00000064042	LIMCH1	GroupA_exclusive	TK10,TK91,TK92,TK93	INDEL,SNV			4	0
ENSG00000131914	LIN28A	GroupA_exclusive	TK10,TK91,TK92,TK93	SNV			4	0
ENSG00000230323	LINC00159	GroupA_exclusive	TK18,TK91,TK92,TK93	INDEL,SNV			4	0
ENSG00000236790	LINC00299	GroupA_exclusive	TK16,TK91,TK92,TK93	SNV			4	0
ENSG00000184856	LINC00308	GroupA_exclusive	TK18,TK91,TK92,TK93	INDEL,SNV			4	0
ENSG00000226620	LINC00343	GroupA_exclusive	TK10,TK91,TK92,TK93	SNV			4	0
ENSG00000225316	LINC00350	GroupA_exclusive	TK10,TK91,TK92,TK93	INDEL,SNV			4	0
ENSG00000231019	LINC00373	GroupA_exclusive	TK10,TK18,TK91,TK92	SNV			4	0
ENSG00000281392	LINC00506	GroupA_exclusive	TK10,TK91,TK92,TK93	SNV			4	0
ENSG00000215483	LINC00598	GroupA_exclusive	TK10,TK91,TK92,TK93	SNV			4	0
ENSG00000262619	LINC00621	GroupA_exclusive	TK10,TK91,TK92,TK93	SNV			4	0
ENSG00000258479	LINC00640	GroupA_exclusive	TK10,TK18,TK92,TK93	SNV			4	0
ENSG00000179935	LINC00652	GroupA_exclusive	TK16,TK18,TK91,TK93	SNV			4	0
ENSG00000254934	LINC00678	GroupA_exclusive	TK10,TK91,TK92,TK93	SNV			4	0
ENSG00000215190	LINC00680	GroupA_exclusive	TK16,TK91,TK92,TK93	SNV			4	0
ENSG00000224805	LINC00853	GroupA_exclusive	TK10,TK91,TK92,TK93	INDEL,SNV			4	0
ENSG00000203721	LINC00862	GroupA_exclusive	TK10,TK91,TK92,TK93	INDEL,SNV			4	0
ENSG00000259361	LINC00927	GroupA_exclusive	TK10,TK91,TK92,TK93	INDEL,SNV			4	0
ENSG00000254300	LINC01111	GroupA_exclusive	TK18,TK91,TK92,TK93	INDEL,SNV			4	0
ENSG00000228659	LINC01201	GroupA_exclusive	TK18,TK91,TK92,TK93	INDEL,SNV			4	0
ENSG00000234840	LINC01239	GroupA_exclusive	TK10,TK91,TK92,TK93	INDEL,SNV			4	0
ENSG00000230317	LINC01284	GroupA_exclusive	TK10,TK91,TK92,TK93	SNV			4	0
ENSG00000260468	LINC01290	GroupA_exclusive	TK10,TK91,TK92,TK93	INDEL,SNV			4	0
ENSG00000248555	LINC01339	GroupA_exclusive	TK18,TK91,TK92,TK93	SNV			4	0
ENSG00000250331	LINC01340	GroupA_exclusive	TK10,TK91,TK92,TK93	INDEL,SNV			4	0
ENSG00000231808	LINC01388	GroupA_exclusive	TK16,TK91,TK92,TK93	INDEL,SNV			4	0
ENSG00000258673	LINC01397	GroupA_exclusive	TK10,TK16,TK18,TK93	SNV			4	0
ENSG00000264301	LINC01444	GroupA_exclusive	TK18,TK91,TK92,TK93	SNV			4	0
ENSG00000205334	LINC01460	GroupA_exclusive	TK10,TK16,TK18,TK92	SNV			4	0
ENSG00000255772	LINC01479	GroupA_exclusive	TK10,TK91,TK92,TK93	SNV			4	0
ENSG00000258583	LINC01500	GroupA_exclusive	TK10,TK91,TK92,TK93	SNV			4	0
ENSG00000186960	LINC01551	GroupA_exclusive	TK10,TK91,TK92,TK93	INDEL,SNV			4	0
ENSG00000205611	LINC01597	GroupA_exclusive	TK10,TK91,TK92,TK93	SNV			4	0
ENSG00000253479	LINC01603	GroupA_exclusive	TK10,TK91,TK92,TK93	INDEL,SNV			4	0
ENSG00000250266	LINC01612	GroupA_exclusive	TK10,TK91,TK92,TK93	SNV			4	0
ENSG00000227115	LINC01630	GroupA_exclusive	TK18,TK91,TK92,TK93	SNV			4	0
ENSG00000280081	LINC01667	GroupA_exclusive	TK10,TK91,TK92,TK93	INDEL,SNV			4	0
ENSG00000234142	LINC01675	GroupA_exclusive	TK10,TK91,TK92,TK93	INDEL,SNV			4	0
ENSG00000224857	LINC01691	GroupA_exclusive	TK10,TK91,TK92,TK93	INDEL,SNV			4	0
ENSG00000233922	LINC01694	GroupA_exclusive	TK10,TK91,TK92,TK93	INDEL,SNV			4	0
ENSG00000225657	LINC01716	GroupA_exclusive	TK18,TK91,TK92,TK93	INDEL,SNV			4	0
ENSG00000232812	LINC01717	GroupA_exclusive	TK10,TK91,TK92,TK93	SNV			4	0
ENSG00000233048	LINC01722	GroupA_exclusive	TK16,TK91,TK92,TK93	SNV			4	0
ENSG00000234265	LINC01723	GroupA_exclusive	TK16,TK91,TK92,TK93	INDEL,SNV			4	0
ENSG00000230523	LINC01756	GroupA_exclusive	TK10,TK91,TK92,TK93	INDEL,SNV			4	0
ENSG00000231826	LINC01819	GroupA_exclusive	TK10,TK16,TK91,TK92	SNV			4	0
ENSG00000204460	LINC01854	GroupA_exclusive	TK10,TK91,TK92,TK93	SNV			4	0
ENSG00000267522	LINC01864	GroupA_exclusive	TK10,TK16,TK91,TK92	INDEL,SNV			4	0
ENSG00000224095	LINC01935	GroupA_exclusive	TK16,TK91,TK92,TK93	SNV			4	0
ENSG00000234148	LINC01961	GroupA_exclusive	TK18,TK91,TK92,TK93	SNV			4	0
ENSG00000260840	LINC01964	GroupA_exclusive	TK16,TK91,TK92,TK93	SNV			4	0
ENSG00000231574	LINC02015	GroupA_exclusive	TK10,TK91,TK92,TK93	SNV			4	0
ENSG00000240893	LINC02042	GroupA_exclusive	TK10,TK91,TK92,TK93	SNV			4	0
ENSG00000242781	LINC02050	GroupA_exclusive	TK16,TK18,TK92,TK93	INDEL,SNV			4	0
ENSG00000241696	LINC02053	GroupA_exclusive	TK18,TK91,TK92,TK93	INDEL,SNV			4	0
ENSG00000250156	LINC02060	GroupA_exclusive	TK10,TK91,TK92,TK93	SNV			4	0
ENSG00000248846	LINC02065	GroupA_exclusive	TK18,TK91,TK92,TK93	SNV			4	0
ENSG00000248539	LINC02117	GroupA_exclusive	TK18,TK91,TK92,TK93	SNV			4	0
ENSG00000261231	LINC02133	GroupA_exclusive	TK16,TK91,TK92,TK93	SNV			4	0
ENSG00000248457	LINC02220	GroupA_exclusive	TK10,TK91,TK92,TK93	SNV			4	0
ENSG00000249203	LINC02224	GroupA_exclusive	TK10,TK91,TK92,TK93	SNV			4	0
ENSG00000276778	LINC02227	GroupA_exclusive	TK10,TK91,TK92,TK93	SNV			4	0
ENSG00000259590	LINC02244	GroupA_exclusive	TK10,TK91,TK92,TK93	SNV			4	0
ENSG00000250708	LINC02269	GroupA_exclusive	TK10,TK91,TK92,TK93	SNV			4	0
ENSG00000246548	LINC02288	GroupA_exclusive	TK18,TK91,TK92,TK93	SNV			4	0
ENSG00000258502	LINC02290	GroupA_exclusive	TK10,TK91,TK92,TK93	SNV			4	0
ENSG00000258175	LINC02300	GroupA_exclusive	TK10,TK91,TK92,TK93	SNV			4	0
ENSG00000257986	LINC02306	GroupA_exclusive	TK10,TK91,TK92,TK93	SNV			4	0
ENSG00000258994	LINC02309	GroupA_exclusive	TK10,TK16,TK91,TK93	SNV			4	0
ENSG00000277987	LINC02351	GroupA_exclusive	TK10,TK91,TK92,TK93	SNV			4	0
ENSG00000248300	LINC02360	GroupA_exclusive	TK10,TK91,TK92,TK93	SNV			4	0
ENSG00000256287	LINC02398	GroupA_exclusive	TK18,TK91,TK92,TK93	INDEL,SNV			4	0
ENSG00000257677	LINC02464	GroupA_exclusive	TK10,TK16,TK91,TK93	INDEL,SNV			4	0
ENSG00000226497	LINC02549	GroupA_exclusive	TK10,TK91,TK92,TK93	INDEL,SNV			4	0
ENSG00000236611	LINC02556	GroupA_exclusive	TK10,TK91,TK92,TK93	SNV			4	0
ENSG00000256166	LINC02571	GroupA_exclusive	TK18,TK91,TK92,TK93	INDEL,SNV			4	0
ENSG00000255666	LINC02700	GroupA_exclusive	TK10,TK91,TK92,TK93	SNV			4	0
ENSG00000237937	LINC02702	GroupA_exclusive	TK18,TK91,TK92,TK93	SNV			4	0
ENSG00000205106	LINC02716	GroupA_exclusive	TK10,TK91,TK92,TK93	SNV			4	0
ENSG00000254416	LINC02732	GroupA_exclusive	TK16,TK91,TK92,TK93	SNV			4	0
ENSG00000255382	LINC02734	GroupA_exclusive	TK18,TK91,TK92,TK93	SNV			4	0
ENSG00000236975	LINC02814	GroupA_exclusive	TK10,TK16,TK91,TK93	SNV			4	0
ENSG00000205086	LINC02898	GroupA_exclusive	TK10,TK18,TK92,TK93	SNV			4	0
ENSG00000180539	LINC02908	GroupA_exclusive	TK16,TK91,TK92,TK93	SNV			4	0
ENSG00000176659	LINC02910	GroupA_exclusive	TK10,TK91,TK92,TK93	INDEL,SNV			4	0
ENSG00000230731	LINC02938	GroupA_exclusive	TK16,TK91,TK92,TK93	SNV			4	0
ENSG00000237074	LINC02942	GroupA_exclusive	TK10,TK91,TK92,TK93	INDEL,SNV			4	0
ENSG00000253182	LINC02948	GroupA_exclusive	TK18,TK91,TK92,TK93	SNV			4	0
ENSG00000256995	LINC02955	GroupA_exclusive	TK10,TK91,TK92,TK93	SNV			4	0
ENSG00000287750	LINC03026	GroupA_exclusive	TK10,TK18,TK91,TK92	INDEL,SNV			4	0
ENSG00000240032	LNCSRLR	GroupA_exclusive	TK10,TK91,TK92,TK93	INDEL,SNV			4	0
ENSG00000198121	LPAR1	GroupA_exclusive	TK18,TK91,TK92,TK93	SNV			4	0
ENSG00000147145	LPAR4	GroupA_exclusive	TK10,TK16,TK91,TK92	INDEL,SNV			4	0
ENSG00000145012	LPP	GroupA_exclusive	TK16,TK91,TK92,TK93	INDEL,SNV			4	0
ENSG00000121207	LRAT	GroupA_exclusive	TK10,TK91,TK92,TK93	SNV			4	0
ENSG00000168904	LRRC28	GroupA_exclusive	TK10,TK91,TK92,TK93	SNV			4	0
ENSG00000179796	LRRC3B	GroupA_exclusive	TK10,TK91,TK92,TK93	SNV			4	0
ENSG00000033122	LRRC7	GroupA_exclusive	TK18,TK91,TK92,TK93	SNV			4	0
ENSG00000131951	LRRC9	GroupA_exclusive	TK10,TK16,TK91,TK92	INDEL,SNV			4	0
ENSG00000146006	LRRTM2	GroupA_exclusive	TK16,TK91,TK92,TK93	INDEL,SNV			4	0
ENSG00000240922	LSAMP-AS1	GroupA_exclusive	TK18,TK91,TK92,TK93	SNV			4	0
ENSG00000187123	LYPD6	GroupA_exclusive	TK18,TK91,TK92,TK93	INDEL,SNV			4	0
ENSG00000140280	LYSMD2	GroupA_exclusive	TK10,TK91,TK92,TK93	SNV			4	0
ENSG00000204103	MAFB	GroupA_exclusive	TK10,TK91,TK92,TK93	INDEL,SNV			4	0
ENSG00000240175	MAGI1-AS1	GroupA_exclusive	TK10,TK91,TK92,TK93	INDEL,SNV			4	0
ENSG00000147676	MAL2	GroupA_exclusive	TK10,TK91,TK92,TK93	INDEL,SNV			4	0
ENSG00000172175	MALT1	GroupA_exclusive	TK16,TK91,TK92,TK93	SNV			4	0
ENSG00000141639	MAPK4	GroupA_exclusive	TK10,TK91,TK92,TK93	SNV			4	0
ENSG00000206144	MAPK6P1	GroupA_exclusive	TK10,TK91,TK92,TK93	INDEL,SNV			4	0
ENSG00000254185	MAPK6P5	GroupA_exclusive	TK18,TK91,TK92,TK93	SNV			4	0
ENSG00000089022	MAPKAPK5	GroupA_exclusive	TK10,TK18,TK91,TK92	SNV			4	0
ENSG00000205500	MAPRE3-AS1	GroupA_exclusive	TK10,TK91,TK92,TK93	INDEL,SNV			4	0
ENSG00000012174	MBTPS2	GroupA_exclusive	TK10,TK18,TK92,TK93	SNV			4	0
ENSG00000204511	MCCD1	GroupA_exclusive	TK18,TK91,TK92,TK93	SNV			4	0
ENSG00000101977	MCF2	GroupA_exclusive	TK16,TK91,TK92,TK93	INDEL,SNV			4	0
ENSG00000139780	METTL21C	GroupA_exclusive	TK18,TK91,TK92,TK93	SNV			4	0
ENSG00000250878	METTL21EP	GroupA_exclusive	TK16,TK18,TK92,TK93	SNV			4	0
ENSG00000138111	MFSD13A	GroupA_exclusive	TK16,TK18,TK92,TK93	SNV			4	0
ENSG00000085871	MGST2	GroupA_exclusive	TK10,TK91,TK92,TK93	INDEL,SNV			4	0
ENSG00000253522	MIR3142HG	GroupA_exclusive	TK18,TK91,TK92,TK93	INDEL,SNV			4	0
ENSG00000260653	MIR3147HG	GroupA_exclusive	TK10,TK91,TK92,TK93	SNV			4	0
ENSG00000283798	MIR630	GroupA_exclusive	TK10,TK91,TK92,TK93	INDEL			4	0
ENSG00000275360	MIR6868	GroupA_exclusive	TK18,TK91,TK92,TK93	SNV			4	0
ENSG00000277402	MIR6891	GroupA_exclusive	TK18,TK91,TK92,TK93	SNV			4	0
ENSG00000254912	MPHOSPH10P2	GroupA_exclusive	TK18,TK91,TK92,TK93	INDEL,SNV			4	0
ENSG00000225442	MPRIP-AS1	GroupA_exclusive	TK16,TK91,TK92,TK93	INDEL,SNV			4	0
ENSG00000169288	MRPL1	GroupA_exclusive	TK16,TK91,TK92,TK93	SNV			4	0
ENSG00000182154	MRPL41	GroupA_exclusive	TK10,TK16,TK18,TK91	SNV			4	0
ENSG00000251141	MRPS30-DT	GroupA_exclusive	TK10,TK91,TK92,TK93	SNV			4	0
ENSG00000250748	MSRB3-AS1	GroupA_exclusive	TK10,TK91,TK92,TK93	SNV			4	0
ENSG00000169715	MT1E	GroupA_exclusive	TK10,TK16,TK92,TK93	SNV			4	0
ENSG00000254090	MTND2P32	GroupA_exclusive	TK16,TK91,TK92,TK93	INDEL,SNV			4	0
ENSG00000225796	MTND4P23	GroupA_exclusive	TK16,TK18,TK91,TK93	SNV			4	0
ENSG00000168631	MUCL3	GroupA_exclusive	TK18,TK91,TK92,TK93	SNV			4	0
ENSG00000196586	MYO6	GroupA_exclusive	TK10,TK91,TK92,TK93	INDEL,SNV			4	0
ENSG00000277628	Metazoa_SRP	GroupA_exclusive	TK18,TK91,TK92,TK93	INDEL,SNV			4	0
ENSG00000248477	NAIPP3	GroupA_exclusive	TK10,TK91,TK92,TK93	INDEL,SNV			4	0
ENSG00000233009	NALCN-AS1	GroupA_exclusive	TK18,TK91,TK92,TK93	INDEL,SNV			4	0
ENSG00000144035	NAT8	GroupA_exclusive	TK18,TK91,TK92,TK93	SNV			4	0
ENSG00000258590	NBEAP1	GroupA_exclusive	TK16,TK91,TK92,TK93	SNV			4	0
ENSG00000227487	NCAM1-AS1	GroupA_exclusive	TK18,TK91,TK92,TK93	SNV			4	0
ENSG00000198646	NCOA6	GroupA_exclusive	TK10,TK91,TK92,TK93	SNV			4	0
ENSG00000186010	NDUFA13	GroupA_exclusive	TK10,TK16,TK92,TK93	SNV			4	0
ENSG00000253454	NDUFA5P2	GroupA_exclusive	TK10,TK91,TK92,TK93	SNV			4	0
ENSG00000143217	NECTIN4	GroupA_exclusive	TK10,TK16,TK91,TK92	INDEL,SNV			4	0
ENSG00000172367	NHERF4	GroupA_exclusive	TK10,TK16,TK91,TK93	SNV			4	0
ENSG00000165246	NLGN4Y	GroupA_exclusive	TK10,TK91,TK92,TK93	SNV			4	0
ENSG00000204393	NOL4L-DT	GroupA_exclusive	TK10,TK91,TK92,TK93	SNV			4	0
ENSG00000219085	NPM1P37	GroupA_exclusive	TK16,TK91,TK92,TK93	SNV			4	0
ENSG00000131408	NR1H2	GroupA_exclusive	TK10,TK91,TK92,TK93	INDEL,SNV			4	0
ENSG00000233725	NRAD1	GroupA_exclusive	TK18,TK91,TK92,TK93	SNV			4	0
ENSG00000270427	NRBF2P5	GroupA_exclusive	TK10,TK16,TK91,TK93	SNV			4	0
ENSG00000250095	NREP-AS1	GroupA_exclusive	TK18,TK91,TK92,TK93	INDEL,SNV			4	0
ENSG00000157168	NRG1	GroupA_exclusive	TK10,TK91,TK92,TK93	INDEL,SNV			4	0
ENSG00000235613	NSRP1P1	GroupA_exclusive	TK10,TK91,TK92,TK93	INDEL,SNV			4	0
ENSG00000151413	NUBPL	GroupA_exclusive	TK10,TK91,TK92,TK93	SNV			4	0
ENSG00000126883	NUP214	GroupA_exclusive	TK10,TK91,TK92,TK93	INDEL,SNV			4	0
ENSG00000234685	NUS1P2	GroupA_exclusive	TK10,TK91,TK92,TK93	SNV			4	0
ENSG00000089127	OAS1	GroupA_exclusive	TK10,TK91,TK92,TK93	SNV			4	0
ENSG00000177947	ODF3	GroupA_exclusive	TK16,TK91,TK92,TK93	INDEL,SNV			4	0
ENSG00000224295	OLFM5P	GroupA_exclusive	TK10,TK91,TK92,TK93	SNV			4	0
ENSG00000188712	OR13D3P	GroupA_exclusive	TK18,TK91,TK92,TK93	SNV			4	0
ENSG00000177275	OR2AJ1	GroupA_exclusive	TK10,TK91,TK92,TK93	SNV			4	0
ENSG00000238243	OR2W3	GroupA_exclusive	TK10,TK91,TK92,TK93	SNV			4	0
ENSG00000141194	OR4D1	GroupA_exclusive	TK10,TK91,TK92,TK93	SNV			4	0
ENSG00000279012	OR51B2	GroupA_exclusive	TK10,TK91,TK92,TK93	SNV			4	0
ENSG00000238228	OR7E7P	GroupA_exclusive	TK16,TK18,TK91,TK93	SNV			4	0
ENSG00000226801	OSTCP8	GroupA_exclusive	TK10,TK91,TK92,TK93	SNV			4	0
ENSG00000290866	OTOAP1	GroupA_exclusive	TK16,TK91,TK92,TK93	SNV			4	0
ENSG00000070756	PABPC1	GroupA_exclusive	TK10,TK91,TK92,TK93	SNV			4	0
ENSG00000231707	PABPC1P1	GroupA_exclusive	TK10,TK91,TK92,TK93	SNV			4	0
ENSG00000213018	PABPN1P1	GroupA_exclusive	TK10,TK91,TK92,TK93	SNV			4	0
ENSG00000255875	PABPN1P2	GroupA_exclusive	TK18,TK91,TK92,TK93	SNV			4	0
ENSG00000223973	PAFAH1B1P2	GroupA_exclusive	TK16,TK91,TK92,TK93	SNV			4	0
ENSG00000231806	PCAT7	GroupA_exclusive	TK10,TK18,TK91,TK92	INDEL,SNV			4	0
ENSG00000138650	PCDH10	GroupA_exclusive	TK10,TK91,TK92,TK93	INDEL,SNV			4	0
ENSG00000113211	PCDHB6	GroupA_exclusive	TK10,TK18,TK91,TK92	SNV			4	0
ENSG00000242419	PCDHGC4	GroupA_exclusive	TK18,TK91,TK92,TK93	SNV			4	0
ENSG00000248925	PDCD6-DT	GroupA_exclusive	TK18,TK91,TK92,TK93	INDEL,SNV			4	0
ENSG00000113231	PDE8B	GroupA_exclusive	TK10,TK91,TK92,TK93	SNV			4	0
ENSG00000145431	PDGFC	GroupA_exclusive	TK10,TK91,TK92,TK93	INDEL,SNV			4	0
ENSG00000233896	PDYN-AS1	GroupA_exclusive	TK10,TK91,TK92,TK93	SNV			4	0
ENSG00000242791	PFN2-AS1	GroupA_exclusive	TK16,TK91,TK92,TK93	SNV			4	0
ENSG00000220515	PGAM1P10	GroupA_exclusive	TK16,TK91,TK92,TK93	SNV			4	0
ENSG00000154330	PGM5	GroupA_exclusive	TK18,TK91,TK92,TK93	SNV			4	0
ENSG00000282728	PGR-AS1	GroupA_exclusive	TK10,TK91,TK92,TK93	INDEL,SNV			4	0
ENSG00000231944	PHKA1-AS1	GroupA_exclusive	TK10,TK91,TK92,TK93	SNV			4	0
ENSG00000285122	PIGY-DT	GroupA_exclusive	TK10,TK91,TK92,TK93	INDEL,SNV			4	0
ENSG00000226261	PIMREGP1	GroupA_exclusive	TK16,TK91,TK92,TK93	SNV			4	0
ENSG00000136275	PKD1L1-AS1	GroupA_exclusive	TK10,TK91,TK92,TK93	SNV			4	0
ENSG00000261419	PLA2G10DP	GroupA_exclusive	TK18,TK91,TK92,TK93	SNV			4	0
ENSG00000182621	PLCB1	GroupA_exclusive	TK10,TK91,TK92,TK93	SNV			4	0
ENSG00000240891	PLCXD2	GroupA_exclusive	TK10,TK91,TK92,TK93	INDEL,SNV			4	0
ENSG00000152952	PLOD2	GroupA_exclusive	TK10,TK91,TK92,TK93	SNV			4	0
ENSG00000070501	POLB	GroupA_exclusive	TK10,TK91,TK92,TK93	INDEL,SNV			4	0
ENSG00000121577	POPDC2	GroupA_exclusive	TK16,TK91,TK92,TK93	INDEL,SNV			4	0
ENSG00000259436	POU2F2-AS2	GroupA_exclusive	TK10,TK16,TK91,TK92	INDEL,SNV			4	0
ENSG00000237872	POU5F1P4	GroupA_exclusive	TK10,TK91,TK92,TK93	SNV			4	0
ENSG00000236197	PPP1R9A-AS1	GroupA_exclusive	TK18,TK91,TK92,TK93	INDEL,SNV			4	0
ENSG00000283453	PRIM2BP	GroupA_exclusive	TK10,TK91,TK92,TK93	SNV			4	0
ENSG00000154229	PRKCA	GroupA_exclusive	TK10,TK91,TK92,TK93	INDEL,SNV			4	0
ENSG00000264630	PRKCA-AS1	GroupA_exclusive	TK10,TK91,TK92,TK93	INDEL,SNV			4	0
ENSG00000185532	PRKG1	GroupA_exclusive	TK16,TK91,TK92,TK93	INDEL,SNV			4	0
ENSG00000169618	PROKR1	GroupA_exclusive	TK16,TK91,TK92,TK93	SNV			4	0
ENSG00000117707	PROX1	GroupA_exclusive	TK10,TK91,TK92,TK93	SNV			4	0
ENSG00000230787	PSAT1P3	GroupA_exclusive	TK10,TK91,TK92,TK93	INDEL,SNV			4	0
ENSG00000261404	PSMD7-DT	GroupA_exclusive	TK16,TK91,TK92,TK93	SNV			4	0
ENSG00000204538	PSORS1C2	GroupA_exclusive	TK10,TK91,TK92,TK93	SNV			4	0
ENSG00000250031	PTPN11P2	GroupA_exclusive	TK10,TK91,TK92,TK93	INDEL,SNV			4	0
ENSG00000250332	PTPN11P4	GroupA_exclusive	TK10,TK91,TK92,TK93	SNV			4	0
ENSG00000172733	PURG	GroupA_exclusive	TK10,TK16,TK92,TK93	SNV			4	0
ENSG00000171016	PYGO1	GroupA_exclusive	TK10,TK91,TK92,TK93	INDEL,SNV			4	0
ENSG00000152932	RAB3C	GroupA_exclusive	TK10,TK91,TK92,TK93	INDEL,SNV			4	0
ENSG00000237328	RAI1-AS1	GroupA_exclusive	TK10,TK91,TK92,TK93	INDEL,SNV			4	0
ENSG00000131831	RAI2	GroupA_exclusive	TK10,TK91,TK92,TK93	INDEL,SNV			4	0
ENSG00000078328	RBFOX1	GroupA_exclusive	TK10,TK91,TK92,TK93	INDEL,SNV			4	0
ENSG00000203867	RBM20	GroupA_exclusive	TK10,TK91,TK92,TK93	SNV			4	0
ENSG00000227087	RBMX2P5	GroupA_exclusive	TK10,TK91,TK92,TK93	INDEL,SNV			4	0
ENSG00000249465	RBMXP4	GroupA_exclusive	TK16,TK18,TK92,TK93	SNV			4	0
ENSG00000236535	RC3H1-IT1	GroupA_exclusive	TK10,TK91,TK92,TK93	INDEL,SNV			4	0
ENSG00000286061	RCAN3AS	GroupA_exclusive	TK16,TK91,TK92,TK93	INDEL,SNV			4	0
ENSG00000266504	RDM1P1	GroupA_exclusive	TK10,TK91,TK92,TK93	INDEL,SNV			4	0
ENSG00000163515	RETNLB	GroupA_exclusive	TK10,TK18,TK91,TK93	SNV			4	0
ENSG00000258545	RHOXF1-AS1	GroupA_exclusive	TK10,TK91,TK92,TK93	SNV			4	0
ENSG00000166405	RIC3	GroupA_exclusive	TK10,TK16,TK91,TK93	INDEL,SNV			4	0
ENSG00000189089	RIMKLBP1	GroupA_exclusive	TK16,TK91,TK92,TK93	SNV			4	0
ENSG00000101782	RIOK3	GroupA_exclusive	TK10,TK91,TK92,TK93	SNV			4	0
ENSG00000171136	RLN3	GroupA_exclusive	TK16,TK91,TK92,TK93	INDEL,SNV			4	0
ENSG00000223305	RN7SKP30	GroupA_exclusive	TK10,TK91,TK92,TK93	SNV			4	0
ENSG00000201428	RN7SKP71	GroupA_exclusive	TK10,TK91,TK92,TK93	SNV			4	0
ENSG00000199883	RN7SKP90	GroupA_exclusive	TK16,TK91,TK92,TK93	INDEL,SNV			4	0
ENSG00000278590	RN7SL113P	GroupA_exclusive	TK10,TK91,TK92,TK93	SNV			4	0
ENSG00000244357	RN7SL145P	GroupA_exclusive	TK18,TK91,TK92,TK93	SNV			4	0
ENSG00000265386	RN7SL219P	GroupA_exclusive	TK10,TK16,TK91,TK93	SNV			4	0
ENSG00000241869	RN7SL363P	GroupA_exclusive	TK18,TK91,TK92,TK93	SNV			4	0
ENSG00000241333	RN7SL385P	GroupA_exclusive	TK10,TK16,TK92,TK93	SNV			4	0
ENSG00000265727	RN7SL648P	GroupA_exclusive	TK10,TK91,TK92,TK93	SNV			4	0
ENSG00000263432	RN7SL689P	GroupA_exclusive	TK10,TK91,TK92,TK93	SNV			4	0
ENSG00000264554	RN7SL793P	GroupA_exclusive	TK18,TK91,TK92,TK93	SNV			4	0
ENSG00000125352	RNF113A	GroupA_exclusive	TK16,TK18,TK92,TK93	INDEL,SNV			4	0
ENSG00000269855	RNF225	GroupA_exclusive	TK16,TK18,TK92,TK93	SNV			4	0
ENSG00000239122	RNU2-11P	GroupA_exclusive	TK10,TK16,TK91,TK92	SNV			4	0
ENSG00000222501	RNU4-25P	GroupA_exclusive	TK10,TK18,TK92,TK93	SNV			4	0
ENSG00000200169	RNU5D-1	GroupA_exclusive	TK16,TK91,TK92,TK93	INDEL,SNV			4	0
ENSG00000207267	RNU6-1081P	GroupA_exclusive	TK16,TK91,TK92,TK93	SNV			4	0
ENSG00000252026	RNU6-1262P	GroupA_exclusive	TK18,TK91,TK92,TK93	INDEL,SNV			4	0
ENSG00000206778	RNU6-213P	GroupA_exclusive	TK18,TK91,TK92,TK93	SNV			4	0
ENSG00000200759	RNU6-884P	GroupA_exclusive	TK18,TK91,TK92,TK93	SNV			4	0
ENSG00000253437	RNU6-988P	GroupA_exclusive	TK18,TK91,TK92,TK93	SNV			4	0
ENSG00000221562	RNU6ATAC10P	GroupA_exclusive	TK10,TK91,TK92,TK93	SNV			4	0
ENSG00000238923	RNU7-1	GroupA_exclusive	TK10,TK91,TK92,TK93	SNV			4	0
ENSG00000274210	RNVU1-27	GroupA_exclusive	TK18,TK91,TK92,TK93	SNV			4	0
ENSG00000242353	RPL12P30	GroupA_exclusive	TK10,TK91,TK92,TK93	INDEL,SNV			4	0
ENSG00000216316	RPL13AP15	GroupA_exclusive	TK10,TK91,TK92,TK93	SNV			4	0
ENSG00000229677	RPL17P28	GroupA_exclusive	TK18,TK91,TK92,TK93	SNV			4	0
ENSG00000225043	RPL18AP2	GroupA_exclusive	TK10,TK91,TK92,TK93	SNV			4	0
ENSG00000224019	RPL21P32	GroupA_exclusive	TK18,TK91,TK92,TK93	SNV			4	0
ENSG00000229503	RPL21P37	GroupA_exclusive	TK10,TK91,TK92,TK93	INDEL,SNV			4	0
ENSG00000240828	RPL21P4	GroupA_exclusive	TK16,TK91,TK92,TK93	SNV			4	0
ENSG00000243094	RPL32P2	GroupA_exclusive	TK10,TK16,TK91,TK92	INDEL,SNV			4	0
ENSG00000239524	RPL32P34	GroupA_exclusive	TK10,TK91,TK92,TK93	SNV			4	0
ENSG00000239602	RPL35AP16	GroupA_exclusive	TK10,TK91,TK92,TK93	SNV			4	0
ENSG00000244398	RPL36AP37	GroupA_exclusive	TK16,TK91,TK92,TK93	SNV			4	0
ENSG00000228149	RPL3P1	GroupA_exclusive	TK10,TK91,TK92,TK93	INDEL,SNV			4	0
ENSG00000213891	RPL3P6	GroupA_exclusive	TK10,TK91,TK92,TK93	SNV			4	0
ENSG00000241061	RPL5P1	GroupA_exclusive	TK10,TK16,TK18,TK93	SNV			4	0
ENSG00000250475	RPL6P11	GroupA_exclusive	TK10,TK91,TK92,TK93	INDEL,SNV			4	0
ENSG00000234981	RPL7AP20	GroupA_exclusive	TK18,TK91,TK92,TK93	SNV			4	0
ENSG00000213152	RPL7AP60	GroupA_exclusive	TK18,TK91,TK92,TK93	SNV			4	0
ENSG00000243697	RPL7AP63	GroupA_exclusive	TK10,TK16,TK91,TK93	SNV			4	0
ENSG00000241458	RPL7P19	GroupA_exclusive	TK16,TK91,TK92,TK93	SNV			4	0
ENSG00000241641	RPS23P6	GroupA_exclusive	TK10,TK91,TK92,TK93	INDEL,SNV			4	0
ENSG00000227887	RPS26P13	GroupA_exclusive	TK10,TK91,TK92,TK93	SNV			4	0
ENSG00000232818	RPS2P32	GroupA_exclusive	TK16,TK91,TK92,TK93	SNV			4	0
ENSG00000219027	RPS3AP2	GroupA_exclusive	TK10,TK91,TK92,TK93	SNV			4	0
ENSG00000288920	RPSA2	GroupA_exclusive	TK18,TK91,TK92,TK93	INDEL,SNV			4	0
ENSG00000235145	RPSAP16	GroupA_exclusive	TK10,TK91,TK92,TK93	SNV			4	0
ENSG00000219773	RPSAP45	GroupA_exclusive	TK10,TK91,TK92,TK93	SNV			4	0
ENSG00000188856	RPSAP47	GroupA_exclusive	TK18,TK91,TK92,TK93	SNV			4	0
ENSG00000212747	RTL8B	GroupA_exclusive	TK10,TK18,TK91,TK92	SNV			4	0
ENSG00000260625	RUSF1-DT	GroupA_exclusive	TK16,TK91,TK92,TK93	INDEL,SNV			4	0
ENSG00000196754	S100A2	GroupA_exclusive	TK10,TK91,TK92,TK93	SNV			4	0
ENSG00000134339	SAA2	GroupA_exclusive	TK10,TK16,TK91,TK92	SNV			4	0
ENSG00000280620	SCAANT1	GroupA_exclusive	TK10,TK16,TK91,TK93	SNV			4	0
ENSG00000232795	SCAND3P1	GroupA_exclusive	TK10,TK91,TK92,TK93	INDEL,SNV			4	0
ENSG00000171951	SCG2	GroupA_exclusive	TK10,TK16,TK92,TK93	SNV			4	0
ENSG00000151967	SCHIP1	GroupA_exclusive	TK10,TK91,TK92,TK93	INDEL,SNV			4	0
ENSG00000166257	SCN3B	GroupA_exclusive	TK10,TK91,TK92,TK93	SNV			4	0
ENSG00000232801	SDCBPP3	GroupA_exclusive	TK10,TK91,TK92,TK93	INDEL,SNV			4	0
ENSG00000146555	SDK1	GroupA_exclusive	TK10,TK91,TK92,TK93	INDEL,SNV			4	0
ENSG00000249167	SEMA6A-AS2	GroupA_exclusive	TK16,TK91,TK92,TK93	INDEL,SNV			4	0
ENSG00000182722	SEPHS1P1	GroupA_exclusive	TK18,TK91,TK92,TK93	SNV			4	0
ENSG00000230568	SF3A3P1	GroupA_exclusive	TK10,TK91,TK92,TK93	INDEL,SNV			4	0
ENSG00000175793	SFN	GroupA_exclusive	TK16,TK91,TK92,TK93	INDEL,SNV			4	0
ENSG00000168484	SFTPC	GroupA_exclusive	TK18,TK91,TK92,TK93	SNV			4	0
ENSG00000164023	SGMS2	GroupA_exclusive	TK10,TK91,TK92,TK93	SNV			4	0
ENSG00000129946	SHC2	GroupA_exclusive	TK10,TK91,TK92,TK93	INDEL,SNV			4	0
ENSG00000237515	SHISA9	GroupA_exclusive	TK10,TK91,TK92,TK93	INDEL,SNV			4	0
ENSG00000146950	SHROOM2	GroupA_exclusive	TK10,TK91,TK92,TK93	SNV			4	0
ENSG00000162723	SLAMF9	GroupA_exclusive	TK10,TK91,TK92,TK93	SNV			4	0
ENSG00000145283	SLC10A6	GroupA_exclusive	TK10,TK16,TK91,TK92	SNV			4	0
ENSG00000112394	SLC16A10	GroupA_exclusive	TK16,TK91,TK92,TK93	SNV			4	0
ENSG00000147100	SLC16A2	GroupA_exclusive	TK10,TK91,TK92,TK93	SNV			4	0
ENSG00000188467	SLC24A5	GroupA_exclusive	TK10,TK91,TK92,TK93	SNV			4	0
ENSG00000213608	SLC25A14P1	GroupA_exclusive	TK16,TK91,TK92,TK93	SNV			4	0
ENSG00000145217	SLC26A1	GroupA_exclusive	TK10,TK16,TK91,TK92	SNV			4	0
ENSG00000224081	SLC44A3-AS1	GroupA_exclusive	TK10,TK91,TK92,TK93	INDEL,SNV			4	0
ENSG00000228983	SLC47A1P1	GroupA_exclusive	TK18,TK91,TK92,TK93	INDEL,SNV			4	0
ENSG00000225215	SMARCE1P1	GroupA_exclusive	TK10,TK91,TK92,TK93	SNV			4	0
ENSG00000255458	SMIM14-DT	GroupA_exclusive	TK10,TK91,TK92,TK93	INDEL,SNV			4	0
ENSG00000253457	SMIM18	GroupA_exclusive	TK16,TK91,TK92,TK93	INDEL,SNV			4	0
ENSG00000259120	SMIM6	GroupA_exclusive	TK18,TK91,TK92,TK93	SNV			4	0
ENSG00000145335	SNCA	GroupA_exclusive	TK16,TK91,TK92,TK93	INDEL,SNV			4	0
ENSG00000162804	SNED1	GroupA_exclusive	TK10,TK16,TK18,TK93	SNV			4	0
ENSG00000251676	SNHG27	GroupA_exclusive	TK10,TK91,TK92,TK93	SNV			4	0
ENSG00000266079	SNORA59B	GroupA_exclusive	TK18,TK91,TK92,TK93	INDEL,SNV			4	0
ENSG00000200237	SNORA70	GroupA_exclusive	TK16,TK91,TK92,TK93	SNV			4	0
ENSG00000212402	SNORA74B	GroupA_exclusive	TK16,TK91,TK92,TK93	SNV			4	0
ENSG00000147481	SNTG1	GroupA_exclusive	TK10,TK91,TK92,TK93	INDEL,SNV			4	0
ENSG00000086300	SNX10	GroupA_exclusive	TK10,TK91,TK92,TK93	INDEL,SNV			4	0
ENSG00000224185	SNX18P9	GroupA_exclusive	TK10,TK91,TK92,TK93	SNV			4	0
ENSG00000249858	SNX5P1	GroupA_exclusive	TK18,TK91,TK92,TK93	INDEL,SNV			4	0
ENSG00000171489	SPACA5	GroupA_exclusive	TK18,TK91,TK92,TK93	SNV			4	0
ENSG00000182310	SPACA6	GroupA_exclusive	TK10,TK91,TK92,TK93	INDEL,SNV			4	0
ENSG00000266537	SPDYE22P	GroupA_exclusive	TK18,TK91,TK92,TK93	INDEL,SNV			4	0
ENSG00000167642	SPINT2	GroupA_exclusive	TK10,TK91,TK92,TK93	INDEL,SNV			4	0
ENSG00000229336	SREK1IP1P1	GroupA_exclusive	TK10,TK91,TK92,TK93	SNV			4	0
ENSG00000235830	SRGAP3-AS4	GroupA_exclusive	TK10,TK91,TK92,TK93	INDEL,SNV			4	0
ENSG00000237911	SRP68P3	GroupA_exclusive	TK16,TK18,TK91,TK92	INDEL,SNV			4	0
ENSG00000165730	STOX1	GroupA_exclusive	TK18,TK91,TK92,TK93	INDEL,SNV			4	0
ENSG00000224597	SVIL-AS1	GroupA_exclusive	TK10,TK91,TK92,TK93	INDEL,SNV			4	0
ENSG00000233148	SYF2P2	GroupA_exclusive	TK18,TK91,TK92,TK93	SNV			4	0
ENSG00000078269	SYNJ2	GroupA_exclusive	TK10,TK91,TK92,TK93	SNV			4	0
ENSG00000241359	SYNPR-AS1	GroupA_exclusive	TK18,TK91,TK92,TK93	SNV			4	0
ENSG00000143028	SYPL2	GroupA_exclusive	TK10,TK16,TK18,TK93	SNV			4	0
ENSG00000283740	TAF11L11	GroupA_exclusive	TK10,TK91,TK92,TK93	SNV			4	0
ENSG00000267369	TAF5LP1	GroupA_exclusive	TK10,TK91,TK92,TK93	SNV			4	0
ENSG00000198673	TAFA2	GroupA_exclusive	TK10,TK16,TK91,TK93	SNV			4	0
ENSG00000144834	TAGLN3	GroupA_exclusive	TK10,TK16,TK92,TK93	INDEL,SNV			4	0
ENSG00000167202	TBC1D2B	GroupA_exclusive	TK16,TK18,TK92,TK93	SNV			4	0
ENSG00000274512	TBC1D3L	GroupA_exclusive	TK10,TK16,TK18,TK91	SNV			4	0
ENSG00000136535	TBR1	GroupA_exclusive	TK16,TK91,TK92,TK93	INDEL,SNV			4	0
ENSG00000184905	TCEAL2	GroupA_exclusive	TK10,TK16,TK92,TK93	INDEL,SNV			4	0
ENSG00000218336	TENM3	GroupA_exclusive	TK10,TK91,TK92,TK93	INDEL,SNV			4	0
ENSG00000225401	TGIF2P1	GroupA_exclusive	TK10,TK91,TK92,TK93	SNV			4	0
ENSG00000270739	THAP5P2	GroupA_exclusive	TK10,TK91,TK92,TK93	INDEL,SNV			4	0
ENSG00000228828	TLK2P2	GroupA_exclusive	TK10,TK91,TK92,TK93	SNV			4	0
ENSG00000186952	TMEM232	GroupA_exclusive	TK10,TK91,TK92,TK93	INDEL,SNV			4	0
ENSG00000169758	TMEM266	GroupA_exclusive	TK10,TK91,TK92,TK93	INDEL,SNV			4	0
ENSG00000138594	TMOD3	GroupA_exclusive	TK10,TK91,TK92,TK93	SNV			4	0
ENSG00000133687	TMTC1	GroupA_exclusive	TK10,TK18,TK92,TK93	INDEL,SNV			4	0
ENSG00000230662	TNPO1P2	GroupA_exclusive	TK10,TK91,TK92,TK93	SNV			4	0
ENSG00000090905	TNRC6A	GroupA_exclusive	TK10,TK91,TK92,TK93	INDEL,SNV			4	0
ENSG00000267156	TPMTP1	GroupA_exclusive	TK18,TK91,TK92,TK93	INDEL,SNV			4	0
ENSG00000253771	TPTE2P1	GroupA_exclusive	TK10,TK16,TK92,TK93	SNV			4	0
ENSG00000205822	TPTE2P6	GroupA_exclusive	TK10,TK91,TK92,TK93	INDEL,SNV			4	0
ENSG00000236475	TRIM26BP	GroupA_exclusive	TK18,TK91,TK92,TK93	SNV			4	0
ENSG00000162722	TRIM58	GroupA_exclusive	TK10,TK91,TK92,TK93	INDEL,SNV			4	0
ENSG00000156298	TSPAN7	GroupA_exclusive	TK18,TK91,TK92,TK93	INDEL,SNV			4	0
ENSG00000139865	TTC6	GroupA_exclusive	TK10,TK91,TK92,TK93	INDEL,SNV			4	0
ENSG00000233061	TTLL7-IT1	GroupA_exclusive	TK10,TK91,TK92,TK93	SNV			4	0
ENSG00000237298	TTN-AS1	GroupA_exclusive	TK10,TK91,TK92,TK93	INDEL,SNV			4	0
ENSG00000259751	TUBAP11	GroupA_exclusive	TK10,TK91,TK92,TK93	SNV			4	0
ENSG00000140830	TXNL4B	GroupA_exclusive	TK16,TK91,TK92,TK93	SNV			4	0
ENSG00000278374	U4	GroupA_exclusive	TK10,TK18,TK92,TK93	SNV			4	0
ENSG00000259788	UAP1-DT	GroupA_exclusive	TK16,TK18,TK91,TK92	INDEL,SNV			4	0
ENSG00000240793	UBA52P8	GroupA_exclusive	TK10,TK91,TK92,TK93	SNV			4	0
ENSG00000170035	UBE2E3	GroupA_exclusive	TK18,TK91,TK92,TK93	SNV			4	0
ENSG00000259538	UBE2Q2P11	GroupA_exclusive	TK10,TK16,TK92,TK93	SNV			4	0
ENSG00000251173	UCHL1-DT	GroupA_exclusive	TK18,TK91,TK92,TK93	SNV			4	0
ENSG00000197888	UGT2B17	GroupA_exclusive	TK10,TK16,TK18,TK92	INDEL,SNV			4	0
ENSG00000147854	UHRF2	GroupA_exclusive	TK10,TK91,TK92,TK93	SNV			4	0
ENSG00000254224	UQCRB-AS1	GroupA_exclusive	TK10,TK91,TK92,TK93	SNV			4	0
ENSG00000237679	VDAC1P11	GroupA_exclusive	TK18,TK91,TK92,TK93	SNV			4	0
ENSG00000268545	VN1R107P	GroupA_exclusive	TK10,TK91,TK92,TK93	INDEL,SNV			4	0
ENSG00000235974	VN2R19P	GroupA_exclusive	TK10,TK91,TK92,TK93	SNV			4	0
ENSG00000261002	VPS39-DT	GroupA_exclusive	TK18,TK91,TK92,TK93	INDEL,SNV			4	0
ENSG00000187135	VSTM2B	GroupA_exclusive	TK10,TK91,TK92,TK93	INDEL,SNV			4	0
ENSG00000213434	VTI1BP2	GroupA_exclusive	TK10,TK18,TK91,TK92	SNV			4	0
ENSG00000237001	WASF3-AS1	GroupA_exclusive	TK10,TK91,TK92,TK93	SNV			4	0
ENSG00000260389	WBP11P1	GroupA_exclusive	TK18,TK91,TK92,TK93	INDEL,SNV			4	0
ENSG00000241929	WDR70P1	GroupA_exclusive	TK18,TK91,TK92,TK93	INDEL,SNV			4	0
ENSG00000196632	WNK3	GroupA_exclusive	TK10,TK91,TK92,TK93	INDEL,SNV			4	0
ENSG00000143816	WNT9A	GroupA_exclusive	TK10,TK91,TK92,TK93	INDEL,SNV			4	0
ENSG00000075035	WSCD2	GroupA_exclusive	TK10,TK16,TK91,TK92	SNV			4	0
ENSG00000251128	WWC2-AS1	GroupA_exclusive	TK10,TK91,TK92,TK93	SNV			4	0
ENSG00000260969	WWOX-AS1	GroupA_exclusive	TK10,TK91,TK92,TK93	INDEL,SNV			4	0
ENSG00000175155	YPEL2	GroupA_exclusive	TK10,TK91,TK92,TK93	INDEL,SNV			4	0
ENSG00000215199	YWHAZP6	GroupA_exclusive	TK10,TK91,TK92,TK93	INDEL,SNV			4	0
ENSG00000199332	Y_RNA	GroupA_exclusive	TK10,TK91,TK92,TK93	SNV			4	0
ENSG00000200170	Y_RNA	GroupA_exclusive	TK10,TK16,TK92,TK93	INDEL,SNV			4	0
ENSG00000252919	Y_RNA	GroupA_exclusive	TK18,TK91,TK92,TK93	SNV			4	0
ENSG00000180610	ZBTB12BP	GroupA_exclusive	TK10,TK91,TK92,TK93	INDEL,SNV			4	0
ENSG00000242290	ZBTB20-AS5	GroupA_exclusive	TK18,TK91,TK92,TK93	INDEL,SNV			4	0
ENSG00000231208	ZBTB46-AS1	GroupA_exclusive	TK10,TK91,TK92,TK93	SNV			4	0
ENSG00000118491	ZC2HC1B	GroupA_exclusive	TK10,TK91,TK92,TK93	INDEL,SNV			4	0
ENSG00000065548	ZC3H15	GroupA_exclusive	TK16,TK91,TK92,TK93	INDEL,SNV			4	0
ENSG00000102383	ZDHHC15	GroupA_exclusive	TK10,TK91,TK92,TK93	SNV			4	0
ENSG00000237036	ZEB1-AS1	GroupA_exclusive	TK10,TK91,TK92,TK93	INDEL,SNV			4	0
ENSG00000157306	ZFHX2-AS1	GroupA_exclusive	TK16,TK91,TK92,TK93	SNV			4	0
ENSG00000259768	ZFHX3-AS1	GroupA_exclusive	TK10,TK91,TK92,TK93	SNV			4	0
ENSG00000251003	ZFPM2-AS1	GroupA_exclusive	TK10,TK91,TK92,TK93	INDEL,SNV			4	0
ENSG00000258917	ZMYND19P1	GroupA_exclusive	TK10,TK91,TK92,TK93	SNV			4	0
ENSG00000204789	ZNF204P	GroupA_exclusive	TK10,TK16,TK18,TK92	SNV			4	0
ENSG00000264278	ZNF236-DT	GroupA_exclusive	TK10,TK16,TK91,TK93	INDEL,SNV			4	0
ENSG00000197050	ZNF420	GroupA_exclusive	TK10,TK91,TK92,TK93	INDEL,SNV			4	0
ENSG00000213967	ZNF726	GroupA_exclusive	TK18,TK91,TK92,TK93	INDEL,SNV			4	0
ENSG00000186777	ZNF732	GroupA_exclusive	TK16,TK18,TK92,TK93	SNV			4	0
ENSG00000246394	ZNF84-DT	GroupA_exclusive	TK10,TK16,TK92,TK93	SNV			4	0
ENSG00000234284	ZNF879	GroupA_exclusive	TK10,TK91,TK92,TK93	INDEL,SNV			4	0
ENSG00000121410	A1BG	GroupA_exclusive	TK10,TK92,TK93	INDEL,SNV			3	0
ENSG00000023839	ABCC2	GroupA_exclusive	TK91,TK92,TK93	SNV			3	0
ENSG00000250496	ABT1P1	GroupA_exclusive	TK91,TK92,TK93	SNV			3	0
ENSG00000144648	ACKR2	GroupA_exclusive	TK91,TK92,TK93	INDEL,SNV			3	0
ENSG00000168306	ACOX2	GroupA_exclusive	TK18,TK91,TK92	SNV			3	0
ENSG00000180139	ACTA2-AS1	GroupA_exclusive	TK91,TK92,TK93	SNV			3	0
ENSG00000220267	ACTBP8	GroupA_exclusive	TK91,TK92,TK93	SNV			3	0
ENSG00000236085	ACTG1P4	GroupA_exclusive	TK16,TK91,TK92	SNV			3	0
ENSG00000187003	ACTL7A	GroupA_exclusive	TK91,TK92,TK93	SNV			3	0
ENSG00000249421	ADAMTS19-AS1	GroupA_exclusive	TK91,TK92,TK93	INDEL,SNV			3	0
ENSG00000143199	ADCY10	GroupA_exclusive	TK10,TK92,TK93	SNV			3	0
ENSG00000256616	ADGRA3P1	GroupA_exclusive	TK91,TK92,TK93	SNV			3	0
ENSG00000117114	ADGRL2	GroupA_exclusive	TK10,TK18,TK92	SNV			3	0
ENSG00000163485	ADORA1	GroupA_exclusive	TK10,TK91,TK93	SNV			3	0
ENSG00000198221	AFDN-DT	GroupA_exclusive	TK10,TK92,TK93	INDEL,SNV			3	0
ENSG00000225623	AGBL4-IT1	GroupA_exclusive	TK91,TK92,TK93	INDEL,SNV			3	0
ENSG00000268257	AIRN	GroupA_exclusive	TK91,TK92,TK93	INDEL,SNV			3	0
ENSG00000237876	AKR1B1P4	GroupA_exclusive	TK91,TK92,TK93	SNV			3	0
ENSG00000225418	AKR1C5P	GroupA_exclusive	TK10,TK16,TK91	SNV			3	0
ENSG00000232292	ALDH7A1P2	GroupA_exclusive	TK91,TK92,TK93	SNV			3	0
ENSG00000214297	ALDOAP2	GroupA_exclusive	TK10,TK92,TK93	INDEL,SNV			3	0
ENSG00000180318	ALX1	GroupA_exclusive	TK91,TK92,TK93	SNV			3	0
ENSG00000165566	AMER2	GroupA_exclusive	TK10,TK16,TK18	SNV			3	0
ENSG00000224142	AMMECR1-IT1	GroupA_exclusive	TK91,TK92,TK93	SNV			3	0
ENSG00000213735	ANAPC10P1	GroupA_exclusive	TK10,TK16,TK92	SNV			3	0
ENSG00000235486	ANAPC1P6	GroupA_exclusive	TK91,TK92,TK93	SNV			3	0
ENSG00000101280	ANGPT4	GroupA_exclusive	TK10,TK18,TK92	SNV			3	0
ENSG00000226695	ANKRD20A10P	GroupA_exclusive	TK10,TK16,TK18	INDEL,SNV			3	0
ENSG00000229089	ANKRD20A8P	GroupA_exclusive	TK91,TK92,TK93	SNV			3	0
ENSG00000163046	ANKRD30BL	GroupA_exclusive	TK18,TK91,TK93	SNV			3	0
ENSG00000225349	ANKRD49P2	GroupA_exclusive	TK91,TK92,TK93	SNV			3	0
ENSG00000213962	API5P2	GroupA_exclusive	TK91,TK92,TK93	SNV			3	0
ENSG00000173627	APOBEC4	GroupA_exclusive	TK91,TK92,TK93	SNV			3	0
ENSG00000189058	APOD	GroupA_exclusive	TK18,TK91,TK92	INDEL,SNV			3	0
ENSG00000260372	AQP4-AS1	GroupA_exclusive	TK91,TK92,TK93	SNV			3	0
ENSG00000259916	AQP7B	GroupA_exclusive	TK91,TK92,TK93	INDEL,SNV			3	0
ENSG00000176115	AQP7P4	GroupA_exclusive	TK91,TK92,TK93	INDEL,SNV			3	0
ENSG00000271966	ARFGEF1-DT	GroupA_exclusive	TK10,TK18,TK92	SNV			3	0
ENSG00000231147	ARHGAP42P2	GroupA_exclusive	TK91,TK92,TK93	SNV			3	0
ENSG00000235759	ARHGAP42P3	GroupA_exclusive	TK91,TK92,TK93	INDEL,SNV			3	0
ENSG00000228275	ARMCX3-AS1	GroupA_exclusive	TK10,TK91,TK93	INDEL,SNV			3	0
ENSG00000172379	ARNT2	GroupA_exclusive	TK91,TK92,TK93	SNV			3	0
ENSG00000241553	ARPC4	GroupA_exclusive	TK91,TK92,TK93	SNV			3	0
ENSG00000280543	ASAP1-IT2	GroupA_exclusive	TK10,TK92,TK93	SNV			3	0
ENSG00000198881	ASB12	GroupA_exclusive	TK10,TK91,TK92	SNV			3	0
ENSG00000230442	ASB15-AS1	GroupA_exclusive	TK91,TK92,TK93	SNV			3	0
ENSG00000258527	ASB9P1	GroupA_exclusive	TK10,TK18,TK92	SNV			3	0
ENSG00000235919	ASH1L-AS1	GroupA_exclusive	TK91,TK92,TK93	INDEL,SNV			3	0
ENSG00000101440	ASIP	GroupA_exclusive	TK91,TK92,TK93	SNV			3	0
ENSG00000232684	ATP11A-AS1	GroupA_exclusive	TK91,TK92,TK93	INDEL,SNV			3	0
ENSG00000227682	ATP5F1AP2	GroupA_exclusive	TK91,TK92,TK93	SNV			3	0
ENSG00000271332	ATP5MGP8	GroupA_exclusive	TK91,TK92,TK93	SNV			3	0
ENSG00000284138	ATP6V0CP4	GroupA_exclusive	TK91,TK92,TK93	SNV			3	0
ENSG00000256293	ATP6V1E1P3	GroupA_exclusive	TK10,TK92,TK93	SNV			3	0
ENSG00000179766	ATP8B5P	GroupA_exclusive	TK16,TK92,TK93	SNV			3	0
ENSG00000229948	B3GALNT1P1	GroupA_exclusive	TK91,TK92,TK93	SNV			3	0
ENSG00000109956	B3GAT1	GroupA_exclusive	TK10,TK91,TK92	SNV			3	0
ENSG00000247081	BAALC-AS1	GroupA_exclusive	TK10,TK18,TK92	INDEL,SNV			3	0
ENSG00000234293	BACH1-IT3	GroupA_exclusive	TK91,TK92,TK93	INDEL,SNV			3	0
ENSG00000261217	BCAP31P1	GroupA_exclusive	TK91,TK92,TK93	SNV			3	0
ENSG00000234332	BCAS2P2	GroupA_exclusive	TK18,TK91,TK93	INDEL,SNV			3	0
ENSG00000248966	BCLAF1P1	GroupA_exclusive	TK91,TK92,TK93	INDEL,SNV			3	0
ENSG00000215544	BCRP7	GroupA_exclusive	TK91,TK92,TK93	SNV			3	0
ENSG00000166546	BEAN1	GroupA_exclusive	TK18,TK91,TK93	SNV			3	0
ENSG00000166681	BEX3	GroupA_exclusive	TK10,TK16,TK92	SNV			3	0
ENSG00000258915	BHLHB9P1	GroupA_exclusive	TK91,TK92,TK93	SNV			3	0
ENSG00000224599	BMS1P12	GroupA_exclusive	TK91,TK92,TK93	SNV			3	0
ENSG00000197358	BNIP3P1	GroupA_exclusive	TK10,TK92,TK93	SNV			3	0
ENSG00000270270	BNIP3P10	GroupA_exclusive	TK16,TK92,TK93	SNV			3	0
ENSG00000268079	BNIP3P30	GroupA_exclusive	TK18,TK92,TK93	INDEL,SNV			3	0
ENSG00000260571	BNIP3P5	GroupA_exclusive	TK91,TK92,TK93	INDEL,SNV			3	0
ENSG00000224775	BRAFP1	GroupA_exclusive	TK91,TK92,TK93	SNV			3	0
ENSG00000169075	BRD7P3	GroupA_exclusive	TK91,TK92,TK93	INDEL,SNV			3	0
ENSG00000164061	BSN	GroupA_exclusive	TK91,TK92,TK93	INDEL,SNV			3	0
ENSG00000257675	BTBD10P1	GroupA_exclusive	TK91,TK92,TK93	SNV			3	0
ENSG00000258282	BTF3P2	GroupA_exclusive	TK91,TK92,TK93	INDEL,SNV			3	0
ENSG00000233594	BTF3P5	GroupA_exclusive	TK10,TK92,TK93	INDEL,SNV			3	0
ENSG00000166167	BTRC	GroupA_exclusive	TK91,TK92,TK93	SNV			3	0
ENSG00000226792	C13orf42	GroupA_exclusive	TK10,TK92,TK93	INDEL,SNV			3	0
ENSG00000283567	C19orf85	GroupA_exclusive	TK91,TK92,TK93	SNV			3	0
ENSG00000213409	C1QBPP2	GroupA_exclusive	TK18,TK91,TK92	SNV			3	0
ENSG00000163145	C1QTNF7	GroupA_exclusive	TK91,TK92,TK93	SNV			3	0
ENSG00000183186	C2CD4C	GroupA_exclusive	TK10,TK18,TK93	SNV			3	0
ENSG00000250166	C2CD5-AS1	GroupA_exclusive	TK10,TK92,TK93	SNV			3	0
ENSG00000187944	C2orf66	GroupA_exclusive	TK10,TK16,TK91	INDEL,SNV			3	0
ENSG00000177994	C2orf73	GroupA_exclusive	TK10,TK18,TK92	SNV			3	0
ENSG00000042304	C2orf83	GroupA_exclusive	TK16,TK92,TK93	SNV			3	0
ENSG00000154274	C4orf19	GroupA_exclusive	TK91,TK92,TK93	SNV			3	0
ENSG00000197261	C6orf141	GroupA_exclusive	TK91,TK92,TK93	SNV			3	0
ENSG00000171060	C8orf74	GroupA_exclusive	TK16,TK18,TK91	SNV			3	0
ENSG00000154975	CA10	GroupA_exclusive	TK10,TK91,TK92	SNV			3	0
ENSG00000157388	CACNA1D	GroupA_exclusive	TK91,TK92,TK93	INDEL,SNV			3	0
ENSG00000250107	CACNA1G-AS1	GroupA_exclusive	TK10,TK91,TK92	SNV			3	0
ENSG00000256315	CADM1-AS1	GroupA_exclusive	TK91,TK92,TK93	SNV			3	0
ENSG00000253179	CALCP	GroupA_exclusive	TK91,TK92,TK93	INDEL,SNV			3	0
ENSG00000237728	CAMTA1-AS2	GroupA_exclusive	TK91,TK92,TK93	SNV			3	0
ENSG00000259151	CAP2P1	GroupA_exclusive	TK91,TK92,TK93	SNV			3	0
ENSG00000237286	CARD11-AS1	GroupA_exclusive	TK91,TK92,TK93	SNV			3	0
ENSG00000257859	CASC18	GroupA_exclusive	TK10,TK91,TK92	SNV			3	0
ENSG00000233033	CASK-AS1	GroupA_exclusive	TK18,TK92,TK93	SNV			3	0
ENSG00000233766	CAVIN2-AS1	GroupA_exclusive	TK91,TK92,TK93	SNV			3	0
ENSG00000134812	CBLIF	GroupA_exclusive	TK91,TK92,TK93	INDEL,SNV			3	0
ENSG00000250045	CBX3P3	GroupA_exclusive	TK91,TK92,TK93	SNV			3	0
ENSG00000183287	CCBE1	GroupA_exclusive	TK10,TK16,TK91	INDEL,SNV			3	0
ENSG00000233098	CCDC144NL-AS1	GroupA_exclusive	TK91,TK92,TK93	SNV			3	0
ENSG00000227480	CCDC148-AS1	GroupA_exclusive	TK16,TK92,TK93	SNV			3	0
ENSG00000198865	CCDC152	GroupA_exclusive	TK10,TK16,TK18	SNV			3	0
ENSG00000166510	CCDC68	GroupA_exclusive	TK10,TK91,TK92	INDEL,SNV			3	0
ENSG00000106178	CCL24	GroupA_exclusive	TK10,TK18,TK92	INDEL,SNV			3	0
ENSG00000224043	CCNT2-AS1	GroupA_exclusive	TK10,TK91,TK93	INDEL,SNV			3	0
ENSG00000184451	CCR10	GroupA_exclusive	TK10,TK92,TK93	SNV			3	0
ENSG00000230584	CCT5P2	GroupA_exclusive	TK91,TK92,TK93	INDEL,SNV			3	0
ENSG00000272398	CD24	GroupA_exclusive	TK10,TK91,TK92	INDEL,SNV			3	0
ENSG00000164287	CDC20B	GroupA_exclusive	TK10,TK16,TK91	SNV			3	0
ENSG00000259982	CDC37P1	GroupA_exclusive	TK10,TK16,TK91	SNV			3	0
ENSG00000234933	CDC42P1	GroupA_exclusive	TK91,TK92,TK93	SNV			3	0
ENSG00000253439	CDC42P5	GroupA_exclusive	TK10,TK91,TK92	SNV			3	0
ENSG00000124762	CDKN1A	GroupA_exclusive	TK91,TK92,TK93	SNV			3	0
ENSG00000245848	CEBPA	GroupA_exclusive	TK18,TK92,TK93	SNV			3	0
ENSG00000154240	CEP112	GroupA_exclusive	TK91,TK92,TK93	INDEL,SNV			3	0
ENSG00000198848	CES1	GroupA_exclusive	TK10,TK18,TK92	SNV			3	0
ENSG00000159259	CHAF1B	GroupA_exclusive	TK91,TK92,TK93	SNV			3	0
ENSG00000236156	CHCHD4P3	GroupA_exclusive	TK10,TK92,TK93	SNV			3	0
ENSG00000253616	CHILL1	GroupA_exclusive	TK10,TK18,TK92	SNV			3	0
ENSG00000166664	CHRFAM7A	GroupA_exclusive	TK10,TK91,TK92	SNV			3	0
ENSG00000258722	CKAP2P1	GroupA_exclusive	TK91,TK92,TK93	SNV			3	0
ENSG00000185758	CLDN24	GroupA_exclusive	TK91,TK92,TK93	SNV			3	0
ENSG00000257097	CLIP1-AS1	GroupA_exclusive	TK91,TK92,TK93	INDEL,SNV			3	0
ENSG00000179335	CLK3	GroupA_exclusive	TK10,TK91,TK92	SNV			3	0
ENSG00000163646	CLRN1	GroupA_exclusive	TK91,TK92,TK93	SNV			3	0
ENSG00000278138	CLUHP11	GroupA_exclusive	TK10,TK92,TK93	SNV			3	0
ENSG00000119946	CNNM1	GroupA_exclusive	TK18,TK91,TK92	SNV			3	0
ENSG00000273265	CNNM3-DT	GroupA_exclusive	TK16,TK18,TK92	INDEL,SNV			3	0
ENSG00000227588	CNTN4-AS2	GroupA_exclusive	TK91,TK92,TK93	INDEL,SNV			3	0
ENSG00000259100	COILP1	GroupA_exclusive	TK91,TK92,TK93	SNV			3	0
ENSG00000197467	COL13A1	GroupA_exclusive	TK10,TK92,TK93	SNV			3	0
ENSG00000130635	COL5A1	GroupA_exclusive	TK10,TK91,TK92	INDEL,SNV			3	0
ENSG00000227438	COL6A2-DT	GroupA_exclusive	TK91,TK92,TK93	SNV			3	0
ENSG00000231210	COMETT	GroupA_exclusive	TK91,TK92,TK93	SNV			3	0
ENSG00000214552	COPS8P2	GroupA_exclusive	TK10,TK92,TK93	SNV			3	0
ENSG00000261416	CORO1A-AS1	GroupA_exclusive	TK18,TK92,TK93	INDEL,SNV			3	0
ENSG00000255010	COX5BP4	GroupA_exclusive	TK16,TK18,TK92	SNV			3	0
ENSG00000234144	COX6CP13	GroupA_exclusive	TK91,TK92,TK93	SNV			3	0
ENSG00000170516	COX7B2	GroupA_exclusive	TK91,TK92,TK93	SNV			3	0
ENSG00000283755	CPHXL	GroupA_exclusive	TK91,TK92,TK93	SNV			3	0
ENSG00000164400	CSF2	GroupA_exclusive	TK16,TK18,TK92	SNV			3	0
ENSG00000108342	CSF3	GroupA_exclusive	TK10,TK18,TK92	SNV			3	0
ENSG00000234534	CSNK1G2P1	GroupA_exclusive	TK91,TK92,TK93	SNV			3	0
ENSG00000259295	CSPG4P12	GroupA_exclusive	TK16,TK92,TK93	SNV			3	0
ENSG00000230162	CT45A11P	GroupA_exclusive	TK16,TK91,TK93	SNV			3	0
ENSG00000235746	CTBP2P2	GroupA_exclusive	TK91,TK92,TK93	INDEL,SNV			3	0
ENSG00000250250	CTD-2350J17.1	GroupA_exclusive	TK91,TK92,TK93	SNV			3	0
ENSG00000141086	CTRL	GroupA_exclusive	TK10,TK91,TK92	INDEL,SNV			3	0
ENSG00000290874	CTSLP2	GroupA_exclusive	TK10,TK91,TK92	SNV			3	0
ENSG00000232901	CYCSP10	GroupA_exclusive	TK10,TK18,TK92	SNV			3	0
ENSG00000255379	CYCSP29	GroupA_exclusive	TK91,TK92,TK93	SNV			3	0
ENSG00000262870	CYCSP40	GroupA_exclusive	TK91,TK92,TK93	INDEL,SNV			3	0
ENSG00000186684	CYP27C1	GroupA_exclusive	TK10,TK18,TK91	INDEL,SNV			3	0
ENSG00000108242	CYP2C18	GroupA_exclusive	TK91,TK92,TK93	SNV			3	0
ENSG00000165841	CYP2C19	GroupA_exclusive	TK91,TK92,TK93	SNV			3	0
ENSG00000283232	CYP2C23P	GroupA_exclusive	TK91,TK92,TK93	INDEL,SNV			3	0
ENSG00000268529	CYP2T3P	GroupA_exclusive	TK10,TK92,TK93	SNV			3	0
ENSG00000160868	CYP3A4	GroupA_exclusive	TK91,TK92,TK93	INDEL,SNV			3	0
ENSG00000186160	CYP4Z1	GroupA_exclusive	TK91,TK92,TK93	SNV			3	0
ENSG00000154198	CYP4Z2P	GroupA_exclusive	TK10,TK91,TK92	INDEL,SNV			3	0
ENSG00000222041	CYTOR	GroupA_exclusive	TK18,TK92,TK93	INDEL,SNV			3	0
ENSG00000197934	CYYR1-AS1	GroupA_exclusive	TK10,TK16,TK91	SNV			3	0
ENSG00000230683	DDTP1	GroupA_exclusive	TK91,TK92,TK93	SNV			3	0
ENSG00000230360	DDX10P2	GroupA_exclusive	TK91,TK92,TK93	INDEL,SNV			3	0
ENSG00000240048	DDX50P2	GroupA_exclusive	TK91,TK92,TK93	SNV			3	0
ENSG00000230056	DDX6P1	GroupA_exclusive	TK91,TK92,TK93	SNV			3	0
ENSG00000173077	DELEC1	GroupA_exclusive	TK91,TK92,TK93	INDEL,SNV			3	0
ENSG00000255159	DENND2B-AS1	GroupA_exclusive	TK16,TK91,TK92	SNV			3	0
ENSG00000234264	DEPDC1-AS1	GroupA_exclusive	TK91,TK92,TK93	SNV			3	0
ENSG00000259358	DEPDC1P1	GroupA_exclusive	TK18,TK91,TK92	SNV			3	0
ENSG00000246422	DIAPH1-AS1	GroupA_exclusive	TK91,TK92,TK93	SNV			3	0
ENSG00000162595	DIRAS3	GroupA_exclusive	TK10,TK92,TK93	SNV			3	0
ENSG00000082458	DLG3	GroupA_exclusive	TK10,TK16,TK93	SNV			3	0
ENSG00000233871	DLG5-AS1	GroupA_exclusive	TK10,TK16,TK92	INDEL,SNV			3	0
ENSG00000231764	DLX6-AS1	GroupA_exclusive	TK91,TK92,TK93	SNV			3	0
ENSG00000137090	DMRT1	GroupA_exclusive	TK16,TK91,TK92	SNV			3	0
ENSG00000237979	DNAJB12P1	GroupA_exclusive	TK10,TK16,TK91	SNV			3	0
ENSG00000281491	DNAJB5-DT	GroupA_exclusive	TK10,TK16,TK93	SNV			3	0
ENSG00000213551	DNAJC9	GroupA_exclusive	TK91,TK92,TK93	SNV			3	0
ENSG00000119661	DNAL1	GroupA_exclusive	TK91,TK92,TK93	INDEL,SNV			3	0
ENSG00000264070	DND1P1	GroupA_exclusive	TK10,TK16,TK92	INDEL,SNV			3	0
ENSG00000259660	DNM1P47	GroupA_exclusive	TK91,TK92,TK93	SNV			3	0
ENSG00000225572	DOCK4-AS1	GroupA_exclusive	TK91,TK92,TK93	SNV			3	0
ENSG00000229918	DOCK9-AS1	GroupA_exclusive	TK91,TK92,TK93	INDEL,SNV			3	0
ENSG00000249691	DPPA4P2	GroupA_exclusive	TK91,TK92,TK93	SNV			3	0
ENSG00000235436	DPY19L2P4	GroupA_exclusive	TK91,TK92,TK93	SNV			3	0
ENSG00000198054	DSCR8	GroupA_exclusive	TK91,TK92,TK93	INDEL,SNV			3	0
ENSG00000232136	DUXAP7	GroupA_exclusive	TK91,TK92,TK93	INDEL,SNV			3	0
ENSG00000258605	DYNLL1P2	GroupA_exclusive	TK16,TK18,TK91	SNV			3	0
ENSG00000266290	DYNLL2-DT	GroupA_exclusive	TK91,TK92,TK93	SNV			3	0
ENSG00000224707	E2F3-IT1	GroupA_exclusive	TK91,TK92,TK93	INDEL,SNV			3	0
ENSG00000133740	E2F5	GroupA_exclusive	TK10,TK92,TK93	INDEL,SNV			3	0
ENSG00000233690	EBAG9P1	GroupA_exclusive	TK10,TK18,TK91	SNV			3	0
ENSG00000119147	ECRG4	GroupA_exclusive	TK18,TK91,TK92	SNV			3	0
ENSG00000232587	EEF1A1P3	GroupA_exclusive	TK91,TK92,TK93	SNV			3	0
ENSG00000258846	EEF1A1P33	GroupA_exclusive	TK16,TK92,TK93	INDEL,SNV			3	0
ENSG00000213055	EEF1B2P7	GroupA_exclusive	TK91,TK92,TK93	SNV			3	0
ENSG00000258897	EGLN3-AS1	GroupA_exclusive	TK16,TK18,TK92	SNV			3	0
ENSG00000229704	EIF2S2P2	GroupA_exclusive	TK91,TK92,TK93	SNV			3	0
ENSG00000254441	EIF2S2P6	GroupA_exclusive	TK91,TK92,TK93	INDEL,SNV			3	0
ENSG00000175749	EIF3KP1	GroupA_exclusive	TK91,TK92,TK93	SNV			3	0
ENSG00000226086	EIF3LP3	GroupA_exclusive	TK16,TK92,TK93	SNV			3	0
ENSG00000262953	EIF4A1P9	GroupA_exclusive	TK91,TK92,TK93	INDEL,SNV			3	0
ENSG00000261336	EIF4BP5	GroupA_exclusive	TK91,TK92,TK93	SNV			3	0
ENSG00000214366	EIF4EP5	GroupA_exclusive	TK16,TK92,TK93	SNV			3	0
ENSG00000267679	EIF5AP2	GroupA_exclusive	TK91,TK92,TK93	SNV			3	0
ENSG00000224885	EIPR1-IT1	GroupA_exclusive	TK91,TK92,TK93	SNV			3	0
ENSG00000213140	ELK2AP	GroupA_exclusive	TK16,TK18,TK92	SNV			3	0
ENSG00000049540	ELN	GroupA_exclusive	TK10,TK18,TK91	INDEL,SNV			3	0
ENSG00000255006	ELOCP22	GroupA_exclusive	TK91,TK92,TK93	SNV			3	0
ENSG00000271278	ELOCP33	GroupA_exclusive	TK91,TK92,TK93	SNV			3	0
ENSG00000138792	ENPEP	GroupA_exclusive	TK91,TK92,TK93	SNV			3	0
ENSG00000197594	ENPP1	GroupA_exclusive	TK91,TK92,TK93	SNV			3	0
ENSG00000255549	ENPP7P6	GroupA_exclusive	TK18,TK92,TK93	SNV			3	0
ENSG00000146722	ENSG00000146722	GroupA_exclusive	TK91,TK92,TK93	SNV			3	0
ENSG00000173862	ENSG00000173862	GroupA_exclusive	TK10,TK91,TK92	SNV			3	0
ENSG00000175604	ENSG00000175604	GroupA_exclusive	TK10,TK92,TK93	SNV			3	0
ENSG00000177725	ENSG00000177725	GroupA_exclusive	TK91,TK92,TK93	SNV			3	0
ENSG00000197462	ENSG00000197462	GroupA_exclusive	TK10,TK92,TK93	INDEL,SNV			3	0
ENSG00000197550	ENSG00000197550	GroupA_exclusive	TK91,TK92,TK93	INDEL,SNV			3	0
ENSG00000197585	ENSG00000197585	GroupA_exclusive	TK91,TK92,TK93	INDEL,SNV			3	0
ENSG00000198671	ENSG00000198671	GroupA_exclusive	TK91,TK92,TK93	SNV			3	0
ENSG00000203258	ENSG00000203258	GroupA_exclusive	TK10,TK91,TK93	SNV			3	0
ENSG00000203279	ENSG00000203279	GroupA_exclusive	TK91,TK92,TK93	SNV			3	0
ENSG00000203620	ENSG00000203620	GroupA_exclusive	TK10,TK18,TK91	SNV			3	0
ENSG00000204398	ENSG00000204398	GroupA_exclusive	TK18,TK91,TK93	SNV			3	0
ENSG00000205682	ENSG00000205682	GroupA_exclusive	TK91,TK92,TK93	SNV			3	0
ENSG00000205745	ENSG00000205745	GroupA_exclusive	TK10,TK16,TK18	SNV			3	0
ENSG00000207022	ENSG00000207022	GroupA_exclusive	TK18,TK92,TK93	SNV			3	0
ENSG00000207407	ENSG00000207407	GroupA_exclusive	TK91,TK92,TK93	SNV			3	0
ENSG00000212293	ENSG00000212293	GroupA_exclusive	TK91,TK92,TK93	SNV			3	0
ENSG00000212461	ENSG00000212461	GroupA_exclusive	TK91,TK92,TK93	INDEL,SNV			3	0
ENSG00000213204	ENSG00000213204	GroupA_exclusive	TK10,TK92,TK93	SNV			3	0
ENSG00000213331	ENSG00000213331	GroupA_exclusive	TK91,TK92,TK93	SNV			3	0
ENSG00000213365	ENSG00000213365	GroupA_exclusive	TK16,TK91,TK92	SNV			3	0
ENSG00000214067	ENSG00000214067	GroupA_exclusive	TK91,TK92,TK93	SNV			3	0
ENSG00000214748	ENSG00000214748	GroupA_exclusive	TK91,TK92,TK93	SNV			3	0
ENSG00000214908	ENSG00000214908	GroupA_exclusive	TK18,TK91,TK92	SNV			3	0
ENSG00000215097	ENSG00000215097	GroupA_exclusive	TK10,TK92,TK93	SNV			3	0
ENSG00000215464	ENSG00000215464	GroupA_exclusive	TK16,TK91,TK92	SNV			3	0
ENSG00000215567	ENSG00000215567	GroupA_exclusive	TK91,TK92,TK93	SNV			3	0
ENSG00000215871	ENSG00000215871	GroupA_exclusive	TK91,TK92,TK93	SNV			3	0
ENSG00000216813	ENSG00000216813	GroupA_exclusive	TK91,TK92,TK93	SNV			3	0
ENSG00000217769	ENSG00000217769	GroupA_exclusive	TK10,TK91,TK92	SNV			3	0
ENSG00000219445	ENSG00000219445	GroupA_exclusive	TK91,TK92,TK93	SNV			3	0
ENSG00000219699	ENSG00000219699	GroupA_exclusive	TK91,TK92,TK93	SNV			3	0
ENSG00000220446	ENSG00000220446	GroupA_exclusive	TK91,TK92,TK93	SNV			3	0
ENSG00000220695	ENSG00000220695	GroupA_exclusive	TK91,TK92,TK93	SNV			3	0
ENSG00000220748	ENSG00000220748	GroupA_exclusive	TK91,TK92,TK93	SNV			3	0
ENSG00000223450	ENSG00000223450	GroupA_exclusive	TK91,TK92,TK93	SNV			3	0
ENSG00000223492	ENSG00000223492	GroupA_exclusive	TK91,TK92,TK93	SNV			3	0
ENSG00000223502	ENSG00000223502	GroupA_exclusive	TK10,TK91,TK92	SNV			3	0
ENSG00000223503	ENSG00000223503	GroupA_exclusive	TK10,TK92,TK93	INDEL,SNV			3	0
ENSG00000223522	ENSG00000223522	GroupA_exclusive	TK10,TK91,TK92	SNV			3	0
ENSG00000223536	ENSG00000223536	GroupA_exclusive	TK10,TK16,TK91	INDEL,SNV			3	0
ENSG00000223542	ENSG00000223542	GroupA_exclusive	TK91,TK92,TK93	SNV			3	0
ENSG00000223570	ENSG00000223570	GroupA_exclusive	TK91,TK92,TK93	SNV			3	0
ENSG00000223991	ENSG00000223991	GroupA_exclusive	TK91,TK92,TK93	SNV			3	0
ENSG00000224172	ENSG00000224172	GroupA_exclusive	TK10,TK16,TK92	INDEL,SNV			3	0
ENSG00000224342	ENSG00000224342	GroupA_exclusive	TK10,TK92,TK93	SNV			3	0
ENSG00000224478	ENSG00000224478	GroupA_exclusive	TK18,TK92,TK93	SNV			3	0
ENSG00000224570	ENSG00000224570	GroupA_exclusive	TK91,TK92,TK93	SNV			3	0
ENSG00000224649	ENSG00000224649	GroupA_exclusive	TK10,TK18,TK93	SNV			3	0
ENSG00000224667	ENSG00000224667	GroupA_exclusive	TK10,TK91,TK92	INDEL,SNV			3	0
ENSG00000224715	ENSG00000224715	GroupA_exclusive	TK91,TK92,TK93	SNV			3	0
ENSG00000224818	ENSG00000224818	GroupA_exclusive	TK10,TK16,TK92	INDEL,SNV			3	0
ENSG00000224884	ENSG00000224884	GroupA_exclusive	TK18,TK91,TK93	SNV			3	0
ENSG00000224945	ENSG00000224945	GroupA_exclusive	TK16,TK18,TK92	INDEL,SNV			3	0
ENSG00000224967	ENSG00000224967	GroupA_exclusive	TK18,TK92,TK93	SNV			3	0
ENSG00000225017	ENSG00000225017	GroupA_exclusive	TK91,TK92,TK93	SNV			3	0
ENSG00000225084	ENSG00000225084	GroupA_exclusive	TK91,TK92,TK93	SNV			3	0
ENSG00000225092	ENSG00000225092	GroupA_exclusive	TK91,TK92,TK93	INDEL,SNV			3	0
ENSG00000225140	ENSG00000225140	GroupA_exclusive	TK91,TK92,TK93	SNV			3	0
ENSG00000225170	ENSG00000225170	GroupA_exclusive	TK10,TK92,TK93	SNV			3	0
ENSG00000225195	ENSG00000225195	GroupA_exclusive	TK91,TK92,TK93	SNV			3	0
ENSG00000225303	ENSG00000225303	GroupA_exclusive	TK91,TK92,TK93	SNV			3	0
ENSG00000225311	ENSG00000225311	GroupA_exclusive	TK91,TK92,TK93	INDEL,SNV			3	0
ENSG00000225330	ENSG00000225330	GroupA_exclusive	TK91,TK92,TK93	SNV			3	0
ENSG00000225385	ENSG00000225385	GroupA_exclusive	TK18,TK92,TK93	SNV			3	0
ENSG00000225393	ENSG00000225393	GroupA_exclusive	TK91,TK92,TK93	INDEL,SNV			3	0
ENSG00000225505	ENSG00000225505	GroupA_exclusive	TK91,TK92,TK93	INDEL,SNV			3	0
ENSG00000225655	ENSG00000225655	GroupA_exclusive	TK10,TK91,TK93	SNV			3	0
ENSG00000225680	ENSG00000225680	GroupA_exclusive	TK91,TK92,TK93	SNV			3	0
ENSG00000225711	ENSG00000225711	GroupA_exclusive	TK91,TK92,TK93	SNV			3	0
ENSG00000225750	ENSG00000225750	GroupA_exclusive	TK10,TK91,TK92	SNV			3	0
ENSG00000225752	ENSG00000225752	GroupA_exclusive	TK91,TK92,TK93	SNV			3	0
ENSG00000226281	ENSG00000226281	GroupA_exclusive	TK10,TK91,TK93	SNV			3	0
ENSG00000226398	ENSG00000226398	GroupA_exclusive	TK18,TK91,TK92	INDEL,SNV			3	0
ENSG00000226438	ENSG00000226438	GroupA_exclusive	TK91,TK92,TK93	INDEL,SNV			3	0
ENSG00000226521	ENSG00000226521	GroupA_exclusive	TK16,TK91,TK92	SNV			3	0
ENSG00000226680	ENSG00000226680	GroupA_exclusive	TK10,TK91,TK92	SNV			3	0
ENSG00000226899	ENSG00000226899	GroupA_exclusive	TK91,TK92,TK93	SNV			3	0
ENSG00000226954	ENSG00000226954	GroupA_exclusive	TK10,TK16,TK92	SNV			3	0
ENSG00000227017	ENSG00000227017	GroupA_exclusive	TK91,TK92,TK93	SNV			3	0
ENSG00000227068	ENSG00000227068	GroupA_exclusive	TK91,TK92,TK93	SNV			3	0
ENSG00000227075	ENSG00000227075	GroupA_exclusive	TK10,TK91,TK92	SNV			3	0
ENSG00000227098	ENSG00000227098	GroupA_exclusive	TK91,TK92,TK93	SNV			3	0
ENSG00000227107	ENSG00000227107	GroupA_exclusive	TK18,TK91,TK92	INDEL,SNV			3	0
ENSG00000227279	ENSG00000227279	GroupA_exclusive	TK10,TK91,TK92	SNV			3	0
ENSG00000227304	ENSG00000227304	GroupA_exclusive	TK16,TK18,TK93	INDEL,SNV			3	0
ENSG00000227307	ENSG00000227307	GroupA_exclusive	TK91,TK92,TK93	SNV			3	0
ENSG00000227329	ENSG00000227329	GroupA_exclusive	TK16,TK18,TK92	SNV			3	0
ENSG00000227482	ENSG00000227482	GroupA_exclusive	TK91,TK92,TK93	SNV			3	0
ENSG00000227704	ENSG00000227704	GroupA_exclusive	TK10,TK16,TK18	SNV			3	0
ENSG00000227710	ENSG00000227710	GroupA_exclusive	TK91,TK92,TK93	SNV			3	0
ENSG00000227745	ENSG00000227745	GroupA_exclusive	TK18,TK91,TK92	SNV			3	0
ENSG00000227748	ENSG00000227748	GroupA_exclusive	TK91,TK92,TK93	SNV			3	0
ENSG00000227809	ENSG00000227809	GroupA_exclusive	TK91,TK92,TK93	SNV			3	0
ENSG00000227960	ENSG00000227960	GroupA_exclusive	TK91,TK92,TK93	SNV			3	0
ENSG00000228086	ENSG00000228086	GroupA_exclusive	TK91,TK92,TK93	SNV			3	0
ENSG00000228153	ENSG00000228153	GroupA_exclusive	TK91,TK92,TK93	SNV			3	0
ENSG00000228255	ENSG00000228255	GroupA_exclusive	TK10,TK92,TK93	INDEL,SNV			3	0
ENSG00000228354	ENSG00000228354	GroupA_exclusive	TK91,TK92,TK93	SNV			3	0
ENSG00000228423	ENSG00000228423	GroupA_exclusive	TK91,TK92,TK93	INDEL,SNV			3	0
ENSG00000228573	ENSG00000228573	GroupA_exclusive	TK18,TK92,TK93	SNV			3	0
ENSG00000228596	ENSG00000228596	GroupA_exclusive	TK18,TK92,TK93	SNV			3	0
ENSG00000228625	ENSG00000228625	GroupA_exclusive	TK91,TK92,TK93	INDEL,SNV			3	0
ENSG00000228675	ENSG00000228675	GroupA_exclusive	TK91,TK92,TK93	SNV			3	0
ENSG00000228729	ENSG00000228729	GroupA_exclusive	TK91,TK92,TK93	SNV			3	0
ENSG00000228739	ENSG00000228739	GroupA_exclusive	TK91,TK92,TK93	SNV			3	0
ENSG00000228809	ENSG00000228809	GroupA_exclusive	TK91,TK92,TK93	SNV			3	0
ENSG00000228922	ENSG00000228922	GroupA_exclusive	TK16,TK92,TK93	SNV			3	0
ENSG00000228988	ENSG00000228988	GroupA_exclusive	TK91,TK92,TK93	SNV			3	0
ENSG00000229052	ENSG00000229052	GroupA_exclusive	TK91,TK92,TK93	INDEL,SNV			3	0
ENSG00000229227	ENSG00000229227	GroupA_exclusive	TK91,TK92,TK93	SNV			3	0
ENSG00000229261	ENSG00000229261	GroupA_exclusive	TK10,TK92,TK93	SNV			3	0
ENSG00000229458	ENSG00000229458	GroupA_exclusive	TK91,TK92,TK93	SNV			3	0
ENSG00000229721	ENSG00000229721	GroupA_exclusive	TK10,TK91,TK93	SNV			3	0
ENSG00000229727	ENSG00000229727	GroupA_exclusive	TK91,TK92,TK93	INDEL,SNV			3	0
ENSG00000229882	ENSG00000229882	GroupA_exclusive	TK18,TK91,TK93	SNV			3	0
ENSG00000230105	ENSG00000230105	GroupA_exclusive	TK91,TK92,TK93	SNV			3	0
ENSG00000230221	ENSG00000230221	GroupA_exclusive	TK91,TK92,TK93	SNV			3	0
ENSG00000230322	ENSG00000230322	GroupA_exclusive	TK91,TK92,TK93	INDEL,SNV			3	0
ENSG00000230428	ENSG00000230428	GroupA_exclusive	TK10,TK91,TK92	SNV			3	0
ENSG00000230432	ENSG00000230432	GroupA_exclusive	TK10,TK16,TK93	SNV			3	0
ENSG00000230472	ENSG00000230472	GroupA_exclusive	TK91,TK92,TK93	SNV			3	0
ENSG00000230612	ENSG00000230612	GroupA_exclusive	TK16,TK91,TK92	SNV			3	0
ENSG00000230696	ENSG00000230696	GroupA_exclusive	TK91,TK92,TK93	INDEL,SNV			3	0
ENSG00000230773	ENSG00000230773	GroupA_exclusive	TK10,TK91,TK93	SNV			3	0
ENSG00000230794	ENSG00000230794	GroupA_exclusive	TK91,TK92,TK93	SNV			3	0
ENSG00000230835	ENSG00000230835	GroupA_exclusive	TK10,TK18,TK92	SNV			3	0
ENSG00000230920	ENSG00000230920	GroupA_exclusive	TK91,TK92,TK93	SNV			3	0
ENSG00000230929	ENSG00000230929	GroupA_exclusive	TK91,TK92,TK93	SNV			3	0
ENSG00000231098	ENSG00000231098	GroupA_exclusive	TK16,TK92,TK93	SNV			3	0
ENSG00000231198	ENSG00000231198	GroupA_exclusive	TK10,TK16,TK18	SNV			3	0
ENSG00000231266	ENSG00000231266	GroupA_exclusive	TK91,TK92,TK93	SNV			3	0
ENSG00000231271	ENSG00000231271	GroupA_exclusive	TK18,TK92,TK93	INDEL,SNV			3	0
ENSG00000231295	ENSG00000231295	GroupA_exclusive	TK91,TK92,TK93	INDEL,SNV			3	0
ENSG00000231317	ENSG00000231317	GroupA_exclusive	TK18,TK92,TK93	SNV			3	0
ENSG00000231329	ENSG00000231329	GroupA_exclusive	TK91,TK92,TK93	INDEL,SNV			3	0
ENSG00000231403	ENSG00000231403	GroupA_exclusive	TK91,TK92,TK93	SNV			3	0
ENSG00000231454	ENSG00000231454	GroupA_exclusive	TK10,TK91,TK92	SNV			3	0
ENSG00000231460	ENSG00000231460	GroupA_exclusive	TK91,TK92,TK93	SNV			3	0
ENSG00000231509	ENSG00000231509	GroupA_exclusive	TK91,TK92,TK93	INDEL,SNV			3	0
ENSG00000231691	ENSG00000231691	GroupA_exclusive	TK10,TK91,TK93	SNV			3	0
ENSG00000231977	ENSG00000231977	GroupA_exclusive	TK16,TK18,TK92	SNV			3	0
ENSG00000231992	ENSG00000231992	GroupA_exclusive	TK91,TK92,TK93	SNV			3	0
ENSG00000232130	ENSG00000232130	GroupA_exclusive	TK91,TK92,TK93	SNV			3	0
ENSG00000232290	ENSG00000232290	GroupA_exclusive	TK91,TK92,TK93	SNV			3	0
ENSG00000232360	ENSG00000232360	GroupA_exclusive	TK16,TK92,TK93	INDEL,SNV			3	0
ENSG00000232471	ENSG00000232471	GroupA_exclusive	TK91,TK92,TK93	INDEL,SNV			3	0
ENSG00000232528	ENSG00000232528	GroupA_exclusive	TK18,TK91,TK93	INDEL,SNV			3	0
ENSG00000232642	ENSG00000232642	GroupA_exclusive	TK10,TK16,TK93	SNV			3	0
ENSG00000232719	ENSG00000232719	GroupA_exclusive	TK10,TK92,TK93	INDEL,SNV			3	0
ENSG00000232935	ENSG00000232935	GroupA_exclusive	TK91,TK92,TK93	SNV			3	0
ENSG00000233018	ENSG00000233018	GroupA_exclusive	TK91,TK92,TK93	SNV			3	0
ENSG00000233021	ENSG00000233021	GroupA_exclusive	TK91,TK92,TK93	INDEL,SNV			3	0
ENSG00000233288	ENSG00000233288	GroupA_exclusive	TK91,TK92,TK93	INDEL,SNV			3	0
ENSG00000233340	ENSG00000233340	GroupA_exclusive	TK91,TK92,TK93	SNV			3	0
ENSG00000234021	ENSG00000234021	GroupA_exclusive	TK91,TK92,TK93	INDEL,SNV			3	0
ENSG00000234085	ENSG00000234085	GroupA_exclusive	TK10,TK91,TK92	SNV			3	0
ENSG00000234136	ENSG00000234136	GroupA_exclusive	TK10,TK91,TK92	SNV			3	0
ENSG00000234147	ENSG00000234147	GroupA_exclusive	TK91,TK92,TK93	INDEL,SNV			3	0
ENSG00000234175	ENSG00000234175	GroupA_exclusive	TK91,TK92,TK93	SNV			3	0
ENSG00000234273	ENSG00000234273	GroupA_exclusive	TK91,TK92,TK93	INDEL,SNV			3	0
ENSG00000234275	ENSG00000234275	GroupA_exclusive	TK91,TK92,TK93	INDEL,SNV			3	0
ENSG00000234356	ENSG00000234356	GroupA_exclusive	TK91,TK92,TK93	SNV			3	0
ENSG00000234677	ENSG00000234677	GroupA_exclusive	TK91,TK92,TK93	SNV			3	0
ENSG00000234718	ENSG00000234718	GroupA_exclusive	TK91,TK92,TK93	INDEL,SNV			3	0
ENSG00000235038	ENSG00000235038	GroupA_exclusive	TK91,TK92,TK93	SNV			3	0
ENSG00000235066	ENSG00000235066	GroupA_exclusive	TK91,TK92,TK93	SNV			3	0
ENSG00000235096	ENSG00000235096	GroupA_exclusive	TK91,TK92,TK93	SNV			3	0
ENSG00000235240	ENSG00000235240	GroupA_exclusive	TK16,TK92,TK93	SNV			3	0
ENSG00000235281	ENSG00000235281	GroupA_exclusive	TK10,TK92,TK93	SNV			3	0
ENSG00000235292	ENSG00000235292	GroupA_exclusive	TK91,TK92,TK93	INDEL,SNV			3	0
ENSG00000235303	ENSG00000235303	GroupA_exclusive	TK91,TK92,TK93	SNV			3	0
ENSG00000235337	ENSG00000235337	GroupA_exclusive	TK10,TK91,TK92	SNV			3	0
ENSG00000235350	ENSG00000235350	GroupA_exclusive	TK18,TK92,TK93	SNV			3	0
ENSG00000235583	ENSG00000235583	GroupA_exclusive	TK91,TK92,TK93	INDEL,SNV			3	0
ENSG00000235902	ENSG00000235902	GroupA_exclusive	TK91,TK92,TK93	SNV			3	0
ENSG00000235991	ENSG00000235991	GroupA_exclusive	TK91,TK92,TK93	SNV			3	0
ENSG00000236064	ENSG00000236064	GroupA_exclusive	TK91,TK92,TK93	SNV			3	0
ENSG00000236154	ENSG00000236154	GroupA_exclusive	TK91,TK92,TK93	INDEL,SNV			3	0
ENSG00000236180	ENSG00000236180	GroupA_exclusive	TK91,TK92,TK93	SNV			3	0
ENSG00000236231	ENSG00000236231	GroupA_exclusive	TK91,TK92,TK93	SNV			3	0
ENSG00000236274	ENSG00000236274	GroupA_exclusive	TK91,TK92,TK93	SNV			3	0
ENSG00000236451	ENSG00000236451	GroupA_exclusive	TK10,TK91,TK93	SNV			3	0
ENSG00000236501	ENSG00000236501	GroupA_exclusive	TK10,TK18,TK93	SNV			3	0
ENSG00000236636	ENSG00000236636	GroupA_exclusive	TK91,TK92,TK93	SNV			3	0
ENSG00000236643	ENSG00000236643	GroupA_exclusive	TK10,TK18,TK93	INDEL,SNV			3	0
ENSG00000236664	ENSG00000236664	GroupA_exclusive	TK18,TK92,TK93	SNV			3	0
ENSG00000236710	ENSG00000236710	GroupA_exclusive	TK10,TK92,TK93	SNV			3	0
ENSG00000236744	ENSG00000236744	GroupA_exclusive	TK91,TK92,TK93	SNV			3	0
ENSG00000236779	ENSG00000236779	GroupA_exclusive	TK91,TK92,TK93	SNV			3	0
ENSG00000236867	ENSG00000236867	GroupA_exclusive	TK91,TK92,TK93	SNV			3	0
ENSG00000236936	ENSG00000236936	GroupA_exclusive	TK91,TK92,TK93	SNV			3	0
ENSG00000236940	ENSG00000236940	GroupA_exclusive	TK91,TK92,TK93	SNV			3	0
ENSG00000236941	ENSG00000236941	GroupA_exclusive	TK16,TK18,TK93	SNV			3	0
ENSG00000236961	ENSG00000236961	GroupA_exclusive	TK91,TK92,TK93	INDEL,SNV			3	0
ENSG00000237019	ENSG00000237019	GroupA_exclusive	TK10,TK91,TK93	SNV			3	0
ENSG00000237167	ENSG00000237167	GroupA_exclusive	TK91,TK92,TK93	SNV			3	0
ENSG00000237176	ENSG00000237176	GroupA_exclusive	TK91,TK92,TK93	INDEL,SNV			3	0
ENSG00000237224	ENSG00000237224	GroupA_exclusive	TK91,TK92,TK93	SNV			3	0
ENSG00000237249	ENSG00000237249	GroupA_exclusive	TK91,TK92,TK93	INDEL,SNV			3	0
ENSG00000237271	ENSG00000237271	GroupA_exclusive	TK91,TK92,TK93	SNV			3	0
ENSG00000237316	ENSG00000237316	GroupA_exclusive	TK91,TK92,TK93	SNV			3	0
ENSG00000237321	ENSG00000237321	GroupA_exclusive	TK91,TK92,TK93	SNV			3	0
ENSG00000237325	ENSG00000237325	GroupA_exclusive	TK91,TK92,TK93	SNV			3	0
ENSG00000237329	ENSG00000237329	GroupA_exclusive	TK91,TK92,TK93	SNV			3	0
ENSG00000237419	ENSG00000237419	GroupA_exclusive	TK16,TK18,TK92	SNV			3	0
ENSG00000237713	ENSG00000237713	GroupA_exclusive	TK91,TK92,TK93	SNV			3	0
ENSG00000237756	ENSG00000237756	GroupA_exclusive	TK10,TK16,TK91	SNV			3	0
ENSG00000237768	ENSG00000237768	GroupA_exclusive	TK91,TK92,TK93	SNV			3	0
ENSG00000237921	ENSG00000237921	GroupA_exclusive	TK91,TK92,TK93	SNV			3	0
ENSG00000237971	ENSG00000237971	GroupA_exclusive	TK91,TK92,TK93	SNV			3	0
ENSG00000238085	ENSG00000238085	GroupA_exclusive	TK91,TK92,TK93	SNV			3	0
ENSG00000238272	ENSG00000238272	GroupA_exclusive	TK91,TK92,TK93	INDEL,SNV			3	0
ENSG00000239005	ENSG00000239005	GroupA_exclusive	TK91,TK92,TK93	SNV			3	0
ENSG00000239381	ENSG00000239381	GroupA_exclusive	TK91,TK92,TK93	SNV			3	0
ENSG00000240056	ENSG00000240056	GroupA_exclusive	TK91,TK92,TK93	INDEL,SNV			3	0
ENSG00000241042	ENSG00000241042	GroupA_exclusive	TK10,TK18,TK91	SNV			3	0
ENSG00000241231	ENSG00000241231	GroupA_exclusive	TK91,TK92,TK93	INDEL,SNV			3	0
ENSG00000241324	ENSG00000241324	GroupA_exclusive	TK91,TK92,TK93	INDEL,SNV			3	0
ENSG00000241449	ENSG00000241449	GroupA_exclusive	TK91,TK92,TK93	INDEL,SNV			3	0
ENSG00000241596	ENSG00000241596	GroupA_exclusive	TK91,TK92,TK93	SNV			3	0
ENSG00000242795	ENSG00000242795	GroupA_exclusive	TK91,TK92,TK93	INDEL,SNV			3	0
ENSG00000243486	ENSG00000243486	GroupA_exclusive	TK91,TK92,TK93	INDEL,SNV			3	0
ENSG00000243621	ENSG00000243621	GroupA_exclusive	TK91,TK92,TK93	SNV			3	0
ENSG00000243781	ENSG00000243781	GroupA_exclusive	TK91,TK92,TK93	SNV			3	0
ENSG00000244604	ENSG00000244604	GroupA_exclusive	TK91,TK92,TK93	SNV			3	0
ENSG00000247311	ENSG00000247311	GroupA_exclusive	TK91,TK92,TK93	INDEL,SNV			3	0
ENSG00000248112	ENSG00000248112	GroupA_exclusive	TK10,TK91,TK93	INDEL,SNV			3	0
ENSG00000248115	ENSG00000248115	GroupA_exclusive	TK91,TK92,TK93	INDEL,SNV			3	0
ENSG00000248138	ENSG00000248138	GroupA_exclusive	TK91,TK92,TK93	INDEL,SNV			3	0
ENSG00000248172	ENSG00000248172	GroupA_exclusive	TK10,TK92,TK93	SNV			3	0
ENSG00000248196	ENSG00000248196	GroupA_exclusive	TK91,TK92,TK93	SNV			3	0
ENSG00000248206	ENSG00000248206	GroupA_exclusive	TK91,TK92,TK93	SNV			3	0
ENSG00000248388	ENSG00000248388	GroupA_exclusive	TK91,TK92,TK93	INDEL,SNV			3	0
ENSG00000248416	ENSG00000248416	GroupA_exclusive	TK10,TK91,TK92	SNV			3	0
ENSG00000248491	ENSG00000248491	GroupA_exclusive	TK10,TK91,TK92	SNV			3	0
ENSG00000248521	ENSG00000248521	GroupA_exclusive	TK18,TK92,TK93	SNV			3	0
ENSG00000248625	ENSG00000248625	GroupA_exclusive	TK91,TK92,TK93	SNV			3	0
ENSG00000248747	ENSG00000248747	GroupA_exclusive	TK16,TK91,TK92	SNV			3	0
ENSG00000248783	ENSG00000248783	GroupA_exclusive	TK18,TK91,TK92	INDEL,SNV			3	0
ENSG00000248939	ENSG00000248939	GroupA_exclusive	TK10,TK16,TK93	SNV			3	0
ENSG00000248967	ENSG00000248967	GroupA_exclusive	TK91,TK92,TK93	SNV			3	0
ENSG00000248984	ENSG00000248984	GroupA_exclusive	TK91,TK92,TK93	SNV			3	0
ENSG00000249006	ENSG00000249006	GroupA_exclusive	TK91,TK92,TK93	SNV			3	0
ENSG00000249019	ENSG00000249019	GroupA_exclusive	TK91,TK92,TK93	SNV			3	0
ENSG00000249052	ENSG00000249052	GroupA_exclusive	TK91,TK92,TK93	SNV			3	0
ENSG00000249077	ENSG00000249077	GroupA_exclusive	TK16,TK91,TK92	SNV			3	0
ENSG00000249388	ENSG00000249388	GroupA_exclusive	TK91,TK92,TK93	INDEL,SNV			3	0
ENSG00000249451	ENSG00000249451	GroupA_exclusive	TK10,TK16,TK93	INDEL,SNV			3	0
ENSG00000249541	ENSG00000249541	GroupA_exclusive	TK18,TK91,TK93	SNV			3	0
ENSG00000249574	ENSG00000249574	GroupA_exclusive	TK91,TK92,TK93	SNV			3	0
ENSG00000249690	ENSG00000249690	GroupA_exclusive	TK10,TK92,TK93	SNV			3	0
ENSG00000249706	ENSG00000249706	GroupA_exclusive	TK10,TK92,TK93	SNV			3	0
ENSG00000249752	ENSG00000249752	GroupA_exclusive	TK10,TK91,TK92	SNV			3	0
ENSG00000249807	ENSG00000249807	GroupA_exclusive	TK91,TK92,TK93	SNV			3	0
ENSG00000249998	ENSG00000249998	GroupA_exclusive	TK10,TK16,TK93	SNV			3	0
ENSG00000250039	ENSG00000250039	GroupA_exclusive	TK91,TK92,TK93	SNV			3	0
ENSG00000250098	ENSG00000250098	GroupA_exclusive	TK91,TK92,TK93	SNV			3	0
ENSG00000250122	ENSG00000250122	GroupA_exclusive	TK91,TK92,TK93	SNV			3	0
ENSG00000250158	ENSG00000250158	GroupA_exclusive	TK91,TK92,TK93	INDEL,SNV			3	0
ENSG00000250213	ENSG00000250213	GroupA_exclusive	TK91,TK92,TK93	INDEL,SNV			3	0
ENSG00000250214	ENSG00000250214	GroupA_exclusive	TK91,TK92,TK93	SNV			3	0
ENSG00000250282	ENSG00000250282	GroupA_exclusive	TK91,TK92,TK93	SNV			3	0
ENSG00000250315	ENSG00000250315	GroupA_exclusive	TK91,TK92,TK93	SNV			3	0
ENSG00000250330	ENSG00000250330	GroupA_exclusive	TK91,TK92,TK93	SNV			3	0
ENSG00000250338	ENSG00000250338	GroupA_exclusive	TK91,TK92,TK93	SNV			3	0
ENSG00000250383	ENSG00000250383	GroupA_exclusive	TK91,TK92,TK93	INDEL,SNV			3	0
ENSG00000250470	ENSG00000250470	GroupA_exclusive	TK16,TK18,TK92	SNV			3	0
ENSG00000250541	ENSG00000250541	GroupA_exclusive	TK91,TK92,TK93	SNV			3	0
ENSG00000250706	ENSG00000250706	GroupA_exclusive	TK91,TK92,TK93	INDEL,SNV			3	0
ENSG00000250749	ENSG00000250749	GroupA_exclusive	TK91,TK92,TK93	SNV			3	0
ENSG00000250753	ENSG00000250753	GroupA_exclusive	TK18,TK92,TK93	INDEL,SNV			3	0
ENSG00000250877	ENSG00000250877	GroupA_exclusive	TK91,TK92,TK93	SNV			3	0
ENSG00000250882	ENSG00000250882	GroupA_exclusive	TK16,TK92,TK93	SNV			3	0
ENSG00000250945	ENSG00000250945	GroupA_exclusive	TK91,TK92,TK93	INDEL,SNV			3	0
ENSG00000250948	ENSG00000250948	GroupA_exclusive	TK10,TK91,TK93	SNV			3	0
ENSG00000250955	ENSG00000250955	GroupA_exclusive	TK91,TK92,TK93	SNV			3	0
ENSG00000250956	ENSG00000250956	GroupA_exclusive	TK91,TK92,TK93	INDEL			3	0
ENSG00000251023	ENSG00000251023	GroupA_exclusive	TK16,TK92,TK93	SNV			3	0
ENSG00000251062	ENSG00000251062	GroupA_exclusive	TK91,TK92,TK93	SNV			3	0
ENSG00000251250	ENSG00000251250	GroupA_exclusive	TK10,TK18,TK93	SNV			3	0
ENSG00000251264	ENSG00000251264	GroupA_exclusive	TK91,TK92,TK93	SNV			3	0
ENSG00000251330	ENSG00000251330	GroupA_exclusive	TK91,TK92,TK93	SNV			3	0
ENSG00000251354	ENSG00000251354	GroupA_exclusive	TK91,TK92,TK93	SNV			3	0
ENSG00000251388	ENSG00000251388	GroupA_exclusive	TK91,TK92,TK93	INDEL,SNV			3	0
ENSG00000251523	ENSG00000251523	GroupA_exclusive	TK91,TK92,TK93	INDEL,SNV			3	0
ENSG00000251555	ENSG00000251555	GroupA_exclusive	TK91,TK92,TK93	INDEL,SNV			3	0
ENSG00000251579	ENSG00000251579	GroupA_exclusive	TK91,TK92,TK93	SNV			3	0
ENSG00000251584	ENSG00000251584	GroupA_exclusive	TK16,TK92,TK93	SNV			3	0
ENSG00000251654	ENSG00000251654	GroupA_exclusive	TK91,TK92,TK93	INDEL,SNV			3	0
ENSG00000252774	ENSG00000252774	GroupA_exclusive	TK91,TK92,TK93	SNV			3	0
ENSG00000252800	ENSG00000252800	GroupA_exclusive	TK91,TK92,TK93	SNV			3	0
ENSG00000253116	ENSG00000253116	GroupA_exclusive	TK91,TK92,TK93	SNV			3	0
ENSG00000253168	ENSG00000253168	GroupA_exclusive	TK91,TK92,TK93	SNV			3	0
ENSG00000253171	ENSG00000253171	GroupA_exclusive	TK91,TK92,TK93	SNV			3	0
ENSG00000253256	ENSG00000253256	GroupA_exclusive	TK91,TK92,TK93	SNV			3	0
ENSG00000253281	ENSG00000253281	GroupA_exclusive	TK10,TK18,TK93	SNV			3	0
ENSG00000253288	ENSG00000253288	GroupA_exclusive	TK10,TK91,TK93	SNV			3	0
ENSG00000253317	ENSG00000253317	GroupA_exclusive	TK91,TK92,TK93	SNV			3	0
ENSG00000253326	ENSG00000253326	GroupA_exclusive	TK18,TK91,TK92	INDEL,SNV			3	0
ENSG00000253333	ENSG00000253333	GroupA_exclusive	TK91,TK92,TK93	SNV			3	0
ENSG00000253358	ENSG00000253358	GroupA_exclusive	TK91,TK92,TK93	SNV			3	0
ENSG00000253474	ENSG00000253474	GroupA_exclusive	TK10,TK16,TK91	SNV			3	0
ENSG00000253475	ENSG00000253475	GroupA_exclusive	TK91,TK92,TK93	SNV			3	0
ENSG00000253503	ENSG00000253503	GroupA_exclusive	TK10,TK91,TK92	SNV			3	0
ENSG00000253519	ENSG00000253519	GroupA_exclusive	TK91,TK92,TK93	INDEL,SNV			3	0
ENSG00000253524	ENSG00000253524	GroupA_exclusive	TK91,TK92,TK93	INDEL,SNV			3	0
ENSG00000253550	ENSG00000253550	GroupA_exclusive	TK91,TK92,TK93	SNV			3	0
ENSG00000253558	ENSG00000253558	GroupA_exclusive	TK91,TK92,TK93	SNV			3	0
ENSG00000253585	ENSG00000253585	GroupA_exclusive	TK10,TK16,TK93	SNV			3	0
ENSG00000253680	ENSG00000253680	GroupA_exclusive	TK91,TK92,TK93	SNV			3	0
ENSG00000253762	ENSG00000253762	GroupA_exclusive	TK10,TK91,TK92	INDEL,SNV			3	0
ENSG00000253766	ENSG00000253766	GroupA_exclusive	TK91,TK92,TK93	INDEL,SNV			3	0
ENSG00000253825	ENSG00000253825	GroupA_exclusive	TK16,TK91,TK92	SNV			3	0
ENSG00000253844	ENSG00000253844	GroupA_exclusive	TK18,TK91,TK93	SNV			3	0
ENSG00000253949	ENSG00000253949	GroupA_exclusive	TK91,TK92,TK93	SNV			3	0
ENSG00000254019	ENSG00000254019	GroupA_exclusive	TK10,TK91,TK93	SNV			3	0
ENSG00000254041	ENSG00000254041	GroupA_exclusive	TK91,TK92,TK93	INDEL,SNV			3	0
ENSG00000254143	ENSG00000254143	GroupA_exclusive	TK91,TK92,TK93	SNV			3	0
ENSG00000254251	ENSG00000254251	GroupA_exclusive	TK10,TK91,TK93	INDEL,SNV			3	0
ENSG00000254278	ENSG00000254278	GroupA_exclusive	TK91,TK92,TK93	SNV			3	0
ENSG00000254288	ENSG00000254288	GroupA_exclusive	TK91,TK92,TK93	SNV			3	0
ENSG00000254315	ENSG00000254315	GroupA_exclusive	TK10,TK91,TK92	SNV			3	0
ENSG00000254394	ENSG00000254394	GroupA_exclusive	TK10,TK91,TK93	SNV			3	0
ENSG00000254434	ENSG00000254434	GroupA_exclusive	TK91,TK92,TK93	SNV			3	0
ENSG00000254460	ENSG00000254460	GroupA_exclusive	TK91,TK92,TK93	SNV			3	0
ENSG00000254468	ENSG00000254468	GroupA_exclusive	TK10,TK16,TK91	SNV			3	0
ENSG00000254509	ENSG00000254509	GroupA_exclusive	TK16,TK18,TK93	SNV			3	0
ENSG00000254604	ENSG00000254604	GroupA_exclusive	TK18,TK92,TK93	SNV			3	0
ENSG00000254645	ENSG00000254645	GroupA_exclusive	TK10,TK91,TK92	SNV			3	0
ENSG00000254649	ENSG00000254649	GroupA_exclusive	TK91,TK92,TK93	SNV			3	0
ENSG00000254719	ENSG00000254719	GroupA_exclusive	TK10,TK91,TK93	SNV			3	0
ENSG00000254730	ENSG00000254730	GroupA_exclusive	TK91,TK92,TK93	INDEL,SNV			3	0
ENSG00000254734	ENSG00000254734	GroupA_exclusive	TK91,TK92,TK93	SNV			3	0
ENSG00000254765	ENSG00000254765	GroupA_exclusive	TK91,TK92,TK93	SNV			3	0
ENSG00000254839	ENSG00000254839	GroupA_exclusive	TK91,TK92,TK93	INDEL,SNV			3	0
ENSG00000254851	ENSG00000254851	GroupA_exclusive	TK91,TK92,TK93	SNV			3	0
ENSG00000254939	ENSG00000254939	GroupA_exclusive	TK91,TK92,TK93	INDEL,SNV			3	0
ENSG00000254942	ENSG00000254942	GroupA_exclusive	TK18,TK91,TK92	SNV			3	0
ENSG00000255067	ENSG00000255067	GroupA_exclusive	TK91,TK92,TK93	SNV			3	0
ENSG00000255087	ENSG00000255087	GroupA_exclusive	TK16,TK92,TK93	SNV			3	0
ENSG00000255107	ENSG00000255107	GroupA_exclusive	TK91,TK92,TK93	INDEL,SNV			3	0
ENSG00000255246	ENSG00000255246	GroupA_exclusive	TK91,TK92,TK93	SNV			3	0
ENSG00000255296	ENSG00000255296	GroupA_exclusive	TK91,TK92,TK93	SNV			3	0
ENSG00000255321	ENSG00000255321	GroupA_exclusive	TK91,TK92,TK93	SNV			3	0
ENSG00000255462	ENSG00000255462	GroupA_exclusive	TK91,TK92,TK93	SNV			3	0
ENSG00000255480	ENSG00000255480	GroupA_exclusive	TK91,TK92,TK93	SNV			3	0
ENSG00000255555	ENSG00000255555	GroupA_exclusive	TK91,TK92,TK93	SNV			3	0
ENSG00000255856	ENSG00000255856	GroupA_exclusive	TK10,TK92,TK93	INDEL,SNV			3	0
ENSG00000255928	ENSG00000255928	GroupA_exclusive	TK91,TK92,TK93	SNV			3	0
ENSG00000255965	ENSG00000255965	GroupA_exclusive	TK91,TK92,TK93	SNV			3	0
ENSG00000256249	ENSG00000256249	GroupA_exclusive	TK91,TK92,TK93	INDEL,SNV			3	0
ENSG00000256314	ENSG00000256314	GroupA_exclusive	TK91,TK92,TK93	SNV			3	0
ENSG00000256450	ENSG00000256450	GroupA_exclusive	TK91,TK92,TK93	SNV			3	0
ENSG00000256588	ENSG00000256588	GroupA_exclusive	TK91,TK92,TK93	SNV			3	0
ENSG00000256803	ENSG00000256803	GroupA_exclusive	TK18,TK91,TK93	INDEL,SNV			3	0
ENSG00000256969	ENSG00000256969	GroupA_exclusive	TK91,TK92,TK93	SNV			3	0
ENSG00000256975	ENSG00000256975	GroupA_exclusive	TK91,TK92,TK93	SNV			3	0
ENSG00000257202	ENSG00000257202	GroupA_exclusive	TK16,TK18,TK91	INDEL,SNV			3	0
ENSG00000257298	ENSG00000257298	GroupA_exclusive	TK91,TK92,TK93	SNV			3	0
ENSG00000257391	ENSG00000257391	GroupA_exclusive	TK91,TK92,TK93	SNV			3	0
ENSG00000257438	ENSG00000257438	GroupA_exclusive	TK91,TK92,TK93	INDEL,SNV			3	0
ENSG00000257616	ENSG00000257616	GroupA_exclusive	TK91,TK92,TK93	SNV			3	0
ENSG00000257657	ENSG00000257657	GroupA_exclusive	TK91,TK92,TK93	SNV			3	0
ENSG00000257682	ENSG00000257682	GroupA_exclusive	TK91,TK92,TK93	SNV			3	0
ENSG00000257761	ENSG00000257761	GroupA_exclusive	TK10,TK92,TK93	SNV			3	0
ENSG00000257769	ENSG00000257769	GroupA_exclusive	TK91,TK92,TK93	SNV			3	0
ENSG00000257831	ENSG00000257831	GroupA_exclusive	TK16,TK91,TK92	SNV			3	0
ENSG00000257896	ENSG00000257896	GroupA_exclusive	TK10,TK18,TK93	SNV			3	0
ENSG00000257943	ENSG00000257943	GroupA_exclusive	TK91,TK92,TK93	INDEL,SNV			3	0
ENSG00000257947	ENSG00000257947	GroupA_exclusive	TK91,TK92,TK93	SNV			3	0
ENSG00000257962	ENSG00000257962	GroupA_exclusive	TK10,TK91,TK93	INDEL,SNV			3	0
ENSG00000257964	ENSG00000257964	GroupA_exclusive	TK10,TK92,TK93	SNV			3	0
ENSG00000258010	ENSG00000258010	GroupA_exclusive	TK91,TK92,TK93	SNV			3	0
ENSG00000258012	ENSG00000258012	GroupA_exclusive	TK10,TK91,TK92	INDEL,SNV			3	0
ENSG00000258028	ENSG00000258028	GroupA_exclusive	TK91,TK92,TK93	INDEL,SNV			3	0
ENSG00000258044	ENSG00000258044	GroupA_exclusive	TK91,TK92,TK93	SNV			3	0
ENSG00000258204	ENSG00000258204	GroupA_exclusive	TK91,TK92,TK93	SNV			3	0
ENSG00000258216	ENSG00000258216	GroupA_exclusive	TK16,TK18,TK91	SNV			3	0
ENSG00000258225	ENSG00000258225	GroupA_exclusive	TK18,TK92,TK93	INDEL,SNV			3	0
ENSG00000258272	ENSG00000258272	GroupA_exclusive	TK10,TK92,TK93	INDEL,SNV			3	0
ENSG00000258308	ENSG00000258308	GroupA_exclusive	TK18,TK92,TK93	SNV			3	0
ENSG00000258312	ENSG00000258312	GroupA_exclusive	TK10,TK18,TK91	SNV			3	0
ENSG00000258337	ENSG00000258337	GroupA_exclusive	TK91,TK92,TK93	INDEL,SNV			3	0
ENSG00000258386	ENSG00000258386	GroupA_exclusive	TK16,TK92,TK93	INDEL,SNV			3	0
ENSG00000258393	ENSG00000258393	GroupA_exclusive	TK16,TK92,TK93	SNV			3	0
ENSG00000258416	ENSG00000258416	GroupA_exclusive	TK18,TK92,TK93	SNV			3	0
ENSG00000258490	ENSG00000258490	GroupA_exclusive	TK91,TK92,TK93	SNV			3	0
ENSG00000258580	ENSG00000258580	GroupA_exclusive	TK10,TK91,TK92	SNV			3	0
ENSG00000258581	ENSG00000258581	GroupA_exclusive	TK10,TK91,TK93	SNV			3	0
ENSG00000258601	ENSG00000258601	GroupA_exclusive	TK91,TK92,TK93	SNV			3	0
ENSG00000258604	ENSG00000258604	GroupA_exclusive	TK10,TK16,TK93	SNV			3	0
ENSG00000258698	ENSG00000258698	GroupA_exclusive	TK10,TK18,TK92	SNV			3	0
ENSG00000258729	ENSG00000258729	GroupA_exclusive	TK91,TK92,TK93	SNV			3	0
ENSG00000258752	ENSG00000258752	GroupA_exclusive	TK91,TK92,TK93	INDEL,SNV			3	0
ENSG00000258758	ENSG00000258758	GroupA_exclusive	TK91,TK92,TK93	SNV			3	0
ENSG00000258807	ENSG00000258807	GroupA_exclusive	TK91,TK92,TK93	SNV			3	0
ENSG00000258837	ENSG00000258837	GroupA_exclusive	TK91,TK92,TK93	SNV			3	0
ENSG00000258881	ENSG00000258881	GroupA_exclusive	TK10,TK92,TK93	SNV			3	0
ENSG00000258918	ENSG00000258918	GroupA_exclusive	TK10,TK92,TK93	SNV			3	0
ENSG00000258930	ENSG00000258930	GroupA_exclusive	TK91,TK92,TK93	SNV			3	0
ENSG00000259013	ENSG00000259013	GroupA_exclusive	TK91,TK92,TK93	SNV			3	0
ENSG00000259079	ENSG00000259079	GroupA_exclusive	TK10,TK91,TK93	SNV			3	0
ENSG00000259136	ENSG00000259136	GroupA_exclusive	TK91,TK92,TK93	SNV			3	0
ENSG00000259177	ENSG00000259177	GroupA_exclusive	TK91,TK92,TK93	INDEL,SNV			3	0
ENSG00000259178	ENSG00000259178	GroupA_exclusive	TK10,TK91,TK93	INDEL,SNV			3	0
ENSG00000259198	ENSG00000259198	GroupA_exclusive	TK91,TK92,TK93	INDEL,SNV			3	0
ENSG00000259202	ENSG00000259202	GroupA_exclusive	TK91,TK92,TK93	SNV			3	0
ENSG00000259252	ENSG00000259252	GroupA_exclusive	TK91,TK92,TK93	INDEL,SNV			3	0
ENSG00000259269	ENSG00000259269	GroupA_exclusive	TK91,TK92,TK93	SNV			3	0
ENSG00000259276	ENSG00000259276	GroupA_exclusive	TK91,TK92,TK93	SNV			3	0
ENSG00000259356	ENSG00000259356	GroupA_exclusive	TK91,TK92,TK93	SNV			3	0
ENSG00000259364	ENSG00000259364	GroupA_exclusive	TK91,TK92,TK93	SNV			3	0
ENSG00000259368	ENSG00000259368	GroupA_exclusive	TK10,TK92,TK93	INDEL,SNV			3	0
ENSG00000259390	ENSG00000259390	GroupA_exclusive	TK16,TK18,TK92	SNV			3	0
ENSG00000259397	ENSG00000259397	GroupA_exclusive	TK10,TK92,TK93	SNV			3	0
ENSG00000259505	ENSG00000259505	GroupA_exclusive	TK91,TK92,TK93	SNV			3	0
ENSG00000259532	ENSG00000259532	GroupA_exclusive	TK91,TK92,TK93	SNV			3	0
ENSG00000259632	ENSG00000259632	GroupA_exclusive	TK91,TK92,TK93	SNV			3	0
ENSG00000259669	ENSG00000259669	GroupA_exclusive	TK91,TK92,TK93	SNV			3	0
ENSG00000259682	ENSG00000259682	GroupA_exclusive	TK91,TK92,TK93	SNV			3	0
ENSG00000259735	ENSG00000259735	GroupA_exclusive	TK91,TK92,TK93	SNV			3	0
ENSG00000259828	ENSG00000259828	GroupA_exclusive	TK91,TK92,TK93	INDEL,SNV			3	0
ENSG00000259869	ENSG00000259869	GroupA_exclusive	TK91,TK92,TK93	INDEL,SNV			3	0
ENSG00000259967	ENSG00000259967	GroupA_exclusive	TK91,TK92,TK93	INDEL,SNV			3	0
ENSG00000259999	ENSG00000259999	GroupA_exclusive	TK91,TK92,TK93	SNV			3	0
ENSG00000260038	ENSG00000260038	GroupA_exclusive	TK10,TK91,TK92	SNV			3	0
ENSG00000260064	ENSG00000260064	GroupA_exclusive	TK10,TK91,TK92	SNV			3	0
ENSG00000260071	ENSG00000260071	GroupA_exclusive	TK10,TK16,TK93	SNV			3	0
ENSG00000260073	ENSG00000260073	GroupA_exclusive	TK10,TK92,TK93	SNV			3	0
ENSG00000260156	ENSG00000260156	GroupA_exclusive	TK16,TK91,TK92	SNV			3	0
ENSG00000260190	ENSG00000260190	GroupA_exclusive	TK91,TK92,TK93	SNV			3	0
ENSG00000260194	ENSG00000260194	GroupA_exclusive	TK91,TK92,TK93	SNV			3	0
ENSG00000260273	ENSG00000260273	GroupA_exclusive	TK10,TK16,TK18	SNV			3	0
ENSG00000260368	ENSG00000260368	GroupA_exclusive	TK10,TK91,TK93	SNV			3	0
ENSG00000260398	ENSG00000260398	GroupA_exclusive	TK91,TK92,TK93	INDEL,SNV			3	0
ENSG00000260460	ENSG00000260460	GroupA_exclusive	TK10,TK92,TK93	SNV			3	0
ENSG00000260473	ENSG00000260473	GroupA_exclusive	TK91,TK92,TK93	SNV			3	0
ENSG00000260479	ENSG00000260479	GroupA_exclusive	TK91,TK92,TK93	SNV			3	0
ENSG00000260511	ENSG00000260511	GroupA_exclusive	TK91,TK92,TK93	SNV			3	0
ENSG00000260578	ENSG00000260578	GroupA_exclusive	TK91,TK92,TK93	SNV			3	0
ENSG00000260583	ENSG00000260583	GroupA_exclusive	TK91,TK92,TK93	SNV			3	0
ENSG00000260594	ENSG00000260594	GroupA_exclusive	TK91,TK92,TK93	SNV			3	0
ENSG00000260619	ENSG00000260619	GroupA_exclusive	TK91,TK92,TK93	SNV			3	0
ENSG00000260621	ENSG00000260621	GroupA_exclusive	TK91,TK92,TK93	INDEL,SNV			3	0
ENSG00000260645	ENSG00000260645	GroupA_exclusive	TK16,TK91,TK92	INDEL,SNV			3	0
ENSG00000260672	ENSG00000260672	GroupA_exclusive	TK18,TK91,TK93	SNV			3	0
ENSG00000260693	ENSG00000260693	GroupA_exclusive	TK10,TK16,TK18	SNV			3	0
ENSG00000260733	ENSG00000260733	GroupA_exclusive	TK91,TK92,TK93	INDEL,SNV			3	0
ENSG00000260744	ENSG00000260744	GroupA_exclusive	TK10,TK91,TK93	INDEL,SNV			3	0
ENSG00000260755	ENSG00000260755	GroupA_exclusive	TK10,TK18,TK91	INDEL,SNV			3	0
ENSG00000260782	ENSG00000260782	GroupA_exclusive	TK18,TK91,TK93	SNV			3	0
ENSG00000260810	ENSG00000260810	GroupA_exclusive	TK91,TK92,TK93	SNV			3	0
ENSG00000260877	ENSG00000260877	GroupA_exclusive	TK91,TK92,TK93	SNV			3	0
ENSG00000260970	ENSG00000260970	GroupA_exclusive	TK91,TK92,TK93	SNV			3	0
ENSG00000260971	ENSG00000260971	GroupA_exclusive	TK16,TK91,TK93	INDEL,SNV			3	0
ENSG00000261058	ENSG00000261058	GroupA_exclusive	TK91,TK92,TK93	SNV			3	0
ENSG00000261232	ENSG00000261232	GroupA_exclusive	TK91,TK92,TK93	INDEL,SNV			3	0
ENSG00000261278	ENSG00000261278	GroupA_exclusive	TK91,TK92,TK93	SNV			3	0
ENSG00000261293	ENSG00000261293	GroupA_exclusive	TK91,TK92,TK93	SNV			3	0
ENSG00000261307	ENSG00000261307	GroupA_exclusive	TK91,TK92,TK93	SNV			3	0
ENSG00000261433	ENSG00000261433	GroupA_exclusive	TK18,TK92,TK93	SNV			3	0
ENSG00000261436	ENSG00000261436	GroupA_exclusive	TK91,TK92,TK93	SNV			3	0
ENSG00000261451	ENSG00000261451	GroupA_exclusive	TK91,TK92,TK93	SNV			3	0
ENSG00000261472	ENSG00000261472	GroupA_exclusive	TK91,TK92,TK93	SNV			3	0
ENSG00000261535	ENSG00000261535	GroupA_exclusive	TK91,TK92,TK93	SNV			3	0
ENSG00000261537	ENSG00000261537	GroupA_exclusive	TK91,TK92,TK93	SNV			3	0
ENSG00000261541	ENSG00000261541	GroupA_exclusive	TK91,TK92,TK93	INDEL,SNV			3	0
ENSG00000261736	ENSG00000261736	GroupA_exclusive	TK10,TK92,TK93	SNV			3	0
ENSG00000261775	ENSG00000261775	GroupA_exclusive	TK91,TK92,TK93	INDEL,SNV			3	0
ENSG00000261837	ENSG00000261837	GroupA_exclusive	TK91,TK92,TK93	SNV			3	0
ENSG00000261842	ENSG00000261842	GroupA_exclusive	TK18,TK92,TK93	SNV			3	0
ENSG00000261848	ENSG00000261848	GroupA_exclusive	TK91,TK92,TK93	SNV			3	0
ENSG00000262094	ENSG00000262094	GroupA_exclusive	TK10,TK91,TK93	SNV			3	0
ENSG00000262119	ENSG00000262119	GroupA_exclusive	TK91,TK92,TK93	SNV			3	0
ENSG00000262198	ENSG00000262198	GroupA_exclusive	TK10,TK91,TK93	SNV			3	0
ENSG00000262445	ENSG00000262445	GroupA_exclusive	TK91,TK92,TK93	SNV			3	0
ENSG00000262456	ENSG00000262456	GroupA_exclusive	TK10,TK91,TK92	SNV			3	0
ENSG00000262801	ENSG00000262801	GroupA_exclusive	TK10,TK91,TK92	SNV			3	0
ENSG00000262815	ENSG00000262815	GroupA_exclusive	TK91,TK92,TK93	SNV			3	0
ENSG00000262833	ENSG00000262833	GroupA_exclusive	TK91,TK92,TK93	SNV			3	0
ENSG00000262950	ENSG00000262950	GroupA_exclusive	TK18,TK92,TK93	SNV			3	0
ENSG00000263051	ENSG00000263051	GroupA_exclusive	TK10,TK91,TK92	INDEL,SNV			3	0
ENSG00000263370	ENSG00000263370	GroupA_exclusive	TK91,TK92,TK93	INDEL,SNV			3	0
ENSG00000263443	ENSG00000263443	GroupA_exclusive	TK10,TK91,TK93	SNV			3	0
ENSG00000263477	ENSG00000263477	GroupA_exclusive	TK91,TK92,TK93	INDEL,SNV			3	0
ENSG00000263707	ENSG00000263707	GroupA_exclusive	TK91,TK92,TK93	INDEL			3	0
ENSG00000264066	ENSG00000264066	GroupA_exclusive	TK10,TK92,TK93	SNV			3	0
ENSG00000264083	ENSG00000264083	GroupA_exclusive	TK16,TK91,TK92	INDEL,SNV			3	0
ENSG00000264149	ENSG00000264149	GroupA_exclusive	TK91,TK92,TK93	INDEL,SNV			3	0
ENSG00000264150	ENSG00000264150	GroupA_exclusive	TK91,TK92,TK93	INDEL,SNV			3	0
ENSG00000264151	ENSG00000264151	GroupA_exclusive	TK91,TK92,TK93	SNV			3	0
ENSG00000264300	ENSG00000264300	GroupA_exclusive	TK91,TK92,TK93	SNV			3	0
ENSG00000264513	ENSG00000264513	GroupA_exclusive	TK91,TK92,TK93	SNV			3	0
ENSG00000264895	ENSG00000264895	GroupA_exclusive	TK91,TK92,TK93	SNV			3	0
ENSG00000265113	ENSG00000265113	GroupA_exclusive	TK91,TK92,TK93	SNV			3	0
ENSG00000265128	ENSG00000265128	GroupA_exclusive	TK91,TK92,TK93	SNV			3	0
ENSG00000265349	ENSG00000265349	GroupA_exclusive	TK91,TK92,TK93	SNV			3	0
ENSG00000265400	ENSG00000265400	GroupA_exclusive	TK91,TK92,TK93	SNV			3	0
ENSG00000265943	ENSG00000265943	GroupA_exclusive	TK18,TK92,TK93	SNV			3	0
ENSG00000266100	ENSG00000266100	GroupA_exclusive	TK91,TK92,TK93	INDEL,SNV			3	0
ENSG00000266202	ENSG00000266202	GroupA_exclusive	TK91,TK92,TK93	INDEL,SNV			3	0
ENSG00000266222	ENSG00000266222	GroupA_exclusive	TK91,TK92,TK93	INDEL,SNV			3	0
ENSG00000266385	ENSG00000266385	GroupA_exclusive	TK91,TK92,TK93	INDEL,SNV			3	0
ENSG00000266460	ENSG00000266460	GroupA_exclusive	TK10,TK18,TK93	INDEL,SNV			3	0
ENSG00000266573	ENSG00000266573	GroupA_exclusive	TK91,TK92,TK93	SNV			3	0
ENSG00000266877	ENSG00000266877	GroupA_exclusive	TK10,TK92,TK93	SNV			3	0
ENSG00000266891	ENSG00000266891	GroupA_exclusive	TK16,TK92,TK93	SNV			3	0
ENSG00000266907	ENSG00000266907	GroupA_exclusive	TK91,TK92,TK93	SNV			3	0
ENSG00000266941	ENSG00000266941	GroupA_exclusive	TK10,TK91,TK92	SNV			3	0
ENSG00000267056	ENSG00000267056	GroupA_exclusive	TK91,TK92,TK93	INDEL,SNV			3	0
ENSG00000267089	ENSG00000267089	GroupA_exclusive	TK18,TK92,TK93	SNV			3	0
ENSG00000267101	ENSG00000267101	GroupA_exclusive	TK91,TK92,TK93	INDEL,SNV			3	0
ENSG00000267130	ENSG00000267130	GroupA_exclusive	TK18,TK91,TK92	SNV			3	0
ENSG00000267146	ENSG00000267146	GroupA_exclusive	TK91,TK92,TK93	SNV			3	0
ENSG00000267220	ENSG00000267220	GroupA_exclusive	TK91,TK92,TK93	SNV			3	0
ENSG00000267285	ENSG00000267285	GroupA_exclusive	TK91,TK92,TK93	SNV			3	0
ENSG00000267293	ENSG00000267293	GroupA_exclusive	TK91,TK92,TK93	SNV			3	0
ENSG00000267305	ENSG00000267305	GroupA_exclusive	TK16,TK91,TK92	SNV			3	0
ENSG00000267349	ENSG00000267349	GroupA_exclusive	TK18,TK92,TK93	SNV			3	0
ENSG00000267354	ENSG00000267354	GroupA_exclusive	TK91,TK92,TK93	SNV			3	0
ENSG00000267366	ENSG00000267366	GroupA_exclusive	TK91,TK92,TK93	INDEL,SNV			3	0
ENSG00000267388	ENSG00000267388	GroupA_exclusive	TK10,TK91,TK92	INDEL,SNV			3	0
ENSG00000267393	ENSG00000267393	GroupA_exclusive	TK91,TK92,TK93	SNV			3	0
ENSG00000267448	ENSG00000267448	GroupA_exclusive	TK10,TK92,TK93	INDEL,SNV			3	0
ENSG00000267504	ENSG00000267504	GroupA_exclusive	TK91,TK92,TK93	SNV			3	0
ENSG00000267509	ENSG00000267509	GroupA_exclusive	TK16,TK91,TK92	SNV			3	0
ENSG00000267567	ENSG00000267567	GroupA_exclusive	TK91,TK92,TK93	SNV			3	0
ENSG00000267623	ENSG00000267623	GroupA_exclusive	TK10,TK91,TK92	INDEL,SNV			3	0
ENSG00000267646	ENSG00000267646	GroupA_exclusive	TK91,TK92,TK93	SNV			3	0
ENSG00000267651	ENSG00000267651	GroupA_exclusive	TK91,TK92,TK93	INDEL,SNV			3	0
ENSG00000267686	ENSG00000267686	GroupA_exclusive	TK91,TK92,TK93	SNV			3	0
ENSG00000267743	ENSG00000267743	GroupA_exclusive	TK91,TK92,TK93	SNV			3	0
ENSG00000267756	ENSG00000267756	GroupA_exclusive	TK10,TK18,TK92	SNV			3	0
ENSG00000267783	ENSG00000267783	GroupA_exclusive	TK16,TK18,TK93	INDEL,SNV			3	0
ENSG00000267992	ENSG00000267992	GroupA_exclusive	TK10,TK91,TK92	INDEL,SNV			3	0
ENSG00000268287	ENSG00000268287	GroupA_exclusive	TK10,TK16,TK92	SNV			3	0
ENSG00000268293	ENSG00000268293	GroupA_exclusive	TK10,TK91,TK92	SNV			3	0
ENSG00000268530	ENSG00000268530	GroupA_exclusive	TK16,TK92,TK93	SNV			3	0
ENSG00000268723	ENSG00000268723	GroupA_exclusive	TK91,TK92,TK93	INDEL,SNV			3	0
ENSG00000268742	ENSG00000268742	GroupA_exclusive	TK91,TK92,TK93	SNV			3	0
ENSG00000269373	ENSG00000269373	GroupA_exclusive	TK16,TK18,TK91	SNV			3	0
ENSG00000269504	ENSG00000269504	GroupA_exclusive	TK10,TK18,TK93	SNV			3	0
ENSG00000269506	ENSG00000269506	GroupA_exclusive	TK91,TK92,TK93	SNV			3	0
ENSG00000269524	ENSG00000269524	GroupA_exclusive	TK16,TK18,TK92	SNV			3	0
ENSG00000269590	ENSG00000269590	GroupA_exclusive	TK16,TK92,TK93	INDEL,SNV			3	0
ENSG00000269621	ENSG00000269621	GroupA_exclusive	TK91,TK92,TK93	INDEL,SNV			3	0
ENSG00000269903	ENSG00000269903	GroupA_exclusive	TK18,TK92,TK93	SNV			3	0
ENSG00000269983	ENSG00000269983	GroupA_exclusive	TK16,TK18,TK92	SNV			3	0
ENSG00000270072	ENSG00000270072	GroupA_exclusive	TK91,TK92,TK93	INDEL,SNV			3	0
ENSG00000270090	ENSG00000270090	GroupA_exclusive	TK16,TK91,TK93	INDEL,SNV			3	0
ENSG00000270115	ENSG00000270115	GroupA_exclusive	TK10,TK91,TK93	SNV			3	0
ENSG00000270139	ENSG00000270139	GroupA_exclusive	TK91,TK92,TK93	SNV			3	0
ENSG00000270159	ENSG00000270159	GroupA_exclusive	TK91,TK92,TK93	SNV			3	0
ENSG00000270190	ENSG00000270190	GroupA_exclusive	TK91,TK92,TK93	SNV			3	0
ENSG00000270236	ENSG00000270236	GroupA_exclusive	TK91,TK92,TK93	INDEL,SNV			3	0
ENSG00000270292	ENSG00000270292	GroupA_exclusive	TK91,TK92,TK93	SNV			3	0
ENSG00000270314	ENSG00000270314	GroupA_exclusive	TK91,TK92,TK93	SNV			3	0
ENSG00000270387	ENSG00000270387	GroupA_exclusive	TK91,TK92,TK93	SNV			3	0
ENSG00000270434	ENSG00000270434	GroupA_exclusive	TK91,TK92,TK93	SNV			3	0
ENSG00000270510	ENSG00000270510	GroupA_exclusive	TK10,TK18,TK91	SNV			3	0
ENSG00000270632	ENSG00000270632	GroupA_exclusive	TK91,TK92,TK93	SNV			3	0
ENSG00000270690	ENSG00000270690	GroupA_exclusive	TK10,TK92,TK93	SNV			3	0
ENSG00000270711	ENSG00000270711	GroupA_exclusive	TK91,TK92,TK93	SNV			3	0
ENSG00000270755	ENSG00000270755	GroupA_exclusive	TK91,TK92,TK93	SNV			3	0
ENSG00000270799	ENSG00000270799	GroupA_exclusive	TK91,TK92,TK93	SNV			3	0
ENSG00000270812	ENSG00000270812	GroupA_exclusive	TK18,TK91,TK92	SNV			3	0
ENSG00000270839	ENSG00000270839	GroupA_exclusive	TK91,TK92,TK93	SNV			3	0
ENSG00000271204	ENSG00000271204	GroupA_exclusive	TK91,TK92,TK93	SNV			3	0
ENSG00000271220	ENSG00000271220	GroupA_exclusive	TK18,TK91,TK92	SNV			3	0
ENSG00000271410	ENSG00000271410	GroupA_exclusive	TK91,TK92,TK93	SNV			3	0
ENSG00000271482	ENSG00000271482	GroupA_exclusive	TK91,TK92,TK93	SNV			3	0
ENSG00000271500	ENSG00000271500	GroupA_exclusive	TK91,TK92,TK93	SNV			3	0
ENSG00000271676	ENSG00000271676	GroupA_exclusive	TK91,TK92,TK93	SNV			3	0
ENSG00000271763	ENSG00000271763	GroupA_exclusive	TK10,TK92,TK93	SNV			3	0
ENSG00000271788	ENSG00000271788	GroupA_exclusive	TK10,TK91,TK93	SNV			3	0
ENSG00000271911	ENSG00000271911	GroupA_exclusive	TK91,TK92,TK93	SNV			3	0
ENSG00000271989	ENSG00000271989	GroupA_exclusive	TK16,TK91,TK92	SNV			3	0
ENSG00000271992	ENSG00000271992	GroupA_exclusive	TK16,TK92,TK93	SNV			3	0
ENSG00000272084	ENSG00000272084	GroupA_exclusive	TK91,TK92,TK93	INDEL,SNV			3	0
ENSG00000272094	ENSG00000272094	GroupA_exclusive	TK91,TK92,TK93	SNV			3	0
ENSG00000272100	ENSG00000272100	GroupA_exclusive	TK10,TK18,TK92	SNV			3	0
ENSG00000272167	ENSG00000272167	GroupA_exclusive	TK91,TK92,TK93	SNV			3	0
ENSG00000272217	ENSG00000272217	GroupA_exclusive	TK10,TK16,TK92	SNV			3	0
ENSG00000272219	ENSG00000272219	GroupA_exclusive	TK91,TK92,TK93	SNV			3	0
ENSG00000272366	ENSG00000272366	GroupA_exclusive	TK10,TK18,TK91	INDEL,SNV			3	0
ENSG00000272425	ENSG00000272425	GroupA_exclusive	TK16,TK18,TK91	SNV			3	0
ENSG00000272489	ENSG00000272489	GroupA_exclusive	TK91,TK92,TK93	INDEL,SNV			3	0
ENSG00000272583	ENSG00000272583	GroupA_exclusive	TK91,TK92,TK93	SNV			3	0
ENSG00000272717	ENSG00000272717	GroupA_exclusive	TK10,TK16,TK92	SNV			3	0
ENSG00000272807	ENSG00000272807	GroupA_exclusive	TK18,TK91,TK93	SNV			3	0
ENSG00000272824	ENSG00000272824	GroupA_exclusive	TK10,TK91,TK93	SNV			3	0
ENSG00000272834	ENSG00000272834	GroupA_exclusive	TK10,TK18,TK93	INDEL,SNV			3	0
ENSG00000272895	ENSG00000272895	GroupA_exclusive	TK91,TK92,TK93	SNV			3	0
ENSG00000272905	ENSG00000272905	GroupA_exclusive	TK16,TK91,TK92	SNV			3	0
ENSG00000272944	ENSG00000272944	GroupA_exclusive	TK18,TK92,TK93	INDEL,SNV			3	0
ENSG00000272979	ENSG00000272979	GroupA_exclusive	TK16,TK18,TK93	SNV			3	0
ENSG00000273113	ENSG00000273113	GroupA_exclusive	TK91,TK92,TK93	SNV			3	0
ENSG00000273133	ENSG00000273133	GroupA_exclusive	TK10,TK91,TK92	SNV			3	0
ENSG00000273248	ENSG00000273248	GroupA_exclusive	TK91,TK92,TK93	SNV			3	0
ENSG00000273381	ENSG00000273381	GroupA_exclusive	TK18,TK91,TK92	INDEL,SNV			3	0
ENSG00000273394	ENSG00000273394	GroupA_exclusive	TK10,TK16,TK92	SNV			3	0
ENSG00000273451	ENSG00000273451	GroupA_exclusive	TK91,TK92,TK93	SNV			3	0
ENSG00000273485	ENSG00000273485	GroupA_exclusive	TK10,TK92,TK93	SNV			3	0
ENSG00000273628	ENSG00000273628	GroupA_exclusive	TK16,TK91,TK93	SNV			3	0
ENSG00000273675	ENSG00000273675	GroupA_exclusive	TK91,TK92,TK93	INDEL,SNV			3	0
ENSG00000273816	ENSG00000273816	GroupA_exclusive	TK10,TK91,TK92	SNV			3	0
ENSG00000274024	ENSG00000274024	GroupA_exclusive	TK10,TK92,TK93	INDEL,SNV			3	0
ENSG00000274064	ENSG00000274064	GroupA_exclusive	TK91,TK92,TK93	SNV			3	0
ENSG00000274067	ENSG00000274067	GroupA_exclusive	TK10,TK91,TK92	SNV			3	0
ENSG00000274328	ENSG00000274328	GroupA_exclusive	TK91,TK92,TK93	SNV			3	0
ENSG00000274346	ENSG00000274346	GroupA_exclusive	TK91,TK92,TK93	SNV			3	0
ENSG00000274364	ENSG00000274364	GroupA_exclusive	TK10,TK18,TK91	INDEL,SNV			3	0
ENSG00000274515	ENSG00000274515	GroupA_exclusive	TK91,TK92,TK93	INDEL,SNV			3	0
ENSG00000274551	ENSG00000274551	GroupA_exclusive	TK10,TK18,TK92	SNV			3	0
ENSG00000274825	ENSG00000274825	GroupA_exclusive	TK16,TK92,TK93	SNV			3	0
ENSG00000274859	ENSG00000274859	GroupA_exclusive	TK10,TK16,TK93	INDEL,SNV			3	0
ENSG00000275139	ENSG00000275139	GroupA_exclusive	TK91,TK92,TK93	SNV			3	0
ENSG00000275625	ENSG00000275625	GroupA_exclusive	TK91,TK92,TK93	SNV			3	0
ENSG00000275709	ENSG00000275709	GroupA_exclusive	TK16,TK18,TK91	SNV			3	0
ENSG00000275834	ENSG00000275834	GroupA_exclusive	TK91,TK92,TK93	SNV			3	0
ENSG00000275942	ENSG00000275942	GroupA_exclusive	TK91,TK92,TK93	SNV			3	0
ENSG00000275963	ENSG00000275963	GroupA_exclusive	TK91,TK92,TK93	SNV			3	0
ENSG00000276170	ENSG00000276170	GroupA_exclusive	TK18,TK92,TK93	SNV			3	0
ENSG00000276185	ENSG00000276185	GroupA_exclusive	TK91,TK92,TK93	SNV			3	0
ENSG00000276266	ENSG00000276266	GroupA_exclusive	TK91,TK92,TK93	SNV			3	0
ENSG00000276407	ENSG00000276407	GroupA_exclusive	TK91,TK92,TK93	SNV			3	0
ENSG00000276417	ENSG00000276417	GroupA_exclusive	TK10,TK16,TK92	SNV			3	0
ENSG00000276502	ENSG00000276502	GroupA_exclusive	TK10,TK92,TK93	INDEL,SNV			3	0
ENSG00000276663	ENSG00000276663	GroupA_exclusive	TK10,TK92,TK93	SNV			3	0
ENSG00000276702	ENSG00000276702	GroupA_exclusive	TK91,TK92,TK93	SNV			3	0
ENSG00000276744	ENSG00000276744	GroupA_exclusive	TK18,TK92,TK93	SNV			3	0
ENSG00000276771	ENSG00000276771	GroupA_exclusive	TK10,TK18,TK93	INDEL,SNV			3	0
ENSG00000276851	ENSG00000276851	GroupA_exclusive	TK91,TK92,TK93	SNV			3	0
ENSG00000276855	ENSG00000276855	GroupA_exclusive	TK91,TK92,TK93	SNV			3	0
ENSG00000276884	ENSG00000276884	GroupA_exclusive	TK10,TK16,TK18	SNV			3	0
ENSG00000277247	ENSG00000277247	GroupA_exclusive	TK91,TK92,TK93	INDEL,SNV			3	0
ENSG00000277425	ENSG00000277425	GroupA_exclusive	TK16,TK92,TK93	SNV			3	0
ENSG00000277498	ENSG00000277498	GroupA_exclusive	TK18,TK92,TK93	SNV			3	0
ENSG00000277504	ENSG00000277504	GroupA_exclusive	TK16,TK18,TK92	SNV			3	0
ENSG00000277737	ENSG00000277737	GroupA_exclusive	TK91,TK92,TK93	INDEL,SNV			3	0
ENSG00000277922	ENSG00000277922	GroupA_exclusive	TK91,TK92,TK93	SNV			3	0
ENSG00000278212	ENSG00000278212	GroupA_exclusive	TK18,TK91,TK92	INDEL,SNV			3	0
ENSG00000278399	ENSG00000278399	GroupA_exclusive	TK16,TK18,TK92	SNV			3	0
ENSG00000278513	ENSG00000278513	GroupA_exclusive	TK91,TK92,TK93	INDEL,SNV			3	0
ENSG00000278943	ENSG00000278943	GroupA_exclusive	TK91,TK92,TK93	INDEL,SNV			3	0
ENSG00000278986	ENSG00000278986	GroupA_exclusive	TK91,TK92,TK93	SNV			3	0
ENSG00000279017	ENSG00000279017	GroupA_exclusive	TK91,TK92,TK93	SNV			3	0
ENSG00000279042	ENSG00000279042	GroupA_exclusive	TK91,TK92,TK93	SNV			3	0
ENSG00000279068	ENSG00000279068	GroupA_exclusive	TK91,TK92,TK93	SNV			3	0
ENSG00000279083	ENSG00000279083	GroupA_exclusive	TK91,TK92,TK93	SNV			3	0
ENSG00000279110	ENSG00000279110	GroupA_exclusive	TK91,TK92,TK93	INDEL,SNV			3	0
ENSG00000279162	ENSG00000279162	GroupA_exclusive	TK10,TK92,TK93	SNV			3	0
ENSG00000279196	ENSG00000279196	GroupA_exclusive	TK16,TK18,TK92	SNV			3	0
ENSG00000279225	ENSG00000279225	GroupA_exclusive	TK18,TK92,TK93	SNV			3	0
ENSG00000279235	ENSG00000279235	GroupA_exclusive	TK91,TK92,TK93	SNV			3	0
ENSG00000279275	ENSG00000279275	GroupA_exclusive	TK91,TK92,TK93	SNV			3	0
ENSG00000279289	ENSG00000279289	GroupA_exclusive	TK91,TK92,TK93	INDEL,SNV			3	0
ENSG00000279310	ENSG00000279310	GroupA_exclusive	TK91,TK92,TK93	SNV			3	0
ENSG00000279320	ENSG00000279320	GroupA_exclusive	TK91,TK92,TK93	SNV			3	0
ENSG00000279334	ENSG00000279334	GroupA_exclusive	TK91,TK92,TK93	SNV			3	0
ENSG00000279336	ENSG00000279336	GroupA_exclusive	TK91,TK92,TK93	INDEL,SNV			3	0
ENSG00000279337	ENSG00000279337	GroupA_exclusive	TK10,TK18,TK92	SNV			3	0
ENSG00000279388	ENSG00000279388	GroupA_exclusive	TK91,TK92,TK93	INDEL,SNV			3	0
ENSG00000279394	ENSG00000279394	GroupA_exclusive	TK91,TK92,TK93	SNV			3	0
ENSG00000279404	ENSG00000279404	GroupA_exclusive	TK91,TK92,TK93	SNV			3	0
ENSG00000279405	ENSG00000279405	GroupA_exclusive	TK91,TK92,TK93	SNV			3	0
ENSG00000279416	ENSG00000279416	GroupA_exclusive	TK91,TK92,TK93	INDEL,SNV			3	0
ENSG00000279469	ENSG00000279469	GroupA_exclusive	TK91,TK92,TK93	SNV			3	0
ENSG00000279476	ENSG00000279476	GroupA_exclusive	TK91,TK92,TK93	SNV			3	0
ENSG00000279479	ENSG00000279479	GroupA_exclusive	TK10,TK91,TK92	SNV			3	0
ENSG00000279481	ENSG00000279481	GroupA_exclusive	TK91,TK92,TK93	SNV			3	0
ENSG00000279490	ENSG00000279490	GroupA_exclusive	TK18,TK92,TK93	SNV			3	0
ENSG00000279557	ENSG00000279557	GroupA_exclusive	TK10,TK91,TK92	SNV			3	0
ENSG00000279570	ENSG00000279570	GroupA_exclusive	TK18,TK91,TK92	SNV			3	0
ENSG00000279609	ENSG00000279609	GroupA_exclusive	TK16,TK91,TK92	SNV			3	0
ENSG00000279611	ENSG00000279611	GroupA_exclusive	TK10,TK16,TK18	SNV			3	0
ENSG00000279616	ENSG00000279616	GroupA_exclusive	TK91,TK92,TK93	SNV			3	0
ENSG00000279629	ENSG00000279629	GroupA_exclusive	TK91,TK92,TK93	INDEL,SNV			3	0
ENSG00000279652	ENSG00000279652	GroupA_exclusive	TK91,TK92,TK93	SNV			3	0
ENSG00000279675	ENSG00000279675	GroupA_exclusive	TK16,TK18,TK91	SNV			3	0
ENSG00000279725	ENSG00000279725	GroupA_exclusive	TK91,TK92,TK93	INDEL,SNV			3	0
ENSG00000279747	ENSG00000279747	GroupA_exclusive	TK10,TK18,TK92	SNV			3	0
ENSG00000279781	ENSG00000279781	GroupA_exclusive	TK18,TK91,TK92	SNV			3	0
ENSG00000279783	ENSG00000279783	GroupA_exclusive	TK10,TK91,TK92	SNV			3	0
ENSG00000279785	ENSG00000279785	GroupA_exclusive	TK16,TK91,TK92	INDEL,SNV			3	0
ENSG00000279817	ENSG00000279817	GroupA_exclusive	TK10,TK18,TK91	SNV			3	0
ENSG00000279836	ENSG00000279836	GroupA_exclusive	TK91,TK92,TK93	SNV			3	0
ENSG00000279885	ENSG00000279885	GroupA_exclusive	TK91,TK92,TK93	SNV			3	0
ENSG00000279887	ENSG00000279887	GroupA_exclusive	TK91,TK92,TK93	INDEL,SNV			3	0
ENSG00000279924	ENSG00000279924	GroupA_exclusive	TK91,TK92,TK93	INDEL,SNV			3	0
ENSG00000279957	ENSG00000279957	GroupA_exclusive	TK91,TK92,TK93	SNV			3	0
ENSG00000279962	ENSG00000279962	GroupA_exclusive	TK10,TK92,TK93	INDEL,SNV			3	0
ENSG00000279964	ENSG00000279964	GroupA_exclusive	TK91,TK92,TK93	SNV			3	0
ENSG00000279991	ENSG00000279991	GroupA_exclusive	TK91,TK92,TK93	SNV			3	0
ENSG00000280036	ENSG00000280036	GroupA_exclusive	TK91,TK92,TK93	INDEL,SNV			3	0
ENSG00000280060	ENSG00000280060	GroupA_exclusive	TK91,TK92,TK93	SNV			3	0
ENSG00000280070	ENSG00000280070	GroupA_exclusive	TK91,TK92,TK93	SNV			3	0
ENSG00000280087	ENSG00000280087	GroupA_exclusive	TK10,TK91,TK92	SNV			3	0
ENSG00000280110	ENSG00000280110	GroupA_exclusive	TK16,TK91,TK93	INDEL,SNV			3	0
ENSG00000280117	ENSG00000280117	GroupA_exclusive	TK10,TK92,TK93	SNV			3	0
ENSG00000280166	ENSG00000280166	GroupA_exclusive	TK91,TK92,TK93	SNV			3	0
ENSG00000280189	ENSG00000280189	GroupA_exclusive	TK91,TK92,TK93	SNV			3	0
ENSG00000280190	ENSG00000280190	GroupA_exclusive	TK91,TK92,TK93	SNV			3	0
ENSG00000280205	ENSG00000280205	GroupA_exclusive	TK91,TK92,TK93	SNV			3	0
ENSG00000280225	ENSG00000280225	GroupA_exclusive	TK91,TK92,TK93	SNV			3	0
ENSG00000280234	ENSG00000280234	GroupA_exclusive	TK10,TK16,TK93	INDEL,SNV			3	0
ENSG00000280277	ENSG00000280277	GroupA_exclusive	TK91,TK92,TK93	INDEL,SNV			3	0
ENSG00000280365	ENSG00000280365	GroupA_exclusive	TK91,TK92,TK93	SNV			3	0
ENSG00000280429	ENSG00000280429	GroupA_exclusive	TK10,TK91,TK92	SNV			3	0
ENSG00000281469	ENSG00000281469	GroupA_exclusive	TK18,TK91,TK92	INDEL,SNV			3	0
ENSG00000281655	ENSG00000281655	GroupA_exclusive	TK91,TK92,TK93	SNV			3	0
ENSG00000281741	ENSG00000281741	GroupA_exclusive	TK16,TK91,TK93	SNV			3	0
ENSG00000281938	ENSG00000281938	GroupA_exclusive	TK91,TK92,TK93	SNV			3	0
ENSG00000282024	ENSG00000282024	GroupA_exclusive	TK10,TK16,TK91	SNV			3	0
ENSG00000282160	ENSG00000282160	GroupA_exclusive	TK91,TK92,TK93	SNV			3	0
ENSG00000282432	ENSG00000282432	GroupA_exclusive	TK10,TK16,TK91	SNV			3	0
ENSG00000282855	ENSG00000282855	GroupA_exclusive	TK10,TK16,TK92	SNV			3	0
ENSG00000283001	ENSG00000283001	GroupA_exclusive	TK91,TK92,TK93	SNV			3	0
ENSG00000283045	ENSG00000283045	GroupA_exclusive	TK18,TK91,TK92	SNV			3	0
ENSG00000283176	ENSG00000283176	GroupA_exclusive	TK91,TK92,TK93	SNV			3	0
ENSG00000283347	ENSG00000283347	GroupA_exclusive	TK16,TK91,TK93	SNV			3	0
ENSG00000283375	ENSG00000283375	GroupA_exclusive	TK10,TK16,TK18	SNV			3	0
ENSG00000283483	ENSG00000283483	GroupA_exclusive	TK91,TK92,TK93	SNV			3	0
ENSG00000283629	ENSG00000283629	GroupA_exclusive	TK91,TK92,TK93	INDEL,SNV			3	0
ENSG00000284294	ENSG00000284294	GroupA_exclusive	TK91,TK92,TK93	SNV			3	0
ENSG00000284337	ENSG00000284337	GroupA_exclusive	TK91,TK92,TK93	SNV			3	0
ENSG00000284614	ENSG00000284614	GroupA_exclusive	TK10,TK91,TK93	SNV			3	0
ENSG00000284617	ENSG00000284617	GroupA_exclusive	TK10,TK16,TK92	SNV			3	0
ENSG00000284684	ENSG00000284684	GroupA_exclusive	TK91,TK92,TK93	SNV			3	0
ENSG00000284699	ENSG00000284699	GroupA_exclusive	TK91,TK92,TK93	INDEL,SNV			3	0
ENSG00000284706	ENSG00000284706	GroupA_exclusive	TK91,TK92,TK93	SNV			3	0
ENSG00000284709	ENSG00000284709	GroupA_exclusive	TK18,TK91,TK92	SNV			3	0
ENSG00000284747	ENSG00000284747	GroupA_exclusive	TK91,TK92,TK93	SNV			3	0
ENSG00000284930	ENSG00000284930	GroupA_exclusive	TK91,TK92,TK93	INDEL,SNV			3	0
ENSG00000285018	ENSG00000285018	GroupA_exclusive	TK91,TK92,TK93	SNV			3	0
ENSG00000285201	ENSG00000285201	GroupA_exclusive	TK18,TK91,TK92	SNV			3	0
ENSG00000285329	ENSG00000285329	GroupA_exclusive	TK10,TK18,TK92	INDEL,SNV			3	0
ENSG00000285424	ENSG00000285424	GroupA_exclusive	TK10,TK92,TK93	SNV			3	0
ENSG00000285522	ENSG00000285522	GroupA_exclusive	TK18,TK91,TK92	SNV			3	0
ENSG00000285524	ENSG00000285524	GroupA_exclusive	TK16,TK91,TK92	SNV			3	0
ENSG00000285555	ENSG00000285555	GroupA_exclusive	TK16,TK18,TK93	SNV			3	0
ENSG00000285575	ENSG00000285575	GroupA_exclusive	TK10,TK91,TK92	SNV			3	0
ENSG00000285584	ENSG00000285584	GroupA_exclusive	TK16,TK91,TK93	SNV			3	0
ENSG00000285603	ENSG00000285603	GroupA_exclusive	TK91,TK92,TK93	SNV			3	0
ENSG00000285627	ENSG00000285627	GroupA_exclusive	TK91,TK92,TK93	INDEL,SNV			3	0
ENSG00000285634	ENSG00000285634	GroupA_exclusive	TK10,TK92,TK93	SNV			3	0
ENSG00000285666	ENSG00000285666	GroupA_exclusive	TK10,TK91,TK92	SNV			3	0
ENSG00000285675	ENSG00000285675	GroupA_exclusive	TK91,TK92,TK93	INDEL,SNV			3	0
ENSG00000285724	ENSG00000285724	GroupA_exclusive	TK91,TK92,TK93	SNV			3	0
ENSG00000285733	ENSG00000285733	GroupA_exclusive	TK16,TK91,TK92	SNV			3	0
ENSG00000285739	ENSG00000285739	GroupA_exclusive	TK91,TK92,TK93	SNV			3	0
ENSG00000285755	ENSG00000285755	GroupA_exclusive	TK91,TK92,TK93	SNV			3	0
ENSG00000285769	ENSG00000285769	GroupA_exclusive	TK91,TK92,TK93	SNV			3	0
ENSG00000285770	ENSG00000285770	GroupA_exclusive	TK10,TK91,TK93	INDEL,SNV			3	0
ENSG00000285780	ENSG00000285780	GroupA_exclusive	TK10,TK91,TK93	INDEL,SNV			3	0
ENSG00000285820	ENSG00000285820	GroupA_exclusive	TK10,TK91,TK92	SNV			3	0
ENSG00000285822	ENSG00000285822	GroupA_exclusive	TK91,TK92,TK93	SNV			3	0
ENSG00000285826	ENSG00000285826	GroupA_exclusive	TK91,TK92,TK93	INDEL,SNV			3	0
ENSG00000285867	ENSG00000285867	GroupA_exclusive	TK91,TK92,TK93	INDEL,SNV			3	0
ENSG00000285914	ENSG00000285914	GroupA_exclusive	TK16,TK91,TK93	SNV			3	0
ENSG00000285931	ENSG00000285931	GroupA_exclusive	TK10,TK92,TK93	SNV			3	0
ENSG00000285936	ENSG00000285936	GroupA_exclusive	TK91,TK92,TK93	INDEL,SNV			3	0
ENSG00000285955	ENSG00000285955	GroupA_exclusive	TK10,TK92,TK93	INDEL,SNV			3	0
ENSG00000285961	ENSG00000285961	GroupA_exclusive	TK18,TK91,TK92	SNV			3	0
ENSG00000285971	ENSG00000285971	GroupA_exclusive	TK91,TK92,TK93	INDEL,SNV			3	0
ENSG00000285974	ENSG00000285974	GroupA_exclusive	TK91,TK92,TK93	SNV			3	0
ENSG00000285978	ENSG00000285978	GroupA_exclusive	TK91,TK92,TK93	SNV			3	0
ENSG00000286046	ENSG00000286046	GroupA_exclusive	TK91,TK92,TK93	INDEL,SNV			3	0
ENSG00000286072	ENSG00000286072	GroupA_exclusive	TK18,TK91,TK92	INDEL,SNV			3	0
ENSG00000286093	ENSG00000286093	GroupA_exclusive	TK91,TK92,TK93	INDEL,SNV			3	0
ENSG00000286103	ENSG00000286103	GroupA_exclusive	TK91,TK92,TK93	INDEL,SNV			3	0
ENSG00000286108	ENSG00000286108	GroupA_exclusive	TK91,TK92,TK93	INDEL,SNV			3	0
ENSG00000286110	ENSG00000286110	GroupA_exclusive	TK10,TK91,TK93	SNV			3	0
ENSG00000286113	ENSG00000286113	GroupA_exclusive	TK18,TK92,TK93	INDEL,SNV			3	0
ENSG00000286161	ENSG00000286161	GroupA_exclusive	TK10,TK18,TK93	SNV			3	0
ENSG00000286203	ENSG00000286203	GroupA_exclusive	TK10,TK91,TK92	SNV			3	0
ENSG00000286206	ENSG00000286206	GroupA_exclusive	TK10,TK92,TK93	SNV			3	0
ENSG00000286253	ENSG00000286253	GroupA_exclusive	TK91,TK92,TK93	SNV			3	0
ENSG00000286274	ENSG00000286274	GroupA_exclusive	TK91,TK92,TK93	SNV			3	0
ENSG00000286311	ENSG00000286311	GroupA_exclusive	TK10,TK18,TK91	SNV			3	0
ENSG00000286316	ENSG00000286316	GroupA_exclusive	TK91,TK92,TK93	SNV			3	0
ENSG00000286321	ENSG00000286321	GroupA_exclusive	TK91,TK92,TK93	INDEL,SNV			3	0
ENSG00000286338	ENSG00000286338	GroupA_exclusive	TK91,TK92,TK93	INDEL,SNV			3	0
ENSG00000286353	ENSG00000286353	GroupA_exclusive	TK91,TK92,TK93	INDEL,SNV			3	0
ENSG00000286359	ENSG00000286359	GroupA_exclusive	TK10,TK92,TK93	SNV			3	0
ENSG00000286411	ENSG00000286411	GroupA_exclusive	TK91,TK92,TK93	SNV			3	0
ENSG00000286425	ENSG00000286425	GroupA_exclusive	TK10,TK91,TK93	INDEL,SNV			3	0
ENSG00000286430	ENSG00000286430	GroupA_exclusive	TK91,TK92,TK93	SNV			3	0
ENSG00000286433	ENSG00000286433	GroupA_exclusive	TK91,TK92,TK93	INDEL,SNV			3	0
ENSG00000286437	ENSG00000286437	GroupA_exclusive	TK91,TK92,TK93	SNV			3	0
ENSG00000286483	ENSG00000286483	GroupA_exclusive	TK91,TK92,TK93	SNV			3	0
ENSG00000286505	ENSG00000286505	GroupA_exclusive	TK91,TK92,TK93	SNV			3	0
ENSG00000286531	ENSG00000286531	GroupA_exclusive	TK16,TK92,TK93	INDEL,SNV			3	0
ENSG00000286539	ENSG00000286539	GroupA_exclusive	TK91,TK92,TK93	SNV			3	0
ENSG00000286549	ENSG00000286549	GroupA_exclusive	TK91,TK92,TK93	SNV			3	0
ENSG00000286577	ENSG00000286577	GroupA_exclusive	TK91,TK92,TK93	SNV			3	0
ENSG00000286620	ENSG00000286620	GroupA_exclusive	TK91,TK92,TK93	SNV			3	0
ENSG00000286643	ENSG00000286643	GroupA_exclusive	TK91,TK92,TK93	INDEL,SNV			3	0
ENSG00000286648	ENSG00000286648	GroupA_exclusive	TK91,TK92,TK93	SNV			3	0
ENSG00000286649	ENSG00000286649	GroupA_exclusive	TK91,TK92,TK93	SNV			3	0
ENSG00000286660	ENSG00000286660	GroupA_exclusive	TK16,TK18,TK91	SNV			3	0
ENSG00000286662	ENSG00000286662	GroupA_exclusive	TK10,TK91,TK93	INDEL,SNV			3	0
ENSG00000286672	ENSG00000286672	GroupA_exclusive	TK16,TK92,TK93	SNV			3	0
ENSG00000286682	ENSG00000286682	GroupA_exclusive	TK91,TK92,TK93	INDEL,SNV			3	0
ENSG00000286719	ENSG00000286719	GroupA_exclusive	TK10,TK92,TK93	INDEL,SNV			3	0
ENSG00000286721	ENSG00000286721	GroupA_exclusive	TK91,TK92,TK93	SNV			3	0
ENSG00000286723	ENSG00000286723	GroupA_exclusive	TK91,TK92,TK93	SNV			3	0
ENSG00000286728	ENSG00000286728	GroupA_exclusive	TK91,TK92,TK93	INDEL,SNV			3	0
ENSG00000286730	ENSG00000286730	GroupA_exclusive	TK91,TK92,TK93	SNV			3	0
ENSG00000286756	ENSG00000286756	GroupA_exclusive	TK10,TK18,TK93	SNV			3	0
ENSG00000286776	ENSG00000286776	GroupA_exclusive	TK10,TK92,TK93	INDEL,SNV			3	0
ENSG00000286780	ENSG00000286780	GroupA_exclusive	TK10,TK91,TK92	SNV			3	0
ENSG00000286790	ENSG00000286790	GroupA_exclusive	TK10,TK16,TK91	SNV			3	0
ENSG00000286795	ENSG00000286795	GroupA_exclusive	TK10,TK92,TK93	SNV			3	0
ENSG00000286833	ENSG00000286833	GroupA_exclusive	TK91,TK92,TK93	SNV			3	0
ENSG00000286863	ENSG00000286863	GroupA_exclusive	TK91,TK92,TK93	SNV			3	0
ENSG00000286888	ENSG00000286888	GroupA_exclusive	TK91,TK92,TK93	INDEL,SNV			3	0
ENSG00000286894	ENSG00000286894	GroupA_exclusive	TK91,TK92,TK93	SNV			3	0
ENSG00000286899	ENSG00000286899	GroupA_exclusive	TK91,TK92,TK93	SNV			3	0
ENSG00000286903	ENSG00000286903	GroupA_exclusive	TK18,TK91,TK93	SNV			3	0
ENSG00000286915	ENSG00000286915	GroupA_exclusive	TK10,TK91,TK92	INDEL,SNV			3	0
ENSG00000286945	ENSG00000286945	GroupA_exclusive	TK91,TK92,TK93	SNV			3	0
ENSG00000286953	ENSG00000286953	GroupA_exclusive	TK10,TK91,TK93	SNV			3	0
ENSG00000286958	ENSG00000286958	GroupA_exclusive	TK91,TK92,TK93	SNV			3	0
ENSG00000286973	ENSG00000286973	GroupA_exclusive	TK91,TK92,TK93	SNV			3	0
ENSG00000286995	ENSG00000286995	GroupA_exclusive	TK10,TK91,TK92	SNV			3	0
ENSG00000287005	ENSG00000287005	GroupA_exclusive	TK91,TK92,TK93	INDEL,SNV			3	0
ENSG00000287038	ENSG00000287038	GroupA_exclusive	TK91,TK92,TK93	SNV			3	0
ENSG00000287043	ENSG00000287043	GroupA_exclusive	TK91,TK92,TK93	SNV			3	0
ENSG00000287067	ENSG00000287067	GroupA_exclusive	TK16,TK92,TK93	SNV			3	0
ENSG00000287087	ENSG00000287087	GroupA_exclusive	TK91,TK92,TK93	SNV			3	0
ENSG00000287098	ENSG00000287098	GroupA_exclusive	TK91,TK92,TK93	INDEL,SNV			3	0
ENSG00000287099	ENSG00000287099	GroupA_exclusive	TK91,TK92,TK93	SNV			3	0
ENSG00000287121	ENSG00000287121	GroupA_exclusive	TK91,TK92,TK93	SNV			3	0
ENSG00000287141	ENSG00000287141	GroupA_exclusive	TK91,TK92,TK93	SNV			3	0
ENSG00000287157	ENSG00000287157	GroupA_exclusive	TK91,TK92,TK93	SNV			3	0
ENSG00000287167	ENSG00000287167	GroupA_exclusive	TK16,TK18,TK92	SNV			3	0
ENSG00000287177	ENSG00000287177	GroupA_exclusive	TK91,TK92,TK93	SNV			3	0
ENSG00000287201	ENSG00000287201	GroupA_exclusive	TK91,TK92,TK93	SNV			3	0
ENSG00000287229	ENSG00000287229	GroupA_exclusive	TK91,TK92,TK93	INDEL,SNV			3	0
ENSG00000287281	ENSG00000287281	GroupA_exclusive	TK91,TK92,TK93	SNV			3	0
ENSG00000287287	ENSG00000287287	GroupA_exclusive	TK91,TK92,TK93	SNV			3	0
ENSG00000287338	ENSG00000287338	GroupA_exclusive	TK10,TK92,TK93	SNV			3	0
ENSG00000287348	ENSG00000287348	GroupA_exclusive	TK91,TK92,TK93	SNV			3	0
ENSG00000287349	ENSG00000287349	GroupA_exclusive	TK16,TK91,TK92	SNV			3	0
ENSG00000287354	ENSG00000287354	GroupA_exclusive	TK91,TK92,TK93	SNV			3	0
ENSG00000287355	ENSG00000287355	GroupA_exclusive	TK91,TK92,TK93	SNV			3	0
ENSG00000287357	ENSG00000287357	GroupA_exclusive	TK91,TK92,TK93	SNV			3	0
ENSG00000287386	ENSG00000287386	GroupA_exclusive	TK91,TK92,TK93	SNV			3	0
ENSG00000287413	ENSG00000287413	GroupA_exclusive	TK16,TK18,TK92	SNV			3	0
ENSG00000287433	ENSG00000287433	GroupA_exclusive	TK91,TK92,TK93	INDEL,SNV			3	0
ENSG00000287447	ENSG00000287447	GroupA_exclusive	TK91,TK92,TK93	SNV			3	0
ENSG00000287465	ENSG00000287465	GroupA_exclusive	TK91,TK92,TK93	SNV			3	0
ENSG00000287466	ENSG00000287466	GroupA_exclusive	TK91,TK92,TK93	INDEL,SNV			3	0
ENSG00000287476	ENSG00000287476	GroupA_exclusive	TK10,TK91,TK92	SNV			3	0
ENSG00000287489	ENSG00000287489	GroupA_exclusive	TK10,TK92,TK93	SNV			3	0
ENSG00000287490	ENSG00000287490	GroupA_exclusive	TK10,TK91,TK93	SNV			3	0
ENSG00000287508	ENSG00000287508	GroupA_exclusive	TK91,TK92,TK93	SNV			3	0
ENSG00000287523	ENSG00000287523	GroupA_exclusive	TK10,TK91,TK93	SNV			3	0
ENSG00000287525	ENSG00000287525	GroupA_exclusive	TK10,TK91,TK93	INDEL,SNV			3	0
ENSG00000287534	ENSG00000287534	GroupA_exclusive	TK16,TK91,TK92	SNV			3	0
ENSG00000287537	ENSG00000287537	GroupA_exclusive	TK10,TK92,TK93	SNV			3	0
ENSG00000287551	ENSG00000287551	GroupA_exclusive	TK91,TK92,TK93	INDEL,SNV			3	0
ENSG00000287582	ENSG00000287582	GroupA_exclusive	TK91,TK92,TK93	SNV			3	0
ENSG00000287591	ENSG00000287591	GroupA_exclusive	TK91,TK92,TK93	INDEL,SNV			3	0
ENSG00000287652	ENSG00000287652	GroupA_exclusive	TK91,TK92,TK93	SNV			3	0
ENSG00000287663	ENSG00000287663	GroupA_exclusive	TK10,TK16,TK91	SNV			3	0
ENSG00000287683	ENSG00000287683	GroupA_exclusive	TK91,TK92,TK93	SNV			3	0
ENSG00000287687	ENSG00000287687	GroupA_exclusive	TK18,TK91,TK92	SNV			3	0
ENSG00000287697	ENSG00000287697	GroupA_exclusive	TK18,TK91,TK93	INDEL,SNV			3	0
ENSG00000287702	ENSG00000287702	GroupA_exclusive	TK91,TK92,TK93	SNV			3	0
ENSG00000287739	ENSG00000287739	GroupA_exclusive	TK16,TK18,TK92	SNV			3	0
ENSG00000287789	ENSG00000287789	GroupA_exclusive	TK91,TK92,TK93	SNV			3	0
ENSG00000287792	ENSG00000287792	GroupA_exclusive	TK91,TK92,TK93	SNV			3	0
ENSG00000287818	ENSG00000287818	GroupA_exclusive	TK91,TK92,TK93	INDEL,SNV			3	0
ENSG00000287834	ENSG00000287834	GroupA_exclusive	TK91,TK92,TK93	SNV			3	0
ENSG00000287836	ENSG00000287836	GroupA_exclusive	TK10,TK16,TK91	SNV			3	0
ENSG00000287840	ENSG00000287840	GroupA_exclusive	TK91,TK92,TK93	INDEL,SNV			3	0
ENSG00000287868	ENSG00000287868	GroupA_exclusive	TK91,TK92,TK93	SNV			3	0
ENSG00000287945	ENSG00000287945	GroupA_exclusive	TK91,TK92,TK93	SNV			3	0
ENSG00000287947	ENSG00000287947	GroupA_exclusive	TK16,TK92,TK93	INDEL,SNV			3	0
ENSG00000287948	ENSG00000287948	GroupA_exclusive	TK91,TK92,TK93	SNV			3	0
ENSG00000287952	ENSG00000287952	GroupA_exclusive	TK10,TK16,TK93	SNV			3	0
ENSG00000287979	ENSG00000287979	GroupA_exclusive	TK91,TK92,TK93	INDEL,SNV			3	0
ENSG00000287996	ENSG00000287996	GroupA_exclusive	TK10,TK91,TK92	SNV			3	0
ENSG00000288039	ENSG00000288039	GroupA_exclusive	TK16,TK18,TK92	SNV			3	0
ENSG00000288042	ENSG00000288042	GroupA_exclusive	TK18,TK91,TK92	SNV			3	0
ENSG00000288044	ENSG00000288044	GroupA_exclusive	TK10,TK16,TK92	INDEL,SNV			3	0
ENSG00000288162	ENSG00000288162	GroupA_exclusive	TK10,TK91,TK93	SNV			3	0
ENSG00000288225	ENSG00000288225	GroupA_exclusive	TK91,TK92,TK93	INDEL,SNV			3	0
ENSG00000288234	ENSG00000288234	GroupA_exclusive	TK10,TK91,TK93	SNV			3	0
ENSG00000288692	ENSG00000288692	GroupA_exclusive	TK10,TK91,TK92	INDEL,SNV			3	0
ENSG00000288694	ENSG00000288694	GroupA_exclusive	TK91,TK92,TK93	SNV			3	0
ENSG00000288711	ENSG00000288711	GroupA_exclusive	TK91,TK92,TK93	INDEL,SNV			3	0
ENSG00000288717	ENSG00000288717	GroupA_exclusive	TK16,TK91,TK92	SNV			3	0
ENSG00000288745	ENSG00000288745	GroupA_exclusive	TK91,TK92,TK93	SNV			3	0
ENSG00000288843	ENSG00000288843	GroupA_exclusive	TK16,TK91,TK92	SNV			3	0
ENSG00000288848	ENSG00000288848	GroupA_exclusive	TK18,TK91,TK92	SNV			3	0
ENSG00000288858	ENSG00000288858	GroupA_exclusive	TK16,TK18,TK92	INDEL,SNV			3	0
ENSG00000288902	ENSG00000288902	GroupA_exclusive	TK10,TK91,TK93	INDEL,SNV			3	0
ENSG00000288918	ENSG00000288918	GroupA_exclusive	TK91,TK92,TK93	SNV			3	0
ENSG00000288940	ENSG00000288940	GroupA_exclusive	TK91,TK92,TK93	SNV			3	0
ENSG00000288944	ENSG00000288944	GroupA_exclusive	TK91,TK92,TK93	SNV			3	0
ENSG00000288957	ENSG00000288957	GroupA_exclusive	TK91,TK92,TK93	SNV			3	0
ENSG00000288967	ENSG00000288967	GroupA_exclusive	TK18,TK92,TK93	SNV			3	0
ENSG00000288976	ENSG00000288976	GroupA_exclusive	TK18,TK91,TK92	SNV			3	0
ENSG00000289005	ENSG00000289005	GroupA_exclusive	TK18,TK91,TK92	INDEL,SNV			3	0
ENSG00000289023	ENSG00000289023	GroupA_exclusive	TK91,TK92,TK93	SNV			3	0
ENSG00000289057	ENSG00000289057	GroupA_exclusive	TK18,TK92,TK93	INDEL,SNV			3	0
ENSG00000289071	ENSG00000289071	GroupA_exclusive	TK18,TK92,TK93	SNV			3	0
ENSG00000289073	ENSG00000289073	GroupA_exclusive	TK10,TK16,TK18	SNV			3	0
ENSG00000289091	ENSG00000289091	GroupA_exclusive	TK10,TK91,TK92	SNV			3	0
ENSG00000289111	ENSG00000289111	GroupA_exclusive	TK18,TK91,TK92	SNV			3	0
ENSG00000289128	ENSG00000289128	GroupA_exclusive	TK91,TK92,TK93	SNV			3	0
ENSG00000289153	ENSG00000289153	GroupA_exclusive	TK91,TK92,TK93	SNV			3	0
ENSG00000289158	ENSG00000289158	GroupA_exclusive	TK10,TK92,TK93	SNV			3	0
ENSG00000289165	ENSG00000289165	GroupA_exclusive	TK18,TK91,TK92	SNV			3	0
ENSG00000289179	ENSG00000289179	GroupA_exclusive	TK91,TK92,TK93	SNV			3	0
ENSG00000289208	ENSG00000289208	GroupA_exclusive	TK91,TK92,TK93	SNV			3	0
ENSG00000289217	ENSG00000289217	GroupA_exclusive	TK10,TK91,TK92	INDEL,SNV			3	0
ENSG00000289225	ENSG00000289225	GroupA_exclusive	TK10,TK91,TK92	SNV			3	0
ENSG00000289227	ENSG00000289227	GroupA_exclusive	TK10,TK91,TK93	SNV			3	0
ENSG00000289231	ENSG00000289231	GroupA_exclusive	TK10,TK16,TK18	INDEL,SNV			3	0
ENSG00000289283	ENSG00000289283	GroupA_exclusive	TK91,TK92,TK93	SNV			3	0
ENSG00000289289	ENSG00000289289	GroupA_exclusive	TK91,TK92,TK93	SNV			3	0
ENSG00000289331	ENSG00000289331	GroupA_exclusive	TK16,TK92,TK93	SNV			3	0
ENSG00000289336	ENSG00000289336	GroupA_exclusive	TK10,TK18,TK93	SNV			3	0
ENSG00000289337	ENSG00000289337	GroupA_exclusive	TK91,TK92,TK93	SNV			3	0
ENSG00000289342	ENSG00000289342	GroupA_exclusive	TK91,TK92,TK93	INDEL,SNV			3	0
ENSG00000289351	ENSG00000289351	GroupA_exclusive	TK10,TK91,TK92	INDEL,SNV			3	0
ENSG00000289411	ENSG00000289411	GroupA_exclusive	TK10,TK91,TK93	SNV			3	0
ENSG00000289466	ENSG00000289466	GroupA_exclusive	TK91,TK92,TK93	SNV			3	0
ENSG00000289467	ENSG00000289467	GroupA_exclusive	TK91,TK92,TK93	SNV			3	0
ENSG00000289476	ENSG00000289476	GroupA_exclusive	TK10,TK92,TK93	SNV			3	0
ENSG00000289497	ENSG00000289497	GroupA_exclusive	TK10,TK92,TK93	SNV			3	0
ENSG00000289528	ENSG00000289528	GroupA_exclusive	TK91,TK92,TK93	INDEL,SNV			3	0
ENSG00000289529	ENSG00000289529	GroupA_exclusive	TK10,TK91,TK93	INDEL,SNV			3	0
ENSG00000289534	ENSG00000289534	GroupA_exclusive	TK91,TK92,TK93	SNV			3	0
ENSG00000289556	ENSG00000289556	GroupA_exclusive	TK18,TK91,TK93	INDEL,SNV			3	0
ENSG00000289570	ENSG00000289570	GroupA_exclusive	TK10,TK92,TK93	SNV			3	0
ENSG00000289576	ENSG00000289576	GroupA_exclusive	TK91,TK92,TK93	INDEL,SNV			3	0
ENSG00000289584	ENSG00000289584	GroupA_exclusive	TK91,TK92,TK93	SNV			3	0
ENSG00000289593	ENSG00000289593	GroupA_exclusive	TK16,TK18,TK92	SNV			3	0
ENSG00000289611	ENSG00000289611	GroupA_exclusive	TK91,TK92,TK93	SNV			3	0
ENSG00000289627	ENSG00000289627	GroupA_exclusive	TK91,TK92,TK93	SNV			3	0
ENSG00000289702	ENSG00000289702	GroupA_exclusive	TK91,TK92,TK93	INDEL,SNV			3	0
ENSG00000289748	ENSG00000289748	GroupA_exclusive	TK10,TK16,TK93	INDEL,SNV			3	0
ENSG00000289826	ENSG00000289826	GroupA_exclusive	TK10,TK18,TK91	INDEL,SNV			3	0
ENSG00000289830	ENSG00000289830	GroupA_exclusive	TK16,TK91,TK93	SNV			3	0
ENSG00000289839	ENSG00000289839	GroupA_exclusive	TK91,TK92,TK93	SNV			3	0
ENSG00000289848	ENSG00000289848	GroupA_exclusive	TK91,TK92,TK93	SNV			3	0
ENSG00000289855	ENSG00000289855	GroupA_exclusive	TK91,TK92,TK93	SNV			3	0
ENSG00000289887	ENSG00000289887	GroupA_exclusive	TK91,TK92,TK93	INDEL,SNV			3	0
ENSG00000289888	ENSG00000289888	GroupA_exclusive	TK91,TK92,TK93	SNV			3	0
ENSG00000289896	ENSG00000289896	GroupA_exclusive	TK10,TK92,TK93	SNV			3	0
ENSG00000289953	ENSG00000289953	GroupA_exclusive	TK91,TK92,TK93	SNV			3	0
ENSG00000289991	ENSG00000289991	GroupA_exclusive	TK10,TK91,TK92	SNV			3	0
ENSG00000290012	ENSG00000290012	GroupA_exclusive	TK91,TK92,TK93	SNV			3	0
ENSG00000290016	ENSG00000290016	GroupA_exclusive	TK10,TK18,TK92	SNV			3	0
ENSG00000290017	ENSG00000290017	GroupA_exclusive	TK91,TK92,TK93	SNV			3	0
ENSG00000290038	ENSG00000290038	GroupA_exclusive	TK91,TK92,TK93	SNV			3	0
ENSG00000290041	ENSG00000290041	GroupA_exclusive	TK10,TK18,TK92	INDEL,SNV			3	0
ENSG00000290051	ENSG00000290051	GroupA_exclusive	TK10,TK92,TK93	SNV			3	0
ENSG00000290052	ENSG00000290052	GroupA_exclusive	TK91,TK92,TK93	SNV			3	0
ENSG00000290081	ENSG00000290081	GroupA_exclusive	TK10,TK92,TK93	SNV			3	0
ENSG00000290094	ENSG00000290094	GroupA_exclusive	TK91,TK92,TK93	INDEL,SNV			3	0
ENSG00000290354	ENSG00000290354	GroupA_exclusive	TK91,TK92,TK93	SNV			3	0
ENSG00000290368	ENSG00000290368	GroupA_exclusive	TK10,TK91,TK92	SNV			3	0
ENSG00000290377	ENSG00000290377	GroupA_exclusive	TK10,TK92,TK93	INDEL,SNV			3	0
ENSG00000290383	ENSG00000290383	GroupA_exclusive	TK91,TK92,TK93	SNV			3	0
ENSG00000290410	ENSG00000290410	GroupA_exclusive	TK91,TK92,TK93	INDEL,SNV			3	0
ENSG00000290449	ENSG00000290449	GroupA_exclusive	TK91,TK92,TK93	SNV			3	0
ENSG00000290463	ENSG00000290463	GroupA_exclusive	TK18,TK91,TK93	SNV			3	0
ENSG00000290498	ENSG00000290498	GroupA_exclusive	TK91,TK92,TK93	SNV			3	0
ENSG00000290557	ENSG00000290557	GroupA_exclusive	TK10,TK18,TK92	SNV			3	0
ENSG00000290592	ENSG00000290592	GroupA_exclusive	TK10,TK16,TK18	SNV			3	0
ENSG00000290667	ENSG00000290667	GroupA_exclusive	TK91,TK92,TK93	SNV			3	0
ENSG00000290674	ENSG00000290674	GroupA_exclusive	TK91,TK92,TK93	INDEL,SNV			3	0
ENSG00000290735	ENSG00000290735	GroupA_exclusive	TK10,TK18,TK92	SNV			3	0
ENSG00000290889	ENSG00000290889	GroupA_exclusive	TK16,TK18,TK92	SNV			3	0
ENSG00000290899	ENSG00000290899	GroupA_exclusive	TK91,TK92,TK93	SNV			3	0
ENSG00000290913	ENSG00000290913	GroupA_exclusive	TK91,TK92,TK93	SNV			3	0
ENSG00000290938	ENSG00000290938	GroupA_exclusive	TK91,TK92,TK93	INDEL,SNV			3	0
ENSG00000290971	ENSG00000290971	GroupA_exclusive	TK91,TK92,TK93	INDEL,SNV			3	0
ENSG00000291231	ENSG00000291231	GroupA_exclusive	TK91,TK92,TK93	INDEL,SNV			3	0
ENSG00000291233	ENSG00000291233	GroupA_exclusive	TK18,TK92,TK93	SNV			3	0
ENSG00000291262	ENSG00000291262	GroupA_exclusive	TK91,TK92,TK93	SNV			3	0
ENSG00000291264	ENSG00000291264	GroupA_exclusive	TK91,TK92,TK93	INDEL,SNV			3	0
ENSG00000291289	ENSG00000291289	GroupA_exclusive	TK18,TK92,TK93	SNV			3	0
ENSG00000291290	ENSG00000291290	GroupA_exclusive	TK10,TK91,TK92	SNV			3	0
ENSG00000291291	ENSG00000291291	GroupA_exclusive	TK91,TK92,TK93	SNV			3	0
ENSG00000291312	ENSG00000291312	GroupA_exclusive	TK16,TK92,TK93	INDEL,SNV			3	0
ENSG00000166947	EPB42	GroupA_exclusive	TK91,TK92,TK93	SNV			3	0
ENSG00000182585	EPGN	GroupA_exclusive	TK16,TK91,TK93	SNV			3	0
ENSG00000242948	EPS15P1	GroupA_exclusive	TK91,TK92,TK93	SNV			3	0
ENSG00000234350	ERICH2-DT	GroupA_exclusive	TK10,TK92,TK93	SNV			3	0
ENSG00000269486	ERVK9-11	GroupA_exclusive	TK18,TK92,TK93	SNV			3	0
ENSG00000237833	ETS2P1	GroupA_exclusive	TK91,TK92,TK93	SNV			3	0
ENSG00000112584	FAM120B	GroupA_exclusive	TK10,TK92,TK93	SNV			3	0
ENSG00000232830	FAM136CP	GroupA_exclusive	TK91,TK92,TK93	SNV			3	0
ENSG00000248019	FAM13A-AS1	GroupA_exclusive	TK91,TK92,TK93	SNV			3	0
ENSG00000189320	FAM180A	GroupA_exclusive	TK10,TK18,TK92	SNV			3	0
ENSG00000182103	FAM181B	GroupA_exclusive	TK18,TK92,TK93	SNV			3	0
ENSG00000230992	FAM201B	GroupA_exclusive	TK91,TK92,TK93	SNV			3	0
ENSG00000233040	FAM204BP	GroupA_exclusive	TK91,TK92,TK93	INDEL,SNV			3	0
ENSG00000231248	FAM242D	GroupA_exclusive	TK10,TK92,TK93	SNV			3	0
ENSG00000228055	FAM245A	GroupA_exclusive	TK91,TK92,TK93	SNV			3	0
ENSG00000174028	FAM3C2P	GroupA_exclusive	TK10,TK16,TK92	SNV			3	0
ENSG00000145945	FAM50B	GroupA_exclusive	TK91,TK92,TK93	SNV			3	0
ENSG00000230342	FANCD2P2	GroupA_exclusive	TK91,TK92,TK93	SNV			3	0
ENSG00000254791	FAR1-IT1	GroupA_exclusive	TK18,TK91,TK93	INDEL,SNV			3	0
ENSG00000072694	FCGR2B	GroupA_exclusive	TK91,TK92,TK93	SNV			3	0
ENSG00000268388	FENDRR	GroupA_exclusive	TK10,TK92,TK93	SNV			3	0
ENSG00000163497	FEV	GroupA_exclusive	TK10,TK91,TK93	SNV			3	0
ENSG00000078579	FGF20	GroupA_exclusive	TK91,TK92,TK93	SNV			3	0
ENSG00000231426	FILNC1	GroupA_exclusive	TK91,TK92,TK93	SNV			3	0
ENSG00000248599	FLJ42969	GroupA_exclusive	TK10,TK18,TK91	SNV			3	0
ENSG00000232148	FMO11P	GroupA_exclusive	TK91,TK92,TK93	INDEL,SNV			3	0
ENSG00000254502	FNTAP1	GroupA_exclusive	TK91,TK92,TK93	SNV			3	0
ENSG00000186790	FOXE3	GroupA_exclusive	TK10,TK92,TK93	SNV			3	0
ENSG00000186766	FOXI2	GroupA_exclusive	TK91,TK92,TK93	INDEL,SNV			3	0
ENSG00000129654	FOXJ1	GroupA_exclusive	TK10,TK16,TK18	SNV			3	0
ENSG00000139926	FRMD6	GroupA_exclusive	TK10,TK92,TK93	SNV			3	0
ENSG00000169933	FRMPD4	GroupA_exclusive	TK91,TK92,TK93	INDEL,SNV			3	0
ENSG00000232273	FTH1P1	GroupA_exclusive	TK91,TK92,TK93	SNV			3	0
ENSG00000249302	FTH1P24	GroupA_exclusive	TK91,TK92,TK93	SNV			3	0
ENSG00000137731	FXYD2	GroupA_exclusive	TK91,TK92,TK93	SNV			3	0
ENSG00000240890	G2E3P1	GroupA_exclusive	TK91,TK92,TK93	SNV			3	0
ENSG00000182256	GABRG3	GroupA_exclusive	TK18,TK92,TK93	INDEL,SNV			3	0
ENSG00000228740	GABRG3-AS1	GroupA_exclusive	TK91,TK92,TK93	INDEL,SNV			3	0
ENSG00000144644	GADL1	GroupA_exclusive	TK10,TK92,TK93	SNV			3	0
ENSG00000249210	GAPDHP38	GroupA_exclusive	TK10,TK91,TK93	INDEL,SNV			3	0
ENSG00000100031	GGT1	GroupA_exclusive	TK91,TK92,TK93	SNV			3	0
ENSG00000236969	GGT8P	GroupA_exclusive	TK91,TK92,TK93	SNV			3	0
ENSG00000149435	GGTLC1	GroupA_exclusive	TK91,TK92,TK93	SNV			3	0
ENSG00000230712	GGTLC4P	GroupA_exclusive	TK91,TK92,TK93	SNV			3	0
ENSG00000276160	GGTLC5P	GroupA_exclusive	TK91,TK92,TK93	SNV			3	0
ENSG00000074047	GLI2	GroupA_exclusive	TK18,TK91,TK92	INDEL,SNV			3	0
ENSG00000109738	GLRB	GroupA_exclusive	TK91,TK92,TK93	SNV			3	0
ENSG00000181511	GLRX5P1	GroupA_exclusive	TK91,TK92,TK93	INDEL,SNV			3	0
ENSG00000231373	GNA14-AS1	GroupA_exclusive	TK10,TK91,TK93	SNV			3	0
ENSG00000127928	GNGT1	GroupA_exclusive	TK10,TK18,TK93	INDEL,SNV			3	0
ENSG00000227356	GOLGA7B-DT	GroupA_exclusive	TK10,TK91,TK92	SNV			3	0
ENSG00000230849	GOT2P2	GroupA_exclusive	TK91,TK92,TK93	INDEL,SNV			3	0
ENSG00000214745	GOT2P6	GroupA_exclusive	TK91,TK92,TK93	SNV			3	0
ENSG00000237510	GPAT2P1	GroupA_exclusive	TK91,TK92,TK93	SNV			3	0
ENSG00000182921	GPATCH11P1	GroupA_exclusive	TK91,TK92,TK93	INDEL,SNV			3	0
ENSG00000147257	GPC3	GroupA_exclusive	TK91,TK92,TK93	INDEL,SNV			3	0
ENSG00000150625	GPM6A	GroupA_exclusive	TK10,TK91,TK92	INDEL,SNV			3	0
ENSG00000236496	GPS2P1	GroupA_exclusive	TK91,TK92,TK93	SNV			3	0
ENSG00000089351	GRAMD1A	GroupA_exclusive	TK91,TK92,TK93	SNV			3	0
ENSG00000236340	GRM8-AS1	GroupA_exclusive	TK91,TK92,TK93	SNV			3	0
ENSG00000204928	GRXCR2	GroupA_exclusive	TK91,TK92,TK93	SNV			3	0
ENSG00000230845	GSTA10P	GroupA_exclusive	TK91,TK92,TK93	SNV			3	0
ENSG00000226878	GSTM3P2	GroupA_exclusive	TK91,TK92,TK93	SNV			3	0
ENSG00000101890	GUCY2F	GroupA_exclusive	TK91,TK92,TK93	SNV			3	0
ENSG00000198237	GUSBP13	GroupA_exclusive	TK91,TK92,TK93	SNV			3	0
ENSG00000196302	GUSBP15	GroupA_exclusive	TK91,TK92,TK93	INDEL,SNV			3	0
ENSG00000235558	GUSBP17	GroupA_exclusive	TK91,TK92,TK93	INDEL,SNV			3	0
ENSG00000253203	GUSBP3	GroupA_exclusive	TK91,TK92,TK93	INDEL,SNV			3	0
ENSG00000254781	GVINP2	GroupA_exclusive	TK91,TK92,TK93	SNV			3	0
ENSG00000251633	GYG1P1	GroupA_exclusive	TK91,TK92,TK93	SNV			3	0
ENSG00000218690	H2AC10P	GroupA_exclusive	TK91,TK92,TK93	SNV			3	0
ENSG00000274997	H2AC12	GroupA_exclusive	TK10,TK16,TK18	SNV			3	0
ENSG00000196747	H2AC13	GroupA_exclusive	TK16,TK18,TK91	SNV			3	0
ENSG00000275713	H2BC9	GroupA_exclusive	TK16,TK91,TK93	SNV			3	0
ENSG00000290320	H2BN1	GroupA_exclusive	TK91,TK92,TK93	INDEL,SNV			3	0
ENSG00000231787	H2BP9	GroupA_exclusive	TK91,TK92,TK93	SNV			3	0
ENSG00000203811	H3C14	GroupA_exclusive	TK91,TK92,TK93	SNV			3	0
ENSG00000255492	H3P33	GroupA_exclusive	TK91,TK92,TK93	SNV			3	0
ENSG00000269466	H3Y1	GroupA_exclusive	TK91,TK92,TK93	INDEL,SNV			3	0
ENSG00000276966	H4C5	GroupA_exclusive	TK10,TK91,TK93	SNV			3	0
ENSG00000170961	HAS2	GroupA_exclusive	TK10,TK92,TK93	SNV			3	0
ENSG00000251453	HAUS1P1	GroupA_exclusive	TK91,TK92,TK93	SNV			3	0
ENSG00000161610	HCRT	GroupA_exclusive	TK91,TK92,TK93	SNV			3	0
ENSG00000233012	HDAC1P2	GroupA_exclusive	TK91,TK92,TK93	INDEL,SNV			3	0
ENSG00000226522	HDAC9-AS1	GroupA_exclusive	TK91,TK92,TK93	INDEL,SNV			3	0
ENSG00000227183	HDGFP1	GroupA_exclusive	TK18,TK91,TK92	INDEL,SNV			3	0
ENSG00000229056	HECW2-AS1	GroupA_exclusive	TK91,TK92,TK93	SNV			3	0
ENSG00000261581	HERC2P11	GroupA_exclusive	TK18,TK92,TK93	SNV			3	0
ENSG00000069812	HES2	GroupA_exclusive	TK91,TK92,TK93	SNV			3	0
ENSG00000237742	HEY2-AS1	GroupA_exclusive	TK18,TK91,TK92	SNV			3	0
ENSG00000226088	HHLA3-AS1	GroupA_exclusive	TK10,TK91,TK92	SNV			3	0
ENSG00000237646	HLCS-IT1	GroupA_exclusive	TK91,TK92,TK93	SNV			3	0
ENSG00000259196	HMBOX1-IT1	GroupA_exclusive	TK91,TK92,TK93	SNV			3	0
ENSG00000225984	HMGB1P26	GroupA_exclusive	TK10,TK91,TK92	SNV			3	0
ENSG00000270986	HMGB1P51	GroupA_exclusive	TK10,TK92,TK93	SNV			3	0
ENSG00000247911	HMGN1P12	GroupA_exclusive	TK91,TK92,TK93	SNV			3	0
ENSG00000259557	HMGN1P26	GroupA_exclusive	TK91,TK92,TK93	SNV			3	0
ENSG00000172186	HMGN1P35	GroupA_exclusive	TK91,TK92,TK93	SNV			3	0
ENSG00000235734	HMGN1P36	GroupA_exclusive	TK91,TK92,TK93	SNV			3	0
ENSG00000214578	HMGN2P15	GroupA_exclusive	TK91,TK92,TK93	SNV			3	0
ENSG00000226427	HMGN2P7	GroupA_exclusive	TK91,TK92,TK93	SNV			3	0
ENSG00000188816	HMX2	GroupA_exclusive	TK91,TK92,TK93	INDEL,SNV			3	0
ENSG00000275410	HNF1B	GroupA_exclusive	TK10,TK16,TK93	SNV			3	0
ENSG00000233680	HNRNPA1P27	GroupA_exclusive	TK91,TK92,TK93	SNV			3	0
ENSG00000218574	HNRNPA1P37	GroupA_exclusive	TK91,TK92,TK93	SNV			3	0
ENSG00000253605	HNRNPA1P38	GroupA_exclusive	TK91,TK92,TK93	SNV			3	0
ENSG00000220937	HNRNPA1P41	GroupA_exclusive	TK16,TK91,TK93	SNV			3	0
ENSG00000249271	HNRNPA1P44	GroupA_exclusive	TK18,TK91,TK92	SNV			3	0
ENSG00000259411	HNRNPA1P45	GroupA_exclusive	TK91,TK92,TK93	INDEL,SNV			3	0
ENSG00000236539	HNRNPA1P54	GroupA_exclusive	TK91,TK92,TK93	SNV			3	0
ENSG00000229887	HNRNPA1P6	GroupA_exclusive	TK10,TK91,TK92	SNV			3	0
ENSG00000187999	HNRNPA1P61	GroupA_exclusive	TK10,TK92,TK93	SNV			3	0
ENSG00000213305	HNRNPCP6	GroupA_exclusive	TK91,TK92,TK93	SNV			3	0
ENSG00000248854	HNRNPH1P3	GroupA_exclusive	TK91,TK92,TK93	SNV			3	0
ENSG00000105991	HOXA1	GroupA_exclusive	TK91,TK92,TK93	SNV			3	0
ENSG00000105997	HOXA3	GroupA_exclusive	TK10,TK91,TK93	SNV			3	0
ENSG00000106006	HOXA6	GroupA_exclusive	TK10,TK91,TK92	SNV			3	0
ENSG00000159184	HOXB13	GroupA_exclusive	TK10,TK92,TK93	SNV			3	0
ENSG00000250133	HOXC-AS2	GroupA_exclusive	TK10,TK16,TK18	SNV			3	0
ENSG00000128714	HOXD13	GroupA_exclusive	TK91,TK92,TK93	SNV			3	0
ENSG00000128652	HOXD3	GroupA_exclusive	TK10,TK92,TK93	INDEL,SNV			3	0
ENSG00000134489	HRH4	GroupA_exclusive	TK16,TK92,TK93	INDEL,SNV			3	0
ENSG00000203855	HSD3BP4	GroupA_exclusive	TK10,TK91,TK92	SNV			3	0
ENSG00000205100	HSP90AA4P	GroupA_exclusive	TK18,TK92,TK93	INDEL,SNV			3	0
ENSG00000257539	HSPA8P14	GroupA_exclusive	TK10,TK92,TK93	INDEL,SNV			3	0
ENSG00000234788	HSPA8P3	GroupA_exclusive	TK91,TK92,TK93	INDEL,SNV			3	0
ENSG00000254543	HSPD1P2	GroupA_exclusive	TK91,TK92,TK93	INDEL,SNV			3	0
ENSG00000249193	HSPD1P5	GroupA_exclusive	TK91,TK92,TK93	SNV			3	0
ENSG00000235112	HSPE1P27	GroupA_exclusive	TK91,TK92,TK93	SNV			3	0
ENSG00000179546	HTR1D	GroupA_exclusive	TK16,TK92,TK93	SNV			3	0
ENSG00000248880	ICE2P1	GroupA_exclusive	TK91,TK92,TK93	SNV			3	0
ENSG00000147896	IFNK	GroupA_exclusive	TK10,TK91,TK92	SNV			3	0
ENSG00000163913	IFT122	GroupA_exclusive	TK91,TK92,TK93	INDEL,SNV			3	0
ENSG00000231292	IGKV1OR2-108	GroupA_exclusive	TK10,TK16,TK93	SNV			3	0
ENSG00000211660	IGLV2-23	GroupA_exclusive	TK91,TK92,TK93	SNV			3	0
ENSG00000211638	IGLV8-61	GroupA_exclusive	TK18,TK91,TK92	SNV			3	0
ENSG00000189108	IL1RAPL2	GroupA_exclusive	TK91,TK92,TK93	INDEL,SNV			3	0
ENSG00000138684	IL21	GroupA_exclusive	TK91,TK92,TK93	SNV			3	0
ENSG00000127318	IL22	GroupA_exclusive	TK10,TK91,TK93	SNV			3	0
ENSG00000244226	ILF2P1	GroupA_exclusive	TK91,TK92,TK93	INDEL,SNV			3	0
ENSG00000214045	IMPDH1P2	GroupA_exclusive	TK91,TK92,TK93	INDEL,SNV			3	0
ENSG00000188916	INSYN2A	GroupA_exclusive	TK91,TK92,TK93	INDEL,SNV			3	0
ENSG00000250492	INTS6P1	GroupA_exclusive	TK91,TK92,TK93	SNV			3	0
ENSG00000278685	IQCA1L	GroupA_exclusive	TK10,TK16,TK18	SNV			3	0
ENSG00000217539	IQCB2P	GroupA_exclusive	TK91,TK92,TK93	INDEL,SNV			3	0
ENSG00000120645	IQSEC3	GroupA_exclusive	TK91,TK92,TK93	INDEL,SNV			3	0
ENSG00000177112	IRAG1-AS1	GroupA_exclusive	TK10,TK16,TK91	SNV			3	0
ENSG00000237863	IRS4-AS1	GroupA_exclusive	TK91,TK92,TK93	SNV			3	0
ENSG00000236388	ITCH-AS1	GroupA_exclusive	TK10,TK91,TK93	SNV			3	0
ENSG00000260281	ITFG1-AS1	GroupA_exclusive	TK10,TK92,TK93	SNV			3	0
ENSG00000258730	ITPK1-AS1	GroupA_exclusive	TK10,TK92,TK93	SNV			3	0
ENSG00000280780	JAKMIP2-AS1	GroupA_exclusive	TK91,TK92,TK93	SNV			3	0
ENSG00000154721	JAM2	GroupA_exclusive	TK91,TK92,TK93	INDEL,SNV			3	0
ENSG00000092051	JPH4	GroupA_exclusive	TK10,TK92,TK93	SNV			3	0
ENSG00000149474	KAT14	GroupA_exclusive	TK91,TK92,TK93	SNV			3	0
ENSG00000171126	KCNG3	GroupA_exclusive	TK10,TK91,TK93	SNV			3	0
ENSG00000157542	KCNJ6	GroupA_exclusive	TK10,TK91,TK92	SNV			3	0
ENSG00000164794	KCNV1	GroupA_exclusive	TK91,TK92,TK93	SNV			3	0
ENSG00000167977	KCTD5	GroupA_exclusive	TK10,TK16,TK92	SNV			3	0
ENSG00000224232	KCTD5P1	GroupA_exclusive	TK18,TK91,TK93	SNV			3	0
ENSG00000248216	KCTD9P5	GroupA_exclusive	TK91,TK92,TK93	SNV			3	0
ENSG00000241671	KIAA1328P1	GroupA_exclusive	TK10,TK91,TK92	SNV			3	0
ENSG00000258748	KIF26A-DT	GroupA_exclusive	TK91,TK92,TK93	SNV			3	0
ENSG00000232192	KIF26B-AS1	GroupA_exclusive	TK10,TK91,TK93	INDEL,SNV			3	0
ENSG00000233186	KLF4P1	GroupA_exclusive	TK91,TK92,TK93	SNV			3	0
ENSG00000242522	KLHL6-AS1	GroupA_exclusive	TK91,TK92,TK93	SNV			3	0
ENSG00000270429	KNOP1P2	GroupA_exclusive	TK91,TK92,TK93	SNV			3	0
ENSG00000236530	KPNA2P1	GroupA_exclusive	TK18,TK92,TK93	SNV			3	0
ENSG00000266820	KPNA2P3	GroupA_exclusive	TK91,TK92,TK93	SNV			3	0
ENSG00000234737	KRT18P15	GroupA_exclusive	TK91,TK92,TK93	SNV			3	0
ENSG00000215867	KRT18P57	GroupA_exclusive	TK10,TK92,TK93	SNV			3	0
ENSG00000215208	KRT18P60	GroupA_exclusive	TK91,TK92,TK93	SNV			3	0
ENSG00000171431	KRT20	GroupA_exclusive	TK16,TK92,TK93	INDEL,SNV			3	0
ENSG00000264663	KRT8P34	GroupA_exclusive	TK91,TK92,TK93	SNV			3	0
ENSG00000204571	KRTAP5-11	GroupA_exclusive	TK18,TK92,TK93	SNV			3	0
ENSG00000254997	KRTAP5-9	GroupA_exclusive	TK10,TK16,TK18	SNV			3	0
ENSG00000213500	LAP3P2	GroupA_exclusive	TK91,TK92,TK93	INDEL,SNV			3	0
ENSG00000233851	LATS2-AS1	GroupA_exclusive	TK91,TK92,TK93	INDEL,SNV			3	0
ENSG00000226806	LCT-AS1	GroupA_exclusive	TK91,TK92,TK93	SNV			3	0
ENSG00000182195	LDOC1	GroupA_exclusive	TK91,TK92,TK93	SNV			3	0
ENSG00000174697	LEP	GroupA_exclusive	TK10,TK16,TK93	INDEL,SNV			3	0
ENSG00000268660	LETM1P2	GroupA_exclusive	TK10,TK91,TK93	INDEL,SNV			3	0
ENSG00000125514	LINC00029	GroupA_exclusive	TK10,TK91,TK92	SNV			3	0
ENSG00000185433	LINC00158	GroupA_exclusive	TK16,TK91,TK93	SNV			3	0
ENSG00000229214	LINC00242	GroupA_exclusive	TK10,TK91,TK92	SNV			3	0
ENSG00000203729	LINC00272	GroupA_exclusive	TK10,TK91,TK92	SNV			3	0
ENSG00000184274	LINC00315	GroupA_exclusive	TK10,TK92,TK93	SNV			3	0
ENSG00000224924	LINC00320	GroupA_exclusive	TK91,TK92,TK93	INDEL,SNV			3	0
ENSG00000224853	LINC00393	GroupA_exclusive	TK10,TK18,TK93	SNV			3	0
ENSG00000235532	LINC00402	GroupA_exclusive	TK91,TK92,TK93	SNV			3	0
ENSG00000237585	LINC00407	GroupA_exclusive	TK91,TK92,TK93	SNV			3	0
ENSG00000236463	LINC00427	GroupA_exclusive	TK10,TK91,TK92	SNV			3	0
ENSG00000233610	LINC00462	GroupA_exclusive	TK16,TK92,TK93	INDEL,SNV			3	0
ENSG00000258169	LINC00485	GroupA_exclusive	TK91,TK92,TK93	SNV			3	0
ENSG00000205837	LINC00487	GroupA_exclusive	TK10,TK91,TK92	SNV			3	0
ENSG00000214381	LINC00488	GroupA_exclusive	TK18,TK92,TK93	SNV			3	0
ENSG00000256971	LINC00508	GroupA_exclusive	TK10,TK92,TK93	SNV			3	0
ENSG00000261446	LINC00559	GroupA_exclusive	TK91,TK92,TK93	INDEL,SNV			3	0
ENSG00000261498	LINC00566	GroupA_exclusive	TK91,TK92,TK93	SNV			3	0
ENSG00000255494	LINC00681	GroupA_exclusive	TK18,TK92,TK93	SNV			3	0
ENSG00000185904	LINC00839	GroupA_exclusive	TK10,TK18,TK92	INDEL,SNV			3	0
ENSG00000229404	LINC00858	GroupA_exclusive	TK18,TK91,TK92	SNV			3	0
ENSG00000214145	LINC00887	GroupA_exclusive	TK91,TK92,TK93	SNV			3	0
ENSG00000205634	LINC00898	GroupA_exclusive	TK91,TK92,TK93	INDEL,SNV			3	0
ENSG00000249267	LINC00939	GroupA_exclusive	TK91,TK92,TK93	INDEL,SNV			3	0
ENSG00000250334	LINC00989	GroupA_exclusive	TK18,TK92,TK93	SNV			3	0
ENSG00000248118	LINC01019	GroupA_exclusive	TK91,TK92,TK93	SNV			3	0
ENSG00000233405	LINC01046	GroupA_exclusive	TK18,TK91,TK92	SNV			3	0
ENSG00000225105	LINC01076	GroupA_exclusive	TK10,TK16,TK92	SNV			3	0
ENSG00000235597	LINC01102	GroupA_exclusive	TK91,TK92,TK93	SNV			3	0
ENSG00000234781	LINC01103	GroupA_exclusive	TK10,TK91,TK92	SNV			3	0
ENSG00000224286	LINC01142	GroupA_exclusive	TK18,TK91,TK92	INDEL,SNV			3	0
ENSG00000232827	LINC01189	GroupA_exclusive	TK91,TK92,TK93	SNV			3	0
ENSG00000234199	LINC01191	GroupA_exclusive	TK91,TK92,TK93	INDEL,SNV			3	0
ENSG00000248131	LINC01194	GroupA_exclusive	TK18,TK92,TK93	INDEL,SNV			3	0
ENSG00000228980	LINC01205	GroupA_exclusive	TK18,TK92,TK93	SNV			3	0
ENSG00000249534	LINC01258	GroupA_exclusive	TK91,TK92,TK93	SNV			3	0
ENSG00000249667	LINC01259	GroupA_exclusive	TK91,TK92,TK93	INDEL,SNV			3	0
ENSG00000241767	LINC01324	GroupA_exclusive	TK10,TK91,TK93	SNV			3	0
ENSG00000228918	LINC01344	GroupA_exclusive	TK10,TK91,TK92	INDEL,SNV			3	0
ENSG00000214837	LINC01347	GroupA_exclusive	TK16,TK92,TK93	SNV			3	0
ENSG00000215866	LINC01356	GroupA_exclusive	TK91,TK92,TK93	INDEL,SNV			3	0
ENSG00000237352	LINC01358	GroupA_exclusive	TK91,TK92,TK93	SNV			3	0
ENSG00000226891	LINC01359	GroupA_exclusive	TK91,TK92,TK93	SNV			3	0
ENSG00000236268	LINC01361	GroupA_exclusive	TK18,TK91,TK92	SNV			3	0
ENSG00000228888	LINC01428	GroupA_exclusive	TK10,TK18,TK91	SNV			3	0
ENSG00000225882	LINC01456	GroupA_exclusive	TK10,TK91,TK93	SNV			3	0
ENSG00000258754	LINC01579	GroupA_exclusive	TK10,TK16,TK91	SNV			3	0
ENSG00000249487	LINC01586	GroupA_exclusive	TK16,TK92,TK93	SNV			3	0
ENSG00000272138	LINC01607	GroupA_exclusive	TK91,TK92,TK93	INDEL			3	0
ENSG00000253877	LINC01608	GroupA_exclusive	TK10,TK91,TK92	SNV			3	0
ENSG00000225595	LINC01623	GroupA_exclusive	TK91,TK92,TK93	SNV			3	0
ENSG00000260976	LINC01633	GroupA_exclusive	TK91,TK92,TK93	SNV			3	0
ENSG00000236052	LINC01643	GroupA_exclusive	TK10,TK91,TK92	SNV			3	0
ENSG00000233985	LINC01681	GroupA_exclusive	TK91,TK92,TK93	INDEL,SNV			3	0
ENSG00000231666	LINC01704	GroupA_exclusive	TK10,TK91,TK92	SNV			3	0
ENSG00000226715	LINC01709	GroupA_exclusive	TK10,TK91,TK92	SNV			3	0
ENSG00000231175	LINC01720	GroupA_exclusive	TK10,TK91,TK92	SNV			3	0
ENSG00000234283	LINC01731	GroupA_exclusive	TK16,TK92,TK93	SNV			3	0
ENSG00000242042	LINC01743	GroupA_exclusive	TK10,TK16,TK93	SNV			3	0
ENSG00000226476	LINC01748	GroupA_exclusive	TK10,TK18,TK92	INDEL,SNV			3	0
ENSG00000224961	LINC01752	GroupA_exclusive	TK91,TK92,TK93	INDEL,SNV			3	0
ENSG00000224565	LINC01754	GroupA_exclusive	TK91,TK92,TK93	INDEL,SNV			3	0
ENSG00000228420	LINC01768	GroupA_exclusive	TK18,TK91,TK92	SNV			3	0
ENSG00000225285	LINC01770	GroupA_exclusive	TK10,TK91,TK93	SNV			3	0
ENSG00000223382	LINC01778	GroupA_exclusive	TK91,TK92,TK93	SNV			3	0
ENSG00000267777	LINC01791	GroupA_exclusive	TK10,TK91,TK92	INDEL,SNV			3	0
ENSG00000236008	LINC01814	GroupA_exclusive	TK16,TK91,TK93	SNV			3	0
ENSG00000230645	LINC01818	GroupA_exclusive	TK91,TK92,TK93	INDEL,SNV			3	0
ENSG00000224231	LINC01832	GroupA_exclusive	TK91,TK92,TK93	SNV			3	0
ENSG00000248901	LINC01846	GroupA_exclusive	TK10,TK91,TK93	SNV			3	0
ENSG00000253311	LINC01847	GroupA_exclusive	TK10,TK91,TK92	SNV			3	0
ENSG00000237880	LINC01885	GroupA_exclusive	TK10,TK91,TK92	INDEL,SNV			3	0
ENSG00000265352	LINC01899	GroupA_exclusive	TK91,TK92,TK93	INDEL,SNV			3	0
ENSG00000265758	LINC01900	GroupA_exclusive	TK10,TK91,TK92	INDEL,SNV			3	0
ENSG00000231040	LINC01911	GroupA_exclusive	TK10,TK92,TK93	SNV			3	0
ENSG00000259779	LINC01922	GroupA_exclusive	TK10,TK91,TK93	SNV			3	0
ENSG00000267013	LINC01929	GroupA_exclusive	TK16,TK92,TK93	SNV			3	0
ENSG00000273125	LINC01990	GroupA_exclusive	TK10,TK91,TK92	INDEL,SNV			3	0
ENSG00000241383	LINC01997	GroupA_exclusive	TK91,TK92,TK93	SNV			3	0
ENSG00000279727	LINC02033	GroupA_exclusive	TK16,TK91,TK92	SNV			3	0
ENSG00000243149	LINC02040	GroupA_exclusive	TK91,TK92,TK93	INDEL,SNV			3	0
ENSG00000228271	LINC02048	GroupA_exclusive	TK91,TK92,TK93	SNV			3	0
ENSG00000224153	LINC02054	GroupA_exclusive	TK10,TK91,TK92	INDEL,SNV			3	0
ENSG00000250885	LINC02061	GroupA_exclusive	TK10,TK92,TK93	SNV			3	0
ENSG00000229433	LINC02069	GroupA_exclusive	TK10,TK92,TK93	SNV			3	0
ENSG00000227685	LINC02088	GroupA_exclusive	TK91,TK92,TK93	SNV			3	0
ENSG00000249515	LINC02113	GroupA_exclusive	TK91,TK92,TK93	SNV			3	0
ENSG00000248789	LINC02118	GroupA_exclusive	TK91,TK92,TK93	INDEL,SNV			3	0
ENSG00000248455	LINC02217	GroupA_exclusive	TK10,TK91,TK92	SNV			3	0
ENSG00000245729	LINC02226	GroupA_exclusive	TK10,TK91,TK93	SNV			3	0
ENSG00000250313	LINC02229	GroupA_exclusive	TK91,TK92,TK93	SNV			3	0
ENSG00000248995	LINC02231	GroupA_exclusive	TK91,TK92,TK93	INDEL,SNV			3	0
ENSG00000250488	LINC02233	GroupA_exclusive	TK91,TK92,TK93	SNV			3	0
ENSG00000248202	LINC02234	GroupA_exclusive	TK91,TK92,TK93	INDEL,SNV			3	0
ENSG00000259664	LINC02254	GroupA_exclusive	TK91,TK92,TK93	SNV			3	0
ENSG00000249241	LINC02265	GroupA_exclusive	TK16,TK91,TK93	SNV			3	0
ENSG00000260792	LINC02280	GroupA_exclusive	TK91,TK92,TK93	SNV			3	0
ENSG00000259719	LINC02284	GroupA_exclusive	TK91,TK92,TK93	SNV			3	0
ENSG00000274317	LINC02334	GroupA_exclusive	TK91,TK92,TK93	INDEL,SNV			3	0
ENSG00000271850	LINC02343	GroupA_exclusive	TK91,TK92,TK93	SNV			3	0
ENSG00000248210	LINC02355	GroupA_exclusive	TK91,TK92,TK93	SNV			3	0
ENSG00000260423	LINC02367	GroupA_exclusive	TK91,TK92,TK93	SNV			3	0
ENSG00000256994	LINC02378	GroupA_exclusive	TK91,TK92,TK93	SNV			3	0
ENSG00000249345	LINC02405	GroupA_exclusive	TK10,TK91,TK93	SNV			3	0
ENSG00000256424	LINC02414	GroupA_exclusive	TK91,TK92,TK93	SNV			3	0
ENSG00000256906	LINC02419	GroupA_exclusive	TK10,TK92,TK93	SNV			3	0
ENSG00000249460	LINC02500	GroupA_exclusive	TK91,TK92,TK93	INDEL,SNV			3	0
ENSG00000226194	LINC02519	GroupA_exclusive	TK18,TK92,TK93	INDEL,SNV			3	0
ENSG00000236635	LINC02540	GroupA_exclusive	TK10,TK91,TK93	SNV			3	0
ENSG00000260265	LINC02562	GroupA_exclusive	TK91,TK92,TK93	SNV			3	0
ENSG00000261618	LINC02605	GroupA_exclusive	TK91,TK92,TK93	INDEL,SNV			3	0
ENSG00000226791	LINC02611	GroupA_exclusive	TK10,TK92,TK93	SNV			3	0
ENSG00000233200	LINC02634	GroupA_exclusive	TK18,TK92,TK93	SNV			3	0
ENSG00000236373	LINC02653	GroupA_exclusive	TK91,TK92,TK93	SNV			3	0
ENSG00000272381	LINC02664	GroupA_exclusive	TK16,TK91,TK92	SNV			3	0
ENSG00000254456	LINC02699	GroupA_exclusive	TK10,TK91,TK92	INDEL,SNV			3	0
ENSG00000255187	LINC02748	GroupA_exclusive	TK16,TK91,TK92	SNV			3	0
ENSG00000254401	LINC02752	GroupA_exclusive	TK10,TK91,TK92	SNV			3	0
ENSG00000229484	LINC02766	GroupA_exclusive	TK91,TK92,TK93	SNV			3	0
ENSG00000259815	LINC02769	GroupA_exclusive	TK91,TK92,TK93	SNV			3	0
ENSG00000204362	LINC02783	GroupA_exclusive	TK18,TK92,TK93	SNV			3	0
ENSG00000285210	LINC02795	GroupA_exclusive	TK10,TK16,TK93	SNV			3	0
ENSG00000227016	LINC02796	GroupA_exclusive	TK91,TK92,TK93	SNV			3	0
ENSG00000232527	LINC02802	GroupA_exclusive	TK91,TK92,TK93	SNV			3	0
ENSG00000275212	LINC02826	GroupA_exclusive	TK91,TK92,TK93	INDEL,SNV			3	0
ENSG00000254123	LINC02839	GroupA_exclusive	TK10,TK91,TK93	SNV			3	0
ENSG00000226581	LINC02848	GroupA_exclusive	TK91,TK92,TK93	SNV			3	0
ENSG00000229922	LINC02865	GroupA_exclusive	TK91,TK92,TK93	SNV			3	0
ENSG00000251138	LINC02882	GroupA_exclusive	TK91,TK92,TK93	INDEL,SNV			3	0
ENSG00000249647	LINC02900	GroupA_exclusive	TK91,TK92,TK93	SNV			3	0
ENSG00000204929	LINC02934	GroupA_exclusive	TK91,TK92,TK93	SNV			3	0
ENSG00000260454	LINC02957	GroupA_exclusive	TK16,TK18,TK92	SNV			3	0
ENSG00000266288	LINC02974	GroupA_exclusive	TK91,TK92,TK93	SNV			3	0
ENSG00000230533	LINC03004	GroupA_exclusive	TK91,TK92,TK93	SNV			3	0
ENSG00000258117	LINC03056	GroupA_exclusive	TK91,TK92,TK93	SNV			3	0
ENSG00000272763	LINC03057	GroupA_exclusive	TK16,TK92,TK93	SNV			3	0
ENSG00000223784	LINP1	GroupA_exclusive	TK10,TK92,TK93	SNV			3	0
ENSG00000251513	LIX1-AS1	GroupA_exclusive	TK91,TK92,TK93	SNV			3	0
ENSG00000152936	LMNTD1	GroupA_exclusive	TK91,TK92,TK93	INDEL,SNV			3	0
ENSG00000178734	LMO7DN	GroupA_exclusive	TK91,TK92,TK93	SNV			3	0
ENSG00000224563	LPP-AS1	GroupA_exclusive	TK91,TK92,TK93	INDEL,SNV			3	0
ENSG00000270959	LPP-AS2	GroupA_exclusive	TK91,TK92,TK93	SNV			3	0
ENSG00000162981	LRATD1	GroupA_exclusive	TK18,TK91,TK93	SNV			3	0
ENSG00000148655	LRMDA	GroupA_exclusive	TK91,TK92,TK93	SNV			3	0
ENSG00000259125	LRP1-AS	GroupA_exclusive	TK10,TK91,TK93	SNV			3	0
ENSG00000237919	LRRC7-AS1	GroupA_exclusive	TK91,TK92,TK93	INDEL,SNV			3	0
ENSG00000150556	LYPD6B	GroupA_exclusive	TK91,TK92,TK93	SNV			3	0
ENSG00000159374	M1AP	GroupA_exclusive	TK10,TK16,TK92	SNV			3	0
ENSG00000235914	MACROD2-AS1	GroupA_exclusive	TK91,TK92,TK93	INDEL,SNV			3	0
ENSG00000229967	MAGEA4-AS1	GroupA_exclusive	TK91,TK92,TK93	SNV			3	0
ENSG00000156009	MAGEA8	GroupA_exclusive	TK16,TK92,TK93	SNV			3	0
ENSG00000272610	MAGI1-IT1	GroupA_exclusive	TK91,TK92,TK93	INDEL,SNV			3	0
ENSG00000234456	MAGI2-AS3	GroupA_exclusive	TK91,TK92,TK93	INDEL,SNV			3	0
ENSG00000270975	MAGOH3P	GroupA_exclusive	TK91,TK92,TK93	SNV			3	0
ENSG00000168070	MAJIN	GroupA_exclusive	TK91,TK92,TK93	SNV			3	0
ENSG00000078018	MAP2	GroupA_exclusive	TK91,TK92,TK93	SNV			3	0
ENSG00000108984	MAP2K6	GroupA_exclusive	TK91,TK92,TK93	INDEL,SNV			3	0
ENSG00000116141	MARK1	GroupA_exclusive	TK91,TK92,TK93	INDEL,SNV			3	0
ENSG00000228815	MARK2P13	GroupA_exclusive	TK10,TK16,TK18	INDEL,SNV			3	0
ENSG00000219712	MARK2P18	GroupA_exclusive	TK91,TK92,TK93	SNV			3	0
ENSG00000130368	MAS1	GroupA_exclusive	TK10,TK18,TK92	INDEL,SNV			3	0
ENSG00000242308	MAT2AP1	GroupA_exclusive	TK91,TK92,TK93	SNV			3	0
ENSG00000280987	MATR3	GroupA_exclusive	TK16,TK92,TK93	SNV			3	0
ENSG00000103495	MAZ	GroupA_exclusive	TK18,TK92,TK93	SNV			3	0
ENSG00000260018	MBTPS1-DT	GroupA_exclusive	TK18,TK91,TK92	INDEL,SNV			3	0
ENSG00000229315	MCHR2-AS1	GroupA_exclusive	TK10,TK91,TK92	SNV			3	0
ENSG00000101898	MCTS2	GroupA_exclusive	TK10,TK91,TK92	INDEL,SNV			3	0
ENSG00000156026	MCU	GroupA_exclusive	TK91,TK92,TK93	INDEL,SNV			3	0
ENSG00000241479	MECOM-AS1	GroupA_exclusive	TK91,TK92,TK93	INDEL,SNV			3	0
ENSG00000214875	MED28P1	GroupA_exclusive	TK91,TK92,TK93	SNV			3	0
ENSG00000213117	MEMO1P2	GroupA_exclusive	TK91,TK92,TK93	SNV			3	0
ENSG00000005102	MEOX1	GroupA_exclusive	TK91,TK92,TK93	SNV			3	0
ENSG00000256283	METTL8P1	GroupA_exclusive	TK18,TK91,TK92	SNV			3	0
ENSG00000215720	MFFP1	GroupA_exclusive	TK91,TK92,TK93	SNV			3	0
ENSG00000233874	MFN1P1	GroupA_exclusive	TK91,TK92,TK93	SNV			3	0
ENSG00000235185	MICOS10-DT	GroupA_exclusive	TK91,TK92,TK93	INDEL,SNV			3	0
ENSG00000186367	MINAR2	GroupA_exclusive	TK91,TK92,TK93	SNV			3	0
ENSG00000254602	MIR130AHG	GroupA_exclusive	TK91,TK92,TK93	SNV			3	0
ENSG00000207605	MIR191	GroupA_exclusive	TK16,TK91,TK92	SNV			3	0
ENSG00000229719	MIR194-2HG	GroupA_exclusive	TK16,TK18,TK92	SNV			3	0
ENSG00000245080	MIR3150BHG	GroupA_exclusive	TK10,TK92,TK93	SNV			3	0
ENSG00000284542	MIR3614	GroupA_exclusive	TK91,TK92,TK93	SNV			3	0
ENSG00000275708	MIR3648-1	GroupA_exclusive	TK91,TK92,TK93	SNV			3	0
ENSG00000264448	MIR378D2HG	GroupA_exclusive	TK10,TK92,TK93	SNV			3	0
ENSG00000264371	MIR4425	GroupA_exclusive	TK10,TK91,TK93	SNV			3	0
ENSG00000264941	MIR4474	GroupA_exclusive	TK91,TK92,TK93	SNV			3	0
ENSG00000284143	MIR4700	GroupA_exclusive	TK91,TK92,TK93	SNV			3	0
ENSG00000208032	MIR548A3	GroupA_exclusive	TK10,TK91,TK93	INDEL,SNV			3	0
ENSG00000265653	MIR548AK	GroupA_exclusive	TK91,TK92,TK93	SNV			3	0
ENSG00000265056	MIR548S	GroupA_exclusive	TK91,TK92,TK93	INDEL,SNV			3	0
ENSG00000229401	MIR5689HG	GroupA_exclusive	TK91,TK92,TK93	INDEL,SNV			3	0
ENSG00000207650	MIR570	GroupA_exclusive	TK91,TK92,TK93	SNV			3	0
ENSG00000250551	MIR583HG	GroupA_exclusive	TK91,TK92,TK93	INDEL,SNV			3	0
ENSG00000207551	MIR608	GroupA_exclusive	TK16,TK92,TK93	SNV			3	0
ENSG00000284197	MIR658	GroupA_exclusive	TK10,TK16,TK93	INDEL,SNV			3	0
ENSG00000278799	MIR6823	GroupA_exclusive	TK91,TK92,TK93	INDEL			3	0
ENSG00000275449	MIR6859-3	GroupA_exclusive	TK16,TK92,TK93	SNV			3	0
ENSG00000278520	MIR7851	GroupA_exclusive	TK10,TK92,TK93	SNV			3	0
ENSG00000275789	MIR8064	GroupA_exclusive	TK91,TK92,TK93	SNV			3	0
ENSG00000230500	MKX-AS1	GroupA_exclusive	TK10,TK92,TK93	SNV			3	0
ENSG00000254708	MMADHCP2	GroupA_exclusive	TK91,TK92,TK93	INDEL,SNV			3	0
ENSG00000138722	MMRN1	GroupA_exclusive	TK10,TK18,TK92	SNV			3	0
ENSG00000166391	MOGAT2	GroupA_exclusive	TK91,TK92,TK93	SNV			3	0
ENSG00000185681	MORN5	GroupA_exclusive	TK10,TK91,TK92	SNV			3	0
ENSG00000261029	MPHOSPH6-DT	GroupA_exclusive	TK18,TK91,TK92	SNV			3	0
ENSG00000135324	MRAP2	GroupA_exclusive	TK91,TK92,TK93	SNV			3	0
ENSG00000236301	MRGPRG-AS1	GroupA_exclusive	TK10,TK16,TK91	SNV			3	0
ENSG00000257480	MRPL2P1	GroupA_exclusive	TK91,TK92,TK93	INDEL,SNV			3	0
ENSG00000266946	MRPL37P1	GroupA_exclusive	TK10,TK91,TK93	SNV			3	0
ENSG00000232508	MRPL45P1	GroupA_exclusive	TK91,TK92,TK93	INDEL,SNV			3	0
ENSG00000257802	MRS2P2	GroupA_exclusive	TK10,TK91,TK93	SNV			3	0
ENSG00000174099	MSRB3	GroupA_exclusive	TK10,TK92,TK93	SNV			3	0
ENSG00000213761	MT1P1	GroupA_exclusive	TK16,TK91,TK92	SNV			3	0
ENSG00000230077	MTAPP2	GroupA_exclusive	TK91,TK92,TK93	INDEL,SNV			3	0
ENSG00000236878	MTATP6P26	GroupA_exclusive	TK16,TK91,TK92	SNV			3	0
ENSG00000234003	MTATP6P27	GroupA_exclusive	TK18,TK92,TK93	SNV			3	0
ENSG00000240409	MTATP8P1	GroupA_exclusive	TK10,TK91,TK92	SNV			3	0
ENSG00000224083	MTCO1P11	GroupA_exclusive	TK91,TK92,TK93	SNV			3	0
ENSG00000259045	MTCO1P2	GroupA_exclusive	TK16,TK92,TK93	SNV			3	0
ENSG00000251476	MTCO1P31	GroupA_exclusive	TK10,TK92,TK93	SNV			3	0
ENSG00000235917	MTCO2P11	GroupA_exclusive	TK91,TK92,TK93	INDEL,SNV			3	0
ENSG00000237711	MTCO3P11	GroupA_exclusive	TK91,TK92,TK93	SNV			3	0
ENSG00000232373	MTCYBP3	GroupA_exclusive	TK91,TK92,TK93	SNV			3	0
ENSG00000229794	MTCYBP32	GroupA_exclusive	TK91,TK92,TK93	SNV			3	0
ENSG00000244681	MTHFD2P1	GroupA_exclusive	TK91,TK92,TK93	SNV			3	0
ENSG00000181260	MTHFD2P7	GroupA_exclusive	TK10,TK91,TK92	SNV			3	0
ENSG00000228166	MTND1P11	GroupA_exclusive	TK91,TK92,TK93	SNV			3	0
ENSG00000238288	MTND3P23	GroupA_exclusive	TK10,TK91,TK93	SNV			3	0
ENSG00000270906	MTND4P35	GroupA_exclusive	TK91,TK92,TK93	SNV			3	0
ENSG00000229622	MTND5P2	GroupA_exclusive	TK91,TK92,TK93	SNV			3	0
ENSG00000227348	MTND5P25	GroupA_exclusive	TK10,TK91,TK93	SNV			3	0
ENSG00000030304	MUSK	GroupA_exclusive	TK91,TK92,TK93	SNV			3	0
ENSG00000196814	MVB12B	GroupA_exclusive	TK91,TK92,TK93	SNV			3	0
ENSG00000229521	MYCBP2-AS2	GroupA_exclusive	TK91,TK92,TK93	INDEL,SNV			3	0
ENSG00000233718	MYCNOS	GroupA_exclusive	TK91,TK92,TK93	SNV			3	0
ENSG00000223850	MYCNUT	GroupA_exclusive	TK91,TK92,TK93	INDEL,SNV			3	0
ENSG00000270846	MYG1P1	GroupA_exclusive	TK10,TK91,TK93	SNV			3	0
ENSG00000228656	MYO5BP3	GroupA_exclusive	TK91,TK92,TK93	SNV			3	0
ENSG00000274011	Metazoa_SRP	GroupA_exclusive	TK16,TK91,TK92	SNV			3	0
ENSG00000226779	NAALADL2-AS2	GroupA_exclusive	TK91,TK92,TK93	SNV			3	0
ENSG00000257210	NACAP8	GroupA_exclusive	TK91,TK92,TK93	INDEL,SNV			3	0
ENSG00000227248	NALF1-IT1	GroupA_exclusive	TK10,TK92,TK93	SNV			3	0
ENSG00000177173	NAP1L4P1	GroupA_exclusive	TK10,TK91,TK92	SNV			3	0
ENSG00000243967	NBPF5P	GroupA_exclusive	TK10,TK91,TK93	SNV			3	0
ENSG00000149294	NCAM1	GroupA_exclusive	TK91,TK92,TK93	INDEL,SNV			3	0
ENSG00000136937	NCBP1	GroupA_exclusive	TK10,TK16,TK18	SNV			3	0
ENSG00000183822	NCF4-AS1	GroupA_exclusive	TK91,TK92,TK93	SNV			3	0
ENSG00000249215	NCOA4P4	GroupA_exclusive	TK91,TK92,TK93	SNV			3	0
ENSG00000234853	NDUFA5P3	GroupA_exclusive	TK91,TK92,TK93	INDEL,SNV			3	0
ENSG00000255358	NDUFAF2P2	GroupA_exclusive	TK10,TK91,TK93	SNV			3	0
ENSG00000184224	NDUFV1-DT	GroupA_exclusive	TK10,TK18,TK92	SNV			3	0
ENSG00000234632	NECAP1P2	GroupA_exclusive	TK91,TK92,TK93	SNV			3	0
ENSG00000228853	NEGR1-IT1	GroupA_exclusive	TK18,TK92,TK93	SNV			3	0
ENSG00000233647	NENFP1	GroupA_exclusive	TK91,TK92,TK93	SNV			3	0
ENSG00000235470	NEURL1-AS1	GroupA_exclusive	TK91,TK92,TK93	SNV			3	0
ENSG00000214357	NEURL1B	GroupA_exclusive	TK91,TK92,TK93	SNV			3	0
ENSG00000122859	NEUROG3	GroupA_exclusive	TK91,TK92,TK93	SNV			3	0
ENSG00000237853	NFIA-AS1	GroupA_exclusive	TK91,TK92,TK93	INDEL,SNV			3	0
ENSG00000268480	NFILZ	GroupA_exclusive	TK16,TK18,TK91	SNV			3	0
ENSG00000188158	NHS	GroupA_exclusive	TK91,TK92,TK93	SNV			3	0
ENSG00000204131	NHSL2	GroupA_exclusive	TK91,TK92,TK93	SNV			3	0
ENSG00000251405	NIPAL4-DT	GroupA_exclusive	TK91,TK92,TK93	SNV			3	0
ENSG00000229544	NKX1-2	GroupA_exclusive	TK91,TK92,TK93	SNV			3	0
ENSG00000136352	NKX2-1	GroupA_exclusive	TK91,TK92,TK93	INDEL,SNV			3	0
ENSG00000167034	NKX3-1	GroupA_exclusive	TK91,TK92,TK93	INDEL,SNV			3	0
ENSG00000248327	NOL8P1	GroupA_exclusive	TK91,TK92,TK93	SNV			3	0
ENSG00000257513	NPIPB1P	GroupA_exclusive	TK16,TK91,TK92	SNV			3	0
ENSG00000232492	NPM1P13	GroupA_exclusive	TK91,TK92,TK93	SNV			3	0
ENSG00000227969	NPM1P22	GroupA_exclusive	TK91,TK92,TK93	INDEL,SNV			3	0
ENSG00000259440	NPM1P43	GroupA_exclusive	TK91,TK92,TK93	SNV			3	0
ENSG00000213333	NPM1P50	GroupA_exclusive	TK91,TK92,TK93	SNV			3	0
ENSG00000158458	NRG2	GroupA_exclusive	TK10,TK92,TK93	SNV			3	0
ENSG00000225964	NRIR	GroupA_exclusive	TK91,TK92,TK93	SNV			3	0
ENSG00000258357	NSA2P2	GroupA_exclusive	TK10,TK18,TK91	SNV			3	0
ENSG00000250980	NSA2P6	GroupA_exclusive	TK91,TK92,TK93	SNV			3	0
ENSG00000148335	NTMT1	GroupA_exclusive	TK91,TK92,TK93	INDEL,SNV			3	0
ENSG00000234627	NUS1P3	GroupA_exclusive	TK91,TK92,TK93	INDEL,SNV			3	0
ENSG00000188937	NYX	GroupA_exclusive	TK18,TK92,TK93	SNV			3	0
ENSG00000230847	OCLNP1	GroupA_exclusive	TK16,TK92,TK93	SNV			3	0
ENSG00000079482	OPHN1	GroupA_exclusive	TK91,TK92,TK93	INDEL,SNV			3	0
ENSG00000176510	OR10AC1	GroupA_exclusive	TK10,TK92,TK93	SNV			3	0
ENSG00000272837	OR10AE3P	GroupA_exclusive	TK10,TK18,TK91	SNV			3	0
ENSG00000236083	OR13E1P	GroupA_exclusive	TK10,TK16,TK18	SNV			3	0
ENSG00000136834	OR1J1	GroupA_exclusive	TK18,TK91,TK92	SNV			3	0
ENSG00000239590	OR1J4	GroupA_exclusive	TK91,TK92,TK93	SNV			3	0
ENSG00000165202	OR1Q1	GroupA_exclusive	TK16,TK91,TK92	SNV			3	0
ENSG00000124657	OR2B6	GroupA_exclusive	TK10,TK92,TK93	SNV			3	0
ENSG00000255053	OR4A44P	GroupA_exclusive	TK91,TK92,TK93	INDEL,SNV			3	0
ENSG00000197161	OR4C4P	GroupA_exclusive	TK91,TK92,TK93	SNV			3	0
ENSG00000176239	OR51B6	GroupA_exclusive	TK91,TK92,TK93	SNV			3	0
ENSG00000232382	OR5K1	GroupA_exclusive	TK10,TK16,TK18	SNV			3	0
ENSG00000243429	OR7E29P	GroupA_exclusive	TK10,TK92,TK93	SNV			3	0
ENSG00000185074	OR7E31P	GroupA_exclusive	TK91,TK92,TK93	SNV			3	0
ENSG00000226537	OR7E33P	GroupA_exclusive	TK91,TK92,TK93	SNV			3	0
ENSG00000205240	OR7E36P	GroupA_exclusive	TK91,TK92,TK93	SNV			3	0
ENSG00000214880	OR7E5P	GroupA_exclusive	TK91,TK92,TK93	SNV			3	0
ENSG00000230673	PABPC1P3	GroupA_exclusive	TK18,TK92,TK93	SNV			3	0
ENSG00000101349	PAK5	GroupA_exclusive	TK91,TK92,TK93	SNV			3	0
ENSG00000170915	PAQR8	GroupA_exclusive	TK91,TK92,TK93	SNV			3	0
ENSG00000237025	PARD6BP1	GroupA_exclusive	TK16,TK92,TK93	SNV			3	0
ENSG00000224976	PARP4P2	GroupA_exclusive	TK91,TK92,TK93	INDEL,SNV			3	0
ENSG00000125813	PAX1	GroupA_exclusive	TK91,TK92,TK93	SNV			3	0
ENSG00000254440	PBOV1	GroupA_exclusive	TK91,TK92,TK93	SNV			3	0
ENSG00000280623	PCAT14	GroupA_exclusive	TK91,TK92,TK93	SNV			3	0
ENSG00000250241	PCDH10-DT	GroupA_exclusive	TK91,TK92,TK93	SNV			3	0
ENSG00000165194	PCDH19	GroupA_exclusive	TK91,TK92,TK93	INDEL,SNV			3	0
ENSG00000249158	PCDHA11	GroupA_exclusive	TK91,TK92,TK93	SNV			3	0
ENSG00000249504	PCDHA14	GroupA_exclusive	TK91,TK92,TK93	INDEL,SNV			3	0
ENSG00000254245	PCDHGA3	GroupA_exclusive	TK91,TK92,TK93	SNV			3	0
ENSG00000276545	PCDHGB9P	GroupA_exclusive	TK91,TK92,TK93	SNV			3	0
ENSG00000260087	PCMTD1P2	GroupA_exclusive	TK91,TK92,TK93	SNV			3	0
ENSG00000163710	PCOLCE2	GroupA_exclusive	TK91,TK92,TK93	SNV			3	0
ENSG00000125851	PCSK2	GroupA_exclusive	TK91,TK92,TK93	SNV			3	0
ENSG00000128655	PDE11A	GroupA_exclusive	TK91,TK92,TK93	SNV			3	0
ENSG00000133256	PDE6B	GroupA_exclusive	TK18,TK92,TK93	SNV			3	0
ENSG00000237596	PDE7B-AS1	GroupA_exclusive	TK91,TK92,TK93	SNV			3	0
ENSG00000100311	PDGFB	GroupA_exclusive	TK91,TK92,TK93	SNV			3	0
ENSG00000231170	PDK4-AS1	GroupA_exclusive	TK10,TK18,TK91	INDEL,SNV			3	0
ENSG00000205918	PDPK2P	GroupA_exclusive	TK16,TK91,TK92	SNV			3	0
ENSG00000182347	PDSS1P1	GroupA_exclusive	TK91,TK92,TK93	SNV			3	0
ENSG00000214041	PGAM1P4	GroupA_exclusive	TK91,TK92,TK93	INDEL,SNV			3	0
ENSG00000213667	PGGT1BP1	GroupA_exclusive	TK10,TK91,TK92	SNV			3	0
ENSG00000224958	PGM5-AS1	GroupA_exclusive	TK10,TK16,TK93	SNV			3	0
ENSG00000277631	PGM5P3-AS1	GroupA_exclusive	TK91,TK92,TK93	SNV			3	0
ENSG00000231943	PGM5P4-AS1	GroupA_exclusive	TK91,TK92,TK93	SNV			3	0
ENSG00000267178	PHF5AP1	GroupA_exclusive	TK91,TK92,TK93	SNV			3	0
ENSG00000244730	PHF5AP3	GroupA_exclusive	TK91,TK92,TK93	SNV			3	0
ENSG00000253869	PIGFP1	GroupA_exclusive	TK91,TK92,TK93	SNV			3	0
ENSG00000121716	PILRB	GroupA_exclusive	TK91,TK92,TK93	SNV			3	0
ENSG00000217653	PIMREGP3	GroupA_exclusive	TK91,TK92,TK93	SNV			3	0
ENSG00000220563	PKMP3	GroupA_exclusive	TK10,TK18,TK92	SNV			3	0
ENSG00000277770	PLA2G10GP	GroupA_exclusive	TK91,TK92,TK93	SNV			3	0
ENSG00000280109	PLAC4	GroupA_exclusive	TK91,TK92,TK93	INDEL,SNV			3	0
ENSG00000225479	PLCB1-IT1	GroupA_exclusive	TK91,TK92,TK93	INDEL,SNV			3	0
ENSG00000226441	PLCL2-AS1	GroupA_exclusive	TK91,TK92,TK93	SNV			3	0
ENSG00000130822	PNCK	GroupA_exclusive	TK10,TK18,TK92	SNV			3	0
ENSG00000229241	PNPT1P1	GroupA_exclusive	TK91,TK92,TK93	SNV			3	0
ENSG00000137709	POU2F3	GroupA_exclusive	TK16,TK91,TK92	SNV			3	0
ENSG00000198914	POU3F3	GroupA_exclusive	TK91,TK92,TK93	INDEL,SNV			3	0
ENSG00000132170	PPARG	GroupA_exclusive	TK91,TK92,TK93	SNV			3	0
ENSG00000242613	PPDPFP1	GroupA_exclusive	TK91,TK92,TK93	INDEL,SNV			3	0
ENSG00000288867	PPIAL4C	GroupA_exclusive	TK91,TK92,TK93	INDEL,SNV			3	0
ENSG00000237882	PPIAP13	GroupA_exclusive	TK91,TK92,TK93	INDEL,SNV			3	0
ENSG00000270606	PPIAP52	GroupA_exclusive	TK16,TK92,TK93	SNV			3	0
ENSG00000244183	PPIAP71	GroupA_exclusive	TK91,TK92,TK93	SNV			3	0
ENSG00000174715	PPIAP72	GroupA_exclusive	TK91,TK92,TK93	SNV			3	0
ENSG00000229238	PPP1R12BP1	GroupA_exclusive	TK91,TK92,TK93	SNV			3	0
ENSG00000198729	PPP1R14C	GroupA_exclusive	TK91,TK92,TK93	SNV			3	0
ENSG00000156475	PPP2R2B	GroupA_exclusive	TK10,TK92,TK93	SNV			3	0
ENSG00000229598	PRDX3P1	GroupA_exclusive	TK91,TK92,TK93	SNV			3	0
ENSG00000239926	PRDX3P4	GroupA_exclusive	TK91,TK92,TK93	SNV			3	0
ENSG00000236105	PRELID3BP10	GroupA_exclusive	TK91,TK92,TK93	SNV			3	0
ENSG00000188783	PRELP	GroupA_exclusive	TK10,TK92,TK93	SNV			3	0
ENSG00000229380	PRKAR1B-AS2	GroupA_exclusive	TK10,TK16,TK92	SNV			3	0
ENSG00000243193	PRKAR2B-AS1	GroupA_exclusive	TK91,TK92,TK93	INDEL,SNV			3	0
ENSG00000111218	PRMT8	GroupA_exclusive	TK91,TK92,TK93	SNV			3	0
ENSG00000278873	PRO1804	GroupA_exclusive	TK91,TK92,TK93	SNV			3	0
ENSG00000100033	PRODH	GroupA_exclusive	TK16,TK91,TK92	SNV			3	0
ENSG00000165630	PRPF18	GroupA_exclusive	TK91,TK92,TK93	INDEL,SNV			3	0
ENSG00000236582	PRPF38AP2	GroupA_exclusive	TK16,TK91,TK93	SNV			3	0
ENSG00000271412	PRR13P3	GroupA_exclusive	TK10,TK91,TK92	SNV			3	0
ENSG00000254582	PSMA2P1	GroupA_exclusive	TK91,TK92,TK93	SNV			3	0
ENSG00000231244	PSMC1P3	GroupA_exclusive	TK91,TK92,TK93	SNV			3	0
ENSG00000248988	PSME2P3	GroupA_exclusive	TK91,TK92,TK93	SNV			3	0
ENSG00000251332	PSME2P4	GroupA_exclusive	TK91,TK92,TK93	SNV			3	0
ENSG00000219700	PTCHD3P3	GroupA_exclusive	TK18,TK92,TK93	SNV			3	0
ENSG00000269907	PTMAP11	GroupA_exclusive	TK91,TK92,TK93	SNV			3	0
ENSG00000282886	PTMAP12	GroupA_exclusive	TK91,TK92,TK93	SNV			3	0
ENSG00000234620	PUDPP1	GroupA_exclusive	TK91,TK92,TK93	SNV			3	0
ENSG00000279050	PWAR1	GroupA_exclusive	TK91,TK92,TK93	SNV			3	0
ENSG00000169900	PYDC1	GroupA_exclusive	TK10,TK18,TK92	SNV			3	0
ENSG00000257957	QRSL1P3	GroupA_exclusive	TK91,TK92,TK93	INDEL,SNV			3	0
ENSG00000248735	R3HDM2P1	GroupA_exclusive	TK91,TK92,TK93	SNV			3	0
ENSG00000226812	R3HDML-AS1	GroupA_exclusive	TK16,TK18,TK92	SNV			3	0
ENSG00000229023	RAB1AP1	GroupA_exclusive	TK91,TK92,TK93	INDEL,SNV			3	0
ENSG00000118508	RAB32	GroupA_exclusive	TK91,TK92,TK93	SNV			3	0
ENSG00000213522	RAC1P5	GroupA_exclusive	TK91,TK92,TK93	INDEL,SNV			3	0
ENSG00000232400	RAD17P1	GroupA_exclusive	TK91,TK92,TK93	SNV			3	0
ENSG00000223724	RAD17P2	GroupA_exclusive	TK91,TK92,TK93	INDEL,SNV			3	0
ENSG00000218358	RAET1K	GroupA_exclusive	TK91,TK92,TK93	SNV			3	0
ENSG00000290917	RAET1K	GroupA_exclusive	TK91,TK92,TK93	SNV			3	0
ENSG00000239880	RALBP1P1	GroupA_exclusive	TK91,TK92,TK93	SNV			3	0
ENSG00000132329	RAMP1	GroupA_exclusive	TK10,TK91,TK93	INDEL,SNV			3	0
ENSG00000259144	RANBP20P	GroupA_exclusive	TK16,TK92,TK93	SNV			3	0
ENSG00000213370	RANP6	GroupA_exclusive	TK91,TK92,TK93	SNV			3	0
ENSG00000236857	RAP1BP1	GroupA_exclusive	TK91,TK92,TK93	SNV			3	0
ENSG00000198774	RASSF9	GroupA_exclusive	TK10,TK91,TK93	SNV			3	0
ENSG00000230399	RBBP8P1	GroupA_exclusive	TK91,TK92,TK93	SNV			3	0
ENSG00000213411	RBM22P2	GroupA_exclusive	TK10,TK16,TK92	SNV			3	0
ENSG00000213423	RBMX2P2	GroupA_exclusive	TK91,TK92,TK93	INDEL,SNV			3	0
ENSG00000234159	RBPMSLP	GroupA_exclusive	TK91,TK92,TK93	SNV			3	0
ENSG00000236466	RCAN2-DT	GroupA_exclusive	TK10,TK16,TK93	SNV			3	0
ENSG00000249558	RCC2P4	GroupA_exclusive	TK10,TK91,TK93	SNV			3	0
ENSG00000238247	RDXP3	GroupA_exclusive	TK18,TK91,TK92	SNV			3	0
ENSG00000229276	REV3L-IT1	GroupA_exclusive	TK91,TK92,TK93	SNV			3	0
ENSG00000143344	RGL1	GroupA_exclusive	TK10,TK91,TK93	SNV			3	0
ENSG00000147509	RGS20	GroupA_exclusive	TK10,TK16,TK93	SNV			3	0
ENSG00000141314	RHBDL3	GroupA_exclusive	TK10,TK91,TK92	INDEL,SNV			3	0
ENSG00000126785	RHOJ	GroupA_exclusive	TK10,TK91,TK92	SNV			3	0
ENSG00000060709	RIMBP2	GroupA_exclusive	TK91,TK92,TK93	INDEL,SNV			3	0
ENSG00000183246	RIMBP3C	GroupA_exclusive	TK91,TK92,TK93	SNV			3	0
ENSG00000152214	RIT2	GroupA_exclusive	TK10,TK91,TK93	SNV			3	0
ENSG00000107018	RLN1	GroupA_exclusive	TK91,TK92,TK93	SNV			3	0
ENSG00000175643	RMI2	GroupA_exclusive	TK91,TK92,TK93	SNV			3	0
ENSG00000200783	RN7SKP180	GroupA_exclusive	TK91,TK92,TK93	SNV			3	0
ENSG00000199683	RN7SKP185	GroupA_exclusive	TK91,TK92,TK93	SNV			3	0
ENSG00000200488	RN7SKP203	GroupA_exclusive	TK91,TK92,TK93	SNV			3	0
ENSG00000201510	RN7SKP217	GroupA_exclusive	TK91,TK92,TK93	SNV			3	0
ENSG00000201315	RN7SKP227	GroupA_exclusive	TK91,TK92,TK93	SNV			3	0
ENSG00000199975	RN7SKP243	GroupA_exclusive	TK91,TK92,TK93	SNV			3	0
ENSG00000200312	RN7SKP255	GroupA_exclusive	TK91,TK92,TK93	SNV			3	0
ENSG00000202415	RN7SKP269	GroupA_exclusive	TK10,TK92,TK93	SNV			3	0
ENSG00000199831	RN7SKP291	GroupA_exclusive	TK91,TK92,TK93	SNV			3	0
ENSG00000201364	RN7SKP37	GroupA_exclusive	TK91,TK92,TK93	SNV			3	0
ENSG00000199719	RN7SKP74	GroupA_exclusive	TK10,TK16,TK91	SNV			3	0
ENSG00000200243	RN7SKP79	GroupA_exclusive	TK91,TK92,TK93	SNV			3	0
ENSG00000222969	RN7SKP8	GroupA_exclusive	TK91,TK92,TK93	SNV			3	0
ENSG00000222784	RN7SKP91	GroupA_exclusive	TK91,TK92,TK93	SNV			3	0
ENSG00000240490	RN7SL277P	GroupA_exclusive	TK91,TK92,TK93	SNV			3	0
ENSG00000265648	RN7SL279P	GroupA_exclusive	TK10,TK18,TK91	SNV			3	0
ENSG00000243338	RN7SL307P	GroupA_exclusive	TK91,TK92,TK93	SNV			3	0
ENSG00000275655	RN7SL313P	GroupA_exclusive	TK10,TK91,TK92	SNV			3	0
ENSG00000242170	RN7SL329P	GroupA_exclusive	TK18,TK92,TK93	SNV			3	0
ENSG00000241568	RN7SL338P	GroupA_exclusive	TK91,TK92,TK93	SNV			3	0
ENSG00000266569	RN7SL377P	GroupA_exclusive	TK10,TK92,TK93	SNV			3	0
ENSG00000239577	RN7SL388P	GroupA_exclusive	TK16,TK92,TK93	SNV			3	0
ENSG00000239396	RN7SL414P	GroupA_exclusive	TK91,TK92,TK93	SNV			3	0
ENSG00000240733	RN7SL502P	GroupA_exclusive	TK91,TK92,TK93	INDEL,SNV			3	0
ENSG00000241406	RN7SL515P	GroupA_exclusive	TK91,TK92,TK93	SNV			3	0
ENSG00000243260	RN7SL558P	GroupA_exclusive	TK91,TK92,TK93	SNV			3	0
ENSG00000265735	RN7SL5P	GroupA_exclusive	TK91,TK92,TK93	SNV			3	0
ENSG00000241963	RN7SL655P	GroupA_exclusive	TK91,TK92,TK93	SNV			3	0
ENSG00000265078	RN7SL664P	GroupA_exclusive	TK91,TK92,TK93	SNV			3	0
ENSG00000241693	RN7SL704P	GroupA_exclusive	TK10,TK18,TK93	SNV			3	0
ENSG00000264028	RN7SL744P	GroupA_exclusive	TK16,TK18,TK92	INDEL,SNV			3	0
ENSG00000241529	RN7SL767P	GroupA_exclusive	TK91,TK92,TK93	INDEL,SNV			3	0
ENSG00000242436	RN7SL789P	GroupA_exclusive	TK16,TK91,TK93	SNV			3	0
ENSG00000242398	RN7SL800P	GroupA_exclusive	TK91,TK92,TK93	SNV			3	0
ENSG00000272197	RN7SL803P	GroupA_exclusive	TK10,TK16,TK92	SNV			3	0
ENSG00000212237	RNA5SP18	GroupA_exclusive	TK91,TK92,TK93	SNV			3	0
ENSG00000113269	RNF130	GroupA_exclusive	TK10,TK91,TK92	SNV			3	0
ENSG00000238109	RNF14P3	GroupA_exclusive	TK10,TK91,TK92	SNV			3	0
ENSG00000223500	RNF14P4	GroupA_exclusive	TK91,TK92,TK93	INDEL,SNV			3	0
ENSG00000237731	RNGTTP1	GroupA_exclusive	TK91,TK92,TK93	SNV			3	0
ENSG00000206596	RNU1-27P	GroupA_exclusive	TK91,TK92,TK93	SNV			3	0
ENSG00000207175	RNU1-67P	GroupA_exclusive	TK91,TK92,TK93	SNV			3	0
ENSG00000201659	RNU12-2P	GroupA_exclusive	TK91,TK92,TK93	SNV			3	0
ENSG00000222627	RNU2-37P	GroupA_exclusive	TK18,TK91,TK93	SNV			3	0
ENSG00000222724	RNU2-63P	GroupA_exclusive	TK91,TK92,TK93	SNV			3	0
ENSG00000201458	RNU4-4P	GroupA_exclusive	TK91,TK92,TK93	SNV			3	0
ENSG00000272160	RNU4-5P	GroupA_exclusive	TK16,TK91,TK92	SNV			3	0
ENSG00000200974	RNU4-87P	GroupA_exclusive	TK91,TK92,TK93	SNV			3	0
ENSG00000207399	RNU6-1011P	GroupA_exclusive	TK91,TK92,TK93	INDEL,SNV			3	0
ENSG00000201433	RNU6-335P	GroupA_exclusive	TK10,TK92,TK93	SNV			3	0
ENSG00000206892	RNU6-42P	GroupA_exclusive	TK91,TK92,TK93	SNV			3	0
ENSG00000200917	RNU6-553P	GroupA_exclusive	TK10,TK92,TK93	SNV			3	0
ENSG00000200887	RNU6-598P	GroupA_exclusive	TK91,TK92,TK93	SNV			3	0
ENSG00000252743	RNU6-850P	GroupA_exclusive	TK16,TK91,TK92	SNV			3	0
ENSG00000252155	RNU6-941P	GroupA_exclusive	TK18,TK91,TK93	INDEL,SNV			3	0
ENSG00000252118	RNU6ATAC39P	GroupA_exclusive	TK91,TK92,TK93	SNV			3	0
ENSG00000238446	RNU7-38P	GroupA_exclusive	TK91,TK92,TK93	SNV			3	0
ENSG00000251726	RNU7-41P	GroupA_exclusive	TK91,TK92,TK93	SNV			3	0
ENSG00000274428	RNVU1-25	GroupA_exclusive	TK91,TK92,TK93	SNV			3	0
ENSG00000244691	RPL10AP1	GroupA_exclusive	TK91,TK92,TK93	SNV			3	0
ENSG00000234040	RPL10P12	GroupA_exclusive	TK91,TK92,TK93	SNV			3	0
ENSG00000242683	RPL12P21	GroupA_exclusive	TK91,TK92,TK93	SNV			3	0
ENSG00000240270	RPL12P37	GroupA_exclusive	TK16,TK18,TK92	SNV			3	0
ENSG00000213176	RPL13P6	GroupA_exclusive	TK91,TK92,TK93	SNV			3	0
ENSG00000259545	RPL15P19	GroupA_exclusive	TK91,TK92,TK93	SNV			3	0
ENSG00000223409	RPL17P17	GroupA_exclusive	TK91,TK92,TK93	SNV			3	0
ENSG00000219547	RPL17P25	GroupA_exclusive	TK91,TK92,TK93	SNV			3	0
ENSG00000243099	RPL17P27	GroupA_exclusive	TK91,TK92,TK93	SNV			3	0
ENSG00000235018	RPL17P48	GroupA_exclusive	TK91,TK92,TK93	SNV			3	0
ENSG00000237793	RPL18AP16	GroupA_exclusive	TK91,TK92,TK93	INDEL,SNV			3	0
ENSG00000183911	RPL21P132	GroupA_exclusive	TK91,TK92,TK93	INDEL,SNV			3	0
ENSG00000271215	RPL21P136	GroupA_exclusive	TK91,TK92,TK93	SNV			3	0
ENSG00000220842	RPL21P16	GroupA_exclusive	TK91,TK92,TK93	SNV			3	0
ENSG00000225272	RPL21P27	GroupA_exclusive	TK91,TK92,TK93	SNV			3	0
ENSG00000258640	RPL21P5	GroupA_exclusive	TK91,TK92,TK93	INDEL,SNV			3	0
ENSG00000236148	RPL23AP37	GroupA_exclusive	TK91,TK92,TK93	INDEL,SNV			3	0
ENSG00000230370	RPL23AP52	GroupA_exclusive	TK91,TK92,TK93	SNV			3	0
ENSG00000204758	RPL26L1-AS1	GroupA_exclusive	TK91,TK92,TK93	SNV			3	0
ENSG00000226493	RPL26P27	GroupA_exclusive	TK91,TK92,TK93	SNV			3	0
ENSG00000234806	RPL26P29	GroupA_exclusive	TK91,TK92,TK93	SNV			3	0
ENSG00000229659	RPL26P6	GroupA_exclusive	TK16,TK91,TK93	SNV			3	0
ENSG00000237676	RPL30P4	GroupA_exclusive	TK91,TK92,TK93	SNV			3	0
ENSG00000213942	RPL31P10	GroupA_exclusive	TK91,TK92,TK93	SNV			3	0
ENSG00000239983	RPL31P31	GroupA_exclusive	TK18,TK91,TK92	SNV			3	0
ENSG00000213302	RPL31P37	GroupA_exclusive	TK91,TK92,TK93	SNV			3	0
ENSG00000213128	RPL32P31	GroupA_exclusive	TK91,TK92,TK93	SNV			3	0
ENSG00000237583	RPL34P8	GroupA_exclusive	TK10,TK18,TK93	SNV			3	0
ENSG00000243687	RPL35AP10	GroupA_exclusive	TK91,TK92,TK93	SNV			3	0
ENSG00000242958	RPL36AP32	GroupA_exclusive	TK91,TK92,TK93	INDEL			3	0
ENSG00000241362	RPL36AP43	GroupA_exclusive	TK16,TK91,TK93	SNV			3	0
ENSG00000224497	RPL36P4	GroupA_exclusive	TK16,TK18,TK91	SNV			3	0
ENSG00000122406	RPL5	GroupA_exclusive	TK10,TK16,TK18	SNV			3	0
ENSG00000220744	RPL5P18	GroupA_exclusive	TK91,TK92,TK93	INDEL,SNV			3	0
ENSG00000231063	RPL6P6	GroupA_exclusive	TK91,TK92,TK93	SNV			3	0
ENSG00000237088	RPL7AP48	GroupA_exclusive	TK91,TK92,TK93	SNV			3	0
ENSG00000176970	RPL7L1P11	GroupA_exclusive	TK91,TK92,TK93	SNV			3	0
ENSG00000231490	RPL7L1P2	GroupA_exclusive	TK18,TK91,TK92	SNV			3	0
ENSG00000240622	RPL7P15	GroupA_exclusive	TK91,TK92,TK93	SNV			3	0
ENSG00000229917	RPL7P46	GroupA_exclusive	TK91,TK92,TK93	SNV			3	0
ENSG00000231164	RPL7P56	GroupA_exclusive	TK10,TK92,TK93	SNV			3	0
ENSG00000216938	RPL7P58	GroupA_exclusive	TK10,TK91,TK93	SNV			3	0
ENSG00000213169	RPL8P4	GroupA_exclusive	TK10,TK91,TK93	INDEL,SNV			3	0
ENSG00000230779	RPLP0P4	GroupA_exclusive	TK10,TK91,TK92	SNV			3	0
ENSG00000239917	RPS10P16	GroupA_exclusive	TK91,TK92,TK93	SNV			3	0
ENSG00000232713	RPS12P3	GroupA_exclusive	TK91,TK92,TK93	SNV			3	0
ENSG00000226928	RPS14P4	GroupA_exclusive	TK91,TK92,TK93	SNV			3	0
ENSG00000225405	RPS15AP17	GroupA_exclusive	TK91,TK92,TK93	INDEL,SNV			3	0
ENSG00000213013	RPS15AP36	GroupA_exclusive	TK16,TK18,TK92	SNV			3	0
ENSG00000213729	RPS16P2	GroupA_exclusive	TK18,TK91,TK92	SNV			3	0
ENSG00000233971	RPS20P10	GroupA_exclusive	TK18,TK91,TK93	SNV			3	0
ENSG00000219274	RPS20P2	GroupA_exclusive	TK91,TK92,TK93	SNV			3	0
ENSG00000233190	RPS24P13	GroupA_exclusive	TK91,TK92,TK93	SNV			3	0
ENSG00000244159	RPS27AP13	GroupA_exclusive	TK10,TK91,TK92	SNV			3	0
ENSG00000269228	RPS27AP19	GroupA_exclusive	TK91,TK92,TK93	SNV			3	0
ENSG00000225591	RPS27P7	GroupA_exclusive	TK18,TK91,TK92	SNV			3	0
ENSG00000243894	RPS3AP16	GroupA_exclusive	TK10,TK18,TK91	SNV			3	0
ENSG00000226205	RPS3AP27	GroupA_exclusive	TK91,TK92,TK93	SNV			3	0
ENSG00000227583	RPS3AP37	GroupA_exclusive	TK91,TK92,TK93	SNV			3	0
ENSG00000226318	RPS3AP38	GroupA_exclusive	TK91,TK92,TK93	SNV			3	0
ENSG00000225971	RPS3AP51	GroupA_exclusive	TK91,TK92,TK93	SNV			3	0
ENSG00000213363	RPS3P6	GroupA_exclusive	TK18,TK91,TK92	SNV			3	0
ENSG00000243101	RPS3P7	GroupA_exclusive	TK91,TK92,TK93	SNV			3	0
ENSG00000237170	RPS7P15	GroupA_exclusive	TK91,TK92,TK93	SNV			3	0
ENSG00000229133	RPS7P4	GroupA_exclusive	TK91,TK92,TK93	SNV			3	0
ENSG00000240167	RPS7P7	GroupA_exclusive	TK91,TK92,TK93	SNV			3	0
ENSG00000213183	RPS7P8	GroupA_exclusive	TK91,TK92,TK93	SNV			3	0
ENSG00000226498	RPSAP21	GroupA_exclusive	TK91,TK92,TK93	SNV			3	0
ENSG00000241749	RPSAP52	GroupA_exclusive	TK10,TK91,TK93	INDEL,SNV			3	0
ENSG00000188282	RUFY4	GroupA_exclusive	TK10,TK91,TK92	INDEL,SNV			3	0
ENSG00000261080	RUNX2-AS1	GroupA_exclusive	TK91,TK92,TK93	SNV			3	0
ENSG00000263219	RYKP1	GroupA_exclusive	TK91,TK92,TK93	SNV			3	0
ENSG00000188015	S100A3	GroupA_exclusive	TK91,TK92,TK93	SNV			3	0
ENSG00000196420	S100A5	GroupA_exclusive	TK91,TK92,TK93	INDEL,SNV			3	0
ENSG00000130561	SAG	GroupA_exclusive	TK16,TK91,TK92	SNV			3	0
ENSG00000171222	SCAND1	GroupA_exclusive	TK16,TK18,TK91	INDEL,SNV			3	0
ENSG00000236345	SCAT8	GroupA_exclusive	TK91,TK92,TK93	SNV			3	0
ENSG00000281131	SCHLAP1	GroupA_exclusive	TK10,TK91,TK92	SNV			3	0
ENSG00000213090	SCYL2P1	GroupA_exclusive	TK91,TK92,TK93	INDEL,SNV			3	0
ENSG00000234946	SDHCP3	GroupA_exclusive	TK10,TK91,TK92	SNV			3	0
ENSG00000255035	SDHCP4	GroupA_exclusive	TK10,TK16,TK91	INDEL,SNV			3	0
ENSG00000236708	SDK1-AS1	GroupA_exclusive	TK10,TK92,TK93	SNV			3	0
ENSG00000275140	SEC22B3P	GroupA_exclusive	TK91,TK92,TK93	SNV			3	0
ENSG00000185033	SEMA4B	GroupA_exclusive	TK91,TK92,TK93	INDEL,SNV			3	0
ENSG00000213938	SEPHS1P6	GroupA_exclusive	TK10,TK92,TK93	SNV			3	0
ENSG00000227850	SEPTIN2P1	GroupA_exclusive	TK91,TK92,TK93	SNV			3	0
ENSG00000184702	SEPTIN5	GroupA_exclusive	TK10,TK91,TK93	SNV			3	0
ENSG00000255042	SEPTIN7P11	GroupA_exclusive	TK91,TK92,TK93	INDEL,SNV			3	0
ENSG00000164740	SEPTIN7P5	GroupA_exclusive	TK91,TK92,TK93	SNV			3	0
ENSG00000149131	SERPING1	GroupA_exclusive	TK10,TK16,TK92	INDEL,SNV			3	0
ENSG00000231905	SETP10	GroupA_exclusive	TK91,TK92,TK93	SNV			3	0
ENSG00000213701	SETP22	GroupA_exclusive	TK18,TK91,TK92	INDEL,SNV			3	0
ENSG00000235101	SETP9	GroupA_exclusive	TK18,TK92,TK93	SNV			3	0
ENSG00000254449	SF3A3P2	GroupA_exclusive	TK91,TK92,TK93	INDEL,SNV			3	0
ENSG00000229415	SFTA3	GroupA_exclusive	TK91,TK92,TK93	SNV			3	0
ENSG00000163082	SGPP2	GroupA_exclusive	TK91,TK92,TK93	SNV			3	0
ENSG00000189014	SHLD2P3	GroupA_exclusive	TK91,TK92,TK93	SNV			3	0
ENSG00000215475	SIAH3	GroupA_exclusive	TK10,TK16,TK92	SNV			3	0
ENSG00000105492	SIGLEC6	GroupA_exclusive	TK91,TK92,TK93	SNV			3	0
ENSG00000226004	SIMALR	GroupA_exclusive	TK91,TK92,TK93	SNV			3	0
ENSG00000235300	SKAP1-AS2	GroupA_exclusive	TK91,TK92,TK93	SNV			3	0
ENSG00000088386	SLC15A1	GroupA_exclusive	TK10,TK18,TK92	SNV			3	0
ENSG00000179447	SLC24A3-AS1	GroupA_exclusive	TK91,TK92,TK93	SNV			3	0
ENSG00000273872	SLC25A15P4	GroupA_exclusive	TK18,TK92,TK93	SNV			3	0
ENSG00000226148	SLC25A39P1	GroupA_exclusive	TK91,TK92,TK93	SNV			3	0
ENSG00000141437	SLC25A52	GroupA_exclusive	TK91,TK92,TK93	INDEL,SNV			3	0
ENSG00000113396	SLC27A6	GroupA_exclusive	TK91,TK92,TK93	SNV			3	0
ENSG00000156222	SLC28A1	GroupA_exclusive	TK91,TK92,TK93	SNV			3	0
ENSG00000131183	SLC34A1	GroupA_exclusive	TK10,TK91,TK93	SNV			3	0
ENSG00000166558	SLC38A8	GroupA_exclusive	TK91,TK92,TK93	SNV			3	0
ENSG00000144290	SLC4A10	GroupA_exclusive	TK91,TK92,TK93	SNV			3	0
ENSG00000113073	SLC4A9	GroupA_exclusive	TK10,TK18,TK92	SNV			3	0
ENSG00000140675	SLC5A2	GroupA_exclusive	TK10,TK16,TK92	SNV			3	0
ENSG00000174358	SLC6A19	GroupA_exclusive	TK10,TK91,TK92	SNV			3	0
ENSG00000240012	SLC9A9-AS1	GroupA_exclusive	TK91,TK92,TK93	SNV			3	0
ENSG00000205754	SLCO1B7	GroupA_exclusive	TK91,TK92,TK93	SNV			3	0
ENSG00000205359	SLCO6A1	GroupA_exclusive	TK91,TK92,TK93	SNV			3	0
ENSG00000236711	SMAD9-IT1	GroupA_exclusive	TK91,TK92,TK93	SNV			3	0
ENSG00000183604	SMG1P5	GroupA_exclusive	TK91,TK92,TK93	SNV			3	0
ENSG00000267795	SMIM22	GroupA_exclusive	TK10,TK16,TK92	SNV			3	0
ENSG00000208308	SNORA40B	GroupA_exclusive	TK91,TK92,TK93	INDEL			3	0
ENSG00000200354	SNORA71D	GroupA_exclusive	TK91,TK92,TK93	SNV			3	0
ENSG00000207088	SNORA7B	GroupA_exclusive	TK91,TK92,TK93	SNV			3	0
ENSG00000275529	SNORD116-4	GroupA_exclusive	TK10,TK16,TK18	INDEL,SNV			3	0
ENSG00000207118	SNORD14D	GroupA_exclusive	TK10,TK18,TK91	SNV			3	0
ENSG00000264940	SNORD3C	GroupA_exclusive	TK91,TK92,TK93	SNV			3	0
ENSG00000254805	SNRPCP14	GroupA_exclusive	TK10,TK92,TK93	SNV			3	0
ENSG00000244668	SNRPCP3	GroupA_exclusive	TK10,TK18,TK92	SNV			3	0
ENSG00000235688	SNTG2-AS1	GroupA_exclusive	TK10,TK92,TK93	INDEL,SNV			3	0
ENSG00000274162	SNX18P1Y	GroupA_exclusive	TK18,TK92,TK93	INDEL,SNV			3	0
ENSG00000250016	SNX18P23	GroupA_exclusive	TK91,TK92,TK93	SNV			3	0
ENSG00000120669	SOHLH2	GroupA_exclusive	TK10,TK16,TK92	SNV			3	0
ENSG00000233110	SORBS2-AS1	GroupA_exclusive	TK91,TK92,TK93	SNV			3	0
ENSG00000256120	SOX5-AS1	GroupA_exclusive	TK91,TK92,TK93	INDEL,SNV			3	0
ENSG00000164651	SP8	GroupA_exclusive	TK91,TK92,TK93	INDEL,SNV			3	0
ENSG00000196096	SPAG16-DT	GroupA_exclusive	TK91,TK92,TK93	SNV			3	0
ENSG00000164500	SPATA48	GroupA_exclusive	TK91,TK92,TK93	INDEL,SNV			3	0
ENSG00000106723	SPIN1	GroupA_exclusive	TK91,TK92,TK93	SNV			3	0
ENSG00000237708	SPIN2P1	GroupA_exclusive	TK91,TK92,TK93	SNV			3	0
ENSG00000218512	SPTLC1P2	GroupA_exclusive	TK91,TK92,TK93	SNV			3	0
ENSG00000227929	SRGAP3-AS3	GroupA_exclusive	TK91,TK92,TK93	SNV			3	0
ENSG00000229173	SRMP3	GroupA_exclusive	TK91,TK92,TK93	SNV			3	0
ENSG00000235183	SRP14P3	GroupA_exclusive	TK91,TK92,TK93	SNV			3	0
ENSG00000265182	SRP72P1	GroupA_exclusive	TK91,TK92,TK93	INDEL,SNV			3	0
ENSG00000230832	SSBL4P	GroupA_exclusive	TK91,TK92,TK93	SNV			3	0
ENSG00000224425	SSBP3P2	GroupA_exclusive	TK91,TK92,TK93	INDEL,SNV			3	0
ENSG00000213234	ST13P10	GroupA_exclusive	TK91,TK92,TK93	SNV			3	0
ENSG00000248400	ST13P12	GroupA_exclusive	TK91,TK92,TK93	SNV			3	0
ENSG00000243244	STON1	GroupA_exclusive	TK91,TK92,TK93	SNV			3	0
ENSG00000163116	STPG2	GroupA_exclusive	TK10,TK91,TK93	SNV			3	0
ENSG00000251620	STPG2-AS1	GroupA_exclusive	TK91,TK92,TK93	INDEL,SNV			3	0
ENSG00000227166	STSP1	GroupA_exclusive	TK91,TK92,TK93	SNV			3	0
ENSG00000260247	SUB1P4	GroupA_exclusive	TK91,TK92,TK93	INDEL,SNV			3	0
ENSG00000224971	SUMO2P3	GroupA_exclusive	TK18,TK91,TK93	SNV			3	0
ENSG00000122012	SV2C	GroupA_exclusive	TK91,TK92,TK93	SNV			3	0
ENSG00000291093	SVIL-AS1	GroupA_exclusive	TK91,TK92,TK93	SNV			3	0
ENSG00000008056	SYN1	GroupA_exclusive	TK10,TK16,TK92	INDEL,SNV			3	0
ENSG00000251577	TACR3-AS1	GroupA_exclusive	TK91,TK92,TK93	SNV			3	0
ENSG00000213871	TAF9BP1	GroupA_exclusive	TK91,TK92,TK93	INDEL,SNV			3	0
ENSG00000212128	TAS2R13	GroupA_exclusive	TK91,TK92,TK93	SNV			3	0
ENSG00000256188	TAS2R30	GroupA_exclusive	TK91,TK92,TK93	SNV			3	0
ENSG00000256019	TAS2R63P	GroupA_exclusive	TK91,TK92,TK93	SNV			3	0
ENSG00000272902	TBC1D8-AS1	GroupA_exclusive	TK10,TK92,TK93	SNV			3	0
ENSG00000133138	TBC1D8B	GroupA_exclusive	TK16,TK92,TK93	INDEL,SNV			3	0
ENSG00000204071	TCEAL6	GroupA_exclusive	TK91,TK92,TK93	SNV			3	0
ENSG00000236567	TCF3P1	GroupA_exclusive	TK10,TK92,TK93	INDEL,SNV			3	0
ENSG00000267402	TCF4-AS2	GroupA_exclusive	TK91,TK92,TK93	SNV			3	0
ENSG00000152284	TCF7L1	GroupA_exclusive	TK91,TK92,TK93	INDEL,SNV			3	0
ENSG00000112773	TENT5A	GroupA_exclusive	TK91,TK92,TK93	SNV			3	0
ENSG00000174016	TENT5D	GroupA_exclusive	TK91,TK92,TK93	SNV			3	0
ENSG00000251586	TET2-AS1	GroupA_exclusive	TK91,TK92,TK93	SNV			3	0
ENSG00000230665	THAP12P1	GroupA_exclusive	TK91,TK92,TK93	INDEL,SNV			3	0
ENSG00000243915	THAP12P2	GroupA_exclusive	TK91,TK92,TK93	INDEL,SNV			3	0
ENSG00000227972	THAP12P3	GroupA_exclusive	TK91,TK92,TK93	INDEL,SNV			3	0
ENSG00000227160	THEM7P	GroupA_exclusive	TK91,TK92,TK93	INDEL,SNV			3	0
ENSG00000228791	THRB-AS1	GroupA_exclusive	TK91,TK92,TK93	INDEL,SNV			3	0
ENSG00000232608	TIMM9P2	GroupA_exclusive	TK91,TK92,TK93	INDEL,SNV			3	0
ENSG00000226783	TLK1P1	GroupA_exclusive	TK91,TK92,TK93	INDEL,SNV			3	0
ENSG00000235897	TM4SF19-AS1	GroupA_exclusive	TK16,TK91,TK92	SNV			3	0
ENSG00000234062	TM9SF5P	GroupA_exclusive	TK91,TK92,TK93	SNV			3	0
ENSG00000230927	TMBIM7P	GroupA_exclusive	TK91,TK92,TK93	SNV			3	0
ENSG00000221962	TMEM14EP	GroupA_exclusive	TK91,TK92,TK93	SNV			3	0
ENSG00000249242	TMEM150C	GroupA_exclusive	TK91,TK92,TK93	SNV			3	0
ENSG00000235254	TMEM185AP1	GroupA_exclusive	TK91,TK92,TK93	SNV			3	0
ENSG00000173452	TMEM196	GroupA_exclusive	TK91,TK92,TK93	SNV			3	0
ENSG00000182896	TMEM95	GroupA_exclusive	TK91,TK92,TK93	SNV			3	0
ENSG00000224533	TMLHE-AS1	GroupA_exclusive	TK91,TK92,TK93	SNV			3	0
ENSG00000128872	TMOD2	GroupA_exclusive	TK91,TK92,TK93	SNV			3	0
ENSG00000087128	TMPRSS11E	GroupA_exclusive	TK18,TK91,TK92	SNV			3	0
ENSG00000225423	TNPO1P1	GroupA_exclusive	TK91,TK92,TK93	SNV			3	0
ENSG00000229586	TNPO1P3	GroupA_exclusive	TK91,TK92,TK93	SNV			3	0
ENSG00000196860	TOMM20L	GroupA_exclusive	TK16,TK91,TK92	INDEL,SNV			3	0
ENSG00000242111	TOPORSLP	GroupA_exclusive	TK91,TK92,TK93	SNV			3	0
ENSG00000260284	TPSP2	GroupA_exclusive	TK10,TK16,TK18	SNV			3	0
ENSG00000260582	TPST2P1	GroupA_exclusive	TK91,TK92,TK93	SNV			3	0
ENSG00000180221	TPT1P10	GroupA_exclusive	TK91,TK92,TK93	SNV			3	0
ENSG00000215506	TPTE2P4	GroupA_exclusive	TK91,TK92,TK93	INDEL,SNV			3	0
ENSG00000100181	TPTEP1	GroupA_exclusive	TK91,TK92,TK93	SNV			3	0
ENSG00000226557	TRAF6P1	GroupA_exclusive	TK91,TK92,TK93	SNV			3	0
ENSG00000184811	TRARG1	GroupA_exclusive	TK16,TK91,TK92	SNV			3	0
ENSG00000205274	TRBV20OR9-2	GroupA_exclusive	TK10,TK16,TK91	SNV			3	0
ENSG00000182053	TRIM49B	GroupA_exclusive	TK91,TK92,TK93	SNV			3	0
ENSG00000147573	TRIM55	GroupA_exclusive	TK18,TK92,TK93	SNV			3	0
ENSG00000258334	TROAP-AS1	GroupA_exclusive	TK10,TK92,TK93	SNV			3	0
ENSG00000137672	TRPC6	GroupA_exclusive	TK91,TK92,TK93	INDEL,SNV			3	0
ENSG00000227170	TRPS1-AS1	GroupA_exclusive	TK91,TK92,TK93	SNV			3	0
ENSG00000111199	TRPV4	GroupA_exclusive	TK10,TK91,TK92	INDEL,SNV			3	0
ENSG00000230604	TSEN15P2	GroupA_exclusive	TK91,TK92,TK93	SNV			3	0
ENSG00000180543	TSPYL5	GroupA_exclusive	TK10,TK16,TK18	INDEL,SNV			3	0
ENSG00000212122	TSSK1B	GroupA_exclusive	TK10,TK92,TK93	SNV			3	0
ENSG00000198033	TUBA3C	GroupA_exclusive	TK10,TK91,TK93	SNV			3	0
ENSG00000251297	TUBB7P	GroupA_exclusive	TK10,TK91,TK92	SNV			3	0
ENSG00000235207	TUBBP6	GroupA_exclusive	TK91,TK92,TK93	SNV			3	0
ENSG00000262470	TVP23CP2	GroupA_exclusive	TK10,TK91,TK92	SNV			3	0
ENSG00000128791	TWSG1	GroupA_exclusive	TK91,TK92,TK93	INDEL,SNV			3	0
ENSG00000168454	TXNDC2	GroupA_exclusive	TK91,TK92,TK93	SNV			3	0
ENSG00000204193	TXNDC8	GroupA_exclusive	TK16,TK91,TK93	SNV			3	0
ENSG00000234036	TXNP6	GroupA_exclusive	TK18,TK91,TK93	SNV			3	0
ENSG00000277925	Telomerase-vert	GroupA_exclusive	TK91,TK92,TK93	SNV			3	0
ENSG00000283509	U6	GroupA_exclusive	TK91,TK92,TK93	SNV			3	0
ENSG00000185651	UBE2L3	GroupA_exclusive	TK91,TK92,TK93	INDEL,SNV			3	0
ENSG00000256385	UBE2NP1	GroupA_exclusive	TK91,TK92,TK93	SNV			3	0
ENSG00000224584	UBE2V1P13	GroupA_exclusive	TK91,TK92,TK93	SNV			3	0
ENSG00000267315	UFM1P2	GroupA_exclusive	TK91,TK92,TK93	SNV			3	0
ENSG00000223650	UHRF2P1	GroupA_exclusive	TK91,TK92,TK93	SNV			3	0
ENSG00000232162	USP12-AS1	GroupA_exclusive	TK91,TK92,TK93	INDEL,SNV			3	0
ENSG00000224007	USP12P2	GroupA_exclusive	TK91,TK92,TK93	SNV			3	0
ENSG00000103404	USP31	GroupA_exclusive	TK10,TK18,TK93	INDEL,SNV			3	0
ENSG00000263887	USP32P4	GroupA_exclusive	TK91,TK92,TK93	INDEL,SNV			3	0
ENSG00000162738	VANGL2	GroupA_exclusive	TK10,TK16,TK93	SNV			3	0
ENSG00000235060	VDAC1P4	GroupA_exclusive	TK91,TK92,TK93	SNV			3	0
ENSG00000232366	VDAC1P9	GroupA_exclusive	TK91,TK92,TK93	SNV			3	0
ENSG00000269345	VN1R85P	GroupA_exclusive	TK18,TK91,TK93	SNV			3	0
ENSG00000226348	VN2R10P	GroupA_exclusive	TK91,TK92,TK93	SNV			3	0
ENSG00000259251	VPS13C-DT	GroupA_exclusive	TK10,TK18,TK93	SNV			3	0
ENSG00000260809	VPS35P1	GroupA_exclusive	TK91,TK92,TK93	SNV			3	0
ENSG00000283703	VSIG10L2	GroupA_exclusive	TK10,TK91,TK92	SNV			3	0
ENSG00000174453	VWC2L	GroupA_exclusive	TK91,TK92,TK93	INDEL,SNV			3	0
ENSG00000132970	WASF3	GroupA_exclusive	TK91,TK92,TK93	SNV			3	0
ENSG00000228051	WBP11P3	GroupA_exclusive	TK91,TK92,TK93	SNV			3	0
ENSG00000265574	WDR45BP1	GroupA_exclusive	TK91,TK92,TK93	INDEL,SNV			3	0
ENSG00000182931	WFDC10B	GroupA_exclusive	TK16,TK91,TK92	SNV			3	0
ENSG00000237417	XRCC6P1	GroupA_exclusive	TK91,TK92,TK93	SNV			3	0
ENSG00000220494	YAP1P1	GroupA_exclusive	TK91,TK92,TK93	SNV			3	0
ENSG00000224003	YES1P1	GroupA_exclusive	TK91,TK92,TK93	SNV			3	0
ENSG00000278486	YRDCP1	GroupA_exclusive	TK91,TK92,TK93	INDEL,SNV			3	0
ENSG00000249986	YWHAQP6	GroupA_exclusive	TK91,TK92,TK93	SNV			3	0
ENSG00000230661	YY1P1	GroupA_exclusive	TK91,TK92,TK93	SNV			3	0
ENSG00000199290	Y_RNA	GroupA_exclusive	TK91,TK92,TK93	SNV			3	0
ENSG00000200646	Y_RNA	GroupA_exclusive	TK10,TK91,TK92	SNV			3	0
ENSG00000200883	Y_RNA	GroupA_exclusive	TK91,TK92,TK93	SNV			3	0
ENSG00000201343	Y_RNA	GroupA_exclusive	TK91,TK92,TK93	SNV			3	0
ENSG00000201412	Y_RNA	GroupA_exclusive	TK91,TK92,TK93	SNV			3	0
ENSG00000206925	Y_RNA	GroupA_exclusive	TK91,TK92,TK93	SNV			3	0
ENSG00000207061	Y_RNA	GroupA_exclusive	TK91,TK92,TK93	SNV			3	0
ENSG00000207092	Y_RNA	GroupA_exclusive	TK18,TK92,TK93	INDEL,SNV			3	0
ENSG00000222701	Y_RNA	GroupA_exclusive	TK91,TK92,TK93	SNV			3	0
ENSG00000223271	Y_RNA	GroupA_exclusive	TK91,TK92,TK93	SNV			3	0
ENSG00000238933	Y_RNA	GroupA_exclusive	TK91,TK92,TK93	SNV			3	0
ENSG00000252965	Y_RNA	GroupA_exclusive	TK16,TK91,TK93	SNV			3	0
ENSG00000274472	Y_RNA	GroupA_exclusive	TK16,TK92,TK93	INDEL,SNV			3	0
ENSG00000241295	ZBTB20-AS2	GroupA_exclusive	TK91,TK92,TK93	INDEL,SNV			3	0
ENSG00000239946	ZBTB20-AS3	GroupA_exclusive	TK91,TK92,TK93	INDEL,SNV			3	0
ENSG00000253661	ZFHX4-AS1	GroupA_exclusive	TK10,TK18,TK92	INDEL,SNV			3	0
ENSG00000233070	ZFY-AS1	GroupA_exclusive	TK10,TK18,TK91	INDEL,SNV			3	0
ENSG00000197056	ZMYM1	GroupA_exclusive	TK10,TK92,TK93	SNV			3	0
ENSG00000176293	ZNF135	GroupA_exclusive	TK91,TK92,TK93	SNV			3	0
ENSG00000188801	ZNF322P1	GroupA_exclusive	TK91,TK92,TK93	SNV			3	0
ENSG00000168122	ZNF355P	GroupA_exclusive	TK91,TK92,TK93	INDEL,SNV			3	0
ENSG00000166770	ZNF667-AS1	GroupA_exclusive	TK91,TK92,TK93	INDEL,SNV			3	0
ENSG00000196110	ZNF699	GroupA_exclusive	TK10,TK16,TK18	SNV			3	0
ENSG00000269067	ZNF728	GroupA_exclusive	TK91,TK92,TK93	SNV			3	0
ENSG00000184624	ZNF72BP	GroupA_exclusive	TK91,TK92,TK93	SNV			3	0
ENSG00000196381	ZNF781	GroupA_exclusive	TK10,TK18,TK92	SNV			3	0
ENSG00000241738	ZNF90P1	GroupA_exclusive	TK91,TK92,TK93	SNV			3	0
ENSG00000215604	ZNF962P	GroupA_exclusive	TK10,TK91,TK92	SNV			3	0
ENSG00000219891	ZSCAN12P1	GroupA_exclusive	TK16,TK91,TK92	SNV			3	0
ENSG00000187987	ZSCAN23	GroupA_exclusive	TK91,TK92,TK93	INDEL,SNV			3	0
ENSG00000277411	5S_rRNA	GroupA_exclusive	TK18,TK93	SNV			2	0
ENSG00000285626	5S_rRNA	GroupA_exclusive	TK92,TK93	SNV			2	0
ENSG00000271394	7SK	GroupA_exclusive	TK92,TK93	SNV			2	0
ENSG00000136379	ABHD17C	GroupA_exclusive	TK92,TK93	SNV			2	0
ENSG00000235361	ABR-AS1	GroupA_exclusive	TK16,TK91	SNV			2	0
ENSG00000225833	ACE2-DT	GroupA_exclusive	TK10,TK18	SNV			2	0
ENSG00000184227	ACOT1	GroupA_exclusive	TK91,TK92	SNV			2	0
ENSG00000175509	ACRP1	GroupA_exclusive	TK16,TK91	SNV			2	0
ENSG00000244062	ACSL3P1	GroupA_exclusive	TK91,TK92	INDEL,SNV			2	0
ENSG00000185607	ACTBP7	GroupA_exclusive	TK92,TK93	SNV			2	0
ENSG00000226359	ACTG1P24	GroupA_exclusive	TK10,TK93	SNV			2	0
ENSG00000140955	ADAD2	GroupA_exclusive	TK10,TK91	SNV			2	0
ENSG00000218052	ADAMTS7P4	GroupA_exclusive	TK10,TK18	SNV			2	0
ENSG00000241158	ADAMTS9-AS1	GroupA_exclusive	TK91,TK92	SNV			2	0
ENSG00000156218	ADAMTSL3	GroupA_exclusive	TK10,TK93	SNV			2	0
ENSG00000237781	ADAMTSL4-AS2	GroupA_exclusive	TK10,TK18	SNV			2	0
ENSG00000118492	ADGB	GroupA_exclusive	TK92,TK93	SNV			2	0
ENSG00000135298	ADGRB3	GroupA_exclusive	TK10,TK93	SNV			2	0
ENSG00000150471	ADGRL3	GroupA_exclusive	TK91,TK92	SNV			2	0
ENSG00000232676	ADH5P2	GroupA_exclusive	TK18,TK91	SNV			2	0
ENSG00000170214	ADRA1B	GroupA_exclusive	TK92,TK93	SNV			2	0
ENSG00000230114	AGBL4-AS1	GroupA_exclusive	TK18,TK91	SNV			2	0
ENSG00000231636	AGBL5-AS1	GroupA_exclusive	TK18,TK92	SNV			2	0
ENSG00000282968	AGGF1P10	GroupA_exclusive	TK10,TK93	SNV			2	0
ENSG00000250115	AK3P2	GroupA_exclusive	TK91,TK92	SNV			2	0
ENSG00000259367	AKAP13-AS1	GroupA_exclusive	TK91,TK93	INDEL,SNV			2	0
ENSG00000164904	ALDH7A1	GroupA_exclusive	TK16,TK18	INDEL,SNV			2	0
ENSG00000242849	ALDOAP1	GroupA_exclusive	TK91,TK92	INDEL,SNV			2	0
ENSG00000196711	ALKAL1	GroupA_exclusive	TK10,TK91	SNV			2	0
ENSG00000151360	ALLC	GroupA_exclusive	TK18,TK92	SNV			2	0
ENSG00000275597	ANAPC1P5	GroupA_exclusive	TK91,TK93	SNV			2	0
ENSG00000255305	ANKRD33BP9	GroupA_exclusive	TK91,TK93	SNV			2	0
ENSG00000188399	ANKRD36P1	GroupA_exclusive	TK92,TK93	SNV			2	0
ENSG00000167117	ANKRD40CL	GroupA_exclusive	TK91,TK92	INDEL,SNV			2	0
ENSG00000231621	ANKRD44-AS1	GroupA_exclusive	TK92,TK93	SNV			2	0
ENSG00000263482	ANTXRLP1	GroupA_exclusive	TK92,TK93	SNV			2	0
ENSG00000265190	ANXA8	GroupA_exclusive	TK91,TK92	SNV			2	0
ENSG00000273492	APP-DT	GroupA_exclusive	TK91,TK93	SNV			2	0
ENSG00000143595	AQP10	GroupA_exclusive	TK92,TK93	SNV			2	0
ENSG00000271525	ARF4P1	GroupA_exclusive	TK91,TK92	SNV			2	0
ENSG00000226272	ARHGAP26-AS1	GroupA_exclusive	TK91,TK92	SNV			2	0
ENSG00000124143	ARHGAP40	GroupA_exclusive	TK18,TK91	SNV			2	0
ENSG00000132694	ARHGEF11	GroupA_exclusive	TK16,TK92	INDEL,SNV			2	0
ENSG00000198844	ARHGEF15	GroupA_exclusive	TK91,TK93	INDEL,SNV			2	0
ENSG00000224806	ARL5AP4	GroupA_exclusive	TK91,TK93	SNV			2	0
ENSG00000225355	ARL6IP1P2	GroupA_exclusive	TK91,TK93	SNV			2	0
ENSG00000204072	ARMCX7P	GroupA_exclusive	TK92,TK93	SNV			2	0
ENSG00000256898	ARPC3P4	GroupA_exclusive	TK91,TK92	SNV			2	0
ENSG00000214027	ARPC3P5	GroupA_exclusive	TK91,TK93	SNV			2	0
ENSG00000146809	ASB15	GroupA_exclusive	TK92,TK93	SNV			2	0
ENSG00000290398	ASNSP1	GroupA_exclusive	TK91,TK92	SNV			2	0
ENSG00000179774	ATOH7	GroupA_exclusive	TK10,TK93	SNV			2	0
ENSG00000166896	ATP23	GroupA_exclusive	TK10,TK91	SNV			2	0
ENSG00000167283	ATP5MG	GroupA_exclusive	TK16,TK18	SNV			2	0
ENSG00000219806	ATP5PBP6	GroupA_exclusive	TK91,TK93	INDEL,SNV			2	0
ENSG00000270049	ATP6V0D1-DT	GroupA_exclusive	TK92,TK93	SNV			2	0
ENSG00000143882	ATP6V1C2	GroupA_exclusive	TK92,TK93	INDEL,SNV			2	0
ENSG00000233963	ATP8A2P3	GroupA_exclusive	TK92,TK93	SNV			2	0
ENSG00000226780	AVPR1B-DT	GroupA_exclusive	TK18,TK91	INDEL,SNV			2	0
ENSG00000183778	B3GALT5	GroupA_exclusive	TK91,TK92	SNV			2	0
ENSG00000258531	BANF1P1	GroupA_exclusive	TK92,TK93	SNV			2	0
ENSG00000215196	BASP1-AS1	GroupA_exclusive	TK10,TK91	SNV			2	0
ENSG00000260047	BCAP31P2	GroupA_exclusive	TK18,TK92	SNV			2	0
ENSG00000262117	BCAR4	GroupA_exclusive	TK92,TK93	SNV			2	0
ENSG00000186716	BCR	GroupA_exclusive	TK10,TK18	INDEL,SNV			2	0
ENSG00000264736	BDP1P	GroupA_exclusive	TK91,TK92	SNV			2	0
ENSG00000227175	BEND7-DT	GroupA_exclusive	TK10,TK92	INDEL,SNV			2	0
ENSG00000248684	BIN2P2	GroupA_exclusive	TK91,TK93	SNV			2	0
ENSG00000204113	BMP2KL	GroupA_exclusive	TK91,TK92	SNV			2	0
ENSG00000112175	BMP5	GroupA_exclusive	TK16,TK18	SNV			2	0
ENSG00000231701	BMS1P13	GroupA_exclusive	TK91,TK92	SNV			2	0
ENSG00000232775	BMS1P22	GroupA_exclusive	TK92,TK93	SNV			2	0
ENSG00000268438	BNIP3P27	GroupA_exclusive	TK92,TK93	SNV			2	0
ENSG00000125999	BPIFB1	GroupA_exclusive	TK10,TK16	SNV			2	0
ENSG00000162670	BRINP3	GroupA_exclusive	TK10,TK91	SNV			2	0
ENSG00000254025	BRIX1P1	GroupA_exclusive	TK92,TK93	SNV			2	0
ENSG00000213189	BTF3L4P2	GroupA_exclusive	TK10,TK93	SNV			2	0
ENSG00000213108	BTF3L4P3	GroupA_exclusive	TK91,TK92	INDEL,SNV			2	0
ENSG00000213003	BTF3P12	GroupA_exclusive	TK92,TK93	SNV			2	0
ENSG00000224820	BTF3P4	GroupA_exclusive	TK91,TK92	INDEL,SNV			2	0
ENSG00000233956	BTF3P6	GroupA_exclusive	TK91,TK92	SNV			2	0
ENSG00000236813	BTF3P8	GroupA_exclusive	TK91,TK92	INDEL,SNV			2	0
ENSG00000203942	C10orf62	GroupA_exclusive	TK16,TK93	SNV			2	0
ENSG00000179133	C10orf67	GroupA_exclusive	TK10,TK93	INDEL,SNV			2	0
ENSG00000256056	C12orf71BP	GroupA_exclusive	TK91,TK92	INDEL,SNV			2	0
ENSG00000108666	C17orf75	GroupA_exclusive	TK91,TK92	SNV			2	0
ENSG00000215353	C1QBPP1	GroupA_exclusive	TK91,TK92	SNV			2	0
ENSG00000145861	C1QTNF2	GroupA_exclusive	TK10,TK93	SNV			2	0
ENSG00000100249	C22orf31	GroupA_exclusive	TK91,TK92	SNV			2	0
ENSG00000236980	C3orf84	GroupA_exclusive	TK91,TK93	INDEL,SNV			2	0
ENSG00000241224	C3orf85	GroupA_exclusive	TK10,TK91	SNV			2	0
ENSG00000138813	C4orf17	GroupA_exclusive	TK91,TK92	SNV			2	0
ENSG00000225940	C5orf67	GroupA_exclusive	TK10,TK91	SNV			2	0
ENSG00000250733	C8orf17	GroupA_exclusive	TK92,TK93	SNV			2	0
ENSG00000251303	CAB39P1	GroupA_exclusive	TK10,TK92	INDEL,SNV			2	0
ENSG00000256721	CACNA1C-IT3	GroupA_exclusive	TK91,TK92	SNV			2	0
ENSG00000205488	CALML3-AS1	GroupA_exclusive	TK16,TK93	SNV			2	0
ENSG00000227742	CALR4P	GroupA_exclusive	TK92,TK93	SNV			2	0
ENSG00000183049	CAMK1D	GroupA_exclusive	TK10,TK91	SNV			2	0
ENSG00000152495	CAMK4	GroupA_exclusive	TK92,TK93	SNV			2	0
ENSG00000237402	CAMTA1-IT1	GroupA_exclusive	TK10,TK92	SNV			2	0
ENSG00000232004	CAP1P2	GroupA_exclusive	TK91,TK93	SNV			2	0
ENSG00000213698	CAPZA1P3	GroupA_exclusive	TK91,TK92	SNV			2	0
ENSG00000255501	CARD18	GroupA_exclusive	TK10,TK91	INDEL,SNV			2	0
ENSG00000248659	CARMIL2P1	GroupA_exclusive	TK91,TK92	SNV			2	0
ENSG00000253756	CARS1P2	GroupA_exclusive	TK91,TK93	SNV			2	0
ENSG00000158428	CATIP	GroupA_exclusive	TK91,TK93	SNV			2	0
ENSG00000006606	CCL26	GroupA_exclusive	TK10,TK93	SNV			2	0
ENSG00000223896	CCNJP2	GroupA_exclusive	TK91,TK92	SNV			2	0
ENSG00000132141	CCT6B	GroupA_exclusive	TK91,TK93	SNV			2	0
ENSG00000242770	CD200R1L-AS1	GroupA_exclusive	TK92,TK93	SNV			2	0
ENSG00000160654	CD3G	GroupA_exclusive	TK92,TK93	SNV			2	0
ENSG00000283005	CDC27P3	GroupA_exclusive	TK91,TK92	SNV			2	0
ENSG00000040731	CDH10	GroupA_exclusive	TK10,TK18	SNV			2	0
ENSG00000113361	CDH6	GroupA_exclusive	TK10,TK91	SNV			2	0
ENSG00000214725	CDIPTOSP	GroupA_exclusive	TK16,TK93	SNV			2	0
ENSG00000008128	CDK11A	GroupA_exclusive	TK10,TK92	SNV			2	0
ENSG00000171450	CDK5R2	GroupA_exclusive	TK10,TK16	SNV			2	0
ENSG00000235024	CDK5R2-AS1	GroupA_exclusive	TK10,TK91	INDEL,SNV			2	0
ENSG00000213194	CDK7P1	GroupA_exclusive	TK91,TK92	SNV			2	0
ENSG00000260790	CDR2-DT	GroupA_exclusive	TK91,TK93	SNV			2	0
ENSG00000176243	CDV3P1	GroupA_exclusive	TK91,TK92	INDEL,SNV			2	0
ENSG00000101489	CELF4	GroupA_exclusive	TK91,TK93	INDEL,SNV			2	0
ENSG00000237517	CELSR1P1	GroupA_exclusive	TK10,TK93	SNV			2	0
ENSG00000285972	CERNA2	GroupA_exclusive	TK16,TK91	SNV			2	0
ENSG00000259430	CERS3-AS1	GroupA_exclusive	TK10,TK18	SNV			2	0
ENSG00000215478	CES5AP1	GroupA_exclusive	TK18,TK92	SNV			2	0
ENSG00000197826	CFAP299	GroupA_exclusive	TK91,TK93	SNV			2	0
ENSG00000243710	CFAP57	GroupA_exclusive	TK16,TK92	SNV			2	0
ENSG00000204711	CFAP95	GroupA_exclusive	TK91,TK92	SNV			2	0
ENSG00000080910	CFHR2	GroupA_exclusive	TK10,TK93	SNV			2	0
ENSG00000213478	CFL1P2	GroupA_exclusive	TK91,TK93	SNV			2	0
ENSG00000228056	CFL1P3	GroupA_exclusive	TK91,TK93	SNV			2	0
ENSG00000213026	CFL1P4	GroupA_exclusive	TK92,TK93	SNV			2	0
ENSG00000278530	CHMP1B2P	GroupA_exclusive	TK91,TK92	SNV			2	0
ENSG00000215284	CHMP5P1	GroupA_exclusive	TK92,TK93	SNV			2	0
ENSG00000232202	CHORDC1P1	GroupA_exclusive	TK10,TK92	SNV			2	0
ENSG00000233020	CHORDC1P5	GroupA_exclusive	TK91,TK92	INDEL,SNV			2	0
ENSG00000147434	CHRNA6	GroupA_exclusive	TK91,TK92	SNV			2	0
ENSG00000227492	CHUK-DT	GroupA_exclusive	TK92,TK93	INDEL,SNV			2	0
ENSG00000234048	CIAO2AP1	GroupA_exclusive	TK91,TK93	SNV			2	0
ENSG00000226220	CICP22	GroupA_exclusive	TK16,TK91	SNV			2	0
ENSG00000213403	CISD1P1	GroupA_exclusive	TK92,TK93	INDEL,SNV			2	0
ENSG00000179862	CITED4	GroupA_exclusive	TK10,TK18	SNV			2	0
ENSG00000137975	CLCA2	GroupA_exclusive	TK91,TK93	SNV			2	0
ENSG00000188585	CLEC20A	GroupA_exclusive	TK10,TK92	SNV			2	0
ENSG00000197992	CLEC9A	GroupA_exclusive	TK18,TK92	INDEL,SNV			2	0
ENSG00000229400	CNIH3-AS1	GroupA_exclusive	TK10,TK91	SNV			2	0
ENSG00000130176	CNN1	GroupA_exclusive	TK92,TK93	SNV			2	0
ENSG00000213816	CNN2P4	GroupA_exclusive	TK92,TK93	INDEL,SNV			2	0
ENSG00000232185	CNOT7P2	GroupA_exclusive	TK91,TK92	SNV			2	0
ENSG00000213187	COPS5P1	GroupA_exclusive	TK91,TK92	INDEL,SNV			2	0
ENSG00000270268	CORO1CP1	GroupA_exclusive	TK91,TK93	SNV			2	0
ENSG00000231162	COX11P1	GroupA_exclusive	TK92,TK93	SNV			2	0
ENSG00000258981	COX5AP2	GroupA_exclusive	TK91,TK93	SNV			2	0
ENSG00000158516	CPA2	GroupA_exclusive	TK10,TK92	SNV			2	0
ENSG00000240216	CPHL1P	GroupA_exclusive	TK10,TK93	SNV			2	0
ENSG00000144410	CPO	GroupA_exclusive	TK91,TK92	SNV			2	0
ENSG00000253525	CPP	GroupA_exclusive	TK92,TK93	INDEL,SNV			2	0
ENSG00000107175	CREB3	GroupA_exclusive	TK92,TK93	SNV			2	0
ENSG00000096006	CRISP3	GroupA_exclusive	TK91,TK92	SNV			2	0
ENSG00000103196	CRISPLD2	GroupA_exclusive	TK91,TK92	SNV			2	0
ENSG00000250391	CRLF3P2	GroupA_exclusive	TK92,TK93	INDEL,SNV			2	0
ENSG00000100053	CRYBB3	GroupA_exclusive	TK10,TK92	SNV			2	0
ENSG00000103316	CRYM	GroupA_exclusive	TK10,TK92	SNV			2	0
ENSG00000242599	CSAG4	GroupA_exclusive	TK18,TK92	SNV			2	0
ENSG00000182574	CSGALNACT2P1	GroupA_exclusive	TK92,TK93	INDEL,SNV			2	0
ENSG00000231163	CSMD2-AS1	GroupA_exclusive	TK91,TK92	SNV			2	0
ENSG00000234124	CSN1S2AP	GroupA_exclusive	TK92,TK93	SNV			2	0
ENSG00000283434	CSNKA2IP	GroupA_exclusive	TK91,TK92	SNV			2	0
ENSG00000249098	CSRP2P2	GroupA_exclusive	TK10,TK92	SNV			2	0
ENSG00000234215	CT66	GroupA_exclusive	TK91,TK92	SNV			2	0
ENSG00000237732	CT75	GroupA_exclusive	TK91,TK93	SNV			2	0
ENSG00000184033	CTAG1B	GroupA_exclusive	TK92,TK93	SNV			2	0
ENSG00000230711	CTAGE13P	GroupA_exclusive	TK91,TK92	SNV			2	0
ENSG00000251102	CTBP2P4	GroupA_exclusive	TK10,TK92	SNV			2	0
ENSG00000100448	CTSG	GroupA_exclusive	TK91,TK92	SNV			2	0
ENSG00000251032	CUL1P1	GroupA_exclusive	TK18,TK91	SNV			2	0
ENSG00000283613	CUPIN1P	GroupA_exclusive	TK91,TK93	SNV			2	0
ENSG00000265766	CXADRP3	GroupA_exclusive	TK18,TK91	INDEL,SNV			2	0
ENSG00000245293	CYP2U1-AS1	GroupA_exclusive	TK91,TK92	INDEL,SNV			2	0
ENSG00000269516	CYP4F23P	GroupA_exclusive	TK10,TK93	INDEL,SNV			2	0
ENSG00000274628	CYP4F59P	GroupA_exclusive	TK91,TK92	SNV			2	0
ENSG00000230635	CYP4F60P	GroupA_exclusive	TK92,TK93	SNV			2	0
ENSG00000271286	CYTH1P1	GroupA_exclusive	TK91,TK93	SNV			2	0
ENSG00000146122	DAAM2	GroupA_exclusive	TK92,TK93	SNV			2	0
ENSG00000236709	DAPK1-IT1	GroupA_exclusive	TK91,TK92	INDEL,SNV			2	0
ENSG00000123977	DAW1	GroupA_exclusive	TK92,TK93	SNV			2	0
ENSG00000187191	DAZ3	GroupA_exclusive	TK92,TK93	SNV			2	0
ENSG00000185610	DBX2	GroupA_exclusive	TK10,TK91	SNV			2	0
ENSG00000163673	DCLK3	GroupA_exclusive	TK10,TK16	SNV			2	0
ENSG00000237470	DCLRE1CP1	GroupA_exclusive	TK91,TK92	SNV			2	0
ENSG00000163357	DCST1	GroupA_exclusive	TK10,TK92	SNV			2	0
ENSG00000232093	DCST1-AS1	GroupA_exclusive	TK91,TK92	SNV			2	0
ENSG00000233614	DDX11L10	GroupA_exclusive	TK91,TK92	INDEL,SNV			2	0
ENSG00000251553	DDX18P4	GroupA_exclusive	TK92,TK93	SNV			2	0
ENSG00000251571	DDX3P3	GroupA_exclusive	TK91,TK92	SNV			2	0
ENSG00000152670	DDX4	GroupA_exclusive	TK10,TK92	SNV			2	0
ENSG00000242296	DEFB109A	GroupA_exclusive	TK16,TK92	SNV			2	0
ENSG00000186146	DEFB131A	GroupA_exclusive	TK91,TK92	INDEL,SNV			2	0
ENSG00000254700	DEFB131C	GroupA_exclusive	TK91,TK93	SNV			2	0
ENSG00000184210	DGAT2L6	GroupA_exclusive	TK91,TK92	SNV			2	0
ENSG00000124721	DNAH8	GroupA_exclusive	TK10,TK93	SNV			2	0
ENSG00000162643	DNAI3	GroupA_exclusive	TK91,TK92	INDEL,SNV			2	0
ENSG00000152763	DNAI4	GroupA_exclusive	TK91,TK92	SNV			2	0
ENSG00000236917	DNAJA1P2	GroupA_exclusive	TK92,TK93	SNV			2	0
ENSG00000162616	DNAJB4	GroupA_exclusive	TK16,TK92	SNV			2	0
ENSG00000187957	DNER	GroupA_exclusive	TK10,TK93	SNV			2	0
ENSG00000262516	DPPA3P6	GroupA_exclusive	TK91,TK92	SNV			2	0
ENSG00000224323	DPRXP1	GroupA_exclusive	TK16,TK91	SNV			2	0
ENSG00000264743	DPRXP4	GroupA_exclusive	TK91,TK92	SNV			2	0
ENSG00000270652	DPRXP5	GroupA_exclusive	TK91,TK92	SNV			2	0
ENSG00000291119	DPY19L2P4	GroupA_exclusive	TK92,TK93	SNV			2	0
ENSG00000229663	DPY19L4P1	GroupA_exclusive	TK92,TK93	SNV			2	0
ENSG00000184029	DSCR4	GroupA_exclusive	TK10,TK92	SNV			2	0
ENSG00000283069	DUX4L32	GroupA_exclusive	TK10,TK18	SNV			2	0
ENSG00000255377	DUXAP5	GroupA_exclusive	TK18,TK93	SNV			2	0
ENSG00000282757	DUXB	GroupA_exclusive	TK92,TK93	SNV			2	0
ENSG00000232125	DYTN	GroupA_exclusive	TK16,TK91	SNV			2	0
ENSG00000224688	E2F6P2	GroupA_exclusive	TK91,TK92	SNV			2	0
ENSG00000249995	ECM1P2	GroupA_exclusive	TK91,TK92	SNV			2	0
ENSG00000074266	EED	GroupA_exclusive	TK10,TK92	INDEL,SNV			2	0
ENSG00000223668	EEF1A1P24	GroupA_exclusive	TK91,TK92	SNV			2	0
ENSG00000237709	EEF1A1P28	GroupA_exclusive	TK18,TK91	INDEL,SNV			2	0
ENSG00000277043	EEF1A1P42	GroupA_exclusive	TK91,TK93	SNV			2	0
ENSG00000215899	EEF1A1P46	GroupA_exclusive	TK91,TK93	SNV			2	0
ENSG00000234125	EEF1GP8	GroupA_exclusive	TK92,TK93	SNV			2	0
ENSG00000108947	EFNB3	GroupA_exclusive	TK10,TK91	SNV			2	0
ENSG00000146648	EGFR	GroupA_exclusive	TK91,TK92	SNV			2	0
ENSG00000256134	EGLN3P1	GroupA_exclusive	TK91,TK92	SNV			2	0
ENSG00000237080	EHMT2-AS1	GroupA_exclusive	TK92,TK93	SNV			2	0
ENSG00000258980	EIF1AXP2	GroupA_exclusive	TK91,TK93	SNV			2	0
ENSG00000198692	EIF1AY	GroupA_exclusive	TK10,TK18	INDEL,SNV			2	0
ENSG00000258778	EIF2S2P1	GroupA_exclusive	TK10,TK91	SNV			2	0
ENSG00000236608	EIF4A1P6	GroupA_exclusive	TK91,TK92	INDEL,SNV			2	0
ENSG00000267336	EIF4A2P1	GroupA_exclusive	TK91,TK92	SNV			2	0
ENSG00000227382	EIF4A2P2	GroupA_exclusive	TK18,TK91	INDEL,SNV			2	0
ENSG00000244199	EIF4EP3	GroupA_exclusive	TK10,TK92	SNV			2	0
ENSG00000267346	EIF5AP3	GroupA_exclusive	TK91,TK93	SNV			2	0
ENSG00000196361	ELAVL3	GroupA_exclusive	TK91,TK92	SNV			2	0
ENSG00000234167	ELOBP4	GroupA_exclusive	TK91,TK93	SNV			2	0
ENSG00000183798	EMILIN3	GroupA_exclusive	TK16,TK18	SNV			2	0
ENSG00000231334	EML6-AS1	GroupA_exclusive	TK91,TK93	SNV			2	0
ENSG00000231655	EMP2P1	GroupA_exclusive	TK91,TK93	SNV			2	0
ENSG00000258739	ENO1P2	GroupA_exclusive	TK92,TK93	SNV			2	0
ENSG00000154269	ENPP3	GroupA_exclusive	TK16,TK92	SNV			2	0
ENSG00000254527	ENPP7P12	GroupA_exclusive	TK92,TK93	SNV			2	0
ENSG00000177452	ENSG00000177452	GroupA_exclusive	TK91,TK93	SNV			2	0
ENSG00000179577	ENSG00000179577	GroupA_exclusive	TK91,TK92	SNV			2	0
ENSG00000182625	ENSG00000182625	GroupA_exclusive	TK91,TK92	SNV			2	0
ENSG00000197644	ENSG00000197644	GroupA_exclusive	TK92,TK93	SNV			2	0
ENSG00000199815	ENSG00000199815	GroupA_exclusive	TK91,TK92	SNV			2	0
ENSG00000203334	ENSG00000203334	GroupA_exclusive	TK91,TK92	SNV			2	0
ENSG00000203335	ENSG00000203335	GroupA_exclusive	TK10,TK92	SNV			2	0
ENSG00000203392	ENSG00000203392	GroupA_exclusive	TK10,TK91	SNV			2	0
ENSG00000203520	ENSG00000203520	GroupA_exclusive	TK10,TK92	INDEL,SNV			2	0
ENSG00000203593	ENSG00000203593	GroupA_exclusive	TK92,TK93	SNV			2	0
ENSG00000203647	ENSG00000203647	GroupA_exclusive	TK91,TK92	INDEL,SNV			2	0
ENSG00000204894	ENSG00000204894	GroupA_exclusive	TK92,TK93	SNV			2	0
ENSG00000212695	ENSG00000212695	GroupA_exclusive	TK92,TK93	SNV			2	0
ENSG00000213045	ENSG00000213045	GroupA_exclusive	TK91,TK92	SNV			2	0
ENSG00000213184	ENSG00000213184	GroupA_exclusive	TK92,TK93	SNV			2	0
ENSG00000213216	ENSG00000213216	GroupA_exclusive	TK91,TK92	INDEL,SNV			2	0
ENSG00000213600	ENSG00000213600	GroupA_exclusive	TK91,TK92	SNV			2	0
ENSG00000213875	ENSG00000213875	GroupA_exclusive	TK91,TK92	SNV			2	0
ENSG00000214144	ENSG00000214144	GroupA_exclusive	TK10,TK92	INDEL,SNV			2	0
ENSG00000214593	ENSG00000214593	GroupA_exclusive	TK91,TK92	SNV			2	0
ENSG00000214942	ENSG00000214942	GroupA_exclusive	TK18,TK92	SNV			2	0
ENSG00000215268	ENSG00000215268	GroupA_exclusive	TK92,TK93	SNV			2	0
ENSG00000216360	ENSG00000216360	GroupA_exclusive	TK92,TK93	SNV			2	0
ENSG00000217447	ENSG00000217447	GroupA_exclusive	TK10,TK92	SNV			2	0
ENSG00000217495	ENSG00000217495	GroupA_exclusive	TK91,TK92	SNV			2	0
ENSG00000217746	ENSG00000217746	GroupA_exclusive	TK91,TK93	SNV			2	0
ENSG00000218561	ENSG00000218561	GroupA_exclusive	TK91,TK92	SNV			2	0
ENSG00000218730	ENSG00000218730	GroupA_exclusive	TK92,TK93	SNV			2	0
ENSG00000218857	ENSG00000218857	GroupA_exclusive	TK92,TK93	SNV			2	0
ENSG00000219039	ENSG00000219039	GroupA_exclusive	TK91,TK92	INDEL,SNV			2	0
ENSG00000219088	ENSG00000219088	GroupA_exclusive	TK16,TK18	SNV			2	0
ENSG00000219409	ENSG00000219409	GroupA_exclusive	TK91,TK93	SNV			2	0
ENSG00000219928	ENSG00000219928	GroupA_exclusive	TK91,TK93	INDEL,SNV			2	0
ENSG00000219951	ENSG00000219951	GroupA_exclusive	TK16,TK92	SNV			2	0
ENSG00000220130	ENSG00000220130	GroupA_exclusive	TK91,TK92	SNV			2	0
ENSG00000220506	ENSG00000220506	GroupA_exclusive	TK92,TK93	SNV			2	0
ENSG00000220600	ENSG00000220600	GroupA_exclusive	TK91,TK92	SNV			2	0
ENSG00000222012	ENSG00000222012	GroupA_exclusive	TK10,TK18	SNV			2	0
ENSG00000222604	ENSG00000222604	GroupA_exclusive	TK92,TK93	SNV			2	0
ENSG00000223544	ENSG00000223544	GroupA_exclusive	TK91,TK92	SNV			2	0
ENSG00000223660	ENSG00000223660	GroupA_exclusive	TK91,TK93	SNV			2	0
ENSG00000223754	ENSG00000223754	GroupA_exclusive	TK92,TK93	INDEL,SNV			2	0
ENSG00000223908	ENSG00000223908	GroupA_exclusive	TK91,TK92	SNV			2	0
ENSG00000224014	ENSG00000224014	GroupA_exclusive	TK10,TK16	INDEL,SNV			2	0
ENSG00000224104	ENSG00000224104	GroupA_exclusive	TK91,TK93	INDEL,SNV			2	0
ENSG00000224359	ENSG00000224359	GroupA_exclusive	TK91,TK92	SNV			2	0
ENSG00000224363	ENSG00000224363	GroupA_exclusive	TK91,TK92	SNV			2	0
ENSG00000224375	ENSG00000224375	GroupA_exclusive	TK91,TK92	SNV			2	0
ENSG00000224376	ENSG00000224376	GroupA_exclusive	TK10,TK16	SNV			2	0
ENSG00000224555	ENSG00000224555	GroupA_exclusive	TK91,TK92	SNV			2	0
ENSG00000224626	ENSG00000224626	GroupA_exclusive	TK92,TK93	SNV			2	0
ENSG00000224669	ENSG00000224669	GroupA_exclusive	TK92,TK93	SNV			2	0
ENSG00000224671	ENSG00000224671	GroupA_exclusive	TK10,TK92	SNV			2	0
ENSG00000224810	ENSG00000224810	GroupA_exclusive	TK10,TK93	SNV			2	0
ENSG00000225006	ENSG00000225006	GroupA_exclusive	TK10,TK92	SNV			2	0
ENSG00000225044	ENSG00000225044	GroupA_exclusive	TK10,TK93	SNV			2	0
ENSG00000225144	ENSG00000225144	GroupA_exclusive	TK91,TK92	SNV			2	0
ENSG00000225203	ENSG00000225203	GroupA_exclusive	TK92,TK93	SNV			2	0
ENSG00000225299	ENSG00000225299	GroupA_exclusive	TK91,TK92	SNV			2	0
ENSG00000225337	ENSG00000225337	GroupA_exclusive	TK92,TK93	SNV			2	0
ENSG00000225399	ENSG00000225399	GroupA_exclusive	TK92,TK93	SNV			2	0
ENSG00000225606	ENSG00000225606	GroupA_exclusive	TK16,TK18	SNV			2	0
ENSG00000225610	ENSG00000225610	GroupA_exclusive	TK92,TK93	SNV			2	0
ENSG00000225689	ENSG00000225689	GroupA_exclusive	TK92,TK93	SNV			2	0
ENSG00000225775	ENSG00000225775	GroupA_exclusive	TK91,TK92	INDEL,SNV			2	0
ENSG00000225779	ENSG00000225779	GroupA_exclusive	TK18,TK91	SNV			2	0
ENSG00000225884	ENSG00000225884	GroupA_exclusive	TK91,TK92	SNV			2	0
ENSG00000225970	ENSG00000225970	GroupA_exclusive	TK91,TK92	SNV			2	0
ENSG00000226014	ENSG00000226014	GroupA_exclusive	TK16,TK93	INDEL,SNV			2	0
ENSG00000226040	ENSG00000226040	GroupA_exclusive	TK91,TK92	SNV			2	0
ENSG00000226043	ENSG00000226043	GroupA_exclusive	TK10,TK18	SNV			2	0
ENSG00000226079	ENSG00000226079	GroupA_exclusive	TK91,TK93	SNV			2	0
ENSG00000226138	ENSG00000226138	GroupA_exclusive	TK91,TK92	SNV			2	0
ENSG00000226296	ENSG00000226296	GroupA_exclusive	TK10,TK93	SNV			2	0
ENSG00000226355	ENSG00000226355	GroupA_exclusive	TK10,TK92	SNV			2	0
ENSG00000226433	ENSG00000226433	GroupA_exclusive	TK10,TK93	SNV			2	0
ENSG00000226439	ENSG00000226439	GroupA_exclusive	TK91,TK93	SNV			2	0
ENSG00000226468	ENSG00000226468	GroupA_exclusive	TK16,TK18	SNV			2	0
ENSG00000226532	ENSG00000226532	GroupA_exclusive	TK92,TK93	SNV			2	0
ENSG00000226545	ENSG00000226545	GroupA_exclusive	TK10,TK93	SNV			2	0
ENSG00000226644	ENSG00000226644	GroupA_exclusive	TK91,TK93	INDEL			2	0
ENSG00000226764	ENSG00000226764	GroupA_exclusive	TK10,TK18	INDEL,SNV			2	0
ENSG00000226862	ENSG00000226862	GroupA_exclusive	TK18,TK92	SNV			2	0
ENSG00000227245	ENSG00000227245	GroupA_exclusive	TK91,TK92	SNV			2	0
ENSG00000227297	ENSG00000227297	GroupA_exclusive	TK16,TK18	SNV			2	0
ENSG00000227615	ENSG00000227615	GroupA_exclusive	TK16,TK92	SNV			2	0
ENSG00000227673	ENSG00000227673	GroupA_exclusive	TK91,TK93	SNV			2	0
ENSG00000227683	ENSG00000227683	GroupA_exclusive	TK10,TK18	SNV			2	0
ENSG00000227733	ENSG00000227733	GroupA_exclusive	TK16,TK91	SNV			2	0
ENSG00000227863	ENSG00000227863	GroupA_exclusive	TK91,TK92	SNV			2	0
ENSG00000228031	ENSG00000228031	GroupA_exclusive	TK91,TK93	SNV			2	0
ENSG00000228318	ENSG00000228318	GroupA_exclusive	TK10,TK18	INDEL,SNV			2	0
ENSG00000228334	ENSG00000228334	GroupA_exclusive	TK91,TK92	SNV			2	0
ENSG00000228367	ENSG00000228367	GroupA_exclusive	TK91,TK92	SNV			2	0
ENSG00000228368	ENSG00000228368	GroupA_exclusive	TK92,TK93	SNV			2	0
ENSG00000228386	ENSG00000228386	GroupA_exclusive	TK91,TK92	SNV			2	0
ENSG00000228429	ENSG00000228429	GroupA_exclusive	TK91,TK93	SNV			2	0
ENSG00000228527	ENSG00000228527	GroupA_exclusive	TK16,TK91	SNV			2	0
ENSG00000228563	ENSG00000228563	GroupA_exclusive	TK92,TK93	INDEL,SNV			2	0
ENSG00000228613	ENSG00000228613	GroupA_exclusive	TK16,TK18	SNV			2	0
ENSG00000228804	ENSG00000228804	GroupA_exclusive	TK91,TK92	SNV			2	0
ENSG00000228950	ENSG00000228950	GroupA_exclusive	TK92,TK93	SNV			2	0
ENSG00000229167	ENSG00000229167	GroupA_exclusive	TK10,TK16	SNV			2	0
ENSG00000229188	ENSG00000229188	GroupA_exclusive	TK92,TK93	SNV			2	0
ENSG00000229209	ENSG00000229209	GroupA_exclusive	TK91,TK92	SNV			2	0
ENSG00000229229	ENSG00000229229	GroupA_exclusive	TK10,TK92	SNV			2	0
ENSG00000229233	ENSG00000229233	GroupA_exclusive	TK18,TK93	INDEL,SNV			2	0
ENSG00000229282	ENSG00000229282	GroupA_exclusive	TK91,TK92	SNV			2	0
ENSG00000229306	ENSG00000229306	GroupA_exclusive	TK91,TK93	SNV			2	0
ENSG00000229393	ENSG00000229393	GroupA_exclusive	TK91,TK93	INDEL,SNV			2	0
ENSG00000229425	ENSG00000229425	GroupA_exclusive	TK10,TK93	SNV			2	0
ENSG00000229459	ENSG00000229459	GroupA_exclusive	TK91,TK93	SNV			2	0
ENSG00000229569	ENSG00000229569	GroupA_exclusive	TK91,TK92	SNV			2	0
ENSG00000229679	ENSG00000229679	GroupA_exclusive	TK91,TK92	SNV			2	0
ENSG00000229682	ENSG00000229682	GroupA_exclusive	TK92,TK93	SNV			2	0
ENSG00000229722	ENSG00000229722	GroupA_exclusive	TK91,TK92	SNV			2	0
ENSG00000229853	ENSG00000229853	GroupA_exclusive	TK92,TK93	SNV			2	0
ENSG00000229886	ENSG00000229886	GroupA_exclusive	TK92,TK93	SNV			2	0
ENSG00000229912	ENSG00000229912	GroupA_exclusive	TK91,TK92	SNV			2	0
ENSG00000230021	ENSG00000230021	GroupA_exclusive	TK92,TK93	SNV			2	0
ENSG00000230090	ENSG00000230090	GroupA_exclusive	TK18,TK91	SNV			2	0
ENSG00000230160	ENSG00000230160	GroupA_exclusive	TK18,TK92	INDEL,SNV			2	0
ENSG00000230172	ENSG00000230172	GroupA_exclusive	TK10,TK93	SNV			2	0
ENSG00000230260	ENSG00000230260	GroupA_exclusive	TK91,TK92	SNV			2	0
ENSG00000230328	ENSG00000230328	GroupA_exclusive	TK18,TK92	SNV			2	0
ENSG00000230423	ENSG00000230423	GroupA_exclusive	TK92,TK93	SNV			2	0
ENSG00000230437	ENSG00000230437	GroupA_exclusive	TK92,TK93	SNV			2	0
ENSG00000230563	ENSG00000230563	GroupA_exclusive	TK18,TK93	SNV			2	0
ENSG00000230575	ENSG00000230575	GroupA_exclusive	TK91,TK92	SNV			2	0
ENSG00000230676	ENSG00000230676	GroupA_exclusive	TK18,TK91	INDEL,SNV			2	0
ENSG00000230730	ENSG00000230730	GroupA_exclusive	TK16,TK18	SNV			2	0
ENSG00000230746	ENSG00000230746	GroupA_exclusive	TK10,TK91	SNV			2	0
ENSG00000230864	ENSG00000230864	GroupA_exclusive	TK10,TK18	SNV			2	0
ENSG00000230881	ENSG00000230881	GroupA_exclusive	TK92,TK93	SNV			2	0
ENSG00000230958	ENSG00000230958	GroupA_exclusive	TK91,TK92	INDEL,SNV			2	0
ENSG00000231024	ENSG00000231024	GroupA_exclusive	TK91,TK93	SNV			2	0
ENSG00000231078	ENSG00000231078	GroupA_exclusive	TK92,TK93	SNV			2	0
ENSG00000231181	ENSG00000231181	GroupA_exclusive	TK16,TK92	SNV			2	0
ENSG00000231357	ENSG00000231357	GroupA_exclusive	TK92,TK93	SNV			2	0
ENSG00000231612	ENSG00000231612	GroupA_exclusive	TK10,TK16	SNV			2	0
ENSG00000231698	ENSG00000231698	GroupA_exclusive	TK10,TK91	SNV			2	0
ENSG00000231700	ENSG00000231700	GroupA_exclusive	TK10,TK92	SNV			2	0
ENSG00000231724	ENSG00000231724	GroupA_exclusive	TK91,TK92	SNV			2	0
ENSG00000231740	ENSG00000231740	GroupA_exclusive	TK92,TK93	SNV			2	0
ENSG00000231875	ENSG00000231875	GroupA_exclusive	TK92,TK93	SNV			2	0
ENSG00000231912	ENSG00000231912	GroupA_exclusive	TK18,TK92	SNV			2	0
ENSG00000231923	ENSG00000231923	GroupA_exclusive	TK92,TK93	INDEL			2	0
ENSG00000231967	ENSG00000231967	GroupA_exclusive	TK91,TK93	SNV			2	0
ENSG00000231979	ENSG00000231979	GroupA_exclusive	TK18,TK91	INDEL,SNV			2	0
ENSG00000232031	ENSG00000232031	GroupA_exclusive	TK92,TK93	SNV			2	0
ENSG00000232042	ENSG00000232042	GroupA_exclusive	TK91,TK92	SNV			2	0
ENSG00000232197	ENSG00000232197	GroupA_exclusive	TK18,TK93	SNV			2	0
ENSG00000232208	ENSG00000232208	GroupA_exclusive	TK91,TK93	SNV			2	0
ENSG00000232327	ENSG00000232327	GroupA_exclusive	TK91,TK92	SNV			2	0
ENSG00000232418	ENSG00000232418	GroupA_exclusive	TK91,TK93	INDEL,SNV			2	0
ENSG00000232578	ENSG00000232578	GroupA_exclusive	TK92,TK93	SNV			2	0
ENSG00000232751	ENSG00000232751	GroupA_exclusive	TK91,TK93	SNV			2	0
ENSG00000232862	ENSG00000232862	GroupA_exclusive	TK16,TK92	SNV			2	0
ENSG00000233081	ENSG00000233081	GroupA_exclusive	TK18,TK92	SNV			2	0
ENSG00000233138	ENSG00000233138	GroupA_exclusive	TK92,TK93	SNV			2	0
ENSG00000233191	ENSG00000233191	GroupA_exclusive	TK10,TK18	SNV			2	0
ENSG00000233196	ENSG00000233196	GroupA_exclusive	TK16,TK91	SNV			2	0
ENSG00000233219	ENSG00000233219	GroupA_exclusive	TK10,TK92	SNV			2	0
ENSG00000233222	ENSG00000233222	GroupA_exclusive	TK91,TK92	SNV			2	0
ENSG00000233256	ENSG00000233256	GroupA_exclusive	TK91,TK92	INDEL,SNV			2	0
ENSG00000233351	ENSG00000233351	GroupA_exclusive	TK92,TK93	SNV			2	0
ENSG00000233363	ENSG00000233363	GroupA_exclusive	TK92,TK93	SNV			2	0
ENSG00000233379	ENSG00000233379	GroupA_exclusive	TK10,TK91	SNV			2	0
ENSG00000233424	ENSG00000233424	GroupA_exclusive	TK91,TK92	SNV			2	0
ENSG00000233538	ENSG00000233538	GroupA_exclusive	TK10,TK93	SNV			2	0
ENSG00000233651	ENSG00000233651	GroupA_exclusive	TK10,TK92	SNV			2	0
ENSG00000233887	ENSG00000233887	GroupA_exclusive	TK91,TK92	SNV			2	0
ENSG00000234017	ENSG00000234017	GroupA_exclusive	TK91,TK93	INDEL,SNV			2	0
ENSG00000234022	ENSG00000234022	GroupA_exclusive	TK16,TK93	INDEL,SNV			2	0
ENSG00000234026	ENSG00000234026	GroupA_exclusive	TK92,TK93	INDEL,SNV			2	0
ENSG00000234041	ENSG00000234041	GroupA_exclusive	TK91,TK93	SNV			2	0
ENSG00000234042	ENSG00000234042	GroupA_exclusive	TK10,TK92	SNV			2	0
ENSG00000234050	ENSG00000234050	GroupA_exclusive	TK91,TK93	SNV			2	0
ENSG00000234083	ENSG00000234083	GroupA_exclusive	TK10,TK91	SNV			2	0
ENSG00000234120	ENSG00000234120	GroupA_exclusive	TK10,TK92	SNV			2	0
ENSG00000234139	ENSG00000234139	GroupA_exclusive	TK91,TK93	SNV			2	0
ENSG00000234173	ENSG00000234173	GroupA_exclusive	TK10,TK91	SNV			2	0
ENSG00000234225	ENSG00000234225	GroupA_exclusive	TK10,TK93	SNV			2	0
ENSG00000234340	ENSG00000234340	GroupA_exclusive	TK91,TK92	SNV			2	0
ENSG00000234425	ENSG00000234425	GroupA_exclusive	TK91,TK92	SNV			2	0
ENSG00000234457	ENSG00000234457	GroupA_exclusive	TK10,TK92	SNV			2	0
ENSG00000234459	ENSG00000234459	GroupA_exclusive	TK18,TK92	SNV			2	0
ENSG00000234542	ENSG00000234542	GroupA_exclusive	TK16,TK92	SNV			2	0
ENSG00000234626	ENSG00000234626	GroupA_exclusive	TK10,TK91	INDEL,SNV			2	0
ENSG00000234639	ENSG00000234639	GroupA_exclusive	TK92,TK93	SNV			2	0
ENSG00000234775	ENSG00000234775	GroupA_exclusive	TK10,TK92	SNV			2	0
ENSG00000234819	ENSG00000234819	GroupA_exclusive	TK92,TK93	SNV			2	0
ENSG00000234891	ENSG00000234891	GroupA_exclusive	TK91,TK92	SNV			2	0
ENSG00000234900	ENSG00000234900	GroupA_exclusive	TK91,TK92	SNV			2	0
ENSG00000235056	ENSG00000235056	GroupA_exclusive	TK91,TK92	SNV			2	0
ENSG00000235140	ENSG00000235140	GroupA_exclusive	TK91,TK92	INDEL,SNV			2	0
ENSG00000235146	ENSG00000235146	GroupA_exclusive	TK16,TK91	SNV			2	0
ENSG00000235347	ENSG00000235347	GroupA_exclusive	TK91,TK93	SNV			2	0
ENSG00000235371	ENSG00000235371	GroupA_exclusive	TK10,TK91	SNV			2	0
ENSG00000235421	ENSG00000235421	GroupA_exclusive	TK92,TK93	SNV			2	0
ENSG00000235431	ENSG00000235431	GroupA_exclusive	TK10,TK93	SNV			2	0
ENSG00000235445	ENSG00000235445	GroupA_exclusive	TK16,TK92	SNV			2	0
ENSG00000235485	ENSG00000235485	GroupA_exclusive	TK92,TK93	SNV			2	0
ENSG00000235495	ENSG00000235495	GroupA_exclusive	TK91,TK93	SNV			2	0
ENSG00000235584	ENSG00000235584	GroupA_exclusive	TK91,TK92	SNV			2	0
ENSG00000235609	ENSG00000235609	GroupA_exclusive	TK91,TK93	SNV			2	0
ENSG00000235659	ENSG00000235659	GroupA_exclusive	TK91,TK92	SNV			2	0
ENSG00000235673	ENSG00000235673	GroupA_exclusive	TK91,TK93	SNV			2	0
ENSG00000235813	ENSG00000235813	GroupA_exclusive	TK92,TK93	SNV			2	0
ENSG00000235834	ENSG00000235834	GroupA_exclusive	TK92,TK93	INDEL,SNV			2	0
ENSG00000235893	ENSG00000235893	GroupA_exclusive	TK91,TK92	SNV			2	0
ENSG00000235981	ENSG00000235981	GroupA_exclusive	TK91,TK92	INDEL,SNV			2	0
ENSG00000236004	ENSG00000236004	GroupA_exclusive	TK92,TK93	SNV			2	0
ENSG00000236069	ENSG00000236069	GroupA_exclusive	TK10,TK93	SNV			2	0
ENSG00000236299	ENSG00000236299	GroupA_exclusive	TK91,TK92	SNV			2	0
ENSG00000236347	ENSG00000236347	GroupA_exclusive	TK92,TK93	SNV			2	0
ENSG00000236393	ENSG00000236393	GroupA_exclusive	TK91,TK92	SNV			2	0
ENSG00000236403	ENSG00000236403	GroupA_exclusive	TK91,TK93	SNV			2	0
ENSG00000236452	ENSG00000236452	GroupA_exclusive	TK92,TK93	SNV			2	0
ENSG00000236495	ENSG00000236495	GroupA_exclusive	TK91,TK93	SNV			2	0
ENSG00000236510	ENSG00000236510	GroupA_exclusive	TK91,TK93	SNV			2	0
ENSG00000236680	ENSG00000236680	GroupA_exclusive	TK18,TK93	SNV			2	0
ENSG00000236731	ENSG00000236731	GroupA_exclusive	TK10,TK16	SNV			2	0
ENSG00000236796	ENSG00000236796	GroupA_exclusive	TK91,TK93	SNV			2	0
ENSG00000236921	ENSG00000236921	GroupA_exclusive	TK16,TK93	SNV			2	0
ENSG00000236928	ENSG00000236928	GroupA_exclusive	TK92,TK93	SNV			2	0
ENSG00000237265	ENSG00000237265	GroupA_exclusive	TK16,TK92	SNV			2	0
ENSG00000237268	ENSG00000237268	GroupA_exclusive	TK92,TK93	SNV			2	0
ENSG00000237317	ENSG00000237317	GroupA_exclusive	TK92,TK93	SNV			2	0
ENSG00000237343	ENSG00000237343	GroupA_exclusive	TK10,TK91	SNV			2	0
ENSG00000237347	ENSG00000237347	GroupA_exclusive	TK91,TK93	SNV			2	0
ENSG00000237525	ENSG00000237525	GroupA_exclusive	TK92,TK93	SNV			2	0
ENSG00000237529	ENSG00000237529	GroupA_exclusive	TK92,TK93	SNV			2	0
ENSG00000237626	ENSG00000237626	GroupA_exclusive	TK10,TK93	SNV			2	0
ENSG00000237639	ENSG00000237639	GroupA_exclusive	TK10,TK92	SNV			2	0
ENSG00000237704	ENSG00000237704	GroupA_exclusive	TK10,TK92	SNV			2	0
ENSG00000237761	ENSG00000237761	GroupA_exclusive	TK10,TK92	SNV			2	0
ENSG00000237848	ENSG00000237848	GroupA_exclusive	TK92,TK93	SNV			2	0
ENSG00000237851	ENSG00000237851	GroupA_exclusive	TK91,TK93	INDEL,SNV			2	0
ENSG00000237903	ENSG00000237903	GroupA_exclusive	TK92,TK93	INDEL,SNV			2	0
ENSG00000237920	ENSG00000237920	GroupA_exclusive	TK10,TK93	SNV			2	0
ENSG00000237926	ENSG00000237926	GroupA_exclusive	TK91,TK92	SNV			2	0
ENSG00000237954	ENSG00000237954	GroupA_exclusive	TK10,TK91	SNV			2	0
ENSG00000238291	ENSG00000238291	GroupA_exclusive	TK10,TK91	INDEL,SNV			2	0
ENSG00000238372	ENSG00000238372	GroupA_exclusive	TK92,TK93	SNV			2	0
ENSG00000239227	ENSG00000239227	GroupA_exclusive	TK92,TK93	INDEL			2	0
ENSG00000239344	ENSG00000239344	GroupA_exclusive	TK92,TK93	SNV			2	0
ENSG00000239393	ENSG00000239393	GroupA_exclusive	TK92,TK93	INDEL,SNV			2	0
ENSG00000239517	ENSG00000239517	GroupA_exclusive	TK91,TK92	SNV			2	0
ENSG00000239544	ENSG00000239544	GroupA_exclusive	TK91,TK92	INDEL,SNV			2	0
ENSG00000239628	ENSG00000239628	GroupA_exclusive	TK10,TK91	SNV			2	0
ENSG00000239985	ENSG00000239985	GroupA_exclusive	TK18,TK92	SNV			2	0
ENSG00000240093	ENSG00000240093	GroupA_exclusive	TK91,TK92	SNV			2	0
ENSG00000240328	ENSG00000240328	GroupA_exclusive	TK92,TK93	SNV			2	0
ENSG00000240338	ENSG00000240338	GroupA_exclusive	TK91,TK92	SNV			2	0
ENSG00000240418	ENSG00000240418	GroupA_exclusive	TK91,TK93	SNV			2	0
ENSG00000240579	ENSG00000240579	GroupA_exclusive	TK91,TK92	INDEL,SNV			2	0
ENSG00000240652	ENSG00000240652	GroupA_exclusive	TK16,TK93	SNV			2	0
ENSG00000240673	ENSG00000240673	GroupA_exclusive	TK91,TK93	SNV			2	0
ENSG00000240687	ENSG00000240687	GroupA_exclusive	TK91,TK92	SNV			2	0
ENSG00000240861	ENSG00000240861	GroupA_exclusive	TK10,TK92	SNV			2	0
ENSG00000241220	ENSG00000241220	GroupA_exclusive	TK92,TK93	INDEL,SNV			2	0
ENSG00000241280	ENSG00000241280	GroupA_exclusive	TK92,TK93	SNV			2	0
ENSG00000242009	ENSG00000242009	GroupA_exclusive	TK10,TK92	SNV			2	0
ENSG00000242611	ENSG00000242611	GroupA_exclusive	TK18,TK91	SNV			2	0
ENSG00000242816	ENSG00000242816	GroupA_exclusive	TK18,TK93	SNV			2	0
ENSG00000243008	ENSG00000243008	GroupA_exclusive	TK16,TK91	SNV			2	0
ENSG00000243018	ENSG00000243018	GroupA_exclusive	TK10,TK91	INDEL,SNV			2	0
ENSG00000243081	ENSG00000243081	GroupA_exclusive	TK10,TK91	SNV			2	0
ENSG00000243243	ENSG00000243243	GroupA_exclusive	TK92,TK93	SNV			2	0
ENSG00000243385	ENSG00000243385	GroupA_exclusive	TK91,TK92	SNV			2	0
ENSG00000244061	ENSG00000244061	GroupA_exclusive	TK10,TK18	SNV			2	0
ENSG00000244331	ENSG00000244331	GroupA_exclusive	TK92,TK93	SNV			2	0
ENSG00000244535	ENSG00000244535	GroupA_exclusive	TK91,TK92	SNV			2	0
ENSG00000244733	ENSG00000244733	GroupA_exclusive	TK92,TK93	SNV			2	0
ENSG00000247131	ENSG00000247131	GroupA_exclusive	TK91,TK92	SNV			2	0
ENSG00000247324	ENSG00000247324	GroupA_exclusive	TK10,TK93	SNV			2	0
ENSG00000247934	ENSG00000247934	GroupA_exclusive	TK10,TK92	SNV			2	0
ENSG00000248101	ENSG00000248101	GroupA_exclusive	TK10,TK93	SNV			2	0
ENSG00000248137	ENSG00000248137	GroupA_exclusive	TK10,TK18	SNV			2	0
ENSG00000248155	ENSG00000248155	GroupA_exclusive	TK91,TK93	SNV			2	0
ENSG00000248350	ENSG00000248350	GroupA_exclusive	TK91,TK92	SNV			2	0
ENSG00000248469	ENSG00000248469	GroupA_exclusive	TK10,TK93	SNV			2	0
ENSG00000248493	ENSG00000248493	GroupA_exclusive	TK92,TK93	SNV			2	0
ENSG00000248601	ENSG00000248601	GroupA_exclusive	TK10,TK91	INDEL,SNV			2	0
ENSG00000248624	ENSG00000248624	GroupA_exclusive	TK10,TK91	INDEL,SNV			2	0
ENSG00000248773	ENSG00000248773	GroupA_exclusive	TK10,TK93	SNV			2	0
ENSG00000248935	ENSG00000248935	GroupA_exclusive	TK91,TK92	SNV			2	0
ENSG00000248949	ENSG00000248949	GroupA_exclusive	TK18,TK92	SNV			2	0
ENSG00000248964	ENSG00000248964	GroupA_exclusive	TK10,TK93	SNV			2	0
ENSG00000249022	ENSG00000249022	GroupA_exclusive	TK10,TK92	SNV			2	0
ENSG00000249094	ENSG00000249094	GroupA_exclusive	TK18,TK92	INDEL,SNV			2	0
ENSG00000249109	ENSG00000249109	GroupA_exclusive	TK10,TK92	INDEL,SNV			2	0
ENSG00000249259	ENSG00000249259	GroupA_exclusive	TK10,TK91	SNV			2	0
ENSG00000249269	ENSG00000249269	GroupA_exclusive	TK18,TK93	SNV			2	0
ENSG00000249275	ENSG00000249275	GroupA_exclusive	TK91,TK92	SNV			2	0
ENSG00000249335	ENSG00000249335	GroupA_exclusive	TK91,TK92	SNV			2	0
ENSG00000249373	ENSG00000249373	GroupA_exclusive	TK91,TK93	SNV			2	0
ENSG00000249713	ENSG00000249713	GroupA_exclusive	TK91,TK93	SNV			2	0
ENSG00000249725	ENSG00000249725	GroupA_exclusive	TK10,TK93	SNV			2	0
ENSG00000249818	ENSG00000249818	GroupA_exclusive	TK10,TK92	SNV			2	0
ENSG00000250025	ENSG00000250025	GroupA_exclusive	TK10,TK92	SNV			2	0
ENSG00000250034	ENSG00000250034	GroupA_exclusive	TK91,TK92	SNV			2	0
ENSG00000250043	ENSG00000250043	GroupA_exclusive	TK91,TK93	SNV			2	0
ENSG00000250064	ENSG00000250064	GroupA_exclusive	TK10,TK92	INDEL,SNV			2	0
ENSG00000250069	ENSG00000250069	GroupA_exclusive	TK10,TK92	SNV			2	0
ENSG00000250202	ENSG00000250202	GroupA_exclusive	TK91,TK92	SNV			2	0
ENSG00000250277	ENSG00000250277	GroupA_exclusive	TK92,TK93	SNV			2	0
ENSG00000250349	ENSG00000250349	GroupA_exclusive	TK91,TK92	INDEL,SNV			2	0
ENSG00000250390	ENSG00000250390	GroupA_exclusive	TK91,TK93	SNV			2	0
ENSG00000250501	ENSG00000250501	GroupA_exclusive	TK91,TK93	SNV			2	0
ENSG00000250505	ENSG00000250505	GroupA_exclusive	TK92,TK93	SNV			2	0
ENSG00000250507	ENSG00000250507	GroupA_exclusive	TK91,TK93	SNV			2	0
ENSG00000250596	ENSG00000250596	GroupA_exclusive	TK10,TK16	SNV			2	0
ENSG00000250625	ENSG00000250625	GroupA_exclusive	TK91,TK92	SNV			2	0
ENSG00000250626	ENSG00000250626	GroupA_exclusive	TK18,TK93	SNV			2	0
ENSG00000250646	ENSG00000250646	GroupA_exclusive	TK18,TK93	SNV			2	0
ENSG00000250654	ENSG00000250654	GroupA_exclusive	TK91,TK93	SNV			2	0
ENSG00000250678	ENSG00000250678	GroupA_exclusive	TK92,TK93	SNV			2	0
ENSG00000250723	ENSG00000250723	GroupA_exclusive	TK10,TK92	INDEL,SNV			2	0
ENSG00000250740	ENSG00000250740	GroupA_exclusive	TK92,TK93	SNV			2	0
ENSG00000250838	ENSG00000250838	GroupA_exclusive	TK10,TK92	SNV			2	0
ENSG00000250863	ENSG00000250863	GroupA_exclusive	TK16,TK93	SNV			2	0
ENSG00000250865	ENSG00000250865	GroupA_exclusive	TK91,TK92	SNV			2	0
ENSG00000250869	ENSG00000250869	GroupA_exclusive	TK92,TK93	SNV			2	0
ENSG00000251009	ENSG00000251009	GroupA_exclusive	TK10,TK16	SNV			2	0
ENSG00000251010	ENSG00000251010	GroupA_exclusive	TK10,TK92	SNV			2	0
ENSG00000251031	ENSG00000251031	GroupA_exclusive	TK91,TK92	SNV			2	0
ENSG00000251135	ENSG00000251135	GroupA_exclusive	TK91,TK92	SNV			2	0
ENSG00000251139	ENSG00000251139	GroupA_exclusive	TK91,TK92	SNV			2	0
ENSG00000251158	ENSG00000251158	GroupA_exclusive	TK92,TK93	SNV			2	0
ENSG00000251244	ENSG00000251244	GroupA_exclusive	TK91,TK92	SNV			2	0
ENSG00000251270	ENSG00000251270	GroupA_exclusive	TK91,TK92	SNV			2	0
ENSG00000251294	ENSG00000251294	GroupA_exclusive	TK18,TK91	SNV			2	0
ENSG00000251314	ENSG00000251314	GroupA_exclusive	TK92,TK93	SNV			2	0
ENSG00000251458	ENSG00000251458	GroupA_exclusive	TK91,TK93	SNV			2	0
ENSG00000251461	ENSG00000251461	GroupA_exclusive	TK10,TK92	SNV			2	0
ENSG00000251490	ENSG00000251490	GroupA_exclusive	TK92,TK93	SNV			2	0
ENSG00000251532	ENSG00000251532	GroupA_exclusive	TK10,TK16	SNV			2	0
ENSG00000251599	ENSG00000251599	GroupA_exclusive	TK10,TK16	SNV			2	0
ENSG00000251661	ENSG00000251661	GroupA_exclusive	TK10,TK16	INDEL,SNV			2	0
ENSG00000251682	ENSG00000251682	GroupA_exclusive	TK91,TK92	SNV			2	0
ENSG00000252050	ENSG00000252050	GroupA_exclusive	TK91,TK92	SNV			2	0
ENSG00000252904	ENSG00000252904	GroupA_exclusive	TK91,TK93	SNV			2	0
ENSG00000253175	ENSG00000253175	GroupA_exclusive	TK10,TK92	SNV			2	0
ENSG00000253190	ENSG00000253190	GroupA_exclusive	TK10,TK93	SNV			2	0
ENSG00000253205	ENSG00000253205	GroupA_exclusive	TK91,TK93	SNV			2	0
ENSG00000253252	ENSG00000253252	GroupA_exclusive	TK91,TK92	INDEL,SNV			2	0
ENSG00000253282	ENSG00000253282	GroupA_exclusive	TK91,TK93	SNV			2	0
ENSG00000253286	ENSG00000253286	GroupA_exclusive	TK10,TK91	SNV			2	0
ENSG00000253297	ENSG00000253297	GroupA_exclusive	TK91,TK93	SNV			2	0
ENSG00000253373	ENSG00000253373	GroupA_exclusive	TK18,TK93	SNV			2	0
ENSG00000253420	ENSG00000253420	GroupA_exclusive	TK92,TK93	SNV			2	0
ENSG00000253430	ENSG00000253430	GroupA_exclusive	TK91,TK92	INDEL,SNV			2	0
ENSG00000253496	ENSG00000253496	GroupA_exclusive	TK18,TK91	SNV			2	0
ENSG00000253572	ENSG00000253572	GroupA_exclusive	TK91,TK92	SNV			2	0
ENSG00000253577	ENSG00000253577	GroupA_exclusive	TK10,TK16	INDEL,SNV			2	0
ENSG00000253586	ENSG00000253586	GroupA_exclusive	TK91,TK93	SNV			2	0
ENSG00000253593	ENSG00000253593	GroupA_exclusive	TK16,TK91	INDEL,SNV			2	0
ENSG00000253664	ENSG00000253664	GroupA_exclusive	TK10,TK92	SNV			2	0
ENSG00000253666	ENSG00000253666	GroupA_exclusive	TK16,TK91	SNV			2	0
ENSG00000253678	ENSG00000253678	GroupA_exclusive	TK91,TK93	SNV			2	0
ENSG00000253706	ENSG00000253706	GroupA_exclusive	TK10,TK92	SNV			2	0
ENSG00000253722	ENSG00000253722	GroupA_exclusive	TK10,TK16	INDEL			2	0
ENSG00000253842	ENSG00000253842	GroupA_exclusive	TK10,TK18	SNV			2	0
ENSG00000253891	ENSG00000253891	GroupA_exclusive	TK10,TK91	INDEL,SNV			2	0
ENSG00000254001	ENSG00000254001	GroupA_exclusive	TK91,TK92	SNV			2	0
ENSG00000254002	ENSG00000254002	GroupA_exclusive	TK91,TK93	SNV			2	0
ENSG00000254021	ENSG00000254021	GroupA_exclusive	TK91,TK92	SNV			2	0
ENSG00000254024	ENSG00000254024	GroupA_exclusive	TK91,TK92	SNV			2	0
ENSG00000254044	ENSG00000254044	GroupA_exclusive	TK91,TK93	SNV			2	0
ENSG00000254115	ENSG00000254115	GroupA_exclusive	TK10,TK93	SNV			2	0
ENSG00000254136	ENSG00000254136	GroupA_exclusive	TK18,TK93	SNV			2	0
ENSG00000254138	ENSG00000254138	GroupA_exclusive	TK10,TK92	SNV			2	0
ENSG00000254198	ENSG00000254198	GroupA_exclusive	TK16,TK18	SNV			2	0
ENSG00000254219	ENSG00000254219	GroupA_exclusive	TK16,TK92	SNV			2	0
ENSG00000254237	ENSG00000254237	GroupA_exclusive	TK16,TK93	SNV			2	0
ENSG00000254248	ENSG00000254248	GroupA_exclusive	TK92,TK93	SNV			2	0
ENSG00000254330	ENSG00000254330	GroupA_exclusive	TK92,TK93	SNV			2	0
ENSG00000254336	ENSG00000254336	GroupA_exclusive	TK92,TK93	SNV			2	0
ENSG00000254339	ENSG00000254339	GroupA_exclusive	TK10,TK18	SNV			2	0
ENSG00000254367	ENSG00000254367	GroupA_exclusive	TK91,TK92	SNV			2	0
ENSG00000254372	ENSG00000254372	GroupA_exclusive	TK91,TK92	SNV			2	0
ENSG00000254422	ENSG00000254422	GroupA_exclusive	TK10,TK91	SNV			2	0
ENSG00000254432	ENSG00000254432	GroupA_exclusive	TK10,TK93	SNV			2	0
ENSG00000254484	ENSG00000254484	GroupA_exclusive	TK91,TK92	INDEL,SNV			2	0
ENSG00000254499	ENSG00000254499	GroupA_exclusive	TK91,TK93	SNV			2	0
ENSG00000254587	ENSG00000254587	GroupA_exclusive	TK10,TK92	SNV			2	0
ENSG00000254610	ENSG00000254610	GroupA_exclusive	TK10,TK92	SNV			2	0
ENSG00000254626	ENSG00000254626	GroupA_exclusive	TK16,TK92	INDEL,SNV			2	0
ENSG00000254638	ENSG00000254638	GroupA_exclusive	TK10,TK16	SNV			2	0
ENSG00000254712	ENSG00000254712	GroupA_exclusive	TK92,TK93	SNV			2	0
ENSG00000254826	ENSG00000254826	GroupA_exclusive	TK10,TK91	SNV			2	0
ENSG00000254867	ENSG00000254867	GroupA_exclusive	TK10,TK18	SNV			2	0
ENSG00000254877	ENSG00000254877	GroupA_exclusive	TK10,TK91	SNV			2	0
ENSG00000255005	ENSG00000255005	GroupA_exclusive	TK91,TK93	SNV			2	0
ENSG00000255092	ENSG00000255092	GroupA_exclusive	TK92,TK93	SNV			2	0
ENSG00000255132	ENSG00000255132	GroupA_exclusive	TK10,TK92	SNV			2	0
ENSG00000255142	ENSG00000255142	GroupA_exclusive	TK92,TK93	SNV			2	0
ENSG00000255144	ENSG00000255144	GroupA_exclusive	TK18,TK93	INDEL,SNV			2	0
ENSG00000255165	ENSG00000255165	GroupA_exclusive	TK10,TK18	SNV			2	0
ENSG00000255250	ENSG00000255250	GroupA_exclusive	TK92,TK93	SNV			2	0
ENSG00000255256	ENSG00000255256	GroupA_exclusive	TK91,TK93	SNV			2	0
ENSG00000255289	ENSG00000255289	GroupA_exclusive	TK10,TK93	SNV			2	0
ENSG00000255369	ENSG00000255369	GroupA_exclusive	TK10,TK92	SNV			2	0
ENSG00000255381	ENSG00000255381	GroupA_exclusive	TK10,TK93	SNV			2	0
ENSG00000255421	ENSG00000255421	GroupA_exclusive	TK10,TK92	SNV			2	0
ENSG00000255437	ENSG00000255437	GroupA_exclusive	TK91,TK92	INDEL,SNV			2	0
ENSG00000255445	ENSG00000255445	GroupA_exclusive	TK92,TK93	SNV			2	0
ENSG00000255500	ENSG00000255500	GroupA_exclusive	TK92,TK93	SNV			2	0
ENSG00000255516	ENSG00000255516	GroupA_exclusive	TK91,TK93	INDEL,SNV			2	0
ENSG00000255565	ENSG00000255565	GroupA_exclusive	TK91,TK92	SNV			2	0
ENSG00000255627	ENSG00000255627	GroupA_exclusive	TK91,TK92	SNV			2	0
ENSG00000255648	ENSG00000255648	GroupA_exclusive	TK91,TK92	SNV			2	0
ENSG00000255746	ENSG00000255746	GroupA_exclusive	TK91,TK92	INDEL,SNV			2	0
ENSG00000255899	ENSG00000255899	GroupA_exclusive	TK91,TK92	INDEL,SNV			2	0
ENSG00000256034	ENSG00000256034	GroupA_exclusive	TK10,TK91	SNV			2	0
ENSG00000256108	ENSG00000256108	GroupA_exclusive	TK92,TK93	SNV			2	0
ENSG00000256159	ENSG00000256159	GroupA_exclusive	TK91,TK93	SNV			2	0
ENSG00000256176	ENSG00000256176	GroupA_exclusive	TK91,TK92	SNV			2	0
ENSG00000256458	ENSG00000256458	GroupA_exclusive	TK18,TK93	INDEL,SNV			2	0
ENSG00000256473	ENSG00000256473	GroupA_exclusive	TK91,TK92	SNV			2	0
ENSG00000256615	ENSG00000256615	GroupA_exclusive	TK91,TK92	SNV			2	0
ENSG00000256626	ENSG00000256626	GroupA_exclusive	TK91,TK93	SNV			2	0
ENSG00000256686	ENSG00000256686	GroupA_exclusive	TK92,TK93	SNV			2	0
ENSG00000256739	ENSG00000256739	GroupA_exclusive	TK91,TK92	SNV			2	0
ENSG00000256984	ENSG00000256984	GroupA_exclusive	TK92,TK93	INDEL,SNV			2	0
ENSG00000257159	ENSG00000257159	GroupA_exclusive	TK10,TK16	SNV			2	0
ENSG00000257178	ENSG00000257178	GroupA_exclusive	TK16,TK93	SNV			2	0
ENSG00000257183	ENSG00000257183	GroupA_exclusive	TK18,TK92	SNV			2	0
ENSG00000257194	ENSG00000257194	GroupA_exclusive	TK16,TK91	INDEL,SNV			2	0
ENSG00000257199	ENSG00000257199	GroupA_exclusive	TK92,TK93	INDEL,SNV			2	0
ENSG00000257254	ENSG00000257254	GroupA_exclusive	TK91,TK92	SNV			2	0
ENSG00000257258	ENSG00000257258	GroupA_exclusive	TK16,TK92	SNV			2	0
ENSG00000257346	ENSG00000257346	GroupA_exclusive	TK16,TK92	SNV			2	0
ENSG00000257403	ENSG00000257403	GroupA_exclusive	TK92,TK93	SNV			2	0
ENSG00000257426	ENSG00000257426	GroupA_exclusive	TK91,TK92	SNV			2	0
ENSG00000257458	ENSG00000257458	GroupA_exclusive	TK10,TK93	SNV			2	0
ENSG00000257474	ENSG00000257474	GroupA_exclusive	TK92,TK93	SNV			2	0
ENSG00000257534	ENSG00000257534	GroupA_exclusive	TK10,TK91	SNV			2	0
ENSG00000257564	ENSG00000257564	GroupA_exclusive	TK10,TK18	SNV			2	0
ENSG00000257611	ENSG00000257611	GroupA_exclusive	TK91,TK92	INDEL,SNV			2	0
ENSG00000257645	ENSG00000257645	GroupA_exclusive	TK92,TK93	SNV			2	0
ENSG00000257658	ENSG00000257658	GroupA_exclusive	TK10,TK91	SNV			2	0
ENSG00000257680	ENSG00000257680	GroupA_exclusive	TK91,TK92	SNV			2	0
ENSG00000257735	ENSG00000257735	GroupA_exclusive	TK18,TK93	SNV			2	0
ENSG00000257808	ENSG00000257808	GroupA_exclusive	TK18,TK93	SNV			2	0
ENSG00000257835	ENSG00000257835	GroupA_exclusive	TK91,TK93	SNV			2	0
ENSG00000257883	ENSG00000257883	GroupA_exclusive	TK10,TK92	SNV			2	0
ENSG00000257891	ENSG00000257891	GroupA_exclusive	TK10,TK92	SNV			2	0
ENSG00000257976	ENSG00000257976	GroupA_exclusive	TK10,TK91	SNV			2	0
ENSG00000258039	ENSG00000258039	GroupA_exclusive	TK92,TK93	SNV			2	0
ENSG00000258111	ENSG00000258111	GroupA_exclusive	TK91,TK93	SNV			2	0
ENSG00000258345	ENSG00000258345	GroupA_exclusive	TK91,TK92	SNV			2	0
ENSG00000258410	ENSG00000258410	GroupA_exclusive	TK91,TK92	SNV			2	0
ENSG00000258422	ENSG00000258422	GroupA_exclusive	TK10,TK92	SNV			2	0
ENSG00000258425	ENSG00000258425	GroupA_exclusive	TK10,TK92	SNV			2	0
ENSG00000258448	ENSG00000258448	GroupA_exclusive	TK91,TK92	SNV			2	0
ENSG00000258462	ENSG00000258462	GroupA_exclusive	TK91,TK92	SNV			2	0
ENSG00000258554	ENSG00000258554	GroupA_exclusive	TK16,TK18	SNV			2	0
ENSG00000258656	ENSG00000258656	GroupA_exclusive	TK91,TK92	SNV			2	0
ENSG00000258672	ENSG00000258672	GroupA_exclusive	TK10,TK92	SNV			2	0
ENSG00000258687	ENSG00000258687	GroupA_exclusive	TK92,TK93	INDEL			2	0
ENSG00000258693	ENSG00000258693	GroupA_exclusive	TK91,TK92	SNV			2	0
ENSG00000258732	ENSG00000258732	GroupA_exclusive	TK91,TK92	SNV			2	0
ENSG00000258740	ENSG00000258740	GroupA_exclusive	TK92,TK93	SNV			2	0
ENSG00000258760	ENSG00000258760	GroupA_exclusive	TK18,TK92	SNV			2	0
ENSG00000258796	ENSG00000258796	GroupA_exclusive	TK92,TK93	SNV			2	0
ENSG00000258811	ENSG00000258811	GroupA_exclusive	TK10,TK16	SNV			2	0
ENSG00000258854	ENSG00000258854	GroupA_exclusive	TK92,TK93	SNV			2	0
ENSG00000259038	ENSG00000259038	GroupA_exclusive	TK18,TK91	SNV			2	0
ENSG00000259077	ENSG00000259077	GroupA_exclusive	TK91,TK93	SNV			2	0
ENSG00000259099	ENSG00000259099	GroupA_exclusive	TK91,TK92	INDEL,SNV			2	0
ENSG00000259106	ENSG00000259106	GroupA_exclusive	TK10,TK92	SNV			2	0
ENSG00000259166	ENSG00000259166	GroupA_exclusive	TK91,TK92	SNV			2	0
ENSG00000259170	ENSG00000259170	GroupA_exclusive	TK92,TK93	SNV			2	0
ENSG00000259181	ENSG00000259181	GroupA_exclusive	TK92,TK93	SNV			2	0
ENSG00000259227	ENSG00000259227	GroupA_exclusive	TK10,TK92	SNV			2	0
ENSG00000259342	ENSG00000259342	GroupA_exclusive	TK18,TK93	SNV			2	0
ENSG00000259447	ENSG00000259447	GroupA_exclusive	TK91,TK92	SNV			2	0
ENSG00000259463	ENSG00000259463	GroupA_exclusive	TK92,TK93	SNV			2	0
ENSG00000259544	ENSG00000259544	GroupA_exclusive	TK91,TK93	INDEL,SNV			2	0
ENSG00000259591	ENSG00000259591	GroupA_exclusive	TK91,TK92	SNV			2	0
ENSG00000259756	ENSG00000259756	GroupA_exclusive	TK10,TK91	SNV			2	0
ENSG00000259760	ENSG00000259760	GroupA_exclusive	TK91,TK92	SNV			2	0
ENSG00000259767	ENSG00000259767	GroupA_exclusive	TK92,TK93	SNV			2	0
ENSG00000259780	ENSG00000259780	GroupA_exclusive	TK18,TK91	SNV			2	0
ENSG00000259817	ENSG00000259817	GroupA_exclusive	TK92,TK93	SNV			2	0
ENSG00000259929	ENSG00000259929	GroupA_exclusive	TK92,TK93	SNV			2	0
ENSG00000259950	ENSG00000259950	GroupA_exclusive	TK91,TK93	SNV			2	0
ENSG00000259985	ENSG00000259985	GroupA_exclusive	TK10,TK92	SNV			2	0
ENSG00000260072	ENSG00000260072	GroupA_exclusive	TK10,TK93	SNV			2	0
ENSG00000260159	ENSG00000260159	GroupA_exclusive	TK10,TK92	SNV			2	0
ENSG00000260197	ENSG00000260197	GroupA_exclusive	TK10,TK18	SNV			2	0
ENSG00000260253	ENSG00000260253	GroupA_exclusive	TK16,TK92	SNV			2	0
ENSG00000260310	ENSG00000260310	GroupA_exclusive	TK92,TK93	SNV			2	0
ENSG00000260331	ENSG00000260331	GroupA_exclusive	TK16,TK91	INDEL,SNV			2	0
ENSG00000260447	ENSG00000260447	GroupA_exclusive	TK92,TK93	SNV			2	0
ENSG00000260573	ENSG00000260573	GroupA_exclusive	TK10,TK91	INDEL,SNV			2	0
ENSG00000260586	ENSG00000260586	GroupA_exclusive	TK10,TK91	SNV			2	0
ENSG00000260590	ENSG00000260590	GroupA_exclusive	TK10,TK91	SNV			2	0
ENSG00000260622	ENSG00000260622	GroupA_exclusive	TK18,TK91	SNV			2	0
ENSG00000260628	ENSG00000260628	GroupA_exclusive	TK91,TK92	INDEL,SNV			2	0
ENSG00000260694	ENSG00000260694	GroupA_exclusive	TK91,TK92	SNV			2	0
ENSG00000260764	ENSG00000260764	GroupA_exclusive	TK91,TK92	SNV			2	0
ENSG00000260838	ENSG00000260838	GroupA_exclusive	TK10,TK18	SNV			2	0
ENSG00000260918	ENSG00000260918	GroupA_exclusive	TK10,TK91	SNV			2	0
ENSG00000261020	ENSG00000261020	GroupA_exclusive	TK91,TK93	SNV			2	0
ENSG00000261072	ENSG00000261072	GroupA_exclusive	TK91,TK93	SNV			2	0
ENSG00000261096	ENSG00000261096	GroupA_exclusive	TK16,TK92	SNV			2	0
ENSG00000261117	ENSG00000261117	GroupA_exclusive	TK92,TK93	SNV			2	0
ENSG00000261145	ENSG00000261145	GroupA_exclusive	TK10,TK92	SNV			2	0
ENSG00000261158	ENSG00000261158	GroupA_exclusive	TK92,TK93	INDEL,SNV			2	0
ENSG00000261259	ENSG00000261259	GroupA_exclusive	TK92,TK93	SNV			2	0
ENSG00000261313	ENSG00000261313	GroupA_exclusive	TK91,TK92	SNV			2	0
ENSG00000261349	ENSG00000261349	GroupA_exclusive	TK10,TK16	INDEL,SNV			2	0
ENSG00000261363	ENSG00000261363	GroupA_exclusive	TK91,TK92	SNV			2	0
ENSG00000261368	ENSG00000261368	GroupA_exclusive	TK16,TK92	SNV			2	0
ENSG00000261403	ENSG00000261403	GroupA_exclusive	TK91,TK92	SNV			2	0
ENSG00000261499	ENSG00000261499	GroupA_exclusive	TK91,TK93	SNV			2	0
ENSG00000261527	ENSG00000261527	GroupA_exclusive	TK91,TK92	INDEL,SNV			2	0
ENSG00000261549	ENSG00000261549	GroupA_exclusive	TK92,TK93	INDEL			2	0
ENSG00000261734	ENSG00000261734	GroupA_exclusive	TK91,TK92	SNV			2	0
ENSG00000261765	ENSG00000261765	GroupA_exclusive	TK91,TK92	SNV			2	0
ENSG00000261774	ENSG00000261774	GroupA_exclusive	TK91,TK92	SNV			2	0
ENSG00000262038	ENSG00000262038	GroupA_exclusive	TK92,TK93	SNV			2	0
ENSG00000262141	ENSG00000262141	GroupA_exclusive	TK91,TK92	SNV			2	0
ENSG00000262172	ENSG00000262172	GroupA_exclusive	TK91,TK92	SNV			2	0
ENSG00000262213	ENSG00000262213	GroupA_exclusive	TK10,TK93	SNV			2	0
ENSG00000262372	ENSG00000262372	GroupA_exclusive	TK10,TK16	SNV			2	0
ENSG00000262558	ENSG00000262558	GroupA_exclusive	TK92,TK93	SNV			2	0
ENSG00000262708	ENSG00000262708	GroupA_exclusive	TK91,TK92	SNV			2	0
ENSG00000262881	ENSG00000262881	GroupA_exclusive	TK91,TK92	SNV			2	0
ENSG00000263065	ENSG00000263065	GroupA_exclusive	TK91,TK92	INDEL,SNV			2	0
ENSG00000263081	ENSG00000263081	GroupA_exclusive	TK91,TK92	SNV			2	0
ENSG00000263110	ENSG00000263110	GroupA_exclusive	TK18,TK91	SNV			2	0
ENSG00000263159	ENSG00000263159	GroupA_exclusive	TK92,TK93	INDEL,SNV			2	0
ENSG00000263326	ENSG00000263326	GroupA_exclusive	TK10,TK91	SNV			2	0
ENSG00000263501	ENSG00000263501	GroupA_exclusive	TK91,TK92	INDEL,SNV			2	0
ENSG00000263508	ENSG00000263508	GroupA_exclusive	TK10,TK92	SNV			2	0
ENSG00000264179	ENSG00000264179	GroupA_exclusive	TK91,TK92	SNV			2	0
ENSG00000264270	ENSG00000264270	GroupA_exclusive	TK92,TK93	SNV			2	0
ENSG00000264421	ENSG00000264421	GroupA_exclusive	TK92,TK93	SNV			2	0
ENSG00000264754	ENSG00000264754	GroupA_exclusive	TK92,TK93	SNV			2	0
ENSG00000264808	ENSG00000264808	GroupA_exclusive	TK10,TK91	SNV			2	0
ENSG00000265445	ENSG00000265445	GroupA_exclusive	TK10,TK18	SNV			2	0
ENSG00000265494	ENSG00000265494	GroupA_exclusive	TK92,TK93	SNV			2	0
ENSG00000265496	ENSG00000265496	GroupA_exclusive	TK10,TK92	SNV			2	0
ENSG00000265547	ENSG00000265547	GroupA_exclusive	TK10,TK16	SNV			2	0
ENSG00000265751	ENSG00000265751	GroupA_exclusive	TK10,TK93	SNV			2	0
ENSG00000265916	ENSG00000265916	GroupA_exclusive	TK91,TK92	SNV			2	0
ENSG00000266120	ENSG00000266120	GroupA_exclusive	TK91,TK92	SNV			2	0
ENSG00000266149	ENSG00000266149	GroupA_exclusive	TK91,TK93	SNV			2	0
ENSG00000266155	ENSG00000266155	GroupA_exclusive	TK10,TK91	INDEL,SNV			2	0
ENSG00000266237	ENSG00000266237	GroupA_exclusive	TK91,TK92	INDEL,SNV			2	0
ENSG00000266248	ENSG00000266248	GroupA_exclusive	TK10,TK92	SNV			2	0
ENSG00000266302	ENSG00000266302	GroupA_exclusive	TK92,TK93	SNV			2	0
ENSG00000266498	ENSG00000266498	GroupA_exclusive	TK10,TK93	SNV			2	0
ENSG00000266598	ENSG00000266598	GroupA_exclusive	TK91,TK92	SNV			2	0
ENSG00000266696	ENSG00000266696	GroupA_exclusive	TK92,TK93	SNV			2	0
ENSG00000266818	ENSG00000266818	GroupA_exclusive	TK91,TK92	SNV			2	0
ENSG00000266885	ENSG00000266885	GroupA_exclusive	TK91,TK92	SNV			2	0
ENSG00000266908	ENSG00000266908	GroupA_exclusive	TK10,TK93	SNV			2	0
ENSG00000266973	ENSG00000266973	GroupA_exclusive	TK92,TK93	SNV			2	0
ENSG00000266988	ENSG00000266988	GroupA_exclusive	TK10,TK91	SNV			2	0
ENSG00000267006	ENSG00000267006	GroupA_exclusive	TK92,TK93	INDEL,SNV			2	0
ENSG00000267044	ENSG00000267044	GroupA_exclusive	TK92,TK93	SNV			2	0
ENSG00000267175	ENSG00000267175	GroupA_exclusive	TK92,TK93	SNV			2	0
ENSG00000267202	ENSG00000267202	GroupA_exclusive	TK16,TK91	SNV			2	0
ENSG00000267286	ENSG00000267286	GroupA_exclusive	TK16,TK93	SNV			2	0
ENSG00000267341	ENSG00000267341	GroupA_exclusive	TK92,TK93	SNV			2	0
ENSG00000267363	ENSG00000267363	GroupA_exclusive	TK91,TK92	SNV			2	0
ENSG00000267383	ENSG00000267383	GroupA_exclusive	TK92,TK93	SNV			2	0
ENSG00000267405	ENSG00000267405	GroupA_exclusive	TK91,TK93	SNV			2	0
ENSG00000267455	ENSG00000267455	GroupA_exclusive	TK92,TK93	SNV			2	0
ENSG00000267461	ENSG00000267461	GroupA_exclusive	TK16,TK93	INDEL,SNV			2	0
ENSG00000267501	ENSG00000267501	GroupA_exclusive	TK92,TK93	SNV			2	0
ENSG00000267552	ENSG00000267552	GroupA_exclusive	TK18,TK93	SNV			2	0
ENSG00000267563	ENSG00000267563	GroupA_exclusive	TK91,TK92	SNV			2	0
ENSG00000267587	ENSG00000267587	GroupA_exclusive	TK10,TK91	SNV			2	0
ENSG00000267592	ENSG00000267592	GroupA_exclusive	TK92,TK93	SNV			2	0
ENSG00000267672	ENSG00000267672	GroupA_exclusive	TK91,TK93	SNV			2	0
ENSG00000267731	ENSG00000267731	GroupA_exclusive	TK91,TK92	INDEL,SNV			2	0
ENSG00000267734	ENSG00000267734	GroupA_exclusive	TK92,TK93	SNV			2	0
ENSG00000267815	ENSG00000267815	GroupA_exclusive	TK10,TK92	SNV			2	0
ENSG00000267857	ENSG00000267857	GroupA_exclusive	TK91,TK93	SNV			2	0
ENSG00000268051	ENSG00000268051	GroupA_exclusive	TK91,TK93	INDEL,SNV			2	0
ENSG00000268070	ENSG00000268070	GroupA_exclusive	TK10,TK92	SNV			2	0
ENSG00000268184	ENSG00000268184	GroupA_exclusive	TK92,TK93	SNV			2	0
ENSG00000268555	ENSG00000268555	GroupA_exclusive	TK91,TK93	SNV			2	0
ENSG00000268601	ENSG00000268601	GroupA_exclusive	TK10,TK91	SNV			2	0
ENSG00000268747	ENSG00000268747	GroupA_exclusive	TK92,TK93	SNV			2	0
ENSG00000268836	ENSG00000268836	GroupA_exclusive	TK16,TK93	INDEL,SNV			2	0
ENSG00000269210	ENSG00000269210	GroupA_exclusive	TK16,TK91	SNV			2	0
ENSG00000269356	ENSG00000269356	GroupA_exclusive	TK91,TK93	SNV			2	0
ENSG00000269387	ENSG00000269387	GroupA_exclusive	TK10,TK92	SNV			2	0
ENSG00000269883	ENSG00000269883	GroupA_exclusive	TK92,TK93	SNV			2	0
ENSG00000270117	ENSG00000270117	GroupA_exclusive	TK10,TK91	INDEL,SNV			2	0
ENSG00000270130	ENSG00000270130	GroupA_exclusive	TK92,TK93	SNV			2	0
ENSG00000270140	ENSG00000270140	GroupA_exclusive	TK91,TK92	SNV			2	0
ENSG00000270212	ENSG00000270212	GroupA_exclusive	TK10,TK16	SNV			2	0
ENSG00000270257	ENSG00000270257	GroupA_exclusive	TK10,TK92	SNV			2	0
ENSG00000270265	ENSG00000270265	GroupA_exclusive	TK10,TK92	SNV			2	0
ENSG00000270402	ENSG00000270402	GroupA_exclusive	TK18,TK91	SNV			2	0
ENSG00000270462	ENSG00000270462	GroupA_exclusive	TK10,TK92	SNV			2	0
ENSG00000270470	ENSG00000270470	GroupA_exclusive	TK91,TK92	SNV			2	0
ENSG00000270482	ENSG00000270482	GroupA_exclusive	TK91,TK92	SNV			2	0
ENSG00000270541	ENSG00000270541	GroupA_exclusive	TK92,TK93	SNV			2	0
ENSG00000270553	ENSG00000270553	GroupA_exclusive	TK91,TK93	SNV			2	0
ENSG00000270614	ENSG00000270614	GroupA_exclusive	TK16,TK92	SNV			2	0
ENSG00000270691	ENSG00000270691	GroupA_exclusive	TK92,TK93	SNV			2	0
ENSG00000270702	ENSG00000270702	GroupA_exclusive	TK91,TK92	SNV			2	0
ENSG00000270719	ENSG00000270719	GroupA_exclusive	TK92,TK93	SNV			2	0
ENSG00000270734	ENSG00000270734	GroupA_exclusive	TK91,TK92	SNV			2	0
ENSG00000270870	ENSG00000270870	GroupA_exclusive	TK91,TK92	SNV			2	0
ENSG00000270988	ENSG00000270988	GroupA_exclusive	TK91,TK92	SNV			2	0
ENSG00000271009	ENSG00000271009	GroupA_exclusive	TK10,TK92	INDEL,SNV			2	0
ENSG00000271049	ENSG00000271049	GroupA_exclusive	TK92,TK93	INDEL,SNV			2	0
ENSG00000271267	ENSG00000271267	GroupA_exclusive	TK16,TK91	SNV			2	0
ENSG00000271382	ENSG00000271382	GroupA_exclusive	TK92,TK93	SNV			2	0
ENSG00000271384	ENSG00000271384	GroupA_exclusive	TK91,TK93	SNV			2	0
ENSG00000271414	ENSG00000271414	GroupA_exclusive	TK16,TK91	SNV			2	0
ENSG00000271697	ENSG00000271697	GroupA_exclusive	TK92,TK93	SNV			2	0
ENSG00000271811	ENSG00000271811	GroupA_exclusive	TK91,TK92	SNV			2	0
ENSG00000271969	ENSG00000271969	GroupA_exclusive	TK91,TK93	SNV			2	0
ENSG00000271971	ENSG00000271971	GroupA_exclusive	TK10,TK93	SNV			2	0
ENSG00000271983	ENSG00000271983	GroupA_exclusive	TK10,TK92	SNV			2	0
ENSG00000272004	ENSG00000272004	GroupA_exclusive	TK10,TK91	INDEL,SNV			2	0
ENSG00000272056	ENSG00000272056	GroupA_exclusive	TK91,TK92	SNV			2	0
ENSG00000272072	ENSG00000272072	GroupA_exclusive	TK10,TK92	SNV			2	0
ENSG00000272130	ENSG00000272130	GroupA_exclusive	TK92,TK93	SNV			2	0
ENSG00000272159	ENSG00000272159	GroupA_exclusive	TK16,TK92	SNV			2	0
ENSG00000272175	ENSG00000272175	GroupA_exclusive	TK10,TK92	INDEL,SNV			2	0
ENSG00000272195	ENSG00000272195	GroupA_exclusive	TK91,TK93	SNV			2	0
ENSG00000272249	ENSG00000272249	GroupA_exclusive	TK91,TK92	SNV			2	0
ENSG00000272297	ENSG00000272297	GroupA_exclusive	TK10,TK93	INDEL,SNV			2	0
ENSG00000272328	ENSG00000272328	GroupA_exclusive	TK10,TK91	SNV			2	0
ENSG00000272334	ENSG00000272334	GroupA_exclusive	TK16,TK92	SNV			2	0
ENSG00000272397	ENSG00000272397	GroupA_exclusive	TK10,TK93	SNV			2	0
ENSG00000272406	ENSG00000272406	GroupA_exclusive	TK91,TK92	INDEL,SNV			2	0
ENSG00000272417	ENSG00000272417	GroupA_exclusive	TK91,TK92	SNV			2	0
ENSG00000272461	ENSG00000272461	GroupA_exclusive	TK18,TK91	SNV			2	0
ENSG00000272512	ENSG00000272512	GroupA_exclusive	TK10,TK16	SNV			2	0
ENSG00000272540	ENSG00000272540	GroupA_exclusive	TK16,TK18	SNV			2	0
ENSG00000272541	ENSG00000272541	GroupA_exclusive	TK92,TK93	SNV			2	0
ENSG00000272597	ENSG00000272597	GroupA_exclusive	TK10,TK16	SNV			2	0
ENSG00000272692	ENSG00000272692	GroupA_exclusive	TK91,TK92	SNV			2	0
ENSG00000272754	ENSG00000272754	GroupA_exclusive	TK91,TK92	SNV			2	0
ENSG00000272755	ENSG00000272755	GroupA_exclusive	TK18,TK91	SNV			2	0
ENSG00000272770	ENSG00000272770	GroupA_exclusive	TK10,TK93	INDEL,SNV			2	0
ENSG00000272788	ENSG00000272788	GroupA_exclusive	TK91,TK92	SNV			2	0
ENSG00000272815	ENSG00000272815	GroupA_exclusive	TK16,TK18	SNV			2	0
ENSG00000272825	ENSG00000272825	GroupA_exclusive	TK10,TK16	SNV			2	0
ENSG00000272864	ENSG00000272864	GroupA_exclusive	TK92,TK93	SNV			2	0
ENSG00000272973	ENSG00000272973	GroupA_exclusive	TK10,TK16	SNV			2	0
ENSG00000272982	ENSG00000272982	GroupA_exclusive	TK18,TK93	SNV			2	0
ENSG00000273011	ENSG00000273011	GroupA_exclusive	TK92,TK93	SNV			2	0
ENSG00000273013	ENSG00000273013	GroupA_exclusive	TK10,TK92	SNV			2	0
ENSG00000273091	ENSG00000273091	GroupA_exclusive	TK91,TK92	SNV			2	0
ENSG00000273108	ENSG00000273108	GroupA_exclusive	TK91,TK93	INDEL,SNV			2	0
ENSG00000273211	ENSG00000273211	GroupA_exclusive	TK18,TK91	SNV			2	0
ENSG00000273293	ENSG00000273293	GroupA_exclusive	TK16,TK92	SNV			2	0
ENSG00000273305	ENSG00000273305	GroupA_exclusive	TK91,TK92	SNV			2	0
ENSG00000273365	ENSG00000273365	GroupA_exclusive	TK10,TK92	SNV			2	0
ENSG00000273474	ENSG00000273474	GroupA_exclusive	TK16,TK92	SNV			2	0
ENSG00000273521	ENSG00000273521	GroupA_exclusive	TK91,TK93	SNV			2	0
ENSG00000273597	ENSG00000273597	GroupA_exclusive	TK91,TK92	SNV			2	0
ENSG00000273870	ENSG00000273870	GroupA_exclusive	TK92,TK93	SNV			2	0
ENSG00000273906	ENSG00000273906	GroupA_exclusive	TK10,TK18	INDEL,SNV			2	0
ENSG00000273973	ENSG00000273973	GroupA_exclusive	TK18,TK92	SNV			2	0
ENSG00000274092	ENSG00000274092	GroupA_exclusive	TK92,TK93	INDEL			2	0
ENSG00000274191	ENSG00000274191	GroupA_exclusive	TK10,TK16	SNV			2	0
ENSG00000274238	ENSG00000274238	GroupA_exclusive	TK16,TK92	SNV			2	0
ENSG00000274253	ENSG00000274253	GroupA_exclusive	TK10,TK18	INDEL,SNV			2	0
ENSG00000274308	ENSG00000274308	GroupA_exclusive	TK10,TK91	SNV			2	0
ENSG00000274322	ENSG00000274322	GroupA_exclusive	TK16,TK91	SNV			2	0
ENSG00000274341	ENSG00000274341	GroupA_exclusive	TK10,TK92	SNV			2	0
ENSG00000274351	ENSG00000274351	GroupA_exclusive	TK92,TK93	INDEL,SNV			2	0
ENSG00000274373	ENSG00000274373	GroupA_exclusive	TK16,TK18	SNV			2	0
ENSG00000274501	ENSG00000274501	GroupA_exclusive	TK18,TK92	SNV			2	0
ENSG00000274528	ENSG00000274528	GroupA_exclusive	TK10,TK92	SNV			2	0
ENSG00000274642	ENSG00000274642	GroupA_exclusive	TK10,TK92	SNV			2	0
ENSG00000274903	ENSG00000274903	GroupA_exclusive	TK10,TK18	SNV			2	0
ENSG00000274904	ENSG00000274904	GroupA_exclusive	TK16,TK93	INDEL,SNV			2	0
ENSG00000274979	ENSG00000274979	GroupA_exclusive	TK91,TK92	SNV			2	0
ENSG00000274996	ENSG00000274996	GroupA_exclusive	TK92,TK93	SNV			2	0
ENSG00000275025	ENSG00000275025	GroupA_exclusive	TK91,TK92	INDEL,SNV			2	0
ENSG00000275097	ENSG00000275097	GroupA_exclusive	TK91,TK92	SNV			2	0
ENSG00000275146	ENSG00000275146	GroupA_exclusive	TK16,TK92	SNV			2	0
ENSG00000275178	ENSG00000275178	GroupA_exclusive	TK91,TK92	SNV			2	0
ENSG00000275186	ENSG00000275186	GroupA_exclusive	TK92,TK93	SNV			2	0
ENSG00000275191	ENSG00000275191	GroupA_exclusive	TK10,TK92	INDEL,SNV			2	0
ENSG00000275278	ENSG00000275278	GroupA_exclusive	TK92,TK93	SNV			2	0
ENSG00000275393	ENSG00000275393	GroupA_exclusive	TK10,TK18	SNV			2	0
ENSG00000275445	ENSG00000275445	GroupA_exclusive	TK10,TK16	SNV			2	0
ENSG00000275488	ENSG00000275488	GroupA_exclusive	TK92,TK93	INDEL,SNV			2	0
ENSG00000275645	ENSG00000275645	GroupA_exclusive	TK18,TK92	SNV			2	0
ENSG00000275646	ENSG00000275646	GroupA_exclusive	TK91,TK92	INDEL,SNV			2	0
ENSG00000275647	ENSG00000275647	GroupA_exclusive	TK91,TK92	SNV			2	0
ENSG00000275897	ENSG00000275897	GroupA_exclusive	TK10,TK91	SNV			2	0
ENSG00000275927	ENSG00000275927	GroupA_exclusive	TK92,TK93	SNV			2	0
ENSG00000276030	ENSG00000276030	GroupA_exclusive	TK92,TK93	SNV			2	0
ENSG00000276097	ENSG00000276097	GroupA_exclusive	TK10,TK16	SNV			2	0
ENSG00000276188	ENSG00000276188	GroupA_exclusive	TK92,TK93	SNV			2	0
ENSG00000276223	ENSG00000276223	GroupA_exclusive	TK16,TK18	SNV			2	0
ENSG00000276250	ENSG00000276250	GroupA_exclusive	TK16,TK18	SNV			2	0
ENSG00000276471	ENSG00000276471	GroupA_exclusive	TK16,TK18	SNV			2	0
ENSG00000276538	ENSG00000276538	GroupA_exclusive	TK92,TK93	SNV			2	0
ENSG00000276853	ENSG00000276853	GroupA_exclusive	TK10,TK18	SNV			2	0
ENSG00000276863	ENSG00000276863	GroupA_exclusive	TK91,TK92	SNV			2	0
ENSG00000277035	ENSG00000277035	GroupA_exclusive	TK91,TK92	SNV			2	0
ENSG00000277047	ENSG00000277047	GroupA_exclusive	TK10,TK18	SNV			2	0
ENSG00000277130	ENSG00000277130	GroupA_exclusive	TK10,TK92	SNV			2	0
ENSG00000277269	ENSG00000277269	GroupA_exclusive	TK91,TK93	SNV			2	0
ENSG00000277299	ENSG00000277299	GroupA_exclusive	TK10,TK92	SNV			2	0
ENSG00000277575	ENSG00000277575	GroupA_exclusive	TK92,TK93	SNV			2	0
ENSG00000277589	ENSG00000277589	GroupA_exclusive	TK16,TK92	SNV			2	0
ENSG00000277619	ENSG00000277619	GroupA_exclusive	TK91,TK92	SNV			2	0
ENSG00000277621	ENSG00000277621	GroupA_exclusive	TK92,TK93	SNV			2	0
ENSG00000277702	ENSG00000277702	GroupA_exclusive	TK91,TK93	SNV			2	0
ENSG00000277744	ENSG00000277744	GroupA_exclusive	TK16,TK92	SNV			2	0
ENSG00000277803	ENSG00000277803	GroupA_exclusive	TK10,TK18	SNV			2	0
ENSG00000277935	ENSG00000277935	GroupA_exclusive	TK91,TK92	SNV			2	0
ENSG00000278054	ENSG00000278054	GroupA_exclusive	TK10,TK16	SNV			2	0
ENSG00000278313	ENSG00000278313	GroupA_exclusive	TK16,TK91	INDEL,SNV			2	0
ENSG00000278396	ENSG00000278396	GroupA_exclusive	TK10,TK16	SNV			2	0
ENSG00000278445	ENSG00000278445	GroupA_exclusive	TK92,TK93	SNV			2	0
ENSG00000278487	ENSG00000278487	GroupA_exclusive	TK91,TK93	SNV			2	0
ENSG00000278493	ENSG00000278493	GroupA_exclusive	TK10,TK92	SNV			2	0
ENSG00000278572	ENSG00000278572	GroupA_exclusive	TK91,TK92	INDEL,SNV			2	0
ENSG00000278607	ENSG00000278607	GroupA_exclusive	TK92,TK93	SNV			2	0
ENSG00000278627	ENSG00000278627	GroupA_exclusive	TK92,TK93	SNV			2	0
ENSG00000278713	ENSG00000278713	GroupA_exclusive	TK10,TK91	SNV			2	0
ENSG00000278740	ENSG00000278740	GroupA_exclusive	TK16,TK93	SNV			2	0
ENSG00000278863	ENSG00000278863	GroupA_exclusive	TK92,TK93	SNV			2	0
ENSG00000278878	ENSG00000278878	GroupA_exclusive	TK91,TK92	SNV			2	0
ENSG00000278891	ENSG00000278891	GroupA_exclusive	TK10,TK91	SNV			2	0
ENSG00000278893	ENSG00000278893	GroupA_exclusive	TK92,TK93	SNV			2	0
ENSG00000278901	ENSG00000278901	GroupA_exclusive	TK91,TK92	SNV			2	0
ENSG00000278989	ENSG00000278989	GroupA_exclusive	TK10,TK16	SNV			2	0
ENSG00000278998	ENSG00000278998	GroupA_exclusive	TK10,TK93	SNV			2	0
ENSG00000279031	ENSG00000279031	GroupA_exclusive	TK18,TK92	SNV			2	0
ENSG00000279121	ENSG00000279121	GroupA_exclusive	TK92,TK93	SNV			2	0
ENSG00000279130	ENSG00000279130	GroupA_exclusive	TK16,TK18	SNV			2	0
ENSG00000279147	ENSG00000279147	GroupA_exclusive	TK92,TK93	SNV			2	0
ENSG00000279176	ENSG00000279176	GroupA_exclusive	TK92,TK93	SNV			2	0
ENSG00000279202	ENSG00000279202	GroupA_exclusive	TK92,TK93	INDEL,SNV			2	0
ENSG00000279266	ENSG00000279266	GroupA_exclusive	TK91,TK92	SNV			2	0
ENSG00000279315	ENSG00000279315	GroupA_exclusive	TK91,TK93	SNV			2	0
ENSG00000279354	ENSG00000279354	GroupA_exclusive	TK92,TK93	SNV			2	0
ENSG00000279384	ENSG00000279384	GroupA_exclusive	TK10,TK16	SNV			2	0
ENSG00000279419	ENSG00000279419	GroupA_exclusive	TK91,TK93	SNV			2	0
ENSG00000279531	ENSG00000279531	GroupA_exclusive	TK92,TK93	SNV			2	0
ENSG00000279532	ENSG00000279532	GroupA_exclusive	TK10,TK91	SNV			2	0
ENSG00000279554	ENSG00000279554	GroupA_exclusive	TK91,TK92	SNV			2	0
ENSG00000279606	ENSG00000279606	GroupA_exclusive	TK91,TK92	SNV			2	0
ENSG00000279621	ENSG00000279621	GroupA_exclusive	TK10,TK92	SNV			2	0
ENSG00000279625	ENSG00000279625	GroupA_exclusive	TK92,TK93	INDEL,SNV			2	0
ENSG00000279638	ENSG00000279638	GroupA_exclusive	TK92,TK93	SNV			2	0
ENSG00000279640	ENSG00000279640	GroupA_exclusive	TK92,TK93	SNV			2	0
ENSG00000279662	ENSG00000279662	GroupA_exclusive	TK91,TK92	SNV			2	0
ENSG00000279665	ENSG00000279665	GroupA_exclusive	TK91,TK92	SNV			2	0
ENSG00000279706	ENSG00000279706	GroupA_exclusive	TK92,TK93	SNV			2	0
ENSG00000279721	ENSG00000279721	GroupA_exclusive	TK10,TK16	SNV			2	0
ENSG00000279724	ENSG00000279724	GroupA_exclusive	TK91,TK92	INDEL,SNV			2	0
ENSG00000279733	ENSG00000279733	GroupA_exclusive	TK91,TK93	SNV			2	0
ENSG00000279778	ENSG00000279778	GroupA_exclusive	TK91,TK92	SNV			2	0
ENSG00000279825	ENSG00000279825	GroupA_exclusive	TK10,TK92	SNV			2	0
ENSG00000279845	ENSG00000279845	GroupA_exclusive	TK10,TK16	SNV			2	0
ENSG00000279859	ENSG00000279859	GroupA_exclusive	TK10,TK93	SNV			2	0
ENSG00000279894	ENSG00000279894	GroupA_exclusive	TK91,TK93	SNV			2	0
ENSG00000279905	ENSG00000279905	GroupA_exclusive	TK91,TK92	SNV			2	0
ENSG00000279996	ENSG00000279996	GroupA_exclusive	TK91,TK92	SNV			2	0
ENSG00000280004	ENSG00000280004	GroupA_exclusive	TK91,TK92	SNV			2	0
ENSG00000280062	ENSG00000280062	GroupA_exclusive	TK10,TK93	SNV			2	0
ENSG00000280073	ENSG00000280073	GroupA_exclusive	TK10,TK93	SNV			2	0
ENSG00000280089	ENSG00000280089	GroupA_exclusive	TK91,TK92	INDEL			2	0
ENSG00000280105	ENSG00000280105	GroupA_exclusive	TK92,TK93	SNV			2	0
ENSG00000280137	ENSG00000280137	GroupA_exclusive	TK92,TK93	SNV			2	0
ENSG00000280183	ENSG00000280183	GroupA_exclusive	TK10,TK91	SNV			2	0
ENSG00000280217	ENSG00000280217	GroupA_exclusive	TK91,TK93	SNV			2	0
ENSG00000280231	ENSG00000280231	GroupA_exclusive	TK10,TK18	SNV			2	0
ENSG00000280232	ENSG00000280232	GroupA_exclusive	TK92,TK93	SNV			2	0
ENSG00000280270	ENSG00000280270	GroupA_exclusive	TK91,TK92	SNV			2	0
ENSG00000280274	ENSG00000280274	GroupA_exclusive	TK91,TK92	SNV			2	0
ENSG00000280295	ENSG00000280295	GroupA_exclusive	TK91,TK92	INDEL,SNV			2	0
ENSG00000280348	ENSG00000280348	GroupA_exclusive	TK91,TK92	SNV			2	0
ENSG00000280369	ENSG00000280369	GroupA_exclusive	TK10,TK18	SNV			2	0
ENSG00000280375	ENSG00000280375	GroupA_exclusive	TK92,TK93	SNV			2	0
ENSG00000280384	ENSG00000280384	GroupA_exclusive	TK92,TK93	INDEL,SNV			2	0
ENSG00000280400	ENSG00000280400	GroupA_exclusive	TK10,TK18	SNV			2	0
ENSG00000280404	ENSG00000280404	GroupA_exclusive	TK10,TK92	SNV			2	0
ENSG00000280422	ENSG00000280422	GroupA_exclusive	TK10,TK91	SNV			2	0
ENSG00000280432	ENSG00000280432	GroupA_exclusive	TK91,TK92	INDEL,SNV			2	0
ENSG00000280474	ENSG00000280474	GroupA_exclusive	TK92,TK93	INDEL,SNV			2	0
ENSG00000281016	ENSG00000281016	GroupA_exclusive	TK10,TK16	SNV			2	0
ENSG00000281181	ENSG00000281181	GroupA_exclusive	TK91,TK93	SNV			2	0
ENSG00000282012	ENSG00000282012	GroupA_exclusive	TK91,TK92	INDEL,SNV			2	0
ENSG00000282840	ENSG00000282840	GroupA_exclusive	TK92,TK93	INDEL,SNV			2	0
ENSG00000283255	ENSG00000283255	GroupA_exclusive	TK91,TK92	SNV			2	0
ENSG00000283273	ENSG00000283273	GroupA_exclusive	TK18,TK93	SNV			2	0
ENSG00000283283	ENSG00000283283	GroupA_exclusive	TK10,TK16	SNV			2	0
ENSG00000283303	ENSG00000283303	GroupA_exclusive	TK91,TK93	SNV			2	0
ENSG00000283312	ENSG00000283312	GroupA_exclusive	TK16,TK18	SNV			2	0
ENSG00000283341	ENSG00000283341	GroupA_exclusive	TK91,TK92	SNV			2	0
ENSG00000283355	ENSG00000283355	GroupA_exclusive	TK92,TK93	SNV			2	0
ENSG00000283384	ENSG00000283384	GroupA_exclusive	TK18,TK92	SNV			2	0
ENSG00000283445	ENSG00000283445	GroupA_exclusive	TK10,TK92	SNV			2	0
ENSG00000283541	ENSG00000283541	GroupA_exclusive	TK91,TK92	SNV			2	0
ENSG00000283608	ENSG00000283608	GroupA_exclusive	TK18,TK92	SNV			2	0
ENSG00000283653	ENSG00000283653	GroupA_exclusive	TK92,TK93	INDEL,SNV			2	0
ENSG00000283662	ENSG00000283662	GroupA_exclusive	TK10,TK16	SNV			2	0
ENSG00000283674	ENSG00000283674	GroupA_exclusive	TK91,TK92	SNV			2	0
ENSG00000283692	ENSG00000283692	GroupA_exclusive	TK10,TK92	SNV			2	0
ENSG00000283752	ENSG00000283752	GroupA_exclusive	TK10,TK93	SNV			2	0
ENSG00000283914	ENSG00000283914	GroupA_exclusive	TK91,TK92	SNV			2	0
ENSG00000284003	ENSG00000284003	GroupA_exclusive	TK91,TK92	SNV			2	0
ENSG00000284636	ENSG00000284636	GroupA_exclusive	TK92,TK93	SNV			2	0
ENSG00000284639	ENSG00000284639	GroupA_exclusive	TK91,TK92	SNV			2	0
ENSG00000284640	ENSG00000284640	GroupA_exclusive	TK16,TK92	SNV			2	0
ENSG00000284728	ENSG00000284728	GroupA_exclusive	TK10,TK93	INDEL,SNV			2	0
ENSG00000284748	ENSG00000284748	GroupA_exclusive	TK91,TK92	SNV			2	0
ENSG00000284779	ENSG00000284779	GroupA_exclusive	TK10,TK18	INDEL,SNV			2	0
ENSG00000284902	ENSG00000284902	GroupA_exclusive	TK91,TK92	SNV			2	0
ENSG00000284964	ENSG00000284964	GroupA_exclusive	TK16,TK93	SNV			2	0
ENSG00000285486	ENSG00000285486	GroupA_exclusive	TK10,TK93	SNV			2	0
ENSG00000285525	ENSG00000285525	GroupA_exclusive	TK10,TK92	SNV			2	0
ENSG00000285529	ENSG00000285529	GroupA_exclusive	TK18,TK91	INDEL,SNV			2	0
ENSG00000285563	ENSG00000285563	GroupA_exclusive	TK10,TK91	SNV			2	0
ENSG00000285580	ENSG00000285580	GroupA_exclusive	TK91,TK92	SNV			2	0
ENSG00000285598	ENSG00000285598	GroupA_exclusive	TK91,TK92	SNV			2	0
ENSG00000285636	ENSG00000285636	GroupA_exclusive	TK91,TK92	INDEL,SNV			2	0
ENSG00000285652	ENSG00000285652	GroupA_exclusive	TK91,TK92	SNV			2	0
ENSG00000285729	ENSG00000285729	GroupA_exclusive	TK18,TK91	SNV			2	0
ENSG00000285734	ENSG00000285734	GroupA_exclusive	TK18,TK92	SNV			2	0
ENSG00000285759	ENSG00000285759	GroupA_exclusive	TK18,TK92	SNV			2	0
ENSG00000285763	ENSG00000285763	GroupA_exclusive	TK18,TK91	INDEL,SNV			2	0
ENSG00000285778	ENSG00000285778	GroupA_exclusive	TK91,TK93	SNV			2	0
ENSG00000285829	ENSG00000285829	GroupA_exclusive	TK92,TK93	INDEL,SNV			2	0
ENSG00000285852	ENSG00000285852	GroupA_exclusive	TK10,TK92	SNV			2	0
ENSG00000285861	ENSG00000285861	GroupA_exclusive	TK10,TK18	INDEL,SNV			2	0
ENSG00000285877	ENSG00000285877	GroupA_exclusive	TK10,TK93	INDEL,SNV			2	0
ENSG00000285879	ENSG00000285879	GroupA_exclusive	TK91,TK92	SNV			2	0
ENSG00000285902	ENSG00000285902	GroupA_exclusive	TK91,TK93	SNV			2	0
ENSG00000285939	ENSG00000285939	GroupA_exclusive	TK91,TK92	INDEL,SNV			2	0
ENSG00000286058	ENSG00000286058	GroupA_exclusive	TK10,TK18	SNV			2	0
ENSG00000286060	ENSG00000286060	GroupA_exclusive	TK18,TK92	SNV			2	0
ENSG00000286063	ENSG00000286063	GroupA_exclusive	TK18,TK92	SNV			2	0
ENSG00000286097	ENSG00000286097	GroupA_exclusive	TK91,TK92	SNV			2	0
ENSG00000286111	ENSG00000286111	GroupA_exclusive	TK10,TK92	SNV			2	0
ENSG00000286134	ENSG00000286134	GroupA_exclusive	TK18,TK92	SNV			2	0
ENSG00000286142	ENSG00000286142	GroupA_exclusive	TK92,TK93	SNV			2	0
ENSG00000286226	ENSG00000286226	GroupA_exclusive	TK91,TK92	SNV			2	0
ENSG00000286270	ENSG00000286270	GroupA_exclusive	TK10,TK16	SNV			2	0
ENSG00000286279	ENSG00000286279	GroupA_exclusive	TK18,TK93	SNV			2	0
ENSG00000286281	ENSG00000286281	GroupA_exclusive	TK92,TK93	SNV			2	0
ENSG00000286282	ENSG00000286282	GroupA_exclusive	TK10,TK18	SNV			2	0
ENSG00000286312	ENSG00000286312	GroupA_exclusive	TK92,TK93	SNV			2	0
ENSG00000286329	ENSG00000286329	GroupA_exclusive	TK16,TK18	INDEL,SNV			2	0
ENSG00000286345	ENSG00000286345	GroupA_exclusive	TK91,TK93	SNV			2	0
ENSG00000286422	ENSG00000286422	GroupA_exclusive	TK10,TK93	SNV			2	0
ENSG00000286423	ENSG00000286423	GroupA_exclusive	TK10,TK18	INDEL,SNV			2	0
ENSG00000286441	ENSG00000286441	GroupA_exclusive	TK92,TK93	SNV			2	0
ENSG00000286460	ENSG00000286460	GroupA_exclusive	TK18,TK92	SNV			2	0
ENSG00000286464	ENSG00000286464	GroupA_exclusive	TK91,TK92	SNV			2	0
ENSG00000286475	ENSG00000286475	GroupA_exclusive	TK91,TK93	SNV			2	0
ENSG00000286524	ENSG00000286524	GroupA_exclusive	TK92,TK93	SNV			2	0
ENSG00000286538	ENSG00000286538	GroupA_exclusive	TK18,TK92	SNV			2	0
ENSG00000286541	ENSG00000286541	GroupA_exclusive	TK10,TK92	SNV			2	0
ENSG00000286556	ENSG00000286556	GroupA_exclusive	TK91,TK92	SNV			2	0
ENSG00000286582	ENSG00000286582	GroupA_exclusive	TK10,TK93	SNV			2	0
ENSG00000286594	ENSG00000286594	GroupA_exclusive	TK10,TK18	INDEL,SNV			2	0
ENSG00000286607	ENSG00000286607	GroupA_exclusive	TK92,TK93	INDEL,SNV			2	0
ENSG00000286635	ENSG00000286635	GroupA_exclusive	TK91,TK92	SNV			2	0
ENSG00000286637	ENSG00000286637	GroupA_exclusive	TK92,TK93	SNV			2	0
ENSG00000286669	ENSG00000286669	GroupA_exclusive	TK18,TK92	SNV			2	0
ENSG00000286684	ENSG00000286684	GroupA_exclusive	TK16,TK18	SNV			2	0
ENSG00000286767	ENSG00000286767	GroupA_exclusive	TK91,TK92	SNV			2	0
ENSG00000286773	ENSG00000286773	GroupA_exclusive	TK10,TK92	SNV			2	0
ENSG00000286778	ENSG00000286778	GroupA_exclusive	TK18,TK92	SNV			2	0
ENSG00000286821	ENSG00000286821	GroupA_exclusive	TK92,TK93	SNV			2	0
ENSG00000286838	ENSG00000286838	GroupA_exclusive	TK92,TK93	SNV			2	0
ENSG00000286857	ENSG00000286857	GroupA_exclusive	TK16,TK92	SNV			2	0
ENSG00000286867	ENSG00000286867	GroupA_exclusive	TK10,TK18	SNV			2	0
ENSG00000286872	ENSG00000286872	GroupA_exclusive	TK10,TK16	SNV			2	0
ENSG00000286896	ENSG00000286896	GroupA_exclusive	TK10,TK92	SNV			2	0
ENSG00000286919	ENSG00000286919	GroupA_exclusive	TK91,TK93	SNV			2	0
ENSG00000286932	ENSG00000286932	GroupA_exclusive	TK10,TK91	SNV			2	0
ENSG00000286937	ENSG00000286937	GroupA_exclusive	TK10,TK91	SNV			2	0
ENSG00000286938	ENSG00000286938	GroupA_exclusive	TK10,TK93	SNV			2	0
ENSG00000286947	ENSG00000286947	GroupA_exclusive	TK92,TK93	SNV			2	0
ENSG00000286966	ENSG00000286966	GroupA_exclusive	TK92,TK93	SNV			2	0
ENSG00000286976	ENSG00000286976	GroupA_exclusive	TK10,TK91	SNV			2	0
ENSG00000286982	ENSG00000286982	GroupA_exclusive	TK92,TK93	SNV			2	0
ENSG00000286983	ENSG00000286983	GroupA_exclusive	TK91,TK93	SNV			2	0
ENSG00000287007	ENSG00000287007	GroupA_exclusive	TK18,TK92	SNV			2	0
ENSG00000287018	ENSG00000287018	GroupA_exclusive	TK10,TK91	SNV			2	0
ENSG00000287065	ENSG00000287065	GroupA_exclusive	TK10,TK18	SNV			2	0
ENSG00000287097	ENSG00000287097	GroupA_exclusive	TK92,TK93	INDEL,SNV			2	0
ENSG00000287134	ENSG00000287134	GroupA_exclusive	TK18,TK92	SNV			2	0
ENSG00000287155	ENSG00000287155	GroupA_exclusive	TK91,TK93	INDEL,SNV			2	0
ENSG00000287169	ENSG00000287169	GroupA_exclusive	TK91,TK93	SNV			2	0
ENSG00000287182	ENSG00000287182	GroupA_exclusive	TK92,TK93	SNV			2	0
ENSG00000287183	ENSG00000287183	GroupA_exclusive	TK91,TK92	SNV			2	0
ENSG00000287185	ENSG00000287185	GroupA_exclusive	TK10,TK93	SNV			2	0
ENSG00000287205	ENSG00000287205	GroupA_exclusive	TK10,TK91	SNV			2	0
ENSG00000287254	ENSG00000287254	GroupA_exclusive	TK10,TK93	SNV			2	0
ENSG00000287256	ENSG00000287256	GroupA_exclusive	TK10,TK91	INDEL,SNV			2	0
ENSG00000287266	ENSG00000287266	GroupA_exclusive	TK92,TK93	INDEL,SNV			2	0
ENSG00000287300	ENSG00000287300	GroupA_exclusive	TK92,TK93	SNV			2	0
ENSG00000287303	ENSG00000287303	GroupA_exclusive	TK91,TK92	SNV			2	0
ENSG00000287336	ENSG00000287336	GroupA_exclusive	TK18,TK92	INDEL,SNV			2	0
ENSG00000287366	ENSG00000287366	GroupA_exclusive	TK10,TK91	SNV			2	0
ENSG00000287370	ENSG00000287370	GroupA_exclusive	TK91,TK93	SNV			2	0
ENSG00000287373	ENSG00000287373	GroupA_exclusive	TK10,TK92	SNV			2	0
ENSG00000287374	ENSG00000287374	GroupA_exclusive	TK10,TK91	INDEL,SNV			2	0
ENSG00000287392	ENSG00000287392	GroupA_exclusive	TK91,TK92	INDEL,SNV			2	0
ENSG00000287403	ENSG00000287403	GroupA_exclusive	TK91,TK93	SNV			2	0
ENSG00000287417	ENSG00000287417	GroupA_exclusive	TK92,TK93	SNV			2	0
ENSG00000287420	ENSG00000287420	GroupA_exclusive	TK18,TK92	SNV			2	0
ENSG00000287426	ENSG00000287426	GroupA_exclusive	TK91,TK92	SNV			2	0
ENSG00000287430	ENSG00000287430	GroupA_exclusive	TK91,TK92	SNV			2	0
ENSG00000287432	ENSG00000287432	GroupA_exclusive	TK10,TK16	SNV			2	0
ENSG00000287470	ENSG00000287470	GroupA_exclusive	TK10,TK92	SNV			2	0
ENSG00000287479	ENSG00000287479	GroupA_exclusive	TK10,TK93	SNV			2	0
ENSG00000287481	ENSG00000287481	GroupA_exclusive	TK92,TK93	INDEL,SNV			2	0
ENSG00000287486	ENSG00000287486	GroupA_exclusive	TK18,TK93	SNV			2	0
ENSG00000287510	ENSG00000287510	GroupA_exclusive	TK10,TK92	SNV			2	0
ENSG00000287524	ENSG00000287524	GroupA_exclusive	TK91,TK92	INDEL,SNV			2	0
ENSG00000287527	ENSG00000287527	GroupA_exclusive	TK10,TK92	SNV			2	0
ENSG00000287529	ENSG00000287529	GroupA_exclusive	TK16,TK91	INDEL,SNV			2	0
ENSG00000287549	ENSG00000287549	GroupA_exclusive	TK91,TK92	SNV			2	0
ENSG00000287557	ENSG00000287557	GroupA_exclusive	TK92,TK93	SNV			2	0
ENSG00000287613	ENSG00000287613	GroupA_exclusive	TK91,TK92	INDEL,SNV			2	0
ENSG00000287628	ENSG00000287628	GroupA_exclusive	TK16,TK18	SNV			2	0
ENSG00000287633	ENSG00000287633	GroupA_exclusive	TK91,TK92	SNV			2	0
ENSG00000287649	ENSG00000287649	GroupA_exclusive	TK92,TK93	SNV			2	0
ENSG00000287651	ENSG00000287651	GroupA_exclusive	TK10,TK91	SNV			2	0
ENSG00000287658	ENSG00000287658	GroupA_exclusive	TK10,TK91	INDEL,SNV			2	0
ENSG00000287680	ENSG00000287680	GroupA_exclusive	TK92,TK93	SNV			2	0
ENSG00000287690	ENSG00000287690	GroupA_exclusive	TK91,TK93	SNV			2	0
ENSG00000287695	ENSG00000287695	GroupA_exclusive	TK91,TK93	SNV			2	0
ENSG00000287714	ENSG00000287714	GroupA_exclusive	TK91,TK92	SNV			2	0
ENSG00000287718	ENSG00000287718	GroupA_exclusive	TK92,TK93	SNV			2	0
ENSG00000287746	ENSG00000287746	GroupA_exclusive	TK16,TK92	SNV			2	0
ENSG00000287749	ENSG00000287749	GroupA_exclusive	TK10,TK93	SNV			2	0
ENSG00000287767	ENSG00000287767	GroupA_exclusive	TK92,TK93	SNV			2	0
ENSG00000287776	ENSG00000287776	GroupA_exclusive	TK10,TK93	SNV			2	0
ENSG00000287787	ENSG00000287787	GroupA_exclusive	TK10,TK92	SNV			2	0
ENSG00000287804	ENSG00000287804	GroupA_exclusive	TK10,TK92	SNV			2	0
ENSG00000287805	ENSG00000287805	GroupA_exclusive	TK10,TK92	INDEL,SNV			2	0
ENSG00000287814	ENSG00000287814	GroupA_exclusive	TK10,TK92	INDEL,SNV			2	0
ENSG00000287816	ENSG00000287816	GroupA_exclusive	TK10,TK16	SNV			2	0
ENSG00000287820	ENSG00000287820	GroupA_exclusive	TK91,TK92	SNV			2	0
ENSG00000287844	ENSG00000287844	GroupA_exclusive	TK10,TK91	SNV			2	0
ENSG00000287847	ENSG00000287847	GroupA_exclusive	TK91,TK92	INDEL,SNV			2	0
ENSG00000287853	ENSG00000287853	GroupA_exclusive	TK92,TK93	SNV			2	0
ENSG00000287854	ENSG00000287854	GroupA_exclusive	TK10,TK92	SNV			2	0
ENSG00000287870	ENSG00000287870	GroupA_exclusive	TK10,TK92	SNV			2	0
ENSG00000287872	ENSG00000287872	GroupA_exclusive	TK92,TK93	SNV			2	0
ENSG00000287873	ENSG00000287873	GroupA_exclusive	TK18,TK91	SNV			2	0
ENSG00000287880	ENSG00000287880	GroupA_exclusive	TK10,TK91	SNV			2	0
ENSG00000287897	ENSG00000287897	GroupA_exclusive	TK92,TK93	SNV			2	0
ENSG00000287899	ENSG00000287899	GroupA_exclusive	TK91,TK92	SNV			2	0
ENSG00000287904	ENSG00000287904	GroupA_exclusive	TK91,TK92	SNV			2	0
ENSG00000287940	ENSG00000287940	GroupA_exclusive	TK91,TK92	SNV			2	0
ENSG00000287955	ENSG00000287955	GroupA_exclusive	TK10,TK91	SNV			2	0
ENSG00000287959	ENSG00000287959	GroupA_exclusive	TK18,TK92	SNV			2	0
ENSG00000287960	ENSG00000287960	GroupA_exclusive	TK18,TK91	SNV			2	0
ENSG00000287990	ENSG00000287990	GroupA_exclusive	TK16,TK93	SNV			2	0
ENSG00000287991	ENSG00000287991	GroupA_exclusive	TK92,TK93	SNV			2	0
ENSG00000288007	ENSG00000288007	GroupA_exclusive	TK10,TK18	SNV			2	0
ENSG00000288037	ENSG00000288037	GroupA_exclusive	TK10,TK18	SNV			2	0
ENSG00000288038	ENSG00000288038	GroupA_exclusive	TK16,TK92	SNV			2	0
ENSG00000288041	ENSG00000288041	GroupA_exclusive	TK18,TK91	SNV			2	0
ENSG00000288049	ENSG00000288049	GroupA_exclusive	TK10,TK18	SNV			2	0
ENSG00000288051	ENSG00000288051	GroupA_exclusive	TK10,TK92	SNV			2	0
ENSG00000288105	ENSG00000288105	GroupA_exclusive	TK10,TK92	SNV			2	0
ENSG00000288106	ENSG00000288106	GroupA_exclusive	TK92,TK93	SNV			2	0
ENSG00000288109	ENSG00000288109	GroupA_exclusive	TK91,TK93	SNV			2	0
ENSG00000288110	ENSG00000288110	GroupA_exclusive	TK10,TK91	SNV			2	0
ENSG00000288271	ENSG00000288271	GroupA_exclusive	TK18,TK91	SNV			2	0
ENSG00000288540	ENSG00000288540	GroupA_exclusive	TK91,TK93	SNV			2	0
ENSG00000288685	ENSG00000288685	GroupA_exclusive	TK92,TK93	SNV			2	0
ENSG00000288737	ENSG00000288737	GroupA_exclusive	TK91,TK92	SNV			2	0
ENSG00000288760	ENSG00000288760	GroupA_exclusive	TK10,TK92	SNV			2	0
ENSG00000288762	ENSG00000288762	GroupA_exclusive	TK91,TK92	INDEL,SNV			2	0
ENSG00000288779	ENSG00000288779	GroupA_exclusive	TK18,TK92	SNV			2	0
ENSG00000288817	ENSG00000288817	GroupA_exclusive	TK18,TK91	SNV			2	0
ENSG00000288855	ENSG00000288855	GroupA_exclusive	TK91,TK93	SNV			2	0
ENSG00000288857	ENSG00000288857	GroupA_exclusive	TK10,TK92	SNV			2	0
ENSG00000288881	ENSG00000288881	GroupA_exclusive	TK91,TK92	INDEL,SNV			2	0
ENSG00000288886	ENSG00000288886	GroupA_exclusive	TK91,TK92	SNV			2	0
ENSG00000288895	ENSG00000288895	GroupA_exclusive	TK92,TK93	SNV			2	0
ENSG00000288897	ENSG00000288897	GroupA_exclusive	TK91,TK92	SNV			2	0
ENSG00000288921	ENSG00000288921	GroupA_exclusive	TK91,TK92	SNV			2	0
ENSG00000288923	ENSG00000288923	GroupA_exclusive	TK92,TK93	SNV			2	0
ENSG00000288927	ENSG00000288927	GroupA_exclusive	TK92,TK93	SNV			2	0
ENSG00000288941	ENSG00000288941	GroupA_exclusive	TK91,TK92	SNV			2	0
ENSG00000288982	ENSG00000288982	GroupA_exclusive	TK10,TK91	INDEL,SNV			2	0
ENSG00000288986	ENSG00000288986	GroupA_exclusive	TK91,TK92	SNV			2	0
ENSG00000288995	ENSG00000288995	GroupA_exclusive	TK92,TK93	SNV			2	0
ENSG00000289059	ENSG00000289059	GroupA_exclusive	TK92,TK93	INDEL,SNV			2	0
ENSG00000289063	ENSG00000289063	GroupA_exclusive	TK18,TK92	SNV			2	0
ENSG00000289069	ENSG00000289069	GroupA_exclusive	TK91,TK92	SNV			2	0
ENSG00000289087	ENSG00000289087	GroupA_exclusive	TK10,TK92	SNV			2	0
ENSG00000289090	ENSG00000289090	GroupA_exclusive	TK10,TK92	SNV			2	0
ENSG00000289100	ENSG00000289100	GroupA_exclusive	TK92,TK93	SNV			2	0
ENSG00000289118	ENSG00000289118	GroupA_exclusive	TK10,TK93	SNV			2	0
ENSG00000289136	ENSG00000289136	GroupA_exclusive	TK92,TK93	SNV			2	0
ENSG00000289144	ENSG00000289144	GroupA_exclusive	TK16,TK18	SNV			2	0
ENSG00000289152	ENSG00000289152	GroupA_exclusive	TK10,TK18	SNV			2	0
ENSG00000289188	ENSG00000289188	GroupA_exclusive	TK91,TK92	INDEL,SNV			2	0
ENSG00000289193	ENSG00000289193	GroupA_exclusive	TK10,TK93	INDEL,SNV			2	0
ENSG00000289209	ENSG00000289209	GroupA_exclusive	TK18,TK93	SNV			2	0
ENSG00000289249	ENSG00000289249	GroupA_exclusive	TK91,TK92	SNV			2	0
ENSG00000289262	ENSG00000289262	GroupA_exclusive	TK10,TK91	SNV			2	0
ENSG00000289329	ENSG00000289329	GroupA_exclusive	TK16,TK92	SNV			2	0
ENSG00000289361	ENSG00000289361	GroupA_exclusive	TK16,TK18	INDEL,SNV			2	0
ENSG00000289388	ENSG00000289388	GroupA_exclusive	TK16,TK92	SNV			2	0
ENSG00000289389	ENSG00000289389	GroupA_exclusive	TK91,TK92	INDEL,SNV			2	0
ENSG00000289441	ENSG00000289441	GroupA_exclusive	TK91,TK92	SNV			2	0
ENSG00000289505	ENSG00000289505	GroupA_exclusive	TK10,TK93	SNV			2	0
ENSG00000289525	ENSG00000289525	GroupA_exclusive	TK91,TK92	SNV			2	0
ENSG00000289527	ENSG00000289527	GroupA_exclusive	TK10,TK91	SNV			2	0
ENSG00000289559	ENSG00000289559	GroupA_exclusive	TK10,TK93	SNV			2	0
ENSG00000289602	ENSG00000289602	GroupA_exclusive	TK10,TK93	SNV			2	0
ENSG00000289637	ENSG00000289637	GroupA_exclusive	TK91,TK92	INDEL,SNV			2	0
ENSG00000289643	ENSG00000289643	GroupA_exclusive	TK91,TK93	INDEL,SNV			2	0
ENSG00000289703	ENSG00000289703	GroupA_exclusive	TK91,TK93	SNV			2	0
ENSG00000289704	ENSG00000289704	GroupA_exclusive	TK92,TK93	SNV			2	0
ENSG00000289707	ENSG00000289707	GroupA_exclusive	TK91,TK93	SNV			2	0
ENSG00000289735	ENSG00000289735	GroupA_exclusive	TK92,TK93	SNV			2	0
ENSG00000289736	ENSG00000289736	GroupA_exclusive	TK92,TK93	INDEL,SNV			2	0
ENSG00000289814	ENSG00000289814	GroupA_exclusive	TK92,TK93	SNV			2	0
ENSG00000289832	ENSG00000289832	GroupA_exclusive	TK91,TK92	SNV			2	0
ENSG00000289835	ENSG00000289835	GroupA_exclusive	TK18,TK92	INDEL,SNV			2	0
ENSG00000289837	ENSG00000289837	GroupA_exclusive	TK18,TK92	SNV			2	0
ENSG00000289840	ENSG00000289840	GroupA_exclusive	TK10,TK92	INDEL,SNV			2	0
ENSG00000289864	ENSG00000289864	GroupA_exclusive	TK91,TK92	INDEL,SNV			2	0
ENSG00000289881	ENSG00000289881	GroupA_exclusive	TK91,TK93	SNV			2	0
ENSG00000289907	ENSG00000289907	GroupA_exclusive	TK92,TK93	SNV			2	0
ENSG00000289938	ENSG00000289938	GroupA_exclusive	TK92,TK93	SNV			2	0
ENSG00000289972	ENSG00000289972	GroupA_exclusive	TK92,TK93	SNV			2	0
ENSG00000289982	ENSG00000289982	GroupA_exclusive	TK92,TK93	INDEL,SNV			2	0
ENSG00000290018	ENSG00000290018	GroupA_exclusive	TK18,TK93	INDEL,SNV			2	0
ENSG00000290044	ENSG00000290044	GroupA_exclusive	TK18,TK93	SNV			2	0
ENSG00000290064	ENSG00000290064	GroupA_exclusive	TK91,TK93	SNV			2	0
ENSG00000290066	ENSG00000290066	GroupA_exclusive	TK92,TK93	SNV			2	0
ENSG00000290071	ENSG00000290071	GroupA_exclusive	TK92,TK93	SNV			2	0
ENSG00000290086	ENSG00000290086	GroupA_exclusive	TK16,TK93	SNV			2	0
ENSG00000290087	ENSG00000290087	GroupA_exclusive	TK10,TK92	SNV			2	0
ENSG00000290122	ENSG00000290122	GroupA_exclusive	TK91,TK93	SNV			2	0
ENSG00000290124	ENSG00000290124	GroupA_exclusive	TK10,TK16	INDEL,SNV			2	0
ENSG00000290149	ENSG00000290149	GroupA_exclusive	TK10,TK92	SNV			2	0
ENSG00000290385	ENSG00000290385	GroupA_exclusive	TK92,TK93	SNV			2	0
ENSG00000290400	ENSG00000290400	GroupA_exclusive	TK92,TK93	SNV			2	0
ENSG00000290443	ENSG00000290443	GroupA_exclusive	TK16,TK92	SNV			2	0
ENSG00000290550	ENSG00000290550	GroupA_exclusive	TK16,TK92	SNV			2	0
ENSG00000290564	ENSG00000290564	GroupA_exclusive	TK91,TK92	SNV			2	0
ENSG00000290568	ENSG00000290568	GroupA_exclusive	TK91,TK93	SNV			2	0
ENSG00000290612	ENSG00000290612	GroupA_exclusive	TK91,TK92	SNV			2	0
ENSG00000290721	ENSG00000290721	GroupA_exclusive	TK10,TK16	INDEL,SNV			2	0
ENSG00000290835	ENSG00000290835	GroupA_exclusive	TK91,TK92	INDEL,SNV			2	0
ENSG00000290843	ENSG00000290843	GroupA_exclusive	TK91,TK92	SNV			2	0
ENSG00000290850	ENSG00000290850	GroupA_exclusive	TK91,TK92	SNV			2	0
ENSG00000290863	ENSG00000290863	GroupA_exclusive	TK18,TK92	SNV			2	0
ENSG00000290893	ENSG00000290893	GroupA_exclusive	TK10,TK92	SNV			2	0
ENSG00000290895	ENSG00000290895	GroupA_exclusive	TK91,TK92	SNV			2	0
ENSG00000290900	ENSG00000290900	GroupA_exclusive	TK10,TK92	SNV			2	0
ENSG00000290902	ENSG00000290902	GroupA_exclusive	TK91,TK93	SNV			2	0
ENSG00000290905	ENSG00000290905	GroupA_exclusive	TK10,TK92	SNV			2	0
ENSG00000290908	ENSG00000290908	GroupA_exclusive	TK91,TK92	SNV			2	0
ENSG00000290941	ENSG00000290941	GroupA_exclusive	TK91,TK92	SNV			2	0
ENSG00000290967	ENSG00000290967	GroupA_exclusive	TK10,TK91	SNV			2	0
ENSG00000290969	ENSG00000290969	GroupA_exclusive	TK92,TK93	INDEL,SNV			2	0
ENSG00000290979	ENSG00000290979	GroupA_exclusive	TK91,TK93	SNV			2	0
ENSG00000290981	ENSG00000290981	GroupA_exclusive	TK10,TK92	INDEL,SNV			2	0
ENSG00000291007	ENSG00000291007	GroupA_exclusive	TK91,TK92	SNV			2	0
ENSG00000291020	ENSG00000291020	GroupA_exclusive	TK92,TK93	SNV			2	0
ENSG00000291034	ENSG00000291034	GroupA_exclusive	TK91,TK92	SNV			2	0
ENSG00000291060	ENSG00000291060	GroupA_exclusive	TK91,TK92	SNV			2	0
ENSG00000291113	ENSG00000291113	GroupA_exclusive	TK92,TK93	SNV			2	0
ENSG00000291121	ENSG00000291121	GroupA_exclusive	TK18,TK93	SNV			2	0
ENSG00000291167	ENSG00000291167	GroupA_exclusive	TK91,TK92	SNV			2	0
ENSG00000291180	ENSG00000291180	GroupA_exclusive	TK91,TK92	INDEL,SNV			2	0
ENSG00000291210	ENSG00000291210	GroupA_exclusive	TK10,TK93	SNV			2	0
ENSG00000291234	ENSG00000291234	GroupA_exclusive	TK10,TK93	SNV			2	0
ENSG00000291246	ENSG00000291246	GroupA_exclusive	TK10,TK91	SNV			2	0
ENSG00000291253	ENSG00000291253	GroupA_exclusive	TK10,TK93	SNV			2	0
ENSG00000291260	ENSG00000291260	GroupA_exclusive	TK16,TK18	SNV			2	0
ENSG00000291275	ENSG00000291275	GroupA_exclusive	TK91,TK92	SNV			2	0
ENSG00000291279	ENSG00000291279	GroupA_exclusive	TK10,TK92	SNV			2	0
ENSG00000291288	ENSG00000291288	GroupA_exclusive	TK92,TK93	SNV			2	0
ENSG00000291296	ENSG00000291296	GroupA_exclusive	TK16,TK91	SNV			2	0
ENSG00000181101	ENTR1P2	GroupA_exclusive	TK91,TK93	SNV			2	0
ENSG00000250846	EPHA5-AS1	GroupA_exclusive	TK91,TK92	SNV			2	0
ENSG00000249082	EPIST	GroupA_exclusive	TK18,TK92	SNV			2	0
ENSG00000123576	ESX1	GroupA_exclusive	TK91,TK92	SNV			2	0
ENSG00000233833	ETF1P3	GroupA_exclusive	TK91,TK92	SNV			2	0
ENSG00000196405	EVL	GroupA_exclusive	TK10,TK92	INDEL,SNV			2	0
ENSG00000288722	F8A1	GroupA_exclusive	TK10,TK93	SNV			2	0
ENSG00000170231	FABP6	GroupA_exclusive	TK92,TK93	SNV			2	0
ENSG00000257302	FAHD2P1	GroupA_exclusive	TK91,TK93	SNV			2	0
ENSG00000287751	FAM106B	GroupA_exclusive	TK91,TK92	SNV			2	0
ENSG00000224349	FAM135A-AS1	GroupA_exclusive	TK18,TK92	SNV			2	0
ENSG00000232654	FAM136BP	GroupA_exclusive	TK10,TK93	SNV			2	0
ENSG00000282572	FAM157D	GroupA_exclusive	TK10,TK92	SNV			2	0
ENSG00000183807	FAM162B	GroupA_exclusive	TK91,TK92	SNV			2	0
ENSG00000215187	FAM166B	GroupA_exclusive	TK16,TK18	SNV			2	0
ENSG00000184608	FAM167A-AS1	GroupA_exclusive	TK10,TK93	SNV			2	0
ENSG00000187791	FAM205C	GroupA_exclusive	TK10,TK93	SNV			2	0
ENSG00000290956	FAM21EP	GroupA_exclusive	TK91,TK93	SNV			2	0
ENSG00000237840	FAM21FP	GroupA_exclusive	TK91,TK92	SNV			2	0
ENSG00000176007	FAM220BP	GroupA_exclusive	TK10,TK92	INDEL,SNV			2	0
ENSG00000287889	FAM242B	GroupA_exclusive	TK91,TK92	SNV			2	0
ENSG00000227888	FAM66A	GroupA_exclusive	TK92,TK93	SNV			2	0
ENSG00000225725	FAM66E	GroupA_exclusive	TK10,TK18	SNV			2	0
ENSG00000284842	FAM91A2P	GroupA_exclusive	TK10,TK92	SNV			2	0
ENSG00000223839	FAM95B1	GroupA_exclusive	TK16,TK93	SNV			2	0
ENSG00000147378	FATE1	GroupA_exclusive	TK10,TK16	SNV			2	0
ENSG00000235297	FAUP1	GroupA_exclusive	TK16,TK93	SNV			2	0
ENSG00000231534	FBXO36-IT1	GroupA_exclusive	TK91,TK92	SNV			2	0
ENSG00000270751	FBXW7-AS1	GroupA_exclusive	TK16,TK93	SNV			2	0
ENSG00000142748	FCN3	GroupA_exclusive	TK91,TK92	SNV			2	0
ENSG00000258872	FDPSP3	GroupA_exclusive	TK10,TK18	INDEL,SNV			2	0
ENSG00000215873	FEN1P1	GroupA_exclusive	TK18,TK92	SNV			2	0
ENSG00000186188	FFAR4	GroupA_exclusive	TK91,TK92	SNV			2	0
ENSG00000231383	FGF12-AS1	GroupA_exclusive	TK91,TK92	SNV			2	0
ENSG00000233485	FHAD1-AS1	GroupA_exclusive	TK10,TK92	SNV			2	0
ENSG00000275620	FLJ16779	GroupA_exclusive	TK18,TK92	SNV			2	0
ENSG00000165457	FOLR2	GroupA_exclusive	TK92,TK93	INDEL,SNV			2	0
ENSG00000176318	FOXN3P1	GroupA_exclusive	TK92,TK93	SNV			2	0
ENSG00000170820	FSHR	GroupA_exclusive	TK10,TK91	SNV			2	0
ENSG00000237338	FTCD-AS1	GroupA_exclusive	TK10,TK92	SNV			2	0
ENSG00000242992	FTH1P4	GroupA_exclusive	TK91,TK92	SNV			2	0
ENSG00000226491	FTOP1	GroupA_exclusive	TK92,TK93	SNV			2	0
ENSG00000279980	GABARAPL3	GroupA_exclusive	TK92,TK93	SNV			2	0
ENSG00000022355	GABRA1	GroupA_exclusive	TK91,TK92	SNV			2	0
ENSG00000109158	GABRA4	GroupA_exclusive	TK91,TK92	SNV			2	0
ENSG00000186297	GABRA5	GroupA_exclusive	TK10,TK91	SNV			2	0
ENSG00000232991	GACAT1	GroupA_exclusive	TK92,TK93	SNV			2	0
ENSG00000215274	GAGE10	GroupA_exclusive	TK10,TK18	SNV			2	0
ENSG00000154252	GAL3ST2	GroupA_exclusive	TK10,TK93	INDEL,SNV			2	0
ENSG00000236811	GAPDHP2	GroupA_exclusive	TK92,TK93	SNV			2	0
ENSG00000250982	GAPDHP35	GroupA_exclusive	TK10,TK93	SNV			2	0
ENSG00000226769	GAPDHP54	GroupA_exclusive	TK92,TK93	INDEL,SNV			2	0
ENSG00000266835	GAPLINC	GroupA_exclusive	TK92,TK93	SNV			2	0
ENSG00000145321	GC	GroupA_exclusive	TK91,TK92	SNV			2	0
ENSG00000272808	GCAWKR	GroupA_exclusive	TK10,TK18	SNV			2	0
ENSG00000111846	GCNT2	GroupA_exclusive	TK91,TK92	SNV			2	0
ENSG00000169224	GCSAML	GroupA_exclusive	TK92,TK93	INDEL,SNV			2	0
ENSG00000142252	GEMIN7	GroupA_exclusive	TK91,TK92	SNV			2	0
ENSG00000125861	GFRA4	GroupA_exclusive	TK16,TK92	SNV			2	0
ENSG00000179168	GGN	GroupA_exclusive	TK10,TK16	SNV			2	0
ENSG00000197421	GGT3P	GroupA_exclusive	TK91,TK92	INDEL,SNV			2	0
ENSG00000167741	GGT6	GroupA_exclusive	TK92,TK93	SNV			2	0
ENSG00000171115	GIMAP8	GroupA_exclusive	TK16,TK93	SNV			2	0
ENSG00000176857	GJA1P1	GroupA_exclusive	TK92,TK93	SNV			2	0
ENSG00000188910	GJB3	GroupA_exclusive	TK91,TK93	SNV			2	0
ENSG00000177291	GJD4	GroupA_exclusive	TK16,TK91	SNV			2	0
ENSG00000118990	GLRXP3	GroupA_exclusive	TK91,TK92	SNV			2	0
ENSG00000265366	GLUD1P2	GroupA_exclusive	TK10,TK91	SNV			2	0
ENSG00000290875	GLUD1P2	GroupA_exclusive	TK91,TK93	SNV			2	0
ENSG00000127955	GNAI1	GroupA_exclusive	TK91,TK92	SNV			2	0
ENSG00000127920	GNG11	GroupA_exclusive	TK91,TK92	SNV			2	0
ENSG00000155265	GOLGA7B	GroupA_exclusive	TK10,TK93	SNV			2	0
ENSG00000169704	GP9	GroupA_exclusive	TK92,TK93	SNV			2	0
ENSG00000249106	GPM6A-DT	GroupA_exclusive	TK91,TK93	SNV			2	0
ENSG00000147262	GPR119	GroupA_exclusive	TK91,TK93	SNV			2	0
ENSG00000154165	GPR15	GroupA_exclusive	TK10,TK16	INDEL,SNV			2	0
ENSG00000151025	GPR158	GroupA_exclusive	TK10,TK91	SNV			2	0
ENSG00000216915	GPR89P	GroupA_exclusive	TK92,TK93	SNV			2	0
ENSG00000189152	GRAPL	GroupA_exclusive	TK91,TK92	SNV			2	0
ENSG00000083307	GRHL2	GroupA_exclusive	TK10,TK92	SNV			2	0
ENSG00000152822	GRM1	GroupA_exclusive	TK18,TK92	SNV			2	0
ENSG00000253366	GUSBP16	GroupA_exclusive	TK91,TK92	SNV			2	0
ENSG00000235483	GYG2-AS1	GroupA_exclusive	TK91,TK93	SNV			2	0
ENSG00000187166	H1-7	GroupA_exclusive	TK10,TK92	SNV			2	0
ENSG00000275221	H2AC15	GroupA_exclusive	TK10,TK92	SNV			2	0
ENSG00000223951	H2ACP2	GroupA_exclusive	TK92,TK93	SNV			2	0
ENSG00000185130	H2BC13	GroupA_exclusive	TK10,TK16	SNV			2	0
ENSG00000223345	H2BP1	GroupA_exclusive	TK92,TK93	SNV			2	0
ENSG00000203852	H3C15	GroupA_exclusive	TK91,TK92	SNV			2	0
ENSG00000251596	HADHAP1	GroupA_exclusive	TK10,TK92	INDEL,SNV			2	0
ENSG00000253226	HAUS1P3	GroupA_exclusive	TK91,TK93	SNV			2	0
ENSG00000267626	HAUS5-DT	GroupA_exclusive	TK91,TK93	SNV			2	0
ENSG00000270379	HEATR9	GroupA_exclusive	TK91,TK92	SNV			2	0
ENSG00000181211	HECW1-IT1	GroupA_exclusive	TK10,TK92	SNV			2	0
ENSG00000266473	HELZ-AS1	GroupA_exclusive	TK10,TK93	SNV			2	0
ENSG00000261401	HERC2P1	GroupA_exclusive	TK91,TK93	SNV			2	0
ENSG00000230267	HERC2P4	GroupA_exclusive	TK91,TK93	SNV			2	0
ENSG00000260644	HERC2P5	GroupA_exclusive	TK91,TK92	SNV			2	0
ENSG00000271159	HINT1P2	GroupA_exclusive	TK91,TK93	SNV			2	0
ENSG00000223865	HLA-DPB1	GroupA_exclusive	TK10,TK92	SNV			2	0
ENSG00000149948	HMGA2	GroupA_exclusive	TK10,TK92	SNV			2	0
ENSG00000214821	HMGB1P4	GroupA_exclusive	TK92,TK93	SNV			2	0
ENSG00000259699	HMGB1P8	GroupA_exclusive	TK91,TK92	SNV			2	0
ENSG00000237603	HMGB3P12	GroupA_exclusive	TK91,TK92	SNV			2	0
ENSG00000224551	HMGB3P21	GroupA_exclusive	TK91,TK93	SNV			2	0
ENSG00000267132	HMGB3P27	GroupA_exclusive	TK91,TK92	SNV			2	0
ENSG00000229992	HMGB3P9	GroupA_exclusive	TK92,TK93	SNV			2	0
ENSG00000229046	HMGN1P2	GroupA_exclusive	TK92,TK93	SNV			2	0
ENSG00000258452	HMGN2P2	GroupA_exclusive	TK91,TK93	SNV			2	0
ENSG00000228398	HMGN2P25	GroupA_exclusive	TK91,TK92	SNV			2	0
ENSG00000232916	HMGN2P27	GroupA_exclusive	TK92,TK93	SNV			2	0
ENSG00000213721	HMGN2P30	GroupA_exclusive	TK91,TK93	SNV			2	0
ENSG00000214761	HNRNPA1P15	GroupA_exclusive	TK91,TK92	SNV			2	0
ENSG00000243188	HNRNPA1P17	GroupA_exclusive	TK10,TK92	SNV			2	0
ENSG00000237285	HNRNPA1P2	GroupA_exclusive	TK91,TK92	SNV			2	0
ENSG00000259512	HNRNPA1P5	GroupA_exclusive	TK92,TK93	SNV			2	0
ENSG00000249920	HNRNPA1P55	GroupA_exclusive	TK91,TK92	SNV			2	0
ENSG00000259686	HNRNPA1P71	GroupA_exclusive	TK91,TK92	INDEL,SNV			2	0
ENSG00000255141	HNRNPA1P76	GroupA_exclusive	TK91,TK92	SNV			2	0
ENSG00000277058	HNRNPCL3	GroupA_exclusive	TK92,TK93	INDEL,SNV			2	0
ENSG00000259335	HNRNPMP1	GroupA_exclusive	TK92,TK93	SNV			2	0
ENSG00000255047	HNRNPRP2	GroupA_exclusive	TK92,TK93	SNV			2	0
ENSG00000078399	HOXA9	GroupA_exclusive	TK10,TK92	SNV			2	0
ENSG00000250451	HOXC-AS1	GroupA_exclusive	TK10,TK18	SNV			2	0
ENSG00000128710	HOXD10	GroupA_exclusive	TK10,TK16	SNV			2	0
ENSG00000109971	HSPA8	GroupA_exclusive	TK16,TK93	SNV			2	0
ENSG00000232953	HSPA8P18	GroupA_exclusive	TK91,TK93	SNV			2	0
ENSG00000251614	HSPA8P19	GroupA_exclusive	TK92,TK93	SNV			2	0
ENSG00000248610	HSPA8P4	GroupA_exclusive	TK92,TK93	SNV			2	0
ENSG00000251348	HSPD1P11	GroupA_exclusive	TK92,TK93	SNV			2	0
ENSG00000232015	HSPE1P25	GroupA_exclusive	TK91,TK92	INDEL,SNV			2	0
ENSG00000232917	HSPE1P6	GroupA_exclusive	TK92,TK93	SNV			2	0
ENSG00000270945	HSPE1P7	GroupA_exclusive	TK18,TK92	SNV			2	0
ENSG00000179097	HTR1F	GroupA_exclusive	TK10,TK92	SNV			2	0
ENSG00000163596	ICA1L	GroupA_exclusive	TK91,TK92	SNV			2	0
ENSG00000234676	IFT74-AS1	GroupA_exclusive	TK16,TK93	SNV			2	0
ENSG00000137142	IGFBPL1	GroupA_exclusive	TK16,TK92	SNV			2	0
ENSG00000126246	IGFLR1	GroupA_exclusive	TK10,TK91	SNV			2	0
ENSG00000242472	IGHJ5	GroupA_exclusive	TK91,TK92	SNV			2	0
ENSG00000211956	IGHV4-34	GroupA_exclusive	TK10,TK91	SNV			2	0
ENSG00000254030	IGLC5	GroupA_exclusive	TK10,TK93	INDEL,SNV			2	0
ENSG00000211685	IGLC7	GroupA_exclusive	TK10,TK92	SNV			2	0
ENSG00000206066	IGLL3P	GroupA_exclusive	TK91,TK93	INDEL,SNV			2	0
ENSG00000211645	IGLV1-50	GroupA_exclusive	TK91,TK92	SNV			2	0
ENSG00000253823	IGLV1-62	GroupA_exclusive	TK16,TK18	SNV			2	0
ENSG00000211641	IGLV11-55	GroupA_exclusive	TK16,TK93	SNV			2	0
ENSG00000211664	IGLV2-18	GroupA_exclusive	TK18,TK91	SNV			2	0
ENSG00000253822	IGLV3-24	GroupA_exclusive	TK91,TK93	SNV			2	0
ENSG00000211650	IGLV5-45	GroupA_exclusive	TK91,TK93	SNV			2	0
ENSG00000253546	IGLVVI-22-1	GroupA_exclusive	TK91,TK92	SNV			2	0
ENSG00000163702	IL17RC	GroupA_exclusive	TK10,TK93	SNV			2	0
ENSG00000136688	IL36G	GroupA_exclusive	TK92,TK93	SNV			2	0
ENSG00000113520	IL4	GroupA_exclusive	TK18,TK92	INDEL,SNV			2	0
ENSG00000179428	IL6-AS1	GroupA_exclusive	TK16,TK18	INDEL			2	0
ENSG00000270269	IMMP1LP1	GroupA_exclusive	TK10,TK92	SNV			2	0
ENSG00000258159	IMMP1LP2	GroupA_exclusive	TK92,TK93	SNV			2	0
ENSG00000185085	INTS5	GroupA_exclusive	TK10,TK18	INDEL,SNV			2	0
ENSG00000256902	IQSEC3P1	GroupA_exclusive	TK18,TK91	SNV			2	0
ENSG00000231417	IRX1P1	GroupA_exclusive	TK18,TK92	SNV			2	0
ENSG00000229840	ISCA1P2	GroupA_exclusive	TK91,TK92	SNV			2	0
ENSG00000259405	ISCA1P4	GroupA_exclusive	TK18,TK92	SNV			2	0
ENSG00000226263	ISM1-AS1	GroupA_exclusive	TK18,TK93	SNV			2	0
ENSG00000244286	ITGB5-AS1	GroupA_exclusive	TK91,TK92	SNV			2	0
ENSG00000289625	IUR1	GroupA_exclusive	TK18,TK91	SNV			2	0
ENSG00000235012	JCADP1	GroupA_exclusive	TK91,TK92	SNV			2	0
ENSG00000255679	JRKL-AS1	GroupA_exclusive	TK10,TK93	SNV			2	0
ENSG00000187715	KBTBD12	GroupA_exclusive	TK92,TK93	SNV			2	0
ENSG00000166006	KCNC2	GroupA_exclusive	TK10,TK91	INDEL,SNV			2	0
ENSG00000143473	KCNH1	GroupA_exclusive	TK18,TK92	SNV			2	0
ENSG00000183960	KCNH8	GroupA_exclusive	TK16,TK91	SNV			2	0
ENSG00000267365	KCNJ2-AS1	GroupA_exclusive	TK92,TK93	SNV			2	0
ENSG00000120457	KCNJ5	GroupA_exclusive	TK16,TK93	SNV			2	0
ENSG00000135750	KCNK1	GroupA_exclusive	TK10,TK18	INDEL,SNV			2	0
ENSG00000100433	KCNK10	GroupA_exclusive	TK10,TK92	SNV			2	0
ENSG00000257069	KCNK4-TEX40	GroupA_exclusive	TK10,TK18	SNV			2	0
ENSG00000156113	KCNMA1	GroupA_exclusive	TK10,TK16	SNV			2	0
ENSG00000105642	KCNN1	GroupA_exclusive	TK10,TK16	SNV			2	0
ENSG00000004487	KDM1A	GroupA_exclusive	TK91,TK93	SNV			2	0
ENSG00000227495	KIF1C-AS1	GroupA_exclusive	TK92,TK93	SNV			2	0
ENSG00000266265	KLF14	GroupA_exclusive	TK10,TK93	SNV			2	0
ENSG00000162873	KLHDC8A	GroupA_exclusive	TK10,TK93	SNV			2	0
ENSG00000150361	KLHL1	GroupA_exclusive	TK10,TK91	INDEL,SNV			2	0
ENSG00000283132	KMT2CP4	GroupA_exclusive	TK10,TK91	INDEL,SNV			2	0
ENSG00000228928	KPNA2P2	GroupA_exclusive	TK18,TK92	INDEL,SNV			2	0
ENSG00000183762	KREMEN1	GroupA_exclusive	TK10,TK91	SNV			2	0
ENSG00000214822	KRT16P3	GroupA_exclusive	TK10,TK92	SNV			2	0
ENSG00000213601	KRT18P19	GroupA_exclusive	TK91,TK92	INDEL,SNV			2	0
ENSG00000249850	KRT18P31	GroupA_exclusive	TK91,TK92	SNV			2	0
ENSG00000253943	KRT18P37	GroupA_exclusive	TK10,TK91	SNV			2	0
ENSG00000269012	KRT18P40	GroupA_exclusive	TK16,TK92	SNV			2	0
ENSG00000267083	KRT18P61	GroupA_exclusive	TK91,TK92	SNV			2	0
ENSG00000250148	KRT8P31	GroupA_exclusive	TK91,TK92	SNV			2	0
ENSG00000205869	KRTAP5-1	GroupA_exclusive	TK10,TK18	SNV			2	0
ENSG00000225693	LAGE3P1	GroupA_exclusive	TK16,TK18	SNV			2	0
ENSG00000196569	LAMA2	GroupA_exclusive	TK10,TK92	INDEL,SNV			2	0
ENSG00000271266	LAPTM4BP2	GroupA_exclusive	TK92,TK93	SNV			2	0
ENSG00000232081	LARGE-IT1	GroupA_exclusive	TK92,TK93	SNV			2	0
ENSG00000231442	LARP1BP1	GroupA_exclusive	TK92,TK93	INDEL,SNV			2	0
ENSG00000160349	LCN1	GroupA_exclusive	TK16,TK93	INDEL,SNV			2	0
ENSG00000171747	LGALS4	GroupA_exclusive	TK91,TK92	SNV			2	0
ENSG00000168481	LGI3	GroupA_exclusive	TK10,TK92	SNV			2	0
ENSG00000277268	LHX1-DT	GroupA_exclusive	TK10,TK91	SNV			2	0
ENSG00000089116	LHX5	GroupA_exclusive	TK10,TK92	SNV			2	0
ENSG00000256671	LIMS4	GroupA_exclusive	TK91,TK92	SNV			2	0
ENSG00000291187	LINC00032	GroupA_exclusive	TK10,TK93	SNV			2	0
ENSG00000234880	LINC00163	GroupA_exclusive	TK10,TK93	SNV			2	0
ENSG00000224939	LINC00184	GroupA_exclusive	TK10,TK16	SNV			2	0
ENSG00000231814	LINC00210	GroupA_exclusive	TK92,TK93	SNV			2	0
ENSG00000226496	LINC00323	GroupA_exclusive	TK16,TK91	SNV			2	0
ENSG00000227564	LINC00376	GroupA_exclusive	TK10,TK92	SNV			2	0
ENSG00000225249	LINC00378	GroupA_exclusive	TK18,TK91	INDEL,SNV			2	0
ENSG00000226519	LINC00390	GroupA_exclusive	TK16,TK92	SNV			2	0
ENSG00000229599	LINC00411	GroupA_exclusive	TK92,TK93	SNV			2	0
ENSG00000233528	LINC00430	GroupA_exclusive	TK91,TK93	SNV			2	0
ENSG00000228669	LINC00448	GroupA_exclusive	TK10,TK92	SNV			2	0
ENSG00000233532	LINC00460	GroupA_exclusive	TK10,TK91	SNV			2	0
ENSG00000233237	LINC00472	GroupA_exclusive	TK10,TK92	INDEL,SNV			2	0
ENSG00000204148	LINC00474	GroupA_exclusive	TK91,TK93	SNV			2	0
ENSG00000258791	LINC00520	GroupA_exclusive	TK91,TK92	SNV			2	0
ENSG00000235570	LINC00533	GroupA_exclusive	TK16,TK91	SNV			2	0
ENSG00000281664	LINC00538	GroupA_exclusive	TK10,TK93	INDEL,SNV			2	0
ENSG00000261517	LINC00558	GroupA_exclusive	TK91,TK93	SNV			2	0
ENSG00000224177	LINC00570	GroupA_exclusive	TK16,TK92	SNV			2	0
ENSG00000213373	LINC00671	GroupA_exclusive	TK91,TK92	INDEL,SNV			2	0
ENSG00000246100	LINC00900	GroupA_exclusive	TK10,TK18	INDEL,SNV			2	0
ENSG00000259218	LINC00928	GroupA_exclusive	TK91,TK93	SNV			2	0
ENSG00000259150	LINC00929	GroupA_exclusive	TK91,TK92	SNV			2	0
ENSG00000203601	LINC00970	GroupA_exclusive	TK92,TK93	SNV			2	0
ENSG00000228495	LINC01013	GroupA_exclusive	TK10,TK93	SNV			2	0
ENSG00000215231	LINC01020	GroupA_exclusive	TK10,TK93	INDEL,SNV			2	0
ENSG00000234168	LINC01039	GroupA_exclusive	TK91,TK92	SNV			2	0
ENSG00000229723	LINC01054	GroupA_exclusive	TK10,TK92	SNV			2	0
ENSG00000248698	LINC01085	GroupA_exclusive	TK16,TK92	SNV			2	0
ENSG00000233723	LINC01122	GroupA_exclusive	TK91,TK93	SNV			2	0
ENSG00000230174	LINC01149	GroupA_exclusive	TK92,TK93	SNV			2	0
ENSG00000229081	LINC01165	GroupA_exclusive	TK92,TK93	SNV			2	0
ENSG00000249500	LINC01179	GroupA_exclusive	TK91,TK93	SNV			2	0
ENSG00000261075	LINC01195	GroupA_exclusive	TK10,TK91	SNV			2	0
ENSG00000203999	LINC01270	GroupA_exclusive	TK92,TK93	SNV			2	0
ENSG00000230836	LINC01293	GroupA_exclusive	TK16,TK92	SNV			2	0
ENSG00000281327	LINC01338	GroupA_exclusive	TK92,TK93	SNV			2	0
ENSG00000280587	LINC01348	GroupA_exclusive	TK18,TK93	SNV			2	0
ENSG00000244578	LINC01391	GroupA_exclusive	TK91,TK93	INDEL,SNV			2	0
ENSG00000224863	LINC01398	GroupA_exclusive	TK10,TK16	SNV			2	0
ENSG00000238113	LINC01410	GroupA_exclusive	TK91,TK93	SNV			2	0
ENSG00000267325	LINC01415	GroupA_exclusive	TK91,TK92	SNV			2	0
ENSG00000233997	LINC01425	GroupA_exclusive	TK10,TK92	SNV			2	0
ENSG00000227510	LINC01442	GroupA_exclusive	TK92,TK93	SNV			2	0
ENSG00000234766	LINC01496	GroupA_exclusive	TK10,TK91	SNV			2	0
ENSG00000226825	LINC01509	GroupA_exclusive	TK10,TK91	SNV			2	0
ENSG00000235202	LINC01525	GroupA_exclusive	TK92,TK93	SNV			2	0
ENSG00000260676	LINC01541	GroupA_exclusive	TK10,TK91	SNV			2	0
ENSG00000229086	LINC01548	GroupA_exclusive	TK18,TK92	SNV			2	0
ENSG00000232560	LINC01549	GroupA_exclusive	TK18,TK93	INDEL,SNV			2	0
ENSG00000224310	LINC01567	GroupA_exclusive	TK91,TK92	INDEL,SNV			2	0
ENSG00000286785	LINC01622	GroupA_exclusive	TK10,TK91	SNV			2	0
ENSG00000225331	LINC01678	GroupA_exclusive	TK91,TK92	SNV			2	0
ENSG00000228961	LINC01690	GroupA_exclusive	TK10,TK93	SNV			2	0
ENSG00000275852	LINC01742	GroupA_exclusive	TK92,TK93	SNV			2	0
ENSG00000236497	LINC01744	GroupA_exclusive	TK91,TK93	SNV			2	0
ENSG00000231437	LINC01750	GroupA_exclusive	TK10,TK18	SNV			2	0
ENSG00000228504	LINC01760	GroupA_exclusive	TK92,TK93	SNV			2	0
ENSG00000225446	LINC01763	GroupA_exclusive	TK91,TK92	SNV			2	0
ENSG00000224910	LINC01766	GroupA_exclusive	TK92,TK93	SNV			2	0
ENSG00000229457	LINC01789	GroupA_exclusive	TK10,TK92	INDEL,SNV			2	0
ENSG00000234572	LINC01800	GroupA_exclusive	TK91,TK93	SNV			2	0
ENSG00000234207	LINC01830	GroupA_exclusive	TK10,TK18	SNV			2	0
ENSG00000225444	LINC01867	GroupA_exclusive	TK10,TK18	SNV			2	0
ENSG00000231682	LINC01891	GroupA_exclusive	TK92,TK93	SNV			2	0
ENSG00000226125	LINC01907	GroupA_exclusive	TK10,TK18	SNV			2	0
ENSG00000265374	LINC01908	GroupA_exclusive	TK92,TK93	SNV			2	0
ENSG00000264232	LINC01916	GroupA_exclusive	TK91,TK92	SNV			2	0
ENSG00000236653	LINC01923	GroupA_exclusive	TK91,TK92	SNV			2	0
ENSG00000288569	LINC01949	GroupA_exclusive	TK91,TK92	SNV			2	0
ENSG00000262585	LINC01979	GroupA_exclusive	TK10,TK16	SNV			2	0
ENSG00000229243	LINC01981	GroupA_exclusive	TK18,TK92	SNV			2	0
ENSG00000283036	LINC01988	GroupA_exclusive	TK10,TK92	SNV			2	0
ENSG00000243321	LINC01998	GroupA_exclusive	TK91,TK92	SNV			2	0
ENSG00000260902	LINC02011	GroupA_exclusive	TK10,TK91	SNV			2	0
ENSG00000234548	LINC02020	GroupA_exclusive	TK92,TK93	SNV			2	0
ENSG00000240708	LINC02030	GroupA_exclusive	TK10,TK93	INDEL,SNV			2	0
ENSG00000248528	LINC02058	GroupA_exclusive	TK91,TK92	SNV			2	0
ENSG00000240567	LINC02067	GroupA_exclusive	TK18,TK93	INDEL,SNV			2	0
ENSG00000250127	LINC02108	GroupA_exclusive	TK91,TK93	SNV			2	0
ENSG00000248461	LINC02119	GroupA_exclusive	TK10,TK93	SNV			2	0
ENSG00000260009	LINC02130	GroupA_exclusive	TK10,TK16	INDEL,SNV			2	0
ENSG00000249797	LINC02147	GroupA_exclusive	TK91,TK92	SNV			2	0
ENSG00000250427	LINC02148	GroupA_exclusive	TK91,TK93	SNV			2	0
ENSG00000259763	LINC02157	GroupA_exclusive	TK91,TK93	SNV			2	0
ENSG00000249297	LINC02174	GroupA_exclusive	TK18,TK91	SNV			2	0
ENSG00000260854	LINC02184	GroupA_exclusive	TK10,TK92	SNV			2	0
ENSG00000251538	LINC02201	GroupA_exclusive	TK91,TK92	SNV			2	0
ENSG00000253279	LINC02209	GroupA_exclusive	TK10,TK91	SNV			2	0
ENSG00000249396	LINC02212	GroupA_exclusive	TK91,TK92	INDEL,SNV			2	0
ENSG00000249662	LINC02218	GroupA_exclusive	TK92,TK93	INDEL,SNV			2	0
ENSG00000245954	LINC02273	GroupA_exclusive	TK16,TK93	SNV			2	0
ENSG00000258586	LINC02274	GroupA_exclusive	TK10,TK16	SNV			2	0
ENSG00000257748	LINC02281	GroupA_exclusive	TK91,TK93	SNV			2	0
ENSG00000258819	LINC02289	GroupA_exclusive	TK18,TK92	SNV			2	0
ENSG00000259054	LINC02332	GroupA_exclusive	TK18,TK92	SNV			2	0
ENSG00000277448	LINC02338	GroupA_exclusive	TK91,TK92	SNV			2	0
ENSG00000227911	LINC02344	GroupA_exclusive	TK91,TK93	SNV			2	0
ENSG00000251329	LINC02353	GroupA_exclusive	TK91,TK92	SNV			2	0
ENSG00000230294	LINC02370	GroupA_exclusive	TK91,TK92	SNV			2	0
ENSG00000249873	LINC02372	GroupA_exclusive	TK91,TK93	SNV			2	0
ENSG00000256362	LINC02375	GroupA_exclusive	TK18,TK93	SNV			2	0
ENSG00000248505	LINC02380	GroupA_exclusive	TK91,TK93	INDEL,SNV			2	0
ENSG00000256597	LINC02393	GroupA_exclusive	TK92,TK93	SNV			2	0
ENSG00000256172	LINC02420	GroupA_exclusive	TK92,TK93	INDEL,SNV			2	0
ENSG00000255970	LINC02421	GroupA_exclusive	TK91,TK93	SNV			2	0
ENSG00000251526	LINC02435	GroupA_exclusive	TK10,TK92	SNV			2	0
ENSG00000248517	LINC02437	GroupA_exclusive	TK10,TK16	SNV			2	0
ENSG00000257164	LINC02451	GroupA_exclusive	TK10,TK92	SNV			2	0
ENSG00000248408	LINC02469	GroupA_exclusive	TK18,TK91	SNV			2	0
ENSG00000223914	LINC02471	GroupA_exclusive	TK10,TK91	INDEL,SNV			2	0
ENSG00000251326	LINC02479	GroupA_exclusive	TK18,TK92	INDEL,SNV			2	0
ENSG00000251040	LINC02480	GroupA_exclusive	TK92,TK93	INDEL,SNV			2	0
ENSG00000251383	LINC02483	GroupA_exclusive	TK91,TK92	SNV			2	0
ENSG00000250436	LINC02499	GroupA_exclusive	TK92,TK93	SNV			2	0
ENSG00000204110	LINC02520	GroupA_exclusive	TK92,TK93	SNV			2	0
ENSG00000230269	LINC02525	GroupA_exclusive	TK10,TK18	SNV			2	0
ENSG00000261780	LINC02582	GroupA_exclusive	TK92,TK93	SNV			2	0
ENSG00000225768	LINC02620	GroupA_exclusive	TK91,TK93	SNV			2	0
ENSG00000230109	LINC02643	GroupA_exclusive	TK10,TK92	SNV			2	0
ENSG00000223993	LINC02647	GroupA_exclusive	TK10,TK93	SNV			2	0
ENSG00000225948	LINC02648	GroupA_exclusive	TK91,TK92	SNV			2	0
ENSG00000223381	LINC02661	GroupA_exclusive	TK91,TK92	INDEL,SNV			2	0
ENSG00000226762	LINC02668	GroupA_exclusive	TK92,TK93	SNV			2	0
ENSG00000250508	LINC02701	GroupA_exclusive	TK16,TK92	SNV			2	0
ENSG00000273409	LINC02712	GroupA_exclusive	TK92,TK93	INDEL,SNV			2	0
ENSG00000251226	LINC02714	GroupA_exclusive	TK91,TK92	SNV			2	0
ENSG00000254580	LINC02719	GroupA_exclusive	TK91,TK92	SNV			2	0
ENSG00000279243	LINC02736	GroupA_exclusive	TK18,TK91	SNV			2	0
ENSG00000255300	LINC02745	GroupA_exclusive	TK92,TK93	SNV			2	0
ENSG00000254530	LINC02755	GroupA_exclusive	TK91,TK93	SNV			2	0
ENSG00000248990	LINC02758	GroupA_exclusive	TK92,TK93	SNV			2	0
ENSG00000283518	LINC02775	GroupA_exclusive	TK10,TK91	SNV			2	0
ENSG00000231718	LINC02789	GroupA_exclusive	TK10,TK92	SNV			2	0
ENSG00000237435	LINC02790	GroupA_exclusive	TK10,TK91	SNV			2	0
ENSG00000254119	LINC02842	GroupA_exclusive	TK10,TK16	SNV			2	0
ENSG00000253665	LINC02866	GroupA_exclusive	TK16,TK92	SNV			2	0
ENSG00000175967	LINC02880	GroupA_exclusive	TK16,TK92	SNV			2	0
ENSG00000248874	LINC02899	GroupA_exclusive	TK92,TK93	SNV			2	0
ENSG00000236013	LINC02941	GroupA_exclusive	TK10,TK91	SNV			2	0
ENSG00000265752	LINC02958	GroupA_exclusive	TK18,TK93	SNV			2	0
ENSG00000234997	LINC02966	GroupA_exclusive	TK10,TK91	SNV			2	0
ENSG00000237807	LINC02984	GroupA_exclusive	TK10,TK18	SNV			2	0
ENSG00000253641	LINC03022	GroupA_exclusive	TK16,TK93	SNV			2	0
ENSG00000235725	LINC03050	GroupA_exclusive	TK10,TK92	SNV			2	0
ENSG00000234311	LINC03068	GroupA_exclusive	TK91,TK93	SNV			2	0
ENSG00000235514	LLPHP2	GroupA_exclusive	TK92,TK93	SNV			2	0
ENSG00000249436	LNCBRM	GroupA_exclusive	TK91,TK93	SNV			2	0
ENSG00000248494	LNX1-AS2	GroupA_exclusive	TK18,TK91	SNV			2	0
ENSG00000171517	LPAR3	GroupA_exclusive	TK10,TK91	SNV			2	0
ENSG00000229356	LRRC3-DT	GroupA_exclusive	TK92,TK93	SNV			2	0
ENSG00000242104	LRRC78P	GroupA_exclusive	TK10,TK91	SNV			2	0
ENSG00000231638	LUARIS	GroupA_exclusive	TK10,TK93	SNV			2	0
ENSG00000229463	LYST-AS1	GroupA_exclusive	TK92,TK93	SNV			2	0
ENSG00000254338	MAFA-AS1	GroupA_exclusive	TK10,TK93	SNV			2	0
ENSG00000268606	MAGEA2	GroupA_exclusive	TK18,TK92	INDEL,SNV			2	0
ENSG00000183305	MAGEA2B	GroupA_exclusive	TK18,TK92	SNV			2	0
ENSG00000267978	MAGEA9B	GroupA_exclusive	TK91,TK93	INDEL,SNV			2	0
ENSG00000264176	MAGOH2P	GroupA_exclusive	TK18,TK92	SNV			2	0
ENSG00000214070	MANEALP1	GroupA_exclusive	TK91,TK92	SNV			2	0
ENSG00000215179	MAPK6P4	GroupA_exclusive	TK92,TK93	SNV			2	0
ENSG00000261399	MAPK8IP3-AS1	GroupA_exclusive	TK18,TK91	SNV			2	0
ENSG00000186868	MAPT	GroupA_exclusive	TK92,TK93	SNV			2	0
ENSG00000279685	MAPT-IT1	GroupA_exclusive	TK91,TK92	SNV			2	0
ENSG00000215878	MARCKSL1P2	GroupA_exclusive	TK91,TK93	SNV			2	0
ENSG00000170948	MBD3L1	GroupA_exclusive	TK10,TK18	SNV			2	0
ENSG00000237154	MCFD2P1	GroupA_exclusive	TK92,TK93	SNV			2	0
ENSG00000262402	MCUR1P1	GroupA_exclusive	TK10,TK93	SNV			2	0
ENSG00000224396	METTL15P3	GroupA_exclusive	TK91,TK92	SNV			2	0
ENSG00000176812	METTL1P1	GroupA_exclusive	TK91,TK93	SNV			2	0
ENSG00000229623	METTL21AP1	GroupA_exclusive	TK91,TK92	SNV			2	0
ENSG00000248557	METTL5P2	GroupA_exclusive	TK10,TK18	SNV			2	0
ENSG00000251583	MFFP2	GroupA_exclusive	TK92,TK93	INDEL,SNV			2	0
ENSG00000161091	MFSD12	GroupA_exclusive	TK92,TK93	SNV			2	0
ENSG00000184774	MGAT4EP	GroupA_exclusive	TK10,TK92	SNV			2	0
ENSG00000240972	MIF	GroupA_exclusive	TK10,TK16	SNV			2	0
ENSG00000221120	MIR1224	GroupA_exclusive	TK16,TK18	INDEL,SNV			2	0
ENSG00000265503	MIR1269B	GroupA_exclusive	TK92,TK93	SNV			2	0
ENSG00000284443	MIR197	GroupA_exclusive	TK10,TK92	SNV			2	0
ENSG00000238728	MIR1972-1	GroupA_exclusive	TK92,TK93	SNV			2	0
ENSG00000284204	MIR19A	GroupA_exclusive	TK10,TK18	SNV			2	0
ENSG00000284442	MIR2110	GroupA_exclusive	TK10,TK16	SNV			2	0
ENSG00000284324	MIR3175	GroupA_exclusive	TK91,TK92	SNV			2	0
ENSG00000266235	MIR3176	GroupA_exclusive	TK10,TK92	SNV			2	0
ENSG00000284503	MIR3652	GroupA_exclusive	TK10,TK93	SNV			2	0
ENSG00000228768	MIR365BHG	GroupA_exclusive	TK91,TK93	SNV			2	0
ENSG00000266758	MIR3680-2	GroupA_exclusive	TK10,TK18	SNV			2	0
ENSG00000265452	MIR3682	GroupA_exclusive	TK16,TK92	SNV			2	0
ENSG00000265917	MIR3685	GroupA_exclusive	TK91,TK93	SNV			2	0
ENSG00000264249	MIR3912	GroupA_exclusive	TK92,TK93	SNV			2	0
ENSG00000265828	MIR3939	GroupA_exclusive	TK16,TK92	SNV			2	0
ENSG00000261738	MIR3976HG	GroupA_exclusive	TK10,TK92	SNV			2	0
ENSG00000283795	MIR4426	GroupA_exclusive	TK91,TK93	SNV			2	0
ENSG00000228590	MIR4432HG	GroupA_exclusive	TK10,TK92	SNV			2	0
ENSG00000263790	MIR4473	GroupA_exclusive	TK91,TK93	SNV			2	0
ENSG00000283699	MIR4481	GroupA_exclusive	TK91,TK92	SNV			2	0
ENSG00000264712	MIR4504	GroupA_exclusive	TK10,TK91	INDEL,SNV			2	0
ENSG00000266174	MIR4666A	GroupA_exclusive	TK16,TK18	INDEL,SNV			2	0
ENSG00000284118	MIR4707	GroupA_exclusive	TK10,TK16	SNV			2	0
ENSG00000284424	MIR4724	GroupA_exclusive	TK16,TK91	SNV			2	0
ENSG00000284176	MIR5090	GroupA_exclusive	TK18,TK91	SNV			2	0
ENSG00000207956	MIR579	GroupA_exclusive	TK92,TK93	SNV			2	0
ENSG00000284005	MIR6084	GroupA_exclusive	TK10,TK18	SNV			2	0
ENSG00000283791	MIR612	GroupA_exclusive	TK10,TK18	SNV			2	0
ENSG00000278418	MIR6512	GroupA_exclusive	TK91,TK93	SNV			2	0
ENSG00000278034	MIR6731	GroupA_exclusive	TK91,TK92	SNV			2	0
ENSG00000278549	MIR6736	GroupA_exclusive	TK10,TK92	INDEL,SNV			2	0
ENSG00000283180	MIR6767	GroupA_exclusive	TK92,TK93	SNV			2	0
ENSG00000275273	MIR6780A	GroupA_exclusive	TK92,TK93	SNV			2	0
ENSG00000278447	MIR6781	GroupA_exclusive	TK10,TK18	SNV			2	0
ENSG00000283950	MIR6791	GroupA_exclusive	TK10,TK18	INDEL,SNV			2	0
ENSG00000284372	MIR6808	GroupA_exclusive	TK16,TK91	SNV			2	0
ENSG00000278420	MIR6819	GroupA_exclusive	TK18,TK92	SNV			2	0
ENSG00000278658	MIR6826	GroupA_exclusive	TK91,TK92	SNV			2	0
ENSG00000284144	MIR6866	GroupA_exclusive	TK92,TK93	INDEL			2	0
ENSG00000274621	MIR6867	GroupA_exclusive	TK10,TK92	INDEL			2	0
ENSG00000273745	MIR6870	GroupA_exclusive	TK91,TK93	SNV			2	0
ENSG00000273932	MIR6877	GroupA_exclusive	TK10,TK91	SNV			2	0
ENSG00000276083	MIR7976	GroupA_exclusive	TK10,TK18	SNV			2	0
ENSG00000216035	MIR938	GroupA_exclusive	TK91,TK93	SNV			2	0
ENSG00000207550	MIR99B	GroupA_exclusive	TK10,TK93	SNV			2	0
ENSG00000237090	MKRN8P	GroupA_exclusive	TK92,TK93	INDEL,SNV			2	0
ENSG00000096395	MLN	GroupA_exclusive	TK10,TK18	SNV			2	0
ENSG00000271447	MMP28	GroupA_exclusive	TK18,TK91	INDEL,SNV			2	0
ENSG00000231857	MORF4L1P5	GroupA_exclusive	TK92,TK93	SNV			2	0
ENSG00000291103	MPHOSPH10P1	GroupA_exclusive	TK91,TK92	SNV			2	0
ENSG00000283345	MPHOSPH10P3	GroupA_exclusive	TK91,TK92	SNV			2	0
ENSG00000271428	MPHOSPH6P1	GroupA_exclusive	TK92,TK93	SNV			2	0
ENSG00000260314	MRC1	GroupA_exclusive	TK91,TK92	SNV			2	0
ENSG00000232722	MROH4P	GroupA_exclusive	TK10,TK91	SNV			2	0
ENSG00000259441	MRPL15P1	GroupA_exclusive	TK91,TK93	SNV			2	0
ENSG00000250324	MRPL22P1	GroupA_exclusive	TK91,TK93	SNV			2	0
ENSG00000238076	MRPL48P1	GroupA_exclusive	TK91,TK92	SNV			2	0
ENSG00000235299	MRPL53P1	GroupA_exclusive	TK91,TK92	SNV			2	0
ENSG00000262759	MRPS21P9	GroupA_exclusive	TK10,TK92	SNV			2	0
ENSG00000263368	MSANTD3P1	GroupA_exclusive	TK91,TK92	SNV			2	0
ENSG00000233929	MT1XP1	GroupA_exclusive	TK92,TK93	SNV			2	0
ENSG00000186205	MTARC1	GroupA_exclusive	TK91,TK92	SNV			2	0
ENSG00000228097	MTATP6P11	GroupA_exclusive	TK91,TK92	SNV			2	0
ENSG00000228316	MTATP6P19	GroupA_exclusive	TK91,TK93	SNV			2	0
ENSG00000232179	MTATP6P29	GroupA_exclusive	TK10,TK91	SNV			2	0
ENSG00000280243	MTCO1P1	GroupA_exclusive	TK92,TK93	SNV			2	0
ENSG00000237300	MTCO1P19	GroupA_exclusive	TK91,TK93	SNV			2	0
ENSG00000235524	MTCO1P23	GroupA_exclusive	TK91,TK92	SNV			2	0
ENSG00000232579	MTCO1P27	GroupA_exclusive	TK10,TK93	SNV			2	0
ENSG00000230321	MTCO2P27	GroupA_exclusive	TK16,TK92	SNV			2	0
ENSG00000268736	MTCO3P39	GroupA_exclusive	TK91,TK92	SNV			2	0
ENSG00000224747	MTCYBP21	GroupA_exclusive	TK10,TK91	INDEL,SNV			2	0
ENSG00000263241	MTCYBP33	GroupA_exclusive	TK91,TK92	SNV			2	0
ENSG00000240097	MTERF1P1	GroupA_exclusive	TK92,TK93	SNV			2	0
ENSG00000163738	MTHFD2L	GroupA_exclusive	TK92,TK93	SNV			2	0
ENSG00000255504	MTMR12P1	GroupA_exclusive	TK91,TK92	SNV			2	0
ENSG00000239648	MTND1P3	GroupA_exclusive	TK92,TK93	SNV			2	0
ENSG00000231152	MTND2P15	GroupA_exclusive	TK91,TK92	SNV			2	0
ENSG00000236254	MTND4P14	GroupA_exclusive	TK91,TK92	SNV			2	0
ENSG00000234065	MTND4P26	GroupA_exclusive	TK16,TK93	SNV			2	0
ENSG00000230225	MTND5P14	GroupA_exclusive	TK91,TK92	SNV			2	0
ENSG00000234886	MTND5P26	GroupA_exclusive	TK91,TK92	SNV			2	0
ENSG00000261904	MTND5P33	GroupA_exclusive	TK92,TK93	SNV			2	0
ENSG00000283578	MTND5P42	GroupA_exclusive	TK16,TK91	SNV			2	0
ENSG00000227730	MTND6P5	GroupA_exclusive	TK91,TK93	SNV			2	0
ENSG00000168412	MTNR1A	GroupA_exclusive	TK91,TK93	SNV			2	0
ENSG00000256091	MTRF1LP1	GroupA_exclusive	TK91,TK92	SNV			2	0
ENSG00000132613	MTSS2	GroupA_exclusive	TK10,TK91	SNV			2	0
ENSG00000138823	MTTP	GroupA_exclusive	TK10,TK93	SNV			2	0
ENSG00000172551	MUCL1	GroupA_exclusive	TK91,TK93	INDEL,SNV			2	0
ENSG00000237906	MUPP	GroupA_exclusive	TK92,TK93	SNV			2	0
ENSG00000132781	MUTYH	GroupA_exclusive	TK92,TK93	SNV			2	0
ENSG00000002079	MYH16	GroupA_exclusive	TK16,TK91	SNV			2	0
ENSG00000228380	MYL6BP1	GroupA_exclusive	TK91,TK93	SNV			2	0
ENSG00000228118	MYL6P5	GroupA_exclusive	TK92,TK93	SNV			2	0
ENSG00000133454	MYO18B	GroupA_exclusive	TK92,TK93	SNV			2	0
ENSG00000034971	MYOC	GroupA_exclusive	TK92,TK93	INDEL			2	0
ENSG00000227274	MYOCD-AS1	GroupA_exclusive	TK91,TK92	INDEL,SNV			2	0
ENSG00000273524	Metazoa_SRP	GroupA_exclusive	TK10,TK91	SNV			2	0
ENSG00000273710	Metazoa_SRP	GroupA_exclusive	TK91,TK92	SNV			2	0
ENSG00000273975	Metazoa_SRP	GroupA_exclusive	TK10,TK16	SNV			2	0
ENSG00000273979	Metazoa_SRP	GroupA_exclusive	TK91,TK93	SNV			2	0
ENSG00000274008	Metazoa_SRP	GroupA_exclusive	TK10,TK92	SNV			2	0
ENSG00000274742	Metazoa_SRP	GroupA_exclusive	TK92,TK93	SNV			2	0
ENSG00000275881	Metazoa_SRP	GroupA_exclusive	TK91,TK92	SNV			2	0
ENSG00000275901	Metazoa_SRP	GroupA_exclusive	TK10,TK91	SNV			2	0
ENSG00000276645	Metazoa_SRP	GroupA_exclusive	TK92,TK93	SNV			2	0
ENSG00000277371	Metazoa_SRP	GroupA_exclusive	TK10,TK91	SNV			2	0
ENSG00000277446	Metazoa_SRP	GroupA_exclusive	TK91,TK93	SNV			2	0
ENSG00000277721	Metazoa_SRP	GroupA_exclusive	TK91,TK92	SNV			2	0
ENSG00000278818	Metazoa_SRP	GroupA_exclusive	TK92,TK93	SNV			2	0
ENSG00000283636	Metazoa_SRP	GroupA_exclusive	TK91,TK92	SNV			2	0
ENSG00000228717	NAB1P1	GroupA_exclusive	TK91,TK92	SNV			2	0
ENSG00000237065	NANOGP4	GroupA_exclusive	TK91,TK93	SNV			2	0
ENSG00000270607	NAV2-AS6	GroupA_exclusive	TK91,TK92	INDEL,SNV			2	0
ENSG00000226953	NCKAP5-AS2	GroupA_exclusive	TK18,TK92	SNV			2	0
ENSG00000240108	NCOR1P1	GroupA_exclusive	TK92,TK93	SNV			2	0
ENSG00000225428	NDUFB4P7	GroupA_exclusive	TK91,TK93	SNV			2	0
ENSG00000271045	NDUFB9P1	GroupA_exclusive	TK92,TK93	SNV			2	0
ENSG00000236281	NDUFB9P2	GroupA_exclusive	TK92,TK93	SNV			2	0
ENSG00000241905	NDUFS6P1	GroupA_exclusive	TK91,TK92	SNV			2	0
ENSG00000103154	NECAB2	GroupA_exclusive	TK10,TK91	SNV			2	0
ENSG00000089818	NECAP1	GroupA_exclusive	TK18,TK93	SNV			2	0
ENSG00000258027	NF1P4	GroupA_exclusive	TK92,TK93	SNV			2	0
ENSG00000008441	NFIX	GroupA_exclusive	TK10,TK92	SNV			2	0
ENSG00000259449	NIFKP8	GroupA_exclusive	TK16,TK91	SNV			2	0
ENSG00000182261	NLRP10	GroupA_exclusive	TK91,TK93	INDEL,SNV			2	0
ENSG00000226342	NMD3P1	GroupA_exclusive	TK91,TK92	SNV			2	0
ENSG00000171658	NMRAL2P	GroupA_exclusive	TK10,TK91	SNV			2	0
ENSG00000183691	NOG	GroupA_exclusive	TK10,TK93	SNV			2	0
ENSG00000233133	NPEPPSP2	GroupA_exclusive	TK91,TK93	SNV			2	0
ENSG00000116218	NPHS2	GroupA_exclusive	TK91,TK93	SNV			2	0
ENSG00000224712	NPIPA3	GroupA_exclusive	TK92,TK93	INDEL,SNV			2	0
ENSG00000259161	NPM1P20	GroupA_exclusive	TK92,TK93	SNV			2	0
ENSG00000214807	NPM1P31	GroupA_exclusive	TK91,TK92	SNV			2	0
ENSG00000258925	NPM1P5	GroupA_exclusive	TK92,TK93	SNV			2	0
ENSG00000168743	NPNT	GroupA_exclusive	TK10,TK93	INDEL,SNV			2	0
ENSG00000225738	NRG3-AS1	GroupA_exclusive	TK91,TK92	INDEL,SNV			2	0
ENSG00000225950	NTF4	GroupA_exclusive	TK10,TK16	INDEL,SNV			2	0
ENSG00000257155	NUBPL-DT	GroupA_exclusive	TK91,TK92	SNV			2	0
ENSG00000095110	NXPE1	GroupA_exclusive	TK91,TK93	SNV			2	0
ENSG00000204361	NXPE2	GroupA_exclusive	TK91,TK93	SNV			2	0
ENSG00000238021	ODAD2P1	GroupA_exclusive	TK91,TK92	SNV			2	0
ENSG00000182950	ODF3L1	GroupA_exclusive	TK10,TK92	SNV			2	0
ENSG00000228212	OFD1P17	GroupA_exclusive	TK91,TK92	SNV			2	0
ENSG00000116774	OLFML3	GroupA_exclusive	TK10,TK92	INDEL,SNV			2	0
ENSG00000254743	OR10V3P	GroupA_exclusive	TK91,TK92	SNV			2	0
ENSG00000220721	OR1F12P	GroupA_exclusive	TK92,TK93	SNV			2	0
ENSG00000197233	OR1J2	GroupA_exclusive	TK91,TK92	SNV			2	0
ENSG00000165204	OR1K1	GroupA_exclusive	TK91,TK92	SNV			2	0
ENSG00000188558	OR2G6	GroupA_exclusive	TK10,TK92	SNV			2	0
ENSG00000228198	OR2M3	GroupA_exclusive	TK92,TK93	SNV			2	0
ENSG00000168126	OR2W6P	GroupA_exclusive	TK91,TK92	SNV			2	0
ENSG00000224830	OR2X1P	GroupA_exclusive	TK10,TK91	SNV			2	0
ENSG00000255294	OR4A50P	GroupA_exclusive	TK92,TK93	SNV			2	0
ENSG00000274102	OR4M2	GroupA_exclusive	TK18,TK91	SNV			2	0
ENSG00000176294	OR4N2	GroupA_exclusive	TK91,TK92	SNV			2	0
ENSG00000248424	OR51K1P	GroupA_exclusive	TK91,TK93	SNV			2	0
ENSG00000181616	OR52H1	GroupA_exclusive	TK91,TK92	SNV			2	0
ENSG00000196778	OR52K1	GroupA_exclusive	TK10,TK92	SNV			2	0
ENSG00000180934	OR56A1	GroupA_exclusive	TK91,TK93	SNV			2	0
ENSG00000172365	OR5B2	GroupA_exclusive	TK91,TK92	SNV			2	0
ENSG00000215160	OR7E122P	GroupA_exclusive	TK16,TK91	SNV			2	0
ENSG00000189398	OR7E12P	GroupA_exclusive	TK18,TK93	INDEL,SNV			2	0
ENSG00000250640	OR7E41P	GroupA_exclusive	TK91,TK93	SNV			2	0
ENSG00000239978	OR7E53P	GroupA_exclusive	TK91,TK93	SNV			2	0
ENSG00000250561	OR7E59P	GroupA_exclusive	TK91,TK92	SNV			2	0
ENSG00000248364	OR7E86P	GroupA_exclusive	TK92,TK93	SNV			2	0
ENSG00000256347	OR8R1P	GroupA_exclusive	TK18,TK92	SNV			2	0
ENSG00000269608	OSTCP3	GroupA_exclusive	TK92,TK93	SNV			2	0
ENSG00000234315	OSTCP5	GroupA_exclusive	TK92,TK93	SNV			2	0
ENSG00000233308	OSTN-AS1	GroupA_exclusive	TK10,TK91	SNV			2	0
ENSG00000183034	OTOP2	GroupA_exclusive	TK10,TK92	SNV			2	0
ENSG00000257501	PAFAH1B2P2	GroupA_exclusive	TK18,TK93	SNV			2	0
ENSG00000188582	PAQR9	GroupA_exclusive	TK91,TK92	SNV			2	0
ENSG00000257243	PARK7P1	GroupA_exclusive	TK10,TK92	SNV			2	0
ENSG00000237917	PARP4P1	GroupA_exclusive	TK91,TK92	SNV			2	0
ENSG00000225533	PAWRP1	GroupA_exclusive	TK92,TK93	SNV			2	0
ENSG00000251321	PCAT4	GroupA_exclusive	TK91,TK92	INDEL,SNV			2	0
ENSG00000280719	PCAT5	GroupA_exclusive	TK10,TK93	INDEL,SNV			2	0
ENSG00000132570	PCBD2	GroupA_exclusive	TK10,TK92	SNV			2	0
ENSG00000205424	PCBP3-AS1	GroupA_exclusive	TK91,TK93	SNV			2	0
ENSG00000233840	PCDH9-AS4	GroupA_exclusive	TK92,TK93	SNV			2	0
ENSG00000282949	PCMTD1P7	GroupA_exclusive	TK91,TK92	SNV			2	0
ENSG00000214009	PCNAP3	GroupA_exclusive	TK92,TK93	SNV			2	0
ENSG00000258359	PCNPP1	GroupA_exclusive	TK10,TK91	SNV			2	0
ENSG00000237089	PCNPP4	GroupA_exclusive	TK91,TK92	INDEL,SNV			2	0
ENSG00000102230	PCYT1B	GroupA_exclusive	TK16,TK91	SNV			2	0
ENSG00000282989	PDCL3P2	GroupA_exclusive	TK16,TK92	SNV			2	0
ENSG00000112541	PDE10A	GroupA_exclusive	TK10,TK91	SNV			2	0
ENSG00000172572	PDE3A	GroupA_exclusive	TK92,TK93	SNV			2	0
ENSG00000227466	PDE4B-AS1	GroupA_exclusive	TK91,TK92	SNV			2	0
ENSG00000178104	PDE4DIP	GroupA_exclusive	TK92,TK93	SNV			2	0
ENSG00000229828	PDE4DIPP1	GroupA_exclusive	TK91,TK92	SNV			2	0
ENSG00000233430	PDE4DIPP3	GroupA_exclusive	TK92,TK93	SNV			2	0
ENSG00000275585	PDE4DIPP4	GroupA_exclusive	TK91,TK92	SNV			2	0
ENSG00000275064	PDE4DIPP5	GroupA_exclusive	TK92,TK93	SNV			2	0
ENSG00000270772	PDHA1P1	GroupA_exclusive	TK92,TK93	SNV			2	0
ENSG00000215193	PEX26	GroupA_exclusive	TK10,TK92	SNV			2	0
ENSG00000225026	PFDN1P1	GroupA_exclusive	TK10,TK91	SNV			2	0
ENSG00000234367	PFN1P3	GroupA_exclusive	TK92,TK93	SNV			2	0
ENSG00000225080	PFN1P4	GroupA_exclusive	TK10,TK93	SNV			2	0
ENSG00000170950	PGK2	GroupA_exclusive	TK91,TK92	SNV			2	0
ENSG00000235740	PHACTR2-AS1	GroupA_exclusive	TK92,TK93	SNV			2	0
ENSG00000227593	PHB1P16	GroupA_exclusive	TK91,TK92	SNV			2	0
ENSG00000271072	PHB1P20	GroupA_exclusive	TK91,TK93	SNV			2	0
ENSG00000240471	PHB1P8	GroupA_exclusive	TK18,TK93	SNV			2	0
ENSG00000122733	PHF24	GroupA_exclusive	TK10,TK93	INDEL,SNV			2	0
ENSG00000238259	PHF5AP5	GroupA_exclusive	TK91,TK92	SNV			2	0
ENSG00000165462	PHOX2A	GroupA_exclusive	TK92,TK93	SNV			2	0
ENSG00000164530	PI16	GroupA_exclusive	TK10,TK18	SNV			2	0
ENSG00000290425	PI4KAP1	GroupA_exclusive	TK10,TK92	SNV			2	0
ENSG00000197563	PIGN	GroupA_exclusive	TK91,TK92	SNV			2	0
ENSG00000158828	PINK1	GroupA_exclusive	TK91,TK93	SNV			2	0
ENSG00000215057	PKMP5	GroupA_exclusive	TK92,TK93	SNV			2	0
ENSG00000261181	PLA2G10FP	GroupA_exclusive	TK91,TK93	SNV			2	0
ENSG00000257506	PLA2G10HP	GroupA_exclusive	TK91,TK92	SNV			2	0
ENSG00000268894	PLCE1-AS1	GroupA_exclusive	TK91,TK92	SNV			2	0
ENSG00000240766	PLCXD2-AS1	GroupA_exclusive	TK91,TK92	SNV			2	0
ENSG00000233448	PMS2P9	GroupA_exclusive	TK91,TK92	SNV			2	0
ENSG00000228089	PNKDP1	GroupA_exclusive	TK91,TK93	SNV			2	0
ENSG00000175535	PNLIP	GroupA_exclusive	TK92,TK93	SNV			2	0
ENSG00000250329	POGLUT2P1	GroupA_exclusive	TK92,TK93	SNV			2	0
ENSG00000214626	POLR3DP1	GroupA_exclusive	TK91,TK92	SNV			2	0
ENSG00000268295	POLR3GP1	GroupA_exclusive	TK91,TK93	SNV			2	0
ENSG00000266984	POLR3GP2	GroupA_exclusive	TK91,TK92	SNV			2	0
ENSG00000064835	POU1F1	GroupA_exclusive	TK92,TK93	SNV			2	0
ENSG00000258116	PPIAP45	GroupA_exclusive	TK10,TK18	SNV			2	0
ENSG00000232407	PPIAP70	GroupA_exclusive	TK10,TK92	SNV			2	0
ENSG00000228728	PPIAP91	GroupA_exclusive	TK18,TK93	INDEL,SNV			2	0
ENSG00000205936	PPP1R12BP2	GroupA_exclusive	TK91,TK92	SNV			2	0
ENSG00000272663	PPP1R21-DT	GroupA_exclusive	TK16,TK18	SNV			2	0
ENSG00000178125	PPP1R42	GroupA_exclusive	TK10,TK93	SNV			2	0
ENSG00000223652	PRDM6-AS1	GroupA_exclusive	TK91,TK92	SNV			2	0
ENSG00000214121	PRDX1P1	GroupA_exclusive	TK91,TK93	INDEL,SNV			2	0
ENSG00000251656	PRELID3BP5	GroupA_exclusive	TK92,TK93	SNV			2	0
ENSG00000101000	PROCR	GroupA_exclusive	TK91,TK92	SNV			2	0
ENSG00000163421	PROK2	GroupA_exclusive	TK16,TK93	INDEL,SNV			2	0
ENSG00000148426	PROSER2	GroupA_exclusive	TK91,TK92	SNV			2	0
ENSG00000225053	PRPF38AP1	GroupA_exclusive	TK18,TK91	SNV			2	0
ENSG00000135362	PRR5L	GroupA_exclusive	TK91,TK93	SNV			2	0
ENSG00000116132	PRRX1	GroupA_exclusive	TK91,TK93	SNV			2	0
ENSG00000010438	PRSS3	GroupA_exclusive	TK16,TK93	SNV			2	0
ENSG00000253649	PRSS51	GroupA_exclusive	TK91,TK93	SNV			2	0
ENSG00000205155	PSENEN	GroupA_exclusive	TK91,TK93	SNV			2	0
ENSG00000147613	PSKH2	GroupA_exclusive	TK10,TK92	SNV			2	0
ENSG00000228663	PSMD10P1	GroupA_exclusive	TK10,TK91	SNV			2	0
ENSG00000240135	PSMD12P1	GroupA_exclusive	TK92,TK93	SNV			2	0
ENSG00000223741	PSMD4P1	GroupA_exclusive	TK91,TK92	INDEL,SNV			2	0
ENSG00000227462	PSME2P6	GroupA_exclusive	TK92,TK93	SNV			2	0
ENSG00000233067	PTCHD1-AS	GroupA_exclusive	TK91,TK92	SNV			2	0
ENSG00000231550	PTCHD3P2	GroupA_exclusive	TK10,TK92	SNV			2	0
ENSG00000148344	PTGES	GroupA_exclusive	TK10,TK93	INDEL,SNV			2	0
ENSG00000217643	PTGES3P2	GroupA_exclusive	TK16,TK18	SNV			2	0
ENSG00000095303	PTGS1	GroupA_exclusive	TK10,TK92	SNV			2	0
ENSG00000228415	PTMAP1	GroupA_exclusive	TK10,TK93	SNV			2	0
ENSG00000213237	PTMAP10	GroupA_exclusive	TK16,TK93	INDEL,SNV			2	0
ENSG00000240882	PTOV1P1	GroupA_exclusive	TK10,TK92	SNV			2	0
ENSG00000254481	PTP4A2P2	GroupA_exclusive	TK91,TK92	SNV			2	0
ENSG00000239455	PTPN11P1	GroupA_exclusive	TK92,TK93	SNV			2	0
ENSG00000226717	PTPRD-DT	GroupA_exclusive	TK10,TK92	SNV			2	0
ENSG00000163661	PTX3	GroupA_exclusive	TK10,TK16	INDEL,SNV			2	0
ENSG00000157502	PWWP3B	GroupA_exclusive	TK91,TK92	SNV			2	0
ENSG00000103490	PYCARD	GroupA_exclusive	TK10,TK91	INDEL,SNV			2	0
ENSG00000253548	PYDC2	GroupA_exclusive	TK92,TK93	SNV			2	0
ENSG00000289721	PYDC5	GroupA_exclusive	TK16,TK92	SNV			2	0
ENSG00000156675	RAB11FIP1	GroupA_exclusive	TK91,TK93	SNV			2	0
ENSG00000041353	RAB27B	GroupA_exclusive	TK16,TK92	SNV			2	0
ENSG00000246067	RAB30-DT	GroupA_exclusive	TK16,TK91	SNV			2	0
ENSG00000172794	RAB37	GroupA_exclusive	TK16,TK92	SNV			2	0
ENSG00000231423	RAB9AP5	GroupA_exclusive	TK91,TK92	SNV			2	0
ENSG00000257331	RACGAP1P1	GroupA_exclusive	TK91,TK92	SNV			2	0
ENSG00000249921	RACK1P1	GroupA_exclusive	TK91,TK93	SNV			2	0
ENSG00000234569	RAD1P1	GroupA_exclusive	TK92,TK93	INDEL,SNV			2	0
ENSG00000238116	RAD21P1	GroupA_exclusive	TK91,TK92	INDEL,SNV			2	0
ENSG00000238029	RALBP1P2	GroupA_exclusive	TK91,TK92	SNV			2	0
ENSG00000232391	RANP2	GroupA_exclusive	TK92,TK93	SNV			2	0
ENSG00000225125	RANP4	GroupA_exclusive	TK92,TK93	INDEL,SNV			2	0
ENSG00000233524	RANP8	GroupA_exclusive	TK91,TK92	INDEL,SNV			2	0
ENSG00000250053	RARRES2P4	GroupA_exclusive	TK10,TK16	SNV			2	0
ENSG00000250170	RASA2-IT1	GroupA_exclusive	TK92,TK93	SNV			2	0
ENSG00000251450	RASGRF2-AS1	GroupA_exclusive	TK91,TK92	SNV			2	0
ENSG00000254670	RASSF10-DT	GroupA_exclusive	TK91,TK93	SNV			2	0
ENSG00000256351	RBISP3	GroupA_exclusive	TK16,TK91	SNV			2	0
ENSG00000223575	RBMX2P3	GroupA_exclusive	TK91,TK92	SNV			2	0
ENSG00000227204	RBMY2JP	GroupA_exclusive	TK91,TK92	SNV			2	0
ENSG00000234025	RBPMS2P1	GroupA_exclusive	TK10,TK93	SNV			2	0
ENSG00000251050	RBX1P2	GroupA_exclusive	TK10,TK93	SNV			2	0
ENSG00000224977	RC3H1-DT	GroupA_exclusive	TK18,TK91	SNV			2	0
ENSG00000137710	RDX	GroupA_exclusive	TK92,TK93	SNV			2	0
ENSG00000255387	RDXP1	GroupA_exclusive	TK91,TK93	SNV			2	0
ENSG00000128250	RFPL1	GroupA_exclusive	TK10,TK93	SNV			2	0
ENSG00000230651	RGPD4-AS1	GroupA_exclusive	TK18,TK92	SNV			2	0
ENSG00000140519	RHCG	GroupA_exclusive	TK91,TK92	SNV			2	0
ENSG00000101098	RIMS4	GroupA_exclusive	TK10,TK18	SNV			2	0
ENSG00000132669	RIN2	GroupA_exclusive	TK16,TK92	SNV			2	0
ENSG00000201600	RN7SKP124	GroupA_exclusive	TK91,TK93	SNV			2	0
ENSG00000222162	RN7SKP151	GroupA_exclusive	TK91,TK93	SNV			2	0
ENSG00000222385	RN7SKP158	GroupA_exclusive	TK91,TK92	SNV			2	0
ENSG00000222352	RN7SKP221	GroupA_exclusive	TK10,TK93	SNV			2	0
ENSG00000222102	RN7SKP232	GroupA_exclusive	TK91,TK93	SNV			2	0
ENSG00000252051	RN7SKP276	GroupA_exclusive	TK10,TK91	SNV			2	0
ENSG00000223117	RN7SKP296	GroupA_exclusive	TK92,TK93	SNV			2	0
ENSG00000201901	RN7SKP48	GroupA_exclusive	TK91,TK92	SNV			2	0
ENSG00000253015	RN7SKP64	GroupA_exclusive	TK91,TK93	SNV			2	0
ENSG00000252464	RN7SKP70	GroupA_exclusive	TK92,TK93	SNV			2	0
ENSG00000201793	RN7SKP9	GroupA_exclusive	TK91,TK93	SNV			2	0
ENSG00000252879	RN7SKP98	GroupA_exclusive	TK92,TK93	SNV			2	0
ENSG00000243546	RN7SL108P	GroupA_exclusive	TK91,TK92	SNV			2	0
ENSG00000276281	RN7SL126P	GroupA_exclusive	TK18,TK92	SNV			2	0
ENSG00000240869	RN7SL128P	GroupA_exclusive	TK91,TK92	SNV			2	0
ENSG00000240106	RN7SL146P	GroupA_exclusive	TK91,TK92	SNV			2	0
ENSG00000264317	RN7SL154P	GroupA_exclusive	TK16,TK92	SNV			2	0
ENSG00000264573	RN7SL15P	GroupA_exclusive	TK10,TK92	SNV			2	0
ENSG00000243005	RN7SL16P	GroupA_exclusive	TK91,TK93	SNV			2	0
ENSG00000243333	RN7SL174P	GroupA_exclusive	TK91,TK92	SNV			2	0
ENSG00000241461	RN7SL182P	GroupA_exclusive	TK92,TK93	SNV			2	0
ENSG00000264676	RN7SL204P	GroupA_exclusive	TK10,TK93	SNV			2	0
ENSG00000239856	RN7SL225P	GroupA_exclusive	TK92,TK93	SNV			2	0
ENSG00000243870	RN7SL236P	GroupA_exclusive	TK10,TK18	SNV			2	0
ENSG00000242999	RN7SL239P	GroupA_exclusive	TK92,TK93	SNV			2	0
ENSG00000240160	RN7SL263P	GroupA_exclusive	TK18,TK91	SNV			2	0
ENSG00000241709	RN7SL265P	GroupA_exclusive	TK18,TK92	INDEL,SNV			2	0
ENSG00000244671	RN7SL280P	GroupA_exclusive	TK10,TK16	SNV			2	0
ENSG00000244512	RN7SL28P	GroupA_exclusive	TK91,TK92	SNV			2	0
ENSG00000241631	RN7SL316P	GroupA_exclusive	TK16,TK18	INDEL,SNV			2	0
ENSG00000240853	RN7SL328P	GroupA_exclusive	TK91,TK93	SNV			2	0
ENSG00000263941	RN7SL32P	GroupA_exclusive	TK92,TK93	SNV			2	0
ENSG00000243560	RN7SL364P	GroupA_exclusive	TK18,TK91	SNV			2	0
ENSG00000265814	RN7SL376P	GroupA_exclusive	TK91,TK93	SNV			2	0
ENSG00000243883	RN7SL419P	GroupA_exclusive	TK91,TK93	SNV			2	0
ENSG00000265753	RN7SL444P	GroupA_exclusive	TK16,TK18	SNV			2	0
ENSG00000264322	RN7SL448P	GroupA_exclusive	TK10,TK92	SNV			2	0
ENSG00000242889	RN7SL449P	GroupA_exclusive	TK10,TK16	SNV			2	0
ENSG00000243872	RN7SL464P	GroupA_exclusive	TK91,TK93	SNV			2	0
ENSG00000243871	RN7SL487P	GroupA_exclusive	TK10,TK93	SNV			2	0
ENSG00000265802	RN7SL49P	GroupA_exclusive	TK10,TK16	SNV			2	0
ENSG00000266308	RN7SL510P	GroupA_exclusive	TK91,TK92	INDEL,SNV			2	0
ENSG00000240750	RN7SL559P	GroupA_exclusive	TK92,TK93	SNV			2	0
ENSG00000266075	RN7SL574P	GroupA_exclusive	TK10,TK92	SNV			2	0
ENSG00000240233	RN7SL587P	GroupA_exclusive	TK92,TK93	INDEL,SNV			2	0
ENSG00000239247	RN7SL589P	GroupA_exclusive	TK18,TK93	SNV			2	0
ENSG00000274963	RN7SL600P	GroupA_exclusive	TK10,TK16	SNV			2	0
ENSG00000243267	RN7SL614P	GroupA_exclusive	TK16,TK92	SNV			2	0
ENSG00000274475	RN7SL650P	GroupA_exclusive	TK18,TK93	SNV			2	0
ENSG00000264293	RN7SL657P	GroupA_exclusive	TK18,TK93	SNV			2	0
ENSG00000239742	RN7SL672P	GroupA_exclusive	TK92,TK93	SNV			2	0
ENSG00000244335	RN7SL687P	GroupA_exclusive	TK18,TK92	SNV			2	0
ENSG00000239726	RN7SL688P	GroupA_exclusive	TK92,TK93	SNV			2	0
ENSG00000239710	RN7SL692P	GroupA_exclusive	TK91,TK92	SNV			2	0
ENSG00000241144	RN7SL728P	GroupA_exclusive	TK92,TK93	SNV			2	0
ENSG00000273946	RN7SL733P	GroupA_exclusive	TK92,TK93	SNV			2	0
ENSG00000239964	RN7SL748P	GroupA_exclusive	TK91,TK92	SNV			2	0
ENSG00000239437	RN7SL752P	GroupA_exclusive	TK91,TK92	SNV			2	0
ENSG00000272412	RN7SL778P	GroupA_exclusive	TK92,TK93	SNV			2	0
ENSG00000239731	RN7SL825P	GroupA_exclusive	TK91,TK92	SNV			2	0
ENSG00000201595	RNA5SP132	GroupA_exclusive	TK91,TK92	SNV			2	0
ENSG00000207129	RNA5SP187	GroupA_exclusive	TK10,TK93	SNV			2	0
ENSG00000201532	RNA5SP194	GroupA_exclusive	TK91,TK92	SNV			2	0
ENSG00000252164	RNA5SP282	GroupA_exclusive	TK91,TK93	SNV			2	0
ENSG00000199638	RNA5SP319	GroupA_exclusive	TK91,TK92	SNV			2	0
ENSG00000222123	RNA5SP390	GroupA_exclusive	TK91,TK93	SNV			2	0
ENSG00000222585	RNA5SP494	GroupA_exclusive	TK91,TK92	SNV			2	0
ENSG00000265790	RNASEH1P1	GroupA_exclusive	TK92,TK93	SNV			2	0
ENSG00000242068	RNF13P1	GroupA_exclusive	TK92,TK93	SNV			2	0
ENSG00000232915	RNF14P1	GroupA_exclusive	TK92,TK93	SNV			2	0
ENSG00000202125	RNU1-100P	GroupA_exclusive	TK92,TK93	SNV			2	0
ENSG00000252311	RNU1-103P	GroupA_exclusive	TK10,TK93	SNV			2	0
ENSG00000201142	RNU1-151P	GroupA_exclusive	TK18,TK92	SNV			2	0
ENSG00000199652	RNU1-35P	GroupA_exclusive	TK10,TK92	INDEL,SNV			2	0
ENSG00000251877	RNU2-45P	GroupA_exclusive	TK92,TK93	SNV			2	0
ENSG00000252212	RNU2-58P	GroupA_exclusive	TK91,TK92	SNV			2	0
ENSG00000222363	RNU4-34P	GroupA_exclusive	TK18,TK92	SNV			2	0
ENSG00000251889	RNU4-49P	GroupA_exclusive	TK92,TK93	SNV			2	0
ENSG00000201317	RNU4-59P	GroupA_exclusive	TK91,TK93	SNV			2	0
ENSG00000199313	RNU4-82P	GroupA_exclusive	TK91,TK92	SNV			2	0
ENSG00000252116	RNU4ATAC4P	GroupA_exclusive	TK91,TK93	SNV			2	0
ENSG00000206625	RNU6-1	GroupA_exclusive	TK92,TK93	SNV			2	0
ENSG00000222287	RNU6-1043P	GroupA_exclusive	TK91,TK92	SNV			2	0
ENSG00000200815	RNU6-1091P	GroupA_exclusive	TK16,TK18	SNV			2	0
ENSG00000207237	RNU6-110P	GroupA_exclusive	TK10,TK91	SNV			2	0
ENSG00000251939	RNU6-1278P	GroupA_exclusive	TK10,TK91	SNV			2	0
ENSG00000201223	RNU6-1305P	GroupA_exclusive	TK92,TK93	INDEL			2	0
ENSG00000199645	RNU6-1330P	GroupA_exclusive	TK91,TK92	INDEL,SNV			2	0
ENSG00000207113	RNU6-16P	GroupA_exclusive	TK91,TK92	SNV			2	0
ENSG00000200095	RNU6-181P	GroupA_exclusive	TK16,TK18	SNV			2	0
ENSG00000200732	RNU6-194P	GroupA_exclusive	TK10,TK93	INDEL,SNV			2	0
ENSG00000252489	RNU6-197P	GroupA_exclusive	TK91,TK93	SNV			2	0
ENSG00000201613	RNU6-200P	GroupA_exclusive	TK91,TK93	SNV			2	0
ENSG00000202119	RNU6-302P	GroupA_exclusive	TK91,TK93	SNV			2	0
ENSG00000207524	RNU6-33P	GroupA_exclusive	TK91,TK92	SNV			2	0
ENSG00000252444	RNU6-344P	GroupA_exclusive	TK16,TK92	INDEL,SNV			2	0
ENSG00000202034	RNU6-399P	GroupA_exclusive	TK91,TK93	SNV			2	0
ENSG00000201524	RNU6-450P	GroupA_exclusive	TK92,TK93	SNV			2	0
ENSG00000199865	RNU6-495P	GroupA_exclusive	TK92,TK93	INDEL			2	0
ENSG00000199226	RNU6-50P	GroupA_exclusive	TK10,TK92	INDEL,SNV			2	0
ENSG00000251913	RNU6-513P	GroupA_exclusive	TK10,TK91	SNV			2	0
ENSG00000223313	RNU6-516P	GroupA_exclusive	TK18,TK92	INDEL,SNV			2	0
ENSG00000253086	RNU6-537P	GroupA_exclusive	TK91,TK92	SNV			2	0
ENSG00000201382	RNU6-558P	GroupA_exclusive	TK10,TK92	SNV			2	0
ENSG00000222282	RNU6-584P	GroupA_exclusive	TK92,TK93	SNV			2	0
ENSG00000252294	RNU6-589P	GroupA_exclusive	TK92,TK93	INDEL,SNV			2	0
ENSG00000207003	RNU6-611P	GroupA_exclusive	TK91,TK92	SNV			2	0
ENSG00000251874	RNU6-615P	GroupA_exclusive	TK91,TK93	SNV			2	0
ENSG00000202445	RNU6-669P	GroupA_exclusive	TK91,TK92	SNV			2	0
ENSG00000201182	RNU6-670P	GroupA_exclusive	TK91,TK93	SNV			2	0
ENSG00000207507	RNU6-9	GroupA_exclusive	TK91,TK93	INDEL			2	0
ENSG00000222092	RNU6-908P	GroupA_exclusive	TK92,TK93	SNV			2	0
ENSG00000200926	RNU6-960P	GroupA_exclusive	TK92,TK93	INDEL,SNV			2	0
ENSG00000252220	RNU6-977P	GroupA_exclusive	TK91,TK93	SNV			2	0
ENSG00000210678	RNU6ATAC2P	GroupA_exclusive	TK91,TK92	SNV			2	0
ENSG00000221564	RNU6ATAC42P	GroupA_exclusive	TK91,TK92	SNV			2	0
ENSG00000221038	RNU6ATAC7P	GroupA_exclusive	TK92,TK93	SNV			2	0
ENSG00000206832	RNU6V	GroupA_exclusive	TK91,TK92	INDEL			2	0
ENSG00000251720	RNU7-123P	GroupA_exclusive	TK16,TK18	SNV			2	0
ENSG00000202408	RNVU1-21	GroupA_exclusive	TK10,TK18	SNV			2	0
ENSG00000201183	RNVU1-3	GroupA_exclusive	TK10,TK92	SNV			2	0
ENSG00000206828	RNVU1-30	GroupA_exclusive	TK16,TK18	SNV			2	0
ENSG00000201098	RNY1	GroupA_exclusive	TK91,TK92	SNV			2	0
ENSG00000201900	RNY1P13	GroupA_exclusive	TK91,TK93	SNV			2	0
ENSG00000199400	RNY4P19	GroupA_exclusive	TK16,TK93	SNV			2	0
ENSG00000233010	RPEP4	GroupA_exclusive	TK91,TK93	SNV			2	0
ENSG00000235644	RPL10P5	GroupA_exclusive	TK91,TK92	INDEL,SNV			2	0
ENSG00000244585	RPL12P33	GroupA_exclusive	TK91,TK92	SNV			2	0
ENSG00000227123	RPL12P44	GroupA_exclusive	TK91,TK93	SNV			2	0
ENSG00000226624	RPL13AP16	GroupA_exclusive	TK92,TK93	INDEL,SNV			2	0
ENSG00000242990	RPL13AP23	GroupA_exclusive	TK92,TK93	SNV			2	0
ENSG00000213916	RPL13P	GroupA_exclusive	TK91,TK93	SNV			2	0
ENSG00000225662	RPL14P2	GroupA_exclusive	TK91,TK93	SNV			2	0
ENSG00000224672	RPL17P10	GroupA_exclusive	TK92,TK93	SNV			2	0
ENSG00000271705	RPL17P3	GroupA_exclusive	TK91,TK92	SNV			2	0
ENSG00000241067	RPL17P40	GroupA_exclusive	TK10,TK93	SNV			2	0
ENSG00000223916	RPL18AP9	GroupA_exclusive	TK18,TK93	SNV			2	0
ENSG00000214359	RPL18P10	GroupA_exclusive	TK92,TK93	SNV			2	0
ENSG00000213307	RPL18P11	GroupA_exclusive	TK10,TK92	SNV			2	0
ENSG00000214760	RPL21P1	GroupA_exclusive	TK16,TK91	INDEL,SNV			2	0
ENSG00000243568	RPL21P115	GroupA_exclusive	TK91,TK92	SNV			2	0
ENSG00000219133	RPL21P19	GroupA_exclusive	TK92,TK93	SNV			2	0
ENSG00000241739	RPL21P56	GroupA_exclusive	TK91,TK93	SNV			2	0
ENSG00000240919	RPL21P79	GroupA_exclusive	TK92,TK93	SNV			2	0
ENSG00000180662	RPL21P8	GroupA_exclusive	TK92,TK93	SNV			2	0
ENSG00000229605	RPL21P93	GroupA_exclusive	TK91,TK93	INDEL,SNV			2	0
ENSG00000233707	RPL22P11	GroupA_exclusive	TK92,TK93	INDEL,SNV			2	0
ENSG00000237745	RPL22P8	GroupA_exclusive	TK91,TK92	SNV			2	0
ENSG00000236863	RPL23AP23	GroupA_exclusive	TK92,TK93	SNV			2	0
ENSG00000233084	RPL23AP25	GroupA_exclusive	TK91,TK93	INDEL,SNV			2	0
ENSG00000214914	RPL23AP3	GroupA_exclusive	TK92,TK93	SNV			2	0
ENSG00000237824	RPL23AP33	GroupA_exclusive	TK92,TK93	SNV			2	0
ENSG00000212932	RPL23AP4	GroupA_exclusive	TK91,TK92	SNV			2	0
ENSG00000227337	RPL23AP43	GroupA_exclusive	TK10,TK93	SNV			2	0
ENSG00000235315	RPL23AP69	GroupA_exclusive	TK16,TK91	SNV			2	0
ENSG00000240125	RPL23AP75	GroupA_exclusive	TK92,TK93	SNV			2	0
ENSG00000236848	RPL23AP95	GroupA_exclusive	TK18,TK93	SNV			2	0
ENSG00000260615	RPL23AP97	GroupA_exclusive	TK92,TK93	SNV			2	0
ENSG00000243744	RPL29P13	GroupA_exclusive	TK91,TK92	SNV			2	0
ENSG00000213779	RPL29P21	GroupA_exclusive	TK16,TK91	SNV			2	0
ENSG00000237888	RPL29P31	GroupA_exclusive	TK10,TK93	SNV			2	0
ENSG00000230202	RPL29P4	GroupA_exclusive	TK10,TK93	SNV			2	0
ENSG00000215381	RPL29P6	GroupA_exclusive	TK91,TK93	SNV			2	0
ENSG00000227207	RPL31P12	GroupA_exclusive	TK91,TK93	SNV			2	0
ENSG00000227433	RPL31P22	GroupA_exclusive	TK92,TK93	INDEL,SNV			2	0
ENSG00000239988	RPL31P60	GroupA_exclusive	TK91,TK92	SNV			2	0
ENSG00000232083	RPL31P7	GroupA_exclusive	TK91,TK92	INDEL,SNV			2	0
ENSG00000213872	RPL32P11	GroupA_exclusive	TK91,TK92	SNV			2	0
ENSG00000232858	RPL34P27	GroupA_exclusive	TK91,TK93	SNV			2	0
ENSG00000229814	RPL35AP21	GroupA_exclusive	TK92,TK93	SNV			2	0
ENSG00000238055	RPL36AP24	GroupA_exclusive	TK10,TK16	INDEL,SNV			2	0
ENSG00000225832	RPL36AP25	GroupA_exclusive	TK92,TK93	SNV			2	0
ENSG00000242087	RPL36AP41	GroupA_exclusive	TK91,TK92	SNV			2	0
ENSG00000242123	RPL36AP47	GroupA_exclusive	TK92,TK93	SNV			2	0
ENSG00000213361	RPL36P12	GroupA_exclusive	TK92,TK93	SNV			2	0
ENSG00000218749	RPL36P9	GroupA_exclusive	TK92,TK93	SNV			2	0
ENSG00000239559	RPL37P2	GroupA_exclusive	TK16,TK92	SNV			2	0
ENSG00000241431	RPL37P6	GroupA_exclusive	TK10,TK93	SNV			2	0
ENSG00000224463	RPL39P14	GroupA_exclusive	TK10,TK91	SNV			2	0
ENSG00000243095	RPL3P10	GroupA_exclusive	TK91,TK92	INDEL,SNV			2	0
ENSG00000240540	RPL3P9	GroupA_exclusive	TK91,TK92	SNV			2	0
ENSG00000240954	RPL4P1	GroupA_exclusive	TK91,TK92	SNV			2	0
ENSG00000244052	RPL5P24	GroupA_exclusive	TK10,TK93	SNV			2	0
ENSG00000242276	RPL5P3	GroupA_exclusive	TK92,TK93	INDEL,SNV			2	0
ENSG00000234415	RPL5P7	GroupA_exclusive	TK92,TK93	SNV			2	0
ENSG00000214671	RPL6P12	GroupA_exclusive	TK92,TK93	INDEL,SNV			2	0
ENSG00000240738	RPL6P22	GroupA_exclusive	TK92,TK93	SNV			2	0
ENSG00000213979	RPL7AP14	GroupA_exclusive	TK91,TK92	INDEL,SNV			2	0
ENSG00000213641	RPL7AP4	GroupA_exclusive	TK91,TK92	SNV			2	0
ENSG00000213272	RPL7AP9	GroupA_exclusive	TK16,TK91	SNV			2	0
ENSG00000231035	RPL7L1P9	GroupA_exclusive	TK91,TK93	SNV			2	0
ENSG00000234253	RPL7P13	GroupA_exclusive	TK91,TK93	SNV			2	0
ENSG00000232994	RPL7P14	GroupA_exclusive	TK10,TK91	SNV			2	0
ENSG00000242899	RPL7P16	GroupA_exclusive	TK18,TK93	SNV			2	0
ENSG00000214062	RPL7P17	GroupA_exclusive	TK16,TK93	SNV			2	0
ENSG00000240003	RPL7P24	GroupA_exclusive	TK91,TK92	SNV			2	0
ENSG00000220069	RPL7P27	GroupA_exclusive	TK10,TK93	SNV			2	0
ENSG00000243020	RPL7P39	GroupA_exclusive	TK18,TK92	SNV			2	0
ENSG00000224315	RPL7P7	GroupA_exclusive	TK91,TK92	SNV			2	0
ENSG00000234324	RPL9P2	GroupA_exclusive	TK91,TK92	SNV			2	0
ENSG00000240074	RPL9P30	GroupA_exclusive	TK92,TK93	SNV			2	0
ENSG00000215184	RPS12P16	GroupA_exclusive	TK92,TK93	SNV			2	0
ENSG00000244134	RPS12P20	GroupA_exclusive	TK10,TK92	SNV			2	0
ENSG00000240435	RPS12P27	GroupA_exclusive	TK92,TK93	SNV			2	0
ENSG00000240494	RPS12P28	GroupA_exclusive	TK18,TK93	SNV			2	0
ENSG00000237953	RPS13P5	GroupA_exclusive	TK91,TK92	SNV			2	0
ENSG00000237668	RPS15AP38	GroupA_exclusive	TK91,TK93	SNV			2	0
ENSG00000217527	RPS16P5	GroupA_exclusive	TK16,TK91	SNV			2	0
ENSG00000244621	RPS17P11	GroupA_exclusive	TK92,TK93	SNV			2	0
ENSG00000197575	RPS17P2	GroupA_exclusive	TK91,TK92	INDEL,SNV			2	0
ENSG00000214612	RPS19P1	GroupA_exclusive	TK16,TK18	SNV			2	0
ENSG00000227523	RPS20P15	GroupA_exclusive	TK92,TK93	INDEL			2	0
ENSG00000213448	RPS23P2	GroupA_exclusive	TK92,TK93	SNV			2	0
ENSG00000229087	RPS26P18	GroupA_exclusive	TK91,TK92	INDEL,SNV			2	0
ENSG00000232437	RPS26P42	GroupA_exclusive	TK91,TK93	SNV			2	0
ENSG00000218208	RPS27AP11	GroupA_exclusive	TK10,TK91	SNV			2	0
ENSG00000244717	RPS27P14	GroupA_exclusive	TK91,TK92	SNV			2	0
ENSG00000229054	RPS29P14	GroupA_exclusive	TK10,TK92	SNV			2	0
ENSG00000244249	RPS2P19	GroupA_exclusive	TK16,TK91	INDEL,SNV			2	0
ENSG00000241965	RPS2P25	GroupA_exclusive	TK92,TK93	SNV			2	0
ENSG00000227032	RPS2P36	GroupA_exclusive	TK91,TK92	SNV			2	0
ENSG00000244378	RPS2P45	GroupA_exclusive	TK92,TK93	SNV			2	0
ENSG00000214255	RPS2P6	GroupA_exclusive	TK92,TK93	SNV			2	0
ENSG00000226292	RPS3AP10	GroupA_exclusive	TK92,TK93	SNV			2	0
ENSG00000244674	RPS3AP15	GroupA_exclusive	TK92,TK93	SNV			2	0
ENSG00000244004	RPS3AP19	GroupA_exclusive	TK91,TK93	SNV			2	0
ENSG00000218351	RPS3AP23	GroupA_exclusive	TK91,TK92	SNV			2	0
ENSG00000234995	RPS3AP28	GroupA_exclusive	TK92,TK93	SNV			2	0
ENSG00000231307	RPS3P2	GroupA_exclusive	TK18,TK93	SNV			2	0
ENSG00000244217	RPS4XP10	GroupA_exclusive	TK91,TK92	SNV			2	0
ENSG00000219146	RPS4XP8	GroupA_exclusive	TK91,TK93	SNV			2	0
ENSG00000232082	RPS6KA2-IT1	GroupA_exclusive	TK16,TK91	SNV			2	0
ENSG00000243250	RPS6P16	GroupA_exclusive	TK91,TK92	SNV			2	0
ENSG00000237186	RPS8P5	GroupA_exclusive	TK91,TK92	SNV			2	0
ENSG00000243175	RPSAP36	GroupA_exclusive	TK91,TK93	INDEL,SNV			2	0
ENSG00000226327	RPSAP49	GroupA_exclusive	TK91,TK92	SNV			2	0
ENSG00000236360	RRAS2P1	GroupA_exclusive	TK10,TK92	INDEL,SNV			2	0
ENSG00000236484	RRM2P2	GroupA_exclusive	TK10,TK93	SNV			2	0
ENSG00000230595	RSL24D1P2	GroupA_exclusive	TK91,TK93	SNV			2	0
ENSG00000187823	RTL4	GroupA_exclusive	TK91,TK92	SNV			2	0
ENSG00000225496	RTRAFP1	GroupA_exclusive	TK92,TK93	SNV			2	0
ENSG00000237632	S100A11P1	GroupA_exclusive	TK10,TK91	SNV			2	0
ENSG00000169906	S100G	GroupA_exclusive	TK91,TK92	SNV			2	0
ENSG00000255071	SAA2-SAA4	GroupA_exclusive	TK16,TK92	SNV			2	0
ENSG00000291152	SBDSP1	GroupA_exclusive	TK92,TK93	SNV			2	0
ENSG00000224904	SBF1P2	GroupA_exclusive	TK91,TK92	SNV			2	0
ENSG00000153130	SCOC	GroupA_exclusive	TK18,TK93	SNV			2	0
ENSG00000291091	SDHAP4	GroupA_exclusive	TK10,TK16	SNV			2	0
ENSG00000170426	SDR9C7	GroupA_exclusive	TK10,TK92	SNV			2	0
ENSG00000065665	SEC61A2	GroupA_exclusive	TK91,TK93	SNV			2	0
ENSG00000275562	SEPTIN7P12	GroupA_exclusive	TK10,TK91	SNV			2	0
ENSG00000240651	SEPTIN7P4	GroupA_exclusive	TK91,TK92	INDEL,SNV			2	0
ENSG00000151778	SERP2	GroupA_exclusive	TK10,TK92	SNV			2	0
ENSG00000186369	SERTAD4BP	GroupA_exclusive	TK10,TK18	INDEL,SNV			2	0
ENSG00000239570	SETP11	GroupA_exclusive	TK92,TK93	SNV			2	0
ENSG00000225094	SETP20	GroupA_exclusive	TK92,TK93	SNV			2	0
ENSG00000237211	SETP4	GroupA_exclusive	TK92,TK93	SNV			2	0
ENSG00000233998	SETP5	GroupA_exclusive	TK10,TK92	SNV			2	0
ENSG00000227541	SFR1P1	GroupA_exclusive	TK91,TK92	SNV			2	0
ENSG00000170624	SGCD	GroupA_exclusive	TK10,TK93	SNV			2	0
ENSG00000183918	SH2D1A	GroupA_exclusive	TK92,TK93	SNV			2	0
ENSG00000264943	SH3GL1P2	GroupA_exclusive	TK10,TK18	SNV			2	0
ENSG00000107295	SH3GL2	GroupA_exclusive	TK91,TK93	SNV			2	0
ENSG00000236262	SHANK2-AS2	GroupA_exclusive	TK91,TK92	INDEL,SNV			2	0
ENSG00000239453	SIDT1-AS1	GroupA_exclusive	TK92,TK93	SNV			2	0
ENSG00000161640	SIGLEC11	GroupA_exclusive	TK10,TK16	INDEL,SNV			2	0
ENSG00000268267	SIGLEC29P	GroupA_exclusive	TK18,TK91	SNV			2	0
ENSG00000105501	SIGLEC5	GroupA_exclusive	TK10,TK18	SNV			2	0
ENSG00000184302	SIX6	GroupA_exclusive	TK10,TK91	SNV			2	0
ENSG00000074803	SLC12A1	GroupA_exclusive	TK91,TK93	SNV			2	0
ENSG00000007216	SLC13A2	GroupA_exclusive	TK91,TK92	SNV			2	0
ENSG00000172940	SLC22A13	GroupA_exclusive	TK91,TK92	SNV			2	0
ENSG00000220483	SLC25A51P1	GroupA_exclusive	TK91,TK93	SNV			2	0
ENSG00000228948	SLC25A6P5	GroupA_exclusive	TK91,TK93	INDEL,SNV			2	0
ENSG00000109667	SLC2A9	GroupA_exclusive	TK10,TK92	SNV			2	0
ENSG00000186335	SLC36A2	GroupA_exclusive	TK10,TK16	SNV			2	0
ENSG00000160190	SLC37A1	GroupA_exclusive	TK10,TK92	SNV			2	0
ENSG00000242082	SLC5A4-AS1	GroupA_exclusive	TK10,TK18	INDEL,SNV			2	0
ENSG00000227367	SLC9B1P4	GroupA_exclusive	TK10,TK92	SNV			2	0
ENSG00000248228	SLIT2-IT1	GroupA_exclusive	TK92,TK93	SNV			2	0
ENSG00000246541	SMARCAD1-DT	GroupA_exclusive	TK10,TK92	SNV			2	0
ENSG00000163206	SMCP	GroupA_exclusive	TK10,TK16	SNV			2	0
ENSG00000235285	SMIM2-IT1	GroupA_exclusive	TK18,TK92	SNV			2	0
ENSG00000256235	SMIM3	GroupA_exclusive	TK10,TK92	INDEL,SNV			2	0
ENSG00000172062	SMN1	GroupA_exclusive	TK18,TK92	SNV			2	0
ENSG00000130768	SMPDL3B	GroupA_exclusive	TK16,TK93	SNV			2	0
ENSG00000206785	SNORA15B-2	GroupA_exclusive	TK10,TK93	SNV			2	0
ENSG00000199293	SNORA21	GroupA_exclusive	TK18,TK92	SNV			2	0
ENSG00000207008	SNORA54	GroupA_exclusive	TK16,TK93	SNV			2	0
ENSG00000201129	SNORA58B	GroupA_exclusive	TK10,TK92	SNV			2	0
ENSG00000206838	SNORA5A	GroupA_exclusive	TK16,TK91	SNV			2	0
ENSG00000201388	SNORA68B	GroupA_exclusive	TK10,TK16	SNV			2	0
ENSG00000200355	SNORA72	GroupA_exclusive	TK91,TK92	SNV			2	0
ENSG00000212440	SNORA75	GroupA_exclusive	TK92,TK93	SNV			2	0
ENSG00000212533	SNORA75	GroupA_exclusive	TK18,TK93	SNV			2	0
ENSG00000207496	SNORA7A	GroupA_exclusive	TK91,TK92	SNV			2	0
ENSG00000206633	SNORA80B	GroupA_exclusive	TK10,TK92	SNV			2	0
ENSG00000278123	SNORD116-28	GroupA_exclusive	TK10,TK18	SNV			2	0
ENSG00000284078	SNORD138	GroupA_exclusive	TK10,TK93	SNV			2	0
ENSG00000207445	SNORD15B	GroupA_exclusive	TK18,TK92	SNV			2	0
ENSG00000212232	SNORD17	GroupA_exclusive	TK16,TK18	SNV			2	0
ENSG00000200623	SNORD18A	GroupA_exclusive	TK16,TK18	SNV			2	0
ENSG00000199574	SNORD18C	GroupA_exclusive	TK10,TK18	SNV			2	0
ENSG00000281000	SNORD3D	GroupA_exclusive	TK18,TK93	SNV			2	0
ENSG00000212309	SNORD70B	GroupA_exclusive	TK10,TK18	SNV			2	0
ENSG00000250342	SNRPCP16	GroupA_exclusive	TK91,TK93	SNV			2	0
ENSG00000231812	SNRPCP9	GroupA_exclusive	TK91,TK93	SNV			2	0
ENSG00000229786	SNRPFP2	GroupA_exclusive	TK91,TK92	SNV			2	0
ENSG00000225792	SNX10-AS1	GroupA_exclusive	TK10,TK92	SNV			2	0
ENSG00000279718	SNX18P12	GroupA_exclusive	TK10,TK91	SNV			2	0
ENSG00000251539	SNX18P24	GroupA_exclusive	TK10,TK92	SNV			2	0
ENSG00000227568	SNX18P26	GroupA_exclusive	TK91,TK92	SNV			2	0
ENSG00000225345	SNX18P3	GroupA_exclusive	TK10,TK92	SNV			2	0
ENSG00000229146	SNX18P4	GroupA_exclusive	TK91,TK92	SNV			2	0
ENSG00000234373	SNX18P7	GroupA_exclusive	TK91,TK92	SNV			2	0
ENSG00000158482	SNX29P1	GroupA_exclusive	TK91,TK92	SNV			2	0
ENSG00000224682	SOCS5P2	GroupA_exclusive	TK18,TK92	SNV			2	0
ENSG00000234257	SOD2P1	GroupA_exclusive	TK91,TK93	SNV			2	0
ENSG00000173699	SPATA3	GroupA_exclusive	TK16,TK93	SNV			2	0
ENSG00000241794	SPRR2A	GroupA_exclusive	TK18,TK92	SNV			2	0
ENSG00000227922	SPTLC1P5	GroupA_exclusive	TK92,TK93	SNV			2	0
ENSG00000196542	SPTSSB	GroupA_exclusive	TK92,TK93	SNV			2	0
ENSG00000228723	SRGAP3-AS2	GroupA_exclusive	TK92,TK93	INDEL,SNV			2	0
ENSG00000165120	SSMEM1	GroupA_exclusive	TK10,TK92	INDEL,SNV			2	0
ENSG00000235616	ST13P2	GroupA_exclusive	TK16,TK93	SNV			2	0
ENSG00000227581	STAU2P1	GroupA_exclusive	TK10,TK93	SNV			2	0
ENSG00000104375	STK3	GroupA_exclusive	TK10,TK91	SNV			2	0
ENSG00000213205	STRADBP1	GroupA_exclusive	TK91,TK92	INDEL,SNV			2	0
ENSG00000248221	STX18-IT1	GroupA_exclusive	TK91,TK93	SNV			2	0
ENSG00000235555	SUMO1P4	GroupA_exclusive	TK92,TK93	SNV			2	0
ENSG00000249183	SUMO2P4	GroupA_exclusive	TK91,TK92	SNV			2	0
ENSG00000103528	SYT17	GroupA_exclusive	TK91,TK92	SNV			2	0
ENSG00000256678	SZRD1P1	GroupA_exclusive	TK16,TK93	SNV			2	0
ENSG00000229372	SZT2-AS1	GroupA_exclusive	TK10,TK93	SNV			2	0
ENSG00000283776	TAF11L13	GroupA_exclusive	TK91,TK92	SNV			2	0
ENSG00000186051	TAL2	GroupA_exclusive	TK16,TK93	SNV			2	0
ENSG00000170921	TANC2	GroupA_exclusive	TK91,TK92	SNV			2	0
ENSG00000186136	TAS2R42	GroupA_exclusive	TK92,TK93	SNV			2	0
ENSG00000256274	TAS2R64P	GroupA_exclusive	TK18,TK91	SNV			2	0
ENSG00000121381	TAS2R9	GroupA_exclusive	TK91,TK92	SNV			2	0
ENSG00000249055	TBCAP3	GroupA_exclusive	TK18,TK91	SNV			2	0
ENSG00000092377	TBL1Y	GroupA_exclusive	TK10,TK18	INDEL,SNV			2	0
ENSG00000224611	TBPL1P1	GroupA_exclusive	TK92,TK93	SNV			2	0
ENSG00000204065	TCEAL5	GroupA_exclusive	TK91,TK92	SNV			2	0
ENSG00000116205	TCEANC2	GroupA_exclusive	TK18,TK92	SNV			2	0
ENSG00000124678	TCP11	GroupA_exclusive	TK10,TK92	SNV			2	0
ENSG00000254274	TDGF1P5	GroupA_exclusive	TK91,TK93	SNV			2	0
ENSG00000269584	TDGF1P7	GroupA_exclusive	TK10,TK91	SNV			2	0
ENSG00000163060	TEKT4	GroupA_exclusive	TK92,TK93	SNV			2	0
ENSG00000291050	TEKT4P2	GroupA_exclusive	TK10,TK92	SNV			2	0
ENSG00000185264	TEX33	GroupA_exclusive	TK16,TK92	INDEL,SNV			2	0
ENSG00000160181	TFF2	GroupA_exclusive	TK10,TK18	SNV			2	0
ENSG00000125780	TGM3	GroupA_exclusive	TK92,TK93	INDEL,SNV			2	0
ENSG00000224908	TIMM8BP2	GroupA_exclusive	TK10,TK18	SNV			2	0
ENSG00000271092	TLCD4-RWDD3	GroupA_exclusive	TK92,TK93	SNV			2	0
ENSG00000164342	TLR3	GroupA_exclusive	TK92,TK93	INDEL,SNV			2	0
ENSG00000232112	TMA7	GroupA_exclusive	TK10,TK18	SNV			2	0
ENSG00000232258	TMEM114	GroupA_exclusive	TK16,TK91	INDEL,SNV			2	0
ENSG00000187713	TMEM203	GroupA_exclusive	TK10,TK91	SNV			2	0
ENSG00000179363	TMEM31	GroupA_exclusive	TK92,TK93	SNV			2	0
ENSG00000088726	TMEM40	GroupA_exclusive	TK91,TK92	SNV			2	0
ENSG00000164841	TMEM74	GroupA_exclusive	TK10,TK92	SNV			2	0
ENSG00000231728	TMSB15B-AS1	GroupA_exclusive	TK10,TK93	SNV			2	0
ENSG00000183578	TNFAIP8L3	GroupA_exclusive	TK10,TK93	SNV			2	0
ENSG00000106952	TNFSF8	GroupA_exclusive	TK10,TK93	SNV			2	0
ENSG00000189350	TOGARAM2	GroupA_exclusive	TK91,TK93	SNV			2	0
ENSG00000249360	TOMM40P3	GroupA_exclusive	TK91,TK92	SNV			2	0
ENSG00000173769	TOPAZ1	GroupA_exclusive	TK91,TK92	INDEL,SNV			2	0
ENSG00000120471	TP53AIP1	GroupA_exclusive	TK92,TK93	SNV			2	0
ENSG00000213050	TPM3P1	GroupA_exclusive	TK91,TK92	SNV			2	0
ENSG00000187536	TPM3P7	GroupA_exclusive	TK91,TK93	SNV			2	0
ENSG00000178928	TPRX1	GroupA_exclusive	TK18,TK93	SNV			2	0
ENSG00000211802	TRAV22	GroupA_exclusive	TK10,TK16	SNV			2	0
ENSG00000211724	TRBV6-6	GroupA_exclusive	TK16,TK92	SNV			2	0
ENSG00000225690	TREML5P	GroupA_exclusive	TK92,TK93	SNV			2	0
ENSG00000211695	TRGV9	GroupA_exclusive	TK91,TK92	SNV			2	0
ENSG00000170893	TRH	GroupA_exclusive	TK91,TK93	SNV			2	0
ENSG00000250472	TRIM36-IT1	GroupA_exclusive	TK91,TK92	SNV			2	0
ENSG00000183439	TRIM61	GroupA_exclusive	TK92,TK93	SNV			2	0
ENSG00000204025	TRPC5OS	GroupA_exclusive	TK91,TK93	SNV			2	0
ENSG00000230865	TSEN15P1	GroupA_exclusive	TK92,TK93	SNV			2	0
ENSG00000211460	TSN	GroupA_exclusive	TK91,TK92	SNV			2	0
ENSG00000231738	TSPAN19	GroupA_exclusive	TK10,TK92	SNV			2	0
ENSG00000128881	TTBK2	GroupA_exclusive	TK10,TK92	SNV			2	0
ENSG00000163728	TTC14	GroupA_exclusive	TK10,TK91	SNV			2	0
ENSG00000136319	TTC5	GroupA_exclusive	TK10,TK91	SNV			2	0
ENSG00000174521	TTC9B	GroupA_exclusive	TK10,TK91	SNV			2	0
ENSG00000162571	TTLL10	GroupA_exclusive	TK10,TK18	SNV			2	0
ENSG00000218896	TUBB8P2	GroupA_exclusive	TK91,TK92	SNV			2	0
ENSG00000258406	TUBBP3	GroupA_exclusive	TK10,TK92	SNV			2	0
ENSG00000250366	TUNAR	GroupA_exclusive	TK10,TK16	SNV			2	0
ENSG00000285445	TUSC2P2	GroupA_exclusive	TK91,TK93	INDEL,SNV			2	0
ENSG00000131002	TXLNGY	GroupA_exclusive	TK10,TK18	INDEL,SNV			2	0
ENSG00000275631	U1	GroupA_exclusive	TK10,TK91	SNV			2	0
ENSG00000276376	U7	GroupA_exclusive	TK16,TK18	SNV			2	0
ENSG00000243023	UBA52P3	GroupA_exclusive	TK16,TK92	SNV			2	0
ENSG00000230037	UBBP1	GroupA_exclusive	TK16,TK92	SNV			2	0
ENSG00000290919	UBBP4	GroupA_exclusive	TK92,TK93	INDEL,SNV			2	0
ENSG00000224690	UBE2D3P3	GroupA_exclusive	TK92,TK93	SNV			2	0
ENSG00000197627	UBE2Q2P12	GroupA_exclusive	TK91,TK92	SNV			2	0
ENSG00000226632	UBE2V1P1	GroupA_exclusive	TK92,TK93	SNV			2	0
ENSG00000226213	UBQLN4P2	GroupA_exclusive	TK92,TK93	SNV			2	0
ENSG00000226501	USF1P1	GroupA_exclusive	TK92,TK93	SNV			2	0
ENSG00000271360	USP6NL-AS1	GroupA_exclusive	TK10,TK92	INDEL			2	0
ENSG00000226340	USP8P2	GroupA_exclusive	TK91,TK92	INDEL,SNV			2	0
ENSG00000236591	UST-AS2	GroupA_exclusive	TK10,TK92	INDEL,SNV			2	0
ENSG00000234702	VDAC1P3	GroupA_exclusive	TK91,TK92	SNV			2	0
ENSG00000213450	VDAC1P7	GroupA_exclusive	TK91,TK93	SNV			2	0
ENSG00000271198	VDAC3P1	GroupA_exclusive	TK92,TK93	SNV			2	0
ENSG00000257364	VENTXP3	GroupA_exclusive	TK18,TK92	SNV			2	0
ENSG00000220581	VN1R12P	GroupA_exclusive	TK92,TK93	SNV			2	0
ENSG00000196131	VN1R2	GroupA_exclusive	TK92,TK93	SNV			2	0
ENSG00000260722	VN1R67P	GroupA_exclusive	TK18,TK91	SNV			2	0
ENSG00000273762	VN1R76P	GroupA_exclusive	TK16,TK93	SNV			2	0
ENSG00000268541	VN1R88P	GroupA_exclusive	TK91,TK92	SNV			2	0
ENSG00000213014	VN2R17P	GroupA_exclusive	TK10,TK92	SNV			2	0
ENSG00000112299	VNN1	GroupA_exclusive	TK10,TK16	SNV			2	0
ENSG00000232998	VPS13A-AS1	GroupA_exclusive	TK91,TK92	SNV			2	0
ENSG00000214432	VPS33B-DT	GroupA_exclusive	TK91,TK92	SNV			2	0
ENSG00000260431	VPS51P1	GroupA_exclusive	TK92,TK93	SNV			2	0
ENSG00000255230	VPS51P17	GroupA_exclusive	TK91,TK93	SNV			2	0
ENSG00000133980	VRTN	GroupA_exclusive	TK91,TK92	INDEL,SNV			2	0
ENSG00000224257	VWC2L-IT1	GroupA_exclusive	TK91,TK93	SNV			2	0
ENSG00000231894	WDR95P	GroupA_exclusive	TK91,TK92	SNV			2	0
ENSG00000180083	WFDC11	GroupA_exclusive	TK92,TK93	INDEL,SNV			2	0
ENSG00000267253	WHSC1L2P	GroupA_exclusive	TK92,TK93	SNV			2	0
ENSG00000105989	WNT2	GroupA_exclusive	TK16,TK93	SNV			2	0
ENSG00000249947	XBP1P1	GroupA_exclusive	TK91,TK93	SNV			2	0
ENSG00000213438	YBX2P1	GroupA_exclusive	TK91,TK93	SNV			2	0
ENSG00000271557	YPEL5P2	GroupA_exclusive	TK91,TK93	INDEL,SNV			2	0
ENSG00000236745	YRDCP2	GroupA_exclusive	TK91,TK93	SNV			2	0
ENSG00000256464	YWHABP2	GroupA_exclusive	TK92,TK93	SNV			2	0
ENSG00000199567	Y_RNA	GroupA_exclusive	TK92,TK93	SNV			2	0
ENSG00000199630	Y_RNA	GroupA_exclusive	TK10,TK92	SNV			2	0
ENSG00000199751	Y_RNA	GroupA_exclusive	TK91,TK92	SNV			2	0
ENSG00000201217	Y_RNA	GroupA_exclusive	TK16,TK93	SNV			2	0
ENSG00000201498	Y_RNA	GroupA_exclusive	TK91,TK92	INDEL,SNV			2	0
ENSG00000201554	Y_RNA	GroupA_exclusive	TK92,TK93	SNV			2	0
ENSG00000201988	Y_RNA	GroupA_exclusive	TK91,TK93	SNV			2	0
ENSG00000201990	Y_RNA	GroupA_exclusive	TK91,TK93	INDEL			2	0
ENSG00000202533	Y_RNA	GroupA_exclusive	TK10,TK18	SNV			2	0
ENSG00000206676	Y_RNA	GroupA_exclusive	TK92,TK93	SNV			2	0
ENSG00000206967	Y_RNA	GroupA_exclusive	TK92,TK93	SNV			2	0
ENSG00000207292	Y_RNA	GroupA_exclusive	TK91,TK93	SNV			2	0
ENSG00000222224	Y_RNA	GroupA_exclusive	TK92,TK93	SNV			2	0
ENSG00000223080	Y_RNA	GroupA_exclusive	TK92,TK93	SNV			2	0
ENSG00000223188	Y_RNA	GroupA_exclusive	TK91,TK92	INDEL			2	0
ENSG00000252652	Y_RNA	GroupA_exclusive	TK92,TK93	SNV			2	0
ENSG00000276696	Y_RNA	GroupA_exclusive	TK91,TK92	SNV			2	0
ENSG00000278028	Y_RNA	GroupA_exclusive	TK92,TK93	SNV			2	0
ENSG00000177494	ZBED2	GroupA_exclusive	TK92,TK93	SNV			2	0
ENSG00000213155	ZCCHC10P1	GroupA_exclusive	TK91,TK92	INDEL,SNV			2	0
ENSG00000249744	ZCCHC10P2	GroupA_exclusive	TK91,TK92	INDEL,SNV			2	0
ENSG00000158552	ZFAND2B	GroupA_exclusive	TK91,TK92	SNV			2	0
ENSG00000067646	ZFY	GroupA_exclusive	TK10,TK18	SNV			2	0
ENSG00000229562	ZFYVE9P1	GroupA_exclusive	TK91,TK92	SNV			2	0
ENSG00000139800	ZIC5	GroupA_exclusive	TK92,TK93	INDEL,SNV			2	0
ENSG00000198039	ZNF273	GroupA_exclusive	TK10,TK92	SNV			2	0
ENSG00000266127	ZNF415P1	GroupA_exclusive	TK91,TK93	SNV			2	0
ENSG00000240225	ZNF542P	GroupA_exclusive	TK18,TK91	SNV			2	0
ENSG00000188321	ZNF559	GroupA_exclusive	TK91,TK92	SNV			2	0
ENSG00000267419	ZNF56P	GroupA_exclusive	TK10,TK92	SNV			2	0
ENSG00000219392	ZNF602P	GroupA_exclusive	TK10,TK16	SNV			2	0
ENSG00000242779	ZNF702P	GroupA_exclusive	TK92,TK93	SNV			2	0
ENSG00000225463	ZNF70P1	GroupA_exclusive	TK91,TK92	SNV			2	0
ENSG00000268696	ZNF723	GroupA_exclusive	TK91,TK92	SNV			2	0
ENSG00000239893	ZNF736P9Y	GroupA_exclusive	TK91,TK93	SNV			2	0
ENSG00000288393	ZNF75CP	GroupA_exclusive	TK92,TK93	SNV			2	0
ENSG00000186376	ZNF75D	GroupA_exclusive	TK10,TK16	SNV			2	0
ENSG00000182348	ZNF804B	GroupA_exclusive	TK91,TK93	SNV			2	0
ENSG00000248830	ZNF807P	GroupA_exclusive	TK10,TK92	SNV			2	0
ENSG00000231205	ZNF826P	GroupA_exclusive	TK18,TK92	INDEL,SNV			2	0
ENSG00000042813	ZPBP	GroupA_exclusive	TK10,TK92	SNV			2	0
ENSG00000219565	ZPR1P1	GroupA_exclusive	TK18,TK92	SNV			2	0
ENSG00000152467	ZSCAN1	GroupA_exclusive	TK91,TK92	SNV			2	0
ENSG00000197953	AADACL2	GroupA_exclusive	TK10	SNV			1	0
ENSG00000231749	ABCA9-AS1	GroupA_exclusive	TK92	SNV			1	0
ENSG00000260053	ABCB10P4	GroupA_exclusive	TK91	SNV			1	0
ENSG00000004846	ABCB5	GroupA_exclusive	TK91	SNV			1	0
ENSG00000256340	ABCC6P1	GroupA_exclusive	TK91	SNV			1	0
ENSG00000069431	ABCC9	GroupA_exclusive	TK91	SNV			1	0
ENSG00000204427	ABHD16A	GroupA_exclusive	TK10	SNV			1	0
ENSG00000271484	ABI1P1	GroupA_exclusive	TK92	SNV			1	0
ENSG00000138443	ABI2	GroupA_exclusive	TK93	SNV			1	0
ENSG00000213431	ABRAXAS1P1	GroupA_exclusive	TK92	SNV			1	0
ENSG00000131473	ACLY	GroupA_exclusive	TK10	SNV			1	0
ENSG00000270242	ACTR3BP1	GroupA_exclusive	TK93	SNV			1	0
ENSG00000232267	ACTR3P2	GroupA_exclusive	TK93	SNV			1	0
ENSG00000142303	ADAMTS10	GroupA_exclusive	TK10	SNV			1	0
ENSG00000154736	ADAMTS5	GroupA_exclusive	TK91	SNV			1	0
ENSG00000111452	ADGRD1	GroupA_exclusive	TK10	SNV			1	0
ENSG00000174837	ADGRE1	GroupA_exclusive	TK91	SNV			1	0
ENSG00000144820	ADGRG7	GroupA_exclusive	TK92	SNV			1	0
ENSG00000223694	ADH5P3	GroupA_exclusive	TK18	SNV			1	0
ENSG00000236136	ADORA2BP1	GroupA_exclusive	TK93	SNV			1	0
ENSG00000139154	AEBP2	GroupA_exclusive	TK10	SNV			1	0
ENSG00000241532	AGGF1P3	GroupA_exclusive	TK92	SNV			1	0
ENSG00000260427	AGGF1P9	GroupA_exclusive	TK91	SNV			1	0
ENSG00000248722	AK3P4	GroupA_exclusive	TK91	SNV			1	0
ENSG00000270941	AK3P7	GroupA_exclusive	TK92	SNV			1	0
ENSG00000217377	AK4P5	GroupA_exclusive	TK92	SNV			1	0
ENSG00000228125	AKIRIN1P2	GroupA_exclusive	TK93	SNV			1	0
ENSG00000251482	AKIRIN2P1	GroupA_exclusive	TK93	SNV			1	0
ENSG00000213452	AKR1B1P2	GroupA_exclusive	TK91	SNV			1	0
ENSG00000151631	AKR1C6P	GroupA_exclusive	TK10	SNV			1	0
ENSG00000229020	AKR7A2P1	GroupA_exclusive	TK10	SNV			1	0
ENSG00000285793	ANAPC1P2	GroupA_exclusive	TK92	SNV			1	0
ENSG00000214274	ANG	GroupA_exclusive	TK10	SNV			1	0
ENSG00000185722	ANKFY1	GroupA_exclusive	TK16	SNV			1	0
ENSG00000167522	ANKRD11	GroupA_exclusive	TK10	SNV			1	0
ENSG00000276203	ANKRD20A3P	GroupA_exclusive	TK93	SNV			1	0
ENSG00000235550	ANKRD26P2	GroupA_exclusive	TK18	SNV			1	0
ENSG00000229427	ANKRD26P4	GroupA_exclusive	TK92	SNV			1	0
ENSG00000250106	ANKRD33B-AS1	GroupA_exclusive	TK91	SNV			1	0
ENSG00000254547	ANKRD33BP6	GroupA_exclusive	TK10	SNV			1	0
ENSG00000228446	ANKRD49P1	GroupA_exclusive	TK92	SNV			1	0
ENSG00000248616	ANKRD49P3	GroupA_exclusive	TK91	SNV			1	0
ENSG00000235098	ANKRD65	GroupA_exclusive	TK92	INDEL			1	0
ENSG00000047617	ANO2	GroupA_exclusive	TK10	SNV			1	0
ENSG00000134343	ANO3	GroupA_exclusive	TK91	INDEL,SNV			1	0
ENSG00000254819	ANO3-AS1	GroupA_exclusive	TK10	SNV			1	0
ENSG00000169604	ANTXR1	GroupA_exclusive	TK93	SNV			1	0
ENSG00000109511	ANXA10	GroupA_exclusive	TK10	SNV			1	0
ENSG00000260105	AOC4P	GroupA_exclusive	TK18	SNV			1	0
ENSG00000243478	AOX2P	GroupA_exclusive	TK10	SNV			1	0
ENSG00000290475	AP1B1P1	GroupA_exclusive	TK91	INDEL			1	0
ENSG00000248329	APELA	GroupA_exclusive	TK93	INDEL,SNV			1	0
ENSG00000244509	APOBEC3C	GroupA_exclusive	TK92	SNV			1	0
ENSG00000103569	AQP9	GroupA_exclusive	TK92	SNV			1	0
ENSG00000236527	ARF4P2	GroupA_exclusive	TK10	SNV			1	0
ENSG00000248682	ARHGAP22-IT1	GroupA_exclusive	TK93	SNV			1	0
ENSG00000227817	ARHGAP42P1	GroupA_exclusive	TK92	SNV			1	0
ENSG00000258080	ARHGAP42P4	GroupA_exclusive	TK92	INDEL,SNV			1	0
ENSG00000258233	ARHGAP42P5	GroupA_exclusive	TK92	SNV			1	0
ENSG00000265489	ARHGAP44-AS1	GroupA_exclusive	TK92	SNV			1	0
ENSG00000240198	ARHGEF3-AS1	GroupA_exclusive	TK92	SNV			1	0
ENSG00000102606	ARHGEF7	GroupA_exclusive	TK92	SNV			1	0
ENSG00000233644	ARHGEF7-IT1	GroupA_exclusive	TK18	SNV			1	0
ENSG00000049618	ARID1B	GroupA_exclusive	TK16	SNV			1	0
ENSG00000102931	ARL2BP	GroupA_exclusive	TK92	SNV			1	0
ENSG00000122872	ARL4AP1	GroupA_exclusive	TK93	SNV			1	0
ENSG00000231395	ARL4AP4	GroupA_exclusive	TK92	SNV			1	0
ENSG00000255014	ARL6IP1P3	GroupA_exclusive	TK92	SNV			1	0
ENSG00000260896	ARLNC1	GroupA_exclusive	TK92	SNV			1	0
ENSG00000268282	ARPC1AP2	GroupA_exclusive	TK93	SNV			1	0
ENSG00000172995	ARPP21	GroupA_exclusive	TK10	SNV			1	0
ENSG00000230830	ARPP21-AS1	GroupA_exclusive	TK10	SNV			1	0
ENSG00000129744	ART1	GroupA_exclusive	TK18	SNV			1	0
ENSG00000111339	ART4	GroupA_exclusive	TK93	SNV			1	0
ENSG00000167311	ART5	GroupA_exclusive	TK16	SNV			1	0
ENSG00000165192	ASB11	GroupA_exclusive	TK91	INDEL			1	0
ENSG00000100628	ASB2	GroupA_exclusive	TK10	INDEL,SNV			1	0
ENSG00000115239	ASB3	GroupA_exclusive	TK16	SNV			1	0
ENSG00000161944	ASGR2	GroupA_exclusive	TK93	SNV			1	0
ENSG00000267333	ASNSP6	GroupA_exclusive	TK93	SNV			1	0
ENSG00000108381	ASPA	GroupA_exclusive	TK16	SNV			1	0
ENSG00000233947	ASS1P3	GroupA_exclusive	TK93	SNV			1	0
ENSG00000236893	ASS1P7	GroupA_exclusive	TK93	SNV			1	0
ENSG00000154438	ASZ1	GroupA_exclusive	TK10	SNV			1	0
ENSG00000213338	ATF4P1	GroupA_exclusive	TK91	SNV			1	0
ENSG00000273041	ATF4P2	GroupA_exclusive	TK93	SNV			1	0
ENSG00000248192	ATG10-AS1	GroupA_exclusive	TK93	SNV			1	0
ENSG00000236447	ATG10-IT1	GroupA_exclusive	TK91	SNV			1	0
ENSG00000236508	ATP13A5-AS1	GroupA_exclusive	TK91	SNV			1	0
ENSG00000234720	ATP5F1AP8	GroupA_exclusive	TK92	SNV			1	0
ENSG00000242244	ATP5MC1P3	GroupA_exclusive	TK10	SNV			1	0
ENSG00000227590	ATP5MC1P5	GroupA_exclusive	TK92	INDEL			1	0
ENSG00000256103	ATP5MFP5	GroupA_exclusive	TK92	SNV			1	0
ENSG00000267189	ATP5MGP7	GroupA_exclusive	TK93	SNV			1	0
ENSG00000224451	ATP5PBP1	GroupA_exclusive	TK92	SNV			1	0
ENSG00000254944	ATP5PBP5	GroupA_exclusive	TK10	SNV			1	0
ENSG00000270880	ATP5PBP8	GroupA_exclusive	TK92	SNV			1	0
ENSG00000261679	ATP5PDP1	GroupA_exclusive	TK91	SNV			1	0
ENSG00000229184	ATP5PDP2	GroupA_exclusive	TK92	INDEL,SNV			1	0
ENSG00000237701	ATP5PFP1	GroupA_exclusive	TK93	SNV			1	0
ENSG00000230201	ATP6V0CP1	GroupA_exclusive	TK91	SNV			1	0
ENSG00000225364	ATP6V0E1P1	GroupA_exclusive	TK92	SNV			1	0
ENSG00000114573	ATP6V1A	GroupA_exclusive	TK93	SNV			1	0
ENSG00000116039	ATP6V1B1	GroupA_exclusive	TK10	SNV			1	0
ENSG00000270855	ATP7BP1	GroupA_exclusive	TK92	SNV			1	0
ENSG00000253719	ATXN7L3B	GroupA_exclusive	TK10	SNV			1	0
ENSG00000198049	AVPR1B	GroupA_exclusive	TK10	SNV			1	0
ENSG00000147160	AWAT2	GroupA_exclusive	TK92	SNV			1	0
ENSG00000169255	B3GALNT1	GroupA_exclusive	TK93	SNV			1	0
ENSG00000156966	B3GNT7	GroupA_exclusive	TK10	SNV			1	0
ENSG00000224388	BACE2-IT1	GroupA_exclusive	TK93	SNV			1	0
ENSG00000002330	BAD	GroupA_exclusive	TK16	SNV			1	0
ENSG00000278910	BANCR	GroupA_exclusive	TK91	SNV			1	0
ENSG00000223828	BANF1P4	GroupA_exclusive	TK91	INDEL			1	0
ENSG00000176788	BASP1	GroupA_exclusive	TK10	SNV			1	0
ENSG00000230535	BASP1P1	GroupA_exclusive	TK10	SNV			1	0
ENSG00000129151	BBOX1	GroupA_exclusive	TK92	SNV			1	0
ENSG00000140379	BCL2A1	GroupA_exclusive	TK93	SNV			1	0
ENSG00000249238	BCL9P1	GroupA_exclusive	TK92	SNV			1	0
ENSG00000215580	BCORP1	GroupA_exclusive	TK10	SNV			1	0
ENSG00000236794	BCRP8	GroupA_exclusive	TK18	SNV			1	0
ENSG00000100739	BDKRB1	GroupA_exclusive	TK18	SNV			1	0
ENSG00000196289	BECN2	GroupA_exclusive	TK10	SNV			1	0
ENSG00000177324	BEND2	GroupA_exclusive	TK18	SNV			1	0
ENSG00000039987	BEST2	GroupA_exclusive	TK92	SNV			1	0
ENSG00000125533	BHLHE23	GroupA_exclusive	TK10	SNV			1	0
ENSG00000225969	BICDL3P	GroupA_exclusive	TK92	SNV			1	0
ENSG00000279897	BIRC6-AS2	GroupA_exclusive	TK93	SNV			1	0
ENSG00000095585	BLNK	GroupA_exclusive	TK16	SNV			1	0
ENSG00000273682	BLVRBP1	GroupA_exclusive	TK93	SNV			1	0
ENSG00000152785	BMP3	GroupA_exclusive	TK92	SNV			1	0
ENSG00000249599	BMPR1B-DT	GroupA_exclusive	TK93	SNV			1	0
ENSG00000260518	BMS1P8	GroupA_exclusive	TK91	SNV			1	0
ENSG00000236097	BNIP3P2	GroupA_exclusive	TK92	SNV			1	0
ENSG00000268174	BNIP3P22	GroupA_exclusive	TK18	SNV			1	0
ENSG00000268322	BNIP3P25	GroupA_exclusive	TK92	SNV			1	0
ENSG00000268705	BNIP3P26	GroupA_exclusive	TK92	SNV			1	0
ENSG00000271095	BNIP3P28	GroupA_exclusive	TK91	SNV			1	0
ENSG00000269742	BNIP3P29	GroupA_exclusive	TK18	SNV			1	0
ENSG00000269509	BNIP3P34	GroupA_exclusive	TK92	SNV			1	0
ENSG00000271655	BNIP3P35	GroupA_exclusive	TK91	SNV			1	0
ENSG00000270479	BNIP3P37	GroupA_exclusive	TK92	SNV			1	0
ENSG00000269662	BNIP3P39	GroupA_exclusive	TK18	SNV			1	0
ENSG00000271146	BNIP3P45	GroupA_exclusive	TK93	SNV			1	0
ENSG00000273791	BNIP3P47	GroupA_exclusive	TK18	SNV			1	0
ENSG00000228075	BOD1L2	GroupA_exclusive	TK16	SNV			1	0
ENSG00000196544	BORCS6	GroupA_exclusive	TK10	SNV			1	0
ENSG00000233146	BPIFB5P	GroupA_exclusive	TK16	SNV			1	0
ENSG00000225169	BRI3P1	GroupA_exclusive	TK93	SNV			1	0
ENSG00000230273	BRI3P3	GroupA_exclusive	TK92	SNV			1	0
ENSG00000215909	BRWD1P1	GroupA_exclusive	TK92	SNV			1	0
ENSG00000232841	BRWD1P3	GroupA_exclusive	TK93	SNV			1	0
ENSG00000168000	BSCL2	GroupA_exclusive	TK10	SNV			1	0
ENSG00000203414	BTBD7P1	GroupA_exclusive	TK91	SNV			1	0
ENSG00000254272	BTF3P3	GroupA_exclusive	TK93	SNV			1	0
ENSG00000227968	BUB3P1	GroupA_exclusive	TK92	SNV			1	0
ENSG00000183559	C10orf120	GroupA_exclusive	TK18	INDEL,SNV			1	0
ENSG00000269609	C10orf95-AS1	GroupA_exclusive	TK92	SNV			1	0
ENSG00000165805	C12orf50	GroupA_exclusive	TK10	SNV			1	0
ENSG00000185306	C12orf56	GroupA_exclusive	TK10	SNV			1	0
ENSG00000111678	C12orf57	GroupA_exclusive	TK93	SNV			1	0
ENSG00000179008	C14orf39	GroupA_exclusive	TK10	SNV			1	0
ENSG00000166455	C16orf46	GroupA_exclusive	TK92	INDEL			1	0
ENSG00000154102	C16orf74	GroupA_exclusive	TK92	SNV			1	0
ENSG00000205832	C16orf96	GroupA_exclusive	TK92	INDEL,SNV			1	0
ENSG00000279020	C18orf15	GroupA_exclusive	TK92	SNV			1	0
ENSG00000262874	C19orf84	GroupA_exclusive	TK18	SNV			1	0
ENSG00000254965	C1DP5	GroupA_exclusive	TK16	SNV			1	0
ENSG00000251435	C1GALT1P2	GroupA_exclusive	TK91	SNV			1	0
ENSG00000173372	C1QA	GroupA_exclusive	TK10	SNV			1	0
ENSG00000144119	C1QL2	GroupA_exclusive	TK93	SNV			1	0
ENSG00000187833	C2orf78	GroupA_exclusive	TK92	SNV			1	0
ENSG00000224462	C4BPAP1	GroupA_exclusive	TK92	SNV			1	0
ENSG00000187658	C5orf52	GroupA_exclusive	TK93	SNV			1	0
ENSG00000137434	C6orf52	GroupA_exclusive	TK92	SNV			1	0
ENSG00000260133	CA5AP1	GroupA_exclusive	TK92	SNV			1	0
ENSG00000256025	CACNA1C-AS4	GroupA_exclusive	TK18	SNV			1	0
ENSG00000006283	CACNA1G	GroupA_exclusive	TK93	SNV			1	0
ENSG00000243715	CACNA2D3-AS1	GroupA_exclusive	TK92	SNV			1	0
ENSG00000165995	CACNB2	GroupA_exclusive	TK92	SNV			1	0
ENSG00000225928	CACYBPP1	GroupA_exclusive	TK93	SNV			1	0
ENSG00000230564	CALM1P2	GroupA_exclusive	TK92	SNV			1	0
ENSG00000145349	CAMK2D	GroupA_exclusive	TK92	SNV			1	0
ENSG00000148660	CAMK2G	GroupA_exclusive	TK18	SNV			1	0
ENSG00000237365	CAMTA1-AS3	GroupA_exclusive	TK18	SNV			1	0
ENSG00000256812	CAPNS2	GroupA_exclusive	TK93	SNV			1	0
ENSG00000230956	CAPZA1P1	GroupA_exclusive	TK91	SNV			1	0
ENSG00000227835	CARM1P1	GroupA_exclusive	TK10	SNV			1	0
ENSG00000249669	CARMN	GroupA_exclusive	TK93	SNV			1	0
ENSG00000234059	CASKP1	GroupA_exclusive	TK10	SNV			1	0
ENSG00000291173	CASP4LP	GroupA_exclusive	TK91	SNV			1	0
ENSG00000239282	CASTOR1	GroupA_exclusive	TK10	SNV			1	0
ENSG00000130940	CASZ1	GroupA_exclusive	TK10	INDEL			1	0
ENSG00000214321	CBX1P4	GroupA_exclusive	TK92	SNV			1	0
ENSG00000257666	CBX3P5	GroupA_exclusive	TK93	SNV			1	0
ENSG00000271400	CCDC121P1	GroupA_exclusive	TK92	SNV			1	0
ENSG00000163492	CCDC141	GroupA_exclusive	TK91	SNV			1	0
ENSG00000205212	CCDC144NL	GroupA_exclusive	TK92	SNV			1	0
ENSG00000203952	CCDC160	GroupA_exclusive	TK10	SNV			1	0
ENSG00000166960	CCDC178	GroupA_exclusive	TK10	SNV			1	0
ENSG00000185860	CCDC190	GroupA_exclusive	TK16	SNV			1	0
ENSG00000283428	CCDC195	GroupA_exclusive	TK93	SNV			1	0
ENSG00000256813	CCDC86-AS1	GroupA_exclusive	TK92	SNV			1	0
ENSG00000197651	CCER1	GroupA_exclusive	TK10	SNV			1	0
ENSG00000110148	CCKBR	GroupA_exclusive	TK93	SNV			1	0
ENSG00000229815	CCNB1IP1P1	GroupA_exclusive	TK18	SNV			1	0
ENSG00000231001	CCNB1IP1P3	GroupA_exclusive	TK91	SNV			1	0
ENSG00000248283	CCNL2P1	GroupA_exclusive	TK92	SNV			1	0
ENSG00000290445	CCNYL2	GroupA_exclusive	TK18	SNV			1	0
ENSG00000238241	CCR12P	GroupA_exclusive	TK10	SNV			1	0
ENSG00000242703	CCT4P1	GroupA_exclusive	TK92	SNV			1	0
ENSG00000225569	CCT4P2	GroupA_exclusive	TK92	INDEL,SNV			1	0
ENSG00000249958	CCT7P2	GroupA_exclusive	TK92	INDEL			1	0
ENSG00000174807	CD248	GroupA_exclusive	TK10	SNV			1	0
ENSG00000236500	CD24P1	GroupA_exclusive	TK92	SNV			1	0
ENSG00000135218	CD36	GroupA_exclusive	TK92	SNV			1	0
ENSG00000244703	CD46P1	GroupA_exclusive	TK93	SNV			1	0
ENSG00000261089	CDC37P2	GroupA_exclusive	TK10	SNV			1	0
ENSG00000237982	CDC42P7	GroupA_exclusive	TK92	SNV			1	0
ENSG00000234219	CDCA4P4	GroupA_exclusive	TK92	SNV			1	0
ENSG00000039068	CDH1	GroupA_exclusive	TK92	SNV			1	0
ENSG00000253900	CDH12P4	GroupA_exclusive	TK92	SNV			1	0
ENSG00000249854	CDH18-AS1	GroupA_exclusive	TK92	SNV			1	0
ENSG00000071991	CDH19	GroupA_exclusive	TK91	SNV			1	0
ENSG00000123374	CDK2	GroupA_exclusive	TK18	SNV			1	0
ENSG00000235165	CDK5P1	GroupA_exclusive	TK10	SNV			1	0
ENSG00000100490	CDKL1	GroupA_exclusive	TK18	SNV			1	0
ENSG00000145835	CDKN2AIPNLP2	GroupA_exclusive	TK91	SNV			1	0
ENSG00000273693	CDRT15P10	GroupA_exclusive	TK93	SNV			1	0
ENSG00000279062	CDRT15P8	GroupA_exclusive	TK91	SNV			1	0
ENSG00000113722	CDX1	GroupA_exclusive	TK18	SNV			1	0
ENSG00000236336	CDYL-AS1	GroupA_exclusive	TK91	SNV			1	0
ENSG00000230666	CEACAM22P	GroupA_exclusive	TK91	SNV			1	0
ENSG00000290603	CEACAM22P	GroupA_exclusive	TK93	SNV			1	0
ENSG00000239736	CEACAMP3	GroupA_exclusive	TK91	SNV			1	0
ENSG00000231561	CEACAMP5	GroupA_exclusive	TK91	SNV			1	0
ENSG00000253603	CERNA3	GroupA_exclusive	TK91	SNV			1	0
ENSG00000253773	CFAP418-AS1	GroupA_exclusive	TK10	SNV			1	0
ENSG00000188523	CFAP77	GroupA_exclusive	TK93	SNV			1	0
ENSG00000213830	CFL1P5	GroupA_exclusive	TK18	SNV			1	0
ENSG00000234239	CFL1P8	GroupA_exclusive	TK91	SNV			1	0
ENSG00000135346	CGA	GroupA_exclusive	TK10	SNV			1	0
ENSG00000189052	CGB5	GroupA_exclusive	TK92	SNV			1	0
ENSG00000270849	CHCHD2P3	GroupA_exclusive	TK92	SNV			1	0
ENSG00000249973	CHCHD2P7	GroupA_exclusive	TK10	SNV			1	0
ENSG00000225222	CHCHD4P5	GroupA_exclusive	TK91	SNV			1	0
ENSG00000234898	CHEK2P3	GroupA_exclusive	TK92	SNV			1	0
ENSG00000224318	CHL1-AS2	GroupA_exclusive	TK16	INDEL,SNV			1	0
ENSG00000248930	CHP1P1	GroupA_exclusive	TK18	SNV			1	0
ENSG00000180767	CHST13	GroupA_exclusive	TK18	SNV			1	0
ENSG00000233652	CICP1	GroupA_exclusive	TK91	SNV			1	0
ENSG00000237799	CICP11	GroupA_exclusive	TK92	SNV			1	0
ENSG00000227233	CICP17	GroupA_exclusive	TK92	SNV			1	0
ENSG00000233740	CICP2	GroupA_exclusive	TK92	SNV			1	0
ENSG00000278455	CICP21	GroupA_exclusive	TK91	SNV			1	0
ENSG00000233003	CICP26	GroupA_exclusive	TK92	SNV			1	0
ENSG00000277253	CICP28	GroupA_exclusive	TK92	INDEL,SNV			1	0
ENSG00000232852	CICP4	GroupA_exclusive	TK18	SNV			1	0
ENSG00000187288	CIDEC	GroupA_exclusive	TK10	SNV			1	0
ENSG00000198894	CIPC	GroupA_exclusive	TK93	SNV			1	0
ENSG00000253146	CIR1P1	GroupA_exclusive	TK91	SNV			1	0
ENSG00000250215	CIR1P2	GroupA_exclusive	TK91	SNV			1	0
ENSG00000260492	CISTR	GroupA_exclusive	TK92	SNV			1	0
ENSG00000271461	CKAP2LP1	GroupA_exclusive	TK93	SNV			1	0
ENSG00000217555	CKLF	GroupA_exclusive	TK10	SNV			1	0
ENSG00000265451	CLASP1-AS1	GroupA_exclusive	TK16	SNV			1	0
ENSG00000016602	CLCA4	GroupA_exclusive	TK10	SNV			1	0
ENSG00000164007	CLDN19	GroupA_exclusive	TK10	SNV			1	0
ENSG00000228607	CLDN25	GroupA_exclusive	TK18	SNV			1	0
ENSG00000261210	CLEC19A	GroupA_exclusive	TK93	SNV			1	0
ENSG00000166527	CLEC4D	GroupA_exclusive	TK93	SNV			1	0
ENSG00000152672	CLEC4F	GroupA_exclusive	TK92	INDEL			1	0
ENSG00000267453	CLEC4OP	GroupA_exclusive	TK10	SNV			1	0
ENSG00000237931	CLIC4P3	GroupA_exclusive	TK92	SNV			1	0
ENSG00000226191	CLK3P2	GroupA_exclusive	TK91	SNV			1	0
ENSG00000233384	CNIH3-AS2	GroupA_exclusive	TK92	SNV			1	0
ENSG00000227069	CNN2P2	GroupA_exclusive	TK91	SNV			1	0
ENSG00000213355	CNN2P8	GroupA_exclusive	TK92	SNV			1	0
ENSG00000237159	CNTFR-AS1	GroupA_exclusive	TK93	SNV			1	0
ENSG00000278213	CNTNAP3P5	GroupA_exclusive	TK92	SNV			1	0
ENSG00000231270	COBLP1	GroupA_exclusive	TK92	SNV			1	0
ENSG00000224574	COL18A1-AS2	GroupA_exclusive	TK93	SNV			1	0
ENSG00000118004	COLEC11	GroupA_exclusive	TK18	SNV			1	0
ENSG00000266613	COP1P1	GroupA_exclusive	TK91	SNV			1	0
ENSG00000205105	COX17P1	GroupA_exclusive	TK93	SNV			1	0
ENSG00000235013	COX20P2	GroupA_exclusive	TK16	SNV			1	0
ENSG00000226024	COX5BP7	GroupA_exclusive	TK18	SNV			1	0
ENSG00000249047	COX6B1P5	GroupA_exclusive	TK16	SNV			1	0
ENSG00000260318	COX6CP1	GroupA_exclusive	TK93	SNV			1	0
ENSG00000258626	COX7A2P1	GroupA_exclusive	TK16	SNV			1	0
ENSG00000236764	COX7A2P2	GroupA_exclusive	TK91	INDEL,SNV			1	0
ENSG00000254478	COX7CP3	GroupA_exclusive	TK93	SNV			1	0
ENSG00000235903	CPB2-AS1	GroupA_exclusive	TK18	SNV			1	0
ENSG00000259462	CPEB1-AS1	GroupA_exclusive	TK10	SNV			1	0
ENSG00000236596	CRLF3P1	GroupA_exclusive	TK92	INDEL,SNV			1	0
ENSG00000245694	CRNDE	GroupA_exclusive	TK18	SNV			1	0
ENSG00000204993	CRTC1P1	GroupA_exclusive	TK92	SNV			1	0
ENSG00000160202	CRYAA	GroupA_exclusive	TK18	SNV			1	0
ENSG00000112297	CRYBG1	GroupA_exclusive	TK92	SNV			1	0
ENSG00000232254	CSF2RBP1	GroupA_exclusive	TK93	SNV			1	0
ENSG00000256709	CSGALNACT2P2	GroupA_exclusive	TK92	SNV			1	0
ENSG00000135222	CSN2	GroupA_exclusive	TK91	SNV			1	0
ENSG00000290388	CST13P	GroupA_exclusive	TK92	SNV			1	0
ENSG00000173335	CST9	GroupA_exclusive	TK16	SNV			1	0
ENSG00000181358	CTAGE10P	GroupA_exclusive	TK92	SNV			1	0
ENSG00000267153	CTBP2P3	GroupA_exclusive	TK10	SNV			1	0
ENSG00000267091	CTBP2P7	GroupA_exclusive	TK10	SNV			1	0
ENSG00000124092	CTCFL	GroupA_exclusive	TK92	SNV			1	0
ENSG00000251467	CTDNEP1P2	GroupA_exclusive	TK93	SNV			1	0
ENSG00000044115	CTNNA1	GroupA_exclusive	TK91	SNV			1	0
ENSG00000168925	CTRB1	GroupA_exclusive	TK91	SNV			1	0
ENSG00000266217	CTSLP2	GroupA_exclusive	TK92	SNV			1	0
ENSG00000280913	CTSLP3	GroupA_exclusive	TK91	SNV			1	0
ENSG00000233932	CTXN2	GroupA_exclusive	TK16	SNV			1	0
ENSG00000283324	CTXND2	GroupA_exclusive	TK93	SNV			1	0
ENSG00000258712	CXADRP2	GroupA_exclusive	TK93	SNV			1	0
ENSG00000163734	CXCL3	GroupA_exclusive	TK91	SNV			1	0
ENSG00000271423	CYCSP1	GroupA_exclusive	TK10	SNV			1	0
ENSG00000213310	CYCSP19	GroupA_exclusive	TK91	SNV			1	0
ENSG00000227666	CYCSP24	GroupA_exclusive	TK92	SNV			1	0
ENSG00000255003	CYCSP28	GroupA_exclusive	TK92	SNV			1	0
ENSG00000259513	CYCSP38	GroupA_exclusive	TK93	SNV			1	0
ENSG00000184844	CYCSP45	GroupA_exclusive	TK10	SNV			1	0
ENSG00000233843	CYCSP48	GroupA_exclusive	TK92	SNV			1	0
ENSG00000226425	CYP26C1-DT	GroupA_exclusive	TK91	SNV			1	0
ENSG00000233441	CYP2AB1P	GroupA_exclusive	TK92	SNV			1	0
ENSG00000235199	CYP2C58P	GroupA_exclusive	TK91	SNV			1	0
ENSG00000248313	CYP4F27P	GroupA_exclusive	TK10	SNV			1	0
ENSG00000228592	D21S2088E	GroupA_exclusive	TK10	SNV			1	0
ENSG00000226759	DAB1-AS1	GroupA_exclusive	TK93	SNV			1	0
ENSG00000205944	DAZ2	GroupA_exclusive	TK91	SNV			1	0
ENSG00000218748	DBIP1	GroupA_exclusive	TK92	SNV			1	0
ENSG00000251366	DBIP2	GroupA_exclusive	TK16	INDEL			1	0
ENSG00000242562	DCAF13P1	GroupA_exclusive	TK92	SNV			1	0
ENSG00000249710	DDIT4L-AS1	GroupA_exclusive	TK18	SNV			1	0
ENSG00000290355	DDX11L16	GroupA_exclusive	TK93	SNV			1	0
ENSG00000217414	DDX18P3	GroupA_exclusive	TK93	SNV			1	0
ENSG00000220585	DDX18P6	GroupA_exclusive	TK92	SNV			1	0
ENSG00000232756	DDX3ILA1	GroupA_exclusive	TK16	SNV			1	0
ENSG00000232928	DDX3P1	GroupA_exclusive	TK10	SNV			1	0
ENSG00000164821	DEFA4	GroupA_exclusive	TK18	SNV			1	0
ENSG00000198129	DEFB107B	GroupA_exclusive	TK92	SNV			1	0
ENSG00000205989	DEFB109C	GroupA_exclusive	TK93	SNV			1	0
ENSG00000180424	DEFB123	GroupA_exclusive	TK92	SNV			1	0
ENSG00000232773	DEFB130D	GroupA_exclusive	TK91	SNV			1	0
ENSG00000237215	DEFB131D	GroupA_exclusive	TK10	SNV			1	0
ENSG00000254507	DEFB131E	GroupA_exclusive	TK10	SNV			1	0
ENSG00000274588	DGKK	GroupA_exclusive	TK91	INDEL			1	0
ENSG00000187630	DHRS4L2	GroupA_exclusive	TK18	SNV			1	0
ENSG00000174325	DIRC1	GroupA_exclusive	TK10	SNV			1	0
ENSG00000176124	DLEU1	GroupA_exclusive	TK93	SNV			1	0
ENSG00000255311	DLG2-AS2	GroupA_exclusive	TK91	SNV			1	0
ENSG00000263878	DLGAP1-AS4	GroupA_exclusive	TK10	SNV			1	0
ENSG00000261520	DLGAP1-AS5	GroupA_exclusive	TK10	SNV			1	0
ENSG00000064218	DMRT3	GroupA_exclusive	TK16	SNV			1	0
ENSG00000249494	DMXL1-DT	GroupA_exclusive	TK10	SNV			1	0
ENSG00000259708	DNAJA4-DT	GroupA_exclusive	TK10	SNV			1	0
ENSG00000251203	DNAJB6P2	GroupA_exclusive	TK16	SNV			1	0
ENSG00000225808	DNAJC19P5	GroupA_exclusive	TK10	INDEL			1	0
ENSG00000237663	DNAJC19P7	GroupA_exclusive	TK93	SNV			1	0
ENSG00000163793	DNAJC5G	GroupA_exclusive	TK91	SNV			1	0
ENSG00000254183	DNAJC8P3	GroupA_exclusive	TK92	SNV			1	0
ENSG00000250833	DNM1P17	GroupA_exclusive	TK93	SNV			1	0
ENSG00000260096	DNM1P33	GroupA_exclusive	TK16	SNV			1	0
ENSG00000259890	DNM1P50	GroupA_exclusive	TK10	SNV			1	0
ENSG00000233540	DNM3-IT1	GroupA_exclusive	TK16	SNV			1	0
ENSG00000184303	DRD5P1	GroupA_exclusive	TK92	SNV			1	0
ENSG00000240393	DRG1P2	GroupA_exclusive	TK18	SNV			1	0
ENSG00000233316	DSCR10	GroupA_exclusive	TK10	SNV			1	0
ENSG00000266729	DSG1-AS1	GroupA_exclusive	TK18	SNV			1	0
ENSG00000105865	DUS4L	GroupA_exclusive	TK92	SNV			1	0
ENSG00000277000	DUSP12P1	GroupA_exclusive	TK16	SNV			1	0
ENSG00000188716	DUSP29	GroupA_exclusive	TK93	SNV			1	0
ENSG00000215065	DUSP8P1	GroupA_exclusive	TK93	SNV			1	0
ENSG00000282911	DUX4L35	GroupA_exclusive	TK92	SNV			1	0
ENSG00000258834	DUX4L4	GroupA_exclusive	TK91	SNV			1	0
ENSG00000258336	DUX4L52	GroupA_exclusive	TK92	SNV			1	0
ENSG00000281652	DUX4L7	GroupA_exclusive	TK91	SNV			1	0
ENSG00000259056	DUXAP1	GroupA_exclusive	TK10	SNV			1	0
ENSG00000270552	DUXAP3	GroupA_exclusive	TK91	SNV			1	0
ENSG00000205579	DYNLL1P1	GroupA_exclusive	TK92	SNV			1	0
ENSG00000224963	ECMXP	GroupA_exclusive	TK91	SNV			1	0
ENSG00000249751	ECSCR	GroupA_exclusive	TK93	SNV			1	0
ENSG00000234060	EDDM3CP	GroupA_exclusive	TK92	SNV			1	0
ENSG00000270775	EEF1A1P18	GroupA_exclusive	TK91	SNV			1	0
ENSG00000258841	EEF1A1P2	GroupA_exclusive	TK92	SNV			1	0
ENSG00000237859	EEF1A1P31	GroupA_exclusive	TK92	SNV			1	0
ENSG00000233324	EEF1A1P34	GroupA_exclusive	TK91	SNV			1	0
ENSG00000229715	EEF1DP3	GroupA_exclusive	TK92	SNV			1	0
ENSG00000236607	EEF1DP8	GroupA_exclusive	TK16	SNV			1	0
ENSG00000236290	EEF1GP7	GroupA_exclusive	TK93	SNV			1	0
ENSG00000228348	EFCAB14P1	GroupA_exclusive	TK16	SNV			1	0
ENSG00000228140	EFHD2-AS1	GroupA_exclusive	TK10	SNV			1	0
ENSG00000248998	EFL1P2	GroupA_exclusive	TK18	SNV			1	0
ENSG00000224057	EGFR-AS1	GroupA_exclusive	TK92	SNV			1	0
ENSG00000236257	EI24P2	GroupA_exclusive	TK93	SNV			1	0
ENSG00000262154	EIF1P4	GroupA_exclusive	TK93	SNV			1	0
ENSG00000225701	EIF4A1P13	GroupA_exclusive	TK92	SNV			1	0
ENSG00000226161	EIF4A1P5	GroupA_exclusive	TK16	SNV			1	0
ENSG00000213484	EIF4A1P8	GroupA_exclusive	TK92	SNV			1	0
ENSG00000175766	EIF4E1B	GroupA_exclusive	TK91	SNV			1	0
ENSG00000244157	EIF4E2P2	GroupA_exclusive	TK92	SNV			1	0
ENSG00000258870	EIF4EBP1P1	GroupA_exclusive	TK93	SNV			1	0
ENSG00000233578	EIF4EP1	GroupA_exclusive	TK92	INDEL,SNV			1	0
ENSG00000163577	EIF5A2	GroupA_exclusive	TK18	INDEL,SNV			1	0
ENSG00000260576	EIF5A2P1	GroupA_exclusive	TK93	SNV			1	0
ENSG00000197561	ELANE	GroupA_exclusive	TK16	SNV			1	0
ENSG00000162374	ELAVL4	GroupA_exclusive	TK91	SNV			1	0
ENSG00000280890	ELDR	GroupA_exclusive	TK91	SNV			1	0
ENSG00000128886	ELL3	GroupA_exclusive	TK16	SNV			1	0
ENSG00000276172	ELMO2P1	GroupA_exclusive	TK92	SNV			1	0
ENSG00000226186	ELOCP21	GroupA_exclusive	TK92	INDEL,SNV			1	0
ENSG00000265545	ELOCP27	GroupA_exclusive	TK93	SNV			1	0
ENSG00000164035	EMCN	GroupA_exclusive	TK10	SNV			1	0
ENSG00000177261	ENSAP3	GroupA_exclusive	TK93	SNV			1	0
ENSG00000106540	ENSG00000106540	GroupA_exclusive	TK16	SNV			1	0
ENSG00000121388	ENSG00000121388	GroupA_exclusive	TK92	SNV			1	0
ENSG00000166104	ENSG00000166104	GroupA_exclusive	TK10	SNV			1	0
ENSG00000178107	ENSG00000178107	GroupA_exclusive	TK93	SNV			1	0
ENSG00000180019	ENSG00000180019	GroupA_exclusive	TK93	SNV			1	0
ENSG00000181514	ENSG00000181514	GroupA_exclusive	TK16	SNV			1	0
ENSG00000184906	ENSG00000184906	GroupA_exclusive	TK92	SNV			1	0
ENSG00000188078	ENSG00000188078	GroupA_exclusive	TK92	INDEL,SNV			1	0
ENSG00000197254	ENSG00000197254	GroupA_exclusive	TK92	SNV			1	0
ENSG00000198358	ENSG00000198358	GroupA_exclusive	TK18	SNV			1	0
ENSG00000200075	ENSG00000200075	GroupA_exclusive	TK91	SNV			1	0
ENSG00000200377	ENSG00000200377	GroupA_exclusive	TK92	SNV			1	0
ENSG00000201245	ENSG00000201245	GroupA_exclusive	TK92	INDEL,SNV			1	0
ENSG00000201384	ENSG00000201384	GroupA_exclusive	TK93	SNV			1	0
ENSG00000201882	ENSG00000201882	GroupA_exclusive	TK18	SNV			1	0
ENSG00000202343	ENSG00000202343	GroupA_exclusive	TK91	SNV			1	0
ENSG00000202434	ENSG00000202434	GroupA_exclusive	TK93	SNV			1	0
ENSG00000203396	ENSG00000203396	GroupA_exclusive	TK93	SNV			1	0
ENSG00000203434	ENSG00000203434	GroupA_exclusive	TK10	SNV			1	0
ENSG00000203462	ENSG00000203462	GroupA_exclusive	TK91	SNV			1	0
ENSG00000203531	ENSG00000203531	GroupA_exclusive	TK91	SNV			1	0
ENSG00000203565	ENSG00000203565	GroupA_exclusive	TK92	SNV			1	0
ENSG00000203643	ENSG00000203643	GroupA_exclusive	TK92	SNV			1	0
ENSG00000204684	ENSG00000204684	GroupA_exclusive	TK10	SNV			1	0
ENSG00000204850	ENSG00000204850	GroupA_exclusive	TK10	SNV			1	0
ENSG00000205644	ENSG00000205644	GroupA_exclusive	TK92	SNV			1	0
ENSG00000205830	ENSG00000205830	GroupA_exclusive	TK93	SNV			1	0
ENSG00000212338	ENSG00000212338	GroupA_exclusive	TK92	SNV			1	0
ENSG00000212391	ENSG00000212391	GroupA_exclusive	TK16	SNV			1	0
ENSG00000212567	ENSG00000212567	GroupA_exclusive	TK91	SNV			1	0
ENSG00000213058	ENSG00000213058	GroupA_exclusive	TK93	SNV			1	0
ENSG00000213078	ENSG00000213078	GroupA_exclusive	TK92	SNV			1	0
ENSG00000213115	ENSG00000213115	GroupA_exclusive	TK93	SNV			1	0
ENSG00000213226	ENSG00000213226	GroupA_exclusive	TK93	SNV			1	0
ENSG00000213293	ENSG00000213293	GroupA_exclusive	TK18	SNV			1	0
ENSG00000213560	ENSG00000213560	GroupA_exclusive	TK91	SNV			1	0
ENSG00000213587	ENSG00000213587	GroupA_exclusive	TK91	SNV			1	0
ENSG00000213717	ENSG00000213717	GroupA_exclusive	TK93	SNV			1	0
ENSG00000213851	ENSG00000213851	GroupA_exclusive	TK92	SNV			1	0
ENSG00000214035	ENSG00000214035	GroupA_exclusive	TK92	SNV			1	0
ENSG00000214093	ENSG00000214093	GroupA_exclusive	TK16	SNV			1	0
ENSG00000214243	ENSG00000214243	GroupA_exclusive	TK92	SNV			1	0
ENSG00000214278	ENSG00000214278	GroupA_exclusive	TK92	INDEL,SNV			1	0
ENSG00000214651	ENSG00000214651	GroupA_exclusive	TK91	SNV			1	0
ENSG00000214797	ENSG00000214797	GroupA_exclusive	TK16	SNV			1	0
ENSG00000215023	ENSG00000215023	GroupA_exclusive	TK18	SNV			1	0
ENSG00000215409	ENSG00000215409	GroupA_exclusive	TK16	SNV			1	0
ENSG00000215796	ENSG00000215796	GroupA_exclusive	TK10	SNV			1	0
ENSG00000216721	ENSG00000216721	GroupA_exclusive	TK91	SNV			1	0
ENSG00000217030	ENSG00000217030	GroupA_exclusive	TK91	SNV			1	0
ENSG00000217060	ENSG00000217060	GroupA_exclusive	TK10	SNV			1	0
ENSG00000217139	ENSG00000217139	GroupA_exclusive	TK93	SNV			1	0
ENSG00000217195	ENSG00000217195	GroupA_exclusive	TK93	SNV			1	0
ENSG00000217512	ENSG00000217512	GroupA_exclusive	TK93	SNV			1	0
ENSG00000218187	ENSG00000218187	GroupA_exclusive	TK93	SNV			1	0
ENSG00000218313	ENSG00000218313	GroupA_exclusive	TK92	SNV			1	0
ENSG00000218472	ENSG00000218472	GroupA_exclusive	TK91	SNV			1	0
ENSG00000218521	ENSG00000218521	GroupA_exclusive	TK92	SNV			1	0
ENSG00000218596	ENSG00000218596	GroupA_exclusive	TK93	SNV			1	0
ENSG00000218682	ENSG00000218682	GroupA_exclusive	TK91	SNV			1	0
ENSG00000218757	ENSG00000218757	GroupA_exclusive	TK93	SNV			1	0
ENSG00000218766	ENSG00000218766	GroupA_exclusive	TK92	SNV			1	0
ENSG00000219391	ENSG00000219391	GroupA_exclusive	TK92	SNV			1	0
ENSG00000219500	ENSG00000219500	GroupA_exclusive	TK92	SNV			1	0
ENSG00000219622	ENSG00000219622	GroupA_exclusive	TK91	SNV			1	0
ENSG00000220105	ENSG00000220105	GroupA_exclusive	TK91	SNV			1	0
ENSG00000220349	ENSG00000220349	GroupA_exclusive	TK18	SNV			1	0
ENSG00000220660	ENSG00000220660	GroupA_exclusive	TK91	SNV			1	0
ENSG00000220960	ENSG00000220960	GroupA_exclusive	TK93	SNV			1	0
ENSG00000221245	ENSG00000221245	GroupA_exclusive	TK93	SNV			1	0
ENSG00000222032	ENSG00000222032	GroupA_exclusive	TK92	SNV			1	0
ENSG00000222042	ENSG00000222042	GroupA_exclusive	TK10	SNV			1	0
ENSG00000223343	ENSG00000223343	GroupA_exclusive	TK92	SNV			1	0
ENSG00000223430	ENSG00000223430	GroupA_exclusive	TK93	SNV			1	0
ENSG00000223563	ENSG00000223563	GroupA_exclusive	TK91	SNV			1	0
ENSG00000223602	ENSG00000223602	GroupA_exclusive	TK91	SNV			1	0
ENSG00000223665	ENSG00000223665	GroupA_exclusive	TK93	SNV			1	0
ENSG00000223795	ENSG00000223795	GroupA_exclusive	TK93	SNV			1	0
ENSG00000223829	ENSG00000223829	GroupA_exclusive	TK18	SNV			1	0
ENSG00000223920	ENSG00000223920	GroupA_exclusive	TK91	SNV			1	0
ENSG00000223946	ENSG00000223946	GroupA_exclusive	TK10	SNV			1	0
ENSG00000224049	ENSG00000224049	GroupA_exclusive	TK18	SNV			1	0
ENSG00000224077	ENSG00000224077	GroupA_exclusive	TK91	SNV			1	0
ENSG00000224100	ENSG00000224100	GroupA_exclusive	TK92	SNV			1	0
ENSG00000224127	ENSG00000224127	GroupA_exclusive	TK18	SNV			1	0
ENSG00000224194	ENSG00000224194	GroupA_exclusive	TK16	SNV			1	0
ENSG00000224239	ENSG00000224239	GroupA_exclusive	TK92	SNV			1	0
ENSG00000224250	ENSG00000224250	GroupA_exclusive	TK92	SNV			1	0
ENSG00000224322	ENSG00000224322	GroupA_exclusive	TK91	SNV			1	0
ENSG00000224370	ENSG00000224370	GroupA_exclusive	TK91	SNV			1	0
ENSG00000224387	ENSG00000224387	GroupA_exclusive	TK16	INDEL			1	0
ENSG00000224410	ENSG00000224410	GroupA_exclusive	TK93	SNV			1	0
ENSG00000224427	ENSG00000224427	GroupA_exclusive	TK91	SNV			1	0
ENSG00000224448	ENSG00000224448	GroupA_exclusive	TK93	SNV			1	0
ENSG00000224477	ENSG00000224477	GroupA_exclusive	TK91	SNV			1	0
ENSG00000224484	ENSG00000224484	GroupA_exclusive	TK10	INDEL			1	0
ENSG00000224504	ENSG00000224504	GroupA_exclusive	TK10	SNV			1	0
ENSG00000224523	ENSG00000224523	GroupA_exclusive	TK92	SNV			1	0
ENSG00000224600	ENSG00000224600	GroupA_exclusive	TK10	SNV			1	0
ENSG00000224605	ENSG00000224605	GroupA_exclusive	TK91	SNV			1	0
ENSG00000224621	ENSG00000224621	GroupA_exclusive	TK10	SNV			1	0
ENSG00000224931	ENSG00000224931	GroupA_exclusive	TK91	SNV			1	0
ENSG00000224950	ENSG00000224950	GroupA_exclusive	TK10	SNV			1	0
ENSG00000225123	ENSG00000225123	GroupA_exclusive	TK93	SNV			1	0
ENSG00000225172	ENSG00000225172	GroupA_exclusive	TK92	SNV			1	0
ENSG00000225191	ENSG00000225191	GroupA_exclusive	TK92	SNV			1	0
ENSG00000225424	ENSG00000225424	GroupA_exclusive	TK10	SNV			1	0
ENSG00000225469	ENSG00000225469	GroupA_exclusive	TK92	INDEL,SNV			1	0
ENSG00000225475	ENSG00000225475	GroupA_exclusive	TK93	SNV			1	0
ENSG00000225551	ENSG00000225551	GroupA_exclusive	TK93	SNV			1	0
ENSG00000225563	ENSG00000225563	GroupA_exclusive	TK91	INDEL,SNV			1	0
ENSG00000225594	ENSG00000225594	GroupA_exclusive	TK92	SNV			1	0
ENSG00000225620	ENSG00000225620	GroupA_exclusive	TK16	SNV			1	0
ENSG00000225632	ENSG00000225632	GroupA_exclusive	TK93	SNV			1	0
ENSG00000225656	ENSG00000225656	GroupA_exclusive	TK93	SNV			1	0
ENSG00000225678	ENSG00000225678	GroupA_exclusive	TK92	SNV			1	0
ENSG00000225794	ENSG00000225794	GroupA_exclusive	TK92	SNV			1	0
ENSG00000225818	ENSG00000225818	GroupA_exclusive	TK91	SNV			1	0
ENSG00000225840	ENSG00000225840	GroupA_exclusive	TK92	SNV			1	0
ENSG00000225867	ENSG00000225867	GroupA_exclusive	TK92	SNV			1	0
ENSG00000225898	ENSG00000225898	GroupA_exclusive	TK18	SNV			1	0
ENSG00000225906	ENSG00000225906	GroupA_exclusive	TK18	SNV			1	0
ENSG00000225913	ENSG00000225913	GroupA_exclusive	TK91	SNV			1	0
ENSG00000225982	ENSG00000225982	GroupA_exclusive	TK91	SNV			1	0
ENSG00000226072	ENSG00000226072	GroupA_exclusive	TK93	SNV			1	0
ENSG00000226089	ENSG00000226089	GroupA_exclusive	TK93	SNV			1	0
ENSG00000226117	ENSG00000226117	GroupA_exclusive	TK92	SNV			1	0
ENSG00000226134	ENSG00000226134	GroupA_exclusive	TK92	SNV			1	0
ENSG00000226181	ENSG00000226181	GroupA_exclusive	TK93	SNV			1	0
ENSG00000226197	ENSG00000226197	GroupA_exclusive	TK92	SNV			1	0
ENSG00000226207	ENSG00000226207	GroupA_exclusive	TK91	SNV			1	0
ENSG00000226338	ENSG00000226338	GroupA_exclusive	TK92	INDEL			1	0
ENSG00000226376	ENSG00000226376	GroupA_exclusive	TK91	SNV			1	0
ENSG00000226410	ENSG00000226410	GroupA_exclusive	TK91	SNV			1	0
ENSG00000226423	ENSG00000226423	GroupA_exclusive	TK16	SNV			1	0
ENSG00000226431	ENSG00000226431	GroupA_exclusive	TK93	SNV			1	0
ENSG00000226484	ENSG00000226484	GroupA_exclusive	TK93	SNV			1	0
ENSG00000226523	ENSG00000226523	GroupA_exclusive	TK18	SNV			1	0
ENSG00000226548	ENSG00000226548	GroupA_exclusive	TK92	SNV			1	0
ENSG00000226599	ENSG00000226599	GroupA_exclusive	TK93	SNV			1	0
ENSG00000226640	ENSG00000226640	GroupA_exclusive	TK92	SNV			1	0
ENSG00000226649	ENSG00000226649	GroupA_exclusive	TK93	SNV			1	0
ENSG00000226716	ENSG00000226716	GroupA_exclusive	TK10	SNV			1	0
ENSG00000226772	ENSG00000226772	GroupA_exclusive	TK93	INDEL,SNV			1	0
ENSG00000226782	ENSG00000226782	GroupA_exclusive	TK93	SNV			1	0
ENSG00000226838	ENSG00000226838	GroupA_exclusive	TK91	SNV			1	0
ENSG00000226938	ENSG00000226938	GroupA_exclusive	TK91	SNV			1	0
ENSG00000226989	ENSG00000226989	GroupA_exclusive	TK91	SNV			1	0
ENSG00000226994	ENSG00000226994	GroupA_exclusive	TK92	SNV			1	0
ENSG00000226999	ENSG00000226999	GroupA_exclusive	TK92	SNV			1	0
ENSG00000227015	ENSG00000227015	GroupA_exclusive	TK93	SNV			1	0
ENSG00000227042	ENSG00000227042	GroupA_exclusive	TK93	SNV			1	0
ENSG00000227066	ENSG00000227066	GroupA_exclusive	TK92	SNV			1	0
ENSG00000227076	ENSG00000227076	GroupA_exclusive	TK10	SNV			1	0
ENSG00000227080	ENSG00000227080	GroupA_exclusive	TK93	SNV			1	0
ENSG00000227094	ENSG00000227094	GroupA_exclusive	TK91	SNV			1	0
ENSG00000227131	ENSG00000227131	GroupA_exclusive	TK93	INDEL			1	0
ENSG00000227148	ENSG00000227148	GroupA_exclusive	TK10	SNV			1	0
ENSG00000227186	ENSG00000227186	GroupA_exclusive	TK92	SNV			1	0
ENSG00000227206	ENSG00000227206	GroupA_exclusive	TK91	SNV			1	0
ENSG00000227240	ENSG00000227240	GroupA_exclusive	TK91	SNV			1	0
ENSG00000227257	ENSG00000227257	GroupA_exclusive	TK93	SNV			1	0
ENSG00000227293	ENSG00000227293	GroupA_exclusive	TK93	SNV			1	0
ENSG00000227301	ENSG00000227301	GroupA_exclusive	TK92	SNV			1	0
ENSG00000227365	ENSG00000227365	GroupA_exclusive	TK91	SNV			1	0
ENSG00000227417	ENSG00000227417	GroupA_exclusive	TK91	SNV			1	0
ENSG00000227459	ENSG00000227459	GroupA_exclusive	TK93	SNV			1	0
ENSG00000227499	ENSG00000227499	GroupA_exclusive	TK93	SNV			1	0
ENSG00000227573	ENSG00000227573	GroupA_exclusive	TK92	SNV			1	0
ENSG00000227706	ENSG00000227706	GroupA_exclusive	TK10	SNV			1	0
ENSG00000227711	ENSG00000227711	GroupA_exclusive	TK10	SNV			1	0
ENSG00000227845	ENSG00000227845	GroupA_exclusive	TK18	SNV			1	0
ENSG00000227851	ENSG00000227851	GroupA_exclusive	TK91	SNV			1	0
ENSG00000227950	ENSG00000227950	GroupA_exclusive	TK92	SNV			1	0
ENSG00000227958	ENSG00000227958	GroupA_exclusive	TK91	INDEL,SNV			1	0
ENSG00000228021	ENSG00000228021	GroupA_exclusive	TK92	SNV			1	0
ENSG00000228048	ENSG00000228048	GroupA_exclusive	TK91	SNV			1	0
ENSG00000228143	ENSG00000228143	GroupA_exclusive	TK93	SNV			1	0
ENSG00000228160	ENSG00000228160	GroupA_exclusive	TK91	SNV			1	0
ENSG00000228187	ENSG00000228187	GroupA_exclusive	TK93	INDEL,SNV			1	0
ENSG00000228235	ENSG00000228235	GroupA_exclusive	TK93	SNV			1	0
ENSG00000228341	ENSG00000228341	GroupA_exclusive	TK91	SNV			1	0
ENSG00000228352	ENSG00000228352	GroupA_exclusive	TK92	SNV			1	0
ENSG00000228355	ENSG00000228355	GroupA_exclusive	TK16	SNV			1	0
ENSG00000228401	ENSG00000228401	GroupA_exclusive	TK10	INDEL,SNV			1	0
ENSG00000228464	ENSG00000228464	GroupA_exclusive	TK93	SNV			1	0
ENSG00000228525	ENSG00000228525	GroupA_exclusive	TK92	SNV			1	0
ENSG00000228540	ENSG00000228540	GroupA_exclusive	TK92	SNV			1	0
ENSG00000228561	ENSG00000228561	GroupA_exclusive	TK93	SNV			1	0
ENSG00000228618	ENSG00000228618	GroupA_exclusive	TK93	SNV			1	0
ENSG00000228702	ENSG00000228702	GroupA_exclusive	TK91	SNV			1	0
ENSG00000228708	ENSG00000228708	GroupA_exclusive	TK91	SNV			1	0
ENSG00000228792	ENSG00000228792	GroupA_exclusive	TK18	SNV			1	0
ENSG00000228827	ENSG00000228827	GroupA_exclusive	TK93	SNV			1	0
ENSG00000228835	ENSG00000228835	GroupA_exclusive	TK10	SNV			1	0
ENSG00000228877	ENSG00000228877	GroupA_exclusive	TK10	SNV			1	0
ENSG00000228944	ENSG00000228944	GroupA_exclusive	TK92	INDEL,SNV			1	0
ENSG00000228982	ENSG00000228982	GroupA_exclusive	TK91	SNV			1	0
ENSG00000229060	ENSG00000229060	GroupA_exclusive	TK91	SNV			1	0
ENSG00000229112	ENSG00000229112	GroupA_exclusive	TK10	SNV			1	0
ENSG00000229115	ENSG00000229115	GroupA_exclusive	TK92	SNV			1	0
ENSG00000229131	ENSG00000229131	GroupA_exclusive	TK18	INDEL,SNV			1	0
ENSG00000229156	ENSG00000229156	GroupA_exclusive	TK91	SNV			1	0
ENSG00000229169	ENSG00000229169	GroupA_exclusive	TK92	SNV			1	0
ENSG00000229172	ENSG00000229172	GroupA_exclusive	TK92	SNV			1	0
ENSG00000229206	ENSG00000229206	GroupA_exclusive	TK92	SNV			1	0
ENSG00000229262	ENSG00000229262	GroupA_exclusive	TK92	INDEL			1	0
ENSG00000229311	ENSG00000229311	GroupA_exclusive	TK93	SNV			1	0
ENSG00000229330	ENSG00000229330	GroupA_exclusive	TK92	SNV			1	0
ENSG00000229337	ENSG00000229337	GroupA_exclusive	TK91	SNV			1	0
ENSG00000229345	ENSG00000229345	GroupA_exclusive	TK92	SNV			1	0
ENSG00000229365	ENSG00000229365	GroupA_exclusive	TK10	SNV			1	0
ENSG00000229403	ENSG00000229403	GroupA_exclusive	TK92	SNV			1	0
ENSG00000229418	ENSG00000229418	GroupA_exclusive	TK10	SNV			1	0
ENSG00000229454	ENSG00000229454	GroupA_exclusive	TK93	SNV			1	0
ENSG00000229486	ENSG00000229486	GroupA_exclusive	TK93	SNV			1	0
ENSG00000229492	ENSG00000229492	GroupA_exclusive	TK92	SNV			1	0
ENSG00000229495	ENSG00000229495	GroupA_exclusive	TK16	SNV			1	0
ENSG00000229528	ENSG00000229528	GroupA_exclusive	TK10	INDEL			1	0
ENSG00000229543	ENSG00000229543	GroupA_exclusive	TK92	SNV			1	0
ENSG00000229550	ENSG00000229550	GroupA_exclusive	TK92	SNV			1	0
ENSG00000229607	ENSG00000229607	GroupA_exclusive	TK10	SNV			1	0
ENSG00000229652	ENSG00000229652	GroupA_exclusive	TK92	SNV			1	0
ENSG00000229711	ENSG00000229711	GroupA_exclusive	TK93	SNV			1	0
ENSG00000229717	ENSG00000229717	GroupA_exclusive	TK92	INDEL,SNV			1	0
ENSG00000229740	ENSG00000229740	GroupA_exclusive	TK92	SNV			1	0
ENSG00000229751	ENSG00000229751	GroupA_exclusive	TK10	SNV			1	0
ENSG00000229791	ENSG00000229791	GroupA_exclusive	TK93	SNV			1	0
ENSG00000229846	ENSG00000229846	GroupA_exclusive	TK93	SNV			1	0
ENSG00000229914	ENSG00000229914	GroupA_exclusive	TK91	SNV			1	0
ENSG00000229943	ENSG00000229943	GroupA_exclusive	TK10	SNV			1	0
ENSG00000229955	ENSG00000229955	GroupA_exclusive	TK10	SNV			1	0
ENSG00000230026	ENSG00000230026	GroupA_exclusive	TK92	SNV			1	0
ENSG00000230033	ENSG00000230033	GroupA_exclusive	TK10	SNV			1	0
ENSG00000230065	ENSG00000230065	GroupA_exclusive	TK92	SNV			1	0
ENSG00000230203	ENSG00000230203	GroupA_exclusive	TK91	SNV			1	0
ENSG00000230205	ENSG00000230205	GroupA_exclusive	TK92	SNV			1	0
ENSG00000230286	ENSG00000230286	GroupA_exclusive	TK92	INDEL,SNV			1	0
ENSG00000230355	ENSG00000230355	GroupA_exclusive	TK91	SNV			1	0
ENSG00000230381	ENSG00000230381	GroupA_exclusive	TK92	SNV			1	0
ENSG00000230385	ENSG00000230385	GroupA_exclusive	TK16	SNV			1	0
ENSG00000230459	ENSG00000230459	GroupA_exclusive	TK92	SNV			1	0
ENSG00000230492	ENSG00000230492	GroupA_exclusive	TK92	SNV			1	0
ENSG00000230495	ENSG00000230495	GroupA_exclusive	TK93	INDEL			1	0
ENSG00000230502	ENSG00000230502	GroupA_exclusive	TK92	SNV			1	0
ENSG00000230659	ENSG00000230659	GroupA_exclusive	TK93	SNV			1	0
ENSG00000230668	ENSG00000230668	GroupA_exclusive	TK91	INDEL,SNV			1	0
ENSG00000230707	ENSG00000230707	GroupA_exclusive	TK10	SNV			1	0
ENSG00000230728	ENSG00000230728	GroupA_exclusive	TK92	SNV			1	0
ENSG00000230813	ENSG00000230813	GroupA_exclusive	TK10	SNV			1	0
ENSG00000230815	ENSG00000230815	GroupA_exclusive	TK91	SNV			1	0
ENSG00000230848	ENSG00000230848	GroupA_exclusive	TK92	SNV			1	0
ENSG00000230922	ENSG00000230922	GroupA_exclusive	TK10	SNV			1	0
ENSG00000230947	ENSG00000230947	GroupA_exclusive	TK91	SNV			1	0
ENSG00000231015	ENSG00000231015	GroupA_exclusive	TK93	SNV			1	0
ENSG00000231114	ENSG00000231114	GroupA_exclusive	TK91	SNV			1	0
ENSG00000231119	ENSG00000231119	GroupA_exclusive	TK92	SNV			1	0
ENSG00000231132	ENSG00000231132	GroupA_exclusive	TK92	SNV			1	0
ENSG00000231189	ENSG00000231189	GroupA_exclusive	TK92	SNV			1	0
ENSG00000231193	ENSG00000231193	GroupA_exclusive	TK91	INDEL,SNV			1	0
ENSG00000231207	ENSG00000231207	GroupA_exclusive	TK10	SNV			1	0
ENSG00000231255	ENSG00000231255	GroupA_exclusive	TK16	SNV			1	0
ENSG00000231440	ENSG00000231440	GroupA_exclusive	TK16	SNV			1	0
ENSG00000231447	ENSG00000231447	GroupA_exclusive	TK92	SNV			1	0
ENSG00000231467	ENSG00000231467	GroupA_exclusive	TK16	SNV			1	0
ENSG00000231484	ENSG00000231484	GroupA_exclusive	TK92	SNV			1	0
ENSG00000231539	ENSG00000231539	GroupA_exclusive	TK93	SNV			1	0
ENSG00000231569	ENSG00000231569	GroupA_exclusive	TK92	SNV			1	0
ENSG00000231583	ENSG00000231583	GroupA_exclusive	TK91	SNV			1	0
ENSG00000231616	ENSG00000231616	GroupA_exclusive	TK92	SNV			1	0
ENSG00000231678	ENSG00000231678	GroupA_exclusive	TK92	SNV			1	0
ENSG00000231681	ENSG00000231681	GroupA_exclusive	TK10	SNV			1	0
ENSG00000231741	ENSG00000231741	GroupA_exclusive	TK92	SNV			1	0
ENSG00000231743	ENSG00000231743	GroupA_exclusive	TK10	SNV			1	0
ENSG00000231754	ENSG00000231754	GroupA_exclusive	TK16	SNV			1	0
ENSG00000231791	ENSG00000231791	GroupA_exclusive	TK10	SNV			1	0
ENSG00000231859	ENSG00000231859	GroupA_exclusive	TK92	SNV			1	0
ENSG00000231867	ENSG00000231867	GroupA_exclusive	TK18	SNV			1	0
ENSG00000231868	ENSG00000231868	GroupA_exclusive	TK92	SNV			1	0
ENSG00000231896	ENSG00000231896	GroupA_exclusive	TK10	INDEL			1	0
ENSG00000231937	ENSG00000231937	GroupA_exclusive	TK93	SNV			1	0
ENSG00000231949	ENSG00000231949	GroupA_exclusive	TK92	SNV			1	0
ENSG00000231961	ENSG00000231961	GroupA_exclusive	TK92	SNV			1	0
ENSG00000232032	ENSG00000232032	GroupA_exclusive	TK18	SNV			1	0
ENSG00000232034	ENSG00000232034	GroupA_exclusive	TK91	SNV			1	0
ENSG00000232063	ENSG00000232063	GroupA_exclusive	TK93	INDEL,SNV			1	0
ENSG00000232072	ENSG00000232072	GroupA_exclusive	TK18	SNV			1	0
ENSG00000232193	ENSG00000232193	GroupA_exclusive	TK10	SNV			1	0
ENSG00000232200	ENSG00000232200	GroupA_exclusive	TK92	SNV			1	0
ENSG00000232211	ENSG00000232211	GroupA_exclusive	TK93	SNV			1	0
ENSG00000232218	ENSG00000232218	GroupA_exclusive	TK16	SNV			1	0
ENSG00000232355	ENSG00000232355	GroupA_exclusive	TK93	INDEL			1	0
ENSG00000232359	ENSG00000232359	GroupA_exclusive	TK91	SNV			1	0
ENSG00000232386	ENSG00000232386	GroupA_exclusive	TK10	SNV			1	0
ENSG00000232413	ENSG00000232413	GroupA_exclusive	TK10	SNV			1	0
ENSG00000232494	ENSG00000232494	GroupA_exclusive	TK18	SNV			1	0
ENSG00000232500	ENSG00000232500	GroupA_exclusive	TK92	INDEL			1	0
ENSG00000232519	ENSG00000232519	GroupA_exclusive	TK18	SNV			1	0
ENSG00000232537	ENSG00000232537	GroupA_exclusive	TK92	SNV			1	0
ENSG00000232675	ENSG00000232675	GroupA_exclusive	TK93	SNV			1	0
ENSG00000232696	ENSG00000232696	GroupA_exclusive	TK91	SNV			1	0
ENSG00000232716	ENSG00000232716	GroupA_exclusive	TK91	SNV			1	0
ENSG00000232721	ENSG00000232721	GroupA_exclusive	TK18	SNV			1	0
ENSG00000232821	ENSG00000232821	GroupA_exclusive	TK92	SNV			1	0
ENSG00000232896	ENSG00000232896	GroupA_exclusive	TK91	SNV			1	0
ENSG00000232897	ENSG00000232897	GroupA_exclusive	TK93	SNV			1	0
ENSG00000232905	ENSG00000232905	GroupA_exclusive	TK92	SNV			1	0
ENSG00000232944	ENSG00000232944	GroupA_exclusive	TK92	SNV			1	0
ENSG00000232971	ENSG00000232971	GroupA_exclusive	TK91	SNV			1	0
ENSG00000232985	ENSG00000232985	GroupA_exclusive	TK93	SNV			1	0
ENSG00000232993	ENSG00000232993	GroupA_exclusive	TK92	SNV			1	0
ENSG00000233052	ENSG00000233052	GroupA_exclusive	TK93	SNV			1	0
ENSG00000233068	ENSG00000233068	GroupA_exclusive	TK10	SNV			1	0
ENSG00000233365	ENSG00000233365	GroupA_exclusive	TK91	SNV			1	0
ENSG00000233383	ENSG00000233383	GroupA_exclusive	TK10	SNV			1	0
ENSG00000233454	ENSG00000233454	GroupA_exclusive	TK91	SNV			1	0
ENSG00000233535	ENSG00000233535	GroupA_exclusive	TK92	SNV			1	0
ENSG00000233625	ENSG00000233625	GroupA_exclusive	TK16	SNV			1	0
ENSG00000233632	ENSG00000233632	GroupA_exclusive	TK92	SNV			1	0
ENSG00000233760	ENSG00000233760	GroupA_exclusive	TK10	SNV			1	0
ENSG00000233820	ENSG00000233820	GroupA_exclusive	TK92	SNV			1	0
ENSG00000233850	ENSG00000233850	GroupA_exclusive	TK10	SNV			1	0
ENSG00000233862	ENSG00000233862	GroupA_exclusive	TK93	SNV			1	0
ENSG00000233875	ENSG00000233875	GroupA_exclusive	TK92	SNV			1	0
ENSG00000233877	ENSG00000233877	GroupA_exclusive	TK93	SNV			1	0
ENSG00000233920	ENSG00000233920	GroupA_exclusive	TK18	SNV			1	0
ENSG00000233969	ENSG00000233969	GroupA_exclusive	TK93	SNV			1	0
ENSG00000233990	ENSG00000233990	GroupA_exclusive	TK93	SNV			1	0
ENSG00000234034	ENSG00000234034	GroupA_exclusive	TK91	SNV			1	0
ENSG00000234080	ENSG00000234080	GroupA_exclusive	TK92	SNV			1	0
ENSG00000234089	ENSG00000234089	GroupA_exclusive	TK10	SNV			1	0
ENSG00000234116	ENSG00000234116	GroupA_exclusive	TK93	SNV			1	0
ENSG00000234132	ENSG00000234132	GroupA_exclusive	TK16	SNV			1	0
ENSG00000234172	ENSG00000234172	GroupA_exclusive	TK10	SNV			1	0
ENSG00000234223	ENSG00000234223	GroupA_exclusive	TK10	SNV			1	0
ENSG00000234282	ENSG00000234282	GroupA_exclusive	TK93	SNV			1	0
ENSG00000234296	ENSG00000234296	GroupA_exclusive	TK18	SNV			1	0
ENSG00000234318	ENSG00000234318	GroupA_exclusive	TK92	SNV			1	0
ENSG00000234360	ENSG00000234360	GroupA_exclusive	TK93	SNV			1	0
ENSG00000234427	ENSG00000234427	GroupA_exclusive	TK93	SNV			1	0
ENSG00000234471	ENSG00000234471	GroupA_exclusive	TK10	SNV			1	0
ENSG00000234484	ENSG00000234484	GroupA_exclusive	TK10	SNV			1	0
ENSG00000234567	ENSG00000234567	GroupA_exclusive	TK93	SNV			1	0
ENSG00000234604	ENSG00000234604	GroupA_exclusive	TK92	SNV			1	0
ENSG00000234624	ENSG00000234624	GroupA_exclusive	TK92	SNV			1	0
ENSG00000234675	ENSG00000234675	GroupA_exclusive	TK91	SNV			1	0
ENSG00000234703	ENSG00000234703	GroupA_exclusive	TK16	SNV			1	0
ENSG00000234714	ENSG00000234714	GroupA_exclusive	TK91	SNV			1	0
ENSG00000234730	ENSG00000234730	GroupA_exclusive	TK10	SNV			1	0
ENSG00000234892	ENSG00000234892	GroupA_exclusive	TK10	SNV			1	0
ENSG00000234929	ENSG00000234929	GroupA_exclusive	TK93	SNV			1	0
ENSG00000234985	ENSG00000234985	GroupA_exclusive	TK92	SNV			1	0
ENSG00000235020	ENSG00000235020	GroupA_exclusive	TK10	SNV			1	0
ENSG00000235023	ENSG00000235023	GroupA_exclusive	TK10	SNV			1	0
ENSG00000235051	ENSG00000235051	GroupA_exclusive	TK16	SNV			1	0
ENSG00000235071	ENSG00000235071	GroupA_exclusive	TK93	SNV			1	0
ENSG00000235088	ENSG00000235088	GroupA_exclusive	TK92	SNV			1	0
ENSG00000235126	ENSG00000235126	GroupA_exclusive	TK92	SNV			1	0
ENSG00000235152	ENSG00000235152	GroupA_exclusive	TK92	SNV			1	0
ENSG00000235154	ENSG00000235154	GroupA_exclusive	TK16	SNV			1	0
ENSG00000235246	ENSG00000235246	GroupA_exclusive	TK10	SNV			1	0
ENSG00000235279	ENSG00000235279	GroupA_exclusive	TK91	SNV			1	0
ENSG00000235389	ENSG00000235389	GroupA_exclusive	TK92	SNV			1	0
ENSG00000235400	ENSG00000235400	GroupA_exclusive	TK93	INDEL			1	0
ENSG00000235435	ENSG00000235435	GroupA_exclusive	TK10	SNV			1	0
ENSG00000235464	ENSG00000235464	GroupA_exclusive	TK93	SNV			1	0
ENSG00000235526	ENSG00000235526	GroupA_exclusive	TK92	SNV			1	0
ENSG00000235564	ENSG00000235564	GroupA_exclusive	TK91	SNV			1	0
ENSG00000235575	ENSG00000235575	GroupA_exclusive	TK10	SNV			1	0
ENSG00000235612	ENSG00000235612	GroupA_exclusive	TK10	SNV			1	0
ENSG00000235637	ENSG00000235637	GroupA_exclusive	TK92	SNV			1	0
ENSG00000235728	ENSG00000235728	GroupA_exclusive	TK92	SNV			1	0
ENSG00000235742	ENSG00000235742	GroupA_exclusive	TK92	SNV			1	0
ENSG00000235778	ENSG00000235778	GroupA_exclusive	TK92	SNV			1	0
ENSG00000235817	ENSG00000235817	GroupA_exclusive	TK93	INDEL			1	0
ENSG00000235819	ENSG00000235819	GroupA_exclusive	TK92	INDEL,SNV			1	0
ENSG00000235833	ENSG00000235833	GroupA_exclusive	TK93	SNV			1	0
ENSG00000235845	ENSG00000235845	GroupA_exclusive	TK93	SNV			1	0
ENSG00000235861	ENSG00000235861	GroupA_exclusive	TK93	SNV			1	0
ENSG00000235907	ENSG00000235907	GroupA_exclusive	TK92	SNV			1	0
ENSG00000235979	ENSG00000235979	GroupA_exclusive	TK92	SNV			1	0
ENSG00000236003	ENSG00000236003	GroupA_exclusive	TK93	SNV			1	0
ENSG00000236005	ENSG00000236005	GroupA_exclusive	TK93	SNV			1	0
ENSG00000236046	ENSG00000236046	GroupA_exclusive	TK92	SNV			1	0
ENSG00000236106	ENSG00000236106	GroupA_exclusive	TK91	SNV			1	0
ENSG00000236119	ENSG00000236119	GroupA_exclusive	TK10	SNV			1	0
ENSG00000236205	ENSG00000236205	GroupA_exclusive	TK93	SNV			1	0
ENSG00000236209	ENSG00000236209	GroupA_exclusive	TK16	INDEL,SNV			1	0
ENSG00000236252	ENSG00000236252	GroupA_exclusive	TK16	SNV			1	0
ENSG00000236261	ENSG00000236261	GroupA_exclusive	TK92	SNV			1	0
ENSG00000236319	ENSG00000236319	GroupA_exclusive	TK93	SNV			1	0
ENSG00000236376	ENSG00000236376	GroupA_exclusive	TK91	SNV			1	0
ENSG00000236389	ENSG00000236389	GroupA_exclusive	TK93	SNV			1	0
ENSG00000236431	ENSG00000236431	GroupA_exclusive	TK92	SNV			1	0
ENSG00000236476	ENSG00000236476	GroupA_exclusive	TK92	SNV			1	0
ENSG00000236504	ENSG00000236504	GroupA_exclusive	TK93	SNV			1	0
ENSG00000236576	ENSG00000236576	GroupA_exclusive	TK91	SNV			1	0
ENSG00000236601	ENSG00000236601	GroupA_exclusive	TK91	SNV			1	0
ENSG00000236817	ENSG00000236817	GroupA_exclusive	TK93	SNV			1	0
ENSG00000236842	ENSG00000236842	GroupA_exclusive	TK93	SNV			1	0
ENSG00000236856	ENSG00000236856	GroupA_exclusive	TK92	SNV			1	0
ENSG00000236887	ENSG00000236887	GroupA_exclusive	TK16	SNV			1	0
ENSG00000236989	ENSG00000236989	GroupA_exclusive	TK18	SNV			1	0
ENSG00000237027	ENSG00000237027	GroupA_exclusive	TK92	SNV			1	0
ENSG00000237174	ENSG00000237174	GroupA_exclusive	TK18	SNV			1	0
ENSG00000237217	ENSG00000237217	GroupA_exclusive	TK91	SNV			1	0
ENSG00000237251	ENSG00000237251	GroupA_exclusive	TK10	SNV			1	0
ENSG00000237326	ENSG00000237326	GroupA_exclusive	TK10	SNV			1	0
ENSG00000237336	ENSG00000237336	GroupA_exclusive	TK92	SNV			1	0
ENSG00000237349	ENSG00000237349	GroupA_exclusive	TK93	SNV			1	0
ENSG00000237385	ENSG00000237385	GroupA_exclusive	TK10	SNV			1	0
ENSG00000237434	ENSG00000237434	GroupA_exclusive	TK92	SNV			1	0
ENSG00000237480	ENSG00000237480	GroupA_exclusive	TK10	SNV			1	0
ENSG00000237498	ENSG00000237498	GroupA_exclusive	TK10	INDEL,SNV			1	0
ENSG00000237601	ENSG00000237601	GroupA_exclusive	TK18	SNV			1	0
ENSG00000237612	ENSG00000237612	GroupA_exclusive	TK10	SNV			1	0
ENSG00000237633	ENSG00000237633	GroupA_exclusive	TK91	SNV			1	0
ENSG00000237699	ENSG00000237699	GroupA_exclusive	TK18	SNV			1	0
ENSG00000237707	ENSG00000237707	GroupA_exclusive	TK92	SNV			1	0
ENSG00000237741	ENSG00000237741	GroupA_exclusive	TK92	SNV			1	0
ENSG00000237810	ENSG00000237810	GroupA_exclusive	TK92	SNV			1	0
ENSG00000237832	ENSG00000237832	GroupA_exclusive	TK91	SNV			1	0
ENSG00000237843	ENSG00000237843	GroupA_exclusive	TK10	SNV			1	0
ENSG00000237861	ENSG00000237861	GroupA_exclusive	TK91	SNV			1	0
ENSG00000237955	ENSG00000237955	GroupA_exclusive	TK18	SNV			1	0
ENSG00000237987	ENSG00000237987	GroupA_exclusive	TK18	SNV			1	0
ENSG00000237993	ENSG00000237993	GroupA_exclusive	TK93	SNV			1	0
ENSG00000238009	ENSG00000238009	GroupA_exclusive	TK91	SNV			1	0
ENSG00000238034	ENSG00000238034	GroupA_exclusive	TK91	SNV			1	0
ENSG00000238231	ENSG00000238231	GroupA_exclusive	TK10	SNV			1	0
ENSG00000238258	ENSG00000238258	GroupA_exclusive	TK10	SNV			1	0
ENSG00000238326	ENSG00000238326	GroupA_exclusive	TK10	SNV			1	0
ENSG00000238575	ENSG00000238575	GroupA_exclusive	TK10	SNV			1	0
ENSG00000238832	ENSG00000238832	GroupA_exclusive	TK93	INDEL			1	0
ENSG00000239096	ENSG00000239096	GroupA_exclusive	TK16	SNV			1	0
ENSG00000239311	ENSG00000239311	GroupA_exclusive	TK92	SNV			1	0
ENSG00000239498	ENSG00000239498	GroupA_exclusive	TK91	SNV			1	0
ENSG00000239593	ENSG00000239593	GroupA_exclusive	TK92	SNV			1	0
ENSG00000239670	ENSG00000239670	GroupA_exclusive	TK18	SNV			1	0
ENSG00000239686	ENSG00000239686	GroupA_exclusive	TK91	SNV			1	0
ENSG00000239994	ENSG00000239994	GroupA_exclusive	TK10	SNV			1	0
ENSG00000240201	ENSG00000240201	GroupA_exclusive	TK91	SNV			1	0
ENSG00000240354	ENSG00000240354	GroupA_exclusive	TK93	SNV			1	0
ENSG00000240404	ENSG00000240404	GroupA_exclusive	TK92	SNV			1	0
ENSG00000240478	ENSG00000240478	GroupA_exclusive	TK18	SNV			1	0
ENSG00000240669	ENSG00000240669	GroupA_exclusive	TK92	SNV			1	0
ENSG00000240775	ENSG00000240775	GroupA_exclusive	TK91	SNV			1	0
ENSG00000240777	ENSG00000240777	GroupA_exclusive	TK18	SNV			1	0
ENSG00000240801	ENSG00000240801	GroupA_exclusive	TK10	SNV			1	0
ENSG00000240808	ENSG00000240808	GroupA_exclusive	TK10	SNV			1	0
ENSG00000240934	ENSG00000240934	GroupA_exclusive	TK93	SNV			1	0
ENSG00000241168	ENSG00000241168	GroupA_exclusive	TK91	INDEL			1	0
ENSG00000241179	ENSG00000241179	GroupA_exclusive	TK93	SNV			1	0
ENSG00000241207	ENSG00000241207	GroupA_exclusive	TK91	SNV			1	0
ENSG00000241411	ENSG00000241411	GroupA_exclusive	TK91	SNV			1	0
ENSG00000241593	ENSG00000241593	GroupA_exclusive	TK92	SNV			1	0
ENSG00000241792	ENSG00000241792	GroupA_exclusive	TK10	SNV			1	0
ENSG00000241882	ENSG00000241882	GroupA_exclusive	TK91	SNV			1	0
ENSG00000241991	ENSG00000241991	GroupA_exclusive	TK92	SNV			1	0
ENSG00000242197	ENSG00000242197	GroupA_exclusive	TK91	SNV			1	0
ENSG00000242324	ENSG00000242324	GroupA_exclusive	TK93	SNV			1	0
ENSG00000242327	ENSG00000242327	GroupA_exclusive	TK91	SNV			1	0
ENSG00000242411	ENSG00000242411	GroupA_exclusive	TK93	INDEL,SNV			1	0
ENSG00000242568	ENSG00000242568	GroupA_exclusive	TK10	SNV			1	0
ENSG00000242578	ENSG00000242578	GroupA_exclusive	TK93	SNV			1	0
ENSG00000242753	ENSG00000242753	GroupA_exclusive	TK18	SNV			1	0
ENSG00000243038	ENSG00000243038	GroupA_exclusive	TK92	SNV			1	0
ENSG00000243085	ENSG00000243085	GroupA_exclusive	TK92	SNV			1	0
ENSG00000243303	ENSG00000243303	GroupA_exclusive	TK92	SNV			1	0
ENSG00000243423	ENSG00000243423	GroupA_exclusive	TK92	SNV			1	0
ENSG00000243574	ENSG00000243574	GroupA_exclusive	TK93	SNV			1	0
ENSG00000243636	ENSG00000243636	GroupA_exclusive	TK93	SNV			1	0
ENSG00000243777	ENSG00000243777	GroupA_exclusive	TK91	SNV			1	0
ENSG00000243797	ENSG00000243797	GroupA_exclusive	TK93	SNV			1	0
ENSG00000243802	ENSG00000243802	GroupA_exclusive	TK93	SNV			1	0
ENSG00000243903	ENSG00000243903	GroupA_exclusive	TK92	SNV			1	0
ENSG00000243969	ENSG00000243969	GroupA_exclusive	TK92	SNV			1	0
ENSG00000244176	ENSG00000244176	GroupA_exclusive	TK10	INDEL,SNV			1	0
ENSG00000244193	ENSG00000244193	GroupA_exclusive	TK93	SNV			1	0
ENSG00000244349	ENSG00000244349	GroupA_exclusive	TK91	INDEL			1	0
ENSG00000244436	ENSG00000244436	GroupA_exclusive	TK92	SNV			1	0
ENSG00000244464	ENSG00000244464	GroupA_exclusive	TK93	SNV			1	0
ENSG00000244510	ENSG00000244510	GroupA_exclusive	TK93	SNV			1	0
ENSG00000244791	ENSG00000244791	GroupA_exclusive	TK18	SNV			1	0
ENSG00000247765	ENSG00000247765	GroupA_exclusive	TK92	SNV			1	0
ENSG00000247810	ENSG00000247810	GroupA_exclusive	TK92	SNV			1	0
ENSG00000248029	ENSG00000248029	GroupA_exclusive	TK10	SNV			1	0
ENSG00000248176	ENSG00000248176	GroupA_exclusive	TK10	SNV			1	0
ENSG00000248185	ENSG00000248185	GroupA_exclusive	TK93	SNV			1	0
ENSG00000248187	ENSG00000248187	GroupA_exclusive	TK92	SNV			1	0
ENSG00000248203	ENSG00000248203	GroupA_exclusive	TK93	SNV			1	0
ENSG00000248234	ENSG00000248234	GroupA_exclusive	TK92	SNV			1	0
ENSG00000248245	ENSG00000248245	GroupA_exclusive	TK92	SNV			1	0
ENSG00000248261	ENSG00000248261	GroupA_exclusive	TK92	SNV			1	0
ENSG00000248281	ENSG00000248281	GroupA_exclusive	TK92	SNV			1	0
ENSG00000248285	ENSG00000248285	GroupA_exclusive	TK10	SNV			1	0
ENSG00000248311	ENSG00000248311	GroupA_exclusive	TK92	SNV			1	0
ENSG00000248428	ENSG00000248428	GroupA_exclusive	TK18	SNV			1	0
ENSG00000248431	ENSG00000248431	GroupA_exclusive	TK92	SNV			1	0
ENSG00000248466	ENSG00000248466	GroupA_exclusive	TK10	SNV			1	0
ENSG00000248482	ENSG00000248482	GroupA_exclusive	TK92	SNV			1	0
ENSG00000248588	ENSG00000248588	GroupA_exclusive	TK10	SNV			1	0
ENSG00000248607	ENSG00000248607	GroupA_exclusive	TK92	SNV			1	0
ENSG00000248629	ENSG00000248629	GroupA_exclusive	TK93	INDEL,SNV			1	0
ENSG00000248634	ENSG00000248634	GroupA_exclusive	TK10	SNV			1	0
ENSG00000248635	ENSG00000248635	GroupA_exclusive	TK91	SNV			1	0
ENSG00000248648	ENSG00000248648	GroupA_exclusive	TK10	SNV			1	0
ENSG00000248656	ENSG00000248656	GroupA_exclusive	TK92	SNV			1	0
ENSG00000248696	ENSG00000248696	GroupA_exclusive	TK92	SNV			1	0
ENSG00000248744	ENSG00000248744	GroupA_exclusive	TK92	SNV			1	0
ENSG00000248753	ENSG00000248753	GroupA_exclusive	TK91	SNV			1	0
ENSG00000248777	ENSG00000248777	GroupA_exclusive	TK93	SNV			1	0
ENSG00000248779	ENSG00000248779	GroupA_exclusive	TK92	SNV			1	0
ENSG00000248791	ENSG00000248791	GroupA_exclusive	TK93	SNV			1	0
ENSG00000249000	ENSG00000249000	GroupA_exclusive	TK91	SNV			1	0
ENSG00000249017	ENSG00000249017	GroupA_exclusive	TK10	SNV			1	0
ENSG00000249079	ENSG00000249079	GroupA_exclusive	TK92	SNV			1	0
ENSG00000249102	ENSG00000249102	GroupA_exclusive	TK18	SNV			1	0
ENSG00000249149	ENSG00000249149	GroupA_exclusive	TK93	SNV			1	0
ENSG00000249150	ENSG00000249150	GroupA_exclusive	TK91	INDEL			1	0
ENSG00000249171	ENSG00000249171	GroupA_exclusive	TK10	SNV			1	0
ENSG00000249175	ENSG00000249175	GroupA_exclusive	TK18	SNV			1	0
ENSG00000249320	ENSG00000249320	GroupA_exclusive	TK92	SNV			1	0
ENSG00000249330	ENSG00000249330	GroupA_exclusive	TK10	SNV			1	0
ENSG00000249334	ENSG00000249334	GroupA_exclusive	TK18	SNV			1	0
ENSG00000249403	ENSG00000249403	GroupA_exclusive	TK16	SNV			1	0
ENSG00000249412	ENSG00000249412	GroupA_exclusive	TK10	SNV			1	0
ENSG00000249419	ENSG00000249419	GroupA_exclusive	TK10	SNV			1	0
ENSG00000249478	ENSG00000249478	GroupA_exclusive	TK91	SNV			1	0
ENSG00000249483	ENSG00000249483	GroupA_exclusive	TK91	SNV			1	0
ENSG00000249522	ENSG00000249522	GroupA_exclusive	TK92	INDEL,SNV			1	0
ENSG00000249525	ENSG00000249525	GroupA_exclusive	TK92	SNV			1	0
ENSG00000249605	ENSG00000249605	GroupA_exclusive	TK92	SNV			1	0
ENSG00000249639	ENSG00000249639	GroupA_exclusive	TK92	INDEL			1	0
ENSG00000249686	ENSG00000249686	GroupA_exclusive	TK91	SNV			1	0
ENSG00000249697	ENSG00000249697	GroupA_exclusive	TK92	SNV			1	0
ENSG00000249708	ENSG00000249708	GroupA_exclusive	TK93	SNV			1	0
ENSG00000249721	ENSG00000249721	GroupA_exclusive	TK18	SNV			1	0
ENSG00000249727	ENSG00000249727	GroupA_exclusive	TK16	SNV			1	0
ENSG00000249738	ENSG00000249738	GroupA_exclusive	TK18	SNV			1	0
ENSG00000249742	ENSG00000249742	GroupA_exclusive	TK92	SNV			1	0
ENSG00000249746	ENSG00000249746	GroupA_exclusive	TK92	SNV			1	0
ENSG00000249773	ENSG00000249773	GroupA_exclusive	TK10	SNV			1	0
ENSG00000249779	ENSG00000249779	GroupA_exclusive	TK93	SNV			1	0
ENSG00000249828	ENSG00000249828	GroupA_exclusive	TK92	SNV			1	0
ENSG00000249848	ENSG00000249848	GroupA_exclusive	TK91	SNV			1	0
ENSG00000249892	ENSG00000249892	GroupA_exclusive	TK10	SNV			1	0
ENSG00000249942	ENSG00000249942	GroupA_exclusive	TK10	SNV			1	0
ENSG00000249944	ENSG00000249944	GroupA_exclusive	TK92	INDEL			1	0
ENSG00000249955	ENSG00000249955	GroupA_exclusive	TK92	SNV			1	0
ENSG00000249994	ENSG00000249994	GroupA_exclusive	TK93	SNV			1	0
ENSG00000250020	ENSG00000250020	GroupA_exclusive	TK10	SNV			1	0
ENSG00000250041	ENSG00000250041	GroupA_exclusive	TK92	SNV			1	0
ENSG00000250105	ENSG00000250105	GroupA_exclusive	TK16	SNV			1	0
ENSG00000250173	ENSG00000250173	GroupA_exclusive	TK16	SNV			1	0
ENSG00000250230	ENSG00000250230	GroupA_exclusive	TK92	SNV			1	0
ENSG00000250260	ENSG00000250260	GroupA_exclusive	TK92	SNV			1	0
ENSG00000250274	ENSG00000250274	GroupA_exclusive	TK92	SNV			1	0
ENSG00000250300	ENSG00000250300	GroupA_exclusive	TK91	SNV			1	0
ENSG00000250306	ENSG00000250306	GroupA_exclusive	TK92	SNV			1	0
ENSG00000250316	ENSG00000250316	GroupA_exclusive	TK10	SNV			1	0
ENSG00000250347	ENSG00000250347	GroupA_exclusive	TK10	SNV			1	0
ENSG00000250375	ENSG00000250375	GroupA_exclusive	TK92	SNV			1	0
ENSG00000250377	ENSG00000250377	GroupA_exclusive	TK92	SNV			1	0
ENSG00000250403	ENSG00000250403	GroupA_exclusive	TK93	SNV			1	0
ENSG00000250406	ENSG00000250406	GroupA_exclusive	TK93	SNV			1	0
ENSG00000250455	ENSG00000250455	GroupA_exclusive	TK18	SNV			1	0
ENSG00000250500	ENSG00000250500	GroupA_exclusive	TK91	SNV			1	0
ENSG00000250573	ENSG00000250573	GroupA_exclusive	TK93	SNV			1	0
ENSG00000250613	ENSG00000250613	GroupA_exclusive	TK92	SNV			1	0
ENSG00000250658	ENSG00000250658	GroupA_exclusive	TK91	SNV			1	0
ENSG00000250698	ENSG00000250698	GroupA_exclusive	TK93	SNV			1	0
ENSG00000250726	ENSG00000250726	GroupA_exclusive	TK16	SNV			1	0
ENSG00000250727	ENSG00000250727	GroupA_exclusive	TK92	SNV			1	0
ENSG00000250761	ENSG00000250761	GroupA_exclusive	TK93	SNV			1	0
ENSG00000250770	ENSG00000250770	GroupA_exclusive	TK93	SNV			1	0
ENSG00000250831	ENSG00000250831	GroupA_exclusive	TK10	SNV			1	0
ENSG00000250842	ENSG00000250842	GroupA_exclusive	TK10	SNV			1	0
ENSG00000250855	ENSG00000250855	GroupA_exclusive	TK93	SNV			1	0
ENSG00000250914	ENSG00000250914	GroupA_exclusive	TK92	SNV			1	0
ENSG00000250934	ENSG00000250934	GroupA_exclusive	TK92	SNV			1	0
ENSG00000250992	ENSG00000250992	GroupA_exclusive	TK10	SNV			1	0
ENSG00000251017	ENSG00000251017	GroupA_exclusive	TK91	SNV			1	0
ENSG00000251049	ENSG00000251049	GroupA_exclusive	TK92	SNV			1	0
ENSG00000251168	ENSG00000251168	GroupA_exclusive	TK10	SNV			1	0
ENSG00000251211	ENSG00000251211	GroupA_exclusive	TK92	SNV			1	0
ENSG00000251218	ENSG00000251218	GroupA_exclusive	TK92	SNV			1	0
ENSG00000251278	ENSG00000251278	GroupA_exclusive	TK91	SNV			1	0
ENSG00000251281	ENSG00000251281	GroupA_exclusive	TK16	SNV			1	0
ENSG00000251296	ENSG00000251296	GroupA_exclusive	TK91	SNV			1	0
ENSG00000251310	ENSG00000251310	GroupA_exclusive	TK10	SNV			1	0
ENSG00000251412	ENSG00000251412	GroupA_exclusive	TK92	SNV			1	0
ENSG00000251478	ENSG00000251478	GroupA_exclusive	TK16	SNV			1	0
ENSG00000251548	ENSG00000251548	GroupA_exclusive	TK92	SNV			1	0
ENSG00000251585	ENSG00000251585	GroupA_exclusive	TK93	INDEL			1	0
ENSG00000251613	ENSG00000251613	GroupA_exclusive	TK93	SNV			1	0
ENSG00000251642	ENSG00000251642	GroupA_exclusive	TK10	SNV			1	0
ENSG00000251648	ENSG00000251648	GroupA_exclusive	TK92	SNV			1	0
ENSG00000251679	ENSG00000251679	GroupA_exclusive	TK91	SNV			1	0
ENSG00000251689	ENSG00000251689	GroupA_exclusive	TK18	SNV			1	0
ENSG00000252139	ENSG00000252139	GroupA_exclusive	TK91	SNV			1	0
ENSG00000252236	ENSG00000252236	GroupA_exclusive	TK91	SNV			1	0
ENSG00000252427	ENSG00000252427	GroupA_exclusive	TK91	SNV			1	0
ENSG00000252719	ENSG00000252719	GroupA_exclusive	TK91	SNV			1	0
ENSG00000252787	ENSG00000252787	GroupA_exclusive	TK18	SNV			1	0
ENSG00000253059	ENSG00000253059	GroupA_exclusive	TK92	SNV			1	0
ENSG00000253092	ENSG00000253092	GroupA_exclusive	TK91	SNV			1	0
ENSG00000253154	ENSG00000253154	GroupA_exclusive	TK10	SNV			1	0
ENSG00000253172	ENSG00000253172	GroupA_exclusive	TK92	SNV			1	0
ENSG00000253176	ENSG00000253176	GroupA_exclusive	TK10	SNV			1	0
ENSG00000253181	ENSG00000253181	GroupA_exclusive	TK91	SNV			1	0
ENSG00000253197	ENSG00000253197	GroupA_exclusive	TK16	SNV			1	0
ENSG00000253198	ENSG00000253198	GroupA_exclusive	TK91	SNV			1	0
ENSG00000253206	ENSG00000253206	GroupA_exclusive	TK10	SNV			1	0
ENSG00000253207	ENSG00000253207	GroupA_exclusive	TK92	SNV			1	0
ENSG00000253217	ENSG00000253217	GroupA_exclusive	TK10	SNV			1	0
ENSG00000253260	ENSG00000253260	GroupA_exclusive	TK10	SNV			1	0
ENSG00000253287	ENSG00000253287	GroupA_exclusive	TK10	SNV			1	0
ENSG00000253322	ENSG00000253322	GroupA_exclusive	TK10	SNV			1	0
ENSG00000253343	ENSG00000253343	GroupA_exclusive	TK91	SNV			1	0
ENSG00000253357	ENSG00000253357	GroupA_exclusive	TK10	SNV			1	0
ENSG00000253376	ENSG00000253376	GroupA_exclusive	TK10	SNV			1	0
ENSG00000253377	ENSG00000253377	GroupA_exclusive	TK92	INDEL			1	0
ENSG00000253383	ENSG00000253383	GroupA_exclusive	TK93	SNV			1	0
ENSG00000253389	ENSG00000253389	GroupA_exclusive	TK93	SNV			1	0
ENSG00000253400	ENSG00000253400	GroupA_exclusive	TK93	SNV			1	0
ENSG00000253427	ENSG00000253427	GroupA_exclusive	TK10	SNV			1	0
ENSG00000253471	ENSG00000253471	GroupA_exclusive	TK91	SNV			1	0
ENSG00000253472	ENSG00000253472	GroupA_exclusive	TK91	SNV			1	0
ENSG00000253480	ENSG00000253480	GroupA_exclusive	TK92	SNV			1	0
ENSG00000253507	ENSG00000253507	GroupA_exclusive	TK91	SNV			1	0
ENSG00000253512	ENSG00000253512	GroupA_exclusive	TK91	SNV			1	0
ENSG00000253532	ENSG00000253532	GroupA_exclusive	TK92	SNV			1	0
ENSG00000253536	ENSG00000253536	GroupA_exclusive	TK93	SNV			1	0
ENSG00000253539	ENSG00000253539	GroupA_exclusive	TK91	SNV			1	0
ENSG00000253564	ENSG00000253564	GroupA_exclusive	TK91	SNV			1	0
ENSG00000253596	ENSG00000253596	GroupA_exclusive	TK91	SNV			1	0
ENSG00000253608	ENSG00000253608	GroupA_exclusive	TK10	SNV			1	0
ENSG00000253623	ENSG00000253623	GroupA_exclusive	TK92	SNV			1	0
ENSG00000253648	ENSG00000253648	GroupA_exclusive	TK10	SNV			1	0
ENSG00000253668	ENSG00000253668	GroupA_exclusive	TK91	SNV			1	0
ENSG00000253675	ENSG00000253675	GroupA_exclusive	TK93	SNV			1	0
ENSG00000253711	ENSG00000253711	GroupA_exclusive	TK10	SNV			1	0
ENSG00000253726	ENSG00000253726	GroupA_exclusive	TK91	SNV			1	0
ENSG00000253735	ENSG00000253735	GroupA_exclusive	TK92	SNV			1	0
ENSG00000253737	ENSG00000253737	GroupA_exclusive	TK18	SNV			1	0
ENSG00000253749	ENSG00000253749	GroupA_exclusive	TK18	SNV			1	0
ENSG00000253775	ENSG00000253775	GroupA_exclusive	TK92	SNV			1	0
ENSG00000253806	ENSG00000253806	GroupA_exclusive	TK10	SNV			1	0
ENSG00000253809	ENSG00000253809	GroupA_exclusive	TK92	SNV			1	0
ENSG00000253824	ENSG00000253824	GroupA_exclusive	TK18	SNV			1	0
ENSG00000253832	ENSG00000253832	GroupA_exclusive	TK92	SNV			1	0
ENSG00000253875	ENSG00000253875	GroupA_exclusive	TK92	SNV			1	0
ENSG00000253886	ENSG00000253886	GroupA_exclusive	TK92	INDEL			1	0
ENSG00000253887	ENSG00000253887	GroupA_exclusive	TK91	SNV			1	0
ENSG00000253888	ENSG00000253888	GroupA_exclusive	TK91	SNV			1	0
ENSG00000253894	ENSG00000253894	GroupA_exclusive	TK91	SNV			1	0
ENSG00000253899	ENSG00000253899	GroupA_exclusive	TK92	SNV			1	0
ENSG00000253926	ENSG00000253926	GroupA_exclusive	TK91	SNV			1	0
ENSG00000253932	ENSG00000253932	GroupA_exclusive	TK10	SNV			1	0
ENSG00000253942	ENSG00000253942	GroupA_exclusive	TK16	SNV			1	0
ENSG00000253966	ENSG00000253966	GroupA_exclusive	TK16	SNV			1	0
ENSG00000253980	ENSG00000253980	GroupA_exclusive	TK92	INDEL,SNV			1	0
ENSG00000254007	ENSG00000254007	GroupA_exclusive	TK10	SNV			1	0
ENSG00000254011	ENSG00000254011	GroupA_exclusive	TK16	SNV			1	0
ENSG00000254050	ENSG00000254050	GroupA_exclusive	TK92	SNV			1	0
ENSG00000254084	ENSG00000254084	GroupA_exclusive	TK93	SNV			1	0
ENSG00000254089	ENSG00000254089	GroupA_exclusive	TK10	SNV			1	0
ENSG00000254141	ENSG00000254141	GroupA_exclusive	TK93	SNV			1	0
ENSG00000254170	ENSG00000254170	GroupA_exclusive	TK92	SNV			1	0
ENSG00000254194	ENSG00000254194	GroupA_exclusive	TK18	SNV			1	0
ENSG00000254283	ENSG00000254283	GroupA_exclusive	TK10	SNV			1	0
ENSG00000254302	ENSG00000254302	GroupA_exclusive	TK92	SNV			1	0
ENSG00000254362	ENSG00000254362	GroupA_exclusive	TK93	SNV			1	0
ENSG00000254391	ENSG00000254391	GroupA_exclusive	TK92	SNV			1	0
ENSG00000254400	ENSG00000254400	GroupA_exclusive	TK18	SNV			1	0
ENSG00000254406	ENSG00000254406	GroupA_exclusive	TK10	SNV			1	0
ENSG00000254443	ENSG00000254443	GroupA_exclusive	TK91	SNV			1	0
ENSG00000254495	ENSG00000254495	GroupA_exclusive	TK16	SNV			1	0
ENSG00000254506	ENSG00000254506	GroupA_exclusive	TK91	SNV			1	0
ENSG00000254522	ENSG00000254522	GroupA_exclusive	TK92	SNV			1	0
ENSG00000254526	ENSG00000254526	GroupA_exclusive	TK92	SNV			1	0
ENSG00000254563	ENSG00000254563	GroupA_exclusive	TK92	SNV			1	0
ENSG00000254599	ENSG00000254599	GroupA_exclusive	TK92	SNV			1	0
ENSG00000254605	ENSG00000254605	GroupA_exclusive	TK10	SNV			1	0
ENSG00000254606	ENSG00000254606	GroupA_exclusive	TK91	SNV			1	0
ENSG00000254620	ENSG00000254620	GroupA_exclusive	TK93	SNV			1	0
ENSG00000254632	ENSG00000254632	GroupA_exclusive	TK10	SNV			1	0
ENSG00000254662	ENSG00000254662	GroupA_exclusive	TK93	SNV			1	0
ENSG00000254684	ENSG00000254684	GroupA_exclusive	TK92	SNV			1	0
ENSG00000254695	ENSG00000254695	GroupA_exclusive	TK10	SNV			1	0
ENSG00000254707	ENSG00000254707	GroupA_exclusive	TK92	SNV			1	0
ENSG00000254733	ENSG00000254733	GroupA_exclusive	TK92	SNV			1	0
ENSG00000254847	ENSG00000254847	GroupA_exclusive	TK10	SNV			1	0
ENSG00000254913	ENSG00000254913	GroupA_exclusive	TK93	SNV			1	0
ENSG00000254926	ENSG00000254926	GroupA_exclusive	TK18	SNV			1	0
ENSG00000254927	ENSG00000254927	GroupA_exclusive	TK93	SNV			1	0
ENSG00000254963	ENSG00000254963	GroupA_exclusive	TK10	SNV			1	0
ENSG00000254974	ENSG00000254974	GroupA_exclusive	TK92	SNV			1	0
ENSG00000254975	ENSG00000254975	GroupA_exclusive	TK92	INDEL			1	0
ENSG00000255021	ENSG00000255021	GroupA_exclusive	TK10	SNV			1	0
ENSG00000255029	ENSG00000255029	GroupA_exclusive	TK91	SNV			1	0
ENSG00000255081	ENSG00000255081	GroupA_exclusive	TK91	SNV			1	0
ENSG00000255179	ENSG00000255179	GroupA_exclusive	TK93	SNV			1	0
ENSG00000255209	ENSG00000255209	GroupA_exclusive	TK92	SNV			1	0
ENSG00000255233	ENSG00000255233	GroupA_exclusive	TK93	SNV			1	0
ENSG00000255260	ENSG00000255260	GroupA_exclusive	TK16	SNV			1	0
ENSG00000255272	ENSG00000255272	GroupA_exclusive	TK92	SNV			1	0
ENSG00000255326	ENSG00000255326	GroupA_exclusive	TK10	SNV			1	0
ENSG00000255361	ENSG00000255361	GroupA_exclusive	TK93	SNV			1	0
ENSG00000255395	ENSG00000255395	GroupA_exclusive	TK16	INDEL			1	0
ENSG00000255396	ENSG00000255396	GroupA_exclusive	TK92	SNV			1	0
ENSG00000255402	ENSG00000255402	GroupA_exclusive	TK91	SNV			1	0
ENSG00000255422	ENSG00000255422	GroupA_exclusive	TK93	SNV			1	0
ENSG00000255442	ENSG00000255442	GroupA_exclusive	TK92	SNV			1	0
ENSG00000255456	ENSG00000255456	GroupA_exclusive	TK92	SNV			1	0
ENSG00000255457	ENSG00000255457	GroupA_exclusive	TK10	SNV			1	0
ENSG00000255459	ENSG00000255459	GroupA_exclusive	TK93	SNV			1	0
ENSG00000255482	ENSG00000255482	GroupA_exclusive	TK10	INDEL,SNV			1	0
ENSG00000255491	ENSG00000255491	GroupA_exclusive	TK92	SNV			1	0
ENSG00000255523	ENSG00000255523	GroupA_exclusive	TK10	SNV			1	0
ENSG00000255525	ENSG00000255525	GroupA_exclusive	TK18	SNV			1	0
ENSG00000255528	ENSG00000255528	GroupA_exclusive	TK93	SNV			1	0
ENSG00000255533	ENSG00000255533	GroupA_exclusive	TK93	SNV			1	0
ENSG00000255550	ENSG00000255550	GroupA_exclusive	TK10	SNV			1	0
ENSG00000255551	ENSG00000255551	GroupA_exclusive	TK18	SNV			1	0
ENSG00000255572	ENSG00000255572	GroupA_exclusive	TK16	SNV			1	0
ENSG00000255581	ENSG00000255581	GroupA_exclusive	TK91	INDEL,SNV			1	0
ENSG00000255608	ENSG00000255608	GroupA_exclusive	TK16	SNV			1	0
ENSG00000255726	ENSG00000255726	GroupA_exclusive	TK18	SNV			1	0
ENSG00000255730	ENSG00000255730	GroupA_exclusive	TK16	SNV			1	0
ENSG00000255780	ENSG00000255780	GroupA_exclusive	TK93	SNV			1	0
ENSG00000255817	ENSG00000255817	GroupA_exclusive	TK91	SNV			1	0
ENSG00000255866	ENSG00000255866	GroupA_exclusive	TK91	SNV			1	0
ENSG00000255871	ENSG00000255871	GroupA_exclusive	TK93	SNV			1	0
ENSG00000255960	ENSG00000255960	GroupA_exclusive	TK18	SNV			1	0
ENSG00000256011	ENSG00000256011	GroupA_exclusive	TK93	SNV			1	0
ENSG00000256085	ENSG00000256085	GroupA_exclusive	TK92	SNV			1	0
ENSG00000256148	ENSG00000256148	GroupA_exclusive	TK93	SNV			1	0
ENSG00000256149	ENSG00000256149	GroupA_exclusive	TK10	SNV			1	0
ENSG00000256226	ENSG00000256226	GroupA_exclusive	TK10	SNV			1	0
ENSG00000256321	ENSG00000256321	GroupA_exclusive	TK91	SNV			1	0
ENSG00000256325	ENSG00000256325	GroupA_exclusive	TK10	SNV			1	0
ENSG00000256350	ENSG00000256350	GroupA_exclusive	TK93	SNV			1	0
ENSG00000256400	ENSG00000256400	GroupA_exclusive	TK92	SNV			1	0
ENSG00000256433	ENSG00000256433	GroupA_exclusive	TK10	SNV			1	0
ENSG00000256504	ENSG00000256504	GroupA_exclusive	TK18	INDEL			1	0
ENSG00000256533	ENSG00000256533	GroupA_exclusive	TK10	SNV			1	0
ENSG00000256557	ENSG00000256557	GroupA_exclusive	TK91	SNV			1	0
ENSG00000256674	ENSG00000256674	GroupA_exclusive	TK92	SNV			1	0
ENSG00000256706	ENSG00000256706	GroupA_exclusive	TK92	SNV			1	0
ENSG00000256708	ENSG00000256708	GroupA_exclusive	TK93	SNV			1	0
ENSG00000256723	ENSG00000256723	GroupA_exclusive	TK91	SNV			1	0
ENSG00000256747	ENSG00000256747	GroupA_exclusive	TK16	SNV			1	0
ENSG00000256783	ENSG00000256783	GroupA_exclusive	TK16	SNV			1	0
ENSG00000256811	ENSG00000256811	GroupA_exclusive	TK10	SNV			1	0
ENSG00000257002	ENSG00000257002	GroupA_exclusive	TK10	SNV			1	0
ENSG00000257045	ENSG00000257045	GroupA_exclusive	TK10	INDEL			1	0
ENSG00000257060	ENSG00000257060	GroupA_exclusive	TK18	SNV			1	0
ENSG00000257062	ENSG00000257062	GroupA_exclusive	TK10	SNV			1	0
ENSG00000257087	ENSG00000257087	GroupA_exclusive	TK92	INDEL			1	0
ENSG00000257094	ENSG00000257094	GroupA_exclusive	TK16	SNV			1	0
ENSG00000257095	ENSG00000257095	GroupA_exclusive	TK10	SNV			1	0
ENSG00000257169	ENSG00000257169	GroupA_exclusive	TK92	SNV			1	0
ENSG00000257241	ENSG00000257241	GroupA_exclusive	TK92	SNV			1	0
ENSG00000257268	ENSG00000257268	GroupA_exclusive	TK16	SNV			1	0
ENSG00000257288	ENSG00000257288	GroupA_exclusive	TK91	SNV			1	0
ENSG00000257308	ENSG00000257308	GroupA_exclusive	TK93	SNV			1	0
ENSG00000257350	ENSG00000257350	GroupA_exclusive	TK93	SNV			1	0
ENSG00000257429	ENSG00000257429	GroupA_exclusive	TK18	SNV			1	0
ENSG00000257432	ENSG00000257432	GroupA_exclusive	TK93	INDEL			1	0
ENSG00000257434	ENSG00000257434	GroupA_exclusive	TK92	SNV			1	0
ENSG00000257454	ENSG00000257454	GroupA_exclusive	TK10	SNV			1	0
ENSG00000257456	ENSG00000257456	GroupA_exclusive	TK10	SNV			1	0
ENSG00000257472	ENSG00000257472	GroupA_exclusive	TK93	INDEL,SNV			1	0
ENSG00000257494	ENSG00000257494	GroupA_exclusive	TK93	SNV			1	0
ENSG00000257500	ENSG00000257500	GroupA_exclusive	TK92	SNV			1	0
ENSG00000257570	ENSG00000257570	GroupA_exclusive	TK92	SNV			1	0
ENSG00000257614	ENSG00000257614	GroupA_exclusive	TK92	SNV			1	0
ENSG00000257644	ENSG00000257644	GroupA_exclusive	TK93	SNV			1	0
ENSG00000257654	ENSG00000257654	GroupA_exclusive	TK10	SNV			1	0
ENSG00000257711	ENSG00000257711	GroupA_exclusive	TK91	SNV			1	0
ENSG00000257738	ENSG00000257738	GroupA_exclusive	TK92	SNV			1	0
ENSG00000257752	ENSG00000257752	GroupA_exclusive	TK93	SNV			1	0
ENSG00000257754	ENSG00000257754	GroupA_exclusive	TK93	SNV			1	0
ENSG00000257797	ENSG00000257797	GroupA_exclusive	TK10	SNV			1	0
ENSG00000257829	ENSG00000257829	GroupA_exclusive	TK10	SNV			1	0
ENSG00000257830	ENSG00000257830	GroupA_exclusive	TK92	SNV			1	0
ENSG00000257855	ENSG00000257855	GroupA_exclusive	TK18	SNV			1	0
ENSG00000257872	ENSG00000257872	GroupA_exclusive	TK91	SNV			1	0
ENSG00000257900	ENSG00000257900	GroupA_exclusive	TK10	SNV			1	0
ENSG00000257925	ENSG00000257925	GroupA_exclusive	TK18	SNV			1	0
ENSG00000257997	ENSG00000257997	GroupA_exclusive	TK92	SNV			1	0
ENSG00000258066	ENSG00000258066	GroupA_exclusive	TK91	SNV			1	0
ENSG00000258068	ENSG00000258068	GroupA_exclusive	TK93	SNV			1	0
ENSG00000258073	ENSG00000258073	GroupA_exclusive	TK92	SNV			1	0
ENSG00000258115	ENSG00000258115	GroupA_exclusive	TK91	SNV			1	0
ENSG00000258131	ENSG00000258131	GroupA_exclusive	TK92	SNV			1	0
ENSG00000258162	ENSG00000258162	GroupA_exclusive	TK92	SNV			1	0
ENSG00000258181	ENSG00000258181	GroupA_exclusive	TK91	SNV			1	0
ENSG00000258426	ENSG00000258426	GroupA_exclusive	TK91	INDEL			1	0
ENSG00000258440	ENSG00000258440	GroupA_exclusive	TK92	SNV			1	0
ENSG00000258464	ENSG00000258464	GroupA_exclusive	TK91	SNV			1	0
ENSG00000258481	ENSG00000258481	GroupA_exclusive	TK10	SNV			1	0
ENSG00000258510	ENSG00000258510	GroupA_exclusive	TK93	INDEL			1	0
ENSG00000258516	ENSG00000258516	GroupA_exclusive	TK10	SNV			1	0
ENSG00000258517	ENSG00000258517	GroupA_exclusive	TK10	SNV			1	0
ENSG00000258576	ENSG00000258576	GroupA_exclusive	TK93	SNV			1	0
ENSG00000258578	ENSG00000258578	GroupA_exclusive	TK91	INDEL			1	0
ENSG00000258649	ENSG00000258649	GroupA_exclusive	TK91	SNV			1	0
ENSG00000258679	ENSG00000258679	GroupA_exclusive	TK10	SNV			1	0
ENSG00000258699	ENSG00000258699	GroupA_exclusive	TK92	SNV			1	0
ENSG00000258703	ENSG00000258703	GroupA_exclusive	TK93	SNV			1	0
ENSG00000258707	ENSG00000258707	GroupA_exclusive	TK93	SNV			1	0
ENSG00000258717	ENSG00000258717	GroupA_exclusive	TK18	SNV			1	0
ENSG00000258734	ENSG00000258734	GroupA_exclusive	TK16	SNV			1	0
ENSG00000258736	ENSG00000258736	GroupA_exclusive	TK91	SNV			1	0
ENSG00000258751	ENSG00000258751	GroupA_exclusive	TK10	SNV			1	0
ENSG00000258792	ENSG00000258792	GroupA_exclusive	TK92	SNV			1	0
ENSG00000258803	ENSG00000258803	GroupA_exclusive	TK10	SNV			1	0
ENSG00000258823	ENSG00000258823	GroupA_exclusive	TK91	SNV			1	0
ENSG00000258842	ENSG00000258842	GroupA_exclusive	TK10	SNV			1	0
ENSG00000258856	ENSG00000258856	GroupA_exclusive	TK92	SNV			1	0
ENSG00000258903	ENSG00000258903	GroupA_exclusive	TK18	SNV			1	0
ENSG00000258926	ENSG00000258926	GroupA_exclusive	TK92	SNV			1	0
ENSG00000258935	ENSG00000258935	GroupA_exclusive	TK92	SNV			1	0
ENSG00000258958	ENSG00000258958	GroupA_exclusive	TK92	SNV			1	0
ENSG00000258962	ENSG00000258962	GroupA_exclusive	TK91	SNV			1	0
ENSG00000258968	ENSG00000258968	GroupA_exclusive	TK18	SNV			1	0
ENSG00000258983	ENSG00000258983	GroupA_exclusive	TK10	SNV			1	0
ENSG00000259001	ENSG00000259001	GroupA_exclusive	TK16	SNV			1	0
ENSG00000259002	ENSG00000259002	GroupA_exclusive	TK92	INDEL,SNV			1	0
ENSG00000259007	ENSG00000259007	GroupA_exclusive	TK93	SNV			1	0
ENSG00000259035	ENSG00000259035	GroupA_exclusive	TK10	SNV			1	0
ENSG00000259042	ENSG00000259042	GroupA_exclusive	TK92	SNV			1	0
ENSG00000259044	ENSG00000259044	GroupA_exclusive	TK91	SNV			1	0
ENSG00000259072	ENSG00000259072	GroupA_exclusive	TK93	SNV			1	0
ENSG00000259087	ENSG00000259087	GroupA_exclusive	TK10	SNV			1	0
ENSG00000259109	ENSG00000259109	GroupA_exclusive	TK93	SNV			1	0
ENSG00000259111	ENSG00000259111	GroupA_exclusive	TK92	INDEL			1	0
ENSG00000259123	ENSG00000259123	GroupA_exclusive	TK18	SNV			1	0
ENSG00000259126	ENSG00000259126	GroupA_exclusive	TK10	SNV			1	0
ENSG00000259162	ENSG00000259162	GroupA_exclusive	TK10	INDEL,SNV			1	0
ENSG00000259191	ENSG00000259191	GroupA_exclusive	TK93	SNV			1	0
ENSG00000259203	ENSG00000259203	GroupA_exclusive	TK93	SNV			1	0
ENSG00000259232	ENSG00000259232	GroupA_exclusive	TK91	INDEL,SNV			1	0
ENSG00000259257	ENSG00000259257	GroupA_exclusive	TK92	SNV			1	0
ENSG00000259268	ENSG00000259268	GroupA_exclusive	TK91	SNV			1	0
ENSG00000259275	ENSG00000259275	GroupA_exclusive	TK93	SNV			1	0
ENSG00000259277	ENSG00000259277	GroupA_exclusive	TK93	SNV			1	0
ENSG00000259283	ENSG00000259283	GroupA_exclusive	TK10	SNV			1	0
ENSG00000259306	ENSG00000259306	GroupA_exclusive	TK18	INDEL,SNV			1	0
ENSG00000259312	ENSG00000259312	GroupA_exclusive	TK93	SNV			1	0
ENSG00000259320	ENSG00000259320	GroupA_exclusive	TK93	SNV			1	0
ENSG00000259340	ENSG00000259340	GroupA_exclusive	TK92	SNV			1	0
ENSG00000259351	ENSG00000259351	GroupA_exclusive	TK92	SNV			1	0
ENSG00000259413	ENSG00000259413	GroupA_exclusive	TK91	SNV			1	0
ENSG00000259415	ENSG00000259415	GroupA_exclusive	TK92	SNV			1	0
ENSG00000259432	ENSG00000259432	GroupA_exclusive	TK91	SNV			1	0
ENSG00000259433	ENSG00000259433	GroupA_exclusive	TK10	INDEL,SNV			1	0
ENSG00000259478	ENSG00000259478	GroupA_exclusive	TK18	SNV			1	0
ENSG00000259534	ENSG00000259534	GroupA_exclusive	TK10	SNV			1	0
ENSG00000259555	ENSG00000259555	GroupA_exclusive	TK16	INDEL			1	0
ENSG00000259575	ENSG00000259575	GroupA_exclusive	TK93	SNV			1	0
ENSG00000259587	ENSG00000259587	GroupA_exclusive	TK93	SNV			1	0
ENSG00000259588	ENSG00000259588	GroupA_exclusive	TK10	SNV			1	0
ENSG00000259604	ENSG00000259604	GroupA_exclusive	TK10	SNV			1	0
ENSG00000259636	ENSG00000259636	GroupA_exclusive	TK92	SNV			1	0
ENSG00000259644	ENSG00000259644	GroupA_exclusive	TK10	INDEL			1	0
ENSG00000259670	ENSG00000259670	GroupA_exclusive	TK18	SNV			1	0
ENSG00000259675	ENSG00000259675	GroupA_exclusive	TK10	SNV			1	0
ENSG00000259681	ENSG00000259681	GroupA_exclusive	TK93	SNV			1	0
ENSG00000259690	ENSG00000259690	GroupA_exclusive	TK93	INDEL			1	0
ENSG00000259725	ENSG00000259725	GroupA_exclusive	TK91	SNV			1	0
ENSG00000259737	ENSG00000259737	GroupA_exclusive	TK92	SNV			1	0
ENSG00000259742	ENSG00000259742	GroupA_exclusive	TK92	SNV			1	0
ENSG00000259744	ENSG00000259744	GroupA_exclusive	TK91	SNV			1	0
ENSG00000259754	ENSG00000259754	GroupA_exclusive	TK10	SNV			1	0
ENSG00000259798	ENSG00000259798	GroupA_exclusive	TK91	SNV			1	0
ENSG00000259819	ENSG00000259819	GroupA_exclusive	TK10	SNV			1	0
ENSG00000259840	ENSG00000259840	GroupA_exclusive	TK16	SNV			1	0
ENSG00000259862	ENSG00000259862	GroupA_exclusive	TK92	SNV			1	0
ENSG00000259866	ENSG00000259866	GroupA_exclusive	TK92	SNV			1	0
ENSG00000259889	ENSG00000259889	GroupA_exclusive	TK16	SNV			1	0
ENSG00000259907	ENSG00000259907	GroupA_exclusive	TK10	SNV			1	0
ENSG00000259909	ENSG00000259909	GroupA_exclusive	TK91	SNV			1	0
ENSG00000259963	ENSG00000259963	GroupA_exclusive	TK92	SNV			1	0
ENSG00000260012	ENSG00000260012	GroupA_exclusive	TK92	SNV			1	0
ENSG00000260021	ENSG00000260021	GroupA_exclusive	TK16	SNV			1	0
ENSG00000260029	ENSG00000260029	GroupA_exclusive	TK91	SNV			1	0
ENSG00000260030	ENSG00000260030	GroupA_exclusive	TK10	SNV			1	0
ENSG00000260042	ENSG00000260042	GroupA_exclusive	TK92	SNV			1	0
ENSG00000260066	ENSG00000260066	GroupA_exclusive	TK91	SNV			1	0
ENSG00000260126	ENSG00000260126	GroupA_exclusive	TK93	SNV			1	0
ENSG00000260152	ENSG00000260152	GroupA_exclusive	TK92	SNV			1	0
ENSG00000260157	ENSG00000260157	GroupA_exclusive	TK92	SNV			1	0
ENSG00000260217	ENSG00000260217	GroupA_exclusive	TK18	SNV			1	0
ENSG00000260218	ENSG00000260218	GroupA_exclusive	TK10	SNV			1	0
ENSG00000260234	ENSG00000260234	GroupA_exclusive	TK92	SNV			1	0
ENSG00000260246	ENSG00000260246	GroupA_exclusive	TK18	SNV			1	0
ENSG00000260251	ENSG00000260251	GroupA_exclusive	TK92	SNV			1	0
ENSG00000260258	ENSG00000260258	GroupA_exclusive	TK10	SNV			1	0
ENSG00000260362	ENSG00000260362	GroupA_exclusive	TK91	SNV			1	0
ENSG00000260366	ENSG00000260366	GroupA_exclusive	TK10	SNV			1	0
ENSG00000260367	ENSG00000260367	GroupA_exclusive	TK93	SNV			1	0
ENSG00000260395	ENSG00000260395	GroupA_exclusive	TK18	SNV			1	0
ENSG00000260404	ENSG00000260404	GroupA_exclusive	TK93	SNV			1	0
ENSG00000260418	ENSG00000260418	GroupA_exclusive	TK92	SNV			1	0
ENSG00000260478	ENSG00000260478	GroupA_exclusive	TK10	SNV			1	0
ENSG00000260483	ENSG00000260483	GroupA_exclusive	TK91	SNV			1	0
ENSG00000260505	ENSG00000260505	GroupA_exclusive	TK92	SNV			1	0
ENSG00000260517	ENSG00000260517	GroupA_exclusive	TK16	SNV			1	0
ENSG00000260520	ENSG00000260520	GroupA_exclusive	TK10	SNV			1	0
ENSG00000260568	ENSG00000260568	GroupA_exclusive	TK10	SNV			1	0
ENSG00000260569	ENSG00000260569	GroupA_exclusive	TK10	SNV			1	0
ENSG00000260597	ENSG00000260597	GroupA_exclusive	TK93	SNV			1	0
ENSG00000260599	ENSG00000260599	GroupA_exclusive	TK92	SNV			1	0
ENSG00000260613	ENSG00000260613	GroupA_exclusive	TK93	SNV			1	0
ENSG00000260651	ENSG00000260651	GroupA_exclusive	TK92	SNV			1	0
ENSG00000260673	ENSG00000260673	GroupA_exclusive	TK91	SNV			1	0
ENSG00000260677	ENSG00000260677	GroupA_exclusive	TK93	SNV			1	0
ENSG00000260681	ENSG00000260681	GroupA_exclusive	TK16	SNV			1	0
ENSG00000260683	ENSG00000260683	GroupA_exclusive	TK92	SNV			1	0
ENSG00000260702	ENSG00000260702	GroupA_exclusive	TK16	SNV			1	0
ENSG00000260714	ENSG00000260714	GroupA_exclusive	TK18	SNV			1	0
ENSG00000260723	ENSG00000260723	GroupA_exclusive	TK93	SNV			1	0
ENSG00000260780	ENSG00000260780	GroupA_exclusive	TK92	SNV			1	0
ENSG00000260784	ENSG00000260784	GroupA_exclusive	TK93	SNV			1	0
ENSG00000260786	ENSG00000260786	GroupA_exclusive	TK10	SNV			1	0
ENSG00000260817	ENSG00000260817	GroupA_exclusive	TK92	SNV			1	0
ENSG00000260823	ENSG00000260823	GroupA_exclusive	TK10	SNV			1	0
ENSG00000260834	ENSG00000260834	GroupA_exclusive	TK10	INDEL			1	0
ENSG00000260844	ENSG00000260844	GroupA_exclusive	TK92	SNV			1	0
ENSG00000260866	ENSG00000260866	GroupA_exclusive	TK91	SNV			1	0
ENSG00000260922	ENSG00000260922	GroupA_exclusive	TK91	SNV			1	0
ENSG00000260978	ENSG00000260978	GroupA_exclusive	TK18	SNV			1	0
ENSG00000260983	ENSG00000260983	GroupA_exclusive	TK18	SNV			1	0
ENSG00000261025	ENSG00000261025	GroupA_exclusive	TK91	SNV			1	0
ENSG00000261026	ENSG00000261026	GroupA_exclusive	TK18	SNV			1	0
ENSG00000261030	ENSG00000261030	GroupA_exclusive	TK18	SNV			1	0
ENSG00000261041	ENSG00000261041	GroupA_exclusive	TK92	SNV			1	0
ENSG00000261090	ENSG00000261090	GroupA_exclusive	TK92	SNV			1	0
ENSG00000261095	ENSG00000261095	GroupA_exclusive	TK92	SNV			1	0
ENSG00000261130	ENSG00000261130	GroupA_exclusive	TK92	SNV			1	0
ENSG00000261161	ENSG00000261161	GroupA_exclusive	TK91	INDEL,SNV			1	0
ENSG00000261219	ENSG00000261219	GroupA_exclusive	TK93	INDEL			1	0
ENSG00000261281	ENSG00000261281	GroupA_exclusive	TK92	SNV			1	0
ENSG00000261298	ENSG00000261298	GroupA_exclusive	TK10	INDEL,SNV			1	0
ENSG00000261327	ENSG00000261327	GroupA_exclusive	TK92	SNV			1	0
ENSG00000261379	ENSG00000261379	GroupA_exclusive	TK16	SNV			1	0
ENSG00000261392	ENSG00000261392	GroupA_exclusive	TK18	SNV			1	0
ENSG00000261398	ENSG00000261398	GroupA_exclusive	TK10	SNV			1	0
ENSG00000261407	ENSG00000261407	GroupA_exclusive	TK93	SNV			1	0
ENSG00000261447	ENSG00000261447	GroupA_exclusive	TK92	SNV			1	0
ENSG00000261523	ENSG00000261523	GroupA_exclusive	TK91	SNV			1	0
ENSG00000261544	ENSG00000261544	GroupA_exclusive	TK93	SNV			1	0
ENSG00000261650	ENSG00000261650	GroupA_exclusive	TK10	SNV			1	0
ENSG00000261673	ENSG00000261673	GroupA_exclusive	TK93	SNV			1	0
ENSG00000261687	ENSG00000261687	GroupA_exclusive	TK18	INDEL,SNV			1	0
ENSG00000261695	ENSG00000261695	GroupA_exclusive	TK91	SNV			1	0
ENSG00000261714	ENSG00000261714	GroupA_exclusive	TK91	SNV			1	0
ENSG00000261728	ENSG00000261728	GroupA_exclusive	TK93	SNV			1	0
ENSG00000261760	ENSG00000261760	GroupA_exclusive	TK91	SNV			1	0
ENSG00000261789	ENSG00000261789	GroupA_exclusive	TK10	SNV			1	0
ENSG00000261813	ENSG00000261813	GroupA_exclusive	TK91	SNV			1	0
ENSG00000261823	ENSG00000261823	GroupA_exclusive	TK92	SNV			1	0
ENSG00000261829	ENSG00000261829	GroupA_exclusive	TK93	SNV			1	0
ENSG00000262296	ENSG00000262296	GroupA_exclusive	TK10	SNV			1	0
ENSG00000262319	ENSG00000262319	GroupA_exclusive	TK92	SNV			1	0
ENSG00000262514	ENSG00000262514	GroupA_exclusive	TK92	SNV			1	0
ENSG00000262521	ENSG00000262521	GroupA_exclusive	TK18	SNV			1	0
ENSG00000262651	ENSG00000262651	GroupA_exclusive	TK10	SNV			1	0
ENSG00000262681	ENSG00000262681	GroupA_exclusive	TK16	SNV			1	0
ENSG00000262786	ENSG00000262786	GroupA_exclusive	TK10	SNV			1	0
ENSG00000262803	ENSG00000262803	GroupA_exclusive	TK92	SNV			1	0
ENSG00000262831	ENSG00000262831	GroupA_exclusive	TK10	SNV			1	0
ENSG00000262974	ENSG00000262974	GroupA_exclusive	TK92	SNV			1	0
ENSG00000263070	ENSG00000263070	GroupA_exclusive	TK16	SNV			1	0
ENSG00000263098	ENSG00000263098	GroupA_exclusive	TK91	SNV			1	0
ENSG00000263107	ENSG00000263107	GroupA_exclusive	TK92	SNV			1	0
ENSG00000263167	ENSG00000263167	GroupA_exclusive	TK10	SNV			1	0
ENSG00000263237	ENSG00000263237	GroupA_exclusive	TK92	SNV			1	0
ENSG00000263271	ENSG00000263271	GroupA_exclusive	TK10	SNV			1	0
ENSG00000263588	ENSG00000263588	GroupA_exclusive	TK10	SNV			1	0
ENSG00000263635	ENSG00000263635	GroupA_exclusive	TK10	SNV			1	0
ENSG00000263648	ENSG00000263648	GroupA_exclusive	TK91	SNV			1	0
ENSG00000263674	ENSG00000263674	GroupA_exclusive	TK92	SNV			1	0
ENSG00000263772	ENSG00000263772	GroupA_exclusive	TK91	SNV			1	0
ENSG00000263797	ENSG00000263797	GroupA_exclusive	TK91	SNV			1	0
ENSG00000263904	ENSG00000263904	GroupA_exclusive	TK92	SNV			1	0
ENSG00000263952	ENSG00000263952	GroupA_exclusive	TK10	SNV			1	0
ENSG00000264000	ENSG00000264000	GroupA_exclusive	TK93	SNV			1	0
ENSG00000264012	ENSG00000264012	GroupA_exclusive	TK92	SNV			1	0
ENSG00000264167	ENSG00000264167	GroupA_exclusive	TK92	SNV			1	0
ENSG00000264196	ENSG00000264196	GroupA_exclusive	TK93	SNV			1	0
ENSG00000264254	ENSG00000264254	GroupA_exclusive	TK91	SNV			1	0
ENSG00000264334	ENSG00000264334	GroupA_exclusive	TK91	SNV			1	0
ENSG00000264431	ENSG00000264431	GroupA_exclusive	TK93	SNV			1	0
ENSG00000264486	ENSG00000264486	GroupA_exclusive	TK18	SNV			1	0
ENSG00000264488	ENSG00000264488	GroupA_exclusive	TK93	SNV			1	0
ENSG00000264595	ENSG00000264595	GroupA_exclusive	TK92	SNV			1	0
ENSG00000264617	ENSG00000264617	GroupA_exclusive	TK91	INDEL,SNV			1	0
ENSG00000264622	ENSG00000264622	GroupA_exclusive	TK93	SNV			1	0
ENSG00000264634	ENSG00000264634	GroupA_exclusive	TK91	SNV			1	0
ENSG00000264659	ENSG00000264659	GroupA_exclusive	TK16	SNV			1	0
ENSG00000264693	ENSG00000264693	GroupA_exclusive	TK93	SNV			1	0
ENSG00000264829	ENSG00000264829	GroupA_exclusive	TK93	SNV			1	0
ENSG00000264869	ENSG00000264869	GroupA_exclusive	TK93	SNV			1	0
ENSG00000264876	ENSG00000264876	GroupA_exclusive	TK93	INDEL			1	0
ENSG00000264881	ENSG00000264881	GroupA_exclusive	TK93	SNV			1	0
ENSG00000264911	ENSG00000264911	GroupA_exclusive	TK91	SNV			1	0
ENSG00000264932	ENSG00000264932	GroupA_exclusive	TK92	INDEL			1	0
ENSG00000265282	ENSG00000265282	GroupA_exclusive	TK91	SNV			1	0
ENSG00000265359	ENSG00000265359	GroupA_exclusive	TK10	SNV			1	0
ENSG00000265413	ENSG00000265413	GroupA_exclusive	TK93	SNV			1	0
ENSG00000265417	ENSG00000265417	GroupA_exclusive	TK92	SNV			1	0
ENSG00000265421	ENSG00000265421	GroupA_exclusive	TK91	SNV			1	0
ENSG00000265478	ENSG00000265478	GroupA_exclusive	TK16	SNV			1	0
ENSG00000265626	ENSG00000265626	GroupA_exclusive	TK91	SNV			1	0
ENSG00000265671	ENSG00000265671	GroupA_exclusive	TK92	SNV			1	0
ENSG00000265794	ENSG00000265794	GroupA_exclusive	TK92	SNV			1	0
ENSG00000265840	ENSG00000265840	GroupA_exclusive	TK93	SNV			1	0
ENSG00000266179	ENSG00000266179	GroupA_exclusive	TK91	SNV			1	0
ENSG00000266306	ENSG00000266306	GroupA_exclusive	TK18	SNV			1	0
ENSG00000266335	ENSG00000266335	GroupA_exclusive	TK10	SNV			1	0
ENSG00000266479	ENSG00000266479	GroupA_exclusive	TK18	SNV			1	0
ENSG00000266527	ENSG00000266527	GroupA_exclusive	TK10	SNV			1	0
ENSG00000266654	ENSG00000266654	GroupA_exclusive	TK93	SNV			1	0
ENSG00000266711	ENSG00000266711	GroupA_exclusive	TK92	SNV			1	0
ENSG00000266743	ENSG00000266743	GroupA_exclusive	TK18	SNV			1	0
ENSG00000266765	ENSG00000266765	GroupA_exclusive	TK10	SNV			1	0
ENSG00000266767	ENSG00000266767	GroupA_exclusive	TK91	SNV			1	0
ENSG00000266806	ENSG00000266806	GroupA_exclusive	TK91	SNV			1	0
ENSG00000266924	ENSG00000266924	GroupA_exclusive	TK18	SNV			1	0
ENSG00000266954	ENSG00000266954	GroupA_exclusive	TK92	SNV			1	0
ENSG00000266959	ENSG00000266959	GroupA_exclusive	TK93	SNV			1	0
ENSG00000266961	ENSG00000266961	GroupA_exclusive	TK92	SNV			1	0
ENSG00000266987	ENSG00000266987	GroupA_exclusive	TK92	SNV			1	0
ENSG00000267032	ENSG00000267032	GroupA_exclusive	TK93	SNV			1	0
ENSG00000267036	ENSG00000267036	GroupA_exclusive	TK93	SNV			1	0
ENSG00000267053	ENSG00000267053	GroupA_exclusive	TK91	SNV			1	0
ENSG00000267079	ENSG00000267079	GroupA_exclusive	TK10	SNV			1	0
ENSG00000267113	ENSG00000267113	GroupA_exclusive	TK93	SNV			1	0
ENSG00000267115	ENSG00000267115	GroupA_exclusive	TK92	SNV			1	0
ENSG00000267143	ENSG00000267143	GroupA_exclusive	TK16	SNV			1	0
ENSG00000267172	ENSG00000267172	GroupA_exclusive	TK18	SNV			1	0
ENSG00000267174	ENSG00000267174	GroupA_exclusive	TK10	SNV			1	0
ENSG00000267180	ENSG00000267180	GroupA_exclusive	TK92	SNV			1	0
ENSG00000267193	ENSG00000267193	GroupA_exclusive	TK16	SNV			1	0
ENSG00000267234	ENSG00000267234	GroupA_exclusive	TK91	SNV			1	0
ENSG00000267262	ENSG00000267262	GroupA_exclusive	TK91	SNV			1	0
ENSG00000267264	ENSG00000267264	GroupA_exclusive	TK92	SNV			1	0
ENSG00000267273	ENSG00000267273	GroupA_exclusive	TK10	SNV			1	0
ENSG00000267279	ENSG00000267279	GroupA_exclusive	TK91	SNV			1	0
ENSG00000267287	ENSG00000267287	GroupA_exclusive	TK10	SNV			1	0
ENSG00000267314	ENSG00000267314	GroupA_exclusive	TK91	SNV			1	0
ENSG00000267316	ENSG00000267316	GroupA_exclusive	TK91	SNV			1	0
ENSG00000267324	ENSG00000267324	GroupA_exclusive	TK18	SNV			1	0
ENSG00000267338	ENSG00000267338	GroupA_exclusive	TK92	SNV			1	0
ENSG00000267389	ENSG00000267389	GroupA_exclusive	TK92	SNV			1	0
ENSG00000267429	ENSG00000267429	GroupA_exclusive	TK92	SNV			1	0
ENSG00000267457	ENSG00000267457	GroupA_exclusive	TK91	SNV			1	0
ENSG00000267458	ENSG00000267458	GroupA_exclusive	TK93	SNV			1	0
ENSG00000267505	ENSG00000267505	GroupA_exclusive	TK10	SNV			1	0
ENSG00000267526	ENSG00000267526	GroupA_exclusive	TK91	SNV			1	0
ENSG00000267543	ENSG00000267543	GroupA_exclusive	TK16	SNV			1	0
ENSG00000267560	ENSG00000267560	GroupA_exclusive	TK16	SNV			1	0
ENSG00000267585	ENSG00000267585	GroupA_exclusive	TK91	SNV			1	0
ENSG00000267606	ENSG00000267606	GroupA_exclusive	TK92	INDEL,SNV			1	0
ENSG00000267614	ENSG00000267614	GroupA_exclusive	TK91	SNV			1	0
ENSG00000267628	ENSG00000267628	GroupA_exclusive	TK92	SNV			1	0
ENSG00000267653	ENSG00000267653	GroupA_exclusive	TK93	SNV			1	0
ENSG00000267766	ENSG00000267766	GroupA_exclusive	TK93	SNV			1	0
ENSG00000267780	ENSG00000267780	GroupA_exclusive	TK18	SNV			1	0
ENSG00000267793	ENSG00000267793	GroupA_exclusive	TK10	SNV			1	0
ENSG00000267872	ENSG00000267872	GroupA_exclusive	TK10	SNV			1	0
ENSG00000267986	ENSG00000267986	GroupA_exclusive	TK10	SNV			1	0
ENSG00000268053	ENSG00000268053	GroupA_exclusive	TK93	SNV			1	0
ENSG00000268105	ENSG00000268105	GroupA_exclusive	TK93	SNV			1	0
ENSG00000268153	ENSG00000268153	GroupA_exclusive	TK93	SNV			1	0
ENSG00000268288	ENSG00000268288	GroupA_exclusive	TK92	SNV			1	0
ENSG00000268496	ENSG00000268496	GroupA_exclusive	TK91	SNV			1	0
ENSG00000268531	ENSG00000268531	GroupA_exclusive	TK10	SNV			1	0
ENSG00000268595	ENSG00000268595	GroupA_exclusive	TK10	SNV			1	0
ENSG00000268729	ENSG00000268729	GroupA_exclusive	TK18	SNV			1	0
ENSG00000268746	ENSG00000268746	GroupA_exclusive	TK92	SNV			1	0
ENSG00000268842	ENSG00000268842	GroupA_exclusive	TK92	SNV			1	0
ENSG00000268884	ENSG00000268884	GroupA_exclusive	TK16	SNV			1	0
ENSG00000268892	ENSG00000268892	GroupA_exclusive	TK16	SNV			1	0
ENSG00000269068	ENSG00000269068	GroupA_exclusive	TK18	SNV			1	0
ENSG00000269189	ENSG00000269189	GroupA_exclusive	TK91	SNV			1	0
ENSG00000269274	ENSG00000269274	GroupA_exclusive	TK91	SNV			1	0
ENSG00000269288	ENSG00000269288	GroupA_exclusive	TK10	SNV			1	0
ENSG00000269376	ENSG00000269376	GroupA_exclusive	TK92	SNV			1	0
ENSG00000269463	ENSG00000269463	GroupA_exclusive	TK10	SNV			1	0
ENSG00000269540	ENSG00000269540	GroupA_exclusive	TK10	SNV			1	0
ENSG00000269599	ENSG00000269599	GroupA_exclusive	TK91	SNV			1	0
ENSG00000269635	ENSG00000269635	GroupA_exclusive	TK91	SNV			1	0
ENSG00000269694	ENSG00000269694	GroupA_exclusive	TK92	SNV			1	0
ENSG00000269741	ENSG00000269741	GroupA_exclusive	TK91	SNV			1	0
ENSG00000269765	ENSG00000269765	GroupA_exclusive	TK93	SNV			1	0
ENSG00000269826	ENSG00000269826	GroupA_exclusive	TK92	SNV			1	0
ENSG00000269842	ENSG00000269842	GroupA_exclusive	TK91	SNV			1	0
ENSG00000269848	ENSG00000269848	GroupA_exclusive	TK92	SNV			1	0
ENSG00000269927	ENSG00000269927	GroupA_exclusive	TK10	SNV			1	0
ENSG00000269944	ENSG00000269944	GroupA_exclusive	TK92	SNV			1	0
ENSG00000269945	ENSG00000269945	GroupA_exclusive	TK10	SNV			1	0
ENSG00000269971	ENSG00000269971	GroupA_exclusive	TK91	SNV			1	0
ENSG00000269976	ENSG00000269976	GroupA_exclusive	TK93	SNV			1	0
ENSG00000269981	ENSG00000269981	GroupA_exclusive	TK18	SNV			1	0
ENSG00000270035	ENSG00000270035	GroupA_exclusive	TK10	INDEL,SNV			1	0
ENSG00000270036	ENSG00000270036	GroupA_exclusive	TK91	SNV			1	0
ENSG00000270048	ENSG00000270048	GroupA_exclusive	TK92	SNV			1	0
ENSG00000270062	ENSG00000270062	GroupA_exclusive	TK93	SNV			1	0
ENSG00000270068	ENSG00000270068	GroupA_exclusive	TK93	SNV			1	0
ENSG00000270087	ENSG00000270087	GroupA_exclusive	TK18	SNV			1	0
ENSG00000270095	ENSG00000270095	GroupA_exclusive	TK92	SNV			1	0
ENSG00000270104	ENSG00000270104	GroupA_exclusive	TK10	SNV			1	0
ENSG00000270108	ENSG00000270108	GroupA_exclusive	TK16	SNV			1	0
ENSG00000270137	ENSG00000270137	GroupA_exclusive	TK91	SNV			1	0
ENSG00000270218	ENSG00000270218	GroupA_exclusive	TK91	SNV			1	0
ENSG00000270281	ENSG00000270281	GroupA_exclusive	TK93	SNV			1	0
ENSG00000270323	ENSG00000270323	GroupA_exclusive	TK10	SNV			1	0
ENSG00000270324	ENSG00000270324	GroupA_exclusive	TK92	SNV			1	0
ENSG00000270409	ENSG00000270409	GroupA_exclusive	TK92	SNV			1	0
ENSG00000270413	ENSG00000270413	GroupA_exclusive	TK92	INDEL			1	0
ENSG00000270422	ENSG00000270422	GroupA_exclusive	TK92	SNV			1	0
ENSG00000270457	ENSG00000270457	GroupA_exclusive	TK16	INDEL			1	0
ENSG00000270477	ENSG00000270477	GroupA_exclusive	TK92	SNV			1	0
ENSG00000270495	ENSG00000270495	GroupA_exclusive	TK18	SNV			1	0
ENSG00000270576	ENSG00000270576	GroupA_exclusive	TK92	SNV			1	0
ENSG00000270598	ENSG00000270598	GroupA_exclusive	TK93	SNV			1	0
ENSG00000270620	ENSG00000270620	GroupA_exclusive	TK92	SNV			1	0
ENSG00000270640	ENSG00000270640	GroupA_exclusive	TK93	SNV			1	0
ENSG00000270708	ENSG00000270708	GroupA_exclusive	TK18	SNV			1	0
ENSG00000270712	ENSG00000270712	GroupA_exclusive	TK93	SNV			1	0
ENSG00000270713	ENSG00000270713	GroupA_exclusive	TK92	SNV			1	0
ENSG00000270727	ENSG00000270727	GroupA_exclusive	TK93	SNV			1	0
ENSG00000270811	ENSG00000270811	GroupA_exclusive	TK16	SNV			1	0
ENSG00000270842	ENSG00000270842	GroupA_exclusive	TK93	SNV			1	0
ENSG00000270857	ENSG00000270857	GroupA_exclusive	TK92	SNV			1	0
ENSG00000270861	ENSG00000270861	GroupA_exclusive	TK91	SNV			1	0
ENSG00000270883	ENSG00000270883	GroupA_exclusive	TK93	SNV			1	0
ENSG00000270893	ENSG00000270893	GroupA_exclusive	TK92	SNV			1	0
ENSG00000270966	ENSG00000270966	GroupA_exclusive	TK92	SNV			1	0
ENSG00000270972	ENSG00000270972	GroupA_exclusive	TK18	SNV			1	0
ENSG00000270983	ENSG00000270983	GroupA_exclusive	TK10	SNV			1	0
ENSG00000271048	ENSG00000271048	GroupA_exclusive	TK92	SNV			1	0
ENSG00000271057	ENSG00000271057	GroupA_exclusive	TK93	INDEL			1	0
ENSG00000271075	ENSG00000271075	GroupA_exclusive	TK91	SNV			1	0
ENSG00000271078	ENSG00000271078	GroupA_exclusive	TK92	SNV			1	0
ENSG00000271113	ENSG00000271113	GroupA_exclusive	TK92	SNV			1	0
ENSG00000271129	ENSG00000271129	GroupA_exclusive	TK92	INDEL,SNV			1	0
ENSG00000271172	ENSG00000271172	GroupA_exclusive	TK91	SNV			1	0
ENSG00000271252	ENSG00000271252	GroupA_exclusive	TK92	SNV			1	0
ENSG00000271269	ENSG00000271269	GroupA_exclusive	TK93	SNV			1	0
ENSG00000271275	ENSG00000271275	GroupA_exclusive	TK91	SNV			1	0
ENSG00000271277	ENSG00000271277	GroupA_exclusive	TK92	SNV			1	0
ENSG00000271307	ENSG00000271307	GroupA_exclusive	TK93	SNV			1	0
ENSG00000271329	ENSG00000271329	GroupA_exclusive	TK16	SNV			1	0
ENSG00000271398	ENSG00000271398	GroupA_exclusive	TK18	SNV			1	0
ENSG00000271420	ENSG00000271420	GroupA_exclusive	TK16	INDEL,SNV			1	0
ENSG00000271437	ENSG00000271437	GroupA_exclusive	TK92	SNV			1	0
ENSG00000271483	ENSG00000271483	GroupA_exclusive	TK91	SNV			1	0
ENSG00000271498	ENSG00000271498	GroupA_exclusive	TK91	SNV			1	0
ENSG00000271543	ENSG00000271543	GroupA_exclusive	TK92	SNV			1	0
ENSG00000271547	ENSG00000271547	GroupA_exclusive	TK10	SNV			1	0
ENSG00000271573	ENSG00000271573	GroupA_exclusive	TK91	SNV			1	0
ENSG00000271623	ENSG00000271623	GroupA_exclusive	TK10	SNV			1	0
ENSG00000271644	ENSG00000271644	GroupA_exclusive	TK91	SNV			1	0
ENSG00000271657	ENSG00000271657	GroupA_exclusive	TK92	SNV			1	0
ENSG00000271680	ENSG00000271680	GroupA_exclusive	TK10	SNV			1	0
ENSG00000271742	ENSG00000271742	GroupA_exclusive	TK93	SNV			1	0
ENSG00000271771	ENSG00000271771	GroupA_exclusive	TK93	SNV			1	0
ENSG00000271787	ENSG00000271787	GroupA_exclusive	TK16	SNV			1	0
ENSG00000271843	ENSG00000271843	GroupA_exclusive	TK10	SNV			1	0
ENSG00000271882	ENSG00000271882	GroupA_exclusive	TK92	SNV			1	0
ENSG00000271901	ENSG00000271901	GroupA_exclusive	TK10	SNV			1	0
ENSG00000271930	ENSG00000271930	GroupA_exclusive	TK18	SNV			1	0
ENSG00000272027	ENSG00000272027	GroupA_exclusive	TK91	SNV			1	0
ENSG00000272087	ENSG00000272087	GroupA_exclusive	TK92	INDEL,SNV			1	0
ENSG00000272108	ENSG00000272108	GroupA_exclusive	TK92	SNV			1	0
ENSG00000272123	ENSG00000272123	GroupA_exclusive	TK92	SNV			1	0
ENSG00000272180	ENSG00000272180	GroupA_exclusive	TK93	SNV			1	0
ENSG00000272235	ENSG00000272235	GroupA_exclusive	TK93	SNV			1	0
ENSG00000272243	ENSG00000272243	GroupA_exclusive	TK92	SNV			1	0
ENSG00000272371	ENSG00000272371	GroupA_exclusive	TK92	INDEL,SNV			1	0
ENSG00000272372	ENSG00000272372	GroupA_exclusive	TK10	SNV			1	0
ENSG00000272383	ENSG00000272383	GroupA_exclusive	TK91	SNV			1	0
ENSG00000272477	ENSG00000272477	GroupA_exclusive	TK91	SNV			1	0
ENSG00000272506	ENSG00000272506	GroupA_exclusive	TK93	SNV			1	0
ENSG00000272542	ENSG00000272542	GroupA_exclusive	TK93	SNV			1	0
ENSG00000272554	ENSG00000272554	GroupA_exclusive	TK91	SNV			1	0
ENSG00000272576	ENSG00000272576	GroupA_exclusive	TK91	SNV			1	0
ENSG00000272669	ENSG00000272669	GroupA_exclusive	TK92	SNV			1	0
ENSG00000272694	ENSG00000272694	GroupA_exclusive	TK18	SNV			1	0
ENSG00000272699	ENSG00000272699	GroupA_exclusive	TK92	SNV			1	0
ENSG00000272710	ENSG00000272710	GroupA_exclusive	TK10	SNV			1	0
ENSG00000272810	ENSG00000272810	GroupA_exclusive	TK18	SNV			1	0
ENSG00000272814	ENSG00000272814	GroupA_exclusive	TK91	SNV			1	0
ENSG00000272866	ENSG00000272866	GroupA_exclusive	TK16	SNV			1	0
ENSG00000272995	ENSG00000272995	GroupA_exclusive	TK92	SNV			1	0
ENSG00000273055	ENSG00000273055	GroupA_exclusive	TK18	SNV			1	0
ENSG00000273063	ENSG00000273063	GroupA_exclusive	TK10	SNV			1	0
ENSG00000273090	ENSG00000273090	GroupA_exclusive	TK10	SNV			1	0
ENSG00000273132	ENSG00000273132	GroupA_exclusive	TK10	SNV			1	0
ENSG00000273138	ENSG00000273138	GroupA_exclusive	TK91	INDEL,SNV			1	0
ENSG00000273177	ENSG00000273177	GroupA_exclusive	TK16	SNV			1	0
ENSG00000273199	ENSG00000273199	GroupA_exclusive	TK10	SNV			1	0
ENSG00000273219	ENSG00000273219	GroupA_exclusive	TK18	SNV			1	0
ENSG00000273233	ENSG00000273233	GroupA_exclusive	TK92	SNV			1	0
ENSG00000273321	ENSG00000273321	GroupA_exclusive	TK92	SNV			1	0
ENSG00000273341	ENSG00000273341	GroupA_exclusive	TK93	SNV			1	0
ENSG00000273342	ENSG00000273342	GroupA_exclusive	TK10	SNV			1	0
ENSG00000273368	ENSG00000273368	GroupA_exclusive	TK10	SNV			1	0
ENSG00000273375	ENSG00000273375	GroupA_exclusive	TK18	SNV			1	0
ENSG00000273384	ENSG00000273384	GroupA_exclusive	TK16	SNV			1	0
ENSG00000273442	ENSG00000273442	GroupA_exclusive	TK16	SNV			1	0
ENSG00000273461	ENSG00000273461	GroupA_exclusive	TK16	SNV			1	0
ENSG00000273464	ENSG00000273464	GroupA_exclusive	TK92	SNV			1	0
ENSG00000273476	ENSG00000273476	GroupA_exclusive	TK92	SNV			1	0
ENSG00000273487	ENSG00000273487	GroupA_exclusive	TK92	SNV			1	0
ENSG00000273493	ENSG00000273493	GroupA_exclusive	TK18	SNV			1	0
ENSG00000273618	ENSG00000273618	GroupA_exclusive	TK91	SNV			1	0
ENSG00000273623	ENSG00000273623	GroupA_exclusive	TK91	SNV			1	0
ENSG00000273639	ENSG00000273639	GroupA_exclusive	TK92	SNV			1	0
ENSG00000273669	ENSG00000273669	GroupA_exclusive	TK93	SNV			1	0
ENSG00000273687	ENSG00000273687	GroupA_exclusive	TK91	SNV			1	0
ENSG00000273712	ENSG00000273712	GroupA_exclusive	TK16	SNV			1	0
ENSG00000273825	ENSG00000273825	GroupA_exclusive	TK91	SNV			1	0
ENSG00000273890	ENSG00000273890	GroupA_exclusive	TK91	SNV			1	0
ENSG00000273900	ENSG00000273900	GroupA_exclusive	TK91	SNV			1	0
ENSG00000273919	ENSG00000273919	GroupA_exclusive	TK10	SNV			1	0
ENSG00000273933	ENSG00000273933	GroupA_exclusive	TK10	SNV			1	0
ENSG00000273951	ENSG00000273951	GroupA_exclusive	TK10	SNV			1	0
ENSG00000273958	ENSG00000273958	GroupA_exclusive	TK91	INDEL,SNV			1	0
ENSG00000273974	ENSG00000273974	GroupA_exclusive	TK16	SNV			1	0
ENSG00000273982	ENSG00000273982	GroupA_exclusive	TK92	SNV			1	0
ENSG00000273997	ENSG00000273997	GroupA_exclusive	TK93	INDEL			1	0
ENSG00000274002	ENSG00000274002	GroupA_exclusive	TK10	SNV			1	0
ENSG00000274038	ENSG00000274038	GroupA_exclusive	TK92	SNV			1	0
ENSG00000274055	ENSG00000274055	GroupA_exclusive	TK18	SNV			1	0
ENSG00000274080	ENSG00000274080	GroupA_exclusive	TK10	SNV			1	0
ENSG00000274093	ENSG00000274093	GroupA_exclusive	TK91	SNV			1	0
ENSG00000274116	ENSG00000274116	GroupA_exclusive	TK18	SNV			1	0
ENSG00000274124	ENSG00000274124	GroupA_exclusive	TK92	SNV			1	0
ENSG00000274154	ENSG00000274154	GroupA_exclusive	TK18	SNV			1	0
ENSG00000274156	ENSG00000274156	GroupA_exclusive	TK91	SNV			1	0
ENSG00000274159	ENSG00000274159	GroupA_exclusive	TK93	SNV			1	0
ENSG00000274199	ENSG00000274199	GroupA_exclusive	TK18	SNV			1	0
ENSG00000274227	ENSG00000274227	GroupA_exclusive	TK91	SNV			1	0
ENSG00000274261	ENSG00000274261	GroupA_exclusive	TK10	SNV			1	0
ENSG00000274297	ENSG00000274297	GroupA_exclusive	TK91	SNV			1	0
ENSG00000274331	ENSG00000274331	GroupA_exclusive	TK16	SNV			1	0
ENSG00000274342	ENSG00000274342	GroupA_exclusive	TK92	SNV			1	0
ENSG00000274363	ENSG00000274363	GroupA_exclusive	TK18	SNV			1	0
ENSG00000274370	ENSG00000274370	GroupA_exclusive	TK10	SNV			1	0
ENSG00000274378	ENSG00000274378	GroupA_exclusive	TK91	SNV			1	0
ENSG00000274381	ENSG00000274381	GroupA_exclusive	TK18	SNV			1	0
ENSG00000274396	ENSG00000274396	GroupA_exclusive	TK16	SNV			1	0
ENSG00000274430	ENSG00000274430	GroupA_exclusive	TK93	SNV			1	0
ENSG00000274447	ENSG00000274447	GroupA_exclusive	TK93	SNV			1	0
ENSG00000274458	ENSG00000274458	GroupA_exclusive	TK92	SNV			1	0
ENSG00000274499	ENSG00000274499	GroupA_exclusive	TK10	SNV			1	0
ENSG00000274617	ENSG00000274617	GroupA_exclusive	TK92	SNV			1	0
ENSG00000274625	ENSG00000274625	GroupA_exclusive	TK93	SNV			1	0
ENSG00000274670	ENSG00000274670	GroupA_exclusive	TK92	SNV			1	0
ENSG00000274682	ENSG00000274682	GroupA_exclusive	TK91	SNV			1	0
ENSG00000274685	ENSG00000274685	GroupA_exclusive	TK18	SNV			1	0
ENSG00000274695	ENSG00000274695	GroupA_exclusive	TK93	SNV			1	0
ENSG00000274718	ENSG00000274718	GroupA_exclusive	TK91	SNV			1	0
ENSG00000274723	ENSG00000274723	GroupA_exclusive	TK10	SNV			1	0
ENSG00000274737	ENSG00000274737	GroupA_exclusive	TK16	SNV			1	0
ENSG00000274748	ENSG00000274748	GroupA_exclusive	TK92	SNV			1	0
ENSG00000274765	ENSG00000274765	GroupA_exclusive	TK92	SNV			1	0
ENSG00000274813	ENSG00000274813	GroupA_exclusive	TK92	SNV			1	0
ENSG00000274817	ENSG00000274817	GroupA_exclusive	TK10	SNV			1	0
ENSG00000274863	ENSG00000274863	GroupA_exclusive	TK91	SNV			1	0
ENSG00000274892	ENSG00000274892	GroupA_exclusive	TK10	SNV			1	0
ENSG00000274898	ENSG00000274898	GroupA_exclusive	TK91	SNV			1	0
ENSG00000275017	ENSG00000275017	GroupA_exclusive	TK10	SNV			1	0
ENSG00000275110	ENSG00000275110	GroupA_exclusive	TK91	SNV			1	0
ENSG00000275155	ENSG00000275155	GroupA_exclusive	TK10	SNV			1	0
ENSG00000275327	ENSG00000275327	GroupA_exclusive	TK92	SNV			1	0
ENSG00000275345	ENSG00000275345	GroupA_exclusive	TK92	SNV			1	0
ENSG00000275350	ENSG00000275350	GroupA_exclusive	TK92	INDEL			1	0
ENSG00000275406	ENSG00000275406	GroupA_exclusive	TK92	SNV			1	0
ENSG00000275409	ENSG00000275409	GroupA_exclusive	TK18	SNV			1	0
ENSG00000275479	ENSG00000275479	GroupA_exclusive	TK91	SNV			1	0
ENSG00000275484	ENSG00000275484	GroupA_exclusive	TK10	SNV			1	0
ENSG00000275512	ENSG00000275512	GroupA_exclusive	TK91	SNV			1	0
ENSG00000275515	ENSG00000275515	GroupA_exclusive	TK10	SNV			1	0
ENSG00000275516	ENSG00000275516	GroupA_exclusive	TK10	SNV			1	0
ENSG00000275609	ENSG00000275609	GroupA_exclusive	TK91	SNV			1	0
ENSG00000275716	ENSG00000275716	GroupA_exclusive	TK93	SNV			1	0
ENSG00000275728	ENSG00000275728	GroupA_exclusive	TK10	SNV			1	0
ENSG00000275767	ENSG00000275767	GroupA_exclusive	TK92	SNV			1	0
ENSG00000275772	ENSG00000275772	GroupA_exclusive	TK18	SNV			1	0
ENSG00000275801	ENSG00000275801	GroupA_exclusive	TK92	SNV			1	0
ENSG00000275805	ENSG00000275805	GroupA_exclusive	TK91	SNV			1	0
ENSG00000275850	ENSG00000275850	GroupA_exclusive	TK93	INDEL,SNV			1	0
ENSG00000275894	ENSG00000275894	GroupA_exclusive	TK18	SNV			1	0
ENSG00000275919	ENSG00000275919	GroupA_exclusive	TK18	SNV			1	0
ENSG00000275980	ENSG00000275980	GroupA_exclusive	TK92	SNV			1	0
ENSG00000276063	ENSG00000276063	GroupA_exclusive	TK92	SNV			1	0
ENSG00000276092	ENSG00000276092	GroupA_exclusive	TK16	INDEL			1	0
ENSG00000276110	ENSG00000276110	GroupA_exclusive	TK16	SNV			1	0
ENSG00000276179	ENSG00000276179	GroupA_exclusive	TK92	SNV			1	0
ENSG00000276232	ENSG00000276232	GroupA_exclusive	TK16	SNV			1	0
ENSG00000276251	ENSG00000276251	GroupA_exclusive	TK10	SNV			1	0
ENSG00000276257	ENSG00000276257	GroupA_exclusive	TK92	SNV			1	0
ENSG00000276261	ENSG00000276261	GroupA_exclusive	TK10	SNV			1	0
ENSG00000276292	ENSG00000276292	GroupA_exclusive	TK93	SNV			1	0
ENSG00000276375	ENSG00000276375	GroupA_exclusive	TK18	SNV			1	0
ENSG00000276436	ENSG00000276436	GroupA_exclusive	TK18	SNV			1	0
ENSG00000276470	ENSG00000276470	GroupA_exclusive	TK18	SNV			1	0
ENSG00000276519	ENSG00000276519	GroupA_exclusive	TK92	SNV			1	0
ENSG00000276535	ENSG00000276535	GroupA_exclusive	TK92	SNV			1	0
ENSG00000276573	ENSG00000276573	GroupA_exclusive	TK91	SNV			1	0
ENSG00000276633	ENSG00000276633	GroupA_exclusive	TK10	SNV			1	0
ENSG00000276668	ENSG00000276668	GroupA_exclusive	TK91	SNV			1	0
ENSG00000276680	ENSG00000276680	GroupA_exclusive	TK92	SNV			1	0
ENSG00000276738	ENSG00000276738	GroupA_exclusive	TK93	SNV			1	0
ENSG00000276740	ENSG00000276740	GroupA_exclusive	TK92	SNV			1	0
ENSG00000276742	ENSG00000276742	GroupA_exclusive	TK92	SNV			1	0
ENSG00000276754	ENSG00000276754	GroupA_exclusive	TK92	SNV			1	0
ENSG00000276790	ENSG00000276790	GroupA_exclusive	TK91	SNV			1	0
ENSG00000276810	ENSG00000276810	GroupA_exclusive	TK93	SNV			1	0
ENSG00000276831	ENSG00000276831	GroupA_exclusive	TK92	SNV			1	0
ENSG00000276867	ENSG00000276867	GroupA_exclusive	TK92	SNV			1	0
ENSG00000276958	ENSG00000276958	GroupA_exclusive	TK91	SNV			1	0
ENSG00000277135	ENSG00000277135	GroupA_exclusive	TK10	SNV			1	0
ENSG00000277173	ENSG00000277173	GroupA_exclusive	TK10	SNV			1	0
ENSG00000277228	ENSG00000277228	GroupA_exclusive	TK92	SNV			1	0
ENSG00000277351	ENSG00000277351	GroupA_exclusive	TK16	SNV			1	0
ENSG00000277373	ENSG00000277373	GroupA_exclusive	TK93	SNV			1	0
ENSG00000277386	ENSG00000277386	GroupA_exclusive	TK18	SNV			1	0
ENSG00000277408	ENSG00000277408	GroupA_exclusive	TK92	SNV			1	0
ENSG00000277450	ENSG00000277450	GroupA_exclusive	TK10	SNV			1	0
ENSG00000277468	ENSG00000277468	GroupA_exclusive	TK92	SNV			1	0
ENSG00000277482	ENSG00000277482	GroupA_exclusive	TK92	SNV			1	0
ENSG00000277493	ENSG00000277493	GroupA_exclusive	TK18	SNV			1	0
ENSG00000277502	ENSG00000277502	GroupA_exclusive	TK93	SNV			1	0
ENSG00000277545	ENSG00000277545	GroupA_exclusive	TK91	SNV			1	0
ENSG00000277565	ENSG00000277565	GroupA_exclusive	TK91	SNV			1	0
ENSG00000277583	ENSG00000277583	GroupA_exclusive	TK10	SNV			1	0
ENSG00000277599	ENSG00000277599	GroupA_exclusive	TK10	SNV			1	0
ENSG00000277647	ENSG00000277647	GroupA_exclusive	TK92	SNV			1	0
ENSG00000277651	ENSG00000277651	GroupA_exclusive	TK91	SNV			1	0
ENSG00000277684	ENSG00000277684	GroupA_exclusive	TK93	SNV			1	0
ENSG00000277694	ENSG00000277694	GroupA_exclusive	TK16	SNV			1	0
ENSG00000277705	ENSG00000277705	GroupA_exclusive	TK91	SNV			1	0
ENSG00000277711	ENSG00000277711	GroupA_exclusive	TK91	SNV			1	0
ENSG00000277749	ENSG00000277749	GroupA_exclusive	TK92	SNV			1	0
ENSG00000277829	ENSG00000277829	GroupA_exclusive	TK10	SNV			1	0
ENSG00000277869	ENSG00000277869	GroupA_exclusive	TK92	SNV			1	0
ENSG00000277882	ENSG00000277882	GroupA_exclusive	TK10	SNV			1	0
ENSG00000277920	ENSG00000277920	GroupA_exclusive	TK10	SNV			1	0
ENSG00000277941	ENSG00000277941	GroupA_exclusive	TK93	SNV			1	0
ENSG00000277994	ENSG00000277994	GroupA_exclusive	TK10	SNV			1	0
ENSG00000277997	ENSG00000277997	GroupA_exclusive	TK92	SNV			1	0
ENSG00000278001	ENSG00000278001	GroupA_exclusive	TK92	SNV			1	0
ENSG00000278083	ENSG00000278083	GroupA_exclusive	TK91	SNV			1	0
ENSG00000278130	ENSG00000278130	GroupA_exclusive	TK93	SNV			1	0
ENSG00000278131	ENSG00000278131	GroupA_exclusive	TK10	SNV			1	0
ENSG00000278236	ENSG00000278236	GroupA_exclusive	TK16	SNV			1	0
ENSG00000278254	ENSG00000278254	GroupA_exclusive	TK18	SNV			1	0
ENSG00000278256	ENSG00000278256	GroupA_exclusive	TK18	SNV			1	0
ENSG00000278351	ENSG00000278351	GroupA_exclusive	TK92	SNV			1	0
ENSG00000278367	ENSG00000278367	GroupA_exclusive	TK91	SNV			1	0
ENSG00000278408	ENSG00000278408	GroupA_exclusive	TK93	SNV			1	0
ENSG00000278424	ENSG00000278424	GroupA_exclusive	TK91	SNV			1	0
ENSG00000278456	ENSG00000278456	GroupA_exclusive	TK93	SNV			1	0
ENSG00000278586	ENSG00000278586	GroupA_exclusive	TK16	SNV			1	0
ENSG00000278626	ENSG00000278626	GroupA_exclusive	TK93	SNV			1	0
ENSG00000278668	ENSG00000278668	GroupA_exclusive	TK91	SNV			1	0
ENSG00000278727	ENSG00000278727	GroupA_exclusive	TK10	SNV			1	0
ENSG00000278744	ENSG00000278744	GroupA_exclusive	TK91	SNV			1	0
ENSG00000278816	ENSG00000278816	GroupA_exclusive	TK18	SNV			1	0
ENSG00000278847	ENSG00000278847	GroupA_exclusive	TK10	INDEL			1	0
ENSG00000278874	ENSG00000278874	GroupA_exclusive	TK93	SNV			1	0
ENSG00000278875	ENSG00000278875	GroupA_exclusive	TK10	SNV			1	0
ENSG00000278890	ENSG00000278890	GroupA_exclusive	TK92	SNV			1	0
ENSG00000278892	ENSG00000278892	GroupA_exclusive	TK93	SNV			1	0
ENSG00000278898	ENSG00000278898	GroupA_exclusive	TK10	SNV			1	0
ENSG00000278926	ENSG00000278926	GroupA_exclusive	TK91	SNV			1	0
ENSG00000278946	ENSG00000278946	GroupA_exclusive	TK92	SNV			1	0
ENSG00000278965	ENSG00000278965	GroupA_exclusive	TK91	SNV			1	0
ENSG00000278972	ENSG00000278972	GroupA_exclusive	TK92	SNV			1	0
ENSG00000278975	ENSG00000278975	GroupA_exclusive	TK92	SNV			1	0
ENSG00000278990	ENSG00000278990	GroupA_exclusive	TK92	SNV			1	0
ENSG00000279006	ENSG00000279006	GroupA_exclusive	TK93	SNV			1	0
ENSG00000279013	ENSG00000279013	GroupA_exclusive	TK10	SNV			1	0
ENSG00000279032	ENSG00000279032	GroupA_exclusive	TK18	SNV			1	0
ENSG00000279039	ENSG00000279039	GroupA_exclusive	TK18	SNV			1	0
ENSG00000279074	ENSG00000279074	GroupA_exclusive	TK92	SNV			1	0
ENSG00000279096	ENSG00000279096	GroupA_exclusive	TK92	SNV			1	0
ENSG00000279117	ENSG00000279117	GroupA_exclusive	TK10	SNV			1	0
ENSG00000279122	ENSG00000279122	GroupA_exclusive	TK91	SNV			1	0
ENSG00000279135	ENSG00000279135	GroupA_exclusive	TK10	SNV			1	0
ENSG00000279142	ENSG00000279142	GroupA_exclusive	TK92	SNV			1	0
ENSG00000279163	ENSG00000279163	GroupA_exclusive	TK92	SNV			1	0
ENSG00000279206	ENSG00000279206	GroupA_exclusive	TK92	INDEL,SNV			1	0
ENSG00000279250	ENSG00000279250	GroupA_exclusive	TK91	SNV			1	0
ENSG00000279286	ENSG00000279286	GroupA_exclusive	TK92	INDEL			1	0
ENSG00000279295	ENSG00000279295	GroupA_exclusive	TK10	SNV			1	0
ENSG00000279332	ENSG00000279332	GroupA_exclusive	TK93	SNV			1	0
ENSG00000279333	ENSG00000279333	GroupA_exclusive	TK92	SNV			1	0
ENSG00000279352	ENSG00000279352	GroupA_exclusive	TK91	SNV			1	0
ENSG00000279361	ENSG00000279361	GroupA_exclusive	TK10	SNV			1	0
ENSG00000279373	ENSG00000279373	GroupA_exclusive	TK92	SNV			1	0
ENSG00000279375	ENSG00000279375	GroupA_exclusive	TK93	SNV			1	0
ENSG00000279390	ENSG00000279390	GroupA_exclusive	TK91	SNV			1	0
ENSG00000279409	ENSG00000279409	GroupA_exclusive	TK93	SNV			1	0
ENSG00000279423	ENSG00000279423	GroupA_exclusive	TK93	SNV			1	0
ENSG00000279433	ENSG00000279433	GroupA_exclusive	TK92	SNV			1	0
ENSG00000279440	ENSG00000279440	GroupA_exclusive	TK92	SNV			1	0
ENSG00000279446	ENSG00000279446	GroupA_exclusive	TK92	SNV			1	0
ENSG00000279455	ENSG00000279455	GroupA_exclusive	TK10	SNV			1	0
ENSG00000279460	ENSG00000279460	GroupA_exclusive	TK91	SNV			1	0
ENSG00000279466	ENSG00000279466	GroupA_exclusive	TK93	SNV			1	0
ENSG00000279480	ENSG00000279480	GroupA_exclusive	TK10	SNV			1	0
ENSG00000279485	ENSG00000279485	GroupA_exclusive	TK93	SNV			1	0
ENSG00000279502	ENSG00000279502	GroupA_exclusive	TK92	SNV			1	0
ENSG00000279588	ENSG00000279588	GroupA_exclusive	TK10	SNV			1	0
ENSG00000279591	ENSG00000279591	GroupA_exclusive	TK92	SNV			1	0
ENSG00000279619	ENSG00000279619	GroupA_exclusive	TK10	SNV			1	0
ENSG00000279633	ENSG00000279633	GroupA_exclusive	TK93	SNV			1	0
ENSG00000279660	ENSG00000279660	GroupA_exclusive	TK10	SNV			1	0
ENSG00000279663	ENSG00000279663	GroupA_exclusive	TK92	SNV			1	0
ENSG00000279679	ENSG00000279679	GroupA_exclusive	TK93	SNV			1	0
ENSG00000279681	ENSG00000279681	GroupA_exclusive	TK91	SNV			1	0
ENSG00000279684	ENSG00000279684	GroupA_exclusive	TK92	SNV			1	0
ENSG00000279686	ENSG00000279686	GroupA_exclusive	TK10	SNV			1	0
ENSG00000279691	ENSG00000279691	GroupA_exclusive	TK92	SNV			1	0
ENSG00000279698	ENSG00000279698	GroupA_exclusive	TK92	SNV			1	0
ENSG00000279735	ENSG00000279735	GroupA_exclusive	TK91	SNV			1	0
ENSG00000279739	ENSG00000279739	GroupA_exclusive	TK10	SNV			1	0
ENSG00000279819	ENSG00000279819	GroupA_exclusive	TK92	SNV			1	0
ENSG00000279858	ENSG00000279858	GroupA_exclusive	TK91	SNV			1	0
ENSG00000279875	ENSG00000279875	GroupA_exclusive	TK92	SNV			1	0
ENSG00000279878	ENSG00000279878	GroupA_exclusive	TK92	SNV			1	0
ENSG00000279883	ENSG00000279883	GroupA_exclusive	TK92	SNV			1	0
ENSG00000279886	ENSG00000279886	GroupA_exclusive	TK18	SNV			1	0
ENSG00000279912	ENSG00000279912	GroupA_exclusive	TK93	SNV			1	0
ENSG00000279913	ENSG00000279913	GroupA_exclusive	TK93	SNV			1	0
ENSG00000279918	ENSG00000279918	GroupA_exclusive	TK92	SNV			1	0
ENSG00000279936	ENSG00000279936	GroupA_exclusive	TK91	SNV			1	0
ENSG00000279942	ENSG00000279942	GroupA_exclusive	TK92	SNV			1	0
ENSG00000279960	ENSG00000279960	GroupA_exclusive	TK16	SNV			1	0
ENSG00000279971	ENSG00000279971	GroupA_exclusive	TK92	INDEL			1	0
ENSG00000280000	ENSG00000280000	GroupA_exclusive	TK10	SNV			1	0
ENSG00000280009	ENSG00000280009	GroupA_exclusive	TK93	SNV			1	0
ENSG00000280083	ENSG00000280083	GroupA_exclusive	TK18	SNV			1	0
ENSG00000280092	ENSG00000280092	GroupA_exclusive	TK92	SNV			1	0
ENSG00000280098	ENSG00000280098	GroupA_exclusive	TK91	SNV			1	0
ENSG00000280108	ENSG00000280108	GroupA_exclusive	TK93	SNV			1	0
ENSG00000280135	ENSG00000280135	GroupA_exclusive	TK16	INDEL,SNV			1	0
ENSG00000280162	ENSG00000280162	GroupA_exclusive	TK93	SNV			1	0
ENSG00000280168	ENSG00000280168	GroupA_exclusive	TK10	SNV			1	0
ENSG00000280171	ENSG00000280171	GroupA_exclusive	TK93	INDEL,SNV			1	0
ENSG00000280181	ENSG00000280181	GroupA_exclusive	TK10	SNV			1	0
ENSG00000280207	ENSG00000280207	GroupA_exclusive	TK91	SNV			1	0
ENSG00000280219	ENSG00000280219	GroupA_exclusive	TK92	SNV			1	0
ENSG00000280223	ENSG00000280223	GroupA_exclusive	TK92	SNV			1	0
ENSG00000280227	ENSG00000280227	GroupA_exclusive	TK16	SNV			1	0
ENSG00000280228	ENSG00000280228	GroupA_exclusive	TK92	SNV			1	0
ENSG00000280249	ENSG00000280249	GroupA_exclusive	TK10	SNV			1	0
ENSG00000280282	ENSG00000280282	GroupA_exclusive	TK16	SNV			1	0
ENSG00000280285	ENSG00000280285	GroupA_exclusive	TK91	SNV			1	0
ENSG00000280339	ENSG00000280339	GroupA_exclusive	TK10	SNV			1	0
ENSG00000280376	ENSG00000280376	GroupA_exclusive	TK92	SNV			1	0
ENSG00000280381	ENSG00000280381	GroupA_exclusive	TK10	SNV			1	0
ENSG00000280392	ENSG00000280392	GroupA_exclusive	TK18	SNV			1	0
ENSG00000280401	ENSG00000280401	GroupA_exclusive	TK10	SNV			1	0
ENSG00000280405	ENSG00000280405	GroupA_exclusive	TK93	SNV			1	0
ENSG00000280408	ENSG00000280408	GroupA_exclusive	TK93	SNV			1	0
ENSG00000280415	ENSG00000280415	GroupA_exclusive	TK91	SNV			1	0
ENSG00000280419	ENSG00000280419	GroupA_exclusive	TK93	SNV			1	0
ENSG00000280440	ENSG00000280440	GroupA_exclusive	TK93	SNV			1	0
ENSG00000280449	ENSG00000280449	GroupA_exclusive	TK92	SNV			1	0
ENSG00000280485	ENSG00000280485	GroupA_exclusive	TK91	INDEL,SNV			1	0
ENSG00000280571	ENSG00000280571	GroupA_exclusive	TK92	SNV			1	0
ENSG00000280660	ENSG00000280660	GroupA_exclusive	TK91	SNV			1	0
ENSG00000280881	ENSG00000280881	GroupA_exclusive	TK91	SNV			1	0
ENSG00000281120	ENSG00000281120	GroupA_exclusive	TK93	SNV			1	0
ENSG00000281269	ENSG00000281269	GroupA_exclusive	TK92	SNV			1	0
ENSG00000281386	ENSG00000281386	GroupA_exclusive	TK93	SNV			1	0
ENSG00000281420	ENSG00000281420	GroupA_exclusive	TK91	SNV			1	0
ENSG00000281460	ENSG00000281460	GroupA_exclusive	TK18	SNV			1	0
ENSG00000281961	ENSG00000281961	GroupA_exclusive	TK93	SNV			1	0
ENSG00000282097	ENSG00000282097	GroupA_exclusive	TK93	SNV			1	0
ENSG00000282381	ENSG00000282381	GroupA_exclusive	TK10	SNV			1	0
ENSG00000282413	ENSG00000282413	GroupA_exclusive	TK91	SNV			1	0
ENSG00000282542	ENSG00000282542	GroupA_exclusive	TK16	SNV			1	0
ENSG00000282882	ENSG00000282882	GroupA_exclusive	TK10	SNV			1	0
ENSG00000282964	ENSG00000282964	GroupA_exclusive	TK16	SNV			1	0
ENSG00000283057	ENSG00000283057	GroupA_exclusive	TK93	SNV			1	0
ENSG00000283148	ENSG00000283148	GroupA_exclusive	TK10	SNV			1	0
ENSG00000283156	ENSG00000283156	GroupA_exclusive	TK18	SNV			1	0
ENSG00000283164	ENSG00000283164	GroupA_exclusive	TK16	SNV			1	0
ENSG00000283175	ENSG00000283175	GroupA_exclusive	TK91	SNV			1	0
ENSG00000283269	ENSG00000283269	GroupA_exclusive	TK92	SNV			1	0
ENSG00000283338	ENSG00000283338	GroupA_exclusive	TK93	SNV			1	0
ENSG00000283417	ENSG00000283417	GroupA_exclusive	TK10	SNV			1	0
ENSG00000283446	ENSG00000283446	GroupA_exclusive	TK91	SNV			1	0
ENSG00000283573	ENSG00000283573	GroupA_exclusive	TK10	SNV			1	0
ENSG00000283579	ENSG00000283579	GroupA_exclusive	TK10	SNV			1	0
ENSG00000283583	ENSG00000283583	GroupA_exclusive	TK91	SNV			1	0
ENSG00000283638	ENSG00000283638	GroupA_exclusive	TK10	SNV			1	0
ENSG00000283659	ENSG00000283659	GroupA_exclusive	TK92	SNV			1	0
ENSG00000283663	ENSG00000283663	GroupA_exclusive	TK10	SNV			1	0
ENSG00000283686	ENSG00000283686	GroupA_exclusive	TK93	SNV			1	0
ENSG00000283704	ENSG00000283704	GroupA_exclusive	TK10	SNV			1	0
ENSG00000283743	ENSG00000283743	GroupA_exclusive	TK16	SNV			1	0
ENSG00000283757	ENSG00000283757	GroupA_exclusive	TK16	SNV			1	0
ENSG00000284071	ENSG00000284071	GroupA_exclusive	TK92	SNV			1	0
ENSG00000284188	ENSG00000284188	GroupA_exclusive	TK10	SNV			1	0
ENSG00000284376	ENSG00000284376	GroupA_exclusive	TK10	SNV			1	0
ENSG00000284601	ENSG00000284601	GroupA_exclusive	TK10	SNV			1	0
ENSG00000284607	ENSG00000284607	GroupA_exclusive	TK18	SNV			1	0
ENSG00000284648	ENSG00000284648	GroupA_exclusive	TK92	SNV			1	0
ENSG00000284654	ENSG00000284654	GroupA_exclusive	TK16	SNV			1	0
ENSG00000284675	ENSG00000284675	GroupA_exclusive	TK91	SNV			1	0
ENSG00000284686	ENSG00000284686	GroupA_exclusive	TK92	SNV			1	0
ENSG00000284698	ENSG00000284698	GroupA_exclusive	TK93	SNV			1	0
ENSG00000284700	ENSG00000284700	GroupA_exclusive	TK16	SNV			1	0
ENSG00000284703	ENSG00000284703	GroupA_exclusive	TK93	SNV			1	0
ENSG00000284708	ENSG00000284708	GroupA_exclusive	TK10	SNV			1	0
ENSG00000284721	ENSG00000284721	GroupA_exclusive	TK93	SNV			1	0
ENSG00000284734	ENSG00000284734	GroupA_exclusive	TK10	SNV			1	0
ENSG00000284744	ENSG00000284744	GroupA_exclusive	TK92	SNV			1	0
ENSG00000284773	ENSG00000284773	GroupA_exclusive	TK10	SNV			1	0
ENSG00000284800	ENSG00000284800	GroupA_exclusive	TK91	SNV			1	0
ENSG00000284808	ENSG00000284808	GroupA_exclusive	TK10	SNV			1	0
ENSG00000284837	ENSG00000284837	GroupA_exclusive	TK16	SNV			1	0
ENSG00000284839	ENSG00000284839	GroupA_exclusive	TK91	SNV			1	0
ENSG00000284858	ENSG00000284858	GroupA_exclusive	TK93	SNV			1	0
ENSG00000284951	ENSG00000284951	GroupA_exclusive	TK10	SNV			1	0
ENSG00000285040	ENSG00000285040	GroupA_exclusive	TK92	SNV			1	0
ENSG00000285102	ENSG00000285102	GroupA_exclusive	TK10	SNV			1	0
ENSG00000285108	ENSG00000285108	GroupA_exclusive	TK10	INDEL,SNV			1	0
ENSG00000285191	ENSG00000285191	GroupA_exclusive	TK10	SNV			1	0
ENSG00000285303	ENSG00000285303	GroupA_exclusive	TK92	SNV			1	0
ENSG00000285347	ENSG00000285347	GroupA_exclusive	TK10	SNV			1	0
ENSG00000285374	ENSG00000285374	GroupA_exclusive	TK10	SNV			1	0
ENSG00000285402	ENSG00000285402	GroupA_exclusive	TK10	SNV			1	0
ENSG00000285409	ENSG00000285409	GroupA_exclusive	TK92	SNV			1	0
ENSG00000285483	ENSG00000285483	GroupA_exclusive	TK91	SNV			1	0
ENSG00000285520	ENSG00000285520	GroupA_exclusive	TK91	SNV			1	0
ENSG00000285540	ENSG00000285540	GroupA_exclusive	TK93	INDEL			1	0
ENSG00000285541	ENSG00000285541	GroupA_exclusive	TK92	SNV			1	0
ENSG00000285549	ENSG00000285549	GroupA_exclusive	TK92	SNV			1	0
ENSG00000285553	ENSG00000285553	GroupA_exclusive	TK91	SNV			1	0
ENSG00000285559	ENSG00000285559	GroupA_exclusive	TK92	SNV			1	0
ENSG00000285562	ENSG00000285562	GroupA_exclusive	TK10	SNV			1	0
ENSG00000285564	ENSG00000285564	GroupA_exclusive	TK18	SNV			1	0
ENSG00000285568	ENSG00000285568	GroupA_exclusive	TK10	SNV			1	0
ENSG00000285590	ENSG00000285590	GroupA_exclusive	TK10	SNV			1	0
ENSG00000285618	ENSG00000285618	GroupA_exclusive	TK10	INDEL			1	0
ENSG00000285622	ENSG00000285622	GroupA_exclusive	TK92	SNV			1	0
ENSG00000285640	ENSG00000285640	GroupA_exclusive	TK10	SNV			1	0
ENSG00000285642	ENSG00000285642	GroupA_exclusive	TK93	SNV			1	0
ENSG00000285647	ENSG00000285647	GroupA_exclusive	TK10	SNV			1	0
ENSG00000285649	ENSG00000285649	GroupA_exclusive	TK16	SNV			1	0
ENSG00000285654	ENSG00000285654	GroupA_exclusive	TK10	SNV			1	0
ENSG00000285663	ENSG00000285663	GroupA_exclusive	TK93	SNV			1	0
ENSG00000285664	ENSG00000285664	GroupA_exclusive	TK10	SNV			1	0
ENSG00000285671	ENSG00000285671	GroupA_exclusive	TK92	SNV			1	0
ENSG00000285698	ENSG00000285698	GroupA_exclusive	TK16	SNV			1	0
ENSG00000285738	ENSG00000285738	GroupA_exclusive	TK93	SNV			1	0
ENSG00000285743	ENSG00000285743	GroupA_exclusive	TK10	SNV			1	0
ENSG00000285750	ENSG00000285750	GroupA_exclusive	TK93	SNV			1	0
ENSG00000285751	ENSG00000285751	GroupA_exclusive	TK10	SNV			1	0
ENSG00000285764	ENSG00000285764	GroupA_exclusive	TK93	SNV			1	0
ENSG00000285772	ENSG00000285772	GroupA_exclusive	TK18	SNV			1	0
ENSG00000285773	ENSG00000285773	GroupA_exclusive	TK93	SNV			1	0
ENSG00000285789	ENSG00000285789	GroupA_exclusive	TK93	SNV			1	0
ENSG00000285805	ENSG00000285805	GroupA_exclusive	TK92	SNV			1	0
ENSG00000285809	ENSG00000285809	GroupA_exclusive	TK92	SNV			1	0
ENSG00000285813	ENSG00000285813	GroupA_exclusive	TK10	SNV			1	0
ENSG00000285855	ENSG00000285855	GroupA_exclusive	TK93	SNV			1	0
ENSG00000285860	ENSG00000285860	GroupA_exclusive	TK92	SNV			1	0
ENSG00000285880	ENSG00000285880	GroupA_exclusive	TK10	SNV			1	0
ENSG00000285881	ENSG00000285881	GroupA_exclusive	TK93	INDEL			1	0
ENSG00000285882	ENSG00000285882	GroupA_exclusive	TK91	SNV			1	0
ENSG00000285890	ENSG00000285890	GroupA_exclusive	TK92	SNV			1	0
ENSG00000285894	ENSG00000285894	GroupA_exclusive	TK93	SNV			1	0
ENSG00000285915	ENSG00000285915	GroupA_exclusive	TK10	SNV			1	0
ENSG00000285980	ENSG00000285980	GroupA_exclusive	TK92	SNV			1	0
ENSG00000285991	ENSG00000285991	GroupA_exclusive	TK91	SNV			1	0
ENSG00000285992	ENSG00000285992	GroupA_exclusive	TK92	SNV			1	0
ENSG00000285998	ENSG00000285998	GroupA_exclusive	TK92	SNV			1	0
ENSG00000286002	ENSG00000286002	GroupA_exclusive	TK93	SNV			1	0
ENSG00000286007	ENSG00000286007	GroupA_exclusive	TK91	SNV			1	0
ENSG00000286026	ENSG00000286026	GroupA_exclusive	TK92	SNV			1	0
ENSG00000286041	ENSG00000286041	GroupA_exclusive	TK91	SNV			1	0
ENSG00000286048	ENSG00000286048	GroupA_exclusive	TK10	SNV			1	0
ENSG00000286055	ENSG00000286055	GroupA_exclusive	TK93	SNV			1	0
ENSG00000286080	ENSG00000286080	GroupA_exclusive	TK10	SNV			1	0
ENSG00000286083	ENSG00000286083	GroupA_exclusive	TK91	SNV			1	0
ENSG00000286085	ENSG00000286085	GroupA_exclusive	TK92	SNV			1	0
ENSG00000286087	ENSG00000286087	GroupA_exclusive	TK10	SNV			1	0
ENSG00000286101	ENSG00000286101	GroupA_exclusive	TK10	SNV			1	0
ENSG00000286109	ENSG00000286109	GroupA_exclusive	TK91	SNV			1	0
ENSG00000286115	ENSG00000286115	GroupA_exclusive	TK10	SNV			1	0
ENSG00000286124	ENSG00000286124	GroupA_exclusive	TK18	SNV			1	0
ENSG00000286141	ENSG00000286141	GroupA_exclusive	TK91	SNV			1	0
ENSG00000286150	ENSG00000286150	GroupA_exclusive	TK16	SNV			1	0
ENSG00000286160	ENSG00000286160	GroupA_exclusive	TK92	SNV			1	0
ENSG00000286182	ENSG00000286182	GroupA_exclusive	TK10	SNV			1	0
ENSG00000286197	ENSG00000286197	GroupA_exclusive	TK10	SNV			1	0
ENSG00000286213	ENSG00000286213	GroupA_exclusive	TK92	SNV			1	0
ENSG00000286220	ENSG00000286220	GroupA_exclusive	TK16	SNV			1	0
ENSG00000286240	ENSG00000286240	GroupA_exclusive	TK10	SNV			1	0
ENSG00000286243	ENSG00000286243	GroupA_exclusive	TK93	SNV			1	0
ENSG00000286249	ENSG00000286249	GroupA_exclusive	TK91	SNV			1	0
ENSG00000286260	ENSG00000286260	GroupA_exclusive	TK18	SNV			1	0
ENSG00000286262	ENSG00000286262	GroupA_exclusive	TK93	SNV			1	0
ENSG00000286263	ENSG00000286263	GroupA_exclusive	TK10	SNV			1	0
ENSG00000286269	ENSG00000286269	GroupA_exclusive	TK93	SNV			1	0
ENSG00000286273	ENSG00000286273	GroupA_exclusive	TK93	SNV			1	0
ENSG00000286275	ENSG00000286275	GroupA_exclusive	TK16	SNV			1	0
ENSG00000286308	ENSG00000286308	GroupA_exclusive	TK91	SNV			1	0
ENSG00000286313	ENSG00000286313	GroupA_exclusive	TK92	SNV			1	0
ENSG00000286320	ENSG00000286320	GroupA_exclusive	TK91	SNV			1	0
ENSG00000286322	ENSG00000286322	GroupA_exclusive	TK91	SNV			1	0
ENSG00000286326	ENSG00000286326	GroupA_exclusive	TK18	SNV			1	0
ENSG00000286348	ENSG00000286348	GroupA_exclusive	TK91	SNV			1	0
ENSG00000286363	ENSG00000286363	GroupA_exclusive	TK92	SNV			1	0
ENSG00000286383	ENSG00000286383	GroupA_exclusive	TK10	SNV			1	0
ENSG00000286405	ENSG00000286405	GroupA_exclusive	TK92	SNV			1	0
ENSG00000286418	ENSG00000286418	GroupA_exclusive	TK93	SNV			1	0
ENSG00000286426	ENSG00000286426	GroupA_exclusive	TK91	SNV			1	0
ENSG00000286428	ENSG00000286428	GroupA_exclusive	TK10	SNV			1	0
ENSG00000286436	ENSG00000286436	GroupA_exclusive	TK93	SNV			1	0
ENSG00000286450	ENSG00000286450	GroupA_exclusive	TK92	SNV			1	0
ENSG00000286457	ENSG00000286457	GroupA_exclusive	TK93	SNV			1	0
ENSG00000286463	ENSG00000286463	GroupA_exclusive	TK93	SNV			1	0
ENSG00000286465	ENSG00000286465	GroupA_exclusive	TK92	INDEL			1	0
ENSG00000286468	ENSG00000286468	GroupA_exclusive	TK16	SNV			1	0
ENSG00000286474	ENSG00000286474	GroupA_exclusive	TK93	SNV			1	0
ENSG00000286476	ENSG00000286476	GroupA_exclusive	TK10	SNV			1	0
ENSG00000286486	ENSG00000286486	GroupA_exclusive	TK10	SNV			1	0
ENSG00000286490	ENSG00000286490	GroupA_exclusive	TK92	SNV			1	0
ENSG00000286502	ENSG00000286502	GroupA_exclusive	TK91	SNV			1	0
ENSG00000286514	ENSG00000286514	GroupA_exclusive	TK10	SNV			1	0
ENSG00000286519	ENSG00000286519	GroupA_exclusive	TK93	SNV			1	0
ENSG00000286547	ENSG00000286547	GroupA_exclusive	TK92	SNV			1	0
ENSG00000286558	ENSG00000286558	GroupA_exclusive	TK91	SNV			1	0
ENSG00000286559	ENSG00000286559	GroupA_exclusive	TK91	SNV			1	0
ENSG00000286566	ENSG00000286566	GroupA_exclusive	TK10	INDEL			1	0
ENSG00000286567	ENSG00000286567	GroupA_exclusive	TK93	SNV			1	0
ENSG00000286573	ENSG00000286573	GroupA_exclusive	TK92	SNV			1	0
ENSG00000286576	ENSG00000286576	GroupA_exclusive	TK91	SNV			1	0
ENSG00000286586	ENSG00000286586	GroupA_exclusive	TK92	SNV			1	0
ENSG00000286596	ENSG00000286596	GroupA_exclusive	TK93	SNV			1	0
ENSG00000286598	ENSG00000286598	GroupA_exclusive	TK92	SNV			1	0
ENSG00000286632	ENSG00000286632	GroupA_exclusive	TK10	SNV			1	0
ENSG00000286633	ENSG00000286633	GroupA_exclusive	TK16	SNV			1	0
ENSG00000286650	ENSG00000286650	GroupA_exclusive	TK10	SNV			1	0
ENSG00000286661	ENSG00000286661	GroupA_exclusive	TK10	SNV			1	0
ENSG00000286692	ENSG00000286692	GroupA_exclusive	TK92	SNV			1	0
ENSG00000286693	ENSG00000286693	GroupA_exclusive	TK91	SNV			1	0
ENSG00000286694	ENSG00000286694	GroupA_exclusive	TK93	SNV			1	0
ENSG00000286710	ENSG00000286710	GroupA_exclusive	TK92	SNV			1	0
ENSG00000286716	ENSG00000286716	GroupA_exclusive	TK91	SNV			1	0
ENSG00000286717	ENSG00000286717	GroupA_exclusive	TK92	SNV			1	0
ENSG00000286739	ENSG00000286739	GroupA_exclusive	TK92	SNV			1	0
ENSG00000286740	ENSG00000286740	GroupA_exclusive	TK92	SNV			1	0
ENSG00000286741	ENSG00000286741	GroupA_exclusive	TK91	SNV			1	0
ENSG00000286748	ENSG00000286748	GroupA_exclusive	TK10	SNV			1	0
ENSG00000286749	ENSG00000286749	GroupA_exclusive	TK93	SNV			1	0
ENSG00000286754	ENSG00000286754	GroupA_exclusive	TK91	SNV			1	0
ENSG00000286763	ENSG00000286763	GroupA_exclusive	TK10	SNV			1	0
ENSG00000286777	ENSG00000286777	GroupA_exclusive	TK92	SNV			1	0
ENSG00000286789	ENSG00000286789	GroupA_exclusive	TK92	SNV			1	0
ENSG00000286791	ENSG00000286791	GroupA_exclusive	TK10	SNV			1	0
ENSG00000286794	ENSG00000286794	GroupA_exclusive	TK91	SNV			1	0
ENSG00000286805	ENSG00000286805	GroupA_exclusive	TK92	SNV			1	0
ENSG00000286806	ENSG00000286806	GroupA_exclusive	TK93	SNV			1	0
ENSG00000286816	ENSG00000286816	GroupA_exclusive	TK10	SNV			1	0
ENSG00000286827	ENSG00000286827	GroupA_exclusive	TK91	SNV			1	0
ENSG00000286829	ENSG00000286829	GroupA_exclusive	TK91	SNV			1	0
ENSG00000286832	ENSG00000286832	GroupA_exclusive	TK93	SNV			1	0
ENSG00000286860	ENSG00000286860	GroupA_exclusive	TK91	SNV			1	0
ENSG00000286875	ENSG00000286875	GroupA_exclusive	TK92	SNV			1	0
ENSG00000286877	ENSG00000286877	GroupA_exclusive	TK91	SNV			1	0
ENSG00000286887	ENSG00000286887	GroupA_exclusive	TK18	SNV			1	0
ENSG00000286889	ENSG00000286889	GroupA_exclusive	TK10	SNV			1	0
ENSG00000286892	ENSG00000286892	GroupA_exclusive	TK91	SNV			1	0
ENSG00000286902	ENSG00000286902	GroupA_exclusive	TK92	SNV			1	0
ENSG00000286913	ENSG00000286913	GroupA_exclusive	TK93	SNV			1	0
ENSG00000286916	ENSG00000286916	GroupA_exclusive	TK92	SNV			1	0
ENSG00000286924	ENSG00000286924	GroupA_exclusive	TK10	SNV			1	0
ENSG00000286934	ENSG00000286934	GroupA_exclusive	TK10	SNV			1	0
ENSG00000286948	ENSG00000286948	GroupA_exclusive	TK91	SNV			1	0
ENSG00000286950	ENSG00000286950	GroupA_exclusive	TK16	SNV			1	0
ENSG00000286965	ENSG00000286965	GroupA_exclusive	TK92	SNV			1	0
ENSG00000286969	ENSG00000286969	GroupA_exclusive	TK91	SNV			1	0
ENSG00000286972	ENSG00000286972	GroupA_exclusive	TK10	SNV			1	0
ENSG00000286985	ENSG00000286985	GroupA_exclusive	TK10	SNV			1	0
ENSG00000286998	ENSG00000286998	GroupA_exclusive	TK18	SNV			1	0
ENSG00000287002	ENSG00000287002	GroupA_exclusive	TK92	SNV			1	0
ENSG00000287003	ENSG00000287003	GroupA_exclusive	TK93	SNV			1	0
ENSG00000287006	ENSG00000287006	GroupA_exclusive	TK10	SNV			1	0
ENSG00000287020	ENSG00000287020	GroupA_exclusive	TK92	SNV			1	0
ENSG00000287023	ENSG00000287023	GroupA_exclusive	TK10	SNV			1	0
ENSG00000287028	ENSG00000287028	GroupA_exclusive	TK18	INDEL,SNV			1	0
ENSG00000287040	ENSG00000287040	GroupA_exclusive	TK93	SNV			1	0
ENSG00000287051	ENSG00000287051	GroupA_exclusive	TK10	SNV			1	0
ENSG00000287052	ENSG00000287052	GroupA_exclusive	TK10	SNV			1	0
ENSG00000287057	ENSG00000287057	GroupA_exclusive	TK93	SNV			1	0
ENSG00000287062	ENSG00000287062	GroupA_exclusive	TK92	SNV			1	0
ENSG00000287066	ENSG00000287066	GroupA_exclusive	TK91	SNV			1	0
ENSG00000287068	ENSG00000287068	GroupA_exclusive	TK91	SNV			1	0
ENSG00000287085	ENSG00000287085	GroupA_exclusive	TK91	SNV			1	0
ENSG00000287107	ENSG00000287107	GroupA_exclusive	TK10	SNV			1	0
ENSG00000287108	ENSG00000287108	GroupA_exclusive	TK93	SNV			1	0
ENSG00000287118	ENSG00000287118	GroupA_exclusive	TK93	SNV			1	0
ENSG00000287123	ENSG00000287123	GroupA_exclusive	TK92	SNV			1	0
ENSG00000287131	ENSG00000287131	GroupA_exclusive	TK16	SNV			1	0
ENSG00000287135	ENSG00000287135	GroupA_exclusive	TK10	SNV			1	0
ENSG00000287137	ENSG00000287137	GroupA_exclusive	TK10	SNV			1	0
ENSG00000287145	ENSG00000287145	GroupA_exclusive	TK93	SNV			1	0
ENSG00000287160	ENSG00000287160	GroupA_exclusive	TK18	SNV			1	0
ENSG00000287161	ENSG00000287161	GroupA_exclusive	TK93	SNV			1	0
ENSG00000287162	ENSG00000287162	GroupA_exclusive	TK91	SNV			1	0
ENSG00000287172	ENSG00000287172	GroupA_exclusive	TK10	SNV			1	0
ENSG00000287174	ENSG00000287174	GroupA_exclusive	TK10	SNV			1	0
ENSG00000287175	ENSG00000287175	GroupA_exclusive	TK91	SNV			1	0
ENSG00000287178	ENSG00000287178	GroupA_exclusive	TK93	SNV			1	0
ENSG00000287184	ENSG00000287184	GroupA_exclusive	TK92	SNV			1	0
ENSG00000287189	ENSG00000287189	GroupA_exclusive	TK92	SNV			1	0
ENSG00000287196	ENSG00000287196	GroupA_exclusive	TK91	SNV			1	0
ENSG00000287210	ENSG00000287210	GroupA_exclusive	TK92	SNV			1	0
ENSG00000287211	ENSG00000287211	GroupA_exclusive	TK92	SNV			1	0
ENSG00000287213	ENSG00000287213	GroupA_exclusive	TK16	SNV			1	0
ENSG00000287214	ENSG00000287214	GroupA_exclusive	TK91	SNV			1	0
ENSG00000287220	ENSG00000287220	GroupA_exclusive	TK92	SNV			1	0
ENSG00000287230	ENSG00000287230	GroupA_exclusive	TK93	SNV			1	0
ENSG00000287251	ENSG00000287251	GroupA_exclusive	TK92	SNV			1	0
ENSG00000287290	ENSG00000287290	GroupA_exclusive	TK10	SNV			1	0
ENSG00000287310	ENSG00000287310	GroupA_exclusive	TK91	SNV			1	0
ENSG00000287320	ENSG00000287320	GroupA_exclusive	TK92	SNV			1	0
ENSG00000287325	ENSG00000287325	GroupA_exclusive	TK10	SNV			1	0
ENSG00000287342	ENSG00000287342	GroupA_exclusive	TK10	SNV			1	0
ENSG00000287347	ENSG00000287347	GroupA_exclusive	TK16	SNV			1	0
ENSG00000287368	ENSG00000287368	GroupA_exclusive	TK91	SNV			1	0
ENSG00000287372	ENSG00000287372	GroupA_exclusive	TK10	SNV			1	0
ENSG00000287411	ENSG00000287411	GroupA_exclusive	TK93	SNV			1	0
ENSG00000287416	ENSG00000287416	GroupA_exclusive	TK91	SNV			1	0
ENSG00000287424	ENSG00000287424	GroupA_exclusive	TK92	SNV			1	0
ENSG00000287442	ENSG00000287442	GroupA_exclusive	TK93	SNV			1	0
ENSG00000287448	ENSG00000287448	GroupA_exclusive	TK10	SNV			1	0
ENSG00000287455	ENSG00000287455	GroupA_exclusive	TK91	SNV			1	0
ENSG00000287458	ENSG00000287458	GroupA_exclusive	TK92	INDEL			1	0
ENSG00000287462	ENSG00000287462	GroupA_exclusive	TK93	INDEL			1	0
ENSG00000287463	ENSG00000287463	GroupA_exclusive	TK91	SNV			1	0
ENSG00000287464	ENSG00000287464	GroupA_exclusive	TK91	SNV			1	0
ENSG00000287472	ENSG00000287472	GroupA_exclusive	TK91	SNV			1	0
ENSG00000287482	ENSG00000287482	GroupA_exclusive	TK18	SNV			1	0
ENSG00000287492	ENSG00000287492	GroupA_exclusive	TK91	SNV			1	0
ENSG00000287509	ENSG00000287509	GroupA_exclusive	TK92	SNV			1	0
ENSG00000287512	ENSG00000287512	GroupA_exclusive	TK93	SNV			1	0
ENSG00000287528	ENSG00000287528	GroupA_exclusive	TK18	SNV			1	0
ENSG00000287545	ENSG00000287545	GroupA_exclusive	TK92	SNV			1	0
ENSG00000287561	ENSG00000287561	GroupA_exclusive	TK18	SNV			1	0
ENSG00000287575	ENSG00000287575	GroupA_exclusive	TK93	SNV			1	0
ENSG00000287581	ENSG00000287581	GroupA_exclusive	TK91	SNV			1	0
ENSG00000287588	ENSG00000287588	GroupA_exclusive	TK10	SNV			1	0
ENSG00000287596	ENSG00000287596	GroupA_exclusive	TK10	SNV			1	0
ENSG00000287598	ENSG00000287598	GroupA_exclusive	TK91	SNV			1	0
ENSG00000287605	ENSG00000287605	GroupA_exclusive	TK91	SNV			1	0
ENSG00000287610	ENSG00000287610	GroupA_exclusive	TK93	SNV			1	0
ENSG00000287611	ENSG00000287611	GroupA_exclusive	TK16	SNV			1	0
ENSG00000287617	ENSG00000287617	GroupA_exclusive	TK91	SNV			1	0
ENSG00000287618	ENSG00000287618	GroupA_exclusive	TK93	SNV			1	0
ENSG00000287636	ENSG00000287636	GroupA_exclusive	TK10	SNV			1	0
ENSG00000287653	ENSG00000287653	GroupA_exclusive	TK91	SNV			1	0
ENSG00000287662	ENSG00000287662	GroupA_exclusive	TK93	SNV			1	0
ENSG00000287664	ENSG00000287664	GroupA_exclusive	TK92	SNV			1	0
ENSG00000287693	ENSG00000287693	GroupA_exclusive	TK10	INDEL			1	0
ENSG00000287694	ENSG00000287694	GroupA_exclusive	TK10	SNV			1	0
ENSG00000287699	ENSG00000287699	GroupA_exclusive	TK18	SNV			1	0
ENSG00000287703	ENSG00000287703	GroupA_exclusive	TK92	SNV			1	0
ENSG00000287715	ENSG00000287715	GroupA_exclusive	TK18	SNV			1	0
ENSG00000287728	ENSG00000287728	GroupA_exclusive	TK92	SNV			1	0
ENSG00000287731	ENSG00000287731	GroupA_exclusive	TK93	SNV			1	0
ENSG00000287740	ENSG00000287740	GroupA_exclusive	TK10	SNV			1	0
ENSG00000287754	ENSG00000287754	GroupA_exclusive	TK10	SNV			1	0
ENSG00000287772	ENSG00000287772	GroupA_exclusive	TK92	SNV			1	0
ENSG00000287773	ENSG00000287773	GroupA_exclusive	TK16	SNV			1	0
ENSG00000287784	ENSG00000287784	GroupA_exclusive	TK10	SNV			1	0
ENSG00000287796	ENSG00000287796	GroupA_exclusive	TK92	SNV			1	0
ENSG00000287798	ENSG00000287798	GroupA_exclusive	TK92	SNV			1	0
ENSG00000287802	ENSG00000287802	GroupA_exclusive	TK92	SNV			1	0
ENSG00000287806	ENSG00000287806	GroupA_exclusive	TK92	SNV			1	0
ENSG00000287810	ENSG00000287810	GroupA_exclusive	TK91	SNV			1	0
ENSG00000287843	ENSG00000287843	GroupA_exclusive	TK91	INDEL			1	0
ENSG00000287850	ENSG00000287850	GroupA_exclusive	TK93	SNV			1	0
ENSG00000287886	ENSG00000287886	GroupA_exclusive	TK93	SNV			1	0
ENSG00000287898	ENSG00000287898	GroupA_exclusive	TK16	SNV			1	0
ENSG00000287913	ENSG00000287913	GroupA_exclusive	TK10	SNV			1	0
ENSG00000287914	ENSG00000287914	GroupA_exclusive	TK92	SNV			1	0
ENSG00000287946	ENSG00000287946	GroupA_exclusive	TK10	SNV			1	0
ENSG00000287956	ENSG00000287956	GroupA_exclusive	TK92	SNV			1	0
ENSG00000287971	ENSG00000287971	GroupA_exclusive	TK10	SNV			1	0
ENSG00000287983	ENSG00000287983	GroupA_exclusive	TK92	SNV			1	0
ENSG00000287992	ENSG00000287992	GroupA_exclusive	TK10	SNV			1	0
ENSG00000287994	ENSG00000287994	GroupA_exclusive	TK91	SNV			1	0
ENSG00000288010	ENSG00000288010	GroupA_exclusive	TK10	SNV			1	0
ENSG00000288013	ENSG00000288013	GroupA_exclusive	TK18	INDEL,SNV			1	0
ENSG00000288015	ENSG00000288015	GroupA_exclusive	TK93	SNV			1	0
ENSG00000288016	ENSG00000288016	GroupA_exclusive	TK92	INDEL,SNV			1	0
ENSG00000288059	ENSG00000288059	GroupA_exclusive	TK92	SNV			1	0
ENSG00000288072	ENSG00000288072	GroupA_exclusive	TK91	SNV			1	0
ENSG00000288074	ENSG00000288074	GroupA_exclusive	TK91	SNV			1	0
ENSG00000288077	ENSG00000288077	GroupA_exclusive	TK92	SNV			1	0
ENSG00000288089	ENSG00000288089	GroupA_exclusive	TK93	SNV			1	0
ENSG00000288090	ENSG00000288090	GroupA_exclusive	TK16	SNV			1	0
ENSG00000288528	ENSG00000288528	GroupA_exclusive	TK92	SNV			1	0
ENSG00000288530	ENSG00000288530	GroupA_exclusive	TK16	SNV			1	0
ENSG00000288536	ENSG00000288536	GroupA_exclusive	TK10	SNV			1	0
ENSG00000288555	ENSG00000288555	GroupA_exclusive	TK92	SNV			1	0
ENSG00000288566	ENSG00000288566	GroupA_exclusive	TK91	INDEL			1	0
ENSG00000288570	ENSG00000288570	GroupA_exclusive	TK93	SNV			1	0
ENSG00000288577	ENSG00000288577	GroupA_exclusive	TK10	SNV			1	0
ENSG00000288581	ENSG00000288581	GroupA_exclusive	TK92	SNV			1	0
ENSG00000288583	ENSG00000288583	GroupA_exclusive	TK92	SNV			1	0
ENSG00000288589	ENSG00000288589	GroupA_exclusive	TK18	INDEL			1	0
ENSG00000288595	ENSG00000288595	GroupA_exclusive	TK92	SNV			1	0
ENSG00000288597	ENSG00000288597	GroupA_exclusive	TK10	SNV			1	0
ENSG00000288634	ENSG00000288634	GroupA_exclusive	TK93	SNV			1	0
ENSG00000288690	ENSG00000288690	GroupA_exclusive	TK91	SNV			1	0
ENSG00000288696	ENSG00000288696	GroupA_exclusive	TK92	SNV			1	0
ENSG00000288706	ENSG00000288706	GroupA_exclusive	TK91	SNV			1	0
ENSG00000288726	ENSG00000288726	GroupA_exclusive	TK10	SNV			1	0
ENSG00000288763	ENSG00000288763	GroupA_exclusive	TK10	INDEL,SNV			1	0
ENSG00000288776	ENSG00000288776	GroupA_exclusive	TK93	SNV			1	0
ENSG00000288782	ENSG00000288782	GroupA_exclusive	TK18	SNV			1	0
ENSG00000288794	ENSG00000288794	GroupA_exclusive	TK91	SNV			1	0
ENSG00000288795	ENSG00000288795	GroupA_exclusive	TK16	SNV			1	0
ENSG00000288802	ENSG00000288802	GroupA_exclusive	TK18	INDEL,SNV			1	0
ENSG00000288809	ENSG00000288809	GroupA_exclusive	TK16	SNV			1	0
ENSG00000288822	ENSG00000288822	GroupA_exclusive	TK18	SNV			1	0
ENSG00000288831	ENSG00000288831	GroupA_exclusive	TK92	SNV			1	0
ENSG00000288862	ENSG00000288862	GroupA_exclusive	TK10	SNV			1	0
ENSG00000288874	ENSG00000288874	GroupA_exclusive	TK10	INDEL			1	0
ENSG00000288885	ENSG00000288885	GroupA_exclusive	TK91	SNV			1	0
ENSG00000288898	ENSG00000288898	GroupA_exclusive	TK92	INDEL,SNV			1	0
ENSG00000288901	ENSG00000288901	GroupA_exclusive	TK92	SNV			1	0
ENSG00000288907	ENSG00000288907	GroupA_exclusive	TK18	SNV			1	0
ENSG00000288948	ENSG00000288948	GroupA_exclusive	TK93	SNV			1	0
ENSG00000288955	ENSG00000288955	GroupA_exclusive	TK10	SNV			1	0
ENSG00000288970	ENSG00000288970	GroupA_exclusive	TK10	SNV			1	0
ENSG00000288987	ENSG00000288987	GroupA_exclusive	TK92	SNV			1	0
ENSG00000289000	ENSG00000289000	GroupA_exclusive	TK18	SNV			1	0
ENSG00000289008	ENSG00000289008	GroupA_exclusive	TK10	INDEL,SNV			1	0
ENSG00000289014	ENSG00000289014	GroupA_exclusive	TK92	SNV			1	0
ENSG00000289024	ENSG00000289024	GroupA_exclusive	TK92	SNV			1	0
ENSG00000289034	ENSG00000289034	GroupA_exclusive	TK92	SNV			1	0
ENSG00000289039	ENSG00000289039	GroupA_exclusive	TK93	SNV			1	0
ENSG00000289054	ENSG00000289054	GroupA_exclusive	TK92	SNV			1	0
ENSG00000289062	ENSG00000289062	GroupA_exclusive	TK18	SNV			1	0
ENSG00000289080	ENSG00000289080	GroupA_exclusive	TK18	SNV			1	0
ENSG00000289106	ENSG00000289106	GroupA_exclusive	TK18	SNV			1	0
ENSG00000289108	ENSG00000289108	GroupA_exclusive	TK93	SNV			1	0
ENSG00000289117	ENSG00000289117	GroupA_exclusive	TK10	INDEL,SNV			1	0
ENSG00000289120	ENSG00000289120	GroupA_exclusive	TK18	SNV			1	0
ENSG00000289139	ENSG00000289139	GroupA_exclusive	TK93	SNV			1	0
ENSG00000289146	ENSG00000289146	GroupA_exclusive	TK93	SNV			1	0
ENSG00000289150	ENSG00000289150	GroupA_exclusive	TK93	SNV			1	0
ENSG00000289160	ENSG00000289160	GroupA_exclusive	TK18	SNV			1	0
ENSG00000289171	ENSG00000289171	GroupA_exclusive	TK18	INDEL,SNV			1	0
ENSG00000289190	ENSG00000289190	GroupA_exclusive	TK92	SNV			1	0
ENSG00000289192	ENSG00000289192	GroupA_exclusive	TK92	SNV			1	0
ENSG00000289197	ENSG00000289197	GroupA_exclusive	TK92	SNV			1	0
ENSG00000289213	ENSG00000289213	GroupA_exclusive	TK18	SNV			1	0
ENSG00000289221	ENSG00000289221	GroupA_exclusive	TK93	SNV			1	0
ENSG00000289224	ENSG00000289224	GroupA_exclusive	TK92	SNV			1	0
ENSG00000289226	ENSG00000289226	GroupA_exclusive	TK93	SNV			1	0
ENSG00000289237	ENSG00000289237	GroupA_exclusive	TK10	SNV			1	0
ENSG00000289243	ENSG00000289243	GroupA_exclusive	TK92	SNV			1	0
ENSG00000289254	ENSG00000289254	GroupA_exclusive	TK91	SNV			1	0
ENSG00000289256	ENSG00000289256	GroupA_exclusive	TK18	SNV			1	0
ENSG00000289265	ENSG00000289265	GroupA_exclusive	TK92	SNV			1	0
ENSG00000289303	ENSG00000289303	GroupA_exclusive	TK16	SNV			1	0
ENSG00000289356	ENSG00000289356	GroupA_exclusive	TK18	SNV			1	0
ENSG00000289358	ENSG00000289358	GroupA_exclusive	TK93	SNV			1	0
ENSG00000289362	ENSG00000289362	GroupA_exclusive	TK91	SNV			1	0
ENSG00000289367	ENSG00000289367	GroupA_exclusive	TK10	SNV			1	0
ENSG00000289379	ENSG00000289379	GroupA_exclusive	TK93	SNV			1	0
ENSG00000289381	ENSG00000289381	GroupA_exclusive	TK93	SNV			1	0
ENSG00000289397	ENSG00000289397	GroupA_exclusive	TK10	SNV			1	0
ENSG00000289418	ENSG00000289418	GroupA_exclusive	TK18	SNV			1	0
ENSG00000289422	ENSG00000289422	GroupA_exclusive	TK93	SNV			1	0
ENSG00000289424	ENSG00000289424	GroupA_exclusive	TK16	SNV			1	0
ENSG00000289428	ENSG00000289428	GroupA_exclusive	TK18	INDEL,SNV			1	0
ENSG00000289430	ENSG00000289430	GroupA_exclusive	TK91	SNV			1	0
ENSG00000289438	ENSG00000289438	GroupA_exclusive	TK92	SNV			1	0
ENSG00000289442	ENSG00000289442	GroupA_exclusive	TK10	SNV			1	0
ENSG00000289460	ENSG00000289460	GroupA_exclusive	TK10	SNV			1	0
ENSG00000289461	ENSG00000289461	GroupA_exclusive	TK91	SNV			1	0
ENSG00000289472	ENSG00000289472	GroupA_exclusive	TK91	SNV			1	0
ENSG00000289482	ENSG00000289482	GroupA_exclusive	TK92	SNV			1	0
ENSG00000289484	ENSG00000289484	GroupA_exclusive	TK93	SNV			1	0
ENSG00000289508	ENSG00000289508	GroupA_exclusive	TK91	SNV			1	0
ENSG00000289518	ENSG00000289518	GroupA_exclusive	TK93	SNV			1	0
ENSG00000289533	ENSG00000289533	GroupA_exclusive	TK91	SNV			1	0
ENSG00000289541	ENSG00000289541	GroupA_exclusive	TK92	SNV			1	0
ENSG00000289551	ENSG00000289551	GroupA_exclusive	TK18	SNV			1	0
ENSG00000289577	ENSG00000289577	GroupA_exclusive	TK18	SNV			1	0
ENSG00000289579	ENSG00000289579	GroupA_exclusive	TK18	SNV			1	0
ENSG00000289608	ENSG00000289608	GroupA_exclusive	TK93	SNV			1	0
ENSG00000289618	ENSG00000289618	GroupA_exclusive	TK92	SNV			1	0
ENSG00000289634	ENSG00000289634	GroupA_exclusive	TK18	SNV			1	0
ENSG00000289636	ENSG00000289636	GroupA_exclusive	TK92	SNV			1	0
ENSG00000289764	ENSG00000289764	GroupA_exclusive	TK10	SNV			1	0
ENSG00000289831	ENSG00000289831	GroupA_exclusive	TK92	SNV			1	0
ENSG00000289847	ENSG00000289847	GroupA_exclusive	TK92	SNV			1	0
ENSG00000289859	ENSG00000289859	GroupA_exclusive	TK93	SNV			1	0
ENSG00000289873	ENSG00000289873	GroupA_exclusive	TK10	SNV			1	0
ENSG00000289874	ENSG00000289874	GroupA_exclusive	TK18	SNV			1	0
ENSG00000289875	ENSG00000289875	GroupA_exclusive	TK92	SNV			1	0
ENSG00000289879	ENSG00000289879	GroupA_exclusive	TK16	SNV			1	0
ENSG00000289889	ENSG00000289889	GroupA_exclusive	TK92	SNV			1	0
ENSG00000289893	ENSG00000289893	GroupA_exclusive	TK92	SNV			1	0
ENSG00000289902	ENSG00000289902	GroupA_exclusive	TK93	SNV			1	0
ENSG00000289959	ENSG00000289959	GroupA_exclusive	TK18	SNV			1	0
ENSG00000289968	ENSG00000289968	GroupA_exclusive	TK92	INDEL			1	0
ENSG00000289978	ENSG00000289978	GroupA_exclusive	TK10	SNV			1	0
ENSG00000289980	ENSG00000289980	GroupA_exclusive	TK91	SNV			1	0
ENSG00000289987	ENSG00000289987	GroupA_exclusive	TK91	SNV			1	0
ENSG00000289989	ENSG00000289989	GroupA_exclusive	TK93	SNV			1	0
ENSG00000290001	ENSG00000290001	GroupA_exclusive	TK91	INDEL			1	0
ENSG00000290013	ENSG00000290013	GroupA_exclusive	TK16	SNV			1	0
ENSG00000290014	ENSG00000290014	GroupA_exclusive	TK93	SNV			1	0
ENSG00000290023	ENSG00000290023	GroupA_exclusive	TK91	SNV			1	0
ENSG00000290034	ENSG00000290034	GroupA_exclusive	TK92	SNV			1	0
ENSG00000290036	ENSG00000290036	GroupA_exclusive	TK92	INDEL,SNV			1	0
ENSG00000290040	ENSG00000290040	GroupA_exclusive	TK18	SNV			1	0
ENSG00000290054	ENSG00000290054	GroupA_exclusive	TK18	SNV			1	0
ENSG00000290056	ENSG00000290056	GroupA_exclusive	TK91	SNV			1	0
ENSG00000290063	ENSG00000290063	GroupA_exclusive	TK18	SNV			1	0
ENSG00000290068	ENSG00000290068	GroupA_exclusive	TK91	SNV			1	0
ENSG00000290078	ENSG00000290078	GroupA_exclusive	TK16	SNV			1	0
ENSG00000290079	ENSG00000290079	GroupA_exclusive	TK92	SNV			1	0
ENSG00000290091	ENSG00000290091	GroupA_exclusive	TK18	SNV			1	0
ENSG00000290099	ENSG00000290099	GroupA_exclusive	TK16	SNV			1	0
ENSG00000290113	ENSG00000290113	GroupA_exclusive	TK10	SNV			1	0
ENSG00000290115	ENSG00000290115	GroupA_exclusive	TK18	SNV			1	0
ENSG00000290217	ENSG00000290217	GroupA_exclusive	TK93	SNV			1	0
ENSG00000290323	ENSG00000290323	GroupA_exclusive	TK92	SNV			1	0
ENSG00000290344	ENSG00000290344	GroupA_exclusive	TK18	INDEL,SNV			1	0
ENSG00000290384	ENSG00000290384	GroupA_exclusive	TK10	SNV			1	0
ENSG00000290411	ENSG00000290411	GroupA_exclusive	TK91	SNV			1	0
ENSG00000290416	ENSG00000290416	GroupA_exclusive	TK93	SNV			1	0
ENSG00000290423	ENSG00000290423	GroupA_exclusive	TK18	SNV			1	0
ENSG00000290424	ENSG00000290424	GroupA_exclusive	TK92	SNV			1	0
ENSG00000290437	ENSG00000290437	GroupA_exclusive	TK92	SNV			1	0
ENSG00000290461	ENSG00000290461	GroupA_exclusive	TK93	SNV			1	0
ENSG00000290536	ENSG00000290536	GroupA_exclusive	TK92	SNV			1	0
ENSG00000290551	ENSG00000290551	GroupA_exclusive	TK92	INDEL,SNV			1	0
ENSG00000290556	ENSG00000290556	GroupA_exclusive	TK93	SNV			1	0
ENSG00000290563	ENSG00000290563	GroupA_exclusive	TK10	SNV			1	0
ENSG00000290565	ENSG00000290565	GroupA_exclusive	TK92	SNV			1	0
ENSG00000290574	ENSG00000290574	GroupA_exclusive	TK18	INDEL			1	0
ENSG00000290577	ENSG00000290577	GroupA_exclusive	TK93	SNV			1	0
ENSG00000290579	ENSG00000290579	GroupA_exclusive	TK92	SNV			1	0
ENSG00000290580	ENSG00000290580	GroupA_exclusive	TK91	SNV			1	0
ENSG00000290586	ENSG00000290586	GroupA_exclusive	TK92	SNV			1	0
ENSG00000290589	ENSG00000290589	GroupA_exclusive	TK91	SNV			1	0
ENSG00000290591	ENSG00000290591	GroupA_exclusive	TK18	SNV			1	0
ENSG00000290595	ENSG00000290595	GroupA_exclusive	TK10	SNV			1	0
ENSG00000290601	ENSG00000290601	GroupA_exclusive	TK16	SNV			1	0
ENSG00000290606	ENSG00000290606	GroupA_exclusive	TK16	SNV			1	0
ENSG00000290643	ENSG00000290643	GroupA_exclusive	TK92	SNV			1	0
ENSG00000290651	ENSG00000290651	GroupA_exclusive	TK91	SNV			1	0
ENSG00000290652	ENSG00000290652	GroupA_exclusive	TK92	SNV			1	0
ENSG00000290680	ENSG00000290680	GroupA_exclusive	TK18	SNV			1	0
ENSG00000290688	ENSG00000290688	GroupA_exclusive	TK92	SNV			1	0
ENSG00000290702	ENSG00000290702	GroupA_exclusive	TK91	INDEL,SNV			1	0
ENSG00000290705	ENSG00000290705	GroupA_exclusive	TK10	SNV			1	0
ENSG00000290734	ENSG00000290734	GroupA_exclusive	TK92	SNV			1	0
ENSG00000290766	ENSG00000290766	GroupA_exclusive	TK91	SNV			1	0
ENSG00000290774	ENSG00000290774	GroupA_exclusive	TK93	INDEL,SNV			1	0
ENSG00000290787	ENSG00000290787	GroupA_exclusive	TK92	SNV			1	0
ENSG00000290791	ENSG00000290791	GroupA_exclusive	TK92	SNV			1	0
ENSG00000290793	ENSG00000290793	GroupA_exclusive	TK16	SNV			1	0
ENSG00000290796	ENSG00000290796	GroupA_exclusive	TK92	SNV			1	0
ENSG00000290801	ENSG00000290801	GroupA_exclusive	TK18	SNV			1	0
ENSG00000290812	ENSG00000290812	GroupA_exclusive	TK16	SNV			1	0
ENSG00000290828	ENSG00000290828	GroupA_exclusive	TK92	SNV			1	0
ENSG00000290832	ENSG00000290832	GroupA_exclusive	TK92	SNV			1	0
ENSG00000290852	ENSG00000290852	GroupA_exclusive	TK10	SNV			1	0
ENSG00000290855	ENSG00000290855	GroupA_exclusive	TK91	SNV			1	0
ENSG00000290887	ENSG00000290887	GroupA_exclusive	TK92	SNV			1	0
ENSG00000290890	ENSG00000290890	GroupA_exclusive	TK91	SNV			1	0
ENSG00000290914	ENSG00000290914	GroupA_exclusive	TK92	SNV			1	0
ENSG00000290944	ENSG00000290944	GroupA_exclusive	TK93	SNV			1	0
ENSG00000290984	ENSG00000290984	GroupA_exclusive	TK91	SNV			1	0
ENSG00000290990	ENSG00000290990	GroupA_exclusive	TK16	SNV			1	0
ENSG00000290998	ENSG00000290998	GroupA_exclusive	TK93	SNV			1	0
ENSG00000291022	ENSG00000291022	GroupA_exclusive	TK92	SNV			1	0
ENSG00000291025	ENSG00000291025	GroupA_exclusive	TK91	SNV			1	0
ENSG00000291041	ENSG00000291041	GroupA_exclusive	TK16	SNV			1	0
ENSG00000291065	ENSG00000291065	GroupA_exclusive	TK93	SNV			1	0
ENSG00000291066	ENSG00000291066	GroupA_exclusive	TK16	SNV			1	0
ENSG00000291130	ENSG00000291130	GroupA_exclusive	TK18	SNV			1	0
ENSG00000291132	ENSG00000291132	GroupA_exclusive	TK10	SNV			1	0
ENSG00000291142	ENSG00000291142	GroupA_exclusive	TK91	SNV			1	0
ENSG00000291179	ENSG00000291179	GroupA_exclusive	TK18	SNV			1	0
ENSG00000291189	ENSG00000291189	GroupA_exclusive	TK92	SNV			1	0
ENSG00000291199	ENSG00000291199	GroupA_exclusive	TK92	SNV			1	0
ENSG00000291214	ENSG00000291214	GroupA_exclusive	TK92	SNV			1	0
ENSG00000291216	ENSG00000291216	GroupA_exclusive	TK93	SNV			1	0
ENSG00000291225	ENSG00000291225	GroupA_exclusive	TK91	SNV			1	0
ENSG00000291226	ENSG00000291226	GroupA_exclusive	TK93	SNV			1	0
ENSG00000291227	ENSG00000291227	GroupA_exclusive	TK92	SNV			1	0
ENSG00000291228	ENSG00000291228	GroupA_exclusive	TK93	SNV			1	0
ENSG00000291235	ENSG00000291235	GroupA_exclusive	TK92	SNV			1	0
ENSG00000291236	ENSG00000291236	GroupA_exclusive	TK10	SNV			1	0
ENSG00000291242	ENSG00000291242	GroupA_exclusive	TK91	SNV			1	0
ENSG00000291261	ENSG00000291261	GroupA_exclusive	TK92	SNV			1	0
ENSG00000291277	ENSG00000291277	GroupA_exclusive	TK92	SNV			1	0
ENSG00000291284	ENSG00000291284	GroupA_exclusive	TK10	SNV			1	0
ENSG00000291285	ENSG00000291285	GroupA_exclusive	TK92	SNV			1	0
ENSG00000291308	ENSG00000291308	GroupA_exclusive	TK91	SNV			1	0
ENSG00000291310	ENSG00000291310	GroupA_exclusive	TK91	SNV			1	0
ENSG00000291325	ENSG00000291325	GroupA_exclusive	TK92	INDEL,SNV			1	0
ENSG00000291326	ENSG00000291326	GroupA_exclusive	TK92	SNV			1	0
ENSG00000176177	ENTHD1	GroupA_exclusive	TK93	SNV			1	0
ENSG00000256704	ENTR1P1	GroupA_exclusive	TK92	SNV			1	0
ENSG00000198758	EPS8L3	GroupA_exclusive	TK10	SNV			1	0
ENSG00000083782	EPYC	GroupA_exclusive	TK10	SNV			1	0
ENSG00000233847	ERCC8-AS1	GroupA_exclusive	TK92	SNV			1	0
ENSG00000249563	EVA1CP1	GroupA_exclusive	TK91	SNV			1	0
ENSG00000088926	F11	GroupA_exclusive	TK91	SNV			1	0
ENSG00000259308	FABP5P8	GroupA_exclusive	TK10	SNV			1	0
ENSG00000135472	FAIM2	GroupA_exclusive	TK10	SNV			1	0
ENSG00000168309	FAM107A	GroupA_exclusive	TK16	SNV			1	0
ENSG00000124019	FAM124B	GroupA_exclusive	TK91	SNV			1	0
ENSG00000256079	FAM133GP	GroupA_exclusive	TK91	SNV			1	0
ENSG00000230634	FAM136EP	GroupA_exclusive	TK91	SNV			1	0
ENSG00000234805	FAM151AP1	GroupA_exclusive	TK10	SNV			1	0
ENSG00000283597	FAM169BP	GroupA_exclusive	TK10	SNV			1	0
ENSG00000234736	FAM170B-AS1	GroupA_exclusive	TK93	SNV			1	0
ENSG00000262497	FAM187B2P	GroupA_exclusive	TK92	SNV			1	0
ENSG00000237765	FAM200B	GroupA_exclusive	TK16	SNV			1	0
ENSG00000213770	FAM210CP	GroupA_exclusive	TK91	SNV			1	0
ENSG00000233522	FAM224A	GroupA_exclusive	TK18	INDEL			1	0
ENSG00000277870	FAM230A	GroupA_exclusive	TK93	SNV			1	0
ENSG00000283329	FAM240B	GroupA_exclusive	TK18	SNV			1	0
ENSG00000285662	FAM245B	GroupA_exclusive	TK91	SNV			1	0
ENSG00000276430	FAM25C	GroupA_exclusive	TK92	SNV			1	0
ENSG00000189090	FAM25G	GroupA_exclusive	TK16	SNV			1	0
ENSG00000178130	FAM27E5	GroupA_exclusive	TK91	SNV			1	0
ENSG00000277988	FAM30B	GroupA_exclusive	TK93	SNV			1	0
ENSG00000230368	FAM41C	GroupA_exclusive	TK92	SNV			1	0
ENSG00000204949	FAM83A-AS1	GroupA_exclusive	TK10	SNV			1	0
ENSG00000289811	FAM95A	GroupA_exclusive	TK91	SNV			1	0
ENSG00000165323	FAT3	GroupA_exclusive	TK10	INDEL			1	0
ENSG00000237743	FBP2P1	GroupA_exclusive	TK10	SNV			1	0
ENSG00000241439	FBRSL1P1	GroupA_exclusive	TK91	SNV			1	0
ENSG00000162897	FCAMR	GroupA_exclusive	TK18	SNV			1	0
ENSG00000186431	FCAR	GroupA_exclusive	TK92	SNV			1	0
ENSG00000239997	FCF1P3	GroupA_exclusive	TK91	SNV			1	0
ENSG00000225671	FCF1P6	GroupA_exclusive	TK92	SNV			1	0
ENSG00000224727	FCF1P7	GroupA_exclusive	TK10	SNV			1	0
ENSG00000251111	FCF1P8	GroupA_exclusive	TK91	SNV			1	0
ENSG00000168496	FEN1	GroupA_exclusive	TK10	SNV			1	0
ENSG00000090512	FETUB	GroupA_exclusive	TK18	SNV			1	0
ENSG00000070193	FGF10	GroupA_exclusive	TK93	SNV			1	0
ENSG00000248464	FGF10-AS1	GroupA_exclusive	TK93	SNV			1	0
ENSG00000234445	FGF14-AS1	GroupA_exclusive	TK92	INDEL,SNV			1	0
ENSG00000137441	FGFBP2	GroupA_exclusive	TK91	SNV			1	0
ENSG00000239219	FHL1P1	GroupA_exclusive	TK16	SNV			1	0
ENSG00000077800	FKBP6	GroupA_exclusive	TK92	INDEL			1	0
ENSG00000228317	FKTN-AS1	GroupA_exclusive	TK92	SNV			1	0
ENSG00000224721	FLVCR2-AS1	GroupA_exclusive	TK92	SNV			1	0
ENSG00000234984	FMO10P	GroupA_exclusive	TK91	INDEL,SNV			1	0
ENSG00000230231	FMO7P	GroupA_exclusive	TK93	SNV			1	0
ENSG00000230022	FNTAP2	GroupA_exclusive	TK92	SNV			1	0
ENSG00000110203	FOLR3	GroupA_exclusive	TK10	SNV			1	0
ENSG00000176692	FOXC2	GroupA_exclusive	TK93	SNV			1	0
ENSG00000260944	FOXC2-AS1	GroupA_exclusive	TK93	SNV			1	0
ENSG00000206262	FOXL2NB	GroupA_exclusive	TK91	SNV			1	0
ENSG00000259073	FOXN3-AS2	GroupA_exclusive	TK92	SNV			1	0
ENSG00000229901	FOXO6-AS1	GroupA_exclusive	TK10	INDEL			1	0
ENSG00000179772	FOXS1	GroupA_exclusive	TK10	SNV			1	0
ENSG00000225350	FREM2-AS1	GroupA_exclusive	TK92	INDEL			1	0
ENSG00000232783	FRG2FP	GroupA_exclusive	TK18	SNV			1	0
ENSG00000290715	FRG2KP	GroupA_exclusive	TK91	SNV			1	0
ENSG00000150175	FRMPD2B	GroupA_exclusive	TK91	SNV			1	0
ENSG00000213362	FTH1P12	GroupA_exclusive	TK93	SNV			1	0
ENSG00000232792	FTH1P25	GroupA_exclusive	TK91	SNV			1	0
ENSG00000266989	FTLP5	GroupA_exclusive	TK91	INDEL			1	0
ENSG00000254984	FTLP6	GroupA_exclusive	TK93	SNV			1	0
ENSG00000232217	FTLP8	GroupA_exclusive	TK93	SNV			1	0
ENSG00000230590	FTX	GroupA_exclusive	TK92	SNV			1	0
ENSG00000227009	FUNDC2P4	GroupA_exclusive	TK92	SNV			1	0
ENSG00000130383	FUT5	GroupA_exclusive	TK10	SNV			1	0
ENSG00000234502	FYTTD1P1	GroupA_exclusive	TK10	SNV			1	0
ENSG00000131482	G6PC1	GroupA_exclusive	TK10	SNV			1	0
ENSG00000238244	GABARAPL3	GroupA_exclusive	TK10	SNV			1	0
ENSG00000166206	GABRB3	GroupA_exclusive	TK93	SNV			1	0
ENSG00000102287	GABRE	GroupA_exclusive	TK10	SNV			1	0
ENSG00000267382	GAD3P	GroupA_exclusive	TK92	SNV			1	0
ENSG00000205777	GAGE1	GroupA_exclusive	TK10	SNV			1	0
ENSG00000224659	GAGE12J	GroupA_exclusive	TK93	SNV			1	0
ENSG00000156958	GALK2	GroupA_exclusive	TK10	SNV			1	0
ENSG00000197487	GALP	GroupA_exclusive	TK92	SNV			1	0
ENSG00000213594	GAPDHP25	GroupA_exclusive	TK92	SNV			1	0
ENSG00000235868	GAPDHP31	GroupA_exclusive	TK92	SNV			1	0
ENSG00000248626	GAPDHP40	GroupA_exclusive	TK93	SNV			1	0
ENSG00000234285	GAPDHP49	GroupA_exclusive	TK91	SNV			1	0
ENSG00000236973	GAPDHP51	GroupA_exclusive	TK93	SNV			1	0
ENSG00000235076	GAPDHP52	GroupA_exclusive	TK10	SNV			1	0
ENSG00000224055	GAPDHP55	GroupA_exclusive	TK93	SNV			1	0
ENSG00000231739	GAPDHP59	GroupA_exclusive	TK91	SNV			1	0
ENSG00000248415	GAPDHP61	GroupA_exclusive	TK92	SNV			1	0
ENSG00000272795	GAR1-DT	GroupA_exclusive	TK18	SNV			1	0
ENSG00000162771	GARIN4	GroupA_exclusive	TK10	SNV			1	0
ENSG00000141448	GATA6	GroupA_exclusive	TK10	SNV			1	0
ENSG00000266010	GATA6-AS1	GroupA_exclusive	TK10	SNV			1	0
ENSG00000233611	GBX2-AS1	GroupA_exclusive	TK91	INDEL,SNV			1	0
ENSG00000156466	GDF6	GroupA_exclusive	TK10	SNV			1	0
ENSG00000235339	GEMIN2P2	GroupA_exclusive	TK93	SNV			1	0
ENSG00000152904	GGPS1	GroupA_exclusive	TK93	SNV			1	0
ENSG00000106128	GHRHR	GroupA_exclusive	TK93	SNV			1	0
ENSG00000135355	GJA10	GroupA_exclusive	TK10	SNV			1	0
ENSG00000169562	GJB1	GroupA_exclusive	TK92	SNV			1	0
ENSG00000189433	GJB4	GroupA_exclusive	TK16	SNV			1	0
ENSG00000189280	GJB5	GroupA_exclusive	TK91	SNV			1	0
ENSG00000229331	GK-IT1	GroupA_exclusive	TK18	SNV			1	0
ENSG00000237009	GLIS3-AS1	GroupA_exclusive	TK93	SNV			1	0
ENSG00000232879	GLRX5P2	GroupA_exclusive	TK10	INDEL			1	0
ENSG00000258544	GLRXP2	GroupA_exclusive	TK93	SNV			1	0
ENSG00000254572	GLULP3	GroupA_exclusive	TK91	SNV			1	0
ENSG00000178723	GLULP4	GroupA_exclusive	TK16	SNV			1	0
ENSG00000060558	GNA15	GroupA_exclusive	TK10	SNV			1	0
ENSG00000267551	GNA15-DT	GroupA_exclusive	TK10	SNV			1	0
ENSG00000087258	GNAO1	GroupA_exclusive	TK10	SNV			1	0
ENSG00000259844	GNPATP	GroupA_exclusive	TK18	SNV			1	0
ENSG00000290571	GOLGA2P5	GroupA_exclusive	TK18	SNV			1	0
ENSG00000225151	GOLGA2P7	GroupA_exclusive	TK92	SNV			1	0
ENSG00000215186	GOLGA6B	GroupA_exclusive	TK16	SNV			1	0
ENSG00000197092	GOLGA6L16P	GroupA_exclusive	TK93	SNV			1	0
ENSG00000277322	GOLGA6L6	GroupA_exclusive	TK16	INDEL,SNV			1	0
ENSG00000153684	GOLGA8F	GroupA_exclusive	TK91	SNV			1	0
ENSG00000179938	GOLGA8J	GroupA_exclusive	TK10	SNV			1	0
ENSG00000188626	GOLGA8M	GroupA_exclusive	TK93	SNV			1	0
ENSG00000261739	GOLGA8S	GroupA_exclusive	TK10	SNV			1	0
ENSG00000235984	GPC5-AS1	GroupA_exclusive	TK92	SNV			1	0
ENSG00000236520	GPC6-AS1	GroupA_exclusive	TK10	SNV			1	0
ENSG00000179600	GPHB5	GroupA_exclusive	TK18	SNV			1	0
ENSG00000232583	GPR143P	GroupA_exclusive	TK18	SNV			1	0
ENSG00000188373	GPR15LG	GroupA_exclusive	TK16	SNV			1	0
ENSG00000203363	GPR160P1	GroupA_exclusive	TK91	SNV			1	0
ENSG00000234696	GPR50-AS1	GroupA_exclusive	TK92	SNV			1	0
ENSG00000135898	GPR55	GroupA_exclusive	TK16	INDEL,SNV			1	0
ENSG00000235992	GRAMD4P2	GroupA_exclusive	TK92	SNV			1	0
ENSG00000266242	GRAMD4P7	GroupA_exclusive	TK18	SNV			1	0
ENSG00000228203	GRASLND	GroupA_exclusive	TK10	SNV			1	0
ENSG00000141449	GREB1L	GroupA_exclusive	TK91	SNV			1	0
ENSG00000259721	GREM1-AS1	GroupA_exclusive	TK10	SNV			1	0
ENSG00000234942	GRID1-AS1	GroupA_exclusive	TK91	SNV			1	0
ENSG00000275572	GRIFIN	GroupA_exclusive	TK91	SNV			1	0
ENSG00000273079	GRIN2B	GroupA_exclusive	TK91	SNV			1	0
ENSG00000234884	GRK3-AS1	GroupA_exclusive	TK93	SNV			1	0
ENSG00000196277	GRM7	GroupA_exclusive	TK10	SNV			1	0
ENSG00000225814	GRPEL2P2	GroupA_exclusive	TK93	SNV			1	0
ENSG00000225083	GRTP1-AS1	GroupA_exclusive	TK92	SNV			1	0
ENSG00000131149	GSE1	GroupA_exclusive	TK10	SNV			1	0
ENSG00000244067	GSTA2	GroupA_exclusive	TK10	SNV			1	0
ENSG00000174156	GSTA3	GroupA_exclusive	TK18	SNV			1	0
ENSG00000218803	GSTM2P1	GroupA_exclusive	TK92	SNV			1	0
ENSG00000251254	GTF2F2P1	GroupA_exclusive	TK93	SNV			1	0
ENSG00000213780	GTF2H4	GroupA_exclusive	TK92	SNV			1	0
ENSG00000270196	GTF3C6P3	GroupA_exclusive	TK10	SNV			1	0
ENSG00000124196	GTSF1L	GroupA_exclusive	TK18	SNV			1	0
ENSG00000132518	GUCY2D	GroupA_exclusive	TK93	SNV			1	0
ENSG00000243316	GUCY2GP	GroupA_exclusive	TK92	SNV			1	0
ENSG00000224723	GUSBP10	GroupA_exclusive	TK91	SNV			1	0
ENSG00000224458	GUSBP6	GroupA_exclusive	TK10	SNV			1	0
ENSG00000232433	GXYLT1P3	GroupA_exclusive	TK91	SNV			1	0
ENSG00000275026	GXYLT1P4	GroupA_exclusive	TK92	SNV			1	0
ENSG00000235310	GXYLT1P6	GroupA_exclusive	TK92	SNV			1	0
ENSG00000237099	GYG1P2	GroupA_exclusive	TK93	SNV			1	0
ENSG00000206159	GYG2P1	GroupA_exclusive	TK18	SNV			1	0
ENSG00000145649	GZMA	GroupA_exclusive	TK16	SNV			1	0
ENSG00000113088	GZMK	GroupA_exclusive	TK10	SNV			1	0
ENSG00000274183	H2AB1	GroupA_exclusive	TK93	SNV			1	0
ENSG00000276368	H2AC14	GroupA_exclusive	TK18	INDEL			1	0
ENSG00000184270	H2AC21	GroupA_exclusive	TK10	SNV			1	0
ENSG00000285944	H2AL1MP	GroupA_exclusive	TK92	SNV			1	0
ENSG00000253173	H2AZP2	GroupA_exclusive	TK91	SNV			1	0
ENSG00000273703	H2BC14	GroupA_exclusive	TK92	SNV			1	0
ENSG00000217646	H2BC16P	GroupA_exclusive	TK18	SNV			1	0
ENSG00000274641	H2BC17	GroupA_exclusive	TK16	SNV			1	0
ENSG00000180596	H2BC4	GroupA_exclusive	TK10	SNV			1	0
ENSG00000240912	H2BP3	GroupA_exclusive	TK16	SNV			1	0
ENSG00000275379	H3C11	GroupA_exclusive	TK91	SNV			1	0
ENSG00000277775	H3C7	GroupA_exclusive	TK18	SNV			1	0
ENSG00000230228	H3P1	GroupA_exclusive	TK91	SNV			1	0
ENSG00000275506	H3P25	GroupA_exclusive	TK93	SNV			1	0
ENSG00000276180	H4C9	GroupA_exclusive	TK18	SNV			1	0
ENSG00000173805	HAP1	GroupA_exclusive	TK10	SNV			1	0
ENSG00000224224	HAUS1P2	GroupA_exclusive	TK92	SNV			1	0
ENSG00000206172	HBA1	GroupA_exclusive	TK91	SNV			1	0
ENSG00000188536	HBA2	GroupA_exclusive	TK93	SNV			1	0
ENSG00000196917	HCAR1	GroupA_exclusive	TK10	SNV			1	0
ENSG00000234724	HDAC1P1	GroupA_exclusive	TK92	SNV			1	0
ENSG00000166503	HDGFL3	GroupA_exclusive	TK92	SNV			1	0
ENSG00000162669	HFM1	GroupA_exclusive	TK18	SNV			1	0
ENSG00000230970	HHATL-AS1	GroupA_exclusive	TK92	SNV			1	0
ENSG00000258978	HIF1AP1	GroupA_exclusive	TK93	SNV			1	0
ENSG00000254455	HIGD1AP10	GroupA_exclusive	TK93	SNV			1	0
ENSG00000258886	HIGD1AP17	GroupA_exclusive	TK93	SNV			1	0
ENSG00000290878	HLA-DRB6	GroupA_exclusive	TK92	SNV			1	0
ENSG00000261548	HLA-P	GroupA_exclusive	TK93	SNV			1	0
ENSG00000233440	HMGA1P6	GroupA_exclusive	TK10	SNV			1	0
ENSG00000230547	HMGB1P11	GroupA_exclusive	TK92	SNV			1	0
ENSG00000253770	HMGB1P23	GroupA_exclusive	TK93	SNV			1	0
ENSG00000254735	HMGB1P42	GroupA_exclusive	TK91	SNV			1	0
ENSG00000271237	HMGB1P50	GroupA_exclusive	TK91	SNV			1	0
ENSG00000224159	HMGB1P9	GroupA_exclusive	TK92	SNV			1	0
ENSG00000267736	HMGB2P1	GroupA_exclusive	TK91	SNV			1	0
ENSG00000225336	HMGB3P1	GroupA_exclusive	TK16	SNV			1	0
ENSG00000223656	HMGB3P10	GroupA_exclusive	TK10	SNV			1	0
ENSG00000231845	HMGB3P14	GroupA_exclusive	TK91	SNV			1	0
ENSG00000228808	HMGB3P4	GroupA_exclusive	TK10	SNV			1	0
ENSG00000237642	HMGB3P5	GroupA_exclusive	TK92	SNV			1	0
ENSG00000224040	HMGN1P4	GroupA_exclusive	TK92	SNV			1	0
ENSG00000241120	HMGN1P8	GroupA_exclusive	TK91	SNV			1	0
ENSG00000229072	HMGN2P24	GroupA_exclusive	TK92	SNV			1	0
ENSG00000236086	HMGN2P28	GroupA_exclusive	TK93	SNV			1	0
ENSG00000214195	HMGN2P31	GroupA_exclusive	TK18	SNV			1	0
ENSG00000231726	HMGN2P38	GroupA_exclusive	TK91	SNV			1	0
ENSG00000260602	HMGN2P40	GroupA_exclusive	TK91	SNV			1	0
ENSG00000261620	HMGN2P41	GroupA_exclusive	TK16	INDEL			1	0
ENSG00000158497	HMHB1	GroupA_exclusive	TK92	INDEL			1	0
ENSG00000215612	HMX1	GroupA_exclusive	TK16	SNV			1	0
ENSG00000101076	HNF4A	GroupA_exclusive	TK92	SNV			1	0
ENSG00000218347	HNRNPA1P1	GroupA_exclusive	TK92	SNV			1	0
ENSG00000231206	HNRNPA1P25	GroupA_exclusive	TK92	SNV			1	0
ENSG00000213778	HNRNPA1P32	GroupA_exclusive	TK91	SNV			1	0
ENSG00000213049	HNRNPA1P34	GroupA_exclusive	TK92	SNV			1	0
ENSG00000229534	HNRNPA1P53	GroupA_exclusive	TK10	SNV			1	0
ENSG00000259228	HNRNPA1P62	GroupA_exclusive	TK93	SNV			1	0
ENSG00000225636	HNRNPA3P15	GroupA_exclusive	TK92	SNV			1	0
ENSG00000143452	HORMAD1	GroupA_exclusive	TK16	SNV			1	0
ENSG00000176635	HORMAD2	GroupA_exclusive	TK92	SNV			1	0
ENSG00000197757	HOXC6	GroupA_exclusive	TK92	SNV			1	0
ENSG00000037965	HOXC8	GroupA_exclusive	TK10	INDEL			1	0
ENSG00000234520	HRAT17	GroupA_exclusive	TK91	SNV			1	0
ENSG00000196639	HRH1	GroupA_exclusive	TK91	SNV			1	0
ENSG00000288677	HRURF	GroupA_exclusive	TK91	SNV			1	0
ENSG00000171004	HS6ST2	GroupA_exclusive	TK10	SNV			1	0
ENSG00000166530	HSBP1P2	GroupA_exclusive	TK91	SNV			1	0
ENSG00000176387	HSD11B2	GroupA_exclusive	TK18	SNV			1	0
ENSG00000232283	HSD17B3-AS1	GroupA_exclusive	TK18	SNV			1	0
ENSG00000290439	HSD17B7P2	GroupA_exclusive	TK92	SNV			1	0
ENSG00000203859	HSD3B2	GroupA_exclusive	TK92	INDEL			1	0
ENSG00000181359	HSP90AA6P	GroupA_exclusive	TK91	SNV			1	0
ENSG00000216990	HSPD1P10	GroupA_exclusive	TK92	SNV			1	0
ENSG00000255964	HSPD1P12	GroupA_exclusive	TK93	INDEL,SNV			1	0
ENSG00000255403	HSPD1P13	GroupA_exclusive	TK92	SNV			1	0
ENSG00000218792	HSPD1P16	GroupA_exclusive	TK92	SNV			1	0
ENSG00000255128	HSPD1P3	GroupA_exclusive	TK92	SNV			1	0
ENSG00000215005	HSPD1P7	GroupA_exclusive	TK10	SNV			1	0
ENSG00000271612	HSPE1P14	GroupA_exclusive	TK10	SNV			1	0
ENSG00000230081	HSPE1P28	GroupA_exclusive	TK92	SNV			1	0
ENSG00000223457	HTATSF1P1	GroupA_exclusive	TK92	SNV			1	0
ENSG00000126550	HTN1	GroupA_exclusive	TK93	SNV			1	0
ENSG00000205649	HTN3	GroupA_exclusive	TK92	SNV			1	0
ENSG00000168830	HTR1E	GroupA_exclusive	TK92	SNV			1	0
ENSG00000102468	HTR2A	GroupA_exclusive	TK92	SNV			1	0
ENSG00000186038	HTR3E	GroupA_exclusive	TK92	INDEL,SNV			1	0
ENSG00000125631	HTR5BP	GroupA_exclusive	TK91	SNV			1	0
ENSG00000148680	HTR7	GroupA_exclusive	TK91	INDEL,SNV			1	0
ENSG00000106302	HYAL4	GroupA_exclusive	TK91	SNV			1	0
ENSG00000242705	ICE2P2	GroupA_exclusive	TK91	SNV			1	0
ENSG00000196114	IFITM3P3	GroupA_exclusive	TK10	SNV			1	0
ENSG00000238168	IFITM3P5	GroupA_exclusive	TK91	SNV			1	0
ENSG00000215096	IFITM8P	GroupA_exclusive	TK91	SNV			1	0
ENSG00000213275	IFITM9P	GroupA_exclusive	TK91	SNV			1	0
ENSG00000226393	IFNA20P	GroupA_exclusive	TK18	SNV			1	0
ENSG00000137080	IFNA21	GroupA_exclusive	TK91	SNV			1	0
ENSG00000171855	IFNB1	GroupA_exclusive	TK10	SNV			1	0
ENSG00000268510	IFNL3P1	GroupA_exclusive	TK10	SNV			1	0
ENSG00000177047	IFNW1	GroupA_exclusive	TK91	SNV			1	0
ENSG00000250939	IFT122P1	GroupA_exclusive	TK91	SNV			1	0
ENSG00000266826	IGBP1C	GroupA_exclusive	TK92	SNV			1	0
ENSG00000159217	IGF2BP1	GroupA_exclusive	TK10	SNV			1	0
ENSG00000211912	IGHD2-21	GroupA_exclusive	TK18	SNV			1	0
ENSG00000211921	IGHD5-12	GroupA_exclusive	TK10	SNV			1	0
ENSG00000280411	IGHV1-69D	GroupA_exclusive	TK16	SNV			1	0
ENSG00000274576	IGHV2-70	GroupA_exclusive	TK16	SNV			1	0
ENSG00000211943	IGHV3-15	GroupA_exclusive	TK91	SNV			1	0
ENSG00000225698	IGHV3-72	GroupA_exclusive	TK16	SNV			1	0
ENSG00000254395	IGHV4-55	GroupA_exclusive	TK16	INDEL,SNV			1	0
ENSG00000211970	IGHV4-61	GroupA_exclusive	TK10	SNV			1	0
ENSG00000211979	IGHV7-81	GroupA_exclusive	TK16	SNV			1	0
ENSG00000283607	IGHVII-30-21	GroupA_exclusive	TK93	INDEL			1	0
ENSG00000253294	IGHVII-40-1	GroupA_exclusive	TK92	SNV			1	0
ENSG00000254329	IGHVII-60-1	GroupA_exclusive	TK10	SNV			1	0
ENSG00000253989	IGHVIII-38-1	GroupA_exclusive	TK10	SNV			1	0
ENSG00000253497	IGKV1-13	GroupA_exclusive	TK10	SNV			1	0
ENSG00000276566	IGKV1D-13	GroupA_exclusive	TK10	INDEL,SNV			1	0
ENSG00000211675	IGLC1	GroupA_exclusive	TK18	SNV			1	0
ENSG00000254029	IGLC4	GroupA_exclusive	TK93	SNV			1	0
ENSG00000271093	IGLCOR22-2	GroupA_exclusive	TK93	SNV			1	0
ENSG00000211676	IGLJ2	GroupA_exclusive	TK10	INDEL,SNV			1	0
ENSG00000211668	IGLV2-11	GroupA_exclusive	TK92	SNV			1	0
ENSG00000211669	IGLV3-10	GroupA_exclusive	TK92	SNV			1	0
ENSG00000211663	IGLV3-19	GroupA_exclusive	TK16	SNV			1	0
ENSG00000253920	IGLV3-31	GroupA_exclusive	TK92	SNV			1	0
ENSG00000211652	IGLV7-43	GroupA_exclusive	TK16	SNV			1	0
ENSG00000254308	IGLVIV-59	GroupA_exclusive	TK16	SNV			1	0
ENSG00000123496	IL13RA2	GroupA_exclusive	TK91	SNV			1	0
ENSG00000115607	IL18RAP	GroupA_exclusive	TK10	SNV			1	0
ENSG00000115598	IL1RL2	GroupA_exclusive	TK91	INDEL,SNV			1	0
ENSG00000162891	IL20	GroupA_exclusive	TK10	SNV			1	0
ENSG00000197272	IL27	GroupA_exclusive	TK91	SNV			1	0
ENSG00000137033	IL33	GroupA_exclusive	TK18	SNV			1	0
ENSG00000227513	ILRUNP1	GroupA_exclusive	TK92	SNV			1	0
ENSG00000271098	IMMP1LP3	GroupA_exclusive	TK91	SNV			1	0
ENSG00000239722	IMP3P2	GroupA_exclusive	TK92	SNV			1	0
ENSG00000261647	IMPDH1P11	GroupA_exclusive	TK91	SNV			1	0
ENSG00000259521	INO80-AS1	GroupA_exclusive	TK93	SNV			1	0
ENSG00000168348	INSM2	GroupA_exclusive	TK92	SNV			1	0
ENSG00000226507	IPMKP1	GroupA_exclusive	TK92	SNV			1	0
ENSG00000196497	IPO4	GroupA_exclusive	TK18	SNV			1	0
ENSG00000225585	IPPKP1	GroupA_exclusive	TK91	SNV			1	0
ENSG00000170561	IRX2	GroupA_exclusive	TK18	SNV			1	0
ENSG00000186493	IRX2-DT	GroupA_exclusive	TK18	SNV			1	0
ENSG00000055955	ITIH4	GroupA_exclusive	TK92	INDEL			1	0
ENSG00000183560	IZUMO1R	GroupA_exclusive	TK91	SNV			1	0
ENSG00000249896	JAKMIP1-DT	GroupA_exclusive	TK10	SNV			1	0
ENSG00000253655	JCHAINP1	GroupA_exclusive	TK92	SNV			1	0
ENSG00000233603	JTBP1	GroupA_exclusive	TK93	SNV			1	0
ENSG00000146049	KAAG1	GroupA_exclusive	TK92	SNV			1	0
ENSG00000253764	KBTBD11-AS1	GroupA_exclusive	TK18	SNV			1	0
ENSG00000169282	KCNAB1	GroupA_exclusive	TK16	SNV			1	0
ENSG00000159197	KCNE2	GroupA_exclusive	TK10	SNV			1	0
ENSG00000175538	KCNE3	GroupA_exclusive	TK10	SNV			1	0
ENSG00000184611	KCNH7	GroupA_exclusive	TK92	SNV			1	0
ENSG00000253647	KCNIP1-OT1	GroupA_exclusive	TK93	SNV			1	0
ENSG00000153822	KCNJ16	GroupA_exclusive	TK18	INDEL,SNV			1	0
ENSG00000225652	KCNMA1-AS3	GroupA_exclusive	TK91	INDEL,SNV			1	0
ENSG00000237941	KCNQ1DN	GroupA_exclusive	TK93	SNV			1	0
ENSG00000156486	KCNS2	GroupA_exclusive	TK91	SNV			1	0
ENSG00000264714	KIAA0895LP1	GroupA_exclusive	TK92	INDEL			1	0
ENSG00000229921	KIF25-AS1	GroupA_exclusive	TK18	SNV			1	0
ENSG00000168280	KIF5C	GroupA_exclusive	TK91	SNV			1	0
ENSG00000226520	KIRREL1-IT1	GroupA_exclusive	TK93	SNV			1	0
ENSG00000254960	KIRREL3-AS2	GroupA_exclusive	TK92	SNV			1	0
ENSG00000170498	KISS1	GroupA_exclusive	TK10	SNV			1	0
ENSG00000254855	KLC2-AS1	GroupA_exclusive	TK16	SNV			1	0
ENSG00000171872	KLF17	GroupA_exclusive	TK93	SNV			1	0
ENSG00000258316	KLF17P1	GroupA_exclusive	TK91	SNV			1	0
ENSG00000267275	KLF2-DT	GroupA_exclusive	TK91	SNV			1	0
ENSG00000236516	KLF2P4	GroupA_exclusive	TK18	SNV			1	0
ENSG00000213022	KLK9	GroupA_exclusive	TK91	INDEL			1	0
ENSG00000245648	KLRK1-AS1	GroupA_exclusive	TK10	SNV			1	0
ENSG00000278273	KMT2CP1	GroupA_exclusive	TK92	SNV			1	0
ENSG00000276756	KMT2CP2	GroupA_exclusive	TK91	SNV			1	0
ENSG00000274927	KMT2CP3	GroupA_exclusive	TK92	SNV			1	0
ENSG00000162456	KNCN	GroupA_exclusive	TK10	SNV			1	0
ENSG00000213754	KPNA4P1	GroupA_exclusive	TK92	SNV			1	0
ENSG00000220635	KRASP1	GroupA_exclusive	TK93	SNV			1	0
ENSG00000187242	KRT12	GroupA_exclusive	TK92	SNV			1	0
ENSG00000131885	KRT17P1	GroupA_exclusive	TK92	SNV			1	0
ENSG00000231645	KRT17P6	GroupA_exclusive	TK92	SNV			1	0
ENSG00000213943	KRT18P17	GroupA_exclusive	TK10	SNV			1	0
ENSG00000261764	KRT18P18	GroupA_exclusive	TK91	SNV			1	0
ENSG00000226234	KRT18P24	GroupA_exclusive	TK92	SNV			1	0
ENSG00000214533	KRT18P33	GroupA_exclusive	TK92	SNV			1	0
ENSG00000237007	KRT18P52	GroupA_exclusive	TK16	INDEL			1	0
ENSG00000250834	KRT18P54	GroupA_exclusive	TK18	SNV			1	0
ENSG00000233471	KRT18P62	GroupA_exclusive	TK92	SNV			1	0
ENSG00000249681	KRT19P3	GroupA_exclusive	TK92	SNV			1	0
ENSG00000249891	KRT19P6	GroupA_exclusive	TK91	SNV			1	0
ENSG00000213538	KRT8P41	GroupA_exclusive	TK92	SNV			1	0
ENSG00000218186	KRT8P43	GroupA_exclusive	TK92	SNV			1	0
ENSG00000227913	KRT8P44	GroupA_exclusive	TK93	SNV			1	0
ENSG00000224520	KRT8P45	GroupA_exclusive	TK18	SNV			1	0
ENSG00000232479	KRT8P52	GroupA_exclusive	TK92	SNV			1	0
ENSG00000182591	KRTAP11-1	GroupA_exclusive	TK18	SNV			1	0
ENSG00000105700	KXD1	GroupA_exclusive	TK10	SNV			1	0
ENSG00000265698	LARP7P3	GroupA_exclusive	TK91	SNV			1	0
ENSG00000186207	LCE5A	GroupA_exclusive	TK10	SNV			1	0
ENSG00000204031	LCN1P2	GroupA_exclusive	TK10	SNV			1	0
ENSG00000148386	LCN9	GroupA_exclusive	TK18	SNV			1	0
ENSG00000270098	LDHAL6EP	GroupA_exclusive	TK93	SNV			1	0
ENSG00000217783	LDHAL6FP	GroupA_exclusive	TK92	SNV			1	0
ENSG00000251587	LDHAP1	GroupA_exclusive	TK93	SNV			1	0
ENSG00000232662	LDHBP1	GroupA_exclusive	TK92	INDEL			1	0
ENSG00000226235	LEMD1-AS1	GroupA_exclusive	TK92	INDEL			1	0
ENSG00000213921	LEUTX	GroupA_exclusive	TK10	SNV			1	0
ENSG00000105198	LGALS13	GroupA_exclusive	TK91	SNV			1	0
ENSG00000106689	LHX2	GroupA_exclusive	TK10	SNV			1	0
ENSG00000257935	LHX5-AS1	GroupA_exclusive	TK16	SNV			1	0
ENSG00000223806	LINC00114	GroupA_exclusive	TK10	SNV			1	0
ENSG00000215162	LINC00269	GroupA_exclusive	TK91	SNV			1	0
ENSG00000230448	LINC00276	GroupA_exclusive	TK16	SNV			1	0
ENSG00000286217	LINC00279	GroupA_exclusive	TK10	SNV			1	0
ENSG00000176754	LINC00303	GroupA_exclusive	TK10	SNV			1	0
ENSG00000226846	LINC00348	GroupA_exclusive	TK10	SNV			1	0
ENSG00000231238	LINC00349	GroupA_exclusive	TK93	SNV			1	0
ENSG00000229557	LINC00379	GroupA_exclusive	TK92	SNV			1	0
ENSG00000229175	LINC00382	GroupA_exclusive	TK10	SNV			1	0
ENSG00000231983	LINC00415	GroupA_exclusive	TK91	SNV			1	0
ENSG00000234660	LINC00440	GroupA_exclusive	TK18	SNV			1	0
ENSG00000233124	LINC00456	GroupA_exclusive	TK10	SNV			1	0
ENSG00000225511	LINC00475	GroupA_exclusive	TK10	SNV			1	0
ENSG00000225759	LINC00489	GroupA_exclusive	TK10	SNV			1	0
ENSG00000248397	LINC00498	GroupA_exclusive	TK91	INDEL,SNV			1	0
ENSG00000224851	LINC00502	GroupA_exclusive	TK92	SNV			1	0
ENSG00000249917	LINC00536	GroupA_exclusive	TK93	SNV			1	0
ENSG00000276476	LINC00540	GroupA_exclusive	TK10	SNV			1	0
ENSG00000260704	LINC00543	GroupA_exclusive	TK93	SNV			1	0
ENSG00000280989	LINC00581	GroupA_exclusive	TK93	SNV			1	0
ENSG00000248307	LINC00616	GroupA_exclusive	TK16	SNV			1	0
ENSG00000224514	LINC00620	GroupA_exclusive	TK18	SNV			1	0
ENSG00000233208	LINC00642	GroupA_exclusive	TK92	SNV			1	0
ENSG00000234854	LINC00676	GroupA_exclusive	TK10	SNV			1	0
ENSG00000224382	LINC00703	GroupA_exclusive	TK10	SNV			1	0
ENSG00000281186	LINC00706	GroupA_exclusive	TK10	SNV			1	0
ENSG00000230014	LINC00709	GroupA_exclusive	TK93	SNV			1	0
ENSG00000280809	LINC00836	GroupA_exclusive	TK92	SNV			1	0
ENSG00000237949	LINC00844	GroupA_exclusive	TK10	SNV			1	0
ENSG00000267535	LINC00868	GroupA_exclusive	TK92	SNV			1	0
ENSG00000242385	LINC00901	GroupA_exclusive	TK18	SNV			1	0
ENSG00000258647	LINC00930	GroupA_exclusive	TK10	SNV			1	0
ENSG00000249346	LINC01016	GroupA_exclusive	TK92	SNV			1	0
ENSG00000271216	LINC01050	GroupA_exclusive	TK10	SNV			1	0
ENSG00000234767	LINC01052	GroupA_exclusive	TK91	SNV			1	0
ENSG00000238169	LINC01053	GroupA_exclusive	TK18	SNV			1	0
ENSG00000236053	LINC01067	GroupA_exclusive	TK91	SNV			1	0
ENSG00000260102	LINC01070	GroupA_exclusive	TK18	SNV			1	0
ENSG00000230142	LINC01075	GroupA_exclusive	TK91	SNV			1	0
ENSG00000223880	LINC01078	GroupA_exclusive	TK92	SNV			1	0
ENSG00000229609	LINC01079	GroupA_exclusive	TK93	SNV			1	0
ENSG00000242107	LINC01100	GroupA_exclusive	TK92	SNV			1	0
ENSG00000271167	LINC01109	GroupA_exclusive	TK18	SNV			1	0
ENSG00000205054	LINC01121	GroupA_exclusive	TK16	SNV			1	0
ENSG00000222033	LINC01124	GroupA_exclusive	TK10	SNV			1	0
ENSG00000272419	LINC01145	GroupA_exclusive	TK92	SNV			1	0
ENSG00000229671	LINC01150	GroupA_exclusive	TK16	SNV			1	0
ENSG00000232790	LINC01162	GroupA_exclusive	TK10	SNV			1	0
ENSG00000280953	LINC01163	GroupA_exclusive	TK10	SNV			1	0
ENSG00000240707	LINC01168	GroupA_exclusive	TK92	SNV			1	0
ENSG00000280744	LINC01173	GroupA_exclusive	TK10	SNV			1	0
ENSG00000269416	LINC01224	GroupA_exclusive	TK93	INDEL			1	0
ENSG00000267252	LINC01255	GroupA_exclusive	TK10	SNV			1	0
ENSG00000254344	LINC01288	GroupA_exclusive	TK10	SNV			1	0
ENSG00000204792	LINC01291	GroupA_exclusive	TK16	SNV			1	0
ENSG00000253351	LINC01298	GroupA_exclusive	TK10	SNV			1	0
ENSG00000241669	LINC01327	GroupA_exclusive	TK91	SNV			1	0
ENSG00000237290	LINC01343	GroupA_exclusive	TK16	SNV			1	0
ENSG00000228309	LINC01350	GroupA_exclusive	TK92	SNV			1	0
ENSG00000224167	LINC01357	GroupA_exclusive	TK92	SNV			1	0
ENSG00000230817	LINC01362	GroupA_exclusive	TK10	SNV			1	0
ENSG00000251324	LINC01386	GroupA_exclusive	TK93	SNV			1	0
ENSG00000236078	LINC01447	GroupA_exclusive	TK10	SNV			1	0
ENSG00000238284	LINC01448	GroupA_exclusive	TK93	SNV			1	0
ENSG00000279141	LINC01451	GroupA_exclusive	TK92	SNV			1	0
ENSG00000234506	LINC01506	GroupA_exclusive	TK93	SNV			1	0
ENSG00000237267	LINC01519	GroupA_exclusive	TK92	SNV			1	0
ENSG00000230962	LINC01520	GroupA_exclusive	TK10	SNV			1	0
ENSG00000267779	LINC01533	GroupA_exclusive	TK10	SNV			1	0
ENSG00000228459	LINC01546	GroupA_exclusive	TK10	INDEL			1	0
ENSG00000204709	LINC01556	GroupA_exclusive	TK91	SNV			1	0
ENSG00000236819	LINC01563	GroupA_exclusive	TK16	INDEL,SNV			1	0
ENSG00000260057	LINC01571	GroupA_exclusive	TK91	SNV			1	0
ENSG00000258785	LINC01580	GroupA_exclusive	TK18	SNV			1	0
ENSG00000225328	LINC01594	GroupA_exclusive	TK93	SNV			1	0
ENSG00000250666	LINC01596	GroupA_exclusive	TK93	SNV			1	0
ENSG00000237643	LINC01610	GroupA_exclusive	TK93	SNV			1	0
ENSG00000261432	LINC01613	GroupA_exclusive	TK92	SNV			1	0
ENSG00000230838	LINC01614	GroupA_exclusive	TK92	SNV			1	0
ENSG00000227508	LINC01624	GroupA_exclusive	TK92	SNV			1	0
ENSG00000238099	LINC01625	GroupA_exclusive	TK92	SNV			1	0
ENSG00000258602	LINC01629	GroupA_exclusive	TK10	SNV			1	0
ENSG00000283051	LINC01668	GroupA_exclusive	TK16	SNV			1	0
ENSG00000225431	LINC01671	GroupA_exclusive	TK93	SNV			1	0
ENSG00000234052	LINC01673	GroupA_exclusive	TK91	SNV			1	0
ENSG00000228159	LINC01674	GroupA_exclusive	TK18	SNV			1	0
ENSG00000233480	LINC01683	GroupA_exclusive	TK92	SNV			1	0
ENSG00000226983	LINC01692	GroupA_exclusive	TK92	SNV			1	0
ENSG00000235200	LINC01702	GroupA_exclusive	TK91	SNV			1	0
ENSG00000231364	LINC01712	GroupA_exclusive	TK93	SNV			1	0
ENSG00000229537	LINC01739	GroupA_exclusive	TK10	SNV			1	0
ENSG00000228067	LINC01740	GroupA_exclusive	TK93	SNV			1	0
ENSG00000225919	LINC01745	GroupA_exclusive	TK91	SNV			1	0
ENSG00000230250	LINC01753	GroupA_exclusive	TK18	SNV			1	0
ENSG00000229639	LINC01758	GroupA_exclusive	TK92	SNV			1	0
ENSG00000267308	LINC01764	GroupA_exclusive	TK92	SNV			1	0
ENSG00000226053	LINC01776	GroupA_exclusive	TK92	SNV			1	0
ENSG00000232650	LINC01780	GroupA_exclusive	TK10	SNV			1	0
ENSG00000231987	LINC01787	GroupA_exclusive	TK93	SNV			1	0
ENSG00000237179	LINC01797	GroupA_exclusive	TK92	SNV			1	0
ENSG00000229805	LINC01813	GroupA_exclusive	TK92	SNV			1	0
ENSG00000234919	LINC01827	GroupA_exclusive	TK93	SNV			1	0
ENSG00000235885	LINC01828	GroupA_exclusive	TK91	SNV			1	0
ENSG00000267489	LINC01837	GroupA_exclusive	TK92	SNV			1	0
ENSG00000230215	LINC01840	GroupA_exclusive	TK92	SNV			1	0
ENSG00000267147	LINC01842	GroupA_exclusive	TK93	INDEL,SNV			1	0
ENSG00000236714	LINC01844	GroupA_exclusive	TK92	SNV			1	0
ENSG00000254106	LINC01848	GroupA_exclusive	TK91	SNV			1	0
ENSG00000234988	LINC01849	GroupA_exclusive	TK93	SNV			1	0
ENSG00000261615	LINC01858	GroupA_exclusive	TK92	SNV			1	0
ENSG00000268318	LINC01872	GroupA_exclusive	TK10	SNV			1	0
ENSG00000226383	LINC01876	GroupA_exclusive	TK93	SNV			1	0
ENSG00000232002	LINC01880	GroupA_exclusive	TK91	SNV			1	0
ENSG00000237576	LINC01888	GroupA_exclusive	TK93	INDEL			1	0
ENSG00000264345	LINC01894	GroupA_exclusive	TK10	SNV			1	0
ENSG00000259256	LINC01895	GroupA_exclusive	TK16	SNV			1	0
ENSG00000261194	LINC01898	GroupA_exclusive	TK18	SNV			1	0
ENSG00000236049	LINC01920	GroupA_exclusive	TK93	SNV			1	0
ENSG00000264265	LINC01925	GroupA_exclusive	TK10	SNV			1	0
ENSG00000253315	LINC01932	GroupA_exclusive	TK18	SNV			1	0
ENSG00000235997	LINC01936	GroupA_exclusive	TK92	SNV			1	0
ENSG00000254066	LINC01938	GroupA_exclusive	TK92	SNV			1	0
ENSG00000236485	LINC01945	GroupA_exclusive	TK91	SNV			1	0
ENSG00000254130	LINC01947	GroupA_exclusive	TK92	SNV			1	0
ENSG00000283436	LINC01958	GroupA_exclusive	TK93	SNV			1	0
ENSG00000260868	LINC01960	GroupA_exclusive	TK92	SNV			1	0
ENSG00000256637	LINC01965	GroupA_exclusive	TK92	SNV			1	0
ENSG00000278200	LINC01971	GroupA_exclusive	TK18	SNV			1	0
ENSG00000263312	LINC01975	GroupA_exclusive	TK93	SNV			1	0
ENSG00000261863	LINC01996	GroupA_exclusive	TK10	SNV			1	0
ENSG00000263609	LINC02002	GroupA_exclusive	TK91	SNV			1	0
ENSG00000240006	LINC02004	GroupA_exclusive	TK18	SNV			1	0
ENSG00000228730	LINC02013	GroupA_exclusive	TK10	SNV			1	0
ENSG00000238097	LINC02037	GroupA_exclusive	TK92	SNV			1	0
ENSG00000243347	LINC02045	GroupA_exclusive	TK92	SNV			1	0
ENSG00000224406	LINC02052	GroupA_exclusive	TK91	SNV			1	0
ENSG00000248371	LINC02056	GroupA_exclusive	TK92	SNV			1	0
ENSG00000237057	LINC02087	GroupA_exclusive	TK10	SNV			1	0
ENSG00000226364	LINC02089	GroupA_exclusive	TK92	SNV			1	0
ENSG00000250514	LINC02125	GroupA_exclusive	TK18	SNV			1	0
ENSG00000259847	LINC02126	GroupA_exclusive	TK92	SNV			1	0
ENSG00000261637	LINC02127	GroupA_exclusive	TK10	SNV			1	0
ENSG00000248708	LINC02144	GroupA_exclusive	TK92	SNV			1	0
ENSG00000249490	LINC02146	GroupA_exclusive	TK10	SNV			1	0
ENSG00000261703	LINC02168	GroupA_exclusive	TK92	SNV			1	0
ENSG00000232190	LINC02181	GroupA_exclusive	TK92	SNV			1	0
ENSG00000261856	LINC02186	GroupA_exclusive	TK92	SNV			1	0
ENSG00000260923	LINC02193	GroupA_exclusive	TK18	SNV			1	0
ENSG00000260264	LINC02194	GroupA_exclusive	TK92	SNV			1	0
ENSG00000250198	LINC02199	GroupA_exclusive	TK91	SNV			1	0
ENSG00000251311	LINC02214	GroupA_exclusive	TK10	INDEL,SNV			1	0
ENSG00000249551	LINC02216	GroupA_exclusive	TK93	INDEL			1	0
ENSG00000223479	LINC02238	GroupA_exclusive	TK92	SNV			1	0
ENSG00000281903	LINC02246	GroupA_exclusive	TK10	SNV			1	0
ENSG00000261304	LINC02252	GroupA_exclusive	TK93	SNV			1	0
ENSG00000257912	LINC02258	GroupA_exclusive	TK91	SNV			1	0
ENSG00000229565	LINC02264	GroupA_exclusive	TK93	SNV			1	0
ENSG00000251283	LINC02272	GroupA_exclusive	TK92	SNV			1	0
ENSG00000248319	LINC02275	GroupA_exclusive	TK92	SNV			1	0
ENSG00000257056	LINC02282	GroupA_exclusive	TK10	SNV			1	0
ENSG00000248184	LINC02283	GroupA_exclusive	TK10	SNV			1	0
ENSG00000258499	LINC02287	GroupA_exclusive	TK18	SNV			1	0
ENSG00000258511	LINC02295	GroupA_exclusive	TK91	SNV			1	0
ENSG00000258616	LINC02303	GroupA_exclusive	TK93	SNV			1	0
ENSG00000259110	LINC02304	GroupA_exclusive	TK16	INDEL,SNV			1	0
ENSG00000258532	LINC02305	GroupA_exclusive	TK92	SNV			1	0
ENSG00000258969	LINC02307	GroupA_exclusive	TK92	INDEL,SNV			1	0
ENSG00000258390	LINC02318	GroupA_exclusive	TK93	SNV			1	0
ENSG00000258694	LINC02319	GroupA_exclusive	TK91	SNV			1	0
ENSG00000258556	LINC02322	GroupA_exclusive	TK16	SNV			1	0
ENSG00000259230	LINC02323	GroupA_exclusive	TK91	SNV			1	0
ENSG00000257523	LINC02326	GroupA_exclusive	TK93	SNV			1	0
ENSG00000258038	LINC02327	GroupA_exclusive	TK92	SNV			1	0
ENSG00000283554	LINC02341	GroupA_exclusive	TK93	SNV			1	0
ENSG00000280580	LINC02342	GroupA_exclusive	TK91	SNV			1	0
ENSG00000206187	LINC02346	GroupA_exclusive	TK92	SNV			1	0
ENSG00000284848	LINC02359	GroupA_exclusive	TK10	INDEL			1	0
ENSG00000256551	LINC02369	GroupA_exclusive	TK16	SNV			1	0
ENSG00000256292	LINC02376	GroupA_exclusive	TK10	SNV			1	0
ENSG00000257920	LINC02409	GroupA_exclusive	TK10	SNV			1	0
ENSG00000256022	LINC02411	GroupA_exclusive	TK91	SNV			1	0
ENSG00000257924	LINC02416	GroupA_exclusive	TK93	SNV			1	0
ENSG00000214039	LINC02418	GroupA_exclusive	TK92	SNV			1	0
ENSG00000251266	LINC02429	GroupA_exclusive	TK91	SNV			1	0
ENSG00000248872	LINC02431	GroupA_exclusive	TK92	SNV			1	0
ENSG00000256268	LINC02454	GroupA_exclusive	TK92	SNV			1	0
ENSG00000256672	LINC02455	GroupA_exclusive	TK93	SNV			1	0
ENSG00000257683	LINC02463	GroupA_exclusive	TK92	SNV			1	0
ENSG00000256499	LINC02468	GroupA_exclusive	TK93	SNV			1	0
ENSG00000250819	LINC02493	GroupA_exclusive	TK10	SNV			1	0
ENSG00000229654	LINC02526	GroupA_exclusive	TK92	SNV			1	0
ENSG00000234777	LINC02529	GroupA_exclusive	TK16	SNV			1	0
ENSG00000234155	LINC02535	GroupA_exclusive	TK91	SNV			1	0
ENSG00000255039	LINC02553	GroupA_exclusive	TK91	SNV			1	0
ENSG00000226741	LINC02554	GroupA_exclusive	TK10	SNV			1	0
ENSG00000225413	LINC02557	GroupA_exclusive	TK10	SNV			1	0
ENSG00000233431	LINC02596	GroupA_exclusive	TK10	SNV			1	0
ENSG00000250986	LINC02600	GroupA_exclusive	TK93	SNV			1	0
ENSG00000223714	LINC02601	GroupA_exclusive	TK10	SNV			1	0
ENSG00000224048	LINC02612	GroupA_exclusive	TK91	SNV			1	0
ENSG00000233643	LINC02625	GroupA_exclusive	TK92	SNV			1	0
ENSG00000229466	LINC02627	GroupA_exclusive	TK92	SNV			1	0
ENSG00000283000	LINC02635	GroupA_exclusive	TK92	SNV			1	0
ENSG00000233590	LINC02640	GroupA_exclusive	TK10	SNV			1	0
ENSG00000234170	LINC02645	GroupA_exclusive	TK10	SNV			1	0
ENSG00000233945	LINC02650	GroupA_exclusive	TK18	SNV			1	0
ENSG00000237128	LINC02652	GroupA_exclusive	TK10	SNV			1	0
ENSG00000226140	LINC02654	GroupA_exclusive	TK10	SNV			1	0
ENSG00000226005	LINC02660	GroupA_exclusive	TK91	SNV			1	0
ENSG00000228636	LINC02663	GroupA_exclusive	TK92	SNV			1	0
ENSG00000226676	LINC02679	GroupA_exclusive	TK92	SNV			1	0
ENSG00000229649	LINC02681	GroupA_exclusive	TK91	SNV			1	0
ENSG00000255512	LINC02684	GroupA_exclusive	TK10	SNV			1	0
ENSG00000255267	LINC02687	GroupA_exclusive	TK10	SNV			1	0
ENSG00000254872	LINC02688	GroupA_exclusive	TK10	SNV			1	0
ENSG00000212719	LINC02693	GroupA_exclusive	TK10	SNV			1	0
ENSG00000255079	LINC02704	GroupA_exclusive	TK16	SNV			1	0
ENSG00000255344	LINC02706	GroupA_exclusive	TK91	SNV			1	0
ENSG00000255183	LINC02711	GroupA_exclusive	TK93	SNV			1	0
ENSG00000255133	LINC02721	GroupA_exclusive	TK92	SNV			1	0
ENSG00000204241	LINC02731	GroupA_exclusive	TK16	SNV			1	0
ENSG00000255109	LINC02740	GroupA_exclusive	TK92	SNV			1	0
ENSG00000254946	LINC02751	GroupA_exclusive	TK91	SNV			1	0
ENSG00000254516	LINC02760	GroupA_exclusive	TK92	SNV			1	0
ENSG00000271736	LINC02772	GroupA_exclusive	TK16	SNV			1	0
ENSG00000285823	LINC02793	GroupA_exclusive	TK91	SNV			1	0
ENSG00000232265	LINC02805	GroupA_exclusive	TK10	SNV			1	0
ENSG00000227308	LINC02832	GroupA_exclusive	TK91	SNV			1	0
ENSG00000285768	LINC02849	GroupA_exclusive	TK10	SNV			1	0
ENSG00000259245	LINC02853	GroupA_exclusive	TK10	SNV			1	0
ENSG00000254209	LINC02855	GroupA_exclusive	TK93	SNV			1	0
ENSG00000230852	LINC02857	GroupA_exclusive	TK91	SNV			1	0
ENSG00000237571	LINC02862	GroupA_exclusive	TK92	INDEL			1	0
ENSG00000203864	LINC02868	GroupA_exclusive	TK91	SNV			1	0
ENSG00000204446	LINC02872	GroupA_exclusive	TK93	SNV			1	0
ENSG00000239941	LINC02917	GroupA_exclusive	TK10	SNV			1	0
ENSG00000243144	LINC02932	GroupA_exclusive	TK92	SNV			1	0
ENSG00000227359	LINC02936	GroupA_exclusive	TK92	SNV			1	0
ENSG00000255606	LINC02952	GroupA_exclusive	TK92	INDEL			1	0
ENSG00000255652	LINC02963	GroupA_exclusive	TK92	SNV			1	0
ENSG00000224307	LINC02975	GroupA_exclusive	TK92	SNV			1	0
ENSG00000290496	LINC03003	GroupA_exclusive	TK93	SNV			1	0
ENSG00000226770	LINC03012	GroupA_exclusive	TK93	SNV			1	0
ENSG00000234394	LINC03025	GroupA_exclusive	TK92	SNV			1	0
ENSG00000230952	LINC03037	GroupA_exclusive	TK91	SNV			1	0
ENSG00000275216	LINC03061	GroupA_exclusive	TK10	SNV			1	0
ENSG00000251249	LINC03074	GroupA_exclusive	TK93	SNV			1	0
ENSG00000229301	LINC03075	GroupA_exclusive	TK93	SNV			1	0
ENSG00000213171	LINGO4	GroupA_exclusive	TK10	SNV			1	0
ENSG00000259293	LIPC-AS1	GroupA_exclusive	TK93	SNV			1	0
ENSG00000215403	LL22NC01-81G9.3	GroupA_exclusive	TK91	SNV			1	0
ENSG00000223458	LMO7DN-IT1	GroupA_exclusive	TK92	SNV			1	0
ENSG00000224702	LMX1A-AS2	GroupA_exclusive	TK10	SNV			1	0
ENSG00000249152	LNCPRESS2	GroupA_exclusive	TK93	SNV			1	0
ENSG00000250930	LNX1-AS1	GroupA_exclusive	TK92	SNV			1	0
ENSG00000258415	LONRF2P4	GroupA_exclusive	TK10	SNV			1	0
ENSG00000213071	LPAL2	GroupA_exclusive	TK91	SNV			1	0
ENSG00000256371	LRRC34P1	GroupA_exclusive	TK92	SNV			1	0
ENSG00000250462	LRRC37BP1	GroupA_exclusive	TK92	SNV			1	0
ENSG00000225386	LRRC3B-AS1	GroupA_exclusive	TK91	SNV			1	0
ENSG00000158113	LRRC43	GroupA_exclusive	TK91	SNV			1	0
ENSG00000198739	LRRTM3	GroupA_exclusive	TK18	SNV			1	0
ENSG00000234653	LRRTM4-AS1	GroupA_exclusive	TK18	SNV			1	0
ENSG00000225787	LSM3P3	GroupA_exclusive	TK93	INDEL			1	0
ENSG00000260014	LSM3P5	GroupA_exclusive	TK91	SNV			1	0
ENSG00000269099	LSP1P1	GroupA_exclusive	TK93	SNV			1	0
ENSG00000251008	LTO1P1	GroupA_exclusive	TK10	SNV			1	0
ENSG00000250219	LTV1P1	GroupA_exclusive	TK92	SNV			1	0
ENSG00000204421	LY6G6C	GroupA_exclusive	TK10	SNV			1	0
ENSG00000197353	LYPD2	GroupA_exclusive	TK10	SNV			1	0
ENSG00000124466	LYPD3	GroupA_exclusive	TK91	INDEL			1	0
ENSG00000151033	LYZL2	GroupA_exclusive	TK92	SNV			1	0
ENSG00000154545	MAGED4	GroupA_exclusive	TK91	SNV			1	0
ENSG00000187243	MAGED4B	GroupA_exclusive	TK91	SNV			1	0
ENSG00000204706	MAMDC2-AS1	GroupA_exclusive	TK92	SNV			1	0
ENSG00000231298	MANCR	GroupA_exclusive	TK18	SNV			1	0
ENSG00000069535	MAOB	GroupA_exclusive	TK92	SNV			1	0
ENSG00000231909	MAP1LC3BP1	GroupA_exclusive	TK92	SNV			1	0
ENSG00000223488	MAPK6P2	GroupA_exclusive	TK93	SNV			1	0
ENSG00000262500	MAPK8IP1P1	GroupA_exclusive	TK10	SNV			1	0
ENSG00000250076	MAPRE1P2	GroupA_exclusive	TK92	SNV			1	0
ENSG00000173838	MARCHF10	GroupA_exclusive	TK92	SNV			1	0
ENSG00000270773	MARK2P19	GroupA_exclusive	TK16	SNV			1	0
ENSG00000271642	MARK3P1	GroupA_exclusive	TK92	INDEL,SNV			1	0
ENSG00000152601	MBNL1	GroupA_exclusive	TK10	INDEL,SNV			1	0
ENSG00000176136	MC5R	GroupA_exclusive	TK91	SNV			1	0
ENSG00000235963	MCCD1P1	GroupA_exclusive	TK92	SNV			1	0
ENSG00000241418	MCRIP2P1	GroupA_exclusive	TK92	SNV			1	0
ENSG00000236131	MED13P1	GroupA_exclusive	TK93	SNV			1	0
ENSG00000233774	MED14P1	GroupA_exclusive	TK93	SNV			1	0
ENSG00000236542	MED28P7	GroupA_exclusive	TK93	SNV			1	0
ENSG00000245864	MEF2C-AS2	GroupA_exclusive	TK92	SNV			1	0
ENSG00000188013	MEIS3P2	GroupA_exclusive	TK10	SNV			1	0
ENSG00000272701	MESTIT1	GroupA_exclusive	TK93	SNV			1	0
ENSG00000220884	MESTP1	GroupA_exclusive	TK92	SNV			1	0
ENSG00000258587	METTL5P1	GroupA_exclusive	TK92	INDEL,SNV			1	0
ENSG00000232489	MFAP1P1	GroupA_exclusive	TK16	SNV			1	0
ENSG00000205301	MGAT4D	GroupA_exclusive	TK92	SNV			1	0
ENSG00000259458	MGC15885	GroupA_exclusive	TK92	SNV			1	0
ENSG00000283117	MGC4859	GroupA_exclusive	TK91	SNV			1	0
ENSG00000244625	MIATNB	GroupA_exclusive	TK10	SNV			1	0
ENSG00000135517	MIP	GroupA_exclusive	TK93	SNV			1	0
ENSG00000224783	MIPEPP2	GroupA_exclusive	TK91	SNV			1	0
ENSG00000151338	MIPOL1	GroupA_exclusive	TK10	SNV			1	0
ENSG00000283320	MIR103B2	GroupA_exclusive	TK16	SNV			1	0
ENSG00000221585	MIR1226	GroupA_exclusive	TK91	SNV			1	0
ENSG00000221411	MIR1227	GroupA_exclusive	TK92	SNV			1	0
ENSG00000221365	MIR1228	GroupA_exclusive	TK91	SNV			1	0
ENSG00000284378	MIR1244-1	GroupA_exclusive	TK10	INDEL			1	0
ENSG00000266192	MIR1260B	GroupA_exclusive	TK18	SNV			1	0
ENSG00000283476	MIR1279	GroupA_exclusive	TK10	SNV			1	0
ENSG00000221792	MIR1282	GroupA_exclusive	TK93	SNV			1	0
ENSG00000275377	MIR1299	GroupA_exclusive	TK91	SNV			1	0
ENSG00000284332	MIR1302-2	GroupA_exclusive	TK92	SNV			1	0
ENSG00000243485	MIR1302-2HG	GroupA_exclusive	TK93	SNV			1	0
ENSG00000284464	MIR1306	GroupA_exclusive	TK92	SNV			1	0
ENSG00000283871	MIR130B	GroupA_exclusive	TK91	SNV			1	0
ENSG00000283894	MIR1324	GroupA_exclusive	TK10	SNV			1	0
ENSG00000284386	MIR147B	GroupA_exclusive	TK10	SNV			1	0
ENSG00000199085	MIR148A	GroupA_exclusive	TK18	SNV			1	0
ENSG00000199122	MIR148B	GroupA_exclusive	TK92	SNV			1	0
ENSG00000198987	MIR16-2	GroupA_exclusive	TK16	SNV			1	0
ENSG00000207721	MIR186	GroupA_exclusive	TK10	SNV			1	0
ENSG00000239118	MIR1972-2	GroupA_exclusive	TK91	SNV			1	0
ENSG00000207752	MIR199A1	GroupA_exclusive	TK92	SNV			1	0
ENSG00000283762	MIR20A	GroupA_exclusive	TK10	SNV			1	0
ENSG00000207590	MIR215	GroupA_exclusive	TK92	SNV			1	0
ENSG00000226702	MIR217HG	GroupA_exclusive	TK93	SNV			1	0
ENSG00000199036	MIR219A1	GroupA_exclusive	TK92	SNV			1	0
ENSG00000283824	MIR22	GroupA_exclusive	TK92	SNV			1	0
ENSG00000207870	MIR221	GroupA_exclusive	TK16	INDEL			1	0
ENSG00000207563	MIR23B	GroupA_exclusive	TK18	SNV			1	0
ENSG00000264292	MIR2467	GroupA_exclusive	TK92	SNV			1	0
ENSG00000207864	MIR27B	GroupA_exclusive	TK10	SNV			1	0
ENSG00000284040	MIR296	GroupA_exclusive	TK18	SNV			1	0
ENSG00000212102	MIR301B	GroupA_exclusive	TK93	SNV			1	0
ENSG00000207927	MIR302A	GroupA_exclusive	TK91	SNV			1	0
ENSG00000264370	MIR3125	GroupA_exclusive	TK92	INDEL			1	0
ENSG00000263649	MIR3135B	GroupA_exclusive	TK16	SNV			1	0
ENSG00000264931	MIR3138	GroupA_exclusive	TK10	SNV			1	0
ENSG00000264678	MIR3140	GroupA_exclusive	TK92	SNV			1	0
ENSG00000283522	MIR3150A	GroupA_exclusive	TK18	SNV			1	0
ENSG00000266423	MIR3163	GroupA_exclusive	TK91	SNV			1	0
ENSG00000265539	MIR3164	GroupA_exclusive	TK92	SNV			1	0
ENSG00000265871	MIR3174	GroupA_exclusive	TK93	SNV			1	0
ENSG00000257381	MIR3179-2	GroupA_exclusive	TK91	SNV			1	0
ENSG00000267959	MIR3188	GroupA_exclusive	TK93	SNV			1	0
ENSG00000284411	MIR3191	GroupA_exclusive	TK92	SNV			1	0
ENSG00000263681	MIR3197	GroupA_exclusive	TK91	SNV			1	0
ENSG00000264757	MIR3198-1	GroupA_exclusive	TK92	SNV			1	0
ENSG00000264073	MIR3199-1	GroupA_exclusive	TK10	SNV			1	0
ENSG00000284544	MIR330	GroupA_exclusive	TK92	SNV			1	0
ENSG00000266228	MIR3611	GroupA_exclusive	TK91	SNV			1	0
ENSG00000264864	MIR3613	GroupA_exclusive	TK92	SNV			1	0
ENSG00000284140	MIR3618	GroupA_exclusive	TK10	SNV			1	0
ENSG00000264462	MIR3648-2	GroupA_exclusive	TK93	SNV			1	0
ENSG00000266043	MIR3649	GroupA_exclusive	TK92	SNV			1	0
ENSG00000265304	MIR3650	GroupA_exclusive	TK18	SNV			1	0
ENSG00000224592	MIR3659HG	GroupA_exclusive	TK91	SNV			1	0
ENSG00000234474	MIR3663HG	GroupA_exclusive	TK93	INDEL			1	0
ENSG00000266643	MIR3677	GroupA_exclusive	TK10	SNV			1	0
ENSG00000265213	MIR3684	GroupA_exclusive	TK91	SNV			1	0
ENSG00000264744	MIR3689C	GroupA_exclusive	TK92	SNV			1	0
ENSG00000264136	MIR3689D2	GroupA_exclusive	TK92	SNV			1	0
ENSG00000283938	MIR3917	GroupA_exclusive	TK16	INDEL			1	0
ENSG00000265558	MIR3918	GroupA_exclusive	TK16	SNV			1	0
ENSG00000266509	MIR3934	GroupA_exclusive	TK10	SNV			1	0
ENSG00000202566	MIR421	GroupA_exclusive	TK91	SNV			1	0
ENSG00000264493	MIR4298	GroupA_exclusive	TK92	SNV			1	0
ENSG00000245832	MIR4300HG	GroupA_exclusive	TK93	SNV			1	0
ENSG00000257612	MIR4307HG	GroupA_exclusive	TK92	SNV			1	0
ENSG00000266226	MIR4323	GroupA_exclusive	TK18	SNV			1	0
ENSG00000231090	MIR4422HG	GroupA_exclusive	TK91	SNV			1	0
ENSG00000266780	MIR4444-2	GroupA_exclusive	TK18	SNV			1	0
ENSG00000268471	MIR4453HG	GroupA_exclusive	TK91	SNV			1	0
ENSG00000284000	MIR4458	GroupA_exclusive	TK16	SNV			1	0
ENSG00000276029	MIR4477A	GroupA_exclusive	TK92	SNV			1	0
ENSG00000264032	MIR4491	GroupA_exclusive	TK92	SNV			1	0
ENSG00000264024	MIR4507	GroupA_exclusive	TK10	SNV			1	0
ENSG00000207755	MIR450A2	GroupA_exclusive	TK10	INDEL,SNV			1	0
ENSG00000266589	MIR4512	GroupA_exclusive	TK10	SNV			1	0
ENSG00000264781	MIR4537	GroupA_exclusive	TK18	SNV			1	0
ENSG00000263413	MIR4538	GroupA_exclusive	TK18	SNV			1	0
ENSG00000263712	MIR4639	GroupA_exclusive	TK93	SNV			1	0
ENSG00000266619	MIR4642	GroupA_exclusive	TK10	SNV			1	0
ENSG00000266245	MIR4644	GroupA_exclusive	TK93	SNV			1	0
ENSG00000284518	MIR4658	GroupA_exclusive	TK92	SNV			1	0
ENSG00000266038	MIR4659A	GroupA_exclusive	TK92	SNV			1	0
ENSG00000265660	MIR4664	GroupA_exclusive	TK91	SNV			1	0
ENSG00000263575	MIR4665	GroupA_exclusive	TK10	SNV			1	0
ENSG00000266315	MIR4668	GroupA_exclusive	TK92	SNV			1	0
ENSG00000264158	MIR4670	GroupA_exclusive	TK93	SNV			1	0
ENSG00000264102	MIR4688	GroupA_exclusive	TK93	SNV			1	0
ENSG00000266041	MIR4690	GroupA_exclusive	TK92	SNV			1	0
ENSG00000264309	MIR4694	GroupA_exclusive	TK93	SNV			1	0
ENSG00000284020	MIR4697	GroupA_exclusive	TK10	SNV			1	0
ENSG00000273627	MIR4726	GroupA_exclusive	TK91	SNV			1	0
ENSG00000264961	MIR4730	GroupA_exclusive	TK10	SNV			1	0
ENSG00000275238	MIR4734	GroupA_exclusive	TK18	SNV			1	0
ENSG00000266665	MIR4739	GroupA_exclusive	TK16	SNV			1	0
ENSG00000283842	MIR4751	GroupA_exclusive	TK18	SNV			1	0
ENSG00000263439	MIR4753	GroupA_exclusive	TK91	SNV			1	0
ENSG00000265694	MIR4774	GroupA_exclusive	TK91	SNV			1	0
ENSG00000263641	MIR4777	GroupA_exclusive	TK10	SNV			1	0
ENSG00000272543	MIR4787	GroupA_exclusive	TK92	SNV			1	0
ENSG00000284575	MIR4793	GroupA_exclusive	TK10	SNV			1	0
ENSG00000263593	MIR4804	GroupA_exclusive	TK92	SNV			1	0
ENSG00000284584	MIR5006	GroupA_exclusive	TK10	SNV			1	0
ENSG00000208005	MIR503	GroupA_exclusive	TK10	SNV			1	0
ENSG00000264999	MIR5089	GroupA_exclusive	TK91	SNV			1	0
ENSG00000266240	MIR5091	GroupA_exclusive	TK93	SNV			1	0
ENSG00000263456	MIR5189	GroupA_exclusive	TK91	SNV			1	0
ENSG00000265929	MIR5195	GroupA_exclusive	TK93	SNV			1	0
ENSG00000207758	MIR532	GroupA_exclusive	TK91	SNV			1	0
ENSG00000265981	MIR544B	GroupA_exclusive	TK16	SNV			1	0
ENSG00000264402	MIR548AL	GroupA_exclusive	TK91	SNV			1	0
ENSG00000265470	MIR548AQ	GroupA_exclusive	TK93	INDEL			1	0
ENSG00000264314	MIR548AT	GroupA_exclusive	TK16	SNV			1	0
ENSG00000221669	MIR548N	GroupA_exclusive	TK91	SNV			1	0
ENSG00000266570	MIR5579	GroupA_exclusive	TK91	SNV			1	0
ENSG00000266203	MIR5585	GroupA_exclusive	TK92	SNV			1	0
ENSG00000284498	MIR564	GroupA_exclusive	TK16	SNV			1	0
ENSG00000264056	MIR5685	GroupA_exclusive	TK92	SNV			1	0
ENSG00000264580	MIR5692B	GroupA_exclusive	TK18	SNV			1	0
ENSG00000266668	MIR5692C2	GroupA_exclusive	TK91	SNV			1	0
ENSG00000265521	MIR5697	GroupA_exclusive	TK10	SNV			1	0
ENSG00000264536	MIR5706	GroupA_exclusive	TK93	SNV			1	0
ENSG00000207697	MIR573	GroupA_exclusive	TK92	SNV			1	0
ENSG00000207769	MIR586	GroupA_exclusive	TK92	SNV			1	0
ENSG00000207632	MIR588	GroupA_exclusive	TK92	SNV			1	0
ENSG00000207741	MIR590	GroupA_exclusive	TK10	SNV			1	0
ENSG00000207991	MIR601	GroupA_exclusive	TK92	SNV			1	0
ENSG00000207612	MIR604	GroupA_exclusive	TK91	SNV			1	0
ENSG00000207813	MIR605	GroupA_exclusive	TK93	SNV			1	0
ENSG00000273742	MIR6075	GroupA_exclusive	TK18	SNV			1	0
ENSG00000278038	MIR6076	GroupA_exclusive	TK10	SNV			1	0
ENSG00000208028	MIR616	GroupA_exclusive	TK91	SNV			1	0
ENSG00000207967	MIR620	GroupA_exclusive	TK93	INDEL			1	0
ENSG00000207652	MIR621	GroupA_exclusive	TK10	SNV			1	0
ENSG00000207712	MIR627	GroupA_exclusive	TK10	SNV			1	0
ENSG00000283805	MIR636	GroupA_exclusive	TK91	SNV			1	0
ENSG00000207972	MIR638	GroupA_exclusive	TK18	SNV			1	0
ENSG00000283822	MIR639	GroupA_exclusive	TK16	SNV			1	0
ENSG00000273613	MIR6511A4	GroupA_exclusive	TK10	SNV			1	0
ENSG00000274066	MIR6514	GroupA_exclusive	TK16	SNV			1	0
ENSG00000207574	MIR661	GroupA_exclusive	TK91	SNV			1	0
ENSG00000227195	MIR663AHG	GroupA_exclusive	TK93	SNV			1	0
ENSG00000221288	MIR663B	GroupA_exclusive	TK93	SNV			1	0
ENSG00000283836	MIR6734	GroupA_exclusive	TK16	SNV			1	0
ENSG00000275022	MIR6753	GroupA_exclusive	TK10	SNV			1	0
ENSG00000273778	MIR6765	GroupA_exclusive	TK10	INDEL			1	0
ENSG00000274805	MIR6768	GroupA_exclusive	TK10	SNV			1	0
ENSG00000274111	MIR6777	GroupA_exclusive	TK92	SNV			1	0
ENSG00000278223	MIR6783	GroupA_exclusive	TK93	SNV			1	0
ENSG00000275519	MIR6804	GroupA_exclusive	TK16	INDEL			1	0
ENSG00000273555	MIR6812	GroupA_exclusive	TK18	SNV			1	0
ENSG00000274034	MIR6813	GroupA_exclusive	TK18	SNV			1	0
ENSG00000275818	MIR6818	GroupA_exclusive	TK93	SNV			1	0
ENSG00000284289	MIR6820	GroupA_exclusive	TK92	SNV			1	0
ENSG00000274494	MIR6832	GroupA_exclusive	TK18	SNV			1	0
ENSG00000283969	MIR6838	GroupA_exclusive	TK16	SNV			1	0
ENSG00000273945	MIR6853	GroupA_exclusive	TK92	SNV			1	0
ENSG00000276124	MIR6855	GroupA_exclusive	TK10	SNV			1	0
ENSG00000283793	MIR6861	GroupA_exclusive	TK10	SNV			1	0
ENSG00000278340	MIR6862-2	GroupA_exclusive	TK91	SNV			1	0
ENSG00000283848	MIR6872	GroupA_exclusive	TK18	SNV			1	0
ENSG00000283821	MIR6875	GroupA_exclusive	TK18	SNV			1	0
ENSG00000275967	MIR6880	GroupA_exclusive	TK10	INDEL			1	0
ENSG00000274390	MIR6885	GroupA_exclusive	TK93	SNV			1	0
ENSG00000275141	MIR6888	GroupA_exclusive	TK91	SNV			1	0
ENSG00000274552	MIR6889	GroupA_exclusive	TK10	SNV			1	0
ENSG00000276598	MIR6893	GroupA_exclusive	TK92	SNV			1	0
ENSG00000284179	MIR7-1	GroupA_exclusive	TK18	SNV			1	0
ENSG00000284251	MIR711	GroupA_exclusive	TK93	SNV			1	0
ENSG00000211591	MIR762	GroupA_exclusive	TK93	SNV			1	0
ENSG00000260083	MIR762HG	GroupA_exclusive	TK10	SNV			1	0
ENSG00000283880	MIR7704	GroupA_exclusive	TK92	SNV			1	0
ENSG00000284160	MIR7706	GroupA_exclusive	TK18	SNV			1	0
ENSG00000284594	MIR7847	GroupA_exclusive	TK92	SNV			1	0
ENSG00000278438	MIR7849	GroupA_exclusive	TK92	SNV			1	0
ENSG00000276580	MIR8055	GroupA_exclusive	TK10	SNV			1	0
ENSG00000284425	MIR8072	GroupA_exclusive	TK18	SNV			1	0
ENSG00000277063	MIR8084	GroupA_exclusive	TK92	SNV			1	0
ENSG00000278483	MIR8087	GroupA_exclusive	TK92	SNV			1	0
ENSG00000215952	MIR921	GroupA_exclusive	TK92	SNV			1	0
ENSG00000283705	MIR92A1	GroupA_exclusive	TK10	SNV			1	0
ENSG00000284586	MIR92B	GroupA_exclusive	TK10	SNV			1	0
ENSG00000284346	MIR940	GroupA_exclusive	TK16	SNV			1	0
ENSG00000216141	MIR941-2	GroupA_exclusive	TK10	SNV			1	0
ENSG00000270499	MKI67P1	GroupA_exclusive	TK93	INDEL,SNV			1	0
ENSG00000269956	MKNK1-AS1	GroupA_exclusive	TK10	SNV			1	0
ENSG00000224430	MKRN5P	GroupA_exclusive	TK91	SNV			1	0
ENSG00000237252	MMADHCP1	GroupA_exclusive	TK91	SNV			1	0
ENSG00000137673	MMP7	GroupA_exclusive	TK16	SNV			1	0
ENSG00000185787	MORF4L1	GroupA_exclusive	TK91	SNV			1	0
ENSG00000255040	MORF4L1P3	GroupA_exclusive	TK10	SNV			1	0
ENSG00000215846	MPTX1	GroupA_exclusive	TK10	SNV			1	0
ENSG00000242537	MRE11P1	GroupA_exclusive	TK92	SNV			1	0
ENSG00000255424	MRGPRX9P	GroupA_exclusive	TK92	SNV			1	0
ENSG00000227877	MRLN	GroupA_exclusive	TK10	SNV			1	0
ENSG00000276576	MRPL30P1	GroupA_exclusive	TK93	SNV			1	0
ENSG00000229037	MRPL32P2	GroupA_exclusive	TK91	SNV			1	0
ENSG00000225392	MRPL36P1	GroupA_exclusive	TK92	SNV			1	0
ENSG00000055950	MRPL43	GroupA_exclusive	TK16	INDEL			1	0
ENSG00000253934	MRPL49P2	GroupA_exclusive	TK92	SNV			1	0
ENSG00000238285	MRPL50P2	GroupA_exclusive	TK91	SNV			1	0
ENSG00000254305	MRPL9P1	GroupA_exclusive	TK93	SNV			1	0
ENSG00000255763	MRPS18CP4	GroupA_exclusive	TK92	SNV			1	0
ENSG00000250428	MRS2P1	GroupA_exclusive	TK91	SNV			1	0
ENSG00000283601	MS4A19P	GroupA_exclusive	TK10	SNV			1	0
ENSG00000166959	MS4A8	GroupA_exclusive	TK10	INDEL,SNV			1	0
ENSG00000138379	MSTN	GroupA_exclusive	TK16	SNV			1	0
ENSG00000229842	MTATP6P13	GroupA_exclusive	TK92	SNV			1	0
ENSG00000254931	MTATP6P15	GroupA_exclusive	TK93	SNV			1	0
ENSG00000262118	MTCO1P28	GroupA_exclusive	TK18	SNV			1	0
ENSG00000241926	MTCO1P55	GroupA_exclusive	TK92	SNV			1	0
ENSG00000264316	MTCO3P13	GroupA_exclusive	TK91	SNV			1	0
ENSG00000270388	MTCO3P22	GroupA_exclusive	TK92	SNV			1	0
ENSG00000259651	MTCO3P23	GroupA_exclusive	TK92	SNV			1	0
ENSG00000262158	MTCO3P24	GroupA_exclusive	TK92	SNV			1	0
ENSG00000270232	MTCYBP22	GroupA_exclusive	TK92	SNV			1	0
ENSG00000254650	MTCYBP41	GroupA_exclusive	TK18	SNV			1	0
ENSG00000248282	MTCYBP44	GroupA_exclusive	TK92	SNV			1	0
ENSG00000251253	MTHFD2P4	GroupA_exclusive	TK91	SNV			1	0
ENSG00000213530	MTHFD2P5	GroupA_exclusive	TK92	SNV			1	0
ENSG00000233432	MTIF2P1	GroupA_exclusive	TK91	SNV			1	0
ENSG00000226794	MTND1P20	GroupA_exclusive	TK93	SNV			1	0
ENSG00000254346	MTND1P6	GroupA_exclusive	TK92	SNV			1	0
ENSG00000229954	MTND2P2	GroupA_exclusive	TK93	SNV			1	0
ENSG00000251252	MTND2P31	GroupA_exclusive	TK16	SNV			1	0
ENSG00000224354	MTND2P5	GroupA_exclusive	TK92	SNV			1	0
ENSG00000248946	MTND3P22	GroupA_exclusive	TK93	SNV			1	0
ENSG00000230338	MTND4P19	GroupA_exclusive	TK92	SNV			1	0
ENSG00000232772	MTND4P22	GroupA_exclusive	TK91	SNV			1	0
ENSG00000226056	MTND4P32	GroupA_exclusive	TK91	SNV			1	0
ENSG00000262322	MTND4P34	GroupA_exclusive	TK93	SNV			1	0
ENSG00000250050	MTND4P9	GroupA_exclusive	TK92	SNV			1	0
ENSG00000227999	MTND5P1	GroupA_exclusive	TK10	SNV			1	0
ENSG00000250169	MTND5P13	GroupA_exclusive	TK92	SNV			1	0
ENSG00000235080	MTND5P23	GroupA_exclusive	TK10	SNV			1	0
ENSG00000230999	MTND5P8	GroupA_exclusive	TK92	SNV			1	0
ENSG00000223431	MTND6P21	GroupA_exclusive	TK10	SNV			1	0
ENSG00000270230	MTND6P22	GroupA_exclusive	TK93	SNV			1	0
ENSG00000227649	MTND6P32	GroupA_exclusive	TK92	SNV			1	0
ENSG00000224110	MTRF1LP2	GroupA_exclusive	TK92	SNV			1	0
ENSG00000236703	MYB-AS1	GroupA_exclusive	TK18	SNV			1	0
ENSG00000254387	MYL12AP1	GroupA_exclusive	TK92	SNV			1	0
ENSG00000260490	MYL12BP1	GroupA_exclusive	TK18	SNV			1	0
ENSG00000226543	MYL6P1	GroupA_exclusive	TK91	SNV			1	0
ENSG00000122180	MYOG	GroupA_exclusive	TK92	INDEL,SNV			1	0
ENSG00000164591	MYOZ3	GroupA_exclusive	TK91	SNV			1	0
ENSG00000250309	MYOZ3-AS1	GroupA_exclusive	TK10	SNV			1	0
ENSG00000214305	Metazoa_SRP	GroupA_exclusive	TK91	SNV			1	0
ENSG00000273549	Metazoa_SRP	GroupA_exclusive	TK16	SNV			1	0
ENSG00000273950	Metazoa_SRP	GroupA_exclusive	TK18	SNV			1	0
ENSG00000274135	Metazoa_SRP	GroupA_exclusive	TK93	SNV			1	0
ENSG00000274514	Metazoa_SRP	GroupA_exclusive	TK91	SNV			1	0
ENSG00000274841	Metazoa_SRP	GroupA_exclusive	TK93	SNV			1	0
ENSG00000275041	Metazoa_SRP	GroupA_exclusive	TK92	SNV			1	0
ENSG00000276493	Metazoa_SRP	GroupA_exclusive	TK91	SNV			1	0
ENSG00000276601	Metazoa_SRP	GroupA_exclusive	TK10	SNV			1	0
ENSG00000276729	Metazoa_SRP	GroupA_exclusive	TK91	SNV			1	0
ENSG00000277127	Metazoa_SRP	GroupA_exclusive	TK93	SNV			1	0
ENSG00000277250	Metazoa_SRP	GroupA_exclusive	TK16	SNV			1	0
ENSG00000277677	Metazoa_SRP	GroupA_exclusive	TK92	SNV			1	0
ENSG00000277794	Metazoa_SRP	GroupA_exclusive	TK93	SNV			1	0
ENSG00000277950	Metazoa_SRP	GroupA_exclusive	TK93	SNV			1	0
ENSG00000277958	Metazoa_SRP	GroupA_exclusive	TK91	SNV			1	0
ENSG00000278109	Metazoa_SRP	GroupA_exclusive	TK91	SNV			1	0
ENSG00000278226	Metazoa_SRP	GroupA_exclusive	TK10	SNV			1	0
ENSG00000278469	Metazoa_SRP	GroupA_exclusive	TK92	SNV			1	0
ENSG00000278702	Metazoa_SRP	GroupA_exclusive	TK92	SNV			1	0
ENSG00000278732	Metazoa_SRP	GroupA_exclusive	TK93	SNV			1	0
ENSG00000278794	Metazoa_SRP	GroupA_exclusive	TK91	SNV			1	0
ENSG00000249488	NACAP5	GroupA_exclusive	TK10	SNV			1	0
ENSG00000250687	NAIPP1	GroupA_exclusive	TK16	SNV			1	0
ENSG00000271086	NAMA	GroupA_exclusive	TK16	SNV			1	0
ENSG00000231697	NANOGP5	GroupA_exclusive	TK91	SNV			1	0
ENSG00000231384	NAP1L5P1	GroupA_exclusive	TK91	INDEL,SNV			1	0
ENSG00000254542	NAV2-AS3	GroupA_exclusive	TK92	SNV			1	0
ENSG00000260455	NBAT1	GroupA_exclusive	TK10	SNV			1	0
ENSG00000259749	NCAPGP2	GroupA_exclusive	TK93	SNV			1	0
ENSG00000234228	NCLP2	GroupA_exclusive	TK92	SNV			1	0
ENSG00000265019	NCOR1P2	GroupA_exclusive	TK91	INDEL,SNV			1	0
ENSG00000279864	NCOR1P4	GroupA_exclusive	TK93	SNV			1	0
ENSG00000253433	NCRNA00250	GroupA_exclusive	TK18	SNV			1	0
ENSG00000182636	NDN	GroupA_exclusive	TK10	INDEL,SNV			1	0
ENSG00000220831	NDUFA5P9	GroupA_exclusive	TK91	SNV			1	0
ENSG00000237406	NDUFA9P1	GroupA_exclusive	TK93	INDEL			1	0
ENSG00000178057	NDUFAF3	GroupA_exclusive	TK91	SNV			1	0
ENSG00000259467	NDUFAF4P1	GroupA_exclusive	TK18	SNV			1	0
ENSG00000231378	NDUFAF4P4	GroupA_exclusive	TK92	SNV			1	0
ENSG00000260870	NDUFB10P1	GroupA_exclusive	TK92	SNV			1	0
ENSG00000231884	NDUFB1P1	GroupA_exclusive	TK91	SNV			1	0
ENSG00000232880	NDUFB4P10	GroupA_exclusive	TK91	SNV			1	0
ENSG00000233664	NDUFS5P3	GroupA_exclusive	TK91	SNV			1	0
ENSG00000231920	NEBL-AS1	GroupA_exclusive	TK93	SNV			1	0
ENSG00000123119	NECAB1	GroupA_exclusive	TK10	SNV			1	0
ENSG00000230450	NEK2P4	GroupA_exclusive	TK93	SNV			1	0
ENSG00000123307	NEUROD4	GroupA_exclusive	TK10	SNV			1	0
ENSG00000175319	NF1P5	GroupA_exclusive	TK93	SNV			1	0
ENSG00000134259	NGF	GroupA_exclusive	TK10	SNV			1	0
ENSG00000064300	NGFR	GroupA_exclusive	TK92	SNV			1	0
ENSG00000214210	NGRNP1	GroupA_exclusive	TK91	SNV			1	0
ENSG00000177551	NHLH2	GroupA_exclusive	TK10	SNV			1	0
ENSG00000261205	NIFKP4	GroupA_exclusive	TK91	SNV			1	0
ENSG00000237630	NIFKP9	GroupA_exclusive	TK91	SNV			1	0
ENSG00000213264	NIP7P2	GroupA_exclusive	TK93	SNV			1	0
ENSG00000218428	NIP7P3	GroupA_exclusive	TK92	SNV			1	0
ENSG00000254151	NIPA2P4	GroupA_exclusive	TK91	INDEL			1	0
ENSG00000119919	NKX2-3	GroupA_exclusive	TK10	SNV			1	0
ENSG00000125816	NKX2-4	GroupA_exclusive	TK92	SNV			1	0
ENSG00000163623	NKX6-1	GroupA_exclusive	TK10	SNV			1	0
ENSG00000228213	NLGN1-AS1	GroupA_exclusive	TK92	SNV			1	0
ENSG00000215174	NLRP2B	GroupA_exclusive	TK10	SNV			1	0
ENSG00000277883	NLRP3P1	GroupA_exclusive	TK92	SNV			1	0
ENSG00000135577	NMBR	GroupA_exclusive	TK10	SNV			1	0
ENSG00000112981	NME5	GroupA_exclusive	TK91	SNV			1	0
ENSG00000204640	NMS	GroupA_exclusive	TK10	SNV			1	0
ENSG00000225271	NOLC1P1	GroupA_exclusive	TK92	SNV			1	0
ENSG00000238002	NPAP1P6	GroupA_exclusive	TK93	SNV			1	0
ENSG00000214888	NPAP1P9	GroupA_exclusive	TK10	SNV			1	0
ENSG00000183979	NPB	GroupA_exclusive	TK16	INDEL,SNV			1	0
ENSG00000288611	NPBWR1	GroupA_exclusive	TK10	SNV			1	0
ENSG00000239351	NPM1P29	GroupA_exclusive	TK93	SNV			1	0
ENSG00000228219	NPM1P30	GroupA_exclusive	TK92	SNV			1	0
ENSG00000213925	NPM1P33	GroupA_exclusive	TK92	INDEL,SNV			1	0
ENSG00000232054	NPM1P34	GroupA_exclusive	TK91	SNV			1	0
ENSG00000255213	NPM1P35	GroupA_exclusive	TK93	SNV			1	0
ENSG00000236285	NPM1P8	GroupA_exclusive	TK91	SNV			1	0
ENSG00000120937	NPPB	GroupA_exclusive	TK10	SNV			1	0
ENSG00000229434	NRAL	GroupA_exclusive	TK91	SNV			1	0
ENSG00000291151	NSUN5P1	GroupA_exclusive	TK18	SNV			1	0
ENSG00000258408	NT5CP2	GroupA_exclusive	TK91	SNV			1	0
ENSG00000214961	NT5DC1P2	GroupA_exclusive	TK91	SNV			1	0
ENSG00000267019	NTF6A	GroupA_exclusive	TK91	SNV			1	0
ENSG00000169006	NTSR2	GroupA_exclusive	TK91	SNV			1	0
ENSG00000232864	NUCKS1P1	GroupA_exclusive	TK10	SNV			1	0
ENSG00000246082	NUDT16L2P	GroupA_exclusive	TK18	INDEL			1	0
ENSG00000216723	NUDT19P3	GroupA_exclusive	TK10	SNV			1	0
ENSG00000177144	NUDT4B	GroupA_exclusive	TK10	SNV			1	0
ENSG00000198284	NUP210P1	GroupA_exclusive	TK92	SNV			1	0
ENSG00000223928	NUP35P1	GroupA_exclusive	TK91	SNV			1	0
ENSG00000229324	NUTF2P7	GroupA_exclusive	TK91	SNV			1	0
ENSG00000162231	NXF1	GroupA_exclusive	TK10	SNV			1	0
ENSG00000283542	OASL2P	GroupA_exclusive	TK92	SNV			1	0
ENSG00000171102	OBP2B	GroupA_exclusive	TK18	INDEL,SNV			1	0
ENSG00000104044	OCA2	GroupA_exclusive	TK10	SNV			1	0
ENSG00000242153	OFD1P6Y	GroupA_exclusive	TK18	SNV			1	0
ENSG00000284873	OOSP1	GroupA_exclusive	TK92	SNV			1	0
ENSG00000188770	OPTC	GroupA_exclusive	TK10	SNV			1	0
ENSG00000180409	OR10AA1P	GroupA_exclusive	TK16	SNV			1	0
ENSG00000227445	OR10R1P	GroupA_exclusive	TK10	SNV			1	0
ENSG00000196832	OR11G2	GroupA_exclusive	TK92	SNV			1	0
ENSG00000232791	OR11I1P	GroupA_exclusive	TK93	SNV			1	0
ENSG00000224709	OR11M1P	GroupA_exclusive	TK10	SNV			1	0
ENSG00000185903	OR11N1P	GroupA_exclusive	TK18	SNV			1	0
ENSG00000237650	OR11Q1P	GroupA_exclusive	TK91	SNV			1	0
ENSG00000273423	OR13I1P	GroupA_exclusive	TK93	SNV			1	0
ENSG00000241128	OR14A2	GroupA_exclusive	TK92	SNV			1	0
ENSG00000204695	OR14J1	GroupA_exclusive	TK93	SNV			1	0
ENSG00000171481	OR1L3	GroupA_exclusive	TK91	SNV			1	0
ENSG00000136939	OR1L4	GroupA_exclusive	TK91	SNV			1	0
ENSG00000171505	OR1N1	GroupA_exclusive	TK18	INDEL,SNV			1	0
ENSG00000214351	OR1X5P	GroupA_exclusive	TK92	SNV			1	0
ENSG00000221836	OR2A5	GroupA_exclusive	TK92	INDEL			1	0
ENSG00000244623	OR2AE1	GroupA_exclusive	TK92	SNV			1	0
ENSG00000187080	OR2AK2	GroupA_exclusive	TK91	SNV			1	0
ENSG00000254475	OR2AT1P	GroupA_exclusive	TK91	SNV			1	0
ENSG00000171561	OR2AT4	GroupA_exclusive	TK92	SNV			1	0
ENSG00000168131	OR2B2	GroupA_exclusive	TK92	SNV			1	0
ENSG00000187763	OR2B7P	GroupA_exclusive	TK93	SNV			1	0
ENSG00000182477	OR2B8P	GroupA_exclusive	TK92	SNV			1	0
ENSG00000204701	OR2J3	GroupA_exclusive	TK93	SNV			1	0
ENSG00000196071	OR2L13	GroupA_exclusive	TK10	SNV			1	0
ENSG00000224227	OR2L1P	GroupA_exclusive	TK93	SNV			1	0
ENSG00000227152	OR2T7	GroupA_exclusive	TK10	SNV			1	0
ENSG00000185372	OR2V1	GroupA_exclusive	TK93	SNV			1	0
ENSG00000277661	OR2W1-AS1	GroupA_exclusive	TK91	SNV			1	0
ENSG00000217315	OR2W2P	GroupA_exclusive	TK93	SNV			1	0
ENSG00000159961	OR3A3	GroupA_exclusive	TK91	SNV			1	0
ENSG00000258817	OR4C13	GroupA_exclusive	TK10	SNV			1	0
ENSG00000254576	OR4C1P	GroupA_exclusive	TK92	SNV			1	0
ENSG00000254466	OR4D10	GroupA_exclusive	TK92	SNV			1	0
ENSG00000255713	OR4D2	GroupA_exclusive	TK10	SNV			1	0
ENSG00000182854	OR4F15	GroupA_exclusive	TK91	INDEL,SNV			1	0
ENSG00000265340	OR4K7P	GroupA_exclusive	TK18	SNV			1	0
ENSG00000230484	OR51A10P	GroupA_exclusive	TK91	SNV			1	0
ENSG00000167359	OR51I1	GroupA_exclusive	TK91	SNV			1	0
ENSG00000255307	OR52B2	GroupA_exclusive	TK92	SNV			1	0
ENSG00000175800	OR52B3P	GroupA_exclusive	TK91	SNV			1	0
ENSG00000231049	OR52B5P	GroupA_exclusive	TK92	SNV			1	0
ENSG00000180974	OR52E4	GroupA_exclusive	TK92	SNV			1	0
ENSG00000248553	OR52H2P	GroupA_exclusive	TK92	SNV			1	0
ENSG00000230261	OR52J2P	GroupA_exclusive	TK10	SNV			1	0
ENSG00000175485	OR52W1	GroupA_exclusive	TK92	SNV			1	0
ENSG00000188691	OR56A5	GroupA_exclusive	TK18	SNV			1	0
ENSG00000181017	OR56B2P	GroupA_exclusive	TK10	SNV			1	0
ENSG00000180913	OR56B3P	GroupA_exclusive	TK18	SNV			1	0
ENSG00000273408	OR5B15P	GroupA_exclusive	TK91	SNV			1	0
ENSG00000255303	OR5BA1P	GroupA_exclusive	TK91	SNV			1	0
ENSG00000148215	OR5C1	GroupA_exclusive	TK93	SNV			1	0
ENSG00000255223	OR5M11	GroupA_exclusive	TK91	SNV			1	0
ENSG00000185701	OR5M5P	GroupA_exclusive	TK91	SNV			1	0
ENSG00000182334	OR5P3	GroupA_exclusive	TK93	SNV			1	0
ENSG00000178586	OR6B3	GroupA_exclusive	TK10	SNV			1	0
ENSG00000187857	OR6C75	GroupA_exclusive	TK10	SNV			1	0
ENSG00000257757	OR6C7P	GroupA_exclusive	TK16	SNV			1	0
ENSG00000235213	OR6E1P	GroupA_exclusive	TK16	SNV			1	0
ENSG00000203757	OR6K3	GroupA_exclusive	TK16	INDEL,SNV			1	0
ENSG00000186440	OR6P1	GroupA_exclusive	TK91	SNV			1	0
ENSG00000270432	OR7E108P	GroupA_exclusive	TK16	INDEL			1	0
ENSG00000236316	OR7E109P	GroupA_exclusive	TK16	INDEL			1	0
ENSG00000215480	OR7E37P	GroupA_exclusive	TK93	SNV			1	0
ENSG00000234485	OR7E46P	GroupA_exclusive	TK91	SNV			1	0
ENSG00000257542	OR7E47P	GroupA_exclusive	TK92	SNV			1	0
ENSG00000243674	OR7E66P	GroupA_exclusive	TK92	SNV			1	0
ENSG00000284689	OR7E84P	GroupA_exclusive	TK91	SNV			1	0
ENSG00000273336	OR7M1P	GroupA_exclusive	TK93	INDEL			1	0
ENSG00000196534	OR9K1P	GroupA_exclusive	TK18	SNV			1	0
ENSG00000228997	ORMDL1P1	GroupA_exclusive	TK91	SNV			1	0
ENSG00000135506	OS9	GroupA_exclusive	TK18	SNV			1	0
ENSG00000249740	OSMR-DT	GroupA_exclusive	TK93	SNV			1	0
ENSG00000225294	OSTCP2	GroupA_exclusive	TK91	SNV			1	0
ENSG00000220924	OSTCP4	GroupA_exclusive	TK10	SNV			1	0
ENSG00000236719	OVAAL	GroupA_exclusive	TK10	SNV			1	0
ENSG00000255120	OVOL1-AS1	GroupA_exclusive	TK18	SNV			1	0
ENSG00000237714	P4HA2-AS1	GroupA_exclusive	TK10	SNV			1	0
ENSG00000239443	PABPC1P10	GroupA_exclusive	TK92	SNV			1	0
ENSG00000254535	PABPC4L	GroupA_exclusive	TK93	SNV			1	0
ENSG00000174740	PABPC5	GroupA_exclusive	TK92	SNV			1	0
ENSG00000225437	PACRG-AS2	GroupA_exclusive	TK10	SNV			1	0
ENSG00000214354	PAFAH1B1P1	GroupA_exclusive	TK93	INDEL,SNV			1	0
ENSG00000234068	PAGE2	GroupA_exclusive	TK93	SNV			1	0
ENSG00000238269	PAGE2B	GroupA_exclusive	TK93	SNV			1	0
ENSG00000157654	PALM2AKAP2	GroupA_exclusive	TK91	SNV			1	0
ENSG00000239835	PARLP1	GroupA_exclusive	TK91	SNV			1	0
ENSG00000233693	PBX1-AS1	GroupA_exclusive	TK93	SNV			1	0
ENSG00000099715	PCDH11Y	GroupA_exclusive	TK91	SNV			1	0
ENSG00000234527	PCDH9-AS1	GroupA_exclusive	TK10	SNV			1	0
ENSG00000228842	PCDH9-AS2	GroupA_exclusive	TK91	SNV			1	0
ENSG00000225263	PCDH9-AS3	GroupA_exclusive	TK10	SNV			1	0
ENSG00000204965	PCDHA5	GroupA_exclusive	TK93	SNV			1	0
ENSG00000204963	PCDHA7	GroupA_exclusive	TK10	SNV			1	0
ENSG00000290894	PCDHB18P	GroupA_exclusive	TK18	SNV			1	0
ENSG00000213344	PCNPP3	GroupA_exclusive	TK92	INDEL,SNV			1	0
ENSG00000255909	PDCD5P1	GroupA_exclusive	TK92	SNV			1	0
ENSG00000224255	PDCL3P6	GroupA_exclusive	TK91	SNV			1	0
ENSG00000230239	PDE4DIPP9	GroupA_exclusive	TK92	SNV			1	0
ENSG00000242686	PDE6B-AS1	GroupA_exclusive	TK10	SNV			1	0
ENSG00000139053	PDE6H	GroupA_exclusive	TK10	SNV			1	0
ENSG00000215418	PEX12P1	GroupA_exclusive	TK92	SNV			1	0
ENSG00000243799	PEX5L-AS1	GroupA_exclusive	TK92	SNV			1	0
ENSG00000273001	PFKP-DT	GroupA_exclusive	TK91	SNV			1	0
ENSG00000196570	PFN3	GroupA_exclusive	TK91	SNV			1	0
ENSG00000256713	PGA5	GroupA_exclusive	TK91	SNV			1	0
ENSG00000213997	PGAM1P7	GroupA_exclusive	TK10	SNV			1	0
ENSG00000165152	PGAP4	GroupA_exclusive	TK16	SNV			1	0
ENSG00000163218	PGLYRP4	GroupA_exclusive	TK93	SNV			1	0
ENSG00000167085	PHB1	GroupA_exclusive	TK92	SNV			1	0
ENSG00000262648	PHB1P15	GroupA_exclusive	TK91	SNV			1	0
ENSG00000233523	PHB1P5	GroupA_exclusive	TK93	SNV			1	0
ENSG00000213711	PHB1P7	GroupA_exclusive	TK91	SNV			1	0
ENSG00000226262	PHKBP1	GroupA_exclusive	TK91	SNV			1	0
ENSG00000054148	PHPT1	GroupA_exclusive	TK92	SNV			1	0
ENSG00000237121	PIEZO1P2	GroupA_exclusive	TK10	SNV			1	0
ENSG00000179840	PIK3CD-AS1	GroupA_exclusive	TK18	SNV			1	0
ENSG00000248340	PIMREGP4	GroupA_exclusive	TK93	SNV			1	0
ENSG00000229435	PIP5K1P2	GroupA_exclusive	TK92	SNV			1	0
ENSG00000166473	PKD1L2	GroupA_exclusive	TK92	SNV			1	0
ENSG00000254609	PLA2G10BP	GroupA_exclusive	TK93	SNV			1	0
ENSG00000276484	PLA2G10IP	GroupA_exclusive	TK92	SNV			1	0
ENSG00000261203	PLA2G10JP	GroupA_exclusive	TK92	SNV			1	0
ENSG00000278528	PLA2G10KP	GroupA_exclusive	TK91	SNV			1	0
ENSG00000188784	PLA2G2E	GroupA_exclusive	TK93	SNV			1	0
ENSG00000158786	PLA2G2F	GroupA_exclusive	TK91	SNV			1	0
ENSG00000127472	PLA2G5	GroupA_exclusive	TK10	SNV			1	0
ENSG00000146070	PLA2G7	GroupA_exclusive	TK92	SNV			1	0
ENSG00000291116	PLAC9P1	GroupA_exclusive	TK91	SNV			1	0
ENSG00000232913	PLCE1-AS2	GroupA_exclusive	TK92	SNV			1	0
ENSG00000120278	PLEKHG1	GroupA_exclusive	TK91	SNV			1	0
ENSG00000117598	PLPPR5	GroupA_exclusive	TK10	SNV			1	0
ENSG00000169040	PMCHL2	GroupA_exclusive	TK91	INDEL			1	0
ENSG00000283758	PMIS2	GroupA_exclusive	TK91	SNV			1	0
ENSG00000248817	PMPCAP1	GroupA_exclusive	TK93	INDEL,SNV			1	0
ENSG00000273598	PMS2P10	GroupA_exclusive	TK18	INDEL,SNV			1	0
ENSG00000273897	PMS2P8	GroupA_exclusive	TK92	SNV			1	0
ENSG00000225110	PNMA6F	GroupA_exclusive	TK10	SNV			1	0
ENSG00000204851	PNMA8B	GroupA_exclusive	TK10	SNV			1	0
ENSG00000174348	PODN	GroupA_exclusive	TK10	SNV			1	0
ENSG00000232970	POLHP1	GroupA_exclusive	TK91	SNV			1	0
ENSG00000258284	POLR2KP1	GroupA_exclusive	TK18	SNV			1	0
ENSG00000115138	POMC	GroupA_exclusive	TK16	SNV			1	0
ENSG00000183206	POTEC	GroupA_exclusive	TK18	SNV			1	0
ENSG00000222036	POTEM	GroupA_exclusive	TK92	SNV			1	0
ENSG00000254887	POU2F2-AS1	GroupA_exclusive	TK16	SNV			1	0
ENSG00000236375	POU5F1P5	GroupA_exclusive	TK92	SNV			1	0
ENSG00000106536	POU6F2	GroupA_exclusive	TK18	SNV			1	0
ENSG00000213383	PP1P	GroupA_exclusive	TK92	SNV			1	0
ENSG00000237221	PPEF1-AS1	GroupA_exclusive	TK93	SNV			1	0
ENSG00000264775	PPIAP14	GroupA_exclusive	TK18	SNV			1	0
ENSG00000226038	PPIAP21	GroupA_exclusive	TK92	SNV			1	0
ENSG00000150276	PPIAP26	GroupA_exclusive	TK91	SNV			1	0
ENSG00000235044	PPIAP3	GroupA_exclusive	TK18	SNV			1	0
ENSG00000258591	PPIAP4	GroupA_exclusive	TK92	SNV			1	0
ENSG00000254463	PPIAP41	GroupA_exclusive	TK92	SNV			1	0
ENSG00000267258	PPIAP58	GroupA_exclusive	TK91	SNV			1	0
ENSG00000236259	PPIAP64	GroupA_exclusive	TK92	SNV			1	0
ENSG00000226131	PPIAP66	GroupA_exclusive	TK92	SNV			1	0
ENSG00000173810	PPIAP7	GroupA_exclusive	TK91	SNV			1	0
ENSG00000242978	PPIAP83	GroupA_exclusive	TK91	SNV			1	0
ENSG00000234557	PPIAP90	GroupA_exclusive	TK93	SNV			1	0
ENSG00000084072	PPIE	GroupA_exclusive	TK10	SNV			1	0
ENSG00000273106	PPM1B-DT	GroupA_exclusive	TK18	SNV			1	0
ENSG00000236216	PPP1R11P1	GroupA_exclusive	TK16	SNV			1	0
ENSG00000255255	PPP1R1AP1	GroupA_exclusive	TK92	SNV			1	0
ENSG00000150722	PPP1R1C	GroupA_exclusive	TK91	SNV			1	0
ENSG00000241661	PPP1R2P6	GroupA_exclusive	TK92	SNV			1	0
ENSG00000291145	PPP5D1P	GroupA_exclusive	TK92	SNV			1	0
ENSG00000233442	PPP6R2P1	GroupA_exclusive	TK92	SNV			1	0
ENSG00000243279	PRAF2	GroupA_exclusive	TK10	SNV			1	0
ENSG00000198901	PRC1	GroupA_exclusive	TK10	SNV			1	0
ENSG00000213177	PRDX2P4	GroupA_exclusive	TK92	SNV			1	0
ENSG00000241111	PRICKLE2-AS1	GroupA_exclusive	TK93	SNV			1	0
ENSG00000242048	PRKAG2-AS2	GroupA_exclusive	TK92	SNV			1	0
ENSG00000233401	PRKAR1AP1	GroupA_exclusive	TK92	SNV			1	0
ENSG00000143125	PROK1	GroupA_exclusive	TK18	SNV			1	0
ENSG00000249163	PRPF39-DT	GroupA_exclusive	TK93	SNV			1	0
ENSG00000141127	PRPSAP2	GroupA_exclusive	TK92	SNV			1	0
ENSG00000232824	PRR13P1	GroupA_exclusive	TK92	SNV			1	0
ENSG00000264971	PRR13P4	GroupA_exclusive	TK10	SNV			1	0
ENSG00000236024	PRRX2-AS1	GroupA_exclusive	TK10	SNV			1	0
ENSG00000255471	PRSS23-AS1	GroupA_exclusive	TK93	SNV			1	0
ENSG00000286651	PRSS43P	GroupA_exclusive	TK91	SNV			1	0
ENSG00000188086	PRSS45P	GroupA_exclusive	TK10	SNV			1	0
ENSG00000283706	PRSS50	GroupA_exclusive	TK10	SNV			1	0
ENSG00000237963	PRXL2CP1	GroupA_exclusive	TK93	SNV			1	0
ENSG00000249131	PSD2-AS1	GroupA_exclusive	TK91	SNV			1	0
ENSG00000225255	PSLNR	GroupA_exclusive	TK91	SNV			1	0
ENSG00000227890	PSMA2P3	GroupA_exclusive	TK91	SNV			1	0
ENSG00000258907	PSMB3P1	GroupA_exclusive	TK93	SNV			1	0
ENSG00000235444	PSMB3P2	GroupA_exclusive	TK92	SNV			1	0
ENSG00000217385	PSMC1P11	GroupA_exclusive	TK91	SNV			1	0
ENSG00000248781	PSMC1P4	GroupA_exclusive	TK92	SNV			1	0
ENSG00000226652	PSMD10P2	GroupA_exclusive	TK18	SNV			1	0
ENSG00000236130	PTCSC2	GroupA_exclusive	TK18	SNV			1	0
ENSG00000107317	PTGDS	GroupA_exclusive	TK92	SNV			1	0
ENSG00000239684	PTGER4P3	GroupA_exclusive	TK18	SNV			1	0
ENSG00000229204	PTGES3P3	GroupA_exclusive	TK91	SNV			1	0
ENSG00000142538	PTH2	GroupA_exclusive	TK10	SNV			1	0
ENSG00000144407	PTH2R	GroupA_exclusive	TK93	SNV			1	0
ENSG00000218902	PTMAP3	GroupA_exclusive	TK92	SNV			1	0
ENSG00000231158	PTP4A1P1	GroupA_exclusive	TK91	SNV			1	0
ENSG00000226254	PTP4A1P3	GroupA_exclusive	TK93	SNV			1	0
ENSG00000237514	PTP4A1P7	GroupA_exclusive	TK92	INDEL,SNV			1	0
ENSG00000224117	PTPN2P2	GroupA_exclusive	TK91	SNV			1	0
ENSG00000254879	PTPRJ-AS1	GroupA_exclusive	TK92	SNV			1	0
ENSG00000054356	PTPRN	GroupA_exclusive	TK92	SNV			1	0
ENSG00000233038	PTPRN2-AS1	GroupA_exclusive	TK91	SNV			1	0
ENSG00000233792	PUDPP2	GroupA_exclusive	TK92	SNV			1	0
ENSG00000259905	PWRN1	GroupA_exclusive	TK10	SNV			1	0
ENSG00000215833	QRSL1P1	GroupA_exclusive	TK91	SNV			1	0
ENSG00000290615	RAB6C-AS1	GroupA_exclusive	TK10	SNV			1	0
ENSG00000075785	RAB7A	GroupA_exclusive	TK10	SNV			1	0
ENSG00000223856	RAB9AP2	GroupA_exclusive	TK93	SNV			1	0
ENSG00000237964	RAD52P1	GroupA_exclusive	TK91	SNV			1	0
ENSG00000203722	RAET1G	GroupA_exclusive	TK92	SNV			1	0
ENSG00000283123	RARRES2P11	GroupA_exclusive	TK10	SNV			1	0
ENSG00000213543	RARRES2P2	GroupA_exclusive	TK10	SNV			1	0
ENSG00000256670	RASSF3-DT	GroupA_exclusive	TK93	SNV			1	0
ENSG00000173976	RAX2	GroupA_exclusive	TK93	SNV			1	0
ENSG00000256737	RBBP4P5	GroupA_exclusive	TK91	SNV			1	0
ENSG00000237207	RBM17P3	GroupA_exclusive	TK10	SNV			1	0
ENSG00000265097	RBM22P1	GroupA_exclusive	TK93	SNV			1	0
ENSG00000235593	RBMS3-AS1	GroupA_exclusive	TK93	SNV			1	0
ENSG00000235904	RBMS3-AS3	GroupA_exclusive	TK10	SNV			1	0
ENSG00000197038	RBMY1A3P	GroupA_exclusive	TK18	INDEL,SNV			1	0
ENSG00000225809	RBMY2KP	GroupA_exclusive	TK92	SNV			1	0
ENSG00000229208	RBMY2NP	GroupA_exclusive	TK92	SNV			1	0
ENSG00000236718	RBMY2QP	GroupA_exclusive	TK18	INDEL,SNV			1	0
ENSG00000220666	RCC2P7	GroupA_exclusive	TK92	SNV			1	0
ENSG00000250185	RCC2P8	GroupA_exclusive	TK92	SNV			1	0
ENSG00000139988	RDH12	GroupA_exclusive	TK91	SNV			1	0
ENSG00000225189	REREP1Y	GroupA_exclusive	TK92	SNV			1	0
ENSG00000231650	RFESDP1	GroupA_exclusive	TK92	SNV			1	0
ENSG00000241546	RFKP3	GroupA_exclusive	TK91	SNV			1	0
ENSG00000230769	RFKP4	GroupA_exclusive	TK92	SNV			1	0
ENSG00000234693	RIPOR3-AS1	GroupA_exclusive	TK91	SNV			1	0
ENSG00000250961	RMEL3	GroupA_exclusive	TK91	SNV			1	0
ENSG00000283293	RN7SK	GroupA_exclusive	TK93	SNV			1	0
ENSG00000223118	RN7SKP102	GroupA_exclusive	TK93	SNV			1	0
ENSG00000223299	RN7SKP108	GroupA_exclusive	TK92	SNV			1	0
ENSG00000223145	RN7SKP112	GroupA_exclusive	TK92	SNV			1	0
ENSG00000200761	RN7SKP113	GroupA_exclusive	TK93	SNV			1	0
ENSG00000222259	RN7SKP114	GroupA_exclusive	TK18	SNV			1	0
ENSG00000201794	RN7SKP130	GroupA_exclusive	TK92	SNV			1	0
ENSG00000222451	RN7SKP143	GroupA_exclusive	TK93	SNV			1	0
ENSG00000222448	RN7SKP150	GroupA_exclusive	TK92	SNV			1	0
ENSG00000223042	RN7SKP161	GroupA_exclusive	TK93	SNV			1	0
ENSG00000223056	RN7SKP169	GroupA_exclusive	TK93	INDEL,SNV			1	0
ENSG00000199691	RN7SKP173	GroupA_exclusive	TK18	SNV			1	0
ENSG00000222499	RN7SKP177	GroupA_exclusive	TK92	SNV			1	0
ENSG00000238324	RN7SKP198	GroupA_exclusive	TK92	SNV			1	0
ENSG00000202351	RN7SKP204	GroupA_exclusive	TK93	SNV			1	0
ENSG00000223136	RN7SKP207	GroupA_exclusive	TK92	SNV			1	0
ENSG00000201078	RN7SKP214	GroupA_exclusive	TK93	INDEL,SNV			1	0
ENSG00000222974	RN7SKP228	GroupA_exclusive	TK93	SNV			1	0
ENSG00000222397	RN7SKP229	GroupA_exclusive	TK92	SNV			1	0
ENSG00000222460	RN7SKP271	GroupA_exclusive	TK10	SNV			1	0
ENSG00000222404	RN7SKP281	GroupA_exclusive	TK91	SNV			1	0
ENSG00000202392	RN7SKP292	GroupA_exclusive	TK91	SNV			1	0
ENSG00000271765	RN7SKP299	GroupA_exclusive	TK91	INDEL			1	0
ENSG00000251951	RN7SKP34	GroupA_exclusive	TK92	SNV			1	0
ENSG00000200379	RN7SKP45	GroupA_exclusive	TK91	SNV			1	0
ENSG00000202217	RN7SKP47	GroupA_exclusive	TK93	SNV			1	0
ENSG00000201758	RN7SKP55	GroupA_exclusive	TK93	SNV			1	0
ENSG00000222445	RN7SKP56	GroupA_exclusive	TK92	SNV			1	0
ENSG00000200057	RN7SKP63	GroupA_exclusive	TK91	SNV			1	0
ENSG00000251714	RN7SKP67	GroupA_exclusive	TK92	SNV			1	0
ENSG00000202260	RN7SKP69	GroupA_exclusive	TK92	SNV			1	0
ENSG00000199730	RN7SKP95	GroupA_exclusive	TK91	SNV			1	0
ENSG00000243510	RN7SL111P	GroupA_exclusive	TK91	SNV			1	0
ENSG00000240474	RN7SL116P	GroupA_exclusive	TK18	SNV			1	0
ENSG00000266420	RN7SL118P	GroupA_exclusive	TK10	SNV			1	0
ENSG00000239316	RN7SL11P	GroupA_exclusive	TK93	SNV			1	0
ENSG00000266863	RN7SL123P	GroupA_exclusive	TK10	SNV			1	0
ENSG00000239553	RN7SL12P	GroupA_exclusive	TK10	SNV			1	0
ENSG00000243398	RN7SL141P	GroupA_exclusive	TK92	INDEL,SNV			1	0
ENSG00000241834	RN7SL149P	GroupA_exclusive	TK91	SNV			1	0
ENSG00000242102	RN7SL152P	GroupA_exclusive	TK92	SNV			1	0
ENSG00000242614	RN7SL164P	GroupA_exclusive	TK92	SNV			1	0
ENSG00000275014	RN7SL166P	GroupA_exclusive	TK92	SNV			1	0
ENSG00000244296	RN7SL168P	GroupA_exclusive	TK92	SNV			1	0
ENSG00000239279	RN7SL184P	GroupA_exclusive	TK16	SNV			1	0
ENSG00000265123	RN7SL200P	GroupA_exclusive	TK93	SNV			1	0
ENSG00000241392	RN7SL205P	GroupA_exclusive	TK10	SNV			1	0
ENSG00000266467	RN7SL220P	GroupA_exclusive	TK92	SNV			1	0
ENSG00000242971	RN7SL233P	GroupA_exclusive	TK93	INDEL			1	0
ENSG00000240823	RN7SL23P	GroupA_exclusive	TK91	SNV			1	0
ENSG00000244389	RN7SL242P	GroupA_exclusive	TK91	SNV			1	0
ENSG00000274186	RN7SL248P	GroupA_exclusive	TK91	SNV			1	0
ENSG00000240014	RN7SL254P	GroupA_exclusive	TK91	INDEL			1	0
ENSG00000265033	RN7SL262P	GroupA_exclusive	TK93	SNV			1	0
ENSG00000239953	RN7SL273P	GroupA_exclusive	TK18	SNV			1	0
ENSG00000243446	RN7SL284P	GroupA_exclusive	TK91	SNV			1	0
ENSG00000243313	RN7SL285P	GroupA_exclusive	TK92	SNV			1	0
ENSG00000243845	RN7SL30P	GroupA_exclusive	TK93	SNV			1	0
ENSG00000277483	RN7SL321P	GroupA_exclusive	TK92	SNV			1	0
ENSG00000241997	RN7SL323P	GroupA_exclusive	TK10	SNV			1	0
ENSG00000244391	RN7SL330P	GroupA_exclusive	TK92	SNV			1	0
ENSG00000244618	RN7SL334P	GroupA_exclusive	TK92	INDEL,SNV			1	0
ENSG00000241037	RN7SL335P	GroupA_exclusive	TK10	SNV			1	0
ENSG00000239398	RN7SL342P	GroupA_exclusive	TK91	SNV			1	0
ENSG00000239868	RN7SL34P	GroupA_exclusive	TK18	SNV			1	0
ENSG00000240098	RN7SL351P	GroupA_exclusive	TK91	INDEL			1	0
ENSG00000243027	RN7SL354P	GroupA_exclusive	TK18	SNV			1	0
ENSG00000244314	RN7SL36P	GroupA_exclusive	TK92	SNV			1	0
ENSG00000266210	RN7SL371P	GroupA_exclusive	TK93	SNV			1	0
ENSG00000265684	RN7SL378P	GroupA_exclusive	TK92	SNV			1	0
ENSG00000263968	RN7SL381P	GroupA_exclusive	TK10	SNV			1	0
ENSG00000240723	RN7SL382P	GroupA_exclusive	TK93	SNV			1	0
ENSG00000240481	RN7SL38P	GroupA_exclusive	TK92	SNV			1	0
ENSG00000241785	RN7SL390P	GroupA_exclusive	TK91	SNV			1	0
ENSG00000244642	RN7SL396P	GroupA_exclusive	TK93	INDEL,SNV			1	0
ENSG00000264384	RN7SL431P	GroupA_exclusive	TK93	SNV			1	0
ENSG00000241413	RN7SL441P	GroupA_exclusive	TK10	SNV			1	0
ENSG00000239221	RN7SL442P	GroupA_exclusive	TK91	SNV			1	0
ENSG00000263410	RN7SL460P	GroupA_exclusive	TK91	SNV			1	0
ENSG00000263669	RN7SL470P	GroupA_exclusive	TK92	SNV			1	0
ENSG00000277452	RN7SL473P	GroupA_exclusive	TK92	SNV			1	0
ENSG00000244710	RN7SL47P	GroupA_exclusive	TK93	SNV			1	0
ENSG00000241588	RN7SL484P	GroupA_exclusive	TK93	SNV			1	0
ENSG00000240374	RN7SL503P	GroupA_exclusive	TK10	SNV			1	0
ENSG00000239910	RN7SL530P	GroupA_exclusive	TK92	SNV			1	0
ENSG00000265918	RN7SL543P	GroupA_exclusive	TK92	SNV			1	0
ENSG00000243274	RN7SL571P	GroupA_exclusive	TK93	SNV			1	0
ENSG00000265942	RN7SL577P	GroupA_exclusive	TK92	SNV			1	0
ENSG00000242236	RN7SL594P	GroupA_exclusive	TK93	SNV			1	0
ENSG00000244236	RN7SL604P	GroupA_exclusive	TK93	SNV			1	0
ENSG00000265566	RN7SL605P	GroupA_exclusive	TK92	SNV			1	0
ENSG00000243847	RN7SL610P	GroupA_exclusive	TK91	SNV			1	0
ENSG00000265777	RN7SL624P	GroupA_exclusive	TK92	SNV			1	0
ENSG00000277467	RN7SL628P	GroupA_exclusive	TK10	SNV			1	0
ENSG00000264978	RN7SL630P	GroupA_exclusive	TK93	SNV			1	0
ENSG00000243702	RN7SL638P	GroupA_exclusive	TK93	SNV			1	0
ENSG00000243770	RN7SL65P	GroupA_exclusive	TK93	SNV			1	0
ENSG00000278746	RN7SL660P	GroupA_exclusive	TK93	SNV			1	0
ENSG00000273818	RN7SL673P	GroupA_exclusive	TK93	SNV			1	0
ENSG00000239899	RN7SL674P	GroupA_exclusive	TK93	SNV			1	0
ENSG00000242863	RN7SL677P	GroupA_exclusive	TK92	SNV			1	0
ENSG00000263969	RN7SL678P	GroupA_exclusive	TK92	SNV			1	0
ENSG00000243854	RN7SL67P	GroupA_exclusive	TK91	SNV			1	0
ENSG00000242020	RN7SL68P	GroupA_exclusive	TK18	SNV			1	0
ENSG00000241172	RN7SL70P	GroupA_exclusive	TK92	SNV			1	0
ENSG00000263558	RN7SL716P	GroupA_exclusive	TK92	SNV			1	0
ENSG00000264618	RN7SL732P	GroupA_exclusive	TK92	SNV			1	0
ENSG00000244044	RN7SL735P	GroupA_exclusive	TK93	SNV			1	0
ENSG00000243954	RN7SL743P	GroupA_exclusive	TK16	SNV			1	0
ENSG00000242182	RN7SL745P	GroupA_exclusive	TK16	SNV			1	0
ENSG00000239822	RN7SL754P	GroupA_exclusive	TK93	INDEL,SNV			1	0
ENSG00000272469	RN7SL760P	GroupA_exclusive	TK92	SNV			1	0
ENSG00000240317	RN7SL764P	GroupA_exclusive	TK93	SNV			1	0
ENSG00000263882	RN7SL774P	GroupA_exclusive	TK92	SNV			1	0
ENSG00000243370	RN7SL775P	GroupA_exclusive	TK18	SNV			1	0
ENSG00000243782	RN7SL78P	GroupA_exclusive	TK91	SNV			1	0
ENSG00000241230	RN7SL801P	GroupA_exclusive	TK92	SNV			1	0
ENSG00000266185	RN7SL804P	GroupA_exclusive	TK93	SNV			1	0
ENSG00000242719	RN7SL806P	GroupA_exclusive	TK93	INDEL			1	0
ENSG00000241074	RN7SL813P	GroupA_exclusive	TK93	SNV			1	0
ENSG00000276200	RN7SL820P	GroupA_exclusive	TK91	SNV			1	0
ENSG00000263595	RN7SL823P	GroupA_exclusive	TK91	SNV			1	0
ENSG00000271986	RN7SL827P	GroupA_exclusive	TK92	SNV			1	0
ENSG00000244080	RN7SL833P	GroupA_exclusive	TK16	INDEL			1	0
ENSG00000239319	RN7SL854P	GroupA_exclusive	TK93	SNV			1	0
ENSG00000243173	RN7SL861P	GroupA_exclusive	TK93	SNV			1	0
ENSG00000243352	RN7SL8P	GroupA_exclusive	TK92	SNV			1	0
ENSG00000222921	RNA5SP104	GroupA_exclusive	TK93	SNV			1	0
ENSG00000271924	RNA5SP108	GroupA_exclusive	TK10	SNV			1	0
ENSG00000222317	RNA5SP118	GroupA_exclusive	TK91	SNV			1	0
ENSG00000200114	RNA5SP123	GroupA_exclusive	TK16	SNV			1	0
ENSG00000201210	RNA5SP139	GroupA_exclusive	TK92	SNV			1	0
ENSG00000201736	RNA5SP160	GroupA_exclusive	TK92	SNV			1	0
ENSG00000202056	RNA5SP19	GroupA_exclusive	TK10	SNV			1	0
ENSG00000222308	RNA5SP198	GroupA_exclusive	TK93	SNV			1	0
ENSG00000251785	RNA5SP20	GroupA_exclusive	TK93	SNV			1	0
ENSG00000222248	RNA5SP201	GroupA_exclusive	TK92	SNV			1	0
ENSG00000251768	RNA5SP217	GroupA_exclusive	TK18	SNV			1	0
ENSG00000212242	RNA5SP219	GroupA_exclusive	TK10	SNV			1	0
ENSG00000223203	RNA5SP221	GroupA_exclusive	TK10	SNV			1	0
ENSG00000252848	RNA5SP230	GroupA_exclusive	TK92	SNV			1	0
ENSG00000252179	RNA5SP255	GroupA_exclusive	TK92	SNV			1	0
ENSG00000252261	RNA5SP262	GroupA_exclusive	TK10	SNV			1	0
ENSG00000202474	RNA5SP283	GroupA_exclusive	TK18	SNV			1	0
ENSG00000238405	RNA5SP311	GroupA_exclusive	TK10	SNV			1	0
ENSG00000252877	RNA5SP312	GroupA_exclusive	TK92	SNV			1	0
ENSG00000252149	RNA5SP315	GroupA_exclusive	TK92	SNV			1	0
ENSG00000252072	RNA5SP320	GroupA_exclusive	TK93	SNV			1	0
ENSG00000252496	RNA5SP33	GroupA_exclusive	TK91	SNV			1	0
ENSG00000222427	RNA5SP338	GroupA_exclusive	TK18	SNV			1	0
ENSG00000201942	RNA5SP363	GroupA_exclusive	TK91	SNV			1	0
ENSG00000201168	RNA5SP368	GroupA_exclusive	TK93	SNV			1	0
ENSG00000252714	RNA5SP392	GroupA_exclusive	TK10	SNV			1	0
ENSG00000252376	RNA5SP395	GroupA_exclusive	TK10	SNV			1	0
ENSG00000252680	RNA5SP449	GroupA_exclusive	TK92	SNV			1	0
ENSG00000200527	RNA5SP457	GroupA_exclusive	TK92	SNV			1	0
ENSG00000252539	RNA5SP462	GroupA_exclusive	TK92	SNV			1	0
ENSG00000199806	RNA5SP491	GroupA_exclusive	TK93	SNV			1	0
ENSG00000200473	RNA5SP507	GroupA_exclusive	TK92	SNV			1	0
ENSG00000201447	RNA5SP509	GroupA_exclusive	TK92	SNV			1	0
ENSG00000252650	RNA5SP75	GroupA_exclusive	TK10	INDEL			1	0
ENSG00000201492	RNA5SP78	GroupA_exclusive	TK10	SNV			1	0
ENSG00000202430	RNA5SP88	GroupA_exclusive	TK93	SNV			1	0
ENSG00000258818	RNASE4	GroupA_exclusive	TK10	SNV			1	0
ENSG00000213110	RNF11P1	GroupA_exclusive	TK92	SNV			1	0
ENSG00000227563	RNF11P2	GroupA_exclusive	TK92	SNV			1	0
ENSG00000133135	RNF128	GroupA_exclusive	TK92	SNV			1	0
ENSG00000267128	RNF157-AS1	GroupA_exclusive	TK10	SNV			1	0
ENSG00000114125	RNF7	GroupA_exclusive	TK93	SNV			1	0
ENSG00000239831	RNF7P1	GroupA_exclusive	TK91	SNV			1	0
ENSG00000206791	RNU1-129P	GroupA_exclusive	TK92	SNV			1	0
ENSG00000199805	RNU1-134P	GroupA_exclusive	TK16	SNV			1	0
ENSG00000202215	RNU1-51P	GroupA_exclusive	TK18	SNV			1	0
ENSG00000238554	RNU1-88P	GroupA_exclusive	TK10	SNV			1	0
ENSG00000201616	RNU1-91P	GroupA_exclusive	TK93	SNV			1	0
ENSG00000274978	RNU11	GroupA_exclusive	TK18	SNV			1	0
ENSG00000223156	RNU2-18P	GroupA_exclusive	TK92	SNV			1	0
ENSG00000222357	RNU2-20P	GroupA_exclusive	TK93	SNV			1	0
ENSG00000222328	RNU2-2P	GroupA_exclusive	TK93	SNV			1	0
ENSG00000222629	RNU2-42P	GroupA_exclusive	TK91	SNV			1	0
ENSG00000252847	RNU2-46P	GroupA_exclusive	TK93	SNV			1	0
ENSG00000277084	RNU2-4P	GroupA_exclusive	TK93	SNV			1	0
ENSG00000222640	RNU2-51P	GroupA_exclusive	TK92	SNV			1	0
ENSG00000222800	RNU2-62P	GroupA_exclusive	TK92	SNV			1	0
ENSG00000251870	RNU2-69P	GroupA_exclusive	TK10	SNV			1	0
ENSG00000222650	RNU2-70P	GroupA_exclusive	TK93	SNV			1	0
ENSG00000200795	RNU4-1	GroupA_exclusive	TK16	SNV			1	0
ENSG00000222821	RNU4-27P	GroupA_exclusive	TK92	SNV			1	0
ENSG00000201342	RNU4-38P	GroupA_exclusive	TK92	SNV			1	0
ENSG00000206936	RNU4-52P	GroupA_exclusive	TK91	SNV			1	0
ENSG00000252237	RNU4-54P	GroupA_exclusive	TK91	SNV			1	0
ENSG00000222872	RNU4-78P	GroupA_exclusive	TK92	INDEL,SNV			1	0
ENSG00000200431	RNU4-81P	GroupA_exclusive	TK91	SNV			1	0
ENSG00000222067	RNU4-86P	GroupA_exclusive	TK93	SNV			1	0
ENSG00000272359	RNU4-89P	GroupA_exclusive	TK16	SNV			1	0
ENSG00000264229	RNU4ATAC	GroupA_exclusive	TK10	SNV			1	0
ENSG00000199568	RNU5A-1	GroupA_exclusive	TK18	INDEL			1	0
ENSG00000254172	RNU5A-3P	GroupA_exclusive	TK92	SNV			1	0
ENSG00000222986	RNU5A-5P	GroupA_exclusive	TK92	SNV			1	0
ENSG00000200972	RNU5A-8P	GroupA_exclusive	TK93	SNV			1	0
ENSG00000200376	RNU5E-10P	GroupA_exclusive	TK10	INDEL			1	0
ENSG00000252390	RNU5F-4P	GroupA_exclusive	TK92	INDEL			1	0
ENSG00000207194	RNU6-1026P	GroupA_exclusive	TK93	SNV			1	0
ENSG00000202205	RNU6-1034P	GroupA_exclusive	TK91	SNV			1	0
ENSG00000252659	RNU6-1088P	GroupA_exclusive	TK93	SNV			1	0
ENSG00000207505	RNU6-1105P	GroupA_exclusive	TK16	SNV			1	0
ENSG00000201687	RNU6-1107P	GroupA_exclusive	TK92	SNV			1	0
ENSG00000200455	RNU6-1112P	GroupA_exclusive	TK16	SNV			1	0
ENSG00000207255	RNU6-1117P	GroupA_exclusive	TK92	SNV			1	0
ENSG00000201390	RNU6-1141P	GroupA_exclusive	TK92	SNV			1	0
ENSG00000207185	RNU6-1157P	GroupA_exclusive	TK18	SNV			1	0
ENSG00000201180	RNU6-115P	GroupA_exclusive	TK92	INDEL			1	0
ENSG00000201298	RNU6-1164P	GroupA_exclusive	TK93	SNV			1	0
ENSG00000201641	RNU6-1187P	GroupA_exclusive	TK91	SNV			1	0
ENSG00000223181	RNU6-1199P	GroupA_exclusive	TK93	SNV			1	0
ENSG00000206954	RNU6-1201P	GroupA_exclusive	TK92	SNV			1	0
ENSG00000252994	RNU6-1231P	GroupA_exclusive	TK91	SNV			1	0
ENSG00000252686	RNU6-1234P	GroupA_exclusive	TK91	SNV			1	0
ENSG00000253024	RNU6-1238P	GroupA_exclusive	TK92	SNV			1	0
ENSG00000202025	RNU6-1240P	GroupA_exclusive	TK18	SNV			1	0
ENSG00000252348	RNU6-1256P	GroupA_exclusive	TK10	SNV			1	0
ENSG00000207355	RNU6-1257P	GroupA_exclusive	TK16	SNV			1	0
ENSG00000252494	RNU6-126P	GroupA_exclusive	TK92	SNV			1	0
ENSG00000202242	RNU6-1276P	GroupA_exclusive	TK91	SNV			1	0
ENSG00000200350	RNU6-1285P	GroupA_exclusive	TK10	SNV			1	0
ENSG00000206703	RNU6-128P	GroupA_exclusive	TK92	SNV			1	0
ENSG00000207334	RNU6-12P	GroupA_exclusive	TK92	SNV			1	0
ENSG00000202089	RNU6-1306P	GroupA_exclusive	TK92	SNV			1	0
ENSG00000207459	RNU6-1311P	GroupA_exclusive	TK10	SNV			1	0
ENSG00000206969	RNU6-1316P	GroupA_exclusive	TK91	SNV			1	0
ENSG00000202172	RNU6-1327P	GroupA_exclusive	TK10	SNV			1	0
ENSG00000206975	RNU6-13P	GroupA_exclusive	TK91	SNV			1	0
ENSG00000206746	RNU6-142P	GroupA_exclusive	TK93	SNV			1	0
ENSG00000222338	RNU6-174P	GroupA_exclusive	TK93	SNV			1	0
ENSG00000206985	RNU6-198P	GroupA_exclusive	TK93	SNV			1	0
ENSG00000252929	RNU6-218P	GroupA_exclusive	TK91	INDEL,SNV			1	0
ENSG00000222777	RNU6-233P	GroupA_exclusive	TK92	SNV			1	0
ENSG00000200560	RNU6-288P	GroupA_exclusive	TK91	SNV			1	0
ENSG00000207367	RNU6-29P	GroupA_exclusive	TK92	SNV			1	0
ENSG00000201725	RNU6-304P	GroupA_exclusive	TK18	SNV			1	0
ENSG00000207347	RNU6-306P	GroupA_exclusive	TK92	SNV			1	0
ENSG00000212259	RNU6-308P	GroupA_exclusive	TK93	SNV			1	0
ENSG00000199536	RNU6-315P	GroupA_exclusive	TK91	SNV			1	0
ENSG00000207116	RNU6-31P	GroupA_exclusive	TK91	SNV			1	0
ENSG00000251819	RNU6-322P	GroupA_exclusive	TK16	SNV			1	0
ENSG00000253739	RNU6-323P	GroupA_exclusive	TK91	SNV			1	0
ENSG00000206675	RNU6-32P	GroupA_exclusive	TK92	SNV			1	0
ENSG00000223263	RNU6-387P	GroupA_exclusive	TK18	SNV			1	0
ENSG00000202532	RNU6-395P	GroupA_exclusive	TK16	INDEL,SNV			1	0
ENSG00000207072	RNU6-39P	GroupA_exclusive	TK92	SNV			1	0
ENSG00000252839	RNU6-419P	GroupA_exclusive	TK91	SNV			1	0
ENSG00000252887	RNU6-430P	GroupA_exclusive	TK91	SNV			1	0
ENSG00000252157	RNU6-479P	GroupA_exclusive	TK92	SNV			1	0
ENSG00000206921	RNU6-481P	GroupA_exclusive	TK92	INDEL			1	0
ENSG00000206743	RNU6-484P	GroupA_exclusive	TK18	SNV			1	0
ENSG00000253063	RNU6-494P	GroupA_exclusive	TK92	SNV			1	0
ENSG00000212541	RNU6-510P	GroupA_exclusive	TK92	SNV			1	0
ENSG00000207448	RNU6-520P	GroupA_exclusive	TK93	SNV			1	0
ENSG00000223280	RNU6-57P	GroupA_exclusive	TK93	SNV			1	0
ENSG00000202029	RNU6-580P	GroupA_exclusive	TK92	SNV			1	0
ENSG00000200814	RNU6-595P	GroupA_exclusive	TK92	SNV			1	0
ENSG00000200388	RNU6-618P	GroupA_exclusive	TK92	SNV			1	0
ENSG00000200224	RNU6-626P	GroupA_exclusive	TK91	SNV			1	0
ENSG00000201519	RNU6-645P	GroupA_exclusive	TK92	SNV			1	0
ENSG00000207336	RNU6-658P	GroupA_exclusive	TK93	SNV			1	0
ENSG00000206924	RNU6-689P	GroupA_exclusive	TK92	SNV			1	0
ENSG00000272055	RNU6-6P	GroupA_exclusive	TK93	SNV			1	0
ENSG00000201654	RNU6-7	GroupA_exclusive	TK92	SNV			1	0
ENSG00000206944	RNU6-708P	GroupA_exclusive	TK92	SNV			1	0
ENSG00000202491	RNU6-716P	GroupA_exclusive	TK10	SNV			1	0
ENSG00000252172	RNU6-720P	GroupA_exclusive	TK18	SNV			1	0
ENSG00000252549	RNU6-759P	GroupA_exclusive	TK93	SNV			1	0
ENSG00000202337	RNU6-8	GroupA_exclusive	TK10	SNV			1	0
ENSG00000202513	RNU6-805P	GroupA_exclusive	TK93	SNV			1	0
ENSG00000252614	RNU6-807P	GroupA_exclusive	TK93	SNV			1	0
ENSG00000201176	RNU6-853P	GroupA_exclusive	TK91	SNV			1	0
ENSG00000274607	RNU6-866P	GroupA_exclusive	TK92	SNV			1	0
ENSG00000199260	RNU6-874P	GroupA_exclusive	TK92	SNV			1	0
ENSG00000207308	RNU6-878P	GroupA_exclusive	TK92	SNV			1	0
ENSG00000201198	RNU6-879P	GroupA_exclusive	TK92	SNV			1	0
ENSG00000272507	RNU6-88P	GroupA_exclusive	TK92	SNV			1	0
ENSG00000206848	RNU6-890P	GroupA_exclusive	TK18	SNV			1	0
ENSG00000212146	RNU6-910P	GroupA_exclusive	TK10	SNV			1	0
ENSG00000271819	RNU6-94P	GroupA_exclusive	TK93	SNV			1	0
ENSG00000278099	RNVU1-2A	GroupA_exclusive	TK18	SNV			1	0
ENSG00000286172	RNVU1-8	GroupA_exclusive	TK93	SNV			1	0
ENSG00000202354	RNY3	GroupA_exclusive	TK93	SNV			1	0
ENSG00000201955	RNY3P1	GroupA_exclusive	TK93	SNV			1	0
ENSG00000202412	RNY3P13	GroupA_exclusive	TK92	SNV			1	0
ENSG00000207036	RNY3P14	GroupA_exclusive	TK92	SNV			1	0
ENSG00000201818	RNY4P17	GroupA_exclusive	TK93	SNV			1	0
ENSG00000252034	RNY4P37	GroupA_exclusive	TK16	SNV			1	0
ENSG00000229478	ROBO2P1	GroupA_exclusive	TK93	SNV			1	0
ENSG00000169071	ROR2	GroupA_exclusive	TK92	INDEL,SNV			1	0
ENSG00000259482	RORA-AS2	GroupA_exclusive	TK18	SNV			1	0
ENSG00000104237	RP1	GroupA_exclusive	TK91	SNV			1	0
ENSG00000204086	RPA4	GroupA_exclusive	TK16	SNV			1	0
ENSG00000270874	RPAP2P1	GroupA_exclusive	TK93	INDEL,SNV			1	0
ENSG00000234158	RPEP2	GroupA_exclusive	TK93	SNV			1	0
ENSG00000262294	RPH3AL-AS2	GroupA_exclusive	TK92	SNV			1	0
ENSG00000260031	RPL10P14	GroupA_exclusive	TK91	SNV			1	0
ENSG00000227394	RPL11P1	GroupA_exclusive	TK92	SNV			1	0
ENSG00000213613	RPL11P3	GroupA_exclusive	TK16	SNV			1	0
ENSG00000230993	RPL12P15	GroupA_exclusive	TK92	SNV			1	0
ENSG00000242314	RPL12P32	GroupA_exclusive	TK93	SNV			1	0
ENSG00000243007	RPL12P35	GroupA_exclusive	TK92	SNV			1	0
ENSG00000243516	RPL12P40	GroupA_exclusive	TK93	SNV			1	0
ENSG00000232687	RPL12P9	GroupA_exclusive	TK10	SNV			1	0
ENSG00000231322	RPL13AP17	GroupA_exclusive	TK18	SNV			1	0
ENSG00000241890	RPL13P4	GroupA_exclusive	TK91	SNV			1	0
ENSG00000241634	RPL13P8	GroupA_exclusive	TK10	SNV			1	0
ENSG00000243402	RPL15P12	GroupA_exclusive	TK93	SNV			1	0
ENSG00000241723	RPL15P6	GroupA_exclusive	TK93	SNV			1	0
ENSG00000242135	RPL17P2	GroupA_exclusive	TK91	SNV			1	0
ENSG00000231965	RPL17P29	GroupA_exclusive	TK91	SNV			1	0
ENSG00000243844	RPL17P33	GroupA_exclusive	TK93	SNV			1	0
ENSG00000213041	RPL17P8	GroupA_exclusive	TK93	SNV			1	0
ENSG00000223733	RPL18AP14	GroupA_exclusive	TK93	SNV			1	0
ENSG00000244485	RPL18P13	GroupA_exclusive	TK18	SNV			1	0
ENSG00000226915	RPL19P4	GroupA_exclusive	TK91	SNV			1	0
ENSG00000241640	RPL21P113	GroupA_exclusive	TK92	SNV			1	0
ENSG00000240238	RPL21P117	GroupA_exclusive	TK92	SNV			1	0
ENSG00000240531	RPL21P123	GroupA_exclusive	TK92	SNV			1	0
ENSG00000244527	RPL21P128	GroupA_exclusive	TK92	SNV			1	0
ENSG00000235482	RPL21P135	GroupA_exclusive	TK93	SNV			1	0
ENSG00000239465	RPL21P15	GroupA_exclusive	TK91	SNV			1	0
ENSG00000232037	RPL21P29	GroupA_exclusive	TK91	SNV			1	0
ENSG00000227187	RPL21P31	GroupA_exclusive	TK92	SNV			1	0
ENSG00000238180	RPL21P34	GroupA_exclusive	TK93	SNV			1	0
ENSG00000242318	RPL21P48	GroupA_exclusive	TK92	SNV			1	0
ENSG00000241187	RPL21P57	GroupA_exclusive	TK10	SNV			1	0
ENSG00000239199	RPL21P6	GroupA_exclusive	TK92	SNV			1	0
ENSG00000216718	RPL21P68	GroupA_exclusive	TK91	SNV			1	0
ENSG00000216480	RPL21P69	GroupA_exclusive	TK92	SNV			1	0
ENSG00000237551	RPL21P74	GroupA_exclusive	TK93	SNV			1	0
ENSG00000241026	RPL21P77	GroupA_exclusive	TK93	SNV			1	0
ENSG00000241678	RPL21P94	GroupA_exclusive	TK92	SNV			1	0
ENSG00000241782	RPL21P95	GroupA_exclusive	TK93	SNV			1	0
ENSG00000242986	RPL21P99	GroupA_exclusive	TK10	SNV			1	0
ENSG00000241129	RPL22P19	GroupA_exclusive	TK92	INDEL			1	0
ENSG00000225483	RPL22P4	GroupA_exclusive	TK16	SNV			1	0
ENSG00000230988	RPL23AP11	GroupA_exclusive	TK93	INDEL			1	0
ENSG00000236679	RPL23AP24	GroupA_exclusive	TK92	SNV			1	0
ENSG00000232568	RPL23AP35	GroupA_exclusive	TK18	SNV			1	0
ENSG00000184423	RPL23AP38	GroupA_exclusive	TK93	SNV			1	0
ENSG00000224085	RPL23AP41	GroupA_exclusive	TK91	INDEL,SNV			1	0
ENSG00000219814	RPL23AP47	GroupA_exclusive	TK18	SNV			1	0
ENSG00000243422	RPL23AP49	GroupA_exclusive	TK92	SNV			1	0
ENSG00000232778	RPL23AP50	GroupA_exclusive	TK92	SNV			1	0
ENSG00000243265	RPL23AP55	GroupA_exclusive	TK92	SNV			1	0
ENSG00000280012	RPL23AP61	GroupA_exclusive	TK93	SNV			1	0
ENSG00000213233	RPL23AP62	GroupA_exclusive	TK91	SNV			1	0
ENSG00000239840	RPL23AP72	GroupA_exclusive	TK92	SNV			1	0
ENSG00000213035	RPL23AP80	GroupA_exclusive	TK10	SNV			1	0
ENSG00000234135	RPL23AP83	GroupA_exclusive	TK10	SNV			1	0
ENSG00000271153	RPL23AP88	GroupA_exclusive	TK18	SNV			1	0
ENSG00000219451	RPL23P8	GroupA_exclusive	TK92	SNV			1	0
ENSG00000233829	RPL26P15	GroupA_exclusive	TK91	SNV			1	0
ENSG00000244229	RPL26P35	GroupA_exclusive	TK91	SNV			1	0
ENSG00000233741	RPL27P7	GroupA_exclusive	TK93	SNV			1	0
ENSG00000237041	RPL27P8	GroupA_exclusive	TK93	SNV			1	0
ENSG00000236722	RPL27P9	GroupA_exclusive	TK16	SNV			1	0
ENSG00000225513	RPL29P20	GroupA_exclusive	TK10	SNV			1	0
ENSG00000241286	RPL29P25	GroupA_exclusive	TK93	SNV			1	0
ENSG00000243730	RPL29P3	GroupA_exclusive	TK92	SNV			1	0
ENSG00000245970	RPL30-AS1	GroupA_exclusive	TK16	INDEL,SNV			1	0
ENSG00000243256	RPL30P14	GroupA_exclusive	TK91	INDEL,SNV			1	0
ENSG00000234272	RPL30P2	GroupA_exclusive	TK92	SNV			1	0
ENSG00000213075	RPL31P11	GroupA_exclusive	TK91	SNV			1	0
ENSG00000227309	RPL31P19	GroupA_exclusive	TK93	INDEL,SNV			1	0
ENSG00000213291	RPL31P39	GroupA_exclusive	TK91	SNV			1	0
ENSG00000243164	RPL31P48	GroupA_exclusive	TK92	SNV			1	0
ENSG00000256358	RPL31P57	GroupA_exclusive	TK93	SNV			1	0
ENSG00000213157	RPL32P10	GroupA_exclusive	TK92	SNV			1	0
ENSG00000243537	RPL32P20	GroupA_exclusive	TK93	SNV			1	0
ENSG00000241157	RPL32P32	GroupA_exclusive	TK93	SNV			1	0
ENSG00000236325	RPL32P5	GroupA_exclusive	TK92	SNV			1	0
ENSG00000230240	RPL34P19	GroupA_exclusive	TK92	INDEL,SNV			1	0
ENSG00000231508	RPL34P20	GroupA_exclusive	TK93	SNV			1	0
ENSG00000244267	RPL34P22	GroupA_exclusive	TK10	SNV			1	0
ENSG00000239223	RPL34P31	GroupA_exclusive	TK91	SNV			1	0
ENSG00000241282	RPL34P33	GroupA_exclusive	TK92	SNV			1	0
ENSG00000234075	RPL35AP	GroupA_exclusive	TK92	INDEL,SNV			1	0
ENSG00000241103	RPL35AP11	GroupA_exclusive	TK91	SNV			1	0
ENSG00000233460	RPL35AP31	GroupA_exclusive	TK10	SNV			1	0
ENSG00000243404	RPL35AP32	GroupA_exclusive	TK93	SNV			1	0
ENSG00000239256	RPL35AP35	GroupA_exclusive	TK91	SNV			1	0
ENSG00000224856	RPL35AP36	GroupA_exclusive	TK92	SNV			1	0
ENSG00000237991	RPL35P1	GroupA_exclusive	TK91	SNV			1	0
ENSG00000235369	RPL36AP15	GroupA_exclusive	TK10	SNV			1	0
ENSG00000240298	RPL36AP40	GroupA_exclusive	TK10	SNV			1	0
ENSG00000240366	RPL36AP45	GroupA_exclusive	TK92	SNV			1	0
ENSG00000213180	RPL36AP48	GroupA_exclusive	TK91	INDEL,SNV			1	0
ENSG00000228007	RPL36AP7	GroupA_exclusive	TK93	SNV			1	0
ENSG00000215905	RPL36P5	GroupA_exclusive	TK93	SNV			1	0
ENSG00000215369	RPL37P3	GroupA_exclusive	TK10	SNV			1	0
ENSG00000244422	RPL38P3	GroupA_exclusive	TK91	SNV			1	0
ENSG00000229468	RPL39P18	GroupA_exclusive	TK10	SNV			1	0
ENSG00000227271	RPL39P25	GroupA_exclusive	TK93	SNV			1	0
ENSG00000242134	RPL5P13	GroupA_exclusive	TK92	SNV			1	0
ENSG00000213051	RPL5P5	GroupA_exclusive	TK93	SNV			1	0
ENSG00000213917	RPL5P8	GroupA_exclusive	TK92	SNV			1	0
ENSG00000218476	RPL6P18	GroupA_exclusive	TK91	SNV			1	0
ENSG00000253646	RPL6P32	GroupA_exclusive	TK10	SNV			1	0
ENSG00000242390	RPL6P9	GroupA_exclusive	TK16	SNV			1	0
ENSG00000229757	RPL7AP21	GroupA_exclusive	TK93	SNV			1	0
ENSG00000256243	RPL7AP3	GroupA_exclusive	TK91	SNV			1	0
ENSG00000213312	RPL7AP34	GroupA_exclusive	TK10	SNV			1	0
ENSG00000224475	RPL7AP40	GroupA_exclusive	TK92	SNV			1	0
ENSG00000225354	RPL7AP52	GroupA_exclusive	TK93	SNV			1	0
ENSG00000235962	RPL7AP53	GroupA_exclusive	TK92	SNV			1	0
ENSG00000241008	RPL7AP55	GroupA_exclusive	TK91	SNV			1	0
ENSG00000240554	RPL7AP58	GroupA_exclusive	TK91	INDEL			1	0
ENSG00000234566	RPL7AP71	GroupA_exclusive	TK92	SNV			1	0
ENSG00000231995	RPL7AP76	GroupA_exclusive	TK93	SNV			1	0
ENSG00000230507	RPL7AP8	GroupA_exclusive	TK91	SNV			1	0
ENSG00000234619	RPL7P11	GroupA_exclusive	TK92	SNV			1	0
ENSG00000227770	RPL7P12	GroupA_exclusive	TK92	SNV			1	0
ENSG00000254252	RPL7P20	GroupA_exclusive	TK92	INDEL			1	0
ENSG00000218632	RPL7P28	GroupA_exclusive	TK93	SNV			1	0
ENSG00000215236	RPL7P33	GroupA_exclusive	TK93	SNV			1	0
ENSG00000187504	RPL7P48	GroupA_exclusive	TK92	SNV			1	0
ENSG00000242931	RPL7P49	GroupA_exclusive	TK91	SNV			1	0
ENSG00000228599	RPL7P52	GroupA_exclusive	TK91	SNV			1	0
ENSG00000225918	RPL7P59	GroupA_exclusive	TK93	SNV			1	0
ENSG00000214142	RPL7P60	GroupA_exclusive	TK92	SNV			1	0
ENSG00000216676	RPL8P1	GroupA_exclusive	TK93	SNV			1	0
ENSG00000185078	RPL9P14	GroupA_exclusive	TK91	SNV			1	0
ENSG00000239510	RPL9P5	GroupA_exclusive	TK91	SNV			1	0
ENSG00000244705	RPLP0P10	GroupA_exclusive	TK91	SNV			1	0
ENSG00000243686	RPLP1P11	GroupA_exclusive	TK91	SNV			1	0
ENSG00000232163	RPLP1P13	GroupA_exclusive	TK91	SNV			1	0
ENSG00000214374	RPLP2P1	GroupA_exclusive	TK10	SNV			1	0
ENSG00000240443	RPS10P20	GroupA_exclusive	TK91	INDEL,SNV			1	0
ENSG00000227791	RPS10P9	GroupA_exclusive	TK92	SNV			1	0
ENSG00000214047	RPS11P7	GroupA_exclusive	TK93	SNV			1	0
ENSG00000233163	RPS12P17	GroupA_exclusive	TK18	SNV			1	0
ENSG00000236533	RPS12P4	GroupA_exclusive	TK91	SNV			1	0
ENSG00000243314	RPS12P7	GroupA_exclusive	TK91	SNV			1	0
ENSG00000236913	RPS13P3	GroupA_exclusive	TK92	SNV			1	0
ENSG00000237827	RPS15AP29	GroupA_exclusive	TK92	SNV			1	0
ENSG00000242675	RPS16P9	GroupA_exclusive	TK10	SNV			1	0
ENSG00000224706	RPS17P13	GroupA_exclusive	TK92	SNV			1	0
ENSG00000060303	RPS17P5	GroupA_exclusive	TK92	SNV			1	0
ENSG00000234637	RPS19P6	GroupA_exclusive	TK91	SNV			1	0
ENSG00000140988	RPS2	GroupA_exclusive	TK10	SNV			1	0
ENSG00000241942	RPS20P20	GroupA_exclusive	TK91	SNV			1	0
ENSG00000239218	RPS20P22	GroupA_exclusive	TK92	SNV			1	0
ENSG00000236862	RPS20P24	GroupA_exclusive	TK93	SNV			1	0
ENSG00000218198	RPS20P32	GroupA_exclusive	TK10	SNV			1	0
ENSG00000237162	RPS20P9	GroupA_exclusive	TK92	SNV			1	0
ENSG00000239527	RPS23P7	GroupA_exclusive	TK92	SNV			1	0
ENSG00000232142	RPS25P9	GroupA_exclusive	TK91	SNV			1	0
ENSG00000233278	RPS26P2	GroupA_exclusive	TK91	SNV			1	0
ENSG00000242829	RPS26P21	GroupA_exclusive	TK16	SNV			1	0
ENSG00000242199	RPS26P22	GroupA_exclusive	TK92	SNV			1	0
ENSG00000242206	RPS26P35	GroupA_exclusive	TK91	SNV			1	0
ENSG00000234192	RPS26P38	GroupA_exclusive	TK91	SNV			1	0
ENSG00000227586	RPS26P39	GroupA_exclusive	TK10	SNV			1	0
ENSG00000242307	RPS26P52	GroupA_exclusive	TK91	SNV			1	0
ENSG00000225224	RPS27AP12	GroupA_exclusive	TK93	SNV			1	0
ENSG00000232333	RPS27AP2	GroupA_exclusive	TK92	SNV			1	0
ENSG00000226144	RPS27AP3	GroupA_exclusive	TK93	SNV			1	0
ENSG00000237483	RPS27AP8	GroupA_exclusive	TK92	SNV			1	0
ENSG00000218459	RPS27P15	GroupA_exclusive	TK93	SNV			1	0
ENSG00000240385	RPS29P20	GroupA_exclusive	TK93	SNV			1	0
ENSG00000241913	RPS29P21	GroupA_exclusive	TK10	SNV			1	0
ENSG00000240873	RPS29P22	GroupA_exclusive	TK93	SNV			1	0
ENSG00000233717	RPS29P29	GroupA_exclusive	TK92	SNV			1	0
ENSG00000224279	RPS29P31	GroupA_exclusive	TK91	SNV			1	0
ENSG00000230777	RPS29P5	GroupA_exclusive	TK93	SNV			1	0
ENSG00000177776	RPS2P2	GroupA_exclusive	TK93	SNV			1	0
ENSG00000244019	RPS2P24	GroupA_exclusive	TK92	SNV			1	0
ENSG00000238172	RPS2P35	GroupA_exclusive	TK92	SNV			1	0
ENSG00000240698	RPS2P39	GroupA_exclusive	TK91	SNV			1	0
ENSG00000243609	RPS2P44	GroupA_exclusive	TK92	SNV			1	0
ENSG00000236804	RPS3AP12	GroupA_exclusive	TK93	SNV			1	0
ENSG00000230783	RPS3AP13	GroupA_exclusive	TK92	SNV			1	0
ENSG00000237818	RPS3AP29	GroupA_exclusive	TK92	SNV			1	0
ENSG00000228744	RPS3AP30	GroupA_exclusive	TK91	SNV			1	0
ENSG00000244289	RPS3AP35	GroupA_exclusive	TK92	SNV			1	0
ENSG00000214362	RPS3AP36	GroupA_exclusive	TK93	SNV			1	0
ENSG00000239481	RPS3AP41	GroupA_exclusive	TK92	SNV			1	0
ENSG00000242278	RPS3AP48	GroupA_exclusive	TK93	SNV			1	0
ENSG00000227578	RPS3AP53	GroupA_exclusive	TK92	SNV			1	0
ENSG00000242058	RPS4XP19	GroupA_exclusive	TK91	SNV			1	0
ENSG00000239830	RPS4XP22	GroupA_exclusive	TK92	SNV			1	0
ENSG00000244073	RPS4XP6	GroupA_exclusive	TK92	SNV			1	0
ENSG00000224598	RPS5P2	GroupA_exclusive	TK91	SNV			1	0
ENSG00000237730	RPS5P8	GroupA_exclusive	TK91	SNV			1	0
ENSG00000231654	RPS6KA2-AS1	GroupA_exclusive	TK93	SNV			1	0
ENSG00000233309	RPS6P12	GroupA_exclusive	TK10	SNV			1	0
ENSG00000213269	RPS6P26	GroupA_exclusive	TK93	SNV			1	0
ENSG00000237432	RPS7P12	GroupA_exclusive	TK93	SNV			1	0
ENSG00000244002	RPSAP39	GroupA_exclusive	TK10	SNV			1	0
ENSG00000244131	RPSAP51	GroupA_exclusive	TK91	SNV			1	0
ENSG00000214263	RPSAP53	GroupA_exclusive	TK92	SNV			1	0
ENSG00000266858	RPSAP67	GroupA_exclusive	TK91	SNV			1	0
ENSG00000233487	RPSAP69	GroupA_exclusive	TK93	SNV			1	0
ENSG00000258633	RRAGAP1-AS1	GroupA_exclusive	TK10	SNV			1	0
ENSG00000229781	RRN3P4	GroupA_exclusive	TK92	SNV			1	0
ENSG00000265402	RSL24D1P9	GroupA_exclusive	TK91	SNV			1	0
ENSG00000213659	RSU1P3	GroupA_exclusive	TK93	SNV			1	0
ENSG00000225165	RTRAFP2	GroupA_exclusive	TK93	SNV			1	0
ENSG00000198853	RUSC2	GroupA_exclusive	TK91	INDEL			1	0
ENSG00000236592	S100A11P2	GroupA_exclusive	TK92	SNV			1	0
ENSG00000270747	S100A11P9	GroupA_exclusive	TK93	SNV			1	0
ENSG00000163221	S100A12	GroupA_exclusive	TK10	SNV			1	0
ENSG00000173432	SAA1	GroupA_exclusive	TK16	SNV			1	0
ENSG00000262480	SAMD11P1	GroupA_exclusive	TK92	SNV			1	0
ENSG00000224488	SAMM50P1	GroupA_exclusive	TK92	SNV			1	0
ENSG00000223873	SAP18P2	GroupA_exclusive	TK18	SNV			1	0
ENSG00000230697	SAP18P3	GroupA_exclusive	TK92	SNV			1	0
ENSG00000213644	SAPCD2P1	GroupA_exclusive	TK91	SNV			1	0
ENSG00000225665	SAR1AP3	GroupA_exclusive	TK91	SNV			1	0
ENSG00000104835	SARS2	GroupA_exclusive	TK92	SNV			1	0
ENSG00000130066	SAT1	GroupA_exclusive	TK18	SNV			1	0
ENSG00000248522	SBF1P1	GroupA_exclusive	TK91	SNV			1	0
ENSG00000224339	SC4MOP	GroupA_exclusive	TK91	SNV			1	0
ENSG00000227500	SCAMP4	GroupA_exclusive	TK10	SNV			1	0
ENSG00000252947	SCARNA1	GroupA_exclusive	TK93	SNV			1	0
ENSG00000252712	SCARNA14	GroupA_exclusive	TK93	SNV			1	0
ENSG00000251992	SCARNA17	GroupA_exclusive	TK10	SNV			1	0
ENSG00000251791	SCARNA6	GroupA_exclusive	TK93	SNV			1	0
ENSG00000168515	SCGB1D1	GroupA_exclusive	TK91	SNV			1	0
ENSG00000164265	SCGB3A2	GroupA_exclusive	TK92	SNV			1	0
ENSG00000116171	SCP2	GroupA_exclusive	TK16	SNV			1	0
ENSG00000285843	SCYGR9	GroupA_exclusive	TK92	SNV			1	0
ENSG00000226705	SDCBPP1	GroupA_exclusive	TK93	SNV			1	0
ENSG00000274529	SEBOX	GroupA_exclusive	TK91	SNV			1	0
ENSG00000226098	SEC11B	GroupA_exclusive	TK18	SNV			1	0
ENSG00000219532	SELENOKP2	GroupA_exclusive	TK93	SNV			1	0
ENSG00000271585	SELENOTP2	GroupA_exclusive	TK91	SNV			1	0
ENSG00000137872	SEMA6D	GroupA_exclusive	TK18	SNV			1	0
ENSG00000251155	SEPTIN14P4	GroupA_exclusive	TK10	SNV			1	0
ENSG00000217929	SEPTIN14P6	GroupA_exclusive	TK93	SNV			1	0
ENSG00000259090	SEPTIN7P1	GroupA_exclusive	TK91	SNV			1	0
ENSG00000248885	SEPTIN7P10	GroupA_exclusive	TK92	SNV			1	0
ENSG00000291108	SEPTIN7P11	GroupA_exclusive	TK10	SNV			1	0
ENSG00000229000	SEPTIN7P8	GroupA_exclusive	TK92	SNV			1	0
ENSG00000123561	SERPINA7	GroupA_exclusive	TK91	SNV			1	0
ENSG00000197632	SERPINB2	GroupA_exclusive	TK10	SNV			1	0
ENSG00000223707	SFR1P2	GroupA_exclusive	TK93	SNV			1	0
ENSG00000234304	SGO1P2	GroupA_exclusive	TK10	SNV			1	0
ENSG00000224660	SH3BP5-AS1	GroupA_exclusive	TK18	INDEL			1	0
ENSG00000280693	SH3PXD2A-AS1	GroupA_exclusive	TK18	SNV			1	0
ENSG00000250072	SH3TC2-DT	GroupA_exclusive	TK92	SNV			1	0
ENSG00000267691	SHC1P2	GroupA_exclusive	TK10	SNV			1	0
ENSG00000203397	SHISA5P2	GroupA_exclusive	TK91	SNV			1	0
ENSG00000188803	SHISA6	GroupA_exclusive	TK93	SNV			1	0
ENSG00000254415	SIGLEC14	GroupA_exclusive	TK10	SNV			1	0
ENSG00000268581	SIGLEC18P	GroupA_exclusive	TK93	SNV			1	0
ENSG00000125900	SIRPD	GroupA_exclusive	TK93	SNV			1	0
ENSG00000146477	SLC22A3	GroupA_exclusive	TK10	SNV			1	0
ENSG00000185052	SLC24A3	GroupA_exclusive	TK93	SNV			1	0
ENSG00000249288	SLC25A15P5	GroupA_exclusive	TK18	SNV			1	0
ENSG00000251015	SLC25A30-AS1	GroupA_exclusive	TK16	SNV			1	0
ENSG00000236253	SLC25A3P1	GroupA_exclusive	TK10	SNV			1	0
ENSG00000145832	SLC25A48	GroupA_exclusive	TK92	SNV			1	0
ENSG00000251045	SLC25A48-AS1	GroupA_exclusive	TK10	SNV			1	0
ENSG00000213673	SLC25A5P3	GroupA_exclusive	TK92	SNV			1	0
ENSG00000232203	SLC25A6P2	GroupA_exclusive	TK93	SNV			1	0
ENSG00000232846	SLC25A6P3	GroupA_exclusive	TK92	SNV			1	0
ENSG00000233705	SLC26A4-AS1	GroupA_exclusive	TK91	SNV			1	0
ENSG00000197506	SLC28A3	GroupA_exclusive	TK10	SNV			1	0
ENSG00000233262	SLC28A3-AS1	GroupA_exclusive	TK10	SNV			1	0
ENSG00000164756	SLC30A8	GroupA_exclusive	TK10	INDEL,SNV			1	0
ENSG00000224426	SLC31A1P1	GroupA_exclusive	TK16	SNV			1	0
ENSG00000238286	SLC35E1P1	GroupA_exclusive	TK92	SNV			1	0
ENSG00000164729	SLC35G3	GroupA_exclusive	TK92	SNV			1	0
ENSG00000188338	SLC38A3	GroupA_exclusive	TK18	SNV			1	0
ENSG00000271631	SLC46A2-AS1	GroupA_exclusive	TK91	INDEL			1	0
ENSG00000142494	SLC47A1	GroupA_exclusive	TK18	SNV			1	0
ENSG00000236401	SLC4A1APP2	GroupA_exclusive	TK18	SNV			1	0
ENSG00000271065	SLC4A8-AS1	GroupA_exclusive	TK92	SNV			1	0
ENSG00000186198	SLC51B	GroupA_exclusive	TK18	SNV			1	0
ENSG00000132164	SLC6A11	GroupA_exclusive	TK91	SNV			1	0
ENSG00000072041	SLC6A15	GroupA_exclusive	TK10	INDEL,SNV			1	0
ENSG00000003989	SLC7A2	GroupA_exclusive	TK93	SNV			1	0
ENSG00000249138	SLED1	GroupA_exclusive	TK93	SNV			1	0
ENSG00000248222	SLIT3-AS1	GroupA_exclusive	TK91	SNV			1	0
ENSG00000254042	SLIT3-AS2	GroupA_exclusive	TK93	SNV			1	0
ENSG00000179542	SLITRK4	GroupA_exclusive	TK91	SNV			1	0
ENSG00000288869	SMANTIS	GroupA_exclusive	TK92	SNV			1	0
ENSG00000084070	SMAP2	GroupA_exclusive	TK92	SNV			1	0
ENSG00000235042	SMARCAL1-AS1	GroupA_exclusive	TK92	SNV			1	0
ENSG00000226309	SMARCE1P2	GroupA_exclusive	TK93	SNV			1	0
ENSG00000214097	SMCO1	GroupA_exclusive	TK18	SNV			1	0
ENSG00000179256	SMCO3	GroupA_exclusive	TK93	SNV			1	0
ENSG00000278941	SMG6-IT1	GroupA_exclusive	TK91	SNV			1	0
ENSG00000271284	SMIM12P1	GroupA_exclusive	TK93	SNV			1	0
ENSG00000139656	SMIM2	GroupA_exclusive	TK93	SNV			1	0
ENSG00000262543	SMIM28	GroupA_exclusive	TK91	SNV			1	0
ENSG00000248771	SMIM31	GroupA_exclusive	TK18	SNV			1	0
ENSG00000271824	SMIM32	GroupA_exclusive	TK92	SNV			1	0
ENSG00000203870	SMIM9	GroupA_exclusive	TK92	SNV			1	0
ENSG00000205571	SMN2	GroupA_exclusive	TK91	SNV			1	0
ENSG00000223553	SMPD4P1	GroupA_exclusive	TK91	SNV			1	0
ENSG00000188176	SMTNL2	GroupA_exclusive	TK93	SNV			1	0
ENSG00000173267	SNCG	GroupA_exclusive	TK16	SNV			1	0
ENSG00000197989	SNHG12	GroupA_exclusive	TK18	SNV			1	0
ENSG00000267322	SNHG22	GroupA_exclusive	TK93	SNV			1	0
ENSG00000266402	SNHG25	GroupA_exclusive	TK93	SNV			1	0
ENSG00000207187	SNORA10B	GroupA_exclusive	TK92	SNV			1	0
ENSG00000221102	SNORA11B	GroupA_exclusive	TK93	SNV			1	0
ENSG00000212464	SNORA12	GroupA_exclusive	TK93	SNV			1	0
ENSG00000276161	SNORA17B	GroupA_exclusive	TK10	SNV			1	0
ENSG00000253051	SNORA31B	GroupA_exclusive	TK18	SNV			1	0
ENSG00000222370	SNORA36B	GroupA_exclusive	TK92	SNV			1	0
ENSG00000273544	SNORA44	GroupA_exclusive	TK93	SNV			1	0
ENSG00000238961	SNORA47	GroupA_exclusive	TK92	SNV			1	0
ENSG00000199266	SNORA60	GroupA_exclusive	TK92	SNV			1	0
ENSG00000201448	SNORA63C	GroupA_exclusive	TK92	SNV			1	0
ENSG00000207405	SNORA64	GroupA_exclusive	TK93	SNV			1	0
ENSG00000207165	SNORA70	GroupA_exclusive	TK18	SNV			1	0
ENSG00000201944	SNORA72	GroupA_exclusive	TK91	SNV			1	0
ENSG00000265733	SNORA74C-1	GroupA_exclusive	TK92	SNV			1	0
ENSG00000273587	SNORA78	GroupA_exclusive	TK16	SNV			1	0
ENSG00000206754	SNORD101	GroupA_exclusive	TK91	SNV			1	0
ENSG00000209645	SNORD105	GroupA_exclusive	TK16	SNV			1	0
ENSG00000207174	SNORD116-15	GroupA_exclusive	TK93	SNV			1	0
ENSG00000207001	SNORD116-2	GroupA_exclusive	TK10	SNV			1	0
ENSG00000278715	SNORD116-20	GroupA_exclusive	TK16	SNV			1	0
ENSG00000201785	SNORD117	GroupA_exclusive	TK10	SNV			1	0
ENSG00000209042	SNORD12C	GroupA_exclusive	TK10	SNV			1	0
ENSG00000238311	SNORD13E	GroupA_exclusive	TK92	SNV			1	0
ENSG00000202529	SNORD18B	GroupA_exclusive	TK10	SNV			1	0
ENSG00000222345	SNORD19C	GroupA_exclusive	TK10	SNV			1	0
ENSG00000207280	SNORD20	GroupA_exclusive	TK91	INDEL			1	0
ENSG00000221803	SNORD23	GroupA_exclusive	TK16	SNV			1	0
ENSG00000252128	SNORD27	GroupA_exclusive	TK93	SNV			1	0
ENSG00000199744	SNORD36A	GroupA_exclusive	TK18	SNV			1	0
ENSG00000281859	SNORD38B	GroupA_exclusive	TK91	SNV			1	0
ENSG00000280704	SNORD3E	GroupA_exclusive	TK93	SNV			1	0
ENSG00000238597	SNORD4B	GroupA_exclusive	TK10	SNV			1	0
ENSG00000238650	SNORD54	GroupA_exclusive	TK10	SNV			1	0
ENSG00000212534	SNORD70	GroupA_exclusive	TK93	SNV			1	0
ENSG00000212296	SNORD72	GroupA_exclusive	TK10	SNV			1	0
ENSG00000208797	SNORD73A	GroupA_exclusive	TK92	SNV			1	0
ENSG00000251878	SNORD79	GroupA_exclusive	TK16	SNV			1	0
ENSG00000200785	SNORD8	GroupA_exclusive	TK16	SNV			1	0
ENSG00000202400	SNORD82	GroupA_exclusive	TK93	SNV			1	0
ENSG00000212163	SNORD91A	GroupA_exclusive	TK91	SNV			1	0
ENSG00000283551	SNORD98	GroupA_exclusive	TK91	SNV			1	0
ENSG00000255522	SNRPCP5	GroupA_exclusive	TK91	SNV			1	0
ENSG00000230299	SNRPEP11	GroupA_exclusive	TK91	SNV			1	0
ENSG00000225642	SNRPEP5	GroupA_exclusive	TK91	SNV			1	0
ENSG00000217824	SNRPEP6	GroupA_exclusive	TK93	SNV			1	0
ENSG00000225990	SNRPEP7	GroupA_exclusive	TK91	SNV			1	0
ENSG00000224543	SNRPGP15	GroupA_exclusive	TK91	SNV			1	0
ENSG00000264350	SNRPGP2	GroupA_exclusive	TK92	SNV			1	0
ENSG00000239919	SNRPGP3	GroupA_exclusive	TK10	SNV			1	0
ENSG00000273173	SNURF	GroupA_exclusive	TK10	SNV			1	0
ENSG00000249337	SNX18P25	GroupA_exclusive	TK93	SNV			1	0
ENSG00000275144	SNX18P5	GroupA_exclusive	TK93	SNV			1	0
ENSG00000231390	SNX18P8	GroupA_exclusive	TK16	SNV			1	0
ENSG00000270585	SNX2P1	GroupA_exclusive	TK10	SNV			1	0
ENSG00000174226	SNX31	GroupA_exclusive	TK10	SNV			1	0
ENSG00000215120	SOCS6P1	GroupA_exclusive	TK18	SNV			1	0
ENSG00000278631	SOWAHCP5	GroupA_exclusive	TK93	SNV			1	0
ENSG00000110693	SOX6	GroupA_exclusive	TK93	SNV			1	0
ENSG00000234899	SOX9-AS1	GroupA_exclusive	TK18	SNV			1	0
ENSG00000235387	SPAAR	GroupA_exclusive	TK92	SNV			1	0
ENSG00000269959	SPACA6-AS1	GroupA_exclusive	TK10	SNV			1	0
ENSG00000104450	SPAG1	GroupA_exclusive	TK92	SNV			1	0
ENSG00000277215	SPANXA2-OT1	GroupA_exclusive	TK93	SNV			1	0
ENSG00000198573	SPANXC	GroupA_exclusive	TK16	SNV			1	0
ENSG00000276040	SPATA31A7	GroupA_exclusive	TK10	SNV			1	0
ENSG00000270623	SPCS2P2	GroupA_exclusive	TK10	SNV			1	0
ENSG00000275976	SPDYE11	GroupA_exclusive	TK92	SNV			1	0
ENSG00000262461	SPDYE9	GroupA_exclusive	TK93	SNV			1	0
ENSG00000100014	SPECC1L	GroupA_exclusive	TK18	SNV			1	0
ENSG00000166211	SPIC	GroupA_exclusive	TK92	SNV			1	0
ENSG00000196800	SPINK14	GroupA_exclusive	TK92	SNV			1	0
ENSG00000229453	SPINK8	GroupA_exclusive	TK92	SNV			1	0
ENSG00000175093	SPSB4	GroupA_exclusive	TK92	SNV			1	0
ENSG00000183888	SRARP	GroupA_exclusive	TK10	SNV			1	0
ENSG00000258485	SRMP2	GroupA_exclusive	TK92	SNV			1	0
ENSG00000271052	SRP14P5	GroupA_exclusive	TK92	SNV			1	0
ENSG00000227689	SRP68P2	GroupA_exclusive	TK93	SNV			1	0
ENSG00000267717	SRSF10P1	GroupA_exclusive	TK16	SNV			1	0
ENSG00000256779	SRSF8BP	GroupA_exclusive	TK92	SNV			1	0
ENSG00000214754	SRSF8CP	GroupA_exclusive	TK92	SNV			1	0
ENSG00000008324	SS18L2	GroupA_exclusive	TK10	SNV			1	0
ENSG00000232525	SS18L2P1	GroupA_exclusive	TK92	SNV			1	0
ENSG00000084112	SSH1	GroupA_exclusive	TK16	SNV			1	0
ENSG00000230268	SSU72L6	GroupA_exclusive	TK91	SNV			1	0
ENSG00000187754	SSX7	GroupA_exclusive	TK92	SNV			1	0
ENSG00000157965	SSX8P	GroupA_exclusive	TK93	SNV			1	0
ENSG00000004866	ST7	GroupA_exclusive	TK91	SNV			1	0
ENSG00000204832	ST8SIA6-AS1	GroupA_exclusive	TK10	SNV			1	0
ENSG00000232412	STAG2-AS1	GroupA_exclusive	TK93	SNV			1	0
ENSG00000159167	STC1	GroupA_exclusive	TK10	SNV			1	0
ENSG00000230079	STK24P1	GroupA_exclusive	TK92	SNV			1	0
ENSG00000166763	STRCP1	GroupA_exclusive	TK16	INDEL			1	0
ENSG00000143093	STRIP1	GroupA_exclusive	TK92	SNV			1	0
ENSG00000117758	STX12	GroupA_exclusive	TK91	SNV			1	0
ENSG00000124222	STX16	GroupA_exclusive	TK18	SNV			1	0
ENSG00000166900	STX3	GroupA_exclusive	TK10	SNV			1	0
ENSG00000162236	STX5	GroupA_exclusive	TK18	INDEL,SNV			1	0
ENSG00000270296	STX8P1	GroupA_exclusive	TK91	SNV			1	0
ENSG00000145087	STXBP5L	GroupA_exclusive	TK92	SNV			1	0
ENSG00000258737	SUB1P2	GroupA_exclusive	TK91	SNV			1	0
ENSG00000197165	SULT1A2	GroupA_exclusive	TK93	SNV			1	0
ENSG00000198203	SULT1C2	GroupA_exclusive	TK92	SNV			1	0
ENSG00000138068	SULT6B1	GroupA_exclusive	TK18	SNV			1	0
ENSG00000241721	SUMO1P1	GroupA_exclusive	TK18	SNV			1	0
ENSG00000271096	SUMO2P14	GroupA_exclusive	TK93	SNV			1	0
ENSG00000228976	SUMO2P8	GroupA_exclusive	TK93	SNV			1	0
ENSG00000213246	SUPT4H1	GroupA_exclusive	TK92	INDEL			1	0
ENSG00000226247	SUPT4H1P1	GroupA_exclusive	TK10	SNV			1	0
ENSG00000248127	SV2C-AS1	GroupA_exclusive	TK93	SNV			1	0
ENSG00000233496	SYNJ2-IT1	GroupA_exclusive	TK91	SNV			1	0
ENSG00000204176	SYT15	GroupA_exclusive	TK10	SNV			1	0
ENSG00000139973	SYT16	GroupA_exclusive	TK92	SNV			1	0
ENSG00000132872	SYT4	GroupA_exclusive	TK10	SNV			1	0
ENSG00000147526	TACC1	GroupA_exclusive	TK18	SNV			1	0
ENSG00000224920	TACC1P1	GroupA_exclusive	TK92	SNV			1	0
ENSG00000184292	TACSTD2	GroupA_exclusive	TK16	SNV			1	0
ENSG00000249156	TAF11L12	GroupA_exclusive	TK91	SNV			1	0
ENSG00000267692	TAF9P3	GroupA_exclusive	TK91	SNV			1	0
ENSG00000224467	TANK-AS1	GroupA_exclusive	TK91	INDEL			1	0
ENSG00000169777	TAS2R1	GroupA_exclusive	TK92	INDEL,SNV			1	0
ENSG00000185899	TAS2R60	GroupA_exclusive	TK92	SNV			1	0
ENSG00000189375	TBC1D28	GroupA_exclusive	TK92	SNV			1	0
ENSG00000238283	TBC1D3P1	GroupA_exclusive	TK10	SNV			1	0
ENSG00000122145	TBX22	GroupA_exclusive	TK10	SNV			1	0
ENSG00000170379	TCAF2	GroupA_exclusive	TK91	SNV			1	0
ENSG00000224031	TCEAL3-AS1	GroupA_exclusive	TK92	SNV			1	0
ENSG00000271174	TCEAL8P1	GroupA_exclusive	TK91	SNV			1	0
ENSG00000230098	TCERG1L-AS1	GroupA_exclusive	TK92	SNV			1	0
ENSG00000176907	TCIM	GroupA_exclusive	TK18	SNV			1	0
ENSG00000100721	TCL1A	GroupA_exclusive	TK10	SNV			1	0
ENSG00000183514	TDGF1P2	GroupA_exclusive	TK91	SNV			1	0
ENSG00000156414	TDRD9	GroupA_exclusive	TK92	SNV			1	0
ENSG00000204091	TDRG1	GroupA_exclusive	TK10	SNV			1	0
ENSG00000119913	TECTB	GroupA_exclusive	TK93	SNV			1	0
ENSG00000251336	TEMN3-AS1	GroupA_exclusive	TK18	SNV			1	0
ENSG00000145934	TENM2	GroupA_exclusive	TK10	SNV			1	0
ENSG00000249311	TERF1P3	GroupA_exclusive	TK91	SNV			1	0
ENSG00000223824	TERF1P6	GroupA_exclusive	TK91	SNV			1	0
ENSG00000282419	TEX13D	GroupA_exclusive	TK10	INDEL,SNV			1	0
ENSG00000175664	TEX26	GroupA_exclusive	TK10	SNV			1	0
ENSG00000224743	TEX26-AS1	GroupA_exclusive	TK10	SNV			1	0
ENSG00000226674	TEX41	GroupA_exclusive	TK18	SNV			1	0
ENSG00000230444	TFAMP1	GroupA_exclusive	TK91	SNV			1	0
ENSG00000217227	TFGP1	GroupA_exclusive	TK92	SNV			1	0
ENSG00000163810	TGM4	GroupA_exclusive	TK93	SNV			1	0
ENSG00000267676	THA1P	GroupA_exclusive	TK18	SNV			1	0
ENSG00000176946	THAP4	GroupA_exclusive	TK18	SNV			1	0
ENSG00000276107	THBS1-IT1	GroupA_exclusive	TK16	SNV			1	0
ENSG00000130193	THEM6	GroupA_exclusive	TK10	SNV			1	0
ENSG00000229442	THEMIS3P	GroupA_exclusive	TK10	SNV			1	0
ENSG00000235920	THRAP3P3	GroupA_exclusive	TK92	SNV			1	0
ENSG00000285160	THSD1P1	GroupA_exclusive	TK16	SNV			1	0
ENSG00000154096	THY1	GroupA_exclusive	TK16	SNV			1	0
ENSG00000263873	THY1-AS1	GroupA_exclusive	TK10	INDEL,SNV			1	0
ENSG00000243414	TICAM2	GroupA_exclusive	TK91	SNV			1	0
ENSG00000107807	TLX1	GroupA_exclusive	TK10	SNV			1	0
ENSG00000163762	TM4SF18	GroupA_exclusive	TK10	SNV			1	0
ENSG00000142484	TM4SF5	GroupA_exclusive	TK92	INDEL,SNV			1	0
ENSG00000165091	TMC1	GroupA_exclusive	TK18	SNV			1	0
ENSG00000103534	TMC5	GroupA_exclusive	TK16	SNV			1	0
ENSG00000253318	TMCC1P1	GroupA_exclusive	TK91	SNV			1	0
ENSG00000215296	TMCO5B	GroupA_exclusive	TK18	INDEL,SNV			1	0
ENSG00000284730	TMDD1	GroupA_exclusive	TK93	INDEL			1	0
ENSG00000179178	TMEM125	GroupA_exclusive	TK16	SNV			1	0
ENSG00000187806	TMEM202	GroupA_exclusive	TK16	SNV			1	0
ENSG00000131634	TMEM204	GroupA_exclusive	TK10	SNV			1	0
ENSG00000198398	TMEM207	GroupA_exclusive	TK91	SNV			1	0
ENSG00000234717	TMEM212-AS1	GroupA_exclusive	TK10	INDEL,SNV			1	0
ENSG00000237645	TMEM229BP1	GroupA_exclusive	TK91	SNV			1	0
ENSG00000262583	TMEM231P1	GroupA_exclusive	TK92	SNV			1	0
ENSG00000224982	TMEM233	GroupA_exclusive	TK93	SNV			1	0
ENSG00000203756	TMEM244	GroupA_exclusive	TK10	SNV			1	0
ENSG00000284701	TMEM247	GroupA_exclusive	TK91	SNV			1	0
ENSG00000181778	TMEM252	GroupA_exclusive	TK92	SNV			1	0
ENSG00000226337	TMEM252-DT	GroupA_exclusive	TK92	SNV			1	0
ENSG00000236248	TMEM258P1	GroupA_exclusive	TK91	SNV			1	0
ENSG00000070269	TMEM260	GroupA_exclusive	TK92	SNV			1	0
ENSG00000273238	TMEM271	GroupA_exclusive	TK10	SNV			1	0
ENSG00000126950	TMEM35A	GroupA_exclusive	TK92	SNV			1	0
ENSG00000177800	TMEM78	GroupA_exclusive	TK10	INDEL			1	0
ENSG00000198092	TMPRSS11F	GroupA_exclusive	TK92	SNV			1	0
ENSG00000154620	TMSB4Y	GroupA_exclusive	TK10	SNV			1	0
ENSG00000232810	TNF	GroupA_exclusive	TK18	SNV			1	0
ENSG00000237661	TNIP2P1	GroupA_exclusive	TK93	SNV			1	0
ENSG00000249085	TNPO1-DT	GroupA_exclusive	TK92	INDEL			1	0
ENSG00000223923	TNS1-AS1	GroupA_exclusive	TK93	SNV			1	0
ENSG00000224829	TOMM20P1	GroupA_exclusive	TK93	SNV			1	0
ENSG00000225155	TOMM22P5	GroupA_exclusive	TK92	SNV			1	0
ENSG00000205456	TP53TG3D	GroupA_exclusive	TK10	SNV			1	0
ENSG00000227589	TP73-AS3	GroupA_exclusive	TK18	SNV			1	0
ENSG00000261594	TPBGL	GroupA_exclusive	TK10	SNV			1	0
ENSG00000255136	TPBGL-AS1	GroupA_exclusive	TK18	SNV			1	0
ENSG00000179636	TPPP2	GroupA_exclusive	TK10	SNV			1	0
ENSG00000188001	TPRG1	GroupA_exclusive	TK93	SNV			1	0
ENSG00000234076	TPRG1-AS1	GroupA_exclusive	TK93	SNV			1	0
ENSG00000260452	TPRKBP2	GroupA_exclusive	TK92	SNV			1	0
ENSG00000239995	TPT1P11	GroupA_exclusive	TK92	SNV			1	0
ENSG00000256817	TPT1P12	GroupA_exclusive	TK93	SNV			1	0
ENSG00000214108	TPT1P5	GroupA_exclusive	TK91	SNV			1	0
ENSG00000219491	TPT1P8	GroupA_exclusive	TK10	SNV			1	0
ENSG00000231053	TRAPPC2LP1	GroupA_exclusive	TK92	SNV			1	0
ENSG00000211751	TRBC1	GroupA_exclusive	TK16	SNV			1	0
ENSG00000211769	TRBJ2-5	GroupA_exclusive	TK16	SNV			1	0
ENSG00000278030	TRBV7-9	GroupA_exclusive	TK92	SNV			1	0
ENSG00000161911	TREML1	GroupA_exclusive	TK93	SNV			1	0
ENSG00000236333	TRHDE-AS1	GroupA_exclusive	TK10	SNV			1	0
ENSG00000204614	TRIM40	GroupA_exclusive	TK18	SNV			1	0
ENSG00000250227	TRIM60P14	GroupA_exclusive	TK91	SNV			1	0
ENSG00000214891	TRIM64C	GroupA_exclusive	TK10	SNV			1	0
ENSG00000265262	TRMT112P3	GroupA_exclusive	TK92	SNV			1	0
ENSG00000182048	TRPC2	GroupA_exclusive	TK10	SNV			1	0
ENSG00000226874	TRPC6P10	GroupA_exclusive	TK16	SNV			1	0
ENSG00000213265	TSGA13	GroupA_exclusive	TK91	SNV			1	0
ENSG00000121297	TSHZ3	GroupA_exclusive	TK10	SNV			1	0
ENSG00000270641	TSIX	GroupA_exclusive	TK92	SNV			1	0
ENSG00000116918	TSNAX	GroupA_exclusive	TK10	INDEL			1	0
ENSG00000256197	TSPAN9-IT1	GroupA_exclusive	TK93	SNV			1	0
ENSG00000239774	TTC14-DT	GroupA_exclusive	TK93	SNV			1	0
ENSG00000261664	TTC39A-AS1	GroupA_exclusive	TK18	SNV			1	0
ENSG00000230319	TTLL1-AS1	GroupA_exclusive	TK92	SNV			1	0
ENSG00000170703	TTLL6	GroupA_exclusive	TK10	SNV			1	0
ENSG00000232808	TTTY20	GroupA_exclusive	TK18	SNV			1	0
ENSG00000248332	TUB-AS1	GroupA_exclusive	TK10	SNV			1	0
ENSG00000183785	TUBA8	GroupA_exclusive	TK92	SNV			1	0
ENSG00000247763	TUBAP14	GroupA_exclusive	TK92	SNV			1	0
ENSG00000237361	TUSC8	GroupA_exclusive	TK10	SNV			1	0
ENSG00000223584	TVP23CP1	GroupA_exclusive	TK91	INDEL			1	0
ENSG00000233608	TWIST2	GroupA_exclusive	TK10	SNV			1	0
ENSG00000213540	TXN2P1	GroupA_exclusive	TK92	SNV			1	0
ENSG00000228236	TXNP5	GroupA_exclusive	TK93	SNV			1	0
ENSG00000199851	U3	GroupA_exclusive	TK93	SNV			1	0
ENSG00000200693	U3	GroupA_exclusive	TK10	SNV			1	0
ENSG00000212539	U3	GroupA_exclusive	TK92	INDEL,SNV			1	0
ENSG00000221633	U3	GroupA_exclusive	TK93	SNV			1	0
ENSG00000283442	U4	GroupA_exclusive	TK92	SNV			1	0
ENSG00000283313	U6	GroupA_exclusive	TK91	SNV			1	0
ENSG00000283575	U6	GroupA_exclusive	TK92	INDEL			1	0
ENSG00000273629	U7	GroupA_exclusive	TK18	SNV			1	0
ENSG00000213886	UBD	GroupA_exclusive	TK91	SNV			1	0
ENSG00000244036	UBE2H-DT	GroupA_exclusive	TK10	SNV			1	0
ENSG00000253677	UBE2HP1	GroupA_exclusive	TK93	SNV			1	0
ENSG00000276380	UBE2NL	GroupA_exclusive	TK93	SNV			1	0
ENSG00000233909	UBE2V1P4	GroupA_exclusive	TK91	SNV			1	0
ENSG00000229667	UBE2V1P9	GroupA_exclusive	TK10	SNV			1	0
ENSG00000186150	UBL4B	GroupA_exclusive	TK16	SNV			1	0
ENSG00000260224	UBL5P4	GroupA_exclusive	TK10	SNV			1	0
ENSG00000241635	UGT1A1	GroupA_exclusive	TK10	SNV			1	0
ENSG00000135220	UGT2A3	GroupA_exclusive	TK10	SNV			1	0
ENSG00000171234	UGT2B7	GroupA_exclusive	TK91	SNV			1	0
ENSG00000228277	UMLILO	GroupA_exclusive	TK93	SNV			1	0
ENSG00000144406	UNC80	GroupA_exclusive	TK92	SNV			1	0
ENSG00000270343	UNGP3	GroupA_exclusive	TK16	SNV			1	0
ENSG00000007001	UPP2	GroupA_exclusive	TK93	SNV			1	0
ENSG00000249928	UQCRBP3	GroupA_exclusive	TK93	SNV			1	0
ENSG00000229375	USP24P1	GroupA_exclusive	TK91	SNV			1	0
ENSG00000154914	USP43	GroupA_exclusive	TK10	SNV			1	0
ENSG00000129204	USP6	GroupA_exclusive	TK91	SNV			1	0
ENSG00000238154	USP9YP4	GroupA_exclusive	TK92	SNV			1	0
ENSG00000226116	USP9YP6	GroupA_exclusive	TK91	SNV			1	0
ENSG00000227660	UST-AS1	GroupA_exclusive	TK92	SNV			1	0
ENSG00000259849	VENTXP1	GroupA_exclusive	TK92	SNV			1	0
ENSG00000102243	VGLL1	GroupA_exclusive	TK16	SNV			1	0
ENSG00000170162	VGLL2	GroupA_exclusive	TK10	SNV			1	0
ENSG00000216762	VN1R13P	GroupA_exclusive	TK10	SNV			1	0
ENSG00000235818	VN1R17P	GroupA_exclusive	TK92	SNV			1	0
ENSG00000233121	VN1R20P	GroupA_exclusive	TK93	SNV			1	0
ENSG00000230361	VN1R32P	GroupA_exclusive	TK91	SNV			1	0
ENSG00000232109	VN1R54P	GroupA_exclusive	TK18	SNV			1	0
ENSG00000276400	VN1R9P	GroupA_exclusive	TK16	SNV			1	0
ENSG00000253948	VPS13B-DT	GroupA_exclusive	TK92	SNV			1	0
ENSG00000255273	VPS51P14	GroupA_exclusive	TK91	SNV			1	0
ENSG00000227759	VTI1BP4	GroupA_exclusive	TK91	SNV			1	0
ENSG00000278815	Vault	GroupA_exclusive	TK16	SNV			1	0
ENSG00000123154	WDR83	GroupA_exclusive	TK91	SNV			1	0
ENSG00000290722	WDR87BP	GroupA_exclusive	TK92	SNV			1	0
ENSG00000168703	WFDC12	GroupA_exclusive	TK18	SNV			1	0
ENSG00000124116	WFDC3	GroupA_exclusive	TK93	SNV			1	0
ENSG00000061492	WNT8A	GroupA_exclusive	TK92	INDEL			1	0
ENSG00000227447	XGY1	GroupA_exclusive	TK18	SNV			1	0
ENSG00000221947	XKR9	GroupA_exclusive	TK18	SNV			1	0
ENSG00000228242	XPC-AS1	GroupA_exclusive	TK18	SNV			1	0
ENSG00000233303	XXYLT1-AS1	GroupA_exclusive	TK18	SNV			1	0
ENSG00000240002	YBX1P3	GroupA_exclusive	TK91	SNV			1	0
ENSG00000251389	YTHDF1P1	GroupA_exclusive	TK93	SNV			1	0
ENSG00000276715	YWHAEP7	GroupA_exclusive	TK92	SNV			1	0
ENSG00000231643	YWHAQP8	GroupA_exclusive	TK92	INDEL,SNV			1	0
ENSG00000259148	YWHAZP1	GroupA_exclusive	TK92	SNV			1	0
ENSG00000199357	Y_RNA	GroupA_exclusive	TK92	SNV			1	0
ENSG00000199440	Y_RNA	GroupA_exclusive	TK93	SNV			1	0
ENSG00000199565	Y_RNA	GroupA_exclusive	TK16	INDEL			1	0
ENSG00000199635	Y_RNA	GroupA_exclusive	TK92	SNV			1	0
ENSG00000199716	Y_RNA	GroupA_exclusive	TK91	SNV			1	0
ENSG00000199732	Y_RNA	GroupA_exclusive	TK91	SNV			1	0
ENSG00000199755	Y_RNA	GroupA_exclusive	TK93	INDEL			1	0
ENSG00000199781	Y_RNA	GroupA_exclusive	TK92	SNV			1	0
ENSG00000199979	Y_RNA	GroupA_exclusive	TK93	SNV			1	0
ENSG00000200120	Y_RNA	GroupA_exclusive	TK91	SNV			1	0
ENSG00000200256	Y_RNA	GroupA_exclusive	TK92	SNV			1	0
ENSG00000200314	Y_RNA	GroupA_exclusive	TK92	INDEL			1	0
ENSG00000200332	Y_RNA	GroupA_exclusive	TK18	SNV			1	0
ENSG00000200391	Y_RNA	GroupA_exclusive	TK91	SNV			1	0
ENSG00000200742	Y_RNA	GroupA_exclusive	TK92	SNV			1	0
ENSG00000200788	Y_RNA	GroupA_exclusive	TK92	SNV			1	0
ENSG00000201034	Y_RNA	GroupA_exclusive	TK92	SNV			1	0
ENSG00000201228	Y_RNA	GroupA_exclusive	TK18	SNV			1	0
ENSG00000201239	Y_RNA	GroupA_exclusive	TK10	SNV			1	0
ENSG00000201340	Y_RNA	GroupA_exclusive	TK93	SNV			1	0
ENSG00000201421	Y_RNA	GroupA_exclusive	TK92	SNV			1	0
ENSG00000201432	Y_RNA	GroupA_exclusive	TK91	SNV			1	0
ENSG00000201451	Y_RNA	GroupA_exclusive	TK16	SNV			1	0
ENSG00000201563	Y_RNA	GroupA_exclusive	TK92	SNV			1	0
ENSG00000201820	Y_RNA	GroupA_exclusive	TK92	SNV			1	0
ENSG00000201830	Y_RNA	GroupA_exclusive	TK91	SNV			1	0
ENSG00000201916	Y_RNA	GroupA_exclusive	TK10	SNV			1	0
ENSG00000202141	Y_RNA	GroupA_exclusive	TK91	SNV			1	0
ENSG00000202279	Y_RNA	GroupA_exclusive	TK93	SNV			1	0
ENSG00000202399	Y_RNA	GroupA_exclusive	TK16	SNV			1	0
ENSG00000202414	Y_RNA	GroupA_exclusive	TK10	SNV			1	0
ENSG00000202459	Y_RNA	GroupA_exclusive	TK93	INDEL			1	0
ENSG00000206651	Y_RNA	GroupA_exclusive	TK10	SNV			1	0
ENSG00000206659	Y_RNA	GroupA_exclusive	TK91	SNV			1	0
ENSG00000206679	Y_RNA	GroupA_exclusive	TK91	SNV			1	0
ENSG00000206704	Y_RNA	GroupA_exclusive	TK91	SNV			1	0
ENSG00000206779	Y_RNA	GroupA_exclusive	TK91	SNV			1	0
ENSG00000206805	Y_RNA	GroupA_exclusive	TK91	SNV			1	0
ENSG00000206808	Y_RNA	GroupA_exclusive	TK93	SNV			1	0
ENSG00000206813	Y_RNA	GroupA_exclusive	TK91	SNV			1	0
ENSG00000206816	Y_RNA	GroupA_exclusive	TK10	INDEL			1	0
ENSG00000206822	Y_RNA	GroupA_exclusive	TK91	SNV			1	0
ENSG00000206824	Y_RNA	GroupA_exclusive	TK10	SNV			1	0
ENSG00000206895	Y_RNA	GroupA_exclusive	TK93	SNV			1	0
ENSG00000206995	Y_RNA	GroupA_exclusive	TK93	SNV			1	0
ENSG00000207127	Y_RNA	GroupA_exclusive	TK18	SNV			1	0
ENSG00000207425	Y_RNA	GroupA_exclusive	TK93	SNV			1	0
ENSG00000207426	Y_RNA	GroupA_exclusive	TK91	SNV			1	0
ENSG00000207497	Y_RNA	GroupA_exclusive	TK93	INDEL			1	0
ENSG00000207512	Y_RNA	GroupA_exclusive	TK93	SNV			1	0
ENSG00000212306	Y_RNA	GroupA_exclusive	TK92	SNV			1	0
ENSG00000212512	Y_RNA	GroupA_exclusive	TK93	SNV			1	0
ENSG00000222614	Y_RNA	GroupA_exclusive	TK93	SNV			1	0
ENSG00000222881	Y_RNA	GroupA_exclusive	TK18	SNV			1	0
ENSG00000223220	Y_RNA	GroupA_exclusive	TK93	SNV			1	0
ENSG00000238366	Y_RNA	GroupA_exclusive	TK91	SNV			1	0
ENSG00000238749	Y_RNA	GroupA_exclusive	TK91	SNV			1	0
ENSG00000252021	Y_RNA	GroupA_exclusive	TK91	SNV			1	0
ENSG00000252042	Y_RNA	GroupA_exclusive	TK10	INDEL,SNV			1	0
ENSG00000252319	Y_RNA	GroupA_exclusive	TK93	SNV			1	0
ENSG00000252615	Y_RNA	GroupA_exclusive	TK92	SNV			1	0
ENSG00000252621	Y_RNA	GroupA_exclusive	TK18	SNV			1	0
ENSG00000253096	Y_RNA	GroupA_exclusive	TK91	SNV			1	0
ENSG00000274603	Y_RNA	GroupA_exclusive	TK91	SNV			1	0
ENSG00000275745	Y_RNA	GroupA_exclusive	TK91	SNV			1	0
ENSG00000276723	Y_RNA	GroupA_exclusive	TK93	SNV			1	0
ENSG00000250304	ZBED1P1	GroupA_exclusive	TK16	SNV			1	0
ENSG00000242767	ZBTB20-AS4	GroupA_exclusive	TK91	SNV			1	0
ENSG00000223537	ZBTB24-DT	GroupA_exclusive	TK92	SNV			1	0
ENSG00000278480	ZBTB2P1	GroupA_exclusive	TK92	SNV			1	0
ENSG00000236953	ZDHHC20-IT1	GroupA_exclusive	TK16	SNV			1	0
ENSG00000177410	ZFAS1	GroupA_exclusive	TK10	SNV			1	0
ENSG00000248492	ZFAT-AS1	GroupA_exclusive	TK92	SNV			1	0
ENSG00000262693	ZFP3-DT	GroupA_exclusive	TK16	SNV			1	0
ENSG00000181638	ZFP41	GroupA_exclusive	TK16	SNV			1	0
ENSG00000234570	ZFRP1	GroupA_exclusive	TK92	SNV			1	0
ENSG00000152977	ZIC1	GroupA_exclusive	TK93	SNV			1	0
ENSG00000218016	ZKSCAN8P2	GroupA_exclusive	TK91	SNV			1	0
ENSG00000132010	ZNF20	GroupA_exclusive	TK18	SNV			1	0
ENSG00000267144	ZNF222-DT	GroupA_exclusive	TK18	SNV			1	0
ENSG00000196793	ZNF239	GroupA_exclusive	TK10	SNV			1	0
ENSG00000226447	ZNF25-DT	GroupA_exclusive	TK92	SNV			1	0
ENSG00000169548	ZNF280A	GroupA_exclusive	TK10	SNV			1	0
ENSG00000270876	ZNF30-AS1	GroupA_exclusive	TK91	SNV			1	0
ENSG00000223910	ZNF32-AS3	GroupA_exclusive	TK10	SNV			1	0
ENSG00000249610	ZNF474-AS1	GroupA_exclusive	TK93	SNV			1	0
ENSG00000180035	ZNF48	GroupA_exclusive	TK18	SNV			1	0
ENSG00000173258	ZNF483	GroupA_exclusive	TK93	SNV			1	0
ENSG00000226051	ZNF503-AS1	GroupA_exclusive	TK91	SNV			1	0
ENSG00000290720	ZNF542P	GroupA_exclusive	TK18	SNV			1	0
ENSG00000216901	ZNF603P	GroupA_exclusive	TK91	SNV			1	0
ENSG00000269859	ZNF628-DT	GroupA_exclusive	TK93	SNV			1	0
ENSG00000197343	ZNF655	GroupA_exclusive	TK10	SNV			1	0
ENSG00000197123	ZNF679	GroupA_exclusive	TK10	SNV			1	0
ENSG00000228014	ZNF680P1	GroupA_exclusive	TK91	SNV			1	0
ENSG00000196350	ZNF729	GroupA_exclusive	TK92	SNV			1	0
ENSG00000290988	ZNF781	GroupA_exclusive	TK18	SNV			1	0
ENSG00000236538	ZNF863P	GroupA_exclusive	TK18	SNV			1	0
ENSG00000213988	ZNF90	GroupA_exclusive	TK92	INDEL			1	0
ENSG00000196812	ZSCAN16	GroupA_exclusive	TK16	SNV			1	0
ENSG00000232242	ZYG11AP1	GroupA_exclusive	TK10	SNV			1	0
