gene_id	gene_name	category	groupA_samples	groupA_vtypes	groupB_samples	groupB_vtypes	n_groupA_samples	n_groupB_samples
ENSG00000130402	ACTN4	Shared	TK13,TK14,TK16	DEL	TK10,TK12,TK18,TK91,TK92,TK93	DEL	3	6
ENSG00000089053	ANAPC5	Shared	TK13,TK14,TK16	DEL	TK10,TK12,TK18,TK91,TK92,TK93	DEL	3	6
ENSG00000140350	ANP32A	Shared	TK13,TK14,TK16	DEL	TK10,TK12,TK18,TK91,TK92,TK93	DEL	3	6
ENSG00000074370	ATP2A3	Shared	TK13,TK14,TK16	DEL	TK10,TK12,TK18,TK91,TK92,TK93	DEL	3	6
ENSG00000143612	C1orf43	Shared	TK13,TK14,TK16	DEL	TK10,TK12,TK18,TK91,TK92,TK93	DEL	3	6
ENSG00000008128	CDK11A	Shared	TK13,TK14,TK16	DEL	TK10,TK12,TK18,TK91,TK92,TK93	DEL	3	6
ENSG00000147889	CDKN2A	Shared	TK13,TK14,TK16	DEL	TK10,TK12,TK18,TK91,TK92,TK93	DEL	3	6
ENSG00000111642	CHD4	Shared	TK13,TK14,TK16	DEL	TK10,TK12,TK18,TK91,TK92,TK93	DEL	3	6
ENSG00000233750	CICP27	Shared	TK13,TK14,TK16	DEL	TK10,TK12,TK18,TK91,TK92,TK93	DEL	3	6
ENSG00000049656	CLPTM1L	Shared	TK13,TK14,TK16	DEL	TK10,TK12,TK18,TK91,TK92,TK93	DEL	3	6
ENSG00000091317	CMTM6	Shared	TK13,TK14,TK16	DEL	TK10,TK12,TK18,TK91,TK92,TK93	DEL	3	6
ENSG00000253364	COPDA1	Shared	TK13,TK14,TK16	DEL	TK10,TK12,TK18,TK91,TK92,TK93	DEL	3	6
ENSG00000149532	CPSF7	Shared	TK13,TK14,TK16	DEL	TK10,TK12,TK18,TK91,TK92,TK93	DEL	3	6
ENSG00000101160	CTSZ	Shared	TK13,TK14,TK16	DEL	TK10,TK12,TK18,TK91,TK92,TK93	DEL	3	6
ENSG00000129562	DAD1	Shared	TK13,TK14,TK16	DEL	TK10,TK12,TK18,TK91,TK92,TK93	DEL	3	6
ENSG00000279928	DDX11L17	Shared	TK13,TK14,TK16	DEL	TK10,TK12,TK18,TK91,TK92,TK93	DEL	3	6
ENSG00000284917	EEF1AKMT4-ECE2	Shared	TK13,TK14,TK16	DEL	TK10,TK12,TK18,TK91,TK92,TK93	DEL	3	6
ENSG00000107581	EIF3A	Shared	TK13,TK14,TK16	DEL	TK10,TK12,TK18,TK91,TK92,TK93	DEL	3	6
ENSG00000213140	ELK2AP	Shared	TK13,TK14,TK16	DEL	TK10,TK12,TK18,TK91,TK92,TK93	DEL	3	6
ENSG00000215154	ENSG00000215154	Shared	TK13,TK14,TK16	DEL	TK10,TK12,TK18,TK91,TK92,TK93	DEL	3	6
ENSG00000227775	ENSG00000227775	Shared	TK13,TK14,TK16	DEL	TK10,TK12,TK18,TK91,TK92,TK93	DEL	3	6
ENSG00000229836	ENSG00000229836	Shared	TK13,TK14,TK16	DEL	TK10,TK12,TK18,TK91,TK92,TK93	DEL	3	6
ENSG00000229839	ENSG00000229839	Shared	TK13,TK14,TK16	DEL	TK10,TK12,TK18,TK91,TK92,TK93	DEL	3	6
ENSG00000238009	ENSG00000238009	Shared	TK13,TK14,TK16	DEL	TK10,TK12,TK18,TK91,TK92,TK93	DEL	3	6
ENSG00000239906	ENSG00000239906	Shared	TK13,TK14,TK16	DEL	TK10,TK12,TK18,TK91,TK92,TK93	DEL	3	6
ENSG00000239945	ENSG00000239945	Shared	TK13,TK14,TK16	DEL	TK10,TK12,TK18,TK91,TK92,TK93	DEL	3	6
ENSG00000241599	ENSG00000241599	Shared	TK13,TK14,TK16	DEL	TK10,TK12,TK18,TK91,TK92,TK93	DEL	3	6
ENSG00000241860	ENSG00000241860	Shared	TK13,TK14,TK16	DEL	TK10,TK12,TK18,TK91,TK92,TK93	DEL	3	6
ENSG00000260176	ENSG00000260176	Shared	TK13,TK14,TK16	DEL	TK10,TK12,TK18,TK91,TK92,TK93	DEL	3	6
ENSG00000266941	ENSG00000266941	Shared	TK13,TK14,TK16	DEL	TK10,TK12,TK18,TK91,TK92,TK93	DEL	3	6
ENSG00000267375	ENSG00000267375	Shared	TK13,TK14,TK16	DEL	TK10,TK12,TK18,TK91,TK92,TK93	DEL	3	6
ENSG00000268575	ENSG00000268575	Shared	TK13,TK14,TK16	DEL	TK10,TK12,TK18,TK91,TK92,TK93	DEL	3	6
ENSG00000268903	ENSG00000268903	Shared	TK13,TK14,TK16	DEL	TK10,TK12,TK18,TK91,TK92,TK93	DEL	3	6
ENSG00000269737	ENSG00000269737	Shared	TK13,TK14,TK16	DEL	TK10,TK12,TK18,TK91,TK92,TK93	DEL	3	6
ENSG00000269981	ENSG00000269981	Shared	TK13,TK14,TK16	DEL	TK10,TK12,TK18,TK91,TK92,TK93	DEL	3	6
ENSG00000273445	ENSG00000273445	Shared	TK13,TK14,TK16	DEL	TK10,TK12,TK18,TK91,TK92,TK93	DEL	3	6
ENSG00000279057	ENSG00000279057	Shared	TK13,TK14,TK16	DEL	TK10,TK12,TK18,TK91,TK92,TK93	DEL	3	6
ENSG00000285702	ENSG00000285702	Shared	TK13,TK14,TK16	DEL	TK10,TK12,TK18,TK91,TK92,TK93	DEL	3	6
ENSG00000286070	ENSG00000286070	Shared	TK13,TK14,TK16	DEL	TK10,TK12,TK18,TK91,TK92,TK93	DEL	3	6
ENSG00000288730	ENSG00000288730	Shared	TK13,TK14,TK16	DEL	TK10,TK12,TK18,TK91,TK92,TK93	DEL	3	6
ENSG00000288813	ENSG00000288813	Shared	TK13,TK14,TK16	DEL	TK10,TK12,TK18,TK91,TK92,TK93	DEL	3	6
ENSG00000289536	ENSG00000289536	Shared	TK13,TK14,TK16	DEL	TK10,TK12,TK18,TK91,TK92,TK93	DEL	3	6
ENSG00000290728	ENSG00000290728	Shared	TK13,TK14,TK16	DEL	TK10,TK12,TK18,TK91,TK92,TK93	DEL	3	6
ENSG00000290826	ENSG00000290826	Shared	TK13,TK14,TK16	DEL	TK10,TK12,TK18,TK91,TK92,TK93	DEL	3	6
ENSG00000290839	ENSG00000290839	Shared	TK13,TK14,TK16	DEL	TK10,TK12,TK18,TK91,TK92,TK93	DEL	3	6
ENSG00000290854	ENSG00000290854	Shared	TK13,TK14,TK16	DEL	TK10,TK12,TK18,TK91,TK92,TK93	DEL	3	6
ENSG00000291228	ENSG00000291228	Shared	TK13,TK14,TK16	DEL	TK10,TK12,TK18,TK91,TK92,TK93	DEL	3	6
ENSG00000136628	EPRS1	Shared	TK13,TK14,TK16	DEL	TK10,TK12,TK18,TK91,TK92,TK93	DEL	3	6
ENSG00000260565	ERVK13-1	Shared	TK13,TK14,TK16	DEL	TK10,TK12,TK18,TK91,TK92,TK93	DEL	3	6
ENSG00000120705	ETF1	Shared	TK13,TK14,TK16	DEL	TK10,TK12,TK18,TK91,TK92,TK93	DEL	3	6
ENSG00000237613	FAM138A	Shared	TK13,TK14,TK16	DEL	TK10,TK12,TK18,TK91,TK92,TK93	DEL	3	6
ENSG00000226777	FAM30A	Shared	TK13,TK14,TK16	DEL	TK10,TK12,TK18,TK91,TK92,TK93	DEL	3	6
ENSG00000111206	FOXM1	Shared	TK13,TK14,TK16	DEL	TK10,TK12,TK18,TK91,TK92,TK93	DEL	3	6
ENSG00000106105	GARS1	Shared	TK13,TK14,TK16	DEL	TK10,TK12,TK18,TK91,TK92,TK93	DEL	3	6
ENSG00000170266	GLB1	Shared	TK13,TK14,TK16	DEL	TK10,TK12,TK18,TK91,TK92,TK93	DEL	3	6
ENSG00000105220	GPI	Shared	TK13,TK14,TK16	DEL	TK10,TK12,TK18,TK91,TK92,TK93	DEL	3	6
ENSG00000233369	GTF2IP4	Shared	TK13,TK14,TK16	DEL	TK10,TK12,TK18,TK91,TK92,TK93	DEL	3	6
ENSG00000214544	GTF2IRD2P1	Shared	TK13,TK14,TK16	DEL	TK10,TK12,TK18,TK91,TK92,TK93	DEL	3	6
ENSG00000104812	GYS1	Shared	TK13,TK14,TK16	DEL	TK10,TK12,TK18,TK91,TK92,TK93	DEL	3	6
ENSG00000163041	H3-3A	Shared	TK13,TK14,TK16	DEL	TK10,TK12,TK18,TK91,TK92,TK93	DEL	3	6
ENSG00000143321	HDGF	Shared	TK13,TK14,TK16	DEL	TK10,TK12,TK18,TK91,TK92,TK93	DEL	3	6
ENSG00000115677	HDLBP	Shared	TK13,TK14,TK16	DEL	TK10,TK12,TK18,TK91,TK92,TK93	DEL	3	6
ENSG00000234745	HLA-B	Shared	TK13,TK14,TK16	DEL	TK10,TK12,TK18,TK91,TK92,TK93	DEL	3	6
ENSG00000204525	HLA-C	Shared	TK13,TK14,TK16	DEL	TK10,TK12,TK18,TK91,TK92,TK93	DEL	3	6
ENSG00000182054	IDH2	Shared	TK13,TK14,TK16	DEL	TK10,TK12,TK18,TK91,TK92,TK93	DEL	3	6
ENSG00000211895	IGHA1	Shared	TK13,TK14,TK16	DEL	TK10,TK12,TK18,TK91,TK92,TK93	DEL	3	6
ENSG00000211890	IGHA2	Shared	TK13,TK14,TK16	DEL	TK10,TK12,TK18,TK91,TK92,TK93	DEL	3	6
ENSG00000211907	IGHD1-26	Shared	TK13,TK14,TK16	DEL	TK10,TK12,TK18,TK91,TK92,TK93	DEL	3	6
ENSG00000237197	IGHD1-7	Shared	TK13,TK14,TK16	DEL	TK10,TK12,TK18,TK91,TK92,TK93	DEL	3	6
ENSG00000211925	IGHD2-8	Shared	TK13,TK14,TK16	DEL	TK10,TK12,TK18,TK91,TK92,TK93	DEL	3	6
ENSG00000211923	IGHD3-10	Shared	TK13,TK14,TK16	DEL	TK10,TK12,TK18,TK91,TK92,TK93	DEL	3	6
ENSG00000211930	IGHD3-3	Shared	TK13,TK14,TK16	DEL	TK10,TK12,TK18,TK91,TK92,TK93	DEL	3	6
ENSG00000211924	IGHD3-9	Shared	TK13,TK14,TK16	DEL	TK10,TK12,TK18,TK91,TK92,TK93	DEL	3	6
ENSG00000232543	IGHD4-11	Shared	TK13,TK14,TK16	DEL	TK10,TK12,TK18,TK91,TK92,TK93	DEL	3	6
ENSG00000233655	IGHD4-4	Shared	TK13,TK14,TK16	DEL	TK10,TK12,TK18,TK91,TK92,TK93	DEL	3	6
ENSG00000211928	IGHD5-5	Shared	TK13,TK14,TK16	DEL	TK10,TK12,TK18,TK91,TK92,TK93	DEL	3	6
ENSG00000228131	IGHD6-6	Shared	TK13,TK14,TK16	DEL	TK10,TK12,TK18,TK91,TK92,TK93	DEL	3	6
ENSG00000236597	IGHD7-27	Shared	TK13,TK14,TK16	DEL	TK10,TK12,TK18,TK91,TK92,TK93	DEL	3	6
ENSG00000211891	IGHE	Shared	TK13,TK14,TK16	DEL	TK10,TK12,TK18,TK91,TK92,TK93	DEL	3	6
ENSG00000253692	IGHEP1	Shared	TK13,TK14,TK16	DEL	TK10,TK12,TK18,TK91,TK92,TK93	DEL	3	6
ENSG00000211896	IGHG1	Shared	TK13,TK14,TK16	DEL	TK10,TK12,TK18,TK91,TK92,TK93	DEL	3	6
ENSG00000211893	IGHG2	Shared	TK13,TK14,TK16	DEL	TK10,TK12,TK18,TK91,TK92,TK93	DEL	3	6
ENSG00000211897	IGHG3	Shared	TK13,TK14,TK16	DEL	TK10,TK12,TK18,TK91,TK92,TK93	DEL	3	6
ENSG00000211892	IGHG4	Shared	TK13,TK14,TK16	DEL	TK10,TK12,TK18,TK91,TK92,TK93	DEL	3	6
ENSG00000253755	IGHGP	Shared	TK13,TK14,TK16	DEL	TK10,TK12,TK18,TK91,TK92,TK93	DEL	3	6
ENSG00000211905	IGHJ1	Shared	TK13,TK14,TK16	DEL	TK10,TK12,TK18,TK91,TK92,TK93	DEL	3	6
ENSG00000227335	IGHJ1P	Shared	TK13,TK14,TK16	DEL	TK10,TK12,TK18,TK91,TK92,TK93	DEL	3	6
ENSG00000211904	IGHJ2	Shared	TK13,TK14,TK16	DEL	TK10,TK12,TK18,TK91,TK92,TK93	DEL	3	6
ENSG00000237547	IGHJ2P	Shared	TK13,TK14,TK16	DEL	TK10,TK12,TK18,TK91,TK92,TK93	DEL	3	6
ENSG00000242887	IGHJ3	Shared	TK13,TK14,TK16	DEL	TK10,TK12,TK18,TK91,TK92,TK93	DEL	3	6
ENSG00000240041	IGHJ4	Shared	TK13,TK14,TK16	DEL	TK10,TK12,TK18,TK91,TK92,TK93	DEL	3	6
ENSG00000211899	IGHM	Shared	TK13,TK14,TK16	DEL	TK10,TK12,TK18,TK91,TK92,TK93	DEL	3	6
ENSG00000211675	IGLC1	Shared	TK13,TK14,TK16	DEL	TK10,TK12,TK18,TK91,TK92,TK93	DEL	3	6
ENSG00000211674	IGLJ1	Shared	TK13,TK14,TK16	DEL	TK10,TK12,TK18,TK91,TK92,TK93	DEL	3	6
ENSG00000254709	IGLL5	Shared	TK13,TK14,TK16	DEL	TK10,TK12,TK18,TK91,TK92,TK93	DEL	3	6
ENSG00000108424	KPNB1	Shared	TK13,TK14,TK16	DEL	TK10,TK12,TK18,TK91,TK92,TK93	DEL	3	6
ENSG00000111716	LDHB	Shared	TK13,TK14,TK16	DEL	TK10,TK12,TK18,TK91,TK92,TK93	DEL	3	6
ENSG00000256166	LINC02571	Shared	TK13,TK14,TK16	DEL	TK10,TK12,TK18,TK91,TK92,TK93	DEL	3	6
ENSG00000196365	LONP1	Shared	TK13,TK14,TK16	DEL	TK10,TK12,TK18,TK91,TK92,TK93	DEL	3	6
ENSG00000112893	MAN2A1	Shared	TK13,TK14,TK16	DEL	TK10,TK12,TK18,TK91,TK92,TK93	DEL	3	6
ENSG00000117899	MESD	Shared	TK13,TK14,TK16	DEL	TK10,TK12,TK18,TK91,TK92,TK93	DEL	3	6
ENSG00000165819	METTL3	Shared	TK13,TK14,TK16	DEL	TK10,TK12,TK18,TK91,TK92,TK93	DEL	3	6
ENSG00000284332	MIR1302-2	Shared	TK13,TK14,TK16	DEL	TK10,TK12,TK18,TK91,TK92,TK93	DEL	3	6
ENSG00000243485	MIR1302-2HG	Shared	TK13,TK14,TK16	DEL	TK10,TK12,TK18,TK91,TK92,TK93	DEL	3	6
ENSG00000264024	MIR4507	Shared	TK13,TK14,TK16	DEL	TK10,TK12,TK18,TK91,TK92,TK93	DEL	3	6
ENSG00000264781	MIR4537	Shared	TK13,TK14,TK16	DEL	TK10,TK12,TK18,TK91,TK92,TK93	DEL	3	6
ENSG00000263413	MIR4538	Shared	TK13,TK14,TK16	DEL	TK10,TK12,TK18,TK91,TK92,TK93	DEL	3	6
ENSG00000265612	MIR4539	Shared	TK13,TK14,TK16	DEL	TK10,TK12,TK18,TK91,TK92,TK93	DEL	3	6
ENSG00000278267	MIR6859-1	Shared	TK13,TK14,TK16	DEL	TK10,TK12,TK18,TK91,TK92,TK93	DEL	3	6
ENSG00000277402	MIR6891	Shared	TK13,TK14,TK16	DEL	TK10,TK12,TK18,TK91,TK92,TK93	DEL	3	6
ENSG00000274172	MIR8071-1	Shared	TK13,TK14,TK16	DEL	TK10,TK12,TK18,TK91,TK92,TK93	DEL	3	6
ENSG00000277030	MIR8071-2	Shared	TK13,TK14,TK16	DEL	TK10,TK12,TK18,TK91,TK92,TK93	DEL	3	6
ENSG00000215914	MMP23A	Shared	TK13,TK14,TK16	DEL	TK10,TK12,TK18,TK91,TK92,TK93	DEL	3	6
ENSG00000114978	MOB1A	Shared	TK13,TK14,TK16	DEL	TK10,TK12,TK18,TK91,TK92,TK93	DEL	3	6
ENSG00000152082	MZT2B	Shared	TK13,TK14,TK16	DEL	TK10,TK12,TK18,TK91,TK92,TK93	DEL	3	6
ENSG00000284879	NCAL1	Shared	TK13,TK14,TK16	DEL	TK10,TK12,TK18,TK91,TK92,TK93	DEL	3	6
ENSG00000182487	NCF1B	Shared	TK13,TK14,TK16	DEL	TK10,TK12,TK18,TK91,TK92,TK93	DEL	3	6
ENSG00000290838	NCF1B	Shared	TK13,TK14,TK16	DEL	TK10,TK12,TK18,TK91,TK92,TK93	DEL	3	6
ENSG00000125912	NCLN	Shared	TK13,TK14,TK16	DEL	TK10,TK12,TK18,TK91,TK92,TK93	DEL	3	6
ENSG00000131507	NDFIP1	Shared	TK13,TK14,TK16	DEL	TK10,TK12,TK18,TK91,TK92,TK93	DEL	3	6
ENSG00000174886	NDUFA11	Shared	TK13,TK14,TK16	DEL	TK10,TK12,TK18,TK91,TK92,TK93	DEL	3	6
ENSG00000147162	OGT	Shared	TK13,TK14,TK16	DEL	TK10,TK12,TK18,TK91,TK92,TK93	DEL	3	6
ENSG00000186092	OR4F5	Shared	TK13,TK14,TK16	DEL	TK10,TK12,TK18,TK91,TK92,TK93	DEL	3	6
ENSG00000240361	OR4G11P	Shared	TK13,TK14,TK16	DEL	TK10,TK12,TK18,TK91,TK92,TK93	DEL	3	6
ENSG00000268020	OR4G4P	Shared	TK13,TK14,TK16	DEL	TK10,TK12,TK18,TK91,TK92,TK93	DEL	3	6
ENSG00000128050	PAICS	Shared	TK13,TK14,TK16	DEL	TK10,TK12,TK18,TK91,TK92,TK93	DEL	3	6
ENSG00000155660	PDIA4	Shared	TK13,TK14,TK16	DEL	TK10,TK12,TK18,TK91,TK92,TK93	DEL	3	6
ENSG00000205918	PDPK2P	Shared	TK13,TK14,TK16	DEL	TK10,TK12,TK18,TK91,TK92,TK93	DEL	3	6
ENSG00000233523	PHB1P5	Shared	TK13,TK14,TK16	DEL	TK10,TK12,TK18,TK91,TK92,TK93	DEL	3	6
ENSG00000277125	PMS2P14	Shared	TK13,TK14,TK16	DEL	TK10,TK12,TK18,TK91,TK92,TK93	DEL	3	6
ENSG00000174384	PMS2P6	Shared	TK13,TK14,TK16	DEL	TK10,TK12,TK18,TK91,TK92,TK93	DEL	3	6
ENSG00000229018	PMS2P7	Shared	TK13,TK14,TK16	DEL	TK10,TK12,TK18,TK91,TK92,TK93	DEL	3	6
ENSG00000273897	PMS2P8	Shared	TK13,TK14,TK16	DEL	TK10,TK12,TK18,TK91,TK92,TK93	DEL	3	6
ENSG00000177084	POLE	Shared	TK13,TK14,TK16	DEL	TK10,TK12,TK18,TK91,TK92,TK93	DEL	3	6
ENSG00000186298	PPP1CC	Shared	TK13,TK14,TK16	DEL	TK10,TK12,TK18,TK91,TK92,TK93	DEL	3	6
ENSG00000143294	PRCC	Shared	TK13,TK14,TK16	DEL	TK10,TK12,TK18,TK91,TK92,TK93	DEL	3	6
ENSG00000117523	PRRC2C	Shared	TK13,TK14,TK16	DEL	TK10,TK12,TK18,TK91,TK92,TK93	DEL	3	6
ENSG00000164754	RAD21	Shared	TK13,TK14,TK16	DEL	TK10,TK12,TK18,TK91,TK92,TK93	DEL	3	6
ENSG00000202512	RN7SKP230	Shared	TK13,TK14,TK16	DEL	TK10,TK12,TK18,TK91,TK92,TK93	DEL	3	6
ENSG00000222623	RNU6-1100P	Shared	TK13,TK14,TK16	DEL	TK10,TK12,TK18,TK91,TK92,TK93	DEL	3	6
ENSG00000227939	RPL3P2	Shared	TK13,TK14,TK16	DEL	TK10,TK12,TK18,TK91,TK92,TK93	DEL	3	6
ENSG00000163902	RPN1	Shared	TK13,TK14,TK16	DEL	TK10,TK12,TK18,TK91,TK92,TK93	DEL	3	6
ENSG00000105372	RPS19	Shared	TK13,TK14,TK16	DEL	TK10,TK12,TK18,TK91,TK92,TK93	DEL	3	6
ENSG00000236549	RPS27AP7	Shared	TK13,TK14,TK16	DEL	TK10,TK12,TK18,TK91,TK92,TK93	DEL	3	6
ENSG00000100241	SBF1	Shared	TK13,TK14,TK16	DEL	TK10,TK12,TK18,TK91,TK92,TK93	DEL	3	6
ENSG00000115884	SDC1	Shared	TK13,TK14,TK16	DEL	TK10,TK12,TK18,TK91,TK92,TK93	DEL	3	6
ENSG00000142864	SERBP1	Shared	TK13,TK14,TK16	DEL	TK10,TK12,TK18,TK91,TK92,TK93	DEL	3	6
ENSG00000119335	SET	Shared	TK13,TK14,TK16	DEL	TK10,TK12,TK18,TK91,TK92,TK93	DEL	3	6
ENSG00000189339	SLC35E2B	Shared	TK13,TK14,TK16	DEL	TK10,TK12,TK18,TK91,TK92,TK93	DEL	3	6
ENSG00000127616	SMARCA4	Shared	TK13,TK14,TK16	DEL	TK10,TK12,TK18,TK91,TK92,TK93	DEL	3	6
ENSG00000198952	SMG5	Shared	TK13,TK14,TK16	DEL	TK10,TK12,TK18,TK91,TK92,TK93	DEL	3	6
ENSG00000274570	SPDYE10	Shared	TK13,TK14,TK16	DEL	TK10,TK12,TK18,TK91,TK92,TK93	DEL	3	6
ENSG00000275976	SPDYE11	Shared	TK13,TK14,TK16	DEL	TK10,TK12,TK18,TK91,TK92,TK93	DEL	3	6
ENSG00000273520	SPDYE8	Shared	TK13,TK14,TK16	DEL	TK10,TK12,TK18,TK91,TK92,TK93	DEL	3	6
ENSG00000262461	SPDYE9	Shared	TK13,TK14,TK16	DEL	TK10,TK12,TK18,TK91,TK92,TK93	DEL	3	6
ENSG00000161011	SQSTM1	Shared	TK13,TK14,TK16	DEL	TK10,TK12,TK18,TK91,TK92,TK93	DEL	3	6
ENSG00000198911	SREBF2	Shared	TK13,TK14,TK16	DEL	TK10,TK12,TK18,TK91,TK92,TK93	DEL	3	6
ENSG00000133226	SRRM1	Shared	TK13,TK14,TK16	DEL	TK10,TK12,TK18,TK91,TK92,TK93	DEL	3	6
ENSG00000174353	STAG3L3	Shared	TK13,TK14,TK16	DEL	TK10,TK12,TK18,TK91,TK92,TK93	DEL	3	6
ENSG00000134910	STT3A	Shared	TK13,TK14,TK16	DEL	TK10,TK12,TK18,TK91,TK92,TK93	DEL	3	6
ENSG00000166557	TMED3	Shared	TK13,TK14,TK16	DEL	TK10,TK12,TK18,TK91,TK92,TK93	DEL	3	6
ENSG00000257337	TNS2-AS1	Shared	TK13,TK14,TK16	DEL	TK10,TK12,TK18,TK91,TK92,TK93	DEL	3	6
ENSG00000164938	TP53INP1	Shared	TK13,TK14,TK16	DEL	TK10,TK12,TK18,TK91,TK92,TK93	DEL	3	6
ENSG00000067167	TRAM1	Shared	TK13,TK14,TK16	DEL	TK10,TK12,TK18,TK91,TK92,TK93	DEL	3	6
ENSG00000106785	TRIM14	Shared	TK13,TK14,TK16	DEL	TK10,TK12,TK18,TK91,TK92,TK93	DEL	3	6
ENSG00000153066	TXNDC11	Shared	TK13,TK14,TK16	DEL	TK10,TK12,TK18,TK91,TK92,TK93	DEL	3	6
ENSG00000117143	UAP1	Shared	TK13,TK14,TK16	DEL	TK10,TK12,TK18,TK91,TK92,TK93	DEL	3	6
ENSG00000138768	USO1	Shared	TK13,TK14,TK16	DEL	TK10,TK12,TK18,TK91,TK92,TK93	DEL	3	6
ENSG00000214892	USP8P1	Shared	TK13,TK14,TK16	DEL	TK10,TK12,TK18,TK91,TK92,TK93	DEL	3	6
ENSG00000231402	WASF5P	Shared	TK13,TK14,TK16	DEL	TK10,TK12,TK18,TK91,TK92,TK93	DEL	3	6
ENSG00000227232	WASH7P	Shared	TK13,TK14,TK16	DEL	TK10,TK12,TK18,TK91,TK92,TK93	DEL	3	6
ENSG00000279457	WASH9P	Shared	TK13,TK14,TK16	DEL	TK10,TK12,TK18,TK91,TK92,TK93	DEL	3	6
ENSG00000065978	YBX1	Shared	TK13,TK14,TK16	DEL	TK10,TK12,TK18,TK91,TK92,TK93	DEL	3	6
ENSG00000166913	YWHAB	Shared	TK13,TK14,TK16	DEL	TK10,TK12,TK18,TK91,TK92,TK93	DEL	3	6
ENSG00000164924	YWHAZ	Shared	TK13,TK14,TK16	DEL	TK10,TK12,TK18,TK91,TK92,TK93	DEL	3	6
ENSG00000199913	Y_RNA	Shared	TK13,TK14,TK16	DEL	TK10,TK12,TK18,TK91,TK92,TK93	DEL	3	6
ENSG00000201282	Y_RNA	Shared	TK13,TK14,TK16	DEL	TK10,TK12,TK18,TK91,TK92,TK93	DEL	3	6
ENSG00000273927	Y_RNA	Shared	TK13,TK14,TK16	DEL	TK10,TK12,TK18,TK91,TK92,TK93	DEL	3	6
ENSG00000274984	Y_RNA	Shared	TK13,TK14,TK16	DEL	TK10,TK12,TK18,TK91,TK92,TK93	DEL	3	6
ENSG00000123146	ADGRE5	Shared	TK13,TK14,TK16	DEL	TK10,TK18,TK91,TK92,TK93	DEL	3	5
ENSG00000105221	AKT2	Shared	TK13,TK14,TK16	DEL	TK10,TK18,TK91,TK92,TK93	DEL	3	5
ENSG00000059573	ALDH18A1	Shared	TK13,TK14,TK16	DEL	TK10,TK12,TK18,TK91,TK92	DEL	3	5
ENSG00000136010	ALDH1L2	Shared	TK13,TK14,TK16	DEL	TK10,TK18,TK91,TK92,TK93	DEL	3	5
ENSG00000065000	AP3D1	Shared	TK13,TK14,TK16	DEL	TK10,TK18,TK91,TK92,TK93	DEL	3	5
ENSG00000177479	ARIH2	Shared	TK13,TK14,TK16	DEL	TK10,TK18,TK91,TK92,TK93	DEL	3	5
ENSG00000144746	ARL6IP5	Shared	TK13,TK14,TK16	DEL	TK10,TK12,TK18,TK91,TK93	DEL	3	5
ENSG00000197785	ATAD3A	Shared	TK13,TK16	DEL	TK10,TK12,TK18,TK91,TK92,TK93	DEL	2	6
ENSG00000270371	ATP6V1G1P1	Shared	TK13,TK14,TK16	DEL	TK10,TK12,TK18,TK92,TK93	DEL	3	5
ENSG00000259040	BLOC1S5-TXNDC5	Shared	TK13,TK14,TK16	DEL	TK10,TK18,TK91,TK92,TK93	DEL	3	5
ENSG00000153162	BMP6	Shared	TK13,TK14,TK16	DEL	TK12,TK18,TK91,TK92,TK93	DEL	3	5
ENSG00000183336	BOLA2	Shared	TK13,TK14,TK16	DEL	TK10,TK18,TK91,TK92,TK93	DEL	3	5
ENSG00000261740	BOLA2-SMG1P6	Shared	TK13,TK14,TK16	DEL	TK10,TK18,TK91,TK92,TK93	DEL	3	5
ENSG00000244731	C4A	Shared	TK13,TK14	DEL	TK10,TK12,TK18,TK91,TK92,TK93	DEL	2	6
ENSG00000233627	C4A-AS1	Shared	TK13,TK14	DEL	TK10,TK12,TK18,TK91,TK92,TK93	DEL	2	6
ENSG00000224389	C4B	Shared	TK13,TK14	DEL	TK10,TK12,TK18,TK91,TK92,TK93	DEL	2	6
ENSG00000229776	C4B-AS1	Shared	TK13,TK14	DEL	TK10,TK12,TK18,TK91,TK92,TK93	DEL	2	6
ENSG00000099991	CABIN1	Shared	TK13,TK14,TK16	DEL	TK10,TK12,TK18,TK91,TK92	DEL	3	5
ENSG00000135387	CAPRIN1	Shared	TK13,TK14,TK16	DEL	TK10,TK12,TK18,TK92,TK93	DEL	3	5
ENSG00000142453	CARM1	Shared	TK13,TK14,TK16	DEL	TK10,TK18,TK91,TK92,TK93	DEL	3	5
ENSG00000274070	CASTOR2	Shared	TK13,TK14,TK16	DEL	TK10,TK18,TK91,TK92,TK93	DEL	3	5
ENSG00000108588	CCDC47	Shared	TK13,TK14,TK16	DEL	TK10,TK12,TK18,TK91,TK92	DEL	3	5
ENSG00000134061	CD180	Shared	TK13,TK14	DEL	TK10,TK12,TK18,TK91,TK92,TK93	DEL	2	6
ENSG00000117335	CD46	Shared	TK13,TK16	DEL	TK10,TK12,TK18,TK91,TK92,TK93	DEL	2	6
ENSG00000085872	CHERP	Shared	TK13,TK14,TK16	DEL	TK12,TK18,TK91,TK92,TK93	DEL	3	5
ENSG00000141367	CLTC	Shared	TK13,TK14,TK16	DEL	TK10,TK18,TK91,TK92,TK93	DEL	3	5
ENSG00000215908	CROCCP2	Shared	TK13,TK14,TK16	DEL	TK10,TK12,TK91,TK92,TK93	DEL	3	5
ENSG00000159692	CTBP1	Shared	TK13,TK14,TK16	DEL	TK10,TK12,TK18,TK91,TK93	DEL	3	5
ENSG00000204338	CYP21A1P	Shared	TK13,TK14	DEL	TK10,TK12,TK18,TK91,TK92,TK93	DEL	2	6
ENSG00000132676	DAP3	Shared	TK13,TK14,TK16	DEL	TK10,TK18,TK91,TK92,TK93	DEL	3	5
ENSG00000175203	DCTN2	Shared	TK13,TK14,TK16	DEL	TK10,TK18,TK91,TK92,TK93	DEL	3	5
ENSG00000167986	DDB1	Shared	TK13,TK14,TK16	DEL	TK10,TK18,TK91,TK92,TK93	DEL	3	5
ENSG00000244038	DDOST	Shared	TK13,TK16	DEL	TK10,TK12,TK18,TK91,TK92,TK93	DEL	2	6
ENSG00000213782	DDX47	Shared	TK13,TK14,TK16	DEL	TK10,TK12,TK18,TK91,TK92	DEL	3	5
ENSG00000135829	DHX9	Shared	TK13,TK14,TK16	DEL	TK10,TK18,TK91,TK92,TK93	DEL	3	5
ENSG00000278582	DNM1P5	Shared	TK14,TK16	DEL	TK10,TK12,TK18,TK91,TK92,TK93	DEL	2	6
ENSG00000143486	EIF2D	Shared	TK13,TK14,TK16	DEL	TK10,TK18,TK91,TK92,TK93	DEL	3	5
ENSG00000120690	ELF1	Shared	TK13,TK14,TK16	DEL	TK10,TK18,TK91,TK92,TK93	DEL	3	5
ENSG00000118985	ELL2	Shared	TK13,TK14,TK16	DEL	TK10,TK18,TK91,TK92,TK93	DEL	3	5
ENSG00000205584	ENSG00000205584	Shared	TK13,TK14,TK16	DEL	TK10,TK18,TK91,TK92,TK93	DEL	3	5
ENSG00000224888	ENSG00000224888	Shared	TK13,TK16	DEL	TK10,TK12,TK18,TK91,TK92,TK93	DEL	2	6
ENSG00000227673	ENSG00000227673	Shared	TK13,TK14,TK16	DEL	TK10,TK18,TK91,TK92,TK93	DEL	3	5
ENSG00000237813	ENSG00000237813	Shared	TK13,TK14,TK16	DEL	TK12,TK18,TK91,TK92,TK93	DEL	3	5
ENSG00000239393	ENSG00000239393	Shared	TK13,TK14,TK16	DEL	TK10,TK12,TK18,TK92,TK93	DEL	3	5
ENSG00000244620	ENSG00000244620	Shared	TK13,TK14,TK16	DEL	TK10,TK12,TK91,TK92,TK93	DEL	3	5
ENSG00000246203	ENSG00000246203	Shared	TK13,TK14,TK16	DEL	TK10,TK18,TK91,TK92,TK93	DEL	3	5
ENSG00000248318	ENSG00000248318	Shared	TK13,TK14,TK16	DEL	TK10,TK18,TK91,TK92,TK93	DEL	3	5
ENSG00000257342	ENSG00000257342	Shared	TK13,TK14,TK16	DEL	TK10,TK18,TK91,TK92,TK93	DEL	3	5
ENSG00000257691	ENSG00000257691	Shared	TK13,TK14,TK16	DEL	TK10,TK18,TK91,TK92,TK93	DEL	3	5
ENSG00000258150	ENSG00000258150	Shared	TK13,TK14,TK16	DEL	TK10,TK18,TK91,TK92,TK93	DEL	3	5
ENSG00000258232	ENSG00000258232	Shared	TK13,TK14,TK16	DEL	TK10,TK12,TK91,TK92,TK93	DEL	3	5
ENSG00000259784	ENSG00000259784	Shared	TK13,TK16	DEL	TK10,TK12,TK18,TK91,TK92,TK93	DEL	2	6
ENSG00000260335	ENSG00000260335	Shared	TK13,TK14,TK16	DEL	TK10,TK18,TK91,TK92,TK93	DEL	3	5
ENSG00000260639	ENSG00000260639	Shared	TK14,TK16	DEL	TK10,TK12,TK18,TK91,TK92,TK93	DEL	2	6
ENSG00000260739	ENSG00000260739	Shared	TK13,TK14,TK16	DEL	TK10,TK18,TK91,TK92,TK93	DEL	3	5
ENSG00000261081	ENSG00000261081	Shared	TK14,TK16	DEL	TK10,TK12,TK18,TK91,TK92,TK93	DEL	2	6
ENSG00000261596	ENSG00000261596	Shared	TK13,TK14,TK16	DEL	TK10,TK18,TK91,TK92,TK93	DEL	3	5
ENSG00000269951	ENSG00000269951	Shared	TK13,TK14,TK16	DEL	TK10,TK12,TK18,TK92,TK93	DEL	3	5
ENSG00000270249	ENSG00000270249	Shared	TK13,TK14,TK16	DEL	TK10,TK18,TK91,TK92,TK93	DEL	3	5
ENSG00000272574	ENSG00000272574	Shared	TK13,TK14,TK16	DEL	TK10,TK18,TK91,TK92,TK93	DEL	3	5
ENSG00000272945	ENSG00000272945	Shared	TK13,TK16	DEL	TK10,TK12,TK18,TK91,TK92,TK93	DEL	2	6
ENSG00000273691	ENSG00000273691	Shared	TK13,TK14,TK16	DEL	TK10,TK18,TK91,TK92,TK93	DEL	3	5
ENSG00000274868	ENSG00000274868	Shared	TK13,TK14	DEL	TK10,TK12,TK18,TK91,TK92,TK93	DEL	2	6
ENSG00000277920	ENSG00000277920	Shared	TK13,TK14,TK16	DEL	TK10,TK18,TK91,TK92,TK93	DEL	3	5
ENSG00000278263	ENSG00000278263	Shared	TK13,TK14,TK16	DEL	TK10,TK18,TK91,TK92,TK93	DEL	3	5
ENSG00000278775	ENSG00000278775	Shared	TK13,TK14,TK16	DEL	TK10,TK12,TK91,TK92,TK93	DEL	3	5
ENSG00000278991	ENSG00000278991	Shared	TK13,TK14,TK16	DEL	TK10,TK12,TK18,TK92,TK93	DEL	3	5
ENSG00000279092	ENSG00000279092	Shared	TK14,TK16	DEL	TK10,TK12,TK18,TK91,TK92,TK93	DEL	2	6
ENSG00000279228	ENSG00000279228	Shared	TK13,TK14,TK16	DEL	TK10,TK18,TK91,TK92,TK93	DEL	3	5
ENSG00000279520	ENSG00000279520	Shared	TK13,TK16	DEL	TK10,TK12,TK18,TK91,TK92,TK93	DEL	2	6
ENSG00000280441	ENSG00000280441	Shared	TK13,TK14	DEL	TK10,TK12,TK18,TK91,TK92,TK93	DEL	2	6
ENSG00000280614	ENSG00000280614	Shared	TK13,TK14	DEL	TK10,TK12,TK18,TK91,TK92,TK93	DEL	2	6
ENSG00000280655	ENSG00000280655	Shared	TK13,TK14,TK16	DEL	TK10,TK18,TK91,TK92,TK93	DEL	3	5
ENSG00000281087	ENSG00000281087	Shared	TK13,TK14,TK16	DEL	TK10,TK18,TK91,TK92,TK93	DEL	3	5
ENSG00000281179	ENSG00000281179	Shared	TK13,TK14,TK16	DEL	TK10,TK18,TK91,TK92,TK93	DEL	3	5
ENSG00000281181	ENSG00000281181	Shared	TK13,TK14,TK16	DEL	TK10,TK12,TK91,TK92,TK93	DEL	3	5
ENSG00000281550	ENSG00000281550	Shared	TK13,TK14,TK16	DEL	TK10,TK18,TK91,TK92,TK93	DEL	3	5
ENSG00000283103	ENSG00000283103	Shared	TK13,TK14,TK16	DEL	TK10,TK12,TK18,TK91,TK93	DEL	3	5
ENSG00000284500	ENSG00000284500	Shared	TK13,TK14,TK16	DEL	TK10,TK18,TK91,TK92,TK93	DEL	3	5
ENSG00000285886	ENSG00000285886	Shared	TK13,TK14,TK16	DEL	TK10,TK18,TK91,TK92,TK93	DEL	3	5
ENSG00000286054	ENSG00000286054	Shared	TK13,TK14,TK16	DEL	TK10,TK12,TK91,TK92,TK93	DEL	3	5
ENSG00000286146	ENSG00000286146	Shared	TK13,TK14,TK16	DEL	TK10,TK12,TK91,TK92,TK93	DEL	3	5
ENSG00000286178	ENSG00000286178	Shared	TK13,TK14,TK16	DEL	TK10,TK12,TK91,TK92,TK93	DEL	3	5
ENSG00000287839	ENSG00000287839	Shared	TK13,TK14,TK16	DEL	TK10,TK18,TK91,TK92,TK93	DEL	3	5
ENSG00000288632	ENSG00000288632	Shared	TK13,TK14,TK16	DEL	TK10,TK18,TK91,TK92,TK93	DEL	3	5
ENSG00000290678	ENSG00000290678	Shared	TK13,TK14,TK16	DEL	TK10,TK18,TK91,TK92,TK93	DEL	3	5
ENSG00000290679	ENSG00000290679	Shared	TK13,TK14,TK16	DEL	TK10,TK18,TK91,TK92,TK93	DEL	3	5
ENSG00000290788	ENSG00000290788	Shared	TK13,TK14	DEL	TK10,TK12,TK18,TK91,TK92,TK93	DEL	2	6
ENSG00000290832	ENSG00000290832	Shared	TK13,TK14,TK16	DEL	TK10,TK18,TK91,TK92,TK93	DEL	3	5
ENSG00000290833	ENSG00000290833	Shared	TK13,TK14,TK16	DEL	TK10,TK18,TK91,TK92,TK93	DEL	3	5
ENSG00000142396	ERVK3-1	Shared	TK13,TK14,TK16	DEL	TK10,TK12,TK18,TK91,TK93	DEL	3	5
ENSG00000182944	EWSR1	Shared	TK13,TK14,TK16	DEL	TK10,TK18,TK91,TK92,TK93	DEL	3	5
ENSG00000070367	EXOC5	Shared	TK13,TK14,TK16	DEL	TK10,TK18,TK91,TK92,TK93	DEL	3	5
ENSG00000048828	FAM120A	Shared	TK13,TK14,TK16	DEL	TK10,TK18,TK91,TK92,TK93	DEL	3	5
ENSG00000137312	FLOT1	Shared	TK13,TK14,TK16	DEL	TK10,TK18,TK91,TK92,TK93	DEL	3	5
ENSG00000261559	FSCN1P1	Shared	TK14,TK16	DEL	TK10,TK12,TK18,TK91,TK92,TK93	DEL	2	6
ENSG00000160766	GBAP1	Shared	TK13,TK14,TK16	DEL	TK10,TK18,TK91,TK92,TK93	DEL	3	5
ENSG00000215252	GOLGA8B	Shared	TK14,TK16	DEL	TK10,TK12,TK18,TK91,TK92,TK93	DEL	2	6
ENSG00000120053	GOT1	Shared	TK13,TK14,TK16	DEL	TK10,TK18,TK91,TK92,TK93	DEL	3	5
ENSG00000177885	GRB2	Shared	TK13,TK14,TK16	DEL	TK10,TK18,TK91,TK92,TK93	DEL	3	5
ENSG00000174428	GTF2IRD2B	Shared	TK13,TK14,TK16	DEL	TK10,TK18,TK91,TK92,TK93	DEL	3	5
ENSG00000276180	H4C9	Shared	TK13,TK14,TK16	DEL	TK10,TK12,TK91,TK92,TK93	DEL	3	5
ENSG00000064393	HIPK2	Shared	TK13,TK14	DEL	TK10,TK12,TK18,TK91,TK92,TK93	DEL	2	6
ENSG00000259917	HNRNPLP2	Shared	TK14,TK16	DEL	TK10,TK12,TK18,TK91,TK92,TK93	DEL	2	6
ENSG00000133265	HSPBP1	Shared	TK13,TK14,TK16	DEL	TK10,TK18,TK91,TK92,TK93	DEL	3	5
ENSG00000211898	IGHD	Shared	TK13,TK14,TK16	DEL	TK10,TK12,TK18,TK92,TK93	DEL	3	5
ENSG00000227108	IGHD1-14	Shared	TK13,TK14,TK16	DEL	TK10,TK12,TK91,TK92,TK93	DEL	3	5
ENSG00000237020	IGHD1-20	Shared	TK13,TK14,TK16	DEL	TK10,TK12,TK91,TK92,TK93	DEL	3	5
ENSG00000211918	IGHD2-15	Shared	TK13,TK14,TK16	DEL	TK10,TK12,TK91,TK92,TK93	DEL	3	5
ENSG00000211931	IGHD2-2	Shared	TK13,TK14,TK16	DEL	TK10,TK12,TK18,TK91,TK92	DEL	3	5
ENSG00000211912	IGHD2-21	Shared	TK13,TK14,TK16	DEL	TK10,TK12,TK91,TK92,TK93	DEL	3	5
ENSG00000211917	IGHD3-16	Shared	TK13,TK14,TK16	DEL	TK10,TK12,TK91,TK92,TK93	DEL	3	5
ENSG00000211911	IGHD3-22	Shared	TK13,TK14,TK16	DEL	TK10,TK12,TK91,TK92,TK93	DEL	3	5
ENSG00000227800	IGHD4-17	Shared	TK13,TK14,TK16	DEL	TK10,TK12,TK91,TK92,TK93	DEL	3	5
ENSG00000227196	IGHD4-23	Shared	TK13,TK14,TK16	DEL	TK10,TK12,TK91,TK92,TK93	DEL	3	5
ENSG00000211921	IGHD5-12	Shared	TK13,TK14,TK16	DEL	TK10,TK12,TK91,TK92,TK93	DEL	3	5
ENSG00000211915	IGHD5-18	Shared	TK13,TK14,TK16	DEL	TK10,TK12,TK91,TK92,TK93	DEL	3	5
ENSG00000211909	IGHD5-24	Shared	TK13,TK14,TK16	DEL	TK10,TK12,TK91,TK92,TK93	DEL	3	5
ENSG00000211920	IGHD6-13	Shared	TK13,TK14,TK16	DEL	TK10,TK12,TK91,TK92,TK93	DEL	3	5
ENSG00000211914	IGHD6-19	Shared	TK13,TK14,TK16	DEL	TK10,TK12,TK91,TK92,TK93	DEL	3	5
ENSG00000225825	IGHD6-25	Shared	TK13,TK14,TK16	DEL	TK10,TK12,TK91,TK92,TK93	DEL	3	5
ENSG00000140749	IGSF6	Shared	TK13,TK14,TK16	DEL	TK10,TK18,TK91,TK92,TK93	DEL	3	5
ENSG00000129351	ILF3	Shared	TK13,TK14,TK16	DEL	TK10,TK12,TK18,TK91,TK93	DEL	3	5
ENSG00000169926	KLF13	Shared	TK13,TK14,TK16	DEL	TK10,TK18,TK91,TK92,TK93	DEL	3	5
ENSG00000163884	KLF15	Shared	TK14,TK16	DEL	TK10,TK12,TK18,TK91,TK92,TK93	DEL	2	6
ENSG00000135862	LAMC1	Shared	TK13,TK14,TK16	DEL	TK10,TK18,TK91,TK92,TK93	DEL	3	5
ENSG00000005893	LAMP2	Shared	TK13,TK14,TK16	DEL	TK10,TK12,TK18,TK91,TK92	DEL	3	5
ENSG00000107929	LARP4B	Shared	TK13,TK14,TK16	DEL	TK10,TK12,TK18,TK92,TK93	DEL	3	5
ENSG00000134333	LDHA	Shared	TK13,TK16	DEL	TK10,TK12,TK18,TK91,TK92,TK93	DEL	2	6
ENSG00000074695	LMAN1	Shared	TK13,TK14,TK16	DEL	TK10,TK12,TK18,TK92,TK93	DEL	3	5
ENSG00000169223	LMAN2	Shared	TK13,TK14,TK16	DEL	TK10,TK12,TK18,TK92,TK93	DEL	3	5
ENSG00000143013	LMO4	Shared	TK13,TK14,TK16	DEL	TK10,TK18,TK91,TK92,TK93	DEL	3	5
ENSG00000076003	MCM6	Shared	TK13,TK14,TK16	DEL	TK10,TK18,TK91,TK92,TK93	DEL	3	5
ENSG00000014641	MDH1	Shared	TK13,TK14,TK16	DEL	TK10,TK18,TK91,TK92,TK93	DEL	3	5
ENSG00000197006	METTL9	Shared	TK13,TK14,TK16	DEL	TK10,TK18,TK91,TK92,TK93	DEL	3	5
ENSG00000221065	MIR1233-2	Shared	TK14,TK16	DEL	TK10,TK12,TK18,TK91,TK92,TK93	DEL	2	6
ENSG00000265793	MIR3118-4	Shared	TK13,TK14,TK16	DEL	TK10,TK18,TK91,TK92,TK93	DEL	3	5
ENSG00000265871	MIR3174	Shared	TK13,TK14,TK16	DEL	TK10,TK18,TK91,TK92,TK93	DEL	3	5
ENSG00000277014	MIR3179-4	Shared	TK13,TK14,TK16	DEL	TK10,TK18,TK91,TK92,TK93	DEL	3	5
ENSG00000274025	MIR3670-4	Shared	TK13,TK14,TK16	DEL	TK10,TK18,TK91,TK92,TK93	DEL	3	5
ENSG00000264902	MIR5701-3	Shared	TK13,TK14,TK16	DEL	TK10,TK18,TK91,TK92,TK93	DEL	3	5
ENSG00000277379	MIR6724-3	Shared	TK13,TK14	DEL	TK10,TK12,TK18,TK91,TK92,TK93	DEL	2	6
ENSG00000275692	MIR6724-4	Shared	TK13,TK14,TK16	DEL	TK10,TK12,TK91,TK92,TK93	DEL	3	5
ENSG00000277698	MIR6770-2	Shared	TK13,TK14,TK16	DEL	TK10,TK18,TK91,TK92,TK93	DEL	3	5
ENSG00000273874	MIR6859-2	Shared	TK13,TK14,TK16	DEL	TK12,TK18,TK91,TK92,TK93	DEL	3	5
ENSG00000110917	MLEC	Shared	TK13,TK14,TK16	DEL	TK10,TK12,TK91,TK92,TK93	DEL	3	5
ENSG00000143158	MPC2	Shared	TK13,TK14,TK16	DEL	TK10,TK12,TK18,TK92,TK93	DEL	3	5
ENSG00000116221	MRPL37	Shared	TK13,TK14,TK16	DEL	TK10,TK12,TK18,TK92,TK93	DEL	3	5
ENSG00000203761	MSTO2P	Shared	TK13,TK14,TK16	DEL	TK10,TK18,TK91,TK92,TK93	DEL	3	5
ENSG00000236675	MTX1P1	Shared	TK13,TK14,TK16	DEL	TK10,TK18,TK91,TK92,TK93	DEL	3	5
ENSG00000101057	MYBL2	Shared	TK13,TK14,TK16	DEL	TK10,TK18,TK91,TK92,TK93	DEL	3	5
ENSG00000277127	Metazoa_SRP	Shared	TK13,TK14,TK16	DEL	TK10,TK18,TK91,TK92,TK93	DEL	3	5
ENSG00000134440	NARS1	Shared	TK13,TK14,TK16	DEL	TK10,TK12,TK18,TK91,TK92	DEL	3	5
ENSG00000158092	NCK1	Shared	TK13,TK14,TK16	DEL	TK10,TK12,TK18,TK91,TK92	DEL	3	5
ENSG00000099795	NDUFB7	Shared	TK13,TK16	DEL	TK10,TK12,TK18,TK91,TK92,TK93	DEL	2	6
ENSG00000188986	NELFB	Shared	TK13,TK14,TK16	DEL	TK10,TK12,TK18,TK91,TK92	DEL	3	5
ENSG00000258997	NF1P2	Shared	TK13,TK14,TK16	DEL	TK10,TK18,TK91,TK92,TK93	DEL	3	5
ENSG00000185164	NOMO2	Shared	TK13,TK14,TK16	DEL	TK10,TK18,TK91,TK92,TK93	DEL	3	5
ENSG00000134250	NOTCH2	Shared	TK13,TK14,TK16	DEL	TK10,TK12,TK91,TK92,TK93	DEL	3	5
ENSG00000169203	NPIPB12	Shared	TK13,TK14,TK16	DEL	TK10,TK18,TK91,TK92,TK93	DEL	3	5
ENSG00000106133	NSUN5P2	Shared	TK13,TK14,TK16	DEL	TK10,TK18,TK91,TK92,TK93	DEL	3	5
ENSG00000290831	NSUN5P2	Shared	TK13,TK14,TK16	DEL	TK10,TK18,TK91,TK92,TK93	DEL	3	5
ENSG00000132182	NUP210	Shared	TK13,TK14,TK16	DEL	TK10,TK18,TK91,TK92,TK93	DEL	3	5
ENSG00000258721	OR11H3P	Shared	TK13,TK14,TK16	DEL	TK10,TK18,TK91,TK92,TK93	DEL	3	5
ENSG00000285405	OR11J6P	Shared	TK13,TK14,TK16	DEL	TK10,TK18,TK91,TK92,TK93	DEL	3	5
ENSG00000283524	OR11J7P	Shared	TK13,TK14,TK16	DEL	TK10,TK18,TK91,TK92,TK93	DEL	3	5
ENSG00000283680	OR11K1P	Shared	TK13,TK14,TK16	DEL	TK10,TK18,TK91,TK92,TK93	DEL	3	5
ENSG00000284892	OR4H6P	Shared	TK13,TK14,TK16	DEL	TK10,TK18,TK91,TK92,TK93	DEL	3	5
ENSG00000274102	OR4M2	Shared	TK13,TK14,TK16	DEL	TK10,TK18,TK91,TK92,TK93	DEL	3	5
ENSG00000285472	OR4M2-OT1	Shared	TK13,TK14,TK16	DEL	TK10,TK18,TK91,TK92,TK93	DEL	3	5
ENSG00000259435	OR4N3P	Shared	TK13,TK14,TK16	DEL	TK10,TK18,TK91,TK92,TK93	DEL	3	5
ENSG00000183706	OR4N4	Shared	TK13,TK14,TK16	DEL	TK10,TK18,TK91,TK92,TK93	DEL	3	5
ENSG00000285135	OR4Q1P	Shared	TK13,TK14,TK16	DEL	TK10,TK18,TK91,TK92,TK93	DEL	3	5
ENSG00000167004	PDIA3	Shared	TK13,TK14,TK16	DEL	TK10,TK12,TK18,TK91,TK93	DEL	3	5
ENSG00000092621	PHGDH	Shared	TK13,TK14,TK16	DEL	TK10,TK18,TK91,TK92,TK93	DEL	3	5
ENSG00000227827	PKD1P2	Shared	TK13,TK14,TK16	DEL	TK10,TK18,TK91,TK92,TK93	DEL	3	5
ENSG00000067225	PKM	Shared	TK13,TK14,TK16	DEL	TK10,TK18,TK91,TK92,TK93	DEL	3	5
ENSG00000257506	PLA2G10HP	Shared	TK13,TK14,TK16	DEL	TK10,TK18,TK91,TK92,TK93	DEL	3	5
ENSG00000123965	PMS2P5	Shared	TK13,TK14,TK16	DEL	TK10,TK18,TK91,TK92,TK93	DEL	3	5
ENSG00000285437	POLR2J3	Shared	TK13,TK14,TK16	DEL	TK10,TK18,TK91,TK92,TK93	DEL	3	5
ENSG00000205578	POM121B	Shared	TK13,TK14,TK16	DEL	TK10,TK18,TK91,TK92,TK93	DEL	3	5
ENSG00000233917	POTEB	Shared	TK13,TK14,TK16	DEL	TK10,TK18,TK91,TK92,TK93	DEL	3	5
ENSG00000110777	POU2AF1	Shared	TK13,TK14,TK16	DEL	TK12,TK18,TK91,TK92,TK93	DEL	3	5
ENSG00000149923	PPP4C	Shared	TK13,TK14,TK16	DEL	TK10,TK18,TK91,TK92,TK93	DEL	3	5
ENSG00000072062	PRKACA	Shared	TK13,TK14,TK16	DEL	TK10,TK18,TK91,TK92,TK93	DEL	3	5
ENSG00000110107	PRPF19	Shared	TK13,TK14	DEL	TK10,TK12,TK18,TK91,TK92,TK93	DEL	2	6
ENSG00000108344	PSMD3	Shared	TK13,TK16	DEL	TK10,TK12,TK18,TK91,TK92,TK93	DEL	2	6
ENSG00000141378	PTRH2	Shared	TK13,TK14,TK16	DEL	TK10,TK18,TK91,TK92,TK93	DEL	3	5
ENSG00000253327	RAD21-AS1	Shared	TK13,TK14,TK16	DEL	TK10,TK12,TK18,TK92,TK93	DEL	3	5
ENSG00000214283	RAD51AP1P1	Shared	TK13,TK14,TK16	DEL	TK10,TK12,TK18,TK91,TK92	DEL	3	5
ENSG00000162521	RBBP4	Shared	TK13,TK14,TK16	DEL	TK10,TK18,TK91,TK92,TK93	DEL	3	5
ENSG00000274523	RCC1L	Shared	TK13,TK14,TK16	DEL	TK10,TK18,TK91,TK92,TK93	DEL	3	5
ENSG00000250116	RHOQ-AS1	Shared	TK13,TK14,TK16	DEL	TK10,TK18,TK91,TK92,TK93	DEL	3	5
ENSG00000278189	RNA5-8SN1	Shared	TK13,TK14,TK16	DEL	TK10,TK12,TK91,TK92,TK93	DEL	3	5
ENSG00000275215	RNA5-8SN3	Shared	TK13,TK14	DEL	TK10,TK12,TK18,TK91,TK92,TK93	DEL	2	6
ENSG00000145860	RNF145	Shared	TK13,TK14,TK16	DEL	TK10,TK18,TK91,TK92,TK93	DEL	3	5
ENSG00000207248	RNU6-1005P	Shared	TK13,TK14,TK16	DEL	TK10,TK18,TK91,TK92,TK93	DEL	3	5
ENSG00000207042	RNU6-196P	Shared	TK13,TK14,TK16	DEL	TK10,TK18,TK91,TK92,TK93	DEL	3	5
ENSG00000200790	RNU6-631P	Shared	TK13,TK14,TK16	DEL	TK10,TK18,TK91,TK92,TK93	DEL	3	5
ENSG00000116747	RO60	Shared	TK13,TK14,TK16	DEL	TK10,TK18,TK91,TK92,TK93	DEL	3	5
ENSG00000144713	RPL32	Shared	TK13,TK16	DEL	TK10,TK12,TK18,TK91,TK92,TK93	DEL	2	6
ENSG00000118705	RPN2	Shared	TK13,TK14,TK16	DEL	TK10,TK12,TK18,TK91,TK92	DEL	3	5
ENSG00000170889	RPS9	Shared	TK13,TK16	DEL	TK10,TK12,TK18,TK91,TK92,TK93	DEL	2	6
ENSG00000171490	RSL1D1	Shared	TK13,TK16	DEL	TK10,TK12,TK18,TK91,TK92,TK93	DEL	2	6
ENSG00000271711	SAP30P1	Shared	TK13,TK14,TK16	DEL	TK10,TK12,TK18,TK91,TK92	DEL	3	5
ENSG00000099194	SCD	Shared	TK13,TK16	DEL	TK10,TK12,TK18,TK91,TK92,TK93	DEL	2	6
ENSG00000078808	SDF4	Shared	TK13,TK16	DEL	TK10,TK12,TK18,TK91,TK92,TK93	DEL	2	6
ENSG00000113615	SEC24A	Shared	TK13,TK14,TK16	DEL	TK10,TK18,TK91,TK92,TK93	DEL	3	5
ENSG00000138674	SEC31A	Shared	TK13,TK14,TK16	DEL	TK10,TK12,TK18,TK92,TK93	DEL	3	5
ENSG00000071537	SEL1L	Shared	TK13,TK14,TK16	DEL	TK10,TK18,TK91,TK92,TK93	DEL	3	5
ENSG00000198843	SELENOT	Shared	TK13,TK14,TK16	DEL	TK10,TK12,TK18,TK91,TK92	DEL	3	5
ENSG00000111371	SLC38A1	Shared	TK13,TK14,TK16	DEL	TK10,TK18,TK91,TK92,TK93	DEL	3	5
ENSG00000138821	SLC39A8	Shared	TK13,TK14,TK16	DEL	TK10,TK12,TK91,TK92,TK93	DEL	3	5
ENSG00000181625	SLX1B	Shared	TK13,TK14,TK16	DEL	TK10,TK18,TK91,TK92,TK93	DEL	3	5
ENSG00000260280	SLX1B-SULT1A4	Shared	TK13,TK14,TK16	DEL	TK10,TK18,TK91,TK92,TK93	DEL	3	5
ENSG00000254634	SMG1P6	Shared	TK13,TK14,TK16	DEL	TK10,TK18,TK91,TK92,TK93	DEL	3	5
ENSG00000099940	SNAP29	Shared	TK13,TK14,TK16	DEL	TK10,TK12,TK18,TK91,TK92	DEL	3	5
ENSG00000077312	SNRPA	Shared	TK13,TK14,TK16	DEL	TK10,TK12,TK18,TK91,TK92	DEL	3	5
ENSG00000184616	SPDYE12	Shared	TK13,TK14,TK16	DEL	TK10,TK18,TK91,TK92,TK93	DEL	3	5
ENSG00000205238	SPDYE2	Shared	TK13,TK14,TK16	DEL	TK10,TK18,TK91,TK92,TK93	DEL	3	5
ENSG00000277072	STAG3L2	Shared	TK13,TK14,TK16	DEL	TK10,TK18,TK91,TK92,TK93	DEL	3	5
ENSG00000250535	STK19B	Shared	TK13,TK14	DEL	TK10,TK12,TK18,TK91,TK92,TK93	DEL	2	6
ENSG00000115694	STK25	Shared	TK13,TK14,TK16	DEL	TK10,TK12,TK18,TK91,TK92	DEL	3	5
ENSG00000163527	STT3B	Shared	TK13,TK14	DEL	TK10,TK12,TK18,TK91,TK92,TK93	DEL	2	6
ENSG00000213648	SULT1A4	Shared	TK13,TK14,TK16	DEL	TK10,TK18,TK91,TK92,TK93	DEL	3	5
ENSG00000196235	SUPT5H	Shared	TK13,TK14,TK16	DEL	TK10,TK18,TK91,TK92,TK93	DEL	3	5
ENSG00000231925	TAPBP	Shared	TK13,TK14,TK16	DEL	TK10,TK18,TK91,TK92,TK93	DEL	3	5
ENSG00000113407	TARS1	Shared	TK13,TK14,TK16	DEL	TK10,TK18,TK91,TK92,TK93	DEL	3	5
ENSG00000205356	TECPR1	Shared	TK13,TK14,TK16	DEL	TK12,TK18,TK91,TK92,TK93	DEL	3	5
ENSG00000152558	TMEM123	Shared	TK13,TK14,TK16	DEL	TK12,TK18,TK91,TK92,TK93	DEL	3	5
ENSG00000248290	TNXA	Shared	TK13,TK14	DEL	TK10,TK12,TK18,TK91,TK92,TK93	DEL	2	6
ENSG00000163781	TOPBP1	Shared	TK13,TK14,TK16	DEL	TK10,TK18,TK91,TK92,TK93	DEL	3	5
ENSG00000233306	TRGV2	Shared	TK13,TK14,TK16	DEL	TK10,TK18,TK91,TK92,TK93	DEL	3	5
ENSG00000211699	TRGV3	Shared	TK13,TK14,TK16	DEL	TK10,TK18,TK91,TK92,TK93	DEL	3	5
ENSG00000211698	TRGV4	Shared	TK13,TK14,TK16	DEL	TK10,TK18,TK91,TK92,TK93	DEL	3	5
ENSG00000155428	TRIM74	Shared	TK13,TK14,TK16	DEL	TK10,TK18,TK91,TK92,TK93	DEL	3	5
ENSG00000167552	TUBA1A	Shared	TK13,TK14,TK16	DEL	TK10,TK18,TK91,TK92,TK93	DEL	3	5
ENSG00000262420	TXNDC11-AS1	Shared	TK13,TK16	DEL	TK10,TK12,TK18,TK91,TK92,TK93	DEL	2	6
ENSG00000130985	UBA1	Shared	TK13,TK16	DEL	TK10,TK12,TK18,TK91,TK92,TK93	DEL	2	6
ENSG00000143569	UBAP2L	Shared	TK13,TK14	DEL	TK10,TK12,TK18,TK91,TK92,TK93	DEL	2	6
ENSG00000149658	YTHDF1	Shared	TK13,TK14,TK16	DEL	TK10,TK18,TK91,TK92,TK93	DEL	3	5
ENSG00000163374	YY1AP1	Shared	TK13,TK14,TK16	DEL	TK10,TK18,TK91,TK92,TK93	DEL	3	5
ENSG00000239069	Y_RNA	Shared	TK13,TK14,TK16	DEL	TK10,TK18,TK91,TK92,TK93	DEL	3	5
ENSG00000276178	Y_RNA	Shared	TK13,TK14,TK16	DEL	TK10,TK18,TK91,TK92,TK93	DEL	3	5
ENSG00000258585	ZNF519P3	Shared	TK13,TK14,TK16	DEL	TK10,TK18,TK91,TK92,TK93	DEL	3	5
ENSG00000140548	ZNF710	Shared	TK13,TK14,TK16	DEL	TK10,TK18,TK91,TK92,TK93	DEL	3	5
ENSG00000227671	ZNF731P	Shared	TK13,TK14,TK16	DEL	TK10,TK18,TK91,TK92,TK93	DEL	3	5
ENSG00000281376	ABALON	Shared	TK13,TK14,TK16	DEL	TK18,TK91,TK92,TK93	DEL	3	4
ENSG00000100997	ABHD12	Shared	TK13,TK14,TK16	DEL	TK10,TK12,TK91,TK92	DEL	3	4
ENSG00000234478	ACBD3-AS1	Shared	TK13,TK16	DEL	TK10,TK18,TK91,TK92,TK93	DEL	2	5
ENSG00000160710	ADAR	Shared	TK14,TK16	DEL	TK10,TK12,TK91,TK92,TK93	DEL	2	5
ENSG00000153207	AHCTF1	Shared	TK13,TK14,TK16	DEL	TK10,TK18,TK91,TK92	DEL	3	4
ENSG00000254996	ANKHD1-EIF4EBP3	Shared	TK13,TK14,TK16	DEL	TK18,TK91,TK92,TK93	DEL	3	4
ENSG00000122359	ANXA11	Shared	TK13,TK14,TK16	DEL	TK10,TK18,TK91,TK93	DEL	3	4
ENSG00000165272	AQP3	Shared	TK16	DEL	TK10,TK12,TK18,TK91,TK92,TK93	DEL	1	6
ENSG00000134287	ARF3	Shared	TK13,TK14	DEL	TK10,TK18,TK91,TK92,TK93	DEL	2	5
ENSG00000089820	ARHGAP4	Shared	TK16	DEL	TK10,TK12,TK18,TK91,TK92,TK93	DEL	1	6
ENSG00000117713	ARID1A	Shared	TK13,TK14	DEL	TK10,TK18,TK91,TK92,TK93	DEL	2	5
ENSG00000104442	ARMC1	Shared	TK13,TK14,TK16	DEL	TK18,TK91,TK92,TK93	DEL	3	4
ENSG00000163466	ARPC2	Shared	TK14,TK16	DEL	TK10,TK12,TK18,TK92,TK93	DEL	2	5
ENSG00000160072	ATAD3B	Shared	TK13,TK14	DEL	TK10,TK18,TK91,TK92,TK93	DEL	2	5
ENSG00000215915	ATAD3C	Shared	TK13,TK14	DEL	TK12,TK18,TK91,TK92,TK93	DEL	2	5
ENSG00000133657	ATP13A3	Shared	TK13,TK16	DEL	TK10,TK12,TK18,TK91,TK93	DEL	2	5
ENSG00000165629	ATP5F1C	Shared	TK13,TK16	DEL	TK10,TK12,TK18,TK91,TK92	DEL	2	5
ENSG00000166710	B2M	Shared	TK14,TK16	DEL	TK10,TK18,TK91,TK92,TK93	DEL	2	5
ENSG00000171552	BCL2L1	Shared	TK13,TK14,TK16	DEL	TK18,TK91,TK92,TK93	DEL	3	4
ENSG00000236559	BCL2L1-AS1	Shared	TK13,TK14,TK16	DEL	TK18,TK91,TK92,TK93	DEL	3	4
ENSG00000116985	BMP8B	Shared	TK14,TK16	DEL	TK10,TK18,TK91,TK92,TK93	DEL	2	5
ENSG00000171634	BPTF	Shared	TK13,TK14,TK16	DEL	TK10,TK91,TK92,TK93	DEL	3	4
ENSG00000249908	BRD9P2	Shared	TK13,TK14,TK16	DEL	TK12,TK91,TK92,TK93	DEL	3	4
ENSG00000145741	BTF3	Shared	TK16	DEL	TK10,TK12,TK18,TK91,TK92,TK93	DEL	1	6
ENSG00000154640	BTG3	Shared	TK16	DEL	TK10,TK12,TK18,TK91,TK92,TK93	DEL	1	6
ENSG00000169679	BUB1	Shared	TK13,TK14,TK16	DEL	TK10,TK12,TK18,TK92	DEL	3	4
ENSG00000014216	CAPN1	Shared	TK14,TK16	DEL	TK10,TK18,TK91,TK92,TK93	DEL	2	5
ENSG00000126247	CAPNS1	Shared	TK16	DEL	TK10,TK12,TK18,TK91,TK92,TK93	DEL	1	6
ENSG00000007080	CCDC124	Shared	TK13,TK14,TK16	DEL	TK10,TK12,TK18,TK92	DEL	3	4
ENSG00000163468	CCT3	Shared	TK13,TK16	DEL	TK10,TK12,TK18,TK92,TK93	DEL	2	5
ENSG00000135624	CCT7	Shared	TK16	DEL	TK10,TK12,TK18,TK91,TK92,TK93	DEL	1	6
ENSG00000167775	CD320	Shared	TK16	DEL	TK10,TK12,TK18,TK91,TK92,TK93	DEL	1	6
ENSG00000196352	CD55	Shared	TK13,TK14	DEL	TK10,TK12,TK18,TK91,TK92	DEL	2	5
ENSG00000170312	CDK1	Shared	TK13,TK14,TK16	DEL	TK18,TK91,TK92,TK93	DEL	3	4
ENSG00000248333	CDK11B	Shared	TK13,TK14	DEL	TK10,TK18,TK91,TK92,TK93	DEL	2	5
ENSG00000115163	CENPA	Shared	TK13,TK14,TK16	DEL	TK18,TK91,TK92,TK93	DEL	3	4
ENSG00000148337	CIZ1	Shared	TK13,TK14,TK16	DEL	TK10,TK12,TK18,TK93	DEL	3	4
ENSG00000171603	CLSTN1	Shared	TK13	DEL	TK10,TK12,TK18,TK91,TK92,TK93	DEL	1	6
ENSG00000257727	CNPY2	Shared	TK16	DEL	TK10,TK12,TK18,TK91,TK92,TK93	DEL	1	6
ENSG00000181789	COPG1	Shared	TK16	DEL	TK10,TK12,TK18,TK91,TK92,TK93	DEL	1	6
ENSG00000165934	CPSF2	Shared	TK13,TK14,TK16	DEL	TK12,TK91,TK92,TK93	DEL	3	4
ENSG00000182158	CREB3L2	Shared	TK13,TK14	DEL	TK10,TK18,TK91,TK92,TK93	DEL	2	5
ENSG00000062485	CS	Shared	TK13,TK14,TK16	DEL	TK10,TK18,TK92,TK93	DEL	3	4
ENSG00000055130	CUL1	Shared	TK13,TK14,TK16	DEL	TK10,TK12,TK18,TK92	DEL	3	4
ENSG00000233677	DDX39BP1	Shared	TK13,TK14	DEL	TK10,TK18,TK91,TK92,TK93	DEL	2	5
ENSG00000150990	DHX37	Shared	TK13,TK16	DEL	TK10,TK12,TK18,TK91,TK92	DEL	2	5
ENSG00000130816	DNMT1	Shared	TK13,TK16	DEL	TK10,TK18,TK91,TK92,TK93	DEL	2	5
ENSG00000151914	DST	Shared	TK13,TK14	DEL	TK10,TK18,TK91,TK92,TK93	DEL	2	5
ENSG00000281649	EBLN3P	Shared	TK13,TK16	DEL	TK12,TK18,TK91,TK92,TK93	DEL	2	5
ENSG00000179151	EDC3	Shared	TK13,TK14,TK16	DEL	TK18,TK91,TK92,TK93	DEL	3	4
ENSG00000204371	EHMT2	Shared	TK13,TK14,TK16	DEL	TK10,TK12,TK18,TK91	DEL	3	4
ENSG00000130741	EIF2S3	Shared	TK13,TK14,TK16	DEL	TK10,TK18,TK92,TK93	DEL	3	4
ENSG00000100353	EIF3D	Shared	TK13,TK16	DEL	TK10,TK12,TK18,TK92,TK93	DEL	2	5
ENSG00000100129	EIF3L	Shared	TK13,TK16	DEL	TK10,TK18,TK91,TK92,TK93	DEL	2	5
ENSG00000187840	EIF4EBP1	Shared	TK13,TK14,TK16	DEL	TK10,TK12,TK18,TK93	DEL	3	4
ENSG00000158417	EIF5B	Shared	TK13,TK14,TK16	DEL	TK10,TK12,TK18,TK91	DEL	3	4
ENSG00000125037	EMC3	Shared	TK13,TK14,TK16	DEL	TK18,TK91,TK92,TK93	DEL	3	4
ENSG00000205236	ENSG00000205236	Shared	TK13,TK14	DEL	TK10,TK18,TK91,TK92,TK93	DEL	2	5
ENSG00000224114	ENSG00000224114	Shared	TK13,TK14,TK16	DEL	TK10,TK12,TK91,TK92	DEL	3	4
ENSG00000227766	ENSG00000227766	Shared	TK13,TK14	DEL	TK10,TK18,TK91,TK92,TK93	DEL	2	5
ENSG00000234961	ENSG00000234961	Shared	TK16	DEL	TK10,TK12,TK18,TK91,TK92,TK93	DEL	1	6
ENSG00000237127	ENSG00000237127	Shared	TK16	DEL	TK10,TK12,TK18,TK91,TK92,TK93	DEL	1	6
ENSG00000258472	ENSG00000258472	Shared	TK13,TK16	DEL	TK10,TK12,TK18,TK92,TK93	DEL	2	5
ENSG00000266717	ENSG00000266717	Shared	TK13,TK14,TK16	DEL	TK10,TK91,TK92,TK93	DEL	3	4
ENSG00000267645	ENSG00000267645	Shared	TK13,TK14	DEL	TK10,TK18,TK91,TK92,TK93	DEL	2	5
ENSG00000270760	ENSG00000270760	Shared	TK16	DEL	TK10,TK12,TK18,TK91,TK92,TK93	DEL	1	6
ENSG00000270894	ENSG00000270894	Shared	TK16	DEL	TK10,TK12,TK18,TK91,TK92,TK93	DEL	1	6
ENSG00000272004	ENSG00000272004	Shared	TK13,TK14	DEL	TK10,TK18,TK91,TK92,TK93	DEL	2	5
ENSG00000272256	ENSG00000272256	Shared	TK13,TK14,TK16	DEL	TK10,TK12,TK18,TK92	DEL	3	4
ENSG00000273804	ENSG00000273804	Shared	TK13,TK14	DEL	TK10,TK18,TK91,TK92,TK93	DEL	2	5
ENSG00000279168	ENSG00000279168	Shared	TK13,TK14	DEL	TK10,TK18,TK91,TK92,TK93	DEL	2	5
ENSG00000279573	ENSG00000279573	Shared	TK13,TK14,TK16	DEL	TK10,TK91,TK92,TK93	DEL	3	4
ENSG00000279738	ENSG00000279738	Shared	TK13,TK14,TK16	DEL	TK18,TK91,TK92,TK93	DEL	3	4
ENSG00000282885	ENSG00000282885	Shared	TK13,TK14	DEL	TK10,TK18,TK91,TK92,TK93	DEL	2	5
ENSG00000284707	ENSG00000284707	Shared	TK13,TK16	DEL	TK10,TK18,TK91,TK92,TK93	DEL	2	5
ENSG00000285522	ENSG00000285522	Shared	TK13,TK14,TK16	DEL	TK12,TK91,TK92,TK93	DEL	3	4
ENSG00000285816	ENSG00000285816	Shared	TK13,TK14,TK16	DEL	TK12,TK18,TK92,TK93	DEL	3	4
ENSG00000286267	ENSG00000286267	Shared	TK13,TK14	DEL	TK10,TK12,TK91,TK92,TK93	DEL	2	5
ENSG00000287608	ENSG00000287608	Shared	TK13,TK14,TK16	DEL	TK10,TK91,TK92,TK93	DEL	3	4
ENSG00000287644	ENSG00000287644	Shared	TK13,TK14,TK16	DEL	TK10,TK91,TK92,TK93	DEL	3	4
ENSG00000288699	ENSG00000288699	Shared	TK16	DEL	TK10,TK12,TK18,TK91,TK92,TK93	DEL	1	6
ENSG00000288930	ENSG00000288930	Shared	TK13,TK14,TK16	DEL	TK12,TK91,TK92,TK93	DEL	3	4
ENSG00000289637	ENSG00000289637	Shared	TK13,TK14	DEL	TK10,TK18,TK91,TK92,TK93	DEL	2	5
ENSG00000289829	ENSG00000289829	Shared	TK13,TK14	DEL	TK10,TK18,TK91,TK92,TK93	DEL	2	5
ENSG00000063245	EPN1	Shared	TK13,TK14,TK16	DEL	TK10,TK12,TK18,TK91	DEL	3	4
ENSG00000068912	ERLEC1	Shared	TK13,TK14,TK16	DEL	TK10,TK18,TK91,TK92	DEL	3	4
ENSG00000162585	FAAP20	Shared	TK16	DEL	TK10,TK12,TK18,TK91,TK92,TK93	DEL	1	6
ENSG00000121104	FAM117A	Shared	TK13,TK14,TK16	DEL	TK10,TK12,TK18,TK93	DEL	3	4
ENSG00000160688	FLAD1	Shared	TK14,TK16	DEL	TK12,TK18,TK91,TK92,TK93	DEL	2	5
ENSG00000118689	FOXO3	Shared	TK13,TK14	DEL	TK10,TK18,TK91,TK92,TK93	DEL	2	5
ENSG00000145907	G3BP1	Shared	TK13,TK16	DEL	TK10,TK18,TK91,TK92,TK93	DEL	2	5
ENSG00000089597	GANAB	Shared	TK16	DEL	TK10,TK12,TK18,TK91,TK92,TK93	DEL	1	6
ENSG00000183087	GAS6	Shared	TK13,TK16	DEL	TK10,TK12,TK18,TK92,TK93	DEL	2	5
ENSG00000198356	GET3	Shared	TK13,TK14,TK16	DEL	TK10,TK12,TK18,TK93	DEL	3	4
ENSG00000165678	GHITM	Shared	TK13,TK16	DEL	TK10,TK12,TK18,TK91,TK92	DEL	2	5
ENSG00000182512	GLRX5	Shared	TK13,TK14,TK16	DEL	TK10,TK12,TK18,TK93	DEL	3	4
ENSG00000111291	GPRC5D	Shared	TK13,TK14,TK16	DEL	TK10,TK91,TK92,TK93	DEL	3	4
ENSG00000198055	GRK6	Shared	TK13,TK16	DEL	TK10,TK18,TK91,TK92,TK93	DEL	2	5
ENSG00000169919	GUSB	Shared	TK13,TK14,TK16	DEL	TK10,TK12,TK91,TK93	DEL	3	4
ENSG00000197903	H2BC12	Shared	TK13,TK14	DEL	TK10,TK12,TK91,TK92,TK93	DEL	2	5
ENSG00000227262	HCG4B	Shared	TK13,TK14	DEL	TK10,TK18,TK91,TK92,TK93	DEL	2	5
ENSG00000167861	HID1	Shared	TK13,TK16	DEL	TK10,TK18,TK91,TK92,TK93	DEL	2	5
ENSG00000159399	HK2	Shared	TK16	DEL	TK10,TK12,TK18,TK91,TK92,TK93	DEL	1	6
ENSG00000206503	HLA-A	Shared	TK13,TK14	DEL	TK10,TK18,TK91,TK92,TK93	DEL	2	5
ENSG00000206341	HLA-H	Shared	TK13,TK14	DEL	TK10,TK18,TK91,TK92,TK93	DEL	2	5
ENSG00000230795	HLA-K	Shared	TK13,TK14	DEL	TK10,TK18,TK91,TK92,TK93	DEL	2	5
ENSG00000231130	HLA-T	Shared	TK13,TK14	DEL	TK10,TK18,TK91,TK92,TK93	DEL	2	5
ENSG00000228078	HLA-U	Shared	TK13,TK14	DEL	TK10,TK18,TK91,TK92,TK93	DEL	2	5
ENSG00000183624	HMCES	Shared	TK13,TK14,TK16	DEL	TK10,TK18,TK91,TK92	DEL	3	4
ENSG00000104824	HNRNPL	Shared	TK13,TK16	DEL	TK10,TK18,TK91,TK92,TK93	DEL	2	5
ENSG00000185122	HSF1	Shared	TK13,TK14,TK16	DEL	TK10,TK12,TK18,TK91	DEL	3	4
ENSG00000204389	HSPA1A	Shared	TK13,TK14	DEL	TK10,TK18,TK91,TK92,TK93	DEL	2	5
ENSG00000204388	HSPA1B	Shared	TK13,TK14	DEL	TK10,TK18,TK91,TK92,TK93	DEL	2	5
ENSG00000144381	HSPD1	Shared	TK16	DEL	TK10,TK12,TK18,TK91,TK92,TK93	DEL	1	6
ENSG00000196305	IARS1	Shared	TK13,TK14,TK16	DEL	TK10,TK18,TK91,TK92	DEL	3	4
ENSG00000211677	IGLC2	Shared	TK16	DEL	TK10,TK12,TK18,TK91,TK92,TK93	DEL	1	6
ENSG00000211676	IGLJ2	Shared	TK16	DEL	TK10,TK12,TK18,TK91,TK92,TK93	DEL	1	6
ENSG00000253234	IGLV2-5	Shared	TK16	DEL	TK10,TK12,TK18,TK91,TK92,TK93	DEL	1	6
ENSG00000211673	IGLV3-1	Shared	TK16	DEL	TK10,TK12,TK18,TK91,TK92,TK93	DEL	1	6
ENSG00000253963	IGLV3-2	Shared	TK16	DEL	TK10,TK12,TK18,TK91,TK92,TK93	DEL	1	6
ENSG00000226420	IGLV3-4	Shared	TK16	DEL	TK10,TK12,TK18,TK91,TK92,TK93	DEL	1	6
ENSG00000253448	IGLV3-6	Shared	TK16	DEL	TK10,TK12,TK18,TK91,TK92,TK93	DEL	1	6
ENSG00000254077	IGLV3-7	Shared	TK16	DEL	TK10,TK12,TK18,TK91,TK92,TK93	DEL	1	6
ENSG00000211672	IGLV4-3	Shared	TK16	DEL	TK10,TK12,TK18,TK91,TK92,TK93	DEL	1	6
ENSG00000186480	INSIG1	Shared	TK13	DEL	TK10,TK12,TK18,TK91,TK92,TK93	DEL	1	6
ENSG00000164941	INTS8	Shared	TK13,TK14,TK16	DEL	TK10,TK18,TK92,TK93	DEL	3	4
ENSG00000176095	IP6K1	Shared	TK13,TK14,TK16	DEL	TK10,TK12,TK18,TK93	DEL	3	4
ENSG00000172183	ISG20	Shared	TK13,TK14,TK16	DEL	TK12,TK18,TK92,TK93	DEL	3	4
ENSG00000136156	ITM2B	Shared	TK13,TK14,TK16	DEL	TK10,TK12,TK91,TK92	DEL	3	4
ENSG00000132465	JCHAIN	Shared	TK13,TK14,TK16	DEL	TK10,TK91,TK92,TK93	DEL	3	4
ENSG00000105438	KDELR1	Shared	TK13,TK16	DEL	TK10,TK12,TK18,TK92,TK93	DEL	2	5
ENSG00000143815	LBR	Shared	TK13,TK16	DEL	TK10,TK18,TK91,TK92,TK93	DEL	2	5
ENSG00000104972	LILRB1	Shared	TK13,TK14	DEL	TK10,TK12,TK91,TK92,TK93	DEL	2	5
ENSG00000204392	LSM2	Shared	TK13,TK14,TK16	DEL	TK10,TK12,TK18,TK93	DEL	3	4
ENSG00000090006	LTBP4	Shared	TK13,TK14,TK16	DEL	TK10,TK12,TK91,TK92	DEL	3	4
ENSG00000162889	MAPKAPK2	Shared	TK13,TK14,TK16	DEL	TK10,TK12,TK91,TK92	DEL	3	4
ENSG00000145495	MARCHF6	Shared	TK13,TK14,TK16	DEL	TK10,TK12,TK18,TK91	DEL	3	4
ENSG00000166986	MARS1	Shared	TK13,TK14,TK16	DEL	TK10,TK18,TK92,TK93	DEL	3	4
ENSG00000235963	MCCD1P1	Shared	TK13,TK14	DEL	TK10,TK18,TK91,TK92,TK93	DEL	2	5
ENSG00000073111	MCM2	Shared	TK13,TK14,TK16	DEL	TK18,TK91,TK92,TK93	DEL	3	4
ENSG00000112118	MCM3	Shared	TK13,TK16	DEL	TK10,TK12,TK91,TK92,TK93	DEL	2	5
ENSG00000203709	MIR29B2CHG	Shared	TK13,TK16	DEL	TK10,TK18,TK91,TK92,TK93	DEL	2	5
ENSG00000264675	MIR4285	Shared	TK13,TK14,TK16	DEL	TK10,TK12,TK18,TK93	DEL	3	4
ENSG00000284149	MIR4784	Shared	TK13,TK14,TK16	DEL	TK10,TK12,TK18,TK93	DEL	3	4
ENSG00000264824	MIR5571	Shared	TK16	DEL	TK10,TK12,TK18,TK91,TK92,TK93	DEL	1	6
ENSG00000147065	MSN	Shared	TK16	DEL	TK10,TK12,TK18,TK91,TK92,TK93	DEL	1	6
ENSG00000118680	MYL12B	Shared	TK16	DEL	TK10,TK12,TK18,TK91,TK92,TK93	DEL	1	6
ENSG00000274008	Metazoa_SRP	Shared	TK13,TK14,TK16	DEL	TK18,TK91,TK92,TK93	DEL	3	4
ENSG00000121579	NAA50	Shared	TK13,TK14,TK16	DEL	TK18,TK91,TK92,TK93	DEL	3	4
ENSG00000095380	NANS	Shared	TK13,TK14,TK16	DEL	TK10,TK12,TK18,TK92	DEL	3	4
ENSG00000273136	NBPF26	Shared	TK16	DEL	TK10,TK12,TK18,TK91,TK92,TK93	DEL	1	6
ENSG00000109805	NCAPG	Shared	TK13	DEL	TK10,TK12,TK18,TK91,TK92,TK93	DEL	1	6
ENSG00000162736	NCSTN	Shared	TK13,TK16	DEL	TK10,TK18,TK91,TK92,TK93	DEL	2	5
ENSG00000266053	NDUFV2-AS1	Shared	TK13,TK14,TK16	DEL	TK10,TK12,TK18,TK92	DEL	3	4
ENSG00000119638	NEK9	Shared	TK14,TK16	DEL	TK10,TK12,TK18,TK91,TK92	DEL	2	5
ENSG00000164346	NSA2	Shared	TK13,TK16	DEL	TK10,TK18,TK91,TK92,TK93	DEL	2	5
ENSG00000109685	NSD2	Shared	TK13,TK14,TK16	DEL	TK10,TK91,TK92,TK93	DEL	3	4
ENSG00000155561	NUP205	Shared	TK13,TK14,TK16	DEL	TK10,TK18,TK91,TK92	DEL	3	4
ENSG00000244556	ODCP	Shared	TK13,TK14,TK16	DEL	TK10,TK18,TK92,TK93	DEL	3	4
ENSG00000105953	OGDH	Shared	TK13,TK14,TK16	DEL	TK10,TK12,TK18,TK91	DEL	3	4
ENSG00000160991	ORAI2	Shared	TK13,TK14,TK16	DEL	TK10,TK91,TK92,TK93	DEL	3	4
ENSG00000198754	OXCT2	Shared	TK14,TK16	DEL	TK10,TK18,TK91,TK92,TK93	DEL	2	5
ENSG00000083454	P2RX5	Shared	TK13,TK14	DEL	TK10,TK18,TK91,TK92,TK93	DEL	2	5
ENSG00000143799	PARP1	Shared	TK13,TK14,TK16	DEL	TK10,TK12,TK18,TK93	DEL	3	4
ENSG00000138496	PARP9	Shared	TK13,TK14	DEL	TK10,TK18,TK91,TK92,TK93	DEL	2	5
ENSG00000166803	PCLAF	Shared	TK13,TK14,TK16	DEL	TK10,TK12,TK18,TK93	DEL	3	4
ENSG00000143870	PDIA6	Shared	TK13,TK14,TK16	DEL	TK10,TK18,TK91,TK92	DEL	3	4
ENSG00000241973	PI4KA	Shared	TK13,TK14,TK16	DEL	TK10,TK18,TK91,TK92	DEL	3	4
ENSG00000101346	POFUT1	Shared	TK13,TK14,TK16	DEL	TK10,TK91,TK92,TK93	DEL	3	4
ENSG00000106628	POLD2	Shared	TK16	DEL	TK10,TK12,TK18,TK91,TK92,TK93	DEL	1	6
ENSG00000168255	POLR2J3	Shared	TK13,TK14,TK16	DEL	TK10,TK91,TK92,TK93	DEL	3	4
ENSG00000272391	POM121C	Shared	TK13,TK14,TK16	DEL	TK10,TK18,TK91,TK92	DEL	3	4
ENSG00000213592	PPIAP42	Shared	TK13,TK14,TK16	DEL	TK10,TK12,TK18,TK92	DEL	3	4
ENSG00000185686	PRAME	Shared	TK13,TK14,TK16	DEL	TK10,TK91,TK92,TK93	DEL	3	4
ENSG00000117450	PRDX1	Shared	TK13,TK16	DEL	TK12,TK18,TK91,TK92,TK93	DEL	2	5
ENSG00000174231	PRPF8	Shared	TK14,TK16	DEL	TK10,TK18,TK91,TK92,TK93	DEL	2	5
ENSG00000013275	PSMC4	Shared	TK13,TK16	DEL	TK10,TK18,TK91,TK92,TK93	DEL	2	5
ENSG00000131467	PSME3	Shared	TK16	DEL	TK10,TK12,TK18,TK91,TK92,TK93	DEL	1	6
ENSG00000120899	PTK2B	Shared	TK13,TK14,TK16	DEL	TK12,TK18,TK92,TK93	DEL	3	4
ENSG00000184489	PTP4A3	Shared	TK13,TK14,TK16	DEL	TK10,TK12,TK18,TK92	DEL	3	4
ENSG00000091127	PUS7	Shared	TK13,TK14,TK16	DEL	TK12,TK18,TK91,TK93	DEL	3	4
ENSG00000119318	RAD23B	Shared	TK13,TK16	DEL	TK10,TK12,TK18,TK92,TK93	DEL	2	5
ENSG00000113522	RAD50	Shared	TK13,TK14,TK16	DEL	TK10,TK12,TK18,TK92	DEL	3	4
ENSG00000132155	RAF1	Shared	TK13,TK14,TK16	DEL	TK10,TK12,TK18,TK91	DEL	3	4
ENSG00000113643	RARS1	Shared	TK13,TK14,TK16	DEL	TK10,TK18,TK92,TK93	DEL	3	4
ENSG00000105808	RASA4	Shared	TK13,TK14	DEL	TK10,TK18,TK91,TK92,TK93	DEL	2	5
ENSG00000170667	RASA4B	Shared	TK13,TK14,TK16	DEL	TK10,TK91,TK92,TK93	DEL	3	4
ENSG00000139746	RBM26	Shared	TK13,TK14,TK16	DEL	TK12,TK18,TK91,TK92	DEL	3	4
ENSG00000198771	RCSD1	Shared	TK13,TK14	DEL	TK10,TK12,TK18,TK92,TK93	DEL	2	5
ENSG00000137824	RMDN3	Shared	TK13,TK14	DEL	TK10,TK18,TK91,TK92,TK93	DEL	2	5
ENSG00000274012	RN7SL2	Shared	TK13,TK14	DEL	TK10,TK18,TK91,TK92,TK93	DEL	2	5
ENSG00000205937	RNPS1	Shared	TK13,TK14	DEL	TK10,TK18,TK91,TK92,TK93	DEL	2	5
ENSG00000136942	RPL35	Shared	TK16	DEL	TK10,TK12,TK18,TK91,TK92,TK93	DEL	1	6
ENSG00000025039	RRAGD	Shared	TK13,TK14,TK16	DEL	TK10,TK91,TK92,TK93	DEL	3	4
ENSG00000167325	RRM1	Shared	TK13,TK14,TK16	DEL	TK10,TK91,TK92,TK93	DEL	3	4
ENSG00000114767	RRP9	Shared	TK16	DEL	TK10,TK12,TK18,TK91,TK92,TK93	DEL	1	6
ENSG00000133872	SARAF	Shared	TK13,TK14,TK16	DEL	TK10,TK12,TK18,TK92	DEL	3	4
ENSG00000140497	SCAMP2	Shared	TK13,TK14,TK16	DEL	TK10,TK18,TK91,TK92	DEL	3	4
ENSG00000143252	SDHC	Shared	TK13,TK14,TK16	DEL	TK10,TK91,TK92,TK93	DEL	3	4
ENSG00000107651	SEC23IP	Shared	TK13,TK16	DEL	TK10,TK18,TK91,TK92,TK93	DEL	2	5
ENSG00000135919	SERPINE2	Shared	TK13,TK16	DEL	TK10,TK18,TK91,TK92,TK93	DEL	2	5
ENSG00000087365	SF3B2	Shared	TK16	DEL	TK10,TK12,TK18,TK91,TK92,TK93	DEL	1	6
ENSG00000160999	SH2B2	Shared	TK13,TK14,TK16	DEL	TK10,TK12,TK18,TK93	DEL	3	4
ENSG00000181788	SIAH2	Shared	TK13,TK14	DEL	TK10,TK18,TK91,TK92,TK93	DEL	2	5
ENSG00000244265	SIAH2-AS1	Shared	TK13,TK14	DEL	TK10,TK18,TK91,TK92,TK93	DEL	2	5
ENSG00000110911	SLC11A2	Shared	TK13,TK16	DEL	TK10,TK18,TK91,TK92,TK93	DEL	2	5
ENSG00000105281	SLC1A5	Shared	TK13,TK16	DEL	TK10,TK18,TK91,TK92,TK93	DEL	2	5
ENSG00000135740	SLC9A5	Shared	TK13,TK14,TK16	DEL	TK10,TK12,TK18,TK91	DEL	3	4
ENSG00000164037	SLC9B1	Shared	TK13,TK14,TK16	DEL	TK10,TK12,TK18,TK93	DEL	3	4
ENSG00000113810	SMC4	Shared	TK13,TK14,TK16	DEL	TK18,TK91,TK92,TK93	DEL	3	4
ENSG00000205534	SMG1P2	Shared	TK14,TK16	DEL	TK10,TK18,TK91,TK92,TK93	DEL	2	5
ENSG00000230491	SRD5A2P1	Shared	TK13,TK14	DEL	TK10,TK12,TK91,TK92,TK93	DEL	2	5
ENSG00000122862	SRGN	Shared	TK13,TK14,TK16	DEL	TK18,TK91,TK92,TK93	DEL	3	4
ENSG00000135250	SRPK2	Shared	TK13,TK14,TK16	DEL	TK18,TK91,TK92,TK93	DEL	3	4
ENSG00000111786	SRSF9	Shared	TK13,TK16	DEL	TK10,TK12,TK18,TK91,TK92	DEL	2	5
ENSG00000129103	SUMF2	Shared	TK13,TK16	DEL	TK10,TK18,TK91,TK92,TK93	DEL	2	5
ENSG00000228976	SUMO2P8	Shared	TK13,TK14	DEL	TK10,TK18,TK91,TK92,TK93	DEL	2	5
ENSG00000125755	SYMPK	Shared	TK13,TK16	DEL	TK10,TK12,TK18,TK92,TK93	DEL	2	5
ENSG00000135316	SYNCRIP	Shared	TK13,TK14,TK16	DEL	TK10,TK12,TK18,TK92	DEL	3	4
ENSG00000177156	TALDO1	Shared	TK13,TK14,TK16	DEL	TK10,TK12,TK18,TK91	DEL	3	4
ENSG00000071564	TCF3	Shared	TK14,TK16	DEL	TK10,TK18,TK91,TK92,TK93	DEL	2	5
ENSG00000070814	TCOF1	Shared	TK13,TK14	DEL	TK10,TK12,TK18,TK91,TK92	DEL	2	5
ENSG00000137221	TJAP1	Shared	TK13,TK14,TK16	DEL	TK10,TK18,TK91,TK92	DEL	3	4
ENSG00000163931	TKT	Shared	TK13,TK14,TK16	DEL	TK10,TK12,TK18,TK92	DEL	3	4
ENSG00000213593	TMX2	Shared	TK13,TK14,TK16	DEL	TK10,TK12,TK18,TK92	DEL	3	4
ENSG00000182095	TNRC18	Shared	TK13,TK14,TK16	DEL	TK10,TK12,TK18,TK91	DEL	3	4
ENSG00000130204	TOMM40	Shared	TK13,TK14,TK16	DEL	TK10,TK18,TK91,TK93	DEL	3	4
ENSG00000196683	TOMM7	Shared	TK13,TK14,TK16	DEL	TK10,TK12,TK18,TK91	DEL	3	4
ENSG00000186283	TOR3A	Shared	TK13,TK14,TK16	DEL	TK10,TK18,TK91,TK92	DEL	3	4
ENSG00000134900	TPP2	Shared	TK13,TK14,TK16	DEL	TK10,TK12,TK18,TK92	DEL	3	4
ENSG00000128294	TPST2	Shared	TK13,TK16	DEL	TK12,TK18,TK91,TK92,TK93	DEL	2	5
ENSG00000283900	TPTEP2-CSNK1E	Shared	TK13,TK14	DEL	TK10,TK12,TK18,TK91,TK93	DEL	2	5
ENSG00000211701	TRGV1	Shared	TK13,TK14,TK16	DEL	TK10,TK18,TK91,TK92	DEL	3	4
ENSG00000100304	TTLL12	Shared	TK13,TK16	DEL	TK10,TK12,TK18,TK91,TK92	DEL	2	5
ENSG00000258017	TUBA1B-AS1	Shared	TK13,TK14	DEL	TK10,TK18,TK91,TK92,TK93	DEL	2	5
ENSG00000105397	TYK2	Shared	TK13,TK14,TK16	DEL	TK18,TK91,TK92,TK93	DEL	3	4
ENSG00000127481	UBR4	Shared	TK14,TK16	DEL	TK10,TK12,TK91,TK92,TK93	DEL	2	5
ENSG00000267368	UPK3BL1	Shared	TK13,TK14	DEL	TK10,TK18,TK91,TK92,TK93	DEL	2	5
ENSG00000284981	UPK3BL2	Shared	TK13,TK14,TK16	DEL	TK10,TK91,TK92,TK93	DEL	3	4
ENSG00000141076	UTP4	Shared	TK13,TK14,TK16	DEL	TK10,TK12,TK18,TK92	DEL	3	4
ENSG00000126756	UXT	Shared	TK13,TK14,TK16	DEL	TK10,TK12,TK18,TK93	DEL	3	4
ENSG00000026025	VIM	Shared	TK16	DEL	TK10,TK12,TK18,TK91,TK92,TK93	DEL	1	6
ENSG00000115935	WIPF1	Shared	TK13,TK16	DEL	TK10,TK12,TK18,TK91,TK93	DEL	2	5
ENSG00000196419	XRCC6	Shared	TK13,TK14,TK16	DEL	TK18,TK91,TK92,TK93	DEL	3	4
ENSG00000134684	YARS1	Shared	TK16	DEL	TK10,TK12,TK18,TK91,TK92,TK93	DEL	1	6
ENSG00000200309	Y_RNA	Shared	TK13,TK14	DEL	TK10,TK18,TK91,TK92,TK93	DEL	2	5
ENSG00000188818	ZDHHC11	Shared	TK13,TK14,TK16	DEL	TK12,TK91,TK92,TK93	DEL	3	4
ENSG00000206077	ZDHHC11B	Shared	TK13,TK14,TK16	DEL	TK12,TK91,TK92,TK93	DEL	3	4
ENSG00000182903	ZNF721	Shared	TK13,TK14,TK16	DEL	TK18,TK91,TK92,TK93	DEL	3	4
ENSG00000277739	5_8S_rRNA	Shared	TK13	DEL	TK10,TK12,TK91,TK92,TK93	DEL	1	5
ENSG00000090861	AARS1	Shared	TK13,TK16	DEL	TK10,TK12,TK18,TK93	DEL	2	4
ENSG00000120437	ACAT2	Shared	TK13,TK14,TK16	DEL	TK10,TK12,TK18	DEL	3	3
ENSG00000154930	ACSS1	Shared	TK13,TK14,TK16	DEL	TK10,TK18,TK91	DEL	3	3
ENSG00000072110	ACTN1	Shared	TK13,TK14	DEL	TK10,TK91,TK92,TK93	DEL	2	4
ENSG00000227582	ADGRF5P1	Shared	TK13,TK14	DEL	TK10,TK91,TK92,TK93	DEL	2	4
ENSG00000006831	ADIPOR2	Shared	TK13,TK14,TK16	DEL	TK10,TK12,TK18	DEL	3	3
ENSG00000159322	ADPGK	Shared	TK13,TK14,TK16	DEL	TK10,TK18,TK91	DEL	3	3
ENSG00000101444	AHCY	Shared	TK16	DEL	TK10,TK18,TK91,TK92,TK93	DEL	1	5
ENSG00000106305	AIMP2	Shared	TK13,TK14,TK16	DEL	TK10,TK12,TK18	DEL	3	3
ENSG00000004455	AK2	Shared	TK13,TK14,TK16	DEL	TK10,TK12,TK18	DEL	3	3
ENSG00000073331	ALPK1	Shared	TK13,TK14,TK16	DEL	TK12,TK18,TK91	DEL	3	3
ENSG00000178171	AMER3	Shared	TK13,TK14	DEL	TK10,TK91,TK92,TK93	DEL	2	4
ENSG00000141552	ANAPC11	Shared	TK13,TK14,TK16	DEL	TK10,TK12,TK18	DEL	3	3
ENSG00000206560	ANKRD28	Shared	TK13,TK14	DEL	TK10,TK18,TK92,TK93	DEL	2	4
ENSG00000143401	ANP32E	Shared	TK13,TK14,TK16	DEL	TK10,TK12,TK18	DEL	3	3
ENSG00000182287	AP1S2	Shared	TK13,TK14	DEL	TK10,TK91,TK92,TK93	DEL	2	4
ENSG00000196961	AP2A1	Shared	TK13,TK14,TK16	DEL	TK10,TK12,TK18	DEL	3	3
ENSG00000084234	APLP2	Shared	TK13,TK14,TK16	DEL	TK10,TK12,TK18	DEL	3	3
ENSG00000101474	APMAP	Shared	TK13,TK16	DEL	TK18,TK91,TK92,TK93	DEL	2	4
ENSG00000095139	ARCN1	Shared	TK13,TK14,TK16	DEL	TK10,TK18,TK93	DEL	3	3
ENSG00000136002	ARHGEF4	Shared	TK13,TK14	DEL	TK10,TK91,TK92,TK93	DEL	2	4
ENSG00000233221	ARHGEF4-AS1	Shared	TK13,TK14	DEL	TK10,TK91,TK92,TK93	DEL	2	4
ENSG00000237428	ASH2LP2	Shared	TK13,TK16	DEL	TK10,TK91,TK92,TK93	DEL	2	4
ENSG00000057663	ATG5	Shared	TK16	DEL	TK10,TK18,TK91,TK92,TK93	DEL	1	5
ENSG00000047346	ATOSA	Shared	TK13,TK14,TK16	DEL	TK91,TK92,TK93	DEL	3	3
ENSG00000203865	ATP1A1-AS1	Shared	TK13,TK14	DEL	TK12,TK91,TK92,TK93	DEL	2	4
ENSG00000174437	ATP2A2	Shared	TK13	DEL	TK10,TK18,TK91,TK92,TK93	DEL	1	5
ENSG00000116459	ATP5PB	Shared	TK13,TK14,TK16	DEL	TK10,TK18,TK92	DEL	3	3
ENSG00000154723	ATP5PF	Shared	TK16	DEL	TK10,TK12,TK18,TK91,TK92	DEL	1	5
ENSG00000159720	ATP6V0D1	Shared	TK13,TK14,TK16	DEL	TK10,TK12,TK18	DEL	3	3
ENSG00000143515	ATP8B2	Shared	TK16	DEL	TK10,TK12,TK18,TK92,TK93	DEL	1	5
ENSG00000130638	ATXN10	Shared	TK13,TK14,TK16	DEL	TK10,TK12,TK18	DEL	3	3
ENSG00000030110	BAK1	Shared	TK16	DEL	TK10,TK18,TK91,TK92,TK93	DEL	1	5
ENSG00000215544	BCRP7	Shared	TK13,TK14	DEL	TK10,TK91,TK92,TK93	DEL	2	4
ENSG00000285905	BMP8B-AS1	Shared	TK13,TK14	DEL	TK10,TK91,TK92,TK93	DEL	2	4
ENSG00000172331	BPGM	Shared	TK13,TK14,TK16	DEL	TK12,TK18,TK91	DEL	3	3
ENSG00000106009	BRAT1	Shared	TK13,TK14	DEL	TK10,TK91,TK92,TK93	DEL	2	4
ENSG00000185515	BRCC3	Shared	TK13,TK14	DEL	TK10,TK91,TK92,TK93	DEL	2	4
ENSG00000071462	BUD23	Shared	TK13,TK14,TK16	DEL	TK10,TK12,TK18	DEL	3	3
ENSG00000113583	C5orf15	Shared	TK14,TK16	DEL	TK10,TK18,TK91,TK93	DEL	2	4
ENSG00000273907	CA15P2	Shared	TK13,TK14	DEL	TK10,TK91,TK92,TK93	DEL	2	4
ENSG00000110931	CAMKK2	Shared	TK13,TK14,TK16	DEL	TK91,TK92,TK93	DEL	3	3
ENSG00000247473	CARS1-AS1	Shared	TK13,TK14,TK16	DEL	TK10,TK12,TK18	DEL	3	3
ENSG00000108468	CBX1	Shared	TK13,TK14,TK16	DEL	TK10,TK12,TK18	DEL	3	3
ENSG00000122565	CBX3	Shared	TK13,TK16	DEL	TK10,TK12,TK18,TK92	DEL	2	4
ENSG00000132024	CC2D1A	Shared	TK13,TK16	DEL	TK10,TK91,TK92,TK93	DEL	2	4
ENSG00000118816	CCNI	Shared	TK14	DEL	TK10,TK18,TK91,TK92,TK93	DEL	1	5
ENSG00000156261	CCT8	Shared	TK16	DEL	TK10,TK12,TK18,TK91,TK92	DEL	1	5
ENSG00000224978	CD84P1	Shared	TK13,TK14	DEL	TK10,TK91,TK92,TK93	DEL	2	4
ENSG00000164045	CDC25A	Shared	TK13,TK14,TK16	DEL	TK10,TK18,TK92	DEL	3	3
ENSG00000237451	CDK2AP2P2	Shared	TK13,TK14	DEL	TK10,TK91,TK92,TK93	DEL	2	4
ENSG00000240498	CDKN2B-AS1	Shared	TK13,TK14,TK16	DEL	TK10,TK12,TK18	DEL	3	3
ENSG00000237517	CELSR1P1	Shared	TK13,TK14	DEL	TK10,TK91,TK92,TK93	DEL	2	4
ENSG00000177200	CHD9	Shared	TK13,TK14	DEL	TK10,TK12,TK18,TK91	DEL	2	4
ENSG00000131873	CHSY1	Shared	TK13,TK14,TK16	DEL	TK10,TK91,TK92	DEL	3	3
ENSG00000145354	CISD2	Shared	TK13,TK14,TK16	DEL	TK10,TK12,TK18	DEL	3	3
ENSG00000136108	CKAP2	Shared	TK13,TK14,TK16	DEL	TK18,TK91,TK92	DEL	3	3
ENSG00000155962	CLIC2	Shared	TK13,TK14	DEL	TK10,TK91,TK92,TK93	DEL	2	4
ENSG00000125656	CLPP	Shared	TK16	DEL	TK10,TK12,TK18,TK92,TK93	DEL	1	5
ENSG00000182712	CMC4	Shared	TK13,TK14	DEL	TK10,TK91,TK92,TK93	DEL	2	4
ENSG00000064666	CNN2	Shared	TK16	DEL	TK10,TK18,TK91,TK92,TK93	DEL	1	5
ENSG00000257303	CNPY2-AS1	Shared	TK13,TK14,TK16	DEL	TK10,TK12,TK18	DEL	3	3
ENSG00000137161	CNPY3	Shared	TK13,TK14,TK16	DEL	TK10,TK12,TK18	DEL	3	3
ENSG00000173163	COMMD1	Shared	TK13,TK14,TK16	DEL	TK10,TK12,TK18	DEL	3	3
ENSG00000122218	COPA	Shared	TK13,TK14	DEL	TK10,TK91,TK92,TK93	DEL	2	4
ENSG00000129083	COPB1	Shared	TK13,TK14,TK16	DEL	TK10,TK12,TK18	DEL	3	3
ENSG00000184432	COPB2	Shared	TK13,TK16	DEL	TK10,TK12,TK18,TK93	DEL	2	4
ENSG00000105669	COPE	Shared	TK13,TK14,TK16	DEL	TK10,TK18,TK92	DEL	3	3
ENSG00000111605	CPSF6	Shared	TK13,TK14,TK16	DEL	TK10,TK12,TK92	DEL	3	3
ENSG00000237243	CREB3L2-AS1	Shared	TK13	DEL	TK10,TK18,TK91,TK92,TK93	DEL	1	5
ENSG00000099942	CRKL	Shared	TK13,TK14,TK16	DEL	TK18,TK91,TK92	DEL	3	3
ENSG00000100058	CRYBB2P1	Shared	TK13,TK14,TK16	DEL	TK18,TK91,TK92	DEL	3	3
ENSG00000291087	CRYBB2P1	Shared	TK13,TK14,TK16	DEL	TK18,TK91,TK92	DEL	3	3
ENSG00000103653	CSK	Shared	TK13,TK14,TK16	DEL	TK10,TK12,TK18	DEL	3	3
ENSG00000232503	CYCSP8	Shared	TK13,TK14	DEL	TK10,TK91,TK92,TK93	DEL	2	4
ENSG00000214081	CYP4F30P	Shared	TK13,TK14	DEL	TK10,TK91,TK92,TK93	DEL	2	4
ENSG00000290699	CYP4F30P	Shared	TK13,TK14	DEL	TK10,TK91,TK92,TK93	DEL	2	4
ENSG00000071626	DAZAP1	Shared	TK13,TK14,TK16	DEL	TK10,TK12,TK18	DEL	3	3
ENSG00000164934	DCAF13	Shared	TK13,TK14,TK16	DEL	TK10,TK91,TK92	DEL	3	3
ENSG00000100201	DDX17	Shared	TK16	DEL	TK10,TK12,TK18,TK91,TK92	DEL	1	5
ENSG00000137145	DENND4C	Shared	TK14	DEL	TK10,TK18,TK91,TK92,TK93	DEL	1	5
ENSG00000273032	DGCR5	Shared	TK13,TK14	DEL	TK10,TK91,TK92,TK93	DEL	2	4
ENSG00000183628	DGCR6	Shared	TK13,TK14	DEL	TK10,TK91,TK92,TK93	DEL	2	4
ENSG00000100612	DHRS7	Shared	TK13,TK14,TK16	DEL	TK10,TK18,TK92	DEL	3	3
ENSG00000126787	DLGAP5	Shared	TK13,TK16	DEL	TK18,TK91,TK92,TK93	DEL	2	4
ENSG00000148399	DPH7	Shared	TK13,TK14,TK16	DEL	TK10,TK12,TK18	DEL	3	3
ENSG00000254986	DPP3	Shared	TK16	DEL	TK10,TK12,TK18,TK91,TK92	DEL	1	5
ENSG00000162961	DPY30	Shared	TK13,TK14,TK16	DEL	TK10,TK12,TK18	DEL	3	3
ENSG00000234764	E2F6P1	Shared	TK13,TK14	DEL	TK10,TK91,TK92,TK93	DEL	2	4
ENSG00000145088	EAF2	Shared	TK13,TK14	DEL	TK10,TK91,TK92,TK93	DEL	2	4
ENSG00000116406	EDEM3	Shared	TK14,TK16	DEL	TK10,TK91,TK92,TK93	DEL	2	4
ENSG00000237859	EEF1A1P31	Shared	TK13,TK14	DEL	TK10,TK91,TK92,TK93	DEL	2	4
ENSG00000110047	EHD1	Shared	TK13,TK14	DEL	TK10,TK18,TK92,TK93	DEL	2	4
ENSG00000144895	EIF2A	Shared	TK13,TK14,TK16	DEL	TK18,TK91,TK92	DEL	3	3
ENSG00000086232	EIF2AK1	Shared	TK13,TK14	DEL	TK10,TK18,TK91,TK92	DEL	2	4
ENSG00000106263	EIF3B	Shared	TK13,TK14,TK16	DEL	TK18,TK91,TK92	DEL	3	3
ENSG00000106682	EIF4H	Shared	TK13,TK14,TK16	DEL	TK10,TK12,TK18	DEL	3	3
ENSG00000126767	ELK1	Shared	TK13,TK14	DEL	TK10,TK91,TK92,TK93	DEL	2	4
ENSG00000103363	ELOB	Shared	TK13,TK16	DEL	TK10,TK18,TK91,TK93	DEL	2	4
ENSG00000127463	EMC1	Shared	TK13,TK14,TK16	DEL	TK10,TK91,TK92	DEL	3	3
ENSG00000144785	ENSG00000144785	Shared	TK13,TK14,TK16	DEL	TK10,TK12,TK18	DEL	3	3
ENSG00000212187	ENSG00000212187	Shared	TK13,TK14,TK16	DEL	TK10,TK12,TK18	DEL	3	3
ENSG00000213600	ENSG00000213600	Shared	TK13,TK14,TK16	DEL	TK10,TK12,TK18	DEL	3	3
ENSG00000215861	ENSG00000215861	Shared	TK14	DEL	TK10,TK18,TK91,TK92,TK93	DEL	1	5
ENSG00000220643	ENSG00000220643	Shared	TK13,TK14,TK16	DEL	TK10,TK18,TK93	DEL	3	3
ENSG00000222043	ENSG00000222043	Shared	TK13,TK14,TK16	DEL	TK10,TK12,TK18	DEL	3	3
ENSG00000224069	ENSG00000224069	Shared	TK13,TK14	DEL	TK10,TK91,TK92,TK93	DEL	2	4
ENSG00000224216	ENSG00000224216	Shared	TK13,TK14	DEL	TK10,TK91,TK92,TK93	DEL	2	4
ENSG00000225448	ENSG00000225448	Shared	TK13,TK14	DEL	TK10,TK91,TK92,TK93	DEL	2	4
ENSG00000226477	ENSG00000226477	Shared	TK16	DEL	TK10,TK18,TK91,TK92,TK93	DEL	1	5
ENSG00000229422	ENSG00000229422	Shared	TK13,TK14	DEL	TK10,TK91,TK92,TK93	DEL	2	4
ENSG00000229797	ENSG00000229797	Shared	TK13,TK14	DEL	TK10,TK91,TK92,TK93	DEL	2	4
ENSG00000231125	ENSG00000231125	Shared	TK16	DEL	TK10,TK12,TK18,TK91,TK92	DEL	1	5
ENSG00000231392	ENSG00000231392	Shared	TK16	DEL	TK10,TK18,TK91,TK92,TK93	DEL	1	5
ENSG00000232176	ENSG00000232176	Shared	TK14	DEL	TK10,TK18,TK91,TK92,TK93	DEL	1	5
ENSG00000232581	ENSG00000232581	Shared	TK16	DEL	TK12,TK18,TK91,TK92,TK93	DEL	1	5
ENSG00000232603	ENSG00000232603	Shared	TK13,TK16	DEL	TK10,TK91,TK92,TK93	DEL	2	4
ENSG00000232978	ENSG00000232978	Shared	TK14	DEL	TK10,TK18,TK91,TK92,TK93	DEL	1	5
ENSG00000235085	ENSG00000235085	Shared	TK13,TK14,TK16	DEL	TK10,TK12,TK91	DEL	3	3
ENSG00000235347	ENSG00000235347	Shared	TK13,TK14,TK16	DEL	TK10,TK12,TK18	DEL	3	3
ENSG00000235991	ENSG00000235991	Shared	TK13,TK14	DEL	TK10,TK91,TK92,TK93	DEL	2	4
ENSG00000238094	ENSG00000238094	Shared	TK13,TK14	DEL	TK10,TK91,TK92,TK93	DEL	2	4
ENSG00000239989	ENSG00000239989	Shared	TK13,TK14	DEL	TK10,TK91,TK92,TK93	DEL	2	4
ENSG00000252798	ENSG00000252798	Shared	TK13,TK14	DEL	TK18,TK91,TK92,TK93	DEL	2	4
ENSG00000252904	ENSG00000252904	Shared	TK13,TK14,TK16	DEL	TK10,TK18,TK93	DEL	3	3
ENSG00000254340	ENSG00000254340	Shared	TK13,TK14,TK16	DEL	TK10,TK91,TK92	DEL	3	3
ENSG00000255292	ENSG00000255292	Shared	TK13,TK14,TK16	DEL	TK10,TK12,TK18	DEL	3	3
ENSG00000257639	ENSG00000257639	Shared	TK13,TK14	DEL	TK18,TK91,TK92,TK93	DEL	2	4
ENSG00000259635	ENSG00000259635	Shared	TK13,TK14,TK16	DEL	TK10,TK12,TK18	DEL	3	3
ENSG00000259773	ENSG00000259773	Shared	TK13,TK14,TK16	DEL	TK10,TK12,TK18	DEL	3	3
ENSG00000260306	ENSG00000260306	Shared	TK13,TK14	DEL	TK18,TK91,TK92,TK93	DEL	2	4
ENSG00000260349	ENSG00000260349	Shared	TK13,TK16	DEL	TK10,TK91,TK92,TK93	DEL	2	4
ENSG00000260425	ENSG00000260425	Shared	TK13,TK14,TK16	DEL	TK10,TK12,TK18	DEL	3	3
ENSG00000261505	ENSG00000261505	Shared	TK13,TK16	DEL	TK10,TK18,TK91,TK92	DEL	2	4
ENSG00000262302	ENSG00000262302	Shared	TK16	DEL	TK10,TK12,TK18,TK91,TK93	DEL	1	5
ENSG00000262623	ENSG00000262623	Shared	TK14,TK16	DEL	TK10,TK18,TK91,TK92	DEL	2	4
ENSG00000263244	ENSG00000263244	Shared	TK13,TK16	DEL	TK10,TK91,TK92,TK93	DEL	2	4
ENSG00000264937	ENSG00000264937	Shared	TK13,TK14,TK16	DEL	TK10,TK12,TK18	DEL	3	3
ENSG00000265342	ENSG00000265342	Shared	TK13,TK14,TK16	DEL	TK10,TK12,TK18	DEL	3	3
ENSG00000265967	ENSG00000265967	Shared	TK13,TK14,TK16	DEL	TK10,TK12,TK18	DEL	3	3
ENSG00000266049	ENSG00000266049	Shared	TK16	DEL	TK10,TK18,TK91,TK92,TK93	DEL	1	5
ENSG00000266936	ENSG00000266936	Shared	TK16	DEL	TK10,TK18,TK91,TK92,TK93	DEL	1	5
ENSG00000267179	ENSG00000267179	Shared	TK13,TK14,TK16	DEL	TK10,TK91,TK92	DEL	3	3
ENSG00000267436	ENSG00000267436	Shared	TK13,TK14,TK16	DEL	TK91,TK92,TK93	DEL	3	3
ENSG00000268083	ENSG00000268083	Shared	TK13,TK14,TK16	DEL	TK10,TK12,TK18	DEL	3	3
ENSG00000268756	ENSG00000268756	Shared	TK13,TK14,TK16	DEL	TK10,TK12,TK18	DEL	3	3
ENSG00000269307	ENSG00000269307	Shared	TK13,TK16	DEL	TK10,TK91,TK92,TK93	DEL	2	4
ENSG00000269919	ENSG00000269919	Shared	TK16	DEL	TK10,TK18,TK91,TK92,TK93	DEL	1	5
ENSG00000270393	ENSG00000270393	Shared	TK13,TK14	DEL	TK10,TK91,TK92,TK93	DEL	2	4
ENSG00000271275	ENSG00000271275	Shared	TK13,TK14	DEL	TK10,TK91,TK92,TK93	DEL	2	4
ENSG00000271500	ENSG00000271500	Shared	TK13,TK14,TK16	DEL	TK10,TK12,TK18	DEL	3	3
ENSG00000271609	ENSG00000271609	Shared	TK13,TK14	DEL	TK18,TK91,TK92,TK93	DEL	2	4
ENSG00000272410	ENSG00000272410	Shared	TK13,TK14	DEL	TK10,TK91,TK92,TK93	DEL	2	4
ENSG00000272842	ENSG00000272842	Shared	TK14	DEL	TK10,TK18,TK91,TK92,TK93	DEL	1	5
ENSG00000273226	ENSG00000273226	Shared	TK14	DEL	TK10,TK18,TK91,TK92,TK93	DEL	1	5
ENSG00000273956	ENSG00000273956	Shared	TK13,TK14	DEL	TK18,TK91,TK92,TK93	DEL	2	4
ENSG00000274381	ENSG00000274381	Shared	TK16	DEL	TK10,TK18,TK91,TK92,TK93	DEL	1	5
ENSG00000275772	ENSG00000275772	Shared	TK16	DEL	TK10,TK18,TK91,TK92,TK93	DEL	1	5
ENSG00000276721	ENSG00000276721	Shared	TK13,TK14	DEL	TK18,TK91,TK92,TK93	DEL	2	4
ENSG00000277671	ENSG00000277671	Shared	TK13	DEL	TK10,TK12,TK91,TK92,TK93	DEL	1	5
ENSG00000278643	ENSG00000278643	Shared	TK16	DEL	TK10,TK18,TK91,TK92,TK93	DEL	1	5
ENSG00000278899	ENSG00000278899	Shared	TK13,TK14,TK16	DEL	TK12,TK18,TK92	DEL	3	3
ENSG00000279700	ENSG00000279700	Shared	TK13,TK14,TK16	DEL	TK10,TK18,TK93	DEL	3	3
ENSG00000279794	ENSG00000279794	Shared	TK13,TK14,TK16	DEL	TK10,TK12,TK18	DEL	3	3
ENSG00000279987	ENSG00000279987	Shared	TK13,TK14	DEL	TK10,TK91,TK92,TK93	DEL	2	4
ENSG00000280418	ENSG00000280418	Shared	TK13,TK14	DEL	TK10,TK91,TK92,TK93	DEL	2	4
ENSG00000281159	ENSG00000281159	Shared	TK13,TK14	DEL	TK10,TK91,TK92,TK93	DEL	2	4
ENSG00000281383	ENSG00000281383	Shared	TK13	DEL	TK10,TK12,TK91,TK92,TK93	DEL	1	5
ENSG00000281516	ENSG00000281516	Shared	TK13,TK14	DEL	TK10,TK91,TK92,TK93	DEL	2	4
ENSG00000282944	ENSG00000282944	Shared	TK13,TK14	DEL	TK10,TK91,TK92,TK93	DEL	2	4
ENSG00000283366	ENSG00000283366	Shared	TK13,TK14	DEL	TK10,TK91,TK92,TK93	DEL	2	4
ENSG00000283583	ENSG00000283583	Shared	TK13,TK14	DEL	TK10,TK91,TK92,TK93	DEL	2	4
ENSG00000283773	ENSG00000283773	Shared	TK13,TK14,TK16	DEL	TK10,TK92,TK93	DEL	3	3
ENSG00000283809	ENSG00000283809	Shared	TK13,TK14	DEL	TK10,TK91,TK92,TK93	DEL	2	4
ENSG00000284294	ENSG00000284294	Shared	TK13,TK14	DEL	TK10,TK91,TK92,TK93	DEL	2	4
ENSG00000284740	ENSG00000284740	Shared	TK13,TK14	DEL	TK10,TK91,TK92,TK93	DEL	2	4
ENSG00000285627	ENSG00000285627	Shared	TK13,TK14,TK16	DEL	TK10,TK12,TK18	DEL	3	3
ENSG00000285819	ENSG00000285819	Shared	TK13,TK14	DEL	TK10,TK91,TK92,TK93	DEL	2	4
ENSG00000286012	ENSG00000286012	Shared	TK13	DEL	TK10,TK12,TK91,TK92,TK93	DEL	1	5
ENSG00000286057	ENSG00000286057	Shared	TK13	DEL	TK10,TK12,TK91,TK92,TK93	DEL	1	5
ENSG00000286155	ENSG00000286155	Shared	TK13	DEL	TK10,TK12,TK91,TK92,TK93	DEL	1	5
ENSG00000286252	ENSG00000286252	Shared	TK13	DEL	TK10,TK12,TK91,TK92,TK93	DEL	1	5
ENSG00000286314	ENSG00000286314	Shared	TK13,TK14,TK16	DEL	TK10,TK18,TK93	DEL	3	3
ENSG00000287809	ENSG00000287809	Shared	TK13,TK14	DEL	TK18,TK91,TK92,TK93	DEL	2	4
ENSG00000288065	ENSG00000288065	Shared	TK13,TK14	DEL	TK18,TK91,TK92,TK93	DEL	2	4
ENSG00000288258	ENSG00000288258	Shared	TK13,TK14	DEL	TK10,TK91,TK92,TK93	DEL	2	4
ENSG00000288861	ENSG00000288861	Shared	TK16	DEL	TK10,TK18,TK91,TK92,TK93	DEL	1	5
ENSG00000289027	ENSG00000289027	Shared	TK13,TK16	DEL	TK10,TK18,TK91,TK92	DEL	2	4
ENSG00000289120	ENSG00000289120	Shared	TK16	DEL	TK10,TK18,TK91,TK92,TK93	DEL	1	5
ENSG00000289443	ENSG00000289443	Shared	TK14	DEL	TK10,TK18,TK91,TK92,TK93	DEL	1	5
ENSG00000290643	ENSG00000290643	Shared	TK13,TK14	DEL	TK10,TK91,TK92,TK93	DEL	2	4
ENSG00000290700	ENSG00000290700	Shared	TK13,TK14	DEL	TK10,TK91,TK92,TK93	DEL	2	4
ENSG00000290711	ENSG00000290711	Shared	TK13,TK14	DEL	TK10,TK91,TK92,TK93	DEL	2	4
ENSG00000290916	ENSG00000290916	Shared	TK13,TK14	DEL	TK10,TK91,TK92,TK93	DEL	2	4
ENSG00000291066	ENSG00000291066	Shared	TK13,TK14	DEL	TK18,TK91,TK92,TK93	DEL	2	4
ENSG00000291073	ENSG00000291073	Shared	TK13,TK14	DEL	TK18,TK91,TK92,TK93	DEL	2	4
ENSG00000291233	ENSG00000291233	Shared	TK14	DEL	TK10,TK18,TK91,TK92,TK93	DEL	1	5
ENSG00000291272	ENSG00000291272	Shared	TK13,TK14,TK16	DEL	TK10,TK18,TK91	DEL	3	3
ENSG00000099219	ERMP1	Shared	TK13,TK14	DEL	TK18,TK91,TK92,TK93	DEL	2	4
ENSG00000151348	EXT2	Shared	TK13,TK14,TK16	DEL	TK10,TK12,TK18	DEL	3	3
ENSG00000152102	FAM168B	Shared	TK13,TK14	DEL	TK10,TK91,TK92,TK93	DEL	2	4
ENSG00000182824	FAM230E	Shared	TK13,TK14	DEL	TK10,TK91,TK92,TK93	DEL	2	4
ENSG00000276095	FAM230F	Shared	TK13,TK14	DEL	TK10,TK91,TK92,TK93	DEL	2	4
ENSG00000160172	FAM86C2P	Shared	TK13,TK14	DEL	TK10,TK91,TK92,TK93	DEL	2	4
ENSG00000170161	FAM88B	Shared	TK13,TK14	DEL	TK10,TK91,TK92,TK93	DEL	2	4
ENSG00000240253	FAR2P3	Shared	TK13,TK14	DEL	TK10,TK91,TK92,TK93	DEL	2	4
ENSG00000037637	FBXO42	Shared	TK13,TK14,TK16	DEL	TK10,TK12,TK18	DEL	3	3
ENSG00000112029	FBXO5	Shared	TK13,TK14,TK16	DEL	TK18,TK91,TK92	DEL	3	3
ENSG00000119402	FBXW2	Shared	TK13,TK14,TK16	DEL	TK12,TK18,TK92	DEL	3	3
ENSG00000219693	FGF7P8	Shared	TK13,TK14	DEL	TK10,TK91,TK92,TK93	DEL	2	4
ENSG00000091483	FH	Shared	TK14,TK16	DEL	TK10,TK18,TK91,TK92	DEL	2	4
ENSG00000126391	FRMD8	Shared	TK13,TK16	DEL	TK10,TK12,TK92,TK93	DEL	2	4
ENSG00000165775	FUNDC2	Shared	TK13,TK14	DEL	TK10,TK91,TK92,TK93	DEL	2	4
ENSG00000159131	GART	Shared	TK13,TK16	DEL	TK10,TK18,TK92,TK93	DEL	2	4
ENSG00000291137	GBAP1	Shared	TK13,TK16	DEL	TK10,TK91,TK92,TK93	DEL	2	4
ENSG00000107862	GBF1	Shared	TK13,TK16	DEL	TK10,TK91,TK92,TK93	DEL	2	4
ENSG00000005436	GCFC2	Shared	TK13,TK14,TK16	DEL	TK10,TK18,TK92	DEL	3	3
ENSG00000137563	GGH	Shared	TK13,TK14	DEL	TK10,TK12,TK18,TK91	DEL	2	4
ENSG00000197421	GGT3P	Shared	TK13,TK14	DEL	TK10,TK91,TK92,TK93	DEL	2	4
ENSG00000102393	GLA	Shared	TK16	DEL	TK10,TK12,TK18,TK91,TK92	DEL	1	5
ENSG00000140632	GLYR1	Shared	TK13,TK14	DEL	TK10,TK12,TK91,TK93	DEL	2	4
ENSG00000134697	GNL2	Shared	TK13,TK14,TK16	DEL	TK10,TK12,TK18	DEL	3	3
ENSG00000116906	GNPAT	Shared	TK13,TK14,TK16	DEL	TK10,TK91,TK92	DEL	3	3
ENSG00000090581	GNPTG	Shared	TK13,TK14,TK16	DEL	TK10,TK12,TK18	DEL	3	3
ENSG00000173264	GPR137	Shared	TK13,TK14,TK16	DEL	TK10,TK12,TK18	DEL	3	3
ENSG00000173302	GPR148	Shared	TK13,TK14	DEL	TK10,TK91,TK92,TK93	DEL	2	4
ENSG00000148834	GSTO1	Shared	TK13,TK14,TK16	DEL	TK10,TK18,TK92	DEL	3	3
ENSG00000232729	GTF2I-AS1	Shared	TK13,TK14	DEL	TK10,TK91,TK92,TK93	DEL	2	4
ENSG00000077235	GTF3C1	Shared	TK16	DEL	TK10,TK18,TK91,TK92,TK93	DEL	1	5
ENSG00000115207	GTF3C2	Shared	TK13,TK16	DEL	TK10,TK18,TK91,TK92	DEL	2	4
ENSG00000148308	GTF3C5	Shared	TK13,TK14,TK16	DEL	TK10,TK18,TK92	DEL	3	3
ENSG00000277858	H2AB2	Shared	TK13,TK14	DEL	TK10,TK91,TK92,TK93	DEL	2	4
ENSG00000084754	HADHA	Shared	TK13,TK14	DEL	TK10,TK91,TK92,TK93	DEL	2	4
ENSG00000063854	HAGH	Shared	TK13,TK14,TK16	DEL	TK10,TK12,TK18	DEL	3	3
ENSG00000182831	HAPSTR1	Shared	TK13,TK16	DEL	TK10,TK91,TK92,TK93	DEL	2	4
ENSG00000172534	HCFC1	Shared	TK13,TK16	DEL	TK10,TK91,TK92,TK93	DEL	2	4
ENSG00000119285	HEATR1	Shared	TK13,TK16	DEL	TK10,TK91,TK92,TK93	DEL	2	4
ENSG00000013583	HEBP1	Shared	TK13,TK14,TK16	DEL	TK10,TK12,TK18	DEL	3	3
ENSG00000130787	HIP1R	Shared	TK13,TK16	DEL	TK10,TK18,TK91,TK92	DEL	2	4
ENSG00000224551	HMGB3P21	Shared	TK13,TK14,TK16	DEL	TK10,TK12,TK18	DEL	3	3
ENSG00000235298	HNRNPK-AS1	Shared	TK16	DEL	TK10,TK18,TK91,TK92,TK93	DEL	1	5
ENSG00000153187	HNRNPU	Shared	TK16	DEL	TK12,TK18,TK91,TK92,TK93	DEL	1	5
ENSG00000149428	HYOU1	Shared	TK13,TK14	DEL	TK18,TK91,TK92,TK93	DEL	2	4
ENSG00000134049	IER3IP1	Shared	TK13,TK14,TK16	DEL	TK10,TK12,TK18	DEL	3	3
ENSG00000236170	IGHD1-1	Shared	TK13,TK14,TK16	DEL	TK10,TK12,TK18	DEL	3	3
ENSG00000237111	IGHJ3P	Shared	TK13,TK14,TK16	DEL	TK10,TK12,TK18	DEL	3	3
ENSG00000242472	IGHJ5	Shared	TK13,TK14,TK16	DEL	TK10,TK12,TK18	DEL	3	3
ENSG00000211900	IGHJ6	Shared	TK13,TK14,TK16	DEL	TK10,TK12,TK18	DEL	3	3
ENSG00000211678	IGLJ3	Shared	TK16	DEL	TK10,TK18,TK91,TK92,TK93	DEL	1	5
ENSG00000211668	IGLV2-11	Shared	TK16	DEL	TK10,TK18,TK91,TK92,TK93	DEL	1	5
ENSG00000211666	IGLV2-14	Shared	TK16	DEL	TK10,TK18,TK91,TK92,TK93	DEL	1	5
ENSG00000211664	IGLV2-18	Shared	TK16	DEL	TK10,TK18,TK91,TK92,TK93	DEL	1	5
ENSG00000278196	IGLV2-8	Shared	TK16	DEL	TK10,TK18,TK91,TK92,TK93	DEL	1	5
ENSG00000211669	IGLV3-10	Shared	TK16	DEL	TK10,TK18,TK91,TK92,TK93	DEL	1	5
ENSG00000211667	IGLV3-12	Shared	TK16	DEL	TK10,TK18,TK91,TK92,TK93	DEL	1	5
ENSG00000253590	IGLV3-13	Shared	TK16	DEL	TK10,TK18,TK91,TK92,TK93	DEL	1	5
ENSG00000253786	IGLV3-15	Shared	TK16	DEL	TK10,TK18,TK91,TK92,TK93	DEL	1	5
ENSG00000211665	IGLV3-16	Shared	TK16	DEL	TK10,TK18,TK91,TK92,TK93	DEL	1	5
ENSG00000253152	IGLV3-17	Shared	TK16	DEL	TK10,TK18,TK91,TK92,TK93	DEL	1	5
ENSG00000211670	IGLV3-9	Shared	TK16	DEL	TK10,TK18,TK91,TK92,TK93	DEL	1	5
ENSG00000211650	IGLV5-45	Shared	TK13,TK16	DEL	TK10,TK91,TK92,TK93	DEL	2	4
ENSG00000211649	IGLV7-46	Shared	TK13,TK16	DEL	TK10,TK91,TK92,TK93	DEL	2	4
ENSG00000196821	ILRUN	Shared	TK13,TK14,TK16	DEL	TK10,TK18,TK91	DEL	3	3
ENSG00000272288	ILRUN-AS1	Shared	TK13,TK14,TK16	DEL	TK10,TK18,TK93	DEL	3	3
ENSG00000106348	IMPDH1	Shared	TK13,TK16	DEL	TK10,TK18,TK91,TK92	DEL	2	4
ENSG00000040933	INPP4A	Shared	TK13,TK14,TK16	DEL	TK10,TK92,TK93	DEL	3	3
ENSG00000064102	INTS13	Shared	TK13,TK14	DEL	TK10,TK18,TK92,TK93	DEL	2	4
ENSG00000143493	INTS7	Shared	TK13,TK14,TK16	DEL	TK10,TK12,TK18	DEL	3	3
ENSG00000205339	IPO7	Shared	TK13,TK14	DEL	TK12,TK18,TK91,TK92	DEL	2	4
ENSG00000198700	IPO9	Shared	TK13,TK14,TK16	DEL	TK10,TK12,TK18	DEL	3	3
ENSG00000144711	IQSEC1	Shared	TK13,TK14,TK16	DEL	TK10,TK18,TK92	DEL	3	3
ENSG00000137265	IRF4	Shared	TK13,TK16	DEL	TK10,TK12,TK18,TK91	DEL	2	4
ENSG00000135916	ITM2C	Shared	TK14,TK16	DEL	TK10,TK91,TK92,TK93	DEL	2	4
ENSG00000116679	IVNS1ABP	Shared	TK16	DEL	TK10,TK18,TK91,TK92,TK93	DEL	1	5
ENSG00000114982	KANSL3	Shared	TK13,TK16	DEL	TK10,TK12,TK18,TK93	DEL	2	4
ENSG00000139116	KIF21A	Shared	TK13,TK14,TK16	DEL	TK18,TK91,TK92	DEL	3	3
ENSG00000237649	KIFC1	Shared	TK13,TK16	DEL	TK10,TK12,TK18,TK93	DEL	2	4
ENSG00000223349	KLF2P3	Shared	TK13,TK14	DEL	TK10,TK91,TK92,TK93	DEL	2	4
ENSG00000182481	KPNA2	Shared	TK16	DEL	TK10,TK18,TK91,TK92,TK93	DEL	1	5
ENSG00000167613	LAIR1	Shared	TK13,TK14	DEL	TK10,TK18,TK92,TK93	DEL	2	4
ENSG00000125869	LAMP5	Shared	TK13,TK14	DEL	TK12,TK91,TK92,TK93	DEL	2	4
ENSG00000131023	LATS1	Shared	TK13,TK14,TK16	DEL	TK12,TK18,TK92	DEL	3	3
ENSG00000122188	LAX1	Shared	TK16	DEL	TK10,TK18,TK91,TK92,TK93	DEL	1	5
ENSG00000130164	LDLR	Shared	TK16	DEL	TK10,TK18,TK91,TK92,TK93	DEL	1	5
ENSG00000234665	LERFS	Shared	TK13,TK14	DEL	TK10,TK91,TK92,TK93	DEL	2	4
ENSG00000104974	LILRA1	Shared	TK13,TK14	DEL	TK10,TK91,TK92,TK93	DEL	2	4
ENSG00000230269	LINC02525	Shared	TK13,TK14	DEL	TK10,TK91,TK92,TK93	DEL	2	4
ENSG00000251637	LINC02754	Shared	TK13	DEL	TK12,TK18,TK91,TK92,TK93	DEL	1	5
ENSG00000105983	LMBR1	Shared	TK13,TK14,TK16	DEL	TK10,TK12,TK18	DEL	3	3
ENSG00000113368	LMNB1	Shared	TK13,TK14,TK16	DEL	TK10,TK18,TK93	DEL	3	3
ENSG00000257103	LSM14A	Shared	TK13,TK14,TK16	DEL	TK10,TK12,TK18	DEL	3	3
ENSG00000162441	LZIC	Shared	TK13,TK14	DEL	TK10,TK91,TK92,TK93	DEL	2	4
ENSG00000139793	MBNL2	Shared	TK14,TK16	DEL	TK18,TK91,TK92,TK93	DEL	2	4
ENSG00000124370	MCEE	Shared	TK13,TK14	DEL	TK18,TK91,TK92,TK93	DEL	2	4
ENSG00000248796	MED15P8	Shared	TK13,TK14	DEL	TK10,TK91,TK92,TK93	DEL	2	4
ENSG00000265396	MIR3128	Shared	TK13,TK14,TK16	DEL	TK10,TK12,TK18	DEL	3	3
ENSG00000265462	MIR3680-1	Shared	TK13,TK14	DEL	TK18,TK91,TK92,TK93	DEL	2	4
ENSG00000265195	MIR4312	Shared	TK13,TK14,TK16	DEL	TK10,TK18,TK92	DEL	3	3
ENSG00000265483	MIR4443	Shared	TK13,TK14,TK16	DEL	TK10,TK18,TK92	DEL	3	3
ENSG00000264386	MIR4513	Shared	TK13,TK14,TK16	DEL	TK10,TK12,TK18	DEL	3	3
ENSG00000264160	MIR4762	Shared	TK13,TK14,TK16	DEL	TK10,TK12,TK18	DEL	3	3
ENSG00000266203	MIR5585	Shared	TK13,TK14,TK16	DEL	TK10,TK12,TK18	DEL	3	3
ENSG00000207741	MIR590	Shared	TK13,TK14,TK16	DEL	TK10,TK12,TK18	DEL	3	3
ENSG00000284049	MIR650	Shared	TK16	DEL	TK10,TK18,TK91,TK92,TK93	DEL	1	5
ENSG00000278221	MIR6511A2	Shared	TK13	DEL	TK10,TK18,TK91,TK92,TK93	DEL	1	5
ENSG00000274060	MIR6724-2	Shared	TK13	DEL	TK10,TK12,TK91,TK92,TK93	DEL	1	5
ENSG00000277872	MIR6817	Shared	TK13,TK14,TK16	DEL	TK18,TK91,TK92	DEL	3	3
ENSG00000284553	MIR6886	Shared	TK16	DEL	TK10,TK18,TK91,TK92,TK93	DEL	1	5
ENSG00000099875	MKNK2	Shared	TK16	DEL	TK10,TK18,TK91,TK92,TK93	DEL	1	5
ENSG00000155229	MMS19	Shared	TK13,TK14	DEL	TK10,TK18,TK91,TK92	DEL	2	4
ENSG00000164077	MON1A	Shared	TK13,TK14,TK16	DEL	TK10,TK12,TK18	DEL	3	3
ENSG00000179832	MROH1	Shared	TK13,TK14,TK16	DEL	TK10,TK18,TK91	DEL	3	3
ENSG00000181610	MRPS23	Shared	TK13,TK14,TK16	DEL	TK10,TK12,TK18	DEL	3	3
ENSG00000214827	MTCP1	Shared	TK13,TK14	DEL	TK10,TK91,TK92,TK93	DEL	2	4
ENSG00000156469	MTERF3	Shared	TK13,TK14,TK16	DEL	TK10,TK18,TK92	DEL	3	3
ENSG00000198793	MTOR	Shared	TK13,TK14	DEL	TK10,TK18,TK91,TK93	DEL	2	4
ENSG00000238245	MYO5BP2	Shared	TK13,TK14	DEL	TK10,TK91,TK92,TK93	DEL	2	4
ENSG00000276493	Metazoa_SRP	Shared	TK13,TK14,TK16	DEL	TK10,TK12,TK18	DEL	3	3
ENSG00000025770	NCAPH2	Shared	TK13,TK14,TK16	DEL	TK10,TK12,TK18	DEL	3	3
ENSG00000184752	NDUFA12	Shared	TK13,TK14,TK16	DEL	TK10,TK12,TK18	DEL	3	3
ENSG00000231884	NDUFB1P1	Shared	TK13,TK14,TK16	DEL	TK10,TK18,TK92	DEL	3	3
ENSG00000158864	NDUFS2	Shared	TK13,TK16	DEL	TK10,TK12,TK18,TK93	DEL	2	4
ENSG00000168653	NDUFS5	Shared	TK13,TK14,TK16	DEL	TK10,TK12,TK18	DEL	3	3
ENSG00000230450	NEK2P4	Shared	TK13,TK14	DEL	TK10,TK91,TK92,TK93	DEL	2	4
ENSG00000236956	NF1P8	Shared	TK13,TK14	DEL	TK10,TK91,TK92,TK93	DEL	2	4
ENSG00000130935	NOL11	Shared	TK13,TK14,TK16	DEL	TK10,TK18,TK93	DEL	3	3
ENSG00000183889	NPIPA9	Shared	TK13	DEL	TK10,TK18,TK91,TK92,TK93	DEL	1	5
ENSG00000169246	NPIPB3	Shared	TK13,TK14	DEL	TK18,TK91,TK92,TK93	DEL	2	4
ENSG00000185864	NPIPB4	Shared	TK13,TK14	DEL	TK18,TK91,TK92,TK93	DEL	2	4
ENSG00000181163	NPM1	Shared	TK13,TK14,TK16	DEL	TK10,TK91,TK92	DEL	3	3
ENSG00000130305	NSUN5	Shared	TK13,TK14	DEL	TK12,TK91,TK92,TK93	DEL	2	4
ENSG00000235191	NUCB1-AS1	Shared	TK13,TK14,TK16	DEL	TK10,TK12,TK18	DEL	3	3
ENSG00000153989	NUS1	Shared	TK13,TK14,TK16	DEL	TK10,TK12,TK18	DEL	3	3
ENSG00000144815	NXPE3	Shared	TK16	DEL	TK10,TK18,TK91,TK92,TK93	DEL	1	5
ENSG00000180304	OAZ2	Shared	TK13,TK14,TK16	DEL	TK10,TK12,TK18	DEL	3	3
ENSG00000248256	OCIAD1-AS1	Shared	TK13,TK14,TK16	DEL	TK91,TK92,TK93	DEL	3	3
ENSG00000276045	ORAI1	Shared	TK13,TK14,TK16	DEL	TK10,TK12,TK18	DEL	3	3
ENSG00000155719	OTOA	Shared	TK13,TK14	DEL	TK18,TK91,TK92,TK93	DEL	2	4
ENSG00000090060	PAPOLA	Shared	TK13,TK14,TK16	DEL	TK10,TK12,TK18	DEL	3	3
ENSG00000197111	PCBP2	Shared	TK13,TK14,TK16	DEL	TK10,TK12,TK18	DEL	3	3
ENSG00000156973	PDE6D	Shared	TK13,TK14,TK16	DEL	TK10,TK12,TK18	DEL	3	3
ENSG00000162734	PEA15	Shared	TK13,TK14,TK16	DEL	TK10,TK18,TK91	DEL	3	3
ENSG00000142655	PEX14	Shared	TK16	DEL	TK10,TK18,TK91,TK92,TK93	DEL	1	5
ENSG00000129925	PGAP6	Shared	TK16	DEL	TK10,TK12,TK18,TK91,TK92	DEL	1	5
ENSG00000130313	PGLS	Shared	TK13,TK16	DEL	TK10,TK12,TK91,TK92	DEL	2	4
ENSG00000164040	PGRMC2	Shared	TK13,TK14,TK16	DEL	TK10,TK12,TK18	DEL	3	3
ENSG00000228986	PHF10P1	Shared	TK13,TK14	DEL	TK10,TK91,TK92,TK93	DEL	2	4
ENSG00000100410	PHF5A	Shared	TK13,TK14,TK16	DEL	TK12,TK18,TK91	DEL	3	3
ENSG00000143393	PI4KB	Shared	TK16	DEL	TK10,TK18,TK91,TK92,TK93	DEL	1	5
ENSG00000198961	PJA2	Shared	TK13,TK16	DEL	TK18,TK91,TK92,TK93	DEL	2	4
ENSG00000250251	PKD1P6	Shared	TK13,TK14,TK16	DEL	TK10,TK18,TK91	DEL	3	3
ENSG00000270580	PKD1P6-NPIPP1	Shared	TK13,TK14,TK16	DEL	TK10,TK18,TK91	DEL	3	3
ENSG00000123143	PKN1	Shared	TK13,TK14,TK16	DEL	TK10,TK18,TK91	DEL	3	3
ENSG00000115762	PLEKHB2	Shared	TK13,TK14	DEL	TK10,TK91,TK92,TK93	DEL	2	4
ENSG00000160783	PMF1	Shared	TK13,TK14,TK16	DEL	TK10,TK18,TK92	DEL	3	3
ENSG00000186141	POLR3C	Shared	TK16	DEL	TK10,TK18,TK91,TK92,TK93	DEL	1	5
ENSG00000161103	POM121L15P	Shared	TK13,TK14	DEL	TK10,TK91,TK92,TK93	DEL	2	4
ENSG00000185900	POMK	Shared	TK13,TK14	DEL	TK10,TK91,TK92,TK93	DEL	2	4
ENSG00000188219	POTEE	Shared	TK13,TK14	DEL	TK10,TK91,TK92,TK93	DEL	2	4
ENSG00000273643	PPP1R26P2	Shared	TK13,TK14	DEL	TK10,TK91,TK92,TK93	DEL	2	4
ENSG00000278008	PPP1R26P4	Shared	TK13,TK14	DEL	TK10,TK91,TK92,TK93	DEL	2	4
ENSG00000253729	PRKDC	Shared	TK16	DEL	TK10,TK18,TK91,TK92,TK93	DEL	1	5
ENSG00000100033	PRODH	Shared	TK13,TK14	DEL	TK10,TK91,TK92,TK93	DEL	2	4
ENSG00000196504	PRPF40A	Shared	TK13,TK16	DEL	TK12,TK18,TK91,TK92	DEL	2	4
ENSG00000197746	PSAP	Shared	TK13,TK14	DEL	TK12,TK91,TK92,TK93	DEL	2	4
ENSG00000100902	PSMA6	Shared	TK13,TK14,TK16	DEL	TK10,TK18,TK92	DEL	3	3
ENSG00000184523	PTGER4P2	Shared	TK13,TK14	DEL	TK10,TK91,TK92,TK93	DEL	2	4
ENSG00000179950	PUF60	Shared	TK13,TK16	DEL	TK10,TK91,TK92,TK93	DEL	2	4
ENSG00000055917	PUM2	Shared	TK14	DEL	TK12,TK18,TK91,TK92,TK93	DEL	1	5
ENSG00000165661	QSOX2	Shared	TK13,TK14,TK16	DEL,INS	TK10,TK12,TK18	DEL,INS	3	3
ENSG00000155961	RAB39B	Shared	TK13,TK14	DEL	TK10,TK91,TK92,TK93	DEL	2	4
ENSG00000128340	RAC2	Shared	TK13,TK14,TK16	DEL	TK10,TK18,TK92	DEL	3	3
ENSG00000161800	RACGAP1	Shared	TK13,TK16	DEL	TK18,TK91,TK92,TK93	DEL	2	4
ENSG00000204628	RACK1	Shared	TK16	DEL	TK12,TK18,TK91,TK92,TK93	DEL	1	5
ENSG00000107263	RAPGEF1	Shared	TK13,TK14,TK16	DEL	TK10,TK91,TK92	DEL	3	3
ENSG00000184863	RBM33	Shared	TK13	DEL	TK10,TK18,TK91,TK92,TK93	DEL	1	5
ENSG00000179051	RCC2	Shared	TK13,TK14,TK16	DEL	TK10,TK18,TK91	DEL	3	3
ENSG00000135249	RINT1	Shared	TK13,TK14	DEL	TK10,TK12,TK18,TK92	DEL	2	4
ENSG00000276757	RN7SL192P	Shared	TK16	DEL	TK10,TK18,TK91,TK92,TK93	DEL	1	5
ENSG00000265123	RN7SL200P	Shared	TK13,TK14,TK16	DEL	TK10,TK18,TK93	DEL	3	3
ENSG00000278771	RN7SL3	Shared	TK13,TK14	DEL	TK18,TK91,TK92,TK93	DEL	2	4
ENSG00000265078	RN7SL664P	Shared	TK13,TK14,TK16	DEL	TK10,TK18,TK92	DEL	3	3
ENSG00000206938	RNU4-31P	Shared	TK13,TK14,TK16	DEL	TK10,TK12,TK18	DEL	3	3
ENSG00000206954	RNU6-1201P	Shared	TK13,TK14,TK16	DEL	TK10,TK12,TK18	DEL	3	3
ENSG00000212199	RNU6-127P	Shared	TK13,TK14	DEL	TK10,TK91,TK92,TK93	DEL	2	4
ENSG00000223263	RNU6-387P	Shared	TK13,TK14,TK16	DEL	TK10,TK12,TK18	DEL	3	3
ENSG00000253056	RNU7-128P	Shared	TK13,TK14,TK16	DEL	TK10,TK18,TK92	DEL	3	3
ENSG00000164610	RP9	Shared	TK13,TK14	DEL	TK18,TK91,TK92,TK93	DEL	2	4
ENSG00000153574	RPIA	Shared	TK13,TK14,TK16	DEL	TK10,TK12,TK18	DEL	3	3
ENSG00000236768	RPL17P16	Shared	TK13,TK14,TK16	DEL	TK10,TK18,TK92	DEL	3	3
ENSG00000114391	RPL24	Shared	TK13,TK16	DEL	TK10,TK12,TK18,TK92	DEL	2	4
ENSG00000037241	RPL26L1	Shared	TK13,TK14,TK16	DEL	TK10,TK12,TK18	DEL	3	3
ENSG00000244451	RPL34P21	Shared	TK13,TK14,TK16	DEL	TK10,TK12,TK18	DEL	3	3
ENSG00000257529	RPL36A-HNRNPH2	Shared	TK16	DEL	TK10,TK12,TK18,TK91,TK92	DEL	1	5
ENSG00000216636	RPL7P25	Shared	TK13,TK14,TK16	DEL	TK10,TK18,TK91	DEL	3	3
ENSG00000124614	RPS10	Shared	TK13,TK14,TK16	DEL	TK10,TK12,TK18	DEL	3	3
ENSG00000137154	RPS6	Shared	TK14	DEL	TK10,TK18,TK91,TK92,TK93	DEL	1	5
ENSG00000125844	RRBP1	Shared	TK13,TK14,TK16	DEL	TK10,TK18,TK91	DEL	3	3
ENSG00000248124	RRN3P1	Shared	TK13,TK14	DEL	TK18,TK91,TK92,TK93	DEL	2	4
ENSG00000175792	RUVBL1	Shared	TK13,TK16	DEL	TK10,TK91,TK92,TK93	DEL	2	4
ENSG00000031698	SARS1	Shared	TK16	DEL	TK10,TK18,TK91,TK92,TK93	DEL	1	5
ENSG00000258896	SCOCP1	Shared	TK13,TK14,TK16	DEL	TK10,TK18,TK92	DEL	3	3
ENSG00000180900	SCRIB	Shared	TK13,TK14	DEL	TK10,TK12,TK91,TK92	DEL	2	4
ENSG00000132581	SDF2	Shared	TK13	DEL	TK10,TK12,TK91,TK92,TK93	DEL	1	5
ENSG00000073578	SDHA	Shared	TK13,TK16	DEL	TK10,TK18,TK92,TK93	DEL	2	4
ENSG00000196636	SDHAF3	Shared	TK13,TK14,TK16	DEL	TK10,TK12,TK18	DEL	3	3
ENSG00000117118	SDHB	Shared	TK13,TK14,TK16	DEL	TK10,TK12,TK18	DEL	3	3
ENSG00000150961	SEC24D	Shared	TK13,TK14,TK16	DEL	TK10,TK12,TK18	DEL	3	3
ENSG00000106803	SEC61B	Shared	TK13,TK14,TK16	DEL	TK10,TK12,TK18	DEL	3	3
ENSG00000196189	SEMA4A	Shared	TK13	DEL	TK12,TK18,TK91,TK92,TK93	DEL	1	5
ENSG00000183431	SF3A3	Shared	TK13,TK14,TK16	DEL	TK10,TK18,TK92	DEL	3	3
ENSG00000148341	SH3GLB2	Shared	TK13,TK14,TK16	DEL	TK10,TK12,TK18	DEL	3	3
ENSG00000160410	SHKBP1	Shared	TK13,TK16	DEL	TK10,TK91,TK92,TK93	DEL	2	4
ENSG00000017483	SLC38A5	Shared	TK16	DEL	TK10,TK18,TK91,TK92,TK93	DEL	1	5
ENSG00000133065	SLC41A1	Shared	TK14,TK16	DEL	TK10,TK12,TK18,TK92	DEL	2	4
ENSG00000149150	SLC43A1	Shared	TK13,TK14,TK16	DEL	TK10,TK18,TK93	DEL	3	3
ENSG00000070214	SLC44A1	Shared	TK13,TK16	DEL	TK12,TK91,TK92,TK93	DEL	2	4
ENSG00000258186	SLC7A5P2	Shared	TK13,TK14	DEL	TK18,TK91,TK92,TK93	DEL	2	4
ENSG00000099956	SMARCB1	Shared	TK13,TK14,TK16	DEL	TK10,TK12,TK18	DEL	3	3
ENSG00000180747	SMG1P3	Shared	TK13,TK14	DEL	TK18,TK91,TK92,TK93	DEL	2	4
ENSG00000284479	SMIM39	Shared	TK13,TK14	DEL	TK10,TK91,TK92,TK93	DEL	2	4
ENSG00000289762	SMIM46	Shared	TK13,TK14,TK16	DEL	TK10,TK18,TK91	DEL	3	3
ENSG00000144028	SNRNP200	Shared	TK16	DEL	TK10,TK18,TK91,TK92,TK93	DEL	1	5
ENSG00000167088	SNRPD1	Shared	TK13,TK14,TK16	DEL	TK10,TK12,TK18	DEL	3	3
ENSG00000182004	SNRPE	Shared	TK13,TK14,TK16	DEL	TK10,TK18,TK92	DEL	3	3
ENSG00000235627	SNRPFP4	Shared	TK13,TK14,TK16	DEL	TK10,TK18,TK92	DEL	3	3
ENSG00000161888	SPC24	Shared	TK16	DEL	TK10,TK18,TK91,TK92,TK93	DEL	1	5
ENSG00000173678	SPDYE2B	Shared	TK14	DEL	TK10,TK18,TK91,TK92,TK93	DEL	1	5
ENSG00000214300	SPDYE3	Shared	TK13,TK14	DEL	TK10,TK91,TK92,TK93	DEL	2	4
ENSG00000258484	SPESP1	Shared	TK13,TK14,TK16	DEL	TK10,TK18,TK92	DEL	3	3
ENSG00000167778	SPRYD3	Shared	TK13,TK14,TK16	DEL	TK10,TK91,TK93	DEL	3	3
ENSG00000174780	SRP72	Shared	TK13,TK14,TK16	DEL	TK10,TK18,TK91	DEL	3	3
ENSG00000167978	SRRM2	Shared	TK16	DEL	TK10,TK12,TK18,TK91,TK93	DEL	1	5
ENSG00000116350	SRSF4	Shared	TK13,TK14,TK16	DEL	TK10,TK12,TK18	DEL	3	3
ENSG00000205583	STAG3L1	Shared	TK13,TK14,TK16	DEL	TK10,TK18,TK91	DEL	3	3
ENSG00000084090	STARD7	Shared	TK13,TK14,TK16	DEL	TK10,TK18,TK93	DEL	3	3
ENSG00000168610	STAT3	Shared	TK13,TK14,TK16	DEL	TK10,TK18,TK92	DEL	3	3
ENSG00000204344	STK19	Shared	TK13,TK14	DEL	TK10,TK91,TK92,TK93	DEL	2	4
ENSG00000113387	SUB1	Shared	TK13,TK14,TK16	DEL	TK91,TK92,TK93	DEL	3	3
ENSG00000148248	SURF4	Shared	TK13,TK14	DEL	TK10,TK91,TK92,TK93	DEL	2	4
ENSG00000213871	TAF9BP1	Shared	TK13,TK14	DEL	TK12,TK18,TK91,TK92	DEL	2	4
ENSG00000163946	TASOR	Shared	TK13,TK14,TK16	DEL	TK18,TK91,TK92	DEL	3	3
ENSG00000106052	TAX1BP1	Shared	TK13,TK14	DEL	TK10,TK12,TK18,TK92	DEL	2	4
ENSG00000136478	TEX2	Shared	TK13,TK16	DEL	TK18,TK91,TK92,TK93	DEL	2	4
ENSG00000145365	TIFA	Shared	TK13,TK14,TK16	DEL	TK12,TK18,TK91	DEL	3	3
ENSG00000142444	TIMM29	Shared	TK16	DEL	TK10,TK18,TK91,TK92,TK93	DEL	1	5
ENSG00000104980	TIMM44	Shared	TK13,TK14,TK16	DEL	TK10,TK18,TK91	DEL	3	3
ENSG00000106609	TMEM248	Shared	TK13,TK14,TK16	DEL	TK10,TK12,TK92	DEL	3	3
ENSG00000072954	TMEM38A	Shared	TK13,TK14,TK16	DEL	TK10,TK18,TK91	DEL	3	3
ENSG00000121775	TMEM39B	Shared	TK13,TK14,TK16	DEL	TK10,TK12,TK18	DEL	3	3
ENSG00000109084	TMEM97	Shared	TK13,TK14,TK16	DEL	TK18,TK92,TK93	DEL	3	3
ENSG00000230578	TMLHEP1	Shared	TK13,TK14	DEL	TK10,TK91,TK92,TK93	DEL	2	4
ENSG00000240505	TNFRSF13B	Shared	TK13,TK14,TK16	DEL	TK18,TK92,TK93	DEL	3	3
ENSG00000088325	TPX2	Shared	TK13,TK14,TK16	DEL	TK10,TK18,TK93	DEL	3	3
ENSG00000136527	TRA2B	Shared	TK13,TK14,TK16	DEL	TK10,TK12,TK18	DEL	3	3
ENSG00000101255	TRIB3	Shared	TK13,TK14,TK16	DEL	TK10,TK91,TK92	DEL	3	3
ENSG00000166925	TSC22D4	Shared	TK13,TK14	DEL	TK10,TK91,TK92,TK93	DEL	2	4
ENSG00000137285	TUBB2B	Shared	TK13,TK14	DEL	TK10,TK91,TK92,TK93	DEL	2	4
ENSG00000216819	TUBB2BP1	Shared	TK13,TK14	DEL	TK10,TK91,TK92,TK93	DEL	2	4
ENSG00000225008	TWF1P2	Shared	TK13,TK14	DEL	TK10,TK91,TK92,TK93	DEL	2	4
ENSG00000198833	UBE2J1	Shared	TK13,TK14,TK16	DEL	TK10,TK12,TK18	DEL	3	3
ENSG00000238199	UBE2V2P3	Shared	TK13,TK14,TK16	DEL	TK18,TK92,TK93	DEL	3	3
ENSG00000120942	UBIAD1	Shared	TK13,TK14,TK16	DEL	TK18,TK92,TK93	DEL	3	3
ENSG00000118900	UBN1	Shared	TK13,TK14	DEL	TK10,TK91,TK92,TK93	DEL	2	4
ENSG00000160803	UBQLN4	Shared	TK13,TK14,TK16	DEL	TK10,TK18,TK92	DEL	3	3
ENSG00000110057	UNC93B1	Shared	TK13	DEL	TK12,TK18,TK91,TK92,TK93	DEL	1	5
ENSG00000173660	UQCRH	Shared	TK13,TK14,TK16	DEL	TK10,TK12,TK18	DEL	3	3
ENSG00000102226	USP11	Shared	TK13,TK16	DEL	TK10,TK12,TK18,TK91	DEL	2	4
ENSG00000232162	USP12-AS1	Shared	TK13,TK14,TK16	DEL	TK10,TK12,TK18	DEL	3	3
ENSG00000124486	USP9X	Shared	TK14,TK16	DEL	TK10,TK91,TK92,TK93	DEL	2	4
ENSG00000155959	VBP1	Shared	TK13,TK14	DEL	TK10,TK91,TK92,TK93	DEL	2	4
ENSG00000213585	VDAC1	Shared	TK13,TK14,TK16	DEL	TK10,TK18,TK92	DEL	3	3
ENSG00000165637	VDAC2	Shared	TK13,TK14,TK16	DEL	TK10,TK91,TK92	DEL	3	3
ENSG00000164944	VIRMA	Shared	TK13,TK14	DEL	TK10,TK91,TK92,TK93	DEL	2	4
ENSG00000065268	WDR18	Shared	TK13	DEL	TK10,TK18,TK91,TK92,TK93	DEL	1	5
ENSG00000123124	WWP1	Shared	TK13,TK14	DEL	TK18,TK91,TK92,TK93	DEL	2	4
ENSG00000100219	XBP1	Shared	TK16	DEL	TK10,TK18,TK91,TK92,TK93	DEL	1	5
ENSG00000047597	XK	Shared	TK13,TK14	DEL	TK18,TK91,TK92,TK93	DEL	2	4
ENSG00000130733	YIPF2	Shared	TK16	DEL	TK10,TK18,TK91,TK92,TK93	DEL	1	5
ENSG00000137207	YIPF3	Shared	TK13,TK14	DEL	TK10,TK91,TK92,TK93	DEL	2	4
ENSG00000271557	YPEL5P2	Shared	TK13,TK14,TK16	DEL	TK10,TK12,TK18	DEL	3	3
ENSG00000083896	YTHDC1	Shared	TK13,TK14,TK16	DEL	TK10,TK12,TK18	DEL	3	3
ENSG00000170027	YWHAG	Shared	TK13,TK14,TK16	DEL	TK10,TK12,TK18	DEL	3	3
ENSG00000100811	YY1	Shared	TK13,TK14	DEL	TK18,TK91,TK92,TK93	DEL	2	4
ENSG00000201988	Y_RNA	Shared	TK13,TK14,TK16	DEL	TK10,TK18,TK92	DEL	3	3
ENSG00000278523	Y_RNA	Shared	TK13,TK14,TK16	DEL	TK10,TK12,TK18	DEL	3	3
ENSG00000158545	ZC3H18	Shared	TK13,TK14,TK16	DEL	TK10,TK18,TK92	DEL	3	3
ENSG00000167685	ZNF444	Shared	TK13,TK14,TK16	DEL	TK10,TK12,TK18	DEL	3	3
ENSG00000233688	ZNF622P1	Shared	TK13,TK14	DEL	TK10,TK91,TK92,TK93	DEL	2	4
ENSG00000160336	ZNF761	Shared	TK13,TK14	DEL	TK10,TK91,TK92,TK93	DEL	2	4
ENSG00000198346	ZNF813	Shared	TK13,TK16	DEL	TK10,TK91,TK92,TK93	DEL	2	4
ENSG00000075239	ACAT1	Shared	TK13,TK14,TK16	DEL	TK10,TK18	DEL	3	2
ENSG00000131069	ACSS2	Shared	TK13,TK16	DEL	TK10,TK12,TK18	DEL	2	3
ENSG00000136518	ACTL6A	Shared	TK13,TK14,TK16	DEL	TK10,TK18	DEL	3	2
ENSG00000137845	ADAM10	Shared	TK13,TK14,TK16	DEL	TK10,TK92	DEL	3	2
ENSG00000271968	ADAM6	Shared	TK13,TK14,TK16	DEL	TK10,TK12	DEL	3	2
ENSG00000290844	ADAM6	Shared	TK13,TK14,TK16	DEL	TK10,TK12	DEL	3	2
ENSG00000260898	ADPGK-AS1	Shared	TK13,TK14,TK16	DEL	TK10,TK18	DEL	3	2
ENSG00000147853	AK3	Shared	TK13,TK14	DEL	TK10,TK18,TK92	DEL	2	3
ENSG00000123505	AMD1	Shared	TK13,TK14,TK16	DEL	TK10,TK18	DEL	3	2
ENSG00000234231	ANAPC1P4	Shared	TK16	DEL	TK10,TK91,TK92,TK93	DEL	1	4
ENSG00000132466	ANKRD17	Shared	TK13	DEL	TK18,TK91,TK92,TK93	DEL	1	4
ENSG00000164111	ANXA5	Shared	TK13,TK14	DEL	TK91,TK92,TK93	DEL	2	3
ENSG00000138279	ANXA7	Shared	TK16	DEL	TK18,TK91,TK92,TK93	DEL	1	4
ENSG00000166747	AP1G1	Shared	TK13,TK16	DEL	TK18,TK91,TK93	DEL	2	3
ENSG00000161203	AP2M1	Shared	TK16	DEL	TK18,TK91,TK92,TK93	DEL	1	4
ENSG00000166181	API5	Shared	TK13,TK14,TK16	DEL	TK10,TK18	DEL	3	2
ENSG00000149089	APIP	Shared	TK13,TK16	DEL	TK10,TK18,TK93	DEL	2	3
ENSG00000128335	APOL2	Shared	TK16	DEL	TK10,TK91,TK92,TK93	DEL	1	4
ENSG00000157500	APPL1	Shared	TK13,TK14,TK16	DEL	TK10,TK93	DEL	3	2
ENSG00000168374	ARF4	Shared	TK13,TK14,TK16	DEL	TK10,TK18	DEL	3	2
ENSG00000186517	ARHGAP30	Shared	TK13,TK14	DEL	TK91,TK92,TK93	DEL	2	3
ENSG00000143862	ARL8A	Shared	TK13,TK14,TK16	DEL	TK10,TK91	DEL	3	2
ENSG00000173409	ARV1	Shared	TK13,TK14,TK16	DEL	TK10,TK18	DEL	3	2
ENSG00000224144	ASH2LP1	Shared	TK16	DEL	TK10,TK91,TK92,TK93	DEL	1	4
ENSG00000066279	ASPM	Shared	TK13,TK14	DEL	TK91,TK92,TK93	DEL	2	3
ENSG00000169696	ASPSCR1	Shared	TK13,TK14,TK16	DEL	TK10,TK18	DEL	3	2
ENSG00000213676	ATF6B	Shared	TK13,TK16	DEL	TK10,TK91,TK92	DEL	2	3
ENSG00000105726	ATP13A1	Shared	TK16	DEL	TK12,TK18,TK92,TK93	DEL	1	4
ENSG00000058668	ATP2B4	Shared	TK13	DEL	TK10,TK91,TK92,TK93	DEL	1	4
ENSG00000152234	ATP5F1A	Shared	TK13,TK14	DEL	TK91,TK92,TK93	DEL	2	3
ENSG00000241837	ATP5PO	Shared	TK13,TK14,TK16	DEL	TK10,TK18	DEL	3	2
ENSG00000006453	BAIAP2L1	Shared	TK13,TK14	DEL	TK91,TK92,TK93	DEL	2	3
ENSG00000116752	BCAS2	Shared	TK13,TK14,TK16	DEL	TK10,TK18	DEL	3	2
ENSG00000215456	BCRP4	Shared	TK16	DEL	TK10,TK91,TK92,TK93	DEL	1	4
ENSG00000180535	BHLHA15	Shared	TK13,TK14	DEL	TK91,TK92,TK93	DEL	2	3
ENSG00000007202	BLTP2	Shared	TK13	DEL	TK12,TK91,TK92,TK93	DEL	1	4
ENSG00000117475	BLZF1	Shared	TK14,TK16	DEL	TK10,TK92,TK93	DEL	2	3
ENSG00000168283	BMI1	Shared	TK13	DEL	TK10,TK91,TK92,TK93	DEL	1	4
ENSG00000164713	BRI3	Shared	TK13,TK14	DEL	TK91,TK92,TK93	DEL	2	3
ENSG00000172270	BSG	Shared	TK14	DEL	TK12,TK91,TK92,TK93	DEL	1	4
ENSG00000280594	BTG3-AS1	Shared	TK16	DEL	TK10,TK12,TK18,TK91	DEL	1	4
ENSG00000119559	C19orf25	Shared	TK13,TK14,TK16	DEL	TK10,TK18	DEL	3	2
ENSG00000116161	CACYBP	Shared	TK16	DEL	TK10,TK12,TK18,TK92	DEL	1	4
ENSG00000160014	CALM3	Shared	TK13,TK14,TK16	DEL	TK10,TK92	DEL	3	2
ENSG00000137752	CASP1	Shared	TK14	DEL	TK18,TK91,TK92,TK93	DEL	1	4
ENSG00000158941	CCAR2	Shared	TK13,TK14,TK16	DEL	TK10,TK18	DEL	3	2
ENSG00000136710	CCDC115	Shared	TK13,TK14	DEL	TK12,TK91,TK92	DEL	2	3
ENSG00000175455	CCDC14	Shared	TK13	DEL	TK18,TK91,TK92,TK93	DEL	1	4
ENSG00000152076	CCDC74B	Shared	TK13,TK14	DEL	TK12,TK91,TK92	DEL	2	3
ENSG00000100814	CCNB1IP1	Shared	TK13,TK14	DEL	TK18,TK91,TK93	DEL	2	3
ENSG00000173992	CCS	Shared	TK13,TK16	DEL	TK10,TK12,TK18	DEL	2	3
ENSG00000166226	CCT2	Shared	TK16	DEL	TK10,TK18,TK92,TK93	DEL	1	4
ENSG00000243554	CCZ1P1	Shared	TK13,TK14	DEL	TK91,TK92,TK93	DEL	2	3
ENSG00000196776	CD47	Shared	TK13,TK14,TK16	DEL	TK10,TK18	DEL	3	2
ENSG00000117091	CD48	Shared	TK16	DEL	TK18,TK91,TK92,TK93	DEL	1	4
ENSG00000105401	CDC37	Shared	TK13,TK14,TK16	DEL	TK12,TK18	DEL	3	2
ENSG00000167258	CDK12	Shared	TK13,TK16	DEL	TK10,TK91,TK92	DEL	2	3
ENSG00000100422	CERK	Shared	TK13,TK14,TK16	DEL	TK10,TK18	DEL	3	2
ENSG00000149554	CHEK1	Shared	TK13,TK14,TK16	DEL	TK18,TK93	DEL	3	2
ENSG00000177830	CHID1	Shared	TK13,TK14	DEL	TK10,TK18,TK91	DEL	2	3
ENSG00000160679	CHTOP	Shared	TK13,TK14,TK16	DEL	TK10,TK18	DEL	3	2
ENSG00000166797	CIAO2A	Shared	TK14,TK16	DEL	TK10,TK18,TK92	DEL	2	3
ENSG00000104859	CLASRP	Shared	TK13,TK14,TK16	DEL	TK10,TK18	DEL	3	2
ENSG00000109572	CLCN3	Shared	TK13,TK14,TK16	DEL	TK18,TK92	DEL	3	2
ENSG00000188603	CLN3	Shared	TK16	DEL	TK10,TK18,TK91,TK92	DEL	1	4
ENSG00000138767	CNOT6L	Shared	TK13	DEL	TK10,TK12,TK91,TK92	DEL	1	4
ENSG00000130309	COLGALT1	Shared	TK13,TK14,TK16	DEL	TK10,TK18	DEL	3	2
ENSG00000014919	COX15	Shared	TK13	DEL	TK10,TK91,TK92,TK93	DEL	1	4
ENSG00000260318	COX6CP1	Shared	TK13,TK14,TK16	DEL	TK10,TK12	DEL	3	2
ENSG00000080819	CPOX	Shared	TK14,TK16	DEL	TK10,TK12,TK18	DEL	2	3
ENSG00000227684	CROCCP4	Shared	TK16	DEL	TK10,TK91,TK92,TK93	DEL	1	4
ENSG00000170275	CRTAP	Shared	TK13,TK14,TK16	DEL	TK10,TK18	DEL	3	2
ENSG00000271321	CTAGE6	Shared	TK13,TK14	DEL	TK91,TK92,TK93	DEL	2	3
ENSG00000196810	CTBP1-DT	Shared	TK13,TK14,TK16	DEL	TK10,TK18	DEL	3	2
ENSG00000117151	CTBS	Shared	TK13,TK14	DEL	TK12,TK92,TK93	DEL	2	3
ENSG00000168036	CTNNB1	Shared	TK13,TK14	DEL	TK10,TK12,TK18	DEL	2	3
ENSG00000132792	CTNNBL1	Shared	TK13,TK14	DEL	TK10,TK12,TK18	DEL	2	3
ENSG00000117984	CTSD	Shared	TK16	DEL	TK10,TK12,TK92,TK93	DEL	1	4
ENSG00000112659	CUL9	Shared	TK13,TK14,TK16	DEL	TK12,TK93	DEL	3	2
ENSG00000051523	CYBA	Shared	TK16	DEL	TK10,TK12,TK18,TK91	DEL	1	4
ENSG00000259547	CYCSP2	Shared	TK13	DEL	TK10,TK91,TK92,TK93	DEL	1	4
ENSG00000155368	DBI	Shared	TK13,TK16	DEL	TK10,TK12,TK18	DEL	2	3
ENSG00000179958	DCTPP1	Shared	TK13,TK16	DEL	TK10,TK12,TK18	DEL	2	3
ENSG00000198171	DDRGK1	Shared	TK13,TK14,TK16	DEL	TK10,TK18	DEL	3	2
ENSG00000261777	DDX19A-DT	Shared	TK13,TK14	DEL	TK91,TK92,TK93	DEL	2	3
ENSG00000174243	DDX23	Shared	TK13,TK14	DEL	TK91,TK92,TK93	DEL	2	3
ENSG00000089737	DDX24	Shared	TK13	DEL	TK18,TK91,TK92,TK93	DEL	1	4
ENSG00000238024	DDX39BP2	Shared	TK13	DEL	TK10,TK91,TK92,TK93	DEL	1	4
ENSG00000145833	DDX46	Shared	TK13,TK14,TK16	DEL	TK10,TK18	DEL	3	2
ENSG00000172893	DHCR7	Shared	TK16	DEL	TK10,TK12,TK18,TK91	DEL	1	4
ENSG00000157326	DHRS4	Shared	TK13	DEL	TK10,TK91,TK92,TK93	DEL	1	4
ENSG00000174953	DHX36	Shared	TK13,TK14,TK16	DEL	TK10,TK18	DEL	3	2
ENSG00000261771	DNAAF4-CCPG1	Shared	TK13,TK16	DEL	TK18,TK91,TK92	DEL	2	3
ENSG00000164818	DNAAF5	Shared	TK13,TK14,TK16	DEL	TK10,TK18	DEL	3	2
ENSG00000086061	DNAJA1	Shared	TK16	DEL	TK10,TK91,TK92,TK93	DEL	1	4
ENSG00000090520	DNAJB11	Shared	TK13,TK14,TK16	DEL	TK10,TK18	DEL	3	2
ENSG00000148719	DNAJB12	Shared	TK13,TK14,TK16	DEL	TK10,TK18	DEL	3	2
ENSG00000105993	DNAJB6	Shared	TK13,TK14,TK16	DEL	TK10,TK18	DEL	3	2
ENSG00000138246	DNAJC13	Shared	TK13	DEL	TK18,TK91,TK92,TK93	DEL	1	4
ENSG00000168259	DNAJC7	Shared	TK13,TK14,TK16	DEL	TK10,TK18	DEL	3	2
ENSG00000255517	DPP3-DT	Shared	TK16	DEL	TK10,TK12,TK18,TK92	DEL	1	4
ENSG00000185721	DRG1	Shared	TK13,TK14,TK16	DEL	TK18,TK92	DEL	3	2
ENSG00000143476	DTL	Shared	TK13,TK14,TK16	DEL	TK10,TK18	DEL	3	2
ENSG00000168393	DTYMK	Shared	TK13,TK14	DEL	TK10,TK12,TK18	DEL	2	3
ENSG00000144635	DYNC1LI1	Shared	TK13,TK14,TK16	DEL	TK12,TK18	DEL	3	2
ENSG00000117298	ECE1	Shared	TK13,TK14,TK16	DEL	TK10,TK18	DEL	3	2
ENSG00000198721	ECI2	Shared	TK13,TK14,TK16	DEL	TK10,TK18	DEL	3	2
ENSG00000136813	ECPAS	Shared	TK16	DEL	TK12,TK18,TK91,TK92	DEL	1	4
ENSG00000104529	EEF1D	Shared	TK13,TK16	DEL	TK10,TK12,TK18	DEL	2	3
ENSG00000134001	EIF2S1	Shared	TK13,TK14,TK16	DEL	TK10,TK18	DEL	3	2
ENSG00000149100	EIF3M	Shared	TK13,TK14,TK16	DEL	TK10,TK18	DEL	3	2
ENSG00000158711	ELK4	Shared	TK13,TK14	DEL	TK10,TK91,TK92	DEL	2	3
ENSG00000125746	EML2	Shared	TK13,TK16	DEL	TK10,TK12,TK18	DEL	2	3
ENSG00000145293	ENOPH1	Shared	TK13,TK16	DEL	TK10,TK18,TK92	DEL	2	3
ENSG00000186328	ENSG00000186328	Shared	TK13,TK14,TK16	DEL	TK10,TK18	DEL	3	2
ENSG00000215796	ENSG00000215796	Shared	TK14	DEL	TK18,TK91,TK92,TK93	DEL	1	4
ENSG00000223643	ENSG00000223643	Shared	TK16	DEL	TK10,TK91,TK92,TK93	DEL	1	4
ENSG00000223999	ENSG00000223999	Shared	TK16	DEL	TK10,TK91,TK92,TK93	DEL	1	4
ENSG00000225200	ENSG00000225200	Shared	TK13,TK14,TK16	DEL	TK10,TK12	DEL	3	2
ENSG00000226595	ENSG00000226595	Shared	TK16	DEL	TK10,TK91,TK92,TK93	DEL	1	4
ENSG00000228549	ENSG00000228549	Shared	TK16	DEL	TK10,TK91,TK92,TK93	DEL	1	4
ENSG00000230521	ENSG00000230521	Shared	TK13,TK14	DEL	TK10,TK91,TK92	DEL	2	3
ENSG00000230821	ENSG00000230821	Shared	TK16	DEL	TK10,TK91,TK92,TK93	DEL	1	4
ENSG00000231859	ENSG00000231859	Shared	TK13,TK14	DEL	TK91,TK92,TK93	DEL	2	3
ENSG00000232032	ENSG00000232032	Shared	TK13,TK14	DEL	TK91,TK92,TK93	DEL	2	3
ENSG00000232145	ENSG00000232145	Shared	TK13,TK14	DEL	TK91,TK92,TK93	DEL	2	3
ENSG00000232350	ENSG00000232350	Shared	TK16	DEL	TK10,TK91,TK92,TK93	DEL	1	4
ENSG00000234983	ENSG00000234983	Shared	TK13,TK14,TK16	DEL	TK10,TK18	DEL	3	2
ENSG00000235241	ENSG00000235241	Shared	TK16	DEL	TK10,TK91,TK92,TK93	DEL	1	4
ENSG00000236263	ENSG00000236263	Shared	TK13	DEL	TK10,TK91,TK92,TK93	DEL	1	4
ENSG00000237323	ENSG00000237323	Shared	TK13,TK14	DEL	TK91,TK92,TK93	DEL	2	3
ENSG00000237669	ENSG00000237669	Shared	TK13	DEL	TK10,TK91,TK92,TK93	DEL	1	4
ENSG00000237934	ENSG00000237934	Shared	TK13,TK14,TK16	DEL	TK10,TK18	DEL	3	2
ENSG00000238142	ENSG00000238142	Shared	TK16	DEL	TK10,TK91,TK92,TK93	DEL	1	4
ENSG00000241179	ENSG00000241179	Shared	TK13,TK14,TK16	DEL	TK10,TK18	DEL	3	2
ENSG00000241489	ENSG00000241489	Shared	TK13,TK16	DEL	TK18,TK91,TK93	DEL	2	3
ENSG00000249435	ENSG00000249435	Shared	TK13,TK14	DEL	TK91,TK92,TK93	DEL	2	3
ENSG00000252228	ENSG00000252228	Shared	TK13	DEL	TK10,TK91,TK92,TK93	DEL	1	4
ENSG00000253754	ENSG00000253754	Shared	TK13,TK14,TK16	DEL	TK10,TK18	DEL	3	2
ENSG00000255038	ENSG00000255038	Shared	TK16	DEL	TK10,TK12,TK18,TK91	DEL	1	4
ENSG00000255348	ENSG00000255348	Shared	TK13,TK14,TK16	DEL	TK10,TK18	DEL	3	2
ENSG00000255508	ENSG00000255508	Shared	TK14	DEL	TK10,TK12,TK18,TK92	DEL	1	4
ENSG00000256206	ENSG00000256206	Shared	TK13,TK16	DEL	TK10,TK18,TK92	DEL	2	3
ENSG00000257941	ENSG00000257941	Shared	TK13,TK16	DEL	TK10,TK12,TK18	DEL	2	3
ENSG00000257953	ENSG00000257953	Shared	TK13,TK14,TK16	DEL	TK10,TK18	DEL	3	2
ENSG00000258465	ENSG00000258465	Shared	TK13	DEL	TK10,TK18,TK91,TK93	DEL	1	4
ENSG00000258904	ENSG00000258904	Shared	TK13	DEL	TK18,TK91,TK92,TK93	DEL	1	4
ENSG00000259935	ENSG00000259935	Shared	TK13,TK14,TK16	DEL	TK91,TK93	DEL	3	2
ENSG00000260342	ENSG00000260342	Shared	TK13,TK14,TK16	DEL	TK10,TK18	DEL	3	2
ENSG00000260735	ENSG00000260735	Shared	TK13,TK14,TK16	DEL	TK10,TK18	DEL	3	2
ENSG00000260891	ENSG00000260891	Shared	TK13	DEL	TK10,TK91,TK92,TK93	DEL	1	4
ENSG00000261216	ENSG00000261216	Shared	TK13,TK14,TK16	DEL	TK10,TK12	DEL	3	2
ENSG00000262160	ENSG00000262160	Shared	TK13	DEL	TK10,TK91,TK92,TK93	DEL	1	4
ENSG00000262358	ENSG00000262358	Shared	TK13,TK14	DEL	TK91,TK92,TK93	DEL	2	3
ENSG00000262514	ENSG00000262514	Shared	TK13	DEL	TK10,TK91,TK92,TK93	DEL	1	4
ENSG00000263081	ENSG00000263081	Shared	TK13,TK14,TK16	DEL	TK10,TK18	DEL	3	2
ENSG00000263276	ENSG00000263276	Shared	TK13	DEL	TK10,TK91,TK92,TK93	DEL	1	4
ENSG00000263786	ENSG00000263786	Shared	TK13,TK14,TK16	DEL	TK10,TK18	DEL	3	2
ENSG00000264853	ENSG00000264853	Shared	TK13,TK14,TK16	DEL	TK10,TK18	DEL	3	2
ENSG00000265800	ENSG00000265800	Shared	TK13,TK14,TK16	DEL	TK10,TK18	DEL	3	2
ENSG00000265987	ENSG00000265987	Shared	TK13,TK14,TK16	DEL	TK10,TK18	DEL	3	2
ENSG00000266805	ENSG00000266805	Shared	TK13,TK14,TK16	DEL	TK10,TK18	DEL	3	2
ENSG00000266897	ENSG00000266897	Shared	TK13,TK14,TK16	DEL	TK10,TK18	DEL	3	2
ENSG00000267059	ENSG00000267059	Shared	TK13,TK14,TK16	DEL	TK10,TK18	DEL	3	2
ENSG00000267274	ENSG00000267274	Shared	TK13,TK14,TK16	DEL	TK10,TK91	DEL	3	2
ENSG00000268193	ENSG00000268193	Shared	TK13,TK14,TK16	DEL	TK10,TK18	DEL	3	2
ENSG00000268810	ENSG00000268810	Shared	TK13,TK14,TK16	DEL	TK10,TK18	DEL	3	2
ENSG00000269271	ENSG00000269271	Shared	TK13,TK14	DEL	TK10,TK92,TK93	DEL	2	3
ENSG00000270299	ENSG00000270299	Shared	TK16	DEL	TK10,TK12,TK18,TK93	DEL	1	4
ENSG00000271100	ENSG00000271100	Shared	TK13,TK14,TK16	DEL	TK10,TK18	DEL	3	2
ENSG00000271201	ENSG00000271201	Shared	TK13,TK14,TK16	DEL	TK10,TK12	DEL	3	2
ENSG00000272162	ENSG00000272162	Shared	TK13,TK14	DEL	TK91,TK92,TK93	DEL	2	3
ENSG00000272950	ENSG00000272950	Shared	TK13,TK14	DEL	TK91,TK92,TK93	DEL	2	3
ENSG00000273088	ENSG00000273088	Shared	TK16	DEL	TK12,TK91,TK92,TK93	DEL	1	4
ENSG00000273345	ENSG00000273345	Shared	TK13,TK14	DEL	TK10,TK91,TK92	DEL	2	3
ENSG00000274227	ENSG00000274227	Shared	TK13,TK14,TK16	DEL	TK10,TK18	DEL	3	2
ENSG00000274737	ENSG00000274737	Shared	TK13,TK14,TK16	DEL	TK10,TK18	DEL	3	2
ENSG00000274760	ENSG00000274760	Shared	TK13,TK14,TK16	DEL	TK10,TK18	DEL	3	2
ENSG00000275121	ENSG00000275121	Shared	TK13,TK14,TK16	DEL	TK10,TK18	DEL	3	2
ENSG00000275856	ENSG00000275856	Shared	TK13	DEL	TK10,TK91,TK92,TK93	DEL	1	4
ENSG00000276101	ENSG00000276101	Shared	TK13,TK16	DEL	TK10,TK12,TK18	DEL	2	3
ENSG00000276523	ENSG00000276523	Shared	TK13,TK14,TK16	DEL	TK10,TK18	DEL	3	2
ENSG00000277647	ENSG00000277647	Shared	TK16	DEL	TK10,TK91,TK92,TK93	DEL	1	4
ENSG00000277675	ENSG00000277675	Shared	TK13,TK14,TK16	DEL	TK10,TK18	DEL	3	2
ENSG00000277916	ENSG00000277916	Shared	TK13,TK14,TK16	DEL	TK12,TK18	DEL	3	2
ENSG00000277967	ENSG00000277967	Shared	TK13,TK14,TK16	DEL	TK10,TK18	DEL	3	2
ENSG00000278104	ENSG00000278104	Shared	TK13	DEL	TK10,TK91,TK92,TK93	DEL	1	4
ENSG00000278594	ENSG00000278594	Shared	TK13,TK14	DEL	TK10,TK18,TK91	DEL	2	3
ENSG00000278667	ENSG00000278667	Shared	TK16	DEL	TK10,TK91,TK92,TK93	DEL	1	4
ENSG00000278773	ENSG00000278773	Shared	TK13	DEL	TK10,TK91,TK92,TK93	DEL	1	4
ENSG00000279074	ENSG00000279074	Shared	TK13,TK14,TK16	DEL	TK10,TK18	DEL	3	2
ENSG00000279621	ENSG00000279621	Shared	TK13	DEL	TK10,TK91,TK92,TK93	DEL	1	4
ENSG00000279901	ENSG00000279901	Shared	TK13	DEL	TK18,TK91,TK92,TK93	DEL	1	4
ENSG00000279962	ENSG00000279962	Shared	TK13,TK14,TK16	DEL	TK10,TK18	DEL	3	2
ENSG00000281039	ENSG00000281039	Shared	TK13,TK14,TK16	DEL	TK18,TK92	DEL	3	2
ENSG00000283064	ENSG00000283064	Shared	TK13	DEL	TK10,TK91,TK92,TK93	DEL	1	4
ENSG00000283411	ENSG00000283411	Shared	TK13,TK14,TK16	DEL	TK10,TK12	DEL	3	2
ENSG00000284627	ENSG00000284627	Shared	TK13,TK14	DEL	TK91,TK92,TK93	DEL	2	3
ENSG00000285416	ENSG00000285416	Shared	TK13,TK14,TK16	DEL	TK91,TK92	DEL	3	2
ENSG00000285542	ENSG00000285542	Shared	TK13,TK14,TK16	DEL	TK12,TK18	DEL	3	2
ENSG00000285558	ENSG00000285558	Shared	TK13,TK14,TK16	DEL	TK10,TK18	DEL	3	2
ENSG00000285625	ENSG00000285625	Shared	TK13,TK14,TK16	DEL	TK10,TK18	DEL	3	2
ENSG00000285710	ENSG00000285710	Shared	TK13,TK14	DEL	TK91,TK92,TK93	DEL	2	3
ENSG00000285725	ENSG00000285725	Shared	TK13,TK14	DEL	TK91,TK92,TK93	DEL	2	3
ENSG00000285799	ENSG00000285799	Shared	TK13,TK14	DEL	TK10,TK91,TK92	DEL	2	3
ENSG00000285897	ENSG00000285897	Shared	TK13,TK16	DEL	TK10,TK18,TK91	DEL	2	3
ENSG00000285982	ENSG00000285982	Shared	TK13	DEL	TK10,TK91,TK92,TK93	DEL	1	4
ENSG00000286149	ENSG00000286149	Shared	TK16	DEL	TK10,TK91,TK92,TK93	DEL	1	4
ENSG00000286941	ENSG00000286941	Shared	TK16	DEL	TK10,TK91,TK92,TK93	DEL	1	4
ENSG00000287725	ENSG00000287725	Shared	TK13,TK14	DEL	TK10,TK18,TK91	DEL	2	3
ENSG00000289138	ENSG00000289138	Shared	TK14	DEL	TK10,TK91,TK92,TK93	DEL	1	4
ENSG00000289614	ENSG00000289614	Shared	TK14	DEL	TK10,TK91,TK92,TK93	DEL	1	4
ENSG00000289695	ENSG00000289695	Shared	TK16	DEL	TK10,TK91,TK92,TK93	DEL	1	4
ENSG00000290104	ENSG00000290104	Shared	TK13,TK14,TK16	DEL	TK10,TK12	DEL	3	2
ENSG00000290394	ENSG00000290394	Shared	TK13,TK14,TK16	DEL	TK10,TK91	DEL	3	2
ENSG00000290396	ENSG00000290396	Shared	TK13,TK14,TK16	DEL	TK10,TK18	DEL	3	2
ENSG00000290574	ENSG00000290574	Shared	TK13	DEL	TK10,TK91,TK92,TK93	DEL	1	4
ENSG00000290851	ENSG00000290851	Shared	TK16	DEL	TK10,TK91,TK92,TK93	DEL	1	4
ENSG00000290870	ENSG00000290870	Shared	TK13,TK14	DEL	TK10,TK91,TK92	DEL	2	3
ENSG00000290951	ENSG00000290951	Shared	TK13,TK14,TK16	DEL	TK10,TK18	DEL	3	2
ENSG00000290990	ENSG00000290990	Shared	TK16	DEL	TK10,TK91,TK92,TK93	DEL	1	4
ENSG00000291149	ENSG00000291149	Shared	TK13,TK14	DEL	TK91,TK92,TK93	DEL	2	3
ENSG00000291219	ENSG00000291219	Shared	TK14	DEL	TK12,TK91,TK92,TK93	DEL	1	4
ENSG00000291270	ENSG00000291270	Shared	TK16	DEL	TK10,TK91,TK92,TK93	DEL	1	4
ENSG00000291273	ENSG00000291273	Shared	TK13,TK14,TK16	DEL	TK10,TK91	DEL	3	2
ENSG00000291336	ENSG00000291336	Shared	TK14	DEL	TK10,TK91,TK92,TK93	DEL	1	4
ENSG00000100393	EP300	Shared	TK13,TK14,TK16	DEL	TK10,TK18	DEL	3	2
ENSG00000183495	EP400	Shared	TK14	DEL	TK18,TK91,TK92,TK93	DEL	1	4
ENSG00000163161	ERCC3	Shared	TK13,TK14,TK16	DEL	TK18,TK92	DEL	3	2
ENSG00000125991	ERGIC3	Shared	TK13,TK16	DEL	TK10,TK12,TK18	DEL	2	3
ENSG00000089248	ERP29	Shared	TK13,TK14,TK16	DEL	TK10,TK18	DEL	3	2
ENSG00000173153	ESRRA	Shared	TK13,TK14,TK16	DEL	TK10,TK18	DEL	3	2
ENSG00000232757	ETF1P1	Shared	TK13	DEL	TK10,TK91,TK92,TK93	DEL	1	4
ENSG00000139163	ETNK1	Shared	TK13,TK14	DEL	TK10,TK18,TK91	DEL	2	3
ENSG00000223496	EXOSC6	Shared	TK14	DEL	TK12,TK91,TK92,TK93	DEL	1	4
ENSG00000075914	EXOSC7	Shared	TK13,TK14,TK16	DEL	TK10,TK12	DEL	3	2
ENSG00000149485	FADS1	Shared	TK13,TK14	DEL	TK91,TK92,TK93	DEL	2	3
ENSG00000177150	FAM210A	Shared	TK13,TK14,TK16	DEL	TK10,TK18	DEL	3	2
ENSG00000286175	FAM246B	Shared	TK13	DEL	TK10,TK91,TK92,TK93	DEL	1	4
ENSG00000275395	FCGBP	Shared	TK13,TK14	DEL	TK91,TK92,TK93	DEL	2	3
ENSG00000160752	FDPS	Shared	TK13,TK14,TK16	DEL	TK10,TK18	DEL	3	2
ENSG00000088832	FKBP1A	Shared	TK13,TK14,TK16	DEL	TK91,TK92	DEL	3	2
ENSG00000162613	FUBP1	Shared	TK13,TK14	DEL	TK10,TK12,TK91	DEL	2	3
ENSG00000001036	FUCA2	Shared	TK13,TK16	DEL	TK10,TK18,TK92	DEL	2	3
ENSG00000034713	GABARAPL2	Shared	TK13,TK14,TK16	DEL	TK10,TK18	DEL	3	2
ENSG00000131067	GGT7	Shared	TK13,TK16	DEL	TK10,TK12,TK18	DEL	2	3
ENSG00000100121	GGTLC2	Shared	TK16	DEL	TK10,TK91,TK92,TK93	DEL	1	4
ENSG00000108010	GLRX3	Shared	TK13,TK14,TK16	DEL	TK12,TK18	DEL	3	2
ENSG00000139433	GLTP	Shared	TK13,TK14	DEL	TK10,TK18,TK91	DEL	2	3
ENSG00000148672	GLUD1	Shared	TK13,TK14,TK16	DEL	TK10,TK18	DEL	3	2
ENSG00000078369	GNB1	Shared	TK13,TK14	DEL	TK91,TK92,TK93	DEL	2	3
ENSG00000135052	GOLM1	Shared	TK13,TK14	DEL	TK10,TK18,TK92	DEL	2	3
ENSG00000272086	GOLPH3-DT	Shared	TK13,TK14	DEL	TK12,TK18,TK91	DEL	2	3
ENSG00000143457	GOLPH3L	Shared	TK13,TK14,TK16	DEL	TK10,TK18	DEL	3	2
ENSG00000116580	GON4L	Shared	TK13	DEL	TK10,TK91,TK92,TK93	DEL	1	4
ENSG00000115806	GORASP2	Shared	TK13,TK14,TK16	DEL	TK10,TK18	DEL	3	2
ENSG00000125166	GOT2	Shared	TK13,TK14,TK16	DEL	TK10,TK18	DEL	3	2
ENSG00000062194	GPBP1	Shared	TK13,TK14,TK16	DEL	TK10,TK18	DEL	3	2
ENSG00000112218	GPR63	Shared	TK14	DEL	TK10,TK18,TK92,TK93	DEL	1	4
ENSG00000103342	GSPT1	Shared	TK14	DEL	TK18,TK91,TK92,TK93	DEL	1	4
ENSG00000263001	GTF2I	Shared	TK14	DEL	TK10,TK91,TK92,TK93	DEL	1	4
ENSG00000277053	GTF2IP1	Shared	TK13,TK14,TK16	DEL	TK10,TK18	DEL	3	2
ENSG00000290871	GTF2IP1	Shared	TK13,TK14,TK16	DEL	TK10,TK18	DEL	3	2
ENSG00000196275	GTF2IRD2	Shared	TK13,TK14	DEL	TK91,TK92,TK93	DEL	2	3
ENSG00000155115	GTF3C6	Shared	TK13,TK14,TK16	DEL	TK10,TK18	DEL	3	2
ENSG00000143774	GUK1	Shared	TK13,TK16	DEL	TK10,TK18,TK93	DEL	2	3
ENSG00000163754	GYG1	Shared	TK16	DEL	TK10,TK91,TK92,TK93	DEL	1	4
ENSG00000158373	H2BC5	Shared	TK13	DEL	TK10,TK91,TK92,TK93	DEL	1	4
ENSG00000235802	HCFC1-AS1	Shared	TK13,TK16	DEL	TK10,TK91,TK93	DEL	2	3
ENSG00000270604	HCG17	Shared	TK13	DEL	TK10,TK91,TK92,TK93	DEL	1	4
ENSG00000231074	HCG18	Shared	TK14	DEL	TK10,TK91,TK92,TK93	DEL	1	4
ENSG00000204625	HCG9	Shared	TK13	DEL	TK10,TK91,TK92,TK93	DEL	1	4
ENSG00000281831	HCP5B	Shared	TK13,TK14	DEL	TK10,TK91,TK92	DEL	2	3
ENSG00000173706	HEG1	Shared	TK16	DEL	TK10,TK18,TK92,TK93	DEL	1	4
ENSG00000128731	HERC2	Shared	TK13	DEL	TK10,TK91,TK92,TK93	DEL	1	4
ENSG00000051108	HERPUD1	Shared	TK16	DEL	TK10,TK12,TK18,TK92	DEL	1	4
ENSG00000169635	HIC2	Shared	TK13,TK14,TK16	DEL	TK10,TK18	DEL	3	2
ENSG00000110422	HIPK3	Shared	TK14	DEL	TK18,TK91,TK92,TK93	DEL	1	4
ENSG00000204622	HLA-J	Shared	TK13	DEL	TK10,TK91,TK92,TK93	DEL	1	4
ENSG00000243753	HLA-L	Shared	TK13	DEL	TK10,TK91,TK92,TK93	DEL	1	4
ENSG00000291097	HLA-L	Shared	TK13	DEL	TK10,TK91,TK92,TK93	DEL	1	4
ENSG00000235290	HLA-W	Shared	TK13	DEL	TK10,TK91,TK92,TK93	DEL	1	4
ENSG00000159267	HLCS	Shared	TK13,TK14	DEL	TK10,TK18,TK91	DEL	2	3
ENSG00000237646	HLCS-IT1	Shared	TK13,TK14	DEL	TK10,TK18,TK91	DEL	2	3
ENSG00000137309	HMGA1	Shared	TK13,TK16	DEL	TK10,TK12,TK18	DEL	2	3
ENSG00000251018	HMMR-AS1	Shared	TK13,TK16	DEL	TK10,TK18,TK91	DEL	2	3
ENSG00000239345	HNRNPA1P26	Shared	TK13,TK14	DEL	TK91,TK92,TK93	DEL	2	3
ENSG00000270903	HNRNPA3P9	Shared	TK13,TK14,TK16	DEL	TK10,TK18	DEL	3	2
ENSG00000138668	HNRNPD	Shared	TK13,TK14,TK16	DEL	TK10,TK92	DEL	3	2
ENSG00000125944	HNRNPR	Shared	TK13,TK14,TK16	DEL	TK10,TK18	DEL	3	2
ENSG00000196114	IFITM3P3	Shared	TK13,TK14,TK16	DEL	TK10,TK18	DEL	3	2
ENSG00000100360	IFT27	Shared	TK13,TK14,TK16	DEL	TK12,TK18	DEL	3	2
ENSG00000203588	IGBP1-AS1	Shared	TK13,TK14,TK16	DEL	TK10,TK18	DEL	3	2
ENSG00000017427	IGF1	Shared	TK13,TK14,TK16	DEL	TK18,TK91	DEL	3	2
ENSG00000254174	IGHV1-12	Shared	TK13,TK14,TK16	DEL	TK10,TK12	DEL	3	2
ENSG00000253709	IGHV1-14	Shared	TK13,TK14,TK16	DEL	TK10,TK12	DEL	3	2
ENSG00000254046	IGHV1-17	Shared	TK13,TK14,TK16	DEL	TK10,TK12	DEL	3	2
ENSG00000211945	IGHV1-18	Shared	TK13,TK14,TK16	DEL	TK10,TK12	DEL	3	2
ENSG00000211934	IGHV1-2	Shared	TK13,TK14,TK16	DEL	TK10,TK12	DEL	3	2
ENSG00000211935	IGHV1-3	Shared	TK13,TK14,TK16	DEL	TK10,TK12	DEL	3	2
ENSG00000211937	IGHV2-5	Shared	TK13,TK14,TK16	DEL	TK10,TK12	DEL	3	2
ENSG00000211941	IGHV3-11	Shared	TK13,TK14,TK16	DEL	TK10,TK12	DEL	3	2
ENSG00000211942	IGHV3-13	Shared	TK13,TK14,TK16	DEL	TK10,TK12	DEL	3	2
ENSG00000211943	IGHV3-15	Shared	TK13,TK14,TK16	DEL	TK10,TK12	DEL	3	2
ENSG00000211944	IGHV3-16	Shared	TK13,TK14,TK16	DEL	TK10,TK12	DEL	3	2
ENSG00000253883	IGHV3-19	Shared	TK13,TK14,TK16	DEL	TK10,TK12	DEL	3	2
ENSG00000253763	IGHV3-6	Shared	TK13,TK14,TK16	DEL	TK10,TK12	DEL	3	2
ENSG00000282639	IGHV3-64D	Shared	TK13,TK14,TK16	DEL	TK10,TK12	DEL	3	2
ENSG00000211938	IGHV3-7	Shared	TK13,TK14,TK16	DEL	TK10,TK12	DEL	3	2
ENSG00000276775	IGHV4-4	Shared	TK13,TK14,TK16	DEL	TK10,TK12	DEL	3	2
ENSG00000282651	IGHV5-10-1	Shared	TK13,TK14,TK16	DEL	TK10,TK12	DEL	3	2
ENSG00000211933	IGHV6-1	Shared	TK13,TK14,TK16	DEL	TK10,TK12	DEL	3	2
ENSG00000282122	IGHV7-4-1	Shared	TK13,TK14,TK16	DEL	TK10,TK12	DEL	3	2
ENSG00000254279	IGHVII-1-1	Shared	TK13,TK14,TK16	DEL	TK10,TK12	DEL	3	2
ENSG00000253458	IGHVII-15-1	Shared	TK13,TK14,TK16	DEL	TK10,TK12	DEL	3	2
ENSG00000254215	IGHVIII-11-1	Shared	TK13,TK14,TK16	DEL	TK10,TK12	DEL	3	2
ENSG00000253412	IGHVIII-13-1	Shared	TK13,TK14,TK16	DEL	TK10,TK12	DEL	3	2
ENSG00000283948	IGHVIII-16-1	Shared	TK13,TK14,TK16	DEL	TK10,TK12	DEL	3	2
ENSG00000253780	IGHVIII-2-1	Shared	TK13,TK14,TK16	DEL	TK10,TK12	DEL	3	2
ENSG00000253387	IGHVIII-5-1	Shared	TK13,TK14,TK16	DEL	TK10,TK12	DEL	3	2
ENSG00000254053	IGHVIII-5-2	Shared	TK13,TK14,TK16	DEL	TK10,TK12	DEL	3	2
ENSG00000211592	IGKC	Shared	TK13,TK14,TK16	DEL	TK10,TK12	DEL	3	2
ENSG00000211597	IGKJ1	Shared	TK13,TK14,TK16	DEL	TK10,TK12	DEL	3	2
ENSG00000211596	IGKJ2	Shared	TK13,TK14,TK16	DEL	TK10,TK12	DEL	3	2
ENSG00000211595	IGKJ3	Shared	TK13,TK14,TK16	DEL	TK10,TK12	DEL	3	2
ENSG00000211594	IGKJ4	Shared	TK13,TK14,TK16	DEL	TK10,TK12	DEL	3	2
ENSG00000211593	IGKJ5	Shared	TK13,TK14,TK16	DEL	TK10,TK12	DEL	3	2
ENSG00000243290	IGKV1-12	Shared	TK13,TK14,TK16	DEL	TK10,TK12	DEL	3	2
ENSG00000253497	IGKV1-13	Shared	TK13,TK14,TK16	DEL	TK10,TK12	DEL	3	2
ENSG00000243466	IGKV1-5	Shared	TK13,TK14,TK16	DEL	TK10,TK12	DEL	3	2
ENSG00000239855	IGKV1-6	Shared	TK13,TK14,TK16	DEL	TK10,TK12	DEL	3	2
ENSG00000240671	IGKV1-8	Shared	TK13,TK14,TK16	DEL	TK10,TK12	DEL	3	2
ENSG00000241755	IGKV1-9	Shared	TK13,TK14,TK16	DEL	TK10,TK12	DEL	3	2
ENSG00000253278	IGKV2-10	Shared	TK13,TK14,TK16	DEL	TK10,TK12	DEL	3	2
ENSG00000253435	IGKV2-4	Shared	TK13,TK14,TK16	DEL	TK10,TK12	DEL	3	2
ENSG00000241351	IGKV3-11	Shared	TK13,TK14,TK16	DEL	TK10,TK12	DEL	3	2
ENSG00000243063	IGKV3-7	Shared	TK13,TK14,TK16	DEL	TK10,TK12	DEL	3	2
ENSG00000211598	IGKV4-1	Shared	TK13,TK14,TK16	DEL	TK10,TK12	DEL	3	2
ENSG00000211599	IGKV5-2	Shared	TK13,TK14,TK16	DEL	TK10,TK12	DEL	3	2
ENSG00000197794	IGKV7-3	Shared	TK13,TK14,TK16	DEL	TK10,TK12	DEL	3	2
ENSG00000211679	IGLC3	Shared	TK16	DEL	TK18,TK91,TK92,TK93	DEL	1	4
ENSG00000211655	IGLV1-36	Shared	TK16	DEL	TK10,TK91,TK92,TK93	DEL	1	4
ENSG00000211653	IGLV1-40	Shared	TK16	DEL	TK10,TK91,TK92,TK93	DEL	1	4
ENSG00000253818	IGLV1-41	Shared	TK16	DEL	TK10,TK91,TK92,TK93	DEL	1	4
ENSG00000211651	IGLV1-44	Shared	TK16	DEL	TK10,TK91,TK92,TK93	DEL	1	4
ENSG00000211648	IGLV1-47	Shared	TK13,TK16	DEL	TK91,TK92,TK93	DEL	2	3
ENSG00000211660	IGLV2-23	Shared	TK16	DEL	TK10,TK91,TK92,TK93	DEL	1	4
ENSG00000253451	IGLV2-28	Shared	TK16	DEL	TK10,TK91,TK92,TK93	DEL	1	4
ENSG00000211656	IGLV2-33	Shared	TK16	DEL	TK10,TK91,TK92,TK93	DEL	1	4
ENSG00000253120	IGLV2-34	Shared	TK16	DEL	TK10,TK91,TK92,TK93	DEL	1	4
ENSG00000211663	IGLV3-19	Shared	TK16	DEL	TK10,TK91,TK92,TK93	DEL	1	4
ENSG00000211662	IGLV3-21	Shared	TK16	DEL	TK10,TK91,TK92,TK93	DEL	1	4
ENSG00000211661	IGLV3-22	Shared	TK16	DEL	TK10,TK91,TK92,TK93	DEL	1	4
ENSG00000253822	IGLV3-24	Shared	TK16	DEL	TK10,TK91,TK92,TK93	DEL	1	4
ENSG00000211659	IGLV3-25	Shared	TK16	DEL	TK10,TK91,TK92,TK93	DEL	1	4
ENSG00000253913	IGLV3-26	Shared	TK16	DEL	TK10,TK91,TK92,TK93	DEL	1	4
ENSG00000211658	IGLV3-27	Shared	TK16	DEL	TK10,TK91,TK92,TK93	DEL	1	4
ENSG00000253338	IGLV3-29	Shared	TK16	DEL	TK10,TK91,TK92,TK93	DEL	1	4
ENSG00000253329	IGLV3-30	Shared	TK16	DEL	TK10,TK91,TK92,TK93	DEL	1	4
ENSG00000253920	IGLV3-31	Shared	TK16	DEL	TK10,TK91,TK92,TK93	DEL	1	4
ENSG00000211657	IGLV3-32	Shared	TK16	DEL	TK10,TK91,TK92,TK93	DEL	1	4
ENSG00000211654	IGLV5-37	Shared	TK16	DEL	TK10,TK91,TK92,TK93	DEL	1	4
ENSG00000211647	IGLV5-48	Shared	TK13,TK16	DEL	TK91,TK92,TK93	DEL	2	3
ENSG00000253631	IGLV7-35	Shared	TK16	DEL	TK10,TK91,TK92,TK93	DEL	1	4
ENSG00000211652	IGLV7-43	Shared	TK16	DEL	TK10,TK91,TK92,TK93	DEL	1	4
ENSG00000254240	IGLVI-20	Shared	TK16	DEL	TK10,TK91,TK92,TK93	DEL	1	4
ENSG00000253889	IGLVI-38	Shared	TK16	DEL	TK10,TK91,TK92,TK93	DEL	1	4
ENSG00000254175	IGLVI-42	Shared	TK16	DEL	TK10,TK91,TK92,TK93	DEL	1	4
ENSG00000253546	IGLVVI-22-1	Shared	TK16	DEL	TK10,TK91,TK92,TK93	DEL	1	4
ENSG00000253779	IGLVVI-25-1	Shared	TK16	DEL	TK10,TK91,TK92,TK93	DEL	1	4
ENSG00000254073	IGLVVII-41-1	Shared	TK16	DEL	TK10,TK91,TK92,TK93	DEL	1	4
ENSG00000143621	ILF2	Shared	TK16	DEL	TK10,TK12,TK18,TK92	DEL	1	4
ENSG00000136718	IMP4	Shared	TK13,TK14	DEL	TK12,TK91,TK92	DEL	2	3
ENSG00000153391	INO80C	Shared	TK13,TK14,TK16	DEL	TK10,TK18	DEL	3	2
ENSG00000104613	INTS10	Shared	TK13,TK14,TK16	DEL	TK12,TK18	DEL	3	2
ENSG00000165359	INTS6L	Shared	TK13,TK16	DEL	TK12,TK91,TK92	DEL	2	3
ENSG00000115232	ITGA4	Shared	TK13,TK14,TK16	DEL	TK10,TK18	DEL	3	2
ENSG00000078596	ITM2A	Shared	TK16	DEL	TK10,TK91,TK92,TK93	DEL	1	4
ENSG00000189159	JPT1	Shared	TK13,TK14,TK16	DEL	TK10,TK18	DEL	3	2
ENSG00000065427	KARS1	Shared	TK13,TK16	DEL	TK10,TK18,TK92	DEL	2	3
ENSG00000167977	KCTD5	Shared	TK13	DEL	TK18,TK91,TK92,TK93	DEL	1	4
ENSG00000136240	KDELR2	Shared	TK14	DEL	TK12,TK91,TK92,TK93	DEL	1	4
ENSG00000089094	KDM2B	Shared	TK14,TK16	DEL	TK91,TK92,TK93	DEL	2	3
ENSG00000115548	KDM3A	Shared	TK14	DEL	TK10,TK12,TK18,TK92	DEL	1	4
ENSG00000120733	KDM3B	Shared	TK13,TK14,TK16	DEL	TK10,TK93	DEL	3	2
ENSG00000129250	KIF1C	Shared	TK13,TK14	DEL	TK91,TK92,TK93	DEL	2	3
ENSG00000116852	KIF21B	Shared	TK13,TK14	DEL	TK91,TK92,TK93	DEL	2	3
ENSG00000155980	KIF5A	Shared	TK13,TK14,TK16	DEL	TK10,TK18	DEL	3	2
ENSG00000170759	KIF5B	Shared	TK13,TK14	DEL	TK10,TK91,TK92	DEL	2	3
ENSG00000126777	KTN1	Shared	TK13,TK14,TK16	DEL	TK10,TK18	DEL	3	2
ENSG00000235513	L3MBTL2-AS1	Shared	TK13,TK16	DEL	TK10,TK18,TK93	DEL	2	3
ENSG00000185896	LAMP1	Shared	TK13,TK14,TK16	DEL	TK10,TK18	DEL	3	2
ENSG00000217159	LARP1P1	Shared	TK13	DEL	TK10,TK91,TK92,TK93	DEL	1	4
ENSG00000161813	LARP4	Shared	TK14	DEL	TK18,TK91,TK92,TK93	DEL	1	4
ENSG00000133706	LARS1	Shared	TK13,TK14,TK16	DEL	TK10,TK18	DEL	3	2
ENSG00000168924	LETM1	Shared	TK13,TK14,TK16	DEL	TK18,TK92	DEL	3	2
ENSG00000050426	LETMD1	Shared	TK13,TK14	DEL	TK18,TK91,TK93	DEL	2	3
ENSG00000239998	LILRA2	Shared	TK13,TK14	DEL	TK10,TK92,TK93	DEL	2	3
ENSG00000224730	LILRB1-AS1	Shared	TK13,TK14	DEL	TK91,TK92,TK93	DEL	2	3
ENSG00000186818	LILRB4	Shared	TK13,TK14	DEL	TK91,TK92,TK93	DEL	2	3
ENSG00000106683	LIMK1	Shared	TK14	DEL	TK10,TK91,TK92,TK93	DEL	1	4
ENSG00000271601	LIX1L	Shared	TK13,TK14	DEL	TK91,TK92,TK93	DEL	2	3
ENSG00000220891	LL22NC03-63E9.3	Shared	TK16	DEL	TK10,TK91,TK92,TK93	DEL	1	4
ENSG00000164715	LMTK2	Shared	TK13,TK14	DEL	TK91,TK92,TK93	DEL	2	3
ENSG00000162337	LRP5	Shared	TK13,TK14	DEL	TK10,TK18,TK93	DEL	2	3
ENSG00000154237	LRRK1	Shared	TK13,TK14	DEL	TK10,TK92,TK93	DEL	2	3
ENSG00000041802	LSG1	Shared	TK13,TK14,TK16	DEL	TK10,TK18	DEL	3	2
ENSG00000145220	LYAR	Shared	TK13,TK14,TK16	DEL	TK10,TK18	DEL	3	2
ENSG00000120992	LYPLA1	Shared	TK13,TK16	DEL	TK10,TK18,TK92	DEL	2	3
ENSG00000258445	MAD2L1P1	Shared	TK13,TK14,TK16	DEL	TK10,TK18	DEL	3	2
ENSG00000198517	MAFK	Shared	TK13,TK14,TK16	DEL	TK12,TK18	DEL	3	2
ENSG00000161021	MAML1	Shared	TK14	DEL	TK10,TK91,TK92,TK93	DEL	1	4
ENSG00000104774	MAN2B1	Shared	TK16	DEL	TK10,TK91,TK92,TK93	DEL	1	4
ENSG00000126934	MAP2K2	Shared	TK13,TK14,TK16	DEL	TK12,TK18	DEL	3	2
ENSG00000076984	MAP2K7	Shared	TK13,TK16	DEL	TK10,TK18,TK91	DEL	2	3
ENSG00000173327	MAP3K11	Shared	TK13,TK16	DEL	TK10,TK18,TK91	DEL	2	3
ENSG00000073803	MAP3K13	Shared	TK13,TK14,TK16	DEL	TK10,TK91	DEL	3	2
ENSG00000267291	MAP4K1-AS1	Shared	TK13,TK16	DEL	TK10,TK18,TK92	DEL	2	3
ENSG00000168175	MAPK1IP1L	Shared	TK13,TK14	DEL	TK91,TK92,TK93	DEL	2	3
ENSG00000125505	MBOAT7	Shared	TK13,TK14	DEL	TK10,TK18,TK92	DEL	2	3
ENSG00000224312	MCCD1P2	Shared	TK13	DEL	TK10,TK91,TK92,TK93	DEL	1	4
ENSG00000160294	MCM3AP	Shared	TK13,TK14	DEL	TK18,TK91,TK92	DEL	2	3
ENSG00000100297	MCM5	Shared	TK16	DEL	TK10,TK12,TK18,TK91	DEL	1	4
ENSG00000224328	MDC1-AS1	Shared	TK13,TK16	DEL	TK10,TK92,TK93	DEL	2	3
ENSG00000082212	ME2	Shared	TK13,TK14	DEL	TK10,TK12,TK18	DEL	2	3
ENSG00000116353	MECR	Shared	TK13,TK14,TK16	DEL	TK10,TK18	DEL	3	2
ENSG00000108510	MED13	Shared	TK13	DEL	TK18,TK91,TK92,TK93	DEL	1	4
ENSG00000175221	MED16	Shared	TK16	DEL	TK12,TK18,TK92,TK93	DEL	1	4
ENSG00000068305	MEF2A	Shared	TK13,TK16	DEL	TK10,TK12,TK18	DEL	2	3
ENSG00000081189	MEF2C	Shared	TK13,TK16	DEL	TK10,TK91,TK92	DEL	2	3
ENSG00000116604	MEF2D	Shared	TK13,TK14,TK16	DEL	TK10,TK18	DEL	3	2
ENSG00000100060	MFNG	Shared	TK13,TK14,TK16	DEL	TK10,TK18	DEL	3	2
ENSG00000229390	MICD	Shared	TK13	DEL	TK10,TK91,TK92,TK93	DEL	1	4
ENSG00000283710	MIR1204	Shared	TK13,TK14,TK16	DEL	TK10,TK12	DEL	3	2
ENSG00000263811	MIR3675	Shared	TK16	DEL	TK10,TK91,TK92,TK93	DEL	1	4
ENSG00000263712	MIR4639	Shared	TK13,TK14	DEL	TK12,TK91,TK92	DEL	2	3
ENSG00000266318	MIR5692A1	Shared	TK13,TK14	DEL	TK91,TK92,TK93	DEL	2	3
ENSG00000266668	MIR5692C2	Shared	TK13,TK14	DEL	TK91,TK92,TK93	DEL	2	3
ENSG00000283891	MIR628	Shared	TK13,TK16	DEL	TK18,TK91,TK92	DEL	2	3
ENSG00000276311	MIR6511A3	Shared	TK16	DEL	TK10,TK18,TK91,TK92	DEL	1	4
ENSG00000283346	MIR6511B2	Shared	TK13,TK14,TK16	DEL	TK10,TK91	DEL	3	2
ENSG00000278265	MIR6770-1	Shared	TK13,TK14	DEL	TK10,TK18,TK92	DEL	2	3
ENSG00000275391	MIR6770-3	Shared	TK16	DEL	TK10,TK91,TK92,TK93	DEL	1	4
ENSG00000275640	MIR6793	Shared	TK13,TK16	DEL	TK10,TK12,TK18	DEL	2	3
ENSG00000276404	MIR6835	Shared	TK13,TK16	DEL	TK10,TK12,TK18	DEL	2	3
ENSG00000276083	MIR7976	Shared	TK14,TK16	DEL	TK10,TK18,TK93	DEL	2	3
ENSG00000277636	MIR8061	Shared	TK13,TK14	DEL	TK91,TK92,TK93	DEL	2	3
ENSG00000020426	MNAT1	Shared	TK13,TK14,TK16	DEL	TK10,TK18	DEL	3	2
ENSG00000185716	MOSMO	Shared	TK13,TK14,TK16	DEL	TK10,TK18	DEL	3	2
ENSG00000103152	MPG	Shared	TK13,TK16	DEL	TK91,TK92,TK93	DEL	2	3
ENSG00000197965	MPZL1	Shared	TK13,TK14,TK16	DEL	TK10,TK18	DEL	3	2
ENSG00000153029	MR1	Shared	TK16	DEL	TK10,TK91,TK92,TK93	DEL	1	4
ENSG00000112110	MRPL18	Shared	TK13,TK14,TK16	DEL	TK10,TK18	DEL	3	2
ENSG00000115364	MRPL19	Shared	TK13,TK14,TK16	DEL	TK10,TK18	DEL	3	2
ENSG00000214026	MRPL23	Shared	TK13,TK16	DEL	TK10,TK18,TK91	DEL	2	3
ENSG00000243147	MRPL33	Shared	TK13,TK14,TK16	DEL	TK12,TK18	DEL	3	2
ENSG00000181991	MRPS11	Shared	TK13,TK14,TK16	DEL	TK10,TK18	DEL	3	2
ENSG00000266472	MRPS21	Shared	TK13,TK14,TK16	DEL	TK10,TK18	DEL	3	2
ENSG00000095002	MSH2	Shared	TK13,TK14,TK16	DEL	TK91,TK93	DEL	3	2
ENSG00000186715	MST1L	Shared	TK16	DEL	TK10,TK91,TK92,TK93	DEL	1	4
ENSG00000139505	MTMR6	Shared	TK13,TK14	DEL	TK18,TK91,TK93	DEL	2	3
ENSG00000090432	MUL1	Shared	TK13,TK16	DEL	TK10,TK12,TK18	DEL	2	3
ENSG00000007944	MYLIP	Shared	TK13,TK14	DEL	TK12,TK91,TK92	DEL	2	3
ENSG00000160877	NACC1	Shared	TK13,TK14,TK16	DEL	TK10,TK18	DEL	3	2
ENSG00000008130	NADK	Shared	TK13,TK14	DEL	TK91,TK92,TK93	DEL	2	3
ENSG00000187109	NAP1L1	Shared	TK13,TK16	DEL	TK10,TK12,TK18	DEL	2	3
ENSG00000135372	NAT10	Shared	TK13,TK14,TK16	DEL	TK18,TK93	DEL	3	2
ENSG00000104320	NBN	Shared	TK14	DEL	TK10,TK91,TK92,TK93	DEL	1	4
ENSG00000010292	NCAPD2	Shared	TK13,TK14,TK16	DEL	TK10,TK18	DEL	3	2
ENSG00000074356	NCBP3	Shared	TK13,TK14	DEL	TK91,TK92,TK93	DEL	2	3
ENSG00000158517	NCF1	Shared	TK16	DEL	TK10,TK91,TK92,TK93	DEL	1	4
ENSG00000165178	NCF1C	Shared	TK13,TK14,TK16	DEL	TK10,TK18	DEL	3	2
ENSG00000123338	NCKAP1L	Shared	TK13,TK16	DEL	TK91,TK92,TK93	DEL	2	3
ENSG00000189043	NDUFA4	Shared	TK13,TK16	DEL	TK10,TK12,TK18	DEL	2	3
ENSG00000004779	NDUFAB1	Shared	TK13,TK14,TK16	DEL	TK10,TK18	DEL	3	2
ENSG00000137806	NDUFAF1	Shared	TK13,TK14,TK16	DEL	TK10,TK18	DEL	3	2
ENSG00000123545	NDUFAF4	Shared	TK13,TK16	DEL	TK10,TK12,TK18	DEL	2	3
ENSG00000240889	NDUFB2-AS1	Shared	TK13,TK14,TK16	DEL	TK10,TK18	DEL	3	2
ENSG00000065518	NDUFB4	Shared	TK13,TK16	DEL	TK10,TK12,TK18	DEL	2	3
ENSG00000166136	NDUFB8	Shared	TK13	DEL	TK12,TK91,TK92,TK93	DEL	1	4
ENSG00000145494	NDUFS6	Shared	TK13,TK14,TK16	DEL	TK10,TK18	DEL	3	2
ENSG00000204386	NEU1	Shared	TK13,TK14	DEL	TK91,TK92,TK93	DEL	2	3
ENSG00000109320	NFKB1	Shared	TK14,TK16	DEL	TK18,TK91,TK92	DEL	2	3
ENSG00000109062	NHERF1	Shared	TK13,TK14,TK16	DEL	TK10,TK18	DEL	3	2
ENSG00000184117	NIPSNAP1	Shared	TK13,TK14,TK16	DEL	TK10,TK18	DEL	3	2
ENSG00000112992	NNT	Shared	TK13	DEL	TK10,TK91,TK92,TK93	DEL	1	4
ENSG00000188976	NOC2L	Shared	TK16	DEL	TK18,TK91,TK92,TK93	DEL	1	4
ENSG00000147140	NONO	Shared	TK13	DEL	TK12,TK91,TK92,TK93	DEL	1	4
ENSG00000087269	NOP14	Shared	TK13,TK16	DEL	TK10,TK12,TK18	DEL	2	3
ENSG00000105373	NOP53	Shared	TK13,TK16	DEL	TK10,TK12,TK18	DEL	2	3
ENSG00000286019	NOTCH2NLB	Shared	TK13	DEL	TK10,TK91,TK92,TK93	DEL	1	4
ENSG00000183426	NPIPA1	Shared	TK13,TK14	DEL	TK10,TK92,TK93	DEL	2	3
ENSG00000233024	NPIPA9	Shared	TK16	DEL	TK10,TK91,TK92,TK93	DEL	1	4
ENSG00000254206	NPIPB11	Shared	TK13	DEL	TK10,TK18,TK91,TK92	DEL	1	4
ENSG00000188599	NPIPP1	Shared	TK13,TK14,TK16	DEL	TK10,TK18	DEL	3	2
ENSG00000236035	NSA2P1	Shared	TK13	DEL	TK10,TK91,TK92,TK93	DEL	1	4
ENSG00000088833	NSFL1C	Shared	TK13,TK14,TK16	DEL	TK10,TK18	DEL	3	2
ENSG00000037474	NSUN2	Shared	TK13,TK14,TK16	DEL	TK18,TK91	DEL	3	2
ENSG00000157045	NTAN1	Shared	TK13,TK14,TK16	DEL	TK10,TK18	DEL	3	2
ENSG00000104805	NUCB1	Shared	TK13,TK14,TK16	DEL	TK10,TK18	DEL	3	2
ENSG00000095319	NUP188	Shared	TK14,TK16	DEL	TK18,TK92,TK93	DEL	2	3
ENSG00000093000	NUP50	Shared	TK13,TK14	DEL	TK10,TK91,TK92	DEL	2	3
ENSG00000135175	OCM2	Shared	TK13,TK14	DEL	TK91,TK92,TK93	DEL	2	3
ENSG00000196143	OR11H13P	Shared	TK13,TK14	DEL	TK10,TK18,TK91	DEL	2	3
ENSG00000183444	OR7E38P	Shared	TK13,TK14	DEL	TK91,TK92,TK93	DEL	2	3
ENSG00000238228	OR7E7P	Shared	TK13,TK14	DEL	TK91,TK92,TK93	DEL	2	3
ENSG00000198856	OSTC	Shared	TK13,TK14,TK16	DEL	TK10,TK18	DEL	3	2
ENSG00000167770	OTUB1	Shared	TK13,TK14,TK16	DEL	TK10,TK18	DEL	3	2
ENSG00000145569	OTULINL	Shared	TK13,TK14,TK16	DEL	TK18,TK92	DEL	3	2
ENSG00000178467	P4HTM	Shared	TK13,TK14,TK16	DEL	TK91,TK92	DEL	3	2
ENSG00000124507	PACSIN1	Shared	TK13,TK14,TK16	DEL	TK10,TK18	DEL	3	2
ENSG00000241136	PAICSP6	Shared	TK13,TK14	DEL	TK91,TK92,TK93	DEL	2	3
ENSG00000233892	PAIP1P1	Shared	TK13	DEL	TK10,TK91,TK92,TK93	DEL	1	4
ENSG00000138801	PAPSS1	Shared	TK13,TK14,TK16	DEL	TK18,TK93	DEL	3	2
ENSG00000277258	PCGF2	Shared	TK13,TK14,TK16	DEL	TK10,TK18	DEL	3	2
ENSG00000106244	PDAP1	Shared	TK13,TK14	DEL	TK12,TK91,TK93	DEL	2	3
ENSG00000230239	PDE4DIPP9	Shared	TK16	DEL	TK10,TK91,TK92,TK93	DEL	1	4
ENSG00000121892	PDS5A	Shared	TK13,TK14,TK16	DEL	TK10,TK18	DEL	3	2
ENSG00000160209	PDXK	Shared	TK13,TK14,TK16	DEL	TK91,TK92	DEL	3	2
ENSG00000241360	PDXP	Shared	TK13,TK16	DEL	TK10,TK18,TK91	DEL	2	3
ENSG00000089220	PEBP1	Shared	TK13,TK14,TK16	DEL	TK10,TK18	DEL	3	2
ENSG00000261371	PECAM1	Shared	TK16	DEL	TK10,TK18,TK92,TK93	DEL	1	4
ENSG00000121680	PEX16	Shared	TK16	DEL	TK18,TK91,TK92,TK93	DEL	1	4
ENSG00000225136	PGBD4P5	Shared	TK13,TK14,TK16	DEL	TK10,TK12	DEL	3	2
ENSG00000276592	PHB1P6	Shared	TK13,TK14,TK16	DEL	TK10,TK18	DEL	3	2
ENSG00000175309	PHYKPL	Shared	TK13,TK14,TK16	DEL	TK10,TK18	DEL	3	2
ENSG00000100564	PIGH	Shared	TK13,TK16	DEL	TK10,TK18,TK93	DEL	2	3
ENSG00000127445	PIN1	Shared	TK13,TK14,TK16	DEL	TK10,TK18	DEL	3	2
ENSG00000254681	PKD1P5	Shared	TK16	DEL	TK10,TK91,TK92,TK93	DEL	1	4
ENSG00000116711	PLA2G4A	Shared	TK13,TK14	DEL	TK10,TK92,TK93	DEL	2	3
ENSG00000105819	PMPCB	Shared	TK16	DEL	TK10,TK12,TK18,TK91	DEL	1	4
ENSG00000078319	PMS2P1	Shared	TK14	DEL	TK10,TK91,TK92,TK93	DEL	1	4
ENSG00000273598	PMS2P10	Shared	TK13,TK14,TK16	DEL	TK10,TK18	DEL	3	2
ENSG00000276840	PMS2P13	Shared	TK13,TK14,TK16	DEL	TK10,TK18	DEL	3	2
ENSG00000278416	PMS2P2	Shared	TK13,TK14,TK16	DEL	TK10,TK18	DEL	3	2
ENSG00000032444	PNPLA6	Shared	TK13	DEL	TK10,TK18,TK91,TK93	DEL	1	4
ENSG00000125630	POLR1B	Shared	TK13,TK14,TK16	DEL	TK10,TK18	DEL	3	2
ENSG00000066379	POLR1H	Shared	TK13	DEL	TK10,TK91,TK92,TK93	DEL	1	4
ENSG00000204623	POLR1HASP	Shared	TK13	DEL	TK10,TK91,TK92,TK93	DEL	1	4
ENSG00000228049	POLR2J2	Shared	TK14	DEL	TK18,TK91,TK92,TK93	DEL	1	4
ENSG00000058600	POLR3E	Shared	TK13,TK14	DEL	TK10,TK91,TK92	DEL	2	3
ENSG00000183169	POM121L1P	Shared	TK16	DEL	TK10,TK91,TK92,TK93	DEL	1	4
ENSG00000145725	PPIP5K2	Shared	TK13,TK16	DEL	TK10,TK12,TK18	DEL	2	3
ENSG00000115241	PPM1G	Shared	TK13,TK14	DEL	TK10,TK92,TK93	DEL	2	3
ENSG00000213639	PPP1CB	Shared	TK13,TK14,TK16	DEL	TK10,TK18	DEL	3	2
ENSG00000204619	PPP1R11	Shared	TK13	DEL	TK10,TK91,TK92,TK93	DEL	1	4
ENSG00000107758	PPP3CB	Shared	TK13,TK14,TK16	DEL	TK10,TK18	DEL	3	2
ENSG00000011485	PPP5C	Shared	TK13,TK14,TK16	DEL	TK10,TK18	DEL	3	2
ENSG00000165672	PRDX3	Shared	TK13,TK16	DEL	TK10,TK18,TK91	DEL	2	3
ENSG00000117592	PRDX6	Shared	TK14,TK16	DEL	TK10,TK12,TK18	DEL	2	3
ENSG00000101161	PRPF6	Shared	TK13,TK14,TK16	DEL	TK10,TK18	DEL	3	2
ENSG00000147224	PRPS1	Shared	TK13,TK14,TK16	DEL	TK10,TK18	DEL	3	2
ENSG00000101911	PRPS2	Shared	TK13,TK14,TK16	DEL	TK10,TK18	DEL	3	2
ENSG00000283787	PRR33	Shared	TK16	DEL	TK10,TK12,TK92,TK93	DEL	1	4
ENSG00000129084	PSMA1	Shared	TK16	DEL	TK10,TK18,TK91,TK92	DEL	1	4
ENSG00000106588	PSMA2	Shared	TK13,TK14,TK16	DEL	TK10,TK18	DEL	3	2
ENSG00000143106	PSMA5	Shared	TK13,TK14,TK16	DEL	TK10,TK18	DEL	3	2
ENSG00000100764	PSMC1	Shared	TK13,TK14,TK16	DEL	TK12,TK18	DEL	3	2
ENSG00000100519	PSMC6	Shared	TK13,TK14	DEL	TK18,TK91,TK93	DEL	2	3
ENSG00000173692	PSMD1	Shared	TK13,TK16	DEL	TK10,TK18,TK91	DEL	2	3
ENSG00000197170	PSMD12	Shared	TK13,TK14,TK16	DEL	TK10,TK18	DEL	3	2
ENSG00000099341	PSMD8	Shared	TK13,TK16	DEL	TK10,TK12,TK18	DEL	2	3
ENSG00000068878	PSME4	Shared	TK13,TK14	DEL	TK10,TK91,TK92	DEL	2	3
ENSG00000125818	PSMF1	Shared	TK13,TK14,TK16	DEL	TK10,TK18	DEL	3	2
ENSG00000110958	PTGES3	Shared	TK13,TK14,TK16	DEL	TK10,TK18	DEL	3	2
ENSG00000198218	QRICH1	Shared	TK13,TK14	DEL	TK91,TK92,TK93	DEL	2	3
ENSG00000118873	RAB3GAP2	Shared	TK13,TK16	DEL	TK10,TK18,TK92	DEL	2	3
ENSG00000144566	RAB5A	Shared	TK14	DEL	TK10,TK91,TK92,TK93	DEL	1	4
ENSG00000179262	RAD23A	Shared	TK16	DEL	TK18,TK91,TK92,TK93	DEL	1	4
ENSG00000017797	RALBP1	Shared	TK13,TK14,TK16	DEL	TK10,TK18	DEL	3	2
ENSG00000102054	RBBP7	Shared	TK13,TK14	DEL	TK10,TK12,TK18	DEL	2	3
ENSG00000256351	RBISP3	Shared	TK13,TK14	DEL	TK10,TK18,TK91	DEL	2	3
ENSG00000004700	RECQL	Shared	TK13,TK14,TK16	DEL	TK18,TK93	DEL	3	2
ENSG00000115255	REEP6	Shared	TK13,TK14,TK16	DEL	TK10,TK12	DEL	3	2
ENSG00000076043	REXO2	Shared	TK13,TK16	DEL	TK10,TK12,TK18	DEL	2	3
ENSG00000168411	RFWD3	Shared	TK14	DEL	TK10,TK18,TK92,TK93	DEL	1	4
ENSG00000064490	RFXANK	Shared	TK16	DEL	TK10,TK12,TK18,TK93	DEL	1	4
ENSG00000119729	RHOQ	Shared	TK13,TK14	DEL	TK10,TK18,TK93	DEL	2	3
ENSG00000202058	RN7SKP80	Shared	TK13,TK14	DEL	TK91,TK92,TK93	DEL	2	3
ENSG00000240106	RN7SL146P	Shared	TK13,TK14,TK16	DEL	TK12,TK18	DEL	3	2
ENSG00000242707	RN7SL362P	Shared	TK13,TK14,TK16	DEL	TK10,TK18	DEL	3	2
ENSG00000264384	RN7SL431P	Shared	TK13,TK14,TK16	DEL	TK10,TK18	DEL	3	2
ENSG00000241413	RN7SL441P	Shared	TK13,TK14	DEL	TK10,TK18,TK91	DEL	2	3
ENSG00000277946	RN7SL478P	Shared	TK13,TK14	DEL	TK91,TK92,TK93	DEL	2	3
ENSG00000222383	RNA5SP203	Shared	TK13,TK14	DEL	TK91,TK92,TK93	DEL	2	3
ENSG00000199806	RNA5SP491	Shared	TK13,TK14	DEL	TK10,TK18,TK91	DEL	2	3
ENSG00000265491	RNF115	Shared	TK14,TK16	DEL	TK91,TK92,TK93	DEL	2	3
ENSG00000164068	RNF123	Shared	TK13,TK14,TK16	DEL	TK10,TK92	DEL	3	2
ENSG00000204618	RNF39	Shared	TK13	DEL	TK10,TK91,TK92,TK93	DEL	1	4
ENSG00000146083	RNF44	Shared	TK16	DEL	TK10,TK18,TK92,TK93	DEL	1	4
ENSG00000277234	RNU1-5P	Shared	TK16	DEL	TK10,TK91,TK92,TK93	DEL	1	4
ENSG00000252933	RNU6-1223P	Shared	TK14,TK16	DEL	TK10,TK92,TK93	DEL	2	3
ENSG00000252523	RNU6-267P	Shared	TK13,TK14	DEL	TK91,TK92,TK93	DEL	2	3
ENSG00000206601	RNU6-431P	Shared	TK13,TK14,TK16	DEL	TK10,TK18	DEL	3	2
ENSG00000251913	RNU6-513P	Shared	TK13,TK14	DEL	TK91,TK92,TK93	DEL	2	3
ENSG00000207003	RNU6-611P	Shared	TK13,TK14,TK16	DEL	TK10,TK18	DEL	3	2
ENSG00000238365	RNU7-57P	Shared	TK16	DEL	TK10,TK18,TK92,TK93	DEL	1	4
ENSG00000202412	RNY3P13	Shared	TK14	DEL	TK10,TK91,TK92,TK93	DEL	1	4
ENSG00000067900	ROCK1	Shared	TK14	DEL	TK18,TK91,TK92,TK93	DEL	1	4
ENSG00000117748	RPA2	Shared	TK13,TK14,TK16	DEL	TK12,TK18	DEL	3	2
ENSG00000236863	RPL23AP23	Shared	TK13,TK14,TK16	DEL	TK10,TK91	DEL	3	2
ENSG00000131469	RPL27	Shared	TK16	DEL	TK10,TK12,TK18,TK92	DEL	1	4
ENSG00000228007	RPL36AP7	Shared	TK13,TK14,TK16	DEL	TK10,TK18	DEL	3	2
ENSG00000224497	RPL36P4	Shared	TK13,TK16	DEL	TK10,TK12,TK18	DEL	2	3
ENSG00000172809	RPL38	Shared	TK13,TK16	DEL	TK10,TK12,TK18	DEL	2	3
ENSG00000239912	RPL39P36	Shared	TK13,TK14	DEL	TK91,TK92,TK93	DEL	2	3
ENSG00000240522	RPL7AP10	Shared	TK16	DEL	TK18,TK91,TK92,TK93	DEL	1	4
ENSG00000240435	RPS12P27	Shared	TK13	DEL	TK10,TK91,TK92,TK93	DEL	1	4
ENSG00000134419	RPS15A	Shared	TK13,TK14,TK16	DEL	TK10,TK18	DEL	3	2
ENSG00000237818	RPS3AP29	Shared	TK13,TK14	DEL	TK91,TK92,TK93	DEL	2	3
ENSG00000171863	RPS7	Shared	TK16	DEL	TK10,TK12,TK18,TK92	DEL	1	4
ENSG00000085721	RRN3	Shared	TK13,TK14,TK16	DEL	TK10,TK18	DEL	3	2
ENSG00000052749	RRP12	Shared	TK16	DEL	TK10,TK18,TK92,TK93	DEL	1	4
ENSG00000189306	RRP7A	Shared	TK13,TK14	DEL	TK91,TK92,TK93	DEL	2	3
ENSG00000291035	RRP7BP	Shared	TK13,TK14	DEL	TK91,TK92,TK93	DEL	2	3
ENSG00000100220	RTCB	Shared	TK13,TK14,TK16	DEL	TK10,TK18	DEL	3	2
ENSG00000133318	RTN3	Shared	TK13,TK14,TK16	DEL	TK10,TK18	DEL	3	2
ENSG00000225855	RUSC1-AS1	Shared	TK13,TK14,TK16	DEL	TK10,TK18	DEL	3	2
ENSG00000163602	RYBP	Shared	TK13,TK14,TK16	DEL	TK10,TK18	DEL	3	2
ENSG00000150459	SAP18	Shared	TK13,TK16	DEL	TK10,TK12,TK18	DEL	2	3
ENSG00000175467	SART1	Shared	TK13,TK14	DEL	TK10,TK12,TK18	DEL	2	3
ENSG00000126461	SCAF1	Shared	TK16	DEL	TK18,TK91,TK92,TK93	DEL	1	4
ENSG00000156304	SCAF4	Shared	TK14,TK16	DEL	TK10,TK92,TK93	DEL	2	3
ENSG00000114650	SCAP	Shared	TK13,TK14	DEL	TK91,TK92,TK93	DEL	2	3
ENSG00000138760	SCARB2	Shared	TK14	DEL	TK10,TK12,TK18,TK92	DEL	1	4
ENSG00000238754	SCARNA18B	Shared	TK13,TK14,TK16	DEL	TK10,TK18	DEL	3	2
ENSG00000245928	SDAD1-AS1	Shared	TK13,TK14,TK16	DEL	TK12,TK18	DEL	3	2
ENSG00000157020	SEC13	Shared	TK13,TK14,TK16	DEL	TK10,TK18	DEL	3	2
ENSG00000101310	SEC23B	Shared	TK13,TK14,TK16	DEL	TK18,TK91	DEL	3	2
ENSG00000058262	SEC61A1	Shared	TK13,TK16	DEL	TK10,TK12,TK18	DEL	2	3
ENSG00000132432	SEC61G	Shared	TK13,TK14,TK16	DEL	TK10,TK18	DEL	3	2
ENSG00000008952	SEC62	Shared	TK13,TK14,TK16	DEL	TK10,TK18	DEL	3	2
ENSG00000240373	SEC62-AS1	Shared	TK13,TK14,TK16	DEL	TK10,TK18	DEL	3	2
ENSG00000025796	SEC63	Shared	TK13,TK14,TK16	DEL	TK10,TK18	DEL	3	2
ENSG00000254703	SENCR	Shared	TK13,TK14,TK16	DEL	TK10,TK18	DEL	3	2
ENSG00000086475	SEPHS1	Shared	TK13,TK14,TK16	DEL	TK18,TK93	DEL	3	2
ENSG00000183569	SERHL2	Shared	TK13,TK14	DEL	TK91,TK92,TK93	DEL	2	3
ENSG00000111897	SERINC1	Shared	TK16	DEL	TK10,TK91,TK92,TK93	DEL	1	4
ENSG00000168066	SF1	Shared	TK13,TK14	DEL	TK91,TK92,TK93	DEL	2	3
ENSG00000131171	SH3BGRL	Shared	TK13,TK14,TK16	DEL	TK12,TK18	DEL	3	2
ENSG00000097033	SH3GLB1	Shared	TK13,TK14	DEL	TK10,TK18,TK91	DEL	2	3
ENSG00000122376	SHLD2	Shared	TK13,TK14,TK16	DEL	TK10,TK18	DEL	3	2
ENSG00000120725	SIL1	Shared	TK13,TK14,TK16	DEL	TK10,TK18	DEL	3	2
ENSG00000124067	SLC12A4	Shared	TK13,TK14,TK16	DEL	TK10,TK18	DEL	3	2
ENSG00000273894	SLC20A1P2	Shared	TK13,TK14,TK16	DEL	TK10,TK12	DEL	3	2
ENSG00000168575	SLC20A2	Shared	TK13,TK14,TK16	DEL	TK10,TK18	DEL	3	2
ENSG00000155287	SLC25A28	Shared	TK13,TK14,TK16	DEL	TK12,TK18	DEL	3	2
ENSG00000169359	SLC33A1	Shared	TK13,TK14,TK16	DEL	TK18,TK92	DEL	3	2
ENSG00000215790	SLC35E2A	Shared	TK14	DEL	TK10,TK91,TK92,TK93	DEL	1	4
ENSG00000157637	SLC38A10	Shared	TK13,TK16	DEL	TK10,TK12,TK18	DEL	2	3
ENSG00000141424	SLC39A6	Shared	TK13,TK14	DEL	TK91,TK92,TK93	DEL	2	3
ENSG00000163798	SLC4A1AP	Shared	TK13,TK14,TK16	DEL	TK10,TK12	DEL	3	2
ENSG00000136824	SMC2	Shared	TK13,TK14,TK16	DEL	TK18,TK92	DEL	3	2
ENSG00000108055	SMC3	Shared	TK13,TK14	DEL	TK18,TK92,TK93	DEL	2	3
ENSG00000261556	SMG1P7	Shared	TK14	DEL	TK12,TK91,TK92,TK93	DEL	1	4
ENSG00000291263	SMG1P7	Shared	TK14	DEL	TK12,TK91,TK92,TK93	DEL	1	4
ENSG00000122692	SMU1	Shared	TK13,TK16	DEL	TK10,TK91,TK92	DEL	2	3
ENSG00000212304	SNORD12	Shared	TK13,TK14,TK16	DEL	TK10,TK18	DEL	3	2
ENSG00000222365	SNORD12B	Shared	TK13,TK14,TK16	DEL	TK10,TK18	DEL	3	2
ENSG00000131876	SNRPA1	Shared	TK13,TK14,TK16	DEL	TK10,TK18	DEL	3	2
ENSG00000125835	SNRPB	Shared	TK13,TK16	DEL	TK91,TK92,TK93	DEL	2	3
ENSG00000110025	SNX15	Shared	TK13,TK14	DEL	TK10,TK92,TK93	DEL	2	3
ENSG00000124664	SPDEF	Shared	TK13,TK14,TK16	DEL	TK10,TK18	DEL	3	2
ENSG00000286038	SPDYE13	Shared	TK13,TK14,TK16	DEL	TK10,TK18	DEL	3	2
ENSG00000286137	SPDYE14	Shared	TK13,TK14,TK16	DEL	TK10,TK18	DEL	3	2
ENSG00000286014	SPDYE15	Shared	TK13,TK14,TK16	DEL	TK10,TK18	DEL	3	2
ENSG00000090487	SPG21	Shared	TK13,TK14,TK16	DEL	TK10,TK18	DEL	3	2
ENSG00000168005	SPINDOC	Shared	TK13,TK14,TK16	DEL	TK10,TK18	DEL	3	2
ENSG00000005206	SPPL2B	Shared	TK13,TK14,TK16	DEL	TK18,TK93	DEL	3	2
ENSG00000179119	SPTY2D1	Shared	TK14,TK16	DEL	TK10,TK12,TK18	DEL	2	3
ENSG00000100883	SRP54	Shared	TK13,TK14	DEL	TK10,TK91,TK93	DEL	2	3
ENSG00000163479	SSR2	Shared	TK13,TK14,TK16	DEL	TK10,TK12	DEL	3	2
ENSG00000101972	STAG2	Shared	TK13,TK14,TK16	DEL	TK10,TK18	DEL	3	2
ENSG00000010270	STARD3NL	Shared	TK13,TK14,TK16	DEL	TK10,TK18	DEL	3	2
ENSG00000115415	STAT1	Shared	TK13,TK14,TK16	DEL	TK10,TK18	DEL	3	2
ENSG00000081320	STK17B	Shared	TK14,TK16	DEL	TK10,TK92,TK93	DEL	2	3
ENSG00000163541	SUCLG1	Shared	TK13,TK14,TK16	DEL	TK10,TK18	DEL	3	2
ENSG00000092201	SUPT16H	Shared	TK13	DEL	TK18,TK91,TK92,TK93	DEL	1	4
ENSG00000226247	SUPT4H1P1	Shared	TK13,TK14,TK16	DEL	TK10,TK18	DEL	3	2
ENSG00000173011	TADA2B	Shared	TK13,TK14,TK16	DEL	TK10,TK91	DEL	3	2
ENSG00000125875	TBC1D20	Shared	TK13,TK14,TK16	DEL	TK10,TK18	DEL	3	2
ENSG00000054611	TBC1D22A	Shared	TK13,TK14,TK16	DEL	TK18,TK93	DEL	3	2
ENSG00000059377	TBXAS1	Shared	TK13,TK14	DEL	TK10,TK91,TK93	DEL	2	3
ENSG00000159860	TCAF2P1	Shared	TK13,TK14	DEL	TK91,TK92,TK93	DEL	2	3
ENSG00000111802	TDP2	Shared	TK13,TK14,TK16	DEL	TK12,TK18	DEL	3	2
ENSG00000166848	TERF2IP	Shared	TK13,TK14,TK16	DEL	TK10,TK18	DEL	3	2
ENSG00000172009	THOP1	Shared	TK13,TK16	DEL	TK10,TK12,TK18	DEL	2	3
ENSG00000134375	TIMM17A	Shared	TK13,TK14,TK16	DEL	TK10,TK18	DEL	3	2
ENSG00000143155	TIPRL	Shared	TK13,TK16	DEL	TK10,TK12,TK18	DEL	2	3
ENSG00000172765	TMCC1	Shared	TK14	DEL	TK10,TK91,TK92,TK93	DEL	1	4
ENSG00000086598	TMED2	Shared	TK13,TK14	DEL	TK91,TK92,TK93	DEL	2	3
ENSG00000134970	TMED7	Shared	TK16	DEL	TK10,TK18,TK91,TK92	DEL	1	4
ENSG00000111843	TMEM14C	Shared	TK13,TK16	DEL	TK91,TK92,TK93	DEL	2	3
ENSG00000163444	TMEM183A	Shared	TK13,TK14,TK16	DEL	TK10,TK92	DEL	3	2
ENSG00000135185	TMEM243	Shared	TK13,TK14	DEL	TK18,TK92,TK93	DEL	2	3
ENSG00000112697	TMEM30A	Shared	TK13,TK14	DEL	TK10,TK91,TK92	DEL	2	3
ENSG00000126106	TMEM53	Shared	TK13,TK14	DEL	TK10,TK12,TK92	DEL	2	3
ENSG00000061938	TNK2	Shared	TK13,TK14,TK16	DEL	TK10,TK18	DEL	3	2
ENSG00000025772	TOMM34	Shared	TK13,TK14,TK16	DEL	TK10,TK18	DEL	3	2
ENSG00000077097	TOP2B	Shared	TK13,TK14	DEL	TK91,TK92,TK93	DEL	2	3
ENSG00000100038	TOP3B	Shared	TK16	DEL	TK18,TK91,TK92,TK93	DEL	1	4
ENSG00000076554	TPD52	Shared	TK13,TK14,TK16	DEL	TK10,TK18	DEL	3	2
ENSG00000143549	TPM3	Shared	TK13,TK14,TK16	DEL	TK10,TK18	DEL	3	2
ENSG00000250731	TPM3P6	Shared	TK13,TK16	DEL	TK91,TK92,TK93	DEL	2	3
ENSG00000241015	TPM3P9	Shared	TK13,TK14	DEL	TK91,TK92,TK93	DEL	2	3
ENSG00000126602	TRAP1	Shared	TK13,TK14,TK16	DEL	TK10,TK18	DEL	3	2
ENSG00000204613	TRIM10	Shared	TK13	DEL	TK10,TK91,TK92,TK93	DEL	1	4
ENSG00000204610	TRIM15	Shared	TK13	DEL	TK10,TK91,TK92,TK93	DEL	1	4
ENSG00000234127	TRIM26	Shared	TK13	DEL	TK10,TK91,TK92,TK93	DEL	1	4
ENSG00000236475	TRIM26BP	Shared	TK13	DEL	TK10,TK91,TK92,TK93	DEL	1	4
ENSG00000204713	TRIM27	Shared	TK13,TK14,TK16	DEL	TK10,TK18	DEL	3	2
ENSG00000204616	TRIM31	Shared	TK13	DEL	TK10,TK91,TK92,TK93	DEL	1	4
ENSG00000231226	TRIM31-AS1	Shared	TK13	DEL	TK10,TK91,TK92,TK93	DEL	1	4
ENSG00000204614	TRIM40	Shared	TK13	DEL	TK10,TK91,TK92,TK93	DEL	1	4
ENSG00000153827	TRIP12	Shared	TK14,TK16	DEL	TK91,TK92,TK93	DEL	2	3
ENSG00000198860	TSEN15	Shared	TK13,TK16	DEL	TK10,TK18,TK92	DEL	2	3
ENSG00000137267	TUBB2A	Shared	TK13	DEL	TK10,TK91,TK92,TK93	DEL	1	4
ENSG00000136810	TXN	Shared	TK13,TK14,TK16	DEL	TK18,TK93	DEL	3	2
ENSG00000113621	TXNDC15	Shared	TK13,TK14,TK16	DEL	TK10,TK18	DEL	3	2
ENSG00000176890	TYMS	Shared	TK13,TK14,TK16	DEL	TK10,TK18	DEL	3	2
ENSG00000063244	U2AF2	Shared	TK13,TK16	DEL	TK10,TK12,TK18	DEL	2	3
ENSG00000283509	U6	Shared	TK14	DEL	TK10,TK91,TK92,TK93	DEL	1	4
ENSG00000126261	UBA2	Shared	TK13,TK14,TK16	DEL	TK10,TK18	DEL	3	2
ENSG00000081307	UBA5	Shared	TK13,TK14,TK16	DEL	TK12,TK18	DEL	3	2
ENSG00000185262	UBALD2	Shared	TK16	DEL	TK10,TK12,TK18,TK92	DEL	1	4
ENSG00000138629	UBL7	Shared	TK13,TK14	DEL	TK12,TK91,TK92	DEL	2	3
ENSG00000116750	UCHL5	Shared	TK13,TK14,TK16	DEL	TK10,TK18	DEL	3	2
ENSG00000175567	UCP2	Shared	TK16	DEL	TK12,TK91,TK92,TK93	DEL	1	4
ENSG00000276043	UHRF1	Shared	TK13,TK14,TK16	DEL	TK10,TK18	DEL	3	2
ENSG00000169021	UQCRFS1	Shared	TK16	DEL	TK10,TK12,TK18,TK93	DEL	1	4
ENSG00000142207	URB1	Shared	TK13,TK14	DEL	TK10,TK18,TK92	DEL	2	3
ENSG00000188690	UROS	Shared	TK13,TK14,TK16	DEL	TK12,TK18	DEL	3	2
ENSG00000103194	USP10	Shared	TK13,TK14	DEL	TK10,TK18,TK91	DEL	2	3
ENSG00000055483	USP36	Shared	TK13,TK16	DEL	TK10,TK12,TK18	DEL	2	3
ENSG00000090686	USP48	Shared	TK13,TK14,TK16	DEL	TK10,TK18	DEL	3	2
ENSG00000141968	VAV1	Shared	TK13,TK14,TK16	DEL	TK10,TK18	DEL	3	2
ENSG00000078668	VDAC3	Shared	TK13,TK14,TK16	DEL	TK10,TK18	DEL	3	2
ENSG00000242856	VN1R105P	Shared	TK13,TK14	DEL	TK91,TK92,TK93	DEL	2	3
ENSG00000268357	VN1R81P	Shared	TK16	DEL	TK18,TK91,TK92,TK93	DEL	1	4
ENSG00000149823	VPS51	Shared	TK13,TK14	DEL	TK10,TK92,TK93	DEL	2	3
ENSG00000232097	VPS51P2	Shared	TK13,TK14	DEL	TK91,TK92,TK93	DEL	2	3
ENSG00000223501	VPS52	Shared	TK13,TK14	DEL	TK10,TK91,TK92	DEL	2	3
ENSG00000105053	VRK3	Shared	TK13,TK14,TK16	DEL	TK10,TK18	DEL	3	2
ENSG00000095787	WAC	Shared	TK13,TK14,TK16	DEL	TK10,TK12	DEL	3	2
ENSG00000158195	WASF2	Shared	TK13,TK14,TK16	DEL	TK10,TK18	DEL	3	2
ENSG00000084463	WBP11	Shared	TK16	DEL	TK18,TK91,TK92,TK93	DEL	1	4
ENSG00000227057	WDR46	Shared	TK13,TK16	DEL	TK10,TK18,TK91	DEL	2	3
ENSG00000124535	WRNIP1	Shared	TK13,TK14,TK16	DEL	TK10,TK91	DEL	3	2
ENSG00000079246	XRCC5	Shared	TK13,TK14,TK16	DEL	TK10,TK18	DEL	3	2
ENSG00000114127	XRN1	Shared	TK13,TK16	DEL	TK91,TK92,TK93	DEL	2	3
ENSG00000106636	YKT6	Shared	TK13,TK14,TK16	DEL	TK10,TK18	DEL	3	2
ENSG00000136758	YME1L1	Shared	TK13,TK14,TK16	DEL	TK10,TK18	DEL	3	2
ENSG00000199870	Y_RNA	Shared	TK13,TK14,TK16	DEL	TK10,TK18	DEL	3	2
ENSG00000202021	Y_RNA	Shared	TK13,TK14,TK16	DEL	TK10,TK18	DEL	3	2
ENSG00000206797	Y_RNA	Shared	TK13,TK14,TK16	DEL	TK10,TK18	DEL	3	2
ENSG00000252042	Y_RNA	Shared	TK13,TK14,TK16	DEL	TK10,TK18	DEL	3	2
ENSG00000267828	Y_RNA	Shared	TK13,TK14,TK16	DEL	TK10,TK18	DEL	3	2
ENSG00000089775	ZBTB25	Shared	TK13,TK16	DEL	TK10,TK18,TK92	DEL	2	3
ENSG00000178951	ZBTB7A	Shared	TK13,TK16	DEL	TK10,TK18,TK92	DEL	2	3
ENSG00000160685	ZBTB7B	Shared	TK13,TK14,TK16	DEL	TK10,TK18	DEL	3	2
ENSG00000171307	ZDHHC16	Shared	TK13,TK16	DEL	TK10,TK12,TK18	DEL	2	3
ENSG00000169548	ZNF280A	Shared	TK16	DEL	TK10,TK91,TK92,TK93	DEL	1	4
ENSG00000275004	ZNF280B	Shared	TK16	DEL	TK10,TK91,TK92,TK93	DEL	1	4
ENSG00000130803	ZNF317	Shared	TK13,TK14,TK16	DEL	TK10,TK18	DEL	3	2
ENSG00000196705	ZNF431	Shared	TK16	DEL	TK18,TK91,TK92,TK93	DEL	1	4
ENSG00000171295	ZNF440	Shared	TK14,TK16	DEL	TK91,TK92,TK93	DEL	2	3
ENSG00000277462	ZNF670	Shared	TK14	DEL	TK18,TK91,TK92,TK93	DEL	1	4
ENSG00000250312	ZNF718	Shared	TK14,TK16	DEL	TK91,TK92,TK93	DEL	2	3
ENSG00000181220	ZNF746	Shared	TK13,TK14,TK16	DEL	TK91,TK92	DEL	3	2
ENSG00000196417	ZNF765	Shared	TK13,TK14	DEL	TK91,TK92,TK93	DEL	2	3
ENSG00000291118	ZNF767P	Shared	TK13	DEL	TK18,TK91,TK92,TK93	DEL	1	4
ENSG00000152439	ZNF773	Shared	TK13,TK16	DEL	TK91,TK92,TK93	DEL	2	3
ENSG00000086827	ZW10	Shared	TK16	DEL	TK12,TK18,TK91,TK92	DEL	1	4
ENSG00000094914	AAAS	Shared	TK13,TK16	DEL	TK10,TK18	DEL	2	2
ENSG00000124574	ABCC10	Shared	TK13,TK14	DEL	TK10,TK93	DEL	2	2
ENSG00000114770	ABCC5	Shared	TK13,TK14,TK16	DEL	TK10	DEL	3	1
ENSG00000167315	ACAA2	Shared	TK13,TK14,TK16	DEL	TK18	DEL	3	1
ENSG00000182827	ACBD3	Shared	TK13,TK16	DEL	TK10,TK18	DEL	2	2
ENSG00000100813	ACIN1	Shared	TK14	DEL	TK10,TK18,TK93	DEL	1	3
ENSG00000097021	ACOT7	Shared	TK13,TK14	DEL	TK10,TK91	DEL	2	2
ENSG00000215388	ACTG1P3	Shared	TK13,TK14,TK16	DEL	TK18	DEL	3	1
ENSG00000178803	ADORA2A-AS1	Shared	TK13,TK14	DEL	TK10,TK18	DEL	2	2
ENSG00000141385	AFG3L2	Shared	TK13,TK14,TK16	DEL	TK18	DEL	3	1
ENSG00000106351	AGFG2	Shared	TK13,TK14,TK16	DEL	TK18	DEL	3	1
ENSG00000168710	AHCYL1	Shared	TK13,TK14	DEL	TK10,TK18	DEL	2	2
ENSG00000124942	AHNAK	Shared	TK13	DEL	TK91,TK92,TK93	DEL	1	3
ENSG00000100591	AHSA1	Shared	TK16	DEL	TK10,TK12,TK18	DEL	1	3
ENSG00000156709	AIFM1	Shared	TK14,TK16	DEL	TK10,TK18	DEL	2	2
ENSG00000164022	AIMP1	Shared	TK14	DEL	TK10,TK12,TK18	DEL	1	3
ENSG00000110711	AIP	Shared	TK14	DEL	TK10,TK92,TK93	DEL	1	3
ENSG00000106948	AKNA	Shared	TK14	DEL	TK18,TK91,TK92	DEL	1	3
ENSG00000085662	AKR1B1	Shared	TK13,TK16	DEL	TK10,TK18	DEL	2	2
ENSG00000229020	AKR7A2P1	Shared	TK13,TK14	DEL	TK91,TK92	DEL	2	2
ENSG00000142208	AKT1	Shared	TK14	DEL	TK91,TK92,TK93	DEL	1	3
ENSG00000161618	ALDH16A1	Shared	TK13,TK16	DEL	TK10,TK18	DEL	2	2
ENSG00000227620	ALG1L8P	Shared	TK13	DEL	TK91,TK92,TK93	DEL	1	3
ENSG00000159063	ALG8	Shared	TK13,TK14,TK16	DEL	TK10	DEL	3	1
ENSG00000189046	ALKBH2	Shared	TK16	DEL	TK12,TK18,TK93	DEL	1	3
ENSG00000244926	ALKBH3-AS1	Shared	TK14,TK16	DEL	TK10,TK18	DEL	2	2
ENSG00000230006	ANKRD36BP2	Shared	TK13,TK14	DEL	TK10,TK12	DEL	2	2
ENSG00000291127	ANKRD36BP2	Shared	TK13,TK14	DEL	TK10,TK12	DEL	2	2
ENSG00000157999	ANKRD61	Shared	TK13,TK14	DEL	TK10,TK18	DEL	2	2
ENSG00000064999	ANKS1A	Shared	TK13,TK14	DEL	TK92,TK93	DEL	2	2
ENSG00000165138	ANKS6	Shared	TK13,TK14,TK16	DEL	TK10	DEL	3	1
ENSG00000011426	ANLN	Shared	TK13,TK14	DEL	TK92,TK93	DEL	2	2
ENSG00000197043	ANXA6	Shared	TK13,TK14	DEL	TK10,TK18	DEL	2	2
ENSG00000072958	AP1M1	Shared	TK13,TK14,TK16	DEL	TK18	DEL	3	1
ENSG00000185009	AP3M1	Shared	TK13,TK14,TK16	DEL	TK91	DEL	3	1
ENSG00000034053	APBA2	Shared	TK13,TK14	DEL	TK12,TK18	DEL	2	2
ENSG00000214293	APTR	Shared	TK13,TK14,TK16	DEL	TK18	DEL	3	1
ENSG00000066777	ARFGEF1	Shared	TK14	DEL	TK91,TK92,TK93	DEL	1	3
ENSG00000134884	ARGLU1	Shared	TK13,TK14,TK16	DEL	TK18	DEL	3	1
ENSG00000146376	ARHGAP18	Shared	TK13,TK14,TK16	DEL	TK10	DEL	3	1
ENSG00000185829	ARL17A	Shared	TK14	DEL	TK91,TK92,TK93	DEL	1	3
ENSG00000138175	ARL3	Shared	TK13,TK14,TK16	DEL	TK12	DEL	3	1
ENSG00000241685	ARPC1A	Shared	TK13,TK16	DEL	TK10,TK18	DEL	2	2
ENSG00000130429	ARPC1B	Shared	TK13	DEL	TK12,TK91,TK93	DEL	1	3
ENSG00000113273	ARSB	Shared	TK14	DEL	TK91,TK92,TK93	DEL	1	3
ENSG00000100325	ASCC2	Shared	TK13,TK14,TK16	DEL	TK10	DEL	3	1
ENSG00000112249	ASCC3	Shared	TK14	DEL	TK10,TK91,TK92	DEL	1	3
ENSG00000235919	ASH1L-AS1	Shared	TK14	DEL	TK91,TK92,TK93	DEL	1	3
ENSG00000225724	ASH2LP3	Shared	TK16	DEL	TK91,TK92,TK93	DEL	1	3
ENSG00000126522	ASL	Shared	TK13,TK16	DEL	TK10,TK18	DEL	2	2
ENSG00000118217	ATF6	Shared	TK14,TK16	DEL	TK91,TK92	DEL	2	2
ENSG00000066739	ATG2B	Shared	TK14	DEL	TK91,TK92,TK93	DEL	1	3
ENSG00000130734	ATG4D	Shared	TK13,TK14,TK16	DEL	TK10	DEL	3	1
ENSG00000138363	ATIC	Shared	TK13,TK14	DEL	TK92,TK93	DEL	2	2
ENSG00000241571	ATP5F1AP7	Shared	TK14	DEL	TK91,TK92,TK93	DEL	1	3
ENSG00000261102	ATP5MFP6	Shared	TK13,TK14,TK16	DEL	TK10	DEL	3	1
ENSG00000033627	ATP6V0A1	Shared	TK13,TK14	DEL	TK10,TK18	DEL	2	2
ENSG00000254870	ATP6V1G2-DDX39B	Shared	TK13,TK16	DEL	TK10,TK92	DEL	2	2
ENSG00000085224	ATRX	Shared	TK13,TK14	DEL	TK10,TK92	DEL	2	2
ENSG00000087586	AURKA	Shared	TK13,TK14,TK16	DEL	TK10	DEL	3	1
ENSG00000163512	AZI2	Shared	TK13,TK14,TK16	DEL	TK91	DEL	3	1
ENSG00000149541	B3GAT3	Shared	TK16	DEL	TK10,TK18,TK92	DEL	1	3
ENSG00000087088	BAX	Shared	TK13,TK16	DEL	TK10,TK18	DEL	2	2
ENSG00000009954	BAZ1B	Shared	TK13,TK14	DEL	TK10,TK18	DEL	2	2
ENSG00000076108	BAZ2A	Shared	TK14,TK16	DEL	TK18,TK92	DEL	2	2
ENSG00000107949	BCCIP	Shared	TK14,TK16	DEL	TK10,TK18	DEL	2	2
ENSG00000126453	BCL2L12	Shared	TK16	DEL	TK12,TK18,TK93	DEL	1	3
ENSG00000069399	BCL3	Shared	TK13,TK14	DEL	TK10,TK92	DEL	2	2
ENSG00000183337	BCOR	Shared	TK13,TK14	DEL	TK10,TK18	DEL	2	2
ENSG00000145692	BHMT	Shared	TK14	DEL	TK91,TK92,TK93	DEL	1	3
ENSG00000132840	BHMT2	Shared	TK14	DEL	TK91,TK92,TK93	DEL	1	3
ENSG00000185963	BICD2	Shared	TK13,TK14	DEL	TK10,TK18	DEL	2	2
ENSG00000196072	BLOC1S2	Shared	TK13,TK14,TK16	DEL	TK18	DEL	3	1
ENSG00000140299	BNIP2	Shared	TK13,TK14,TK16	DEL	TK18	DEL	3	1
ENSG00000104765	BNIP3L	Shared	TK13,TK14,TK16	DEL	TK18	DEL	3	1
ENSG00000271095	BNIP3P28	Shared	TK13,TK14	DEL	TK91,TK92	DEL	2	2
ENSG00000269742	BNIP3P29	Shared	TK13,TK14	DEL	TK91,TK92	DEL	2	2
ENSG00000113460	BRIX1	Shared	TK13,TK14,TK16	DEL	TK18	DEL	3	1
ENSG00000106245	BUD31	Shared	TK13,TK14,TK16	DEL	TK10	DEL	3	1
ENSG00000171067	C11orf24	Shared	TK13,TK14	DEL	TK91,TK92	DEL	2	2
ENSG00000166323	C11orf65	Shared	TK13,TK14	DEL	TK91,TK92	DEL	2	2
ENSG00000139178	C1RL	Shared	TK13,TK16	DEL	TK92,TK93	DEL	2	2
ENSG00000205885	C1RL-AS1	Shared	TK13,TK16	DEL	TK92,TK93	DEL	2	2
ENSG00000182326	C1S	Shared	TK13,TK14	DEL	TK10,TK18	DEL	2	2
ENSG00000169239	CA5B	Shared	TK14	DEL	TK91,TK92,TK93	DEL	1	3
ENSG00000182985	CADM1	Shared	TK13,TK14	DEL	TK10,TK18	DEL	2	2
ENSG00000256315	CADM1-AS1	Shared	TK13,TK14	DEL	TK10,TK18	DEL	2	2
ENSG00000198668	CALM1	Shared	TK13,TK16	DEL	TK10,TK18	DEL	2	2
ENSG00000128595	CALU	Shared	TK13,TK14,TK16	DEL	TK18	DEL	3	1
ENSG00000004660	CAMKK1	Shared	TK13	DEL	TK91,TK92,TK93	DEL	1	3
ENSG00000204397	CARD16	Shared	TK14	DEL	TK91,TK92,TK93	DEL	1	3
ENSG00000132906	CASP9	Shared	TK13,TK14,TK16	DEL	TK18	DEL	3	1
ENSG00000159873	CCDC117	Shared	TK14	DEL	TK91,TK92,TK93	DEL	1	3
ENSG00000100147	CCDC134	Shared	TK16	DEL	TK12,TK91,TK92	DEL	1	3
ENSG00000015133	CCDC88C	Shared	TK14,TK16	DEL	TK91,TK92	DEL	2	2
ENSG00000137500	CCDC90B	Shared	TK13,TK16	DEL	TK10,TK18	DEL	2	2
ENSG00000136280	CCM2	Shared	TK13,TK14,TK16	DEL	TK18	DEL	3	1
ENSG00000112576	CCND3	Shared	TK16	DEL	TK10,TK18,TK93	DEL	1	3
ENSG00000261528	CCNYL7	Shared	TK13,TK14,TK16	DEL	TK10	DEL	3	1
ENSG00000250526	CCT6P2	Shared	TK13,TK14,TK16	DEL	TK18	DEL	3	1
ENSG00000135535	CD164	Shared	TK13,TK14,TK16	DEL	TK18	DEL	3	1
ENSG00000026508	CD44	Shared	TK14,TK16	DEL	TK10,TK18	DEL	2	2
ENSG00000125726	CD70	Shared	TK16	DEL	TK91,TK92,TK93	DEL	1	3
ENSG00000259982	CDC37P1	Shared	TK14	DEL	TK91,TK92,TK93	DEL	1	3
ENSG00000234219	CDCA4P4	Shared	TK13,TK16	DEL	TK10,TK18	DEL	2	2
ENSG00000136861	CDK5RAP2	Shared	TK13,TK14	DEL	TK10,TK18	DEL	2	2
ENSG00000258781	CDRT15P13	Shared	TK13,TK14	DEL	TK10,TK18	DEL	2	2
ENSG00000091527	CDV3	Shared	TK13,TK14	DEL	TK91,TK93	DEL	2	2
ENSG00000149187	CELF1	Shared	TK13,TK14,TK16	DEL	TK10	DEL	3	1
ENSG00000186166	CENATAC	Shared	TK13,TK14	DEL	TK18,TK92	DEL	2	2
ENSG00000255121	CENATAC-DT	Shared	TK13,TK14	DEL	TK18,TK92	DEL	2	2
ENSG00000203760	CENPW	Shared	TK13,TK14,TK16	DEL	TK10	DEL	3	1
ENSG00000116198	CEP104	Shared	TK13,TK14	DEL	TK10,TK18	DEL	2	2
ENSG00000113163	CERT1	Shared	TK13,TK14	DEL	TK91,TK92	DEL	2	2
ENSG00000164323	CFAP97	Shared	TK13,TK14,TK16	DEL	TK91	DEL	3	1
ENSG00000003402	CFLAR	Shared	TK13,TK14,TK16	DEL	TK18	DEL	3	1
ENSG00000143942	CHAC2	Shared	TK13,TK16	DEL	TK10,TK18	DEL	2	2
ENSG00000183765	CHEK2	Shared	TK13,TK14	DEL	TK18,TK93	DEL	2	2
ENSG00000101421	CHMP4B	Shared	TK13,TK14,TK16	DEL	TK10	DEL	3	1
ENSG00000135702	CHST5	Shared	TK14	DEL	TK91,TK92,TK93	DEL	1	3
ENSG00000136026	CKAP4	Shared	TK13,TK14	DEL	TK92,TK93	DEL	2	2
ENSG00000130779	CLIP1	Shared	TK13,TK14	DEL	TK10,TK18	DEL	2	2
ENSG00000104853	CLPTM1	Shared	TK14	DEL	TK91,TK92,TK93	DEL	1	3
ENSG00000166855	CLPX	Shared	TK13,TK16	DEL	TK10,TK18	DEL	2	2
ENSG00000175416	CLTB	Shared	TK13,TK14	DEL	TK10,TK18	DEL	2	2
ENSG00000137200	CMTR1	Shared	TK13,TK14	DEL	TK18,TK93	DEL	2	2
ENSG00000170289	CNGB3	Shared	TK14	DEL	TK91,TK92,TK93	DEL	1	3
ENSG00000088038	CNOT3	Shared	TK16	DEL	TK10,TK92,TK93	DEL	1	3
ENSG00000278213	CNTNAP3P5	Shared	TK14	DEL	TK91,TK92,TK93	DEL	1	3
ENSG00000178741	COX5A	Shared	TK13,TK14,TK16	DEL	TK10	DEL	3	1
ENSG00000239576	COX6CP14	Shared	TK13,TK14	DEL	TK18,TK93	DEL	2	2
ENSG00000112695	COX7A2	Shared	TK13,TK16	DEL	TK10,TK12	DEL	2	2
ENSG00000005339	CREBBP	Shared	TK14	DEL	TK10,TK92,TK93	DEL	1	3
ENSG00000143162	CREG1	Shared	TK13,TK14,TK16	DEL	TK10	DEL	3	1
ENSG00000009307	CSDE1	Shared	TK13,TK16	DEL	TK10,TK18	DEL	2	2
ENSG00000124207	CSE1L	Shared	TK16	DEL	TK18,TK91,TK92	DEL	1	3
ENSG00000133275	CSNK1G2	Shared	TK13,TK14	DEL	TK10,TK18	DEL	2	2
ENSG00000180846	CSNK1G2-AS1	Shared	TK13,TK14	DEL	TK10,TK18	DEL	2	2
ENSG00000176102	CSTF3	Shared	TK13,TK14	DEL	TK10,TK18	DEL	2	2
ENSG00000226752	CUTALP	Shared	TK13,TK14,TK16	DEL	TK18	DEL	3	1
ENSG00000166347	CYB5A	Shared	TK13,TK14,TK16	DEL	TK10	DEL	3	1
ENSG00000100243	CYB5R3	Shared	TK13,TK14,TK16	DEL	TK93	DEL	3	1
ENSG00000239402	CYP4F62P	Shared	TK13,TK14	DEL	TK91,TK92	DEL	2	2
ENSG00000115165	CYTIP	Shared	TK13,TK14	DEL	TK91,TK93	DEL	2	2
ENSG00000112977	DAP	Shared	TK13,TK14	DEL	TK10,TK18	DEL	2	2
ENSG00000225082	DAP3P1	Shared	TK14	DEL	TK91,TK92,TK93	DEL	1	3
ENSG00000115866	DARS1	Shared	TK14	DEL	TK91,TK92,TK93	DEL	1	3
ENSG00000006634	DBF4	Shared	TK13,TK14	DEL	TK12,TK18	DEL	2	2
ENSG00000113758	DBN1	Shared	TK13	DEL	TK10,TK91,TK92	DEL	1	3
ENSG00000239280	DBTP1	Shared	TK13,TK14,TK16	DEL	TK18	DEL	3	1
ENSG00000198876	DCAF12	Shared	TK13,TK14	DEL	TK92,TK93	DEL	2	2
ENSG00000079785	DDX1	Shared	TK13,TK14,TK16	DEL	TK18	DEL	3	1
ENSG00000168872	DDX19A	Shared	TK14	DEL	TK91,TK92,TK93	DEL	1	3
ENSG00000165732	DDX21	Shared	TK13,TK16	DEL	TK12,TK18	DEL	2	2
ENSG00000198231	DDX42	Shared	TK13,TK14	DEL	TK12,TK18	DEL	2	2
ENSG00000104325	DECR1	Shared	TK13,TK14,TK16	DEL	TK10	DEL	3	1
ENSG00000139726	DENR	Shared	TK13,TK14	DEL	TK91,TK92	DEL	2	2
ENSG00000070413	DGCR2	Shared	TK13,TK14	DEL	TK12,TK93	DEL	2	2
ENSG00000067248	DHX29	Shared	TK14,TK16	DEL	TK18,TK91	DEL	2	2
ENSG00000131504	DIAPH1	Shared	TK13,TK14	DEL	TK10,TK18	DEL	2	2
ENSG00000086189	DIMT1	Shared	TK14,TK16	DEL	TK12,TK18	DEL	2	2
ENSG00000132837	DMGDH	Shared	TK14	DEL	TK91,TK92,TK93	DEL	1	3
ENSG00000123992	DNPEP	Shared	TK14,TK16	DEL	TK18,TK92	DEL	2	2
ENSG00000205790	DPP9-AS1	Shared	TK13,TK14,TK16	DEL	TK10	DEL	3	1
ENSG00000227855	DPY19L2P3	Shared	TK13	DEL	TK91,TK92,TK93	DEL	1	3
ENSG00000291213	DPY19L2P3	Shared	TK13	DEL	TK91,TK92,TK93	DEL	1	3
ENSG00000161202	DVL3	Shared	TK13,TK14	DEL	TK10,TK93	DEL	2	2
ENSG00000119333	DYNC2I2	Shared	TK13,TK14,TK16	DEL	TK93	DEL	3	1
ENSG00000264364	DYNLL2	Shared	TK13,TK16	DEL	TK10,TK18	DEL	2	2
ENSG00000157540	DYRK1A	Shared	TK14	DEL	TK91,TK92,TK93	DEL	1	3
ENSG00000007968	E2F2	Shared	TK13,TK14,TK16	DEL	TK18	DEL	3	1
ENSG00000123179	EBPL	Shared	TK13,TK14,TK16	DEL	TK10	DEL	3	1
ENSG00000103319	EEF2K	Shared	TK16	DEL	TK91,TK92,TK93	DEL	1	3
ENSG00000108883	EFTUD2	Shared	TK14	DEL	TK10,TK91,TK93	DEL	1	3
ENSG00000173442	EHBP1L1	Shared	TK16	DEL	TK10,TK92,TK93	DEL	1	3
ENSG00000111361	EIF2B1	Shared	TK13,TK16	DEL	TK10,TK12	DEL	2	2
ENSG00000070785	EIF2B3	Shared	TK13,TK14	DEL	TK10,TK91	DEL	2	2
ENSG00000125977	EIF2S2	Shared	TK13,TK14	DEL	TK91,TK92	DEL	2	2
ENSG00000184110	EIF3C	Shared	TK14	DEL	TK91,TK92,TK93	DEL	1	3
ENSG00000148730	EIF4EBP2	Shared	TK13,TK14	DEL	TK91,TK93	DEL	2	2
ENSG00000242372	EIF6	Shared	TK16	DEL	TK10,TK12,TK18	DEL	1	3
ENSG00000271278	ELOCP33	Shared	TK13,TK14,TK16	DEL	TK18	DEL	3	1
ENSG00000070061	ELP1	Shared	TK13,TK14,TK16	DEL	TK10	DEL	3	1
ENSG00000134759	ELP2	Shared	TK13,TK14	DEL	TK12,TK18	DEL	2	2
ENSG00000132199	ENOSF1	Shared	TK13,TK14	DEL	TK91,TK92	DEL	2	2
ENSG00000273819	ENPP7P7	Shared	TK13	DEL	TK91,TK92,TK93	DEL	1	3
ENSG00000205898	ENSG00000205898	Shared	TK13	DEL	TK91,TK92,TK93	DEL	1	3
ENSG00000206592	ENSG00000206592	Shared	TK14	DEL	TK91,TK92,TK93	DEL	1	3
ENSG00000214773	ENSG00000214773	Shared	TK13,TK14	DEL	TK10,TK18	DEL	2	2
ENSG00000214890	ENSG00000214890	Shared	TK14	DEL	TK91,TK92,TK93	DEL	1	3
ENSG00000223503	ENSG00000223503	Shared	TK14	DEL	TK91,TK92,TK93	DEL	1	3
ENSG00000224352	ENSG00000224352	Shared	TK13,TK14	DEL	TK91,TK92	DEL	2	2
ENSG00000227632	ENSG00000227632	Shared	TK13,TK14	DEL	TK91,TK92	DEL	2	2
ENSG00000228061	ENSG00000228061	Shared	TK13,TK14,TK16	DEL	TK18	DEL	3	1
ENSG00000228144	ENSG00000228144	Shared	TK13,TK16	DEL	TK10,TK18	DEL	2	2
ENSG00000228471	ENSG00000228471	Shared	TK13,TK14	DEL	TK91,TK92	DEL	2	2
ENSG00000228634	ENSG00000228634	Shared	TK13,TK14	DEL	TK10,TK12	DEL	2	2
ENSG00000228757	ENSG00000228757	Shared	TK13,TK14,TK16	DEL	TK10	DEL	3	1
ENSG00000231978	ENSG00000231978	Shared	TK13,TK14,TK16	DEL	TK18	DEL	3	1
ENSG00000232515	ENSG00000232515	Shared	TK16	DEL	TK91,TK92,TK93	DEL	1	3
ENSG00000232519	ENSG00000232519	Shared	TK14	DEL	TK91,TK92,TK93	DEL	1	3
ENSG00000233367	ENSG00000233367	Shared	TK13,TK16	DEL	TK18,TK92	DEL	2	2
ENSG00000233461	ENSG00000233461	Shared	TK13,TK16	DEL	TK10,TK18	DEL	2	2
ENSG00000234398	ENSG00000234398	Shared	TK13,TK14	DEL	TK91,TK92	DEL	2	2
ENSG00000234451	ENSG00000234451	Shared	TK14	DEL	TK91,TK92,TK93	DEL	1	3
ENSG00000236364	ENSG00000236364	Shared	TK13,TK14	DEL	TK10,TK18	DEL	2	2
ENSG00000236498	ENSG00000236498	Shared	TK16	DEL	TK18,TK92,TK93	DEL	1	3
ENSG00000236986	ENSG00000236986	Shared	TK14	DEL	TK10,TK91,TK92	DEL	1	3
ENSG00000238221	ENSG00000238221	Shared	TK13,TK14,TK16	DEL	TK12	DEL	3	1
ENSG00000240040	ENSG00000240040	Shared	TK13,TK14	DEL	TK10,TK12	DEL	2	2
ENSG00000240731	ENSG00000240731	Shared	TK13	DEL	TK10,TK18,TK92	DEL	1	3
ENSG00000241073	ENSG00000241073	Shared	TK13,TK14	DEL	TK10,TK92	DEL	2	2
ENSG00000241169	ENSG00000241169	Shared	TK13,TK14	DEL	TK10,TK18	DEL	2	2
ENSG00000242198	ENSG00000242198	Shared	TK13,TK14	DEL	TK91,TK92	DEL	2	2
ENSG00000245768	ENSG00000245768	Shared	TK13,TK14	DEL	TK10,TK18	DEL	2	2
ENSG00000247903	ENSG00000247903	Shared	TK13	DEL	TK10,TK91,TK92	DEL	1	3
ENSG00000248165	ENSG00000248165	Shared	TK13,TK14	DEL	TK12,TK91	DEL	2	2
ENSG00000248791	ENSG00000248791	Shared	TK13,TK14,TK16	DEL	TK18	DEL	3	1
ENSG00000249829	ENSG00000249829	Shared	TK14	DEL	TK91,TK92,TK93	DEL	1	3
ENSG00000250330	ENSG00000250330	Shared	TK14	DEL	TK91,TK92,TK93	DEL	1	3
ENSG00000250568	ENSG00000250568	Shared	TK13,TK14,TK16	DEL	TK18	DEL	3	1
ENSG00000250614	ENSG00000250614	Shared	TK14	DEL	TK91,TK92,TK93	DEL	1	3
ENSG00000254131	ENSG00000254131	Shared	TK13,TK14,TK16	DEL	TK10	DEL	3	1
ENSG00000254165	ENSG00000254165	Shared	TK13,TK14,TK16	DEL	TK10	DEL	3	1
ENSG00000254170	ENSG00000254170	Shared	TK14	DEL	TK91,TK92,TK93	DEL	1	3
ENSG00000254263	ENSG00000254263	Shared	TK13,TK14,TK16	DEL	TK10	DEL	3	1
ENSG00000254310	ENSG00000254310	Shared	TK14	DEL	TK91,TK92,TK93	DEL	1	3
ENSG00000254428	ENSG00000254428	Shared	TK13,TK14	DEL	TK18,TK92	DEL	2	2
ENSG00000254447	ENSG00000254447	Shared	TK13	DEL	TK91,TK92,TK93	DEL	1	3
ENSG00000254610	ENSG00000254610	Shared	TK13	DEL	TK91,TK92,TK93	DEL	1	3
ENSG00000254792	ENSG00000254792	Shared	TK13	DEL	TK91,TK92,TK93	DEL	1	3
ENSG00000254850	ENSG00000254850	Shared	TK13	DEL	TK91,TK92,TK93	DEL	1	3
ENSG00000254883	ENSG00000254883	Shared	TK13	DEL	TK91,TK92,TK93	DEL	1	3
ENSG00000254909	ENSG00000254909	Shared	TK13,TK14	DEL	TK18,TK92	DEL	2	2
ENSG00000255114	ENSG00000255114	Shared	TK13,TK14	DEL	TK18,TK92	DEL	2	2
ENSG00000255252	ENSG00000255252	Shared	TK13,TK16	DEL	TK18,TK91	DEL	2	2
ENSG00000255580	ENSG00000255580	Shared	TK13,TK14	DEL	TK10,TK18	DEL	2	2
ENSG00000256705	ENSG00000256705	Shared	TK13,TK14	DEL	TK10,TK18	DEL	2	2
ENSG00000256972	ENSG00000256972	Shared	TK13,TK14	DEL	TK10,TK18	DEL	2	2
ENSG00000257000	ENSG00000257000	Shared	TK14	DEL	TK91,TK92,TK93	DEL	1	3
ENSG00000257310	ENSG00000257310	Shared	TK13,TK14	DEL	TK10,TK18	DEL	2	2
ENSG00000257511	ENSG00000257511	Shared	TK13,TK14	DEL	TK18,TK91	DEL	2	2
ENSG00000258101	ENSG00000258101	Shared	TK13,TK14,TK16	DEL	TK10	DEL	3	1
ENSG00000258581	ENSG00000258581	Shared	TK16	DEL	TK10,TK18,TK92	DEL	1	3
ENSG00000259238	ENSG00000259238	Shared	TK13,TK14,TK16	DEL	TK18	DEL	3	1
ENSG00000259277	ENSG00000259277	Shared	TK13,TK14	DEL	TK12,TK18	DEL	2	2
ENSG00000259732	ENSG00000259732	Shared	TK13,TK14,TK16	DEL	TK10	DEL	3	1
ENSG00000260092	ENSG00000260092	Shared	TK14	DEL	TK91,TK92,TK93	DEL	1	3
ENSG00000261266	ENSG00000261266	Shared	TK16	DEL	TK10,TK18,TK92	DEL	1	3
ENSG00000261717	ENSG00000261717	Shared	TK13,TK14,TK16	DEL	TK18	DEL	3	1
ENSG00000261770	ENSG00000261770	Shared	TK13,TK14,TK16	DEL	TK12	DEL	3	1
ENSG00000261819	ENSG00000261819	Shared	TK13,TK14	DEL	TK10,TK18	DEL	2	2
ENSG00000262633	ENSG00000262633	Shared	TK13	DEL	TK91,TK92,TK93	DEL	1	3
ENSG00000262721	ENSG00000262721	Shared	TK16	DEL	TK10,TK12,TK18	DEL	1	3
ENSG00000263272	ENSG00000263272	Shared	TK13,TK14	DEL	TK10,TK18	DEL	2	2
ENSG00000263847	ENSG00000263847	Shared	TK14	DEL	TK18,TK91,TK92	DEL	1	3
ENSG00000265257	ENSG00000265257	Shared	TK14	DEL	TK18,TK91,TK92	DEL	1	3
ENSG00000266490	ENSG00000266490	Shared	TK13,TK14	DEL	TK91,TK92	DEL	2	2
ENSG00000267089	ENSG00000267089	Shared	TK14	DEL	TK91,TK92,TK93	DEL	1	3
ENSG00000267141	ENSG00000267141	Shared	TK13,TK14,TK16	DEL	TK18	DEL	3	1
ENSG00000267430	ENSG00000267430	Shared	TK13,TK14,TK16	DEL	TK18	DEL	3	1
ENSG00000267523	ENSG00000267523	Shared	TK13,TK16	DEL	TK10,TK18	DEL	2	2
ENSG00000268107	ENSG00000268107	Shared	TK13	DEL	TK91,TK92,TK93	DEL	1	3
ENSG00000268201	ENSG00000268201	Shared	TK13,TK14,TK16	DEL	TK91	DEL	3	1
ENSG00000268750	ENSG00000268750	Shared	TK14	DEL	TK91,TK92,TK93	DEL	1	3
ENSG00000268870	ENSG00000268870	Shared	TK14	DEL	TK91,TK92,TK93	DEL	1	3
ENSG00000269161	ENSG00000269161	Shared	TK16	DEL	TK12,TK91,TK92	DEL	1	3
ENSG00000269191	ENSG00000269191	Shared	TK16	DEL	TK10,TK18,TK93	DEL	1	3
ENSG00000269444	ENSG00000269444	Shared	TK13,TK14,TK16	DEL	TK18	DEL	3	1
ENSG00000269504	ENSG00000269504	Shared	TK13,TK14	DEL	TK91,TK92	DEL	2	2
ENSG00000269749	ENSG00000269749	Shared	TK13	DEL	TK91,TK92,TK93	DEL	1	3
ENSG00000269794	ENSG00000269794	Shared	TK13,TK14,TK16	DEL	TK91	DEL	3	1
ENSG00000271267	ENSG00000271267	Shared	TK14	DEL	TK91,TK92,TK93	DEL	1	3
ENSG00000271632	ENSG00000271632	Shared	TK13,TK14	DEL	TK10,TK18	DEL	2	2
ENSG00000271754	ENSG00000271754	Shared	TK13,TK14	DEL	TK10,TK92	DEL	2	2
ENSG00000274105	ENSG00000274105	Shared	TK13,TK14	DEL	TK18,TK91	DEL	2	2
ENSG00000274670	ENSG00000274670	Shared	TK14	DEL	TK91,TK92,TK93	DEL	1	3
ENSG00000275665	ENSG00000275665	Shared	TK16	DEL	TK10,TK12,TK18	DEL	1	3
ENSG00000275910	ENSG00000275910	Shared	TK13,TK14	DEL	TK10,TK18	DEL	2	2
ENSG00000276148	ENSG00000276148	Shared	TK13,TK14	DEL	TK18,TK91	DEL	2	2
ENSG00000276250	ENSG00000276250	Shared	TK13,TK16	DEL	TK91,TK92	DEL	2	2
ENSG00000277128	ENSG00000277128	Shared	TK13	DEL	TK10,TK18,TK91	DEL	1	3
ENSG00000277252	ENSG00000277252	Shared	TK13,TK14	DEL	TK10,TK18	DEL	2	2
ENSG00000277290	ENSG00000277290	Shared	TK13,TK14,TK16	DEL	TK10	DEL	3	1
ENSG00000278133	ENSG00000278133	Shared	TK13,TK14	DEL	TK10,TK18	DEL	2	2
ENSG00000278897	ENSG00000278897	Shared	TK14	DEL	TK91,TK92,TK93	DEL	1	3
ENSG00000279377	ENSG00000279377	Shared	TK13,TK14	DEL	TK91,TK92	DEL	2	2
ENSG00000279413	ENSG00000279413	Shared	TK14	DEL	TK91,TK92,TK93	DEL	1	3
ENSG00000279632	ENSG00000279632	Shared	TK13,TK14	DEL	TK10,TK18	DEL	2	2
ENSG00000279640	ENSG00000279640	Shared	TK14	DEL	TK91,TK92,TK93	DEL	1	3
ENSG00000282143	ENSG00000282143	Shared	TK16	DEL	TK10,TK92,TK93	DEL	1	3
ENSG00000283464	ENSG00000283464	Shared	TK13,TK14,TK16	DEL	TK10	DEL	3	1
ENSG00000283704	ENSG00000283704	Shared	TK13,TK14	DEL	TK18,TK92	DEL	2	2
ENSG00000284171	ENSG00000284171	Shared	TK13,TK14	DEL	TK91,TK92	DEL	2	2
ENSG00000285728	ENSG00000285728	Shared	TK13,TK14	DEL	TK10,TK18	DEL	2	2
ENSG00000285827	ENSG00000285827	Shared	TK14,TK16	DEL	TK10,TK18	DEL	2	2
ENSG00000285979	ENSG00000285979	Shared	TK13,TK14,TK16	DEL	TK18	DEL	3	1
ENSG00000286808	ENSG00000286808	Shared	TK13,TK14	DEL	TK91,TK92	DEL	2	2
ENSG00000287168	ENSG00000287168	Shared	TK14	DEL	TK91,TK92,TK93	DEL	1	3
ENSG00000287724	ENSG00000287724	Shared	TK13,TK14	DEL	TK10,TK18	DEL	2	2
ENSG00000287897	ENSG00000287897	Shared	TK13,TK14	DEL	TK10,TK18	DEL	2	2
ENSG00000288529	ENSG00000288529	Shared	TK13,TK14	DEL	TK10,TK18	DEL	2	2
ENSG00000288678	ENSG00000288678	Shared	TK13,TK14	DEL	TK10,TK12	DEL	2	2
ENSG00000288838	ENSG00000288838	Shared	TK14	DEL	TK91,TK92,TK93	DEL	1	3
ENSG00000289598	ENSG00000289598	Shared	TK13,TK14,TK16	DEL	TK10	DEL	3	1
ENSG00000289758	ENSG00000289758	Shared	TK16	DEL	TK10,TK12,TK18	DEL	1	3
ENSG00000289891	ENSG00000289891	Shared	TK13,TK14	DEL	TK10,TK18	DEL	2	2
ENSG00000290391	ENSG00000290391	Shared	TK13,TK14	DEL	TK10,TK92	DEL	2	2
ENSG00000290596	ENSG00000290596	Shared	TK13,TK14	DEL	TK91,TK92	DEL	2	2
ENSG00000290599	ENSG00000290599	Shared	TK13,TK14	DEL	TK91,TK92	DEL	2	2
ENSG00000290602	ENSG00000290602	Shared	TK14	DEL	TK91,TK92,TK93	DEL	1	3
ENSG00000290802	ENSG00000290802	Shared	TK13,TK14	DEL	TK10,TK12	DEL	2	2
ENSG00000290995	ENSG00000290995	Shared	TK13	DEL	TK91,TK92,TK93	DEL	1	3
ENSG00000291051	ENSG00000291051	Shared	TK14	DEL	TK91,TK92,TK93	DEL	1	3
ENSG00000291171	ENSG00000291171	Shared	TK14	DEL	TK91,TK92,TK93	DEL	1	3
ENSG00000185684	EP400P1	Shared	TK14	DEL	TK91,TK92,TK93	DEL	1	3
ENSG00000104884	ERCC2	Shared	TK13	DEL	TK10,TK18,TK92	DEL	1	3
ENSG00000117868	ESYT2	Shared	TK13,TK14	DEL	TK10,TK18	DEL	2	2
ENSG00000171503	ETFDH	Shared	TK13,TK14,TK16	DEL	TK10	DEL	3	1
ENSG00000255147	EVA1CP4	Shared	TK13	DEL	TK91,TK92,TK93	DEL	1	3
ENSG00000288722	F8A1	Shared	TK13	DEL	TK10,TK91,TK92	DEL	1	3
ENSG00000288709	F8A2	Shared	TK14	DEL	TK10,TK91,TK93	DEL	1	3
ENSG00000035141	FAM136A	Shared	TK16	DEL	TK10,TK12,TK18	DEL	1	3
ENSG00000286025	FAM246C	Shared	TK14	DEL	TK10,TK91,TK92	DEL	1	3
ENSG00000290994	FAM86C2P	Shared	TK13	DEL	TK91,TK92,TK93	DEL	1	3
ENSG00000226007	FAM88F	Shared	TK14	DEL	TK91,TK92,TK93	DEL	1	3
ENSG00000144554	FANCD2	Shared	TK14	DEL	TK91,TK92,TK93	DEL	1	3
ENSG00000140525	FANCI	Shared	TK13,TK14,TK16	DEL	TK18	DEL	3	1
ENSG00000178162	FAR2P2	Shared	TK13,TK14	DEL	TK91,TK92	DEL	2	2
ENSG00000179115	FARSA	Shared	TK16	DEL	TK91,TK92,TK93	DEL	1	3
ENSG00000118564	FBXL5	Shared	TK13,TK14,TK16	DEL	TK18	DEL	3	1
ENSG00000106336	FBXO24	Shared	TK13	DEL	TK12,TK18,TK93	DEL	1	3
ENSG00000164117	FBXO8	Shared	TK14,TK16	DEL	TK18,TK93	DEL	2	2
ENSG00000132704	FCRL2	Shared	TK13	DEL	TK10,TK91,TK92	DEL	1	3
ENSG00000269304	FKBP1AP1	Shared	TK14	DEL	TK91,TK92,TK93	DEL	1	3
ENSG00000235256	FKBP4P7	Shared	TK14	DEL	TK91,TK92,TK93	DEL	1	3
ENSG00000077800	FKBP6	Shared	TK13	DEL	TK91,TK92,TK93	DEL	1	3
ENSG00000122642	FKBP9	Shared	TK13	DEL	TK91,TK92,TK93	DEL	1	3
ENSG00000109920	FNBP4	Shared	TK13,TK14	DEL	TK18,TK93	DEL	2	2
ENSG00000149531	FRG1BP	Shared	TK13,TK14	DEL	TK10,TK18	DEL	2	2
ENSG00000213453	FTH1P3	Shared	TK13,TK14	DEL	TK10,TK92	DEL	2	2
ENSG00000242992	FTH1P4	Shared	TK13,TK14,TK16	DEL	TK10	DEL	3	1
ENSG00000089327	FXYD5	Shared	TK13,TK16	DEL	TK10,TK18	DEL	2	2
ENSG00000160211	G6PD	Shared	TK13,TK14,TK16	DEL	TK10	DEL	3	1
ENSG00000178950	GAK	Shared	TK13,TK14,TK16	DEL	TK10	DEL	3	1
ENSG00000158089	GALNT14	Shared	TK13,TK14	DEL	TK10,TK18	DEL	2	2
ENSG00000100116	GCAT	Shared	TK13,TK14,TK16	DEL	TK10	DEL	3	1
ENSG00000103365	GGA2	Shared	TK13,TK14,TK16	DEL	TK10	DEL	3	1
ENSG00000119392	GLE1	Shared	TK16	DEL	TK91,TK92,TK93	DEL	1	3
ENSG00000090863	GLG1	Shared	TK13,TK16	DEL	TK10,TK18	DEL	2	2
ENSG00000124767	GLO1	Shared	TK13,TK14	DEL	TK10,TK18	DEL	2	2
ENSG00000112699	GMDS	Shared	TK13,TK14	DEL	TK10,TK18	DEL	2	2
ENSG00000112312	GMNN	Shared	TK13,TK16	DEL	TK18,TK93	DEL	2	2
ENSG00000167110	GOLGA2	Shared	TK13,TK14,TK16	DEL	TK10	DEL	3	1
ENSG00000047932	GOPC	Shared	TK14	DEL	TK91,TK92,TK93	DEL	1	3
ENSG00000158669	GPAT4	Shared	TK13,TK14,TK16	DEL	TK10	DEL	3	1
ENSG00000159592	GPBP1L1	Shared	TK13,TK14	DEL	TK10,TK18	DEL	2	2
ENSG00000166123	GPT2	Shared	TK13,TK14	DEL	TK10,TK18	DEL	2	2
ENSG00000173020	GRK2	Shared	TK13,TK14	DEL	TK10,TK91	DEL	2	2
ENSG00000132463	GRSF1	Shared	TK16	DEL	TK10,TK12,TK18	DEL	1	3
ENSG00000138780	GSTCD	Shared	TK14	DEL	TK18,TK92,TK93	DEL	1	3
ENSG00000125651	GTF2F1	Shared	TK13,TK14,TK16	DEL	TK18	DEL	3	1
ENSG00000145736	GTF2H2	Shared	TK16	DEL	TK91,TK92,TK93	DEL	1	3
ENSG00000122034	GTF3A	Shared	TK13,TK16	DEL	TK10,TK12	DEL	2	2
ENSG00000138867	GUCD1	Shared	TK13,TK14	DEL	TK10,TK18	DEL	2	2
ENSG00000124635	H2BC11	Shared	TK13	DEL	TK91,TK92,TK93	DEL	1	3
ENSG00000170445	HARS1	Shared	TK13,TK14	DEL	TK91,TK92	DEL	2	2
ENSG00000229142	HCG4P8	Shared	TK14	DEL	TK10,TK91,TK92	DEL	1	3
ENSG00000196591	HDAC2	Shared	TK13,TK14,TK16	DEL	TK18	DEL	3	1
ENSG00000213614	HEXA	Shared	TK13,TK14	DEL	TK10,TK12	DEL	2	2
ENSG00000169567	HINT1	Shared	TK13,TK16	DEL	TK10,TK18	DEL	2	2
ENSG00000256269	HMBS	Shared	TK16	DEL	TK10,TK12,TK18	DEL	1	3
ENSG00000122566	HNRNPA2B1	Shared	TK16	DEL	TK12,TK91,TK93	DEL	1	3
ENSG00000092199	HNRNPC	Shared	TK13,TK14	DEL	TK91,TK92	DEL	2	2
ENSG00000169813	HNRNPF	Shared	TK13,TK14,TK16	DEL	TK18	DEL	3	1
ENSG00000228966	HOMER2P1	Shared	TK13,TK14,TK16	DEL	TK10	DEL	3	1
ENSG00000238275	HOMER2P2	Shared	TK13,TK14,TK16	DEL	TK10	DEL	3	1
ENSG00000127483	HP1BP3	Shared	TK13,TK14	DEL	TK91,TK92	DEL	2	2
ENSG00000163755	HPS3	Shared	TK13,TK14	DEL	TK91,TK92	DEL	2	2
ENSG00000132196	HSD17B7	Shared	TK13,TK14	DEL	TK10,TK18	DEL	2	2
ENSG00000025156	HSF2	Shared	TK13,TK14	DEL	TK10,TK18	DEL	2	2
ENSG00000086758	HUWE1	Shared	TK13	DEL	TK91,TK92,TK93	DEL	1	3
ENSG00000067704	IARS2	Shared	TK13,TK14,TK16	DEL	TK10	DEL	3	1
ENSG00000090339	ICAM1	Shared	TK13,TK14,TK16	DEL	TK18	DEL	3	1
ENSG00000116237	ICMT	Shared	TK14	DEL	TK12,TK18,TK92	DEL	1	3
ENSG00000249624	IFNAR2-IL10RB	Shared	TK13,TK14	DEL	TK10,TK18	DEL	2	2
ENSG00000214706	IFRD2	Shared	TK13,TK14	DEL	TK92,TK93	DEL	2	2
ENSG00000211950	IGHV1-24	Shared	TK13,TK14,TK16	DEL	TK10	DEL	3	1
ENSG00000211961	IGHV1-45	Shared	TK13,TK14,TK16	DEL	TK10	DEL	3	1
ENSG00000211962	IGHV1-46	Shared	TK13,TK14,TK16	DEL	TK10	DEL	3	1
ENSG00000211951	IGHV2-26	Shared	TK13,TK14,TK16	DEL	TK10	DEL	3	1
ENSG00000211946	IGHV3-20	Shared	TK13,TK14,TK16	DEL	TK10	DEL	3	1
ENSG00000211947	IGHV3-21	Shared	TK13,TK14,TK16	DEL	TK10	DEL	3	1
ENSG00000253957	IGHV3-22	Shared	TK13,TK14,TK16	DEL	TK10	DEL	3	1
ENSG00000211949	IGHV3-23	Shared	TK13,TK14,TK16	DEL	TK10	DEL	3	1
ENSG00000253441	IGHV3-25	Shared	TK13,TK14,TK16	DEL	TK10	DEL	3	1
ENSG00000270474	IGHV3-29	Shared	TK13,TK14,TK16	DEL	TK10	DEL	3	1
ENSG00000270550	IGHV3-30	Shared	TK13,TK14,TK16	DEL	TK10	DEL	3	1
ENSG00000253587	IGHV3-30-2	Shared	TK13,TK14,TK16	DEL	TK10	DEL	3	1
ENSG00000254289	IGHV3-32	Shared	TK13,TK14,TK16	DEL	TK10	DEL	3	1
ENSG00000211955	IGHV3-33	Shared	TK13,TK14,TK16	DEL	TK10	DEL	3	1
ENSG00000253440	IGHV3-33-2	Shared	TK13,TK14,TK16	DEL	TK10	DEL	3	1
ENSG00000211957	IGHV3-35	Shared	TK13,TK14,TK16	DEL	TK10	DEL	3	1
ENSG00000253240	IGHV3-36	Shared	TK13,TK14,TK16	DEL	TK10	DEL	3	1
ENSG00000253359	IGHV3-37	Shared	TK13,TK14,TK16	DEL	TK10	DEL	3	1
ENSG00000211958	IGHV3-38	Shared	TK13,TK14,TK16	DEL	TK10	DEL	3	1
ENSG00000278473	IGHV3-41	Shared	TK13,TK14,TK16	DEL	TK10	DEL	3	1
ENSG00000254228	IGHV3-42	Shared	TK13,TK14,TK16	DEL	TK10	DEL	3	1
ENSG00000232216	IGHV3-43	Shared	TK13,TK14,TK16	DEL	TK10	DEL	3	1
ENSG00000229092	IGHV3-47	Shared	TK13,TK14,TK16	DEL	TK10	DEL	3	1
ENSG00000211964	IGHV3-48	Shared	TK13,TK14,TK16	DEL	TK10	DEL	3	1
ENSG00000211965	IGHV3-49	Shared	TK13,TK14,TK16	DEL	TK10	DEL	3	1
ENSG00000253241	IGHV3-50	Shared	TK13,TK14,TK16	DEL	TK10	DEL	3	1
ENSG00000253545	IGHV3-52	Shared	TK13,TK14,TK16	DEL	TK10	DEL	3	1
ENSG00000211967	IGHV3-53	Shared	TK13,TK14,TK16	DEL	TK10	DEL	3	1
ENSG00000275475	IGHV3-54	Shared	TK13,TK14,TK16	DEL	TK10	DEL	3	1
ENSG00000211952	IGHV4-28	Shared	TK13,TK14,TK16	DEL	TK10	DEL	3	1
ENSG00000231475	IGHV4-31	Shared	TK13,TK14,TK16	DEL	TK10	DEL	3	1
ENSG00000211956	IGHV4-34	Shared	TK13,TK14,TK16	DEL	TK10	DEL	3	1
ENSG00000211959	IGHV4-39	Shared	TK13,TK14,TK16	DEL	TK10	DEL	3	1
ENSG00000254395	IGHV4-55	Shared	TK13,TK14,TK16	DEL	TK10	DEL	3	1
ENSG00000211966	IGHV5-51	Shared	TK13,TK14,TK16	DEL	TK10	DEL	3	1
ENSG00000254326	IGHV7-27	Shared	TK13,TK14,TK16	DEL	TK10	DEL	3	1
ENSG00000253325	IGHV7-34-1	Shared	TK13,TK14,TK16	DEL	TK10	DEL	3	1
ENSG00000253467	IGHV7-40	Shared	TK13,TK14,TK16	DEL	TK10	DEL	3	1
ENSG00000254167	IGHV8-51-1	Shared	TK13,TK14,TK16	DEL	TK10	DEL	3	1
ENSG00000253345	IGHVII-22-1	Shared	TK13,TK14,TK16	DEL	TK10	DEL	3	1
ENSG00000253482	IGHVII-26-2	Shared	TK13,TK14,TK16	DEL	TK10	DEL	3	1
ENSG00000253149	IGHVII-28-1	Shared	TK13,TK14,TK16	DEL	TK10	DEL	3	1
ENSG00000253491	IGHVII-30-1	Shared	TK13,TK14,TK16	DEL	TK10	DEL	3	1
ENSG00000283607	IGHVII-30-21	Shared	TK13,TK14,TK16	DEL	TK10	DEL	3	1
ENSG00000254203	IGHVII-33-1	Shared	TK13,TK14,TK16	DEL	TK10	DEL	3	1
ENSG00000253294	IGHVII-40-1	Shared	TK13,TK14,TK16	DEL	TK10	DEL	3	1
ENSG00000283195	IGHVII-43-1	Shared	TK13,TK14,TK16	DEL	TK10	DEL	3	1
ENSG00000253895	IGHVII-44-2	Shared	TK13,TK14,TK16	DEL	TK10	DEL	3	1
ENSG00000253808	IGHVII-46-1	Shared	TK13,TK14,TK16	DEL	TK10	DEL	3	1
ENSG00000253386	IGHVII-49-1	Shared	TK13,TK14,TK16	DEL	TK10	DEL	3	1
ENSG00000253941	IGHVII-51-2	Shared	TK13,TK14,TK16	DEL	TK10	DEL	3	1
ENSG00000253714	IGHVII-53-1	Shared	TK13,TK14,TK16	DEL	TK10	DEL	3	1
ENSG00000254045	IGHVIII-22-2	Shared	TK13,TK14,TK16	DEL	TK10	DEL	3	1
ENSG00000253367	IGHVIII-25-1	Shared	TK13,TK14,TK16	DEL	TK10	DEL	3	1
ENSG00000253462	IGHVIII-26-1	Shared	TK13,TK14,TK16	DEL	TK10	DEL	3	1
ENSG00000253989	IGHVIII-38-1	Shared	TK13,TK14,TK16	DEL	TK10	DEL	3	1
ENSG00000283562	IGHVIII-44	Shared	TK13,TK14,TK16	DEL	TK10	DEL	3	1
ENSG00000253862	IGHVIII-47-1	Shared	TK13,TK14,TK16	DEL	TK10	DEL	3	1
ENSG00000253465	IGHVIV-44-1	Shared	TK13,TK14,TK16	DEL	TK10	DEL	3	1
ENSG00000240864	IGKV1-16	Shared	TK13,TK14,TK16	DEL	TK12	DEL	3	1
ENSG00000240382	IGKV1-17	Shared	TK13,TK14,TK16	DEL	TK12	DEL	3	1
ENSG00000211633	IGKV1D-42	Shared	TK13,TK14	DEL	TK10,TK12	DEL	2	2
ENSG00000242580	IGKV1D-43	Shared	TK13,TK14	DEL	TK10,TK12	DEL	2	2
ENSG00000239819	IGKV1D-8	Shared	TK13,TK14	DEL	TK10,TK12	DEL	2	2
ENSG00000253265	IGKV2-14	Shared	TK13,TK14,TK16	DEL	TK12	DEL	3	1
ENSG00000254157	IGKV2-18	Shared	TK13,TK14,TK16	DEL	TK12	DEL	3	1
ENSG00000253732	IGKV2-19	Shared	TK13,TK14,TK16	DEL	TK12	DEL	3	1
ENSG00000253906	IGKV2D-10	Shared	TK13,TK14	DEL	TK10,TK12	DEL	2	2
ENSG00000254220	IGKV2D-18	Shared	TK13,TK14,TK16	DEL	TK10	DEL	3	1
ENSG00000253765	IGKV2D-19	Shared	TK13,TK14,TK16	DEL	TK10	DEL	3	1
ENSG00000244437	IGKV3-15	Shared	TK13,TK14,TK16	DEL	TK12	DEL	3	1
ENSG00000211632	IGKV3D-11	Shared	TK13,TK14	DEL	TK10,TK12	DEL	2	2
ENSG00000211625	IGKV3D-20	Shared	TK13,TK14,TK16	DEL	TK10	DEL	3	1
ENSG00000228325	IGKV3D-7	Shared	TK13,TK14	DEL	TK10,TK12	DEL	2	2
ENSG00000211645	IGLV1-50	Shared	TK16	DEL	TK91,TK92,TK93	DEL	1	3
ENSG00000223350	IGLV9-49	Shared	TK16	DEL	TK91,TK92,TK93	DEL	1	3
ENSG00000269335	IKBKG	Shared	TK13,TK14,TK16	DEL	TK10	DEL	3	1
ENSG00000104998	IL27RA	Shared	TK13,TK14	DEL	TK92,TK93	DEL	2	2
ENSG00000160712	IL6R	Shared	TK13,TK14,TK16	DEL	TK92	DEL	3	1
ENSG00000166333	ILK	Shared	TK16	DEL	TK10,TK12,TK18	DEL	1	3
ENSG00000169592	INO80E	Shared	TK16	DEL	TK10,TK18,TK91	DEL	1	3
ENSG00000118308	IRAG2	Shared	TK13,TK14	DEL	TK10,TK18	DEL	2	2
ENSG00000063241	ISOC2	Shared	TK16	DEL	TK91,TK92,TK93	DEL	1	3
ENSG00000228261	ITPRIP-AS1	Shared	TK14,TK16	DEL	TK10,TK18	DEL	2	2
ENSG00000162434	JAK1	Shared	TK13,TK14	DEL	TK91,TK92	DEL	2	2
ENSG00000152409	JMY	Shared	TK14	DEL	TK91,TK92,TK93	DEL	1	3
ENSG00000100221	JOSD1	Shared	TK14,TK16	DEL	TK18,TK93	DEL	2	2
ENSG00000173801	JUP	Shared	TK13	DEL	TK18,TK91,TK93	DEL	1	3
ENSG00000140854	KATNB1	Shared	TK13,TK14	DEL	TK91,TK93	DEL	2	2
ENSG00000136636	KCTD3	Shared	TK13,TK14	DEL	TK10,TK93	DEL	2	2
ENSG00000127663	KDM4B	Shared	TK13,TK14	DEL	TK18,TK92	DEL	2	2
ENSG00000129911	KLF16	Shared	TK13,TK14,TK16	DEL	TK18	DEL	3	1
ENSG00000230646	KLF2P2	Shared	TK13,TK14	DEL	TK91,TK92	DEL	2	2
ENSG00000183955	KMT5A	Shared	TK13,TK16	DEL	TK18,TK91	DEL	2	2
ENSG00000102753	KPNA3	Shared	TK13,TK14,TK16	DEL	TK18	DEL	3	1
ENSG00000263766	KPNB1-DT	Shared	TK13,TK16	DEL	TK10,TK91	DEL	2	2
ENSG00000136167	LCP1	Shared	TK13,TK16	DEL	TK12,TK18	DEL	2	2
ENSG00000167615	LENG8	Shared	TK13,TK14	DEL	TK10,TK93	DEL	2	2
ENSG00000100600	LGMN	Shared	TK13,TK14	DEL	TK10,TK12	DEL	2	2
ENSG00000266978	LIMASI	Shared	TK13,TK16	DEL	TK10,TK18	DEL	2	2
ENSG00000270816	LINC00221	Shared	TK13,TK14,TK16	DEL	TK10	DEL	3	1
ENSG00000276210	LINC00226	Shared	TK13,TK14,TK16	DEL	TK10	DEL	3	1
ENSG00000261824	LINC00662	Shared	TK13,TK14,TK16	DEL	TK12	DEL	3	1
ENSG00000238113	LINC01410	Shared	TK14	DEL	TK91,TK92,TK93	DEL	1	3
ENSG00000224899	LINC02830	Shared	TK13	DEL	TK91,TK92,TK93	DEL	1	3
ENSG00000168216	LMBRD1	Shared	TK13,TK14,TK16	DEL	TK18	DEL	3	1
ENSG00000102910	LONP2	Shared	TK16	DEL	TK10,TK18,TK92	DEL	1	3
ENSG00000111684	LPCAT3	Shared	TK13,TK14	DEL	TK10,TK18	DEL	2	2
ENSG00000110031	LPXN	Shared	TK13,TK14	DEL	TK91,TK92	DEL	2	2
ENSG00000077454	LRCH4	Shared	TK13	DEL	TK12,TK18,TK93	DEL	1	3
ENSG00000163956	LRPAP1	Shared	TK16	DEL	TK10,TK12,TK18	DEL	1	3
ENSG00000238083	LRRC37A2	Shared	TK14	DEL	TK91,TK92,TK93	DEL	1	3
ENSG00000163428	LRRC58	Shared	TK13	DEL	TK18,TK91,TK93	DEL	1	3
ENSG00000170860	LSM3	Shared	TK13,TK14,TK16	DEL	TK10	DEL	3	1
ENSG00000283270	MALLP2	Shared	TK13,TK14	DEL	TK10,TK12	DEL	2	2
ENSG00000111885	MAN1A1	Shared	TK13,TK14	DEL	TK10,TK93	DEL	2	2
ENSG00000198162	MAN1A2	Shared	TK13	DEL	TK91,TK92,TK93	DEL	1	3
ENSG00000169032	MAP2K1	Shared	TK13,TK14,TK16	DEL	TK10	DEL	3	1
ENSG00000104814	MAP4K1	Shared	TK13,TK14,TK16	DEL	TK10	DEL	3	1
ENSG00000116871	MAP7D1	Shared	TK13,TK14,TK16	DEL	TK10	DEL	3	1
ENSG00000239503	MARK2P8	Shared	TK13,TK14,TK16	DEL	TK10	DEL	3	1
ENSG00000007047	MARK4	Shared	TK13,TK14,TK16	DEL	TK18	DEL	3	1
ENSG00000141644	MBD1	Shared	TK16	DEL	TK10,TK18,TK92	DEL	1	3
ENSG00000104738	MCM4	Shared	TK16	DEL	TK91,TK92,TK93	DEL	1	3
ENSG00000172366	MCRIP2	Shared	TK13,TK16	DEL	TK10,TK18	DEL	2	2
ENSG00000005059	MCUB	Shared	TK13,TK14,TK16	DEL	TK12	DEL	3	1
ENSG00000146701	MDH2	Shared	TK13,TK14,TK16	DEL	TK10	DEL	3	1
ENSG00000236595	MED15P5	Shared	TK13,TK14	DEL	TK91,TK92	DEL	2	2
ENSG00000223760	MED15P9	Shared	TK13,TK14	DEL	TK91,TK92	DEL	2	2
ENSG00000290707	MED15P9	Shared	TK13,TK14	DEL	TK91,TK92	DEL	2	2
ENSG00000156603	MED19	Shared	TK13,TK14,TK16	DEL	TK18	DEL	3	1
ENSG00000118579	MED28	Shared	TK13,TK14,TK16	DEL	TK10	DEL	3	1
ENSG00000108590	MED31	Shared	TK13,TK14,TK16	DEL	TK18	DEL	3	1
ENSG00000181588	MEX3D	Shared	TK13,TK14	DEL	TK10,TK93	DEL	2	2
ENSG00000140259	MFAP1	Shared	TK13,TK14,TK16	DEL	TK18	DEL	3	1
ENSG00000116688	MFN2	Shared	TK13,TK14	DEL	TK10,TK12	DEL	2	2
ENSG00000204516	MICB	Shared	TK13	DEL	TK91,TK92,TK93	DEL	1	3
ENSG00000164654	MIOS	Shared	TK13,TK14,TK16	DEL	TK18	DEL	3	1
ENSG00000221533	MIR1184-1	Shared	TK13	DEL	TK10,TK91,TK92	DEL	1	3
ENSG00000207779	MIR15B	Shared	TK13,TK14,TK16	DEL	TK18	DEL	3	1
ENSG00000198987	MIR16-2	Shared	TK13,TK14,TK16	DEL	TK18	DEL	3	1
ENSG00000207624	MIR194-1	Shared	TK13,TK14,TK16	DEL	TK10	DEL	3	1
ENSG00000238728	MIR1972-1	Shared	TK13,TK14	DEL	TK10,TK18	DEL	2	2
ENSG00000207590	MIR215	Shared	TK13,TK14,TK16	DEL	TK10	DEL	3	1
ENSG00000266751	MIR3661	Shared	TK13,TK14	DEL	TK10,TK92	DEL	2	2
ENSG00000283885	MIR3714	Shared	TK13,TK14,TK16	DEL	TK18	DEL	3	1
ENSG00000265510	MIR4436A	Shared	TK13,TK14	DEL	TK10,TK12	DEL	2	2
ENSG00000265092	MIR4484	Shared	TK13,TK14	DEL	TK12,TK18	DEL	2	2
ENSG00000264610	MIR4685	Shared	TK16	DEL	TK10,TK12,TK18	DEL	1	3
ENSG00000265981	MIR544B	Shared	TK13,TK14,TK16	DEL	TK18	DEL	3	1
ENSG00000212024	MIR550A3	Shared	TK13	DEL	TK91,TK92,TK93	DEL	1	3
ENSG00000275259	MIR6511A1	Shared	TK13,TK14	DEL	TK10,TK92	DEL	2	2
ENSG00000283772	MIR6778	Shared	TK13,TK14	DEL	TK10,TK18	DEL	2	2
ENSG00000276770	MIR6780B	Shared	TK13,TK14	DEL	TK10,TK93	DEL	2	2
ENSG00000278340	MIR6862-2	Shared	TK14	DEL	TK91,TK92,TK93	DEL	1	3
ENSG00000283899	MIR761	Shared	TK13,TK16	DEL	TK10,TK18	DEL	2	2
ENSG00000285508	MKKS	Shared	TK13,TK14,TK16	DEL	TK18	DEL	3	1
ENSG00000133606	MKRN1	Shared	TK14	DEL	TK91,TK92,TK93	DEL	1	3
ENSG00000130382	MLLT1	Shared	TK13,TK16	DEL	TK10,TK91	DEL	2	2
ENSG00000238151	MLLT10P1	Shared	TK13,TK14	DEL	TK10,TK18	DEL	2	2
ENSG00000275023	MLLT6	Shared	TK16	DEL	TK10,TK12,TK18	DEL	1	3
ENSG00000168288	MMADHC	Shared	TK13,TK16	DEL	TK18,TK92	DEL	2	2
ENSG00000172081	MOB3A	Shared	TK16	DEL	TK91,TK92,TK93	DEL	1	3
ENSG00000164172	MOCS2	Shared	TK13,TK14,TK16	DEL	TK18	DEL	3	1
ENSG00000242485	MRPL20	Shared	TK16	DEL	TK10,TK12,TK18	DEL	1	3
ENSG00000197345	MRPL21	Shared	TK13,TK14,TK16	DEL	TK18	DEL	3	1
ENSG00000172590	MRPL52	Shared	TK16	DEL	TK10,TK12,TK18	DEL	1	3
ENSG00000167862	MRPL58	Shared	TK13,TK14	DEL	TK10,TK18	DEL	2	2
ENSG00000186301	MST1P2	Shared	TK16	DEL	TK10,TK92,TK93	DEL	1	3
ENSG00000125459	MSTO1	Shared	TK14	DEL	TK91,TK92,TK93	DEL	1	3
ENSG00000232990	MTATP6P7	Shared	TK13,TK14	DEL	TK91,TK92	DEL	2	2
ENSG00000236211	MTCO1P7	Shared	TK13,TK14	DEL	TK91,TK92	DEL	2	2
ENSG00000230496	MTCO2P7	Shared	TK13,TK14	DEL	TK91,TK92	DEL	2	2
ENSG00000249997	MTCO3P7	Shared	TK13,TK14	DEL	TK91,TK92	DEL	2	2
ENSG00000233550	MTCYBP8	Shared	TK13,TK14	DEL	TK91,TK92	DEL	2	2
ENSG00000147649	MTDH	Shared	TK16	DEL	TK91,TK92,TK93	DEL	1	3
ENSG00000269615	MTDHP2	Shared	TK13,TK14	DEL	TK91,TK92	DEL	2	2
ENSG00000143033	MTF2	Shared	TK14	DEL	TK10,TK12,TK18	DEL	1	3
ENSG00000101181	MTG2	Shared	TK16	DEL	TK10,TK18,TK92	DEL	1	3
ENSG00000100714	MTHFD1	Shared	TK13,TK14	DEL	TK10,TK18	DEL	2	2
ENSG00000166912	MTMR10	Shared	TK13	DEL	TK91,TK92,TK93	DEL	1	3
ENSG00000087053	MTMR2	Shared	TK13,TK14,TK16	DEL	TK18	DEL	3	1
ENSG00000237722	MTND1P29	Shared	TK13,TK14	DEL	TK91,TK92	DEL	2	2
ENSG00000231954	MTND2P22	Shared	TK13,TK14	DEL	TK91,TK92	DEL	2	2
ENSG00000283940	MTND3P15	Shared	TK13,TK14	DEL	TK91,TK92	DEL	2	2
ENSG00000230548	MTND4P27	Shared	TK13,TK14	DEL	TK91,TK92	DEL	2	2
ENSG00000234934	MTND5P29	Shared	TK13,TK14	DEL	TK91,TK92	DEL	2	2
ENSG00000248136	MTND6P8	Shared	TK13,TK14	DEL	TK91,TK92	DEL	2	2
ENSG00000105887	MTPN	Shared	TK13,TK14,TK16	DEL	TK10	DEL	3	1
ENSG00000196535	MYO18A	Shared	TK13	DEL	TK91,TK92,TK93	DEL	1	3
ENSG00000278259	MYO19	Shared	TK13,TK14	DEL	TK18,TK91	DEL	2	2
ENSG00000274017	Metazoa_SRP	Shared	TK13,TK14,TK16	DEL	TK10	DEL	3	1
ENSG00000280502	Metazoa_SRP	Shared	TK13,TK14	DEL	TK18,TK92	DEL	2	2
ENSG00000105835	NAMPT	Shared	TK13,TK14	DEL	TK12,TK18	DEL	2	2
ENSG00000204272	NBDY	Shared	TK13,TK14,TK16	DEL	TK10	DEL	3	1
ENSG00000277710	NBEAP5	Shared	TK13	DEL	TK10,TK18,TK91	DEL	1	3
ENSG00000285990	NBEAP6	Shared	TK13,TK14	DEL	TK10,TK18	DEL	2	2
ENSG00000146918	NCAPG2	Shared	TK13,TK14	DEL	TK10,TK93	DEL	2	2
ENSG00000121152	NCAPH	Shared	TK13,TK14,TK16	DEL	TK18	DEL	3	1
ENSG00000070614	NDST1	Shared	TK13,TK16	DEL	TK10,TK18	DEL	2	2
ENSG00000147684	NDUFB9	Shared	TK13,TK14,TK16	DEL	TK18	DEL	3	1
ENSG00000204356	NELFE	Shared	TK13,TK14	DEL	TK92,TK93	DEL	2	2
ENSG00000145912	NHP2	Shared	TK16	DEL	TK10,TK12,TK18	DEL	1	3
ENSG00000135842	NIBAN1	Shared	TK13,TK14	DEL	TK10,TK18	DEL	2	2
ENSG00000155438	NIFK	Shared	TK13,TK16	DEL	TK10,TK18	DEL	2	2
ENSG00000140157	NIPA2	Shared	TK13,TK14,TK16	DEL	TK18	DEL	3	1
ENSG00000011052	NME1-NME2	Shared	TK13,TK14,TK16	DEL	TK10	DEL	3	1
ENSG00000213225	NOC2LP1	Shared	TK13,TK14	DEL	TK91,TK92	DEL	2	2
ENSG00000166197	NOLC1	Shared	TK16	DEL	TK18,TK92,TK93	DEL	1	3
ENSG00000259161	NPM1P20	Shared	TK13,TK14	DEL	TK10,TK18	DEL	2	2
ENSG00000260075	NSFP1	Shared	TK14	DEL	TK91,TK92,TK93	DEL	1	3
ENSG00000106268	NUDT1	Shared	TK13,TK14,TK16	DEL	TK18	DEL	3	1
ENSG00000143228	NUF2	Shared	TK13,TK14,TK16	DEL	TK18	DEL	3	1
ENSG00000139496	NUP58	Shared	TK13,TK14,TK16	DEL	TK10	DEL	3	1
ENSG00000198836	OPA1	Shared	TK14,TK16	DEL	TK10,TK93	DEL	2	2
ENSG00000285537	OR7E11P	Shared	TK13	DEL	TK91,TK92,TK93	DEL	1	3
ENSG00000235855	OR7E145P	Shared	TK13	DEL	TK91,TK92,TK93	DEL	1	3
ENSG00000255554	OR7E1P	Shared	TK13	DEL	TK91,TK92,TK93	DEL	1	3
ENSG00000070882	OSBPL3	Shared	TK13,TK14,TK16	DEL	TK18	DEL	3	1
ENSG00000125850	OVOL2	Shared	TK13,TK14,TK16	DEL	TK10	DEL	3	1
ENSG00000231707	PABPC1P1	Shared	TK13,TK14,TK16	DEL	TK18	DEL	3	1
ENSG00000172239	PAIP1	Shared	TK13	DEL	TK10,TK91,TK93	DEL	1	3
ENSG00000111845	PAK1IP1	Shared	TK13,TK14,TK16	DEL	TK18	DEL	3	1
ENSG00000180370	PAK2	Shared	TK13,TK14	DEL	TK18,TK92	DEL	2	2
ENSG00000175193	PARL	Shared	TK13,TK14,TK16	DEL	TK10	DEL	3	1
ENSG00000169116	PARM1	Shared	TK13,TK14	DEL	TK12,TK91	DEL	2	2
ENSG00000249717	PARM1-AS1	Shared	TK13,TK14	DEL	TK12,TK91	DEL	2	2
ENSG00000114054	PCCB	Shared	TK13,TK16	DEL	TK10,TK18	DEL	2	2
ENSG00000148843	PDCD11	Shared	TK14	DEL	TK91,TK92,TK93	DEL	1	3
ENSG00000065989	PDE4A	Shared	TK13,TK14	DEL	TK10,TK12	DEL	2	2
ENSG00000196923	PDLIM7	Shared	TK13,TK16	DEL	TK10,TK18	DEL	2	2
ENSG00000248996	PDLIM7-AS1	Shared	TK13,TK16	DEL	TK10,TK18	DEL	2	2
ENSG00000179889	PDXDC1	Shared	TK13,TK14	DEL	TK10,TK18	DEL	2	2
ENSG00000148985	PGAP2	Shared	TK13,TK14	DEL	TK92,TK93	DEL	2	2
ENSG00000087157	PGS1	Shared	TK13,TK14	DEL	TK10,TK18	DEL	2	2
ENSG00000257246	PHB1P19	Shared	TK13,TK14	DEL	TK18,TK93	DEL	2	2
ENSG00000244730	PHF5AP3	Shared	TK13,TK14	DEL	TK18,TK93	DEL	2	2
ENSG00000176531	PHLDB3	Shared	TK13,TK14	DEL	TK10,TK91	DEL	2	2
ENSG00000087111	PIGS	Shared	TK13,TK14	DEL	TK18,TK93	DEL	2	2
ENSG00000124155	PIGT	Shared	TK16	DEL	TK91,TK92,TK93	DEL	1	3
ENSG00000196455	PIK3R4	Shared	TK13	DEL	TK91,TK92,TK93	DEL	1	3
ENSG00000237399	PITRM1-AS1	Shared	TK13,TK14,TK16	DEL	TK10	DEL	3	1
ENSG00000204380	PKP4-AS1	Shared	TK13,TK16	DEL	TK10,TK18	DEL	2	2
ENSG00000226648	PLCG1-AS1	Shared	TK13,TK16	DEL	TK10,TK18	DEL	2	2
ENSG00000154822	PLCL2	Shared	TK13,TK14,TK16	DEL	TK18	DEL	3	1
ENSG00000105355	PLIN3	Shared	TK13,TK14	DEL	TK10,TK92	DEL	2	2
ENSG00000166851	PLK1	Shared	TK16	DEL	TK10,TK18,TK92	DEL	1	3
ENSG00000083444	PLOD1	Shared	TK13,TK14,TK16	DEL	TK18	DEL	3	1
ENSG00000140464	PML	Shared	TK13,TK14	DEL	TK10,TK12	DEL	2	2
ENSG00000100417	PMM1	Shared	TK13,TK14,TK16	DEL	TK18	DEL	3	1
ENSG00000138035	PNPT1	Shared	TK13,TK14,TK16	DEL	TK10	DEL	3	1
ENSG00000143442	POGZ	Shared	TK14	DEL	TK18,TK91,TK92	DEL	1	3
ENSG00000115350	POLE4	Shared	TK13,TK14,TK16	DEL	TK10	DEL	3	1
ENSG00000068654	POLR1A	Shared	TK13	DEL	TK10,TK92,TK93	DEL	1	3
ENSG00000161980	POLR3K	Shared	TK13,TK16	DEL	TK10,TK18	DEL	2	2
ENSG00000196604	POTEF	Shared	TK13,TK14	DEL	TK91,TK92	DEL	2	2
ENSG00000224087	POTEF-AS1	Shared	TK13,TK14	DEL	TK91,TK92	DEL	2	2
ENSG00000196834	POTEI	Shared	TK13,TK14	DEL	TK91,TK92	DEL	2	2
ENSG00000180817	PPA1	Shared	TK13,TK14,TK16	DEL	TK10	DEL	3	1
ENSG00000112033	PPARD	Shared	TK13,TK14	DEL	TK18,TK92	DEL	2	2
ENSG00000227379	PPIAP2	Shared	TK13,TK14,TK16	DEL	TK10	DEL	3	1
ENSG00000166794	PPIB	Shared	TK13,TK16	DEL	TK10,TK18	DEL	2	2
ENSG00000138398	PPIG	Shared	TK13,TK14,TK16	DEL	TK18	DEL	3	1
ENSG00000137713	PPP2R1B	Shared	TK13,TK14	DEL	TK18,TK92	DEL	2	2
ENSG00000175470	PPP2R2D	Shared	TK13,TK14	DEL	TK10,TK18	DEL	2	2
ENSG00000221817	PPP3CB-AS1	Shared	TK14,TK16	DEL	TK10,TK18	DEL	2	2
ENSG00000100239	PPP6R2	Shared	TK13,TK14,TK16	DEL	TK18	DEL	3	1
ENSG00000131238	PPT1	Shared	TK13,TK16	DEL	TK10,TK18	DEL	2	2
ENSG00000113593	PPWD1	Shared	TK13,TK16	DEL	TK10,TK18	DEL	2	2
ENSG00000130175	PRKCSH	Shared	TK13,TK16	DEL	TK10,TK18	DEL	2	2
ENSG00000160310	PRMT2	Shared	TK13,TK14	DEL	TK10,TK18	DEL	2	2
ENSG00000117360	PRPF3	Shared	TK13,TK14	DEL	TK10,TK18	DEL	2	2
ENSG00000105618	PRPF31	Shared	TK16	DEL	TK10,TK12,TK18	DEL	1	3
ENSG00000237017	PRPF31-AS1	Shared	TK16	DEL	TK10,TK12,TK18	DEL	1	3
ENSG00000185627	PSMD13	Shared	TK13,TK14,TK16	DEL	TK10	DEL	3	1
ENSG00000115233	PSMD14	Shared	TK13,TK14,TK16	DEL	TK10	DEL	3	1
ENSG00000228264	PSMD8P1	Shared	TK13,TK14,TK16	DEL	TK92	DEL	3	1
ENSG00000172775	PSME3IP1	Shared	TK13,TK14,TK16	DEL	TK18	DEL	3	1
ENSG00000119314	PTBP3	Shared	TK13,TK16	DEL	TK92,TK93	DEL	2	2
ENSG00000187514	PTMA	Shared	TK16	DEL	TK10,TK12,TK18	DEL	1	3
ENSG00000072135	PTPN18	Shared	TK13,TK14	DEL	TK91,TK92	DEL	2	2
ENSG00000132670	PTPRA	Shared	TK13,TK14,TK16	DEL	TK18	DEL	3	1
ENSG00000164611	PTTG1	Shared	TK13,TK16	DEL	TK10,TK18	DEL	2	2
ENSG00000134644	PUM1	Shared	TK13	DEL	TK91,TK92,TK93	DEL	1	3
ENSG00000249859	PVT1	Shared	TK13,TK14	DEL	TK10,TK12	DEL	2	2
ENSG00000136045	PWP1	Shared	TK13,TK14,TK16	DEL	TK10	DEL	3	1
ENSG00000135631	RAB11FIP5	Shared	TK13,TK14	DEL	TK91,TK92	DEL	2	2
ENSG00000119396	RAB14	Shared	TK13,TK14,TK16	DEL	TK10	DEL	3	1
ENSG00000236825	RAB28P2	Shared	TK14	DEL	TK91,TK92,TK93	DEL	1	3
ENSG00000099901	RANBP1	Shared	TK13,TK16	DEL	TK12,TK18	DEL	2	2
ENSG00000031823	RANBP3	Shared	TK13,TK16	DEL	TK10,TK91	DEL	2	2
ENSG00000010017	RANBP9	Shared	TK13,TK14	DEL	TK12,TK18	DEL	2	2
ENSG00000258769	RAP1AP	Shared	TK13,TK16	DEL	TK10,TK12	DEL	2	2
ENSG00000233297	RASA4DP	Shared	TK14	DEL	TK91,TK92,TK93	DEL	1	3
ENSG00000068028	RASSF1	Shared	TK13,TK16	DEL	TK10,TK18	DEL	2	2
ENSG00000125826	RBCK1	Shared	TK16	DEL	TK91,TK92,TK93	DEL	1	3
ENSG00000132819	RBM38	Shared	TK13,TK14,TK16	DEL	TK10	DEL	3	1
ENSG00000168214	RBPJ	Shared	TK16	DEL	TK10,TK18,TK92	DEL	1	3
ENSG00000234217	RBPJP7	Shared	TK14	DEL	TK91,TK92,TK93	DEL	1	3
ENSG00000266497	RDM1P2	Shared	TK14	DEL	TK91,TK92,TK93	DEL	1	3
ENSG00000187010	RHD	Shared	TK14	DEL	TK91,TK92,TK93	DEL	1	3
ENSG00000155366	RHOC	Shared	TK14	DEL	TK91,TK92,TK93	DEL	1	3
ENSG00000230756	RHOQP3	Shared	TK13,TK14	DEL	TK91,TK92	DEL	2	2
ENSG00000101782	RIOK3	Shared	TK13,TK16	DEL	TK10,TK18	DEL	2	2
ENSG00000265315	RN7SL199P	Shared	TK14	DEL	TK91,TK92,TK93	DEL	1	3
ENSG00000264293	RN7SL657P	Shared	TK16	DEL	TK10,TK12,TK18	DEL	1	3
ENSG00000244232	RN7SL698P	Shared	TK13,TK14,TK16	DEL	TK10	DEL	3	1
ENSG00000244218	RN7SL81P	Shared	TK13,TK14,TK16	DEL	TK18	DEL	3	1
ENSG00000252970	RNA5SP159	Shared	TK13,TK14,TK16	DEL	TK18	DEL	3	1
ENSG00000202474	RNA5SP283	Shared	TK14	DEL	TK91,TK92,TK93	DEL	1	3
ENSG00000070423	RNF126	Shared	TK13,TK14	DEL	TK10,TK18	DEL	2	2
ENSG00000155827	RNF20	Shared	TK13,TK16	DEL	TK18,TK91	DEL	2	2
ENSG00000263069	RNF213-AS1	Shared	TK16	DEL	TK12,TK91,TK92	DEL	1	3
ENSG00000207005	RNU1-2	Shared	TK16	DEL	TK10,TK92,TK93	DEL	1	3
ENSG00000207513	RNU1-3	Shared	TK16	DEL	TK10,TK92,TK93	DEL	1	3
ENSG00000252255	RNU2-35P	Shared	TK13,TK14	DEL	TK18,TK93	DEL	2	2
ENSG00000222808	RNU4-47P	Shared	TK13,TK14,TK16	DEL	TK18	DEL	3	1
ENSG00000272359	RNU4-89P	Shared	TK13,TK14	DEL	TK18,TK92	DEL	2	2
ENSG00000252223	RNU6-1049P	Shared	TK13,TK14	DEL	TK91,TK92	DEL	2	2
ENSG00000206709	RNU6-1080P	Shared	TK13	DEL	TK91,TK92,TK93	DEL	1	3
ENSG00000207185	RNU6-1157P	Shared	TK13,TK14,TK16	DEL	TK10	DEL	3	1
ENSG00000201298	RNU6-1164P	Shared	TK13,TK14,TK16	DEL	TK10	DEL	3	1
ENSG00000199824	RNU6-199P	Shared	TK13,TK14	DEL	TK18,TK93	DEL	2	2
ENSG00000251794	RNU6-237P	Shared	TK13,TK16	DEL	TK10,TK18	DEL	2	2
ENSG00000206587	RNU6-46P	Shared	TK13	DEL	TK91,TK92,TK93	DEL	1	3
ENSG00000252614	RNU6-807P	Shared	TK13,TK14	DEL	TK10,TK18	DEL	2	2
ENSG00000201955	RNY3P1	Shared	TK14	DEL	TK91,TK92,TK93	DEL	1	3
ENSG00000129197	RPAIN	Shared	TK13,TK14	DEL	TK10,TK18	DEL	2	2
ENSG00000188846	RPL14	Shared	TK16	DEL	TK10,TK12,TK18	DEL	1	3
ENSG00000226915	RPL19P4	Shared	TK13,TK14	DEL	TK91,TK92	DEL	2	2
ENSG00000240970	RPL23AP64	Shared	TK13,TK14	DEL	TK18,TK92	DEL	2	2
ENSG00000161970	RPL26	Shared	TK16	DEL	TK10,TK12,TK18	DEL	1	3
ENSG00000182899	RPL35A	Shared	TK16	DEL	TK10,TK12,TK18	DEL	1	3
ENSG00000174444	RPL4	Shared	TK16	DEL	TK91,TK92,TK93	DEL	1	3
ENSG00000225005	RPL7AP77	Shared	TK13	DEL	TK91,TK92,TK93	DEL	1	3
ENSG00000141425	RPRD1A	Shared	TK13,TK14	DEL	TK18,TK91	DEL	2	2
ENSG00000231500	RPS18	Shared	TK16	DEL	TK12,TK18,TK91	DEL	1	3
ENSG00000118181	RPS25	Shared	TK13,TK14	DEL	TK18,TK92	DEL	2	2
ENSG00000242199	RPS26P22	Shared	TK13,TK14,TK16	DEL	TK18	DEL	3	1
ENSG00000243672	RPS3AP40	Shared	TK13	DEL	TK91,TK92,TK93	DEL	1	3
ENSG00000160208	RRP1B	Shared	TK13,TK14,TK16	DEL	TK18	DEL	3	1
ENSG00000182841	RRP7BP	Shared	TK14	DEL	TK91,TK92,TK93	DEL	1	3
ENSG00000215012	RTL10	Shared	TK14	DEL	TK10,TK92,TK93	DEL	1	3
ENSG00000212747	RTL8B	Shared	TK13,TK14	DEL	TK10,TK91	DEL	2	2
ENSG00000134590	RTL8C	Shared	TK13,TK14	DEL	TK10,TK91	DEL	2	2
ENSG00000115310	RTN4	Shared	TK14,TK16	DEL	TK10,TK92	DEL	2	2
ENSG00000140688	RUSF1	Shared	TK13,TK14	DEL	TK10,TK91	DEL	2	2
ENSG00000160633	SAFB	Shared	TK13,TK14,TK16	DEL	TK12	DEL	3	1
ENSG00000130254	SAFB2	Shared	TK13,TK16	DEL	TK10,TK18	DEL	2	2
ENSG00000136715	SAP130	Shared	TK14,TK16	DEL	TK10,TK18	DEL	2	2
ENSG00000064932	SBNO2	Shared	TK14,TK16	DEL	TK91,TK92	DEL	2	2
ENSG00000132330	SCLY	Shared	TK13,TK14,TK16	DEL	TK18	DEL	3	1
ENSG00000142186	SCYL1	Shared	TK16	DEL	TK10,TK18,TK93	DEL	1	3
ENSG00000198301	SDAD1	Shared	TK14	DEL	TK18,TK91,TK93	DEL	1	3
ENSG00000224183	SDHDP6	Shared	TK14	DEL	TK91,TK92,TK93	DEL	1	3
ENSG00000234276	SDR42E1P3	Shared	TK14	DEL	TK91,TK92,TK93	DEL	1	3
ENSG00000148396	SEC16A	Shared	TK13,TK14,TK16	DEL	TK10	DEL	3	1
ENSG00000187742	SECISBP2	Shared	TK13,TK14,TK16	DEL	TK18	DEL	3	1
ENSG00000277957	SENP3-EIF4A1	Shared	TK13,TK16	DEL	TK91,TK93	DEL	2	2
ENSG00000214765	SEPTIN7P2	Shared	TK14	DEL	TK18,TK91,TK92	DEL	1	3
ENSG00000099995	SF3A1	Shared	TK14	DEL	TK91,TK92,TK93	DEL	1	3
ENSG00000115128	SF3B6	Shared	TK13,TK14,TK16	DEL	TK10	DEL	3	1
ENSG00000183605	SFXN4	Shared	TK13,TK14	DEL	TK10,TK18	DEL	2	2
ENSG00000176974	SHMT1	Shared	TK13,TK14	DEL	TK10,TK18	DEL	2	2
ENSG00000170145	SIK2	Shared	TK14	DEL	TK91,TK92,TK93	DEL	1	3
ENSG00000165480	SKA3	Shared	TK16	DEL	TK12,TK18,TK93	DEL	1	3
ENSG00000204351	SKIC2	Shared	TK13,TK14	DEL	TK91,TK93	DEL	2	2
ENSG00000155380	SLC16A1	Shared	TK13,TK14	DEL	TK91,TK92	DEL	2	2
ENSG00000226419	SLC16A1-AS1	Shared	TK13,TK14	DEL	TK91,TK92	DEL	2	2
ENSG00000110628	SLC22A18	Shared	TK13,TK14	DEL	TK10,TK92	DEL	2	2
ENSG00000102743	SLC25A15	Shared	TK13,TK14	DEL	TK91,TK92	DEL	2	2
ENSG00000075415	SLC25A3	Shared	TK16	DEL	TK12,TK18,TK92	DEL	1	3
ENSG00000160785	SLC25A44	Shared	TK13,TK14	DEL	TK10,TK92	DEL	2	2
ENSG00000170615	SLC26A5	Shared	TK13,TK14,TK16	DEL	TK18	DEL	3	1
ENSG00000130304	SLC27A1	Shared	TK13,TK16	DEL	TK91,TK92	DEL	2	2
ENSG00000181830	SLC35C1	Shared	TK16	DEL	TK10,TK91,TK93	DEL	1	3
ENSG00000137700	SLC37A4	Shared	TK13,TK14	DEL	TK18,TK92	DEL	2	2
ENSG00000168003	SLC3A2	Shared	TK13,TK16	DEL	TK10,TK18	DEL	2	2
ENSG00000175387	SMAD2	Shared	TK13	DEL	TK10,TK91,TK92	DEL	1	3
ENSG00000141646	SMAD4	Shared	TK14	DEL	TK91,TK92,TK93	DEL	1	3
ENSG00000153147	SMARCA5	Shared	TK13,TK14,TK16	DEL	TK18	DEL	3	1
ENSG00000173473	SMARCC1	Shared	TK13,TK14	DEL	TK10,TK18	DEL	2	2
ENSG00000108604	SMARCD2	Shared	TK13	DEL	TK10,TK12,TK18	DEL	1	3
ENSG00000072501	SMC1A	Shared	TK13,TK14	DEL	TK18,TK91	DEL	2	2
ENSG00000116698	SMG7	Shared	TK14	DEL	TK91,TK92,TK93	DEL	1	3
ENSG00000176209	SMIM19	Shared	TK13,TK14,TK16	DEL	TK10	DEL	3	1
ENSG00000136699	SMPD4	Shared	TK13,TK14	DEL	TK91,TK92	DEL	2	2
ENSG00000208892	SNORA49	Shared	TK14	DEL	TK91,TK92,TK93	DEL	1	3
ENSG00000275127	SNORD116-22	Shared	TK16	DEL	TK91,TK92,TK93	DEL	1	3
ENSG00000251815	SNORD116-26	Shared	TK14	DEL	TK91,TK92,TK93	DEL	1	3
ENSG00000251896	SNORD116-27	Shared	TK14	DEL	TK91,TK92,TK93	DEL	1	3
ENSG00000212232	SNORD17	Shared	TK13,TK14,TK16	DEL	TK10	DEL	3	1
ENSG00000139343	SNRPF	Shared	TK13,TK14,TK16	DEL	TK91	DEL	3	1
ENSG00000101400	SNTA1	Shared	TK14,TK16	DEL	TK10,TK92	DEL	2	2
ENSG00000172845	SP3	Shared	TK13,TK16	DEL	TK91,TK93	DEL	2	2
ENSG00000160284	SPATC1L	Shared	TK13,TK16	DEL	TK91,TK93	DEL	2	2
ENSG00000118363	SPCS2	Shared	TK13	DEL	TK10,TK91,TK92	DEL	1	3
ENSG00000129128	SPCS3	Shared	TK13,TK14,TK16	DEL	TK10	DEL	3	1
ENSG00000063176	SPHK2	Shared	TK13,TK16	DEL	TK92,TK93	DEL	2	2
ENSG00000162032	SPSB3	Shared	TK16	DEL	TK10,TK12,TK18	DEL	1	3
ENSG00000104549	SQLE	Shared	TK16	DEL	TK18,TK92,TK93	DEL	1	3
ENSG00000167881	SRP68	Shared	TK13,TK16	DEL	TK10,TK91	DEL	2	2
ENSG00000138385	SSB	Shared	TK13,TK16	DEL	TK10,TK18	DEL	2	2
ENSG00000130511	SSBP4	Shared	TK13,TK14,TK16	DEL	TK10	DEL	3	1
ENSG00000135823	STX6	Shared	TK14	DEL	TK91,TK92,TK93	DEL	1	3
ENSG00000165416	SUGT1	Shared	TK13,TK16	DEL	TK10,TK18	DEL	2	2
ENSG00000196562	SULF2	Shared	TK13	DEL	TK18,TK92,TK93	DEL	1	3
ENSG00000188612	SUMO2	Shared	TK13,TK14	DEL	TK10,TK18	DEL	2	2
ENSG00000164828	SUN1	Shared	TK14,TK16	DEL	TK12,TK93	DEL	2	2
ENSG00000175854	SWI5	Shared	TK13,TK14	DEL	TK10,TK18	DEL	2	2
ENSG00000176438	SYNE3	Shared	TK13	DEL	TK10,TK91,TK92	DEL	1	3
ENSG00000258644	SYNJ2BP-COX16	Shared	TK13,TK14	DEL	TK91,TK92	DEL	2	2
ENSG00000166337	TAF10	Shared	TK16	DEL	TK10,TK12,TK18	DEL	1	3
ENSG00000113838	TBCCD1	Shared	TK13	DEL	TK91,TK92,TK93	DEL	1	3
ENSG00000231310	TBL1XR1-AS1	Shared	TK14,TK16	DEL	TK10,TK18	DEL	2	2
ENSG00000113649	TCERG1	Shared	TK13,TK14,TK16	DEL	TK10	DEL	3	1
ENSG00000141002	TCF25	Shared	TK13,TK14	DEL	TK10,TK18	DEL	2	2
ENSG00000196628	TCF4	Shared	TK16	DEL	TK10,TK18,TK91	DEL	1	3
ENSG00000185339	TCN2	Shared	TK13,TK14,TK16	DEL	TK12	DEL	3	1
ENSG00000119977	TCTN3	Shared	TK13,TK14,TK16	DEL	TK10	DEL	3	1
ENSG00000185347	TEDC1	Shared	TK13,TK16	DEL	TK10,TK12	DEL	2	2
ENSG00000271435	TEKT4P3	Shared	TK13,TK14	DEL	TK91,TK92	DEL	2	2
ENSG00000100109	TFIP11	Shared	TK16	DEL	TK10,TK18,TK91	DEL	1	3
ENSG00000223442	TH2LCRR	Shared	TK13,TK14	DEL	TK10,TK18	DEL	2	2
ENSG00000151923	TIAL1	Shared	TK16	DEL	TK91,TK92,TK93	DEL	1	3
ENSG00000149476	TKFC	Shared	TK16	DEL	TK10,TK18,TK92	DEL	1	3
ENSG00000184277	TM2D3	Shared	TK13,TK14	DEL	TK10,TK18	DEL	2	2
ENSG00000149809	TM7SF2	Shared	TK13	DEL	TK91,TK92,TK93	DEL	1	3
ENSG00000077147	TM9SF3	Shared	TK14,TK16	DEL	TK10,TK18	DEL	2	2
ENSG00000155957	TMBIM4	Shared	TK13,TK14,TK16	DEL	TK18	DEL	3	1
ENSG00000221962	TMEM14EP	Shared	TK13,TK16	DEL	TK10,TK93	DEL	2	2
ENSG00000149932	TMEM219	Shared	TK16	DEL	TK10,TK12,TK91	DEL	1	3
ENSG00000205084	TMEM231	Shared	TK14	DEL	TK91,TK92,TK93	DEL	1	3
ENSG00000262583	TMEM231P1	Shared	TK14	DEL	TK91,TK92,TK93	DEL	1	3
ENSG00000109133	TMEM33	Shared	TK16	DEL	TK18,TK91,TK92	DEL	1	3
ENSG00000176142	TMEM39A	Shared	TK16	DEL	TK10,TK91,TK93	DEL	1	3
ENSG00000163900	TMEM41A	Shared	TK16	DEL	TK91,TK92,TK93	DEL	1	3
ENSG00000179104	TMTC2	Shared	TK13,TK14	DEL	TK92,TK93	DEL	2	2
ENSG00000168591	TMUB2	Shared	TK13,TK14	DEL	TK10,TK93	DEL	2	2
ENSG00000277156	TOMM40P1	Shared	TK13,TK14	DEL	TK10,TK18	DEL	2	2
ENSG00000154174	TOMM70	Shared	TK13,TK14,TK16	DEL	TK10	DEL	3	1
ENSG00000136827	TOR1A	Shared	TK16	DEL	TK10,TK91,TK92	DEL	1	3
ENSG00000169902	TPST1	Shared	TK13,TK14	DEL	TK10,TK18	DEL	2	2
ENSG00000065308	TRAM2	Shared	TK13,TK14	DEL	TK12,TK91	DEL	2	2
ENSG00000196655	TRAPPC4	Shared	TK13,TK14	DEL	TK18,TK92	DEL	2	2
ENSG00000112343	TRIM38	Shared	TK16	DEL	TK91,TK92,TK93	DEL	1	3
ENSG00000146755	TRIM50	Shared	TK13	DEL	TK91,TK92,TK93	DEL	1	3
ENSG00000185880	TRIM69	Shared	TK13,TK14	DEL	TK10,TK93	DEL	2	2
ENSG00000125733	TRIP10	Shared	TK16	DEL	TK10,TK91,TK92	DEL	1	3
ENSG00000072756	TRNT1	Shared	TK13,TK14,TK16	DEL	TK18	DEL	3	1
ENSG00000103197	TSC2	Shared	TK13	DEL	TK12,TK92,TK93	DEL	1	3
ENSG00000011295	TTC19	Shared	TK13,TK14	DEL	TK10,TK18	DEL	2	2
ENSG00000167553	TUBA1C	Shared	TK13,TK14,TK16	DEL	TK10	DEL	3	1
ENSG00000152086	TUBA3E	Shared	TK13,TK14	DEL	TK91,TK92	DEL	2	2
ENSG00000224802	TUBB4BP2	Shared	TK13,TK14	DEL	TK92,TK93	DEL	2	2
ENSG00000149016	TUT1	Shared	TK13,TK14	DEL	TK12,TK92	DEL	2	2
ENSG00000087301	TXNDC16	Shared	TK13,TK14	DEL	TK10,TK18	DEL	2	2
ENSG00000091164	TXNL1	Shared	TK13,TK14,TK16	DEL	TK18	DEL	3	1
ENSG00000130560	UBAC1	Shared	TK13,TK14,TK16	DEL	TK10	DEL	3	1
ENSG00000137073	UBAP2	Shared	TK13,TK16	DEL	TK10,TK18	DEL	2	2
ENSG00000109332	UBE2D3	Shared	TK13,TK14,TK16	DEL	TK18	DEL	3	1
ENSG00000103275	UBE2I	Shared	TK13,TK16	DEL	TK10,TK18	DEL	2	2
ENSG00000153560	UBP1	Shared	TK13,TK14	DEL	TK10,TK18	DEL	2	2
ENSG00000144224	UBXN4	Shared	TK14	DEL	TK91,TK92,TK93	DEL	1	3
ENSG00000143179	UCK2	Shared	TK13,TK14	DEL	TK10,TK18	DEL	2	2
ENSG00000169764	UGP2	Shared	TK13,TK14,TK16	DEL	TK18	DEL	3	1
ENSG00000114491	UMPS	Shared	TK13,TK14,TK16	DEL	TK18	DEL	3	1
ENSG00000184795	UNC93B5	Shared	TK13	DEL	TK91,TK92,TK93	DEL	1	3
ENSG00000132478	UNK	Shared	TK13,TK14,TK16	DEL	TK91	DEL	3	1
ENSG00000005007	UPF1	Shared	TK13	DEL	TK91,TK92,TK93	DEL	1	3
ENSG00000125351	UPF3B	Shared	TK13	DEL	TK91,TK92,TK93	DEL	1	3
ENSG00000237748	UQCRBP1	Shared	TK13,TK14,TK16	DEL	TK10	DEL	3	1
ENSG00000010256	UQCRC1	Shared	TK16	DEL	TK10,TK12,TK18	DEL	1	3
ENSG00000140740	UQCRC2	Shared	TK13,TK14,TK16	DEL	TK10	DEL	3	1
ENSG00000105698	USF2	Shared	TK13,TK14	DEL	TK18,TK91	DEL	2	2
ENSG00000187555	USP7	Shared	TK14,TK16	DEL	TK91,TK92	DEL	2	2
ENSG00000183520	UTP11	Shared	TK16	DEL	TK10,TK12,TK18	DEL	1	3
ENSG00000125753	VASP	Shared	TK13,TK14,TK16	DEL	TK10	DEL	3	1
ENSG00000154978	VOPP1	Shared	TK16	DEL	TK91,TK92,TK93	DEL	1	3
ENSG00000111237	VPS29	Shared	TK13	DEL	TK91,TK92,TK93	DEL	1	3
ENSG00000132612	VPS4A	Shared	TK16	DEL	TK10,TK12,TK18	DEL	1	3
ENSG00000119541	VPS4B	Shared	TK13,TK14,TK16	DEL	TK18	DEL	3	1
ENSG00000255230	VPS51P17	Shared	TK13	DEL	TK91,TK92,TK93	DEL	1	3
ENSG00000163159	VPS72	Shared	TK14	DEL	TK18,TK91,TK92	DEL	1	3
ENSG00000107738	VSIR	Shared	TK13	DEL	TK91,TK92,TK93	DEL	1	3
ENSG00000185596	WASH3P	Shared	TK13,TK14,TK16	DEL	TK18	DEL	3	1
ENSG00000162923	WDR26	Shared	TK14	DEL	TK10,TK18,TK93	DEL	1	3
ENSG00000103091	WDR59	Shared	TK13,TK14	DEL	TK10,TK18	DEL	2	2
ENSG00000178252	WDR6	Shared	TK16	DEL	TK18,TK91,TK92	DEL	1	3
ENSG00000095397	WHRN	Shared	TK13,TK14	DEL	TK18,TK91	DEL	2	2
ENSG00000171475	WIPF2	Shared	TK13,TK14	DEL	TK12,TK18	DEL	2	2
ENSG00000082898	XPO1	Shared	TK16	DEL	TK12,TK18,TK93	DEL	1	3
ENSG00000169180	XPO6	Shared	TK16	DEL	TK91,TK92,TK93	DEL	1	3
ENSG00000184575	XPOT	Shared	TK16	DEL	TK91,TK92,TK93	DEL	1	3
ENSG00000073050	XRCC1	Shared	TK13	DEL	TK12,TK91,TK92	DEL	1	3
ENSG00000139131	YARS2	Shared	TK13,TK14	DEL	TK18,TK91	DEL	2	2
ENSG00000060138	YBX3	Shared	TK13,TK14,TK16	DEL	TK10	DEL	3	1
ENSG00000145817	YIPF5	Shared	TK13,TK16	DEL	TK10,TK18	DEL	2	2
ENSG00000198492	YTHDF2	Shared	TK14,TK16	DEL	TK10,TK18	DEL	2	2
ENSG00000128245	YWHAH	Shared	TK13,TK14	DEL	TK10,TK18	DEL	2	2
ENSG00000199357	Y_RNA	Shared	TK13,TK16	DEL	TK10,TK18	DEL	2	2
ENSG00000200953	Y_RNA	Shared	TK13,TK14	DEL	TK18,TK93	DEL	2	2
ENSG00000201680	Y_RNA	Shared	TK13	DEL	TK91,TK92,TK93	DEL	1	3
ENSG00000202035	Y_RNA	Shared	TK13	DEL	TK91,TK92,TK93	DEL	1	3
ENSG00000206651	Y_RNA	Shared	TK13,TK16	DEL	TK10,TK18	DEL	2	2
ENSG00000253096	Y_RNA	Shared	TK13,TK14,TK16	DEL	TK18	DEL	3	1
ENSG00000283691	Y_RNA	Shared	TK13,TK14	DEL	TK18,TK92	DEL	2	2
ENSG00000130749	ZC3H4	Shared	TK13,TK14	DEL	TK18,TK92	DEL	2	2
ENSG00000139168	ZCRB1	Shared	TK13,TK14,TK16	DEL	TK18	DEL	3	1
ENSG00000100711	ZFYVE21	Shared	TK13,TK14,TK16	DEL	TK18	DEL	3	1
ENSG00000122515	ZMIZ2	Shared	TK13	DEL	TK91,TK92,TK93	DEL	1	3
ENSG00000196418	ZNF124	Shared	TK14	DEL	TK91,TK92,TK93	DEL	1	3
ENSG00000010244	ZNF207	Shared	TK13,TK14	DEL	TK91,TK92	DEL	2	2
ENSG00000160321	ZNF208	Shared	TK13,TK14	DEL	TK91,TK92	DEL	2	2
ENSG00000197134	ZNF257	Shared	TK13,TK14	DEL	TK91,TK92	DEL	2	2
ENSG00000113761	ZNF346	Shared	TK13,TK14,TK16	DEL	TK18	DEL	3	1
ENSG00000171291	ZNF439	Shared	TK14	DEL	TK91,TK92,TK93	DEL	1	3
ENSG00000180855	ZNF443	Shared	TK14	DEL	TK91,TK92,TK93	DEL	1	3
ENSG00000178935	ZNF552	Shared	TK14	DEL	TK91,TK92,TK93	DEL	1	3
ENSG00000171469	ZNF561	Shared	TK13	DEL	TK91,TK92,TK93	DEL	1	3
ENSG00000083828	ZNF586	Shared	TK13,TK14,TK16	DEL	TK91	DEL	3	1
ENSG00000269343	ZNF587B	Shared	TK14	DEL	TK91,TK92,TK93	DEL	1	3
ENSG00000167962	ZNF598	Shared	TK13	DEL	TK10,TK18,TK93	DEL	1	3
ENSG00000189190	ZNF600	Shared	TK13	DEL	TK91,TK92,TK93	DEL	1	3
ENSG00000213020	ZNF611	Shared	TK13	DEL	TK91,TK92,TK93	DEL	1	3
ENSG00000171161	ZNF672	Shared	TK13,TK14,TK16	DEL	TK10	DEL	3	1
ENSG00000198429	ZNF69	Shared	TK14	DEL	TK91,TK92,TK93	DEL	1	3
ENSG00000120963	ZNF706	Shared	TK13,TK16	DEL	TK10,TK18	DEL	2	2
ENSG00000133624	ZNF767P	Shared	TK13	DEL	TK18,TK91,TK92	DEL	1	3
ENSG00000196466	ZNF799	Shared	TK14	DEL	TK91,TK92,TK93	DEL	1	3
ENSG00000268516	ZNF8-DT	Shared	TK13,TK14,TK16	DEL	TK91	DEL	3	1
ENSG00000267216	ZNF8-ERVK3-1	Shared	TK13,TK14	DEL	TK18,TK91	DEL	2	2
ENSG00000276626	7SK	Shared	TK13,TK14	DEL	TK10	DEL	2	1
ENSG00000081760	AACS	Shared	TK14	DEL	TK10,TK93	DEL	1	2
ENSG00000275700	AATF	Shared	TK13,TK14	DEL	TK10	DEL	2	1
ENSG00000223882	ABCC5-AS1	Shared	TK13,TK14	DEL	TK10	DEL	2	1
ENSG00000144827	ABHD10	Shared	TK16	DEL	TK18,TK92	DEL	1	2
ENSG00000278540	ACACA	Shared	TK13,TK14	DEL	TK18	DEL	2	1
ENSG00000110455	ACCS	Shared	TK16	DEL	TK10,TK18	DEL	1	2
ENSG00000205126	ACCSL	Shared	TK16	DEL	TK10,TK18	DEL	1	2
ENSG00000112304	ACOT13	Shared	TK13,TK14	DEL	TK12	DEL	2	1
ENSG00000162836	ACP6	Shared	TK13,TK14	DEL	TK10	DEL	2	1
ENSG00000134940	ACRV1	Shared	TK13,TK14	DEL	TK93	DEL	2	1
ENSG00000176715	ACSF3	Shared	TK13,TK14	DEL	TK91	DEL	2	1
ENSG00000288649	ACTL10	Shared	TK14	DEL	TK10,TK18	DEL	1	2
ENSG00000185761	ADAMTSL5	Shared	TK13,TK14	DEL	TK10	DEL	2	1
ENSG00000148700	ADD3	Shared	TK13,TK14	DEL	TK91	DEL	2	1
ENSG00000197894	ADH5	Shared	TK16	DEL	TK10,TK18	DEL	1	2
ENSG00000101220	ADISSP	Shared	TK13,TK16	DEL	TK10	DEL	2	1
ENSG00000130396	AFDN	Shared	TK13,TK14	DEL	TK91	DEL	2	1
ENSG00000230869	AGAP10P	Shared	TK13	DEL	TK10,TK92	DEL	1	2
ENSG00000188234	AGAP4	Shared	TK13	DEL	TK10,TK92	DEL	1	2
ENSG00000169692	AGPAT2	Shared	TK13,TK14	DEL	TK10	DEL	2	1
ENSG00000135049	AGTPBP1	Shared	TK13,TK14	DEL	TK91	DEL	2	1
ENSG00000085231	AK6	Shared	TK14,TK16	DEL	TK18	DEL	2	1
ENSG00000105127	AKAP8	Shared	TK16	DEL	TK10,TK18	DEL	1	2
ENSG00000011243	AKAP8L	Shared	TK13,TK14	DEL	TK18	DEL	2	1
ENSG00000166199	ALKBH3	Shared	TK16	DEL	TK10,TK18	DEL	1	2
ENSG00000012779	ALOX5	Shared	TK13	DEL	TK91,TK92	DEL	1	2
ENSG00000159461	AMFR	Shared	TK14	DEL	TK10,TK18	DEL	1	2
ENSG00000001629	ANKIB1	Shared	TK13,TK14	DEL	TK92	DEL	2	1
ENSG00000172932	ANKRD13D	Shared	TK13,TK14	DEL	TK18	DEL	2	1
ENSG00000213337	ANKRD39	Shared	TK13	DEL	TK10,TK18	DEL	1	2
ENSG00000135299	ANKRD6	Shared	TK13,TK14	DEL	TK10	DEL	2	1
ENSG00000182718	ANXA2	Shared	TK13,TK14	DEL	TK10	DEL	2	1
ENSG00000106367	AP1S1	Shared	TK16	DEL	TK10,TK18	DEL	1	2
ENSG00000226167	AP4B1-AS1	Shared	TK13,TK14	DEL	TK18	DEL	2	1
ENSG00000115266	APC2	Shared	TK13,TK14	DEL	TK10	DEL	2	1
ENSG00000242247	ARFGAP3	Shared	TK13,TK14	DEL	TK10	DEL	2	1
ENSG00000180448	ARHGAP45	Shared	TK16	DEL	TK10,TK91	DEL	1	2
ENSG00000054267	ARID4B	Shared	TK16	DEL	TK10,TK18	DEL	1	2
ENSG00000152219	ARL14EP	Shared	TK16	DEL	TK10,TK18	DEL	1	2
ENSG00000170540	ARL6IP1	Shared	TK16	DEL	TK10,TK18	DEL	1	2
ENSG00000170632	ARMC10	Shared	TK13,TK14	DEL	TK93	DEL	2	1
ENSG00000162704	ARPC5	Shared	TK13,TK16	DEL	TK10	DEL	2	1
ENSG00000105643	ARRDC2	Shared	TK13,TK14	DEL	TK92	DEL	2	1
ENSG00000267080	ASB16-AS1	Shared	TK13,TK14	DEL	TK10	DEL	2	1
ENSG00000130707	ASS1	Shared	TK13,TK14	DEL	TK18	DEL	2	1
ENSG00000162772	ATF3	Shared	TK13,TK14	DEL	TK10	DEL	2	1
ENSG00000228218	ATF4P3	Shared	TK14,TK16	DEL	TK10	DEL	2	1
ENSG00000101974	ATP11C	Shared	TK13	DEL	TK92,TK93	DEL	1	2
ENSG00000230157	ATP5MC1P1	Shared	TK16	DEL	TK10,TK12	DEL	1	2
ENSG00000267376	ATP5MGP6	Shared	TK14,TK16	DEL	TK10	DEL	2	1
ENSG00000182220	ATP6AP2	Shared	TK13,TK14	DEL	TK10	DEL	2	1
ENSG00000087152	ATXN7L3	Shared	TK13,TK14	DEL	TK10	DEL	2	1
ENSG00000267394	ATXN7L3-AS1	Shared	TK13,TK14	DEL	TK10	DEL	2	1
ENSG00000160862	AZGP1	Shared	TK16	DEL	TK12,TK92	DEL	1	2
ENSG00000162885	B3GALNT2	Shared	TK14,TK16	DEL	TK91	DEL	2	1
ENSG00000258738	BAZ1A-AS1	Shared	TK13,TK14	DEL	TK10	DEL	2	1
ENSG00000105552	BCAT2	Shared	TK13	DEL	TK10,TK92	DEL	1	2
ENSG00000126581	BECN1	Shared	TK16	DEL	TK10,TK18	DEL	1	2
ENSG00000089685	BIRC5	Shared	TK14,TK16	DEL	TK18	DEL	2	1
ENSG00000165733	BMS1	Shared	TK16	DEL	TK91,TK92	DEL	1	2
ENSG00000198312	BMS1P9	Shared	TK13,TK14	DEL	TK10	DEL	2	1
ENSG00000141867	BRD4	Shared	TK13	DEL	TK10,TK18	DEL	1	2
ENSG00000166164	BRD7	Shared	TK14	DEL	TK18,TK93	DEL	1	2
ENSG00000156970	BUB1B	Shared	TK13,TK16	DEL	TK18	DEL	2	1
ENSG00000187479	C11orf96	Shared	TK16	DEL	TK10,TK18	DEL	1	2
ENSG00000189227	C15orf61	Shared	TK16	DEL	TK18,TK93	DEL	1	2
ENSG00000104979	C19orf53	Shared	TK16	DEL	TK12,TK18	DEL	1	2
ENSG00000197223	C1D	Shared	TK16	DEL	TK12,TK18	DEL	1	2
ENSG00000108561	C1QBP	Shared	TK13,TK16	DEL	TK10	DEL	2	1
ENSG00000149609	C20orf144	Shared	TK14	DEL	TK10,TK18	DEL	1	2
ENSG00000221843	C2orf16	Shared	TK13,TK14	DEL	TK18	DEL	2	1
ENSG00000198663	C6orf89	Shared	TK13,TK16	DEL	TK18	DEL	2	1
ENSG00000102547	CAB39L	Shared	TK13,TK14	DEL	TK91	DEL	2	1
ENSG00000058404	CAMK2B	Shared	TK13,TK16	DEL	TK10	DEL	2	1
ENSG00000164615	CAMLG	Shared	TK13,TK14	DEL	TK10	DEL	2	1
ENSG00000162909	CAPN2	Shared	TK13,TK16	DEL	TK10	DEL	2	1
ENSG00000153048	CARHSP1	Shared	TK16	DEL	TK10,TK18	DEL	1	2
ENSG00000110619	CARS1	Shared	TK13,TK14	DEL	TK92	DEL	2	1
ENSG00000003400	CASP10	Shared	TK14	DEL	TK91,TK92	DEL	1	2
ENSG00000183741	CBX6	Shared	TK16	DEL	TK10,TK18	DEL	1	2
ENSG00000164366	CCDC127	Shared	TK13,TK16	DEL	TK18	DEL	2	1
ENSG00000104983	CCDC61	Shared	TK16	DEL	TK10,TK18	DEL	1	2
ENSG00000110104	CCDC86	Shared	TK13,TK14	DEL	TK18	DEL	2	1
ENSG00000090061	CCNK	Shared	TK13,TK14	DEL	TK10	DEL	2	1
ENSG00000163660	CCNL1	Shared	TK13,TK14	DEL	TK92	DEL	2	1
ENSG00000221978	CCNL2	Shared	TK13	DEL	TK10,TK92	DEL	1	2
ENSG00000146731	CCT6A	Shared	TK16	DEL	TK10,TK18	DEL	1	2
ENSG00000004468	CD38	Shared	TK16	DEL	TK92,TK93	DEL	1	2
ENSG00000004897	CDC27	Shared	TK14,TK16	DEL	TK10	DEL	2	1
ENSG00000099804	CDC34	Shared	TK13,TK16	DEL	TK18	DEL	2	1
ENSG00000261089	CDC37P2	Shared	TK16	DEL	TK91,TK92	DEL	1	2
ENSG00000167617	CDC42EP5	Shared	TK13,TK14	DEL	TK10	DEL	2	1
ENSG00000093009	CDC45	Shared	TK13,TK14	DEL	TK18	DEL	2	1
ENSG00000096401	CDC5L	Shared	TK13,TK14	DEL	TK18	DEL	2	1
ENSG00000094804	CDC6	Shared	TK13,TK16	DEL	TK18	DEL	2	1
ENSG00000146670	CDCA5	Shared	TK13	DEL	TK92,TK93	DEL	1	2
ENSG00000117266	CDK18	Shared	TK16	DEL	TK10,TK93	DEL	1	2
ENSG00000139624	CERS5	Shared	TK13,TK14	DEL	TK18	DEL	2	1
ENSG00000153140	CETN3	Shared	TK14,TK16	DEL	TK91	DEL	2	1
ENSG00000070761	CFAP20	Shared	TK14	DEL	TK92,TK93	DEL	1	2
ENSG00000159079	CFAP298	Shared	TK13,TK14	DEL	TK91	DEL	2	1
ENSG00000138028	CGREF1	Shared	TK13,TK14	DEL	TK12	DEL	2	1
ENSG00000167670	CHAF1A	Shared	TK13,TK16	DEL	TK18	DEL	2	1
ENSG00000124177	CHD6	Shared	TK16	DEL	TK91,TK92	DEL	1	2
ENSG00000100888	CHD8	Shared	TK13,TK16	DEL	TK10	DEL	2	1
ENSG00000203668	CHML	Shared	TK14	DEL	TK91,TK92	DEL	1	2
ENSG00000131165	CHMP1A	Shared	TK16	DEL	TK10,TK91	DEL	1	2
ENSG00000086065	CHMP5	Shared	TK13	DEL	TK10,TK18	DEL	1	2
ENSG00000147457	CHMP7	Shared	TK13,TK16	DEL	TK93	DEL	2	1
ENSG00000213073	CHP1P2	Shared	TK13,TK16	DEL	TK10	DEL	2	1
ENSG00000125954	CHURC1-FNTB	Shared	TK13,TK14	DEL	TK10	DEL	2	1
ENSG00000103245	CIAO3	Shared	TK16	DEL	TK10,TK18	DEL	1	2
ENSG00000163507	CIP2A	Shared	TK13,TK14	DEL	TK92	DEL	2	1
ENSG00000254788	CKLF-CMTM1	Shared	TK13,TK14	DEL	TK18	DEL	2	1
ENSG00000074054	CLASP1	Shared	TK13,TK14	DEL	TK18	DEL	2	1
ENSG00000163815	CLEC3B	Shared	TK13	DEL	TK10,TK18	DEL	1	2
ENSG00000113282	CLINT1	Shared	TK13,TK14	DEL	TK93	DEL	2	1
ENSG00000111726	CMAS	Shared	TK16	DEL	TK10,TK18	DEL	1	2
ENSG00000133313	CNDP2	Shared	TK13,TK16	DEL	TK18	DEL	2	1
ENSG00000125107	CNOT1	Shared	TK16	DEL	TK10,TK18	DEL	1	2
ENSG00000173786	CNP	Shared	TK16	DEL	TK10,TK18	DEL	1	2
ENSG00000273509	CNTNAP3P1	Shared	TK13,TK14	DEL	TK10	DEL	2	1
ENSG00000135775	COG2	Shared	TK13	DEL	TK10,TK18	DEL	1	2
ENSG00000172301	COPRS	Shared	TK13,TK16	DEL	TK10	DEL	2	1
ENSG00000119723	COQ6	Shared	TK16	DEL	TK10,TK18	DEL	1	2
ENSG00000123815	COQ8B	Shared	TK13,TK14	DEL	TK92	DEL	2	1
ENSG00000088682	COQ9	Shared	TK14,TK16	DEL	TK10	DEL	2	1
ENSG00000110880	CORO1C	Shared	TK13	DEL	TK18,TK91	DEL	1	2
ENSG00000262246	CORO7	Shared	TK14	DEL	TK12,TK93	DEL	1	2
ENSG00000120054	CPN1	Shared	TK13,TK14	DEL	TK10	DEL	2	1
ENSG00000140848	CPNE2	Shared	TK13,TK14	DEL	TK10	DEL	2	1
ENSG00000124772	CPNE5	Shared	TK14	DEL	TK91,TK92	DEL	1	2
ENSG00000119203	CPSF3	Shared	TK13,TK14	DEL	TK10	DEL	2	1
ENSG00000213145	CRIP1	Shared	TK16	DEL	TK10,TK12	DEL	1	2
ENSG00000182809	CRIP2	Shared	TK16	DEL	TK10,TK12	DEL	1	2
ENSG00000058453	CROCC	Shared	TK16	DEL	TK10,TK91	DEL	1	2
ENSG00000159176	CSRP1	Shared	TK13,TK16	DEL	TK10	DEL	2	1
ENSG00000119326	CTNNAL1	Shared	TK13,TK14	DEL	TK18	DEL	2	1
ENSG00000171793	CTPS1	Shared	TK13,TK14	DEL	TK10	DEL	2	1
ENSG00000198730	CTR9	Shared	TK16	DEL	TK10,TK12	DEL	1	2
ENSG00000163131	CTSS	Shared	TK13,TK14	DEL	TK10	DEL	2	1
ENSG00000174177	CTU2	Shared	TK13	DEL	TK10,TK18	DEL	1	2
ENSG00000273749	CYFIP1	Shared	TK13,TK14	DEL	TK10	DEL	2	1
ENSG00000120306	CYSTM1	Shared	TK13,TK14	DEL	TK10	DEL	2	1
ENSG00000117593	DARS2	Shared	TK16	DEL	TK10,TK92	DEL	1	2
ENSG00000163257	DCAF16	Shared	TK16	DEL	TK18,TK91	DEL	1	2
ENSG00000129187	DCTD	Shared	TK13,TK14	DEL	TK18	DEL	2	1
ENSG00000204843	DCTN1	Shared	TK13,TK16	DEL	TK93	DEL	2	1
ENSG00000214826	DDX12P	Shared	TK13,TK14	DEL	TK10	DEL	2	1
ENSG00000081791	DELE1	Shared	TK13,TK16	DEL	TK10	DEL	2	1
ENSG00000155792	DEPTOR	Shared	TK13,TK14	DEL	TK18	DEL	2	1
ENSG00000100418	DESI1	Shared	TK13,TK14	DEL	TK12	DEL	2	1
ENSG00000182108	DEXI	Shared	TK13	DEL	TK10,TK92	DEL	1	2
ENSG00000169598	DFFB	Shared	TK14	DEL	TK91,TK92	DEL	1	2
ENSG00000273311	DGCR11	Shared	TK13,TK14	DEL	TK12	DEL	2	1
ENSG00000065357	DGKA	Shared	TK13,TK14	DEL	TK10	DEL	2	1
ENSG00000149091	DGKZ	Shared	TK13	DEL	TK92,TK93	DEL	1	2
ENSG00000114956	DGUOK	Shared	TK13,TK14	DEL	TK18	DEL	2	1
ENSG00000237883	DGUOK-AS1	Shared	TK13,TK14	DEL	TK18	DEL	2	1
ENSG00000157379	DHRS1	Shared	TK13,TK16	DEL	TK91	DEL	2	1
ENSG00000215256	DHRS4-AS1	Shared	TK13,TK16	DEL	TK91	DEL	2	1
ENSG00000181192	DHTKD1	Shared	TK13,TK14	DEL	TK93	DEL	2	1
ENSG00000204560	DHX16	Shared	TK16	DEL	TK18,TK93	DEL	1	2
ENSG00000108406	DHX40	Shared	TK13,TK14	DEL	TK18	DEL	2	1
ENSG00000067596	DHX8	Shared	TK13	DEL	TK18,TK91	DEL	1	2
ENSG00000181744	DIPK2A	Shared	TK13,TK14	DEL	TK91	DEL	2	1
ENSG00000171462	DLK2	Shared	TK13,TK14	DEL	TK10	DEL	2	1
ENSG00000119689	DLST	Shared	TK13,TK14	DEL	TK10	DEL	2	1
ENSG00000103423	DNAJA3	Shared	TK13,TK14	DEL	TK18	DEL	2	1
ENSG00000077232	DNAJC10	Shared	TK14,TK16	DEL	TK18	DEL	2	1
ENSG00000244115	DNAJC25-GNG10	Shared	TK13,TK14	DEL	TK91	DEL	2	1
ENSG00000107554	DNMBP	Shared	TK13,TK14	DEL	TK10	DEL	2	1
ENSG00000227695	DNMBP-AS1	Shared	TK13,TK14	DEL	TK10	DEL	2	1
ENSG00000159147	DONSON	Shared	TK14	DEL	TK10,TK93	DEL	1	2
ENSG00000173852	DPY19L1	Shared	TK13,TK14	DEL	TK18	DEL	2	1
ENSG00000091073	DTX2	Shared	TK14	DEL	TK91,TK92	DEL	1	2
ENSG00000244306	DUXAP10	Shared	TK13	DEL	TK10,TK18	DEL	1	2
ENSG00000103356	EARS2	Shared	TK16	DEL	TK10,TK18	DEL	1	2
ENSG00000127884	ECHS1	Shared	TK16	DEL	TK91,TK92	DEL	1	2
ENSG00000134109	EDEM1	Shared	TK14	DEL	TK18,TK92	DEL	1	2
ENSG00000178852	EFCAB13	Shared	TK13	DEL	TK91,TK92	DEL	1	2
ENSG00000258451	EGILA	Shared	TK14	DEL	TK10,TK91	DEL	1	2
ENSG00000205609	EIF3CL	Shared	TK16	DEL	TK91,TK92	DEL	1	2
ENSG00000075151	EIF4G3	Shared	TK13,TK14	DEL	TK10	DEL	2	1
ENSG00000234402	ELK2BP	Shared	TK16	DEL	TK10,TK12	DEL	1	2
ENSG00000170291	ELP5	Shared	TK16	DEL	TK18,TK91	DEL	1	2
ENSG00000143924	EML4	Shared	TK13,TK14	DEL	TK18	DEL	2	1
ENSG00000158636	EMSY	Shared	TK13,TK14	DEL	TK93	DEL	2	1
ENSG00000173867	ENSG00000173867	Shared	TK16	DEL	TK10,TK18	DEL	1	2
ENSG00000182376	ENSG00000182376	Shared	TK13	DEL	TK18,TK93	DEL	1	2
ENSG00000212371	ENSG00000212371	Shared	TK16	DEL	TK10,TK18	DEL	1	2
ENSG00000213016	ENSG00000213016	Shared	TK13,TK14	DEL	TK10	DEL	2	1
ENSG00000217130	ENSG00000217130	Shared	TK14	DEL	TK10,TK18	DEL	1	2
ENSG00000219470	ENSG00000219470	Shared	TK13,TK14	DEL	TK10	DEL	2	1
ENSG00000223599	ENSG00000223599	Shared	TK16	DEL	TK10,TK93	DEL	1	2
ENSG00000226558	ENSG00000226558	Shared	TK13,TK14	DEL	TK10	DEL	2	1
ENSG00000227407	ENSG00000227407	Shared	TK13,TK14	DEL	TK10	DEL	2	1
ENSG00000227934	ENSG00000227934	Shared	TK13,TK14	DEL	TK10	DEL	2	1
ENSG00000228702	ENSG00000228702	Shared	TK13	DEL	TK10,TK92	DEL	1	2
ENSG00000229247	ENSG00000229247	Shared	TK13	DEL	TK91,TK93	DEL	1	2
ENSG00000235007	ENSG00000235007	Shared	TK13,TK14	DEL	TK10	DEL	2	1
ENSG00000235069	ENSG00000235069	Shared	TK13	DEL	TK91,TK93	DEL	1	2
ENSG00000235181	ENSG00000235181	Shared	TK13,TK14	DEL	TK10	DEL	2	1
ENSG00000235681	ENSG00000235681	Shared	TK13,TK14	DEL	TK10	DEL	2	1
ENSG00000236327	ENSG00000236327	Shared	TK16	DEL	TK10,TK93	DEL	1	2
ENSG00000236942	ENSG00000236942	Shared	TK13,TK14	DEL	TK10	DEL	2	1
ENSG00000237027	ENSG00000237027	Shared	TK13,TK14	DEL	TK10	DEL	2	1
ENSG00000237955	ENSG00000237955	Shared	TK13,TK14	DEL	TK10	DEL	2	1
ENSG00000238316	ENSG00000238316	Shared	TK13	DEL	TK91,TK93	DEL	1	2
ENSG00000239486	ENSG00000239486	Shared	TK14	DEL	TK91,TK92	DEL	1	2
ENSG00000239969	ENSG00000239969	Shared	TK14	DEL	TK91,TK92	DEL	1	2
ENSG00000240571	ENSG00000240571	Shared	TK13	DEL	TK10,TK92	DEL	1	2
ENSG00000243613	ENSG00000243613	Shared	TK16	DEL	TK91,TK92	DEL	1	2
ENSG00000244081	ENSG00000244081	Shared	TK13,TK14	DEL	TK10	DEL	2	1
ENSG00000244255	ENSG00000244255	Shared	TK13,TK14	DEL	TK12	DEL	2	1
ENSG00000244332	ENSG00000244332	Shared	TK13	DEL	TK92,TK93	DEL	1	2
ENSG00000244953	ENSG00000244953	Shared	TK16	DEL	TK10,TK18	DEL	1	2
ENSG00000246250	ENSG00000246250	Shared	TK16	DEL	TK10,TK18	DEL	1	2
ENSG00000248015	ENSG00000248015	Shared	TK16	DEL	TK10,TK18	DEL	1	2
ENSG00000248664	ENSG00000248664	Shared	TK16	DEL	TK10,TK12	DEL	1	2
ENSG00000250069	ENSG00000250069	Shared	TK13,TK14	DEL	TK10	DEL	2	1
ENSG00000250507	ENSG00000250507	Shared	TK13,TK14	DEL	TK10	DEL	2	1
ENSG00000250893	ENSG00000250893	Shared	TK14	DEL	TK10,TK93	DEL	1	2
ENSG00000253102	ENSG00000253102	Shared	TK16	DEL	TK10,TK18	DEL	1	2
ENSG00000253347	ENSG00000253347	Shared	TK13	DEL	TK91,TK92	DEL	1	2
ENSG00000254409	ENSG00000254409	Shared	TK16	DEL	TK10,TK18	DEL	1	2
ENSG00000254501	ENSG00000254501	Shared	TK13	DEL	TK92,TK93	DEL	1	2
ENSG00000255158	ENSG00000255158	Shared	TK16	DEL	TK10,TK91	DEL	1	2
ENSG00000255165	ENSG00000255165	Shared	TK16	DEL	TK10,TK18	DEL	1	2
ENSG00000255173	ENSG00000255173	Shared	TK13	DEL	TK92,TK93	DEL	1	2
ENSG00000255639	ENSG00000255639	Shared	TK14	DEL	TK10,TK18	DEL	1	2
ENSG00000255730	ENSG00000255730	Shared	TK13,TK14	DEL	TK18	DEL	2	1
ENSG00000255753	ENSG00000255753	Shared	TK13,TK14	DEL	TK10	DEL	2	1
ENSG00000255872	ENSG00000255872	Shared	TK16	DEL	TK12,TK18	DEL	1	2
ENSG00000256673	ENSG00000256673	Shared	TK13,TK14	DEL	TK10	DEL	2	1
ENSG00000257270	ENSG00000257270	Shared	TK16	DEL	TK10,TK12	DEL	1	2
ENSG00000257341	ENSG00000257341	Shared	TK16	DEL	TK10,TK12	DEL	1	2
ENSG00000257464	ENSG00000257464	Shared	TK13,TK14	DEL	TK92	DEL	2	1
ENSG00000257954	ENSG00000257954	Shared	TK13,TK14	DEL	TK92	DEL	2	1
ENSG00000258199	ENSG00000258199	Shared	TK16	DEL	TK10,TK18	DEL	1	2
ENSG00000258355	ENSG00000258355	Shared	TK13,TK14	DEL	TK93	DEL	2	1
ENSG00000258424	ENSG00000258424	Shared	TK16	DEL	TK10,TK18	DEL	1	2
ENSG00000258478	ENSG00000258478	Shared	TK13,TK14	DEL	TK12	DEL	2	1
ENSG00000258521	ENSG00000258521	Shared	TK13,TK14	DEL	TK10	DEL	2	1
ENSG00000258632	ENSG00000258632	Shared	TK16	DEL	TK10,TK18	DEL	1	2
ENSG00000258959	ENSG00000258959	Shared	TK16	DEL	TK92,TK93	DEL	1	2
ENSG00000259132	ENSG00000259132	Shared	TK16	DEL	TK10,TK18	DEL	1	2
ENSG00000259171	ENSG00000259171	Shared	TK14	DEL	TK10,TK91	DEL	1	2
ENSG00000259231	ENSG00000259231	Shared	TK13,TK14	DEL	TK10	DEL	2	1
ENSG00000259376	ENSG00000259376	Shared	TK13,TK14	DEL	TK10	DEL	2	1
ENSG00000259742	ENSG00000259742	Shared	TK13,TK14	DEL	TK10	DEL	2	1
ENSG00000259755	ENSG00000259755	Shared	TK13	DEL	TK92,TK93	DEL	1	2
ENSG00000259984	ENSG00000259984	Shared	TK14	DEL	TK92,TK93	DEL	1	2
ENSG00000260012	ENSG00000260012	Shared	TK14,TK16	DEL	TK18	DEL	2	1
ENSG00000260063	ENSG00000260063	Shared	TK13	DEL	TK91,TK93	DEL	1	2
ENSG00000260774	ENSG00000260774	Shared	TK13,TK16	DEL	TK18	DEL	2	1
ENSG00000260793	ENSG00000260793	Shared	TK13,TK14	DEL	TK10	DEL	2	1
ENSG00000260865	ENSG00000260865	Shared	TK14	DEL	TK10,TK18	DEL	1	2
ENSG00000261067	ENSG00000261067	Shared	TK16	DEL	TK10,TK91	DEL	1	2
ENSG00000261369	ENSG00000261369	Shared	TK14,TK16	DEL	TK18	DEL	2	1
ENSG00000263895	ENSG00000263895	Shared	TK13,TK14	DEL	TK18	DEL	2	1
ENSG00000263990	ENSG00000263990	Shared	TK13	DEL	TK10,TK18	DEL	1	2
ENSG00000264044	ENSG00000264044	Shared	TK13	DEL	TK92,TK93	DEL	1	2
ENSG00000266893	ENSG00000266893	Shared	TK13,TK14	DEL	TK18	DEL	2	1
ENSG00000267033	ENSG00000267033	Shared	TK16	DEL	TK12,TK18	DEL	1	2
ENSG00000267092	ENSG00000267092	Shared	TK13,TK14	DEL	TK10	DEL	2	1
ENSG00000267243	ENSG00000267243	Shared	TK13,TK14	DEL	TK18	DEL	2	1
ENSG00000267317	ENSG00000267317	Shared	TK13,TK14	DEL	TK10	DEL	2	1
ENSG00000267423	ENSG00000267423	Shared	TK13,TK14	DEL	TK18	DEL	2	1
ENSG00000267474	ENSG00000267474	Shared	TK13,TK16	DEL	TK91	DEL	2	1
ENSG00000267787	ENSG00000267787	Shared	TK14	DEL	TK10,TK12	DEL	1	2
ENSG00000267838	ENSG00000267838	Shared	TK13,TK14	DEL	TK10	DEL	2	1
ENSG00000268496	ENSG00000268496	Shared	TK13,TK14	DEL	TK10	DEL	2	1
ENSG00000268643	ENSG00000268643	Shared	TK13	DEL	TK12,TK92	DEL	1	2
ENSG00000268798	ENSG00000268798	Shared	TK13,TK14	DEL	TK10	DEL	2	1
ENSG00000269179	ENSG00000269179	Shared	TK13,TK14	DEL	TK10	DEL	2	1
ENSG00000269873	ENSG00000269873	Shared	TK13,TK14	DEL	TK10	DEL	2	1
ENSG00000270118	ENSG00000270118	Shared	TK16	DEL	TK91,TK92	DEL	1	2
ENSG00000270434	ENSG00000270434	Shared	TK13	DEL	TK10,TK92	DEL	1	2
ENSG00000271214	ENSG00000271214	Shared	TK13,TK14	DEL	TK18	DEL	2	1
ENSG00000271437	ENSG00000271437	Shared	TK13,TK14	DEL	TK10	DEL	2	1
ENSG00000271623	ENSG00000271623	Shared	TK16	DEL	TK91,TK92	DEL	1	2
ENSG00000271793	ENSG00000271793	Shared	TK16	DEL	TK10,TK18	DEL	1	2
ENSG00000272407	ENSG00000272407	Shared	TK13	DEL	TK10,TK18	DEL	1	2
ENSG00000273154	ENSG00000273154	Shared	TK13,TK14	DEL	TK91	DEL	2	1
ENSG00000274501	ENSG00000274501	Shared	TK13,TK14	DEL	TK91	DEL	2	1
ENSG00000275210	ENSG00000275210	Shared	TK13,TK14	DEL	TK10	DEL	2	1
ENSG00000275413	ENSG00000275413	Shared	TK13,TK14	DEL	TK10	DEL	2	1
ENSG00000275515	ENSG00000275515	Shared	TK13,TK14	DEL	TK18	DEL	2	1
ENSG00000275654	ENSG00000275654	Shared	TK16	DEL	TK91,TK92	DEL	1	2
ENSG00000275674	ENSG00000275674	Shared	TK16	DEL	TK18,TK93	DEL	1	2
ENSG00000276259	ENSG00000276259	Shared	TK16	DEL	TK10,TK18	DEL	1	2
ENSG00000276934	ENSG00000276934	Shared	TK13,TK16	DEL	TK18	DEL	2	1
ENSG00000276952	ENSG00000276952	Shared	TK13	DEL	TK91,TK92	DEL	1	2
ENSG00000277170	ENSG00000277170	Shared	TK13,TK14	DEL	TK18	DEL	2	1
ENSG00000277440	ENSG00000277440	Shared	TK13,TK14	DEL	TK18	DEL	2	1
ENSG00000277911	ENSG00000277911	Shared	TK13,TK14	DEL	TK10	DEL	2	1
ENSG00000278215	ENSG00000278215	Shared	TK13,TK14	DEL	TK18	DEL	2	1
ENSG00000278341	ENSG00000278341	Shared	TK13	DEL	TK10,TK18	DEL	1	2
ENSG00000278513	ENSG00000278513	Shared	TK13,TK16	DEL	TK12	DEL	2	1
ENSG00000278635	ENSG00000278635	Shared	TK13,TK14	DEL	TK10	DEL	2	1
ENSG00000278952	ENSG00000278952	Shared	TK13	DEL	TK92,TK93	DEL	1	2
ENSG00000279080	ENSG00000279080	Shared	TK13	DEL	TK10,TK18	DEL	1	2
ENSG00000279203	ENSG00000279203	Shared	TK13,TK14	DEL	TK18	DEL	2	1
ENSG00000279722	ENSG00000279722	Shared	TK13,TK14	DEL	TK18	DEL	2	1
ENSG00000280042	ENSG00000280042	Shared	TK13,TK14	DEL	TK10	DEL	2	1
ENSG00000280153	ENSG00000280153	Shared	TK13	DEL	TK10,TK92	DEL	1	2
ENSG00000282740	ENSG00000282740	Shared	TK16	DEL	TK10,TK91	DEL	1	2
ENSG00000283156	ENSG00000283156	Shared	TK14	DEL	TK10,TK18	DEL	1	2
ENSG00000283375	ENSG00000283375	Shared	TK16	DEL	TK10,TK18	DEL	1	2
ENSG00000283393	ENSG00000283393	Shared	TK16	DEL	TK10,TK18	DEL	1	2
ENSG00000283483	ENSG00000283483	Shared	TK16	DEL	TK10,TK18	DEL	1	2
ENSG00000283515	ENSG00000283515	Shared	TK13,TK14	DEL	TK91	DEL	2	1
ENSG00000285000	ENSG00000285000	Shared	TK13,TK14	DEL	TK18	DEL	2	1
ENSG00000285245	ENSG00000285245	Shared	TK13,TK14	DEL	TK10	DEL	2	1
ENSG00000285531	ENSG00000285531	Shared	TK13,TK14	DEL	TK18	DEL	2	1
ENSG00000285658	ENSG00000285658	Shared	TK13,TK14	DEL	TK10	DEL	2	1
ENSG00000285693	ENSG00000285693	Shared	TK13,TK14	DEL	TK18	DEL	2	1
ENSG00000285942	ENSG00000285942	Shared	TK13,TK14	DEL	TK12	DEL	2	1
ENSG00000286098	ENSG00000286098	Shared	TK13,TK14	DEL	TK18	DEL	2	1
ENSG00000286244	ENSG00000286244	Shared	TK14,TK16	DEL	TK18	DEL	2	1
ENSG00000286268	ENSG00000286268	Shared	TK16	DEL	TK10,TK18	DEL	1	2
ENSG00000286911	ENSG00000286911	Shared	TK13,TK14	DEL	TK10	DEL	2	1
ENSG00000287055	ENSG00000287055	Shared	TK13,TK14	DEL	TK10	DEL	2	1
ENSG00000287266	ENSG00000287266	Shared	TK13,TK14	DEL	TK10	DEL	2	1
ENSG00000287269	ENSG00000287269	Shared	TK13	DEL	TK10,TK92	DEL	1	2
ENSG00000287288	ENSG00000287288	Shared	TK13,TK14	DEL	TK10	DEL	2	1
ENSG00000287328	ENSG00000287328	Shared	TK16	DEL	TK10,TK18	DEL	1	2
ENSG00000287377	ENSG00000287377	Shared	TK14,TK16	DEL	TK12	DEL	2	1
ENSG00000287456	ENSG00000287456	Shared	TK13,TK16	DEL	TK10	DEL	2	1
ENSG00000287518	ENSG00000287518	Shared	TK13,TK14	DEL	TK18	DEL	2	1
ENSG00000287577	ENSG00000287577	Shared	TK13,TK14	DEL	TK10	DEL	2	1
ENSG00000287735	ENSG00000287735	Shared	TK13,TK14	DEL	TK18	DEL	2	1
ENSG00000288031	ENSG00000288031	Shared	TK14	DEL	TK91,TK92	DEL	1	2
ENSG00000288636	ENSG00000288636	Shared	TK13,TK16	DEL	TK10	DEL	2	1
ENSG00000288674	ENSG00000288674	Shared	TK16	DEL	TK10,TK18	DEL	1	2
ENSG00000288742	ENSG00000288742	Shared	TK13,TK14	DEL	TK10	DEL	2	1
ENSG00000288877	ENSG00000288877	Shared	TK13,TK14	DEL	TK10	DEL	2	1
ENSG00000289088	ENSG00000289088	Shared	TK14	DEL	TK92,TK93	DEL	1	2
ENSG00000289698	ENSG00000289698	Shared	TK14,TK16	DEL	TK92	DEL	2	1
ENSG00000290006	ENSG00000290006	Shared	TK13	DEL	TK91,TK93	DEL	1	2
ENSG00000290111	ENSG00000290111	Shared	TK13,TK14	DEL	TK10	DEL	2	1
ENSG00000290460	ENSG00000290460	Shared	TK13	DEL	TK10,TK92	DEL	1	2
ENSG00000290817	ENSG00000290817	Shared	TK14	DEL	TK10,TK18	DEL	1	2
ENSG00000290850	ENSG00000290850	Shared	TK16	DEL	TK10,TK91	DEL	1	2
ENSG00000290933	ENSG00000290933	Shared	TK13,TK14	DEL	TK10	DEL	2	1
ENSG00000164307	ERAP1	Shared	TK16	DEL	TK91,TK92	DEL	1	2
ENSG00000133935	ERG28	Shared	TK13,TK16	DEL	TK10	DEL	2	1
ENSG00000104626	ERI1	Shared	TK14	DEL	TK18,TK91	DEL	1	2
ENSG00000105379	ETFB	Shared	TK13,TK14	DEL	TK93	DEL	2	1
ENSG00000105755	ETHE1	Shared	TK14	DEL	TK91,TK92	DEL	1	2
ENSG00000077348	EXOSC5	Shared	TK13,TK16	DEL	TK18	DEL	2	1
ENSG00000106462	EZH2	Shared	TK13	DEL	TK18,TK92	DEL	1	2
ENSG00000185504	FAAP100	Shared	TK16	DEL	TK10,TK18	DEL	1	2
ENSG00000113194	FAF2	Shared	TK13,TK14	DEL	TK18	DEL	2	1
ENSG00000189057	FAM111B	Shared	TK13	DEL	TK18,TK91	DEL	1	2
ENSG00000179083	FAM133A	Shared	TK13,TK14	DEL	TK18	DEL	2	1
ENSG00000138640	FAM13A	Shared	TK13,TK14	DEL	TK12	DEL	2	1
ENSG00000151327	FAM177A1	Shared	TK13,TK14	DEL	TK18	DEL	2	1
ENSG00000237840	FAM21FP	Shared	TK13	DEL	TK10,TK92	DEL	1	2
ENSG00000231934	FAM242A	Shared	TK13,TK14	DEL	TK10	DEL	2	1
ENSG00000231122	FAM25EP	Shared	TK13	DEL	TK10,TK92	DEL	1	2
ENSG00000290779	FAM25EP	Shared	TK13	DEL	TK10,TK92	DEL	1	2
ENSG00000105058	FAM32A	Shared	TK16	DEL	TK12,TK18	DEL	1	2
ENSG00000120709	FAM53C	Shared	TK16	DEL	TK91,TK93	DEL	1	2
ENSG00000119812	FAM98A	Shared	TK13,TK14	DEL	TK91	DEL	2	1
ENSG00000187741	FANCA	Shared	TK14	DEL	TK18,TK91	DEL	1	2
ENSG00000116120	FARSB	Shared	TK13,TK14	DEL	TK10	DEL	2	1
ENSG00000138399	FASTKD1	Shared	TK13,TK14	DEL	TK18	DEL	2	1
ENSG00000134452	FBH1	Shared	TK16	DEL	TK10,TK12	DEL	1	2
ENSG00000112234	FBXL4	Shared	TK13,TK14	DEL	TK93	DEL	2	1
ENSG00000135108	FBXO21	Shared	TK13,TK14	DEL	TK18	DEL	2	1
ENSG00000100225	FBXO7	Shared	TK13	DEL	TK10,TK18	DEL	1	2
ENSG00000112146	FBXO9	Shared	TK13,TK14	DEL	TK18	DEL	2	1
ENSG00000224727	FCF1P7	Shared	TK13,TK14	DEL	TK18	DEL	2	1
ENSG00000233980	FDPSP2	Shared	TK14	DEL	TK91,TK92	DEL	1	2
ENSG00000267673	FDX2	Shared	TK16	DEL	TK10,TK18	DEL	1	2
ENSG00000161513	FDXR	Shared	TK13,TK16	DEL	TK10	DEL	2	1
ENSG00000149781	FERMT3	Shared	TK16	DEL	TK10,TK91	DEL	1	2
ENSG00000151553	FHIP2A	Shared	TK13	DEL	TK10,TK92	DEL	1	2
ENSG00000214253	FIS1	Shared	TK16	DEL	TK10,TK18	DEL	1	2
ENSG00000197296	FITM2	Shared	TK16	DEL	TK10,TK18	DEL	1	2
ENSG00000059122	FLYWCH1	Shared	TK13,TK14	DEL	TK10	DEL	2	1
ENSG00000269955	FMC1-LUC7L2	Shared	TK16	DEL	TK12,TK18	DEL	1	2
ENSG00000141560	FN3KRP	Shared	TK13,TK14	DEL	TK12	DEL	2	1
ENSG00000179163	FUCA1	Shared	TK14,TK16	DEL	TK12	DEL	2	1
ENSG00000138757	G3BP2	Shared	TK13,TK14	DEL	TK10	DEL	2	1
ENSG00000171298	GAA	Shared	TK16	DEL	TK10,TK91	DEL	1	2
ENSG00000154727	GABPA	Shared	TK14,TK16	DEL	TK10	DEL	2	1
ENSG00000108479	GALK1	Shared	TK16	DEL	TK10,TK91	DEL	1	2
ENSG00000141012	GALNS	Shared	TK14	DEL	TK18,TK92	DEL	1	2
ENSG00000109534	GAR1	Shared	TK13,TK14	DEL	TK10	DEL	2	1
ENSG00000105607	GCDH	Shared	TK16	DEL	TK18,TK91	DEL	1	2
ENSG00000285815	GET1-SH3BGR	Shared	TK13,TK14	DEL	TK18	DEL	2	1
ENSG00000101193	GID8	Shared	TK16	DEL	TK10,TK18	DEL	1	2
ENSG00000108262	GIT1	Shared	TK13,TK16	DEL	TK10	DEL	2	1
ENSG00000139436	GIT2	Shared	TK13,TK14	DEL	TK91	DEL	2	1
ENSG00000198715	GLMP	Shared	TK13	DEL	TK10,TK92	DEL	1	2
ENSG00000016864	GLT8D1	Shared	TK13,TK14	DEL	TK93	DEL	2	1
ENSG00000185838	GNB1L	Shared	TK13,TK14	DEL	TK10	DEL	2	1
ENSG00000172354	GNB2	Shared	TK13	DEL	TK12,TK91	DEL	1	2
ENSG00000159921	GNE	Shared	TK13	DEL	TK10,TK92	DEL	1	2
ENSG00000204590	GNL1	Shared	TK13,TK16	DEL	TK10	DEL	2	1
ENSG00000255769	GOLGA2P10	Shared	TK16	DEL	TK10,TK18	DEL	1	2
ENSG00000173905	GOLIM4	Shared	TK13,TK14	DEL	TK10	DEL	2	1
ENSG00000137106	GRHPR	Shared	TK16	DEL	TK10,TK18	DEL	1	2
ENSG00000119041	GTF3C3	Shared	TK13,TK14	DEL	TK12	DEL	2	1
ENSG00000172432	GTPBP2	Shared	TK13,TK14	DEL	TK93	DEL	2	1
ENSG00000107937	GTPBP4	Shared	TK14,TK16	DEL	TK12	DEL	2	1
ENSG00000075218	GTSE1	Shared	TK13,TK14	DEL	TK18	DEL	2	1
ENSG00000180573	H2AC6	Shared	TK14	DEL	TK91,TK93	DEL	1	2
ENSG00000138029	HADHB	Shared	TK16	DEL	TK10,TK18	DEL	1	2
ENSG00000180353	HCLS1	Shared	TK13,TK14	DEL	TK12	DEL	2	1
ENSG00000094631	HDAC6	Shared	TK14,TK16	DEL	TK12	DEL	2	1
ENSG00000167674	HDGFL2	Shared	TK16	DEL	TK10,TK12	DEL	1	2
ENSG00000051620	HEBP2	Shared	TK13,TK16	DEL	TK93	DEL	2	1
ENSG00000258967	HMGN1P3	Shared	TK13,TK14	DEL	TK10	DEL	2	1
ENSG00000099783	HNRNPM	Shared	TK13,TK14	DEL	TK12	DEL	2	1
ENSG00000105323	HNRNPUL1	Shared	TK13,TK14	DEL	TK10	DEL	2	1
ENSG00000214753	HNRNPUL2	Shared	TK16	DEL	TK18,TK92	DEL	1	2
ENSG00000290292	HOMEZ	Shared	TK13,TK14	DEL	TK12	DEL	2	1
ENSG00000115756	HPCAL1	Shared	TK13,TK14	DEL	TK10	DEL	2	1
ENSG00000165704	HPRT1	Shared	TK13,TK14	DEL	TK10	DEL	2	1
ENSG00000100099	HPS4	Shared	TK13,TK14	DEL	TK10	DEL	2	1
ENSG00000197099	HRG-AS1	Shared	TK13,TK16	DEL	TK10	DEL	2	1
ENSG00000149084	HSD17B12	Shared	TK16	DEL	TK10,TK18	DEL	1	2
ENSG00000120694	HSPH1	Shared	TK13,TK16	DEL	TK10	DEL	2	1
ENSG00000122591	HYCC1	Shared	TK13,TK14	DEL	TK92	DEL	2	1
ENSG00000138413	IDH1	Shared	TK16	DEL	TK10,TK18	DEL	1	2
ENSG00000211968	IGHV1-58	Shared	TK13,TK14	DEL	TK10	DEL	2	1
ENSG00000253759	IGHV3-57	Shared	TK13,TK14	DEL	TK10	DEL	2	1
ENSG00000253742	IGHV3-60	Shared	TK13,TK14	DEL	TK10	DEL	2	1
ENSG00000253132	IGHV3-62	Shared	TK13,TK14	DEL	TK10	DEL	2	1
ENSG00000253936	IGHV3-63	Shared	TK13,TK14	DEL	TK10	DEL	2	1
ENSG00000223648	IGHV3-64	Shared	TK13,TK14	DEL	TK10	DEL	2	1
ENSG00000253209	IGHV3-65	Shared	TK13,TK14	DEL	TK10	DEL	2	1
ENSG00000211972	IGHV3-66	Shared	TK13,TK14	DEL	TK10	DEL	2	1
ENSG00000224373	IGHV4-59	Shared	TK13,TK14	DEL	TK10	DEL	2	1
ENSG00000211970	IGHV4-61	Shared	TK13,TK14	DEL	TK10	DEL	2	1
ENSG00000253131	IGHV7-56	Shared	TK13,TK14	DEL	TK10	DEL	2	1
ENSG00000254329	IGHVII-60-1	Shared	TK13,TK14	DEL	TK10	DEL	2	1
ENSG00000253747	IGHVII-62-1	Shared	TK13,TK14	DEL	TK10	DEL	2	1
ENSG00000253169	IGHVII-65-1	Shared	TK13,TK14	DEL	TK10	DEL	2	1
ENSG00000278857	IGKV1D-12	Shared	TK13,TK14	DEL	TK10	DEL	2	1
ENSG00000276566	IGKV1D-13	Shared	TK13,TK14	DEL	TK10	DEL	2	1
ENSG00000241244	IGKV1D-16	Shared	TK13,TK14	DEL	TK10	DEL	2	1
ENSG00000242766	IGKV1D-17	Shared	TK13,TK14	DEL	TK10	DEL	2	1
ENSG00000254292	IGKV2D-14	Shared	TK13,TK14	DEL	TK10	DEL	2	1
ENSG00000239951	IGKV3-20	Shared	TK13,TK16	DEL	TK12	DEL	2	1
ENSG00000224041	IGKV3D-15	Shared	TK13,TK14	DEL	TK10	DEL	2	1
ENSG00000211626	IGKV6D-41	Shared	TK13,TK14	DEL	TK10	DEL	2	1
ENSG00000254029	IGLC4	Shared	TK16	DEL	TK92,TK93	DEL	1	2
ENSG00000254030	IGLC5	Shared	TK16	DEL	TK92,TK93	DEL	1	2
ENSG00000222037	IGLC6	Shared	TK16	DEL	TK92,TK93	DEL	1	2
ENSG00000211685	IGLC7	Shared	TK16	DEL	TK92,TK93	DEL	1	2
ENSG00000211680	IGLJ4	Shared	TK16	DEL	TK92,TK93	DEL	1	2
ENSG00000211681	IGLJ5	Shared	TK16	DEL	TK92,TK93	DEL	1	2
ENSG00000211682	IGLJ6	Shared	TK16	DEL	TK92,TK93	DEL	1	2
ENSG00000211684	IGLJ7	Shared	TK16	DEL	TK92,TK93	DEL	1	2
ENSG00000095574	IKZF5	Shared	TK13,TK16	DEL	TK18	DEL	2	1
ENSG00000132305	IMMT	Shared	TK13,TK14	DEL	TK10	DEL	2	1
ENSG00000149503	INCENP	Shared	TK13,TK16	DEL	TK92	DEL	2	1
ENSG00000204084	INPP5B	Shared	TK13,TK16	DEL	TK92	DEL	2	1
ENSG00000132376	INPP5K	Shared	TK13,TK14	DEL	TK10	DEL	2	1
ENSG00000143624	INTS3	Shared	TK16	DEL	TK91,TK92	DEL	1	2
ENSG00000133704	IPO8	Shared	TK13,TK16	DEL	TK91	DEL	2	1
ENSG00000114473	IQCG	Shared	TK13,TK14	DEL	TK12	DEL	2	1
ENSG00000082781	ITGB5	Shared	TK13,TK14	DEL	TK10	DEL	2	1
ENSG00000244286	ITGB5-AS1	Shared	TK13,TK14	DEL	TK10	DEL	2	1
ENSG00000237351	ITPK1P1	Shared	TK13,TK14	DEL	TK10	DEL	2	1
ENSG00000138434	ITPRID2	Shared	TK13,TK14	DEL	TK18	DEL	2	1
ENSG00000077684	JADE1	Shared	TK14,TK16	DEL	TK18	DEL	2	1
ENSG00000050130	JKAMP	Shared	TK13,TK14	DEL	TK10	DEL	2	1
ENSG00000161677	JOSD2	Shared	TK16	DEL	TK10,TK18	DEL	1	2
ENSG00000114166	KAT2B	Shared	TK13	DEL	TK12,TK92	DEL	1	2
ENSG00000143603	KCNN3	Shared	TK13,TK14	DEL	TK10	DEL	2	1
ENSG00000229414	KCNQ1-AS1	Shared	TK13,TK14	DEL	TK18	DEL	2	1
ENSG00000073614	KDM5A	Shared	TK14	DEL	TK10,TK91	DEL	1	2
ENSG00000121774	KHDRBS1	Shared	TK13,TK14	DEL	TK10	DEL	2	1
ENSG00000079616	KIF22	Shared	TK13,TK16	DEL	TK91	DEL	2	1
ENSG00000137807	KIF23	Shared	TK13	DEL	TK91,TK93	DEL	1	2
ENSG00000101350	KIF3B	Shared	TK13	DEL	TK10,TK18	DEL	1	2
ENSG00000104970	KIR3DX1	Shared	TK13,TK14	DEL	TK10	DEL	2	1
ENSG00000109787	KLF3	Shared	TK14	DEL	TK92,TK93	DEL	1	2
ENSG00000165516	KLHDC2	Shared	TK13,TK14	DEL	TK12	DEL	2	1
ENSG00000117153	KLHL12	Shared	TK13,TK14	DEL	TK93	DEL	2	1
ENSG00000128944	KNSTRN	Shared	TK13,TK16	DEL	TK18	DEL	2	1
ENSG00000129347	KRI1	Shared	TK16	DEL	TK10,TK18	DEL	1	2
ENSG00000137944	KYAT3	Shared	TK13,TK14	DEL	TK12	DEL	2	1
ENSG00000167618	LAIR2	Shared	TK13,TK14	DEL	TK10	DEL	2	1
ENSG00000068697	LAPTM4A	Shared	TK13,TK14	DEL	TK93	DEL	2	1
ENSG00000198728	LDB1	Shared	TK13,TK14	DEL	TK10	DEL	2	1
ENSG00000157978	LDLRAP1	Shared	TK13,TK14	DEL	TK18	DEL	2	1
ENSG00000226696	LENG8-AS1	Shared	TK13,TK14	DEL	TK10	DEL	2	1
ENSG00000275183	LENG9	Shared	TK13,TK14	DEL	TK10	DEL	2	1
ENSG00000145685	LHFPL2	Shared	TK13,TK14	DEL	TK91	DEL	2	1
ENSG00000239961	LILRA4	Shared	TK13,TK14	DEL	TK10	DEL	2	1
ENSG00000278811	LINC00624	Shared	TK13,TK14	DEL	TK10	DEL	2	1
ENSG00000260423	LINC02367	Shared	TK13,TK14	DEL	TK10	DEL	2	1
ENSG00000107798	LIPA	Shared	TK13,TK14	DEL	TK10	DEL	2	1
ENSG00000204052	LRRC73	Shared	TK13,TK14	DEL	TK10	DEL	2	1
ENSG00000146006	LRRTM2	Shared	TK13,TK14	DEL	TK18	DEL	2	1
ENSG00000160285	LSS	Shared	TK13,TK14	DEL	TK10	DEL	2	1
ENSG00000204178	MACO1	Shared	TK13,TK14	DEL	TK10	DEL	2	1
ENSG00000113648	MACROH2A1	Shared	TK13,TK14	DEL	TK10	DEL	2	1
ENSG00000164109	MAD2L1	Shared	TK13,TK16	DEL	TK10	DEL	2	1
ENSG00000156928	MALSU1	Shared	TK13,TK14	DEL	TK18	DEL	2	1
ENSG00000114738	MAPKAPK3	Shared	TK13,TK14	DEL	TK18	DEL	2	1
ENSG00000038274	MAT2B	Shared	TK13	DEL	TK91,TK92	DEL	1	2
ENSG00000243368	MCCC1-AS1	Shared	TK13,TK14	DEL	TK91	DEL	2	1
ENSG00000140563	MCTP2	Shared	TK16	DEL	TK10,TK18	DEL	1	2
ENSG00000111554	MDM1	Shared	TK16	DEL	TK10,TK18	DEL	1	2
ENSG00000163875	MEAF6	Shared	TK13,TK14	DEL	TK10	DEL	2	1
ENSG00000165304	MELK	Shared	TK14	DEL	TK10,TK18	DEL	1	2
ENSG00000176624	MEX3C	Shared	TK13,TK14	DEL	TK18	DEL	2	1
ENSG00000168958	MFF	Shared	TK13,TK16	DEL	TK18	DEL	2	1
ENSG00000161091	MFSD12	Shared	TK13,TK14	DEL	TK18	DEL	2	1
ENSG00000131446	MGAT1	Shared	TK13,TK14	DEL	TK18	DEL	2	1
ENSG00000116691	MIIP	Shared	TK13,TK14	DEL	TK10	DEL	2	1
ENSG00000265879	MIR4748	Shared	TK13,TK14	DEL	TK18	DEL	2	1
ENSG00000207573	MIR550A2	Shared	TK13,TK14	DEL	TK18	DEL	2	1
ENSG00000283461	MIR550B2	Shared	TK13,TK14	DEL	TK18	DEL	2	1
ENSG00000263675	MIR5581	Shared	TK13,TK14	DEL	TK10	DEL	2	1
ENSG00000207561	MIR635	Shared	TK13	DEL	TK10,TK18	DEL	1	2
ENSG00000275107	MIR6782	Shared	TK13,TK14	DEL	TK10	DEL	2	1
ENSG00000275429	MIR6862-1	Shared	TK16	DEL	TK91,TK92	DEL	1	2
ENSG00000187098	MITF	Shared	TK13,TK14	DEL	TK93	DEL	2	1
ENSG00000213190	MLLT11	Shared	TK13,TK14	DEL	TK10	DEL	2	1
ENSG00000060762	MPC1	Shared	TK13,TK14	DEL	TK18	DEL	2	1
ENSG00000166902	MRPL16	Shared	TK16	DEL	TK10,TK18	DEL	1	2
ENSG00000183617	MRPL54	Shared	TK16	DEL	TK10,TK18	DEL	1	2
ENSG00000090263	MRPS33	Shared	TK14,TK16	DEL	TK18	DEL	2	1
ENSG00000182979	MTA1	Shared	TK16	DEL	TK10,TK12	DEL	1	2
ENSG00000120832	MTERF2	Shared	TK14,TK16	DEL	TK18	DEL	2	1
ENSG00000148824	MTG1	Shared	TK13	DEL	TK10,TK18	DEL	1	2
ENSG00000085760	MTIF2	Shared	TK16	DEL	TK18,TK91	DEL	1	2
ENSG00000063601	MTMR1	Shared	TK14	DEL	TK91,TK93	DEL	1	2
ENSG00000141971	MVB12A	Shared	TK13	DEL	TK91,TK92	DEL	1	2
ENSG00000104177	MYEF2	Shared	TK16	DEL	TK10,TK18	DEL	1	2
ENSG00000275901	Metazoa_SRP	Shared	TK16	DEL	TK12,TK18	DEL	1	2
ENSG00000276823	Metazoa_SRP	Shared	TK16	DEL	TK10,TK18	DEL	1	2
ENSG00000168060	NAALADL1	Shared	TK13	DEL	TK92,TK93	DEL	1	2
ENSG00000159593	NAE1	Shared	TK13	DEL	TK10,TK18	DEL	1	2
ENSG00000213995	NAXD	Shared	TK16	DEL	TK91,TK92	DEL	1	2
ENSG00000151503	NCAPD3	Shared	TK16	DEL	TK10,TK18	DEL	1	2
ENSG00000196498	NCOR2	Shared	TK14	DEL	TK12,TK93	DEL	1	2
ENSG00000125356	NDUFA1	Shared	TK16	DEL	TK10,TK18	DEL	1	2
ENSG00000151366	NDUFC2	Shared	TK13,TK14	DEL	TK18	DEL	2	1
ENSG00000125967	NECAB3	Shared	TK14	DEL	TK10,TK18	DEL	1	2
ENSG00000165525	NEMF	Shared	TK13,TK14	DEL	TK12	DEL	2	1
ENSG00000104825	NFKBIB	Shared	TK13,TK16	DEL	TK18	DEL	2	1
ENSG00000151092	NGLY1	Shared	TK13,TK14	DEL	TK18	DEL	2	1
ENSG00000065054	NHERF2	Shared	TK13,TK14	DEL	TK10	DEL	2	1
ENSG00000010322	NISCH	Shared	TK14	DEL	TK18,TK93	DEL	1	2
ENSG00000114857	NKTR	Shared	TK13,TK16	DEL	TK18	DEL	2	1
ENSG00000243678	NME2	Shared	TK16	DEL	TK10,TK18	DEL	1	2
ENSG00000141101	NOB1	Shared	TK13,TK16	DEL	TK10	DEL	2	1
ENSG00000103226	NOMO3	Shared	TK13,TK14	DEL	TK92	DEL	2	1
ENSG00000149308	NPAT	Shared	TK13,TK14	DEL	TK91	DEL	2	1
ENSG00000198156	NPIPB6	Shared	TK16	DEL	TK91,TK92	DEL	1	2
ENSG00000156642	NPTN	Shared	TK13,TK14	DEL	TK10	DEL	2	1
ENSG00000281183	NPTN-IT1	Shared	TK13,TK14	DEL	TK10	DEL	2	1
ENSG00000119720	NRDE2	Shared	TK16	DEL	TK91,TK92	DEL	1	2
ENSG00000124785	NRN1	Shared	TK13,TK14	DEL	TK18	DEL	2	1
ENSG00000141698	NT5C3B	Shared	TK14,TK16	DEL	TK10	DEL	2	1
ENSG00000168268	NT5DC2	Shared	TK16	DEL	TK12,TK18	DEL	1	2
ENSG00000170502	NUDT9	Shared	TK13,TK14	DEL	TK10	DEL	2	1
ENSG00000108256	NUFIP2	Shared	TK16	DEL	TK18,TK92	DEL	1	2
ENSG00000105245	NUMBL	Shared	TK13	DEL	TK10,TK92	DEL	1	2
ENSG00000113569	NUP155	Shared	TK13	DEL	TK10,TK18	DEL	1	2
ENSG00000110713	NUP98	Shared	TK13,TK14	DEL	TK93	DEL	2	1
ENSG00000182379	NXPH4	Shared	TK13,TK14	DEL	TK10	DEL	2	1
ENSG00000109180	OCIAD1	Shared	TK13,TK14	DEL	TK91	DEL	2	1
ENSG00000198408	OGA	Shared	TK16	DEL	TK10,TK18	DEL	1	2
ENSG00000060491	OGFR	Shared	TK16	DEL	TK10,TK18	DEL	1	2
ENSG00000138430	OLA1	Shared	TK13,TK14	DEL	TK18	DEL	2	1
ENSG00000235823	OLMALINC	Shared	TK13,TK14	DEL	TK18	DEL	2	1
ENSG00000125741	OPA3	Shared	TK13	DEL	TK91,TK93	DEL	1	2
ENSG00000054277	OPN3	Shared	TK14	DEL	TK91,TK92	DEL	1	2
ENSG00000085840	ORC1	Shared	TK16	DEL	TK12,TK91	DEL	1	2
ENSG00000115942	ORC2	Shared	TK14,TK16	DEL	TK18	DEL	2	1
ENSG00000128699	ORMDL1	Shared	TK13,TK14	DEL	TK18	DEL	2	1
ENSG00000154814	OXNAD1	Shared	TK16	DEL	TK10,TK18	DEL	1	2
ENSG00000175575	PAAF1	Shared	TK13,TK14	DEL	TK10	DEL	2	1
ENSG00000101104	PABPC1L	Shared	TK13,TK14	DEL	TK10	DEL	2	1
ENSG00000228060	PABPC4-AS1	Shared	TK16	DEL	TK12,TK18	DEL	1	2
ENSG00000007168	PAFAH1B1	Shared	TK13,TK14	DEL	TK10	DEL	2	1
ENSG00000125779	PANK2	Shared	TK14,TK16	DEL	TK18	DEL	2	1
ENSG00000177425	PAWR	Shared	TK13,TK14	DEL	TK18	DEL	2	1
ENSG00000159086	PAXBP1	Shared	TK14	DEL	TK92,TK93	DEL	1	2
ENSG00000168078	PBK	Shared	TK14	DEL	TK91,TK92	DEL	1	2
ENSG00000156453	PCDH1	Shared	TK16	DEL	TK10,TK12	DEL	1	2
ENSG00000078674	PCM1	Shared	TK14	DEL	TK18,TK92	DEL	1	2
ENSG00000203880	PCMTD2	Shared	TK13,TK16	DEL	TK18	DEL	2	1
ENSG00000115257	PCSK4	Shared	TK13,TK14	DEL	TK10	DEL	2	1
ENSG00000105185	PDCD5	Shared	TK13,TK16	DEL	TK10	DEL	2	1
ENSG00000170248	PDCD6IP	Shared	TK13,TK14	DEL	TK18	DEL	2	1
ENSG00000115539	PDCL3	Shared	TK16	DEL	TK12,TK18	DEL	1	2
ENSG00000131828	PDHA1	Shared	TK14	DEL	TK10,TK18	DEL	1	2
ENSG00000233360	PDXP-DT	Shared	TK16	DEL	TK10,TK18	DEL	1	2
ENSG00000197329	PELI1	Shared	TK13,TK14	DEL	TK93	DEL	2	1
ENSG00000139197	PEX5	Shared	TK13,TK14	DEL	TK10	DEL	2	1
ENSG00000254512	PHB1P2	Shared	TK16	DEL	TK10,TK18	DEL	1	2
ENSG00000136147	PHF11	Shared	TK13,TK14	DEL	TK91	DEL	2	1
ENSG00000172943	PHF8	Shared	TK16	DEL	TK10,TK18	DEL	1	2
ENSG00000146247	PHIP	Shared	TK14	DEL	TK10,TK91	DEL	1	2
ENSG00000067177	PHKA1	Shared	TK13,TK14	DEL	TK12	DEL	2	1
ENSG00000051382	PIK3CB	Shared	TK14,TK16	DEL	TK18	DEL	2	1
ENSG00000085514	PILRA	Shared	TK14	DEL	TK91,TK92	DEL	1	2
ENSG00000150867	PIP4K2A	Shared	TK13,TK14	DEL	TK10	DEL	2	1
ENSG00000166908	PIP4K2C	Shared	TK16	DEL	TK10,TK18	DEL	1	2
ENSG00000137055	PLAA	Shared	TK16	DEL	TK91,TK92	DEL	1	2
ENSG00000176485	PLAAT3	Shared	TK16	DEL	TK10,TK18	DEL	1	2
ENSG00000175895	PLEKHF2	Shared	TK13,TK14	DEL	TK10	DEL	2	1
ENSG00000185988	PLK5	Shared	TK13,TK14	DEL	TK10	DEL	2	1
ENSG00000165688	PMPCA	Shared	TK16	DEL	TK10,TK18	DEL	1	2
ENSG00000115946	PNO1	Shared	TK16	DEL	TK18,TK93	DEL	1	2
ENSG00000004142	POLDIP2	Shared	TK13,TK14	DEL	TK12	DEL	2	1
ENSG00000140521	POLG	Shared	TK14	DEL	TK92,TK93	DEL	1	2
ENSG00000170734	POLH	Shared	TK13,TK16	DEL	TK92	DEL	2	1
ENSG00000171453	POLR1C	Shared	TK13,TK14	DEL	TK10	DEL	2	1
ENSG00000099817	POLR2E	Shared	TK16	DEL	TK18,TK92	DEL	1	2
ENSG00000168002	POLR2G	Shared	TK16	DEL	TK10,TK18	DEL	1	2
ENSG00000100614	PPM1A	Shared	TK13,TK14	DEL	TK92	DEL	2	1
ENSG00000125503	PPP1R12C	Shared	TK13	DEL	TK10,TK12	DEL	1	2
ENSG00000104695	PPP2CB	Shared	TK13,TK16	DEL	TK18	DEL	2	1
ENSG00000221914	PPP2R2A	Shared	TK13	DEL	TK12,TK18	DEL	1	2
ENSG00000120910	PPP3CC	Shared	TK14,TK16	DEL	TK18	DEL	2	1
ENSG00000258725	PRC1-AS1	Shared	TK16	DEL	TK10,TK18	DEL	1	2
ENSG00000108946	PRKAR1A	Shared	TK14,TK16	DEL	TK10	DEL	2	1
ENSG00000163932	PRKCD	Shared	TK13	DEL	TK10,TK18	DEL	1	2
ENSG00000105287	PRKD2	Shared	TK14	DEL	TK91,TK92	DEL	1	2
ENSG00000180228	PRKRA	Shared	TK13,TK14	DEL	TK12	DEL	2	1
ENSG00000126464	PRR12	Shared	TK16	DEL	TK10,TK18	DEL	1	2
ENSG00000008018	PSMB1	Shared	TK13,TK14	DEL	TK10	DEL	2	1
ENSG00000243410	PSMD6-AS1	Shared	TK14	DEL	TK92,TK93	DEL	1	2
ENSG00000103035	PSMD7	Shared	TK16	DEL	TK10,TK18	DEL	1	2
ENSG00000180822	PSMG4	Shared	TK13,TK14	DEL	TK18	DEL	2	1
ENSG00000132300	PTCD3	Shared	TK13,TK16	DEL	TK10	DEL	2	1
ENSG00000241472	PTPRG-AS1	Shared	TK13,TK16	DEL	TK10	DEL	2	1
ENSG00000171813	PWWP2B	Shared	TK13,TK14	DEL	TK10	DEL	2	1
ENSG00000170473	PYM1	Shared	TK13,TK14	DEL	TK10	DEL	2	1
ENSG00000112531	QKI	Shared	TK13,TK14	DEL	TK18	DEL	2	1
ENSG00000116260	QSOX1	Shared	TK13	DEL	TK18,TK92	DEL	1	2
ENSG00000151576	QTRT2	Shared	TK13	DEL	TK10,TK93	DEL	1	2
ENSG00000048991	R3HDM1	Shared	TK13,TK16	DEL	TK92	DEL	2	1
ENSG00000179912	R3HDM2	Shared	TK13,TK14	DEL	TK10	DEL	2	1
ENSG00000101084	RAB5IF	Shared	TK16	DEL	TK10,TK18	DEL	1	2
ENSG00000152061	RABGAP1L	Shared	TK13,TK14	DEL	TK91	DEL	2	1
ENSG00000100401	RANGAP1	Shared	TK16	DEL	TK10,TK18	DEL	1	2
ENSG00000123728	RAP2C	Shared	TK14,TK16	DEL	TK93	DEL	2	1
ENSG00000161847	RAVER1	Shared	TK16	DEL	TK10,TK18	DEL	1	2
ENSG00000023287	RB1CC1	Shared	TK13,TK14	DEL	TK91	DEL	2	1
ENSG00000182872	RBM10	Shared	TK13,TK14	DEL	TK10	DEL	2	1
ENSG00000134453	RBM17	Shared	TK13,TK14	DEL	TK10	DEL	2	1
ENSG00000131051	RBM39	Shared	TK13,TK14	DEL	TK18	DEL	2	1
ENSG00000004534	RBM6	Shared	TK13,TK14	DEL	TK10	DEL	2	1
ENSG00000136144	RCBTB1	Shared	TK13,TK14	DEL	TK91	DEL	2	1
ENSG00000104856	RELB	Shared	TK13,TK14	DEL	TK12	DEL	2	1
ENSG00000132005	RFX1	Shared	TK13,TK16	DEL	TK10	DEL	2	1
ENSG00000133111	RFXAP	Shared	TK13,TK14	DEL	TK18	DEL	2	1
ENSG00000169220	RGS14	Shared	TK16	DEL	TK10,TK18	DEL	1	2
ENSG00000108370	RGS9	Shared	TK13,TK14	DEL	TK12	DEL	2	1
ENSG00000173156	RHOD	Shared	TK13,TK14	DEL	TK10	DEL	2	1
ENSG00000158106	RHPN1	Shared	TK13,TK14	DEL	TK10	DEL	2	1
ENSG00000153561	RMND5A	Shared	TK13,TK14	DEL	TK18	DEL	2	1
ENSG00000239316	RN7SL11P	Shared	TK13,TK14	DEL	TK10	DEL	2	1
ENSG00000239868	RN7SL34P	Shared	TK13,TK14	DEL	TK10	DEL	2	1
ENSG00000241665	RN7SL418P	Shared	TK13,TK14	DEL	TK93	DEL	2	1
ENSG00000243227	RN7SL55P	Shared	TK13	DEL	TK10,TK91	DEL	1	2
ENSG00000241983	RN7SL566P	Shared	TK13,TK14	DEL	TK18	DEL	2	1
ENSG00000264113	RN7SL784P	Shared	TK13,TK16	DEL	TK10	DEL	2	1
ENSG00000223086	RNA5SP155	Shared	TK13,TK14	DEL	TK18	DEL	2	1
ENSG00000201736	RNA5SP160	Shared	TK13,TK14	DEL	TK91	DEL	2	1
ENSG00000202356	RNA5SP277	Shared	TK13,TK14	DEL	TK18	DEL	2	1
ENSG00000199480	RNA5SP389	Shared	TK13,TK14	DEL	TK10	DEL	2	1
ENSG00000252060	RNA5SP464	Shared	TK13,TK14	DEL	TK18	DEL	2	1
ENSG00000141576	RNF157	Shared	TK14,TK16	DEL	TK10	DEL	2	1
ENSG00000212424	RNU1-119P	Shared	TK13,TK14	DEL	TK10	DEL	2	1
ENSG00000207389	RNU1-4	Shared	TK16	DEL	TK10,TK91	DEL	1	2
ENSG00000251994	RNU2-27P	Shared	TK13,TK16	DEL	TK10	DEL	2	1
ENSG00000252117	RNU6-1108P	Shared	TK13,TK14	DEL	TK10	DEL	2	1
ENSG00000207076	RNU6-1113P	Shared	TK13,TK14	DEL	TK10	DEL	2	1
ENSG00000206892	RNU6-42P	Shared	TK13,TK14	DEL	TK92	DEL	2	1
ENSG00000200086	RNU6-433P	Shared	TK14,TK16	DEL	TK10	DEL	2	1
ENSG00000207457	RNU6-476P	Shared	TK13,TK14	DEL	TK18	DEL	2	1
ENSG00000200882	RNU6-681P	Shared	TK14	DEL	TK10,TK12	DEL	1	2
ENSG00000272337	RNU6-90P	Shared	TK13	DEL	TK92,TK93	DEL	1	2
ENSG00000212240	RNU6-930P	Shared	TK13,TK14	DEL	TK18	DEL	2	1
ENSG00000238364	RNU7-140P	Shared	TK14,TK16	DEL	TK10	DEL	2	1
ENSG00000251914	RNU7-200P	Shared	TK13,TK14	DEL	TK10	DEL	2	1
ENSG00000252206	RNU7-40P	Shared	TK16	DEL	TK91,TK92	DEL	1	2
ENSG00000251991	RNU7-49P	Shared	TK16	DEL	TK10,TK18	DEL	1	2
ENSG00000243721	RPL23AP63	Shared	TK16	DEL	TK10,TK18	DEL	1	2
ENSG00000242748	RPL23AP81	Shared	TK13	DEL	TK10,TK18	DEL	1	2
ENSG00000184319	RPL23AP82	Shared	TK13,TK14	DEL	TK18	DEL	2	1
ENSG00000262959	RPL23AP86	Shared	TK13,TK14	DEL	TK10	DEL	2	1
ENSG00000071082	RPL31	Shared	TK13,TK16	DEL	TK12	DEL	2	1
ENSG00000235776	RPL7AP70	Shared	TK13,TK14	DEL	TK10	DEL	2	1
ENSG00000115268	RPS15	Shared	TK13,TK14	DEL	TK10	DEL	2	1
ENSG00000232134	RPS15AP12	Shared	TK16	DEL	TK10,TK18	DEL	1	2
ENSG00000240616	RPS6P25	Shared	TK16	DEL	TK18,TK91	DEL	1	2
ENSG00000187257	RSBN1L	Shared	TK13,TK14	DEL	TK92	DEL	2	1
ENSG00000189171	S100A13	Shared	TK13,TK14	DEL	TK10	DEL	2	1
ENSG00000142230	SAE1	Shared	TK16	DEL	TK10,TK18	DEL	1	2
ENSG00000262480	SAMD11P1	Shared	TK13,TK14	DEL	TK10	DEL	2	1
ENSG00000179134	SAMD4B	Shared	TK13,TK14	DEL	TK18	DEL	2	1
ENSG00000155307	SAMSN1	Shared	TK13,TK14	DEL	TK18	DEL	2	1
ENSG00000123453	SARDH	Shared	TK13,TK14	DEL	TK10	DEL	2	1
ENSG00000139218	SCAF11	Shared	TK14	DEL	TK18,TK92	DEL	1	2
ENSG00000249784	SCARNA22	Shared	TK13,TK14	DEL	TK10	DEL	2	1
ENSG00000010803	SCMH1	Shared	TK13,TK14	DEL	TK92	DEL	2	1
ENSG00000054282	SDCCAG8	Shared	TK13,TK14	DEL	TK18	DEL	2	1
ENSG00000213693	SEC14L1P1	Shared	TK16	DEL	TK10,TK18	DEL	1	2
ENSG00000265808	SEC22B	Shared	TK13	DEL	TK91,TK92	DEL	1	2
ENSG00000093183	SEC22C	Shared	TK13,TK14	DEL	TK10	DEL	2	1
ENSG00000100934	SEC23A	Shared	TK13,TK14	DEL	TK18	DEL	2	1
ENSG00000138802	SEC24B	Shared	TK13	DEL	TK10,TK91	DEL	1	2
ENSG00000187764	SEMA4D	Shared	TK13,TK14	DEL	TK92	DEL	2	1
ENSG00000130766	SESN2	Shared	TK13	DEL	TK10,TK18	DEL	1	2
ENSG00000099381	SETD1A	Shared	TK14	DEL	TK12,TK91	DEL	1	2
ENSG00000136169	SETDB2	Shared	TK13,TK14	DEL	TK91	DEL	2	1
ENSG00000198879	SFMBT2	Shared	TK16	DEL	TK91,TK93	DEL	1	2
ENSG00000147010	SH3KBP1	Shared	TK13,TK14	DEL	TK18	DEL	2	1
ENSG00000267691	SHC1P2	Shared	TK13,TK14	DEL	TK10	DEL	2	1
ENSG00000198677	SKIC3	Shared	TK13,TK16	DEL	TK18	DEL	2	1
ENSG00000163950	SLBP	Shared	TK13,TK16	DEL	TK18	DEL	2	1
ENSG00000139370	SLC15A4	Shared	TK14	DEL	TK91,TK92	DEL	1	2
ENSG00000101194	SLC17A9	Shared	TK16	DEL	TK10,TK18	DEL	1	2
ENSG00000173638	SLC19A1	Shared	TK16	DEL	TK92,TK93	DEL	1	2
ENSG00000115840	SLC25A12	Shared	TK13,TK16	DEL	TK18	DEL	2	1
ENSG00000125454	SLC25A19	Shared	TK13,TK14	DEL	TK18	DEL	2	1
ENSG00000112759	SLC29A1	Shared	TK13,TK14	DEL	TK93	DEL	2	1
ENSG00000145740	SLC30A5	Shared	TK14,TK16	DEL	TK18	DEL	2	1
ENSG00000102100	SLC35A2	Shared	TK13,TK16	DEL	TK18	DEL	2	1
ENSG00000138459	SLC35A5	Shared	TK14	DEL	TK91,TK93	DEL	1	2
ENSG00000110660	SLC35F2	Shared	TK13,TK14	DEL	TK10	DEL	2	1
ENSG00000176463	SLCO3A1	Shared	TK16	DEL	TK91,TK92	DEL	1	2
ENSG00000250902	SMAD1-AS1	Shared	TK13,TK14	DEL	TK93	DEL	2	1
ENSG00000080503	SMARCA2	Shared	TK13,TK14	DEL	TK10	DEL	2	1
ENSG00000236199	SMARCA2-AS1	Shared	TK13,TK14	DEL	TK10	DEL	2	1
ENSG00000066117	SMARCD1	Shared	TK13,TK16	DEL	TK93	DEL	2	1
ENSG00000200394	SNORA38B	Shared	TK16	DEL	TK18,TK93	DEL	1	2
ENSG00000201457	SNORA55	Shared	TK16	DEL	TK12,TK18	DEL	1	2
ENSG00000222489	SNORA79B	Shared	TK13,TK14	DEL	TK18	DEL	2	1
ENSG00000275084	SNORD91B	Shared	TK13,TK16	DEL	TK18	DEL	2	1
ENSG00000168566	SNRNP48	Shared	TK16	DEL	TK10,TK18	DEL	1	2
ENSG00000124562	SNRPC	Shared	TK13,TK16	DEL	TK10	DEL	2	1
ENSG00000236577	SNRPGP14	Shared	TK13,TK14	DEL	TK91	DEL	2	1
ENSG00000100138	SNU13	Shared	TK13,TK14	DEL	TK18	DEL	2	1
ENSG00000147164	SNX12	Shared	TK16	DEL	TK10,TK18	DEL	1	2
ENSG00000071189	SNX13	Shared	TK13,TK14	DEL	TK10	DEL	2	1
ENSG00000089006	SNX5	Shared	TK13,TK16	DEL	TK18	DEL	2	1
ENSG00000180008	SOCS4	Shared	TK14	DEL	TK91,TK92	DEL	1	2
ENSG00000259479	SORD2P	Shared	TK13,TK14	DEL	TK10	DEL	2	1
ENSG00000008294	SPAG9	Shared	TK14	DEL	TK10,TK12	DEL	1	2
ENSG00000123352	SPATS2	Shared	TK13,TK14	DEL	TK92	DEL	2	1
ENSG00000258555	SPECC1L-ADORA2A	Shared	TK14	DEL	TK10,TK18	DEL	1	2
ENSG00000171621	SPSB1	Shared	TK14	DEL	TK10,TK91	DEL	1	2
ENSG00000249700	SRD5A3-AS1	Shared	TK13,TK16	DEL	TK18	DEL	2	1
ENSG00000112081	SRSF3	Shared	TK16	DEL	TK10,TK18	DEL	1	2
ENSG00000141380	SS18	Shared	TK16	DEL	TK10,TK93	DEL	1	2
ENSG00000106028	SSBP1	Shared	TK13	DEL	TK10,TK18	DEL	1	2
ENSG00000149418	ST14	Shared	TK13,TK14	DEL	TK12	DEL	2	1
ENSG00000110080	ST3GAL4	Shared	TK13,TK14	DEL	TK18	DEL	2	1
ENSG00000118007	STAG1	Shared	TK13,TK16	DEL	TK12	DEL	2	1
ENSG00000124356	STAMBP	Shared	TK14,TK16	DEL	TK18	DEL	2	1
ENSG00000170581	STAT2	Shared	TK16	DEL	TK91,TK92	DEL	1	2
ENSG00000229867	STEAP3-AS1	Shared	TK13	DEL	TK91,TK92	DEL	1	2
ENSG00000102572	STK24	Shared	TK13,TK14	DEL	TK10	DEL	2	1
ENSG00000196182	STK40	Shared	TK13,TK14	DEL	TK10	DEL	2	1
ENSG00000239605	STPG4	Shared	TK13,TK14	DEL	TK18	DEL	2	1
ENSG00000094975	SUCO	Shared	TK14	DEL	TK10,TK18	DEL	1	2
ENSG00000137573	SULF1	Shared	TK16	DEL	TK10,TK18	DEL	1	2
ENSG00000235082	SUMO1P3	Shared	TK13,TK14	DEL	TK91	DEL	2	1
ENSG00000198168	SVIP	Shared	TK13,TK16	DEL	TK10	DEL	2	1
ENSG00000131018	SYNE1	Shared	TK13	DEL	TK18,TK91	DEL	1	2
ENSG00000100324	TAB1	Shared	TK13,TK14	DEL	TK10	DEL	2	1
ENSG00000171530	TBCA	Shared	TK13,TK14	DEL	TK10	DEL	2	1
ENSG00000198933	TBKBP1	Shared	TK13,TK14	DEL	TK10	DEL	2	1
ENSG00000183397	TEKTIP1	Shared	TK13,TK14	DEL	TK18	DEL	2	1
ENSG00000121274	TENT4B	Shared	TK13,TK14	DEL	TK91	DEL	2	1
ENSG00000136891	TEX10	Shared	TK13,TK14	DEL	TK91	DEL	2	1
ENSG00000114354	TFG	Shared	TK16	DEL	TK10,TK18	DEL	1	2
ENSG00000259399	TGIF2-RAB5IF	Shared	TK13,TK16	DEL	TK93	DEL	2	1
ENSG00000134077	THUMPD3	Shared	TK13	DEL	TK92,TK93	DEL	1	2
ENSG00000265354	TIMM23	Shared	TK13,TK14	DEL	TK92	DEL	2	1
ENSG00000113845	TIMMDC1	Shared	TK13,TK14	DEL	TK92	DEL	2	1
ENSG00000163659	TIPARP	Shared	TK14	DEL	TK10,TK18	DEL	1	2
ENSG00000167900	TK1	Shared	TK13,TK14	DEL	TK91	DEL	2	1
ENSG00000140332	TLE3	Shared	TK13,TK16	DEL	TK18	DEL	2	1
ENSG00000198586	TLK1	Shared	TK14	DEL	TK18,TK92	DEL	1	2
ENSG00000143183	TMCO1	Shared	TK13	DEL	TK10,TK18	DEL	1	2
ENSG00000184986	TMEM121	Shared	TK16	DEL	TK10,TK12	DEL	1	2
ENSG00000146859	TMEM140	Shared	TK13,TK14	DEL	TK10	DEL	2	1
ENSG00000146802	TMEM168	Shared	TK13,TK16	DEL	TK18	DEL	2	1
ENSG00000269556	TMEM185A	Shared	TK13,TK14	DEL	TK18	DEL	2	1
ENSG00000187066	TMEM262	Shared	TK13	DEL	TK92,TK93	DEL	1	2
ENSG00000170876	TMEM43	Shared	TK13,TK16	DEL	TK10	DEL	2	1
ENSG00000167904	TMEM68	Shared	TK14,TK16	DEL	TK10	DEL	2	1
ENSG00000163472	TMEM79	Shared	TK13	DEL	TK10,TK92	DEL	1	2
ENSG00000142046	TMEM91	Shared	TK13,TK14	DEL	TK18	DEL	2	1
ENSG00000120889	TNFRSF10B	Shared	TK16	DEL	TK10,TK92	DEL	1	2
ENSG00000146072	TNFRSF21	Shared	TK13	DEL	TK91,TK93	DEL	1	2
ENSG00000145901	TNIP1	Shared	TK13,TK14	DEL	TK10	DEL	2	1
ENSG00000184428	TOP1MT	Shared	TK13	DEL	TK10,TK18	DEL	1	2
ENSG00000141510	TP53	Shared	TK16	DEL	TK18,TK91	DEL	1	2
ENSG00000067369	TP53BP1	Shared	TK16	DEL	TK12,TK91	DEL	1	2
ENSG00000164548	TRA2A	Shared	TK14	DEL	TK10,TK93	DEL	1	2
ENSG00000009790	TRAF3IP3	Shared	TK16	DEL	TK91,TK92	DEL	1	2
ENSG00000175104	TRAF6	Shared	TK13,TK16	DEL	TK10	DEL	2	1
ENSG00000121486	TRMT1L	Shared	TK16	DEL	TK10,TK18	DEL	1	2
ENSG00000230604	TSEN15P2	Shared	TK16	DEL	TK10,TK18	DEL	1	2
ENSG00000123297	TSFM	Shared	TK14,TK16	DEL	TK18	DEL	2	1
ENSG00000167721	TSR1	Shared	TK13,TK16	DEL	TK18	DEL	2	1
ENSG00000167614	TTYH1	Shared	TK13,TK14	DEL	TK10	DEL	2	1
ENSG00000137822	TUBGCP4	Shared	TK13,TK14	DEL	TK91	DEL	2	1
ENSG00000135018	UBQLN1	Shared	TK13,TK14	DEL	TK10	DEL	2	1
ENSG00000108312	UBTF	Shared	TK13,TK14	DEL	TK10	DEL	2	1
ENSG00000115446	UNC50	Shared	TK13	DEL	TK10,TK92	DEL	1	2
ENSG00000076248	UNG	Shared	TK13,TK14	DEL	TK18	DEL	2	1
ENSG00000169062	UPF3A	Shared	TK13,TK14	DEL	TK10	DEL	2	1
ENSG00000127540	UQCR11	Shared	TK14,TK16	DEL	TK10	DEL	2	1
ENSG00000135763	URB2	Shared	TK13,TK14	DEL	TK10	DEL	2	1
ENSG00000156256	USP16	Shared	TK13	DEL	TK12,TK18	DEL	1	2
ENSG00000144560	VGLL4	Shared	TK13,TK14	DEL	TK92	DEL	2	1
ENSG00000062716	VMP1	Shared	TK13,TK14	DEL	TK91	DEL	2	1
ENSG00000249654	VN1R104P	Shared	TK13,TK14	DEL	TK10	DEL	2	1
ENSG00000166887	VPS39	Shared	TK13	DEL	TK12,TK92	DEL	1	2
ENSG00000143952	VPS54	Shared	TK14	DEL	TK10,TK92	DEL	1	2
ENSG00000140105	WARS1	Shared	TK13,TK14	DEL	TK10	DEL	2	1
ENSG00000172661	WASHC2C	Shared	TK13	DEL	TK10,TK92	DEL	1	2
ENSG00000164961	WASHC5	Shared	TK13,TK14	DEL	TK12	DEL	2	1
ENSG00000253167	WASHC5-AS1	Shared	TK13	DEL	TK10,TK12	DEL	1	2
ENSG00000134987	WDR36	Shared	TK13,TK14	DEL	TK92	DEL	2	1
ENSG00000115368	WDR75	Shared	TK16	DEL	TK10,TK18	DEL	1	2
ENSG00000142784	WDTC1	Shared	TK13,TK14	DEL	TK10	DEL	2	1
ENSG00000109501	WFS1	Shared	TK13	DEL	TK10,TK18	DEL	1	2
ENSG00000070540	WIPI1	Shared	TK13	DEL	TK10,TK18	DEL	1	2
ENSG00000146457	WTAP	Shared	TK13,TK16	DEL	TK18	DEL	2	1
ENSG00000124571	XPO5	Shared	TK13,TK14	DEL	TK10	DEL	2	1
ENSG00000134308	YWHAQ	Shared	TK13,TK14	DEL	TK12	DEL	2	1
ENSG00000200090	Y_RNA	Shared	TK13,TK14	DEL	TK18	DEL	2	1
ENSG00000200325	Y_RNA	Shared	TK13,TK14	DEL	TK10	DEL	2	1
ENSG00000200332	Y_RNA	Shared	TK13,TK16	DEL	TK18	DEL	2	1
ENSG00000200397	Y_RNA	Shared	TK13,TK14	DEL	TK18	DEL	2	1
ENSG00000200506	Y_RNA	Shared	TK13,TK14	DEL	TK10	DEL	2	1
ENSG00000201343	Y_RNA	Shared	TK14	DEL	TK10,TK12	DEL	1	2
ENSG00000202461	Y_RNA	Shared	TK13,TK14	DEL	TK10	DEL	2	1
ENSG00000206739	Y_RNA	Shared	TK13,TK14	DEL	TK12	DEL	2	1
ENSG00000238845	Y_RNA	Shared	TK13,TK14	DEL	TK10	DEL	2	1
ENSG00000239823	Y_RNA	Shared	TK16	DEL	TK10,TK18	DEL	1	2
ENSG00000252098	Y_RNA	Shared	TK13,TK14	DEL	TK10	DEL	2	1
ENSG00000230084	ZBTB47-AS1	Shared	TK13,TK16	DEL	TK18	DEL	2	1
ENSG00000100722	ZC3H14	Shared	TK13,TK14	DEL	TK12	DEL	2	1
ENSG00000156599	ZDHHC5	Shared	TK16	DEL	TK10,TK18	DEL	1	2
ENSG00000023041	ZDHHC6	Shared	TK14	DEL	TK10,TK18	DEL	1	2
ENSG00000107372	ZFAND5	Shared	TK16	DEL	TK18,TK92	DEL	1	2
ENSG00000255073	ZFP91-CNTF	Shared	TK13,TK14	DEL	TK91	DEL	2	1
ENSG00000162300	ZFPL1	Shared	TK13	DEL	TK92,TK93	DEL	1	2
ENSG00000056097	ZFR	Shared	TK13,TK14	DEL	TK18	DEL	2	1
ENSG00000174306	ZHX3	Shared	TK13	DEL	TK10,TK18	DEL	1	2
ENSG00000149054	ZNF215	Shared	TK13,TK14	DEL	TK18	DEL	2	1
ENSG00000257267	ZNF271P	Shared	TK13,TK16	DEL	TK18	DEL	2	1
ENSG00000170265	ZNF282	Shared	TK13,TK14	DEL	TK10	DEL	2	1
ENSG00000126746	ZNF384	Shared	TK13,TK14	DEL	TK10	DEL	2	1
ENSG00000160908	ZNF394	Shared	TK13,TK16	DEL	TK18	DEL	2	1
ENSG00000197024	ZNF398	Shared	TK13	DEL	TK12,TK91	DEL	1	2
ENSG00000131116	ZNF428	Shared	TK13,TK16	DEL	TK10	DEL	2	1
ENSG00000251369	ZNF550	Shared	TK13,TK14	DEL	TK91	DEL	2	1
ENSG00000176472	ZNF575	Shared	TK14	DEL	TK91,TK92	DEL	1	2
ENSG00000197483	ZNF628	Shared	TK16	DEL	TK18,TK93	DEL	1	2
ENSG00000075292	ZNF638	Shared	TK13	DEL	TK92,TK93	DEL	1	2
ENSG00000171163	ZNF692	Shared	TK16	DEL	TK10,TK92	DEL	1	2
ENSG00000196757	ZNF700	Shared	TK14	DEL	TK91,TK92	DEL	1	2
ENSG00000234444	ZNF736	Shared	TK14	DEL	TK91,TK92	DEL	1	2
ENSG00000152443	ZNF776	Shared	TK16	DEL	TK10,TK91	DEL	1	2
ENSG00000198040	ZNF84	Shared	TK13,TK14	DEL	TK18	DEL	2	1
ENSG00000174276	ZNHIT2	Shared	TK13	DEL	TK92,TK93	DEL	1	2
ENSG00000237004	ZNRF2P1	Shared	TK13,TK14	DEL	TK18	DEL	2	1
ENSG00000167972	ABCA3	Shared	TK14	DEL	TK92	DEL	1	1
ENSG00000131269	ABCB7	Shared	TK13	DEL	TK10	DEL	1	1
ENSG00000248487	ABHD14A	Shared	TK16	DEL	TK18	DEL	1	1
ENSG00000114786	ABHD14A-ACY1	Shared	TK16	DEL	TK18	DEL	1	1
ENSG00000164074	ABHD18	Shared	TK14	DEL	TK93	DEL	1	1
ENSG00000136754	ABI1	Shared	TK14	DEL	TK91	DEL	1	1
ENSG00000163322	ABRAXAS1	Shared	TK16	DEL	TK18	DEL	1	1
ENSG00000111271	ACAD10	Shared	TK13	DEL	TK18	DEL	1	1
ENSG00000101473	ACOT8	Shared	TK16	DEL	TK18	DEL	1	1
ENSG00000153093	ACOXL	Shared	TK13	DEL	TK18	DEL	1	1
ENSG00000065457	ADAT1	Shared	TK13	DEL	TK18	DEL	1	1
ENSG00000087274	ADD1	Shared	TK13	DEL	TK10	DEL	1	1
ENSG00000026652	AGPAT4	Shared	TK13	DEL	TK10	DEL	1	1
ENSG00000270941	AK3P7	Shared	TK14	DEL	TK10	DEL	1	1
ENSG00000127914	AKAP9	Shared	TK14	DEL	TK91	DEL	1	1
ENSG00000112294	ALDH5A1	Shared	TK14	DEL	TK10	DEL	1	1
ENSG00000110497	AMBRA1	Shared	TK13	DEL	TK10	DEL	1	1
ENSG00000162066	AMDHD2	Shared	TK14	DEL	TK18	DEL	1	1
ENSG00000176915	ANKLE2	Shared	TK16	DEL	TK18	DEL	1	1
ENSG00000221963	APOL6	Shared	TK16	DEL	TK91	DEL	1	1
ENSG00000140750	ARHGAP17	Shared	TK14	DEL	TK10	DEL	1	1
ENSG00000160007	ARHGAP35	Shared	TK13	DEL	TK10	DEL	1	1
ENSG00000183475	ASB7	Shared	TK13	DEL	TK92	DEL	1	1
ENSG00000162174	ASRGL1	Shared	TK14	DEL	TK10	DEL	1	1
ENSG00000175224	ATG13	Shared	TK14	DEL	TK18	DEL	1	1
ENSG00000111676	ATN1	Shared	TK16	DEL	TK18	DEL	1	1
ENSG00000145246	ATP10D	Shared	TK14	DEL	TK92	DEL	1	1
ENSG00000159363	ATP13A2	Shared	TK16	DEL	TK92	DEL	1	1
ENSG00000241468	ATP5MF	Shared	TK16	DEL	TK12	DEL	1	1
ENSG00000248919	ATP5MF-PTCD1	Shared	TK13	DEL	TK10	DEL	1	1
ENSG00000171130	ATP6V0E2	Shared	TK16	DEL	TK10	DEL	1	1
ENSG00000047249	ATP6V1H	Shared	TK14	DEL	TK10	DEL	1	1
ENSG00000267040	ATP8B1-AS1	Shared	TK14	DEL	TK10	DEL	1	1
ENSG00000123472	ATPAF1	Shared	TK13	DEL	TK18	DEL	1	1
ENSG00000214654	B3GALT9	Shared	TK16	DEL	TK12	DEL	1	1
ENSG00000138686	BBS7	Shared	TK14	DEL	TK18	DEL	1	1
ENSG00000186666	BCDIN3D	Shared	TK16	DEL	TK10	DEL	1	1
ENSG00000065060	BLTP3A	Shared	TK14	DEL	TK18	DEL	1	1
ENSG00000100425	BRD1	Shared	TK16	DEL	TK91	DEL	1	1
ENSG00000254999	BRK1	Shared	TK14	DEL	TK18	DEL	1	1
ENSG00000095564	BTAF1	Shared	TK16	DEL	TK91	DEL	1	1
ENSG00000169609	C15orf40	Shared	TK16	DEL	TK12	DEL	1	1
ENSG00000188277	C15orf62	Shared	TK13	DEL	TK18	DEL	1	1
ENSG00000136819	C9orf78	Shared	TK16	DEL	TK12	DEL	1	1
ENSG00000105298	CACTIN	Shared	TK16	DEL	TK10	DEL	1	1
ENSG00000136436	CALCOCO2	Shared	TK16	DEL	TK18	DEL	1	1
ENSG00000130559	CAMSAP1	Shared	TK14	DEL	TK93	DEL	1	1
ENSG00000042493	CAPG	Shared	TK16	DEL	TK12	DEL	1	1
ENSG00000110395	CBL	Shared	TK13	DEL	TK93	DEL	1	1
ENSG00000105879	CBLL1	Shared	TK16	DEL	TK18	DEL	1	1
ENSG00000134057	CCNB1	Shared	TK13	DEL	TK93	DEL	1	1
ENSG00000229815	CCNB1IP1P1	Shared	TK14	DEL	TK91	DEL	1	1
ENSG00000105173	CCNE1	Shared	TK16	DEL	TK10	DEL	1	1
ENSG00000094880	CDC23	Shared	TK16	DEL	TK91	DEL	1	1
ENSG00000176386	CDC26	Shared	TK13	DEL	TK12	DEL	1	1
ENSG00000184661	CDCA2	Shared	TK14	DEL	TK18	DEL	1	1
ENSG00000205403	CFI	Shared	TK14	DEL	TK18	DEL	1	1
ENSG00000236156	CHCHD4P3	Shared	TK16	DEL	TK18	DEL	1	1
ENSG00000110172	CHORDC1	Shared	TK14	DEL	TK18	DEL	1	1
ENSG00000182022	CHST15	Shared	TK16	DEL	TK18	DEL	1	1
ENSG00000138433	CIR1	Shared	TK14	DEL	TK18	DEL	1	1
ENSG00000162129	CLPB	Shared	TK13	DEL	TK10	DEL	1	1
ENSG00000158158	CNNM4	Shared	TK14	DEL	TK18	DEL	1	1
ENSG00000144580	CNOT9	Shared	TK13	DEL	TK18	DEL	1	1
ENSG00000082438	COBLL1	Shared	TK14	DEL	TK10	DEL	1	1
ENSG00000133103	COG6	Shared	TK16	DEL	TK10	DEL	1	1
ENSG00000005243	COPZ2	Shared	TK14	DEL	TK10	DEL	1	1
ENSG00000167113	COQ4	Shared	TK14	DEL	TK12	DEL	1	1
ENSG00000131143	COX4I1	Shared	TK16	DEL	TK18	DEL	1	1
ENSG00000153310	CYRIB	Shared	TK14	DEL	TK10	DEL	1	1
ENSG00000105443	CYTH2	Shared	TK16	DEL	TK10	DEL	1	1
ENSG00000153071	DAB2	Shared	TK13	DEL	TK18	DEL	1	1
ENSG00000173402	DAG1	Shared	TK14	DEL	TK10	DEL	1	1
ENSG00000172795	DCP2	Shared	TK14	DEL	TK92	DEL	1	1
ENSG00000111364	DDX55	Shared	TK13	DEL	TK18	DEL	1	1
ENSG00000110367	DDX6	Shared	TK13	DEL	TK92	DEL	1	1
ENSG00000124795	DEK	Shared	TK13	DEL	TK12	DEL	1	1
ENSG00000166153	DEPDC4	Shared	TK13	DEL	TK18	DEL	1	1
ENSG00000089876	DHX32	Shared	TK13	DEL	TK92	DEL	1	1
ENSG00000166938	DIS3L	Shared	TK13	DEL	TK93	DEL	1	1
ENSG00000162946	DISC1	Shared	TK13	DEL	TK10	DEL	1	1
ENSG00000105341	DMAC2	Shared	TK16	DEL	TK93	DEL	1	1
ENSG00000135392	DNAJC14	Shared	TK16	DEL	TK12	DEL	1	1
ENSG00000104129	DNAJC17	Shared	TK13	DEL	TK18	DEL	1	1
ENSG00000168724	DNAJC21	Shared	TK13	DEL	TK10	DEL	1	1
ENSG00000170946	DNAJC24	Shared	TK13	DEL	TK18	DEL	1	1
ENSG00000000419	DPM1	Shared	TK16	DEL	TK18	DEL	1	1
ENSG00000142002	DPP9	Shared	TK13	DEL	TK91	DEL	1	1
ENSG00000232542	DPYD-IT1	Shared	TK13	DEL	TK10	DEL	1	1
ENSG00000117505	DR1	Shared	TK13	DEL	TK92	DEL	1	1
ENSG00000133059	DSTYK	Shared	TK14	DEL	TK92	DEL	1	1
ENSG00000104047	DTWD1	Shared	TK14	DEL	TK92	DEL	1	1
ENSG00000081721	DUSP12	Shared	TK16	DEL	TK18	DEL	1	1
ENSG00000101412	E2F1	Shared	TK13	DEL	TK10	DEL	1	1
ENSG00000112242	E2F3	Shared	TK13	DEL	TK10	DEL	1	1
ENSG00000224707	E2F3-IT1	Shared	TK13	DEL	TK10	DEL	1	1
ENSG00000169016	E2F6	Shared	TK14	DEL	TK91	DEL	1	1
ENSG00000117395	EBNA1BP2	Shared	TK16	DEL	TK18	DEL	1	1
ENSG00000236991	EDRF1-AS1	Shared	TK16	DEL	TK92	DEL	1	1
ENSG00000118894	EEF2KMT	Shared	TK13	DEL	TK18	DEL	1	1
ENSG00000236698	EIF1AXP1	Shared	TK16	DEL	TK10	DEL	1	1
ENSG00000172071	EIF2AK3	Shared	TK16	DEL	TK18	DEL	1	1
ENSG00000032389	EIPR1	Shared	TK16	DEL	TK10	DEL	1	1
ENSG00000170571	EMB	Shared	TK14	DEL	TK92	DEL	1	1
ENSG00000131152	ENSG00000131152	Shared	TK13	DEL	TK10	DEL	1	1
ENSG00000205018	ENSG00000205018	Shared	TK14	DEL	TK92	DEL	1	1
ENSG00000205041	ENSG00000205041	Shared	TK16	DEL	TK18	DEL	1	1
ENSG00000212529	ENSG00000212529	Shared	TK14	DEL	TK18	DEL	1	1
ENSG00000223901	ENSG00000223901	Shared	TK13	DEL	TK91	DEL	1	1
ENSG00000224331	ENSG00000224331	Shared	TK14	DEL	TK10	DEL	1	1
ENSG00000224985	ENSG00000224985	Shared	TK16	DEL	TK93	DEL	1	1
ENSG00000226204	ENSG00000226204	Shared	TK14	DEL	TK10	DEL	1	1
ENSG00000226698	ENSG00000226698	Shared	TK13	DEL	TK18	DEL	1	1
ENSG00000226756	ENSG00000226756	Shared	TK14	DEL	TK18	DEL	1	1
ENSG00000228395	ENSG00000228395	Shared	TK16	DEL	TK18	DEL	1	1
ENSG00000228737	ENSG00000228737	Shared	TK14	DEL	TK12	DEL	1	1
ENSG00000230175	ENSG00000230175	Shared	TK14	DEL	TK18	DEL	1	1
ENSG00000231329	ENSG00000231329	Shared	TK14	DEL	TK10	DEL	1	1
ENSG00000231505	ENSG00000231505	Shared	TK13	DEL	TK18	DEL	1	1
ENSG00000231509	ENSG00000231509	Shared	TK14	DEL	TK18	DEL	1	1
ENSG00000231628	ENSG00000231628	Shared	TK16	DEL	TK18	DEL	1	1
ENSG00000232193	ENSG00000232193	Shared	TK14	DEL	TK10	DEL	1	1
ENSG00000232545	ENSG00000232545	Shared	TK14	DEL	TK18	DEL	1	1
ENSG00000232807	ENSG00000232807	Shared	TK16	DEL	TK10	DEL	1	1
ENSG00000232934	ENSG00000232934	Shared	TK16	DEL	TK10	DEL	1	1
ENSG00000233912	ENSG00000233912	Shared	TK16	DEL	TK18	DEL	1	1
ENSG00000234338	ENSG00000234338	Shared	TK13	DEL	TK93	DEL	1	1
ENSG00000240553	ENSG00000240553	Shared	TK13	DEL	TK10	DEL	1	1
ENSG00000242861	ENSG00000242861	Shared	TK13	DEL	TK10	DEL	1	1
ENSG00000243423	ENSG00000243423	Shared	TK14	DEL	TK18	DEL	1	1
ENSG00000251648	ENSG00000251648	Shared	TK14	DEL	TK18	DEL	1	1
ENSG00000253106	ENSG00000253106	Shared	TK13	DEL	TK18	DEL	1	1
ENSG00000254933	ENSG00000254933	Shared	TK16	DEL	TK18	DEL	1	1
ENSG00000255045	ENSG00000255045	Shared	TK16	DEL	TK10	DEL	1	1
ENSG00000256108	ENSG00000256108	Shared	TK16	DEL	TK18	DEL	1	1
ENSG00000256273	ENSG00000256273	Shared	TK14	DEL	TK92	DEL	1	1
ENSG00000257286	ENSG00000257286	Shared	TK16	DEL	TK18	DEL	1	1
ENSG00000259187	ENSG00000259187	Shared	TK13	DEL	TK10	DEL	1	1
ENSG00000260351	ENSG00000260351	Shared	TK13	DEL	TK18	DEL	1	1
ENSG00000261226	ENSG00000261226	Shared	TK14	DEL	TK92	DEL	1	1
ENSG00000261442	ENSG00000261442	Shared	TK14	DEL	TK10	DEL	1	1
ENSG00000261560	ENSG00000261560	Shared	TK14	DEL	TK18	DEL	1	1
ENSG00000261832	ENSG00000261832	Shared	TK16	DEL	TK91	DEL	1	1
ENSG00000263494	ENSG00000263494	Shared	TK14	DEL	TK92	DEL	1	1
ENSG00000266598	ENSG00000266598	Shared	TK13	DEL	TK92	DEL	1	1
ENSG00000267262	ENSG00000267262	Shared	TK13	DEL	TK91	DEL	1	1
ENSG00000267299	ENSG00000267299	Shared	TK13	DEL	TK91	DEL	1	1
ENSG00000267457	ENSG00000267457	Shared	TK14	DEL	TK18	DEL	1	1
ENSG00000267589	ENSG00000267589	Shared	TK13	DEL	TK91	DEL	1	1
ENSG00000267769	ENSG00000267769	Shared	TK16	DEL	TK18	DEL	1	1
ENSG00000268797	ENSG00000268797	Shared	TK13	DEL	TK92	DEL	1	1
ENSG00000269480	ENSG00000269480	Shared	TK16	DEL	TK18	DEL	1	1
ENSG00000269680	ENSG00000269680	Shared	TK16	DEL	TK10	DEL	1	1
ENSG00000270605	ENSG00000270605	Shared	TK16	DEL	TK18	DEL	1	1
ENSG00000270890	ENSG00000270890	Shared	TK16	DEL	TK18	DEL	1	1
ENSG00000270896	ENSG00000270896	Shared	TK14	DEL	TK91	DEL	1	1
ENSG00000271483	ENSG00000271483	Shared	TK13	DEL	TK10	DEL	1	1
ENSG00000272211	ENSG00000272211	Shared	TK14	DEL	TK10	DEL	1	1
ENSG00000272236	ENSG00000272236	Shared	TK14	DEL	TK91	DEL	1	1
ENSG00000272426	ENSG00000272426	Shared	TK16	DEL	TK10	DEL	1	1
ENSG00000272446	ENSG00000272446	Shared	TK14	DEL	TK10	DEL	1	1
ENSG00000272980	ENSG00000272980	Shared	TK16	DEL	TK18	DEL	1	1
ENSG00000273824	ENSG00000273824	Shared	TK14	DEL	TK92	DEL	1	1
ENSG00000275956	ENSG00000275956	Shared	TK14	DEL	TK10	DEL	1	1
ENSG00000276121	ENSG00000276121	Shared	TK14	DEL	TK10	DEL	1	1
ENSG00000279151	ENSG00000279151	Shared	TK16	DEL	TK10	DEL	1	1
ENSG00000279156	ENSG00000279156	Shared	TK14	DEL	TK10	DEL	1	1
ENSG00000279366	ENSG00000279366	Shared	TK14	DEL	TK10	DEL	1	1
ENSG00000279789	ENSG00000279789	Shared	TK13	DEL	TK91	DEL	1	1
ENSG00000280114	ENSG00000280114	Shared	TK16	DEL	TK10	DEL	1	1
ENSG00000280148	ENSG00000280148	Shared	TK16	DEL	TK18	DEL	1	1
ENSG00000282951	ENSG00000282951	Shared	TK16	DEL	TK92	DEL	1	1
ENSG00000283208	ENSG00000283208	Shared	TK16	DEL	TK18	DEL	1	1
ENSG00000283571	ENSG00000283571	Shared	TK16	DEL	TK10	DEL	1	1
ENSG00000284431	ENSG00000284431	Shared	TK14	DEL	TK12	DEL	1	1
ENSG00000285565	ENSG00000285565	Shared	TK13	DEL	TK18	DEL	1	1
ENSG00000285696	ENSG00000285696	Shared	TK16	DEL	TK10	DEL	1	1
ENSG00000285708	ENSG00000285708	Shared	TK13	DEL	TK18	DEL	1	1
ENSG00000285761	ENSG00000285761	Shared	TK14	DEL	TK91	DEL	1	1
ENSG00000285976	ENSG00000285976	Shared	TK16	DEL	TK10	DEL	1	1
ENSG00000286165	ENSG00000286165	Shared	TK16	DEL	TK18	DEL	1	1
ENSG00000286437	ENSG00000286437	Shared	TK13	DEL	TK91	DEL	1	1
ENSG00000286517	ENSG00000286517	Shared	TK14	DEL	TK18	DEL	1	1
ENSG00000286599	ENSG00000286599	Shared	TK13	DEL	TK93	DEL	1	1
ENSG00000287099	ENSG00000287099	Shared	TK13	DEL	TK10	DEL	1	1
ENSG00000287202	ENSG00000287202	Shared	TK14	DEL	TK91	DEL	1	1
ENSG00000287242	ENSG00000287242	Shared	TK16	DEL	TK18	DEL	1	1
ENSG00000287580	ENSG00000287580	Shared	TK14	DEL	TK93	DEL	1	1
ENSG00000287892	ENSG00000287892	Shared	TK13	DEL	TK10	DEL	1	1
ENSG00000288608	ENSG00000288608	Shared	TK16	DEL	TK10	DEL	1	1
ENSG00000288614	ENSG00000288614	Shared	TK13	DEL	TK18	DEL	1	1
ENSG00000288894	ENSG00000288894	Shared	TK14	DEL	TK18	DEL	1	1
ENSG00000289452	ENSG00000289452	Shared	TK13	DEL	TK91	DEL	1	1
ENSG00000289554	ENSG00000289554	Shared	TK13	DEL	TK18	DEL	1	1
ENSG00000290122	ENSG00000290122	Shared	TK16	DEL	TK10	DEL	1	1
ENSG00000290849	ENSG00000290849	Shared	TK16	DEL	TK10	DEL	1	1
ENSG00000079819	EPB41L2	Shared	TK13	DEL	TK12	DEL	1	1
ENSG00000143819	EPHX1	Shared	TK16	DEL	TK10	DEL	1	1
ENSG00000177106	EPS8L2	Shared	TK13	DEL	TK91	DEL	1	1
ENSG00000164308	ERAP2	Shared	TK16	DEL	TK10	DEL	1	1
ENSG00000268869	ESPNP	Shared	TK16	DEL	TK10	DEL	1	1
ENSG00000090989	EXOC1	Shared	TK13	DEL	TK18	DEL	1	1
ENSG00000120699	EXOSC8	Shared	TK16	DEL	TK18	DEL	1	1
ENSG00000123737	EXOSC9	Shared	TK14	DEL	TK92	DEL	1	1
ENSG00000182197	EXT1	Shared	TK14	DEL	TK10	DEL	1	1
ENSG00000185104	FAF1	Shared	TK13	DEL	TK92	DEL	1	1
ENSG00000225767	FAF1-AS1	Shared	TK13	DEL	TK92	DEL	1	1
ENSG00000125898	FAM110A	Shared	TK14	DEL	TK91	DEL	1	1
ENSG00000185519	FAM131C	Shared	TK13	DEL	TK10	DEL	1	1
ENSG00000166262	FAM227B	Shared	TK14	DEL	TK10	DEL	1	1
ENSG00000084444	FAM234B	Shared	TK13	DEL	TK10	DEL	1	1
ENSG00000176853	FAM91A1	Shared	TK14	DEL	TK92	DEL	1	1
ENSG00000118246	FASTKD2	Shared	TK13	DEL	TK10	DEL	1	1
ENSG00000005812	FBXL3	Shared	TK16	DEL	TK18	DEL	1	1
ENSG00000137478	FCHSD2	Shared	TK16	DEL	TK12	DEL	1	1
ENSG00000112367	FIG4	Shared	TK14	DEL	TK10	DEL	1	1
ENSG00000184922	FMNL1	Shared	TK14	DEL	TK10	DEL	1	1
ENSG00000115414	FN1	Shared	TK14	DEL	TK12	DEL	1	1
ENSG00000167363	FN3K	Shared	TK16	DEL	TK10	DEL	1	1
ENSG00000163820	FYCO1	Shared	TK14	DEL	TK10	DEL	1	1
ENSG00000082516	GEMIN5	Shared	TK16	DEL	TK18	DEL	1	1
ENSG00000141098	GFOD2	Shared	TK13	DEL	TK10	DEL	1	1
ENSG00000174842	GLMN	Shared	TK14	DEL	TK91	DEL	1	1
ENSG00000120063	GNA13	Shared	TK13	DEL	TK92	DEL	1	1
ENSG00000254949	GNG5P3	Shared	TK13	DEL	TK92	DEL	1	1
ENSG00000090615	GOLGA3	Shared	TK13	DEL	TK10	DEL	1	1
ENSG00000198746	GPATCH3	Shared	TK13	DEL	TK18	DEL	1	1
ENSG00000068394	GPKOW	Shared	TK16	DEL	TK10	DEL	1	1
ENSG00000142751	GPN2	Shared	TK13	DEL	TK18	DEL	1	1
ENSG00000185477	GPRIN3	Shared	TK13	DEL	TK92	DEL	1	1
ENSG00000206527	HACD2	Shared	TK14	DEL	TK10	DEL	1	1
ENSG00000131373	HACL1	Shared	TK13	DEL	TK18	DEL	1	1
ENSG00000176998	HCG4	Shared	TK14	DEL	TK91	DEL	1	1
ENSG00000227758	HCG9P5	Shared	TK14	DEL	TK91	DEL	1	1
ENSG00000112406	HECA	Shared	TK14	DEL	TK10	DEL	1	1
ENSG00000165102	HGSNAT	Shared	TK13	DEL	TK10	DEL	1	1
ENSG00000263586	HID1-AS1	Shared	TK13	DEL	TK92	DEL	1	1
ENSG00000149196	HIKESHI	Shared	TK16	DEL	TK18	DEL	1	1
ENSG00000163349	HIPK1	Shared	TK14	DEL	TK10	DEL	1	1
ENSG00000214922	HLA-F-AS1	Shared	TK14	DEL	TK91	DEL	1	1
ENSG00000204632	HLA-G	Shared	TK14	DEL	TK91	DEL	1	1
ENSG00000261548	HLA-P	Shared	TK14	DEL	TK91	DEL	1	1
ENSG00000181126	HLA-V	Shared	TK14	DEL	TK91	DEL	1	1
ENSG00000290710	HLA-V	Shared	TK14	DEL	TK91	DEL	1	1
ENSG00000072571	HMMR	Shared	TK13	DEL	TK91	DEL	1	1
ENSG00000096746	HNRNPH3	Shared	TK16	DEL	TK12	DEL	1	1
ENSG00000143889	HNRNPLL	Shared	TK16	DEL	TK18	DEL	1	1
ENSG00000234857	HNRNPUL2-BSCL2	Shared	TK14	DEL	TK92	DEL	1	1
ENSG00000227117	HORMAD2-AS1	Shared	TK16	DEL	TK18	DEL	1	1
ENSG00000110756	HPS5	Shared	TK14	DEL	TK10	DEL	1	1
ENSG00000173083	HPSE	Shared	TK16	DEL	TK18	DEL	1	1
ENSG00000133835	HSD17B4	Shared	TK14	DEL	TK10	DEL	1	1
ENSG00000128915	ICE2	Shared	TK13	DEL	TK92	DEL	1	1
ENSG00000068079	IFI35	Shared	TK16	DEL	TK10	DEL	1	1
ENSG00000235821	IFITM4P	Shared	TK14	DEL	TK91	DEL	1	1
ENSG00000253703	IGHV1-68	Shared	TK16	DEL	TK10	DEL	1	1
ENSG00000211973	IGHV1-69	Shared	TK16	DEL	TK10	DEL	1	1
ENSG00000281990	IGHV1-69-2	Shared	TK16	DEL	TK10	DEL	1	1
ENSG00000211974	IGHV2-70D	Shared	TK16	DEL	TK10	DEL	1	1
ENSG00000282600	IGHV3-69-1	Shared	TK16	DEL	TK10	DEL	1	1
ENSG00000253365	IGKV1D-22	Shared	TK16	DEL	TK10	DEL	1	1
ENSG00000224607	IGKV1D-27	Shared	TK16	DEL	TK10	DEL	1	1
ENSG00000254345	IGKV2D-23	Shared	TK16	DEL	TK10	DEL	1	1
ENSG00000241566	IGKV2D-24	Shared	TK16	DEL	TK10	DEL	1	1
ENSG00000211623	IGKV2D-26	Shared	TK16	DEL	TK10	DEL	1	1
ENSG00000242534	IGKV2D-28	Shared	TK16	DEL	TK10	DEL	1	1
ENSG00000243264	IGKV2D-29	Shared	TK16	DEL	TK10	DEL	1	1
ENSG00000239571	IGKV2D-30	Shared	TK16	DEL	TK10	DEL	1	1
ENSG00000254097	IGKV3D-25	Shared	TK16	DEL	TK10	DEL	1	1
ENSG00000225523	IGKV6D-21	Shared	TK16	DEL	TK10	DEL	1	1
ENSG00000166130	IKBIP	Shared	TK16	DEL	TK18	DEL	1	1
ENSG00000271098	IMMP1LP3	Shared	TK14	DEL	TK92	DEL	1	1
ENSG00000168918	INPP5D	Shared	TK13	DEL	TK10	DEL	1	1
ENSG00000102786	INTS6	Shared	TK13	DEL	TK10	DEL	1	1
ENSG00000065150	IPO5	Shared	TK14	DEL	TK18	DEL	1	1
ENSG00000066583	ISOC1	Shared	TK14	DEL	TK93	DEL	1	1
ENSG00000182149	IST1	Shared	TK16	DEL	TK18	DEL	1	1
ENSG00000111203	ITFG2	Shared	TK16	DEL	TK18	DEL	1	1
ENSG00000143772	ITPKB	Shared	TK13	DEL	TK10	DEL	1	1
ENSG00000171988	JMJD1C	Shared	TK13	DEL	TK92	DEL	1	1
ENSG00000069424	KCNAB2	Shared	TK14	DEL	TK92	DEL	1	1
ENSG00000174943	KCTD13	Shared	TK13	DEL	TK91	DEL	1	1
ENSG00000175707	KDF1	Shared	TK13	DEL	TK18	DEL	1	1
ENSG00000004487	KDM1A	Shared	TK13	DEL	TK10	DEL	1	1
ENSG00000165097	KDM1B	Shared	TK13	DEL	TK10	DEL	1	1
ENSG00000236200	KDM4A-AS1	Shared	TK13	DEL	TK12	DEL	1	1
ENSG00000132680	KHDC4	Shared	TK16	DEL	TK18	DEL	1	1
ENSG00000174206	KICS2	Shared	TK14	DEL	TK18	DEL	1	1
ENSG00000134313	KIDINS220	Shared	TK13	DEL	TK93	DEL	1	1
ENSG00000138160	KIF11	Shared	TK13	DEL	TK91	DEL	1	1
ENSG00000253218	KLF3P1	Shared	TK14	DEL	TK18	DEL	1	1
ENSG00000135686	KLHL36	Shared	TK14	DEL	TK10	DEL	1	1
ENSG00000172578	KLHL6	Shared	TK13	DEL	TK18	DEL	1	1
ENSG00000149357	LAMTOR1	Shared	TK16	DEL	TK93	DEL	1	1
ENSG00000115365	LANCL1	Shared	TK16	DEL	TK92	DEL	1	1
ENSG00000150457	LATS2	Shared	TK16	DEL	TK10	DEL	1	1
ENSG00000166477	LEO1	Shared	TK13	DEL	TK92	DEL	1	1
ENSG00000251301	LINC02384	Shared	TK14	DEL	TK92	DEL	1	1
ENSG00000241288	LINC02614	Shared	TK14	DEL	TK18	DEL	1	1
ENSG00000139233	LLPH	Shared	TK16	DEL	TK18	DEL	1	1
ENSG00000239335	LLPH-DT	Shared	TK16	DEL	TK18	DEL	1	1
ENSG00000114988	LMAN2L	Shared	TK13	DEL	TK10	DEL	1	1
ENSG00000142235	LMTK3	Shared	TK16	DEL	TK10	DEL	1	1
ENSG00000139517	LNX2	Shared	TK14	DEL	TK10	DEL	1	1
ENSG00000121931	LRIF1	Shared	TK14	DEL	TK92	DEL	1	1
ENSG00000157193	LRP8	Shared	TK16	DEL	TK93	DEL	1	1
ENSG00000132128	LRRC41	Shared	TK16	DEL	TK18	DEL	1	1
ENSG00000116212	LRRC42	Shared	TK14	DEL	TK10	DEL	1	1
ENSG00000171492	LRRC8D	Shared	TK13	DEL	TK93	DEL	1	1
ENSG00000133739	LRRCC1	Shared	TK13	DEL	TK92	DEL	1	1
ENSG00000111144	LTA4H	Shared	TK14	DEL	TK18	DEL	1	1
ENSG00000049323	LTBP1	Shared	TK13	DEL	TK91	DEL	1	1
ENSG00000111196	MAGOHB	Shared	TK16	DEL	TK18	DEL	1	1
ENSG00000196547	MAN2A2	Shared	TK16	DEL	TK18	DEL	1	1
ENSG00000013288	MAN2B2	Shared	TK13	DEL	TK93	DEL	1	1
ENSG00000130479	MAP1S	Shared	TK16	DEL	TK10	DEL	1	1
ENSG00000100030	MAPK1	Shared	TK14	DEL	TK91	DEL	1	1
ENSG00000173926	MARCHF3	Shared	TK14	DEL	TK91	DEL	1	1
ENSG00000136536	MARCHF7	Shared	TK14	DEL	TK18	DEL	1	1
ENSG00000120539	MASTL	Shared	TK16	DEL	TK18	DEL	1	1
ENSG00000078070	MCCC1	Shared	TK13	DEL	TK91	DEL	1	1
ENSG00000042429	MED17	Shared	TK16	DEL	TK91	DEL	1	1
ENSG00000063322	MED29	Shared	TK16	DEL	TK18	DEL	1	1
ENSG00000105429	MEGF8	Shared	TK14	DEL	TK92	DEL	1	1
ENSG00000010165	METTL13	Shared	TK16	DEL	TK18	DEL	1	1
ENSG00000181038	METTL23	Shared	TK13	DEL	TK10	DEL	1	1
ENSG00000140545	MFGE8	Shared	TK16	DEL	TK10	DEL	1	1
ENSG00000174197	MGA	Shared	TK13	DEL	TK92	DEL	1	1
ENSG00000102858	MGRN1	Shared	TK14	DEL	TK10	DEL	1	1
ENSG00000273340	MICE	Shared	TK14	DEL	TK91	DEL	1	1
ENSG00000237042	MICG	Shared	TK14	DEL	TK91	DEL	1	1
ENSG00000283469	MIR3130-1	Shared	TK13	DEL	TK10	DEL	1	1
ENSG00000263468	MIR3130-2	Shared	TK13	DEL	TK10	DEL	1	1
ENSG00000264559	MIR3162	Shared	TK16	DEL	TK10	DEL	1	1
ENSG00000264563	MIR4633	Shared	TK14	DEL	TK93	DEL	1	1
ENSG00000207766	MIR626	Shared	TK13	DEL	TK92	DEL	1	1
ENSG00000207631	MIR641	Shared	TK16	DEL	TK18	DEL	1	1
ENSG00000285723	MKKS	Shared	TK14	DEL	TK18	DEL	1	1
ENSG00000079277	MKNK1	Shared	TK14	DEL	TK18	DEL	1	1
ENSG00000175727	MLXIP	Shared	TK13	DEL	TK12	DEL	1	1
ENSG00000103150	MLYCD	Shared	TK14	DEL	TK10	DEL	1	1
ENSG00000146085	MMUT	Shared	TK14	DEL	TK93	DEL	1	1
ENSG00000182208	MOB2	Shared	TK13	DEL	TK18	DEL	1	1
ENSG00000133422	MORC2	Shared	TK14	DEL	TK92	DEL	1	1
ENSG00000155363	MOV10	Shared	TK14	DEL	TK18	DEL	1	1
ENSG00000135900	MRPL44	Shared	TK13	DEL	TK18	DEL	1	1
ENSG00000136522	MRPL47	Shared	TK16	DEL	TK18	DEL	1	1
ENSG00000163319	MRPS18C	Shared	TK16	DEL	TK18	DEL	1	1
ENSG00000113048	MRPS27	Shared	TK14	DEL	TK10	DEL	1	1
ENSG00000251349	MSANTD3-TMEFF1	Shared	TK14	DEL	TK18	DEL	1	1
ENSG00000052802	MSMO1	Shared	TK16	DEL	TK10	DEL	1	1
ENSG00000109919	MTCH2	Shared	TK14	DEL	TK92	DEL	1	1
ENSG00000235318	MTND4LP13	Shared	TK14	DEL	TK91	DEL	1	1
ENSG00000225796	MTND4P23	Shared	TK14	DEL	TK91	DEL	1	1
ENSG00000227348	MTND5P25	Shared	TK14	DEL	TK91	DEL	1	1
ENSG00000110921	MVK	Shared	TK13	DEL	TK18	DEL	1	1
ENSG00000276396	Metazoa_SRP	Shared	TK13	DEL	TK92	DEL	1	1
ENSG00000277051	Metazoa_SRP	Shared	TK16	DEL	TK18	DEL	1	1
ENSG00000188554	NBR1	Shared	TK13	DEL	TK92	DEL	1	1
ENSG00000141027	NCOR1	Shared	TK13	DEL	TK10	DEL	1	1
ENSG00000114904	NEK4	Shared	TK14	DEL	TK10	DEL	1	1
ENSG00000067141	NEO1	Shared	TK14	DEL	TK10	DEL	1	1
ENSG00000204498	NFKBIL1	Shared	TK13	DEL	TK12	DEL	1	1
ENSG00000170322	NFRKB	Shared	TK13	DEL	TK10	DEL	1	1
ENSG00000131669	NINJ1	Shared	TK16	DEL	TK10	DEL	1	1
ENSG00000114021	NIT2	Shared	TK13	DEL	TK92	DEL	1	1
ENSG00000123213	NLN	Shared	TK14	DEL	TK18	DEL	1	1
ENSG00000173145	NOC3L	Shared	TK16	DEL	TK18	DEL	1	1
ENSG00000225921	NOL7	Shared	TK16	DEL	TK18	DEL	1	1
ENSG00000233232	NPIPB7	Shared	TK16	DEL	TK91	DEL	1	1
ENSG00000182446	NPLOC4	Shared	TK14	DEL	TK18	DEL	1	1
ENSG00000131910	NR0B2	Shared	TK13	DEL	TK18	DEL	1	1
ENSG00000154146	NRGN	Shared	TK16	DEL	TK10	DEL	1	1
ENSG00000165671	NSD1	Shared	TK16	DEL	TK92	DEL	1	1
ENSG00000090273	NUDC	Shared	TK13	DEL	TK18	DEL	1	1
ENSG00000015676	NUDCD3	Shared	TK13	DEL	TK18	DEL	1	1
ENSG00000124789	NUP153	Shared	TK13	DEL	TK92	DEL	1	1
ENSG00000030066	NUP160	Shared	TK16	DEL	TK10	DEL	1	1
ENSG00000046651	OFD1	Shared	TK13	DEL	TK12	DEL	1	1
ENSG00000110048	OSBP	Shared	TK16	DEL	TK10	DEL	1	1
ENSG00000130703	OSBPL2	Shared	TK14	DEL	TK92	DEL	1	1
ENSG00000225294	OSTCP2	Shared	TK13	DEL	TK18	DEL	1	1
ENSG00000068308	OTUD5	Shared	TK13	DEL	TK93	DEL	1	1
ENSG00000149269	PAK1	Shared	TK13	DEL	TK18	DEL	1	1
ENSG00000135473	PAN2	Shared	TK16	DEL	TK92	DEL	1	1
ENSG00000137817	PARP6	Shared	TK14	DEL	TK10	DEL	1	1
ENSG00000175087	PDIK1L	Shared	TK13	DEL	TK92	DEL	1	1
ENSG00000163110	PDLIM5	Shared	TK14	DEL	TK10	DEL	1	1
ENSG00000083642	PDS5B	Shared	TK16	DEL	TK92	DEL	1	1
ENSG00000232838	PET117	Shared	TK16	DEL	TK18	DEL	1	1
ENSG00000067057	PFKP	Shared	TK16	DEL	TK10	DEL	1	1
ENSG00000247077	PGAM5	Shared	TK13	DEL	TK10	DEL	1	1
ENSG00000013375	PGM3	Shared	TK13	DEL	TK93	DEL	1	1
ENSG00000130024	PHF10	Shared	TK14	DEL	TK10	DEL	1	1
ENSG00000135365	PHF21A	Shared	TK13	DEL	TK10	DEL	1	1
ENSG00000156531	PHF6	Shared	TK14	DEL	TK18	DEL	1	1
ENSG00000070047	PHRF1	Shared	TK16	DEL	TK91	DEL	1	1
ENSG00000100100	PIK3IP1	Shared	TK13	DEL	TK12	DEL	1	1
ENSG00000145675	PIK3R1	Shared	TK14	DEL	TK12	DEL	1	1
ENSG00000117242	PINK1-AS	Shared	TK14	DEL	TK91	DEL	1	1
ENSG00000187583	PLEKHN1	Shared	TK16	DEL	TK18	DEL	1	1
ENSG00000124225	PMEPA1	Shared	TK14	DEL	TK10	DEL	1	1
ENSG00000140650	PMM2	Shared	TK14	DEL	TK91	DEL	1	1
ENSG00000122512	PMS2	Shared	TK16	DEL	TK18	DEL	1	1
ENSG00000232970	POLHP1	Shared	TK13	DEL	TK18	DEL	1	1
ENSG00000005075	POLR2J	Shared	TK16	DEL	TK92	DEL	1	1
ENSG00000196313	POM121	Shared	TK14	DEL	TK91	DEL	1	1
ENSG00000171497	PPID	Shared	TK16	DEL	TK18	DEL	1	1
ENSG00000058272	PPP1R12A	Shared	TK14	DEL	TK10	DEL	1	1
ENSG00000184203	PPP1R2	Shared	TK13	DEL	TK10	DEL	1	1
ENSG00000163605	PPP4R2	Shared	TK14	DEL	TK10	DEL	1	1
ENSG00000148840	PPRC1	Shared	TK16	DEL	TK93	DEL	1	1
ENSG00000085377	PREP	Shared	TK16	DEL	TK18	DEL	1	1
ENSG00000124126	PREX1	Shared	TK16	DEL	TK18	DEL	1	1
ENSG00000198056	PRIM1	Shared	TK16	DEL	TK18	DEL	1	1
ENSG00000131791	PRKAB2	Shared	TK16	DEL	TK92	DEL	1	1
ENSG00000126457	PRMT1	Shared	TK16	DEL	TK18	DEL	1	1
ENSG00000112739	PRPF4B	Shared	TK14	DEL	TK18	DEL	1	1
ENSG00000159792	PSKH1	Shared	TK14	DEL	TK10	DEL	1	1
ENSG00000146733	PSPH	Shared	TK16	DEL	TK18	DEL	1	1
ENSG00000185920	PTCH1	Shared	TK14	DEL	TK92	DEL	1	1
ENSG00000163629	PTPN13	Shared	TK16	DEL	TK10	DEL	1	1
ENSG00000175354	PTPN2	Shared	TK13	DEL	TK10	DEL	1	1
ENSG00000011478	QPCTL	Shared	TK16	DEL	TK18	DEL	1	1
ENSG00000101146	RAE1	Shared	TK14	DEL	TK12	DEL	1	1
ENSG00000086589	RBM22	Shared	TK16	DEL	TK92	DEL	1	1
ENSG00000163694	RBM47	Shared	TK14	DEL	TK93	DEL	1	1
ENSG00000213516	RBMXL1	Shared	TK13	DEL	TK12	DEL	1	1
ENSG00000049449	RCN1	Shared	TK13	DEL	TK18	DEL	1	1
ENSG00000160439	RDH13	Shared	TK13	DEL	TK10	DEL	1	1
ENSG00000189056	RELN	Shared	TK14	DEL	TK18	DEL	1	1
ENSG00000111445	RFC5	Shared	TK16	DEL	TK18	DEL	1	1
ENSG00000087903	RFX2	Shared	TK13	DEL	TK91	DEL	1	1
ENSG00000139725	RHOF	Shared	TK14	DEL	TK10	DEL	1	1
ENSG00000107036	RIC1	Shared	TK14	DEL	TK18	DEL	1	1
ENSG00000124784	RIOK1	Shared	TK14	DEL	TK18	DEL	1	1
ENSG00000222112	RN7SKP16	Shared	TK13	DEL	TK10	DEL	1	1
ENSG00000240869	RN7SL128P	Shared	TK13	DEL	TK10	DEL	1	1
ENSG00000242971	RN7SL233P	Shared	TK14	DEL	TK10	DEL	1	1
ENSG00000265648	RN7SL279P	Shared	TK13	DEL	TK10	DEL	1	1
ENSG00000243560	RN7SL364P	Shared	TK14	DEL	TK92	DEL	1	1
ENSG00000241229	RN7SL443P	Shared	TK16	DEL	TK10	DEL	1	1
ENSG00000243871	RN7SL487P	Shared	TK14	DEL	TK91	DEL	1	1
ENSG00000263955	RN7SL850P	Shared	TK14	DEL	TK10	DEL	1	1
ENSG00000251857	RNA5SP362	Shared	TK16	DEL	TK18	DEL	1	1
ENSG00000252424	RNA5SP384	Shared	TK13	DEL	TK93	DEL	1	1
ENSG00000176393	RNPEP	Shared	TK13	DEL	TK10	DEL	1	1
ENSG00000222986	RNU5A-5P	Shared	TK13	DEL	TK10	DEL	1	1
ENSG00000212298	RNU6-1009P	Shared	TK14	DEL	TK18	DEL	1	1
ENSG00000201444	RNU6-1082P	Shared	TK14	DEL	TK92	DEL	1	1
ENSG00000251934	RNU6-1143P	Shared	TK14	DEL	TK18	DEL	1	1
ENSG00000222431	RNU6-141P	Shared	TK13	DEL	TK10	DEL	1	1
ENSG00000206881	RNU6-190P	Shared	TK13	DEL	TK92	DEL	1	1
ENSG00000252929	RNU6-218P	Shared	TK16	DEL	TK18	DEL	1	1
ENSG00000200560	RNU6-288P	Shared	TK14	DEL	TK18	DEL	1	1
ENSG00000207385	RNU6-310P	Shared	TK14	DEL	TK10	DEL	1	1
ENSG00000222282	RNU6-584P	Shared	TK16	DEL	TK92	DEL	1	1
ENSG00000252620	RNU6ATAC24P	Shared	TK13	DEL	TK10	DEL	1	1
ENSG00000238959	RNU7-19P	Shared	TK14	DEL	TK10	DEL	1	1
ENSG00000251712	RNU7-20P	Shared	TK13	DEL	TK18	DEL	1	1
ENSG00000201900	RNY1P13	Shared	TK16	DEL	TK18	DEL	1	1
ENSG00000184111	RPL11P4	Shared	TK13	DEL	TK91	DEL	1	1
ENSG00000172746	RPL12P13	Shared	TK13	DEL	TK18	DEL	1	1
ENSG00000213041	RPL17P8	Shared	TK14	DEL	TK92	DEL	1	1
ENSG00000237382	RPL21P121	Shared	TK13	DEL	TK18	DEL	1	1
ENSG00000225272	RPL21P27	Shared	TK14	DEL	TK18	DEL	1	1
ENSG00000242431	RPL21P52	Shared	TK14	DEL	TK92	DEL	1	1
ENSG00000239257	RPL23AP1	Shared	TK14	DEL	TK91	DEL	1	1
ENSG00000215893	RPL23AP17	Shared	TK14	DEL	TK92	DEL	1	1
ENSG00000244270	RPL32P29	Shared	TK13	DEL	TK93	DEL	1	1
ENSG00000224064	RPL32P6	Shared	TK13	DEL	TK18	DEL	1	1
ENSG00000163923	RPL39L	Shared	TK14	DEL	TK18	DEL	1	1
ENSG00000228000	RPL7AP65	Shared	TK13	DEL	TK18	DEL	1	1
ENSG00000213880	RPL7AP7	Shared	TK14	DEL	TK91	DEL	1	1
ENSG00000101278	RPS10P5	Shared	TK14	DEL	TK91	DEL	1	1
ENSG00000138326	RPS24	Shared	TK16	DEL	TK18	DEL	1	1
ENSG00000240974	RPS27AP10	Shared	TK14	DEL	TK12	DEL	1	1
ENSG00000213741	RPS29	Shared	TK13	DEL	TK93	DEL	1	1
ENSG00000177189	RPS6KA3	Shared	TK13	DEL	TK91	DEL	1	1
ENSG00000018189	RUFY3	Shared	TK14	DEL	TK10	DEL	1	1
ENSG00000183207	RUVBL2	Shared	TK13	DEL	TK18	DEL	1	1
ENSG00000164105	SAP30	Shared	TK16	DEL	TK18	DEL	1	1
ENSG00000136021	SCYL2	Shared	TK14	DEL	TK92	DEL	1	1
ENSG00000163904	SENP2	Shared	TK13	DEL	TK91	DEL	1	1
ENSG00000182722	SEPHS1P1	Shared	TK13	DEL	TK93	DEL	1	1
ENSG00000124570	SERPINB6	Shared	TK14	DEL	TK10	DEL	1	1
ENSG00000179833	SERTAD2	Shared	TK14	DEL	TK18	DEL	1	1
ENSG00000175793	SFN	Shared	TK13	DEL	TK18	DEL	1	1
ENSG00000127990	SGCE	Shared	TK14	DEL	TK91	DEL	1	1
ENSG00000163535	SGO2	Shared	TK14	DEL	TK92	DEL	1	1
ENSG00000087266	SH3BP2	Shared	TK14	DEL	TK10	DEL	1	1
ENSG00000196470	SIAH1	Shared	TK16	DEL	TK10	DEL	1	1
ENSG00000068903	SIRT2	Shared	TK13	DEL	TK92	DEL	1	1
ENSG00000140199	SLC12A6	Shared	TK16	DEL	TK93	DEL	1	1
ENSG00000125648	SLC25A23	Shared	TK13	DEL	TK91	DEL	1	1
ENSG00000144659	SLC25A38	Shared	TK13	DEL	TK10	DEL	1	1
ENSG00000167114	SLC27A4	Shared	TK16	DEL	TK18	DEL	1	1
ENSG00000059804	SLC2A3	Shared	TK14	DEL	TK91	DEL	1	1
ENSG00000164889	SLC4A2	Shared	TK16	DEL	TK10	DEL	1	1
ENSG00000162976	SLC66A3	Shared	TK13	DEL	TK91	DEL	1	1
ENSG00000131389	SLC6A6	Shared	TK14	DEL	TK18	DEL	1	1
ENSG00000139514	SLC7A1	Shared	TK16	DEL	TK10	DEL	1	1
ENSG00000105771	SMG9	Shared	TK13	DEL	TK10	DEL	1	1
ENSG00000252448	SNORA63	Shared	TK16	DEL	TK92	DEL	1	1
ENSG00000206869	SNORA70F	Shared	TK14	DEL	TK10	DEL	1	1
ENSG00000207475	SNORA80E	Shared	TK16	DEL	TK18	DEL	1	1
ENSG00000235763	SNRPGP5	Shared	TK13	DEL	TK10	DEL	1	1
ENSG00000100603	SNW1	Shared	TK14	DEL	TK10	DEL	1	1
ENSG00000002919	SNX11	Shared	TK13	DEL	TK10	DEL	1	1
ENSG00000118785	SPP1	Shared	TK13	DEL	TK12	DEL	1	1
ENSG00000160460	SPTBN4	Shared	TK14	DEL	TK10	DEL	1	1
ENSG00000100104	SRRD	Shared	TK16	DEL	TK18	DEL	1	1
ENSG00000100380	ST13	Shared	TK16	DEL	TK10	DEL	1	1
ENSG00000111450	STX2	Shared	TK13	DEL	TK91	DEL	1	1
ENSG00000184900	SUMO3	Shared	TK14	DEL	TK92	DEL	1	1
ENSG00000177868	SVBP	Shared	TK13	DEL	TK10	DEL	1	1
ENSG00000117614	SYF2	Shared	TK16	DEL	TK10	DEL	1	1
ENSG00000275066	SYNRG	Shared	TK13	DEL	TK92	DEL	1	1
ENSG00000102003	SYP	Shared	TK16	DEL	TK18	DEL	1	1
ENSG00000064313	TAF2	Shared	TK14	DEL	TK10	DEL	1	1
ENSG00000120948	TARDBP	Shared	TK16	DEL	TK18	DEL	1	1
ENSG00000108239	TBC1D12	Shared	TK14	DEL	TK91	DEL	1	1
ENSG00000183735	TBK1	Shared	TK14	DEL	TK92	DEL	1	1
ENSG00000139437	TCHP	Shared	TK16	DEL	TK91	DEL	1	1
ENSG00000176148	TCP11L1	Shared	TK13	DEL	TK12	DEL	1	1
ENSG00000158246	TENT5B	Shared	TK13	DEL	TK18	DEL	1	1
ENSG00000090447	TFAP4	Shared	TK16	DEL	TK91	DEL	1	1
ENSG00000051596	THOC3	Shared	TK14	DEL	TK93	DEL	1	1
ENSG00000136869	TLR4	Shared	TK14	DEL	TK92	DEL	1	1
ENSG00000198498	TMA16	Shared	TK16	DEL	TK18	DEL	1	1
ENSG00000117500	TMED5	Shared	TK14	DEL	TK91	DEL	1	1
ENSG00000075568	TMEM131	Shared	TK14	DEL	TK92	DEL	1	1
ENSG00000134851	TMEM165	Shared	TK13	DEL	TK91	DEL	1	1
ENSG00000150433	TMEM218	Shared	TK16	DEL	TK10	DEL	1	1
ENSG00000185973	TMLHE	Shared	TK13	DEL	TK10	DEL	1	1
ENSG00000120802	TMPO	Shared	TK14	DEL	TK92	DEL	1	1
ENSG00000223551	TMSB4XP4	Shared	TK16	DEL	TK18	DEL	1	1
ENSG00000157873	TNFRSF14	Shared	TK13	DEL	TK12	DEL	1	1
ENSG00000183864	TOB2	Shared	TK16	DEL	TK91	DEL	1	1
ENSG00000198718	TOGARAM1	Shared	TK14	DEL	TK93	DEL	1	1
ENSG00000177302	TOP3A	Shared	TK13	DEL	TK18	DEL	1	1
ENSG00000124191	TOX2	Shared	TK16	DEL	TK10	DEL	1	1
ENSG00000162341	TPCN2	Shared	TK13	DEL	TK18	DEL	1	1
ENSG00000144034	TPRKB	Shared	TK16	DEL	TK18	DEL	1	1
ENSG00000167515	TRAPPC2L	Shared	TK14	DEL	TK18	DEL	1	1
ENSG00000071575	TRIB2	Shared	TK16	DEL	TK91	DEL	1	1
ENSG00000166326	TRIM44	Shared	TK16	DEL	TK92	DEL	1	1
ENSG00000253368	TRNP1	Shared	TK13	DEL	TK18	DEL	1	1
ENSG00000182173	TSEN54	Shared	TK16	DEL	TK91	DEL	1	1
ENSG00000158457	TSPAN33	Shared	TK14	DEL	TK10	DEL	1	1
ENSG00000074935	TUBE1	Shared	TK16	DEL	TK18	DEL	1	1
ENSG00000275835	TUBGCP5	Shared	TK16	DEL	TK18	DEL	1	1
ENSG00000128159	TUBGCP6	Shared	TK13	DEL	TK92	DEL	1	1
ENSG00000084652	TXLNA	Shared	TK13	DEL	TK91	DEL	1	1
ENSG00000160087	UBE2J2	Shared	TK13	DEL	TK92	DEL	1	1
ENSG00000233966	UBE2SP1	Shared	TK14	DEL	TK10	DEL	1	1
ENSG00000151148	UBE3B	Shared	TK16	DEL	TK10	DEL	1	1
ENSG00000165886	UBTD1	Shared	TK14	DEL	TK91	DEL	1	1
ENSG00000168246	UBTD2	Shared	TK14	DEL	TK18	DEL	1	1
ENSG00000109103	UNC119	Shared	TK13	DEL	TK10	DEL	1	1
ENSG00000059145	UNKL	Shared	TK13	DEL	TK10	DEL	1	1
ENSG00000170832	USP32	Shared	TK13	DEL	TK10	DEL	1	1
ENSG00000077254	USP33	Shared	TK14	DEL	TK10	DEL	1	1
ENSG00000114316	USP4	Shared	TK14	DEL	TK92	DEL	1	1
ENSG00000156697	UTP14A	Shared	TK16	DEL	TK10	DEL	1	1
ENSG00000147679	UTP23	Shared	TK16	DEL	TK18	DEL	1	1
ENSG00000196715	VKORC1L1	Shared	TK14	DEL	TK91	DEL	1	1
ENSG00000155975	VPS37A	Shared	TK16	DEL	TK18	DEL	1	1
ENSG00000004766	VPS50	Shared	TK14	DEL	TK91	DEL	1	1
ENSG00000100749	VRK1	Shared	TK14	DEL	TK18	DEL	1	1
ENSG00000062650	WAPL	Shared	TK14	DEL	TK18	DEL	1	1
ENSG00000120008	WDR11	Shared	TK14	DEL	TK12	DEL	1	1
ENSG00000138442	WDR12	Shared	TK14	DEL	TK92	DEL	1	1
ENSG00000140153	WDR20	Shared	TK14	DEL	TK18	DEL	1	1
ENSG00000116455	WDR77	Shared	TK13	DEL	TK10	DEL	1	1
ENSG00000156232	WHAMM	Shared	TK13	DEL	TK91	DEL	1	1
ENSG00000085741	WNT11	Shared	TK16	DEL	TK18	DEL	1	1
ENSG00000113645	WWC1	Shared	TK13	DEL	TK10	DEL	1	1
ENSG00000136936	XPA	Shared	TK14	DEL	TK18	DEL	1	1
ENSG00000130227	XPO7	Shared	TK16	DEL	TK18	DEL	1	1
ENSG00000126215	XRCC3	Shared	TK14	DEL	TK10	DEL	1	1
ENSG00000119820	YIPF4	Shared	TK14	DEL	TK92	DEL	1	1
ENSG00000199290	Y_RNA	Shared	TK14	DEL	TK91	DEL	1	1
ENSG00000199781	Y_RNA	Shared	TK14	DEL	TK10	DEL	1	1
ENSG00000199890	Y_RNA	Shared	TK13	DEL	TK10	DEL	1	1
ENSG00000202008	Y_RNA	Shared	TK16	DEL	TK18	DEL	1	1
ENSG00000206717	Y_RNA	Shared	TK14	DEL	TK18	DEL	1	1
ENSG00000222614	Y_RNA	Shared	TK13	DEL	TK10	DEL	1	1
ENSG00000239040	Y_RNA	Shared	TK13	DEL	TK91	DEL	1	1
ENSG00000123200	ZC3H13	Shared	TK13	DEL	TK18	DEL	1	1
ENSG00000204160	ZDHHC18	Shared	TK13	DEL	TK18	DEL	1	1
ENSG00000174165	ZDHHC24	Shared	TK16	DEL	TK18	DEL	1	1
ENSG00000261744	ZFPM1-AS1	Shared	TK13	DEL	TK10	DEL	1	1
ENSG00000146007	ZMAT2	Shared	TK16	DEL	TK18	DEL	1	1
ENSG00000163867	ZMYM6	Shared	TK13	DEL	TK93	DEL	1	1
ENSG00000197008	ZNF138	Shared	TK14	DEL	TK93	DEL	1	1
ENSG00000170949	ZNF160	Shared	TK16	DEL	TK91	DEL	1	1
ENSG00000121417	ZNF211	Shared	TK14	DEL	TK91	DEL	1	1
ENSG00000171940	ZNF217	Shared	TK13	DEL	TK10	DEL	1	1
ENSG00000174652	ZNF266	Shared	TK14	DEL	TK18	DEL	1	1
ENSG00000185947	ZNF267	Shared	TK13	DEL	TK18	DEL	1	1
ENSG00000187607	ZNF286A	Shared	TK14	DEL	TK10	DEL	1	1
ENSG00000205903	ZNF316	Shared	TK13	DEL	TK18	DEL	1	1
ENSG00000173480	ZNF417	Shared	TK16	DEL	TK10	DEL	1	1
ENSG00000168813	ZNF507	Shared	TK14	DEL	TK10	DEL	1	1
ENSG00000074755	ZZEF1	Shared	TK16	DEL	TK10	DEL	1	1
