gene_id	gene_name	category	groupA_samples	groupA_vtypes	groupB_samples	groupB_vtypes	n_groupA_samples	n_groupB_samples
ENSG00000144504	ANKMY1	GroupA_exclusive	TK13,TK14,TK16	DEL			3	0
ENSG00000138138	ATAD1	GroupA_exclusive	TK13,TK14,TK16	DEL			3	0
ENSG00000144848	ATG3	GroupA_exclusive	TK13,TK14,TK16	DEL			3	0
ENSG00000163170	BOLA3	GroupA_exclusive	TK13,TK14,TK16	DEL			3	0
ENSG00000133641	C12orf29	GroupA_exclusive	TK13,TK14,TK16	DEL			3	0
ENSG00000105974	CAV1	GroupA_exclusive	TK13,TK14,TK16	DEL			3	0
ENSG00000115355	CCDC88A	GroupA_exclusive	TK13,TK14,TK16	DEL			3	0
ENSG00000163171	CDC42EP3	GroupA_exclusive	TK13,TK14,TK16	DEL			3	0
ENSG00000115816	CEBPZ	GroupA_exclusive	TK13,TK14,TK16	DEL			3	0
ENSG00000100162	CENPM	GroupA_exclusive	TK13,TK14,TK16	DEL			3	0
ENSG00000148019	CEP78	GroupA_exclusive	TK13,TK14,TK16	DEL			3	0
ENSG00000122873	CISD1	GroupA_exclusive	TK13,TK14,TK16	DEL			3	0
ENSG00000119878	CRIPT	GroupA_exclusive	TK13,TK14,TK16	DEL			3	0
ENSG00000109861	CTSC	GroupA_exclusive	TK13,TK14,TK16	DEL			3	0
ENSG00000095485	CWF19L1	GroupA_exclusive	TK13,TK14,TK16	DEL			3	0
ENSG00000136986	DERL1	GroupA_exclusive	TK13,TK14,TK16	DEL			3	0
ENSG00000267938	EIF1P6	GroupA_exclusive	TK13,TK14,TK16	DEL			3	0
ENSG00000135930	EIF4E2	GroupA_exclusive	TK13,TK14,TK16	DEL			3	0
ENSG00000212293	ENSG00000212293	GroupA_exclusive	TK13,TK14,TK16	DEL			3	0
ENSG00000230221	ENSG00000230221	GroupA_exclusive	TK13,TK14,TK16	DEL			3	0
ENSG00000231416	ENSG00000231416	GroupA_exclusive	TK13,TK14,TK16	DEL			3	0
ENSG00000234162	ENSG00000234162	GroupA_exclusive	TK13,TK14,TK16	DEL			3	0
ENSG00000235427	ENSG00000235427	GroupA_exclusive	TK13,TK14,TK16	DEL			3	0
ENSG00000235837	ENSG00000235837	GroupA_exclusive	TK13,TK14,TK16	DEL			3	0
ENSG00000256789	ENSG00000256789	GroupA_exclusive	TK13,TK14,TK16	DEL			3	0
ENSG00000258210	ENSG00000258210	GroupA_exclusive	TK13,TK14,TK16	DEL			3	0
ENSG00000258824	ENSG00000258824	GroupA_exclusive	TK13,TK14,TK16	DEL			3	0
ENSG00000269807	ENSG00000269807	GroupA_exclusive	TK13,TK14,TK16	DEL			3	0
ENSG00000270008	ENSG00000270008	GroupA_exclusive	TK13,TK14,TK16	DEL			3	0
ENSG00000272054	ENSG00000272054	GroupA_exclusive	TK13,TK14,TK16	DEL			3	0
ENSG00000279354	ENSG00000279354	GroupA_exclusive	TK13,TK14,TK16	DEL			3	0
ENSG00000285920	ENSG00000285920	GroupA_exclusive	TK13,TK14,TK16	DEL			3	0
ENSG00000286485	ENSG00000286485	GroupA_exclusive	TK13,TK14,TK16	DEL			3	0
ENSG00000289904	ENSG00000289904	GroupA_exclusive	TK13,TK14,TK16	DEL			3	0
ENSG00000113719	ERGIC1	GroupA_exclusive	TK13,TK14,TK16	DEL			3	0
ENSG00000139684	ESD	GroupA_exclusive	TK13,TK14,TK16	DEL			3	0
ENSG00000139083	ETV6	GroupA_exclusive	TK13,TK14,TK16	DEL			3	0
ENSG00000136068	FLNB	GroupA_exclusive	TK13,TK14,TK16	DEL			3	0
ENSG00000129245	FXR2	GroupA_exclusive	TK13,TK14,TK16	DEL			3	0
ENSG00000130755	GMFG	GroupA_exclusive	TK13,TK14,TK16	DEL			3	0
ENSG00000100226	GTPBP1	GroupA_exclusive	TK13,TK14,TK16	DEL			3	0
ENSG00000138182	KIF20B	GroupA_exclusive	TK13,TK14,TK16	DEL			3	0
ENSG00000090889	KIF4A	GroupA_exclusive	TK13,TK14,TK16	DEL			3	0
ENSG00000173621	LRFN4	GroupA_exclusive	TK13,TK14,TK16	DEL			3	0
ENSG00000257847	LSM3P2	GroupA_exclusive	TK13,TK14,TK16	DEL			3	0
ENSG00000171444	MCC	GroupA_exclusive	TK13,TK14,TK16	DEL			3	0
ENSG00000104973	MED25	GroupA_exclusive	TK13,TK14,TK16	DEL			3	0
ENSG00000283210	MIR1322	GroupA_exclusive	TK13,TK14,TK16	DEL			3	0
ENSG00000263987	MIR5698	GroupA_exclusive	TK13,TK14,TK16	DEL			3	0
ENSG00000278520	MIR7851	GroupA_exclusive	TK13,TK14,TK16	DEL			3	0
ENSG00000158411	MITD1	GroupA_exclusive	TK13,TK14,TK16	DEL			3	0
ENSG00000008382	MPND	GroupA_exclusive	TK13,TK14,TK16	DEL			3	0
ENSG00000176182	MYPOP	GroupA_exclusive	TK13,TK14,TK16	DEL			3	0
ENSG00000139597	N4BP2L1	GroupA_exclusive	TK13,TK14,TK16	DEL			3	0
ENSG00000143552	NUP210L	GroupA_exclusive	TK13,TK14,TK16	DEL			3	0
ENSG00000164815	ORC5	GroupA_exclusive	TK13,TK14,TK16	DEL			3	0
ENSG00000173599	PC	GroupA_exclusive	TK13,TK14,TK16	DEL			3	0
ENSG00000254093	PINX1	GroupA_exclusive	TK13,TK14,TK16	DEL			3	0
ENSG00000174238	PITPNA	GroupA_exclusive	TK13,TK14,TK16	DEL			3	0
ENSG00000163344	PMVK	GroupA_exclusive	TK13,TK14,TK16	DEL			3	0
ENSG00000204569	PPP1R10	GroupA_exclusive	TK13,TK14,TK16	DEL			3	0
ENSG00000240823	RN7SL23P	GroupA_exclusive	TK13,TK14,TK16	DEL			3	0
ENSG00000200220	RNU6-179P	GroupA_exclusive	TK13,TK14,TK16	DEL			3	0
ENSG00000207362	RNU6-422P	GroupA_exclusive	TK13,TK14,TK16	DEL			3	0
ENSG00000214359	RPL18P10	GroupA_exclusive	TK13,TK14,TK16	DEL			3	0
ENSG00000240356	RPL23AP7	GroupA_exclusive	TK13,TK14,TK16	DEL			3	0
ENSG00000239483	RPS15AP16	GroupA_exclusive	TK13,TK14,TK16	DEL			3	0
ENSG00000237162	RPS20P9	GroupA_exclusive	TK13,TK14,TK16	DEL			3	0
ENSG00000177954	RPS27	GroupA_exclusive	TK13,TK14,TK16	DEL			3	0
ENSG00000231837	RPS7P2	GroupA_exclusive	TK13,TK14,TK16	DEL			3	0
ENSG00000167985	SDHAF2	GroupA_exclusive	TK13,TK14,TK16	DEL			3	0
ENSG00000183576	SETD3	GroupA_exclusive	TK13,TK14,TK16	DEL			3	0
ENSG00000197417	SHPK	GroupA_exclusive	TK13,TK14,TK16	DEL			3	0
ENSG00000205060	SLC35B4	GroupA_exclusive	TK13,TK14,TK16	DEL			3	0
ENSG00000103064	SLC7A6	GroupA_exclusive	TK13,TK14,TK16	DEL			3	0
ENSG00000198887	SMC5	GroupA_exclusive	TK13,TK14,TK16	DEL			3	0
ENSG00000119953	SMNDC1	GroupA_exclusive	TK13,TK14,TK16	DEL			3	0
ENSG00000125870	SNRPB2	GroupA_exclusive	TK13,TK14,TK16	DEL			3	0
ENSG00000142168	SOD1	GroupA_exclusive	TK13,TK14,TK16	DEL			3	0
ENSG00000291237	SOD2	GroupA_exclusive	TK13,TK14,TK16	DEL			3	0
ENSG00000101109	STK4	GroupA_exclusive	TK13,TK14,TK16	DEL			3	0
ENSG00000064607	SUGP2	GroupA_exclusive	TK13,TK14,TK16	DEL			3	0
ENSG00000169895	SYAP1	GroupA_exclusive	TK13,TK14,TK16	DEL			3	0
ENSG00000165025	SYK	GroupA_exclusive	TK13,TK14,TK16	DEL			3	0
ENSG00000064545	TMEM161A	GroupA_exclusive	TK13,TK14,TK16	DEL			3	0
ENSG00000151353	TMEM18	GroupA_exclusive	TK13,TK14,TK16	DEL			3	0
ENSG00000104689	TNFRSF10A	GroupA_exclusive	TK13,TK14,TK16	DEL			3	0
ENSG00000134779	TPGS2	GroupA_exclusive	TK13,TK14,TK16	DEL			3	0
ENSG00000231053	TRAPPC2LP1	GroupA_exclusive	TK13,TK14,TK16	DEL			3	0
ENSG00000106537	TSPAN13	GroupA_exclusive	TK13,TK14,TK16	DEL			3	0
ENSG00000135452	TSPAN31	GroupA_exclusive	TK13,TK14,TK16	DEL			3	0
ENSG00000101557	USP14	GroupA_exclusive	TK13,TK14,TK16	DEL			3	0
ENSG00000047056	WDR37	GroupA_exclusive	TK13,TK14,TK16	DEL			3	0
ENSG00000088930	XRN2	GroupA_exclusive	TK13,TK14,TK16	DEL			3	0
ENSG00000121741	ZMYM2	GroupA_exclusive	TK13,TK14,TK16	DEL			3	0
ENSG00000149313	AASDHPPT	GroupA_exclusive	TK13,TK14	DEL			2	0
ENSG00000122971	ACADS	GroupA_exclusive	TK13,TK14	DEL			2	0
ENSG00000123130	ACOT9	GroupA_exclusive	TK13,TK14	DEL			2	0
ENSG00000167107	ACSF2	GroupA_exclusive	TK13,TK14	DEL			2	0
ENSG00000117148	ACTL8	GroupA_exclusive	TK13,TK14	DEL			2	0
ENSG00000115091	ACTR3	GroupA_exclusive	TK13,TK14	DEL			2	0
ENSG00000133627	ACTR3B	GroupA_exclusive	TK13,TK14	DEL			2	0
ENSG00000035687	ADSS2	GroupA_exclusive	TK14,TK16	DEL			2	0
ENSG00000133612	AGAP3	GroupA_exclusive	TK13,TK14	DEL			2	0
ENSG00000164252	AGGF1	GroupA_exclusive	TK13,TK14	DEL			2	0
ENSG00000018510	AGPS	GroupA_exclusive	TK13,TK14	DEL			2	0
ENSG00000268257	AIRN	GroupA_exclusive	TK13,TK16	DEL			2	0
ENSG00000121057	AKAP1	GroupA_exclusive	TK13,TK14	DEL			2	0
ENSG00000076513	ANKRD13A	GroupA_exclusive	TK13,TK14	DEL			2	0
ENSG00000177879	AP3S1	GroupA_exclusive	TK13,TK14	DEL			2	0
ENSG00000062725	APPBP2	GroupA_exclusive	TK13,TK14	DEL			2	0
ENSG00000111348	ARHGDIB	GroupA_exclusive	TK13,TK14	DEL			2	0
ENSG00000129675	ARHGEF6	GroupA_exclusive	TK13,TK14	DEL			2	0
ENSG00000120805	ARL1	GroupA_exclusive	TK13,TK16	DEL			2	0
ENSG00000231395	ARL4AP4	GroupA_exclusive	TK13,TK14	DEL			2	0
ENSG00000105676	ARMC6	GroupA_exclusive	TK14,TK16	DEL			2	0
ENSG00000129691	ASH2L	GroupA_exclusive	TK13,TK14	DEL			2	0
ENSG00000005238	ATOSB	GroupA_exclusive	TK14,TK16	DEL			2	0
ENSG00000163399	ATP1A1	GroupA_exclusive	TK13,TK14	DEL			2	0
ENSG00000069849	ATP1B3	GroupA_exclusive	TK13,TK14	DEL			2	0
ENSG00000244124	ATP1B3-AS1	GroupA_exclusive	TK13,TK14	DEL			2	0
ENSG00000070961	ATP2B1	GroupA_exclusive	TK14,TK16	DEL			2	0
ENSG00000230201	ATP6V0CP1	GroupA_exclusive	TK13,TK16	DEL			2	0
ENSG00000150756	ATPSCKMT	GroupA_exclusive	TK14,TK16	DEL			2	0
ENSG00000066427	ATXN3	GroupA_exclusive	TK14,TK16	DEL			2	0
ENSG00000169857	AVEN	GroupA_exclusive	TK13,TK14	DEL			2	0
ENSG00000240254	B4GALT4-AS1	GroupA_exclusive	TK13,TK14	DEL			2	0
ENSG00000198604	BAZ1A	GroupA_exclusive	TK13,TK14	DEL			2	0
ENSG00000105327	BBC3	GroupA_exclusive	TK13,TK14	DEL			2	0
ENSG00000171791	BCL2	GroupA_exclusive	TK13,TK14	DEL			2	0
ENSG00000106635	BCL7B	GroupA_exclusive	TK13,TK14	DEL			2	0
ENSG00000029363	BCLAF1	GroupA_exclusive	TK13,TK14	DEL			2	0
ENSG00000236861	BET1-AS1	GroupA_exclusive	TK13,TK14	DEL			2	0
ENSG00000108578	BLMH	GroupA_exclusive	TK13,TK14	DEL			2	0
ENSG00000270316	BORCS7-ASMT	GroupA_exclusive	TK13,TK14	DEL			2	0
ENSG00000254901	BORCS8	GroupA_exclusive	TK13,TK16	DEL			2	0
ENSG00000010671	BTK	GroupA_exclusive	TK14,TK16	DEL			2	0
ENSG00000137656	BUD13	GroupA_exclusive	TK13,TK14	DEL			2	0
ENSG00000112578	BYSL	GroupA_exclusive	TK13,TK14	DEL			2	0
ENSG00000136261	BZW2	GroupA_exclusive	TK13,TK14	DEL			2	0
ENSG00000276925	C1orf100P1	GroupA_exclusive	TK13,TK14	DEL			2	0
ENSG00000166278	C2	GroupA_exclusive	TK13,TK14	DEL			2	0
ENSG00000281756	C2-AS1	GroupA_exclusive	TK13,TK14	DEL			2	0
ENSG00000242259	C22orf39	GroupA_exclusive	TK13,TK14	DEL			2	0
ENSG00000111731	C2CD5	GroupA_exclusive	TK13,TK14	DEL			2	0
ENSG00000146540	C7orf50	GroupA_exclusive	TK13,TK14	DEL			2	0
ENSG00000230564	CALM1P2	GroupA_exclusive	TK13,TK14	DEL			2	0
ENSG00000246228	CASC8	GroupA_exclusive	TK13,TK14	DEL			2	0
ENSG00000121691	CAT	GroupA_exclusive	TK13,TK14	DEL			2	0
ENSG00000159231	CBR3	GroupA_exclusive	TK13,TK14	DEL			2	0
ENSG00000060339	CCAR1	GroupA_exclusive	TK13,TK14	DEL			2	0
ENSG00000173093	CCDC63	GroupA_exclusive	TK13,TK14	DEL			2	0
ENSG00000205476	CCDC85C	GroupA_exclusive	TK13,TK14	DEL			2	0
ENSG00000177675	CD163L1	GroupA_exclusive	TK13,TK14	DEL			2	0
ENSG00000178562	CD28	GroupA_exclusive	TK13,TK14	DEL			2	0
ENSG00000100526	CDKN3	GroupA_exclusive	TK13,TK14	DEL			2	0
ENSG00000153044	CENPH	GroupA_exclusive	TK13,TK14	DEL			2	0
ENSG00000166451	CENPN	GroupA_exclusive	TK13,TK14	DEL			2	0
ENSG00000260213	CENPN-AS1	GroupA_exclusive	TK13,TK14	DEL			2	0
ENSG00000178404	CEP295NL	GroupA_exclusive	TK13,TK14	DEL			2	0
ENSG00000164118	CEP44	GroupA_exclusive	TK13,TK14	DEL			2	0
ENSG00000166037	CEP57	GroupA_exclusive	TK13,TK14	DEL			2	0
ENSG00000114107	CEP70	GroupA_exclusive	TK13,TK14	DEL			2	0
ENSG00000154479	CFAP210	GroupA_exclusive	TK13,TK14	DEL			2	0
ENSG00000243649	CFB	GroupA_exclusive	TK13,TK14	DEL			2	0
ENSG00000111666	CHPT1	GroupA_exclusive	TK13,TK14	DEL			2	0
ENSG00000184984	CHRM5	GroupA_exclusive	TK13,TK14	DEL			2	0
ENSG00000124302	CHST8	GroupA_exclusive	TK13,TK14	DEL			2	0
ENSG00000213341	CHUK	GroupA_exclusive	TK13,TK14	DEL			2	0
ENSG00000227492	CHUK-DT	GroupA_exclusive	TK13,TK14	DEL			2	0
ENSG00000123975	CKS2	GroupA_exclusive	TK13,TK16	DEL			2	0
ENSG00000121940	CLCC1	GroupA_exclusive	TK13,TK14	DEL			2	0
ENSG00000164237	CMBL	GroupA_exclusive	TK13,TK14	DEL			2	0
ENSG00000187118	CMC1	GroupA_exclusive	TK13,TK14	DEL			2	0
ENSG00000184220	CMSS1	GroupA_exclusive	TK13,TK14	DEL			2	0
ENSG00000183723	CMTM4	GroupA_exclusive	TK13,TK14	DEL			2	0
ENSG00000153551	CMTM7	GroupA_exclusive	TK13,TK14	DEL			2	0
ENSG00000106603	COA1	GroupA_exclusive	TK13,TK14	DEL			2	0
ENSG00000183513	COA5	GroupA_exclusive	TK13,TK14	DEL			2	0
ENSG00000168275	COA6	GroupA_exclusive	TK13,TK14	DEL			2	0
ENSG00000164597	COG5	GroupA_exclusive	TK13,TK14	DEL			2	0
ENSG00000143207	COP1	GroupA_exclusive	TK13,TK14	DEL			2	0
ENSG00000144524	COPS7B	GroupA_exclusive	TK14,TK16	DEL			2	0
ENSG00000198612	COPS8	GroupA_exclusive	TK13,TK14	DEL			2	0
ENSG00000115520	COQ10B	GroupA_exclusive	TK13,TK14	DEL			2	0
ENSG00000163626	COX18	GroupA_exclusive	TK13,TK14	DEL			2	0
ENSG00000126267	COX6B1	GroupA_exclusive	TK13,TK14	DEL			2	0
ENSG00000258626	COX7A2P1	GroupA_exclusive	TK13,TK14	DEL			2	0
ENSG00000230609	COX7CP4	GroupA_exclusive	TK13,TK14	DEL			2	0
ENSG00000085719	CPNE3	GroupA_exclusive	TK13,TK14	DEL			2	0
ENSG00000160917	CPSF4	GroupA_exclusive	TK13,TK14	DEL			2	0
ENSG00000110090	CPT1A	GroupA_exclusive	TK13,TK14	DEL			2	0
ENSG00000121671	CRY2	GroupA_exclusive	TK13,TK14	DEL			2	0
ENSG00000205758	CRYZL1	GroupA_exclusive	TK13,TK14	DEL			2	0
ENSG00000134030	CTIF	GroupA_exclusive	TK13,TK14	DEL			2	0
ENSG00000040531	CTNS	GroupA_exclusive	TK13,TK14	DEL			2	0
ENSG00000262903	CTNS-AS1	GroupA_exclusive	TK13,TK14	DEL			2	0
ENSG00000036257	CUL3	GroupA_exclusive	TK13,TK14	DEL			2	0
ENSG00000150316	CWC15	GroupA_exclusive	TK13,TK14	DEL			2	0
ENSG00000171604	CXXC5	GroupA_exclusive	TK13,TK14	DEL			2	0
ENSG00000250635	CXXC5-AS1	GroupA_exclusive	TK13,TK14	DEL			2	0
ENSG00000283232	CYP2C23P	GroupA_exclusive	TK13,TK14	DEL			2	0
ENSG00000171903	CYP4F11	GroupA_exclusive	TK13,TK14	DEL			2	0
ENSG00000136279	DBNL	GroupA_exclusive	TK13,TK14	DEL			2	0
ENSG00000178105	DDX10	GroupA_exclusive	TK13,TK14	DEL			2	0
ENSG00000091140	DLD	GroupA_exclusive	TK13,TK14	DEL			2	0
ENSG00000161249	DMKN	GroupA_exclusive	TK13,TK14	DEL			2	0
ENSG00000185800	DMWD	GroupA_exclusive	TK13,TK16	DEL			2	0
ENSG00000059769	DNAJC25	GroupA_exclusive	TK13,TK14	DEL			2	0
ENSG00000101457	DNTTIP1	GroupA_exclusive	TK13,TK14	DEL			2	0
ENSG00000113360	DROSHA	GroupA_exclusive	TK13,TK14	DEL			2	0
ENSG00000136982	DSCC1	GroupA_exclusive	TK13,TK14	DEL			2	0
ENSG00000125821	DTD1	GroupA_exclusive	TK13,TK14	DEL			2	0
ENSG00000128951	DUT	GroupA_exclusive	TK13,TK14	DEL			2	0
ENSG00000204348	DXO	GroupA_exclusive	TK13,TK14	DEL			2	0
ENSG00000126870	DYNC2I1	GroupA_exclusive	TK13,TK14	DEL			2	0
ENSG00000130159	ECSIT	GroupA_exclusive	TK13,TK16	DEL			2	0
ENSG00000162636	EEIG2	GroupA_exclusive	TK13,TK14	DEL			2	0
ENSG00000237080	EHMT2-AS1	GroupA_exclusive	TK13,TK14	DEL			2	0
ENSG00000225037	EIF1AX-AS1	GroupA_exclusive	TK13,TK16	DEL			2	0
ENSG00000128829	EIF2AK4	GroupA_exclusive	TK13,TK14	DEL			2	0
ENSG00000254441	EIF2S2P6	GroupA_exclusive	TK13,TK14	DEL			2	0
ENSG00000147677	EIF3H	GroupA_exclusive	TK13,TK14	DEL			2	0
ENSG00000104131	EIF3J	GroupA_exclusive	TK13,TK14	DEL			2	0
ENSG00000280890	ELDR	GroupA_exclusive	TK13,TK14	DEL			2	0
ENSG00000134014	ELP3	GroupA_exclusive	TK13,TK14	DEL			2	0
ENSG00000127774	EMC6	GroupA_exclusive	TK13,TK14	DEL			2	0
ENSG00000186998	EMID1	GroupA_exclusive	TK13,TK14	DEL			2	0
ENSG00000136960	ENPP2	GroupA_exclusive	TK13,TK14	DEL			2	0
ENSG00000206961	ENSG00000206961	GroupA_exclusive	TK13,TK14	DEL			2	0
ENSG00000207922	ENSG00000207922	GroupA_exclusive	TK13,TK14	DEL			2	0
ENSG00000214650	ENSG00000214650	GroupA_exclusive	TK13,TK14	DEL			2	0
ENSG00000217004	ENSG00000217004	GroupA_exclusive	TK13,TK14	DEL			2	0
ENSG00000224356	ENSG00000224356	GroupA_exclusive	TK13,TK14	DEL			2	0
ENSG00000225146	ENSG00000225146	GroupA_exclusive	TK13,TK14	DEL			2	0
ENSG00000225187	ENSG00000225187	GroupA_exclusive	TK13,TK14	DEL			2	0
ENSG00000225407	ENSG00000225407	GroupA_exclusive	TK13,TK14	DEL			2	0
ENSG00000225568	ENSG00000225568	GroupA_exclusive	TK14,TK16	DEL			2	0
ENSG00000225889	ENSG00000225889	GroupA_exclusive	TK13,TK14	DEL			2	0
ENSG00000226072	ENSG00000226072	GroupA_exclusive	TK13,TK14	DEL			2	0
ENSG00000226483	ENSG00000226483	GroupA_exclusive	TK13,TK14	DEL			2	0
ENSG00000227050	ENSG00000227050	GroupA_exclusive	TK13,TK14	DEL			2	0
ENSG00000227068	ENSG00000227068	GroupA_exclusive	TK13,TK14	DEL			2	0
ENSG00000228137	ENSG00000228137	GroupA_exclusive	TK13,TK14	DEL			2	0
ENSG00000228335	ENSG00000228335	GroupA_exclusive	TK13,TK14	DEL			2	0
ENSG00000228386	ENSG00000228386	GroupA_exclusive	TK13,TK16	DEL			2	0
ENSG00000229827	ENSG00000229827	GroupA_exclusive	TK13,TK14	DEL			2	0
ENSG00000230454	ENSG00000230454	GroupA_exclusive	TK13,TK14	DEL			2	0
ENSG00000230536	ENSG00000230536	GroupA_exclusive	TK13,TK14	DEL			2	0
ENSG00000230751	ENSG00000230751	GroupA_exclusive	TK13,TK14	DEL			2	0
ENSG00000230936	ENSG00000230936	GroupA_exclusive	TK13,TK14	DEL			2	0
ENSG00000231102	ENSG00000231102	GroupA_exclusive	TK13,TK14	DEL			2	0
ENSG00000231794	ENSG00000231794	GroupA_exclusive	TK13,TK14	DEL			2	0
ENSG00000232750	ENSG00000232750	GroupA_exclusive	TK14,TK16	DEL			2	0
ENSG00000232765	ENSG00000232765	GroupA_exclusive	TK13,TK14	DEL			2	0
ENSG00000233877	ENSG00000233877	GroupA_exclusive	TK13,TK14	DEL			2	0
ENSG00000234208	ENSG00000234208	GroupA_exclusive	TK13,TK14	DEL			2	0
ENSG00000234784	ENSG00000234784	GroupA_exclusive	TK13,TK14	DEL			2	0
ENSG00000235251	ENSG00000235251	GroupA_exclusive	TK14,TK16	DEL			2	0
ENSG00000235522	ENSG00000235522	GroupA_exclusive	TK13,TK14	DEL			2	0
ENSG00000236308	ENSG00000236308	GroupA_exclusive	TK13,TK14	DEL			2	0
ENSG00000236713	ENSG00000236713	GroupA_exclusive	TK13,TK14	DEL			2	0
ENSG00000236823	ENSG00000236823	GroupA_exclusive	TK13,TK16	DEL			2	0
ENSG00000237210	ENSG00000237210	GroupA_exclusive	TK13,TK14	DEL			2	0
ENSG00000237453	ENSG00000237453	GroupA_exclusive	TK13,TK14	DEL			2	0
ENSG00000237846	ENSG00000237846	GroupA_exclusive	TK13,TK14	DEL			2	0
ENSG00000240015	ENSG00000240015	GroupA_exclusive	TK13,TK14	DEL			2	0
ENSG00000243243	ENSG00000243243	GroupA_exclusive	TK13,TK14	DEL			2	0
ENSG00000249593	ENSG00000249593	GroupA_exclusive	TK13,TK14	DEL			2	0
ENSG00000250282	ENSG00000250282	GroupA_exclusive	TK13,TK16	DEL			2	0
ENSG00000250950	ENSG00000250950	GroupA_exclusive	TK13,TK16	DEL			2	0
ENSG00000251508	ENSG00000251508	GroupA_exclusive	TK13,TK14	DEL			2	0
ENSG00000252408	ENSG00000252408	GroupA_exclusive	TK13,TK14	DEL			2	0
ENSG00000252992	ENSG00000252992	GroupA_exclusive	TK13,TK14	DEL			2	0
ENSG00000254431	ENSG00000254431	GroupA_exclusive	TK13,TK14	DEL			2	0
ENSG00000254433	ENSG00000254433	GroupA_exclusive	TK13,TK14	DEL			2	0
ENSG00000254907	ENSG00000254907	GroupA_exclusive	TK14,TK16	DEL			2	0
ENSG00000256632	ENSG00000256632	GroupA_exclusive	TK13,TK14	DEL			2	0
ENSG00000256861	ENSG00000256861	GroupA_exclusive	TK13,TK14	DEL			2	0
ENSG00000257545	ENSG00000257545	GroupA_exclusive	TK13,TK14	DEL			2	0
ENSG00000257607	ENSG00000257607	GroupA_exclusive	TK13,TK14	DEL			2	0
ENSG00000258064	ENSG00000258064	GroupA_exclusive	TK13,TK14	DEL			2	0
ENSG00000258466	ENSG00000258466	GroupA_exclusive	TK13,TK14	DEL			2	0
ENSG00000258924	ENSG00000258924	GroupA_exclusive	TK13,TK14	DEL			2	0
ENSG00000258930	ENSG00000258930	GroupA_exclusive	TK13,TK14	DEL			2	0
ENSG00000259055	ENSG00000259055	GroupA_exclusive	TK13,TK14	DEL			2	0
ENSG00000259304	ENSG00000259304	GroupA_exclusive	TK13,TK14	DEL			2	0
ENSG00000259352	ENSG00000259352	GroupA_exclusive	TK13,TK14	DEL			2	0
ENSG00000259396	ENSG00000259396	GroupA_exclusive	TK13,TK14	DEL			2	0
ENSG00000259418	ENSG00000259418	GroupA_exclusive	TK13,TK14	DEL			2	0
ENSG00000259505	ENSG00000259505	GroupA_exclusive	TK13,TK14	DEL			2	0
ENSG00000260777	ENSG00000260777	GroupA_exclusive	TK13,TK14	DEL			2	0
ENSG00000261312	ENSG00000261312	GroupA_exclusive	TK13,TK14	DEL			2	0
ENSG00000261351	ENSG00000261351	GroupA_exclusive	TK13,TK16	DEL			2	0
ENSG00000261916	ENSG00000261916	GroupA_exclusive	TK13,TK14	DEL			2	0
ENSG00000262248	ENSG00000262248	GroupA_exclusive	TK13,TK14	DEL			2	0
ENSG00000262304	ENSG00000262304	GroupA_exclusive	TK13,TK14	DEL			2	0
ENSG00000262482	ENSG00000262482	GroupA_exclusive	TK13,TK14	DEL			2	0
ENSG00000262692	ENSG00000262692	GroupA_exclusive	TK13,TK14	DEL			2	0
ENSG00000262833	ENSG00000262833	GroupA_exclusive	TK13,TK14	DEL			2	0
ENSG00000263029	ENSG00000263029	GroupA_exclusive	TK13,TK14	DEL			2	0
ENSG00000263089	ENSG00000263089	GroupA_exclusive	TK13,TK14	DEL			2	0
ENSG00000263338	ENSG00000263338	GroupA_exclusive	TK13,TK14	DEL			2	0
ENSG00000263624	ENSG00000263624	GroupA_exclusive	TK13,TK14	DEL			2	0
ENSG00000263727	ENSG00000263727	GroupA_exclusive	TK13,TK14	DEL			2	0
ENSG00000263788	ENSG00000263788	GroupA_exclusive	TK13,TK14	DEL			2	0
ENSG00000263823	ENSG00000263823	GroupA_exclusive	TK13,TK14	DEL			2	0
ENSG00000263870	ENSG00000263870	GroupA_exclusive	TK13,TK14	DEL			2	0
ENSG00000264029	ENSG00000264029	GroupA_exclusive	TK13,TK14	DEL			2	0
ENSG00000264167	ENSG00000264167	GroupA_exclusive	TK13,TK14	DEL			2	0
ENSG00000264486	ENSG00000264486	GroupA_exclusive	TK13,TK14	DEL			2	0
ENSG00000265194	ENSG00000265194	GroupA_exclusive	TK13,TK14	DEL			2	0
ENSG00000265254	ENSG00000265254	GroupA_exclusive	TK13,TK14	DEL			2	0
ENSG00000265618	ENSG00000265618	GroupA_exclusive	TK13,TK14	DEL			2	0
ENSG00000266306	ENSG00000266306	GroupA_exclusive	TK13,TK14	DEL			2	0
ENSG00000266456	ENSG00000266456	GroupA_exclusive	TK13,TK14	DEL			2	0
ENSG00000266830	ENSG00000266830	GroupA_exclusive	TK13,TK14	DEL			2	0
ENSG00000266997	ENSG00000266997	GroupA_exclusive	TK13,TK14	DEL			2	0
ENSG00000267288	ENSG00000267288	GroupA_exclusive	TK13,TK16	DEL			2	0
ENSG00000267491	ENSG00000267491	GroupA_exclusive	TK13,TK14	DEL			2	0
ENSG00000267561	ENSG00000267561	GroupA_exclusive	TK14,TK16	DEL			2	0
ENSG00000267734	ENSG00000267734	GroupA_exclusive	TK14,TK16	DEL			2	0
ENSG00000267766	ENSG00000267766	GroupA_exclusive	TK13,TK14	DEL			2	0
ENSG00000269365	ENSG00000269365	GroupA_exclusive	TK13,TK14	DEL			2	0
ENSG00000269403	ENSG00000269403	GroupA_exclusive	TK13,TK14	DEL			2	0
ENSG00000269463	ENSG00000269463	GroupA_exclusive	TK13,TK14	DEL			2	0
ENSG00000269815	ENSG00000269815	GroupA_exclusive	TK13,TK14	DEL			2	0
ENSG00000269846	ENSG00000269846	GroupA_exclusive	TK13,TK14	DEL			2	0
ENSG00000269887	ENSG00000269887	GroupA_exclusive	TK13,TK14	DEL			2	0
ENSG00000271452	ENSG00000271452	GroupA_exclusive	TK13,TK14	DEL			2	0
ENSG00000271509	ENSG00000271509	GroupA_exclusive	TK13,TK14	DEL			2	0
ENSG00000272368	ENSG00000272368	GroupA_exclusive	TK13,TK14	DEL			2	0
ENSG00000272660	ENSG00000272660	GroupA_exclusive	TK13,TK14	DEL			2	0
ENSG00000272910	ENSG00000272910	GroupA_exclusive	TK13,TK14	DEL			2	0
ENSG00000272921	ENSG00000272921	GroupA_exclusive	TK13,TK14	DEL			2	0
ENSG00000273151	ENSG00000273151	GroupA_exclusive	TK13,TK14	DEL			2	0
ENSG00000273171	ENSG00000273171	GroupA_exclusive	TK13,TK14	DEL			2	0
ENSG00000273269	ENSG00000273269	GroupA_exclusive	TK13,TK14	DEL			2	0
ENSG00000273658	ENSG00000273658	GroupA_exclusive	TK13,TK14	DEL			2	0
ENSG00000275025	ENSG00000275025	GroupA_exclusive	TK13,TK16	DEL			2	0
ENSG00000275056	ENSG00000275056	GroupA_exclusive	TK13,TK14	DEL			2	0
ENSG00000276763	ENSG00000276763	GroupA_exclusive	TK13,TK14	DEL			2	0
ENSG00000277450	ENSG00000277450	GroupA_exclusive	TK13,TK14	DEL			2	0
ENSG00000278275	ENSG00000278275	GroupA_exclusive	TK13,TK14	DEL			2	0
ENSG00000278472	ENSG00000278472	GroupA_exclusive	TK13,TK14	DEL			2	0
ENSG00000278831	ENSG00000278831	GroupA_exclusive	TK13,TK14	DEL			2	0
ENSG00000278864	ENSG00000278864	GroupA_exclusive	TK13,TK14	DEL			2	0
ENSG00000278983	ENSG00000278983	GroupA_exclusive	TK13,TK14	DEL			2	0
ENSG00000279071	ENSG00000279071	GroupA_exclusive	TK13,TK14	DEL			2	0
ENSG00000279121	ENSG00000279121	GroupA_exclusive	TK13,TK14	DEL			2	0
ENSG00000279232	ENSG00000279232	GroupA_exclusive	TK13,TK14	DEL			2	0
ENSG00000279334	ENSG00000279334	GroupA_exclusive	TK13,TK14	DEL			2	0
ENSG00000279339	ENSG00000279339	GroupA_exclusive	TK13,TK14	DEL			2	0
ENSG00000279527	ENSG00000279527	GroupA_exclusive	TK13,TK14	DEL			2	0
ENSG00000279532	ENSG00000279532	GroupA_exclusive	TK13,TK14	DEL			2	0
ENSG00000279861	ENSG00000279861	GroupA_exclusive	TK13,TK16	DEL			2	0
ENSG00000279957	ENSG00000279957	GroupA_exclusive	TK13,TK14	DEL			2	0
ENSG00000280143	ENSG00000280143	GroupA_exclusive	TK13,TK14	DEL			2	0
ENSG00000280169	ENSG00000280169	GroupA_exclusive	TK13,TK14	DEL			2	0
ENSG00000280239	ENSG00000280239	GroupA_exclusive	TK13,TK16	DEL			2	0
ENSG00000280244	ENSG00000280244	GroupA_exclusive	TK13,TK14	DEL			2	0
ENSG00000280354	ENSG00000280354	GroupA_exclusive	TK13,TK14	DEL			2	0
ENSG00000280878	ENSG00000280878	GroupA_exclusive	TK13,TK14	DEL			2	0
ENSG00000283125	ENSG00000283125	GroupA_exclusive	TK13,TK14	DEL			2	0
ENSG00000283228	ENSG00000283228	GroupA_exclusive	TK13,TK14	DEL			2	0
ENSG00000283354	ENSG00000283354	GroupA_exclusive	TK13,TK14	DEL			2	0
ENSG00000283580	ENSG00000283580	GroupA_exclusive	TK13,TK14	DEL			2	0
ENSG00000285016	ENSG00000285016	GroupA_exclusive	TK13,TK14	DEL			2	0
ENSG00000285330	ENSG00000285330	GroupA_exclusive	TK13,TK16	DEL			2	0
ENSG00000285603	ENSG00000285603	GroupA_exclusive	TK13,TK14	DEL			2	0
ENSG00000285801	ENSG00000285801	GroupA_exclusive	TK13,TK14	DEL			2	0
ENSG00000285851	ENSG00000285851	GroupA_exclusive	TK13,TK14	DEL			2	0
ENSG00000285889	ENSG00000285889	GroupA_exclusive	TK14,TK16	DEL			2	0
ENSG00000285923	ENSG00000285923	GroupA_exclusive	TK13,TK14	DEL			2	0
ENSG00000286034	ENSG00000286034	GroupA_exclusive	TK13,TK14	DEL			2	0
ENSG00000286176	ENSG00000286176	GroupA_exclusive	TK13,TK14	DEL			2	0
ENSG00000286242	ENSG00000286242	GroupA_exclusive	TK13,TK14	DEL			2	0
ENSG00000286636	ENSG00000286636	GroupA_exclusive	TK13,TK14	DEL			2	0
ENSG00000286994	ENSG00000286994	GroupA_exclusive	TK13,TK14	DEL			2	0
ENSG00000287378	ENSG00000287378	GroupA_exclusive	TK13,TK14	DEL			2	0
ENSG00000287600	ENSG00000287600	GroupA_exclusive	TK13,TK14	DEL			2	0
ENSG00000287624	ENSG00000287624	GroupA_exclusive	TK13,TK14	DEL			2	0
ENSG00000287665	ENSG00000287665	GroupA_exclusive	TK13,TK14	DEL			2	0
ENSG00000287781	ENSG00000287781	GroupA_exclusive	TK13,TK14	DEL			2	0
ENSG00000287807	ENSG00000287807	GroupA_exclusive	TK13,TK14	DEL			2	0
ENSG00000287840	ENSG00000287840	GroupA_exclusive	TK13,TK14	DEL			2	0
ENSG00000287990	ENSG00000287990	GroupA_exclusive	TK13,TK14	DEL			2	0
ENSG00000289382	ENSG00000289382	GroupA_exclusive	TK13,TK14	DEL			2	0
ENSG00000289430	ENSG00000289430	GroupA_exclusive	TK13,TK14	DEL			2	0
ENSG00000289517	ENSG00000289517	GroupA_exclusive	TK13,TK14	DEL			2	0
ENSG00000289534	ENSG00000289534	GroupA_exclusive	TK13,TK14	DEL			2	0
ENSG00000289564	ENSG00000289564	GroupA_exclusive	TK13,TK14	DEL			2	0
ENSG00000289574	ENSG00000289574	GroupA_exclusive	TK13,TK14	DEL			2	0
ENSG00000289685	ENSG00000289685	GroupA_exclusive	TK14,TK16	DEL			2	0
ENSG00000290119	ENSG00000290119	GroupA_exclusive	TK13,TK14	DEL			2	0
ENSG00000290748	ENSG00000290748	GroupA_exclusive	TK13,TK14	DEL			2	0
ENSG00000291203	ENSG00000291203	GroupA_exclusive	TK13,TK16	DEL			2	0
ENSG00000291316	ENSG00000291316	GroupA_exclusive	TK13,TK14	DEL			2	0
ENSG00000087502	ERGIC2	GroupA_exclusive	TK13,TK14	DEL			2	0
ENSG00000107566	ERLIN1	GroupA_exclusive	TK13,TK14	DEL			2	0
ENSG00000023318	ERP44	GroupA_exclusive	TK13,TK14	DEL			2	0
ENSG00000267259	ERVE-1	GroupA_exclusive	TK13,TK14	DEL			2	0
ENSG00000244476	ERVFRD-1	GroupA_exclusive	TK13,TK14	DEL			2	0
ENSG00000134954	ETS1	GroupA_exclusive	TK13,TK14	DEL			2	0
ENSG00000142459	EVI5L	GroupA_exclusive	TK13,TK14	DEL			2	0
ENSG00000181104	F2R	GroupA_exclusive	TK13,TK14	DEL			2	0
ENSG00000117480	FAAH	GroupA_exclusive	TK13,TK14	DEL			2	0
ENSG00000165591	FAAH2	GroupA_exclusive	TK13,TK14	DEL			2	0
ENSG00000237106	FABP5P15	GroupA_exclusive	TK13,TK14	DEL			2	0
ENSG00000182518	FAM104B	GroupA_exclusive	TK13,TK16	DEL			2	0
ENSG00000100376	FAM118A	GroupA_exclusive	TK13,TK14	DEL			2	0
ENSG00000146067	FAM193B	GroupA_exclusive	TK13,TK16	DEL			2	0
ENSG00000116199	FAM20B	GroupA_exclusive	TK14,TK16	DEL			2	0
ENSG00000178397	FAM220A	GroupA_exclusive	TK13,TK14	DEL			2	0
ENSG00000071889	FAM3A	GroupA_exclusive	TK13,TK14	DEL			2	0
ENSG00000126882	FAM78A	GroupA_exclusive	TK13,TK16	DEL			2	0
ENSG00000127452	FBXL12	GroupA_exclusive	TK13,TK16	DEL			2	0
ENSG00000127585	FBXL16	GroupA_exclusive	TK13,TK14	DEL			2	0
ENSG00000138081	FBXO11	GroupA_exclusive	TK13,TK14	DEL			2	0
ENSG00000214050	FBXO16	GroupA_exclusive	TK13,TK14	DEL			2	0
ENSG00000151876	FBXO4	GroupA_exclusive	TK13,TK14	DEL			2	0
ENSG00000111790	FGFR1OP2	GroupA_exclusive	TK13,TK14	DEL			2	0
ENSG00000168386	FILIP1L	GroupA_exclusive	TK13,TK14	DEL			2	0
ENSG00000119321	FKBP15	GroupA_exclusive	TK13,TK16	DEL			2	0
ENSG00000100442	FKBP3	GroupA_exclusive	TK13,TK14	DEL			2	0
ENSG00000164916	FOXK1	GroupA_exclusive	TK13,TK14	DEL			2	0
ENSG00000141568	FOXK2	GroupA_exclusive	TK13,TK14	DEL			2	0
ENSG00000109536	FRG1	GroupA_exclusive	TK13,TK14	DEL			2	0
ENSG00000105325	FZR1	GroupA_exclusive	TK13,TK14	DEL			2	0
ENSG00000139112	GABARAPL1	GroupA_exclusive	TK13,TK14	DEL			2	0
ENSG00000255958	GABARAPL1-AS1	GroupA_exclusive	TK13,TK14	DEL			2	0
ENSG00000178234	GALNT11	GroupA_exclusive	TK13,TK14	DEL			2	0
ENSG00000143641	GALNT2	GroupA_exclusive	TK13,TK14	DEL			2	0
ENSG00000239857	GET4	GroupA_exclusive	TK13,TK14	DEL			2	0
ENSG00000134864	GGACT	GroupA_exclusive	TK13,TK14	DEL			2	0
ENSG00000278311	GGNBP2	GroupA_exclusive	TK13,TK14	DEL			2	0
ENSG00000250571	GLI4	GroupA_exclusive	TK13,TK14	DEL			2	0
ENSG00000196743	GM2A	GroupA_exclusive	TK13,TK14	DEL			2	0
ENSG00000114353	GNAI2	GroupA_exclusive	TK13,TK14	DEL			2	0
ENSG00000065135	GNAI3	GroupA_exclusive	TK13,TK14	DEL			2	0
ENSG00000114349	GNAT1	GroupA_exclusive	TK13,TK14	DEL			2	0
ENSG00000166734	GOLM2	GroupA_exclusive	TK13,TK16	DEL			2	0
ENSG00000111711	GOLT1B	GroupA_exclusive	TK13,TK14	DEL			2	0
ENSG00000076650	GPATCH1	GroupA_exclusive	TK13,TK14	DEL			2	0
ENSG00000111231	GPN3	GroupA_exclusive	TK13,TK14	DEL			2	0
ENSG00000164849	GPR146	GroupA_exclusive	TK13,TK14	DEL			2	0
ENSG00000121957	GPSM2	GroupA_exclusive	TK13,TK14	DEL			2	0
ENSG00000121964	GTDC1	GroupA_exclusive	TK13,TK14	DEL			2	0
ENSG00000165417	GTF2A1	GroupA_exclusive	TK13,TK14	DEL			2	0
ENSG00000110768	GTF2H1	GroupA_exclusive	TK13,TK14	DEL			2	0
ENSG00000170627	GTSF1	GroupA_exclusive	TK13,TK14	DEL			2	0
ENSG00000105968	H2AZ2	GroupA_exclusive	TK13,TK14	DEL			2	0
ENSG00000265541	H3P41	GroupA_exclusive	TK13,TK14	DEL			2	0
ENSG00000177602	HASPIN	GroupA_exclusive	TK13,TK14	DEL			2	0
ENSG00000128708	HAT1	GroupA_exclusive	TK13,TK14	DEL			2	0
ENSG00000152240	HAUS1	GroupA_exclusive	TK13,TK14	DEL			2	0
ENSG00000213397	HAUS7	GroupA_exclusive	TK13,TK14	DEL			2	0
ENSG00000171720	HDAC3	GroupA_exclusive	TK13,TK14	DEL			2	0
ENSG00000069998	HDHD5	GroupA_exclusive	TK13,TK14	DEL			2	0
ENSG00000162639	HENMT1	GroupA_exclusive	TK13,TK14	DEL			2	0
ENSG00000168517	HEXIM2	GroupA_exclusive	TK13,TK16	DEL			2	0
ENSG00000100084	HIRA	GroupA_exclusive	TK13,TK14	DEL			2	0
ENSG00000123485	HJURP	GroupA_exclusive	TK13,TK14	DEL			2	0
ENSG00000182952	HMGN4	GroupA_exclusive	TK13,TK14	DEL			2	0
ENSG00000100281	HMGXB4	GroupA_exclusive	TK13,TK16	DEL			2	0
ENSG00000100292	HMOX1	GroupA_exclusive	TK13,TK16	DEL			2	0
ENSG00000214761	HNRNPA1P15	GroupA_exclusive	TK13,TK14	DEL			2	0
ENSG00000230280	HNRNPA1P59	GroupA_exclusive	TK13,TK14	DEL			2	0
ENSG00000153936	HS2ST1	GroupA_exclusive	TK14,TK16	DEL			2	0
ENSG00000187522	HSPA14	GroupA_exclusive	TK13,TK14	DEL			2	0
ENSG00000251614	HSPA8P19	GroupA_exclusive	TK13,TK14	DEL			2	0
ENSG00000102241	HTATSF1	GroupA_exclusive	TK13,TK14	DEL			2	0
ENSG00000255154	HTD2	GroupA_exclusive	TK13,TK16	DEL			2	0
ENSG00000114378	HYAL1	GroupA_exclusive	TK13,TK14	DEL			2	0
ENSG00000186792	HYAL3	GroupA_exclusive	TK13,TK14	DEL			2	0
ENSG00000109083	IFT20	GroupA_exclusive	TK13,TK14	DEL			2	0
ENSG00000089289	IGBP1	GroupA_exclusive	TK13,TK14	DEL			2	0
ENSG00000197081	IGF2R	GroupA_exclusive	TK13,TK16	DEL			2	0
ENSG00000134470	IL15RA	GroupA_exclusive	TK13,TK14	DEL			2	0
ENSG00000138614	INTS14	GroupA_exclusive	TK13,TK14	DEL			2	0
ENSG00000129636	ITFG1	GroupA_exclusive	TK13,TK14	DEL			2	0
ENSG00000083457	ITGAE	GroupA_exclusive	TK13,TK14	DEL			2	0
ENSG00000119185	ITGB1BP1	GroupA_exclusive	TK13,TK16	DEL			2	0
ENSG00000119537	KDSR	GroupA_exclusive	TK13,TK14	DEL			2	0
ENSG00000163808	KIF15	GroupA_exclusive	TK13,TK14	DEL			2	0
ENSG00000213160	KLHL23	GroupA_exclusive	TK13,TK14	DEL			2	0
ENSG00000114030	KPNA1	GroupA_exclusive	TK13,TK14	DEL			2	0
ENSG00000265480	KRT18P55	GroupA_exclusive	TK13,TK14	DEL			2	0
ENSG00000132434	LANCL2	GroupA_exclusive	TK13,TK14	DEL			2	0
ENSG00000254275	LINC00824	GroupA_exclusive	TK13,TK14	DEL			2	0
ENSG00000185847	LINC01405	GroupA_exclusive	TK13,TK14	DEL			2	0
ENSG00000234435	LINC01432	GroupA_exclusive	TK13,TK14	DEL			2	0
ENSG00000253686	LINC01484	GroupA_exclusive	TK13,TK14	DEL			2	0
ENSG00000257556	LINC02298	GroupA_exclusive	TK13,TK14	DEL			2	0
ENSG00000280055	LINC02912	GroupA_exclusive	TK13,TK14	DEL			2	0
ENSG00000189067	LITAF	GroupA_exclusive	TK13,TK14	DEL			2	0
ENSG00000238198	LRIG2-DT	GroupA_exclusive	TK13,TK14	DEL			2	0
ENSG00000128534	LSM8	GroupA_exclusive	TK13,TK14	DEL			2	0
ENSG00000179564	LSMEM2	GroupA_exclusive	TK13,TK14	DEL			2	0
ENSG00000007392	LUC7L	GroupA_exclusive	TK13,TK14	DEL			2	0
ENSG00000079257	LXN	GroupA_exclusive	TK13,TK14	DEL			2	0
ENSG00000112799	LY86	GroupA_exclusive	TK13,TK14	DEL			2	0
ENSG00000177239	MAN1B1	GroupA_exclusive	TK13,TK14	DEL			2	0
ENSG00000143674	MAP3K21	GroupA_exclusive	TK13,TK14	DEL			2	0
ENSG00000119487	MAPKAP1	GroupA_exclusive	TK13,TK14	DEL			2	0
ENSG00000130368	MAS1	GroupA_exclusive	TK13,TK16	DEL			2	0
ENSG00000225858	MATR3P1	GroupA_exclusive	TK13,TK14	DEL			2	0
ENSG00000140943	MBTPS1	GroupA_exclusive	TK13,TK16	DEL			2	0
ENSG00000197771	MCMBP	GroupA_exclusive	TK13,TK14	DEL			2	0
ENSG00000135272	MDFIC	GroupA_exclusive	TK13,TK14	DEL			2	0
ENSG00000111142	METAP2	GroupA_exclusive	TK13,TK14	DEL			2	0
ENSG00000176845	METRNL	GroupA_exclusive	TK13,TK14	DEL			2	0
ENSG00000171109	MFN1	GroupA_exclusive	TK13,TK14	DEL			2	0
ENSG00000152127	MGAT5	GroupA_exclusive	TK13,TK14	DEL			2	0
ENSG00000074416	MGLL	GroupA_exclusive	TK13,TK14	DEL			2	0
ENSG00000008394	MGST1	GroupA_exclusive	TK13,TK14	DEL			2	0
ENSG00000148343	MIGA2	GroupA_exclusive	TK13,TK14	DEL			2	0
ENSG00000148481	MINDY3	GroupA_exclusive	TK13,TK14	DEL			2	0
ENSG00000141503	MINK1	GroupA_exclusive	TK13,TK16	DEL			2	0
ENSG00000027001	MIPEP	GroupA_exclusive	TK13,TK14	DEL			2	0
ENSG00000221771	MIR1205	GroupA_exclusive	TK13,TK14	DEL			2	0
ENSG00000283200	MIR1206	GroupA_exclusive	TK13,TK14	DEL			2	0
ENSG00000221176	MIR1207	GroupA_exclusive	TK13,TK14	DEL			2	0
ENSG00000221261	MIR1208	GroupA_exclusive	TK13,TK14	DEL			2	0
ENSG00000284446	MIR1236	GroupA_exclusive	TK13,TK14	DEL			2	0
ENSG00000221808	MIR1256	GroupA_exclusive	TK13,TK14	DEL			2	0
ENSG00000264354	MIR3134	GroupA_exclusive	TK13,TK14	DEL			2	0
ENSG00000265112	MIR3153	GroupA_exclusive	TK13,TK16	DEL			2	0
ENSG00000265134	MIR3190	GroupA_exclusive	TK13,TK14	DEL			2	0
ENSG00000284411	MIR3191	GroupA_exclusive	TK13,TK14	DEL			2	0
ENSG00000211513	MIR320E	GroupA_exclusive	TK13,TK14	DEL			2	0
ENSG00000263813	MIR3679	GroupA_exclusive	TK13,TK14	DEL			2	0
ENSG00000264897	MIR3921	GroupA_exclusive	TK13,TK14	DEL			2	0
ENSG00000266619	MIR4642	GroupA_exclusive	TK13,TK14	DEL			2	0
ENSG00000284532	MIR4723	GroupA_exclusive	TK13,TK14	DEL			2	0
ENSG00000264616	MIR4755	GroupA_exclusive	TK13,TK16	DEL			2	0
ENSG00000275334	MIR5787	GroupA_exclusive	TK13,TK14	DEL			2	0
ENSG00000207821	MIR640	GroupA_exclusive	TK13,TK14	DEL			2	0
ENSG00000274816	MIR6772	GroupA_exclusive	TK13,TK14	DEL			2	0
ENSG00000276270	MIR6799	GroupA_exclusive	TK13,TK14	DEL			2	0
ENSG00000283848	MIR6872	GroupA_exclusive	TK13,TK14	DEL			2	0
ENSG00000198598	MMP17	GroupA_exclusive	TK13,TK14	DEL			2	0
ENSG00000123562	MORF4L2	GroupA_exclusive	TK13,TK14	DEL			2	0
ENSG00000130150	MOSPD2	GroupA_exclusive	TK13,TK14	DEL			2	0
ENSG00000020922	MRE11	GroupA_exclusive	TK13,TK14	DEL			2	0
ENSG00000101353	MROH8	GroupA_exclusive	TK13,TK14	DEL			2	0
ENSG00000082515	MRPL22	GroupA_exclusive	TK13,TK14	DEL			2	0
ENSG00000114686	MRPL3	GroupA_exclusive	TK13,TK14	DEL			2	0
ENSG00000130312	MRPL34	GroupA_exclusive	TK13,TK14	DEL			2	0
ENSG00000116898	MRPS15	GroupA_exclusive	TK13,TK14	DEL			2	0
ENSG00000262759	MRPS21P9	GroupA_exclusive	TK13,TK14	DEL			2	0
ENSG00000131368	MRPS25	GroupA_exclusive	TK13,TK14	DEL			2	0
ENSG00000249649	MRPS33P2	GroupA_exclusive	TK13,TK14	DEL			2	0
ENSG00000231851	MRPS9-AS1	GroupA_exclusive	TK13,TK14	DEL			2	0
ENSG00000124532	MRS2	GroupA_exclusive	TK13,TK14	DEL			2	0
ENSG00000232564	MRTFA-AS1	GroupA_exclusive	TK13,TK14	DEL			2	0
ENSG00000186260	MRTFB	GroupA_exclusive	TK13,TK14	DEL			2	0
ENSG00000137409	MTCH1	GroupA_exclusive	TK13,TK14	DEL			2	0
ENSG00000168502	MTCL1	GroupA_exclusive	TK13,TK14	DEL			2	0
ENSG00000231831	MTHFD1P1	GroupA_exclusive	TK13,TK14	DEL			2	0
ENSG00000180354	MTURN	GroupA_exclusive	TK13,TK14	DEL			2	0
ENSG00000128654	MTX2	GroupA_exclusive	TK13,TK14	DEL			2	0
ENSG00000111245	MYL2	GroupA_exclusive	TK13,TK14	DEL			2	0
ENSG00000173272	MZT2A	GroupA_exclusive	TK13,TK14	DEL			2	0
ENSG00000276359	Metazoa_SRP	GroupA_exclusive	TK13,TK14	DEL			2	0
ENSG00000276645	Metazoa_SRP	GroupA_exclusive	TK13,TK14	DEL			2	0
ENSG00000173418	NAA20	GroupA_exclusive	TK13,TK14	DEL			2	0
ENSG00000243477	NAA80	GroupA_exclusive	TK13,TK14	DEL			2	0
ENSG00000205531	NAP1L4	GroupA_exclusive	TK13,TK14	DEL			2	0
ENSG00000071051	NCK2	GroupA_exclusive	TK13,TK14	DEL			2	0
ENSG00000160194	NDUFV3	GroupA_exclusive	TK13,TK14	DEL			2	0
ENSG00000157191	NECAP2	GroupA_exclusive	TK13,TK14	DEL			2	0
ENSG00000130202	NECTIN2	GroupA_exclusive	TK13,TK14	DEL			2	0
ENSG00000117691	NENF	GroupA_exclusive	TK13,TK14	DEL			2	0
ENSG00000171208	NETO2	GroupA_exclusive	TK13,TK14	DEL			2	0
ENSG00000186575	NF2	GroupA_exclusive	TK13,TK14	DEL			2	0
ENSG00000131196	NFATC1	GroupA_exclusive	TK13,TK14	DEL			2	0
ENSG00000086102	NFX1	GroupA_exclusive	TK13,TK14	DEL			2	0
ENSG00000001461	NIPAL3	GroupA_exclusive	TK13,TK14	DEL			2	0
ENSG00000101882	NKAP	GroupA_exclusive	TK13,TK14	DEL			2	0
ENSG00000179873	NLRP11	GroupA_exclusive	TK13,TK14	DEL			2	0
ENSG00000106733	NMRK1	GroupA_exclusive	TK13,TK14	DEL			2	0
ENSG00000109255	NMU	GroupA_exclusive	TK13,TK14	DEL			2	0
ENSG00000131697	NPHP4	GroupA_exclusive	TK13,TK14	DEL			2	0
ENSG00000169189	NSMCE1	GroupA_exclusive	TK13,TK14	DEL			2	0
ENSG00000156831	NSMCE2	GroupA_exclusive	TK13,TK14	DEL			2	0
ENSG00000135778	NTPCR	GroupA_exclusive	TK13,TK14	DEL			2	0
ENSG00000165609	NUDT5	GroupA_exclusive	TK13,TK14	DEL			2	0
ENSG00000133961	NUMB	GroupA_exclusive	TK13,TK14	DEL			2	0
ENSG00000247363	NUP107-DT	GroupA_exclusive	TK13,TK14	DEL			2	0
ENSG00000137804	NUSAP1	GroupA_exclusive	TK13,TK14	DEL			2	0
ENSG00000134996	OSTF1	GroupA_exclusive	TK13,TK14	DEL			2	0
ENSG00000083720	OXCT1	GroupA_exclusive	TK13,TK14	DEL			2	0
ENSG00000257950	P2RX5-TAX1BP3	GroupA_exclusive	TK13,TK14	DEL			2	0
ENSG00000204279	PAGE3	GroupA_exclusive	TK13,TK14	DEL			2	0
ENSG00000158639	PAGE5	GroupA_exclusive	TK13,TK14	DEL			2	0
ENSG00000102699	PARP4	GroupA_exclusive	TK14,TK16	DEL			2	0
ENSG00000185630	PBX1	GroupA_exclusive	TK13,TK14	DEL			2	0
ENSG00000233693	PBX1-AS1	GroupA_exclusive	TK13,TK14	DEL			2	0
ENSG00000282977	PCBP2-OT1	GroupA_exclusive	TK13,TK14	DEL			2	0
ENSG00000135749	PCNX2	GroupA_exclusive	TK13,TK14	DEL			2	0
ENSG00000140479	PCSK6	GroupA_exclusive	TK13,TK14	DEL			2	0
ENSG00000065485	PDIA5	GroupA_exclusive	TK13,TK14	DEL			2	0
ENSG00000005882	PDK2	GroupA_exclusive	TK13,TK16	DEL			2	0
ENSG00000107438	PDLIM1	GroupA_exclusive	TK13,TK14	DEL			2	0
ENSG00000079739	PGM1	GroupA_exclusive	TK13,TK14	DEL			2	0
ENSG00000230224	PHB1P9	GroupA_exclusive	TK13,TK14	DEL			2	0
ENSG00000144362	PHOSPHO2	GroupA_exclusive	TK13,TK14	DEL			2	0
ENSG00000073921	PICALM	GroupA_exclusive	TK13,TK14	DEL			2	0
ENSG00000186111	PIP5K1C	GroupA_exclusive	TK13,TK14	DEL			2	0
ENSG00000057757	PITHD1	GroupA_exclusive	TK13,TK14	DEL			2	0
ENSG00000197943	PLCG2	GroupA_exclusive	TK13,TK14	DEL			2	0
ENSG00000106086	PLEKHA8	GroupA_exclusive	TK13,TK14	DEL			2	0
ENSG00000064933	PMS1	GroupA_exclusive	TK13,TK14	DEL			2	0
ENSG00000146453	PNLDC1	GroupA_exclusive	TK13,TK16	DEL			2	0
ENSG00000114631	PODXL2	GroupA_exclusive	TK13,TK14	DEL			2	0
ENSG00000102978	POLR2C	GroupA_exclusive	TK13,TK14	DEL			2	0
ENSG00000100142	POLR2F	GroupA_exclusive	TK13,TK14	DEL			2	0
ENSG00000212993	POU5F1B	GroupA_exclusive	TK13,TK14	DEL			2	0
ENSG00000137168	PPIL1	GroupA_exclusive	TK13,TK14	DEL			2	0
ENSG00000115685	PPP1R7	GroupA_exclusive	TK13,TK14	DEL			2	0
ENSG00000154001	PPP2R5E	GroupA_exclusive	TK13,TK14	DEL			2	0
ENSG00000258388	PPT2-EGFL8	GroupA_exclusive	TK13,TK14	DEL			2	0
ENSG00000265060	PPY2P	GroupA_exclusive	TK13,TK14	DEL			2	0
ENSG00000290672	PPY2P	GroupA_exclusive	TK13,TK14	DEL			2	0
ENSG00000137509	PRCP	GroupA_exclusive	TK13,TK14	DEL			2	0
ENSG00000123131	PRDX4	GroupA_exclusive	TK13,TK14	DEL			2	0
ENSG00000164306	PRIMPOL	GroupA_exclusive	TK13,TK14	DEL			2	0
ENSG00000115825	PRKD3	GroupA_exclusive	TK13,TK14	DEL			2	0
ENSG00000080815	PSEN1	GroupA_exclusive	TK13,TK14	DEL			2	0
ENSG00000251332	PSME2P4	GroupA_exclusive	TK13,TK14	DEL			2	0
ENSG00000231550	PTCHD3P2	GroupA_exclusive	TK13,TK14	DEL			2	0
ENSG00000108825	PTGES3L-AARSD1	GroupA_exclusive	TK13,TK14	DEL			2	0
ENSG00000180011	PTGR3	GroupA_exclusive	TK13,TK14	DEL			2	0
ENSG00000196396	PTPN1	GroupA_exclusive	TK13,TK14	DEL			2	0
ENSG00000179295	PTPN11	GroupA_exclusive	TK13,TK14	DEL			2	0
ENSG00000100362	PVALB	GroupA_exclusive	TK13,TK14	DEL			2	0
ENSG00000253548	PYDC2	GroupA_exclusive	TK13,TK14	DEL			2	0
ENSG00000223812	PYDC2-AS1	GroupA_exclusive	TK13,TK14	DEL			2	0
ENSG00000237575	PYY2	GroupA_exclusive	TK13,TK14	DEL			2	0
ENSG00000290671	PYY2	GroupA_exclusive	TK13,TK14	DEL			2	0
ENSG00000115828	QPCT	GroupA_exclusive	TK13,TK14	DEL			2	0
ENSG00000213339	QTRT1	GroupA_exclusive	TK13,TK16	DEL			2	0
ENSG00000103769	RAB11A	GroupA_exclusive	TK13,TK14	DEL			2	0
ENSG00000134594	RAB33A	GroupA_exclusive	TK13,TK14	DEL			2	0
ENSG00000168118	RAB4A	GroupA_exclusive	TK13,TK14	DEL			2	0
ENSG00000108557	RAI1	GroupA_exclusive	TK13,TK14	DEL			2	0
ENSG00000237328	RAI1-AS1	GroupA_exclusive	TK13,TK14	DEL			2	0
ENSG00000006451	RALA	GroupA_exclusive	TK13,TK14	DEL			2	0
ENSG00000125970	RALY	GroupA_exclusive	TK13,TK16	DEL			2	0
ENSG00000228903	RASA4CP	GroupA_exclusive	TK13,TK14	DEL			2	0
ENSG00000111344	RASAL1	GroupA_exclusive	TK13,TK14	DEL			2	0
ENSG00000162437	RAVER2	GroupA_exclusive	TK13,TK14	DEL			2	0
ENSG00000080839	RBL1	GroupA_exclusive	TK13,TK14	DEL			2	0
ENSG00000103479	RBL2	GroupA_exclusive	TK13,TK14	DEL			2	0
ENSG00000248643	RBM14-RBM4	GroupA_exclusive	TK13,TK14	DEL			2	0
ENSG00000003756	RBM5	GroupA_exclusive	TK13,TK14	DEL			2	0
ENSG00000281691	RBM5-AS1	GroupA_exclusive	TK13,TK14	DEL			2	0
ENSG00000100387	RBX1	GroupA_exclusive	TK13,TK14	DEL			2	0
ENSG00000009413	REV3L	GroupA_exclusive	TK13,TK14	DEL			2	0
ENSG00000058729	RIOK2	GroupA_exclusive	TK13,TK16	DEL			2	0
ENSG00000170854	RIOX2	GroupA_exclusive	TK13,TK14	DEL			2	0
ENSG00000201782	RN7SKP226	GroupA_exclusive	TK13,TK14	DEL			2	0
ENSG00000244296	RN7SL168P	GroupA_exclusive	TK13,TK14	DEL			2	0
ENSG00000243544	RN7SL172P	GroupA_exclusive	TK13,TK14	DEL			2	0
ENSG00000243333	RN7SL174P	GroupA_exclusive	TK13,TK14	DEL			2	0
ENSG00000242865	RN7SL244P	GroupA_exclusive	TK13,TK14	DEL			2	0
ENSG00000244425	RN7SL268P	GroupA_exclusive	TK13,TK14	DEL			2	0
ENSG00000243845	RN7SL30P	GroupA_exclusive	TK13,TK14	DEL			2	0
ENSG00000242170	RN7SL329P	GroupA_exclusive	TK13,TK14	DEL			2	0
ENSG00000243702	RN7SL638P	GroupA_exclusive	TK13,TK14	DEL			2	0
ENSG00000239742	RN7SL672P	GroupA_exclusive	TK13,TK14	DEL			2	0
ENSG00000222921	RNA5SP104	GroupA_exclusive	TK13,TK14	DEL			2	0
ENSG00000201532	RNA5SP194	GroupA_exclusive	TK13,TK14	DEL			2	0
ENSG00000201492	RNA5SP78	GroupA_exclusive	TK13,TK14	DEL			2	0
ENSG00000136104	RNASEH2B	GroupA_exclusive	TK13,TK14	DEL			2	0
ENSG00000124226	RNF114	GroupA_exclusive	TK13,TK14	DEL			2	0
ENSG00000134758	RNF138	GroupA_exclusive	TK13,TK14	DEL			2	0
ENSG00000170881	RNF139	GroupA_exclusive	TK13,TK16	DEL			2	0
ENSG00000167257	RNF214	GroupA_exclusive	TK13,TK14	DEL			2	0
ENSG00000267302	RNFT1-DT	GroupA_exclusive	TK13,TK14	DEL			2	0
ENSG00000212550	RNU1-78P	GroupA_exclusive	TK13,TK14	DEL			2	0
ENSG00000222501	RNU4-25P	GroupA_exclusive	TK13,TK14	DEL			2	0
ENSG00000222057	RNU4-62P	GroupA_exclusive	TK13,TK14	DEL			2	0
ENSG00000222320	RNU6-1050P	GroupA_exclusive	TK13,TK14	DEL			2	0
ENSG00000252361	RNU6-118P	GroupA_exclusive	TK13,TK14	DEL			2	0
ENSG00000252713	RNU6-1198P	GroupA_exclusive	TK13,TK14	DEL			2	0
ENSG00000201223	RNU6-1305P	GroupA_exclusive	TK13,TK14	DEL			2	0
ENSG00000252475	RNU6-1332P	GroupA_exclusive	TK13,TK14	DEL			2	0
ENSG00000207082	RNU6-171P	GroupA_exclusive	TK13,TK14	DEL			2	0
ENSG00000199700	RNU6-223P	GroupA_exclusive	TK13,TK14	DEL			2	0
ENSG00000206819	RNU6-260P	GroupA_exclusive	TK13,TK14	DEL			2	0
ENSG00000200389	RNU6-509P	GroupA_exclusive	TK13,TK14	DEL			2	0
ENSG00000200146	RNU6-544P	GroupA_exclusive	TK13,TK14	DEL			2	0
ENSG00000206859	RNU6-767P	GroupA_exclusive	TK13,TK14	DEL			2	0
ENSG00000212535	RNU6-808P	GroupA_exclusive	TK13,TK14	DEL			2	0
ENSG00000199306	RNU6-858P	GroupA_exclusive	TK13,TK14	DEL			2	0
ENSG00000272439	RNU6-91P	GroupA_exclusive	TK13,TK14	DEL			2	0
ENSG00000252288	RNU6-966P	GroupA_exclusive	TK13,TK14	DEL			2	0
ENSG00000212510	RNU6-972P	GroupA_exclusive	TK13,TK14	DEL			2	0
ENSG00000253437	RNU6-988P	GroupA_exclusive	TK13,TK14	DEL			2	0
ENSG00000207110	RNVU1-32	GroupA_exclusive	TK13,TK14	DEL			2	0
ENSG00000200537	RNY4P6	GroupA_exclusive	TK13,TK14	DEL			2	0
ENSG00000233010	RPEP4	GroupA_exclusive	TK13,TK14	DEL			2	0
ENSG00000242683	RPL12P21	GroupA_exclusive	TK13,TK14	DEL			2	0
ENSG00000240898	RPL21P125	GroupA_exclusive	TK13,TK14	DEL			2	0
ENSG00000237641	RPL28P2	GroupA_exclusive	TK14,TK16	DEL			2	0
ENSG00000241680	RPL31P49	GroupA_exclusive	TK13,TK14	DEL			2	0
ENSG00000109475	RPL34	GroupA_exclusive	TK13,TK16	DEL			2	0
ENSG00000224629	RPL36AP30	GroupA_exclusive	TK13,TK14	DEL			2	0
ENSG00000145592	RPL37	GroupA_exclusive	TK13,TK16	DEL			2	0
ENSG00000229339	RPL7AP83	GroupA_exclusive	TK13,TK14	DEL			2	0
ENSG00000215236	RPL7P33	GroupA_exclusive	TK13,TK14	DEL			2	0
ENSG00000241825	RPL7P42	GroupA_exclusive	TK13,TK14	DEL			2	0
ENSG00000242100	RPL9P32	GroupA_exclusive	TK13,TK14	DEL			2	0
ENSG00000223396	RPS10P7	GroupA_exclusive	TK13,TK14	DEL			2	0
ENSG00000233072	RPS15AP6	GroupA_exclusive	TK13,TK14	DEL			2	0
ENSG00000234354	RPS26P47	GroupA_exclusive	TK13,TK14	DEL			2	0
ENSG00000226144	RPS27AP3	GroupA_exclusive	TK13,TK14	DEL			2	0
ENSG00000234268	RPS27P19	GroupA_exclusive	TK13,TK14	DEL			2	0
ENSG00000179157	RPS2P28	GroupA_exclusive	TK13,TK14	DEL			2	0
ENSG00000214389	RPS3AP26	GroupA_exclusive	TK13,TK14	DEL			2	0
ENSG00000231241	RPS3AP3	GroupA_exclusive	TK13,TK14	DEL			2	0
ENSG00000231940	RPS7P3	GroupA_exclusive	TK13,TK14	DEL			2	0
ENSG00000167524	RSKR	GroupA_exclusive	TK13,TK14	DEL			2	0
ENSG00000159579	RSPRY1	GroupA_exclusive	TK13,TK14	DEL			2	0
ENSG00000026036	RTEL1-TNFRSF6B	GroupA_exclusive	TK13,TK14	DEL			2	0
ENSG00000087302	RTRAF	GroupA_exclusive	TK13,TK14	DEL			2	0
ENSG00000004139	SARM1	GroupA_exclusive	TK13,TK14	DEL			2	0
ENSG00000073060	SCARB1	GroupA_exclusive	TK13,TK14	DEL			2	0
ENSG00000252712	SCARNA14	GroupA_exclusive	TK14,TK16	DEL			2	0
ENSG00000252906	SCARNA3	GroupA_exclusive	TK13,TK14	DEL			2	0
ENSG00000137575	SDCBP	GroupA_exclusive	TK13,TK14	DEL			2	0
ENSG00000274529	SEBOX	GroupA_exclusive	TK13,TK14	DEL			2	0
ENSG00000166562	SEC11C	GroupA_exclusive	TK13,TK14	DEL			2	0
ENSG00000085415	SEH1L	GroupA_exclusive	TK13,TK14	DEL			2	0
ENSG00000138018	SELENOI	GroupA_exclusive	TK13,TK16	DEL			2	0
ENSG00000012171	SEMA3B	GroupA_exclusive	TK13,TK14	DEL			2	0
ENSG00000232352	SEMA3B-AS1	GroupA_exclusive	TK13,TK14	DEL			2	0
ENSG00000001617	SEMA3F	GroupA_exclusive	TK13,TK14	DEL			2	0
ENSG00000235016	SEMA3F-AS1	GroupA_exclusive	TK13,TK14	DEL			2	0
ENSG00000125354	SEPTIN6	GroupA_exclusive	TK13,TK14	DEL			2	0
ENSG00000245958	SEPTIN7P14	GroupA_exclusive	TK13,TK16	DEL			2	0
ENSG00000170364	SETMAR	GroupA_exclusive	TK13,TK14	DEL			2	0
ENSG00000160584	SIK3	GroupA_exclusive	TK13,TK14	DEL			2	0
ENSG00000170085	SIMC1	GroupA_exclusive	TK13,TK14	DEL			2	0
ENSG00000154839	SKA1	GroupA_exclusive	TK13,TK14	DEL			2	0
ENSG00000145604	SKP2	GroupA_exclusive	TK13,TK14	DEL			2	0
ENSG00000148339	SLC25A25	GroupA_exclusive	TK13,TK14	DEL			2	0
ENSG00000147454	SLC25A37	GroupA_exclusive	TK13,TK14	DEL			2	0
ENSG00000075303	SLC25A40	GroupA_exclusive	TK14,TK16	DEL			2	0
ENSG00000188338	SLC38A3	GroupA_exclusive	TK13,TK14	DEL			2	0
ENSG00000204385	SLC44A4	GroupA_exclusive	TK13,TK14	DEL			2	0
ENSG00000076351	SLC46A1	GroupA_exclusive	TK13,TK14	DEL			2	0
ENSG00000089060	SLC8B1	GroupA_exclusive	TK13,TK14	DEL			2	0
ENSG00000137776	SLTM	GroupA_exclusive	TK13,TK14	DEL			2	0
ENSG00000226746	SMCR5	GroupA_exclusive	TK13,TK14	DEL			2	0
ENSG00000224531	SMIM13	GroupA_exclusive	TK13,TK14	DEL			2	0
ENSG00000088826	SMOX	GroupA_exclusive	TK13,TK14	DEL			2	0
ENSG00000130768	SMPDL3B	GroupA_exclusive	TK13,TK14	DEL			2	0
ENSG00000102172	SMS	GroupA_exclusive	TK13,TK14	DEL			2	0
ENSG00000212464	SNORA12	GroupA_exclusive	TK13,TK14	DEL			2	0
ENSG00000207392	SNORA20	GroupA_exclusive	TK13,TK16	DEL			2	0
ENSG00000206910	SNORA29	GroupA_exclusive	TK13,TK16	DEL			2	0
ENSG00000207313	SNORA2B	GroupA_exclusive	TK13,TK14	DEL			2	0
ENSG00000202379	SNORA70	GroupA_exclusive	TK13,TK14	DEL			2	0
ENSG00000239035	SNORD13D	GroupA_exclusive	TK13,TK14	DEL			2	0
ENSG00000199411	SNORD62	GroupA_exclusive	TK13,TK14	DEL			2	0
ENSG00000104852	SNRNP70	GroupA_exclusive	TK13,TK14	DEL			2	0
ENSG00000178996	SNX18	GroupA_exclusive	TK13,TK14	DEL			2	0
ENSG00000205302	SNX2	GroupA_exclusive	TK13,TK14	DEL			2	0
ENSG00000240350	SOCAR	GroupA_exclusive	TK13,TK14	DEL			2	0
ENSG00000285427	SOD2-OT1	GroupA_exclusive	TK13,TK16	DEL			2	0
ENSG00000140263	SORD	GroupA_exclusive	TK13,TK14	DEL			2	0
ENSG00000067066	SP100	GroupA_exclusive	TK13,TK16	DEL			2	0
ENSG00000270623	SPCS2P2	GroupA_exclusive	TK13,TK14	DEL			2	0
ENSG00000065526	SPEN	GroupA_exclusive	TK14,TK16	DEL			2	0
ENSG00000066336	SPI1	GroupA_exclusive	TK13,TK14	DEL			2	0
ENSG00000111412	SPRING1	GroupA_exclusive	TK14,TK16	DEL			2	0
ENSG00000123178	SPRYD7	GroupA_exclusive	TK13,TK14	DEL			2	0
ENSG00000165389	SPTSSA	GroupA_exclusive	TK13,TK14	DEL			2	0
ENSG00000075142	SRI	GroupA_exclusive	TK13,TK14	DEL			2	0
ENSG00000254003	SRI-AS1	GroupA_exclusive	TK13,TK14	DEL			2	0
ENSG00000143742	SRP9	GroupA_exclusive	TK13,TK14	DEL			2	0
ENSG00000096063	SRPK1	GroupA_exclusive	TK13,TK14	DEL			2	0
ENSG00000087087	SRRT	GroupA_exclusive	TK13,TK16	DEL			2	0
ENSG00000227832	ST13P21	GroupA_exclusive	TK13,TK14	DEL			2	0
ENSG00000072786	STK10	GroupA_exclusive	TK14,TK16	DEL			2	0
ENSG00000148175	STOM	GroupA_exclusive	TK13,TK14	DEL			2	0
ENSG00000162236	STX5	GroupA_exclusive	TK13,TK14	DEL			2	0
ENSG00000137413	TAF8	GroupA_exclusive	TK13,TK14	DEL			2	0
ENSG00000102125	TAFAZZIN	GroupA_exclusive	TK13,TK14	DEL			2	0
ENSG00000135090	TAOK3	GroupA_exclusive	TK13,TK14	DEL			2	0
ENSG00000213977	TAX1BP3	GroupA_exclusive	TK13,TK14	DEL			2	0
ENSG00000179152	TCAIM	GroupA_exclusive	TK13,TK14	DEL			2	0
ENSG00000120438	TCP1	GroupA_exclusive	TK13,TK16	DEL			2	0
ENSG00000167014	TERB2	GroupA_exclusive	TK13,TK14	DEL			2	0
ENSG00000135269	TES	GroupA_exclusive	TK13,TK14	DEL			2	0
ENSG00000108064	TFAM	GroupA_exclusive	TK13,TK16	DEL			2	0
ENSG00000162851	TFB2M	GroupA_exclusive	TK13,TK14	DEL			2	0
ENSG00000112561	TFEB	GroupA_exclusive	TK13,TK14	DEL			2	0
ENSG00000173451	THAP2	GroupA_exclusive	TK13,TK14	DEL			2	0
ENSG00000075131	TIPIN	GroupA_exclusive	TK14,TK16	DEL			2	0
ENSG00000119139	TJP2	GroupA_exclusive	TK13,TK14	DEL			2	0
ENSG00000104964	TLE5	GroupA_exclusive	TK13,TK14	DEL			2	0
ENSG00000171202	TMEM126A	GroupA_exclusive	TK13,TK14	DEL			2	0
ENSG00000135956	TMEM127	GroupA_exclusive	TK13,TK14	DEL			2	0
ENSG00000161558	TMEM143	GroupA_exclusive	TK13,TK14	DEL			2	0
ENSG00000244045	TMEM199	GroupA_exclusive	TK13,TK14	DEL			2	0
ENSG00000106771	TMEM245	GroupA_exclusive	TK13,TK14	DEL			2	0
ENSG00000116857	TMEM9	GroupA_exclusive	TK13,TK14	DEL			2	0
ENSG00000175348	TMEM9B	GroupA_exclusive	TK13,TK14	DEL			2	0
ENSG00000154646	TMPRSS15	GroupA_exclusive	TK13,TK14	DEL			2	0
ENSG00000139921	TMX1	GroupA_exclusive	TK13,TK14	DEL			2	0
ENSG00000109079	TNFAIP1	GroupA_exclusive	TK13,TK14	DEL			2	0
ENSG00000145779	TNFAIP8	GroupA_exclusive	TK13,TK14	DEL			2	0
ENSG00000067182	TNFRSF1A	GroupA_exclusive	TK13,TK14	DEL			2	0
ENSG00000028137	TNFRSF1B	GroupA_exclusive	TK13,TK14	DEL			2	0
ENSG00000078902	TOLLIP	GroupA_exclusive	TK13,TK14	DEL			2	0
ENSG00000141933	TPGS1	GroupA_exclusive	TK13,TK14	DEL			2	0
ENSG00000232230	TPM4P1	GroupA_exclusive	TK13,TK14	DEL			2	0
ENSG00000056972	TRAF3IP2	GroupA_exclusive	TK13,TK14	DEL			2	0
ENSG00000183763	TRAIP	GroupA_exclusive	TK13,TK14	DEL			2	0
ENSG00000182606	TRAK1	GroupA_exclusive	TK13,TK14	DEL			2	0
ENSG00000108395	TRIM37	GroupA_exclusive	TK13,TK14	DEL			2	0
ENSG00000100106	TRIOBP	GroupA_exclusive	TK13,TK14	DEL			2	0
ENSG00000188917	TRMT2B	GroupA_exclusive	TK13,TK14	DEL			2	0
ENSG00000196689	TRPV1	GroupA_exclusive	TK13,TK14	DEL			2	0
ENSG00000128311	TST	GroupA_exclusive	TK13,TK14	DEL			2	0
ENSG00000006555	TTC22	GroupA_exclusive	TK13,TK14	DEL			2	0
ENSG00000155158	TTC39B	GroupA_exclusive	TK13,TK14	DEL			2	0
ENSG00000162222	TTC9C	GroupA_exclusive	TK13,TK14	DEL			2	0
ENSG00000125482	TTF1	GroupA_exclusive	TK13,TK14	DEL			2	0
ENSG00000075886	TUBA3D	GroupA_exclusive	TK13,TK14	DEL			2	0
ENSG00000126216	TUBGCP3	GroupA_exclusive	TK13,TK14	DEL			2	0
ENSG00000134744	TUT4	GroupA_exclusive	TK13,TK16	DEL			2	0
ENSG00000083223	TUT7	GroupA_exclusive	TK13,TK16	DEL			2	0
ENSG00000176912	TYMSOS	GroupA_exclusive	TK13,TK14	DEL			2	0
ENSG00000274197	U4	GroupA_exclusive	TK13,TK14	DEL			2	0
ENSG00000072401	UBE2D1	GroupA_exclusive	TK13,TK14	DEL			2	0
ENSG00000170142	UBE2E1	GroupA_exclusive	TK13,TK14	DEL			2	0
ENSG00000109775	UFSP2	GroupA_exclusive	TK13,TK14	DEL			2	0
ENSG00000234709	UPF3AP3	GroupA_exclusive	TK13,TK14	DEL			2	0
ENSG00000105176	URI1	GroupA_exclusive	TK13,TK14	DEL			2	0
ENSG00000058056	USP13	GroupA_exclusive	TK13,TK14	DEL			2	0
ENSG00000011260	UTP18	GroupA_exclusive	TK13,TK14	DEL			2	0
ENSG00000111424	VDR	GroupA_exclusive	TK13,TK16	DEL			2	0
ENSG00000134086	VHL	GroupA_exclusive	TK13,TK14	DEL			2	0
ENSG00000160131	VMA21	GroupA_exclusive	TK14,TK16	DEL			2	0
ENSG00000006715	VPS41	GroupA_exclusive	TK13,TK14	DEL			2	0
ENSG00000100568	VTI1B	GroupA_exclusive	TK13,TK14	DEL			2	0
ENSG00000227759	VTI1BP4	GroupA_exclusive	TK13,TK14	DEL			2	0
ENSG00000109072	VTN	GroupA_exclusive	TK13,TK14	DEL			2	0
ENSG00000120860	WASHC3	GroupA_exclusive	TK14,TK16	DEL			2	0
ENSG00000185798	WDR53	GroupA_exclusive	TK13,TK16	DEL			2	0
ENSG00000105875	WDR91	GroupA_exclusive	TK13,TK14	DEL			2	0
ENSG00000154767	XPC	GroupA_exclusive	TK13,TK14	DEL			2	0
ENSG00000015153	YAF2	GroupA_exclusive	TK13,TK14	DEL			2	0
ENSG00000127337	YEATS4	GroupA_exclusive	TK14,TK16	DEL			2	0
ENSG00000181704	YIPF6	GroupA_exclusive	TK13,TK14	DEL			2	0
ENSG00000105248	YJU2	GroupA_exclusive	TK13,TK14	DEL			2	0
ENSG00000195401	Y_RNA	GroupA_exclusive	TK13,TK14	DEL			2	0
ENSG00000199471	Y_RNA	GroupA_exclusive	TK13,TK14	DEL			2	0
ENSG00000201644	Y_RNA	GroupA_exclusive	TK13,TK14	DEL			2	0
ENSG00000201778	Y_RNA	GroupA_exclusive	TK13,TK14	DEL			2	0
ENSG00000207086	Y_RNA	GroupA_exclusive	TK13,TK14	DEL			2	0
ENSG00000223271	Y_RNA	GroupA_exclusive	TK14,TK16	DEL			2	0
ENSG00000252171	Y_RNA	GroupA_exclusive	TK13,TK14	DEL			2	0
ENSG00000252412	Y_RNA	GroupA_exclusive	TK13,TK14	DEL			2	0
ENSG00000252652	Y_RNA	GroupA_exclusive	TK14,TK16	DEL			2	0
ENSG00000204366	ZBTB12	GroupA_exclusive	TK13,TK14	DEL			2	0
ENSG00000196323	ZBTB44	GroupA_exclusive	TK13,TK14	DEL			2	0
ENSG00000014164	ZC3H3	GroupA_exclusive	TK13,TK14	DEL			2	0
ENSG00000155256	ZFYVE27	GroupA_exclusive	TK13,TK14	DEL			2	0
ENSG00000100319	ZMAT5	GroupA_exclusive	TK13,TK14	DEL			2	0
ENSG00000166478	ZNF143	GroupA_exclusive	TK13,TK14	DEL			2	0
ENSG00000171606	ZNF274	GroupA_exclusive	TK13,TK14	DEL			2	0
ENSG00000065029	ZNF76	GroupA_exclusive	TK13,TK14	DEL			2	0
ENSG00000204946	ZNF783	GroupA_exclusive	TK14,TK16	DEL			2	0
ENSG00000188372	ZP3	GroupA_exclusive	TK13,TK14	DEL			2	0
ENSG00000174442	ZWILCH	GroupA_exclusive	TK13,TK14	DEL			2	0
ENSG00000103591	AAGAB	GroupA_exclusive	TK13	DEL			1	0
ENSG00000008311	AASS	GroupA_exclusive	TK13	DEL			1	0
ENSG00000135776	ABCB10	GroupA_exclusive	TK14	DEL			1	0
ENSG00000139826	ABHD13	GroupA_exclusive	TK14	DEL			1	0
ENSG00000107362	ABHD17B	GroupA_exclusive	TK14	DEL			1	0
ENSG00000158201	ABHD3	GroupA_exclusive	TK14	DEL			1	0
ENSG00000011198	ABHD5	GroupA_exclusive	TK14	DEL			1	0
ENSG00000099204	ABLIM1	GroupA_exclusive	TK14	DEL			1	0
ENSG00000146386	ABRACL	GroupA_exclusive	TK16	DEL			1	0
ENSG00000197142	ACSL5	GroupA_exclusive	TK13	DEL			1	0
ENSG00000241547	ACTG1P20	GroupA_exclusive	TK14	DEL			1	0
ENSG00000077080	ACTL6B	GroupA_exclusive	TK13	DEL			1	0
ENSG00000138071	ACTR2	GroupA_exclusive	TK14	DEL			1	0
ENSG00000114948	ADAM23	GroupA_exclusive	TK13	DEL			1	0
ENSG00000168615	ADAM9	GroupA_exclusive	TK14	DEL			1	0
ENSG00000133597	ADCK2	GroupA_exclusive	TK13	DEL			1	0
ENSG00000101126	ADNP	GroupA_exclusive	TK16	DEL			1	0
ENSG00000229122	AGBL5-IT1	GroupA_exclusive	TK14	DEL			1	0
ENSG00000123908	AGO2	GroupA_exclusive	TK14	DEL			1	0
ENSG00000174574	AKIRIN1	GroupA_exclusive	TK14	DEL			1	0
ENSG00000135334	AKIRIN2	GroupA_exclusive	TK14	DEL			1	0
ENSG00000271137	AKTIPP1	GroupA_exclusive	TK13	DEL			1	0
ENSG00000006534	ALDH3B1	GroupA_exclusive	TK13	DEL			1	0
ENSG00000109107	ALDOC	GroupA_exclusive	TK13	DEL			1	0
ENSG00000144233	AMMECR1L	GroupA_exclusive	TK13	DEL			1	0
ENSG00000116337	AMPD2	GroupA_exclusive	TK16	DEL			1	0
ENSG00000129055	ANAPC13	GroupA_exclusive	TK13	DEL			1	0
ENSG00000166295	ANAPC16	GroupA_exclusive	TK14	DEL			1	0
ENSG00000053900	ANAPC4	GroupA_exclusive	TK14	DEL			1	0
ENSG00000196510	ANAPC7	GroupA_exclusive	TK16	DEL			1	0
ENSG00000217165	ANKRD18EP	GroupA_exclusive	TK14	DEL			1	0
ENSG00000107890	ANKRD26	GroupA_exclusive	TK13	DEL			1	0
ENSG00000136938	ANP32B	GroupA_exclusive	TK14	DEL			1	0
ENSG00000135046	ANXA1	GroupA_exclusive	TK13	DEL			1	0
ENSG00000042753	AP2S1	GroupA_exclusive	TK13	DEL			1	0
ENSG00000053770	AP5M1	GroupA_exclusive	TK13	DEL			1	0
ENSG00000077420	APBB1IP	GroupA_exclusive	TK14	DEL			1	0
ENSG00000021776	AQR	GroupA_exclusive	TK14	DEL			1	0
ENSG00000245148	ARAP1-AS2	GroupA_exclusive	TK16	DEL			1	0
ENSG00000101199	ARFGAP1	GroupA_exclusive	TK13	DEL			1	0
ENSG00000101246	ARFRP1	GroupA_exclusive	TK13	DEL			1	0
ENSG00000198826	ARHGAP11A	GroupA_exclusive	TK14	DEL			1	0
ENSG00000273002	ARHGEF2-AS2	GroupA_exclusive	TK16	DEL			1	0
ENSG00000204959	ARHGEF34P	GroupA_exclusive	TK13	DEL			1	0
ENSG00000213214	ARHGEF35	GroupA_exclusive	TK13	DEL			1	0
ENSG00000244198	ARHGEF35-AS1	GroupA_exclusive	TK13	DEL			1	0
ENSG00000125449	ARMC7	GroupA_exclusive	TK14	DEL			1	0
ENSG00000114098	ARMC8	GroupA_exclusive	TK14	DEL			1	0
ENSG00000120029	ARMH3	GroupA_exclusive	TK13	DEL			1	0
ENSG00000241553	ARPC4	GroupA_exclusive	TK16	DEL			1	0
ENSG00000250151	ARPC4-TTLL3	GroupA_exclusive	TK16	DEL			1	0
ENSG00000136950	ARPC5L	GroupA_exclusive	TK13	DEL			1	0
ENSG00000164291	ARSK	GroupA_exclusive	TK13	DEL			1	0
ENSG00000171456	ASXL1	GroupA_exclusive	TK13	DEL			1	0
ENSG00000171681	ATF7IP	GroupA_exclusive	TK14	DEL			1	0
ENSG00000123395	ATG101	GroupA_exclusive	TK16	DEL			1	0
ENSG00000168397	ATG4B	GroupA_exclusive	TK14	DEL			1	0
ENSG00000125703	ATG4C	GroupA_exclusive	TK14	DEL			1	0
ENSG00000119787	ATL2	GroupA_exclusive	TK13	DEL			1	0
ENSG00000233058	ATP13A3-DT	GroupA_exclusive	TK14	DEL			1	0
ENSG00000224421	ATP5MFP1	GroupA_exclusive	TK13	DEL			1	0
ENSG00000155097	ATP6V1C1	GroupA_exclusive	TK14	DEL			1	0
ENSG00000131100	ATP6V1E1	GroupA_exclusive	TK13	DEL			1	0
ENSG00000249372	ATP6V1G1P6	GroupA_exclusive	TK13	DEL			1	0
ENSG00000165240	ATP7A	GroupA_exclusive	TK13	DEL			1	0
ENSG00000107518	ATRNL1	GroupA_exclusive	TK14	DEL			1	0
ENSG00000204842	ATXN2	GroupA_exclusive	TK14	DEL			1	0
ENSG00000146776	ATXN7L1	GroupA_exclusive	TK13	DEL			1	0
ENSG00000148090	AUH	GroupA_exclusive	TK13	DEL			1	0
ENSG00000213033	AURKAP1	GroupA_exclusive	TK13	DEL			1	0
ENSG00000214313	AZGP1P1	GroupA_exclusive	TK14	DEL			1	0
ENSG00000291148	AZGP1P1	GroupA_exclusive	TK14	DEL			1	0
ENSG00000086062	B4GALT1	GroupA_exclusive	TK13	DEL			1	0
ENSG00000107262	BAG1	GroupA_exclusive	TK13	DEL			1	0
ENSG00000112208	BAG2	GroupA_exclusive	TK13	DEL			1	0
ENSG00000138376	BARD1	GroupA_exclusive	TK13	DEL			1	0
ENSG00000156127	BATF	GroupA_exclusive	TK14	DEL			1	0
ENSG00000174483	BBS1	GroupA_exclusive	TK16	DEL			1	0
ENSG00000085185	BCORL1	GroupA_exclusive	TK13	DEL			1	0
ENSG00000197299	BLM	GroupA_exclusive	TK14	DEL			1	0
ENSG00000168487	BMP1	GroupA_exclusive	TK14	DEL			1	0
ENSG00000271661	BNIP3P36	GroupA_exclusive	TK13	DEL			1	0
ENSG00000270479	BNIP3P37	GroupA_exclusive	TK13	DEL			1	0
ENSG00000273791	BNIP3P47	GroupA_exclusive	TK14	DEL			1	0
ENSG00000145919	BOD1	GroupA_exclusive	TK14	DEL			1	0
ENSG00000038219	BOD1L1	GroupA_exclusive	TK16	DEL			1	0
ENSG00000152430	BOLL	GroupA_exclusive	TK13	DEL			1	0
ENSG00000136122	BORA	GroupA_exclusive	TK13	DEL			1	0
ENSG00000162813	BPNT1	GroupA_exclusive	TK16	DEL			1	0
ENSG00000100916	BRMS1L	GroupA_exclusive	TK13	DEL			1	0
ENSG00000162819	BROX	GroupA_exclusive	TK13	DEL			1	0
ENSG00000160469	BRSK1	GroupA_exclusive	TK13	DEL			1	0
ENSG00000169814	BTD	GroupA_exclusive	TK13	DEL			1	0
ENSG00000110696	C11orf58	GroupA_exclusive	TK14	DEL			1	0
ENSG00000167173	C15orf39	GroupA_exclusive	TK16	DEL			1	0
ENSG00000152242	C18orf25	GroupA_exclusive	TK13	DEL			1	0
ENSG00000287151	C2orf27A	GroupA_exclusive	TK14	DEL			1	0
ENSG00000178074	C2orf69	GroupA_exclusive	TK14	DEL			1	0
ENSG00000248503	C4orf46P2	GroupA_exclusive	TK13	DEL			1	0
ENSG00000106804	C5	GroupA_exclusive	TK13	DEL			1	0
ENSG00000067191	CACNB1	GroupA_exclusive	TK14	DEL			1	0
ENSG00000064989	CALCRL	GroupA_exclusive	TK14	DEL			1	0
ENSG00000143919	CAMKMT	GroupA_exclusive	TK13	DEL			1	0
ENSG00000103326	CAPN15	GroupA_exclusive	TK16	DEL			1	0
ENSG00000156017	CARNMT1	GroupA_exclusive	TK14	DEL			1	0
ENSG00000108349	CASC3	GroupA_exclusive	TK14	DEL			1	0
ENSG00000064012	CASP8	GroupA_exclusive	TK14	DEL			1	0
ENSG00000135736	CCDC102A	GroupA_exclusive	TK13	DEL			1	0
ENSG00000169193	CCDC126	GroupA_exclusive	TK13	DEL			1	0
ENSG00000122483	CCDC18	GroupA_exclusive	TK14	DEL			1	0
ENSG00000024862	CCDC28A	GroupA_exclusive	TK13	DEL			1	0
ENSG00000152492	CCDC50	GroupA_exclusive	TK14	DEL			1	0
ENSG00000108091	CCDC6	GroupA_exclusive	TK14	DEL			1	0
ENSG00000198624	CCDC69	GroupA_exclusive	TK14	DEL			1	0
ENSG00000105321	CCDC9	GroupA_exclusive	TK16	DEL			1	0
ENSG00000142039	CCDC97	GroupA_exclusive	TK16	DEL			1	0
ENSG00000157456	CCNB2	GroupA_exclusive	TK14	DEL			1	0
ENSG00000112237	CCNC	GroupA_exclusive	TK14	DEL			1	0
ENSG00000223896	CCNJP2	GroupA_exclusive	TK13	DEL			1	0
ENSG00000269845	CCNYL6	GroupA_exclusive	TK14	DEL			1	0
ENSG00000146574	CCZ1B	GroupA_exclusive	TK16	DEL			1	0
ENSG00000143119	CD53	GroupA_exclusive	TK16	DEL			1	0
ENSG00000110651	CD81	GroupA_exclusive	TK14	DEL			1	0
ENSG00000010278	CD9	GroupA_exclusive	TK13	DEL			1	0
ENSG00000102181	CD99L2	GroupA_exclusive	TK14	DEL			1	0
ENSG00000231007	CDC20P1	GroupA_exclusive	TK13	DEL			1	0
ENSG00000134690	CDCA8	GroupA_exclusive	TK14	DEL			1	0
ENSG00000059758	CDK17	GroupA_exclusive	TK14	DEL			1	0
ENSG00000227255	CDRT15P2	GroupA_exclusive	TK14	DEL			1	0
ENSG00000151725	CENPU	GroupA_exclusive	TK13	DEL			1	0
ENSG00000174799	CEP135	GroupA_exclusive	TK13	DEL			1	0
ENSG00000188931	CFAP126	GroupA_exclusive	TK14	DEL			1	0
ENSG00000159259	CHAF1B	GroupA_exclusive	TK13	DEL			1	0
ENSG00000270849	CHCHD2P3	GroupA_exclusive	TK13	DEL			1	0
ENSG00000163528	CHCHD4	GroupA_exclusive	TK14	DEL			1	0
ENSG00000110721	CHKA	GroupA_exclusive	TK14	DEL			1	0
ENSG00000083937	CHMP2B	GroupA_exclusive	TK14	DEL			1	0
ENSG00000122966	CIT	GroupA_exclusive	TK14	DEL			1	0
ENSG00000163539	CLASP2	GroupA_exclusive	TK13	DEL			1	0
ENSG00000080822	CLDND1	GroupA_exclusive	TK16	DEL			1	0
ENSG00000115295	CLIP4	GroupA_exclusive	TK13	DEL			1	0
ENSG00000113240	CLK4	GroupA_exclusive	TK14	DEL			1	0
ENSG00000122705	CLTA	GroupA_exclusive	TK14	DEL			1	0
ENSG00000155508	CNOT8	GroupA_exclusive	TK13	DEL			1	0
ENSG00000145781	COMMD10	GroupA_exclusive	TK14	DEL			1	0
ENSG00000169019	COMMD8	GroupA_exclusive	TK14	DEL			1	0
ENSG00000141030	COPS3	GroupA_exclusive	TK13	DEL			1	0
ENSG00000138663	COPS4	GroupA_exclusive	TK13	DEL			1	0
ENSG00000132423	COQ3	GroupA_exclusive	TK13	DEL			1	0
ENSG00000172912	COX6B1P3	GroupA_exclusive	TK14	DEL			1	0
ENSG00000235141	COX6CP17	GroupA_exclusive	TK16	DEL			1	0
ENSG00000131174	COX7B	GroupA_exclusive	TK13	DEL			1	0
ENSG00000169372	CRADD	GroupA_exclusive	TK13	DEL			1	0
ENSG00000258274	CRADD-AS1	GroupA_exclusive	TK13	DEL			1	0
ENSG00000118260	CREB1	GroupA_exclusive	TK14	DEL			1	0
ENSG00000105662	CRTC1	GroupA_exclusive	TK13	DEL			1	0
ENSG00000070770	CSNK2A2	GroupA_exclusive	TK14	DEL			1	0
ENSG00000144655	CSRNP1	GroupA_exclusive	TK14	DEL			1	0
ENSG00000224536	CSRP1-AS1	GroupA_exclusive	TK14	DEL			1	0
ENSG00000077984	CST7	GroupA_exclusive	TK14	DEL			1	0
ENSG00000270946	CT45A9	GroupA_exclusive	TK14	DEL			1	0
ENSG00000289604	CTAGE8	GroupA_exclusive	TK13	DEL			1	0
ENSG00000102974	CTCF	GroupA_exclusive	TK14	DEL			1	0
ENSG00000116761	CTH	GroupA_exclusive	TK13	DEL			1	0
ENSG00000256043	CTSO	GroupA_exclusive	TK13	DEL			1	0
ENSG00000139842	CUL4A	GroupA_exclusive	TK14	DEL			1	0
ENSG00000163510	CWC22	GroupA_exclusive	TK13	DEL			1	0
ENSG00000273559	CWC25	GroupA_exclusive	TK16	DEL			1	0
ENSG00000065615	CYB5R4	GroupA_exclusive	TK16	DEL			1	0
ENSG00000255379	CYCSP29	GroupA_exclusive	TK13	DEL			1	0
ENSG00000197446	CYP2F1	GroupA_exclusive	TK13	DEL			1	0
ENSG00000268529	CYP2T3P	GroupA_exclusive	TK13	DEL			1	0
ENSG00000100592	DAAM1	GroupA_exclusive	TK14	DEL			1	0
ENSG00000164535	DAGLB	GroupA_exclusive	TK14	DEL			1	0
ENSG00000167657	DAPK3	GroupA_exclusive	TK16	DEL			1	0
ENSG00000138231	DBR1	GroupA_exclusive	TK13	DEL			1	0
ENSG00000145041	DCAF1	GroupA_exclusive	TK13	DEL			1	0
ENSG00000143164	DCAF6	GroupA_exclusive	TK14	DEL			1	0
ENSG00000172992	DCAKD	GroupA_exclusive	TK13	DEL			1	0
ENSG00000137100	DCTN3	GroupA_exclusive	TK13	DEL			1	0
ENSG00000166847	DCTN5	GroupA_exclusive	TK14	DEL			1	0
ENSG00000230683	DDTP1	GroupA_exclusive	TK13	DEL			1	0
ENSG00000242612	DECR2	GroupA_exclusive	TK13	DEL			1	0
ENSG00000165507	DEPP1	GroupA_exclusive	TK14	DEL			1	0
ENSG00000232303	DFFBP1	GroupA_exclusive	TK13	DEL			1	0
ENSG00000077044	DGKD	GroupA_exclusive	TK14	DEL			1	0
ENSG00000100867	DHRS2	GroupA_exclusive	TK16	DEL			1	0
ENSG00000109016	DHRS7B	GroupA_exclusive	TK13	DEL			1	0
ENSG00000083520	DIS3	GroupA_exclusive	TK13	DEL			1	0
ENSG00000150768	DLAT	GroupA_exclusive	TK14	DEL			1	0
ENSG00000135164	DMTF1	GroupA_exclusive	TK14	DEL			1	0
ENSG00000108176	DNAJC12	GroupA_exclusive	TK14	DEL			1	0
ENSG00000116138	DNAJC16	GroupA_exclusive	TK16	DEL			1	0
ENSG00000126698	DNAJC8	GroupA_exclusive	TK13	DEL			1	0
ENSG00000213918	DNASE1	GroupA_exclusive	TK16	DEL			1	0
ENSG00000013563	DNASE1L1	GroupA_exclusive	TK13	DEL			1	0
ENSG00000088305	DNMT3B	GroupA_exclusive	TK13	DEL			1	0
ENSG00000154813	DPH3	GroupA_exclusive	TK16	DEL			1	0
ENSG00000144048	DUSP11	GroupA_exclusive	TK14	DEL			1	0
ENSG00000108861	DUSP3	GroupA_exclusive	TK16	DEL			1	0
ENSG00000120875	DUSP4	GroupA_exclusive	TK16	DEL			1	0
ENSG00000254388	DUTP2	GroupA_exclusive	TK14	DEL			1	0
ENSG00000127334	DYRK2	GroupA_exclusive	TK14	DEL			1	0
ENSG00000136160	EDNRB	GroupA_exclusive	TK13	DEL			1	0
ENSG00000245205	EEF1A1P4	GroupA_exclusive	TK13	DEL			1	0
ENSG00000142634	EFHD2	GroupA_exclusive	TK14	DEL			1	0
ENSG00000143590	EFNA3	GroupA_exclusive	TK13	DEL			1	0
ENSG00000013016	EHD3	GroupA_exclusive	TK16	DEL			1	0
ENSG00000255150	EID3	GroupA_exclusive	TK14	DEL			1	0
ENSG00000234882	EIF3EP1	GroupA_exclusive	TK14	DEL			1	0
ENSG00000178982	EIF3K	GroupA_exclusive	TK13	DEL			1	0
ENSG00000227382	EIF4A2P2	GroupA_exclusive	TK14	DEL			1	0
ENSG00000063046	EIF4B	GroupA_exclusive	TK13	DEL			1	0
ENSG00000258870	EIF4EBP1P1	GroupA_exclusive	TK14	DEL			1	0
ENSG00000154582	ELOC	GroupA_exclusive	TK14	DEL			1	0
ENSG00000012660	ELOVL5	GroupA_exclusive	TK16	DEL			1	0
ENSG00000104412	EMC2	GroupA_exclusive	TK14	DEL			1	0
ENSG00000111405	ENDOU	GroupA_exclusive	TK14	DEL			1	0
ENSG00000083622	ENSG00000083622	GroupA_exclusive	TK14	DEL			1	0
ENSG00000100101	ENSG00000100101	GroupA_exclusive	TK16	DEL			1	0
ENSG00000177725	ENSG00000177725	GroupA_exclusive	TK14	DEL			1	0
ENSG00000183308	ENSG00000183308	GroupA_exclusive	TK16	DEL			1	0
ENSG00000183562	ENSG00000183562	GroupA_exclusive	TK14	DEL			1	0
ENSG00000215840	ENSG00000215840	GroupA_exclusive	TK14	DEL			1	0
ENSG00000218073	ENSG00000218073	GroupA_exclusive	TK14	DEL			1	0
ENSG00000219529	ENSG00000219529	GroupA_exclusive	TK14	DEL			1	0
ENSG00000220446	ENSG00000220446	GroupA_exclusive	TK14	DEL			1	0
ENSG00000220695	ENSG00000220695	GroupA_exclusive	TK14	DEL			1	0
ENSG00000222017	ENSG00000222017	GroupA_exclusive	TK13	DEL			1	0
ENSG00000222604	ENSG00000222604	GroupA_exclusive	TK14	DEL			1	0
ENSG00000223390	ENSG00000223390	GroupA_exclusive	TK14	DEL			1	0
ENSG00000225075	ENSG00000225075	GroupA_exclusive	TK14	DEL			1	0
ENSG00000225118	ENSG00000225118	GroupA_exclusive	TK14	DEL			1	0
ENSG00000225216	ENSG00000225216	GroupA_exclusive	TK14	DEL			1	0
ENSG00000225616	ENSG00000225616	GroupA_exclusive	TK13	DEL			1	0
ENSG00000225931	ENSG00000225931	GroupA_exclusive	TK13	DEL			1	0
ENSG00000226329	ENSG00000226329	GroupA_exclusive	TK14	DEL			1	0
ENSG00000226526	ENSG00000226526	GroupA_exclusive	TK16	DEL			1	0
ENSG00000226963	ENSG00000226963	GroupA_exclusive	TK16	DEL			1	0
ENSG00000227512	ENSG00000227512	GroupA_exclusive	TK14	DEL			1	0
ENSG00000227573	ENSG00000227573	GroupA_exclusive	TK14	DEL			1	0
ENSG00000227782	ENSG00000227782	GroupA_exclusive	TK13	DEL			1	0
ENSG00000227836	ENSG00000227836	GroupA_exclusive	TK16	DEL			1	0
ENSG00000228170	ENSG00000228170	GroupA_exclusive	TK13	DEL			1	0
ENSG00000228477	ENSG00000228477	GroupA_exclusive	TK13	DEL			1	0
ENSG00000228554	ENSG00000228554	GroupA_exclusive	TK13	DEL			1	0
ENSG00000229044	ENSG00000229044	GroupA_exclusive	TK14	DEL			1	0
ENSG00000229587	ENSG00000229587	GroupA_exclusive	TK14	DEL			1	0
ENSG00000229915	ENSG00000229915	GroupA_exclusive	TK13	DEL			1	0
ENSG00000230551	ENSG00000230551	GroupA_exclusive	TK14	DEL			1	0
ENSG00000231760	ENSG00000231760	GroupA_exclusive	TK14	DEL			1	0
ENSG00000232080	ENSG00000232080	GroupA_exclusive	TK13	DEL			1	0
ENSG00000233090	ENSG00000233090	GroupA_exclusive	TK14	DEL			1	0
ENSG00000233170	ENSG00000233170	GroupA_exclusive	TK14	DEL			1	0
ENSG00000233193	ENSG00000233193	GroupA_exclusive	TK14	DEL			1	0
ENSG00000234578	ENSG00000234578	GroupA_exclusive	TK16	DEL			1	0
ENSG00000235035	ENSG00000235035	GroupA_exclusive	TK14	DEL			1	0
ENSG00000235088	ENSG00000235088	GroupA_exclusive	TK16	DEL			1	0
ENSG00000235286	ENSG00000235286	GroupA_exclusive	TK14	DEL			1	0
ENSG00000236896	ENSG00000236896	GroupA_exclusive	TK14	DEL			1	0
ENSG00000236924	ENSG00000236924	GroupA_exclusive	TK14	DEL			1	0
ENSG00000237347	ENSG00000237347	GroupA_exclusive	TK14	DEL			1	0
ENSG00000237718	ENSG00000237718	GroupA_exclusive	TK14	DEL			1	0
ENSG00000237875	ENSG00000237875	GroupA_exclusive	TK13	DEL			1	0
ENSG00000238084	ENSG00000238084	GroupA_exclusive	TK14	DEL			1	0
ENSG00000239096	ENSG00000239096	GroupA_exclusive	TK13	DEL			1	0
ENSG00000239783	ENSG00000239783	GroupA_exclusive	TK14	DEL			1	0
ENSG00000240096	ENSG00000240096	GroupA_exclusive	TK13	DEL			1	0
ENSG00000240399	ENSG00000240399	GroupA_exclusive	TK16	DEL			1	0
ENSG00000241035	ENSG00000241035	GroupA_exclusive	TK16	DEL			1	0
ENSG00000243305	ENSG00000243305	GroupA_exclusive	TK14	DEL			1	0
ENSG00000244675	ENSG00000244675	GroupA_exclusive	TK14	DEL			1	0
ENSG00000247049	ENSG00000247049	GroupA_exclusive	TK14	DEL			1	0
ENSG00000247679	ENSG00000247679	GroupA_exclusive	TK16	DEL			1	0
ENSG00000248625	ENSG00000248625	GroupA_exclusive	TK13	DEL			1	0
ENSG00000249086	ENSG00000249086	GroupA_exclusive	TK16	DEL			1	0
ENSG00000249743	ENSG00000249743	GroupA_exclusive	TK16	DEL			1	0
ENSG00000249803	ENSG00000249803	GroupA_exclusive	TK13	DEL			1	0
ENSG00000249955	ENSG00000249955	GroupA_exclusive	TK13	DEL			1	0
ENSG00000250186	ENSG00000250186	GroupA_exclusive	TK16	DEL			1	0
ENSG00000250322	ENSG00000250322	GroupA_exclusive	TK14	DEL			1	0
ENSG00000250659	ENSG00000250659	GroupA_exclusive	TK13	DEL			1	0
ENSG00000250734	ENSG00000250734	GroupA_exclusive	TK13	DEL			1	0
ENSG00000251200	ENSG00000251200	GroupA_exclusive	TK13	DEL			1	0
ENSG00000251354	ENSG00000251354	GroupA_exclusive	TK14	DEL			1	0
ENSG00000251922	ENSG00000251922	GroupA_exclusive	TK13	DEL			1	0
ENSG00000252218	ENSG00000252218	GroupA_exclusive	TK14	DEL			1	0
ENSG00000253330	ENSG00000253330	GroupA_exclusive	TK14	DEL			1	0
ENSG00000254065	ENSG00000254065	GroupA_exclusive	TK14	DEL			1	0
ENSG00000254192	ENSG00000254192	GroupA_exclusive	TK13	DEL			1	0
ENSG00000254730	ENSG00000254730	GroupA_exclusive	TK13	DEL			1	0
ENSG00000255306	ENSG00000255306	GroupA_exclusive	TK13	DEL			1	0
ENSG00000255843	ENSG00000255843	GroupA_exclusive	TK13	DEL			1	0
ENSG00000255845	ENSG00000255845	GroupA_exclusive	TK13	DEL			1	0
ENSG00000255893	ENSG00000255893	GroupA_exclusive	TK13	DEL			1	0
ENSG00000256361	ENSG00000256361	GroupA_exclusive	TK14	DEL			1	0
ENSG00000256566	ENSG00000256566	GroupA_exclusive	TK13	DEL			1	0
ENSG00000256827	ENSG00000256827	GroupA_exclusive	TK14	DEL			1	0
ENSG00000257058	ENSG00000257058	GroupA_exclusive	TK13	DEL			1	0
ENSG00000257392	ENSG00000257392	GroupA_exclusive	TK14	DEL			1	0
ENSG00000257426	ENSG00000257426	GroupA_exclusive	TK14	DEL			1	0
ENSG00000257475	ENSG00000257475	GroupA_exclusive	TK13	DEL			1	0
ENSG00000257715	ENSG00000257715	GroupA_exclusive	TK14	DEL			1	0
ENSG00000257921	ENSG00000257921	GroupA_exclusive	TK13	DEL			1	0
ENSG00000258072	ENSG00000258072	GroupA_exclusive	TK14	DEL			1	0
ENSG00000258303	ENSG00000258303	GroupA_exclusive	TK13	DEL			1	0
ENSG00000258428	ENSG00000258428	GroupA_exclusive	TK13	DEL			1	0
ENSG00000259115	ENSG00000259115	GroupA_exclusive	TK14	DEL			1	0
ENSG00000259191	ENSG00000259191	GroupA_exclusive	TK13	DEL			1	0
ENSG00000259621	ENSG00000259621	GroupA_exclusive	TK13	DEL			1	0
ENSG00000259659	ENSG00000259659	GroupA_exclusive	TK13	DEL			1	0
ENSG00000260132	ENSG00000260132	GroupA_exclusive	TK13	DEL			1	0
ENSG00000260545	ENSG00000260545	GroupA_exclusive	TK14	DEL			1	0
ENSG00000261207	ENSG00000261207	GroupA_exclusive	TK16	DEL			1	0
ENSG00000261320	ENSG00000261320	GroupA_exclusive	TK13	DEL			1	0
ENSG00000261430	ENSG00000261430	GroupA_exclusive	TK14	DEL			1	0
ENSG00000261573	ENSG00000261573	GroupA_exclusive	TK14	DEL			1	0
ENSG00000262147	ENSG00000262147	GroupA_exclusive	TK14	DEL			1	0
ENSG00000262228	ENSG00000262228	GroupA_exclusive	TK14	DEL			1	0
ENSG00000262262	ENSG00000262262	GroupA_exclusive	TK14	DEL			1	0
ENSG00000262652	ENSG00000262652	GroupA_exclusive	TK13	DEL			1	0
ENSG00000263212	ENSG00000263212	GroupA_exclusive	TK14	DEL			1	0
ENSG00000263982	ENSG00000263982	GroupA_exclusive	TK13	DEL			1	0
ENSG00000264578	ENSG00000264578	GroupA_exclusive	TK16	DEL			1	0
ENSG00000264895	ENSG00000264895	GroupA_exclusive	TK14	DEL			1	0
ENSG00000265136	ENSG00000265136	GroupA_exclusive	TK13	DEL			1	0
ENSG00000265168	ENSG00000265168	GroupA_exclusive	TK13	DEL			1	0
ENSG00000265287	ENSG00000265287	GroupA_exclusive	TK13	DEL			1	0
ENSG00000265303	ENSG00000265303	GroupA_exclusive	TK13	DEL			1	0
ENSG00000265356	ENSG00000265356	GroupA_exclusive	TK13	DEL			1	0
ENSG00000265511	ENSG00000265511	GroupA_exclusive	TK13	DEL			1	0
ENSG00000265519	ENSG00000265519	GroupA_exclusive	TK14	DEL			1	0
ENSG00000266261	ENSG00000266261	GroupA_exclusive	TK14	DEL			1	0
ENSG00000266965	ENSG00000266965	GroupA_exclusive	TK13	DEL			1	0
ENSG00000267036	ENSG00000267036	GroupA_exclusive	TK14	DEL			1	0
ENSG00000267168	ENSG00000267168	GroupA_exclusive	TK13	DEL			1	0
ENSG00000267227	ENSG00000267227	GroupA_exclusive	TK14	DEL			1	0
ENSG00000267264	ENSG00000267264	GroupA_exclusive	TK14	DEL			1	0
ENSG00000267318	ENSG00000267318	GroupA_exclusive	TK13	DEL			1	0
ENSG00000267476	ENSG00000267476	GroupA_exclusive	TK14	DEL			1	0
ENSG00000267674	ENSG00000267674	GroupA_exclusive	TK13	DEL			1	0
ENSG00000267682	ENSG00000267682	GroupA_exclusive	TK13	DEL			1	0
ENSG00000267886	ENSG00000267886	GroupA_exclusive	TK13	DEL			1	0
ENSG00000268056	ENSG00000268056	GroupA_exclusive	TK16	DEL			1	0
ENSG00000268105	ENSG00000268105	GroupA_exclusive	TK13	DEL			1	0
ENSG00000268218	ENSG00000268218	GroupA_exclusive	TK13	DEL			1	0
ENSG00000268279	ENSG00000268279	GroupA_exclusive	TK13	DEL			1	0
ENSG00000268670	ENSG00000268670	GroupA_exclusive	TK13	DEL			1	0
ENSG00000269082	ENSG00000269082	GroupA_exclusive	TK13	DEL			1	0
ENSG00000269085	ENSG00000269085	GroupA_exclusive	TK14	DEL			1	0
ENSG00000269091	ENSG00000269091	GroupA_exclusive	TK16	DEL			1	0
ENSG00000269243	ENSG00000269243	GroupA_exclusive	TK16	DEL			1	0
ENSG00000269543	ENSG00000269543	GroupA_exclusive	TK13	DEL			1	0
ENSG00000269924	ENSG00000269924	GroupA_exclusive	TK14	DEL			1	0
ENSG00000270099	ENSG00000270099	GroupA_exclusive	TK14	DEL			1	0
ENSG00000270462	ENSG00000270462	GroupA_exclusive	TK14	DEL			1	0
ENSG00000270708	ENSG00000270708	GroupA_exclusive	TK13	DEL			1	0
ENSG00000270857	ENSG00000270857	GroupA_exclusive	TK14	DEL			1	0
ENSG00000271048	ENSG00000271048	GroupA_exclusive	TK16	DEL			1	0
ENSG00000271269	ENSG00000271269	GroupA_exclusive	TK14	DEL			1	0
ENSG00000271366	ENSG00000271366	GroupA_exclusive	TK14	DEL			1	0
ENSG00000271664	ENSG00000271664	GroupA_exclusive	TK14	DEL			1	0
ENSG00000271781	ENSG00000271781	GroupA_exclusive	TK16	DEL			1	0
ENSG00000271810	ENSG00000271810	GroupA_exclusive	TK14	DEL			1	0
ENSG00000271917	ENSG00000271917	GroupA_exclusive	TK13	DEL			1	0
ENSG00000272148	ENSG00000272148	GroupA_exclusive	TK14	DEL			1	0
ENSG00000272175	ENSG00000272175	GroupA_exclusive	TK14	DEL			1	0
ENSG00000272369	ENSG00000272369	GroupA_exclusive	TK13	DEL			1	0
ENSG00000272518	ENSG00000272518	GroupA_exclusive	TK14	DEL			1	0
ENSG00000272657	ENSG00000272657	GroupA_exclusive	TK13	DEL			1	0
ENSG00000272750	ENSG00000272750	GroupA_exclusive	TK16	DEL			1	0
ENSG00000273010	ENSG00000273010	GroupA_exclusive	TK14	DEL			1	0
ENSG00000273058	ENSG00000273058	GroupA_exclusive	TK14	DEL			1	0
ENSG00000273387	ENSG00000273387	GroupA_exclusive	TK14	DEL			1	0
ENSG00000273797	ENSG00000273797	GroupA_exclusive	TK13	DEL			1	0
ENSG00000274272	ENSG00000274272	GroupA_exclusive	TK13	DEL			1	0
ENSG00000274308	ENSG00000274308	GroupA_exclusive	TK13	DEL			1	0
ENSG00000274987	ENSG00000274987	GroupA_exclusive	TK14	DEL			1	0
ENSG00000275197	ENSG00000275197	GroupA_exclusive	TK14	DEL			1	0
ENSG00000275339	ENSG00000275339	GroupA_exclusive	TK16	DEL			1	0
ENSG00000275481	ENSG00000275481	GroupA_exclusive	TK13	DEL			1	0
ENSG00000275919	ENSG00000275919	GroupA_exclusive	TK13	DEL			1	0
ENSG00000276150	ENSG00000276150	GroupA_exclusive	TK14	DEL			1	0
ENSG00000276362	ENSG00000276362	GroupA_exclusive	TK13	DEL			1	0
ENSG00000276418	ENSG00000276418	GroupA_exclusive	TK14	DEL			1	0
ENSG00000276573	ENSG00000276573	GroupA_exclusive	TK14	DEL			1	0
ENSG00000276704	ENSG00000276704	GroupA_exclusive	TK14	DEL			1	0
ENSG00000276855	ENSG00000276855	GroupA_exclusive	TK14	DEL			1	0
ENSG00000277852	ENSG00000277852	GroupA_exclusive	TK16	DEL			1	0
ENSG00000277882	ENSG00000277882	GroupA_exclusive	TK14	DEL			1	0
ENSG00000277978	ENSG00000277978	GroupA_exclusive	TK14	DEL			1	0
ENSG00000278231	ENSG00000278231	GroupA_exclusive	TK13	DEL			1	0
ENSG00000278861	ENSG00000278861	GroupA_exclusive	TK14	DEL			1	0
ENSG00000278896	ENSG00000278896	GroupA_exclusive	TK13	DEL			1	0
ENSG00000278918	ENSG00000278918	GroupA_exclusive	TK16	DEL			1	0
ENSG00000278949	ENSG00000278949	GroupA_exclusive	TK16	DEL			1	0
ENSG00000279404	ENSG00000279404	GroupA_exclusive	TK14	DEL			1	0
ENSG00000279668	ENSG00000279668	GroupA_exclusive	TK13	DEL			1	0
ENSG00000279691	ENSG00000279691	GroupA_exclusive	TK13	DEL			1	0
ENSG00000279819	ENSG00000279819	GroupA_exclusive	TK14	DEL			1	0
ENSG00000280020	ENSG00000280020	GroupA_exclusive	TK14	DEL			1	0
ENSG00000280054	ENSG00000280054	GroupA_exclusive	TK14	DEL			1	0
ENSG00000280206	ENSG00000280206	GroupA_exclusive	TK13	DEL			1	0
ENSG00000281021	ENSG00000281021	GroupA_exclusive	TK13	DEL			1	0
ENSG00000281468	ENSG00000281468	GroupA_exclusive	TK14	DEL			1	0
ENSG00000281530	ENSG00000281530	GroupA_exclusive	TK14	DEL			1	0
ENSG00000282843	ENSG00000282843	GroupA_exclusive	TK16	DEL			1	0
ENSG00000283057	ENSG00000283057	GroupA_exclusive	TK14	DEL			1	0
ENSG00000283360	ENSG00000283360	GroupA_exclusive	TK14	DEL			1	0
ENSG00000283696	ENSG00000283696	GroupA_exclusive	TK14	DEL			1	0
ENSG00000283849	ENSG00000283849	GroupA_exclusive	TK14	DEL			1	0
ENSG00000284644	ENSG00000284644	GroupA_exclusive	TK13	DEL			1	0
ENSG00000284669	ENSG00000284669	GroupA_exclusive	TK14	DEL			1	0
ENSG00000284989	ENSG00000284989	GroupA_exclusive	TK16	DEL			1	0
ENSG00000285635	ENSG00000285635	GroupA_exclusive	TK16	DEL			1	0
ENSG00000285797	ENSG00000285797	GroupA_exclusive	TK16	DEL			1	0
ENSG00000285839	ENSG00000285839	GroupA_exclusive	TK14	DEL			1	0
ENSG00000285881	ENSG00000285881	GroupA_exclusive	TK14	DEL			1	0
ENSG00000285948	ENSG00000285948	GroupA_exclusive	TK16	DEL			1	0
ENSG00000286020	ENSG00000286020	GroupA_exclusive	TK13	DEL			1	0
ENSG00000286164	ENSG00000286164	GroupA_exclusive	TK13	DEL			1	0
ENSG00000286207	ENSG00000286207	GroupA_exclusive	TK13	DEL			1	0
ENSG00000286223	ENSG00000286223	GroupA_exclusive	TK16	DEL			1	0
ENSG00000286248	ENSG00000286248	GroupA_exclusive	TK14	DEL			1	0
ENSG00000286307	ENSG00000286307	GroupA_exclusive	TK14	DEL			1	0
ENSG00000286489	ENSG00000286489	GroupA_exclusive	TK13	DEL			1	0
ENSG00000286588	ENSG00000286588	GroupA_exclusive	TK13	DEL			1	0
ENSG00000286688	ENSG00000286688	GroupA_exclusive	TK16	DEL			1	0
ENSG00000286696	ENSG00000286696	GroupA_exclusive	TK13	DEL			1	0
ENSG00000286835	ENSG00000286835	GroupA_exclusive	TK14	DEL			1	0
ENSG00000286898	ENSG00000286898	GroupA_exclusive	TK16	DEL			1	0
ENSG00000286921	ENSG00000286921	GroupA_exclusive	TK14	DEL			1	0
ENSG00000287058	ENSG00000287058	GroupA_exclusive	TK14	DEL			1	0
ENSG00000287191	ENSG00000287191	GroupA_exclusive	TK13	DEL			1	0
ENSG00000287214	ENSG00000287214	GroupA_exclusive	TK14	DEL			1	0
ENSG00000287298	ENSG00000287298	GroupA_exclusive	TK13	DEL			1	0
ENSG00000287299	ENSG00000287299	GroupA_exclusive	TK16	DEL			1	0
ENSG00000287660	ENSG00000287660	GroupA_exclusive	TK13	DEL			1	0
ENSG00000287810	ENSG00000287810	GroupA_exclusive	TK13	DEL			1	0
ENSG00000287856	ENSG00000287856	GroupA_exclusive	TK13	DEL			1	0
ENSG00000288003	ENSG00000288003	GroupA_exclusive	TK13	DEL			1	0
ENSG00000288032	ENSG00000288032	GroupA_exclusive	TK13	DEL			1	0
ENSG00000288093	ENSG00000288093	GroupA_exclusive	TK14	DEL			1	0
ENSG00000288620	ENSG00000288620	GroupA_exclusive	TK14	DEL			1	0
ENSG00000288670	ENSG00000288670	GroupA_exclusive	TK14	DEL			1	0
ENSG00000288698	ENSG00000288698	GroupA_exclusive	TK13	DEL			1	0
ENSG00000288744	ENSG00000288744	GroupA_exclusive	TK14	DEL			1	0
ENSG00000288767	ENSG00000288767	GroupA_exclusive	TK14	DEL			1	0
ENSG00000288994	ENSG00000288994	GroupA_exclusive	TK13	DEL			1	0
ENSG00000289106	ENSG00000289106	GroupA_exclusive	TK14	DEL			1	0
ENSG00000289141	ENSG00000289141	GroupA_exclusive	TK14	DEL			1	0
ENSG00000289227	ENSG00000289227	GroupA_exclusive	TK16	DEL			1	0
ENSG00000289272	ENSG00000289272	GroupA_exclusive	TK14	DEL			1	0
ENSG00000289285	ENSG00000289285	GroupA_exclusive	TK13	DEL			1	0
ENSG00000289292	ENSG00000289292	GroupA_exclusive	TK14	DEL			1	0
ENSG00000289306	ENSG00000289306	GroupA_exclusive	TK14	DEL			1	0
ENSG00000289332	ENSG00000289332	GroupA_exclusive	TK13	DEL			1	0
ENSG00000289468	ENSG00000289468	GroupA_exclusive	TK14	DEL			1	0
ENSG00000289508	ENSG00000289508	GroupA_exclusive	TK13	DEL			1	0
ENSG00000289738	ENSG00000289738	GroupA_exclusive	TK14	DEL			1	0
ENSG00000289750	ENSG00000289750	GroupA_exclusive	TK13	DEL			1	0
ENSG00000289830	ENSG00000289830	GroupA_exclusive	TK16	DEL			1	0
ENSG00000289886	ENSG00000289886	GroupA_exclusive	TK13	DEL			1	0
ENSG00000290028	ENSG00000290028	GroupA_exclusive	TK13	DEL			1	0
ENSG00000290040	ENSG00000290040	GroupA_exclusive	TK14	DEL			1	0
ENSG00000290058	ENSG00000290058	GroupA_exclusive	TK16	DEL			1	0
ENSG00000290146	ENSG00000290146	GroupA_exclusive	TK16	DEL			1	0
ENSG00000290166	ENSG00000290166	GroupA_exclusive	TK14	DEL			1	0
ENSG00000290377	ENSG00000290377	GroupA_exclusive	TK14	DEL			1	0
ENSG00000290816	ENSG00000290816	GroupA_exclusive	TK13	DEL			1	0
ENSG00000291068	ENSG00000291068	GroupA_exclusive	TK13	DEL			1	0
ENSG00000291176	ENSG00000291176	GroupA_exclusive	TK13	DEL			1	0
ENSG00000292271	ENSG00000292271	GroupA_exclusive	TK16	DEL			1	0
ENSG00000197586	ENTPD6	GroupA_exclusive	TK14	DEL			1	0
ENSG00000159023	EPB41	GroupA_exclusive	TK13	DEL			1	0
ENSG00000235652	EPM2A-DT	GroupA_exclusive	TK14	DEL			1	0
ENSG00000130427	EPO	GroupA_exclusive	TK13	DEL			1	0
ENSG00000186871	ERCC6L	GroupA_exclusive	TK16	DEL			1	0
ENSG00000147475	ERLIN2	GroupA_exclusive	TK14	DEL			1	0
ENSG00000086619	ERO1B	GroupA_exclusive	TK13	DEL			1	0
ENSG00000180104	EXOC3	GroupA_exclusive	TK16	DEL			1	0
ENSG00000138190	EXOC6	GroupA_exclusive	TK14	DEL			1	0
ENSG00000171311	EXOSC1	GroupA_exclusive	TK14	DEL			1	0
ENSG00000103876	FAH	GroupA_exclusive	TK13	DEL			1	0
ENSG00000231584	FAHD2CP	GroupA_exclusive	TK13	DEL			1	0
ENSG00000158234	FAIM	GroupA_exclusive	TK13	DEL			1	0
ENSG00000065809	FAM107B	GroupA_exclusive	TK13	DEL			1	0
ENSG00000166801	FAM111A	GroupA_exclusive	TK14	DEL			1	0
ENSG00000114023	FAM162A	GroupA_exclusive	TK14	DEL			1	0
ENSG00000144369	FAM171B	GroupA_exclusive	TK14	DEL			1	0
ENSG00000124098	FAM210B	GroupA_exclusive	TK14	DEL			1	0
ENSG00000145975	FAM217A	GroupA_exclusive	TK16	DEL			1	0
ENSG00000255650	FAM222A-AS1	GroupA_exclusive	TK13	DEL			1	0
ENSG00000233334	FAM53B-AS1	GroupA_exclusive	TK13	DEL			1	0
ENSG00000263513	FAM72C	GroupA_exclusive	TK14	DEL			1	0
ENSG00000251669	FAM86EP	GroupA_exclusive	TK14	DEL			1	0
ENSG00000112039	FANCE	GroupA_exclusive	TK16	DEL			1	0
ENSG00000145982	FARS2	GroupA_exclusive	TK14	DEL			1	0
ENSG00000162458	FBLIM1	GroupA_exclusive	TK14	DEL			1	0
ENSG00000171823	FBXL14	GroupA_exclusive	TK14	DEL			1	0
ENSG00000167196	FBXO22	GroupA_exclusive	TK14	DEL			1	0
ENSG00000143756	FBXO28	GroupA_exclusive	TK14	DEL			1	0
ENSG00000227436	FCF1P1	GroupA_exclusive	TK13	DEL			1	0
ENSG00000104870	FCGRT	GroupA_exclusive	TK13	DEL			1	0
ENSG00000127084	FGD3	GroupA_exclusive	TK16	DEL			1	0
ENSG00000106080	FKBP14	GroupA_exclusive	TK14	DEL			1	0
ENSG00000102081	FMR1	GroupA_exclusive	TK13	DEL			1	0
ENSG00000102531	FNDC3A	GroupA_exclusive	TK13	DEL			1	0
ENSG00000109101	FOXN1	GroupA_exclusive	TK13	DEL			1	0
ENSG00000240445	FOXO3B	GroupA_exclusive	TK14	DEL			1	0
ENSG00000137166	FOXP4	GroupA_exclusive	TK14	DEL			1	0
ENSG00000282826	FRG1CP	GroupA_exclusive	TK14	DEL			1	0
ENSG00000104064	GABPB1	GroupA_exclusive	TK14	DEL			1	0
ENSG00000054983	GALC	GroupA_exclusive	TK14	DEL			1	0
ENSG00000141429	GALNT1	GroupA_exclusive	TK13	DEL			1	0
ENSG00000164574	GALNT10	GroupA_exclusive	TK14	DEL			1	0
ENSG00000139629	GALNT6	GroupA_exclusive	TK13	DEL			1	0
ENSG00000109586	GALNT7	GroupA_exclusive	TK16	DEL			1	0
ENSG00000231907	GAPDHP37	GroupA_exclusive	TK14	DEL			1	0
ENSG00000250130	GAPDHP43	GroupA_exclusive	TK16	DEL			1	0
ENSG00000148935	GAS2	GroupA_exclusive	TK14	DEL			1	0
ENSG00000001084	GCLC	GroupA_exclusive	TK16	DEL			1	0
ENSG00000249379	GCLC-AS1	GroupA_exclusive	TK16	DEL			1	0
ENSG00000023909	GCLM	GroupA_exclusive	TK14	DEL			1	0
ENSG00000224837	GCSHP5	GroupA_exclusive	TK14	DEL			1	0
ENSG00000158555	GDPD5	GroupA_exclusive	TK13	DEL			1	0
ENSG00000046647	GEMIN8	GroupA_exclusive	TK14	DEL			1	0
ENSG00000178295	GEN1	GroupA_exclusive	TK16	DEL			1	0
ENSG00000146830	GIGYF1	GroupA_exclusive	TK13	DEL			1	0
ENSG00000175066	GK5	GroupA_exclusive	TK13	DEL			1	0
ENSG00000167699	GLOD4	GroupA_exclusive	TK14	DEL			1	0
ENSG00000089639	GMIP	GroupA_exclusive	TK16	DEL			1	0
ENSG00000163655	GMPS	GroupA_exclusive	TK13	DEL			1	0
ENSG00000163281	GNPDA2	GroupA_exclusive	TK16	DEL			1	0
ENSG00000133114	GPALPP1	GroupA_exclusive	TK13	DEL			1	0
ENSG00000148358	GPR107	GroupA_exclusive	TK13	DEL			1	0
ENSG00000152749	GPR180	GroupA_exclusive	TK16	DEL			1	0
ENSG00000075240	GRAMD4	GroupA_exclusive	TK13	DEL			1	0
ENSG00000068400	GRIPAP1	GroupA_exclusive	TK13	DEL			1	0
ENSG00000104687	GSR	GroupA_exclusive	TK14	DEL			1	0
ENSG00000065621	GSTO2	GroupA_exclusive	TK14	DEL			1	0
ENSG00000153767	GTF2E1	GroupA_exclusive	TK16	DEL			1	0
ENSG00000183474	GTF2H2C	GroupA_exclusive	TK13	DEL			1	0
ENSG00000125484	GTF3C4	GroupA_exclusive	TK14	DEL			1	0
ENSG00000270196	GTF3C6P3	GroupA_exclusive	TK14	DEL			1	0
ENSG00000164116	GUCY1A1	GroupA_exclusive	TK14	DEL			1	0
ENSG00000151233	GXYLT1	GroupA_exclusive	TK14	DEL			1	0
ENSG00000234202	H3P3	GroupA_exclusive	TK13	DEL			1	0
ENSG00000259389	H3P38	GroupA_exclusive	TK13	DEL			1	0
ENSG00000049239	H6PD	GroupA_exclusive	TK13	DEL			1	0
ENSG00000138796	HADH	GroupA_exclusive	TK14	DEL			1	0
ENSG00000105856	HBP1	GroupA_exclusive	TK13	DEL			1	0
ENSG00000112339	HBS1L	GroupA_exclusive	TK14	DEL			1	0
ENSG00000004961	HCCS	GroupA_exclusive	TK13	DEL			1	0
ENSG00000101336	HCK	GroupA_exclusive	TK14	DEL			1	0
ENSG00000068024	HDAC4	GroupA_exclusive	TK14	DEL			1	0
ENSG00000147099	HDAC8	GroupA_exclusive	TK14	DEL			1	0
ENSG00000119969	HELLS	GroupA_exclusive	TK13	DEL			1	0
ENSG00000114735	HEMK1	GroupA_exclusive	TK13	DEL			1	0
ENSG00000135547	HEY2	GroupA_exclusive	TK14	DEL			1	0
ENSG00000019991	HGF	GroupA_exclusive	TK14	DEL			1	0
ENSG00000152804	HHEX	GroupA_exclusive	TK14	DEL			1	0
ENSG00000198130	HIBCH	GroupA_exclusive	TK13	DEL			1	0
ENSG00000253229	HIGD1AP6	GroupA_exclusive	TK14	DEL			1	0
ENSG00000231389	HLA-DPA1	GroupA_exclusive	TK16	DEL			1	0
ENSG00000237541	HLA-DQA2	GroupA_exclusive	TK13	DEL			1	0
ENSG00000223534	HLA-DQB1-AS1	GroupA_exclusive	TK13	DEL			1	0
ENSG00000232629	HLA-DQB2	GroupA_exclusive	TK13	DEL			1	0
ENSG00000226030	HLA-DQB3	GroupA_exclusive	TK13	DEL			1	0
ENSG00000275029	HMGB1P24	GroupA_exclusive	TK13	DEL			1	0
ENSG00000229046	HMGN1P2	GroupA_exclusive	TK14	DEL			1	0
ENSG00000241120	HMGN1P8	GroupA_exclusive	TK14	DEL			1	0
ENSG00000232916	HMGN2P27	GroupA_exclusive	TK14	DEL			1	0
ENSG00000056050	HPF1	GroupA_exclusive	TK13	DEL			1	0
ENSG00000170606	HSPA4	GroupA_exclusive	TK13	DEL			1	0
ENSG00000136273	HUS1	GroupA_exclusive	TK16	DEL			1	0
ENSG00000134330	IAH1	GroupA_exclusive	TK14	DEL			1	0
ENSG00000115267	IFIH1	GroupA_exclusive	TK16	DEL			1	0
ENSG00000027697	IFNGR1	GroupA_exclusive	TK14	DEL			1	0
ENSG00000118096	IFT46	GroupA_exclusive	TK13	DEL			1	0
ENSG00000114446	IFT57	GroupA_exclusive	TK16	DEL			1	0
ENSG00000163453	IGFBP7	GroupA_exclusive	TK13	DEL			1	0
ENSG00000245067	IGFBP7-AS1	GroupA_exclusive	TK13	DEL			1	0
ENSG00000253578	IGKV1-22	GroupA_exclusive	TK16	DEL			1	0
ENSG00000244575	IGKV1-27	GroupA_exclusive	TK16	DEL			1	0
ENSG00000253625	IGKV2-23	GroupA_exclusive	TK16	DEL			1	0
ENSG00000241294	IGKV2-24	GroupA_exclusive	TK16	DEL			1	0
ENSG00000254098	IGKV2-26	GroupA_exclusive	TK16	DEL			1	0
ENSG00000244116	IGKV2-28	GroupA_exclusive	TK16	DEL			1	0
ENSG00000253998	IGKV2-29	GroupA_exclusive	TK16	DEL			1	0
ENSG00000243238	IGKV2-30	GroupA_exclusive	TK16	DEL			1	0
ENSG00000253202	IGKV3-25	GroupA_exclusive	TK16	DEL			1	0
ENSG00000211611	IGKV6-21	GroupA_exclusive	TK16	DEL			1	0
ENSG00000104365	IKBKB	GroupA_exclusive	TK13	DEL			1	0
ENSG00000096996	IL12RB1	GroupA_exclusive	TK13	DEL			1	0
ENSG00000134460	IL2RA	GroupA_exclusive	TK13	DEL			1	0
ENSG00000227018	IL6STP1	GroupA_exclusive	TK14	DEL			1	0
ENSG00000133731	IMPA1	GroupA_exclusive	TK14	DEL			1	0
ENSG00000151689	INPP1	GroupA_exclusive	TK16	DEL			1	0
ENSG00000146576	INTS15	GroupA_exclusive	TK14	DEL			1	0
ENSG00000173226	IQCB1	GroupA_exclusive	TK14	DEL			1	0
ENSG00000106012	IQCE	GroupA_exclusive	TK13	DEL			1	0
ENSG00000136381	IREB2	GroupA_exclusive	TK14	DEL			1	0
ENSG00000184414	IRS3P	GroupA_exclusive	TK13	DEL			1	0
ENSG00000232788	ITGA6-AS1	GroupA_exclusive	TK16	DEL			1	0
ENSG00000150093	ITGB1	GroupA_exclusive	TK14	DEL			1	0
ENSG00000125877	ITPA	GroupA_exclusive	TK14	DEL			1	0
ENSG00000228382	ITPKB-IT1	GroupA_exclusive	TK13	DEL			1	0
ENSG00000128928	IVD	GroupA_exclusive	TK16	DEL			1	0
ENSG00000140044	JDP2	GroupA_exclusive	TK14	DEL			1	0
ENSG00000233603	JTBP1	GroupA_exclusive	TK13	DEL			1	0
ENSG00000182359	KBTBD3	GroupA_exclusive	TK13	DEL			1	0
ENSG00000055118	KCNH2	GroupA_exclusive	TK13	DEL			1	0
ENSG00000237978	KCNMB2-AS1	GroupA_exclusive	TK14	DEL			1	0
ENSG00000053918	KCNQ1	GroupA_exclusive	TK13	DEL			1	0
ENSG00000135314	KHDC1	GroupA_exclusive	TK14	DEL			1	0
ENSG00000229852	KHDC1-AS1	GroupA_exclusive	TK14	DEL			1	0
ENSG00000138030	KHK	GroupA_exclusive	TK13	DEL			1	0
ENSG00000142687	KIAA0319L	GroupA_exclusive	TK16	DEL			1	0
ENSG00000227495	KIF1C-AS1	GroupA_exclusive	TK13	DEL			1	0
ENSG00000142945	KIF2C	GroupA_exclusive	TK14	DEL			1	0
ENSG00000149571	KIRREL3	GroupA_exclusive	TK14	DEL			1	0
ENSG00000174010	KLHL15	GroupA_exclusive	TK14	DEL			1	0
ENSG00000076321	KLHL20	GroupA_exclusive	TK14	DEL			1	0
ENSG00000186432	KPNA4	GroupA_exclusive	TK13	DEL			1	0
ENSG00000133703	KRAS	GroupA_exclusive	TK14	DEL			1	0
ENSG00000147121	KRBOX4	GroupA_exclusive	TK14	DEL			1	0
ENSG00000197302	KRBOX5	GroupA_exclusive	TK14	DEL			1	0
ENSG00000237672	KRR1P1	GroupA_exclusive	TK13	DEL			1	0
ENSG00000186847	KRT14	GroupA_exclusive	TK13	DEL			1	0
ENSG00000186832	KRT16	GroupA_exclusive	TK13	DEL			1	0
ENSG00000128422	KRT17	GroupA_exclusive	TK13	DEL			1	0
ENSG00000249850	KRT18P31	GroupA_exclusive	TK13	DEL			1	0
ENSG00000236670	KRT18P5	GroupA_exclusive	TK13	DEL			1	0
ENSG00000258951	KRT18P7	GroupA_exclusive	TK14	DEL			1	0
ENSG00000198841	KTI12	GroupA_exclusive	TK14	DEL			1	0
ENSG00000171097	KYAT1	GroupA_exclusive	TK13	DEL			1	0
ENSG00000087299	L2HGDH	GroupA_exclusive	TK13	DEL			1	0
ENSG00000138709	LARP1B	GroupA_exclusive	TK14	DEL			1	0
ENSG00000043462	LCP2	GroupA_exclusive	TK14	DEL			1	0
ENSG00000005156	LIG3	GroupA_exclusive	TK14	DEL			1	0
ENSG00000144791	LIMD1	GroupA_exclusive	TK16	DEL			1	0
ENSG00000230530	LIMD1-AS1	GroupA_exclusive	TK16	DEL			1	0
ENSG00000169756	LIMS1	GroupA_exclusive	TK16	DEL			1	0
ENSG00000228763	LIMS1-AS1	GroupA_exclusive	TK13	DEL			1	0
ENSG00000181995	LINC00301	GroupA_exclusive	TK13	DEL			1	0
ENSG00000228794	LINC01128	GroupA_exclusive	TK13	DEL			1	0
ENSG00000281404	LINC01176	GroupA_exclusive	TK14	DEL			1	0
ENSG00000254211	LINC01485	GroupA_exclusive	TK16	DEL			1	0
ENSG00000261504	LINC01686	GroupA_exclusive	TK14	DEL			1	0
ENSG00000227181	LINC01688	GroupA_exclusive	TK14	DEL			1	0
ENSG00000261615	LINC01858	GroupA_exclusive	TK13	DEL			1	0
ENSG00000261558	LINC01859	GroupA_exclusive	TK13	DEL			1	0
ENSG00000283646	LINC02009	GroupA_exclusive	TK13	DEL			1	0
ENSG00000237057	LINC02087	GroupA_exclusive	TK14	DEL			1	0
ENSG00000248319	LINC02275	GroupA_exclusive	TK13	DEL			1	0
ENSG00000258884	LINC02321	GroupA_exclusive	TK13	DEL			1	0
ENSG00000215241	LINC02449	GroupA_exclusive	TK13	DEL			1	0
ENSG00000232613	LINC02576	GroupA_exclusive	TK13	DEL			1	0
ENSG00000228742	LINC02577	GroupA_exclusive	TK13	DEL			1	0
ENSG00000204362	LINC02783	GroupA_exclusive	TK16	DEL			1	0
ENSG00000269994	LINC02893	GroupA_exclusive	TK13	DEL			1	0
ENSG00000267575	LINC02987	GroupA_exclusive	TK14	DEL			1	0
ENSG00000101670	LIPG	GroupA_exclusive	TK13	DEL			1	0
ENSG00000164187	LMBRD2	GroupA_exclusive	TK14	DEL			1	0
ENSG00000185621	LMLN	GroupA_exclusive	TK16	DEL			1	0
ENSG00000113441	LNPEP	GroupA_exclusive	TK16	DEL			1	0
ENSG00000198799	LRIG2	GroupA_exclusive	TK14	DEL			1	0
ENSG00000108829	LRRC59	GroupA_exclusive	TK13	DEL			1	0
ENSG00000127399	LRRC61	GroupA_exclusive	TK13	DEL			1	0
ENSG00000136802	LRRC8A	GroupA_exclusive	TK14	DEL			1	0
ENSG00000175928	LRRN1	GroupA_exclusive	TK13	DEL			1	0
ENSG00000175324	LSM1	GroupA_exclusive	TK14	DEL			1	0
ENSG00000130332	LSM7	GroupA_exclusive	TK13	DEL			1	0
ENSG00000130592	LSP1	GroupA_exclusive	TK16	DEL			1	0
ENSG00000105699	LSR	GroupA_exclusive	TK14	DEL			1	0
ENSG00000162385	MAGOH	GroupA_exclusive	TK13	DEL			1	0
ENSG00000102158	MAGT1	GroupA_exclusive	TK13	DEL			1	0
ENSG00000172175	MALT1	GroupA_exclusive	TK14	DEL			1	0
ENSG00000184384	MAML2	GroupA_exclusive	TK14	DEL			1	0
ENSG00000172469	MANEA	GroupA_exclusive	TK13	DEL			1	0
ENSG00000034152	MAP2K3	GroupA_exclusive	TK14	DEL			1	0
ENSG00000139625	MAP3K12	GroupA_exclusive	TK16	DEL			1	0
ENSG00000135341	MAP3K7	GroupA_exclusive	TK13	DEL			1	0
ENSG00000006432	MAP3K9	GroupA_exclusive	TK14	DEL			1	0
ENSG00000198060	MARCHF5	GroupA_exclusive	TK14	DEL			1	0
ENSG00000072518	MARK2	GroupA_exclusive	TK13	DEL			1	0
ENSG00000247626	MARS2	GroupA_exclusive	TK13	DEL			1	0
ENSG00000131844	MCCC2	GroupA_exclusive	TK13	DEL			1	0
ENSG00000128285	MCHR1	GroupA_exclusive	TK14	DEL			1	0
ENSG00000050393	MCUR1	GroupA_exclusive	TK13	DEL			1	0
ENSG00000133398	MED10	GroupA_exclusive	TK13	DEL			1	0
ENSG00000249502	MED28-DT	GroupA_exclusive	TK14	DEL			1	0
ENSG00000229111	MED4-AS1	GroupA_exclusive	TK16	DEL			1	0
ENSG00000133997	MED6	GroupA_exclusive	TK14	DEL			1	0
ENSG00000106780	MEGF9	GroupA_exclusive	TK14	DEL			1	0
ENSG00000179277	MEIS3P1	GroupA_exclusive	TK14	DEL			1	0
ENSG00000144401	METTL21A	GroupA_exclusive	TK14	DEL			1	0
ENSG00000067365	METTL22	GroupA_exclusive	TK13	DEL			1	0
ENSG00000117122	MFAP2	GroupA_exclusive	TK16	DEL			1	0
ENSG00000198948	MFAP3L	GroupA_exclusive	TK13	DEL			1	0
ENSG00000261868	MFSD1P1	GroupA_exclusive	TK14	DEL			1	0
ENSG00000168389	MFSD2A	GroupA_exclusive	TK13	DEL			1	0
ENSG00000125871	MGME1	GroupA_exclusive	TK13	DEL			1	0
ENSG00000197530	MIB2	GroupA_exclusive	TK13	DEL			1	0
ENSG00000164877	MICALL2	GroupA_exclusive	TK13	DEL			1	0
ENSG00000259065	MIDEAS-AS1	GroupA_exclusive	TK14	DEL			1	0
ENSG00000221545	MIR1255B2	GroupA_exclusive	TK14	DEL			1	0
ENSG00000207739	MIR218-2	GroupA_exclusive	TK13	DEL			1	0
ENSG00000207962	MIR30C1	GroupA_exclusive	TK13	DEL			1	0
ENSG00000198974	MIR30E	GroupA_exclusive	TK13	DEL			1	0
ENSG00000263649	MIR3135B	GroupA_exclusive	TK13	DEL			1	0
ENSG00000265137	MIR3192	GroupA_exclusive	TK16	DEL			1	0
ENSG00000264073	MIR3199-1	GroupA_exclusive	TK14	DEL			1	0
ENSG00000283225	MIR3199-2	GroupA_exclusive	TK14	DEL			1	0
ENSG00000207698	MIR32	GroupA_exclusive	TK14	DEL			1	0
ENSG00000283409	MIR3662	GroupA_exclusive	TK14	DEL			1	0
ENSG00000283514	MIR3975	GroupA_exclusive	TK13	DEL			1	0
ENSG00000264493	MIR4298	GroupA_exclusive	TK16	DEL			1	0
ENSG00000266589	MIR4512	GroupA_exclusive	TK16	DEL			1	0
ENSG00000263834	MIR4635	GroupA_exclusive	TK13	DEL			1	0
ENSG00000264480	MIR4714	GroupA_exclusive	TK13	DEL			1	0
ENSG00000266594	MIR4766	GroupA_exclusive	TK13	DEL			1	0
ENSG00000265850	MIR4797	GroupA_exclusive	TK14	DEL			1	0
ENSG00000263593	MIR4804	GroupA_exclusive	TK14	DEL			1	0
ENSG00000221263	MIR548P	GroupA_exclusive	TK13	DEL			1	0
ENSG00000264056	MIR5685	GroupA_exclusive	TK16	DEL			1	0
ENSG00000207956	MIR579	GroupA_exclusive	TK14	DEL			1	0
ENSG00000207588	MIR593	GroupA_exclusive	TK13	DEL			1	0
ENSG00000283928	MIR637	GroupA_exclusive	TK16	DEL			1	0
ENSG00000277681	MIR6739	GroupA_exclusive	TK14	DEL			1	0
ENSG00000284047	MIR6836	GroupA_exclusive	TK14	DEL			1	0
ENSG00000274390	MIR6885	GroupA_exclusive	TK13	DEL			1	0
ENSG00000284594	MIR7847	GroupA_exclusive	TK16	DEL			1	0
ENSG00000271886	MIR98	GroupA_exclusive	TK13	DEL			1	0
ENSG00000208012	MIRLET7F2	GroupA_exclusive	TK13	DEL			1	0
ENSG00000129534	MIS18BP1	GroupA_exclusive	TK13	DEL			1	0
ENSG00000256681	MIX23P5	GroupA_exclusive	TK14	DEL			1	0
ENSG00000132763	MMACHC	GroupA_exclusive	TK14	DEL			1	0
ENSG00000154485	MMP21	GroupA_exclusive	TK16	DEL			1	0
ENSG00000218283	MORF4L1P1	GroupA_exclusive	TK13	DEL			1	0
ENSG00000106330	MOSPD3	GroupA_exclusive	TK13	DEL			1	0
ENSG00000154889	MPPE1	GroupA_exclusive	TK13	DEL			1	0
ENSG00000158887	MPZ	GroupA_exclusive	TK14	DEL			1	0
ENSG00000122687	MRM2	GroupA_exclusive	TK13	DEL			1	0
ENSG00000132313	MRPL35	GroupA_exclusive	TK14	DEL			1	0
ENSG00000204568	MRPS18B	GroupA_exclusive	TK16	DEL			1	0
ENSG00000172689	MS4A10	GroupA_exclusive	TK13	DEL			1	0
ENSG00000071203	MS4A12	GroupA_exclusive	TK13	DEL			1	0
ENSG00000204979	MS4A13	GroupA_exclusive	TK13	DEL			1	0
ENSG00000166961	MS4A15	GroupA_exclusive	TK13	DEL			1	0
ENSG00000214782	MS4A18	GroupA_exclusive	TK13	DEL			1	0
ENSG00000283601	MS4A19P	GroupA_exclusive	TK13	DEL			1	0
ENSG00000166959	MS4A8	GroupA_exclusive	TK13	DEL			1	0
ENSG00000005302	MSL3	GroupA_exclusive	TK13	DEL			1	0
ENSG00000235040	MTCO3P1	GroupA_exclusive	TK13	DEL			1	0
ENSG00000146410	MTFR2	GroupA_exclusive	TK13	DEL			1	0
ENSG00000103248	MTHFSD	GroupA_exclusive	TK16	DEL			1	0
ENSG00000171100	MTM1	GroupA_exclusive	TK13	DEL			1	0
ENSG00000228995	MTND1P9	GroupA_exclusive	TK14	DEL			1	0
ENSG00000039123	MTREX	GroupA_exclusive	TK13	DEL			1	0
ENSG00000177034	MTX3	GroupA_exclusive	TK16	DEL			1	0
ENSG00000232320	MXRA7P1	GroupA_exclusive	TK14	DEL			1	0
ENSG00000118513	MYB	GroupA_exclusive	TK13	DEL			1	0
ENSG00000133392	MYH11	GroupA_exclusive	TK13	DEL			1	0
ENSG00000157483	MYO1E	GroupA_exclusive	TK14	DEL			1	0
ENSG00000197535	MYO5A	GroupA_exclusive	TK14	DEL			1	0
ENSG00000274505	Metazoa_SRP	GroupA_exclusive	TK13	DEL			1	0
ENSG00000274742	Metazoa_SRP	GroupA_exclusive	TK13	DEL			1	0
ENSG00000276532	Metazoa_SRP	GroupA_exclusive	TK14	DEL			1	0
ENSG00000276735	Metazoa_SRP	GroupA_exclusive	TK14	DEL			1	0
ENSG00000276839	Metazoa_SRP	GroupA_exclusive	TK14	DEL			1	0
ENSG00000277958	Metazoa_SRP	GroupA_exclusive	TK14	DEL			1	0
ENSG00000278702	Metazoa_SRP	GroupA_exclusive	TK16	DEL			1	0
ENSG00000139977	NAA30	GroupA_exclusive	TK14	DEL			1	0
ENSG00000148411	NACC2	GroupA_exclusive	TK14	DEL			1	0
ENSG00000152620	NADK2	GroupA_exclusive	TK14	DEL			1	0
ENSG00000245711	NADK2-AS1	GroupA_exclusive	TK14	DEL			1	0
ENSG00000231384	NAP1L5P1	GroupA_exclusive	TK16	DEL			1	0
ENSG00000105402	NAPA	GroupA_exclusive	TK13	DEL			1	0
ENSG00000268061	NAPA-AS1	GroupA_exclusive	TK13	DEL			1	0
ENSG00000134265	NAPG	GroupA_exclusive	TK14	DEL			1	0
ENSG00000266236	NARF-IT1	GroupA_exclusive	TK13	DEL			1	0
ENSG00000197927	NBEAP2	GroupA_exclusive	TK14	DEL			1	0
ENSG00000144959	NCEH1	GroupA_exclusive	TK16	DEL			1	0
ENSG00000173376	NDNF	GroupA_exclusive	TK16	DEL			1	0
ENSG00000119421	NDUFA8	GroupA_exclusive	TK14	DEL			1	0
ENSG00000003509	NDUFAF7	GroupA_exclusive	TK16	DEL			1	0
ENSG00000165264	NDUFB6	GroupA_exclusive	TK13	DEL			1	0
ENSG00000165030	NFIL3	GroupA_exclusive	TK14	DEL			1	0
ENSG00000066136	NFYC	GroupA_exclusive	TK13	DEL			1	0
ENSG00000136830	NIBAN2	GroupA_exclusive	TK13	DEL			1	0
ENSG00000164190	NIPBL	GroupA_exclusive	TK13	DEL			1	0
ENSG00000136783	NIPSNAP3A	GroupA_exclusive	TK13	DEL			1	0
ENSG00000150776	NKAPD1	GroupA_exclusive	TK13	DEL			1	0
ENSG00000153406	NMRAL1	GroupA_exclusive	TK16	DEL			1	0
ENSG00000055044	NOP58	GroupA_exclusive	TK13	DEL			1	0
ENSG00000025434	NR1H3	GroupA_exclusive	TK13	DEL			1	0
ENSG00000118257	NRP2	GroupA_exclusive	TK14	DEL			1	0
ENSG00000238251	NSA2P7	GroupA_exclusive	TK14	DEL			1	0
ENSG00000117697	NSL1	GroupA_exclusive	TK14	DEL			1	0
ENSG00000120526	NUDCD1	GroupA_exclusive	TK13	DEL			1	0
ENSG00000213965	NUDT19	GroupA_exclusive	TK16	DEL			1	0
ENSG00000234790	NUTF2P4	GroupA_exclusive	TK14	DEL			1	0
ENSG00000101888	NXT2	GroupA_exclusive	TK13	DEL			1	0
ENSG00000157181	ODR4	GroupA_exclusive	TK13	DEL			1	0
ENSG00000182057	OGFRP1	GroupA_exclusive	TK14	DEL			1	0
ENSG00000162745	OLFML2B	GroupA_exclusive	TK13	DEL			1	0
ENSG00000162600	OMA1	GroupA_exclusive	TK13	DEL			1	0
ENSG00000170356	OR2A20P	GroupA_exclusive	TK13	DEL			1	0
ENSG00000212807	OR2A42	GroupA_exclusive	TK13	DEL			1	0
ENSG00000243896	OR2A7	GroupA_exclusive	TK13	DEL			1	0
ENSG00000272963	OR7A19P	GroupA_exclusive	TK13	DEL			1	0
ENSG00000091651	ORC6	GroupA_exclusive	TK16	DEL			1	0
ENSG00000091039	OSBPL8	GroupA_exclusive	TK14	DEL			1	0
ENSG00000132823	OSER1	GroupA_exclusive	TK14	DEL			1	0
ENSG00000164823	OSGIN2	GroupA_exclusive	TK14	DEL			1	0
ENSG00000164164	OTUD4	GroupA_exclusive	TK14	DEL			1	0
ENSG00000264522	OTUD7B	GroupA_exclusive	TK16	DEL			1	0
ENSG00000248668	OXCT1-AS1	GroupA_exclusive	TK13	DEL			1	0
ENSG00000135124	P2RX4	GroupA_exclusive	TK13	DEL			1	0
ENSG00000089041	P2RX7	GroupA_exclusive	TK14	DEL			1	0
ENSG00000110811	P3H3	GroupA_exclusive	TK16	DEL			1	0
ENSG00000156504	PABIR2	GroupA_exclusive	TK14	DEL			1	0
ENSG00000179364	PACS2	GroupA_exclusive	TK13	DEL			1	0
ENSG00000142623	PADI1	GroupA_exclusive	TK16	DEL			1	0
ENSG00000117115	PADI2	GroupA_exclusive	TK16	DEL			1	0
ENSG00000174977	PAIP1P2	GroupA_exclusive	TK14	DEL			1	0
ENSG00000137843	PAK6	GroupA_exclusive	TK16	DEL			1	0
ENSG00000107719	PALD1	GroupA_exclusive	TK14	DEL			1	0
ENSG00000140694	PARN	GroupA_exclusive	TK13	DEL			1	0
ENSG00000185480	PARPBP	GroupA_exclusive	TK13	DEL			1	0
ENSG00000234650	PCCA-AS1	GroupA_exclusive	TK14	DEL			1	0
ENSG00000168300	PCMTD1	GroupA_exclusive	TK14	DEL			1	0
ENSG00000106333	PCOLCE	GroupA_exclusive	TK13	DEL			1	0
ENSG00000224729	PCOLCE-AS1	GroupA_exclusive	TK13	DEL			1	0
ENSG00000248485	PCP4L1	GroupA_exclusive	TK14	DEL			1	0
ENSG00000141179	PCTP	GroupA_exclusive	TK14	DEL			1	0
ENSG00000114209	PDCD10	GroupA_exclusive	TK14	DEL			1	0
ENSG00000150593	PDCD4	GroupA_exclusive	TK14	DEL			1	0
ENSG00000288622	PDCD6-AHRR	GroupA_exclusive	TK13	DEL			1	0
ENSG00000090470	PDCD7	GroupA_exclusive	TK14	DEL			1	0
ENSG00000236278	PEBP1P3	GroupA_exclusive	TK14	DEL			1	0
ENSG00000115425	PECR	GroupA_exclusive	TK13	DEL			1	0
ENSG00000133027	PEMT	GroupA_exclusive	TK13	DEL			1	0
ENSG00000127980	PEX1	GroupA_exclusive	TK14	DEL			1	0
ENSG00000034693	PEX3	GroupA_exclusive	TK14	DEL			1	0
ENSG00000113068	PFDN1	GroupA_exclusive	TK13	DEL			1	0
ENSG00000114268	PFKFB4	GroupA_exclusive	TK13	DEL			1	0
ENSG00000152556	PFKM	GroupA_exclusive	TK13	DEL			1	0
ENSG00000102144	PGK1	GroupA_exclusive	TK13	DEL			1	0
ENSG00000101856	PGRMC1	GroupA_exclusive	TK13	DEL			1	0
ENSG00000106443	PHF14	GroupA_exclusive	TK14	DEL			1	0
ENSG00000129292	PHF20L1	GroupA_exclusive	TK14	DEL			1	0
ENSG00000010318	PHF7	GroupA_exclusive	TK14	DEL			1	0
ENSG00000183506	PI4KAP2	GroupA_exclusive	TK14	DEL			1	0
ENSG00000083535	PIBF1	GroupA_exclusive	TK14	DEL			1	0
ENSG00000174227	PIGG	GroupA_exclusive	TK13	DEL			1	0
ENSG00000259657	PIGHP1	GroupA_exclusive	TK14	DEL			1	0
ENSG00000060642	PIGV	GroupA_exclusive	TK13	DEL			1	0
ENSG00000105851	PIK3CG	GroupA_exclusive	TK14	DEL			1	0
ENSG00000276293	PIP4K2B	GroupA_exclusive	TK14	DEL			1	0
ENSG00000180957	PITPNB	GroupA_exclusive	TK13	DEL			1	0
ENSG00000118762	PKD2	GroupA_exclusive	TK16	DEL			1	0
ENSG00000184381	PLA2G6	GroupA_exclusive	TK13	DEL			1	0
ENSG00000115896	PLCL1	GroupA_exclusive	TK13	DEL			1	0
ENSG00000169499	PLEKHA2	GroupA_exclusive	TK14	DEL			1	0
ENSG00000166689	PLEKHA7	GroupA_exclusive	TK13	DEL			1	0
ENSG00000225190	PLEKHM1	GroupA_exclusive	TK13	DEL			1	0
ENSG00000116786	PLEKHM2	GroupA_exclusive	TK13	DEL			1	0
ENSG00000147471	PLPBP	GroupA_exclusive	TK13	DEL			1	0
ENSG00000291154	PMS2P4	GroupA_exclusive	TK14	DEL			1	0
ENSG00000270344	POC1B-AS1	GroupA_exclusive	TK13	DEL			1	0
ENSG00000143157	POGK	GroupA_exclusive	TK14	DEL			1	0
ENSG00000101868	POLA1	GroupA_exclusive	TK13	DEL			1	0
ENSG00000100479	POLE2	GroupA_exclusive	TK14	DEL			1	0
ENSG00000203362	POLH-AS1	GroupA_exclusive	TK13	DEL			1	0
ENSG00000105849	POLR1F	GroupA_exclusive	TK14	DEL			1	0
ENSG00000013503	POLR3B	GroupA_exclusive	TK13	DEL			1	0
ENSG00000132664	POLR3F	GroupA_exclusive	TK16	DEL			1	0
ENSG00000132963	POMP	GroupA_exclusive	TK14	DEL			1	0
ENSG00000104356	POP1	GroupA_exclusive	TK16	DEL			1	0
ENSG00000172336	POP7	GroupA_exclusive	TK13	DEL			1	0
ENSG00000230911	PPIHP1	GroupA_exclusive	TK14	DEL			1	0
ENSG00000170836	PPM1D	GroupA_exclusive	TK16	DEL			1	0
ENSG00000155367	PPM1J	GroupA_exclusive	TK14	DEL			1	0
ENSG00000261595	PPM1J-DT	GroupA_exclusive	TK14	DEL			1	0
ENSG00000166143	PPP1R14D	GroupA_exclusive	TK13	DEL			1	0
ENSG00000250848	PPP4R2P1	GroupA_exclusive	TK13	DEL			1	0
ENSG00000170325	PRDM10	GroupA_exclusive	TK13	DEL			1	0
ENSG00000258136	PRDM4-AS1	GroupA_exclusive	TK13	DEL			1	0
ENSG00000146143	PRIM2	GroupA_exclusive	TK13	DEL			1	0
ENSG00000161542	PRPSAP1	GroupA_exclusive	TK14	DEL			1	0
ENSG00000223813	PRR15-DT	GroupA_exclusive	TK14	DEL			1	0
ENSG00000135069	PSAT1	GroupA_exclusive	TK14	DEL			1	0
ENSG00000277791	PSMB3	GroupA_exclusive	TK14	DEL			1	0
ENSG00000140368	PSTPIP1	GroupA_exclusive	TK14	DEL			1	0
ENSG00000188647	PTAR1	GroupA_exclusive	TK13	DEL			1	0
ENSG00000156471	PTDSS1	GroupA_exclusive	TK13	DEL			1	0
ENSG00000174915	PTDSS2	GroupA_exclusive	TK13	DEL			1	0
ENSG00000229204	PTGES3P3	GroupA_exclusive	TK13	DEL			1	0
ENSG00000119383	PTPA	GroupA_exclusive	TK14	DEL			1	0
ENSG00000143851	PTPN7	GroupA_exclusive	TK16	DEL			1	0
ENSG00000081237	PTPRC	GroupA_exclusive	TK14	DEL			1	0
ENSG00000150787	PTS	GroupA_exclusive	TK13	DEL			1	0
ENSG00000258571	PTTG4P	GroupA_exclusive	TK13	DEL			1	0
ENSG00000080608	PUM3	GroupA_exclusive	TK14	DEL			1	0
ENSG00000060749	QSER1	GroupA_exclusive	TK13	DEL			1	0
ENSG00000166024	R3HCC1L	GroupA_exclusive	TK13	DEL			1	0
ENSG00000172007	RAB33B	GroupA_exclusive	TK13	DEL			1	0
ENSG00000105649	RAB3A	GroupA_exclusive	TK16	DEL			1	0
ENSG00000115839	RAB3GAP1	GroupA_exclusive	TK13	DEL			1	0
ENSG00000175582	RAB6A	GroupA_exclusive	TK14	DEL			1	0
ENSG00000136933	RABEPK	GroupA_exclusive	TK13	DEL			1	0
ENSG00000051180	RAD51	GroupA_exclusive	TK13	DEL			1	0
ENSG00000085999	RAD54L	GroupA_exclusive	TK14	DEL			1	0
ENSG00000125249	RAP2A	GroupA_exclusive	TK14	DEL			1	0
ENSG00000089050	RBBP9	GroupA_exclusive	TK14	DEL			1	0
ENSG00000127993	RBM48	GroupA_exclusive	TK16	DEL			1	0
ENSG00000173914	RBM4B	GroupA_exclusive	TK14	DEL			1	0
ENSG00000134597	RBMX2	GroupA_exclusive	TK14	DEL			1	0
ENSG00000117906	RCN2	GroupA_exclusive	TK14	DEL			1	0
ENSG00000072042	RDH11	GroupA_exclusive	TK14	DEL			1	0
ENSG00000129625	REEP5	GroupA_exclusive	TK16	DEL			1	0
ENSG00000181826	RELL1	GroupA_exclusive	TK13	DEL			1	0
ENSG00000157916	RER1	GroupA_exclusive	TK13	DEL			1	0
ENSG00000174718	RESF1	GroupA_exclusive	TK14	DEL			1	0
ENSG00000005189	REXO5	GroupA_exclusive	TK13	DEL			1	0
ENSG00000035928	RFC1	GroupA_exclusive	TK14	DEL			1	0
ENSG00000049541	RFC2	GroupA_exclusive	TK13	DEL			1	0
ENSG00000135002	RFK	GroupA_exclusive	TK13	DEL			1	0
ENSG00000230769	RFKP4	GroupA_exclusive	TK14	DEL			1	0
ENSG00000178882	RFLNA	GroupA_exclusive	TK14	DEL			1	0
ENSG00000163933	RFT1	GroupA_exclusive	TK14	DEL			1	0
ENSG00000143333	RGS16	GroupA_exclusive	TK14	DEL			1	0
ENSG00000135824	RGS8	GroupA_exclusive	TK14	DEL			1	0
ENSG00000144468	RHBDD1	GroupA_exclusive	TK14	DEL			1	0
ENSG00000188672	RHCE	GroupA_exclusive	TK14	DEL			1	0
ENSG00000168421	RHOH	GroupA_exclusive	TK13	DEL			1	0
ENSG00000282933	RHOXF1P3	GroupA_exclusive	TK14	DEL			1	0
ENSG00000100599	RIN3	GroupA_exclusive	TK16	DEL			1	0
ENSG00000202406	RN7SKP187	GroupA_exclusive	TK13	DEL			1	0
ENSG00000223324	RN7SKP273	GroupA_exclusive	TK14	DEL			1	0
ENSG00000252464	RN7SKP70	GroupA_exclusive	TK14	DEL			1	0
ENSG00000199883	RN7SKP90	GroupA_exclusive	TK13	DEL			1	0
ENSG00000266863	RN7SL123P	GroupA_exclusive	TK14	DEL			1	0
ENSG00000244256	RN7SL130P	GroupA_exclusive	TK14	DEL			1	0
ENSG00000241188	RN7SL165P	GroupA_exclusive	TK13	DEL			1	0
ENSG00000243005	RN7SL16P	GroupA_exclusive	TK16	DEL			1	0
ENSG00000243373	RN7SL173P	GroupA_exclusive	TK13	DEL			1	0
ENSG00000241461	RN7SL182P	GroupA_exclusive	TK14	DEL			1	0
ENSG00000242101	RN7SL416P	GroupA_exclusive	TK13	DEL			1	0
ENSG00000263410	RN7SL460P	GroupA_exclusive	TK13	DEL			1	0
ENSG00000265802	RN7SL49P	GroupA_exclusive	TK13	DEL			1	0
ENSG00000264978	RN7SL630P	GroupA_exclusive	TK13	DEL			1	0
ENSG00000264028	RN7SL744P	GroupA_exclusive	TK13	DEL			1	0
ENSG00000263882	RN7SL774P	GroupA_exclusive	TK14	DEL			1	0
ENSG00000242876	RN7SL812P	GroupA_exclusive	TK13	DEL			1	0
ENSG00000251785	RNA5SP20	GroupA_exclusive	TK14	DEL			1	0
ENSG00000222955	RNA5SP265	GroupA_exclusive	TK14	DEL			1	0
ENSG00000199733	RNA5SP307	GroupA_exclusive	TK14	DEL			1	0
ENSG00000272253	RNA5SP386	GroupA_exclusive	TK16	DEL			1	0
ENSG00000251829	RNA5SP436	GroupA_exclusive	TK14	DEL			1	0
ENSG00000274164	RNA5SP439	GroupA_exclusive	TK13	DEL			1	0
ENSG00000223138	RNA5SP450	GroupA_exclusive	TK14	DEL			1	0
ENSG00000135828	RNASEL	GroupA_exclusive	TK14	DEL			1	0
ENSG00000115963	RND3	GroupA_exclusive	TK14	DEL			1	0
ENSG00000110315	RNF141	GroupA_exclusive	TK13	DEL			1	0
ENSG00000231381	RNF2P1	GroupA_exclusive	TK14	DEL			1	0
ENSG00000189050	RNFT1	GroupA_exclusive	TK13	DEL			1	0
ENSG00000206687	RNU1-109P	GroupA_exclusive	TK14	DEL			1	0
ENSG00000206698	RNU1-73P	GroupA_exclusive	TK13	DEL			1	0
ENSG00000222810	RNU2-68P	GroupA_exclusive	TK14	DEL			1	0
ENSG00000199672	RNU4-21P	GroupA_exclusive	TK14	DEL			1	0
ENSG00000201435	RNU4-24P	GroupA_exclusive	TK14	DEL			1	0
ENSG00000201458	RNU4-4P	GroupA_exclusive	TK13	DEL			1	0
ENSG00000207194	RNU6-1026P	GroupA_exclusive	TK14	DEL			1	0
ENSG00000206635	RNU6-1062P	GroupA_exclusive	TK13	DEL			1	0
ENSG00000222743	RNU6-1190P	GroupA_exclusive	TK14	DEL			1	0
ENSG00000252994	RNU6-1231P	GroupA_exclusive	TK14	DEL			1	0
ENSG00000252026	RNU6-1262P	GroupA_exclusive	TK16	DEL			1	0
ENSG00000202089	RNU6-1306P	GroupA_exclusive	TK13	DEL			1	0
ENSG00000251807	RNU6-202P	GroupA_exclusive	TK13	DEL			1	0
ENSG00000200247	RNU6-254P	GroupA_exclusive	TK13	DEL			1	0
ENSG00000222249	RNU6-262P	GroupA_exclusive	TK13	DEL			1	0
ENSG00000253739	RNU6-323P	GroupA_exclusive	TK14	DEL			1	0
ENSG00000206675	RNU6-32P	GroupA_exclusive	TK14	DEL			1	0
ENSG00000207052	RNU6-378P	GroupA_exclusive	TK14	DEL			1	0
ENSG00000212526	RNU6-466P	GroupA_exclusive	TK13	DEL			1	0
ENSG00000252157	RNU6-479P	GroupA_exclusive	TK14	DEL			1	0
ENSG00000206921	RNU6-481P	GroupA_exclusive	TK14	DEL			1	0
ENSG00000206888	RNU6-48P	GroupA_exclusive	TK14	DEL			1	0
ENSG00000252082	RNU6-547P	GroupA_exclusive	TK16	DEL			1	0
ENSG00000201662	RNU6-60P	GroupA_exclusive	TK13	DEL			1	0
ENSG00000200013	RNU6-623P	GroupA_exclusive	TK16	DEL			1	0
ENSG00000212457	RNU6-644P	GroupA_exclusive	TK14	DEL			1	0
ENSG00000200906	RNU6-854P	GroupA_exclusive	TK13	DEL			1	0
ENSG00000274607	RNU6-866P	GroupA_exclusive	TK14	DEL			1	0
ENSG00000238444	RNU6-893P	GroupA_exclusive	TK14	DEL			1	0
ENSG00000252804	RNU6-958P	GroupA_exclusive	TK13	DEL			1	0
ENSG00000200257	RNU6-97P	GroupA_exclusive	TK13	DEL			1	0
ENSG00000221518	RNU6ATAC16P	GroupA_exclusive	TK14	DEL			1	0
ENSG00000252003	RNU7-154P	GroupA_exclusive	TK13	DEL			1	0
ENSG00000239082	RNU7-170P	GroupA_exclusive	TK14	DEL			1	0
ENSG00000252429	RNU7-29P	GroupA_exclusive	TK13	DEL			1	0
ENSG00000200138	RNY1P10	GroupA_exclusive	TK14	DEL			1	0
ENSG00000199933	RNY1P16	GroupA_exclusive	TK14	DEL			1	0
ENSG00000255156	RNY1P9	GroupA_exclusive	TK13	DEL			1	0
ENSG00000199400	RNY4P19	GroupA_exclusive	TK13	DEL			1	0
ENSG00000238711	RNY4P25	GroupA_exclusive	TK14	DEL			1	0
ENSG00000169855	ROBO1	GroupA_exclusive	TK14	DEL			1	0
ENSG00000197713	RPE	GroupA_exclusive	TK14	DEL			1	0
ENSG00000117133	RPF1	GroupA_exclusive	TK14	DEL			1	0
ENSG00000233913	RPL10P9	GroupA_exclusive	TK13	DEL			1	0
ENSG00000236047	RPL13AP12	GroupA_exclusive	TK14	DEL			1	0
ENSG00000241651	RPL15P8	GroupA_exclusive	TK14	DEL			1	0
ENSG00000235018	RPL17P48	GroupA_exclusive	TK16	DEL			1	0
ENSG00000122026	RPL21	GroupA_exclusive	TK16	DEL			1	0
ENSG00000214760	RPL21P1	GroupA_exclusive	TK14	DEL			1	0
ENSG00000220749	RPL21P28	GroupA_exclusive	TK14	DEL			1	0
ENSG00000242602	RPL35AP13	GroupA_exclusive	TK14	DEL			1	0
ENSG00000243404	RPL35AP32	GroupA_exclusive	TK16	DEL			1	0
ENSG00000224476	RPL36P16	GroupA_exclusive	TK13	DEL			1	0
ENSG00000230071	RPL4P6	GroupA_exclusive	TK14	DEL			1	0
ENSG00000240821	RPL9P25	GroupA_exclusive	TK16	DEL			1	0
ENSG00000243686	RPLP1P11	GroupA_exclusive	TK13	DEL			1	0
ENSG00000101413	RPRD1B	GroupA_exclusive	TK13	DEL			1	0
ENSG00000225193	RPS12P26	GroupA_exclusive	TK14	DEL			1	0
ENSG00000240494	RPS12P28	GroupA_exclusive	TK13	DEL			1	0
ENSG00000270285	RPS27P30	GroupA_exclusive	TK14	DEL			1	0
ENSG00000241913	RPS29P21	GroupA_exclusive	TK13	DEL			1	0
ENSG00000227032	RPS2P36	GroupA_exclusive	TK13	DEL			1	0
ENSG00000213757	RPS3AP20	GroupA_exclusive	TK14	DEL			1	0
ENSG00000229057	RPS3AP54	GroupA_exclusive	TK14	DEL			1	0
ENSG00000186008	RPS4XP21	GroupA_exclusive	TK13	DEL			1	0
ENSG00000224598	RPS5P2	GroupA_exclusive	TK13	DEL			1	0
ENSG00000071242	RPS6KA2	GroupA_exclusive	TK13	DEL			1	0
ENSG00000162302	RPS6KA4	GroupA_exclusive	TK13	DEL			1	0
ENSG00000108443	RPS6KB1	GroupA_exclusive	TK13	DEL			1	0
ENSG00000263266	RPS7P1	GroupA_exclusive	TK13	DEL			1	0
ENSG00000239626	RPSAP41	GroupA_exclusive	TK14	DEL			1	0
ENSG00000236484	RRM2P2	GroupA_exclusive	TK14	DEL			1	0
ENSG00000160214	RRP1	GroupA_exclusive	TK16	DEL			1	0
ENSG00000081019	RSBN1	GroupA_exclusive	TK14	DEL			1	0
ENSG00000137996	RTCA	GroupA_exclusive	TK13	DEL			1	0
ENSG00000186907	RTN4RL2	GroupA_exclusive	TK13	DEL			1	0
ENSG00000176783	RUFY1	GroupA_exclusive	TK13	DEL			1	0
ENSG00000182552	RWDD4	GroupA_exclusive	TK14	DEL			1	0
ENSG00000118600	RXYLT1	GroupA_exclusive	TK13	DEL			1	0
ENSG00000255850	RXYLT1-AS1	GroupA_exclusive	TK13	DEL			1	0
ENSG00000205307	SAP25	GroupA_exclusive	TK13	DEL			1	0
ENSG00000164576	SAP30L	GroupA_exclusive	TK13	DEL			1	0
ENSG00000112167	SAYSD1	GroupA_exclusive	TK14	DEL			1	0
ENSG00000251866	SCARNA21B	GroupA_exclusive	TK16	DEL			1	0
ENSG00000151466	SCLT1	GroupA_exclusive	TK14	DEL			1	0
ENSG00000047634	SCML1	GroupA_exclusive	TK14	DEL			1	0
ENSG00000153253	SCN3A	GroupA_exclusive	TK16	DEL			1	0
ENSG00000144306	SCRN3	GroupA_exclusive	TK13	DEL			1	0
ENSG00000232871	SEC1P	GroupA_exclusive	TK13	DEL			1	0
ENSG00000228057	SEC63P1	GroupA_exclusive	TK14	DEL			1	0
ENSG00000183291	SELENOF	GroupA_exclusive	TK13	DEL			1	0
ENSG00000079387	SENP1	GroupA_exclusive	TK16	DEL			1	0
ENSG00000138468	SENP7	GroupA_exclusive	TK13	DEL			1	0
ENSG00000168385	SEPTIN2	GroupA_exclusive	TK13	DEL			1	0
ENSG00000145391	SETD7	GroupA_exclusive	TK14	DEL			1	0
ENSG00000143379	SETDB1	GroupA_exclusive	TK13	DEL			1	0
ENSG00000163935	SFMBT1	GroupA_exclusive	TK14	DEL			1	0
ENSG00000145423	SFRP2	GroupA_exclusive	TK13	DEL			1	0
ENSG00000061936	SFSWAP	GroupA_exclusive	TK13	DEL			1	0
ENSG00000198818	SFT2D1	GroupA_exclusive	TK14	DEL			1	0
ENSG00000111252	SH2B3	GroupA_exclusive	TK14	DEL			1	0
ENSG00000131370	SH3BP5	GroupA_exclusive	TK14	DEL			1	0
ENSG00000129214	SHBG	GroupA_exclusive	TK14	DEL			1	0
ENSG00000259096	SHLD2P2	GroupA_exclusive	TK14	DEL			1	0
ENSG00000146414	SHPRH	GroupA_exclusive	TK14	DEL			1	0
ENSG00000052723	SIKE1	GroupA_exclusive	TK13	DEL			1	0
ENSG00000142082	SIRT3	GroupA_exclusive	TK14	DEL			1	0
ENSG00000124523	SIRT5	GroupA_exclusive	TK13	DEL			1	0
ENSG00000113504	SLC12A7	GroupA_exclusive	TK13	DEL			1	0
ENSG00000007216	SLC13A2	GroupA_exclusive	TK13	DEL			1	0
ENSG00000163053	SLC16A14	GroupA_exclusive	TK13	DEL			1	0
ENSG00000146409	SLC18B1	GroupA_exclusive	TK14	DEL			1	0
ENSG00000137266	SLC22A23	GroupA_exclusive	TK13	DEL			1	0
ENSG00000100372	SLC25A17	GroupA_exclusive	TK14	DEL			1	0
ENSG00000267323	SLC25A1P5	GroupA_exclusive	TK14	DEL			1	0
ENSG00000171612	SLC25A33	GroupA_exclusive	TK14	DEL			1	0
ENSG00000254088	SLC2A3P4	GroupA_exclusive	TK14	DEL			1	0
ENSG00000136856	SLC2A8	GroupA_exclusive	TK13	DEL			1	0
ENSG00000177058	SLC38A9	GroupA_exclusive	TK13	DEL			1	0
ENSG00000029364	SLC39A9	GroupA_exclusive	TK14	DEL			1	0
ENSG00000134802	SLC43A3	GroupA_exclusive	TK16	DEL			1	0
ENSG00000040487	SLC66A1	GroupA_exclusive	TK14	DEL			1	0
ENSG00000151012	SLC7A11	GroupA_exclusive	TK14	DEL			1	0
ENSG00000103061	SLC7A6OS	GroupA_exclusive	TK16	DEL			1	0
ENSG00000164038	SLC9B2	GroupA_exclusive	TK14	DEL			1	0
ENSG00000119906	SLF2	GroupA_exclusive	TK14	DEL			1	0
ENSG00000184347	SLIT3	GroupA_exclusive	TK13	DEL			1	0
ENSG00000254042	SLIT3-AS2	GroupA_exclusive	TK13	DEL			1	0
ENSG00000163104	SMARCAD1	GroupA_exclusive	TK14	DEL			1	0
ENSG00000163029	SMC6	GroupA_exclusive	TK13	DEL			1	0
ENSG00000101596	SMCHD1	GroupA_exclusive	TK13	DEL			1	0
ENSG00000267444	SMUG1P1	GroupA_exclusive	TK13	DEL			1	0
ENSG00000108854	SMURF2	GroupA_exclusive	TK13	DEL			1	0
ENSG00000174446	SNAPC5	GroupA_exclusive	TK16	DEL			1	0
ENSG00000207181	SNORA14B	GroupA_exclusive	TK13	DEL			1	0
ENSG00000201544	SNORA16B	GroupA_exclusive	TK13	DEL			1	0
ENSG00000200677	SNORD18	GroupA_exclusive	TK14	DEL			1	0
ENSG00000212295	SNORD28B	GroupA_exclusive	TK16	DEL			1	0
ENSG00000270585	SNX2P1	GroupA_exclusive	TK14	DEL			1	0
ENSG00000267920	SNX6P1	GroupA_exclusive	TK13	DEL			1	0
ENSG00000106266	SNX8	GroupA_exclusive	TK14	DEL			1	0
ENSG00000057252	SOAT1	GroupA_exclusive	TK16	DEL			1	0
ENSG00000159140	SON	GroupA_exclusive	TK13	DEL			1	0
ENSG00000100485	SOS2	GroupA_exclusive	TK13	DEL			1	0
ENSG00000076382	SPAG5	GroupA_exclusive	TK13	DEL			1	0
ENSG00000227543	SPAG5-AS1	GroupA_exclusive	TK13	DEL			1	0
ENSG00000021574	SPAST	GroupA_exclusive	TK13	DEL			1	0
ENSG00000170469	SPATA24	GroupA_exclusive	TK16	DEL			1	0
ENSG00000145375	SPATA5	GroupA_exclusive	TK14	DEL			1	0
ENSG00000227790	SPECC1P1	GroupA_exclusive	TK14	DEL			1	0
ENSG00000104133	SPG11	GroupA_exclusive	TK13	DEL			1	0
ENSG00000164808	SPIDR	GroupA_exclusive	TK13	DEL			1	0
ENSG00000121067	SPOP	GroupA_exclusive	TK13	DEL			1	0
ENSG00000196369	SRGAP2B	GroupA_exclusive	TK14	DEL			1	0
ENSG00000188529	SRSF10	GroupA_exclusive	TK14	DEL			1	0
ENSG00000114850	SSR3	GroupA_exclusive	TK14	DEL			1	0
ENSG00000113532	ST8SIA4	GroupA_exclusive	TK13	DEL			1	0
ENSG00000106610	STAG3L4	GroupA_exclusive	TK13	DEL			1	0
ENSG00000291153	STAG3L4	GroupA_exclusive	TK13	DEL			1	0
ENSG00000130052	STARD8	GroupA_exclusive	TK13	DEL			1	0
ENSG00000113739	STC2	GroupA_exclusive	TK14	DEL			1	0
ENSG00000115107	STEAP3	GroupA_exclusive	TK13	DEL			1	0
ENSG00000068781	STON1-GTF2A1L	GroupA_exclusive	TK13	DEL			1	0
ENSG00000023734	STRAP	GroupA_exclusive	TK16	DEL			1	0
ENSG00000104915	STX10	GroupA_exclusive	TK16	DEL			1	0
ENSG00000254995	STX16-NPEPL1	GroupA_exclusive	TK14	DEL			1	0
ENSG00000127952	STYXL1	GroupA_exclusive	TK13	DEL			1	0
ENSG00000260247	SUB1P4	GroupA_exclusive	TK16	DEL			1	0
ENSG00000213246	SUPT4H1	GroupA_exclusive	TK13	DEL			1	0
ENSG00000100647	SUSD6	GroupA_exclusive	TK13	DEL			1	0
ENSG00000152455	SUV39H2	GroupA_exclusive	TK14	DEL			1	0
ENSG00000136463	TACO1	GroupA_exclusive	TK16	DEL			1	0
ENSG00000273841	TAF9	GroupA_exclusive	TK14	DEL			1	0
ENSG00000184599	TAFA3	GroupA_exclusive	TK14	DEL			1	0
ENSG00000059588	TARBP1	GroupA_exclusive	TK13	DEL			1	0
ENSG00000068354	TBC1D25	GroupA_exclusive	TK13	DEL			1	0
ENSG00000214946	TBC1D26	GroupA_exclusive	TK14	DEL			1	0
ENSG00000233002	TBC1D26-AS1	GroupA_exclusive	TK14	DEL			1	0
ENSG00000189375	TBC1D28	GroupA_exclusive	TK14	DEL			1	0
ENSG00000267104	TBC1D3P1-DHX40P1	GroupA_exclusive	TK13	DEL			1	0
ENSG00000204634	TBC1D8	GroupA_exclusive	TK13	DEL			1	0
ENSG00000285509	TBCEL-TECTA	GroupA_exclusive	TK16	DEL			1	0
ENSG00000254274	TDGF1P5	GroupA_exclusive	TK13	DEL			1	0
ENSG00000083544	TDRD3	GroupA_exclusive	TK13	DEL			1	0
ENSG00000164329	TENT2	GroupA_exclusive	TK13	DEL			1	0
ENSG00000132604	TERF2	GroupA_exclusive	TK14	DEL			1	0
ENSG00000070759	TESK2	GroupA_exclusive	TK14	DEL			1	0
ENSG00000198176	TFDP1	GroupA_exclusive	TK16	DEL			1	0
ENSG00000114126	TFDP2	GroupA_exclusive	TK14	DEL			1	0
ENSG00000106327	TFR2	GroupA_exclusive	TK13	DEL			1	0
ENSG00000137574	TGS1	GroupA_exclusive	TK13	DEL			1	0
ENSG00000115970	THADA	GroupA_exclusive	TK13	DEL			1	0
ENSG00000137492	THAP12	GroupA_exclusive	TK13	DEL			1	0
ENSG00000177683	THAP5	GroupA_exclusive	TK16	DEL			1	0
ENSG00000161277	THAP8	GroupA_exclusive	TK13	DEL			1	0
ENSG00000172673	THEMIS	GroupA_exclusive	TK13	DEL			1	0
ENSG00000156299	TIAM1	GroupA_exclusive	TK16	DEL			1	0
ENSG00000075336	TIMM21	GroupA_exclusive	TK14	DEL			1	0
ENSG00000100575	TIMM9	GroupA_exclusive	TK14	DEL			1	0
ENSG00000150455	TIRAP	GroupA_exclusive	TK13	DEL			1	0
ENSG00000169490	TM2D2	GroupA_exclusive	TK16	DEL			1	0
ENSG00000132406	TMEM128	GroupA_exclusive	TK13	DEL			1	0
ENSG00000121210	TMEM131L	GroupA_exclusive	TK13	DEL			1	0
ENSG00000166575	TMEM135	GroupA_exclusive	TK14	DEL			1	0
ENSG00000164168	TMEM184C	GroupA_exclusive	TK13	DEL			1	0
ENSG00000170088	TMEM192	GroupA_exclusive	TK14	DEL			1	0
ENSG00000186501	TMEM222	GroupA_exclusive	TK14	DEL			1	0
ENSG00000183726	TMEM50A	GroupA_exclusive	TK14	DEL			1	0
ENSG00000238164	TNFRSF14-AS1	GroupA_exclusive	TK13	DEL			1	0
ENSG00000083312	TNPO1	GroupA_exclusive	TK14	DEL			1	0
ENSG00000100284	TOM1	GroupA_exclusive	TK13	DEL			1	0
ENSG00000173726	TOMM20	GroupA_exclusive	TK13	DEL			1	0
ENSG00000197579	TOPORS	GroupA_exclusive	TK13	DEL			1	0
ENSG00000171368	TPPP	GroupA_exclusive	TK16	DEL			1	0
ENSG00000186854	TRABD2A	GroupA_exclusive	TK13	DEL			1	0
ENSG00000225791	TRAM2-AS1	GroupA_exclusive	TK14	DEL			1	0
ENSG00000171853	TRAPPC12	GroupA_exclusive	TK13	DEL			1	0
ENSG00000054116	TRAPPC3	GroupA_exclusive	TK14	DEL			1	0
ENSG00000211751	TRBC1	GroupA_exclusive	TK16	DEL			1	0
ENSG00000282320	TRBJ1-1	GroupA_exclusive	TK16	DEL			1	0
ENSG00000282420	TRBJ1-2	GroupA_exclusive	TK16	DEL			1	0
ENSG00000282133	TRBJ1-3	GroupA_exclusive	TK16	DEL			1	0
ENSG00000281958	TRBJ1-4	GroupA_exclusive	TK16	DEL			1	0
ENSG00000282173	TRBJ1-5	GroupA_exclusive	TK16	DEL			1	0
ENSG00000282780	TRBJ1-6	GroupA_exclusive	TK16	DEL			1	0
ENSG00000211764	TRBJ2-1	GroupA_exclusive	TK16	DEL			1	0
ENSG00000211765	TRBJ2-2	GroupA_exclusive	TK16	DEL			1	0
ENSG00000211766	TRBJ2-2P	GroupA_exclusive	TK16	DEL			1	0
ENSG00000211767	TRBJ2-3	GroupA_exclusive	TK16	DEL			1	0
ENSG00000221926	TRIM16	GroupA_exclusive	TK14	DEL			1	0
ENSG00000225839	TRMT2B-AS1	GroupA_exclusive	TK13	DEL			1	0
ENSG00000089195	TRMT6	GroupA_exclusive	TK16	DEL			1	0
ENSG00000180098	TRNAU1AP	GroupA_exclusive	TK13	DEL			1	0
ENSG00000119121	TRPM6	GroupA_exclusive	TK14	DEL			1	0
ENSG00000100300	TSPO	GroupA_exclusive	TK13	DEL			1	0
ENSG00000100154	TTC28	GroupA_exclusive	TK14	DEL			1	0
ENSG00000116830	TTF2	GroupA_exclusive	TK14	DEL			1	0
ENSG00000237972	TUBG1P	GroupA_exclusive	TK14	DEL			1	0
ENSG00000166676	TVP23A	GroupA_exclusive	TK14	DEL			1	0
ENSG00000171928	TVP23B	GroupA_exclusive	TK14	DEL			1	0
ENSG00000247596	TWF2	GroupA_exclusive	TK14	DEL			1	0
ENSG00000243224	TWF2-DT	GroupA_exclusive	TK16	DEL			1	0
ENSG00000100348	TXN2	GroupA_exclusive	TK14	DEL			1	0
ENSG00000228369	TXNDC12-AS1	GroupA_exclusive	TK14	DEL			1	0
ENSG00000141759	TXNL4A	GroupA_exclusive	TK14	DEL			1	0
ENSG00000162623	TYW3	GroupA_exclusive	TK14	DEL			1	0
ENSG00000271817	U3	GroupA_exclusive	TK14	DEL			1	0
ENSG00000243498	UBA52P5	GroupA_exclusive	TK13	DEL			1	0
ENSG00000033178	UBA6	GroupA_exclusive	TK16	DEL			1	0
ENSG00000250384	UBE2CP3	GroupA_exclusive	TK13	DEL			1	0
ENSG00000132388	UBE2G1	GroupA_exclusive	TK14	DEL			1	0
ENSG00000224126	UBE2SP2	GroupA_exclusive	TK14	DEL			1	0
ENSG00000024048	UBR2	GroupA_exclusive	TK13	DEL			1	0
ENSG00000012963	UBR7	GroupA_exclusive	TK13	DEL			1	0
ENSG00000158062	UBXN11	GroupA_exclusive	TK14	DEL			1	0
ENSG00000109814	UGDH	GroupA_exclusive	TK16	DEL			1	0
ENSG00000136731	UGGT1	GroupA_exclusive	TK14	DEL			1	0
ENSG00000147854	UHRF2	GroupA_exclusive	TK13	DEL			1	0
ENSG00000106608	URGCP	GroupA_exclusive	TK14	DEL			1	0
ENSG00000118369	USP35	GroupA_exclusive	TK13	DEL			1	0
ENSG00000103043	VAC14	GroupA_exclusive	TK14	DEL			1	0
ENSG00000101558	VAPA	GroupA_exclusive	TK14	DEL			1	0
ENSG00000124164	VAPB	GroupA_exclusive	TK16	DEL			1	0
ENSG00000168140	VASN	GroupA_exclusive	TK14	DEL			1	0
ENSG00000100483	VCPKMT	GroupA_exclusive	TK16	DEL			1	0
ENSG00000224072	VEZTP1	GroupA_exclusive	TK14	DEL			1	0
ENSG00000122958	VPS26A	GroupA_exclusive	TK14	DEL			1	0
ENSG00000224895	VPS26BP1	GroupA_exclusive	TK14	DEL			1	0
ENSG00000103544	VPS35L	GroupA_exclusive	TK14	DEL			1	0
ENSG00000166272	WBP1L	GroupA_exclusive	TK14	DEL			1	0
ENSG00000120688	WBP4	GroupA_exclusive	TK16	DEL			1	0
ENSG00000085449	WDFY1	GroupA_exclusive	TK13	DEL			1	0
ENSG00000157796	WDR19	GroupA_exclusive	TK16	DEL			1	0
ENSG00000160193	WDR4	GroupA_exclusive	TK14	DEL			1	0
ENSG00000163811	WDR43	GroupA_exclusive	TK16	DEL			1	0
ENSG00000120314	WDR55	GroupA_exclusive	TK16	DEL			1	0
ENSG00000157954	WIPI2	GroupA_exclusive	TK14	DEL			1	0
ENSG00000111186	WNT5B	GroupA_exclusive	TK14	DEL			1	0
ENSG00000116213	WRAP73	GroupA_exclusive	TK13	DEL			1	0
ENSG00000249947	XBP1P1	GroupA_exclusive	TK16	DEL			1	0
ENSG00000119801	YPEL5	GroupA_exclusive	TK14	DEL			1	0
ENSG00000047188	YTHDC2	GroupA_exclusive	TK13	DEL			1	0
ENSG00000249986	YWHAQP6	GroupA_exclusive	TK16	DEL			1	0
ENSG00000230661	YY1P1	GroupA_exclusive	TK14	DEL			1	0
ENSG00000199331	Y_RNA	GroupA_exclusive	TK14	DEL			1	0
ENSG00000200170	Y_RNA	GroupA_exclusive	TK14	DEL			1	0
ENSG00000200884	Y_RNA	GroupA_exclusive	TK16	DEL			1	0
ENSG00000200922	Y_RNA	GroupA_exclusive	TK14	DEL			1	0
ENSG00000201013	Y_RNA	GroupA_exclusive	TK14	DEL			1	0
ENSG00000201412	Y_RNA	GroupA_exclusive	TK14	DEL			1	0
ENSG00000201916	Y_RNA	GroupA_exclusive	TK13	DEL			1	0
ENSG00000202345	Y_RNA	GroupA_exclusive	TK13	DEL			1	0
ENSG00000206704	Y_RNA	GroupA_exclusive	TK13	DEL			1	0
ENSG00000206768	Y_RNA	GroupA_exclusive	TK14	DEL			1	0
ENSG00000206824	Y_RNA	GroupA_exclusive	TK13	DEL			1	0
ENSG00000207356	Y_RNA	GroupA_exclusive	TK13	DEL			1	0
ENSG00000207525	Y_RNA	GroupA_exclusive	TK13	DEL			1	0
ENSG00000222430	Y_RNA	GroupA_exclusive	TK13	DEL			1	0
ENSG00000251779	Y_RNA	GroupA_exclusive	TK14	DEL			1	0
ENSG00000252021	Y_RNA	GroupA_exclusive	TK13	DEL			1	0
ENSG00000252341	Y_RNA	GroupA_exclusive	TK13	DEL			1	0
ENSG00000146839	ZAN	GroupA_exclusive	TK13	DEL			1	0
ENSG00000177311	ZBTB38	GroupA_exclusive	TK16	DEL			1	0
ENSG00000184677	ZBTB40	GroupA_exclusive	TK14	DEL			1	0
ENSG00000122299	ZC3H7A	GroupA_exclusive	TK13	DEL			1	0
ENSG00000100403	ZC3H7B	GroupA_exclusive	TK13	DEL			1	0
ENSG00000144161	ZC3H8	GroupA_exclusive	TK14	DEL			1	0
ENSG00000163812	ZDHHC3	GroupA_exclusive	TK13	DEL			1	0
ENSG00000099904	ZDHHC8	GroupA_exclusive	TK13	DEL			1	0
ENSG00000086666	ZFAND6	GroupA_exclusive	TK14	DEL			1	0
ENSG00000133858	ZFC3H1	GroupA_exclusive	TK16	DEL			1	0
ENSG00000196670	ZFP62	GroupA_exclusive	TK14	DEL			1	0
ENSG00000259305	ZHX1-C8orf76	GroupA_exclusive	TK13	DEL			1	0
ENSG00000106261	ZKSCAN1	GroupA_exclusive	TK13	DEL			1	0
ENSG00000198315	ZKSCAN8	GroupA_exclusive	TK13	DEL			1	0
ENSG00000197020	ZNF100	GroupA_exclusive	TK14	DEL			1	0
ENSG00000181896	ZNF101	GroupA_exclusive	TK13	DEL			1	0
ENSG00000197961	ZNF121	GroupA_exclusive	TK16	DEL			1	0
ENSG00000167384	ZNF180	GroupA_exclusive	TK13	DEL			1	0
ENSG00000170260	ZNF212	GroupA_exclusive	TK14	DEL			1	0
ENSG00000131115	ZNF227	GroupA_exclusive	TK13	DEL			1	0
ENSG00000159917	ZNF235	GroupA_exclusive	TK16	DEL			1	0
ENSG00000063587	ZNF275	GroupA_exclusive	TK14	DEL			1	0
ENSG00000198839	ZNF277	GroupA_exclusive	TK13	DEL			1	0
ENSG00000255104	ZNF286A-TBC1D26	GroupA_exclusive	TK14	DEL			1	0
ENSG00000249459	ZNF286B	GroupA_exclusive	TK14	DEL			1	0
ENSG00000290687	ZNF286B	GroupA_exclusive	TK14	DEL			1	0
ENSG00000108452	ZNF29P	GroupA_exclusive	TK14	DEL			1	0
ENSG00000165244	ZNF367	GroupA_exclusive	TK14	DEL			1	0
ENSG00000226803	ZNF451-AS1	GroupA_exclusive	TK13	DEL			1	0
ENSG00000142528	ZNF473	GroupA_exclusive	TK16	DEL			1	0
ENSG00000101493	ZNF516	GroupA_exclusive	TK13	DEL			1	0
ENSG00000186020	ZNF529	GroupA_exclusive	TK13	DEL			1	0
ENSG00000196437	ZNF569	GroupA_exclusive	TK13	DEL			1	0
ENSG00000121864	ZNF639	GroupA_exclusive	TK16	DEL			1	0
ENSG00000122482	ZNF644	GroupA_exclusive	TK16	DEL			1	0
ENSG00000269067	ZNF728	GroupA_exclusive	TK13	DEL			1	0
ENSG00000183850	ZNF730	GroupA_exclusive	TK13	DEL			1	0
ENSG00000105750	ZNF85	GroupA_exclusive	TK14	DEL			1	0
ENSG00000106479	ZNF862	GroupA_exclusive	TK13	DEL			1	0
ENSG00000184635	ZNF93	GroupA_exclusive	TK14	DEL			1	0
ENSG00000172785	ZNG1A	GroupA_exclusive	TK13	DEL			1	0
ENSG00000273611	ZNHIT3	GroupA_exclusive	TK13	DEL			1	0
ENSG00000121988	ZRANB3	GroupA_exclusive	TK13	DEL			1	0
ENSG00000235430	ZSWIM5P1	GroupA_exclusive	TK14	DEL			1	0
ENSG00000036549	ZZZ3	GroupA_exclusive	TK14	DEL			1	0
