gene_id	gene_name	category	groupA_samples	groupA_vtypes	groupB_samples	groupB_vtypes	n_groupA_samples	n_groupB_samples
ENSG00000112304	ACOT13	GroupB_exclusive			TK12,TK13,TK14	DEL	0	3
ENSG00000138028	CGREF1	GroupB_exclusive			TK12,TK13,TK14	DEL	0	3
ENSG00000100418	DESI1	GroupB_exclusive			TK12,TK13,TK14	DEL	0	3
ENSG00000273311	DGCR11	GroupB_exclusive			TK12,TK13,TK14	DEL	0	3
ENSG00000244255	ENSG00000244255	GroupB_exclusive			TK12,TK13,TK14	DEL	0	3
ENSG00000258478	ENSG00000258478	GroupB_exclusive			TK12,TK13,TK14	DEL	0	3
ENSG00000285942	ENSG00000285942	GroupB_exclusive			TK12,TK13,TK14	DEL	0	3
ENSG00000138640	FAM13A	GroupB_exclusive			TK12,TK13,TK14	DEL	0	3
ENSG00000141560	FN3KRP	GroupB_exclusive			TK12,TK13,TK14	DEL	0	3
ENSG00000119041	GTF3C3	GroupB_exclusive			TK12,TK13,TK14	DEL	0	3
ENSG00000180353	HCLS1	GroupB_exclusive			TK12,TK13,TK14	DEL	0	3
ENSG00000099783	HNRNPM	GroupB_exclusive			TK12,TK13,TK14	DEL	0	3
ENSG00000290292	HOMEZ	GroupB_exclusive			TK12,TK13,TK14	DEL	0	3
ENSG00000114473	IQCG	GroupB_exclusive			TK12,TK13,TK14	DEL	0	3
ENSG00000165516	KLHDC2	GroupB_exclusive			TK12,TK13,TK14	DEL	0	3
ENSG00000137944	KYAT3	GroupB_exclusive			TK12,TK13,TK14	DEL	0	3
ENSG00000165525	NEMF	GroupB_exclusive			TK12,TK13,TK14	DEL	0	3
ENSG00000067177	PHKA1	GroupB_exclusive			TK12,TK13,TK14	DEL	0	3
ENSG00000004142	POLDIP2	GroupB_exclusive			TK12,TK13,TK14	DEL	0	3
ENSG00000180228	PRKRA	GroupB_exclusive			TK12,TK13,TK14	DEL	0	3
ENSG00000104856	RELB	GroupB_exclusive			TK12,TK13,TK14	DEL	0	3
ENSG00000108370	RGS9	GroupB_exclusive			TK12,TK13,TK14	DEL	0	3
ENSG00000149418	ST14	GroupB_exclusive			TK12,TK13,TK14	DEL	0	3
ENSG00000164961	WASHC5	GroupB_exclusive			TK12,TK13,TK14	DEL	0	3
ENSG00000134308	YWHAQ	GroupB_exclusive			TK12,TK13,TK14	DEL	0	3
ENSG00000206739	Y_RNA	GroupB_exclusive			TK12,TK13,TK14	DEL	0	3
ENSG00000100722	ZC3H14	GroupB_exclusive			TK12,TK13,TK14	DEL	0	3
ENSG00000149313	AASDHPPT	GroupB_exclusive			TK13,TK14	DEL	0	2
ENSG00000122971	ACADS	GroupB_exclusive			TK13,TK14	DEL	0	2
ENSG00000123130	ACOT9	GroupB_exclusive			TK13,TK14	DEL	0	2
ENSG00000167107	ACSF2	GroupB_exclusive			TK13,TK14	DEL	0	2
ENSG00000117148	ACTL8	GroupB_exclusive			TK13,TK14	DEL	0	2
ENSG00000115091	ACTR3	GroupB_exclusive			TK13,TK14	DEL	0	2
ENSG00000133627	ACTR3B	GroupB_exclusive			TK13,TK14	DEL	0	2
ENSG00000133612	AGAP3	GroupB_exclusive			TK13,TK14	DEL	0	2
ENSG00000164252	AGGF1	GroupB_exclusive			TK13,TK14	DEL	0	2
ENSG00000018510	AGPS	GroupB_exclusive			TK13,TK14	DEL	0	2
ENSG00000121057	AKAP1	GroupB_exclusive			TK13,TK14	DEL	0	2
ENSG00000076513	ANKRD13A	GroupB_exclusive			TK13,TK14	DEL	0	2
ENSG00000177879	AP3S1	GroupB_exclusive			TK13,TK14	DEL	0	2
ENSG00000062725	APPBP2	GroupB_exclusive			TK13,TK14	DEL	0	2
ENSG00000111348	ARHGDIB	GroupB_exclusive			TK13,TK14	DEL	0	2
ENSG00000129675	ARHGEF6	GroupB_exclusive			TK13,TK14	DEL	0	2
ENSG00000231395	ARL4AP4	GroupB_exclusive			TK13,TK14	DEL	0	2
ENSG00000129691	ASH2L	GroupB_exclusive			TK13,TK14	DEL	0	2
ENSG00000163399	ATP1A1	GroupB_exclusive			TK13,TK14	DEL	0	2
ENSG00000069849	ATP1B3	GroupB_exclusive			TK13,TK14	DEL	0	2
ENSG00000244124	ATP1B3-AS1	GroupB_exclusive			TK13,TK14	DEL	0	2
ENSG00000169857	AVEN	GroupB_exclusive			TK13,TK14	DEL	0	2
ENSG00000240254	B4GALT4-AS1	GroupB_exclusive			TK13,TK14	DEL	0	2
ENSG00000198604	BAZ1A	GroupB_exclusive			TK13,TK14	DEL	0	2
ENSG00000105327	BBC3	GroupB_exclusive			TK13,TK14	DEL	0	2
ENSG00000171791	BCL2	GroupB_exclusive			TK13,TK14	DEL	0	2
ENSG00000106635	BCL7B	GroupB_exclusive			TK13,TK14	DEL	0	2
ENSG00000029363	BCLAF1	GroupB_exclusive			TK13,TK14	DEL	0	2
ENSG00000236861	BET1-AS1	GroupB_exclusive			TK13,TK14	DEL	0	2
ENSG00000108578	BLMH	GroupB_exclusive			TK13,TK14	DEL	0	2
ENSG00000270316	BORCS7-ASMT	GroupB_exclusive			TK13,TK14	DEL	0	2
ENSG00000137656	BUD13	GroupB_exclusive			TK13,TK14	DEL	0	2
ENSG00000112578	BYSL	GroupB_exclusive			TK13,TK14	DEL	0	2
ENSG00000136261	BZW2	GroupB_exclusive			TK13,TK14	DEL	0	2
ENSG00000276925	C1orf100P1	GroupB_exclusive			TK13,TK14	DEL	0	2
ENSG00000166278	C2	GroupB_exclusive			TK13,TK14	DEL	0	2
ENSG00000281756	C2-AS1	GroupB_exclusive			TK13,TK14	DEL	0	2
ENSG00000242259	C22orf39	GroupB_exclusive			TK13,TK14	DEL	0	2
ENSG00000111731	C2CD5	GroupB_exclusive			TK13,TK14	DEL	0	2
ENSG00000146540	C7orf50	GroupB_exclusive			TK13,TK14	DEL	0	2
ENSG00000230564	CALM1P2	GroupB_exclusive			TK13,TK14	DEL	0	2
ENSG00000246228	CASC8	GroupB_exclusive			TK13,TK14	DEL	0	2
ENSG00000121691	CAT	GroupB_exclusive			TK13,TK14	DEL	0	2
ENSG00000159231	CBR3	GroupB_exclusive			TK13,TK14	DEL	0	2
ENSG00000060339	CCAR1	GroupB_exclusive			TK13,TK14	DEL	0	2
ENSG00000173093	CCDC63	GroupB_exclusive			TK13,TK14	DEL	0	2
ENSG00000205476	CCDC85C	GroupB_exclusive			TK13,TK14	DEL	0	2
ENSG00000177675	CD163L1	GroupB_exclusive			TK13,TK14	DEL	0	2
ENSG00000178562	CD28	GroupB_exclusive			TK13,TK14	DEL	0	2
ENSG00000176386	CDC26	GroupB_exclusive			TK12,TK13	DEL	0	2
ENSG00000100526	CDKN3	GroupB_exclusive			TK13,TK14	DEL	0	2
ENSG00000153044	CENPH	GroupB_exclusive			TK13,TK14	DEL	0	2
ENSG00000166451	CENPN	GroupB_exclusive			TK13,TK14	DEL	0	2
ENSG00000260213	CENPN-AS1	GroupB_exclusive			TK13,TK14	DEL	0	2
ENSG00000178404	CEP295NL	GroupB_exclusive			TK13,TK14	DEL	0	2
ENSG00000164118	CEP44	GroupB_exclusive			TK13,TK14	DEL	0	2
ENSG00000166037	CEP57	GroupB_exclusive			TK13,TK14	DEL	0	2
ENSG00000114107	CEP70	GroupB_exclusive			TK13,TK14	DEL	0	2
ENSG00000154479	CFAP210	GroupB_exclusive			TK13,TK14	DEL	0	2
ENSG00000243649	CFB	GroupB_exclusive			TK13,TK14	DEL	0	2
ENSG00000111666	CHPT1	GroupB_exclusive			TK13,TK14	DEL	0	2
ENSG00000184984	CHRM5	GroupB_exclusive			TK13,TK14	DEL	0	2
ENSG00000124302	CHST8	GroupB_exclusive			TK13,TK14	DEL	0	2
ENSG00000213341	CHUK	GroupB_exclusive			TK13,TK14	DEL	0	2
ENSG00000227492	CHUK-DT	GroupB_exclusive			TK13,TK14	DEL	0	2
ENSG00000121940	CLCC1	GroupB_exclusive			TK13,TK14	DEL	0	2
ENSG00000164237	CMBL	GroupB_exclusive			TK13,TK14	DEL	0	2
ENSG00000187118	CMC1	GroupB_exclusive			TK13,TK14	DEL	0	2
ENSG00000184220	CMSS1	GroupB_exclusive			TK13,TK14	DEL	0	2
ENSG00000183723	CMTM4	GroupB_exclusive			TK13,TK14	DEL	0	2
ENSG00000153551	CMTM7	GroupB_exclusive			TK13,TK14	DEL	0	2
ENSG00000106603	COA1	GroupB_exclusive			TK13,TK14	DEL	0	2
ENSG00000183513	COA5	GroupB_exclusive			TK13,TK14	DEL	0	2
ENSG00000168275	COA6	GroupB_exclusive			TK13,TK14	DEL	0	2
ENSG00000164597	COG5	GroupB_exclusive			TK13,TK14	DEL	0	2
ENSG00000143207	COP1	GroupB_exclusive			TK13,TK14	DEL	0	2
ENSG00000198612	COPS8	GroupB_exclusive			TK13,TK14	DEL	0	2
ENSG00000115520	COQ10B	GroupB_exclusive			TK13,TK14	DEL	0	2
ENSG00000167113	COQ4	GroupB_exclusive			TK12,TK14	DEL	0	2
ENSG00000163626	COX18	GroupB_exclusive			TK13,TK14	DEL	0	2
ENSG00000126267	COX6B1	GroupB_exclusive			TK13,TK14	DEL	0	2
ENSG00000258626	COX7A2P1	GroupB_exclusive			TK13,TK14	DEL	0	2
ENSG00000230609	COX7CP4	GroupB_exclusive			TK13,TK14	DEL	0	2
ENSG00000085719	CPNE3	GroupB_exclusive			TK13,TK14	DEL	0	2
ENSG00000160917	CPSF4	GroupB_exclusive			TK13,TK14	DEL	0	2
ENSG00000110090	CPT1A	GroupB_exclusive			TK13,TK14	DEL	0	2
ENSG00000121671	CRY2	GroupB_exclusive			TK13,TK14	DEL	0	2
ENSG00000205758	CRYZL1	GroupB_exclusive			TK13,TK14	DEL	0	2
ENSG00000134030	CTIF	GroupB_exclusive			TK13,TK14	DEL	0	2
ENSG00000040531	CTNS	GroupB_exclusive			TK13,TK14	DEL	0	2
ENSG00000262903	CTNS-AS1	GroupB_exclusive			TK13,TK14	DEL	0	2
ENSG00000036257	CUL3	GroupB_exclusive			TK13,TK14	DEL	0	2
ENSG00000150316	CWC15	GroupB_exclusive			TK13,TK14	DEL	0	2
ENSG00000171604	CXXC5	GroupB_exclusive			TK13,TK14	DEL	0	2
ENSG00000250635	CXXC5-AS1	GroupB_exclusive			TK13,TK14	DEL	0	2
ENSG00000283232	CYP2C23P	GroupB_exclusive			TK13,TK14	DEL	0	2
ENSG00000171903	CYP4F11	GroupB_exclusive			TK13,TK14	DEL	0	2
ENSG00000136279	DBNL	GroupB_exclusive			TK13,TK14	DEL	0	2
ENSG00000178105	DDX10	GroupB_exclusive			TK13,TK14	DEL	0	2
ENSG00000124795	DEK	GroupB_exclusive			TK12,TK13	DEL	0	2
ENSG00000091140	DLD	GroupB_exclusive			TK13,TK14	DEL	0	2
ENSG00000161249	DMKN	GroupB_exclusive			TK13,TK14	DEL	0	2
ENSG00000059769	DNAJC25	GroupB_exclusive			TK13,TK14	DEL	0	2
ENSG00000101457	DNTTIP1	GroupB_exclusive			TK13,TK14	DEL	0	2
ENSG00000113360	DROSHA	GroupB_exclusive			TK13,TK14	DEL	0	2
ENSG00000136982	DSCC1	GroupB_exclusive			TK13,TK14	DEL	0	2
ENSG00000125821	DTD1	GroupB_exclusive			TK13,TK14	DEL	0	2
ENSG00000128951	DUT	GroupB_exclusive			TK13,TK14	DEL	0	2
ENSG00000204348	DXO	GroupB_exclusive			TK13,TK14	DEL	0	2
ENSG00000126870	DYNC2I1	GroupB_exclusive			TK13,TK14	DEL	0	2
ENSG00000162636	EEIG2	GroupB_exclusive			TK13,TK14	DEL	0	2
ENSG00000237080	EHMT2-AS1	GroupB_exclusive			TK13,TK14	DEL	0	2
ENSG00000128829	EIF2AK4	GroupB_exclusive			TK13,TK14	DEL	0	2
ENSG00000254441	EIF2S2P6	GroupB_exclusive			TK13,TK14	DEL	0	2
ENSG00000147677	EIF3H	GroupB_exclusive			TK13,TK14	DEL	0	2
ENSG00000104131	EIF3J	GroupB_exclusive			TK13,TK14	DEL	0	2
ENSG00000280890	ELDR	GroupB_exclusive			TK13,TK14	DEL	0	2
ENSG00000134014	ELP3	GroupB_exclusive			TK13,TK14	DEL	0	2
ENSG00000127774	EMC6	GroupB_exclusive			TK13,TK14	DEL	0	2
ENSG00000186998	EMID1	GroupB_exclusive			TK13,TK14	DEL	0	2
ENSG00000136960	ENPP2	GroupB_exclusive			TK13,TK14	DEL	0	2
ENSG00000206961	ENSG00000206961	GroupB_exclusive			TK13,TK14	DEL	0	2
ENSG00000207922	ENSG00000207922	GroupB_exclusive			TK13,TK14	DEL	0	2
ENSG00000214650	ENSG00000214650	GroupB_exclusive			TK13,TK14	DEL	0	2
ENSG00000217004	ENSG00000217004	GroupB_exclusive			TK13,TK14	DEL	0	2
ENSG00000224356	ENSG00000224356	GroupB_exclusive			TK13,TK14	DEL	0	2
ENSG00000225146	ENSG00000225146	GroupB_exclusive			TK13,TK14	DEL	0	2
ENSG00000225187	ENSG00000225187	GroupB_exclusive			TK13,TK14	DEL	0	2
ENSG00000225407	ENSG00000225407	GroupB_exclusive			TK13,TK14	DEL	0	2
ENSG00000225889	ENSG00000225889	GroupB_exclusive			TK13,TK14	DEL	0	2
ENSG00000226072	ENSG00000226072	GroupB_exclusive			TK13,TK14	DEL	0	2
ENSG00000226483	ENSG00000226483	GroupB_exclusive			TK13,TK14	DEL	0	2
ENSG00000227050	ENSG00000227050	GroupB_exclusive			TK13,TK14	DEL	0	2
ENSG00000227068	ENSG00000227068	GroupB_exclusive			TK13,TK14	DEL	0	2
ENSG00000228137	ENSG00000228137	GroupB_exclusive			TK13,TK14	DEL	0	2
ENSG00000228335	ENSG00000228335	GroupB_exclusive			TK13,TK14	DEL	0	2
ENSG00000228737	ENSG00000228737	GroupB_exclusive			TK12,TK14	DEL	0	2
ENSG00000229827	ENSG00000229827	GroupB_exclusive			TK13,TK14	DEL	0	2
ENSG00000230454	ENSG00000230454	GroupB_exclusive			TK13,TK14	DEL	0	2
ENSG00000230536	ENSG00000230536	GroupB_exclusive			TK13,TK14	DEL	0	2
ENSG00000230751	ENSG00000230751	GroupB_exclusive			TK13,TK14	DEL	0	2
ENSG00000230936	ENSG00000230936	GroupB_exclusive			TK13,TK14	DEL	0	2
ENSG00000231102	ENSG00000231102	GroupB_exclusive			TK13,TK14	DEL	0	2
ENSG00000231794	ENSG00000231794	GroupB_exclusive			TK13,TK14	DEL	0	2
ENSG00000232765	ENSG00000232765	GroupB_exclusive			TK13,TK14	DEL	0	2
ENSG00000233877	ENSG00000233877	GroupB_exclusive			TK13,TK14	DEL	0	2
ENSG00000234208	ENSG00000234208	GroupB_exclusive			TK13,TK14	DEL	0	2
ENSG00000234784	ENSG00000234784	GroupB_exclusive			TK13,TK14	DEL	0	2
ENSG00000235522	ENSG00000235522	GroupB_exclusive			TK13,TK14	DEL	0	2
ENSG00000236308	ENSG00000236308	GroupB_exclusive			TK13,TK14	DEL	0	2
ENSG00000236713	ENSG00000236713	GroupB_exclusive			TK13,TK14	DEL	0	2
ENSG00000237210	ENSG00000237210	GroupB_exclusive			TK13,TK14	DEL	0	2
ENSG00000237453	ENSG00000237453	GroupB_exclusive			TK13,TK14	DEL	0	2
ENSG00000237846	ENSG00000237846	GroupB_exclusive			TK13,TK14	DEL	0	2
ENSG00000240015	ENSG00000240015	GroupB_exclusive			TK13,TK14	DEL	0	2
ENSG00000243243	ENSG00000243243	GroupB_exclusive			TK13,TK14	DEL	0	2
ENSG00000249593	ENSG00000249593	GroupB_exclusive			TK13,TK14	DEL	0	2
ENSG00000251508	ENSG00000251508	GroupB_exclusive			TK13,TK14	DEL	0	2
ENSG00000252408	ENSG00000252408	GroupB_exclusive			TK13,TK14	DEL	0	2
ENSG00000252992	ENSG00000252992	GroupB_exclusive			TK13,TK14	DEL	0	2
ENSG00000254431	ENSG00000254431	GroupB_exclusive			TK13,TK14	DEL	0	2
ENSG00000254433	ENSG00000254433	GroupB_exclusive			TK13,TK14	DEL	0	2
ENSG00000256632	ENSG00000256632	GroupB_exclusive			TK13,TK14	DEL	0	2
ENSG00000256861	ENSG00000256861	GroupB_exclusive			TK13,TK14	DEL	0	2
ENSG00000257545	ENSG00000257545	GroupB_exclusive			TK13,TK14	DEL	0	2
ENSG00000257607	ENSG00000257607	GroupB_exclusive			TK13,TK14	DEL	0	2
ENSG00000258064	ENSG00000258064	GroupB_exclusive			TK13,TK14	DEL	0	2
ENSG00000258466	ENSG00000258466	GroupB_exclusive			TK13,TK14	DEL	0	2
ENSG00000258924	ENSG00000258924	GroupB_exclusive			TK13,TK14	DEL	0	2
ENSG00000258930	ENSG00000258930	GroupB_exclusive			TK13,TK14	DEL	0	2
ENSG00000259055	ENSG00000259055	GroupB_exclusive			TK13,TK14	DEL	0	2
ENSG00000259304	ENSG00000259304	GroupB_exclusive			TK13,TK14	DEL	0	2
ENSG00000259352	ENSG00000259352	GroupB_exclusive			TK13,TK14	DEL	0	2
ENSG00000259396	ENSG00000259396	GroupB_exclusive			TK13,TK14	DEL	0	2
ENSG00000259418	ENSG00000259418	GroupB_exclusive			TK13,TK14	DEL	0	2
ENSG00000259505	ENSG00000259505	GroupB_exclusive			TK13,TK14	DEL	0	2
ENSG00000260777	ENSG00000260777	GroupB_exclusive			TK13,TK14	DEL	0	2
ENSG00000261312	ENSG00000261312	GroupB_exclusive			TK13,TK14	DEL	0	2
ENSG00000261916	ENSG00000261916	GroupB_exclusive			TK13,TK14	DEL	0	2
ENSG00000262248	ENSG00000262248	GroupB_exclusive			TK13,TK14	DEL	0	2
ENSG00000262304	ENSG00000262304	GroupB_exclusive			TK13,TK14	DEL	0	2
ENSG00000262482	ENSG00000262482	GroupB_exclusive			TK13,TK14	DEL	0	2
ENSG00000262692	ENSG00000262692	GroupB_exclusive			TK13,TK14	DEL	0	2
ENSG00000262833	ENSG00000262833	GroupB_exclusive			TK13,TK14	DEL	0	2
ENSG00000263029	ENSG00000263029	GroupB_exclusive			TK13,TK14	DEL	0	2
ENSG00000263089	ENSG00000263089	GroupB_exclusive			TK13,TK14	DEL	0	2
ENSG00000263338	ENSG00000263338	GroupB_exclusive			TK13,TK14	DEL	0	2
ENSG00000263624	ENSG00000263624	GroupB_exclusive			TK13,TK14	DEL	0	2
ENSG00000263727	ENSG00000263727	GroupB_exclusive			TK13,TK14	DEL	0	2
ENSG00000263788	ENSG00000263788	GroupB_exclusive			TK13,TK14	DEL	0	2
ENSG00000263823	ENSG00000263823	GroupB_exclusive			TK13,TK14	DEL	0	2
ENSG00000263870	ENSG00000263870	GroupB_exclusive			TK13,TK14	DEL	0	2
ENSG00000264029	ENSG00000264029	GroupB_exclusive			TK13,TK14	DEL	0	2
ENSG00000264167	ENSG00000264167	GroupB_exclusive			TK13,TK14	DEL	0	2
ENSG00000264486	ENSG00000264486	GroupB_exclusive			TK13,TK14	DEL	0	2
ENSG00000265194	ENSG00000265194	GroupB_exclusive			TK13,TK14	DEL	0	2
ENSG00000265254	ENSG00000265254	GroupB_exclusive			TK13,TK14	DEL	0	2
ENSG00000265618	ENSG00000265618	GroupB_exclusive			TK13,TK14	DEL	0	2
ENSG00000266306	ENSG00000266306	GroupB_exclusive			TK13,TK14	DEL	0	2
ENSG00000266456	ENSG00000266456	GroupB_exclusive			TK13,TK14	DEL	0	2
ENSG00000266830	ENSG00000266830	GroupB_exclusive			TK13,TK14	DEL	0	2
ENSG00000266997	ENSG00000266997	GroupB_exclusive			TK13,TK14	DEL	0	2
ENSG00000267491	ENSG00000267491	GroupB_exclusive			TK13,TK14	DEL	0	2
ENSG00000267766	ENSG00000267766	GroupB_exclusive			TK13,TK14	DEL	0	2
ENSG00000269365	ENSG00000269365	GroupB_exclusive			TK13,TK14	DEL	0	2
ENSG00000269403	ENSG00000269403	GroupB_exclusive			TK13,TK14	DEL	0	2
ENSG00000269463	ENSG00000269463	GroupB_exclusive			TK13,TK14	DEL	0	2
ENSG00000269815	ENSG00000269815	GroupB_exclusive			TK13,TK14	DEL	0	2
ENSG00000269846	ENSG00000269846	GroupB_exclusive			TK13,TK14	DEL	0	2
ENSG00000269887	ENSG00000269887	GroupB_exclusive			TK13,TK14	DEL	0	2
ENSG00000271452	ENSG00000271452	GroupB_exclusive			TK13,TK14	DEL	0	2
ENSG00000271509	ENSG00000271509	GroupB_exclusive			TK13,TK14	DEL	0	2
ENSG00000272368	ENSG00000272368	GroupB_exclusive			TK13,TK14	DEL	0	2
ENSG00000272660	ENSG00000272660	GroupB_exclusive			TK13,TK14	DEL	0	2
ENSG00000272910	ENSG00000272910	GroupB_exclusive			TK13,TK14	DEL	0	2
ENSG00000272921	ENSG00000272921	GroupB_exclusive			TK13,TK14	DEL	0	2
ENSG00000273151	ENSG00000273151	GroupB_exclusive			TK13,TK14	DEL	0	2
ENSG00000273171	ENSG00000273171	GroupB_exclusive			TK13,TK14	DEL	0	2
ENSG00000273269	ENSG00000273269	GroupB_exclusive			TK13,TK14	DEL	0	2
ENSG00000273658	ENSG00000273658	GroupB_exclusive			TK13,TK14	DEL	0	2
ENSG00000275056	ENSG00000275056	GroupB_exclusive			TK13,TK14	DEL	0	2
ENSG00000276763	ENSG00000276763	GroupB_exclusive			TK13,TK14	DEL	0	2
ENSG00000277450	ENSG00000277450	GroupB_exclusive			TK13,TK14	DEL	0	2
ENSG00000278275	ENSG00000278275	GroupB_exclusive			TK13,TK14	DEL	0	2
ENSG00000278472	ENSG00000278472	GroupB_exclusive			TK13,TK14	DEL	0	2
ENSG00000278831	ENSG00000278831	GroupB_exclusive			TK13,TK14	DEL	0	2
ENSG00000278864	ENSG00000278864	GroupB_exclusive			TK13,TK14	DEL	0	2
ENSG00000278983	ENSG00000278983	GroupB_exclusive			TK13,TK14	DEL	0	2
ENSG00000279071	ENSG00000279071	GroupB_exclusive			TK13,TK14	DEL	0	2
ENSG00000279121	ENSG00000279121	GroupB_exclusive			TK13,TK14	DEL	0	2
ENSG00000279232	ENSG00000279232	GroupB_exclusive			TK13,TK14	DEL	0	2
ENSG00000279334	ENSG00000279334	GroupB_exclusive			TK13,TK14	DEL	0	2
ENSG00000279339	ENSG00000279339	GroupB_exclusive			TK13,TK14	DEL	0	2
ENSG00000279527	ENSG00000279527	GroupB_exclusive			TK13,TK14	DEL	0	2
ENSG00000279532	ENSG00000279532	GroupB_exclusive			TK13,TK14	DEL	0	2
ENSG00000279957	ENSG00000279957	GroupB_exclusive			TK13,TK14	DEL	0	2
ENSG00000280143	ENSG00000280143	GroupB_exclusive			TK13,TK14	DEL	0	2
ENSG00000280169	ENSG00000280169	GroupB_exclusive			TK13,TK14	DEL	0	2
ENSG00000280244	ENSG00000280244	GroupB_exclusive			TK13,TK14	DEL	0	2
ENSG00000280354	ENSG00000280354	GroupB_exclusive			TK13,TK14	DEL	0	2
ENSG00000280878	ENSG00000280878	GroupB_exclusive			TK13,TK14	DEL	0	2
ENSG00000283125	ENSG00000283125	GroupB_exclusive			TK13,TK14	DEL	0	2
ENSG00000283228	ENSG00000283228	GroupB_exclusive			TK13,TK14	DEL	0	2
ENSG00000283354	ENSG00000283354	GroupB_exclusive			TK13,TK14	DEL	0	2
ENSG00000283580	ENSG00000283580	GroupB_exclusive			TK13,TK14	DEL	0	2
ENSG00000284431	ENSG00000284431	GroupB_exclusive			TK12,TK14	DEL	0	2
ENSG00000285016	ENSG00000285016	GroupB_exclusive			TK13,TK14	DEL	0	2
ENSG00000285603	ENSG00000285603	GroupB_exclusive			TK13,TK14	DEL	0	2
ENSG00000285801	ENSG00000285801	GroupB_exclusive			TK13,TK14	DEL	0	2
ENSG00000285851	ENSG00000285851	GroupB_exclusive			TK13,TK14	DEL	0	2
ENSG00000285923	ENSG00000285923	GroupB_exclusive			TK13,TK14	DEL	0	2
ENSG00000286034	ENSG00000286034	GroupB_exclusive			TK13,TK14	DEL	0	2
ENSG00000286176	ENSG00000286176	GroupB_exclusive			TK13,TK14	DEL	0	2
ENSG00000286242	ENSG00000286242	GroupB_exclusive			TK13,TK14	DEL	0	2
ENSG00000286636	ENSG00000286636	GroupB_exclusive			TK13,TK14	DEL	0	2
ENSG00000286994	ENSG00000286994	GroupB_exclusive			TK13,TK14	DEL	0	2
ENSG00000287378	ENSG00000287378	GroupB_exclusive			TK13,TK14	DEL	0	2
ENSG00000287600	ENSG00000287600	GroupB_exclusive			TK13,TK14	DEL	0	2
ENSG00000287624	ENSG00000287624	GroupB_exclusive			TK13,TK14	DEL	0	2
ENSG00000287665	ENSG00000287665	GroupB_exclusive			TK13,TK14	DEL	0	2
ENSG00000287781	ENSG00000287781	GroupB_exclusive			TK13,TK14	DEL	0	2
ENSG00000287807	ENSG00000287807	GroupB_exclusive			TK13,TK14	DEL	0	2
ENSG00000287840	ENSG00000287840	GroupB_exclusive			TK13,TK14	DEL	0	2
ENSG00000287990	ENSG00000287990	GroupB_exclusive			TK13,TK14	DEL	0	2
ENSG00000289382	ENSG00000289382	GroupB_exclusive			TK13,TK14	DEL	0	2
ENSG00000289430	ENSG00000289430	GroupB_exclusive			TK13,TK14	DEL	0	2
ENSG00000289517	ENSG00000289517	GroupB_exclusive			TK13,TK14	DEL	0	2
ENSG00000289534	ENSG00000289534	GroupB_exclusive			TK13,TK14	DEL	0	2
ENSG00000289564	ENSG00000289564	GroupB_exclusive			TK13,TK14	DEL	0	2
ENSG00000289574	ENSG00000289574	GroupB_exclusive			TK13,TK14	DEL	0	2
ENSG00000290119	ENSG00000290119	GroupB_exclusive			TK13,TK14	DEL	0	2
ENSG00000290748	ENSG00000290748	GroupB_exclusive			TK13,TK14	DEL	0	2
ENSG00000291316	ENSG00000291316	GroupB_exclusive			TK13,TK14	DEL	0	2
ENSG00000079819	EPB41L2	GroupB_exclusive			TK12,TK13	DEL	0	2
ENSG00000087502	ERGIC2	GroupB_exclusive			TK13,TK14	DEL	0	2
ENSG00000107566	ERLIN1	GroupB_exclusive			TK13,TK14	DEL	0	2
ENSG00000023318	ERP44	GroupB_exclusive			TK13,TK14	DEL	0	2
ENSG00000267259	ERVE-1	GroupB_exclusive			TK13,TK14	DEL	0	2
ENSG00000244476	ERVFRD-1	GroupB_exclusive			TK13,TK14	DEL	0	2
ENSG00000134954	ETS1	GroupB_exclusive			TK13,TK14	DEL	0	2
ENSG00000142459	EVI5L	GroupB_exclusive			TK13,TK14	DEL	0	2
ENSG00000181104	F2R	GroupB_exclusive			TK13,TK14	DEL	0	2
ENSG00000117480	FAAH	GroupB_exclusive			TK13,TK14	DEL	0	2
ENSG00000165591	FAAH2	GroupB_exclusive			TK13,TK14	DEL	0	2
ENSG00000237106	FABP5P15	GroupB_exclusive			TK13,TK14	DEL	0	2
ENSG00000100376	FAM118A	GroupB_exclusive			TK13,TK14	DEL	0	2
ENSG00000178397	FAM220A	GroupB_exclusive			TK13,TK14	DEL	0	2
ENSG00000071889	FAM3A	GroupB_exclusive			TK13,TK14	DEL	0	2
ENSG00000127585	FBXL16	GroupB_exclusive			TK13,TK14	DEL	0	2
ENSG00000138081	FBXO11	GroupB_exclusive			TK13,TK14	DEL	0	2
ENSG00000214050	FBXO16	GroupB_exclusive			TK13,TK14	DEL	0	2
ENSG00000151876	FBXO4	GroupB_exclusive			TK13,TK14	DEL	0	2
ENSG00000111790	FGFR1OP2	GroupB_exclusive			TK13,TK14	DEL	0	2
ENSG00000168386	FILIP1L	GroupB_exclusive			TK13,TK14	DEL	0	2
ENSG00000100442	FKBP3	GroupB_exclusive			TK13,TK14	DEL	0	2
ENSG00000115414	FN1	GroupB_exclusive			TK12,TK14	DEL	0	2
ENSG00000164916	FOXK1	GroupB_exclusive			TK13,TK14	DEL	0	2
ENSG00000141568	FOXK2	GroupB_exclusive			TK13,TK14	DEL	0	2
ENSG00000109536	FRG1	GroupB_exclusive			TK13,TK14	DEL	0	2
ENSG00000105325	FZR1	GroupB_exclusive			TK13,TK14	DEL	0	2
ENSG00000139112	GABARAPL1	GroupB_exclusive			TK13,TK14	DEL	0	2
ENSG00000255958	GABARAPL1-AS1	GroupB_exclusive			TK13,TK14	DEL	0	2
ENSG00000178234	GALNT11	GroupB_exclusive			TK13,TK14	DEL	0	2
ENSG00000143641	GALNT2	GroupB_exclusive			TK13,TK14	DEL	0	2
ENSG00000239857	GET4	GroupB_exclusive			TK13,TK14	DEL	0	2
ENSG00000134864	GGACT	GroupB_exclusive			TK13,TK14	DEL	0	2
ENSG00000278311	GGNBP2	GroupB_exclusive			TK13,TK14	DEL	0	2
ENSG00000250571	GLI4	GroupB_exclusive			TK13,TK14	DEL	0	2
ENSG00000196743	GM2A	GroupB_exclusive			TK13,TK14	DEL	0	2
ENSG00000114353	GNAI2	GroupB_exclusive			TK13,TK14	DEL	0	2
ENSG00000065135	GNAI3	GroupB_exclusive			TK13,TK14	DEL	0	2
ENSG00000114349	GNAT1	GroupB_exclusive			TK13,TK14	DEL	0	2
ENSG00000111711	GOLT1B	GroupB_exclusive			TK13,TK14	DEL	0	2
ENSG00000076650	GPATCH1	GroupB_exclusive			TK13,TK14	DEL	0	2
ENSG00000111231	GPN3	GroupB_exclusive			TK13,TK14	DEL	0	2
ENSG00000164849	GPR146	GroupB_exclusive			TK13,TK14	DEL	0	2
ENSG00000121957	GPSM2	GroupB_exclusive			TK13,TK14	DEL	0	2
ENSG00000121964	GTDC1	GroupB_exclusive			TK13,TK14	DEL	0	2
ENSG00000165417	GTF2A1	GroupB_exclusive			TK13,TK14	DEL	0	2
ENSG00000110768	GTF2H1	GroupB_exclusive			TK13,TK14	DEL	0	2
ENSG00000170627	GTSF1	GroupB_exclusive			TK13,TK14	DEL	0	2
ENSG00000105968	H2AZ2	GroupB_exclusive			TK13,TK14	DEL	0	2
ENSG00000265541	H3P41	GroupB_exclusive			TK13,TK14	DEL	0	2
ENSG00000177602	HASPIN	GroupB_exclusive			TK13,TK14	DEL	0	2
ENSG00000128708	HAT1	GroupB_exclusive			TK13,TK14	DEL	0	2
ENSG00000152240	HAUS1	GroupB_exclusive			TK13,TK14	DEL	0	2
ENSG00000213397	HAUS7	GroupB_exclusive			TK13,TK14	DEL	0	2
ENSG00000171720	HDAC3	GroupB_exclusive			TK13,TK14	DEL	0	2
ENSG00000069998	HDHD5	GroupB_exclusive			TK13,TK14	DEL	0	2
ENSG00000162639	HENMT1	GroupB_exclusive			TK13,TK14	DEL	0	2
ENSG00000100084	HIRA	GroupB_exclusive			TK13,TK14	DEL	0	2
ENSG00000123485	HJURP	GroupB_exclusive			TK13,TK14	DEL	0	2
ENSG00000182952	HMGN4	GroupB_exclusive			TK13,TK14	DEL	0	2
ENSG00000214761	HNRNPA1P15	GroupB_exclusive			TK13,TK14	DEL	0	2
ENSG00000230280	HNRNPA1P59	GroupB_exclusive			TK13,TK14	DEL	0	2
ENSG00000187522	HSPA14	GroupB_exclusive			TK13,TK14	DEL	0	2
ENSG00000251614	HSPA8P19	GroupB_exclusive			TK13,TK14	DEL	0	2
ENSG00000102241	HTATSF1	GroupB_exclusive			TK13,TK14	DEL	0	2
ENSG00000114378	HYAL1	GroupB_exclusive			TK13,TK14	DEL	0	2
ENSG00000186792	HYAL3	GroupB_exclusive			TK13,TK14	DEL	0	2
ENSG00000109083	IFT20	GroupB_exclusive			TK13,TK14	DEL	0	2
ENSG00000089289	IGBP1	GroupB_exclusive			TK13,TK14	DEL	0	2
ENSG00000134470	IL15RA	GroupB_exclusive			TK13,TK14	DEL	0	2
ENSG00000138614	INTS14	GroupB_exclusive			TK13,TK14	DEL	0	2
ENSG00000129636	ITFG1	GroupB_exclusive			TK13,TK14	DEL	0	2
ENSG00000083457	ITGAE	GroupB_exclusive			TK13,TK14	DEL	0	2
ENSG00000236200	KDM4A-AS1	GroupB_exclusive			TK12,TK13	DEL	0	2
ENSG00000119537	KDSR	GroupB_exclusive			TK13,TK14	DEL	0	2
ENSG00000163808	KIF15	GroupB_exclusive			TK13,TK14	DEL	0	2
ENSG00000213160	KLHL23	GroupB_exclusive			TK13,TK14	DEL	0	2
ENSG00000114030	KPNA1	GroupB_exclusive			TK13,TK14	DEL	0	2
ENSG00000265480	KRT18P55	GroupB_exclusive			TK13,TK14	DEL	0	2
ENSG00000132434	LANCL2	GroupB_exclusive			TK13,TK14	DEL	0	2
ENSG00000254275	LINC00824	GroupB_exclusive			TK13,TK14	DEL	0	2
ENSG00000185847	LINC01405	GroupB_exclusive			TK13,TK14	DEL	0	2
ENSG00000234435	LINC01432	GroupB_exclusive			TK13,TK14	DEL	0	2
ENSG00000253686	LINC01484	GroupB_exclusive			TK13,TK14	DEL	0	2
ENSG00000257556	LINC02298	GroupB_exclusive			TK13,TK14	DEL	0	2
ENSG00000280055	LINC02912	GroupB_exclusive			TK13,TK14	DEL	0	2
ENSG00000189067	LITAF	GroupB_exclusive			TK13,TK14	DEL	0	2
ENSG00000238198	LRIG2-DT	GroupB_exclusive			TK13,TK14	DEL	0	2
ENSG00000128534	LSM8	GroupB_exclusive			TK13,TK14	DEL	0	2
ENSG00000179564	LSMEM2	GroupB_exclusive			TK13,TK14	DEL	0	2
ENSG00000007392	LUC7L	GroupB_exclusive			TK13,TK14	DEL	0	2
ENSG00000079257	LXN	GroupB_exclusive			TK13,TK14	DEL	0	2
ENSG00000112799	LY86	GroupB_exclusive			TK13,TK14	DEL	0	2
ENSG00000177239	MAN1B1	GroupB_exclusive			TK13,TK14	DEL	0	2
ENSG00000143674	MAP3K21	GroupB_exclusive			TK13,TK14	DEL	0	2
ENSG00000119487	MAPKAP1	GroupB_exclusive			TK13,TK14	DEL	0	2
ENSG00000225858	MATR3P1	GroupB_exclusive			TK13,TK14	DEL	0	2
ENSG00000197771	MCMBP	GroupB_exclusive			TK13,TK14	DEL	0	2
ENSG00000135272	MDFIC	GroupB_exclusive			TK13,TK14	DEL	0	2
ENSG00000111142	METAP2	GroupB_exclusive			TK13,TK14	DEL	0	2
ENSG00000176845	METRNL	GroupB_exclusive			TK13,TK14	DEL	0	2
ENSG00000171109	MFN1	GroupB_exclusive			TK13,TK14	DEL	0	2
ENSG00000152127	MGAT5	GroupB_exclusive			TK13,TK14	DEL	0	2
ENSG00000074416	MGLL	GroupB_exclusive			TK13,TK14	DEL	0	2
ENSG00000008394	MGST1	GroupB_exclusive			TK13,TK14	DEL	0	2
ENSG00000148343	MIGA2	GroupB_exclusive			TK13,TK14	DEL	0	2
ENSG00000148481	MINDY3	GroupB_exclusive			TK13,TK14	DEL	0	2
ENSG00000027001	MIPEP	GroupB_exclusive			TK13,TK14	DEL	0	2
ENSG00000221771	MIR1205	GroupB_exclusive			TK13,TK14	DEL	0	2
ENSG00000283200	MIR1206	GroupB_exclusive			TK13,TK14	DEL	0	2
ENSG00000221176	MIR1207	GroupB_exclusive			TK13,TK14	DEL	0	2
ENSG00000221261	MIR1208	GroupB_exclusive			TK13,TK14	DEL	0	2
ENSG00000284446	MIR1236	GroupB_exclusive			TK13,TK14	DEL	0	2
ENSG00000221808	MIR1256	GroupB_exclusive			TK13,TK14	DEL	0	2
ENSG00000264354	MIR3134	GroupB_exclusive			TK13,TK14	DEL	0	2
ENSG00000265134	MIR3190	GroupB_exclusive			TK13,TK14	DEL	0	2
ENSG00000284411	MIR3191	GroupB_exclusive			TK13,TK14	DEL	0	2
ENSG00000211513	MIR320E	GroupB_exclusive			TK13,TK14	DEL	0	2
ENSG00000263813	MIR3679	GroupB_exclusive			TK13,TK14	DEL	0	2
ENSG00000264897	MIR3921	GroupB_exclusive			TK13,TK14	DEL	0	2
ENSG00000266619	MIR4642	GroupB_exclusive			TK13,TK14	DEL	0	2
ENSG00000284532	MIR4723	GroupB_exclusive			TK13,TK14	DEL	0	2
ENSG00000275334	MIR5787	GroupB_exclusive			TK13,TK14	DEL	0	2
ENSG00000207821	MIR640	GroupB_exclusive			TK13,TK14	DEL	0	2
ENSG00000274816	MIR6772	GroupB_exclusive			TK13,TK14	DEL	0	2
ENSG00000276270	MIR6799	GroupB_exclusive			TK13,TK14	DEL	0	2
ENSG00000283848	MIR6872	GroupB_exclusive			TK13,TK14	DEL	0	2
ENSG00000175727	MLXIP	GroupB_exclusive			TK12,TK13	DEL	0	2
ENSG00000198598	MMP17	GroupB_exclusive			TK13,TK14	DEL	0	2
ENSG00000123562	MORF4L2	GroupB_exclusive			TK13,TK14	DEL	0	2
ENSG00000130150	MOSPD2	GroupB_exclusive			TK13,TK14	DEL	0	2
ENSG00000020922	MRE11	GroupB_exclusive			TK13,TK14	DEL	0	2
ENSG00000101353	MROH8	GroupB_exclusive			TK13,TK14	DEL	0	2
ENSG00000082515	MRPL22	GroupB_exclusive			TK13,TK14	DEL	0	2
ENSG00000114686	MRPL3	GroupB_exclusive			TK13,TK14	DEL	0	2
ENSG00000130312	MRPL34	GroupB_exclusive			TK13,TK14	DEL	0	2
ENSG00000116898	MRPS15	GroupB_exclusive			TK13,TK14	DEL	0	2
ENSG00000262759	MRPS21P9	GroupB_exclusive			TK13,TK14	DEL	0	2
ENSG00000131368	MRPS25	GroupB_exclusive			TK13,TK14	DEL	0	2
ENSG00000249649	MRPS33P2	GroupB_exclusive			TK13,TK14	DEL	0	2
ENSG00000231851	MRPS9-AS1	GroupB_exclusive			TK13,TK14	DEL	0	2
ENSG00000124532	MRS2	GroupB_exclusive			TK13,TK14	DEL	0	2
ENSG00000232564	MRTFA-AS1	GroupB_exclusive			TK13,TK14	DEL	0	2
ENSG00000186260	MRTFB	GroupB_exclusive			TK13,TK14	DEL	0	2
ENSG00000137409	MTCH1	GroupB_exclusive			TK13,TK14	DEL	0	2
ENSG00000168502	MTCL1	GroupB_exclusive			TK13,TK14	DEL	0	2
ENSG00000231831	MTHFD1P1	GroupB_exclusive			TK13,TK14	DEL	0	2
ENSG00000180354	MTURN	GroupB_exclusive			TK13,TK14	DEL	0	2
ENSG00000128654	MTX2	GroupB_exclusive			TK13,TK14	DEL	0	2
ENSG00000111245	MYL2	GroupB_exclusive			TK13,TK14	DEL	0	2
ENSG00000173272	MZT2A	GroupB_exclusive			TK13,TK14	DEL	0	2
ENSG00000276359	Metazoa_SRP	GroupB_exclusive			TK13,TK14	DEL	0	2
ENSG00000276645	Metazoa_SRP	GroupB_exclusive			TK13,TK14	DEL	0	2
ENSG00000173418	NAA20	GroupB_exclusive			TK13,TK14	DEL	0	2
ENSG00000243477	NAA80	GroupB_exclusive			TK13,TK14	DEL	0	2
ENSG00000205531	NAP1L4	GroupB_exclusive			TK13,TK14	DEL	0	2
ENSG00000071051	NCK2	GroupB_exclusive			TK13,TK14	DEL	0	2
ENSG00000160194	NDUFV3	GroupB_exclusive			TK13,TK14	DEL	0	2
ENSG00000157191	NECAP2	GroupB_exclusive			TK13,TK14	DEL	0	2
ENSG00000130202	NECTIN2	GroupB_exclusive			TK13,TK14	DEL	0	2
ENSG00000117691	NENF	GroupB_exclusive			TK13,TK14	DEL	0	2
ENSG00000171208	NETO2	GroupB_exclusive			TK13,TK14	DEL	0	2
ENSG00000186575	NF2	GroupB_exclusive			TK13,TK14	DEL	0	2
ENSG00000131196	NFATC1	GroupB_exclusive			TK13,TK14	DEL	0	2
ENSG00000204498	NFKBIL1	GroupB_exclusive			TK12,TK13	DEL	0	2
ENSG00000086102	NFX1	GroupB_exclusive			TK13,TK14	DEL	0	2
ENSG00000001461	NIPAL3	GroupB_exclusive			TK13,TK14	DEL	0	2
ENSG00000101882	NKAP	GroupB_exclusive			TK13,TK14	DEL	0	2
ENSG00000179873	NLRP11	GroupB_exclusive			TK13,TK14	DEL	0	2
ENSG00000106733	NMRK1	GroupB_exclusive			TK13,TK14	DEL	0	2
ENSG00000109255	NMU	GroupB_exclusive			TK13,TK14	DEL	0	2
ENSG00000131697	NPHP4	GroupB_exclusive			TK13,TK14	DEL	0	2
ENSG00000169189	NSMCE1	GroupB_exclusive			TK13,TK14	DEL	0	2
ENSG00000156831	NSMCE2	GroupB_exclusive			TK13,TK14	DEL	0	2
ENSG00000135778	NTPCR	GroupB_exclusive			TK13,TK14	DEL	0	2
ENSG00000165609	NUDT5	GroupB_exclusive			TK13,TK14	DEL	0	2
ENSG00000133961	NUMB	GroupB_exclusive			TK13,TK14	DEL	0	2
ENSG00000247363	NUP107-DT	GroupB_exclusive			TK13,TK14	DEL	0	2
ENSG00000137804	NUSAP1	GroupB_exclusive			TK13,TK14	DEL	0	2
ENSG00000046651	OFD1	GroupB_exclusive			TK12,TK13	DEL	0	2
ENSG00000134996	OSTF1	GroupB_exclusive			TK13,TK14	DEL	0	2
ENSG00000083720	OXCT1	GroupB_exclusive			TK13,TK14	DEL	0	2
ENSG00000257950	P2RX5-TAX1BP3	GroupB_exclusive			TK13,TK14	DEL	0	2
ENSG00000204279	PAGE3	GroupB_exclusive			TK13,TK14	DEL	0	2
ENSG00000158639	PAGE5	GroupB_exclusive			TK13,TK14	DEL	0	2
ENSG00000185630	PBX1	GroupB_exclusive			TK13,TK14	DEL	0	2
ENSG00000233693	PBX1-AS1	GroupB_exclusive			TK13,TK14	DEL	0	2
ENSG00000282977	PCBP2-OT1	GroupB_exclusive			TK13,TK14	DEL	0	2
ENSG00000135749	PCNX2	GroupB_exclusive			TK13,TK14	DEL	0	2
ENSG00000140479	PCSK6	GroupB_exclusive			TK13,TK14	DEL	0	2
ENSG00000065485	PDIA5	GroupB_exclusive			TK13,TK14	DEL	0	2
ENSG00000107438	PDLIM1	GroupB_exclusive			TK13,TK14	DEL	0	2
ENSG00000079739	PGM1	GroupB_exclusive			TK13,TK14	DEL	0	2
ENSG00000230224	PHB1P9	GroupB_exclusive			TK13,TK14	DEL	0	2
ENSG00000144362	PHOSPHO2	GroupB_exclusive			TK13,TK14	DEL	0	2
ENSG00000073921	PICALM	GroupB_exclusive			TK13,TK14	DEL	0	2
ENSG00000100100	PIK3IP1	GroupB_exclusive			TK12,TK13	DEL	0	2
ENSG00000145675	PIK3R1	GroupB_exclusive			TK12,TK14	DEL	0	2
ENSG00000186111	PIP5K1C	GroupB_exclusive			TK13,TK14	DEL	0	2
ENSG00000057757	PITHD1	GroupB_exclusive			TK13,TK14	DEL	0	2
ENSG00000197943	PLCG2	GroupB_exclusive			TK13,TK14	DEL	0	2
ENSG00000106086	PLEKHA8	GroupB_exclusive			TK13,TK14	DEL	0	2
ENSG00000064933	PMS1	GroupB_exclusive			TK13,TK14	DEL	0	2
ENSG00000114631	PODXL2	GroupB_exclusive			TK13,TK14	DEL	0	2
ENSG00000102978	POLR2C	GroupB_exclusive			TK13,TK14	DEL	0	2
ENSG00000100142	POLR2F	GroupB_exclusive			TK13,TK14	DEL	0	2
ENSG00000212993	POU5F1B	GroupB_exclusive			TK13,TK14	DEL	0	2
ENSG00000137168	PPIL1	GroupB_exclusive			TK13,TK14	DEL	0	2
ENSG00000115685	PPP1R7	GroupB_exclusive			TK13,TK14	DEL	0	2
ENSG00000154001	PPP2R5E	GroupB_exclusive			TK13,TK14	DEL	0	2
ENSG00000258388	PPT2-EGFL8	GroupB_exclusive			TK13,TK14	DEL	0	2
ENSG00000265060	PPY2P	GroupB_exclusive			TK13,TK14	DEL	0	2
ENSG00000290672	PPY2P	GroupB_exclusive			TK13,TK14	DEL	0	2
ENSG00000137509	PRCP	GroupB_exclusive			TK13,TK14	DEL	0	2
ENSG00000123131	PRDX4	GroupB_exclusive			TK13,TK14	DEL	0	2
ENSG00000164306	PRIMPOL	GroupB_exclusive			TK13,TK14	DEL	0	2
ENSG00000115825	PRKD3	GroupB_exclusive			TK13,TK14	DEL	0	2
ENSG00000080815	PSEN1	GroupB_exclusive			TK13,TK14	DEL	0	2
ENSG00000251332	PSME2P4	GroupB_exclusive			TK13,TK14	DEL	0	2
ENSG00000231550	PTCHD3P2	GroupB_exclusive			TK13,TK14	DEL	0	2
ENSG00000108825	PTGES3L-AARSD1	GroupB_exclusive			TK13,TK14	DEL	0	2
ENSG00000180011	PTGR3	GroupB_exclusive			TK13,TK14	DEL	0	2
ENSG00000196396	PTPN1	GroupB_exclusive			TK13,TK14	DEL	0	2
ENSG00000179295	PTPN11	GroupB_exclusive			TK13,TK14	DEL	0	2
ENSG00000100362	PVALB	GroupB_exclusive			TK13,TK14	DEL	0	2
ENSG00000253548	PYDC2	GroupB_exclusive			TK13,TK14	DEL	0	2
ENSG00000223812	PYDC2-AS1	GroupB_exclusive			TK13,TK14	DEL	0	2
ENSG00000237575	PYY2	GroupB_exclusive			TK13,TK14	DEL	0	2
ENSG00000290671	PYY2	GroupB_exclusive			TK13,TK14	DEL	0	2
ENSG00000115828	QPCT	GroupB_exclusive			TK13,TK14	DEL	0	2
ENSG00000103769	RAB11A	GroupB_exclusive			TK13,TK14	DEL	0	2
ENSG00000134594	RAB33A	GroupB_exclusive			TK13,TK14	DEL	0	2
ENSG00000168118	RAB4A	GroupB_exclusive			TK13,TK14	DEL	0	2
ENSG00000101146	RAE1	GroupB_exclusive			TK12,TK14	DEL	0	2
ENSG00000108557	RAI1	GroupB_exclusive			TK13,TK14	DEL	0	2
ENSG00000237328	RAI1-AS1	GroupB_exclusive			TK13,TK14	DEL	0	2
ENSG00000006451	RALA	GroupB_exclusive			TK13,TK14	DEL	0	2
ENSG00000228903	RASA4CP	GroupB_exclusive			TK13,TK14	DEL	0	2
ENSG00000111344	RASAL1	GroupB_exclusive			TK13,TK14	DEL	0	2
ENSG00000162437	RAVER2	GroupB_exclusive			TK13,TK14	DEL	0	2
ENSG00000080839	RBL1	GroupB_exclusive			TK13,TK14	DEL	0	2
ENSG00000103479	RBL2	GroupB_exclusive			TK13,TK14	DEL	0	2
ENSG00000248643	RBM14-RBM4	GroupB_exclusive			TK13,TK14	DEL	0	2
ENSG00000003756	RBM5	GroupB_exclusive			TK13,TK14	DEL	0	2
ENSG00000281691	RBM5-AS1	GroupB_exclusive			TK13,TK14	DEL	0	2
ENSG00000213516	RBMXL1	GroupB_exclusive			TK12,TK13	DEL	0	2
ENSG00000100387	RBX1	GroupB_exclusive			TK13,TK14	DEL	0	2
ENSG00000009413	REV3L	GroupB_exclusive			TK13,TK14	DEL	0	2
ENSG00000170854	RIOX2	GroupB_exclusive			TK13,TK14	DEL	0	2
ENSG00000201782	RN7SKP226	GroupB_exclusive			TK13,TK14	DEL	0	2
ENSG00000244296	RN7SL168P	GroupB_exclusive			TK13,TK14	DEL	0	2
ENSG00000243544	RN7SL172P	GroupB_exclusive			TK13,TK14	DEL	0	2
ENSG00000243333	RN7SL174P	GroupB_exclusive			TK13,TK14	DEL	0	2
ENSG00000242865	RN7SL244P	GroupB_exclusive			TK13,TK14	DEL	0	2
ENSG00000244425	RN7SL268P	GroupB_exclusive			TK13,TK14	DEL	0	2
ENSG00000243845	RN7SL30P	GroupB_exclusive			TK13,TK14	DEL	0	2
ENSG00000242170	RN7SL329P	GroupB_exclusive			TK13,TK14	DEL	0	2
ENSG00000243702	RN7SL638P	GroupB_exclusive			TK13,TK14	DEL	0	2
ENSG00000239742	RN7SL672P	GroupB_exclusive			TK13,TK14	DEL	0	2
ENSG00000222921	RNA5SP104	GroupB_exclusive			TK13,TK14	DEL	0	2
ENSG00000201532	RNA5SP194	GroupB_exclusive			TK13,TK14	DEL	0	2
ENSG00000201492	RNA5SP78	GroupB_exclusive			TK13,TK14	DEL	0	2
ENSG00000136104	RNASEH2B	GroupB_exclusive			TK13,TK14	DEL	0	2
ENSG00000124226	RNF114	GroupB_exclusive			TK13,TK14	DEL	0	2
ENSG00000134758	RNF138	GroupB_exclusive			TK13,TK14	DEL	0	2
ENSG00000167257	RNF214	GroupB_exclusive			TK13,TK14	DEL	0	2
ENSG00000267302	RNFT1-DT	GroupB_exclusive			TK13,TK14	DEL	0	2
ENSG00000212550	RNU1-78P	GroupB_exclusive			TK13,TK14	DEL	0	2
ENSG00000222501	RNU4-25P	GroupB_exclusive			TK13,TK14	DEL	0	2
ENSG00000222057	RNU4-62P	GroupB_exclusive			TK13,TK14	DEL	0	2
ENSG00000222320	RNU6-1050P	GroupB_exclusive			TK13,TK14	DEL	0	2
ENSG00000252361	RNU6-118P	GroupB_exclusive			TK13,TK14	DEL	0	2
ENSG00000252713	RNU6-1198P	GroupB_exclusive			TK13,TK14	DEL	0	2
ENSG00000201223	RNU6-1305P	GroupB_exclusive			TK13,TK14	DEL	0	2
ENSG00000252475	RNU6-1332P	GroupB_exclusive			TK13,TK14	DEL	0	2
ENSG00000207082	RNU6-171P	GroupB_exclusive			TK13,TK14	DEL	0	2
ENSG00000199700	RNU6-223P	GroupB_exclusive			TK13,TK14	DEL	0	2
ENSG00000206819	RNU6-260P	GroupB_exclusive			TK13,TK14	DEL	0	2
ENSG00000200389	RNU6-509P	GroupB_exclusive			TK13,TK14	DEL	0	2
ENSG00000200146	RNU6-544P	GroupB_exclusive			TK13,TK14	DEL	0	2
ENSG00000206859	RNU6-767P	GroupB_exclusive			TK13,TK14	DEL	0	2
ENSG00000212535	RNU6-808P	GroupB_exclusive			TK13,TK14	DEL	0	2
ENSG00000199306	RNU6-858P	GroupB_exclusive			TK13,TK14	DEL	0	2
ENSG00000272439	RNU6-91P	GroupB_exclusive			TK13,TK14	DEL	0	2
ENSG00000252288	RNU6-966P	GroupB_exclusive			TK13,TK14	DEL	0	2
ENSG00000212510	RNU6-972P	GroupB_exclusive			TK13,TK14	DEL	0	2
ENSG00000253437	RNU6-988P	GroupB_exclusive			TK13,TK14	DEL	0	2
ENSG00000207110	RNVU1-32	GroupB_exclusive			TK13,TK14	DEL	0	2
ENSG00000200537	RNY4P6	GroupB_exclusive			TK13,TK14	DEL	0	2
ENSG00000233010	RPEP4	GroupB_exclusive			TK13,TK14	DEL	0	2
ENSG00000242683	RPL12P21	GroupB_exclusive			TK13,TK14	DEL	0	2
ENSG00000240898	RPL21P125	GroupB_exclusive			TK13,TK14	DEL	0	2
ENSG00000241680	RPL31P49	GroupB_exclusive			TK13,TK14	DEL	0	2
ENSG00000224629	RPL36AP30	GroupB_exclusive			TK13,TK14	DEL	0	2
ENSG00000229339	RPL7AP83	GroupB_exclusive			TK13,TK14	DEL	0	2
ENSG00000215236	RPL7P33	GroupB_exclusive			TK13,TK14	DEL	0	2
ENSG00000241825	RPL7P42	GroupB_exclusive			TK13,TK14	DEL	0	2
ENSG00000242100	RPL9P32	GroupB_exclusive			TK13,TK14	DEL	0	2
ENSG00000223396	RPS10P7	GroupB_exclusive			TK13,TK14	DEL	0	2
ENSG00000233072	RPS15AP6	GroupB_exclusive			TK13,TK14	DEL	0	2
ENSG00000234354	RPS26P47	GroupB_exclusive			TK13,TK14	DEL	0	2
ENSG00000240974	RPS27AP10	GroupB_exclusive			TK12,TK14	DEL	0	2
ENSG00000226144	RPS27AP3	GroupB_exclusive			TK13,TK14	DEL	0	2
ENSG00000234268	RPS27P19	GroupB_exclusive			TK13,TK14	DEL	0	2
ENSG00000179157	RPS2P28	GroupB_exclusive			TK13,TK14	DEL	0	2
ENSG00000214389	RPS3AP26	GroupB_exclusive			TK13,TK14	DEL	0	2
ENSG00000231241	RPS3AP3	GroupB_exclusive			TK13,TK14	DEL	0	2
ENSG00000231940	RPS7P3	GroupB_exclusive			TK13,TK14	DEL	0	2
ENSG00000167524	RSKR	GroupB_exclusive			TK13,TK14	DEL	0	2
ENSG00000159579	RSPRY1	GroupB_exclusive			TK13,TK14	DEL	0	2
ENSG00000026036	RTEL1-TNFRSF6B	GroupB_exclusive			TK13,TK14	DEL	0	2
ENSG00000087302	RTRAF	GroupB_exclusive			TK13,TK14	DEL	0	2
ENSG00000004139	SARM1	GroupB_exclusive			TK13,TK14	DEL	0	2
ENSG00000073060	SCARB1	GroupB_exclusive			TK13,TK14	DEL	0	2
ENSG00000252906	SCARNA3	GroupB_exclusive			TK13,TK14	DEL	0	2
ENSG00000137575	SDCBP	GroupB_exclusive			TK13,TK14	DEL	0	2
ENSG00000274529	SEBOX	GroupB_exclusive			TK13,TK14	DEL	0	2
ENSG00000166562	SEC11C	GroupB_exclusive			TK13,TK14	DEL	0	2
ENSG00000085415	SEH1L	GroupB_exclusive			TK13,TK14	DEL	0	2
ENSG00000012171	SEMA3B	GroupB_exclusive			TK13,TK14	DEL	0	2
ENSG00000232352	SEMA3B-AS1	GroupB_exclusive			TK13,TK14	DEL	0	2
ENSG00000001617	SEMA3F	GroupB_exclusive			TK13,TK14	DEL	0	2
ENSG00000235016	SEMA3F-AS1	GroupB_exclusive			TK13,TK14	DEL	0	2
ENSG00000125354	SEPTIN6	GroupB_exclusive			TK13,TK14	DEL	0	2
ENSG00000170364	SETMAR	GroupB_exclusive			TK13,TK14	DEL	0	2
ENSG00000160584	SIK3	GroupB_exclusive			TK13,TK14	DEL	0	2
ENSG00000170085	SIMC1	GroupB_exclusive			TK13,TK14	DEL	0	2
ENSG00000154839	SKA1	GroupB_exclusive			TK13,TK14	DEL	0	2
ENSG00000145604	SKP2	GroupB_exclusive			TK13,TK14	DEL	0	2
ENSG00000148339	SLC25A25	GroupB_exclusive			TK13,TK14	DEL	0	2
ENSG00000147454	SLC25A37	GroupB_exclusive			TK13,TK14	DEL	0	2
ENSG00000188338	SLC38A3	GroupB_exclusive			TK13,TK14	DEL	0	2
ENSG00000204385	SLC44A4	GroupB_exclusive			TK13,TK14	DEL	0	2
ENSG00000076351	SLC46A1	GroupB_exclusive			TK13,TK14	DEL	0	2
ENSG00000089060	SLC8B1	GroupB_exclusive			TK13,TK14	DEL	0	2
ENSG00000137776	SLTM	GroupB_exclusive			TK13,TK14	DEL	0	2
ENSG00000226746	SMCR5	GroupB_exclusive			TK13,TK14	DEL	0	2
ENSG00000224531	SMIM13	GroupB_exclusive			TK13,TK14	DEL	0	2
ENSG00000088826	SMOX	GroupB_exclusive			TK13,TK14	DEL	0	2
ENSG00000130768	SMPDL3B	GroupB_exclusive			TK13,TK14	DEL	0	2
ENSG00000102172	SMS	GroupB_exclusive			TK13,TK14	DEL	0	2
ENSG00000212464	SNORA12	GroupB_exclusive			TK13,TK14	DEL	0	2
ENSG00000207313	SNORA2B	GroupB_exclusive			TK13,TK14	DEL	0	2
ENSG00000202379	SNORA70	GroupB_exclusive			TK13,TK14	DEL	0	2
ENSG00000239035	SNORD13D	GroupB_exclusive			TK13,TK14	DEL	0	2
ENSG00000199411	SNORD62	GroupB_exclusive			TK13,TK14	DEL	0	2
ENSG00000104852	SNRNP70	GroupB_exclusive			TK13,TK14	DEL	0	2
ENSG00000178996	SNX18	GroupB_exclusive			TK13,TK14	DEL	0	2
ENSG00000205302	SNX2	GroupB_exclusive			TK13,TK14	DEL	0	2
ENSG00000240350	SOCAR	GroupB_exclusive			TK13,TK14	DEL	0	2
ENSG00000140263	SORD	GroupB_exclusive			TK13,TK14	DEL	0	2
ENSG00000270623	SPCS2P2	GroupB_exclusive			TK13,TK14	DEL	0	2
ENSG00000066336	SPI1	GroupB_exclusive			TK13,TK14	DEL	0	2
ENSG00000118785	SPP1	GroupB_exclusive			TK12,TK13	DEL	0	2
ENSG00000123178	SPRYD7	GroupB_exclusive			TK13,TK14	DEL	0	2
ENSG00000165389	SPTSSA	GroupB_exclusive			TK13,TK14	DEL	0	2
ENSG00000075142	SRI	GroupB_exclusive			TK13,TK14	DEL	0	2
ENSG00000254003	SRI-AS1	GroupB_exclusive			TK13,TK14	DEL	0	2
ENSG00000143742	SRP9	GroupB_exclusive			TK13,TK14	DEL	0	2
ENSG00000096063	SRPK1	GroupB_exclusive			TK13,TK14	DEL	0	2
ENSG00000227832	ST13P21	GroupB_exclusive			TK13,TK14	DEL	0	2
ENSG00000148175	STOM	GroupB_exclusive			TK13,TK14	DEL	0	2
ENSG00000162236	STX5	GroupB_exclusive			TK13,TK14	DEL	0	2
ENSG00000137413	TAF8	GroupB_exclusive			TK13,TK14	DEL	0	2
ENSG00000102125	TAFAZZIN	GroupB_exclusive			TK13,TK14	DEL	0	2
ENSG00000135090	TAOK3	GroupB_exclusive			TK13,TK14	DEL	0	2
ENSG00000213977	TAX1BP3	GroupB_exclusive			TK13,TK14	DEL	0	2
ENSG00000179152	TCAIM	GroupB_exclusive			TK13,TK14	DEL	0	2
ENSG00000176148	TCP11L1	GroupB_exclusive			TK12,TK13	DEL	0	2
ENSG00000167014	TERB2	GroupB_exclusive			TK13,TK14	DEL	0	2
ENSG00000135269	TES	GroupB_exclusive			TK13,TK14	DEL	0	2
ENSG00000162851	TFB2M	GroupB_exclusive			TK13,TK14	DEL	0	2
ENSG00000112561	TFEB	GroupB_exclusive			TK13,TK14	DEL	0	2
ENSG00000173451	THAP2	GroupB_exclusive			TK13,TK14	DEL	0	2
ENSG00000119139	TJP2	GroupB_exclusive			TK13,TK14	DEL	0	2
ENSG00000104964	TLE5	GroupB_exclusive			TK13,TK14	DEL	0	2
ENSG00000171202	TMEM126A	GroupB_exclusive			TK13,TK14	DEL	0	2
ENSG00000135956	TMEM127	GroupB_exclusive			TK13,TK14	DEL	0	2
ENSG00000161558	TMEM143	GroupB_exclusive			TK13,TK14	DEL	0	2
ENSG00000244045	TMEM199	GroupB_exclusive			TK13,TK14	DEL	0	2
ENSG00000106771	TMEM245	GroupB_exclusive			TK13,TK14	DEL	0	2
ENSG00000116857	TMEM9	GroupB_exclusive			TK13,TK14	DEL	0	2
ENSG00000175348	TMEM9B	GroupB_exclusive			TK13,TK14	DEL	0	2
ENSG00000154646	TMPRSS15	GroupB_exclusive			TK13,TK14	DEL	0	2
ENSG00000139921	TMX1	GroupB_exclusive			TK13,TK14	DEL	0	2
ENSG00000109079	TNFAIP1	GroupB_exclusive			TK13,TK14	DEL	0	2
ENSG00000145779	TNFAIP8	GroupB_exclusive			TK13,TK14	DEL	0	2
ENSG00000157873	TNFRSF14	GroupB_exclusive			TK12,TK13	DEL	0	2
ENSG00000067182	TNFRSF1A	GroupB_exclusive			TK13,TK14	DEL	0	2
ENSG00000028137	TNFRSF1B	GroupB_exclusive			TK13,TK14	DEL	0	2
ENSG00000078902	TOLLIP	GroupB_exclusive			TK13,TK14	DEL	0	2
ENSG00000141933	TPGS1	GroupB_exclusive			TK13,TK14	DEL	0	2
ENSG00000232230	TPM4P1	GroupB_exclusive			TK13,TK14	DEL	0	2
ENSG00000056972	TRAF3IP2	GroupB_exclusive			TK13,TK14	DEL	0	2
ENSG00000183763	TRAIP	GroupB_exclusive			TK13,TK14	DEL	0	2
ENSG00000182606	TRAK1	GroupB_exclusive			TK13,TK14	DEL	0	2
ENSG00000108395	TRIM37	GroupB_exclusive			TK13,TK14	DEL	0	2
ENSG00000100106	TRIOBP	GroupB_exclusive			TK13,TK14	DEL	0	2
ENSG00000188917	TRMT2B	GroupB_exclusive			TK13,TK14	DEL	0	2
ENSG00000196689	TRPV1	GroupB_exclusive			TK13,TK14	DEL	0	2
ENSG00000128311	TST	GroupB_exclusive			TK13,TK14	DEL	0	2
ENSG00000006555	TTC22	GroupB_exclusive			TK13,TK14	DEL	0	2
ENSG00000155158	TTC39B	GroupB_exclusive			TK13,TK14	DEL	0	2
ENSG00000162222	TTC9C	GroupB_exclusive			TK13,TK14	DEL	0	2
ENSG00000125482	TTF1	GroupB_exclusive			TK13,TK14	DEL	0	2
ENSG00000075886	TUBA3D	GroupB_exclusive			TK13,TK14	DEL	0	2
ENSG00000126216	TUBGCP3	GroupB_exclusive			TK13,TK14	DEL	0	2
ENSG00000176912	TYMSOS	GroupB_exclusive			TK13,TK14	DEL	0	2
ENSG00000274197	U4	GroupB_exclusive			TK13,TK14	DEL	0	2
ENSG00000072401	UBE2D1	GroupB_exclusive			TK13,TK14	DEL	0	2
ENSG00000170142	UBE2E1	GroupB_exclusive			TK13,TK14	DEL	0	2
ENSG00000109775	UFSP2	GroupB_exclusive			TK13,TK14	DEL	0	2
ENSG00000234709	UPF3AP3	GroupB_exclusive			TK13,TK14	DEL	0	2
ENSG00000105176	URI1	GroupB_exclusive			TK13,TK14	DEL	0	2
ENSG00000058056	USP13	GroupB_exclusive			TK13,TK14	DEL	0	2
ENSG00000011260	UTP18	GroupB_exclusive			TK13,TK14	DEL	0	2
ENSG00000134086	VHL	GroupB_exclusive			TK13,TK14	DEL	0	2
ENSG00000006715	VPS41	GroupB_exclusive			TK13,TK14	DEL	0	2
ENSG00000100568	VTI1B	GroupB_exclusive			TK13,TK14	DEL	0	2
ENSG00000227759	VTI1BP4	GroupB_exclusive			TK13,TK14	DEL	0	2
ENSG00000109072	VTN	GroupB_exclusive			TK13,TK14	DEL	0	2
ENSG00000120008	WDR11	GroupB_exclusive			TK12,TK14	DEL	0	2
ENSG00000105875	WDR91	GroupB_exclusive			TK13,TK14	DEL	0	2
ENSG00000154767	XPC	GroupB_exclusive			TK13,TK14	DEL	0	2
ENSG00000015153	YAF2	GroupB_exclusive			TK13,TK14	DEL	0	2
ENSG00000181704	YIPF6	GroupB_exclusive			TK13,TK14	DEL	0	2
ENSG00000105248	YJU2	GroupB_exclusive			TK13,TK14	DEL	0	2
ENSG00000195401	Y_RNA	GroupB_exclusive			TK13,TK14	DEL	0	2
ENSG00000199471	Y_RNA	GroupB_exclusive			TK13,TK14	DEL	0	2
ENSG00000201644	Y_RNA	GroupB_exclusive			TK13,TK14	DEL	0	2
ENSG00000201778	Y_RNA	GroupB_exclusive			TK13,TK14	DEL	0	2
ENSG00000207086	Y_RNA	GroupB_exclusive			TK13,TK14	DEL	0	2
ENSG00000252171	Y_RNA	GroupB_exclusive			TK13,TK14	DEL	0	2
ENSG00000252412	Y_RNA	GroupB_exclusive			TK13,TK14	DEL	0	2
ENSG00000204366	ZBTB12	GroupB_exclusive			TK13,TK14	DEL	0	2
ENSG00000196323	ZBTB44	GroupB_exclusive			TK13,TK14	DEL	0	2
ENSG00000014164	ZC3H3	GroupB_exclusive			TK13,TK14	DEL	0	2
ENSG00000155256	ZFYVE27	GroupB_exclusive			TK13,TK14	DEL	0	2
ENSG00000100319	ZMAT5	GroupB_exclusive			TK13,TK14	DEL	0	2
ENSG00000166478	ZNF143	GroupB_exclusive			TK13,TK14	DEL	0	2
ENSG00000171606	ZNF274	GroupB_exclusive			TK13,TK14	DEL	0	2
ENSG00000065029	ZNF76	GroupB_exclusive			TK13,TK14	DEL	0	2
ENSG00000188372	ZP3	GroupB_exclusive			TK13,TK14	DEL	0	2
ENSG00000174442	ZWILCH	GroupB_exclusive			TK13,TK14	DEL	0	2
ENSG00000103591	AAGAB	GroupB_exclusive			TK13	DEL	0	1
ENSG00000008311	AASS	GroupB_exclusive			TK13	DEL	0	1
ENSG00000135776	ABCB10	GroupB_exclusive			TK14	DEL	0	1
ENSG00000139826	ABHD13	GroupB_exclusive			TK14	DEL	0	1
ENSG00000107362	ABHD17B	GroupB_exclusive			TK14	DEL	0	1
ENSG00000158201	ABHD3	GroupB_exclusive			TK14	DEL	0	1
ENSG00000011198	ABHD5	GroupB_exclusive			TK14	DEL	0	1
ENSG00000099204	ABLIM1	GroupB_exclusive			TK14	DEL	0	1
ENSG00000197142	ACSL5	GroupB_exclusive			TK13	DEL	0	1
ENSG00000241547	ACTG1P20	GroupB_exclusive			TK14	DEL	0	1
ENSG00000077080	ACTL6B	GroupB_exclusive			TK13	DEL	0	1
ENSG00000138071	ACTR2	GroupB_exclusive			TK14	DEL	0	1
ENSG00000114948	ADAM23	GroupB_exclusive			TK13	DEL	0	1
ENSG00000168615	ADAM9	GroupB_exclusive			TK14	DEL	0	1
ENSG00000133597	ADCK2	GroupB_exclusive			TK13	DEL	0	1
ENSG00000229122	AGBL5-IT1	GroupB_exclusive			TK14	DEL	0	1
ENSG00000123908	AGO2	GroupB_exclusive			TK14	DEL	0	1
ENSG00000174574	AKIRIN1	GroupB_exclusive			TK14	DEL	0	1
ENSG00000135334	AKIRIN2	GroupB_exclusive			TK14	DEL	0	1
ENSG00000271137	AKTIPP1	GroupB_exclusive			TK13	DEL	0	1
ENSG00000006534	ALDH3B1	GroupB_exclusive			TK13	DEL	0	1
ENSG00000109107	ALDOC	GroupB_exclusive			TK13	DEL	0	1
ENSG00000183684	ALYREF	GroupB_exclusive			TK12	DEL	0	1
ENSG00000144233	AMMECR1L	GroupB_exclusive			TK13	DEL	0	1
ENSG00000129055	ANAPC13	GroupB_exclusive			TK13	DEL	0	1
ENSG00000166295	ANAPC16	GroupB_exclusive			TK14	DEL	0	1
ENSG00000053900	ANAPC4	GroupB_exclusive			TK14	DEL	0	1
ENSG00000217165	ANKRD18EP	GroupB_exclusive			TK14	DEL	0	1
ENSG00000107890	ANKRD26	GroupB_exclusive			TK13	DEL	0	1
ENSG00000136938	ANP32B	GroupB_exclusive			TK14	DEL	0	1
ENSG00000135046	ANXA1	GroupB_exclusive			TK13	DEL	0	1
ENSG00000042753	AP2S1	GroupB_exclusive			TK13	DEL	0	1
ENSG00000134262	AP4B1	GroupB_exclusive			TK12	DEL	0	1
ENSG00000053770	AP5M1	GroupB_exclusive			TK13	DEL	0	1
ENSG00000077420	APBB1IP	GroupB_exclusive			TK14	DEL	0	1
ENSG00000021776	AQR	GroupB_exclusive			TK14	DEL	0	1
ENSG00000101199	ARFGAP1	GroupB_exclusive			TK13	DEL	0	1
ENSG00000101246	ARFRP1	GroupB_exclusive			TK13	DEL	0	1
ENSG00000198826	ARHGAP11A	GroupB_exclusive			TK14	DEL	0	1
ENSG00000204959	ARHGEF34P	GroupB_exclusive			TK13	DEL	0	1
ENSG00000213214	ARHGEF35	GroupB_exclusive			TK13	DEL	0	1
ENSG00000244198	ARHGEF35-AS1	GroupB_exclusive			TK13	DEL	0	1
ENSG00000125449	ARMC7	GroupB_exclusive			TK14	DEL	0	1
ENSG00000114098	ARMC8	GroupB_exclusive			TK14	DEL	0	1
ENSG00000120029	ARMH3	GroupB_exclusive			TK13	DEL	0	1
ENSG00000136950	ARPC5L	GroupB_exclusive			TK13	DEL	0	1
ENSG00000164291	ARSK	GroupB_exclusive			TK13	DEL	0	1
ENSG00000171456	ASXL1	GroupB_exclusive			TK13	DEL	0	1
ENSG00000171681	ATF7IP	GroupB_exclusive			TK14	DEL	0	1
ENSG00000168397	ATG4B	GroupB_exclusive			TK14	DEL	0	1
ENSG00000125703	ATG4C	GroupB_exclusive			TK14	DEL	0	1
ENSG00000119787	ATL2	GroupB_exclusive			TK13	DEL	0	1
ENSG00000233058	ATP13A3-DT	GroupB_exclusive			TK14	DEL	0	1
ENSG00000224421	ATP5MFP1	GroupB_exclusive			TK13	DEL	0	1
ENSG00000155097	ATP6V1C1	GroupB_exclusive			TK14	DEL	0	1
ENSG00000131100	ATP6V1E1	GroupB_exclusive			TK13	DEL	0	1
ENSG00000249372	ATP6V1G1P6	GroupB_exclusive			TK13	DEL	0	1
ENSG00000165240	ATP7A	GroupB_exclusive			TK13	DEL	0	1
ENSG00000081923	ATP8B1	GroupB_exclusive			TK12	DEL	0	1
ENSG00000107518	ATRNL1	GroupB_exclusive			TK14	DEL	0	1
ENSG00000204842	ATXN2	GroupB_exclusive			TK14	DEL	0	1
ENSG00000146776	ATXN7L1	GroupB_exclusive			TK13	DEL	0	1
ENSG00000148090	AUH	GroupB_exclusive			TK13	DEL	0	1
ENSG00000213033	AURKAP1	GroupB_exclusive			TK13	DEL	0	1
ENSG00000214313	AZGP1P1	GroupB_exclusive			TK14	DEL	0	1
ENSG00000291148	AZGP1P1	GroupB_exclusive			TK14	DEL	0	1
ENSG00000176383	B3GNT4	GroupB_exclusive			TK12	DEL	0	1
ENSG00000086062	B4GALT1	GroupB_exclusive			TK13	DEL	0	1
ENSG00000107262	BAG1	GroupB_exclusive			TK13	DEL	0	1
ENSG00000112208	BAG2	GroupB_exclusive			TK13	DEL	0	1
ENSG00000138376	BARD1	GroupB_exclusive			TK13	DEL	0	1
ENSG00000156127	BATF	GroupB_exclusive			TK14	DEL	0	1
ENSG00000085185	BCORL1	GroupB_exclusive			TK13	DEL	0	1
ENSG00000197299	BLM	GroupB_exclusive			TK14	DEL	0	1
ENSG00000135441	BLOC1S1	GroupB_exclusive			TK12	DEL	0	1
ENSG00000168487	BMP1	GroupB_exclusive			TK14	DEL	0	1
ENSG00000271661	BNIP3P36	GroupB_exclusive			TK13	DEL	0	1
ENSG00000270479	BNIP3P37	GroupB_exclusive			TK13	DEL	0	1
ENSG00000273791	BNIP3P47	GroupB_exclusive			TK14	DEL	0	1
ENSG00000145919	BOD1	GroupB_exclusive			TK14	DEL	0	1
ENSG00000152430	BOLL	GroupB_exclusive			TK13	DEL	0	1
ENSG00000136122	BORA	GroupB_exclusive			TK13	DEL	0	1
ENSG00000100916	BRMS1L	GroupB_exclusive			TK13	DEL	0	1
ENSG00000162819	BROX	GroupB_exclusive			TK13	DEL	0	1
ENSG00000160469	BRSK1	GroupB_exclusive			TK13	DEL	0	1
ENSG00000267751	BSG-AS1	GroupB_exclusive			TK12	DEL	0	1
ENSG00000169814	BTD	GroupB_exclusive			TK13	DEL	0	1
ENSG00000110696	C11orf58	GroupB_exclusive			TK14	DEL	0	1
ENSG00000152242	C18orf25	GroupB_exclusive			TK13	DEL	0	1
ENSG00000287151	C2orf27A	GroupB_exclusive			TK14	DEL	0	1
ENSG00000178074	C2orf69	GroupB_exclusive			TK14	DEL	0	1
ENSG00000248503	C4orf46P2	GroupB_exclusive			TK13	DEL	0	1
ENSG00000106804	C5	GroupB_exclusive			TK13	DEL	0	1
ENSG00000067191	CACNB1	GroupB_exclusive			TK14	DEL	0	1
ENSG00000064989	CALCRL	GroupB_exclusive			TK14	DEL	0	1
ENSG00000143919	CAMKMT	GroupB_exclusive			TK13	DEL	0	1
ENSG00000156017	CARNMT1	GroupB_exclusive			TK14	DEL	0	1
ENSG00000108349	CASC3	GroupB_exclusive			TK14	DEL	0	1
ENSG00000106144	CASP2	GroupB_exclusive			TK12	DEL	0	1
ENSG00000064012	CASP8	GroupB_exclusive			TK14	DEL	0	1
ENSG00000135736	CCDC102A	GroupB_exclusive			TK13	DEL	0	1
ENSG00000169193	CCDC126	GroupB_exclusive			TK13	DEL	0	1
ENSG00000122483	CCDC18	GroupB_exclusive			TK14	DEL	0	1
ENSG00000024862	CCDC28A	GroupB_exclusive			TK13	DEL	0	1
ENSG00000152492	CCDC50	GroupB_exclusive			TK14	DEL	0	1
ENSG00000108091	CCDC6	GroupB_exclusive			TK14	DEL	0	1
ENSG00000198624	CCDC69	GroupB_exclusive			TK14	DEL	0	1
ENSG00000157456	CCNB2	GroupB_exclusive			TK14	DEL	0	1
ENSG00000112237	CCNC	GroupB_exclusive			TK14	DEL	0	1
ENSG00000223896	CCNJP2	GroupB_exclusive			TK13	DEL	0	1
ENSG00000269845	CCNYL6	GroupB_exclusive			TK14	DEL	0	1
ENSG00000110651	CD81	GroupB_exclusive			TK14	DEL	0	1
ENSG00000010278	CD9	GroupB_exclusive			TK13	DEL	0	1
ENSG00000102181	CD99L2	GroupB_exclusive			TK14	DEL	0	1
ENSG00000231007	CDC20P1	GroupB_exclusive			TK13	DEL	0	1
ENSG00000134690	CDCA8	GroupB_exclusive			TK14	DEL	0	1
ENSG00000059758	CDK17	GroupB_exclusive			TK14	DEL	0	1
ENSG00000227255	CDRT15P2	GroupB_exclusive			TK14	DEL	0	1
ENSG00000151725	CENPU	GroupB_exclusive			TK13	DEL	0	1
ENSG00000174799	CEP135	GroupB_exclusive			TK13	DEL	0	1
ENSG00000188931	CFAP126	GroupB_exclusive			TK14	DEL	0	1
ENSG00000159259	CHAF1B	GroupB_exclusive			TK13	DEL	0	1
ENSG00000270849	CHCHD2P3	GroupB_exclusive			TK13	DEL	0	1
ENSG00000163528	CHCHD4	GroupB_exclusive			TK14	DEL	0	1
ENSG00000110721	CHKA	GroupB_exclusive			TK14	DEL	0	1
ENSG00000130724	CHMP2A	GroupB_exclusive			TK12	DEL	0	1
ENSG00000083937	CHMP2B	GroupB_exclusive			TK14	DEL	0	1
ENSG00000223960	CHROMR	GroupB_exclusive			TK12	DEL	0	1
ENSG00000277972	CISD3	GroupB_exclusive			TK12	DEL	0	1
ENSG00000122966	CIT	GroupB_exclusive			TK14	DEL	0	1
ENSG00000163539	CLASP2	GroupB_exclusive			TK13	DEL	0	1
ENSG00000115295	CLIP4	GroupB_exclusive			TK13	DEL	0	1
ENSG00000113240	CLK4	GroupB_exclusive			TK14	DEL	0	1
ENSG00000122705	CLTA	GroupB_exclusive			TK14	DEL	0	1
ENSG00000155508	CNOT8	GroupB_exclusive			TK13	DEL	0	1
ENSG00000145781	COMMD10	GroupB_exclusive			TK14	DEL	0	1
ENSG00000169019	COMMD8	GroupB_exclusive			TK14	DEL	0	1
ENSG00000141030	COPS3	GroupB_exclusive			TK13	DEL	0	1
ENSG00000138663	COPS4	GroupB_exclusive			TK13	DEL	0	1
ENSG00000132423	COQ3	GroupB_exclusive			TK13	DEL	0	1
ENSG00000172912	COX6B1P3	GroupB_exclusive			TK14	DEL	0	1
ENSG00000131174	COX7B	GroupB_exclusive			TK13	DEL	0	1
ENSG00000169372	CRADD	GroupB_exclusive			TK13	DEL	0	1
ENSG00000258274	CRADD-AS1	GroupB_exclusive			TK13	DEL	0	1
ENSG00000118260	CREB1	GroupB_exclusive			TK14	DEL	0	1
ENSG00000184164	CRELD2	GroupB_exclusive			TK12	DEL	0	1
ENSG00000105662	CRTC1	GroupB_exclusive			TK13	DEL	0	1
ENSG00000213923	CSNK1E	GroupB_exclusive			TK12	DEL	0	1
ENSG00000070770	CSNK2A2	GroupB_exclusive			TK14	DEL	0	1
ENSG00000144655	CSRNP1	GroupB_exclusive			TK14	DEL	0	1
ENSG00000224536	CSRP1-AS1	GroupB_exclusive			TK14	DEL	0	1
ENSG00000077984	CST7	GroupB_exclusive			TK14	DEL	0	1
ENSG00000270946	CT45A9	GroupB_exclusive			TK14	DEL	0	1
ENSG00000289604	CTAGE8	GroupB_exclusive			TK13	DEL	0	1
ENSG00000102974	CTCF	GroupB_exclusive			TK14	DEL	0	1
ENSG00000116761	CTH	GroupB_exclusive			TK13	DEL	0	1
ENSG00000163599	CTLA4	GroupB_exclusive			TK12	DEL	0	1
ENSG00000256043	CTSO	GroupB_exclusive			TK13	DEL	0	1
ENSG00000139842	CUL4A	GroupB_exclusive			TK14	DEL	0	1
ENSG00000163510	CWC22	GroupB_exclusive			TK13	DEL	0	1
ENSG00000255379	CYCSP29	GroupB_exclusive			TK13	DEL	0	1
ENSG00000262870	CYCSP40	GroupB_exclusive			TK12	DEL	0	1
ENSG00000197446	CYP2F1	GroupB_exclusive			TK13	DEL	0	1
ENSG00000268529	CYP2T3P	GroupB_exclusive			TK13	DEL	0	1
ENSG00000100592	DAAM1	GroupB_exclusive			TK14	DEL	0	1
ENSG00000164535	DAGLB	GroupB_exclusive			TK14	DEL	0	1
ENSG00000138231	DBR1	GroupB_exclusive			TK13	DEL	0	1
ENSG00000145041	DCAF1	GroupB_exclusive			TK13	DEL	0	1
ENSG00000143164	DCAF6	GroupB_exclusive			TK14	DEL	0	1
ENSG00000172992	DCAKD	GroupB_exclusive			TK13	DEL	0	1
ENSG00000156136	DCK	GroupB_exclusive			TK12	DEL	0	1
ENSG00000151065	DCP1B	GroupB_exclusive			TK12	DEL	0	1
ENSG00000137100	DCTN3	GroupB_exclusive			TK13	DEL	0	1
ENSG00000166847	DCTN5	GroupB_exclusive			TK14	DEL	0	1
ENSG00000230683	DDTP1	GroupB_exclusive			TK13	DEL	0	1
ENSG00000123064	DDX54	GroupB_exclusive			TK12	DEL	0	1
ENSG00000242612	DECR2	GroupB_exclusive			TK13	DEL	0	1
ENSG00000165507	DEPP1	GroupB_exclusive			TK14	DEL	0	1
ENSG00000232303	DFFBP1	GroupB_exclusive			TK13	DEL	0	1
ENSG00000077044	DGKD	GroupB_exclusive			TK14	DEL	0	1
ENSG00000109016	DHRS7B	GroupB_exclusive			TK13	DEL	0	1
ENSG00000083520	DIS3	GroupB_exclusive			TK13	DEL	0	1
ENSG00000150768	DLAT	GroupB_exclusive			TK14	DEL	0	1
ENSG00000135164	DMTF1	GroupB_exclusive			TK14	DEL	0	1
ENSG00000108176	DNAJC12	GroupB_exclusive			TK14	DEL	0	1
ENSG00000126698	DNAJC8	GroupB_exclusive			TK13	DEL	0	1
ENSG00000013563	DNASE1L1	GroupB_exclusive			TK13	DEL	0	1
ENSG00000088305	DNMT3B	GroupB_exclusive			TK13	DEL	0	1
ENSG00000112667	DNPH1	GroupB_exclusive			TK12	DEL	0	1
ENSG00000144048	DUSP11	GroupB_exclusive			TK14	DEL	0	1
ENSG00000254388	DUTP2	GroupB_exclusive			TK14	DEL	0	1
ENSG00000127334	DYRK2	GroupB_exclusive			TK14	DEL	0	1
ENSG00000136160	EDNRB	GroupB_exclusive			TK13	DEL	0	1
ENSG00000245205	EEF1A1P4	GroupB_exclusive			TK13	DEL	0	1
ENSG00000142634	EFHD2	GroupB_exclusive			TK14	DEL	0	1
ENSG00000143590	EFNA3	GroupB_exclusive			TK13	DEL	0	1
ENSG00000255150	EID3	GroupB_exclusive			TK14	DEL	0	1
ENSG00000234882	EIF3EP1	GroupB_exclusive			TK14	DEL	0	1
ENSG00000178982	EIF3K	GroupB_exclusive			TK13	DEL	0	1
ENSG00000227382	EIF4A2P2	GroupB_exclusive			TK14	DEL	0	1
ENSG00000063046	EIF4B	GroupB_exclusive			TK13	DEL	0	1
ENSG00000258870	EIF4EBP1P1	GroupB_exclusive			TK14	DEL	0	1
ENSG00000154582	ELOC	GroupB_exclusive			TK14	DEL	0	1
ENSG00000104412	EMC2	GroupB_exclusive			TK14	DEL	0	1
ENSG00000111405	ENDOU	GroupB_exclusive			TK14	DEL	0	1
ENSG00000083622	ENSG00000083622	GroupB_exclusive			TK14	DEL	0	1
ENSG00000125695	ENSG00000125695	GroupB_exclusive			TK12	DEL	0	1
ENSG00000177359	ENSG00000177359	GroupB_exclusive			TK12	DEL	0	1
ENSG00000177725	ENSG00000177725	GroupB_exclusive			TK14	DEL	0	1
ENSG00000183562	ENSG00000183562	GroupB_exclusive			TK14	DEL	0	1
ENSG00000215840	ENSG00000215840	GroupB_exclusive			TK14	DEL	0	1
ENSG00000218073	ENSG00000218073	GroupB_exclusive			TK14	DEL	0	1
ENSG00000219529	ENSG00000219529	GroupB_exclusive			TK14	DEL	0	1
ENSG00000220446	ENSG00000220446	GroupB_exclusive			TK14	DEL	0	1
ENSG00000220695	ENSG00000220695	GroupB_exclusive			TK14	DEL	0	1
ENSG00000222017	ENSG00000222017	GroupB_exclusive			TK13	DEL	0	1
ENSG00000222604	ENSG00000222604	GroupB_exclusive			TK14	DEL	0	1
ENSG00000223390	ENSG00000223390	GroupB_exclusive			TK14	DEL	0	1
ENSG00000223831	ENSG00000223831	GroupB_exclusive			TK12	DEL	0	1
ENSG00000225075	ENSG00000225075	GroupB_exclusive			TK14	DEL	0	1
ENSG00000225118	ENSG00000225118	GroupB_exclusive			TK14	DEL	0	1
ENSG00000225216	ENSG00000225216	GroupB_exclusive			TK14	DEL	0	1
ENSG00000225616	ENSG00000225616	GroupB_exclusive			TK13	DEL	0	1
ENSG00000225931	ENSG00000225931	GroupB_exclusive			TK13	DEL	0	1
ENSG00000226329	ENSG00000226329	GroupB_exclusive			TK14	DEL	0	1
ENSG00000227512	ENSG00000227512	GroupB_exclusive			TK14	DEL	0	1
ENSG00000227573	ENSG00000227573	GroupB_exclusive			TK14	DEL	0	1
ENSG00000227782	ENSG00000227782	GroupB_exclusive			TK13	DEL	0	1
ENSG00000228170	ENSG00000228170	GroupB_exclusive			TK13	DEL	0	1
ENSG00000228477	ENSG00000228477	GroupB_exclusive			TK13	DEL	0	1
ENSG00000228554	ENSG00000228554	GroupB_exclusive			TK13	DEL	0	1
ENSG00000229044	ENSG00000229044	GroupB_exclusive			TK14	DEL	0	1
ENSG00000229587	ENSG00000229587	GroupB_exclusive			TK14	DEL	0	1
ENSG00000229915	ENSG00000229915	GroupB_exclusive			TK13	DEL	0	1
ENSG00000230551	ENSG00000230551	GroupB_exclusive			TK14	DEL	0	1
ENSG00000231760	ENSG00000231760	GroupB_exclusive			TK14	DEL	0	1
ENSG00000232080	ENSG00000232080	GroupB_exclusive			TK13	DEL	0	1
ENSG00000233090	ENSG00000233090	GroupB_exclusive			TK14	DEL	0	1
ENSG00000233170	ENSG00000233170	GroupB_exclusive			TK14	DEL	0	1
ENSG00000233193	ENSG00000233193	GroupB_exclusive			TK14	DEL	0	1
ENSG00000235035	ENSG00000235035	GroupB_exclusive			TK14	DEL	0	1
ENSG00000235286	ENSG00000235286	GroupB_exclusive			TK14	DEL	0	1
ENSG00000236896	ENSG00000236896	GroupB_exclusive			TK14	DEL	0	1
ENSG00000236924	ENSG00000236924	GroupB_exclusive			TK14	DEL	0	1
ENSG00000237347	ENSG00000237347	GroupB_exclusive			TK14	DEL	0	1
ENSG00000237718	ENSG00000237718	GroupB_exclusive			TK14	DEL	0	1
ENSG00000237875	ENSG00000237875	GroupB_exclusive			TK13	DEL	0	1
ENSG00000238084	ENSG00000238084	GroupB_exclusive			TK14	DEL	0	1
ENSG00000239096	ENSG00000239096	GroupB_exclusive			TK13	DEL	0	1
ENSG00000239783	ENSG00000239783	GroupB_exclusive			TK14	DEL	0	1
ENSG00000240096	ENSG00000240096	GroupB_exclusive			TK13	DEL	0	1
ENSG00000243107	ENSG00000243107	GroupB_exclusive			TK12	DEL	0	1
ENSG00000243305	ENSG00000243305	GroupB_exclusive			TK14	DEL	0	1
ENSG00000244380	ENSG00000244380	GroupB_exclusive			TK12	DEL	0	1
ENSG00000244675	ENSG00000244675	GroupB_exclusive			TK14	DEL	0	1
ENSG00000247049	ENSG00000247049	GroupB_exclusive			TK14	DEL	0	1
ENSG00000248625	ENSG00000248625	GroupB_exclusive			TK13	DEL	0	1
ENSG00000249803	ENSG00000249803	GroupB_exclusive			TK13	DEL	0	1
ENSG00000249955	ENSG00000249955	GroupB_exclusive			TK13	DEL	0	1
ENSG00000250322	ENSG00000250322	GroupB_exclusive			TK14	DEL	0	1
ENSG00000250659	ENSG00000250659	GroupB_exclusive			TK13	DEL	0	1
ENSG00000250734	ENSG00000250734	GroupB_exclusive			TK13	DEL	0	1
ENSG00000251200	ENSG00000251200	GroupB_exclusive			TK13	DEL	0	1
ENSG00000251354	ENSG00000251354	GroupB_exclusive			TK14	DEL	0	1
ENSG00000251922	ENSG00000251922	GroupB_exclusive			TK13	DEL	0	1
ENSG00000252218	ENSG00000252218	GroupB_exclusive			TK14	DEL	0	1
ENSG00000253330	ENSG00000253330	GroupB_exclusive			TK14	DEL	0	1
ENSG00000254065	ENSG00000254065	GroupB_exclusive			TK14	DEL	0	1
ENSG00000254192	ENSG00000254192	GroupB_exclusive			TK13	DEL	0	1
ENSG00000254682	ENSG00000254682	GroupB_exclusive			TK12	DEL	0	1
ENSG00000254730	ENSG00000254730	GroupB_exclusive			TK13	DEL	0	1
ENSG00000255306	ENSG00000255306	GroupB_exclusive			TK13	DEL	0	1
ENSG00000255843	ENSG00000255843	GroupB_exclusive			TK13	DEL	0	1
ENSG00000255845	ENSG00000255845	GroupB_exclusive			TK13	DEL	0	1
ENSG00000255893	ENSG00000255893	GroupB_exclusive			TK13	DEL	0	1
ENSG00000256116	ENSG00000256116	GroupB_exclusive			TK12	DEL	0	1
ENSG00000256361	ENSG00000256361	GroupB_exclusive			TK14	DEL	0	1
ENSG00000256566	ENSG00000256566	GroupB_exclusive			TK13	DEL	0	1
ENSG00000256827	ENSG00000256827	GroupB_exclusive			TK14	DEL	0	1
ENSG00000257058	ENSG00000257058	GroupB_exclusive			TK13	DEL	0	1
ENSG00000257392	ENSG00000257392	GroupB_exclusive			TK14	DEL	0	1
ENSG00000257426	ENSG00000257426	GroupB_exclusive			TK14	DEL	0	1
ENSG00000257475	ENSG00000257475	GroupB_exclusive			TK13	DEL	0	1
ENSG00000257715	ENSG00000257715	GroupB_exclusive			TK14	DEL	0	1
ENSG00000257921	ENSG00000257921	GroupB_exclusive			TK13	DEL	0	1
ENSG00000258072	ENSG00000258072	GroupB_exclusive			TK14	DEL	0	1
ENSG00000258303	ENSG00000258303	GroupB_exclusive			TK13	DEL	0	1
ENSG00000258428	ENSG00000258428	GroupB_exclusive			TK13	DEL	0	1
ENSG00000259115	ENSG00000259115	GroupB_exclusive			TK14	DEL	0	1
ENSG00000259191	ENSG00000259191	GroupB_exclusive			TK13	DEL	0	1
ENSG00000259621	ENSG00000259621	GroupB_exclusive			TK13	DEL	0	1
ENSG00000259659	ENSG00000259659	GroupB_exclusive			TK13	DEL	0	1
ENSG00000260132	ENSG00000260132	GroupB_exclusive			TK13	DEL	0	1
ENSG00000260545	ENSG00000260545	GroupB_exclusive			TK14	DEL	0	1
ENSG00000261114	ENSG00000261114	GroupB_exclusive			TK12	DEL	0	1
ENSG00000261270	ENSG00000261270	GroupB_exclusive			TK12	DEL	0	1
ENSG00000261320	ENSG00000261320	GroupB_exclusive			TK13	DEL	0	1
ENSG00000261430	ENSG00000261430	GroupB_exclusive			TK14	DEL	0	1
ENSG00000261573	ENSG00000261573	GroupB_exclusive			TK14	DEL	0	1
ENSG00000262147	ENSG00000262147	GroupB_exclusive			TK14	DEL	0	1
ENSG00000262228	ENSG00000262228	GroupB_exclusive			TK14	DEL	0	1
ENSG00000262262	ENSG00000262262	GroupB_exclusive			TK14	DEL	0	1
ENSG00000262652	ENSG00000262652	GroupB_exclusive			TK13	DEL	0	1
ENSG00000263212	ENSG00000263212	GroupB_exclusive			TK14	DEL	0	1
ENSG00000263982	ENSG00000263982	GroupB_exclusive			TK13	DEL	0	1
ENSG00000264895	ENSG00000264895	GroupB_exclusive			TK14	DEL	0	1
ENSG00000265136	ENSG00000265136	GroupB_exclusive			TK13	DEL	0	1
ENSG00000265168	ENSG00000265168	GroupB_exclusive			TK13	DEL	0	1
ENSG00000265287	ENSG00000265287	GroupB_exclusive			TK13	DEL	0	1
ENSG00000265303	ENSG00000265303	GroupB_exclusive			TK13	DEL	0	1
ENSG00000265356	ENSG00000265356	GroupB_exclusive			TK13	DEL	0	1
ENSG00000265511	ENSG00000265511	GroupB_exclusive			TK13	DEL	0	1
ENSG00000265519	ENSG00000265519	GroupB_exclusive			TK14	DEL	0	1
ENSG00000266261	ENSG00000266261	GroupB_exclusive			TK14	DEL	0	1
ENSG00000266965	ENSG00000266965	GroupB_exclusive			TK13	DEL	0	1
ENSG00000267036	ENSG00000267036	GroupB_exclusive			TK14	DEL	0	1
ENSG00000267168	ENSG00000267168	GroupB_exclusive			TK13	DEL	0	1
ENSG00000267227	ENSG00000267227	GroupB_exclusive			TK14	DEL	0	1
ENSG00000267264	ENSG00000267264	GroupB_exclusive			TK14	DEL	0	1
ENSG00000267318	ENSG00000267318	GroupB_exclusive			TK13	DEL	0	1
ENSG00000267476	ENSG00000267476	GroupB_exclusive			TK14	DEL	0	1
ENSG00000267674	ENSG00000267674	GroupB_exclusive			TK13	DEL	0	1
ENSG00000267682	ENSG00000267682	GroupB_exclusive			TK13	DEL	0	1
ENSG00000267886	ENSG00000267886	GroupB_exclusive			TK13	DEL	0	1
ENSG00000267980	ENSG00000267980	GroupB_exclusive			TK12	DEL	0	1
ENSG00000268105	ENSG00000268105	GroupB_exclusive			TK13	DEL	0	1
ENSG00000268218	ENSG00000268218	GroupB_exclusive			TK13	DEL	0	1
ENSG00000268279	ENSG00000268279	GroupB_exclusive			TK13	DEL	0	1
ENSG00000268670	ENSG00000268670	GroupB_exclusive			TK13	DEL	0	1
ENSG00000269082	ENSG00000269082	GroupB_exclusive			TK13	DEL	0	1
ENSG00000269085	ENSG00000269085	GroupB_exclusive			TK14	DEL	0	1
ENSG00000269543	ENSG00000269543	GroupB_exclusive			TK13	DEL	0	1
ENSG00000269924	ENSG00000269924	GroupB_exclusive			TK14	DEL	0	1
ENSG00000270099	ENSG00000270099	GroupB_exclusive			TK14	DEL	0	1
ENSG00000270462	ENSG00000270462	GroupB_exclusive			TK14	DEL	0	1
ENSG00000270708	ENSG00000270708	GroupB_exclusive			TK13	DEL	0	1
ENSG00000270857	ENSG00000270857	GroupB_exclusive			TK14	DEL	0	1
ENSG00000271269	ENSG00000271269	GroupB_exclusive			TK14	DEL	0	1
ENSG00000271366	ENSG00000271366	GroupB_exclusive			TK14	DEL	0	1
ENSG00000271664	ENSG00000271664	GroupB_exclusive			TK14	DEL	0	1
ENSG00000271810	ENSG00000271810	GroupB_exclusive			TK14	DEL	0	1
ENSG00000271917	ENSG00000271917	GroupB_exclusive			TK13	DEL	0	1
ENSG00000272148	ENSG00000272148	GroupB_exclusive			TK14	DEL	0	1
ENSG00000272153	ENSG00000272153	GroupB_exclusive			TK12	DEL	0	1
ENSG00000272175	ENSG00000272175	GroupB_exclusive			TK14	DEL	0	1
ENSG00000272345	ENSG00000272345	GroupB_exclusive			TK12	DEL	0	1
ENSG00000272369	ENSG00000272369	GroupB_exclusive			TK13	DEL	0	1
ENSG00000272518	ENSG00000272518	GroupB_exclusive			TK14	DEL	0	1
ENSG00000272647	ENSG00000272647	GroupB_exclusive			TK12	DEL	0	1
ENSG00000272657	ENSG00000272657	GroupB_exclusive			TK13	DEL	0	1
ENSG00000273010	ENSG00000273010	GroupB_exclusive			TK14	DEL	0	1
ENSG00000273058	ENSG00000273058	GroupB_exclusive			TK14	DEL	0	1
ENSG00000273387	ENSG00000273387	GroupB_exclusive			TK14	DEL	0	1
ENSG00000273797	ENSG00000273797	GroupB_exclusive			TK13	DEL	0	1
ENSG00000274272	ENSG00000274272	GroupB_exclusive			TK13	DEL	0	1
ENSG00000274308	ENSG00000274308	GroupB_exclusive			TK13	DEL	0	1
ENSG00000274987	ENSG00000274987	GroupB_exclusive			TK14	DEL	0	1
ENSG00000275197	ENSG00000275197	GroupB_exclusive			TK14	DEL	0	1
ENSG00000275481	ENSG00000275481	GroupB_exclusive			TK13	DEL	0	1
ENSG00000275919	ENSG00000275919	GroupB_exclusive			TK13	DEL	0	1
ENSG00000276150	ENSG00000276150	GroupB_exclusive			TK14	DEL	0	1
ENSG00000276362	ENSG00000276362	GroupB_exclusive			TK13	DEL	0	1
ENSG00000276418	ENSG00000276418	GroupB_exclusive			TK14	DEL	0	1
ENSG00000276573	ENSG00000276573	GroupB_exclusive			TK14	DEL	0	1
ENSG00000276704	ENSG00000276704	GroupB_exclusive			TK14	DEL	0	1
ENSG00000276855	ENSG00000276855	GroupB_exclusive			TK14	DEL	0	1
ENSG00000277882	ENSG00000277882	GroupB_exclusive			TK14	DEL	0	1
ENSG00000277978	ENSG00000277978	GroupB_exclusive			TK14	DEL	0	1
ENSG00000278231	ENSG00000278231	GroupB_exclusive			TK13	DEL	0	1
ENSG00000278861	ENSG00000278861	GroupB_exclusive			TK14	DEL	0	1
ENSG00000278896	ENSG00000278896	GroupB_exclusive			TK13	DEL	0	1
ENSG00000279404	ENSG00000279404	GroupB_exclusive			TK14	DEL	0	1
ENSG00000279668	ENSG00000279668	GroupB_exclusive			TK13	DEL	0	1
ENSG00000279691	ENSG00000279691	GroupB_exclusive			TK13	DEL	0	1
ENSG00000279819	ENSG00000279819	GroupB_exclusive			TK14	DEL	0	1
ENSG00000280020	ENSG00000280020	GroupB_exclusive			TK14	DEL	0	1
ENSG00000280054	ENSG00000280054	GroupB_exclusive			TK14	DEL	0	1
ENSG00000280206	ENSG00000280206	GroupB_exclusive			TK13	DEL	0	1
ENSG00000281021	ENSG00000281021	GroupB_exclusive			TK13	DEL	0	1
ENSG00000281468	ENSG00000281468	GroupB_exclusive			TK14	DEL	0	1
ENSG00000281530	ENSG00000281530	GroupB_exclusive			TK14	DEL	0	1
ENSG00000283057	ENSG00000283057	GroupB_exclusive			TK14	DEL	0	1
ENSG00000283360	ENSG00000283360	GroupB_exclusive			TK14	DEL	0	1
ENSG00000283696	ENSG00000283696	GroupB_exclusive			TK14	DEL	0	1
ENSG00000283849	ENSG00000283849	GroupB_exclusive			TK14	DEL	0	1
ENSG00000284644	ENSG00000284644	GroupB_exclusive			TK13	DEL	0	1
ENSG00000284669	ENSG00000284669	GroupB_exclusive			TK14	DEL	0	1
ENSG00000285839	ENSG00000285839	GroupB_exclusive			TK14	DEL	0	1
ENSG00000285881	ENSG00000285881	GroupB_exclusive			TK14	DEL	0	1
ENSG00000286020	ENSG00000286020	GroupB_exclusive			TK13	DEL	0	1
ENSG00000286164	ENSG00000286164	GroupB_exclusive			TK13	DEL	0	1
ENSG00000286207	ENSG00000286207	GroupB_exclusive			TK13	DEL	0	1
ENSG00000286248	ENSG00000286248	GroupB_exclusive			TK14	DEL	0	1
ENSG00000286307	ENSG00000286307	GroupB_exclusive			TK14	DEL	0	1
ENSG00000286489	ENSG00000286489	GroupB_exclusive			TK13	DEL	0	1
ENSG00000286588	ENSG00000286588	GroupB_exclusive			TK13	DEL	0	1
ENSG00000286696	ENSG00000286696	GroupB_exclusive			TK13	DEL	0	1
ENSG00000286835	ENSG00000286835	GroupB_exclusive			TK14	DEL	0	1
ENSG00000286921	ENSG00000286921	GroupB_exclusive			TK14	DEL	0	1
ENSG00000287058	ENSG00000287058	GroupB_exclusive			TK14	DEL	0	1
ENSG00000287191	ENSG00000287191	GroupB_exclusive			TK13	DEL	0	1
ENSG00000287214	ENSG00000287214	GroupB_exclusive			TK14	DEL	0	1
ENSG00000287298	ENSG00000287298	GroupB_exclusive			TK13	DEL	0	1
ENSG00000287489	ENSG00000287489	GroupB_exclusive			TK12	DEL	0	1
ENSG00000287660	ENSG00000287660	GroupB_exclusive			TK13	DEL	0	1
ENSG00000287810	ENSG00000287810	GroupB_exclusive			TK13	DEL	0	1
ENSG00000287856	ENSG00000287856	GroupB_exclusive			TK13	DEL	0	1
ENSG00000288003	ENSG00000288003	GroupB_exclusive			TK13	DEL	0	1
ENSG00000288032	ENSG00000288032	GroupB_exclusive			TK13	DEL	0	1
ENSG00000288093	ENSG00000288093	GroupB_exclusive			TK14	DEL	0	1
ENSG00000288620	ENSG00000288620	GroupB_exclusive			TK14	DEL	0	1
ENSG00000288670	ENSG00000288670	GroupB_exclusive			TK14	DEL	0	1
ENSG00000288698	ENSG00000288698	GroupB_exclusive			TK13	DEL	0	1
ENSG00000288744	ENSG00000288744	GroupB_exclusive			TK14	DEL	0	1
ENSG00000288767	ENSG00000288767	GroupB_exclusive			TK14	DEL	0	1
ENSG00000288994	ENSG00000288994	GroupB_exclusive			TK13	DEL	0	1
ENSG00000289106	ENSG00000289106	GroupB_exclusive			TK14	DEL	0	1
ENSG00000289141	ENSG00000289141	GroupB_exclusive			TK14	DEL	0	1
ENSG00000289272	ENSG00000289272	GroupB_exclusive			TK14	DEL	0	1
ENSG00000289285	ENSG00000289285	GroupB_exclusive			TK13	DEL	0	1
ENSG00000289292	ENSG00000289292	GroupB_exclusive			TK14	DEL	0	1
ENSG00000289306	ENSG00000289306	GroupB_exclusive			TK14	DEL	0	1
ENSG00000289332	ENSG00000289332	GroupB_exclusive			TK13	DEL	0	1
ENSG00000289468	ENSG00000289468	GroupB_exclusive			TK14	DEL	0	1
ENSG00000289508	ENSG00000289508	GroupB_exclusive			TK13	DEL	0	1
ENSG00000289738	ENSG00000289738	GroupB_exclusive			TK14	DEL	0	1
ENSG00000289750	ENSG00000289750	GroupB_exclusive			TK13	DEL	0	1
ENSG00000289886	ENSG00000289886	GroupB_exclusive			TK13	DEL	0	1
ENSG00000290028	ENSG00000290028	GroupB_exclusive			TK13	DEL	0	1
ENSG00000290040	ENSG00000290040	GroupB_exclusive			TK14	DEL	0	1
ENSG00000290166	ENSG00000290166	GroupB_exclusive			TK14	DEL	0	1
ENSG00000290377	ENSG00000290377	GroupB_exclusive			TK14	DEL	0	1
ENSG00000290816	ENSG00000290816	GroupB_exclusive			TK13	DEL	0	1
ENSG00000291068	ENSG00000291068	GroupB_exclusive			TK13	DEL	0	1
ENSG00000291176	ENSG00000291176	GroupB_exclusive			TK13	DEL	0	1
ENSG00000197586	ENTPD6	GroupB_exclusive			TK14	DEL	0	1
ENSG00000159023	EPB41	GroupB_exclusive			TK13	DEL	0	1
ENSG00000235652	EPM2A-DT	GroupB_exclusive			TK14	DEL	0	1
ENSG00000130427	EPO	GroupB_exclusive			TK13	DEL	0	1
ENSG00000147475	ERLIN2	GroupB_exclusive			TK14	DEL	0	1
ENSG00000086619	ERO1B	GroupB_exclusive			TK13	DEL	0	1
ENSG00000138190	EXOC6	GroupB_exclusive			TK14	DEL	0	1
ENSG00000171311	EXOSC1	GroupB_exclusive			TK14	DEL	0	1
ENSG00000103876	FAH	GroupB_exclusive			TK13	DEL	0	1
ENSG00000231584	FAHD2CP	GroupB_exclusive			TK13	DEL	0	1
ENSG00000158234	FAIM	GroupB_exclusive			TK13	DEL	0	1
ENSG00000065809	FAM107B	GroupB_exclusive			TK13	DEL	0	1
ENSG00000166801	FAM111A	GroupB_exclusive			TK14	DEL	0	1
ENSG00000114023	FAM162A	GroupB_exclusive			TK14	DEL	0	1
ENSG00000144369	FAM171B	GroupB_exclusive			TK14	DEL	0	1
ENSG00000124098	FAM210B	GroupB_exclusive			TK14	DEL	0	1
ENSG00000255650	FAM222A-AS1	GroupB_exclusive			TK13	DEL	0	1
ENSG00000071859	FAM50A	GroupB_exclusive			TK12	DEL	0	1
ENSG00000233334	FAM53B-AS1	GroupB_exclusive			TK13	DEL	0	1
ENSG00000263513	FAM72C	GroupB_exclusive			TK14	DEL	0	1
ENSG00000251669	FAM86EP	GroupB_exclusive			TK14	DEL	0	1
ENSG00000145982	FARS2	GroupB_exclusive			TK14	DEL	0	1
ENSG00000162458	FBLIM1	GroupB_exclusive			TK14	DEL	0	1
ENSG00000171823	FBXL14	GroupB_exclusive			TK14	DEL	0	1
ENSG00000167196	FBXO22	GroupB_exclusive			TK14	DEL	0	1
ENSG00000143756	FBXO28	GroupB_exclusive			TK14	DEL	0	1
ENSG00000227436	FCF1P1	GroupB_exclusive			TK13	DEL	0	1
ENSG00000104870	FCGRT	GroupB_exclusive			TK13	DEL	0	1
ENSG00000106080	FKBP14	GroupB_exclusive			TK14	DEL	0	1
ENSG00000004478	FKBP4	GroupB_exclusive			TK12	DEL	0	1
ENSG00000096060	FKBP5	GroupB_exclusive			TK12	DEL	0	1
ENSG00000233175	FMNL1-AS1	GroupB_exclusive			TK12	DEL	0	1
ENSG00000102081	FMR1	GroupB_exclusive			TK13	DEL	0	1
ENSG00000102531	FNDC3A	GroupB_exclusive			TK13	DEL	0	1
ENSG00000109101	FOXN1	GroupB_exclusive			TK13	DEL	0	1
ENSG00000240445	FOXO3B	GroupB_exclusive			TK14	DEL	0	1
ENSG00000137166	FOXP4	GroupB_exclusive			TK14	DEL	0	1
ENSG00000110074	FOXRED1	GroupB_exclusive			TK12	DEL	0	1
ENSG00000282826	FRG1CP	GroupB_exclusive			TK14	DEL	0	1
ENSG00000104064	GABPB1	GroupB_exclusive			TK14	DEL	0	1
ENSG00000054983	GALC	GroupB_exclusive			TK14	DEL	0	1
ENSG00000141429	GALNT1	GroupB_exclusive			TK13	DEL	0	1
ENSG00000164574	GALNT10	GroupB_exclusive			TK14	DEL	0	1
ENSG00000139629	GALNT6	GroupB_exclusive			TK13	DEL	0	1
ENSG00000231907	GAPDHP37	GroupB_exclusive			TK14	DEL	0	1
ENSG00000148935	GAS2	GroupB_exclusive			TK14	DEL	0	1
ENSG00000023909	GCLM	GroupB_exclusive			TK14	DEL	0	1
ENSG00000224837	GCSHP5	GroupB_exclusive			TK14	DEL	0	1
ENSG00000158555	GDPD5	GroupB_exclusive			TK13	DEL	0	1
ENSG00000046647	GEMIN8	GroupB_exclusive			TK14	DEL	0	1
ENSG00000146830	GIGYF1	GroupB_exclusive			TK13	DEL	0	1
ENSG00000175066	GK5	GroupB_exclusive			TK13	DEL	0	1
ENSG00000167699	GLOD4	GroupB_exclusive			TK14	DEL	0	1
ENSG00000163655	GMPS	GroupB_exclusive			TK13	DEL	0	1
ENSG00000133114	GPALPP1	GroupB_exclusive			TK13	DEL	0	1
ENSG00000148358	GPR107	GroupB_exclusive			TK13	DEL	0	1
ENSG00000075240	GRAMD4	GroupB_exclusive			TK13	DEL	0	1
ENSG00000068400	GRIPAP1	GroupB_exclusive			TK13	DEL	0	1
ENSG00000104687	GSR	GroupB_exclusive			TK14	DEL	0	1
ENSG00000065621	GSTO2	GroupB_exclusive			TK14	DEL	0	1
ENSG00000183474	GTF2H2C	GroupB_exclusive			TK13	DEL	0	1
ENSG00000125484	GTF3C4	GroupB_exclusive			TK14	DEL	0	1
ENSG00000270196	GTF3C6P3	GroupB_exclusive			TK14	DEL	0	1
ENSG00000164116	GUCY1A1	GroupB_exclusive			TK14	DEL	0	1
ENSG00000151233	GXYLT1	GroupB_exclusive			TK14	DEL	0	1
ENSG00000234202	H3P3	GroupB_exclusive			TK13	DEL	0	1
ENSG00000259389	H3P38	GroupB_exclusive			TK13	DEL	0	1
ENSG00000049239	H6PD	GroupB_exclusive			TK13	DEL	0	1
ENSG00000138796	HADH	GroupB_exclusive			TK14	DEL	0	1
ENSG00000249115	HAUS5	GroupB_exclusive			TK12	DEL	0	1
ENSG00000105856	HBP1	GroupB_exclusive			TK13	DEL	0	1
ENSG00000112339	HBS1L	GroupB_exclusive			TK14	DEL	0	1
ENSG00000004961	HCCS	GroupB_exclusive			TK13	DEL	0	1
ENSG00000101336	HCK	GroupB_exclusive			TK14	DEL	0	1
ENSG00000068024	HDAC4	GroupB_exclusive			TK14	DEL	0	1
ENSG00000147099	HDAC8	GroupB_exclusive			TK14	DEL	0	1
ENSG00000119969	HELLS	GroupB_exclusive			TK13	DEL	0	1
ENSG00000114735	HEMK1	GroupB_exclusive			TK13	DEL	0	1
ENSG00000169660	HEXD	GroupB_exclusive			TK12	DEL	0	1
ENSG00000135547	HEY2	GroupB_exclusive			TK14	DEL	0	1
ENSG00000019991	HGF	GroupB_exclusive			TK14	DEL	0	1
ENSG00000152804	HHEX	GroupB_exclusive			TK14	DEL	0	1
ENSG00000198130	HIBCH	GroupB_exclusive			TK13	DEL	0	1
ENSG00000166135	HIF1AN	GroupB_exclusive			TK12	DEL	0	1
ENSG00000253229	HIGD1AP6	GroupB_exclusive			TK14	DEL	0	1
ENSG00000237541	HLA-DQA2	GroupB_exclusive			TK13	DEL	0	1
ENSG00000223534	HLA-DQB1-AS1	GroupB_exclusive			TK13	DEL	0	1
ENSG00000232629	HLA-DQB2	GroupB_exclusive			TK13	DEL	0	1
ENSG00000226030	HLA-DQB3	GroupB_exclusive			TK13	DEL	0	1
ENSG00000275029	HMGB1P24	GroupB_exclusive			TK13	DEL	0	1
ENSG00000229046	HMGN1P2	GroupB_exclusive			TK14	DEL	0	1
ENSG00000241120	HMGN1P8	GroupB_exclusive			TK14	DEL	0	1
ENSG00000232916	HMGN2P27	GroupB_exclusive			TK14	DEL	0	1
ENSG00000056050	HPF1	GroupB_exclusive			TK13	DEL	0	1
ENSG00000100209	HSCB	GroupB_exclusive			TK12	DEL	0	1
ENSG00000170606	HSPA4	GroupB_exclusive			TK13	DEL	0	1
ENSG00000134330	IAH1	GroupB_exclusive			TK14	DEL	0	1
ENSG00000152778	IFIT5	GroupB_exclusive			TK12	DEL	0	1
ENSG00000027697	IFNGR1	GroupB_exclusive			TK14	DEL	0	1
ENSG00000118096	IFT46	GroupB_exclusive			TK13	DEL	0	1
ENSG00000163453	IGFBP7	GroupB_exclusive			TK13	DEL	0	1
ENSG00000245067	IGFBP7-AS1	GroupB_exclusive			TK13	DEL	0	1
ENSG00000104365	IKBKB	GroupB_exclusive			TK13	DEL	0	1
ENSG00000096996	IL12RB1	GroupB_exclusive			TK13	DEL	0	1
ENSG00000134460	IL2RA	GroupB_exclusive			TK13	DEL	0	1
ENSG00000227018	IL6STP1	GroupB_exclusive			TK14	DEL	0	1
ENSG00000133731	IMPA1	GroupB_exclusive			TK14	DEL	0	1
ENSG00000146576	INTS15	GroupB_exclusive			TK14	DEL	0	1
ENSG00000127080	IPPK	GroupB_exclusive			TK12	DEL	0	1
ENSG00000173226	IQCB1	GroupB_exclusive			TK14	DEL	0	1
ENSG00000106012	IQCE	GroupB_exclusive			TK13	DEL	0	1
ENSG00000136381	IREB2	GroupB_exclusive			TK14	DEL	0	1
ENSG00000184414	IRS3P	GroupB_exclusive			TK13	DEL	0	1
ENSG00000258325	ITFG2-AS1	GroupB_exclusive			TK12	DEL	0	1
ENSG00000150093	ITGB1	GroupB_exclusive			TK14	DEL	0	1
ENSG00000125877	ITPA	GroupB_exclusive			TK14	DEL	0	1
ENSG00000228382	ITPKB-IT1	GroupB_exclusive			TK13	DEL	0	1
ENSG00000198399	ITSN2	GroupB_exclusive			TK12	DEL	0	1
ENSG00000153814	JAZF1	GroupB_exclusive			TK12	DEL	0	1
ENSG00000140044	JDP2	GroupB_exclusive			TK14	DEL	0	1
ENSG00000233603	JTBP1	GroupB_exclusive			TK13	DEL	0	1
ENSG00000182359	KBTBD3	GroupB_exclusive			TK13	DEL	0	1
ENSG00000055118	KCNH2	GroupB_exclusive			TK13	DEL	0	1
ENSG00000237978	KCNMB2-AS1	GroupB_exclusive			TK14	DEL	0	1
ENSG00000053918	KCNQ1	GroupB_exclusive			TK13	DEL	0	1
ENSG00000135314	KHDC1	GroupB_exclusive			TK14	DEL	0	1
ENSG00000229852	KHDC1-AS1	GroupB_exclusive			TK14	DEL	0	1
ENSG00000138030	KHK	GroupB_exclusive			TK13	DEL	0	1
ENSG00000227495	KIF1C-AS1	GroupB_exclusive			TK13	DEL	0	1
ENSG00000142945	KIF2C	GroupB_exclusive			TK14	DEL	0	1
ENSG00000149571	KIRREL3	GroupB_exclusive			TK14	DEL	0	1
ENSG00000174010	KLHL15	GroupB_exclusive			TK14	DEL	0	1
ENSG00000076321	KLHL20	GroupB_exclusive			TK14	DEL	0	1
ENSG00000186432	KPNA4	GroupB_exclusive			TK13	DEL	0	1
ENSG00000133703	KRAS	GroupB_exclusive			TK14	DEL	0	1
ENSG00000147121	KRBOX4	GroupB_exclusive			TK14	DEL	0	1
ENSG00000197302	KRBOX5	GroupB_exclusive			TK14	DEL	0	1
ENSG00000237672	KRR1P1	GroupB_exclusive			TK13	DEL	0	1
ENSG00000186847	KRT14	GroupB_exclusive			TK13	DEL	0	1
ENSG00000186832	KRT16	GroupB_exclusive			TK13	DEL	0	1
ENSG00000128422	KRT17	GroupB_exclusive			TK13	DEL	0	1
ENSG00000249850	KRT18P31	GroupB_exclusive			TK13	DEL	0	1
ENSG00000236670	KRT18P5	GroupB_exclusive			TK13	DEL	0	1
ENSG00000258951	KRT18P7	GroupB_exclusive			TK14	DEL	0	1
ENSG00000198841	KTI12	GroupB_exclusive			TK14	DEL	0	1
ENSG00000171097	KYAT1	GroupB_exclusive			TK13	DEL	0	1
ENSG00000087299	L2HGDH	GroupB_exclusive			TK13	DEL	0	1
ENSG00000138709	LARP1B	GroupB_exclusive			TK14	DEL	0	1
ENSG00000043462	LCP2	GroupB_exclusive			TK14	DEL	0	1
ENSG00000005156	LIG3	GroupB_exclusive			TK14	DEL	0	1
ENSG00000228763	LIMS1-AS1	GroupB_exclusive			TK13	DEL	0	1
ENSG00000181995	LINC00301	GroupB_exclusive			TK13	DEL	0	1
ENSG00000223631	LINC01120	GroupB_exclusive			TK12	DEL	0	1
ENSG00000228794	LINC01128	GroupB_exclusive			TK13	DEL	0	1
ENSG00000281404	LINC01176	GroupB_exclusive			TK14	DEL	0	1
ENSG00000261504	LINC01686	GroupB_exclusive			TK14	DEL	0	1
ENSG00000227181	LINC01688	GroupB_exclusive			TK14	DEL	0	1
ENSG00000223863	LINC01805	GroupB_exclusive			TK12	DEL	0	1
ENSG00000261615	LINC01858	GroupB_exclusive			TK13	DEL	0	1
ENSG00000261558	LINC01859	GroupB_exclusive			TK13	DEL	0	1
ENSG00000283646	LINC02009	GroupB_exclusive			TK13	DEL	0	1
ENSG00000237057	LINC02087	GroupB_exclusive			TK14	DEL	0	1
ENSG00000248319	LINC02275	GroupB_exclusive			TK13	DEL	0	1
ENSG00000258884	LINC02321	GroupB_exclusive			TK13	DEL	0	1
ENSG00000215241	LINC02449	GroupB_exclusive			TK13	DEL	0	1
ENSG00000232613	LINC02576	GroupB_exclusive			TK13	DEL	0	1
ENSG00000228742	LINC02577	GroupB_exclusive			TK13	DEL	0	1
ENSG00000269994	LINC02893	GroupB_exclusive			TK13	DEL	0	1
ENSG00000267575	LINC02987	GroupB_exclusive			TK14	DEL	0	1
ENSG00000101670	LIPG	GroupB_exclusive			TK13	DEL	0	1
ENSG00000164187	LMBRD2	GroupB_exclusive			TK14	DEL	0	1
ENSG00000198799	LRIG2	GroupB_exclusive			TK14	DEL	0	1
ENSG00000108829	LRRC59	GroupB_exclusive			TK13	DEL	0	1
ENSG00000127399	LRRC61	GroupB_exclusive			TK13	DEL	0	1
ENSG00000136802	LRRC8A	GroupB_exclusive			TK14	DEL	0	1
ENSG00000175928	LRRN1	GroupB_exclusive			TK13	DEL	0	1
ENSG00000175324	LSM1	GroupB_exclusive			TK14	DEL	0	1
ENSG00000130520	LSM4	GroupB_exclusive			TK12	DEL	0	1
ENSG00000130332	LSM7	GroupB_exclusive			TK13	DEL	0	1
ENSG00000105699	LSR	GroupB_exclusive			TK14	DEL	0	1
ENSG00000162385	MAGOH	GroupB_exclusive			TK13	DEL	0	1
ENSG00000102158	MAGT1	GroupB_exclusive			TK13	DEL	0	1
ENSG00000172175	MALT1	GroupB_exclusive			TK14	DEL	0	1
ENSG00000184384	MAML2	GroupB_exclusive			TK14	DEL	0	1
ENSG00000172469	MANEA	GroupB_exclusive			TK13	DEL	0	1
ENSG00000034152	MAP2K3	GroupB_exclusive			TK14	DEL	0	1
ENSG00000135341	MAP3K7	GroupB_exclusive			TK13	DEL	0	1
ENSG00000006432	MAP3K9	GroupB_exclusive			TK14	DEL	0	1
ENSG00000198060	MARCHF5	GroupB_exclusive			TK14	DEL	0	1
ENSG00000072518	MARK2	GroupB_exclusive			TK13	DEL	0	1
ENSG00000247626	MARS2	GroupB_exclusive			TK13	DEL	0	1
ENSG00000131844	MCCC2	GroupB_exclusive			TK13	DEL	0	1
ENSG00000128285	MCHR1	GroupB_exclusive			TK14	DEL	0	1
ENSG00000050393	MCUR1	GroupB_exclusive			TK13	DEL	0	1
ENSG00000133398	MED10	GroupB_exclusive			TK13	DEL	0	1
ENSG00000249502	MED28-DT	GroupB_exclusive			TK14	DEL	0	1
ENSG00000133997	MED6	GroupB_exclusive			TK14	DEL	0	1
ENSG00000106780	MEGF9	GroupB_exclusive			TK14	DEL	0	1
ENSG00000179277	MEIS3P1	GroupB_exclusive			TK14	DEL	0	1
ENSG00000144401	METTL21A	GroupB_exclusive			TK14	DEL	0	1
ENSG00000067365	METTL22	GroupB_exclusive			TK13	DEL	0	1
ENSG00000198948	MFAP3L	GroupB_exclusive			TK13	DEL	0	1
ENSG00000261868	MFSD1P1	GroupB_exclusive			TK14	DEL	0	1
ENSG00000168389	MFSD2A	GroupB_exclusive			TK13	DEL	0	1
ENSG00000125871	MGME1	GroupB_exclusive			TK13	DEL	0	1
ENSG00000197530	MIB2	GroupB_exclusive			TK13	DEL	0	1
ENSG00000164877	MICALL2	GroupB_exclusive			TK13	DEL	0	1
ENSG00000259065	MIDEAS-AS1	GroupB_exclusive			TK14	DEL	0	1
ENSG00000221545	MIR1255B2	GroupB_exclusive			TK14	DEL	0	1
ENSG00000221520	MIR1285-1	GroupB_exclusive			TK12	DEL	0	1
ENSG00000207739	MIR218-2	GroupB_exclusive			TK13	DEL	0	1
ENSG00000207962	MIR30C1	GroupB_exclusive			TK13	DEL	0	1
ENSG00000198974	MIR30E	GroupB_exclusive			TK13	DEL	0	1
ENSG00000263649	MIR3135B	GroupB_exclusive			TK13	DEL	0	1
ENSG00000264073	MIR3199-1	GroupB_exclusive			TK14	DEL	0	1
ENSG00000283225	MIR3199-2	GroupB_exclusive			TK14	DEL	0	1
ENSG00000207698	MIR32	GroupB_exclusive			TK14	DEL	0	1
ENSG00000283409	MIR3662	GroupB_exclusive			TK14	DEL	0	1
ENSG00000283514	MIR3975	GroupB_exclusive			TK13	DEL	0	1
ENSG00000263834	MIR4635	GroupB_exclusive			TK13	DEL	0	1
ENSG00000264480	MIR4714	GroupB_exclusive			TK13	DEL	0	1
ENSG00000266594	MIR4766	GroupB_exclusive			TK13	DEL	0	1
ENSG00000265850	MIR4797	GroupB_exclusive			TK14	DEL	0	1
ENSG00000263593	MIR4804	GroupB_exclusive			TK14	DEL	0	1
ENSG00000221263	MIR548P	GroupB_exclusive			TK13	DEL	0	1
ENSG00000207956	MIR579	GroupB_exclusive			TK14	DEL	0	1
ENSG00000207588	MIR593	GroupB_exclusive			TK13	DEL	0	1
ENSG00000274066	MIR6514	GroupB_exclusive			TK12	DEL	0	1
ENSG00000277681	MIR6739	GroupB_exclusive			TK14	DEL	0	1
ENSG00000278420	MIR6819	GroupB_exclusive			TK12	DEL	0	1
ENSG00000284047	MIR6836	GroupB_exclusive			TK14	DEL	0	1
ENSG00000274390	MIR6885	GroupB_exclusive			TK13	DEL	0	1
ENSG00000276908	MIR7106	GroupB_exclusive			TK12	DEL	0	1
ENSG00000271886	MIR98	GroupB_exclusive			TK13	DEL	0	1
ENSG00000208012	MIRLET7F2	GroupB_exclusive			TK13	DEL	0	1
ENSG00000129534	MIS18BP1	GroupB_exclusive			TK13	DEL	0	1
ENSG00000256681	MIX23P5	GroupB_exclusive			TK14	DEL	0	1
ENSG00000132763	MMACHC	GroupB_exclusive			TK14	DEL	0	1
ENSG00000218283	MORF4L1P1	GroupB_exclusive			TK13	DEL	0	1
ENSG00000106330	MOSPD3	GroupB_exclusive			TK13	DEL	0	1
ENSG00000154889	MPPE1	GroupB_exclusive			TK13	DEL	0	1
ENSG00000158887	MPZ	GroupB_exclusive			TK14	DEL	0	1
ENSG00000122687	MRM2	GroupB_exclusive			TK13	DEL	0	1
ENSG00000132313	MRPL35	GroupB_exclusive			TK14	DEL	0	1
ENSG00000125445	MRPS7	GroupB_exclusive			TK12	DEL	0	1
ENSG00000172689	MS4A10	GroupB_exclusive			TK13	DEL	0	1
ENSG00000071203	MS4A12	GroupB_exclusive			TK13	DEL	0	1
ENSG00000204979	MS4A13	GroupB_exclusive			TK13	DEL	0	1
ENSG00000166961	MS4A15	GroupB_exclusive			TK13	DEL	0	1
ENSG00000214782	MS4A18	GroupB_exclusive			TK13	DEL	0	1
ENSG00000283601	MS4A19P	GroupB_exclusive			TK13	DEL	0	1
ENSG00000166959	MS4A8	GroupB_exclusive			TK13	DEL	0	1
ENSG00000005302	MSL3	GroupB_exclusive			TK13	DEL	0	1
ENSG00000235040	MTCO3P1	GroupB_exclusive			TK13	DEL	0	1
ENSG00000146410	MTFR2	GroupB_exclusive			TK13	DEL	0	1
ENSG00000171100	MTM1	GroupB_exclusive			TK13	DEL	0	1
ENSG00000228995	MTND1P9	GroupB_exclusive			TK14	DEL	0	1
ENSG00000039123	MTREX	GroupB_exclusive			TK13	DEL	0	1
ENSG00000232320	MXRA7P1	GroupB_exclusive			TK14	DEL	0	1
ENSG00000118513	MYB	GroupB_exclusive			TK13	DEL	0	1
ENSG00000133392	MYH11	GroupB_exclusive			TK13	DEL	0	1
ENSG00000157483	MYO1E	GroupB_exclusive			TK14	DEL	0	1
ENSG00000197535	MYO5A	GroupB_exclusive			TK14	DEL	0	1
ENSG00000274505	Metazoa_SRP	GroupB_exclusive			TK13	DEL	0	1
ENSG00000274742	Metazoa_SRP	GroupB_exclusive			TK13	DEL	0	1
ENSG00000276532	Metazoa_SRP	GroupB_exclusive			TK14	DEL	0	1
ENSG00000276735	Metazoa_SRP	GroupB_exclusive			TK14	DEL	0	1
ENSG00000276839	Metazoa_SRP	GroupB_exclusive			TK14	DEL	0	1
ENSG00000277958	Metazoa_SRP	GroupB_exclusive			TK14	DEL	0	1
ENSG00000139977	NAA30	GroupB_exclusive			TK14	DEL	0	1
ENSG00000139579	NABP2	GroupB_exclusive			TK12	DEL	0	1
ENSG00000148411	NACC2	GroupB_exclusive			TK14	DEL	0	1
ENSG00000152620	NADK2	GroupB_exclusive			TK14	DEL	0	1
ENSG00000245711	NADK2-AS1	GroupB_exclusive			TK14	DEL	0	1
ENSG00000105402	NAPA	GroupB_exclusive			TK13	DEL	0	1
ENSG00000268061	NAPA-AS1	GroupB_exclusive			TK13	DEL	0	1
ENSG00000134265	NAPG	GroupB_exclusive			TK14	DEL	0	1
ENSG00000266236	NARF-IT1	GroupB_exclusive			TK13	DEL	0	1
ENSG00000197927	NBEAP2	GroupB_exclusive			TK14	DEL	0	1
ENSG00000142794	NBPF3	GroupB_exclusive			TK12	DEL	0	1
ENSG00000119421	NDUFA8	GroupB_exclusive			TK14	DEL	0	1
ENSG00000165264	NDUFB6	GroupB_exclusive			TK13	DEL	0	1
ENSG00000165030	NFIL3	GroupB_exclusive			TK14	DEL	0	1
ENSG00000066136	NFYC	GroupB_exclusive			TK13	DEL	0	1
ENSG00000136830	NIBAN2	GroupB_exclusive			TK13	DEL	0	1
ENSG00000164190	NIPBL	GroupB_exclusive			TK13	DEL	0	1
ENSG00000136783	NIPSNAP3A	GroupB_exclusive			TK13	DEL	0	1
ENSG00000150776	NKAPD1	GroupB_exclusive			TK13	DEL	0	1
ENSG00000055044	NOP58	GroupB_exclusive			TK13	DEL	0	1
ENSG00000025434	NR1H3	GroupB_exclusive			TK13	DEL	0	1
ENSG00000115216	NRBP1	GroupB_exclusive			TK12	DEL	0	1
ENSG00000118257	NRP2	GroupB_exclusive			TK14	DEL	0	1
ENSG00000238251	NSA2P7	GroupB_exclusive			TK14	DEL	0	1
ENSG00000117697	NSL1	GroupB_exclusive			TK14	DEL	0	1
ENSG00000120526	NUDCD1	GroupB_exclusive			TK13	DEL	0	1
ENSG00000149761	NUDT22	GroupB_exclusive			TK12	DEL	0	1
ENSG00000136243	NUP42	GroupB_exclusive			TK12	DEL	0	1
ENSG00000234790	NUTF2P4	GroupB_exclusive			TK14	DEL	0	1
ENSG00000162231	NXF1	GroupB_exclusive			TK12	DEL	0	1
ENSG00000101888	NXT2	GroupB_exclusive			TK13	DEL	0	1
ENSG00000157181	ODR4	GroupB_exclusive			TK13	DEL	0	1
ENSG00000182057	OGFRP1	GroupB_exclusive			TK14	DEL	0	1
ENSG00000162745	OLFML2B	GroupB_exclusive			TK13	DEL	0	1
ENSG00000162600	OMA1	GroupB_exclusive			TK13	DEL	0	1
ENSG00000170356	OR2A20P	GroupB_exclusive			TK13	DEL	0	1
ENSG00000212807	OR2A42	GroupB_exclusive			TK13	DEL	0	1
ENSG00000243896	OR2A7	GroupB_exclusive			TK13	DEL	0	1
ENSG00000272963	OR7A19P	GroupB_exclusive			TK13	DEL	0	1
ENSG00000091039	OSBPL8	GroupB_exclusive			TK14	DEL	0	1
ENSG00000132823	OSER1	GroupB_exclusive			TK14	DEL	0	1
ENSG00000164823	OSGIN2	GroupB_exclusive			TK14	DEL	0	1
ENSG00000164164	OTUD4	GroupB_exclusive			TK14	DEL	0	1
ENSG00000248668	OXCT1-AS1	GroupB_exclusive			TK13	DEL	0	1
ENSG00000135124	P2RX4	GroupB_exclusive			TK13	DEL	0	1
ENSG00000089041	P2RX7	GroupB_exclusive			TK14	DEL	0	1
ENSG00000156504	PABIR2	GroupB_exclusive			TK14	DEL	0	1
ENSG00000179364	PACS2	GroupB_exclusive			TK13	DEL	0	1
ENSG00000174977	PAIP1P2	GroupB_exclusive			TK14	DEL	0	1
ENSG00000107719	PALD1	GroupB_exclusive			TK14	DEL	0	1
ENSG00000140694	PARN	GroupB_exclusive			TK13	DEL	0	1
ENSG00000059378	PARP12	GroupB_exclusive			TK12	DEL	0	1
ENSG00000185480	PARPBP	GroupB_exclusive			TK13	DEL	0	1
ENSG00000234650	PCCA-AS1	GroupB_exclusive			TK14	DEL	0	1
ENSG00000168300	PCMTD1	GroupB_exclusive			TK14	DEL	0	1
ENSG00000106333	PCOLCE	GroupB_exclusive			TK13	DEL	0	1
ENSG00000224729	PCOLCE-AS1	GroupB_exclusive			TK13	DEL	0	1
ENSG00000248485	PCP4L1	GroupB_exclusive			TK14	DEL	0	1
ENSG00000141179	PCTP	GroupB_exclusive			TK14	DEL	0	1
ENSG00000114209	PDCD10	GroupB_exclusive			TK14	DEL	0	1
ENSG00000150593	PDCD4	GroupB_exclusive			TK14	DEL	0	1
ENSG00000288622	PDCD6-AHRR	GroupB_exclusive			TK13	DEL	0	1
ENSG00000090470	PDCD7	GroupB_exclusive			TK14	DEL	0	1
ENSG00000236278	PEBP1P3	GroupB_exclusive			TK14	DEL	0	1
ENSG00000115425	PECR	GroupB_exclusive			TK13	DEL	0	1
ENSG00000133027	PEMT	GroupB_exclusive			TK13	DEL	0	1
ENSG00000100029	PES1	GroupB_exclusive			TK12	DEL	0	1
ENSG00000127980	PEX1	GroupB_exclusive			TK14	DEL	0	1
ENSG00000034693	PEX3	GroupB_exclusive			TK14	DEL	0	1
ENSG00000113068	PFDN1	GroupB_exclusive			TK13	DEL	0	1
ENSG00000114268	PFKFB4	GroupB_exclusive			TK13	DEL	0	1
ENSG00000152556	PFKM	GroupB_exclusive			TK13	DEL	0	1
ENSG00000102144	PGK1	GroupB_exclusive			TK13	DEL	0	1
ENSG00000101856	PGRMC1	GroupB_exclusive			TK13	DEL	0	1
ENSG00000106443	PHF14	GroupB_exclusive			TK14	DEL	0	1
ENSG00000129292	PHF20L1	GroupB_exclusive			TK14	DEL	0	1
ENSG00000010318	PHF7	GroupB_exclusive			TK14	DEL	0	1
ENSG00000183506	PI4KAP2	GroupB_exclusive			TK14	DEL	0	1
ENSG00000083535	PIBF1	GroupB_exclusive			TK14	DEL	0	1
ENSG00000174227	PIGG	GroupB_exclusive			TK13	DEL	0	1
ENSG00000259657	PIGHP1	GroupB_exclusive			TK14	DEL	0	1
ENSG00000060642	PIGV	GroupB_exclusive			TK13	DEL	0	1
ENSG00000105851	PIK3CG	GroupB_exclusive			TK14	DEL	0	1
ENSG00000276293	PIP4K2B	GroupB_exclusive			TK14	DEL	0	1
ENSG00000180957	PITPNB	GroupB_exclusive			TK13	DEL	0	1
ENSG00000184381	PLA2G6	GroupB_exclusive			TK13	DEL	0	1
ENSG00000115896	PLCL1	GroupB_exclusive			TK13	DEL	0	1
ENSG00000169499	PLEKHA2	GroupB_exclusive			TK14	DEL	0	1
ENSG00000166689	PLEKHA7	GroupB_exclusive			TK13	DEL	0	1
ENSG00000225190	PLEKHM1	GroupB_exclusive			TK13	DEL	0	1
ENSG00000116786	PLEKHM2	GroupB_exclusive			TK13	DEL	0	1
ENSG00000147471	PLPBP	GroupB_exclusive			TK13	DEL	0	1
ENSG00000171566	PLRG1	GroupB_exclusive			TK12	DEL	0	1
ENSG00000291154	PMS2P4	GroupB_exclusive			TK14	DEL	0	1
ENSG00000270344	POC1B-AS1	GroupB_exclusive			TK13	DEL	0	1
ENSG00000143157	POGK	GroupB_exclusive			TK14	DEL	0	1
ENSG00000101868	POLA1	GroupB_exclusive			TK13	DEL	0	1
ENSG00000100479	POLE2	GroupB_exclusive			TK14	DEL	0	1
ENSG00000203362	POLH-AS1	GroupB_exclusive			TK13	DEL	0	1
ENSG00000105849	POLR1F	GroupB_exclusive			TK14	DEL	0	1
ENSG00000013503	POLR3B	GroupB_exclusive			TK13	DEL	0	1
ENSG00000132963	POMP	GroupB_exclusive			TK14	DEL	0	1
ENSG00000172336	POP7	GroupB_exclusive			TK13	DEL	0	1
ENSG00000230911	PPIHP1	GroupB_exclusive			TK14	DEL	0	1
ENSG00000155367	PPM1J	GroupB_exclusive			TK14	DEL	0	1
ENSG00000261595	PPM1J-DT	GroupB_exclusive			TK14	DEL	0	1
ENSG00000166143	PPP1R14D	GroupB_exclusive			TK13	DEL	0	1
ENSG00000250848	PPP4R2P1	GroupB_exclusive			TK13	DEL	0	1
ENSG00000170325	PRDM10	GroupB_exclusive			TK13	DEL	0	1
ENSG00000258136	PRDM4-AS1	GroupB_exclusive			TK13	DEL	0	1
ENSG00000126432	PRDX5	GroupB_exclusive			TK12	DEL	0	1
ENSG00000146143	PRIM2	GroupB_exclusive			TK13	DEL	0	1
ENSG00000161542	PRPSAP1	GroupB_exclusive			TK14	DEL	0	1
ENSG00000223813	PRR15-DT	GroupB_exclusive			TK14	DEL	0	1
ENSG00000135069	PSAT1	GroupB_exclusive			TK14	DEL	0	1
ENSG00000041357	PSMA4	GroupB_exclusive			TK12	DEL	0	1
ENSG00000101182	PSMA7	GroupB_exclusive			TK12	DEL	0	1
ENSG00000277791	PSMB3	GroupB_exclusive			TK14	DEL	0	1
ENSG00000161057	PSMC2	GroupB_exclusive			TK12	DEL	0	1
ENSG00000101843	PSMD10	GroupB_exclusive			TK12	DEL	0	1
ENSG00000183527	PSMG1	GroupB_exclusive			TK12	DEL	0	1
ENSG00000140368	PSTPIP1	GroupB_exclusive			TK14	DEL	0	1
ENSG00000188647	PTAR1	GroupB_exclusive			TK13	DEL	0	1
ENSG00000156471	PTDSS1	GroupB_exclusive			TK13	DEL	0	1
ENSG00000174915	PTDSS2	GroupB_exclusive			TK13	DEL	0	1
ENSG00000229204	PTGES3P3	GroupB_exclusive			TK13	DEL	0	1
ENSG00000119383	PTPA	GroupB_exclusive			TK14	DEL	0	1
ENSG00000081237	PTPRC	GroupB_exclusive			TK14	DEL	0	1
ENSG00000150787	PTS	GroupB_exclusive			TK13	DEL	0	1
ENSG00000258571	PTTG4P	GroupB_exclusive			TK13	DEL	0	1
ENSG00000080608	PUM3	GroupB_exclusive			TK14	DEL	0	1
ENSG00000060749	QSER1	GroupB_exclusive			TK13	DEL	0	1
ENSG00000166024	R3HCC1L	GroupB_exclusive			TK13	DEL	0	1
ENSG00000172007	RAB33B	GroupB_exclusive			TK13	DEL	0	1
ENSG00000115839	RAB3GAP1	GroupB_exclusive			TK13	DEL	0	1
ENSG00000175582	RAB6A	GroupB_exclusive			TK14	DEL	0	1
ENSG00000136933	RABEPK	GroupB_exclusive			TK13	DEL	0	1
ENSG00000051180	RAD51	GroupB_exclusive			TK13	DEL	0	1
ENSG00000085999	RAD54L	GroupB_exclusive			TK14	DEL	0	1
ENSG00000169612	RAMAC	GroupB_exclusive			TK12	DEL	0	1
ENSG00000125249	RAP2A	GroupB_exclusive			TK14	DEL	0	1
ENSG00000089050	RBBP9	GroupB_exclusive			TK14	DEL	0	1
ENSG00000173914	RBM4B	GroupB_exclusive			TK14	DEL	0	1
ENSG00000134597	RBMX2	GroupB_exclusive			TK14	DEL	0	1
ENSG00000117906	RCN2	GroupB_exclusive			TK14	DEL	0	1
ENSG00000072042	RDH11	GroupB_exclusive			TK14	DEL	0	1
ENSG00000181826	RELL1	GroupB_exclusive			TK13	DEL	0	1
ENSG00000157916	RER1	GroupB_exclusive			TK13	DEL	0	1
ENSG00000174718	RESF1	GroupB_exclusive			TK14	DEL	0	1
ENSG00000042445	RETSAT	GroupB_exclusive			TK12	DEL	0	1
ENSG00000006015	REX1BD	GroupB_exclusive			TK12	DEL	0	1
ENSG00000005189	REXO5	GroupB_exclusive			TK13	DEL	0	1
ENSG00000035928	RFC1	GroupB_exclusive			TK14	DEL	0	1
ENSG00000049541	RFC2	GroupB_exclusive			TK13	DEL	0	1
ENSG00000135002	RFK	GroupB_exclusive			TK13	DEL	0	1
ENSG00000230769	RFKP4	GroupB_exclusive			TK14	DEL	0	1
ENSG00000178882	RFLNA	GroupB_exclusive			TK14	DEL	0	1
ENSG00000183688	RFLNB	GroupB_exclusive			TK12	DEL	0	1
ENSG00000163933	RFT1	GroupB_exclusive			TK14	DEL	0	1
ENSG00000143333	RGS16	GroupB_exclusive			TK14	DEL	0	1
ENSG00000135824	RGS8	GroupB_exclusive			TK14	DEL	0	1
ENSG00000144468	RHBDD1	GroupB_exclusive			TK14	DEL	0	1
ENSG00000188672	RHCE	GroupB_exclusive			TK14	DEL	0	1
ENSG00000171792	RHNO1	GroupB_exclusive			TK12	DEL	0	1
ENSG00000168421	RHOH	GroupB_exclusive			TK13	DEL	0	1
ENSG00000282933	RHOXF1P3	GroupB_exclusive			TK14	DEL	0	1
ENSG00000202406	RN7SKP187	GroupB_exclusive			TK13	DEL	0	1
ENSG00000223324	RN7SKP273	GroupB_exclusive			TK14	DEL	0	1
ENSG00000252464	RN7SKP70	GroupB_exclusive			TK14	DEL	0	1
ENSG00000199883	RN7SKP90	GroupB_exclusive			TK13	DEL	0	1
ENSG00000266863	RN7SL123P	GroupB_exclusive			TK14	DEL	0	1
ENSG00000244256	RN7SL130P	GroupB_exclusive			TK14	DEL	0	1
ENSG00000241188	RN7SL165P	GroupB_exclusive			TK13	DEL	0	1
ENSG00000243373	RN7SL173P	GroupB_exclusive			TK13	DEL	0	1
ENSG00000241461	RN7SL182P	GroupB_exclusive			TK14	DEL	0	1
ENSG00000242101	RN7SL416P	GroupB_exclusive			TK13	DEL	0	1
ENSG00000263410	RN7SL460P	GroupB_exclusive			TK13	DEL	0	1
ENSG00000265802	RN7SL49P	GroupB_exclusive			TK13	DEL	0	1
ENSG00000239419	RN7SL535P	GroupB_exclusive			TK12	DEL	0	1
ENSG00000264978	RN7SL630P	GroupB_exclusive			TK13	DEL	0	1
ENSG00000264028	RN7SL744P	GroupB_exclusive			TK13	DEL	0	1
ENSG00000263882	RN7SL774P	GroupB_exclusive			TK14	DEL	0	1
ENSG00000242876	RN7SL812P	GroupB_exclusive			TK13	DEL	0	1
ENSG00000251785	RNA5SP20	GroupB_exclusive			TK14	DEL	0	1
ENSG00000222955	RNA5SP265	GroupB_exclusive			TK14	DEL	0	1
ENSG00000199733	RNA5SP307	GroupB_exclusive			TK14	DEL	0	1
ENSG00000251829	RNA5SP436	GroupB_exclusive			TK14	DEL	0	1
ENSG00000274164	RNA5SP439	GroupB_exclusive			TK13	DEL	0	1
ENSG00000276036	RNA5SP440	GroupB_exclusive			TK12	DEL	0	1
ENSG00000223138	RNA5SP450	GroupB_exclusive			TK14	DEL	0	1
ENSG00000171865	RNASEH1	GroupB_exclusive			TK12	DEL	0	1
ENSG00000135828	RNASEL	GroupB_exclusive			TK14	DEL	0	1
ENSG00000115963	RND3	GroupB_exclusive			TK14	DEL	0	1
ENSG00000110315	RNF141	GroupB_exclusive			TK13	DEL	0	1
ENSG00000231381	RNF2P1	GroupB_exclusive			TK14	DEL	0	1
ENSG00000189050	RNFT1	GroupB_exclusive			TK13	DEL	0	1
ENSG00000206687	RNU1-109P	GroupB_exclusive			TK14	DEL	0	1
ENSG00000206698	RNU1-73P	GroupB_exclusive			TK13	DEL	0	1
ENSG00000222810	RNU2-68P	GroupB_exclusive			TK14	DEL	0	1
ENSG00000199672	RNU4-21P	GroupB_exclusive			TK14	DEL	0	1
ENSG00000201435	RNU4-24P	GroupB_exclusive			TK14	DEL	0	1
ENSG00000201458	RNU4-4P	GroupB_exclusive			TK13	DEL	0	1
ENSG00000207194	RNU6-1026P	GroupB_exclusive			TK14	DEL	0	1
ENSG00000206635	RNU6-1062P	GroupB_exclusive			TK13	DEL	0	1
ENSG00000222743	RNU6-1190P	GroupB_exclusive			TK14	DEL	0	1
ENSG00000252994	RNU6-1231P	GroupB_exclusive			TK14	DEL	0	1
ENSG00000202089	RNU6-1306P	GroupB_exclusive			TK13	DEL	0	1
ENSG00000251807	RNU6-202P	GroupB_exclusive			TK13	DEL	0	1
ENSG00000200247	RNU6-254P	GroupB_exclusive			TK13	DEL	0	1
ENSG00000222249	RNU6-262P	GroupB_exclusive			TK13	DEL	0	1
ENSG00000253739	RNU6-323P	GroupB_exclusive			TK14	DEL	0	1
ENSG00000206675	RNU6-32P	GroupB_exclusive			TK14	DEL	0	1
ENSG00000207052	RNU6-378P	GroupB_exclusive			TK14	DEL	0	1
ENSG00000212526	RNU6-466P	GroupB_exclusive			TK13	DEL	0	1
ENSG00000252157	RNU6-479P	GroupB_exclusive			TK14	DEL	0	1
ENSG00000206921	RNU6-481P	GroupB_exclusive			TK14	DEL	0	1
ENSG00000206888	RNU6-48P	GroupB_exclusive			TK14	DEL	0	1
ENSG00000201662	RNU6-60P	GroupB_exclusive			TK13	DEL	0	1
ENSG00000212457	RNU6-644P	GroupB_exclusive			TK14	DEL	0	1
ENSG00000200906	RNU6-854P	GroupB_exclusive			TK13	DEL	0	1
ENSG00000274607	RNU6-866P	GroupB_exclusive			TK14	DEL	0	1
ENSG00000238444	RNU6-893P	GroupB_exclusive			TK14	DEL	0	1
ENSG00000252804	RNU6-958P	GroupB_exclusive			TK13	DEL	0	1
ENSG00000200257	RNU6-97P	GroupB_exclusive			TK13	DEL	0	1
ENSG00000221518	RNU6ATAC16P	GroupB_exclusive			TK14	DEL	0	1
ENSG00000252003	RNU7-154P	GroupB_exclusive			TK13	DEL	0	1
ENSG00000239082	RNU7-170P	GroupB_exclusive			TK14	DEL	0	1
ENSG00000252429	RNU7-29P	GroupB_exclusive			TK13	DEL	0	1
ENSG00000200138	RNY1P10	GroupB_exclusive			TK14	DEL	0	1
ENSG00000199933	RNY1P16	GroupB_exclusive			TK14	DEL	0	1
ENSG00000255156	RNY1P9	GroupB_exclusive			TK13	DEL	0	1
ENSG00000199400	RNY4P19	GroupB_exclusive			TK13	DEL	0	1
ENSG00000238711	RNY4P25	GroupB_exclusive			TK14	DEL	0	1
ENSG00000169855	ROBO1	GroupB_exclusive			TK14	DEL	0	1
ENSG00000197713	RPE	GroupB_exclusive			TK14	DEL	0	1
ENSG00000117133	RPF1	GroupB_exclusive			TK14	DEL	0	1
ENSG00000233913	RPL10P9	GroupB_exclusive			TK13	DEL	0	1
ENSG00000142676	RPL11	GroupB_exclusive			TK12	DEL	0	1
ENSG00000236047	RPL13AP12	GroupB_exclusive			TK14	DEL	0	1
ENSG00000241651	RPL15P8	GroupB_exclusive			TK14	DEL	0	1
ENSG00000214760	RPL21P1	GroupB_exclusive			TK14	DEL	0	1
ENSG00000220749	RPL21P28	GroupB_exclusive			TK14	DEL	0	1
ENSG00000242602	RPL35AP13	GroupB_exclusive			TK14	DEL	0	1
ENSG00000224476	RPL36P16	GroupB_exclusive			TK13	DEL	0	1
ENSG00000230071	RPL4P6	GroupB_exclusive			TK14	DEL	0	1
ENSG00000163682	RPL9	GroupB_exclusive			TK12	DEL	0	1
ENSG00000243686	RPLP1P11	GroupB_exclusive			TK13	DEL	0	1
ENSG00000101413	RPRD1B	GroupB_exclusive			TK13	DEL	0	1
ENSG00000225193	RPS12P26	GroupB_exclusive			TK14	DEL	0	1
ENSG00000240494	RPS12P28	GroupB_exclusive			TK13	DEL	0	1
ENSG00000164587	RPS14	GroupB_exclusive			TK12	DEL	0	1
ENSG00000187051	RPS19BP1	GroupB_exclusive			TK12	DEL	0	1
ENSG00000185088	RPS27L	GroupB_exclusive			TK12	DEL	0	1
ENSG00000270285	RPS27P30	GroupB_exclusive			TK14	DEL	0	1
ENSG00000241913	RPS29P21	GroupB_exclusive			TK13	DEL	0	1
ENSG00000227032	RPS2P36	GroupB_exclusive			TK13	DEL	0	1
ENSG00000213757	RPS3AP20	GroupB_exclusive			TK14	DEL	0	1
ENSG00000229057	RPS3AP54	GroupB_exclusive			TK14	DEL	0	1
ENSG00000186008	RPS4XP21	GroupB_exclusive			TK13	DEL	0	1
ENSG00000224598	RPS5P2	GroupB_exclusive			TK13	DEL	0	1
ENSG00000071242	RPS6KA2	GroupB_exclusive			TK13	DEL	0	1
ENSG00000162302	RPS6KA4	GroupB_exclusive			TK13	DEL	0	1
ENSG00000108443	RPS6KB1	GroupB_exclusive			TK13	DEL	0	1
ENSG00000263266	RPS7P1	GroupB_exclusive			TK13	DEL	0	1
ENSG00000239626	RPSAP41	GroupB_exclusive			TK14	DEL	0	1
ENSG00000126458	RRAS	GroupB_exclusive			TK12	DEL	0	1
ENSG00000236484	RRM2P2	GroupB_exclusive			TK14	DEL	0	1
ENSG00000081019	RSBN1	GroupB_exclusive			TK14	DEL	0	1
ENSG00000137996	RTCA	GroupB_exclusive			TK13	DEL	0	1
ENSG00000186907	RTN4RL2	GroupB_exclusive			TK13	DEL	0	1
ENSG00000176783	RUFY1	GroupB_exclusive			TK13	DEL	0	1
ENSG00000182552	RWDD4	GroupB_exclusive			TK14	DEL	0	1
ENSG00000118600	RXYLT1	GroupB_exclusive			TK13	DEL	0	1
ENSG00000255850	RXYLT1-AS1	GroupB_exclusive			TK13	DEL	0	1
ENSG00000166788	SAAL1	GroupB_exclusive			TK12	DEL	0	1
ENSG00000205307	SAP25	GroupB_exclusive			TK13	DEL	0	1
ENSG00000164576	SAP30L	GroupB_exclusive			TK13	DEL	0	1
ENSG00000112167	SAYSD1	GroupB_exclusive			TK14	DEL	0	1
ENSG00000151466	SCLT1	GroupB_exclusive			TK14	DEL	0	1
ENSG00000047634	SCML1	GroupB_exclusive			TK14	DEL	0	1
ENSG00000144306	SCRN3	GroupB_exclusive			TK13	DEL	0	1
ENSG00000232871	SEC1P	GroupB_exclusive			TK13	DEL	0	1
ENSG00000228057	SEC63P1	GroupB_exclusive			TK14	DEL	0	1
ENSG00000183291	SELENOF	GroupB_exclusive			TK13	DEL	0	1
ENSG00000131871	SELENOS	GroupB_exclusive			TK12	DEL	0	1
ENSG00000138468	SENP7	GroupB_exclusive			TK13	DEL	0	1
ENSG00000168385	SEPTIN2	GroupB_exclusive			TK13	DEL	0	1
ENSG00000145391	SETD7	GroupB_exclusive			TK14	DEL	0	1
ENSG00000143379	SETDB1	GroupB_exclusive			TK13	DEL	0	1
ENSG00000163935	SFMBT1	GroupB_exclusive			TK14	DEL	0	1
ENSG00000145423	SFRP2	GroupB_exclusive			TK13	DEL	0	1
ENSG00000061936	SFSWAP	GroupB_exclusive			TK13	DEL	0	1
ENSG00000198818	SFT2D1	GroupB_exclusive			TK14	DEL	0	1
ENSG00000111252	SH2B3	GroupB_exclusive			TK14	DEL	0	1
ENSG00000131370	SH3BP5	GroupB_exclusive			TK14	DEL	0	1
ENSG00000129214	SHBG	GroupB_exclusive			TK14	DEL	0	1
ENSG00000259096	SHLD2P2	GroupB_exclusive			TK14	DEL	0	1
ENSG00000146414	SHPRH	GroupB_exclusive			TK14	DEL	0	1
ENSG00000052723	SIKE1	GroupB_exclusive			TK13	DEL	0	1
ENSG00000142082	SIRT3	GroupB_exclusive			TK14	DEL	0	1
ENSG00000124523	SIRT5	GroupB_exclusive			TK13	DEL	0	1
ENSG00000113504	SLC12A7	GroupB_exclusive			TK13	DEL	0	1
ENSG00000007216	SLC13A2	GroupB_exclusive			TK13	DEL	0	1
ENSG00000163053	SLC16A14	GroupB_exclusive			TK13	DEL	0	1
ENSG00000146409	SLC18B1	GroupB_exclusive			TK14	DEL	0	1
ENSG00000137266	SLC22A23	GroupB_exclusive			TK13	DEL	0	1
ENSG00000100372	SLC25A17	GroupB_exclusive			TK14	DEL	0	1
ENSG00000267323	SLC25A1P5	GroupB_exclusive			TK14	DEL	0	1
ENSG00000171612	SLC25A33	GroupB_exclusive			TK14	DEL	0	1
ENSG00000254088	SLC2A3P4	GroupB_exclusive			TK14	DEL	0	1
ENSG00000136856	SLC2A8	GroupB_exclusive			TK13	DEL	0	1
ENSG00000177058	SLC38A9	GroupB_exclusive			TK13	DEL	0	1
ENSG00000029364	SLC39A9	GroupB_exclusive			TK14	DEL	0	1
ENSG00000040487	SLC66A1	GroupB_exclusive			TK14	DEL	0	1
ENSG00000151012	SLC7A11	GroupB_exclusive			TK14	DEL	0	1
ENSG00000164038	SLC9B2	GroupB_exclusive			TK14	DEL	0	1
ENSG00000119906	SLF2	GroupB_exclusive			TK14	DEL	0	1
ENSG00000184347	SLIT3	GroupB_exclusive			TK13	DEL	0	1
ENSG00000254042	SLIT3-AS2	GroupB_exclusive			TK13	DEL	0	1
ENSG00000164609	SLU7	GroupB_exclusive			TK12	DEL	0	1
ENSG00000163104	SMARCAD1	GroupB_exclusive			TK14	DEL	0	1
ENSG00000163029	SMC6	GroupB_exclusive			TK13	DEL	0	1
ENSG00000101596	SMCHD1	GroupB_exclusive			TK13	DEL	0	1
ENSG00000183172	SMDT1	GroupB_exclusive			TK12	DEL	0	1
ENSG00000267444	SMUG1P1	GroupB_exclusive			TK13	DEL	0	1
ENSG00000108854	SMURF2	GroupB_exclusive			TK13	DEL	0	1
ENSG00000207181	SNORA14B	GroupB_exclusive			TK13	DEL	0	1
ENSG00000201544	SNORA16B	GroupB_exclusive			TK13	DEL	0	1
ENSG00000207217	SNORA80D	GroupB_exclusive			TK12	DEL	0	1
ENSG00000200677	SNORD18	GroupB_exclusive			TK14	DEL	0	1
ENSG00000212493	SNORD19	GroupB_exclusive			TK12	DEL	0	1
ENSG00000270585	SNX2P1	GroupB_exclusive			TK14	DEL	0	1
ENSG00000267920	SNX6P1	GroupB_exclusive			TK13	DEL	0	1
ENSG00000106266	SNX8	GroupB_exclusive			TK14	DEL	0	1
ENSG00000253651	SOD1P3	GroupB_exclusive			TK12	DEL	0	1
ENSG00000159140	SON	GroupB_exclusive			TK13	DEL	0	1
ENSG00000100485	SOS2	GroupB_exclusive			TK13	DEL	0	1
ENSG00000076382	SPAG5	GroupB_exclusive			TK13	DEL	0	1
ENSG00000227543	SPAG5-AS1	GroupB_exclusive			TK13	DEL	0	1
ENSG00000021574	SPAST	GroupB_exclusive			TK13	DEL	0	1
ENSG00000145375	SPATA5	GroupB_exclusive			TK14	DEL	0	1
ENSG00000227790	SPECC1P1	GroupB_exclusive			TK14	DEL	0	1
ENSG00000104133	SPG11	GroupB_exclusive			TK13	DEL	0	1
ENSG00000164808	SPIDR	GroupB_exclusive			TK13	DEL	0	1
ENSG00000121067	SPOP	GroupB_exclusive			TK13	DEL	0	1
ENSG00000196369	SRGAP2B	GroupB_exclusive			TK14	DEL	0	1
ENSG00000140319	SRP14	GroupB_exclusive			TK12	DEL	0	1
ENSG00000188529	SRSF10	GroupB_exclusive			TK14	DEL	0	1
ENSG00000114850	SSR3	GroupB_exclusive			TK14	DEL	0	1
ENSG00000180879	SSR4	GroupB_exclusive			TK12	DEL	0	1
ENSG00000160075	SSU72	GroupB_exclusive			TK12	DEL	0	1
ENSG00000113532	ST8SIA4	GroupB_exclusive			TK13	DEL	0	1
ENSG00000106610	STAG3L4	GroupB_exclusive			TK13	DEL	0	1
ENSG00000291153	STAG3L4	GroupB_exclusive			TK13	DEL	0	1
ENSG00000130052	STARD8	GroupB_exclusive			TK13	DEL	0	1
ENSG00000113739	STC2	GroupB_exclusive			TK14	DEL	0	1
ENSG00000115107	STEAP3	GroupB_exclusive			TK13	DEL	0	1
ENSG00000068781	STON1-GTF2A1L	GroupB_exclusive			TK13	DEL	0	1
ENSG00000254995	STX16-NPEPL1	GroupB_exclusive			TK14	DEL	0	1
ENSG00000127952	STYXL1	GroupB_exclusive			TK13	DEL	0	1
ENSG00000213246	SUPT4H1	GroupB_exclusive			TK13	DEL	0	1
ENSG00000148291	SURF2	GroupB_exclusive			TK12	DEL	0	1
ENSG00000100647	SUSD6	GroupB_exclusive			TK13	DEL	0	1
ENSG00000152455	SUV39H2	GroupB_exclusive			TK14	DEL	0	1
ENSG00000273841	TAF9	GroupB_exclusive			TK14	DEL	0	1
ENSG00000184599	TAFA3	GroupB_exclusive			TK14	DEL	0	1
ENSG00000059588	TARBP1	GroupB_exclusive			TK13	DEL	0	1
ENSG00000104946	TBC1D17	GroupB_exclusive			TK12	DEL	0	1
ENSG00000068354	TBC1D25	GroupB_exclusive			TK13	DEL	0	1
ENSG00000214946	TBC1D26	GroupB_exclusive			TK14	DEL	0	1
ENSG00000233002	TBC1D26-AS1	GroupB_exclusive			TK14	DEL	0	1
ENSG00000189375	TBC1D28	GroupB_exclusive			TK14	DEL	0	1
ENSG00000267104	TBC1D3P1-DHX40P1	GroupB_exclusive			TK13	DEL	0	1
ENSG00000204634	TBC1D8	GroupB_exclusive			TK13	DEL	0	1
ENSG00000254274	TDGF1P5	GroupB_exclusive			TK13	DEL	0	1
ENSG00000083544	TDRD3	GroupB_exclusive			TK13	DEL	0	1
ENSG00000164329	TENT2	GroupB_exclusive			TK13	DEL	0	1
ENSG00000132604	TERF2	GroupB_exclusive			TK14	DEL	0	1
ENSG00000070759	TESK2	GroupB_exclusive			TK14	DEL	0	1
ENSG00000114126	TFDP2	GroupB_exclusive			TK14	DEL	0	1
ENSG00000106327	TFR2	GroupB_exclusive			TK13	DEL	0	1
ENSG00000137574	TGS1	GroupB_exclusive			TK13	DEL	0	1
ENSG00000115970	THADA	GroupB_exclusive			TK13	DEL	0	1
ENSG00000137492	THAP12	GroupB_exclusive			TK13	DEL	0	1
ENSG00000161277	THAP8	GroupB_exclusive			TK13	DEL	0	1
ENSG00000172673	THEMIS	GroupB_exclusive			TK13	DEL	0	1
ENSG00000100296	THOC5	GroupB_exclusive			TK12	DEL	0	1
ENSG00000116001	TIA1	GroupB_exclusive			TK12	DEL	0	1
ENSG00000145850	TIMD4	GroupB_exclusive			TK12	DEL	0	1
ENSG00000075336	TIMM21	GroupB_exclusive			TK14	DEL	0	1
ENSG00000100575	TIMM9	GroupB_exclusive			TK14	DEL	0	1
ENSG00000102265	TIMP1	GroupB_exclusive			TK12	DEL	0	1
ENSG00000150455	TIRAP	GroupB_exclusive			TK13	DEL	0	1
ENSG00000132406	TMEM128	GroupB_exclusive			TK13	DEL	0	1
ENSG00000121210	TMEM131L	GroupB_exclusive			TK13	DEL	0	1
ENSG00000166575	TMEM135	GroupB_exclusive			TK14	DEL	0	1
ENSG00000164168	TMEM184C	GroupB_exclusive			TK13	DEL	0	1
ENSG00000170088	TMEM192	GroupB_exclusive			TK14	DEL	0	1
ENSG00000186501	TMEM222	GroupB_exclusive			TK14	DEL	0	1
ENSG00000183726	TMEM50A	GroupB_exclusive			TK14	DEL	0	1
ENSG00000238164	TNFRSF14-AS1	GroupB_exclusive			TK13	DEL	0	1
ENSG00000083312	TNPO1	GroupB_exclusive			TK14	DEL	0	1
ENSG00000100284	TOM1	GroupB_exclusive			TK13	DEL	0	1
ENSG00000173726	TOMM20	GroupB_exclusive			TK13	DEL	0	1
ENSG00000197579	TOPORS	GroupB_exclusive			TK13	DEL	0	1
ENSG00000182165	TP53TG1	GroupB_exclusive			TK12	DEL	0	1
ENSG00000186854	TRABD2A	GroupB_exclusive			TK13	DEL	0	1
ENSG00000225791	TRAM2-AS1	GroupB_exclusive			TK14	DEL	0	1
ENSG00000171853	TRAPPC12	GroupB_exclusive			TK13	DEL	0	1
ENSG00000054116	TRAPPC3	GroupB_exclusive			TK14	DEL	0	1
ENSG00000173334	TRIB1	GroupB_exclusive			TK12	DEL	0	1
ENSG00000221926	TRIM16	GroupB_exclusive			TK14	DEL	0	1
ENSG00000225839	TRMT2B-AS1	GroupB_exclusive			TK13	DEL	0	1
ENSG00000180098	TRNAU1AP	GroupB_exclusive			TK13	DEL	0	1
ENSG00000119121	TRPM6	GroupB_exclusive			TK14	DEL	0	1
ENSG00000100300	TSPO	GroupB_exclusive			TK13	DEL	0	1
ENSG00000100154	TTC28	GroupB_exclusive			TK14	DEL	0	1
ENSG00000116830	TTF2	GroupB_exclusive			TK14	DEL	0	1
ENSG00000237972	TUBG1P	GroupB_exclusive			TK14	DEL	0	1
ENSG00000166676	TVP23A	GroupB_exclusive			TK14	DEL	0	1
ENSG00000171928	TVP23B	GroupB_exclusive			TK14	DEL	0	1
ENSG00000247596	TWF2	GroupB_exclusive			TK14	DEL	0	1
ENSG00000100348	TXN2	GroupB_exclusive			TK14	DEL	0	1
ENSG00000228369	TXNDC12-AS1	GroupB_exclusive			TK14	DEL	0	1
ENSG00000141759	TXNL4A	GroupB_exclusive			TK14	DEL	0	1
ENSG00000162623	TYW3	GroupB_exclusive			TK14	DEL	0	1
ENSG00000271817	U3	GroupB_exclusive			TK14	DEL	0	1
ENSG00000243498	UBA52P5	GroupB_exclusive			TK13	DEL	0	1
ENSG00000250384	UBE2CP3	GroupB_exclusive			TK13	DEL	0	1
ENSG00000132388	UBE2G1	GroupB_exclusive			TK14	DEL	0	1
ENSG00000229780	UBE2Q1-AS1	GroupB_exclusive			TK12	DEL	0	1
ENSG00000224126	UBE2SP2	GroupB_exclusive			TK14	DEL	0	1
ENSG00000024048	UBR2	GroupB_exclusive			TK13	DEL	0	1
ENSG00000012963	UBR7	GroupB_exclusive			TK13	DEL	0	1
ENSG00000158062	UBXN11	GroupB_exclusive			TK14	DEL	0	1
ENSG00000136731	UGGT1	GroupB_exclusive			TK14	DEL	0	1
ENSG00000147854	UHRF2	GroupB_exclusive			TK13	DEL	0	1
ENSG00000106608	URGCP	GroupB_exclusive			TK14	DEL	0	1
ENSG00000053501	USE1	GroupB_exclusive			TK12	DEL	0	1
ENSG00000118369	USP35	GroupB_exclusive			TK13	DEL	0	1
ENSG00000103043	VAC14	GroupB_exclusive			TK14	DEL	0	1
ENSG00000101558	VAPA	GroupB_exclusive			TK14	DEL	0	1
ENSG00000168140	VASN	GroupB_exclusive			TK14	DEL	0	1
ENSG00000224072	VEZTP1	GroupB_exclusive			TK14	DEL	0	1
ENSG00000167397	VKORC1	GroupB_exclusive			TK12	DEL	0	1
ENSG00000122958	VPS26A	GroupB_exclusive			TK14	DEL	0	1
ENSG00000224895	VPS26BP1	GroupB_exclusive			TK14	DEL	0	1
ENSG00000103544	VPS35L	GroupB_exclusive			TK14	DEL	0	1
ENSG00000166272	WBP1L	GroupB_exclusive			TK14	DEL	0	1
ENSG00000085449	WDFY1	GroupB_exclusive			TK13	DEL	0	1
ENSG00000160193	WDR4	GroupB_exclusive			TK14	DEL	0	1
ENSG00000133316	WDR74	GroupB_exclusive			TK12	DEL	0	1
ENSG00000157954	WIPI2	GroupB_exclusive			TK14	DEL	0	1
ENSG00000111186	WNT5B	GroupB_exclusive			TK14	DEL	0	1
ENSG00000116213	WRAP73	GroupB_exclusive			TK13	DEL	0	1
ENSG00000233885	YEATS2-AS1	GroupB_exclusive			TK12	DEL	0	1
ENSG00000090238	YPEL3	GroupB_exclusive			TK12	DEL	0	1
ENSG00000119801	YPEL5	GroupB_exclusive			TK14	DEL	0	1
ENSG00000047188	YTHDC2	GroupB_exclusive			TK13	DEL	0	1
ENSG00000230661	YY1P1	GroupB_exclusive			TK14	DEL	0	1
ENSG00000199331	Y_RNA	GroupB_exclusive			TK14	DEL	0	1
ENSG00000200170	Y_RNA	GroupB_exclusive			TK14	DEL	0	1
ENSG00000200769	Y_RNA	GroupB_exclusive			TK12	DEL	0	1
ENSG00000200922	Y_RNA	GroupB_exclusive			TK14	DEL	0	1
ENSG00000201013	Y_RNA	GroupB_exclusive			TK14	DEL	0	1
ENSG00000201239	Y_RNA	GroupB_exclusive			TK12	DEL	0	1
ENSG00000201412	Y_RNA	GroupB_exclusive			TK14	DEL	0	1
ENSG00000201820	Y_RNA	GroupB_exclusive			TK12	DEL	0	1
ENSG00000201916	Y_RNA	GroupB_exclusive			TK13	DEL	0	1
ENSG00000202345	Y_RNA	GroupB_exclusive			TK13	DEL	0	1
ENSG00000206704	Y_RNA	GroupB_exclusive			TK13	DEL	0	1
ENSG00000206768	Y_RNA	GroupB_exclusive			TK14	DEL	0	1
ENSG00000206824	Y_RNA	GroupB_exclusive			TK13	DEL	0	1
ENSG00000207356	Y_RNA	GroupB_exclusive			TK13	DEL	0	1
ENSG00000207525	Y_RNA	GroupB_exclusive			TK13	DEL	0	1
ENSG00000222430	Y_RNA	GroupB_exclusive			TK13	DEL	0	1
ENSG00000251779	Y_RNA	GroupB_exclusive			TK14	DEL	0	1
ENSG00000252021	Y_RNA	GroupB_exclusive			TK13	DEL	0	1
ENSG00000252341	Y_RNA	GroupB_exclusive			TK13	DEL	0	1
ENSG00000146839	ZAN	GroupB_exclusive			TK13	DEL	0	1
ENSG00000177485	ZBTB33	GroupB_exclusive			TK12	DEL	0	1
ENSG00000184677	ZBTB40	GroupB_exclusive			TK14	DEL	0	1
ENSG00000122299	ZC3H7A	GroupB_exclusive			TK13	DEL	0	1
ENSG00000100403	ZC3H7B	GroupB_exclusive			TK13	DEL	0	1
ENSG00000144161	ZC3H8	GroupB_exclusive			TK14	DEL	0	1
ENSG00000163812	ZDHHC3	GroupB_exclusive			TK13	DEL	0	1
ENSG00000099904	ZDHHC8	GroupB_exclusive			TK13	DEL	0	1
ENSG00000086666	ZFAND6	GroupB_exclusive			TK14	DEL	0	1
ENSG00000185650	ZFP36L1	GroupB_exclusive			TK12	DEL	0	1
ENSG00000196670	ZFP62	GroupB_exclusive			TK14	DEL	0	1
ENSG00000259305	ZHX1-C8orf76	GroupB_exclusive			TK13	DEL	0	1
ENSG00000106261	ZKSCAN1	GroupB_exclusive			TK13	DEL	0	1
ENSG00000198315	ZKSCAN8	GroupB_exclusive			TK13	DEL	0	1
ENSG00000197020	ZNF100	GroupB_exclusive			TK14	DEL	0	1
ENSG00000181896	ZNF101	GroupB_exclusive			TK13	DEL	0	1
ENSG00000167384	ZNF180	GroupB_exclusive			TK13	DEL	0	1
ENSG00000170260	ZNF212	GroupB_exclusive			TK14	DEL	0	1
ENSG00000131115	ZNF227	GroupB_exclusive			TK13	DEL	0	1
ENSG00000063587	ZNF275	GroupB_exclusive			TK14	DEL	0	1
ENSG00000198839	ZNF277	GroupB_exclusive			TK13	DEL	0	1
ENSG00000255104	ZNF286A-TBC1D26	GroupB_exclusive			TK14	DEL	0	1
ENSG00000249459	ZNF286B	GroupB_exclusive			TK14	DEL	0	1
ENSG00000290687	ZNF286B	GroupB_exclusive			TK14	DEL	0	1
ENSG00000108452	ZNF29P	GroupB_exclusive			TK14	DEL	0	1
ENSG00000165244	ZNF367	GroupB_exclusive			TK14	DEL	0	1
ENSG00000226803	ZNF451-AS1	GroupB_exclusive			TK13	DEL	0	1
ENSG00000101493	ZNF516	GroupB_exclusive			TK13	DEL	0	1
ENSG00000186020	ZNF529	GroupB_exclusive			TK13	DEL	0	1
ENSG00000196437	ZNF569	GroupB_exclusive			TK13	DEL	0	1
ENSG00000269067	ZNF728	GroupB_exclusive			TK13	DEL	0	1
ENSG00000183850	ZNF730	GroupB_exclusive			TK13	DEL	0	1
ENSG00000105750	ZNF85	GroupB_exclusive			TK14	DEL	0	1
ENSG00000106479	ZNF862	GroupB_exclusive			TK13	DEL	0	1
ENSG00000184635	ZNF93	GroupB_exclusive			TK14	DEL	0	1
ENSG00000172785	ZNG1A	GroupB_exclusive			TK13	DEL	0	1
ENSG00000273611	ZNHIT3	GroupB_exclusive			TK13	DEL	0	1
ENSG00000121988	ZRANB3	GroupB_exclusive			TK13	DEL	0	1
ENSG00000235430	ZSWIM5P1	GroupB_exclusive			TK14	DEL	0	1
ENSG00000036549	ZZZ3	GroupB_exclusive			TK14	DEL	0	1
