gene_id	gene_name	category	groupA_samples	groupA_vtypes	groupB_samples	groupB_vtypes	n_groupA_samples	n_groupB_samples
ENSG00000073734	ABCB11	GroupA_exclusive	TK13,TK14,TK16	SNV			3	0
ENSG00000232396	CABP7-DT	GroupA_exclusive	TK13,TK14,TK16	SNV			3	0
ENSG00000242198	ENSG00000242198	GroupA_exclusive	TK13,TK14,TK16	SNV			3	0
ENSG00000260063	ENSG00000260063	GroupA_exclusive	TK13,TK14,TK16	SNV			3	0
ENSG00000279265	ENSG00000279265	GroupA_exclusive	TK13,TK14,TK16	INDEL,SNV			3	0
ENSG00000285336	ENSG00000285336	GroupA_exclusive	TK13,TK14,TK16	INDEL,SNV			3	0
ENSG00000287967	ENSG00000287967	GroupA_exclusive	TK13,TK14,TK16	SNV			3	0
ENSG00000288004	ENSG00000288004	GroupA_exclusive	TK13,TK14,TK16	SNV			3	0
ENSG00000196468	FGF16	GroupA_exclusive	TK13,TK14,TK16	SNV			3	0
ENSG00000110169	HPX	GroupA_exclusive	TK13,TK14,TK16	SNV			3	0
ENSG00000211973	IGHV1-69	GroupA_exclusive	TK13,TK14,TK16	SNV			3	0
ENSG00000111262	KCNA1	GroupA_exclusive	TK13,TK14,TK16	SNV			3	0
ENSG00000114248	LRRC31	GroupA_exclusive	TK13,TK14,TK16	SNV			3	0
ENSG00000103313	MEFV	GroupA_exclusive	TK13,TK14,TK16	SNV			3	0
ENSG00000166408	OR5P1P	GroupA_exclusive	TK13,TK14,TK16	SNV			3	0
ENSG00000248257	PSG10P	GroupA_exclusive	TK13,TK14,TK16	SNV			3	0
ENSG00000095932	SMIM24	GroupA_exclusive	TK13,TK14,TK16	SNV			3	0
ENSG00000166948	TGM6	GroupA_exclusive	TK13,TK14,TK16	SNV			3	0
ENSG00000184795	UNC93B5	GroupA_exclusive	TK13,TK14,TK16	INDEL,SNV			3	0
ENSG00000202111	VTRNA1-2	GroupA_exclusive	TK13,TK14,TK16	SNV			3	0
ENSG00000173578	XCR1	GroupA_exclusive	TK13,TK14,TK16	INDEL,SNV			3	0
ENSG00000196345	ZKSCAN7	GroupA_exclusive	TK13,TK14,TK16	SNV			3	0
ENSG00000205002	AARD	GroupA_exclusive	TK13,TK14	SNV			2	0
ENSG00000198691	ABCA4	GroupA_exclusive	TK13,TK14	SNV			2	0
ENSG00000145536	ADAMTS16	GroupA_exclusive	TK13,TK14	INDEL,SNV			2	0
ENSG00000141433	ADCYAP1	GroupA_exclusive	TK13,TK14	SNV			2	0
ENSG00000079557	AFM	GroupA_exclusive	TK13,TK14	SNV			2	0
ENSG00000172482	AGXT	GroupA_exclusive	TK13,TK14	SNV			2	0
ENSG00000223621	AK4P4	GroupA_exclusive	TK14,TK16	SNV			2	0
ENSG00000151632	AKR1C2	GroupA_exclusive	TK13,TK14	SNV			2	0
ENSG00000178171	AMER3	GroupA_exclusive	TK13,TK14	SNV			2	0
ENSG00000227059	ANHX	GroupA_exclusive	TK13,TK14	SNV			2	0
ENSG00000132703	APCS	GroupA_exclusive	TK13,TK14	SNV			2	0
ENSG00000110245	APOC3	GroupA_exclusive	TK13,TK14	SNV			2	0
ENSG00000267472	ARHGAP27P2	GroupA_exclusive	TK13,TK14	SNV			2	0
ENSG00000147256	ARHGAP36	GroupA_exclusive	TK13,TK14	SNV			2	0
ENSG00000213214	ARHGEF35	GroupA_exclusive	TK13,TK14	SNV			2	0
ENSG00000271147	ARMCX5-GPRASP2	GroupA_exclusive	TK14,TK16	SNV			2	0
ENSG00000231228	ARPP19P1	GroupA_exclusive	TK14,TK16	SNV			2	0
ENSG00000166183	ASPG	GroupA_exclusive	TK13,TK14	SNV			2	0
ENSG00000225308	ASS1P11	GroupA_exclusive	TK13,TK14	SNV			2	0
ENSG00000101200	AVP	GroupA_exclusive	TK13,TK14	SNV			2	0
ENSG00000125888	BANF2	GroupA_exclusive	TK13,TK16	SNV			2	0
ENSG00000131668	BARX1	GroupA_exclusive	TK14,TK16	SNV			2	0
ENSG00000132840	BHMT2	GroupA_exclusive	TK13,TK14	SNV			2	0
ENSG00000163217	BMP10	GroupA_exclusive	TK13,TK14	SNV			2	0
ENSG00000131059	BPIFA3	GroupA_exclusive	TK13,TK14	SNV			2	0
ENSG00000186190	BPIFB3	GroupA_exclusive	TK13,TK14	SNV			2	0
ENSG00000167104	BPIFB6	GroupA_exclusive	TK13,TK14	SNV			2	0
ENSG00000223658	C1GALT1C1L	GroupA_exclusive	TK13,TK14	SNV			2	0
ENSG00000240868	C1QTNF9-AS1	GroupA_exclusive	TK13,TK14	SNV			2	0
ENSG00000205502	C2CD4B	GroupA_exclusive	TK13,TK14	SNV			2	0
ENSG00000291164	C3P1	GroupA_exclusive	TK14,TK16	SNV			2	0
ENSG00000127022	CANX	GroupA_exclusive	TK14,TK16	SNV			2	0
ENSG00000105971	CAV2	GroupA_exclusive	TK13,TK14	SNV			2	0
ENSG00000100307	CBX7	GroupA_exclusive	TK13,TK14	SNV			2	0
ENSG00000267909	CCDC177	GroupA_exclusive	TK13,TK14	SNV			2	0
ENSG00000169515	CCDC8	GroupA_exclusive	TK13,TK16	SNV			2	0
ENSG00000205089	CCNI2	GroupA_exclusive	TK13,TK14	SNV			2	0
ENSG00000177575	CD163	GroupA_exclusive	TK13,TK14	INDEL,SNV			2	0
ENSG00000261410	CDH13-AS1	GroupA_exclusive	TK13,TK14	SNV			2	0
ENSG00000227368	CDK8P2	GroupA_exclusive	TK13,TK14	SNV			2	0
ENSG00000204539	CDSN	GroupA_exclusive	TK13,TK14	SNV			2	0
ENSG00000170956	CEACAM3	GroupA_exclusive	TK13,TK14	SNV			2	0
ENSG00000260788	CEDORA	GroupA_exclusive	TK13,TK14	SNV			2	0
ENSG00000219073	CELA3B	GroupA_exclusive	TK13,TK14	SNV			2	0
ENSG00000159409	CELF3	GroupA_exclusive	TK13,TK16	INDEL,SNV			2	0
ENSG00000134216	CHIA	GroupA_exclusive	TK13,TK14	SNV			2	0
ENSG00000101204	CHRNA4	GroupA_exclusive	TK13,TK14	SNV			2	0
ENSG00000223572	CKMT1A	GroupA_exclusive	TK13,TK16	SNV			2	0
ENSG00000132514	CLEC10A	GroupA_exclusive	TK13,TK14	SNV			2	0
ENSG00000204140	CLPSL1	GroupA_exclusive	TK13,TK14	SNV			2	0
ENSG00000187498	COL4A1	GroupA_exclusive	TK13,TK16	SNV			2	0
ENSG00000232814	COL4A2-AS1	GroupA_exclusive	TK13,TK14	SNV			2	0
ENSG00000187581	COX8C	GroupA_exclusive	TK13,TK14	SNV			2	0
ENSG00000128510	CPA4	GroupA_exclusive	TK13,TK14	SNV			2	0
ENSG00000088882	CPXM1	GroupA_exclusive	TK13,TK14	SNV			2	0
ENSG00000174403	CRMA	GroupA_exclusive	TK13,TK14	SNV			2	0
ENSG00000109943	CRTAM	GroupA_exclusive	TK13,TK14	SNV			2	0
ENSG00000109846	CRYAB	GroupA_exclusive	TK13,TK14	SNV			2	0
ENSG00000204414	CSHL1	GroupA_exclusive	TK13,TK14	SNV			2	0
ENSG00000126545	CSN1S1	GroupA_exclusive	TK13,TK14	SNV			2	0
ENSG00000121552	CSTA	GroupA_exclusive	TK13,TK14	INDEL,SNV			2	0
ENSG00000270946	CT45A9	GroupA_exclusive	TK13,TK14	SNV			2	0
ENSG00000249326	CTD-2194D22.4	GroupA_exclusive	TK13,TK14	SNV			2	0
ENSG00000180871	CXCR2	GroupA_exclusive	TK13,TK14	SNV			2	0
ENSG00000269383	CYCSP7	GroupA_exclusive	TK13,TK14	SNV			2	0
ENSG00000160882	CYP11B1	GroupA_exclusive	TK13,TK14	SNV			2	0
ENSG00000179142	CYP11B2	GroupA_exclusive	TK13,TK14	SNV			2	0
ENSG00000268101	CYP2G2P	GroupA_exclusive	TK13,TK14	INDEL,SNV			2	0
ENSG00000167600	CYP2S1	GroupA_exclusive	TK13,TK14	SNV			2	0
ENSG00000152207	CYSLTR2	GroupA_exclusive	TK13,TK14	SNV			2	0
ENSG00000198719	DLL1	GroupA_exclusive	TK13,TK14	SNV			2	0
ENSG00000167646	DNAAF3	GroupA_exclusive	TK13,TK16	SNV			2	0
ENSG00000119660	DPPA5P4	GroupA_exclusive	TK13,TK14	SNV			2	0
ENSG00000249491	EGFLAM-AS1	GroupA_exclusive	TK13,TK14	SNV			2	0
ENSG00000225037	EIF1AX-AS1	GroupA_exclusive	TK13,TK16	SNV			2	0
ENSG00000135374	ELF5	GroupA_exclusive	TK13,TK14	SNV			2	0
ENSG00000206181	ELOA2	GroupA_exclusive	TK13,TK14	SNV			2	0
ENSG00000232445	EMSLR	GroupA_exclusive	TK13,TK16	INDEL,SNV			2	0
ENSG00000159239	ENSG00000159239	GroupA_exclusive	TK13,TK16	SNV			2	0
ENSG00000179066	ENSG00000179066	GroupA_exclusive	TK13,TK14	SNV			2	0
ENSG00000184188	ENSG00000184188	GroupA_exclusive	TK13,TK14	INDEL,SNV			2	0
ENSG00000197991	ENSG00000197991	GroupA_exclusive	TK13,TK14	SNV			2	0
ENSG00000204876	ENSG00000204876	GroupA_exclusive	TK13,TK14	SNV			2	0
ENSG00000206356	ENSG00000206356	GroupA_exclusive	TK13,TK14	INDEL,SNV			2	0
ENSG00000213956	ENSG00000213956	GroupA_exclusive	TK13,TK14	SNV			2	0
ENSG00000215765	ENSG00000215765	GroupA_exclusive	TK13,TK14	SNV			2	0
ENSG00000219159	ENSG00000219159	GroupA_exclusive	TK13,TK14	SNV			2	0
ENSG00000224988	ENSG00000224988	GroupA_exclusive	TK14,TK16	SNV			2	0
ENSG00000225486	ENSG00000225486	GroupA_exclusive	TK13,TK14	SNV			2	0
ENSG00000225744	ENSG00000225744	GroupA_exclusive	TK13,TK16	SNV			2	0
ENSG00000225916	ENSG00000225916	GroupA_exclusive	TK13,TK14	SNV			2	0
ENSG00000226664	ENSG00000226664	GroupA_exclusive	TK13,TK14	SNV			2	0
ENSG00000228259	ENSG00000228259	GroupA_exclusive	TK13,TK14	SNV			2	0
ENSG00000231401	ENSG00000231401	GroupA_exclusive	TK13,TK14	SNV			2	0
ENSG00000232056	ENSG00000232056	GroupA_exclusive	TK13,TK14	SNV			2	0
ENSG00000233017	ENSG00000233017	GroupA_exclusive	TK13,TK16	SNV			2	0
ENSG00000234210	ENSG00000234210	GroupA_exclusive	TK13,TK14	SNV			2	0
ENSG00000235721	ENSG00000235721	GroupA_exclusive	TK14,TK16	INDEL,SNV			2	0
ENSG00000237689	ENSG00000237689	GroupA_exclusive	TK13,TK16	SNV			2	0
ENSG00000241434	ENSG00000241434	GroupA_exclusive	TK14,TK16	SNV			2	0
ENSG00000243304	ENSG00000243304	GroupA_exclusive	TK13,TK16	SNV			2	0
ENSG00000248586	ENSG00000248586	GroupA_exclusive	TK14,TK16	INDEL			2	0
ENSG00000248596	ENSG00000248596	GroupA_exclusive	TK13,TK14	SNV			2	0
ENSG00000248676	ENSG00000248676	GroupA_exclusive	TK13,TK16	SNV			2	0
ENSG00000249174	ENSG00000249174	GroupA_exclusive	TK13,TK14	SNV			2	0
ENSG00000249237	ENSG00000249237	GroupA_exclusive	TK13,TK14	INDEL,SNV			2	0
ENSG00000250954	ENSG00000250954	GroupA_exclusive	TK13,TK14	SNV			2	0
ENSG00000251487	ENSG00000251487	GroupA_exclusive	TK13,TK14	SNV			2	0
ENSG00000253189	ENSG00000253189	GroupA_exclusive	TK14,TK16	SNV			2	0
ENSG00000253857	ENSG00000253857	GroupA_exclusive	TK13,TK14	SNV			2	0
ENSG00000254423	ENSG00000254423	GroupA_exclusive	TK13,TK16	SNV			2	0
ENSG00000255599	ENSG00000255599	GroupA_exclusive	TK13,TK14	INDEL,SNV			2	0
ENSG00000258088	ENSG00000258088	GroupA_exclusive	TK13,TK14	SNV			2	0
ENSG00000258125	ENSG00000258125	GroupA_exclusive	TK13,TK14	SNV			2	0
ENSG00000258253	ENSG00000258253	GroupA_exclusive	TK13,TK14	SNV			2	0
ENSG00000258459	ENSG00000258459	GroupA_exclusive	TK13,TK14	SNV			2	0
ENSG00000259622	ENSG00000259622	GroupA_exclusive	TK13,TK14	SNV			2	0
ENSG00000260254	ENSG00000260254	GroupA_exclusive	TK13,TK14	SNV			2	0
ENSG00000260832	ENSG00000260832	GroupA_exclusive	TK13,TK14	SNV			2	0
ENSG00000260892	ENSG00000260892	GroupA_exclusive	TK13,TK14	SNV			2	0
ENSG00000261335	ENSG00000261335	GroupA_exclusive	TK13,TK14	SNV			2	0
ENSG00000261720	ENSG00000261720	GroupA_exclusive	TK13,TK14	SNV			2	0
ENSG00000261821	ENSG00000261821	GroupA_exclusive	TK13,TK14	INDEL,SNV			2	0
ENSG00000262768	ENSG00000262768	GroupA_exclusive	TK14,TK16	SNV			2	0
ENSG00000263189	ENSG00000263189	GroupA_exclusive	TK13,TK14	SNV			2	0
ENSG00000264449	ENSG00000264449	GroupA_exclusive	TK13,TK14	SNV			2	0
ENSG00000265579	ENSG00000265579	GroupA_exclusive	TK13,TK14	SNV			2	0
ENSG00000266968	ENSG00000266968	GroupA_exclusive	TK13,TK16	SNV			2	0
ENSG00000268509	ENSG00000268509	GroupA_exclusive	TK13,TK16	SNV			2	0
ENSG00000269758	ENSG00000269758	GroupA_exclusive	TK14,TK16	SNV			2	0
ENSG00000269779	ENSG00000269779	GroupA_exclusive	TK13,TK14	SNV			2	0
ENSG00000270147	ENSG00000270147	GroupA_exclusive	TK13,TK16	SNV			2	0
ENSG00000271715	ENSG00000271715	GroupA_exclusive	TK13,TK14	SNV			2	0
ENSG00000273212	ENSG00000273212	GroupA_exclusive	TK13,TK14	SNV			2	0
ENSG00000273244	ENSG00000273244	GroupA_exclusive	TK13,TK14	SNV			2	0
ENSG00000274820	ENSG00000274820	GroupA_exclusive	TK13,TK14	SNV			2	0
ENSG00000274835	ENSG00000274835	GroupA_exclusive	TK13,TK14	SNV			2	0
ENSG00000274943	ENSG00000274943	GroupA_exclusive	TK13,TK16	SNV			2	0
ENSG00000276530	ENSG00000276530	GroupA_exclusive	TK13,TK14	SNV			2	0
ENSG00000276707	ENSG00000276707	GroupA_exclusive	TK13,TK16	SNV			2	0
ENSG00000277738	ENSG00000277738	GroupA_exclusive	TK13,TK14	SNV			2	0
ENSG00000277930	ENSG00000277930	GroupA_exclusive	TK13,TK14	INDEL,SNV			2	0
ENSG00000278045	ENSG00000278045	GroupA_exclusive	TK13,TK14	SNV			2	0
ENSG00000278791	ENSG00000278791	GroupA_exclusive	TK14,TK16	SNV			2	0
ENSG00000278887	ENSG00000278887	GroupA_exclusive	TK14,TK16	SNV			2	0
ENSG00000279022	ENSG00000279022	GroupA_exclusive	TK14,TK16	INDEL,SNV			2	0
ENSG00000279381	ENSG00000279381	GroupA_exclusive	TK13,TK14	INDEL,SNV			2	0
ENSG00000279444	ENSG00000279444	GroupA_exclusive	TK13,TK14	SNV			2	0
ENSG00000279713	ENSG00000279713	GroupA_exclusive	TK13,TK14	SNV			2	0
ENSG00000284653	ENSG00000284653	GroupA_exclusive	TK13,TK14	SNV			2	0
ENSG00000285269	ENSG00000285269	GroupA_exclusive	TK14,TK16	SNV			2	0
ENSG00000285717	ENSG00000285717	GroupA_exclusive	TK13,TK14	SNV			2	0
ENSG00000285959	ENSG00000285959	GroupA_exclusive	TK13,TK14	SNV			2	0
ENSG00000285981	ENSG00000285981	GroupA_exclusive	TK13,TK14	SNV			2	0
ENSG00000286010	ENSG00000286010	GroupA_exclusive	TK13,TK14	SNV			2	0
ENSG00000286013	ENSG00000286013	GroupA_exclusive	TK13,TK14	SNV			2	0
ENSG00000286049	ENSG00000286049	GroupA_exclusive	TK13,TK14	INDEL,SNV			2	0
ENSG00000286528	ENSG00000286528	GroupA_exclusive	TK13,TK14	SNV			2	0
ENSG00000286984	ENSG00000286984	GroupA_exclusive	TK13,TK14	SNV			2	0
ENSG00000287114	ENSG00000287114	GroupA_exclusive	TK14,TK16	SNV			2	0
ENSG00000287271	ENSG00000287271	GroupA_exclusive	TK13,TK16	INDEL,SNV			2	0
ENSG00000287321	ENSG00000287321	GroupA_exclusive	TK13,TK14	INDEL,SNV			2	0
ENSG00000287495	ENSG00000287495	GroupA_exclusive	TK13,TK14	SNV			2	0
ENSG00000287559	ENSG00000287559	GroupA_exclusive	TK13,TK14	SNV			2	0
ENSG00000287848	ENSG00000287848	GroupA_exclusive	TK13,TK14	SNV			2	0
ENSG00000287924	ENSG00000287924	GroupA_exclusive	TK13,TK14	SNV			2	0
ENSG00000288024	ENSG00000288024	GroupA_exclusive	TK13,TK14	SNV			2	0
ENSG00000288554	ENSG00000288554	GroupA_exclusive	TK13,TK14	SNV			2	0
ENSG00000288840	ENSG00000288840	GroupA_exclusive	TK13,TK14	SNV			2	0
ENSG00000288912	ENSG00000288912	GroupA_exclusive	TK13,TK16	SNV			2	0
ENSG00000288947	ENSG00000288947	GroupA_exclusive	TK13,TK14	SNV			2	0
ENSG00000288993	ENSG00000288993	GroupA_exclusive	TK14,TK16	SNV			2	0
ENSG00000289089	ENSG00000289089	GroupA_exclusive	TK13,TK14	SNV			2	0
ENSG00000289141	ENSG00000289141	GroupA_exclusive	TK13,TK16	SNV			2	0
ENSG00000289258	ENSG00000289258	GroupA_exclusive	TK13,TK14	SNV			2	0
ENSG00000289322	ENSG00000289322	GroupA_exclusive	TK13,TK14	SNV			2	0
ENSG00000289575	ENSG00000289575	GroupA_exclusive	TK13,TK16	SNV			2	0
ENSG00000290057	ENSG00000290057	GroupA_exclusive	TK13,TK16	SNV			2	0
ENSG00000290404	ENSG00000290404	GroupA_exclusive	TK14,TK16	SNV			2	0
ENSG00000290748	ENSG00000290748	GroupA_exclusive	TK13,TK14	SNV			2	0
ENSG00000290768	ENSG00000290768	GroupA_exclusive	TK13,TK14	SNV			2	0
ENSG00000290978	ENSG00000290978	GroupA_exclusive	TK13,TK14	SNV			2	0
ENSG00000290982	ENSG00000290982	GroupA_exclusive	TK13,TK14	SNV			2	0
ENSG00000291204	ENSG00000291204	GroupA_exclusive	TK13,TK14	SNV			2	0
ENSG00000291257	ENSG00000291257	GroupA_exclusive	TK13,TK14	SNV			2	0
ENSG00000172031	EPHX4	GroupA_exclusive	TK13,TK14	SNV			2	0
ENSG00000187682	ERAS	GroupA_exclusive	TK13,TK14	SNV			2	0
ENSG00000134398	ERN2	GroupA_exclusive	TK14,TK16	SNV			2	0
ENSG00000231528	FAM225A	GroupA_exclusive	TK13,TK14	SNV			2	0
ENSG00000269118	FAM90A28P	GroupA_exclusive	TK13,TK16	SNV			2	0
ENSG00000160339	FCN2	GroupA_exclusive	TK13,TK14	SNV			2	0
ENSG00000186895	FGF3	GroupA_exclusive	TK13,TK14	SNV			2	0
ENSG00000112214	FHL5	GroupA_exclusive	TK13,TK14	INDEL,SNV			2	0
ENSG00000268066	FMR1-AS1	GroupA_exclusive	TK13,TK14	SNV			2	0
ENSG00000176678	FOXL1	GroupA_exclusive	TK13,TK14	SNV			2	0
ENSG00000242960	FTH1P23	GroupA_exclusive	TK13,TK14	SNV			2	0
ENSG00000187889	FYB2	GroupA_exclusive	TK13,TK14	SNV			2	0
ENSG00000159248	GJD2	GroupA_exclusive	TK13,TK14	SNV			2	0
ENSG00000112164	GLP1R	GroupA_exclusive	TK13,TK14	SNV			2	0
ENSG00000114349	GNAT1	GroupA_exclusive	TK13,TK14	SNV			2	0
ENSG00000173302	GPR148	GroupA_exclusive	TK13,TK14	SNV			2	0
ENSG00000113262	GRM6	GroupA_exclusive	TK13,TK14	INDEL,SNV			2	0
ENSG00000182793	GSTA5	GroupA_exclusive	TK13,TK14	SNV			2	0
ENSG00000242441	GTF2A1L	GroupA_exclusive	TK13,TK14	SNV			2	0
ENSG00000187721	GTF2IP3	GroupA_exclusive	TK13,TK14	SNV			2	0
ENSG00000164508	H2AC1	GroupA_exclusive	TK13,TK14	SNV			2	0
ENSG00000288859	H2AC19	GroupA_exclusive	TK14,TK16	SNV			2	0
ENSG00000278588	H2BC10	GroupA_exclusive	TK13,TK16	SNV			2	0
ENSG00000234927	HMGN1P18	GroupA_exclusive	TK14,TK16	SNV			2	0
ENSG00000188620	HMX3	GroupA_exclusive	TK13,TK14	SNV			2	0
ENSG00000227538	HNRNPFP1	GroupA_exclusive	TK13,TK14	SNV			2	0
ENSG00000170166	HOXD4	GroupA_exclusive	TK13,TK14	SNV			2	0
ENSG00000169271	HSPB3	GroupA_exclusive	TK13,TK14	SNV			2	0
ENSG00000277282	IGHV1OR21-1	GroupA_exclusive	TK13,TK14	SNV			2	0
ENSG00000211942	IGHV3-13	GroupA_exclusive	TK13,TK14	SNV			2	0
ENSG00000211938	IGHV3-7	GroupA_exclusive	TK13,TK14	SNV			2	0
ENSG00000259490	IGHV3OR15-7	GroupA_exclusive	TK13,TK14	SNV			2	0
ENSG00000283906	IGHV4-80	GroupA_exclusive	TK13,TK16	INDEL,SNV			2	0
ENSG00000230481	IGKV1OR22-5	GroupA_exclusive	TK13,TK14	SNV			2	0
ENSG00000222037	IGLC6	GroupA_exclusive	TK13,TK14	SNV			2	0
ENSG00000136694	IL36A	GroupA_exclusive	TK13,TK16	SNV			2	0
ENSG00000205363	INSYN1	GroupA_exclusive	TK13,TK14	SNV			2	0
ENSG00000143105	KCNA10	GroupA_exclusive	TK13,TK14	SNV			2	0
ENSG00000162975	KCNF1	GroupA_exclusive	TK13,TK14	SNV			2	0
ENSG00000141200	KIF2B	GroupA_exclusive	TK13,TK14	SNV			2	0
ENSG00000125498	KIR2DL1	GroupA_exclusive	TK13,TK14	SNV			2	0
ENSG00000175946	KLHL38	GroupA_exclusive	TK13,TK14	INDEL,SNV			2	0
ENSG00000174562	KLK15	GroupA_exclusive	TK13,TK14	SNV			2	0
ENSG00000186847	KRT14	GroupA_exclusive	TK13,TK14	INDEL,SNV			2	0
ENSG00000235716	KRT18P46	GroupA_exclusive	TK13,TK14	SNV			2	0
ENSG00000171345	KRT19	GroupA_exclusive	TK13,TK14	SNV			2	0
ENSG00000167916	KRT24	GroupA_exclusive	TK13,TK14	SNV			2	0
ENSG00000204897	KRT25	GroupA_exclusive	TK13,TK14	SNV			2	0
ENSG00000173908	KRT28	GroupA_exclusive	TK13,TK14	SNV			2	0
ENSG00000205420	KRT6A	GroupA_exclusive	TK13,TK14	SNV			2	0
ENSG00000185479	KRT6B	GroupA_exclusive	TK13,TK14	SNV			2	0
ENSG00000170486	KRT72	GroupA_exclusive	TK13,TK14	SNV			2	0
ENSG00000170454	KRT75	GroupA_exclusive	TK13,TK14	SNV			2	0
ENSG00000171403	KRT9	GroupA_exclusive	TK13,TK14	SNV			2	0
ENSG00000215455	KRTAP10-1	GroupA_exclusive	TK13,TK14	SNV			2	0
ENSG00000221859	KRTAP10-10	GroupA_exclusive	TK13,TK14	SNV			2	0
ENSG00000243489	KRTAP10-11	GroupA_exclusive	TK13,TK14	SNV			2	0
ENSG00000215454	KRTAP10-4	GroupA_exclusive	TK13,TK14	SNV			2	0
ENSG00000188155	KRTAP10-6	GroupA_exclusive	TK13,TK14	SNV			2	0
ENSG00000221837	KRTAP10-9	GroupA_exclusive	TK13,TK14	SNV			2	0
ENSG00000221864	KRTAP12-2	GroupA_exclusive	TK13,TK14	INDEL,SNV			2	0
ENSG00000182816	KRTAP13-2	GroupA_exclusive	TK13,TK14	SNV			2	0
ENSG00000212899	KRTAP3-3	GroupA_exclusive	TK13,TK14	SNV			2	0
ENSG00000204572	KRTAP5-10	GroupA_exclusive	TK13,TK16	SNV			2	0
ENSG00000241598	KRTAP5-4	GroupA_exclusive	TK13,TK14	SNV			2	0
ENSG00000273769	L1CAM-AS1	GroupA_exclusive	TK13,TK14	SNV			2	0
ENSG00000283071	LBHD2	GroupA_exclusive	TK13,TK14	SNV			2	0
ENSG00000163202	LCE3D	GroupA_exclusive	TK13,TK14	SNV			2	0
ENSG00000104974	LILRA1	GroupA_exclusive	TK13,TK14	SNV			2	0
ENSG00000276210	LINC00226	GroupA_exclusive	TK13,TK14	INDEL,SNV			2	0
ENSG00000235665	LINC00298	GroupA_exclusive	TK14,TK16	SNV			2	0
ENSG00000256124	LINC01152	GroupA_exclusive	TK13,TK16	SNV			2	0
ENSG00000234435	LINC01432	GroupA_exclusive	TK13,TK14	INDEL,SNV			2	0
ENSG00000237560	LINC01497	GroupA_exclusive	TK14,TK16	SNV			2	0
ENSG00000235343	LINC01665	GroupA_exclusive	TK13,TK14	SNV			2	0
ENSG00000230400	LINC01747	GroupA_exclusive	TK13,TK14	INDEL,SNV			2	0
ENSG00000266278	LINC01910	GroupA_exclusive	TK13,TK14	SNV			2	0
ENSG00000241151	LINC02066	GroupA_exclusive	TK13,TK14	SNV			2	0
ENSG00000257771	LINC02395	GroupA_exclusive	TK13,TK14	SNV			2	0
ENSG00000259854	LINC02956	GroupA_exclusive	TK13,TK16	SNV			2	0
ENSG00000265743	LINC02978	GroupA_exclusive	TK13,TK14	SNV			2	0
ENSG00000160886	LY6K	GroupA_exclusive	TK13,TK14	SNV			2	0
ENSG00000216863	LY86-AS1	GroupA_exclusive	TK13,TK14	SNV			2	0
ENSG00000232030	MAGEB6B	GroupA_exclusive	TK13,TK14	SNV			2	0
ENSG00000151224	MAT1A	GroupA_exclusive	TK13,TK14	INDEL,SNV			2	0
ENSG00000242140	MATR3P2	GroupA_exclusive	TK13,TK16	SNV			2	0
ENSG00000139915	MDGA2	GroupA_exclusive	TK13,TK14	SNV			2	0
ENSG00000185156	MFSD6L	GroupA_exclusive	TK13,TK14	SNV			2	0
ENSG00000283710	MIR1204	GroupA_exclusive	TK13,TK14	SNV			2	0
ENSG00000281842	MIR1291	GroupA_exclusive	TK13,TK14	SNV			2	0
ENSG00000253030	MIR2116	GroupA_exclusive	TK13,TK16	SNV			2	0
ENSG00000265395	MIR3944	GroupA_exclusive	TK14,TK16	SNV			2	0
ENSG00000284361	MIR4745	GroupA_exclusive	TK13,TK14	SNV			2	0
ENSG00000284407	MIR5001	GroupA_exclusive	TK13,TK14	SNV			2	0
ENSG00000163563	MNDA	GroupA_exclusive	TK13,TK14	SNV			2	0
ENSG00000197629	MPEG1	GroupA_exclusive	TK13,TK14	SNV			2	0
ENSG00000171495	MROH2B	GroupA_exclusive	TK13,TK14	SNV			2	0
ENSG00000214782	MS4A18	GroupA_exclusive	TK13,TK14	SNV			2	0
ENSG00000149534	MS4A2	GroupA_exclusive	TK13,TK14	SNV			2	0
ENSG00000102854	MSLN	GroupA_exclusive	TK13,TK14	SNV			2	0
ENSG00000263639	MSMB	GroupA_exclusive	TK13,TK16	SNV			2	0
ENSG00000120149	MSX2	GroupA_exclusive	TK13,TK14	SNV			2	0
ENSG00000205358	MT1H	GroupA_exclusive	TK13,TK14	SNV			2	0
ENSG00000205364	MT1M	GroupA_exclusive	TK13,TK14	SNV			2	0
ENSG00000169876	MUC17	GroupA_exclusive	TK13,TK14	INDEL,SNV			2	0
ENSG00000228868	MYLKP1	GroupA_exclusive	TK13,TK16	SNV			2	0
ENSG00000230703	MYOM3-AS1	GroupA_exclusive	TK13,TK14	SNV			2	0
ENSG00000234145	NAP1L4P3	GroupA_exclusive	TK14,TK16	SNV			2	0
ENSG00000156006	NAT2	GroupA_exclusive	TK13,TK14	SNV			2	0
ENSG00000115488	NEU2	GroupA_exclusive	TK13,TK14	SNV			2	0
ENSG00000162992	NEUROD1	GroupA_exclusive	TK13,TK16	SNV			2	0
ENSG00000224435	NF1P6	GroupA_exclusive	TK13,TK14	SNV			2	0
ENSG00000249906	NGFR-AS1	GroupA_exclusive	TK13,TK14	SNV			2	0
ENSG00000179709	NLRP8	GroupA_exclusive	TK13,TK14	SNV			2	0
ENSG00000111641	NOP2	GroupA_exclusive	TK13,TK14	SNV			2	0
ENSG00000102837	OLFM4	GroupA_exclusive	TK13,TK16	SNV			2	0
ENSG00000279000	OR10A6	GroupA_exclusive	TK13,TK14	SNV			2	0
ENSG00000254737	OR10G4	GroupA_exclusive	TK13,TK14	INDEL,SNV			2	0
ENSG00000236981	OR10G9	GroupA_exclusive	TK13,TK14	SNV			2	0
ENSG00000171942	OR10H2	GroupA_exclusive	TK13,TK14	SNV			2	0
ENSG00000172519	OR10H5	GroupA_exclusive	TK13,TK14	SNV			2	0
ENSG00000180708	OR10K2	GroupA_exclusive	TK13,TK14	SNV			2	0
ENSG00000186881	OR13F1	GroupA_exclusive	TK13,TK14	SNV			2	0
ENSG00000172150	OR1A2	GroupA_exclusive	TK13,TK14	SNV			2	0
ENSG00000221888	OR1C1	GroupA_exclusive	TK13,TK14	SNV			2	0
ENSG00000280204	OR1S1	GroupA_exclusive	TK13,TK14	SNV			2	0
ENSG00000273234	OR2A13P	GroupA_exclusive	TK13,TK14	SNV			2	0
ENSG00000177535	OR2B11	GroupA_exclusive	TK13,TK14	INDEL,SNV			2	0
ENSG00000204702	OR2J1	GroupA_exclusive	TK13,TK14	SNV			2	0
ENSG00000224233	OR2J4P	GroupA_exclusive	TK13,TK14	SNV			2	0
ENSG00000177186	OR2M7	GroupA_exclusive	TK13,TK14	SNV			2	0
ENSG00000279301	OR2T11	GroupA_exclusive	TK13,TK16	SNV			2	0
ENSG00000255493	OR4A10P	GroupA_exclusive	TK13,TK14	SNV			2	0
ENSG00000171014	OR4D5	GroupA_exclusive	TK13,TK14	SNV			2	0
ENSG00000172742	OR4D9	GroupA_exclusive	TK13,TK14	SNV			2	0
ENSG00000188439	OR4P1P	GroupA_exclusive	TK13,TK14	SNV			2	0
ENSG00000205497	OR51A4	GroupA_exclusive	TK13,TK14	SNV			2	0
ENSG00000232268	OR52I1	GroupA_exclusive	TK13,TK14	SNV			2	0
ENSG00000172320	OR5A1	GroupA_exclusive	TK13,TK14	SNV			2	0
ENSG00000181273	OR5AK2	GroupA_exclusive	TK13,TK14	SNV			2	0
ENSG00000230301	OR5H6	GroupA_exclusive	TK13,TK16	SNV			2	0
ENSG00000181698	OR5T1	GroupA_exclusive	TK13,TK14	SNV			2	0
ENSG00000205330	OR6C1	GroupA_exclusive	TK13,TK14	SNV			2	0
ENSG00000172148	OR7A2P	GroupA_exclusive	TK13,TK14	SNV			2	0
ENSG00000269552	OR7A8P	GroupA_exclusive	TK13,TK14	SNV			2	0
ENSG00000181214	OR8G2P	GroupA_exclusive	TK13,TK14	SNV			2	0
ENSG00000181767	OR8H2	GroupA_exclusive	TK13,TK14	SNV			2	0
ENSG00000284723	OR8S1	GroupA_exclusive	TK13,TK14	INDEL,SNV			2	0
ENSG00000125879	OTOR	GroupA_exclusive	TK13,TK14	SNV			2	0
ENSG00000172818	OVOL1	GroupA_exclusive	TK13,TK14	SNV			2	0
ENSG00000250719	P3R3URF	GroupA_exclusive	TK13,TK14	SNV			2	0
ENSG00000225683	PACRG-AS3	GroupA_exclusive	TK13,TK14	SNV			2	0
ENSG00000204279	PAGE3	GroupA_exclusive	TK13,TK14	SNV			2	0
ENSG00000248191	PES1P1	GroupA_exclusive	TK13,TK14	INDEL,SNV			2	0
ENSG00000233670	PIRT	GroupA_exclusive	TK13,TK14	SNV			2	0
ENSG00000102024	PLS3	GroupA_exclusive	TK13,TK14	INDEL,SNV			2	0
ENSG00000187021	PNLIPRP1	GroupA_exclusive	TK13,TK14	SNV			2	0
ENSG00000266200	PNLIPRP2	GroupA_exclusive	TK13,TK14	SNV			2	0
ENSG00000221900	POM121L12	GroupA_exclusive	TK13,TK14	SNV			2	0
ENSG00000133110	POSTN	GroupA_exclusive	TK13,TK14	SNV			2	0
ENSG00000168333	PPDPFL	GroupA_exclusive	TK13,TK14	SNV			2	0
ENSG00000165807	PPP1R36	GroupA_exclusive	TK13,TK14	SNV			2	0
ENSG00000116721	PRAMEF1	GroupA_exclusive	TK13,TK14	SNV			2	0
ENSG00000239810	PRAMEF11	GroupA_exclusive	TK13,TK14	SNV			2	0
ENSG00000120952	PRAMEF2	GroupA_exclusive	TK13,TK14	SNV			2	0
ENSG00000274178	PRAMEF28P	GroupA_exclusive	TK13,TK14	SNV			2	0
ENSG00000231103	PRAMEF30P	GroupA_exclusive	TK13,TK14	SNV			2	0
ENSG00000243073	PRAMEF4	GroupA_exclusive	TK13,TK14	SNV			2	0
ENSG00000171864	PRND	GroupA_exclusive	TK13,TK14	SNV			2	0
ENSG00000155066	PROM2	GroupA_exclusive	TK13,TK14	SNV			2	0
ENSG00000241990	PRR34-AS1	GroupA_exclusive	TK13,TK16	SNV			2	0
ENSG00000204983	PRSS1	GroupA_exclusive	TK13,TK14	SNV			2	0
ENSG00000103355	PRSS33	GroupA_exclusive	TK13,TK14	SNV			2	0
ENSG00000185198	PRSS57	GroupA_exclusive	TK13,TK16	SNV			2	0
ENSG00000178597	PSAPL1	GroupA_exclusive	TK13,TK14	SNV			2	0
ENSG00000231924	PSG1	GroupA_exclusive	TK13,TK14	SNV			2	0
ENSG00000221878	PSG7	GroupA_exclusive	TK13,TK14	SNV			2	0
ENSG00000101074	R3HDML	GroupA_exclusive	TK13,TK16	SNV			2	0
ENSG00000155918	RAET1L	GroupA_exclusive	TK13,TK14	SNV			2	0
ENSG00000175718	RBMXL3	GroupA_exclusive	TK13,TK14	SNV			2	0
ENSG00000172023	REG1B	GroupA_exclusive	TK13,TK14	SNV			2	0
ENSG00000143954	REG3G	GroupA_exclusive	TK13,TK14	SNV			2	0
ENSG00000222108	RNA5SP317	GroupA_exclusive	TK13,TK14	SNV			2	0
ENSG00000129538	RNASE1	GroupA_exclusive	TK13,TK14	INDEL,SNV			2	0
ENSG00000173464	RNASE11	GroupA_exclusive	TK14,TK16	SNV			2	0
ENSG00000136315	RNASE2CP	GroupA_exclusive	TK13,TK14	SNV			2	0
ENSG00000253081	RNU4ATAC17P	GroupA_exclusive	TK13,TK14	SNV			2	0
ENSG00000236047	RPL13AP12	GroupA_exclusive	TK13,TK14	SNV			2	0
ENSG00000185631	RPL14P6	GroupA_exclusive	TK13,TK14	SNV			2	0
ENSG00000231084	RPL22P24	GroupA_exclusive	TK14,TK16	SNV			2	0
ENSG00000236489	RPL34P10	GroupA_exclusive	TK13,TK16	SNV			2	0
ENSG00000226948	RPS4XP2	GroupA_exclusive	TK13,TK16	SNV			2	0
ENSG00000233984	RPSAP14	GroupA_exclusive	TK13,TK16	INDEL,SNV			2	0
ENSG00000198471	RTP2	GroupA_exclusive	TK13,TK14	SNV			2	0
ENSG00000143556	S100A7	GroupA_exclusive	TK13,TK14	SNV			2	0
ENSG00000181433	SAGE1	GroupA_exclusive	TK13,TK14	INDEL,SNV			2	0
ENSG00000264127	SCML2P1	GroupA_exclusive	TK13,TK14	SNV			2	0
ENSG00000267319	SELENOKP1	GroupA_exclusive	TK13,TK14	SNV			2	0
ENSG00000170054	SERPINA9	GroupA_exclusive	TK13,TK14	SNV			2	0
ENSG00000057149	SERPINB3	GroupA_exclusive	TK13,TK14	INDEL,SNV			2	0
ENSG00000090402	SI	GroupA_exclusive	TK13,TK14	SNV			2	0
ENSG00000105366	SIGLEC8	GroupA_exclusive	TK13,TK14	INDEL,SNV			2	0
ENSG00000139737	SLAIN1	GroupA_exclusive	TK13,TK16	SNV			2	0
ENSG00000125255	SLC10A2	GroupA_exclusive	TK13,TK14	SNV			2	0
ENSG00000124568	SLC17A1	GroupA_exclusive	TK13,TK14	SNV			2	0
ENSG00000197891	SLC22A12	GroupA_exclusive	TK13,TK14	SNV			2	0
ENSG00000164933	SLC25A32	GroupA_exclusive	TK13,TK14	SNV			2	0
ENSG00000236396	SLC35G4	GroupA_exclusive	TK13,TK14	INDEL,SNV			2	0
ENSG00000130876	SLC7A10	GroupA_exclusive	TK13,TK14	SNV			2	0
ENSG00000165349	SLC7A3	GroupA_exclusive	TK13,TK14	SNV			2	0
ENSG00000283992	SLURP2	GroupA_exclusive	TK13,TK14	SNV			2	0
ENSG00000221716	SNORA11	GroupA_exclusive	TK13,TK14	SNV			2	0
ENSG00000239183	SNORA84	GroupA_exclusive	TK13,TK14	SNV			2	0
ENSG00000221241	SNORD88A	GroupA_exclusive	TK13,TK14	SNV			2	0
ENSG00000203883	SOX18	GroupA_exclusive	TK13,TK14	INDEL,SNV			2	0
ENSG00000286135	SPADH	GroupA_exclusive	TK13,TK14	SNV			2	0
ENSG00000185775	SPATA31A6	GroupA_exclusive	TK13,TK14	SNV			2	0
ENSG00000230246	SPATA31C1	GroupA_exclusive	TK13,TK14	SNV			2	0
ENSG00000214929	SPATA31D1	GroupA_exclusive	TK13,TK14	SNV			2	0
ENSG00000162009	SSTR5	GroupA_exclusive	TK13,TK14	SNV			2	0
ENSG00000290708	SSX9P	GroupA_exclusive	TK13,TK14	SNV			2	0
ENSG00000227302	SSXP9	GroupA_exclusive	TK13,TK14	SNV			2	0
ENSG00000233469	ST6GALNAC4P1	GroupA_exclusive	TK13,TK16	SNV			2	0
ENSG00000196228	SULT1C3	GroupA_exclusive	TK13,TK14	SNV			2	0
ENSG00000167098	SUN5	GroupA_exclusive	TK13,TK14	SNV			2	0
ENSG00000110975	SYT10	GroupA_exclusive	TK13,TK14	SNV			2	0
ENSG00000149043	SYT8	GroupA_exclusive	TK13,TK14	SNV			2	0
ENSG00000278599	TBC1D3E	GroupA_exclusive	TK13,TK16	SNV			2	0
ENSG00000273513	TBC1D3K	GroupA_exclusive	TK13,TK14	SNV			2	0
ENSG00000121075	TBX4	GroupA_exclusive	TK13,TK16	SNV			2	0
ENSG00000182916	TCEAL7	GroupA_exclusive	TK14,TK16	SNV			2	0
ENSG00000166984	TCP10L2	GroupA_exclusive	TK13,TK14	SNV			2	0
ENSG00000215029	TCP11X2	GroupA_exclusive	TK13,TK14	SNV			2	0
ENSG00000007350	TKTL1	GroupA_exclusive	TK13,TK14	SNV			2	0
ENSG00000227372	TP73-AS1	GroupA_exclusive	TK13,TK14	SNV			2	0
ENSG00000259009	TPRX2	GroupA_exclusive	TK13,TK14	SNV			2	0
ENSG00000116176	TPSG1	GroupA_exclusive	TK13,TK16	SNV			2	0
ENSG00000211786	TRAV8-2	GroupA_exclusive	TK13,TK14	SNV			2	0
ENSG00000211713	TRBV6-4	GroupA_exclusive	TK13,TK14	SNV			2	0
ENSG00000211716	TRBV9	GroupA_exclusive	TK13,TK14	SNV			2	0
ENSG00000204613	TRIM10	GroupA_exclusive	TK13,TK14	SNV			2	0
ENSG00000154370	TRIM11	GroupA_exclusive	TK13,TK14	SNV			2	0
ENSG00000249910	TRIM51CP	GroupA_exclusive	TK13,TK14	SNV			2	0
ENSG00000225581	TRIM53AP	GroupA_exclusive	TK13,TK14	SNV			2	0
ENSG00000158022	TRIM63	GroupA_exclusive	TK13,TK14	SNV			2	0
ENSG00000182704	TSKU	GroupA_exclusive	TK13,TK14	SNV			2	0
ENSG00000235481	UBE2R2-AS1	GroupA_exclusive	TK13,TK14	INDEL,SNV			2	0
ENSG00000175518	UBQLNL	GroupA_exclusive	TK13,TK14	SNV			2	0
ENSG00000215110	UGT2B25P	GroupA_exclusive	TK13,TK14	SNV			2	0
ENSG00000161133	USP41	GroupA_exclusive	TK13,TK14	SNV			2	0
ENSG00000162692	VCAM1	GroupA_exclusive	TK13,TK14	SNV			2	0
ENSG00000155659	VSIG4	GroupA_exclusive	TK13,TK14	SNV			2	0
ENSG00000227210	WDR35-DT	GroupA_exclusive	TK13,TK14	SNV			2	0
ENSG00000180205	WFDC9	GroupA_exclusive	TK13,TK16	SNV			2	0
ENSG00000183242	WT1-AS	GroupA_exclusive	TK13,TK14	SNV			2	0
ENSG00000277604	Y_RNA	GroupA_exclusive	TK13,TK14	SNV			2	0
ENSG00000174992	ZG16	GroupA_exclusive	TK13,TK14	SNV			2	0
ENSG00000223965	ZNF587P1	GroupA_exclusive	TK13,TK14	SNV			2	0
ENSG00000176083	ZNF683	GroupA_exclusive	TK13,TK14	SNV			2	0
ENSG00000223614	ZNF735	GroupA_exclusive	TK13,TK14	SNV			2	0
ENSG00000105428	ZNRF4	GroupA_exclusive	TK13,TK14	SNV			2	0
ENSG00000184389	A3GALT2	GroupA_exclusive	TK13	SNV			1	0
ENSG00000242908	AADACL2-AS1	GroupA_exclusive	TK14	SNV			1	0
ENSG00000204518	AADACL4	GroupA_exclusive	TK13	SNV			1	0
ENSG00000274099	ABCB10P1	GroupA_exclusive	TK13	SNV			1	0
ENSG00000261524	ABCB10P3	GroupA_exclusive	TK14	SNV			1	0
ENSG00000290943	ABCC6P2	GroupA_exclusive	TK13	SNV			1	0
ENSG00000225293	ABCD1P4	GroupA_exclusive	TK14	SNV			1	0
ENSG00000160179	ABCG1	GroupA_exclusive	TK13	SNV			1	0
ENSG00000168792	ABHD15	GroupA_exclusive	TK13	SNV			1	0
ENSG00000173210	ABLIM3	GroupA_exclusive	TK13	SNV			1	0
ENSG00000224353	ACE3P	GroupA_exclusive	TK13	SNV			1	0
ENSG00000180105	ACER2P1	GroupA_exclusive	TK13	SNV			1	0
ENSG00000213088	ACKR1	GroupA_exclusive	TK14	SNV			1	0
ENSG00000102794	ACOD1	GroupA_exclusive	TK14	SNV			1	0
ENSG00000177465	ACOT4	GroupA_exclusive	TK13	SNV			1	0
ENSG00000100312	ACR	GroupA_exclusive	TK13	SNV			1	0
ENSG00000143632	ACTA1	GroupA_exclusive	TK13	SNV			1	0
ENSG00000169067	ACTBL2	GroupA_exclusive	TK13	SNV			1	0
ENSG00000229001	ACTBP14	GroupA_exclusive	TK14	SNV			1	0
ENSG00000213857	ACTBP15	GroupA_exclusive	TK13	SNV			1	0
ENSG00000266920	ACTBP9	GroupA_exclusive	TK14	SNV			1	0
ENSG00000159251	ACTC1	GroupA_exclusive	TK13	SNV			1	0
ENSG00000237999	ACTG1P19	GroupA_exclusive	TK13	SNV			1	0
ENSG00000232672	ACTG1P21	GroupA_exclusive	TK14	SNV			1	0
ENSG00000148156	ACTL7B	GroupA_exclusive	TK14	SNV			1	0
ENSG00000197177	ADGRA1	GroupA_exclusive	TK13	SNV			1	0
ENSG00000131355	ADGRE3	GroupA_exclusive	TK13	SNV			1	0
ENSG00000182885	ADGRG3	GroupA_exclusive	TK13	SNV			1	0
ENSG00000173467	AGR3	GroupA_exclusive	TK13	SNV			1	0
ENSG00000144891	AGTR1	GroupA_exclusive	TK14	SNV			1	0
ENSG00000232992	AHCYP4	GroupA_exclusive	TK14	SNV			1	0
ENSG00000249410	AK4P2	GroupA_exclusive	TK13	SNV			1	0
ENSG00000154027	AK5	GroupA_exclusive	TK13	SNV			1	0
ENSG00000198074	AKR1B10	GroupA_exclusive	TK13	SNV			1	0
ENSG00000213606	AKR1B10P1	GroupA_exclusive	TK13	SNV			1	0
ENSG00000225212	AKR1B1P6	GroupA_exclusive	TK13	SNV			1	0
ENSG00000163631	ALB	GroupA_exclusive	TK13	SNV			1	0
ENSG00000101901	ALG13	GroupA_exclusive	TK13	SNV			1	0
ENSG00000163295	ALPI	GroupA_exclusive	TK13	SNV			1	0
ENSG00000163283	ALPP	GroupA_exclusive	TK13	SNV			1	0
ENSG00000185722	ANKFY1	GroupA_exclusive	TK16	SNV			1	0
ENSG00000148677	ANKRD1	GroupA_exclusive	TK14	SNV			1	0
ENSG00000152766	ANKRD22	GroupA_exclusive	TK14	SNV			1	0
ENSG00000230501	ANKRD30BP3	GroupA_exclusive	TK13	SNV			1	0
ENSG00000167612	ANKRD33	GroupA_exclusive	TK13	SNV			1	0
ENSG00000225979	ANKRD44-DT	GroupA_exclusive	TK14	SNV			1	0
ENSG00000124227	ANKRD60	GroupA_exclusive	TK14	SNV			1	0
ENSG00000181626	ANKRD62	GroupA_exclusive	TK13	SNV			1	0
ENSG00000206199	ANKUB1	GroupA_exclusive	TK14	SNV			1	0
ENSG00000139223	ANP32D	GroupA_exclusive	TK13	INDEL,SNV			1	0
ENSG00000110244	APOA4	GroupA_exclusive	TK13	SNV			1	0
ENSG00000111701	APOBEC1	GroupA_exclusive	TK13	SNV			1	0
ENSG00000260240	APOOP5	GroupA_exclusive	TK13	SNV			1	0
ENSG00000184945	AQP12A	GroupA_exclusive	TK13	SNV			1	0
ENSG00000185176	AQP12B	GroupA_exclusive	TK14	SNV			1	0
ENSG00000103375	AQP8	GroupA_exclusive	TK13	SNV			1	0
ENSG00000231264	ARAFP1	GroupA_exclusive	TK14	SNV			1	0
ENSG00000240058	ARGFXP1	GroupA_exclusive	TK13	SNV			1	0
ENSG00000226835	ARHGAP29-AS1	GroupA_exclusive	TK14	SNV			1	0
ENSG00000236699	ARHGEF38	GroupA_exclusive	TK13	SNV			1	0
ENSG00000233221	ARHGEF4-AS1	GroupA_exclusive	TK13	SNV			1	0
ENSG00000049618	ARID1B	GroupA_exclusive	TK16	SNV			1	0
ENSG00000179674	ARL14	GroupA_exclusive	TK13	SNV			1	0
ENSG00000165309	ARMC3	GroupA_exclusive	TK13	SNV			1	0
ENSG00000254636	ARMS2	GroupA_exclusive	TK13	SNV			1	0
ENSG00000250071	ARPC1AP3	GroupA_exclusive	TK13	SNV			1	0
ENSG00000205784	ARRDC5	GroupA_exclusive	TK13	SNV			1	0
ENSG00000180801	ARSJ	GroupA_exclusive	TK13	SNV			1	0
ENSG00000167311	ART5	GroupA_exclusive	TK16	SNV			1	0
ENSG00000146926	ASB10	GroupA_exclusive	TK13	SNV			1	0
ENSG00000115239	ASB3	GroupA_exclusive	TK16	SNV			1	0
ENSG00000256394	ASIC5	GroupA_exclusive	TK13	SNV			1	0
ENSG00000108381	ASPA	GroupA_exclusive	TK16	SNV			1	0
ENSG00000240487	ATOSBP1	GroupA_exclusive	TK13	SNV			1	0
ENSG00000259011	ATP10A-DT	GroupA_exclusive	TK14	SNV			1	0
ENSG00000224771	ATP2B2-IT2	GroupA_exclusive	TK14	SNV			1	0
ENSG00000231635	ATP5F1BP1	GroupA_exclusive	TK13	SNV			1	0
ENSG00000180389	ATP5F1EP2	GroupA_exclusive	TK13	SNV			1	0
ENSG00000229800	ATP8A2P2	GroupA_exclusive	TK13	SNV			1	0
ENSG00000171953	ATPAF2	GroupA_exclusive	TK13	SNV			1	0
ENSG00000167601	AXL	GroupA_exclusive	TK14	SNV			1	0
ENSG00000229946	B3GNT2P1	GroupA_exclusive	TK13	SNV			1	0
ENSG00000176597	B3GNT5	GroupA_exclusive	TK14	SNV			1	0
ENSG00000002330	BAD	GroupA_exclusive	TK16	SNV			1	0
ENSG00000274840	BALR6	GroupA_exclusive	TK14	SNV			1	0
ENSG00000135697	BCO1	GroupA_exclusive	TK13	SNV			1	0
ENSG00000168398	BDKRB2	GroupA_exclusive	TK13	SNV			1	0
ENSG00000127325	BEST3	GroupA_exclusive	TK13	SNV			1	0
ENSG00000095585	BLNK	GroupA_exclusive	TK16	SNV			1	0
ENSG00000228075	BOD1L2	GroupA_exclusive	TK16	SNV			1	0
ENSG00000198183	BPIFA1	GroupA_exclusive	TK13	SNV			1	0
ENSG00000131050	BPIFA2	GroupA_exclusive	TK13	SNV			1	0
ENSG00000078898	BPIFB2	GroupA_exclusive	TK14	SNV			1	0
ENSG00000233146	BPIFB5P	GroupA_exclusive	TK16	SNV			1	0
ENSG00000267595	BRCA1P1	GroupA_exclusive	TK13	SNV			1	0
ENSG00000198797	BRINP2	GroupA_exclusive	TK14	SNV			1	0
ENSG00000171987	C11orf40	GroupA_exclusive	TK13	SNV			1	0
ENSG00000244561	C12orf29P2	GroupA_exclusive	TK13	SNV			1	0
ENSG00000257860	C12orf42-AS1	GroupA_exclusive	TK14	SNV			1	0
ENSG00000177627	C12orf54	GroupA_exclusive	TK13	SNV			1	0
ENSG00000184601	C14orf180	GroupA_exclusive	TK14	SNV			1	0
ENSG00000254965	C1DP5	GroupA_exclusive	TK16	SNV			1	0
ENSG00000142698	C1orf94	GroupA_exclusive	TK13	INDEL			1	0
ENSG00000258713	C20orf141	GroupA_exclusive	TK14	SNV			1	0
ENSG00000198547	C20orf203	GroupA_exclusive	TK13	SNV			1	0
ENSG00000205856	C22orf42	GroupA_exclusive	TK13	SNV			1	0
ENSG00000290795	C2orf83	GroupA_exclusive	TK13	SNV			1	0
ENSG00000204542	C6orf15	GroupA_exclusive	TK14	SNV			1	0
ENSG00000157131	C8A	GroupA_exclusive	TK13	SNV			1	0
ENSG00000248801	C8orf34-AS1	GroupA_exclusive	TK13	SNV			1	0
ENSG00000167791	CABP2	GroupA_exclusive	TK13	SNV			1	0
ENSG00000145309	CABS1	GroupA_exclusive	TK13	SNV			1	0
ENSG00000196557	CACNA1H	GroupA_exclusive	TK14	SNV			1	0
ENSG00000225670	CADM3-AS1	GroupA_exclusive	TK13	SNV			1	0
ENSG00000004948	CALCR	GroupA_exclusive	TK13	SNV			1	0
ENSG00000164451	CALHM4	GroupA_exclusive	TK14	SNV			1	0
ENSG00000225126	CAMTA1-AS1	GroupA_exclusive	TK13	SNV			1	0
ENSG00000152611	CAPSL	GroupA_exclusive	TK13	SNV			1	0
ENSG00000160994	CCDC105	GroupA_exclusive	TK14	SNV			1	0
ENSG00000182645	CCDC172	GroupA_exclusive	TK13	SNV			1	0
ENSG00000185860	CCDC190	GroupA_exclusive	TK16	SNV			1	0
ENSG00000159214	CCDC24	GroupA_exclusive	TK13	SNV			1	0
ENSG00000187094	CCK	GroupA_exclusive	TK13	SNV			1	0
ENSG00000163394	CCKAR	GroupA_exclusive	TK14	SNV			1	0
ENSG00000181374	CCL13	GroupA_exclusive	TK13	SNV			1	0
ENSG00000275718	CCL15	GroupA_exclusive	TK13	SNV			1	0
ENSG00000275385	CCL18	GroupA_exclusive	TK13	SNV			1	0
ENSG00000136999	CCN3	GroupA_exclusive	TK13	SNV			1	0
ENSG00000133101	CCNA1	GroupA_exclusive	TK13	SNV			1	0
ENSG00000233827	CCNQP1	GroupA_exclusive	TK13	SNV			1	0
ENSG00000217733	CCT7P1	GroupA_exclusive	TK13	SNV			1	0
ENSG00000198445	CCT8L2	GroupA_exclusive	TK14	SNV			1	0
ENSG00000204936	CD177	GroupA_exclusive	TK14	SNV			1	0
ENSG00000158477	CD1A	GroupA_exclusive	TK14	SNV			1	0
ENSG00000116824	CD2	GroupA_exclusive	TK13	SNV			1	0
ENSG00000012124	CD22	GroupA_exclusive	TK13	SNV			1	0
ENSG00000186407	CD300E	GroupA_exclusive	TK13	SNV			1	0
ENSG00000174059	CD34	GroupA_exclusive	TK14	SNV			1	0
ENSG00000167286	CD3D	GroupA_exclusive	TK13	SNV			1	0
ENSG00000237447	CDC27P2	GroupA_exclusive	TK13	SNV			1	0
ENSG00000249965	CDC42P4	GroupA_exclusive	TK14	SNV			1	0
ENSG00000224466	CDCA4P2	GroupA_exclusive	TK14	SNV			1	0
ENSG00000156345	CDK20	GroupA_exclusive	TK14	SNV			1	0
ENSG00000224854	CDKN2A-DT	GroupA_exclusive	TK14	SNV			1	0
ENSG00000227255	CDRT15P2	GroupA_exclusive	TK13	SNV			1	0
ENSG00000165556	CDX2	GroupA_exclusive	TK13	INDEL			1	0
ENSG00000147869	CER1	GroupA_exclusive	TK14	SNV			1	0
ENSG00000260807	CEROX1	GroupA_exclusive	TK13	SNV			1	0
ENSG00000186973	CFAP144	GroupA_exclusive	TK13	SNV			1	0
ENSG00000104827	CGB3	GroupA_exclusive	TK13	SNV			1	0
ENSG00000138135	CH25H	GroupA_exclusive	TK13	SNV			1	0
ENSG00000234020	CHIAP3	GroupA_exclusive	TK14	SNV			1	0
ENSG00000224318	CHL1-AS2	GroupA_exclusive	TK16	INDEL,SNV			1	0
ENSG00000254505	CHMP4A	GroupA_exclusive	TK14	SNV			1	0
ENSG00000259050	CHORDC2P	GroupA_exclusive	TK13	SNV			1	0
ENSG00000181072	CHRM2	GroupA_exclusive	TK14	SNV			1	0
ENSG00000270921	CICP23	GroupA_exclusive	TK14	SNV			1	0
ENSG00000265451	CLASP1-AS1	GroupA_exclusive	TK16	SNV			1	0
ENSG00000226158	CLCP2	GroupA_exclusive	TK14	SNV			1	0
ENSG00000163347	CLDN1	GroupA_exclusive	TK14	SNV			1	0
ENSG00000256660	CLEC12B	GroupA_exclusive	TK14	SNV			1	0
ENSG00000166509	CLEC3A	GroupA_exclusive	TK13	SNV			1	0
ENSG00000291059	CLEC4OP	GroupA_exclusive	TK13	SNV			1	0
ENSG00000205846	CLEC6A	GroupA_exclusive	TK14	SNV			1	0
ENSG00000249003	CLUHP4	GroupA_exclusive	TK13	SNV			1	0
ENSG00000227659	CLYBL-AS2	GroupA_exclusive	TK14	SNV			1	0
ENSG00000166091	CMTM5	GroupA_exclusive	TK13	SNV			1	0
ENSG00000183862	CNGA2	GroupA_exclusive	TK14	SNV			1	0
ENSG00000168542	COL3A1	GroupA_exclusive	TK13	SNV			1	0
ENSG00000105664	COMP	GroupA_exclusive	TK14	SNV			1	0
ENSG00000236440	COPRSP1	GroupA_exclusive	TK14	SNV			1	0
ENSG00000235013	COX20P2	GroupA_exclusive	TK16	SNV			1	0
ENSG00000249047	COX6B1P5	GroupA_exclusive	TK16	SNV			1	0
ENSG00000258626	COX7A2P1	GroupA_exclusive	TK16	SNV			1	0
ENSG00000091704	CPA1	GroupA_exclusive	TK14	SNV			1	0
ENSG00000163751	CPA3	GroupA_exclusive	TK14	SNV			1	0
ENSG00000120054	CPN1	GroupA_exclusive	TK13	SNV			1	0
ENSG00000124490	CRISP2	GroupA_exclusive	TK14	SNV			1	0
ENSG00000225769	CROCCP1	GroupA_exclusive	TK14	SNV			1	0
ENSG00000132693	CRP	GroupA_exclusive	TK13	SNV			1	0
ENSG00000168582	CRYGA	GroupA_exclusive	TK13	SNV			1	0
ENSG00000118231	CRYGD	GroupA_exclusive	TK13	SNV			1	0
ENSG00000125815	CST8	GroupA_exclusive	TK13	SNV			1	0
ENSG00000173335	CST9	GroupA_exclusive	TK16	SNV			1	0
ENSG00000101435	CST9L	GroupA_exclusive	TK13	SNV			1	0
ENSG00000228836	CT45A5	GroupA_exclusive	TK13	SNV			1	0
ENSG00000236446	CT47B1	GroupA_exclusive	TK14	SNV			1	0
ENSG00000277535	CT47C1	GroupA_exclusive	TK13	SNV			1	0
ENSG00000288784	CTAGE4	GroupA_exclusive	TK13	SNV			1	0
ENSG00000289604	CTAGE8	GroupA_exclusive	TK13	SNV			1	0
ENSG00000236761	CTAGE9	GroupA_exclusive	TK13	SNV			1	0
ENSG00000066032	CTNNA2	GroupA_exclusive	TK14	SNV			1	0
ENSG00000178585	CTNNBIP1	GroupA_exclusive	TK13	SNV			1	0
ENSG00000236417	CTSLP1	GroupA_exclusive	TK13	SNV			1	0
ENSG00000204437	CTSLP6	GroupA_exclusive	TK14	SNV			1	0
ENSG00000233932	CTXN2	GroupA_exclusive	TK16	SNV			1	0
ENSG00000163739	CXCL1	GroupA_exclusive	TK13	SNV			1	0
ENSG00000145824	CXCL14	GroupA_exclusive	TK13	SNV			1	0
ENSG00000229754	CXCR2P1	GroupA_exclusive	TK13	SNV			1	0
ENSG00000229217	CYCSP11	GroupA_exclusive	TK13	SNV			1	0
ENSG00000140459	CYP11A1	GroupA_exclusive	TK14	SNV			1	0
ENSG00000228024	CYP1D1P	GroupA_exclusive	TK13	SNV			1	0
ENSG00000197838	CYP2A13	GroupA_exclusive	TK13	SNV			1	0
ENSG00000213908	CYP2A7P1	GroupA_exclusive	TK14	SNV			1	0
ENSG00000267241	CYP4F10P	GroupA_exclusive	TK13	SNV			1	0
ENSG00000228314	CYP4F29P	GroupA_exclusive	TK14	INDEL			1	0
ENSG00000267392	CYP4F9P	GroupA_exclusive	TK13	SNV			1	0
ENSG00000164488	DACT2	GroupA_exclusive	TK14	SNV			1	0
ENSG00000251366	DBIP2	GroupA_exclusive	TK16	INDEL			1	0
ENSG00000161634	DCD	GroupA_exclusive	TK14	SNV			1	0
ENSG00000011465	DCN	GroupA_exclusive	TK13	INDEL,SNV			1	0
ENSG00000232756	DDX3ILA1	GroupA_exclusive	TK16	SNV			1	0
ENSG00000270763	DDX43P2	GroupA_exclusive	TK14	SNV			1	0
ENSG00000212717	DEFB117	GroupA_exclusive	TK13	SNV			1	0
ENSG00000178591	DEFB125	GroupA_exclusive	TK14	SNV			1	0
ENSG00000088782	DEFB127	GroupA_exclusive	TK13	SNV			1	0
ENSG00000185982	DEFB128	GroupA_exclusive	TK14	SNV			1	0
ENSG00000125903	DEFB129	GroupA_exclusive	TK14	SNV			1	0
ENSG00000205883	DEFB135	GroupA_exclusive	TK14	SNV			1	0
ENSG00000205267	DGAT2L7P	GroupA_exclusive	TK14	SNV			1	0
ENSG00000147113	DIPK2B	GroupA_exclusive	TK13	SNV			1	0
ENSG00000150764	DIXDC1	GroupA_exclusive	TK13	INDEL,SNV			1	0
ENSG00000262075	DKFZP434A062	GroupA_exclusive	TK14	SNV			1	0
ENSG00000215546	DKKL1P1	GroupA_exclusive	TK14	SNV			1	0
ENSG00000185559	DLK1	GroupA_exclusive	TK14	SNV			1	0
ENSG00000064218	DMRT3	GroupA_exclusive	TK16	SNV			1	0
ENSG00000269502	DMRTC1	GroupA_exclusive	TK14	SNV			1	0
ENSG00000142025	DMRTC2	GroupA_exclusive	TK13	SNV			1	0
ENSG00000251203	DNAJB6P2	GroupA_exclusive	TK16	SNV			1	0
ENSG00000179407	DNAJB8	GroupA_exclusive	TK14	SNV			1	0
ENSG00000242049	DNAJB8-AS1	GroupA_exclusive	TK13	SNV			1	0
ENSG00000137976	DNASE2B	GroupA_exclusive	TK13	INDEL,SNV			1	0
ENSG00000261708	DNM1P32	GroupA_exclusive	TK13	SNV			1	0
ENSG00000260096	DNM1P33	GroupA_exclusive	TK16	SNV			1	0
ENSG00000260357	DNM1P34	GroupA_exclusive	TK13	SNV			1	0
ENSG00000280038	DNM1P41	GroupA_exclusive	TK13	SNV			1	0
ENSG00000261820	DNM1P49	GroupA_exclusive	TK13	SNV			1	0
ENSG00000233540	DNM3-IT1	GroupA_exclusive	TK16	SNV			1	0
ENSG00000221844	DPP3P2	GroupA_exclusive	TK14	SNV			1	0
ENSG00000187569	DPPA3	GroupA_exclusive	TK13	SNV			1	0
ENSG00000188831	DPPA3P2	GroupA_exclusive	TK14	SNV			1	0
ENSG00000159625	DRC7	GroupA_exclusive	TK14	SNV			1	0
ENSG00000184845	DRD1	GroupA_exclusive	TK14	SNV			1	0
ENSG00000134757	DSG3	GroupA_exclusive	TK14	SNV			1	0
ENSG00000175065	DSG4	GroupA_exclusive	TK13	SNV			1	0
ENSG00000277000	DUSP12P1	GroupA_exclusive	TK16	SNV			1	0
ENSG00000230614	DYNLL1P7	GroupA_exclusive	TK13	SNV			1	0
ENSG00000232241	DYNLT3P1	GroupA_exclusive	TK13	SNV			1	0
ENSG00000181552	EDDM3B	GroupA_exclusive	TK14	SNV			1	0
ENSG00000124205	EDN3	GroupA_exclusive	TK13	SNV			1	0
ENSG00000151617	EDNRA	GroupA_exclusive	TK13	SNV			1	0
ENSG00000236607	EEF1DP8	GroupA_exclusive	TK16	SNV			1	0
ENSG00000186676	EEF1GP1	GroupA_exclusive	TK13	INDEL,SNV			1	0
ENSG00000250346	EEF1GP2	GroupA_exclusive	TK14	SNV			1	0
ENSG00000228348	EFCAB14P1	GroupA_exclusive	TK16	SNV			1	0
ENSG00000198759	EGFL6	GroupA_exclusive	TK14	SNV			1	0
ENSG00000250442	EIF3KP3	GroupA_exclusive	TK13	SNV			1	0
ENSG00000226161	EIF4A1P5	GroupA_exclusive	TK16	SNV			1	0
ENSG00000197561	ELANE	GroupA_exclusive	TK16	SNV			1	0
ENSG00000128886	ELL3	GroupA_exclusive	TK16	SNV			1	0
ENSG00000288631	ELOA3P	GroupA_exclusive	TK14	SNV			1	0
ENSG00000229919	ELOCP3	GroupA_exclusive	TK13	SNV			1	0
ENSG00000169393	ELSPBP1	GroupA_exclusive	TK14	SNV			1	0
ENSG00000164778	EN2	GroupA_exclusive	TK13	SNV			1	0
ENSG00000106540	ENSG00000106540	GroupA_exclusive	TK16	SNV			1	0
ENSG00000176984	ENSG00000176984	GroupA_exclusive	TK14	SNV			1	0
ENSG00000177596	ENSG00000177596	GroupA_exclusive	TK13	SNV			1	0
ENSG00000179253	ENSG00000179253	GroupA_exclusive	TK13	SNV			1	0
ENSG00000181514	ENSG00000181514	GroupA_exclusive	TK16	SNV			1	0
ENSG00000198277	ENSG00000198277	GroupA_exclusive	TK13	SNV			1	0
ENSG00000201151	ENSG00000201151	GroupA_exclusive	TK14	SNV			1	0
ENSG00000203900	ENSG00000203900	GroupA_exclusive	TK14	SNV			1	0
ENSG00000204456	ENSG00000204456	GroupA_exclusive	TK13	SNV			1	0
ENSG00000204971	ENSG00000204971	GroupA_exclusive	TK13	SNV			1	0
ENSG00000205414	ENSG00000205414	GroupA_exclusive	TK14	SNV			1	0
ENSG00000212391	ENSG00000212391	GroupA_exclusive	TK16	SNV			1	0
ENSG00000212712	ENSG00000212712	GroupA_exclusive	TK13	SNV			1	0
ENSG00000213153	ENSG00000213153	GroupA_exclusive	TK14	SNV			1	0
ENSG00000213642	ENSG00000213642	GroupA_exclusive	TK13	SNV			1	0
ENSG00000213959	ENSG00000213959	GroupA_exclusive	TK13	SNV			1	0
ENSG00000214093	ENSG00000214093	GroupA_exclusive	TK16	SNV			1	0
ENSG00000214669	ENSG00000214669	GroupA_exclusive	TK13	SNV			1	0
ENSG00000214776	ENSG00000214776	GroupA_exclusive	TK13	SNV			1	0
ENSG00000214797	ENSG00000214797	GroupA_exclusive	TK16	SNV			1	0
ENSG00000215288	ENSG00000215288	GroupA_exclusive	TK14	SNV			1	0
ENSG00000215409	ENSG00000215409	GroupA_exclusive	TK16	SNV			1	0
ENSG00000217576	ENSG00000217576	GroupA_exclusive	TK14	SNV			1	0
ENSG00000218520	ENSG00000218520	GroupA_exclusive	TK14	SNV			1	0
ENSG00000219702	ENSG00000219702	GroupA_exclusive	TK13	SNV			1	0
ENSG00000219993	ENSG00000219993	GroupA_exclusive	TK14	SNV			1	0
ENSG00000220702	ENSG00000220702	GroupA_exclusive	TK13	SNV			1	0
ENSG00000220949	ENSG00000220949	GroupA_exclusive	TK14	SNV			1	0
ENSG00000223368	ENSG00000223368	GroupA_exclusive	TK13	SNV			1	0
ENSG00000224025	ENSG00000224025	GroupA_exclusive	TK13	SNV			1	0
ENSG00000224194	ENSG00000224194	GroupA_exclusive	TK16	SNV			1	0
ENSG00000224251	ENSG00000224251	GroupA_exclusive	TK13	SNV			1	0
ENSG00000224387	ENSG00000224387	GroupA_exclusive	TK16	INDEL			1	0
ENSG00000224516	ENSG00000224516	GroupA_exclusive	TK14	SNV			1	0
ENSG00000225018	ENSG00000225018	GroupA_exclusive	TK14	SNV			1	0
ENSG00000225244	ENSG00000225244	GroupA_exclusive	TK13	SNV			1	0
ENSG00000225344	ENSG00000225344	GroupA_exclusive	TK14	SNV			1	0
ENSG00000225451	ENSG00000225451	GroupA_exclusive	TK13	SNV			1	0
ENSG00000225488	ENSG00000225488	GroupA_exclusive	TK13	INDEL,SNV			1	0
ENSG00000225620	ENSG00000225620	GroupA_exclusive	TK16	SNV			1	0
ENSG00000226423	ENSG00000226423	GroupA_exclusive	TK16	SNV			1	0
ENSG00000226499	ENSG00000226499	GroupA_exclusive	TK13	SNV			1	0
ENSG00000226679	ENSG00000226679	GroupA_exclusive	TK13	SNV			1	0
ENSG00000226767	ENSG00000226767	GroupA_exclusive	TK13	SNV			1	0
ENSG00000226886	ENSG00000226886	GroupA_exclusive	TK14	SNV			1	0
ENSG00000227047	ENSG00000227047	GroupA_exclusive	TK13	SNV			1	0
ENSG00000227193	ENSG00000227193	GroupA_exclusive	TK13	SNV			1	0
ENSG00000227269	ENSG00000227269	GroupA_exclusive	TK13	SNV			1	0
ENSG00000227815	ENSG00000227815	GroupA_exclusive	TK13	SNV			1	0
ENSG00000227854	ENSG00000227854	GroupA_exclusive	TK14	SNV			1	0
ENSG00000228081	ENSG00000228081	GroupA_exclusive	TK13	SNV			1	0
ENSG00000228123	ENSG00000228123	GroupA_exclusive	TK14	SNV			1	0
ENSG00000228157	ENSG00000228157	GroupA_exclusive	TK13	SNV			1	0
ENSG00000228355	ENSG00000228355	GroupA_exclusive	TK16	SNV			1	0
ENSG00000228408	ENSG00000228408	GroupA_exclusive	TK13	SNV			1	0
ENSG00000228478	ENSG00000228478	GroupA_exclusive	TK14	SNV			1	0
ENSG00000228521	ENSG00000228521	GroupA_exclusive	TK13	SNV			1	0
ENSG00000228680	ENSG00000228680	GroupA_exclusive	TK14	SNV			1	0
ENSG00000228957	ENSG00000228957	GroupA_exclusive	TK14	SNV			1	0
ENSG00000228974	ENSG00000228974	GroupA_exclusive	TK14	SNV			1	0
ENSG00000229212	ENSG00000229212	GroupA_exclusive	TK13	SNV			1	0
ENSG00000229283	ENSG00000229283	GroupA_exclusive	TK13	SNV			1	0
ENSG00000229495	ENSG00000229495	GroupA_exclusive	TK16	SNV			1	0
ENSG00000229567	ENSG00000229567	GroupA_exclusive	TK14	SNV			1	0
ENSG00000229732	ENSG00000229732	GroupA_exclusive	TK13	SNV			1	0
ENSG00000229827	ENSG00000229827	GroupA_exclusive	TK14	SNV			1	0
ENSG00000230080	ENSG00000230080	GroupA_exclusive	TK13	SNV			1	0
ENSG00000230104	ENSG00000230104	GroupA_exclusive	TK13	SNV			1	0
ENSG00000230159	ENSG00000230159	GroupA_exclusive	TK14	SNV			1	0
ENSG00000230385	ENSG00000230385	GroupA_exclusive	TK16	SNV			1	0
ENSG00000230821	ENSG00000230821	GroupA_exclusive	TK13	SNV			1	0
ENSG00000230990	ENSG00000230990	GroupA_exclusive	TK13	SNV			1	0
ENSG00000231054	ENSG00000231054	GroupA_exclusive	TK13	SNV			1	0
ENSG00000231255	ENSG00000231255	GroupA_exclusive	TK16	SNV			1	0
ENSG00000231331	ENSG00000231331	GroupA_exclusive	TK13	SNV			1	0
ENSG00000231440	ENSG00000231440	GroupA_exclusive	TK16	SNV			1	0
ENSG00000231467	ENSG00000231467	GroupA_exclusive	TK16	SNV			1	0
ENSG00000231754	ENSG00000231754	GroupA_exclusive	TK16	SNV			1	0
ENSG00000231811	ENSG00000231811	GroupA_exclusive	TK14	SNV			1	0
ENSG00000232218	ENSG00000232218	GroupA_exclusive	TK16	SNV			1	0
ENSG00000232524	ENSG00000232524	GroupA_exclusive	TK13	SNV			1	0
ENSG00000232557	ENSG00000232557	GroupA_exclusive	TK14	SNV			1	0
ENSG00000232710	ENSG00000232710	GroupA_exclusive	TK13	SNV			1	0
ENSG00000233502	ENSG00000233502	GroupA_exclusive	TK14	SNV			1	0
ENSG00000233625	ENSG00000233625	GroupA_exclusive	TK16	SNV			1	0
ENSG00000233665	ENSG00000233665	GroupA_exclusive	TK14	SNV			1	0
ENSG00000233689	ENSG00000233689	GroupA_exclusive	TK13	SNV			1	0
ENSG00000233942	ENSG00000233942	GroupA_exclusive	TK14	SNV			1	0
ENSG00000234132	ENSG00000234132	GroupA_exclusive	TK16	SNV			1	0
ENSG00000234455	ENSG00000234455	GroupA_exclusive	TK13	SNV			1	0
ENSG00000234597	ENSG00000234597	GroupA_exclusive	TK14	SNV			1	0
ENSG00000234692	ENSG00000234692	GroupA_exclusive	TK13	SNV			1	0
ENSG00000234703	ENSG00000234703	GroupA_exclusive	TK16	SNV			1	0
ENSG00000234716	ENSG00000234716	GroupA_exclusive	TK14	SNV			1	0
ENSG00000234758	ENSG00000234758	GroupA_exclusive	TK13	SNV			1	0
ENSG00000235051	ENSG00000235051	GroupA_exclusive	TK16	SNV			1	0
ENSG00000235154	ENSG00000235154	GroupA_exclusive	TK16	SNV			1	0
ENSG00000235181	ENSG00000235181	GroupA_exclusive	TK14	SNV			1	0
ENSG00000235356	ENSG00000235356	GroupA_exclusive	TK13	SNV			1	0
ENSG00000235574	ENSG00000235574	GroupA_exclusive	TK14	SNV			1	0
ENSG00000235605	ENSG00000235605	GroupA_exclusive	TK13	SNV			1	0
ENSG00000235705	ENSG00000235705	GroupA_exclusive	TK14	SNV			1	0
ENSG00000235713	ENSG00000235713	GroupA_exclusive	TK13	SNV			1	0
ENSG00000235994	ENSG00000235994	GroupA_exclusive	TK13	SNV			1	0
ENSG00000236209	ENSG00000236209	GroupA_exclusive	TK16	INDEL,SNV			1	0
ENSG00000236252	ENSG00000236252	GroupA_exclusive	TK16	SNV			1	0
ENSG00000236335	ENSG00000236335	GroupA_exclusive	TK13	SNV			1	0
ENSG00000236453	ENSG00000236453	GroupA_exclusive	TK14	SNV			1	0
ENSG00000236461	ENSG00000236461	GroupA_exclusive	TK14	SNV			1	0
ENSG00000236656	ENSG00000236656	GroupA_exclusive	TK13	SNV			1	0
ENSG00000236887	ENSG00000236887	GroupA_exclusive	TK16	SNV			1	0
ENSG00000236911	ENSG00000236911	GroupA_exclusive	TK14	SNV			1	0
ENSG00000236948	ENSG00000236948	GroupA_exclusive	TK14	SNV			1	0
ENSG00000237346	ENSG00000237346	GroupA_exclusive	TK14	INDEL			1	0
ENSG00000237378	ENSG00000237378	GroupA_exclusive	TK13	INDEL,SNV			1	0
ENSG00000237572	ENSG00000237572	GroupA_exclusive	TK14	SNV			1	0
ENSG00000237581	ENSG00000237581	GroupA_exclusive	TK13	SNV			1	0
ENSG00000238102	ENSG00000238102	GroupA_exclusive	TK13	SNV			1	0
ENSG00000238176	ENSG00000238176	GroupA_exclusive	TK14	SNV			1	0
ENSG00000238282	ENSG00000238282	GroupA_exclusive	TK13	SNV			1	0
ENSG00000239096	ENSG00000239096	GroupA_exclusive	TK16	SNV			1	0
ENSG00000239254	ENSG00000239254	GroupA_exclusive	TK13	SNV			1	0
ENSG00000239395	ENSG00000239395	GroupA_exclusive	TK13	SNV			1	0
ENSG00000240521	ENSG00000240521	GroupA_exclusive	TK13	SNV			1	0
ENSG00000240627	ENSG00000240627	GroupA_exclusive	TK13	SNV			1	0
ENSG00000240895	ENSG00000240895	GroupA_exclusive	TK13	SNV			1	0
ENSG00000240980	ENSG00000240980	GroupA_exclusive	TK13	SNV			1	0
ENSG00000241357	ENSG00000241357	GroupA_exclusive	TK13	SNV			1	0
ENSG00000242156	ENSG00000242156	GroupA_exclusive	TK14	SNV			1	0
ENSG00000242391	ENSG00000242391	GroupA_exclusive	TK14	INDEL,SNV			1	0
ENSG00000242531	ENSG00000242531	GroupA_exclusive	TK13	SNV			1	0
ENSG00000243501	ENSG00000243501	GroupA_exclusive	TK14	SNV			1	0
ENSG00000243659	ENSG00000243659	GroupA_exclusive	TK13	SNV			1	0
ENSG00000243888	ENSG00000243888	GroupA_exclusive	TK13	SNV			1	0
ENSG00000243916	ENSG00000243916	GroupA_exclusive	TK13	SNV			1	0
ENSG00000248308	ENSG00000248308	GroupA_exclusive	TK14	SNV			1	0
ENSG00000248369	ENSG00000248369	GroupA_exclusive	TK13	SNV			1	0
ENSG00000248423	ENSG00000248423	GroupA_exclusive	TK13	SNV			1	0
ENSG00000248551	ENSG00000248551	GroupA_exclusive	TK14	SNV			1	0
ENSG00000248749	ENSG00000248749	GroupA_exclusive	TK14	SNV			1	0
ENSG00000248853	ENSG00000248853	GroupA_exclusive	TK14	SNV			1	0
ENSG00000249008	ENSG00000249008	GroupA_exclusive	TK14	SNV			1	0
ENSG00000249016	ENSG00000249016	GroupA_exclusive	TK13	SNV			1	0
ENSG00000249101	ENSG00000249101	GroupA_exclusive	TK13	SNV			1	0
ENSG00000249235	ENSG00000249235	GroupA_exclusive	TK14	SNV			1	0
ENSG00000249403	ENSG00000249403	GroupA_exclusive	TK16	SNV			1	0
ENSG00000249727	ENSG00000249727	GroupA_exclusive	TK16	SNV			1	0
ENSG00000249856	ENSG00000249856	GroupA_exclusive	TK13	INDEL			1	0
ENSG00000249945	ENSG00000249945	GroupA_exclusive	TK14	SNV			1	0
ENSG00000250079	ENSG00000250079	GroupA_exclusive	TK14	SNV			1	0
ENSG00000250080	ENSG00000250080	GroupA_exclusive	TK14	SNV			1	0
ENSG00000250105	ENSG00000250105	GroupA_exclusive	TK16	SNV			1	0
ENSG00000250173	ENSG00000250173	GroupA_exclusive	TK16	SNV			1	0
ENSG00000250453	ENSG00000250453	GroupA_exclusive	TK13	SNV			1	0
ENSG00000250574	ENSG00000250574	GroupA_exclusive	TK14	SNV			1	0
ENSG00000250615	ENSG00000250615	GroupA_exclusive	TK13	SNV			1	0
ENSG00000250726	ENSG00000250726	GroupA_exclusive	TK16	SNV			1	0
ENSG00000250781	ENSG00000250781	GroupA_exclusive	TK14	SNV			1	0
ENSG00000251144	ENSG00000251144	GroupA_exclusive	TK14	SNV			1	0
ENSG00000251239	ENSG00000251239	GroupA_exclusive	TK13	SNV			1	0
ENSG00000251281	ENSG00000251281	GroupA_exclusive	TK16	SNV			1	0
ENSG00000251313	ENSG00000251313	GroupA_exclusive	TK13	SNV			1	0
ENSG00000251378	ENSG00000251378	GroupA_exclusive	TK13	SNV			1	0
ENSG00000251416	ENSG00000251416	GroupA_exclusive	TK14	INDEL			1	0
ENSG00000251478	ENSG00000251478	GroupA_exclusive	TK16	SNV			1	0
ENSG00000252274	ENSG00000252274	GroupA_exclusive	TK14	SNV			1	0
ENSG00000253049	ENSG00000253049	GroupA_exclusive	TK13	SNV			1	0
ENSG00000253197	ENSG00000253197	GroupA_exclusive	TK16	SNV			1	0
ENSG00000253403	ENSG00000253403	GroupA_exclusive	TK13	SNV			1	0
ENSG00000253415	ENSG00000253415	GroupA_exclusive	TK14	SNV			1	0
ENSG00000253600	ENSG00000253600	GroupA_exclusive	TK14	INDEL,SNV			1	0
ENSG00000253776	ENSG00000253776	GroupA_exclusive	TK13	SNV			1	0
ENSG00000253924	ENSG00000253924	GroupA_exclusive	TK13	SNV			1	0
ENSG00000253942	ENSG00000253942	GroupA_exclusive	TK16	SNV			1	0
ENSG00000253966	ENSG00000253966	GroupA_exclusive	TK16	SNV			1	0
ENSG00000254011	ENSG00000254011	GroupA_exclusive	TK16	SNV			1	0
ENSG00000254043	ENSG00000254043	GroupA_exclusive	TK14	SNV			1	0
ENSG00000254067	ENSG00000254067	GroupA_exclusive	TK14	SNV			1	0
ENSG00000254076	ENSG00000254076	GroupA_exclusive	TK13	SNV			1	0
ENSG00000254412	ENSG00000254412	GroupA_exclusive	TK14	SNV			1	0
ENSG00000254467	ENSG00000254467	GroupA_exclusive	TK14	SNV			1	0
ENSG00000254495	ENSG00000254495	GroupA_exclusive	TK16	SNV			1	0
ENSG00000254644	ENSG00000254644	GroupA_exclusive	TK13	SNV			1	0
ENSG00000254804	ENSG00000254804	GroupA_exclusive	TK13	SNV			1	0
ENSG00000254817	ENSG00000254817	GroupA_exclusive	TK14	SNV			1	0
ENSG00000254883	ENSG00000254883	GroupA_exclusive	TK13	SNV			1	0
ENSG00000254885	ENSG00000254885	GroupA_exclusive	TK13	SNV			1	0
ENSG00000254888	ENSG00000254888	GroupA_exclusive	TK13	SNV			1	0
ENSG00000255118	ENSG00000255118	GroupA_exclusive	TK13	SNV			1	0
ENSG00000255174	ENSG00000255174	GroupA_exclusive	TK14	SNV			1	0
ENSG00000255206	ENSG00000255206	GroupA_exclusive	TK14	SNV			1	0
ENSG00000255214	ENSG00000255214	GroupA_exclusive	TK13	SNV			1	0
ENSG00000255260	ENSG00000255260	GroupA_exclusive	TK16	SNV			1	0
ENSG00000255343	ENSG00000255343	GroupA_exclusive	TK13	SNV			1	0
ENSG00000255395	ENSG00000255395	GroupA_exclusive	TK16	INDEL			1	0
ENSG00000255532	ENSG00000255532	GroupA_exclusive	TK13	SNV			1	0
ENSG00000255556	ENSG00000255556	GroupA_exclusive	TK13	SNV			1	0
ENSG00000255572	ENSG00000255572	GroupA_exclusive	TK16	SNV			1	0
ENSG00000255608	ENSG00000255608	GroupA_exclusive	TK16	SNV			1	0
ENSG00000255649	ENSG00000255649	GroupA_exclusive	TK13	SNV			1	0
ENSG00000255730	ENSG00000255730	GroupA_exclusive	TK16	SNV			1	0
ENSG00000256254	ENSG00000256254	GroupA_exclusive	TK14	SNV			1	0
ENSG00000256281	ENSG00000256281	GroupA_exclusive	TK13	SNV			1	0
ENSG00000256747	ENSG00000256747	GroupA_exclusive	TK16	SNV			1	0
ENSG00000256783	ENSG00000256783	GroupA_exclusive	TK16	SNV			1	0
ENSG00000256917	ENSG00000256917	GroupA_exclusive	TK13	SNV			1	0
ENSG00000256951	ENSG00000256951	GroupA_exclusive	TK13	SNV			1	0
ENSG00000257009	ENSG00000257009	GroupA_exclusive	TK13	SNV			1	0
ENSG00000257035	ENSG00000257035	GroupA_exclusive	TK14	SNV			1	0
ENSG00000257094	ENSG00000257094	GroupA_exclusive	TK16	SNV			1	0
ENSG00000257268	ENSG00000257268	GroupA_exclusive	TK16	SNV			1	0
ENSG00000257522	ENSG00000257522	GroupA_exclusive	TK13	SNV			1	0
ENSG00000257579	ENSG00000257579	GroupA_exclusive	TK13	SNV			1	0
ENSG00000257639	ENSG00000257639	GroupA_exclusive	TK13	SNV			1	0
ENSG00000257700	ENSG00000257700	GroupA_exclusive	TK14	INDEL,SNV			1	0
ENSG00000257751	ENSG00000257751	GroupA_exclusive	TK13	SNV			1	0
ENSG00000258082	ENSG00000258082	GroupA_exclusive	TK13	SNV			1	0
ENSG00000258154	ENSG00000258154	GroupA_exclusive	TK13	SNV			1	0
ENSG00000258661	ENSG00000258661	GroupA_exclusive	TK13	SNV			1	0
ENSG00000258663	ENSG00000258663	GroupA_exclusive	TK14	SNV			1	0
ENSG00000258734	ENSG00000258734	GroupA_exclusive	TK16	SNV			1	0
ENSG00000258773	ENSG00000258773	GroupA_exclusive	TK13	SNV			1	0
ENSG00000258868	ENSG00000258868	GroupA_exclusive	TK14	SNV			1	0
ENSG00000258921	ENSG00000258921	GroupA_exclusive	TK13	SNV			1	0
ENSG00000258971	ENSG00000258971	GroupA_exclusive	TK13	SNV			1	0
ENSG00000259001	ENSG00000259001	GroupA_exclusive	TK16	SNV			1	0
ENSG00000259385	ENSG00000259385	GroupA_exclusive	TK13	SNV			1	0
ENSG00000259410	ENSG00000259410	GroupA_exclusive	TK13	SNV			1	0
ENSG00000259555	ENSG00000259555	GroupA_exclusive	TK16	INDEL			1	0
ENSG00000259619	ENSG00000259619	GroupA_exclusive	TK13	SNV			1	0
ENSG00000259645	ENSG00000259645	GroupA_exclusive	TK13	SNV			1	0
ENSG00000259647	ENSG00000259647	GroupA_exclusive	TK14	SNV			1	0
ENSG00000259769	ENSG00000259769	GroupA_exclusive	TK14	SNV			1	0
ENSG00000259840	ENSG00000259840	GroupA_exclusive	TK16	SNV			1	0
ENSG00000259889	ENSG00000259889	GroupA_exclusive	TK16	SNV			1	0
ENSG00000259961	ENSG00000259961	GroupA_exclusive	TK13	SNV			1	0
ENSG00000260008	ENSG00000260008	GroupA_exclusive	TK14	SNV			1	0
ENSG00000260021	ENSG00000260021	GroupA_exclusive	TK16	SNV			1	0
ENSG00000260112	ENSG00000260112	GroupA_exclusive	TK13	SNV			1	0
ENSG00000260201	ENSG00000260201	GroupA_exclusive	TK13	SNV			1	0
ENSG00000260306	ENSG00000260306	GroupA_exclusive	TK13	SNV			1	0
ENSG00000260337	ENSG00000260337	GroupA_exclusive	TK14	SNV			1	0
ENSG00000260406	ENSG00000260406	GroupA_exclusive	TK14	SNV			1	0
ENSG00000260517	ENSG00000260517	GroupA_exclusive	TK16	SNV			1	0
ENSG00000260650	ENSG00000260650	GroupA_exclusive	TK14	SNV			1	0
ENSG00000260681	ENSG00000260681	GroupA_exclusive	TK16	SNV			1	0
ENSG00000260702	ENSG00000260702	GroupA_exclusive	TK16	SNV			1	0
ENSG00000260848	ENSG00000260848	GroupA_exclusive	TK14	SNV			1	0
ENSG00000260934	ENSG00000260934	GroupA_exclusive	TK14	SNV			1	0
ENSG00000261114	ENSG00000261114	GroupA_exclusive	TK14	SNV			1	0
ENSG00000261379	ENSG00000261379	GroupA_exclusive	TK16	SNV			1	0
ENSG00000261642	ENSG00000261642	GroupA_exclusive	TK13	INDEL,SNV			1	0
ENSG00000261671	ENSG00000261671	GroupA_exclusive	TK13	SNV			1	0
ENSG00000262681	ENSG00000262681	GroupA_exclusive	TK16	SNV			1	0
ENSG00000263070	ENSG00000263070	GroupA_exclusive	TK16	SNV			1	0
ENSG00000263435	ENSG00000263435	GroupA_exclusive	TK14	SNV			1	0
ENSG00000263574	ENSG00000263574	GroupA_exclusive	TK14	SNV			1	0
ENSG00000263698	ENSG00000263698	GroupA_exclusive	TK13	SNV			1	0
ENSG00000263733	ENSG00000263733	GroupA_exclusive	TK14	SNV			1	0
ENSG00000263870	ENSG00000263870	GroupA_exclusive	TK13	SNV			1	0
ENSG00000264452	ENSG00000264452	GroupA_exclusive	TK14	SNV			1	0
ENSG00000264659	ENSG00000264659	GroupA_exclusive	TK16	SNV			1	0
ENSG00000264735	ENSG00000264735	GroupA_exclusive	TK13	SNV			1	0
ENSG00000264845	ENSG00000264845	GroupA_exclusive	TK13	SNV			1	0
ENSG00000265041	ENSG00000265041	GroupA_exclusive	TK13	SNV			1	0
ENSG00000265179	ENSG00000265179	GroupA_exclusive	TK14	SNV			1	0
ENSG00000265478	ENSG00000265478	GroupA_exclusive	TK16	SNV			1	0
ENSG00000265643	ENSG00000265643	GroupA_exclusive	TK13	SNV			1	0
ENSG00000265973	ENSG00000265973	GroupA_exclusive	TK14	SNV			1	0
ENSG00000266009	ENSG00000266009	GroupA_exclusive	TK13	SNV			1	0
ENSG00000266105	ENSG00000266105	GroupA_exclusive	TK13	SNV			1	0
ENSG00000266279	ENSG00000266279	GroupA_exclusive	TK14	SNV			1	0
ENSG00000266535	ENSG00000266535	GroupA_exclusive	TK14	SNV			1	0
ENSG00000266614	ENSG00000266614	GroupA_exclusive	TK14	SNV			1	0
ENSG00000266981	ENSG00000266981	GroupA_exclusive	TK14	SNV			1	0
ENSG00000267142	ENSG00000267142	GroupA_exclusive	TK14	SNV			1	0
ENSG00000267143	ENSG00000267143	GroupA_exclusive	TK16	SNV			1	0
ENSG00000267193	ENSG00000267193	GroupA_exclusive	TK16	SNV			1	0
ENSG00000267298	ENSG00000267298	GroupA_exclusive	TK14	SNV			1	0
ENSG00000267370	ENSG00000267370	GroupA_exclusive	TK13	SNV			1	0
ENSG00000267420	ENSG00000267420	GroupA_exclusive	TK14	SNV			1	0
ENSG00000267543	ENSG00000267543	GroupA_exclusive	TK16	SNV			1	0
ENSG00000267560	ENSG00000267560	GroupA_exclusive	TK16	SNV			1	0
ENSG00000267745	ENSG00000267745	GroupA_exclusive	TK14	SNV			1	0
ENSG00000267800	ENSG00000267800	GroupA_exclusive	TK13	SNV			1	0
ENSG00000267943	ENSG00000267943	GroupA_exclusive	TK13	SNV			1	0
ENSG00000268316	ENSG00000268316	GroupA_exclusive	TK14	SNV			1	0
ENSG00000268455	ENSG00000268455	GroupA_exclusive	TK14	SNV			1	0
ENSG00000268461	ENSG00000268461	GroupA_exclusive	TK13	INDEL			1	0
ENSG00000268593	ENSG00000268593	GroupA_exclusive	TK13	SNV			1	0
ENSG00000268673	ENSG00000268673	GroupA_exclusive	TK14	SNV			1	0
ENSG00000268744	ENSG00000268744	GroupA_exclusive	TK14	SNV			1	0
ENSG00000268823	ENSG00000268823	GroupA_exclusive	TK14	SNV			1	0
ENSG00000268884	ENSG00000268884	GroupA_exclusive	TK16	SNV			1	0
ENSG00000268892	ENSG00000268892	GroupA_exclusive	TK16	SNV			1	0
ENSG00000268906	ENSG00000268906	GroupA_exclusive	TK13	SNV			1	0
ENSG00000269349	ENSG00000269349	GroupA_exclusive	TK13	SNV			1	0
ENSG00000269681	ENSG00000269681	GroupA_exclusive	TK14	SNV			1	0
ENSG00000270108	ENSG00000270108	GroupA_exclusive	TK16	SNV			1	0
ENSG00000270400	ENSG00000270400	GroupA_exclusive	TK13	SNV			1	0
ENSG00000270457	ENSG00000270457	GroupA_exclusive	TK16	INDEL			1	0
ENSG00000270522	ENSG00000270522	GroupA_exclusive	TK14	SNV			1	0
ENSG00000270682	ENSG00000270682	GroupA_exclusive	TK13	SNV			1	0
ENSG00000270811	ENSG00000270811	GroupA_exclusive	TK16	SNV			1	0
ENSG00000271044	ENSG00000271044	GroupA_exclusive	TK14	SNV			1	0
ENSG00000271181	ENSG00000271181	GroupA_exclusive	TK13	SNV			1	0
ENSG00000271228	ENSG00000271228	GroupA_exclusive	TK13	SNV			1	0
ENSG00000271329	ENSG00000271329	GroupA_exclusive	TK16	SNV			1	0
ENSG00000271375	ENSG00000271375	GroupA_exclusive	TK13	SNV			1	0
ENSG00000271420	ENSG00000271420	GroupA_exclusive	TK16	INDEL,SNV			1	0
ENSG00000271555	ENSG00000271555	GroupA_exclusive	TK13	SNV			1	0
ENSG00000271787	ENSG00000271787	GroupA_exclusive	TK16	SNV			1	0
ENSG00000271985	ENSG00000271985	GroupA_exclusive	TK13	SNV			1	0
ENSG00000272239	ENSG00000272239	GroupA_exclusive	TK13	SNV			1	0
ENSG00000272416	ENSG00000272416	GroupA_exclusive	TK14	SNV			1	0
ENSG00000272797	ENSG00000272797	GroupA_exclusive	TK13	SNV			1	0
ENSG00000272799	ENSG00000272799	GroupA_exclusive	TK13	SNV			1	0
ENSG00000272866	ENSG00000272866	GroupA_exclusive	TK16	SNV			1	0
ENSG00000273177	ENSG00000273177	GroupA_exclusive	TK16	SNV			1	0
ENSG00000273254	ENSG00000273254	GroupA_exclusive	TK13	SNV			1	0
ENSG00000273384	ENSG00000273384	GroupA_exclusive	TK16	SNV			1	0
ENSG00000273442	ENSG00000273442	GroupA_exclusive	TK16	SNV			1	0
ENSG00000273461	ENSG00000273461	GroupA_exclusive	TK16	SNV			1	0
ENSG00000273512	ENSG00000273512	GroupA_exclusive	TK13	SNV			1	0
ENSG00000273568	ENSG00000273568	GroupA_exclusive	TK13	SNV			1	0
ENSG00000273712	ENSG00000273712	GroupA_exclusive	TK16	SNV			1	0
ENSG00000273736	ENSG00000273736	GroupA_exclusive	TK13	SNV			1	0
ENSG00000273920	ENSG00000273920	GroupA_exclusive	TK13	SNV			1	0
ENSG00000273974	ENSG00000273974	GroupA_exclusive	TK16	SNV			1	0
ENSG00000274019	ENSG00000274019	GroupA_exclusive	TK13	SNV			1	0
ENSG00000274133	ENSG00000274133	GroupA_exclusive	TK13	SNV			1	0
ENSG00000274330	ENSG00000274330	GroupA_exclusive	TK13	SNV			1	0
ENSG00000274331	ENSG00000274331	GroupA_exclusive	TK16	SNV			1	0
ENSG00000274396	ENSG00000274396	GroupA_exclusive	TK16	SNV			1	0
ENSG00000274737	ENSG00000274737	GroupA_exclusive	TK16	SNV			1	0
ENSG00000274760	ENSG00000274760	GroupA_exclusive	TK13	SNV			1	0
ENSG00000274929	ENSG00000274929	GroupA_exclusive	TK14	SNV			1	0
ENSG00000275295	ENSG00000275295	GroupA_exclusive	TK13	SNV			1	0
ENSG00000275540	ENSG00000275540	GroupA_exclusive	TK14	SNV			1	0
ENSG00000275563	ENSG00000275563	GroupA_exclusive	TK13	SNV			1	0
ENSG00000275598	ENSG00000275598	GroupA_exclusive	TK14	SNV			1	0
ENSG00000275601	ENSG00000275601	GroupA_exclusive	TK13	SNV			1	0
ENSG00000275944	ENSG00000275944	GroupA_exclusive	TK13	SNV			1	0
ENSG00000276048	ENSG00000276048	GroupA_exclusive	TK14	SNV			1	0
ENSG00000276092	ENSG00000276092	GroupA_exclusive	TK16	INDEL			1	0
ENSG00000276110	ENSG00000276110	GroupA_exclusive	TK16	SNV			1	0
ENSG00000276232	ENSG00000276232	GroupA_exclusive	TK16	SNV			1	0
ENSG00000276269	ENSG00000276269	GroupA_exclusive	TK14	SNV			1	0
ENSG00000276569	ENSG00000276569	GroupA_exclusive	TK13	SNV			1	0
ENSG00000276957	ENSG00000276957	GroupA_exclusive	TK13	SNV			1	0
ENSG00000276968	ENSG00000276968	GroupA_exclusive	TK14	SNV			1	0
ENSG00000277010	ENSG00000277010	GroupA_exclusive	TK13	SNV			1	0
ENSG00000277103	ENSG00000277103	GroupA_exclusive	TK14	SNV			1	0
ENSG00000277351	ENSG00000277351	GroupA_exclusive	TK16	SNV			1	0
ENSG00000277568	ENSG00000277568	GroupA_exclusive	TK13	SNV			1	0
ENSG00000277690	ENSG00000277690	GroupA_exclusive	TK14	SNV			1	0
ENSG00000277694	ENSG00000277694	GroupA_exclusive	TK16	SNV			1	0
ENSG00000277859	ENSG00000277859	GroupA_exclusive	TK13	INDEL			1	0
ENSG00000277948	ENSG00000277948	GroupA_exclusive	TK14	SNV			1	0
ENSG00000278171	ENSG00000278171	GroupA_exclusive	TK13	SNV			1	0
ENSG00000278236	ENSG00000278236	GroupA_exclusive	TK16	SNV			1	0
ENSG00000278586	ENSG00000278586	GroupA_exclusive	TK16	SNV			1	0
ENSG00000278698	ENSG00000278698	GroupA_exclusive	TK13	INDEL,SNV			1	0
ENSG00000278716	ENSG00000278716	GroupA_exclusive	TK13	SNV			1	0
ENSG00000278736	ENSG00000278736	GroupA_exclusive	TK13	SNV			1	0
ENSG00000278981	ENSG00000278981	GroupA_exclusive	TK13	SNV			1	0
ENSG00000278995	ENSG00000278995	GroupA_exclusive	TK13	INDEL			1	0
ENSG00000279030	ENSG00000279030	GroupA_exclusive	TK13	SNV			1	0
ENSG00000279064	ENSG00000279064	GroupA_exclusive	TK14	SNV			1	0
ENSG00000279273	ENSG00000279273	GroupA_exclusive	TK14	SNV			1	0
ENSG00000279708	ENSG00000279708	GroupA_exclusive	TK14	SNV			1	0
ENSG00000279784	ENSG00000279784	GroupA_exclusive	TK13	SNV			1	0
ENSG00000279812	ENSG00000279812	GroupA_exclusive	TK14	SNV			1	0
ENSG00000279960	ENSG00000279960	GroupA_exclusive	TK16	SNV			1	0
ENSG00000279979	ENSG00000279979	GroupA_exclusive	TK14	SNV			1	0
ENSG00000280091	ENSG00000280091	GroupA_exclusive	TK13	SNV			1	0
ENSG00000280135	ENSG00000280135	GroupA_exclusive	TK16	INDEL,SNV			1	0
ENSG00000280222	ENSG00000280222	GroupA_exclusive	TK14	SNV			1	0
ENSG00000280227	ENSG00000280227	GroupA_exclusive	TK16	SNV			1	0
ENSG00000280255	ENSG00000280255	GroupA_exclusive	TK13	SNV			1	0
ENSG00000280266	ENSG00000280266	GroupA_exclusive	TK13	SNV			1	0
ENSG00000280282	ENSG00000280282	GroupA_exclusive	TK16	SNV			1	0
ENSG00000280296	ENSG00000280296	GroupA_exclusive	TK14	SNV			1	0
ENSG00000280302	ENSG00000280302	GroupA_exclusive	TK13	SNV			1	0
ENSG00000280362	ENSG00000280362	GroupA_exclusive	TK14	SNV			1	0
ENSG00000280368	ENSG00000280368	GroupA_exclusive	TK14	SNV			1	0
ENSG00000280436	ENSG00000280436	GroupA_exclusive	TK13	SNV			1	0
ENSG00000280836	ENSG00000280836	GroupA_exclusive	TK13	SNV			1	0
ENSG00000281613	ENSG00000281613	GroupA_exclusive	TK13	SNV			1	0
ENSG00000281825	ENSG00000281825	GroupA_exclusive	TK13	SNV			1	0
ENSG00000282051	ENSG00000282051	GroupA_exclusive	TK14	SNV			1	0
ENSG00000282542	ENSG00000282542	GroupA_exclusive	TK16	SNV			1	0
ENSG00000282697	ENSG00000282697	GroupA_exclusive	TK14	SNV			1	0
ENSG00000282906	ENSG00000282906	GroupA_exclusive	TK13	SNV			1	0
ENSG00000282964	ENSG00000282964	GroupA_exclusive	TK16	SNV			1	0
ENSG00000283125	ENSG00000283125	GroupA_exclusive	TK14	SNV			1	0
ENSG00000283164	ENSG00000283164	GroupA_exclusive	TK16	SNV			1	0
ENSG00000283366	ENSG00000283366	GroupA_exclusive	TK14	SNV			1	0
ENSG00000283462	ENSG00000283462	GroupA_exclusive	TK14	SNV			1	0
ENSG00000283737	ENSG00000283737	GroupA_exclusive	TK14	SNV			1	0
ENSG00000283743	ENSG00000283743	GroupA_exclusive	TK16	SNV			1	0
ENSG00000283757	ENSG00000283757	GroupA_exclusive	TK16	SNV			1	0
ENSG00000283991	ENSG00000283991	GroupA_exclusive	TK14	SNV			1	0
ENSG00000283994	ENSG00000283994	GroupA_exclusive	TK13	SNV			1	0
ENSG00000284430	ENSG00000284430	GroupA_exclusive	TK14	SNV			1	0
ENSG00000284649	ENSG00000284649	GroupA_exclusive	TK13	SNV			1	0
ENSG00000284654	ENSG00000284654	GroupA_exclusive	TK16	SNV			1	0
ENSG00000284665	ENSG00000284665	GroupA_exclusive	TK13	SNV			1	0
ENSG00000284700	ENSG00000284700	GroupA_exclusive	TK16	SNV			1	0
ENSG00000284837	ENSG00000284837	GroupA_exclusive	TK16	SNV			1	0
ENSG00000284931	ENSG00000284931	GroupA_exclusive	TK14	SNV			1	0
ENSG00000285169	ENSG00000285169	GroupA_exclusive	TK14	SNV			1	0
ENSG00000285205	ENSG00000285205	GroupA_exclusive	TK13	SNV			1	0
ENSG00000285543	ENSG00000285543	GroupA_exclusive	TK14	SNV			1	0
ENSG00000285586	ENSG00000285586	GroupA_exclusive	TK13	SNV			1	0
ENSG00000285610	ENSG00000285610	GroupA_exclusive	TK13	SNV			1	0
ENSG00000285613	ENSG00000285613	GroupA_exclusive	TK14	SNV			1	0
ENSG00000285649	ENSG00000285649	GroupA_exclusive	TK16	SNV			1	0
ENSG00000285691	ENSG00000285691	GroupA_exclusive	TK14	SNV			1	0
ENSG00000285698	ENSG00000285698	GroupA_exclusive	TK16	SNV			1	0
ENSG00000285919	ENSG00000285919	GroupA_exclusive	TK13	SNV			1	0
ENSG00000285958	ENSG00000285958	GroupA_exclusive	TK13	SNV			1	0
ENSG00000286131	ENSG00000286131	GroupA_exclusive	TK14	SNV			1	0
ENSG00000286150	ENSG00000286150	GroupA_exclusive	TK16	SNV			1	0
ENSG00000286220	ENSG00000286220	GroupA_exclusive	TK16	SNV			1	0
ENSG00000286241	ENSG00000286241	GroupA_exclusive	TK13	SNV			1	0
ENSG00000286275	ENSG00000286275	GroupA_exclusive	TK16	SNV			1	0
ENSG00000286376	ENSG00000286376	GroupA_exclusive	TK14	SNV			1	0
ENSG00000286394	ENSG00000286394	GroupA_exclusive	TK14	SNV			1	0
ENSG00000286468	ENSG00000286468	GroupA_exclusive	TK16	SNV			1	0
ENSG00000286526	ENSG00000286526	GroupA_exclusive	TK14	SNV			1	0
ENSG00000286630	ENSG00000286630	GroupA_exclusive	TK13	SNV			1	0
ENSG00000286631	ENSG00000286631	GroupA_exclusive	TK14	SNV			1	0
ENSG00000286633	ENSG00000286633	GroupA_exclusive	TK16	SNV			1	0
ENSG00000286639	ENSG00000286639	GroupA_exclusive	TK13	SNV			1	0
ENSG00000286712	ENSG00000286712	GroupA_exclusive	TK13	SNV			1	0
ENSG00000286824	ENSG00000286824	GroupA_exclusive	TK14	SNV			1	0
ENSG00000286862	ENSG00000286862	GroupA_exclusive	TK14	SNV			1	0
ENSG00000286950	ENSG00000286950	GroupA_exclusive	TK16	SNV			1	0
ENSG00000286959	ENSG00000286959	GroupA_exclusive	TK13	SNV			1	0
ENSG00000286960	ENSG00000286960	GroupA_exclusive	TK13	SNV			1	0
ENSG00000286992	ENSG00000286992	GroupA_exclusive	TK13	SNV			1	0
ENSG00000287037	ENSG00000287037	GroupA_exclusive	TK14	SNV			1	0
ENSG00000287072	ENSG00000287072	GroupA_exclusive	TK13	SNV			1	0
ENSG00000287112	ENSG00000287112	GroupA_exclusive	TK13	SNV			1	0
ENSG00000287131	ENSG00000287131	GroupA_exclusive	TK16	SNV			1	0
ENSG00000287213	ENSG00000287213	GroupA_exclusive	TK16	SNV			1	0
ENSG00000287326	ENSG00000287326	GroupA_exclusive	TK13	SNV			1	0
ENSG00000287347	ENSG00000287347	GroupA_exclusive	TK16	SNV			1	0
ENSG00000287505	ENSG00000287505	GroupA_exclusive	TK13	SNV			1	0
ENSG00000287597	ENSG00000287597	GroupA_exclusive	TK14	SNV			1	0
ENSG00000287611	ENSG00000287611	GroupA_exclusive	TK16	SNV			1	0
ENSG00000287632	ENSG00000287632	GroupA_exclusive	TK13	SNV			1	0
ENSG00000287667	ENSG00000287667	GroupA_exclusive	TK14	INDEL			1	0
ENSG00000287700	ENSG00000287700	GroupA_exclusive	TK14	SNV			1	0
ENSG00000287722	ENSG00000287722	GroupA_exclusive	TK14	SNV			1	0
ENSG00000287756	ENSG00000287756	GroupA_exclusive	TK13	SNV			1	0
ENSG00000287773	ENSG00000287773	GroupA_exclusive	TK16	SNV			1	0
ENSG00000287779	ENSG00000287779	GroupA_exclusive	TK13	INDEL,SNV			1	0
ENSG00000287828	ENSG00000287828	GroupA_exclusive	TK13	SNV			1	0
ENSG00000287830	ENSG00000287830	GroupA_exclusive	TK13	SNV			1	0
ENSG00000287898	ENSG00000287898	GroupA_exclusive	TK16	SNV			1	0
ENSG00000287901	ENSG00000287901	GroupA_exclusive	TK14	SNV			1	0
ENSG00000287982	ENSG00000287982	GroupA_exclusive	TK13	SNV			1	0
ENSG00000288005	ENSG00000288005	GroupA_exclusive	TK13	SNV			1	0
ENSG00000288046	ENSG00000288046	GroupA_exclusive	TK13	SNV			1	0
ENSG00000288090	ENSG00000288090	GroupA_exclusive	TK16	SNV			1	0
ENSG00000288100	ENSG00000288100	GroupA_exclusive	TK13	SNV			1	0
ENSG00000288520	ENSG00000288520	GroupA_exclusive	TK13	SNV			1	0
ENSG00000288530	ENSG00000288530	GroupA_exclusive	TK16	SNV			1	0
ENSG00000288556	ENSG00000288556	GroupA_exclusive	TK13	SNV			1	0
ENSG00000288626	ENSG00000288626	GroupA_exclusive	TK13	INDEL,SNV			1	0
ENSG00000288768	ENSG00000288768	GroupA_exclusive	TK13	SNV			1	0
ENSG00000288790	ENSG00000288790	GroupA_exclusive	TK13	SNV			1	0
ENSG00000288795	ENSG00000288795	GroupA_exclusive	TK16	SNV			1	0
ENSG00000288809	ENSG00000288809	GroupA_exclusive	TK16	SNV			1	0
ENSG00000288846	ENSG00000288846	GroupA_exclusive	TK13	SNV			1	0
ENSG00000288929	ENSG00000288929	GroupA_exclusive	TK14	SNV			1	0
ENSG00000289035	ENSG00000289035	GroupA_exclusive	TK14	SNV			1	0
ENSG00000289051	ENSG00000289051	GroupA_exclusive	TK13	SNV			1	0
ENSG00000289084	ENSG00000289084	GroupA_exclusive	TK14	SNV			1	0
ENSG00000289093	ENSG00000289093	GroupA_exclusive	TK13	SNV			1	0
ENSG00000289105	ENSG00000289105	GroupA_exclusive	TK13	SNV			1	0
ENSG00000289131	ENSG00000289131	GroupA_exclusive	TK14	SNV			1	0
ENSG00000289174	ENSG00000289174	GroupA_exclusive	TK13	SNV			1	0
ENSG00000289275	ENSG00000289275	GroupA_exclusive	TK13	SNV			1	0
ENSG00000289303	ENSG00000289303	GroupA_exclusive	TK16	SNV			1	0
ENSG00000289364	ENSG00000289364	GroupA_exclusive	TK13	SNV			1	0
ENSG00000289413	ENSG00000289413	GroupA_exclusive	TK13	SNV			1	0
ENSG00000289424	ENSG00000289424	GroupA_exclusive	TK16	SNV			1	0
ENSG00000289433	ENSG00000289433	GroupA_exclusive	TK14	SNV			1	0
ENSG00000289449	ENSG00000289449	GroupA_exclusive	TK13	INDEL			1	0
ENSG00000289550	ENSG00000289550	GroupA_exclusive	TK13	SNV			1	0
ENSG00000289553	ENSG00000289553	GroupA_exclusive	TK14	SNV			1	0
ENSG00000289592	ENSG00000289592	GroupA_exclusive	TK13	SNV			1	0
ENSG00000289739	ENSG00000289739	GroupA_exclusive	TK14	SNV			1	0
ENSG00000289754	ENSG00000289754	GroupA_exclusive	TK14	SNV			1	0
ENSG00000289768	ENSG00000289768	GroupA_exclusive	TK13	SNV			1	0
ENSG00000289879	ENSG00000289879	GroupA_exclusive	TK16	SNV			1	0
ENSG00000289880	ENSG00000289880	GroupA_exclusive	TK13	SNV			1	0
ENSG00000289911	ENSG00000289911	GroupA_exclusive	TK13	SNV			1	0
ENSG00000290013	ENSG00000290013	GroupA_exclusive	TK16	SNV			1	0
ENSG00000290078	ENSG00000290078	GroupA_exclusive	TK16	SNV			1	0
ENSG00000290099	ENSG00000290099	GroupA_exclusive	TK16	SNV			1	0
ENSG00000290147	ENSG00000290147	GroupA_exclusive	TK14	SNV			1	0
ENSG00000290402	ENSG00000290402	GroupA_exclusive	TK13	SNV			1	0
ENSG00000290562	ENSG00000290562	GroupA_exclusive	TK13	SNV			1	0
ENSG00000290599	ENSG00000290599	GroupA_exclusive	TK14	INDEL,SNV			1	0
ENSG00000290601	ENSG00000290601	GroupA_exclusive	TK16	SNV			1	0
ENSG00000290606	ENSG00000290606	GroupA_exclusive	TK16	SNV			1	0
ENSG00000290647	ENSG00000290647	GroupA_exclusive	TK13	SNV			1	0
ENSG00000290700	ENSG00000290700	GroupA_exclusive	TK14	SNV			1	0
ENSG00000290749	ENSG00000290749	GroupA_exclusive	TK13	SNV			1	0
ENSG00000290773	ENSG00000290773	GroupA_exclusive	TK13	SNV			1	0
ENSG00000290793	ENSG00000290793	GroupA_exclusive	TK16	SNV			1	0
ENSG00000290812	ENSG00000290812	GroupA_exclusive	TK16	SNV			1	0
ENSG00000290841	ENSG00000290841	GroupA_exclusive	TK13	SNV			1	0
ENSG00000290845	ENSG00000290845	GroupA_exclusive	TK13	SNV			1	0
ENSG00000290990	ENSG00000290990	GroupA_exclusive	TK16	SNV			1	0
ENSG00000291041	ENSG00000291041	GroupA_exclusive	TK16	SNV			1	0
ENSG00000291066	ENSG00000291066	GroupA_exclusive	TK16	SNV			1	0
ENSG00000291186	ENSG00000291186	GroupA_exclusive	TK14	SNV			1	0
ENSG00000138185	ENTPD1	GroupA_exclusive	TK13	SNV			1	0
ENSG00000178965	ERICH3	GroupA_exclusive	TK13	SNV			1	0
ENSG00000230550	ERLNC1	GroupA_exclusive	TK13	SNV			1	0
ENSG00000187017	ESPN	GroupA_exclusive	TK13	SNV			1	0
ENSG00000251610	EVA1CP6	GroupA_exclusive	TK14	SNV			1	0
ENSG00000223976	EXTL2P1	GroupA_exclusive	TK13	SNV			1	0
ENSG00000057593	F7	GroupA_exclusive	TK13	SNV			1	0
ENSG00000163586	FABP1	GroupA_exclusive	TK14	SNV			1	0
ENSG00000164434	FABP7	GroupA_exclusive	TK13	SNV			1	0
ENSG00000168309	FAM107A	GroupA_exclusive	TK16	SNV			1	0
ENSG00000173557	FAM166C	GroupA_exclusive	TK13	SNV			1	0
ENSG00000175841	FAM172BP	GroupA_exclusive	TK14	SNV			1	0
ENSG00000237765	FAM200B	GroupA_exclusive	TK16	SNV			1	0
ENSG00000257198	FAM205BP	GroupA_exclusive	TK13	SNV			1	0
ENSG00000225684	FAM225B	GroupA_exclusive	TK13	SNV			1	0
ENSG00000189090	FAM25G	GroupA_exclusive	TK16	SNV			1	0
ENSG00000226777	FAM30A	GroupA_exclusive	TK14	SNV			1	0
ENSG00000183114	FAM43B	GroupA_exclusive	TK13	INDEL,SNV			1	0
ENSG00000277260	FAM74A7	GroupA_exclusive	TK14	INDEL,SNV			1	0
ENSG00000253258	FAM83A-AS2	GroupA_exclusive	TK13	SNV			1	0
ENSG00000285950	FAM90A10	GroupA_exclusive	TK13	SNV			1	0
ENSG00000215354	FAM90A24P	GroupA_exclusive	TK14	SNV			1	0
ENSG00000180178	FAR2P1	GroupA_exclusive	TK14	SNV			1	0
ENSG00000231194	FARP1-AS1	GroupA_exclusive	TK14	SNV			1	0
ENSG00000117560	FASLG	GroupA_exclusive	TK13	SNV			1	0
ENSG00000164616	FBXL21P	GroupA_exclusive	TK13	SNV			1	0
ENSG00000162747	FCGR3B	GroupA_exclusive	TK13	INDEL,SNV			1	0
ENSG00000085265	FCN1	GroupA_exclusive	TK13	SNV			1	0
ENSG00000181036	FCRL6	GroupA_exclusive	TK13	SNV			1	0
ENSG00000229231	FEM1AP1	GroupA_exclusive	TK13	SNV			1	0
ENSG00000217770	FEM1AP3	GroupA_exclusive	TK14	SNV			1	0
ENSG00000126262	FFAR2	GroupA_exclusive	TK14	SNV			1	0
ENSG00000171560	FGA	GroupA_exclusive	TK13	SNV			1	0
ENSG00000171564	FGB	GroupA_exclusive	TK13	SNV			1	0
ENSG00000162344	FGF19	GroupA_exclusive	TK13	SNV			1	0
ENSG00000075388	FGF4	GroupA_exclusive	TK13	SNV			1	0
ENSG00000251611	FHIP1A-DT	GroupA_exclusive	TK13	SNV			1	0
ENSG00000239219	FHL1P1	GroupA_exclusive	TK16	SNV			1	0
ENSG00000236658	FIBCD1-AS1	GroupA_exclusive	TK13	SNV			1	0
ENSG00000290604	FMO9P	GroupA_exclusive	TK13	SNV			1	0
ENSG00000125798	FOXA2	GroupA_exclusive	TK13	SNV			1	0
ENSG00000109101	FOXN1	GroupA_exclusive	TK14	SNV			1	0
ENSG00000189299	FOXR2	GroupA_exclusive	TK14	SNV			1	0
ENSG00000189139	FSCB	GroupA_exclusive	TK14	SNV			1	0
ENSG00000261559	FSCN1P1	GroupA_exclusive	TK14	SNV			1	0
ENSG00000230204	FTH1P5	GroupA_exclusive	TK13	SNV			1	0
ENSG00000243048	FTHL18P	GroupA_exclusive	TK13	SNV			1	0
ENSG00000150201	FXYD4	GroupA_exclusive	TK13	SNV			1	0
ENSG00000152254	G6PC2	GroupA_exclusive	TK13	SNV			1	0
ENSG00000170296	GABARAP	GroupA_exclusive	TK14	SNV			1	0
ENSG00000166573	GALR1	GroupA_exclusive	TK13	SNV			1	0
ENSG00000170613	GARIN3	GroupA_exclusive	TK13	SNV			1	0
ENSG00000180219	GARIN6	GroupA_exclusive	TK13	INDEL,SNV			1	0
ENSG00000228376	GAS2L1P2	GroupA_exclusive	TK13	SNV			1	0
ENSG00000164125	GASK1B	GroupA_exclusive	TK13	INDEL,SNV			1	0
ENSG00000184502	GAST	GroupA_exclusive	TK13	SNV			1	0
ENSG00000107485	GATA3	GroupA_exclusive	TK14	SNV			1	0
ENSG00000115263	GCG	GroupA_exclusive	TK14	SNV			1	0
ENSG00000084734	GCKR	GroupA_exclusive	TK13	SNV			1	0
ENSG00000157017	GHRL	GroupA_exclusive	TK13	SNV			1	0
ENSG00000250298	GIMD1	GroupA_exclusive	TK14	SNV			1	0
ENSG00000159224	GIP	GroupA_exclusive	TK14	SNV			1	0
ENSG00000189433	GJB4	GroupA_exclusive	TK16	SNV			1	0
ENSG00000169605	GKN1	GroupA_exclusive	TK13	SNV			1	0
ENSG00000178723	GLULP4	GroupA_exclusive	TK16	SNV			1	0
ENSG00000166840	GLYATL1	GroupA_exclusive	TK14	SNV			1	0
ENSG00000257780	GLYCAM1	GroupA_exclusive	TK14	SNV			1	0
ENSG00000261439	GNAO1-AS1	GroupA_exclusive	TK14	SNV			1	0
ENSG00000214415	GNAT3	GroupA_exclusive	TK13	SNV			1	0
ENSG00000205333	GOLGA2P1	GroupA_exclusive	TK14	SNV			1	0
ENSG00000159289	GOLGA6A	GroupA_exclusive	TK13	SNV			1	0
ENSG00000215186	GOLGA6B	GroupA_exclusive	TK16	SNV			1	0
ENSG00000167195	GOLGA6C	GroupA_exclusive	TK14	SNV			1	0
ENSG00000227717	GOLGA6L25	GroupA_exclusive	TK14	SNV			1	0
ENSG00000277322	GOLGA6L6	GroupA_exclusive	TK16	INDEL,SNV			1	0
ENSG00000236240	GPC5-IT1	GroupA_exclusive	TK14	SNV			1	0
ENSG00000188373	GPR15LG	GroupA_exclusive	TK16	SNV			1	0
ENSG00000120436	GPR31	GroupA_exclusive	TK14	SNV			1	0
ENSG00000269565	GPR32P1	GroupA_exclusive	TK14	SNV			1	0
ENSG00000214943	GPR33	GroupA_exclusive	TK13	SNV			1	0
ENSG00000135973	GPR45	GroupA_exclusive	TK13	SNV			1	0
ENSG00000102195	GPR50	GroupA_exclusive	TK13	SNV			1	0
ENSG00000135898	GPR55	GroupA_exclusive	TK16	INDEL,SNV			1	0
ENSG00000224586	GPX5	GroupA_exclusive	TK13	SNV			1	0
ENSG00000164294	GPX8	GroupA_exclusive	TK14	SNV			1	0
ENSG00000100351	GRAP2	GroupA_exclusive	TK13	SNV			1	0
ENSG00000134443	GRP	GroupA_exclusive	TK14	SNV			1	0
ENSG00000230682	GRPEL2P3	GroupA_exclusive	TK14	SNV			1	0
ENSG00000243955	GSTA1	GroupA_exclusive	TK13	SNV			1	0
ENSG00000230375	GSTA11P	GroupA_exclusive	TK14	SNV			1	0
ENSG00000236062	GSTM5P1	GroupA_exclusive	TK14	SNV			1	0
ENSG00000169840	GSX1	GroupA_exclusive	TK14	SNV			1	0
ENSG00000180613	GSX2	GroupA_exclusive	TK13	SNV			1	0
ENSG00000169325	GUSBP12	GroupA_exclusive	TK14	SNV			1	0
ENSG00000056998	GYG2	GroupA_exclusive	TK14	SNV			1	0
ENSG00000145649	GZMA	GroupA_exclusive	TK16	SNV			1	0
ENSG00000130600	H19	GroupA_exclusive	TK13	SNV			1	0
ENSG00000196787	H2AC11	GroupA_exclusive	TK13	SNV			1	0
ENSG00000146047	H2BC1	GroupA_exclusive	TK13	SNV			1	0
ENSG00000274641	H2BC17	GroupA_exclusive	TK16	SNV			1	0
ENSG00000240912	H2BP3	GroupA_exclusive	TK16	SNV			1	0
ENSG00000123569	H2BW1	GroupA_exclusive	TK13	SNV			1	0
ENSG00000273983	H3C8	GroupA_exclusive	TK14	SNV			1	0
ENSG00000226881	H3P44	GroupA_exclusive	TK14	SNV			1	0
ENSG00000236121	HAUS6P2	GroupA_exclusive	TK14	SNV			1	0
ENSG00000260880	HCCAT5	GroupA_exclusive	TK14	SNV			1	0
ENSG00000226030	HLA-DQB3	GroupA_exclusive	TK13	SNV			1	0
ENSG00000229391	HLA-DRB6	GroupA_exclusive	TK14	SNV			1	0
ENSG00000196301	HLA-DRB9	GroupA_exclusive	TK14	SNV			1	0
ENSG00000253463	HMGB1P19	GroupA_exclusive	TK14	SNV			1	0
ENSG00000219163	HMGB1P20	GroupA_exclusive	TK14	SNV			1	0
ENSG00000249745	HMGB1P28	GroupA_exclusive	TK13	SNV			1	0
ENSG00000225336	HMGB3P1	GroupA_exclusive	TK16	SNV			1	0
ENSG00000229367	HMGN2P19	GroupA_exclusive	TK14	SNV			1	0
ENSG00000261620	HMGN2P41	GroupA_exclusive	TK16	INDEL			1	0
ENSG00000259246	HMGN2P47	GroupA_exclusive	TK13	SNV			1	0
ENSG00000257179	HMGN2P6	GroupA_exclusive	TK13	SNV			1	0
ENSG00000215612	HMX1	GroupA_exclusive	TK16	SNV			1	0
ENSG00000241947	HNRNPA1P24	GroupA_exclusive	TK13	SNV			1	0
ENSG00000226188	HNRNPA1P3	GroupA_exclusive	TK14	SNV			1	0
ENSG00000233497	HNRNPA1P60	GroupA_exclusive	TK13	SNV			1	0
ENSG00000224494	HNRNPA3P14	GroupA_exclusive	TK13	SNV			1	0
ENSG00000255734	HNRNPABP1	GroupA_exclusive	TK13	INDEL,SNV			1	0
ENSG00000234890	HNRNPDLP2	GroupA_exclusive	TK14	SNV			1	0
ENSG00000269576	HNRNPMP2	GroupA_exclusive	TK13	SNV			1	0
ENSG00000143452	HORMAD1	GroupA_exclusive	TK16	SNV			1	0
ENSG00000105996	HOXA2	GroupA_exclusive	TK13	SNV			1	0
ENSG00000242207	HOXB-AS4	GroupA_exclusive	TK14	SNV			1	0
ENSG00000120094	HOXB1	GroupA_exclusive	TK14	SNV			1	0
ENSG00000180818	HOXC10	GroupA_exclusive	TK13	SNV			1	0
ENSG00000123407	HOXC12	GroupA_exclusive	TK13	SNV			1	0
ENSG00000249641	HOXC13-AS	GroupA_exclusive	TK14	SNV			1	0
ENSG00000101180	HRH3	GroupA_exclusive	TK13	SNV			1	0
ENSG00000230989	HSBP1	GroupA_exclusive	TK13	SNV			1	0
ENSG00000187481	HSD3BP1	GroupA_exclusive	TK14	SNV			1	0
ENSG00000135312	HTR1B	GroupA_exclusive	TK13	INDEL			1	0
ENSG00000149305	HTR3B	GroupA_exclusive	TK14	SNV			1	0
ENSG00000233576	HTR3C2P	GroupA_exclusive	TK13	SNV			1	0
ENSG00000186090	HTR3D	GroupA_exclusive	TK13	SNV			1	0
ENSG00000224289	IFIT6P	GroupA_exclusive	TK13	SNV			1	0
ENSG00000230191	IFITM3P4	GroupA_exclusive	TK13	SNV			1	0
ENSG00000258352	IFITM3P6	GroupA_exclusive	TK13	SNV			1	0
ENSG00000228083	IFNA14	GroupA_exclusive	TK13	SNV			1	0
ENSG00000234829	IFNA17	GroupA_exclusive	TK13	SNV			1	0
ENSG00000236637	IFNA4	GroupA_exclusive	TK14	SNV			1	0
ENSG00000183709	IFNL2	GroupA_exclusive	TK14	SNV			1	0
ENSG00000197110	IFNL3	GroupA_exclusive	TK14	SNV			1	0
ENSG00000272395	IFNL4	GroupA_exclusive	TK13	SNV			1	0
ENSG00000099869	IGF2-AS	GroupA_exclusive	TK14	SNV			1	0
ENSG00000146678	IGFBP1	GroupA_exclusive	TK13	SNV			1	0
ENSG00000188293	IGFL1	GroupA_exclusive	TK14	SNV			1	0
ENSG00000211934	IGHV1-2	GroupA_exclusive	TK13	SNV			1	0
ENSG00000211962	IGHV1-46	GroupA_exclusive	TK13	SNV			1	0
ENSG00000280411	IGHV1-69D	GroupA_exclusive	TK16	SNV			1	0
ENSG00000259337	IGHV1OR15-2	GroupA_exclusive	TK13	SNV			1	0
ENSG00000188403	IGHV1OR15-9	GroupA_exclusive	TK13	SNV			1	0
ENSG00000261704	IGHV1OR16-1	GroupA_exclusive	TK13	SNV			1	0
ENSG00000211951	IGHV2-26	GroupA_exclusive	TK13	SNV			1	0
ENSG00000274576	IGHV2-70	GroupA_exclusive	TK16	SNV			1	0
ENSG00000211941	IGHV3-11	GroupA_exclusive	TK14	SNV			1	0
ENSG00000211947	IGHV3-21	GroupA_exclusive	TK13	SNV			1	0
ENSG00000211957	IGHV3-35	GroupA_exclusive	TK13	SNV			1	0
ENSG00000211967	IGHV3-53	GroupA_exclusive	TK13	SNV			1	0
ENSG00000254056	IGHV3-71	GroupA_exclusive	TK13	SNV			1	0
ENSG00000225698	IGHV3-72	GroupA_exclusive	TK16	SNV			1	0
ENSG00000270864	IGHV3OR16-6	GroupA_exclusive	TK14	SNV			1	0
ENSG00000211959	IGHV4-39	GroupA_exclusive	TK13	SNV			1	0
ENSG00000254395	IGHV4-55	GroupA_exclusive	TK16	INDEL,SNV			1	0
ENSG00000224373	IGHV4-59	GroupA_exclusive	TK13	SNV			1	0
ENSG00000211979	IGHV7-81	GroupA_exclusive	TK16	SNV			1	0
ENSG00000254203	IGHVII-33-1	GroupA_exclusive	TK13	SNV			1	0
ENSG00000240671	IGKV1-8	GroupA_exclusive	TK13	SNV			1	0
ENSG00000241755	IGKV1-9	GroupA_exclusive	TK13	SNV			1	0
ENSG00000242766	IGKV1D-17	GroupA_exclusive	TK13	SNV			1	0
ENSG00000224607	IGKV1D-27	GroupA_exclusive	TK13	SNV			1	0
ENSG00000211633	IGKV1D-42	GroupA_exclusive	TK13	SNV			1	0
ENSG00000242580	IGKV1D-43	GroupA_exclusive	TK14	SNV			1	0
ENSG00000270999	IGKV1OR2-118	GroupA_exclusive	TK14	SNV			1	0
ENSG00000253278	IGKV2-10	GroupA_exclusive	TK14	SNV			1	0
ENSG00000243238	IGKV2-30	GroupA_exclusive	TK13	SNV			1	0
ENSG00000241566	IGKV2D-24	GroupA_exclusive	TK13	SNV			1	0
ENSG00000211623	IGKV2D-26	GroupA_exclusive	TK13	SNV			1	0
ENSG00000253460	IGKV2OR22-3	GroupA_exclusive	TK14	SNV			1	0
ENSG00000243063	IGKV3-7	GroupA_exclusive	TK13	SNV			1	0
ENSG00000211674	IGLJ1	GroupA_exclusive	TK14	SNV			1	0
ENSG00000211655	IGLV1-36	GroupA_exclusive	TK14	SNV			1	0
ENSG00000211642	IGLV10-54	GroupA_exclusive	TK13	SNV			1	0
ENSG00000211666	IGLV2-14	GroupA_exclusive	TK13	SNV			1	0
ENSG00000211663	IGLV3-19	GroupA_exclusive	TK16	SNV			1	0
ENSG00000211654	IGLV5-37	GroupA_exclusive	TK14	SNV			1	0
ENSG00000211652	IGLV7-43	GroupA_exclusive	TK16	SNV			1	0
ENSG00000215177	IGLV8OR8-1	GroupA_exclusive	TK14	SNV			1	0
ENSG00000254175	IGLVI-42	GroupA_exclusive	TK14	SNV			1	0
ENSG00000253126	IGLVI-56	GroupA_exclusive	TK14	SNV			1	0
ENSG00000253752	IGLVI-63	GroupA_exclusive	TK13	SNV			1	0
ENSG00000254308	IGLVIV-59	GroupA_exclusive	TK16	SNV			1	0
ENSG00000253637	IGLVV-58	GroupA_exclusive	TK13	SNV			1	0
ENSG00000112115	IL17A	GroupA_exclusive	TK13	SNV			1	0
ENSG00000115590	IL1R2	GroupA_exclusive	TK14	SNV			1	0
ENSG00000109471	IL2	GroupA_exclusive	TK13	SNV			1	0
ENSG00000164485	IL22RA2	GroupA_exclusive	TK13	SNV			1	0
ENSG00000243468	INGX	GroupA_exclusive	TK13	SNV			1	0
ENSG00000224116	INHBA-AS1	GroupA_exclusive	TK13	SNV			1	0
ENSG00000254647	INS	GroupA_exclusive	TK13	SNV			1	0
ENSG00000214681	IQCF5	GroupA_exclusive	TK14	SNV			1	0
ENSG00000214686	IQCF6	GroupA_exclusive	TK14	SNV			1	0
ENSG00000124449	IRGC	GroupA_exclusive	TK13	SNV			1	0
ENSG00000113430	IRX4	GroupA_exclusive	TK14	INDEL,SNV			1	0
ENSG00000159387	IRX6	GroupA_exclusive	TK13	SNV			1	0
ENSG00000163207	IVL	GroupA_exclusive	TK13	SNV			1	0
ENSG00000169282	KCNAB1	GroupA_exclusive	TK16	SNV			1	0
ENSG00000157551	KCNJ15	GroupA_exclusive	TK14	SNV			1	0
ENSG00000095981	KCNK16	GroupA_exclusive	TK13	SNV			1	0
ENSG00000124780	KCNK17	GroupA_exclusive	TK14	SNV			1	0
ENSG00000186795	KCNK18	GroupA_exclusive	TK13	SNV			1	0
ENSG00000182450	KCNK4	GroupA_exclusive	TK14	SNV			1	0
ENSG00000135253	KCP	GroupA_exclusive	TK14	SNV			1	0
ENSG00000128052	KDR	GroupA_exclusive	TK13	SNV			1	0
ENSG00000242473	KIR2DP1	GroupA_exclusive	TK14	SNV			1	0
ENSG00000167633	KIR3DL1	GroupA_exclusive	TK13	SNV			1	0
ENSG00000254855	KLC2-AS1	GroupA_exclusive	TK16	SNV			1	0
ENSG00000279484	KLHL30-AS1	GroupA_exclusive	TK14	INDEL,SNV			1	0
ENSG00000157119	KLHL40	GroupA_exclusive	TK13	SNV			1	0
ENSG00000167757	KLK11	GroupA_exclusive	TK13	SNV			1	0
ENSG00000142515	KLK3	GroupA_exclusive	TK14	SNV			1	0
ENSG00000167749	KLK4	GroupA_exclusive	TK14	SNV			1	0
ENSG00000167754	KLK5	GroupA_exclusive	TK13	SNV			1	0
ENSG00000169035	KLK7	GroupA_exclusive	TK13	SNV			1	0
ENSG00000203786	KPRP	GroupA_exclusive	TK14	SNV			1	0
ENSG00000167768	KRT1	GroupA_exclusive	TK13	SNV			1	0
ENSG00000257402	KRT126P	GroupA_exclusive	TK14	SNV			1	0
ENSG00000186832	KRT16	GroupA_exclusive	TK13	SNV			1	0
ENSG00000205266	KRT17P5	GroupA_exclusive	TK13	SNV			1	0
ENSG00000205215	KRT17P7	GroupA_exclusive	TK14	SNV			1	0
ENSG00000235275	KRT18P16	GroupA_exclusive	TK13	SNV			1	0
ENSG00000215333	KRT18P23	GroupA_exclusive	TK14	SNV			1	0
ENSG00000249064	KRT18P25	GroupA_exclusive	TK13	SNV			1	0
ENSG00000214720	KRT18P49	GroupA_exclusive	TK13	SNV			1	0
ENSG00000237007	KRT18P52	GroupA_exclusive	TK16	INDEL			1	0
ENSG00000171446	KRT27	GroupA_exclusive	TK13	SNV			1	0
ENSG00000186442	KRT3	GroupA_exclusive	TK13	SNV			1	0
ENSG00000094796	KRT31	GroupA_exclusive	TK13	INDEL			1	0
ENSG00000131737	KRT34	GroupA_exclusive	TK13	SNV			1	0
ENSG00000197079	KRT35	GroupA_exclusive	TK13	SNV			1	0
ENSG00000126337	KRT36	GroupA_exclusive	TK13	SNV			1	0
ENSG00000171360	KRT38	GroupA_exclusive	TK13	SNV			1	0
ENSG00000170477	KRT4	GroupA_exclusive	TK14	SNV			1	0
ENSG00000204889	KRT40	GroupA_exclusive	TK13	SNV			1	0
ENSG00000139648	KRT71	GroupA_exclusive	TK14	SNV			1	0
ENSG00000170484	KRT74	GroupA_exclusive	TK13	SNV			1	0
ENSG00000185069	KRT76	GroupA_exclusive	TK14	SNV			1	0
ENSG00000189182	KRT77	GroupA_exclusive	TK13	SNV			1	0
ENSG00000185640	KRT79	GroupA_exclusive	TK13	SNV			1	0
ENSG00000161849	KRT84	GroupA_exclusive	TK14	SNV			1	0
ENSG00000241416	KRT8P13	GroupA_exclusive	TK13	SNV			1	0
ENSG00000227404	KRT8P20	GroupA_exclusive	TK13	SNV			1	0
ENSG00000223810	KRT8P28	GroupA_exclusive	TK13	SNV			1	0
ENSG00000240668	KRT8P36	GroupA_exclusive	TK14	SNV			1	0
ENSG00000213771	KRT8P37	GroupA_exclusive	TK13	SNV			1	0
ENSG00000248231	KRT8P4	GroupA_exclusive	TK13	SNV			1	0
ENSG00000271647	KRT8P47	GroupA_exclusive	TK14	SNV			1	0
ENSG00000188581	KRTAP1-1	GroupA_exclusive	TK13	SNV			1	0
ENSG00000205439	KRTAP12-3	GroupA_exclusive	TK13	SNV			1	0
ENSG00000212933	KRTAP12-4	GroupA_exclusive	TK13	SNV			1	0
ENSG00000186971	KRTAP13-4	GroupA_exclusive	TK14	SNV			1	0
ENSG00000212657	KRTAP16-1	GroupA_exclusive	TK13	SNV			1	0
ENSG00000186860	KRTAP17-1	GroupA_exclusive	TK13	SNV			1	0
ENSG00000186967	KRTAP19-4	GroupA_exclusive	TK13	SNV			1	0
ENSG00000212725	KRTAP2-1	GroupA_exclusive	TK14	SNV			1	0
ENSG00000186924	KRTAP22-1	GroupA_exclusive	TK14	SNV			1	0
ENSG00000206107	KRTAP27-1	GroupA_exclusive	TK13	SNV			1	0
ENSG00000212900	KRTAP3-2	GroupA_exclusive	TK13	SNV			1	0
ENSG00000198443	KRTAP4-1	GroupA_exclusive	TK13	SNV			1	0
ENSG00000212721	KRTAP4-11	GroupA_exclusive	TK13	SNV			1	0
ENSG00000213416	KRTAP4-12	GroupA_exclusive	TK13	SNV			1	0
ENSG00000244537	KRTAP4-2	GroupA_exclusive	TK13	SNV			1	0
ENSG00000212722	KRTAP4-9	GroupA_exclusive	TK13	SNV			1	0
ENSG00000205867	KRTAP5-2	GroupA_exclusive	TK14	SNV			1	0
ENSG00000196224	KRTAP5-3	GroupA_exclusive	TK13	SNV			1	0
ENSG00000185940	KRTAP5-5	GroupA_exclusive	TK13	SNV			1	0
ENSG00000205864	KRTAP5-6	GroupA_exclusive	TK14	SNV			1	0
ENSG00000240542	KRTAP9-1	GroupA_exclusive	TK13	SNV			1	0
ENSG00000204873	KRTAP9-3	GroupA_exclusive	TK14	SNV			1	0
ENSG00000241595	KRTAP9-4	GroupA_exclusive	TK14	SNV			1	0
ENSG00000187272	KRTAP9-8	GroupA_exclusive	TK13	SNV			1	0
ENSG00000188508	KRTDAP	GroupA_exclusive	TK14	SNV			1	0
ENSG00000240563	L1TD1	GroupA_exclusive	TK14	SNV			1	0
ENSG00000129988	LBP	GroupA_exclusive	TK14	SNV			1	0
ENSG00000148346	LCN2	GroupA_exclusive	TK14	SNV			1	0
ENSG00000243709	LEFTY1	GroupA_exclusive	TK14	SNV			1	0
ENSG00000249861	LGALS16	GroupA_exclusive	TK13	SNV			1	0
ENSG00000178934	LGALS7B	GroupA_exclusive	TK13	SNV			1	0
ENSG00000139292	LGR5	GroupA_exclusive	TK14	SNV			1	0
ENSG00000257935	LHX5-AS1	GroupA_exclusive	TK16	SNV			1	0
ENSG00000105370	LIM2	GroupA_exclusive	TK14	SNV			1	0
ENSG00000213120	LIN28AP1	GroupA_exclusive	TK13	SNV			1	0
ENSG00000187012	LINC00207	GroupA_exclusive	TK14	SNV			1	0
ENSG00000230448	LINC00276	GroupA_exclusive	TK16	SNV			1	0
ENSG00000230040	LINC00364	GroupA_exclusive	TK14	INDEL			1	0
ENSG00000231061	LINC00395	GroupA_exclusive	TK14	SNV			1	0
ENSG00000231674	LINC00410	GroupA_exclusive	TK13	SNV			1	0
ENSG00000183674	LINC00518	GroupA_exclusive	TK13	SNV			1	0
ENSG00000228221	LINC00578	GroupA_exclusive	TK14	SNV			1	0
ENSG00000281832	LINC00602	GroupA_exclusive	TK13	SNV			1	0
ENSG00000248307	LINC00616	GroupA_exclusive	TK16	SNV			1	0
ENSG00000280924	LINC00628	GroupA_exclusive	TK14	SNV			1	0
ENSG00000228422	LINC00687	GroupA_exclusive	TK14	INDEL,SNV			1	0
ENSG00000234962	LINC00700	GroupA_exclusive	TK13	SNV			1	0
ENSG00000224652	LINC00885	GroupA_exclusive	TK14	SNV			1	0
ENSG00000167459	LINC00905	GroupA_exclusive	TK13	SNV			1	0
ENSG00000168367	LINC00917	GroupA_exclusive	TK13	SNV			1	0
ENSG00000259134	LINC00924	GroupA_exclusive	TK13	SNV			1	0
ENSG00000225128	LINC00972	GroupA_exclusive	TK14	SNV			1	0
ENSG00000250716	LINC01017	GroupA_exclusive	TK13	SNV			1	0
ENSG00000224559	LINC01087	GroupA_exclusive	TK13	SNV			1	0
ENSG00000205054	LINC01121	GroupA_exclusive	TK16	SNV			1	0
ENSG00000229671	LINC01150	GroupA_exclusive	TK16	SNV			1	0
ENSG00000235304	LINC01281	GroupA_exclusive	TK13	INDEL			1	0
ENSG00000204792	LINC01291	GroupA_exclusive	TK16	SNV			1	0
ENSG00000244321	LINC01326	GroupA_exclusive	TK13	SNV			1	0
ENSG00000237290	LINC01343	GroupA_exclusive	TK16	SNV			1	0
ENSG00000236849	LINC01474	GroupA_exclusive	TK13	SNV			1	0
ENSG00000255323	LINC01495	GroupA_exclusive	TK14	SNV			1	0
ENSG00000246016	LINC01513	GroupA_exclusive	TK13	SNV			1	0
ENSG00000224995	LINC01526	GroupA_exclusive	TK13	SNV			1	0
ENSG00000205786	LINC01531	GroupA_exclusive	TK13	SNV			1	0
ENSG00000267014	LINC01532	GroupA_exclusive	TK13	SNV			1	0
ENSG00000180869	LINC01555	GroupA_exclusive	TK13	SNV			1	0
ENSG00000180861	LINC01559	GroupA_exclusive	TK14	SNV			1	0
ENSG00000236819	LINC01563	GroupA_exclusive	TK16	INDEL,SNV			1	0
ENSG00000261781	LINC01654	GroupA_exclusive	TK13	SNV			1	0
ENSG00000283051	LINC01668	GroupA_exclusive	TK16	SNV			1	0
ENSG00000229621	LINC01822	GroupA_exclusive	TK13	SNV			1	0
ENSG00000259256	LINC01895	GroupA_exclusive	TK16	SNV			1	0
ENSG00000204754	LINC01951	GroupA_exclusive	TK13	SNV			1	0
ENSG00000230401	LINC01972	GroupA_exclusive	TK13	SNV			1	0
ENSG00000250822	LINC02111	GroupA_exclusive	TK13	SNV			1	0
ENSG00000236437	LINC02151	GroupA_exclusive	TK13	SNV			1	0
ENSG00000259110	LINC02304	GroupA_exclusive	TK16	INDEL,SNV			1	0
ENSG00000258556	LINC02322	GroupA_exclusive	TK16	SNV			1	0
ENSG00000271395	LINC02336	GroupA_exclusive	TK13	SNV			1	0
ENSG00000256551	LINC02369	GroupA_exclusive	TK16	SNV			1	0
ENSG00000257893	LINC02404	GroupA_exclusive	TK13	SNV			1	0
ENSG00000255814	LINC02439	GroupA_exclusive	TK13	SNV			1	0
ENSG00000256115	LINC02443	GroupA_exclusive	TK13	SNV			1	0
ENSG00000257230	LINC02448	GroupA_exclusive	TK13	SNV			1	0
ENSG00000258018	LINC02457	GroupA_exclusive	TK13	SNV			1	0
ENSG00000249145	LINC02517	GroupA_exclusive	TK13	SNV			1	0
ENSG00000234777	LINC02529	GroupA_exclusive	TK16	SNV			1	0
ENSG00000235201	LINC02578	GroupA_exclusive	TK13	SNV			1	0
ENSG00000256155	LINC02598	GroupA_exclusive	TK13	SNV			1	0
ENSG00000198454	LINC02692	GroupA_exclusive	TK13	SNV			1	0
ENSG00000255079	LINC02704	GroupA_exclusive	TK16	SNV			1	0
ENSG00000273415	LINC02725	GroupA_exclusive	TK13	SNV			1	0
ENSG00000204241	LINC02731	GroupA_exclusive	TK16	SNV			1	0
ENSG00000271736	LINC02772	GroupA_exclusive	TK16	SNV			1	0
ENSG00000238242	LINC02778	GroupA_exclusive	TK14	SNV			1	0
ENSG00000228189	LINC02843	GroupA_exclusive	TK13	SNV			1	0
ENSG00000227011	LINC02876	GroupA_exclusive	TK13	SNV			1	0
ENSG00000261437	LINC02894	GroupA_exclusive	TK13	SNV			1	0
ENSG00000175746	LINC02915	GroupA_exclusive	TK14	SNV			1	0
ENSG00000287036	LINC02946	GroupA_exclusive	TK14	SNV			1	0
ENSG00000182333	LIPF	GroupA_exclusive	TK13	SNV			1	0
ENSG00000173239	LIPM	GroupA_exclusive	TK13	SNV			1	0
ENSG00000204020	LIPN	GroupA_exclusive	TK13	SNV			1	0
ENSG00000165131	LLCFC1	GroupA_exclusive	TK13	SNV			1	0
ENSG00000162761	LMX1A	GroupA_exclusive	TK14	SNV			1	0
ENSG00000203782	LORICRIN	GroupA_exclusive	TK13	SNV			1	0
ENSG00000148602	LRIT1	GroupA_exclusive	TK14	SNV			1	0
ENSG00000204033	LRIT2	GroupA_exclusive	TK14	SNV			1	0
ENSG00000204950	LRRC10B	GroupA_exclusive	TK14	SNV			1	0
ENSG00000172061	LRRC15	GroupA_exclusive	TK14	SNV			1	0
ENSG00000165383	LRRC18	GroupA_exclusive	TK13	SNV			1	0
ENSG00000159708	LRRC36	GroupA_exclusive	TK13	SNV			1	0
ENSG00000214553	LRRC37A11P	GroupA_exclusive	TK14	SNV			1	0
ENSG00000290925	LRRC37A11P	GroupA_exclusive	TK14	SNV			1	0
ENSG00000257101	LRRC37A13P	GroupA_exclusive	TK13	SNV			1	0
ENSG00000204173	LRRC37A5P	GroupA_exclusive	TK13	SNV			1	0
ENSG00000162763	LRRC52	GroupA_exclusive	TK13	SNV			1	0
ENSG00000204052	LRRC73	GroupA_exclusive	TK13	SNV			1	0
ENSG00000162951	LRRTM1	GroupA_exclusive	TK14	SNV			1	0
ENSG00000012223	LTF	GroupA_exclusive	TK13	SNV			1	0
ENSG00000139329	LUM	GroupA_exclusive	TK13	SNV			1	0
ENSG00000261667	LY6L	GroupA_exclusive	TK13	SNV			1	0
ENSG00000273111	LYPD4	GroupA_exclusive	TK13	INDEL			1	0
ENSG00000157093	LYZL4	GroupA_exclusive	TK13	SNV			1	0
ENSG00000105695	MAG	GroupA_exclusive	TK14	SNV			1	0
ENSG00000123584	MAGEA9	GroupA_exclusive	TK13	SNV			1	0
ENSG00000186675	MAGEE2	GroupA_exclusive	TK13	SNV			1	0
ENSG00000144583	MARCHF4	GroupA_exclusive	TK14	SNV			1	0
ENSG00000270773	MARK2P19	GroupA_exclusive	TK16	SNV			1	0
ENSG00000165471	MBL2	GroupA_exclusive	TK13	SNV			1	0
ENSG00000124089	MC3R	GroupA_exclusive	TK13	SNV			1	0
ENSG00000231982	MCF2L2P1	GroupA_exclusive	TK14	SNV			1	0
ENSG00000128285	MCHR1	GroupA_exclusive	TK13	INDEL,SNV			1	0
ENSG00000143384	MCL1	GroupA_exclusive	TK14	SNV			1	0
ENSG00000112559	MDFI	GroupA_exclusive	TK13	SNV			1	0
ENSG00000257162	MED15P6	GroupA_exclusive	TK14	SNV			1	0
ENSG00000223760	MED15P9	GroupA_exclusive	TK13	SNV			1	0
ENSG00000102802	MEDAG	GroupA_exclusive	TK13	SNV			1	0
ENSG00000214548	MEG3	GroupA_exclusive	TK13	SNV			1	0
ENSG00000162039	MEIOB	GroupA_exclusive	TK13	SNV			1	0
ENSG00000112818	MEP1A	GroupA_exclusive	TK13	SNV			1	0
ENSG00000259558	MESTP2	GroupA_exclusive	TK13	SNV			1	0
ENSG00000232489	MFAP1P1	GroupA_exclusive	TK16	SNV			1	0
ENSG00000111341	MGP	GroupA_exclusive	TK13	SNV			1	0
ENSG00000283320	MIR103B2	GroupA_exclusive	TK16	SNV			1	0
ENSG00000221771	MIR1205	GroupA_exclusive	TK13	SNV			1	0
ENSG00000221273	MIR1237	GroupA_exclusive	TK13	INDEL			1	0
ENSG00000221410	MIR1238	GroupA_exclusive	TK13	SNV			1	0
ENSG00000207816	MIR124-2	GroupA_exclusive	TK13	SNV			1	0
ENSG00000283733	MIR146A	GroupA_exclusive	TK13	SNV			1	0
ENSG00000263972	MIR1587	GroupA_exclusive	TK13	SNV			1	0
ENSG00000198987	MIR16-2	GroupA_exclusive	TK16	SNV			1	0
ENSG00000284216	MIR1909	GroupA_exclusive	TK14	SNV			1	0
ENSG00000222071	MIR1915	GroupA_exclusive	TK13	SNV			1	0
ENSG00000230937	MIR205HG	GroupA_exclusive	TK13	SNV			1	0
ENSG00000207870	MIR221	GroupA_exclusive	TK16	INDEL			1	0
ENSG00000284459	MIR24-1	GroupA_exclusive	TK14	SNV			1	0
ENSG00000284387	MIR24-2	GroupA_exclusive	TK14	SNV			1	0
ENSG00000284547	MIR2861	GroupA_exclusive	TK14	SNV			1	0
ENSG00000263649	MIR3135B	GroupA_exclusive	TK16	SNV			1	0
ENSG00000266463	MIR3196	GroupA_exclusive	TK13	SNV			1	0
ENSG00000286028	MIR34BHG	GroupA_exclusive	TK14	SNV			1	0
ENSG00000283978	MIR365B	GroupA_exclusive	TK13	SNV			1	0
ENSG00000266514	MIR3689F	GroupA_exclusive	TK14	SNV			1	0
ENSG00000283938	MIR3917	GroupA_exclusive	TK16	INDEL			1	0
ENSG00000265558	MIR3918	GroupA_exclusive	TK16	SNV			1	0
ENSG00000264013	MIR3938	GroupA_exclusive	TK13	SNV			1	0
ENSG00000263746	MIR4277	GroupA_exclusive	TK14	SNV			1	0
ENSG00000266078	MIR4432	GroupA_exclusive	TK14	SNV			1	0
ENSG00000263445	MIR4450	GroupA_exclusive	TK13	SNV			1	0
ENSG00000284000	MIR4458	GroupA_exclusive	TK16	SNV			1	0
ENSG00000265874	MIR4489	GroupA_exclusive	TK13	SNV			1	0
ENSG00000284284	MIR4712	GroupA_exclusive	TK14	SNV			1	0
ENSG00000265976	MIR4725	GroupA_exclusive	TK13	SNV			1	0
ENSG00000265110	MIR4731	GroupA_exclusive	TK13	SNV			1	0
ENSG00000266665	MIR4739	GroupA_exclusive	TK16	SNV			1	0
ENSG00000266437	MIR4746	GroupA_exclusive	TK13	SNV			1	0
ENSG00000265954	MIR4749	GroupA_exclusive	TK13	SNV			1	0
ENSG00000264703	MIR4752	GroupA_exclusive	TK13	SNV			1	0
ENSG00000264974	MIR4789	GroupA_exclusive	TK14	SNV			1	0
ENSG00000265981	MIR544B	GroupA_exclusive	TK16	SNV			1	0
ENSG00000264314	MIR548AT	GroupA_exclusive	TK16	SNV			1	0
ENSG00000221275	MIR548I2	GroupA_exclusive	TK14	SNV			1	0
ENSG00000284498	MIR564	GroupA_exclusive	TK16	SNV			1	0
ENSG00000283941	MIR600	GroupA_exclusive	TK14	SNV			1	0
ENSG00000284343	MIR631	GroupA_exclusive	TK13	SNV			1	0
ENSG00000283822	MIR639	GroupA_exclusive	TK16	SNV			1	0
ENSG00000274066	MIR6514	GroupA_exclusive	TK16	SNV			1	0
ENSG00000283712	MIR6727	GroupA_exclusive	TK13	SNV			1	0
ENSG00000283836	MIR6734	GroupA_exclusive	TK16	SNV			1	0
ENSG00000284311	MIR6742	GroupA_exclusive	TK14	SNV			1	0
ENSG00000283920	MIR6743	GroupA_exclusive	TK14	SNV			1	0
ENSG00000278598	MIR6775	GroupA_exclusive	TK14	SNV			1	0
ENSG00000283772	MIR6778	GroupA_exclusive	TK14	SNV			1	0
ENSG00000275711	MIR6795	GroupA_exclusive	TK14	SNV			1	0
ENSG00000274380	MIR6801	GroupA_exclusive	TK13	SNV			1	0
ENSG00000275519	MIR6804	GroupA_exclusive	TK16	INDEL			1	0
ENSG00000277842	MIR6811	GroupA_exclusive	TK13	SNV			1	0
ENSG00000283969	MIR6838	GroupA_exclusive	TK16	SNV			1	0
ENSG00000278571	MIR7161	GroupA_exclusive	TK14	SNV			1	0
ENSG00000284570	MIR7705	GroupA_exclusive	TK14	SNV			1	0
ENSG00000277255	MIR7854	GroupA_exclusive	TK13	SNV			1	0
ENSG00000278529	MIR8070	GroupA_exclusive	TK14	SNV			1	0
ENSG00000207757	MIR93	GroupA_exclusive	TK14	SNV			1	0
ENSG00000215973	MIR933	GroupA_exclusive	TK13	SNV			1	0
ENSG00000284346	MIR940	GroupA_exclusive	TK16	SNV			1	0
ENSG00000196611	MMP1	GroupA_exclusive	TK14	SNV			1	0
ENSG00000166670	MMP10	GroupA_exclusive	TK13	SNV			1	0
ENSG00000262406	MMP12	GroupA_exclusive	TK14	SNV			1	0
ENSG00000137674	MMP20	GroupA_exclusive	TK13	SNV			1	0
ENSG00000256916	MMP20-AS1	GroupA_exclusive	TK13	SNV			1	0
ENSG00000189409	MMP23B	GroupA_exclusive	TK13	SNV			1	0
ENSG00000149968	MMP3	GroupA_exclusive	TK13	SNV			1	0
ENSG00000137673	MMP7	GroupA_exclusive	TK16	SNV			1	0
ENSG00000106384	MOGAT3	GroupA_exclusive	TK13	SNV			1	0
ENSG00000073146	MOV10L1	GroupA_exclusive	TK14	INDEL			1	0
ENSG00000170255	MRGPRX1	GroupA_exclusive	TK13	SNV			1	0
ENSG00000254738	MRGPRX11P	GroupA_exclusive	TK13	SNV			1	0
ENSG00000179817	MRGPRX4	GroupA_exclusive	TK14	SNV			1	0
ENSG00000055950	MRPL43	GroupA_exclusive	TK16	INDEL			1	0
ENSG00000270192	MRPS35P3	GroupA_exclusive	TK14	INDEL			1	0
ENSG00000149516	MS4A3	GroupA_exclusive	TK13	SNV			1	0
ENSG00000138379	MSTN	GroupA_exclusive	TK16	SNV			1	0
ENSG00000205362	MT1A	GroupA_exclusive	TK13	SNV			1	0
ENSG00000198417	MT1F	GroupA_exclusive	TK14	SNV			1	0
ENSG00000275691	MT1IP	GroupA_exclusive	TK14	SNV			1	0
ENSG00000087250	MT3	GroupA_exclusive	TK14	SNV			1	0
ENSG00000228937	MTA3P1	GroupA_exclusive	TK13	SNV			1	0
ENSG00000251252	MTND2P31	GroupA_exclusive	TK16	SNV			1	0
ENSG00000231501	MTND4LP1	GroupA_exclusive	TK13	SNV			1	0
ENSG00000232177	MTND4P24	GroupA_exclusive	TK14	INDEL			1	0
ENSG00000101825	MXRA5	GroupA_exclusive	TK13	SNV			1	0
ENSG00000239649	MYADML	GroupA_exclusive	TK13	SNV			1	0
ENSG00000133055	MYBPH	GroupA_exclusive	TK13	SNV			1	0
ENSG00000197616	MYH6	GroupA_exclusive	TK13	SNV			1	0
ENSG00000168530	MYL1	GroupA_exclusive	TK13	SNV			1	0
ENSG00000106436	MYL10	GroupA_exclusive	TK13	SNV			1	0
ENSG00000111245	MYL2	GroupA_exclusive	TK13	SNV			1	0
ENSG00000106631	MYL7	GroupA_exclusive	TK13	SNV			1	0
ENSG00000129152	MYOD1	GroupA_exclusive	TK14	SNV			1	0
ENSG00000142661	MYOM3	GroupA_exclusive	TK13	SNV			1	0
ENSG00000229647	MYOSLID	GroupA_exclusive	TK13	SNV			1	0
ENSG00000258045	Metazoa_SRP	GroupA_exclusive	TK13	SNV			1	0
ENSG00000273549	Metazoa_SRP	GroupA_exclusive	TK16	SNV			1	0
ENSG00000277250	Metazoa_SRP	GroupA_exclusive	TK16	SNV			1	0
ENSG00000277510	Metazoa_SRP	GroupA_exclusive	TK14	SNV			1	0
ENSG00000250687	NAIPP1	GroupA_exclusive	TK16	SNV			1	0
ENSG00000271086	NAMA	GroupA_exclusive	TK16	SNV			1	0
ENSG00000111704	NANOG	GroupA_exclusive	TK13	SNV			1	0
ENSG00000224816	NAP1L4P2	GroupA_exclusive	TK13	SNV			1	0
ENSG00000158747	NBL1	GroupA_exclusive	TK14	SNV			1	0
ENSG00000096264	NCR2	GroupA_exclusive	TK14	SNV			1	0
ENSG00000259374	NDUFB4P11	GroupA_exclusive	TK13	SNV			1	0
ENSG00000226970	NEDD8P1	GroupA_exclusive	TK13	SNV			1	0
ENSG00000181965	NEUROG1	GroupA_exclusive	TK13	SNV			1	0
ENSG00000256331	NIFKP3	GroupA_exclusive	TK13	SNV			1	0
ENSG00000239672	NME1	GroupA_exclusive	TK13	SNV			1	0
ENSG00000229338	NME2P3	GroupA_exclusive	TK14	SNV			1	0
ENSG00000086288	NME8	GroupA_exclusive	TK14	SNV			1	0
ENSG00000257956	NOP56P3	GroupA_exclusive	TK13	INDEL,SNV			1	0
ENSG00000265788	NOS2P1	GroupA_exclusive	TK13	SNV			1	0
ENSG00000278499	NPAP1L	GroupA_exclusive	TK14	SNV			1	0
ENSG00000170485	NPAS2	GroupA_exclusive	TK13	SNV			1	0
ENSG00000183979	NPB	GroupA_exclusive	TK16	INDEL,SNV			1	0
ENSG00000226703	NPM1P4	GroupA_exclusive	TK13	SNV			1	0
ENSG00000226556	NPM1P49	GroupA_exclusive	TK14	SNV			1	0
ENSG00000105954	NPVF	GroupA_exclusive	TK14	SNV			1	0
ENSG00000122585	NPY	GroupA_exclusive	TK14	SNV			1	0
ENSG00000185149	NPY2R	GroupA_exclusive	TK14	SNV			1	0
ENSG00000264717	NPY4R2	GroupA_exclusive	TK14	SNV			1	0
ENSG00000169297	NR0B1	GroupA_exclusive	TK13	SNV			1	0
ENSG00000012504	NR1H4	GroupA_exclusive	TK13	SNV			1	0
ENSG00000144852	NR1I2	GroupA_exclusive	TK13	SNV			1	0
ENSG00000267797	NRBF2P1	GroupA_exclusive	TK13	SNV			1	0
ENSG00000254049	NRG1-IT3	GroupA_exclusive	TK13	SNV			1	0
ENSG00000182667	NTM	GroupA_exclusive	TK13	SNV			1	0
ENSG00000203740	NTMT2	GroupA_exclusive	TK13	SNV			1	0
ENSG00000225275	NUP210P2	GroupA_exclusive	TK14	SNV			1	0
ENSG00000258300	NUTF2P2	GroupA_exclusive	TK14	SNV			1	0
ENSG00000196970	NXF4	GroupA_exclusive	TK13	SNV			1	0
ENSG00000149507	OOSP2	GroupA_exclusive	TK13	SNV			1	0
ENSG00000166363	OR10A5	GroupA_exclusive	TK14	SNV			1	0
ENSG00000180409	OR10AA1P	GroupA_exclusive	TK16	SNV			1	0
ENSG00000197309	OR10D3	GroupA_exclusive	TK14	SNV			1	0
ENSG00000226461	OR10G5P	GroupA_exclusive	TK13	SNV			1	0
ENSG00000182634	OR10G7	GroupA_exclusive	TK13	SNV			1	0
ENSG00000234560	OR10G8	GroupA_exclusive	TK14	SNV			1	0
ENSG00000171936	OR10H3	GroupA_exclusive	TK13	SNV			1	0
ENSG00000196184	OR10J1	GroupA_exclusive	TK14	SNV			1	0
ENSG00000184155	OR10J5	GroupA_exclusive	TK13	SNV			1	0
ENSG00000175398	OR10P1	GroupA_exclusive	TK13	SNV			1	0
ENSG00000180475	OR10Q1	GroupA_exclusive	TK13	SNV			1	0
ENSG00000255538	OR10V2P	GroupA_exclusive	TK13	SNV			1	0
ENSG00000172772	OR10W1	GroupA_exclusive	TK13	SNV			1	0
ENSG00000279111	OR10X1	GroupA_exclusive	TK14	SNV			1	0
ENSG00000258453	OR11H2	GroupA_exclusive	TK13	SNV			1	0
ENSG00000258806	OR11H7	GroupA_exclusive	TK13	SNV			1	0
ENSG00000197591	OR11L1	GroupA_exclusive	TK13	SNV			1	0
ENSG00000251608	OR12D1	GroupA_exclusive	TK14	SNV			1	0
ENSG00000280236	OR12D2	GroupA_exclusive	TK13	SNV			1	0
ENSG00000112462	OR12D3	GroupA_exclusive	TK13	SNV			1	0
ENSG00000197437	OR13G1	GroupA_exclusive	TK13	SNV			1	0
ENSG00000196772	OR14A16	GroupA_exclusive	TK14	SNV			1	0
ENSG00000177174	OR14C36	GroupA_exclusive	TK13	SNV			1	0
ENSG00000189181	OR14I1	GroupA_exclusive	TK13	SNV			1	0
ENSG00000262106	OR1D3P	GroupA_exclusive	TK14	SNV			1	0
ENSG00000127780	OR1E2	GroupA_exclusive	TK14	SNV			1	0
ENSG00000239981	OR2A15P	GroupA_exclusive	TK13	SNV			1	0
ENSG00000221989	OR2A2	GroupA_exclusive	TK14	SNV			1	0
ENSG00000180658	OR2A4	GroupA_exclusive	TK13	SNV			1	0
ENSG00000179615	OR2AP1	GroupA_exclusive	TK14	SNV			1	0
ENSG00000177489	OR2G2	GroupA_exclusive	TK14	SNV			1	0
ENSG00000204688	OR2H1	GroupA_exclusive	TK13	INDEL			1	0
ENSG00000198128	OR2L3	GroupA_exclusive	TK13	SNV			1	0
ENSG00000279263	OR2L8	GroupA_exclusive	TK14	SNV			1	0
ENSG00000177233	OR2M1P	GroupA_exclusive	TK13	SNV			1	0
ENSG00000278889	OR2S2	GroupA_exclusive	TK14	SNV			1	0
ENSG00000187701	OR2T27	GroupA_exclusive	TK14	SNV			1	0
ENSG00000182783	OR2T29	GroupA_exclusive	TK13	INDEL,SNV			1	0
ENSG00000196539	OR2T3	GroupA_exclusive	TK13	SNV			1	0
ENSG00000177151	OR2T35	GroupA_exclusive	TK13	SNV			1	0
ENSG00000198104	OR2T6	GroupA_exclusive	TK13	SNV			1	0
ENSG00000204697	OR2U1P	GroupA_exclusive	TK13	SNV			1	0
ENSG00000182613	OR2V2	GroupA_exclusive	TK13	SNV			1	0
ENSG00000203664	OR2W5P	GroupA_exclusive	TK14	SNV			1	0
ENSG00000181961	OR4A16	GroupA_exclusive	TK13	SNV			1	0
ENSG00000254940	OR4A19P	GroupA_exclusive	TK13	SNV			1	0
ENSG00000181943	OR4A21P	GroupA_exclusive	TK14	SNV			1	0
ENSG00000221840	OR4A5	GroupA_exclusive	TK13	SNV			1	0
ENSG00000255078	OR4A6P	GroupA_exclusive	TK13	SNV			1	0
ENSG00000175619	OR4B1	GroupA_exclusive	TK13	SNV			1	0
ENSG00000172188	OR4C11	GroupA_exclusive	TK13	SNV			1	0
ENSG00000204989	OR4D8P	GroupA_exclusive	TK13	SNV			1	0
ENSG00000221977	OR4E2	GroupA_exclusive	TK14	SNV			1	0
ENSG00000220212	OR4F1P	GroupA_exclusive	TK13	SNV			1	0
ENSG00000257109	OR4F28P	GroupA_exclusive	TK14	SNV			1	0
ENSG00000169484	OR4K14	GroupA_exclusive	TK13	SNV			1	0
ENSG00000169488	OR4K15	GroupA_exclusive	TK14	SNV			1	0
ENSG00000176281	OR4K5	GroupA_exclusive	TK14	SNV			1	0
ENSG00000176246	OR4L1	GroupA_exclusive	TK13	SNV			1	0
ENSG00000176299	OR4M1	GroupA_exclusive	TK14	SNV			1	0
ENSG00000258564	OR4N1P	GroupA_exclusive	TK13	SNV			1	0
ENSG00000279408	OR4N4C	GroupA_exclusive	TK13	SNV			1	0
ENSG00000196383	OR4Q2	GroupA_exclusive	TK14	SNV			1	0
ENSG00000182652	OR4Q3	GroupA_exclusive	TK13	SNV			1	0
ENSG00000176567	OR4X1	GroupA_exclusive	TK13	SNV			1	0
ENSG00000172208	OR4X2	GroupA_exclusive	TK13	SNV			1	0
ENSG00000205496	OR51A2	GroupA_exclusive	TK13	SNV			1	0
ENSG00000197428	OR51D1	GroupA_exclusive	TK14	SNV			1	0
ENSG00000278870	OR51G1	GroupA_exclusive	TK14	SNV			1	0
ENSG00000184321	OR51J1	GroupA_exclusive	TK13	SNV			1	0
ENSG00000176922	OR51S1	GroupA_exclusive	TK14	SNV			1	0
ENSG00000182070	OR52A1	GroupA_exclusive	TK13	SNV			1	0
ENSG00000205494	OR52A4P	GroupA_exclusive	TK13	SNV			1	0
ENSG00000180909	OR52B1P	GroupA_exclusive	TK14	SNV			1	0
ENSG00000221996	OR52B4	GroupA_exclusive	TK13	INDEL			1	0
ENSG00000187747	OR52B6	GroupA_exclusive	TK13	SNV			1	0
ENSG00000183269	OR52E8	GroupA_exclusive	TK14	SNV			1	0
ENSG00000262980	OR52L2P	GroupA_exclusive	TK13	SNV			1	0
ENSG00000197790	OR52M1	GroupA_exclusive	TK13	SNV			1	0
ENSG00000181001	OR52N1	GroupA_exclusive	TK14	SNV			1	0
ENSG00000183389	OR56A4	GroupA_exclusive	TK14	SNV			1	0
ENSG00000172459	OR5AR1	GroupA_exclusive	TK14	SNV			1	0
ENSG00000197786	OR5B17	GroupA_exclusive	TK14	SNV			1	0
ENSG00000255431	OR5B19P	GroupA_exclusive	TK13	SNV			1	0
ENSG00000186113	OR5D14	GroupA_exclusive	TK13	SNV			1	0
ENSG00000205029	OR5D16	GroupA_exclusive	TK13	SNV			1	0
ENSG00000186119	OR5D18	GroupA_exclusive	TK13	SNV			1	0
ENSG00000149133	OR5F1	GroupA_exclusive	TK13	SNV			1	0
ENSG00000236032	OR5H14	GroupA_exclusive	TK13	SNV			1	0
ENSG00000248507	OR5H4P	GroupA_exclusive	TK14	SNV			1	0
ENSG00000232535	OR5H8	GroupA_exclusive	TK13	SNV			1	0
ENSG00000254834	OR5M10	GroupA_exclusive	TK13	SNV			1	0
ENSG00000174937	OR5M3	GroupA_exclusive	TK13	SNV			1	0
ENSG00000183303	OR5P2	GroupA_exclusive	TK13	SNV			1	0
ENSG00000187612	OR5W2	GroupA_exclusive	TK13	SNV			1	0
ENSG00000221813	OR6B1	GroupA_exclusive	TK13	SNV			1	0
ENSG00000182083	OR6B2	GroupA_exclusive	TK13	SNV			1	0
ENSG00000179695	OR6C2	GroupA_exclusive	TK14	SNV			1	0
ENSG00000197706	OR6C74	GroupA_exclusive	TK13	SNV			1	0
ENSG00000185821	OR6C76	GroupA_exclusive	TK13	SNV			1	0
ENSG00000257757	OR6C7P	GroupA_exclusive	TK16	SNV			1	0
ENSG00000224402	OR6D1P	GroupA_exclusive	TK13	SNV			1	0
ENSG00000235213	OR6E1P	GroupA_exclusive	TK16	SNV			1	0
ENSG00000203757	OR6K3	GroupA_exclusive	TK16	INDEL,SNV			1	0
ENSG00000180433	OR6K6	GroupA_exclusive	TK13	SNV			1	0
ENSG00000196099	OR6M1	GroupA_exclusive	TK13	SNV			1	0
ENSG00000279051	OR6Q1	GroupA_exclusive	TK14	SNV			1	0
ENSG00000181803	OR6S1	GroupA_exclusive	TK13	SNV			1	0
ENSG00000181499	OR6T1	GroupA_exclusive	TK13	SNV			1	0
ENSG00000127515	OR7A10	GroupA_exclusive	TK14	SNV			1	0
ENSG00000176923	OR7A15P	GroupA_exclusive	TK14	SNV			1	0
ENSG00000269787	OR7A3P	GroupA_exclusive	TK13	SNV			1	0
ENSG00000198787	OR7E103P	GroupA_exclusive	TK14	SNV			1	0
ENSG00000270432	OR7E108P	GroupA_exclusive	TK16	INDEL			1	0
ENSG00000236316	OR7E109P	GroupA_exclusive	TK16	INDEL			1	0
ENSG00000250804	OR7E111FP	GroupA_exclusive	TK13	SNV			1	0
ENSG00000182531	OR7E115P	GroupA_exclusive	TK13	SNV			1	0
ENSG00000285537	OR7E11P	GroupA_exclusive	TK14	SNV			1	0
ENSG00000177586	OR7E149P	GroupA_exclusive	TK13	SNV			1	0
ENSG00000234655	OR7E155P	GroupA_exclusive	TK13	SNV			1	0
ENSG00000237521	OR7E24	GroupA_exclusive	TK13	SNV			1	0
ENSG00000250425	OR7E35P	GroupA_exclusive	TK13	SNV			1	0
ENSG00000249844	OR7E43P	GroupA_exclusive	TK13	SNV			1	0
ENSG00000255261	OR7E4P	GroupA_exclusive	TK13	SNV			1	0
ENSG00000234896	OR7E62P	GroupA_exclusive	TK13	SNV			1	0
ENSG00000197468	OR7E85BP	GroupA_exclusive	TK14	SNV			1	0
ENSG00000184055	OR7E87P	GroupA_exclusive	TK14	SNV			1	0
ENSG00000188668	OR7E90P	GroupA_exclusive	TK14	SNV			1	0
ENSG00000250710	OR7E99P	GroupA_exclusive	TK14	SNV			1	0
ENSG00000161807	OR7G1	GroupA_exclusive	TK14	SNV			1	0
ENSG00000170923	OR7G2	GroupA_exclusive	TK13	SNV			1	0
ENSG00000227737	OR8B1P	GroupA_exclusive	TK13	SNV			1	0
ENSG00000284680	OR8B2	GroupA_exclusive	TK14	SNV			1	0
ENSG00000196341	OR8D1	GroupA_exclusive	TK14	SNV			1	0
ENSG00000255425	OR8G3P	GroupA_exclusive	TK13	SNV			1	0
ENSG00000181693	OR8H1	GroupA_exclusive	TK13	SNV			1	0
ENSG00000254658	OR8J2	GroupA_exclusive	TK13	SNV			1	0
ENSG00000172199	OR8U1	GroupA_exclusive	TK14	SNV			1	0
ENSG00000279961	OR8U3	GroupA_exclusive	TK14	SNV			1	0
ENSG00000174914	OR9G1	GroupA_exclusive	TK13	INDEL,SNV			1	0
ENSG00000181325	OR9G3P	GroupA_exclusive	TK13	SNV			1	0
ENSG00000186509	OR9Q1	GroupA_exclusive	TK14	SNV			1	0
ENSG00000186513	OR9Q2	GroupA_exclusive	TK14	SNV			1	0
ENSG00000165621	OXGR1	GroupA_exclusive	TK13	SNV			1	0
ENSG00000246211	P4HA3-AS1	GroupA_exclusive	TK13	SNV			1	0
ENSG00000198526	PABPC1P2	GroupA_exclusive	TK14	SNV			1	0
ENSG00000227497	PABPC1P6	GroupA_exclusive	TK13	SNV			1	0
ENSG00000068985	PAGE1	GroupA_exclusive	TK13	SNV			1	0
ENSG00000101951	PAGE4	GroupA_exclusive	TK14	SNV			1	0
ENSG00000154143	PANX3	GroupA_exclusive	TK13	SNV			1	0
ENSG00000226604	PAPPA-AS2	GroupA_exclusive	TK14	SNV			1	0
ENSG00000129484	PARP2	GroupA_exclusive	TK14	SNV			1	0
ENSG00000135903	PAX3	GroupA_exclusive	TK14	SNV			1	0
ENSG00000106331	PAX4	GroupA_exclusive	TK13	SNV			1	0
ENSG00000009709	PAX7	GroupA_exclusive	TK13	SNV			1	0
ENSG00000179270	PCARE	GroupA_exclusive	TK13	SNV			1	0
ENSG00000225710	PDE4DIPP8	GroupA_exclusive	TK14	SNV			1	0
ENSG00000259059	PEBP1P1	GroupA_exclusive	TK14	SNV			1	0
ENSG00000224397	PELATON	GroupA_exclusive	TK13	SNV			1	0
ENSG00000284395	PERCC1	GroupA_exclusive	TK14	SNV			1	0
ENSG00000237256	PGAM3P	GroupA_exclusive	TK13	INDEL			1	0
ENSG00000165152	PGAP4	GroupA_exclusive	TK16	SNV			1	0
ENSG00000225136	PGBD4P5	GroupA_exclusive	TK13	SNV			1	0
ENSG00000096088	PGC	GroupA_exclusive	TK13	SNV			1	0
ENSG00000234835	PHB1P13	GroupA_exclusive	TK13	SNV			1	0
ENSG00000144362	PHOSPHO2	GroupA_exclusive	TK13	SNV			1	0
ENSG00000275874	PICSAR	GroupA_exclusive	TK14	SNV			1	0
ENSG00000229359	PIN1P1	GroupA_exclusive	TK13	SNV			1	0
ENSG00000100078	PLA2G3	GroupA_exclusive	TK13	SNV			1	0
ENSG00000159337	PLA2G4D	GroupA_exclusive	TK13	SNV			1	0
ENSG00000168907	PLA2G4F	GroupA_exclusive	TK14	SNV			1	0
ENSG00000168004	PLAAT5	GroupA_exclusive	TK14	SNV			1	0
ENSG00000242925	PLCH1-AS2	GroupA_exclusive	TK14	SNV			1	0
ENSG00000147588	PMP2	GroupA_exclusive	TK13	SNV			1	0
ENSG00000277531	PNMA8C	GroupA_exclusive	TK14	SNV			1	0
ENSG00000115138	POMC	GroupA_exclusive	TK16	SNV			1	0
ENSG00000278522	POTEB3	GroupA_exclusive	TK14	SNV			1	0
ENSG00000222038	POTEJ	GroupA_exclusive	TK13	SNV			1	0
ENSG00000254887	POU2F2-AS1	GroupA_exclusive	TK16	SNV			1	0
ENSG00000151615	POU4F2	GroupA_exclusive	TK13	SNV			1	0
ENSG00000226757	PP12613	GroupA_exclusive	TK13	SNV			1	0
ENSG00000250550	PPBPP1	GroupA_exclusive	TK13	SNV			1	0
ENSG00000178654	PPIAP33	GroupA_exclusive	TK14	SNV			1	0
ENSG00000236872	PPIAP36	GroupA_exclusive	TK13	SNV			1	0
ENSG00000230018	PPIAP39	GroupA_exclusive	TK14	SNV			1	0
ENSG00000213739	PPIAP68	GroupA_exclusive	TK14	SNV			1	0
ENSG00000174495	PPIAP80	GroupA_exclusive	TK14	SNV			1	0
ENSG00000237951	PPIL1P1	GroupA_exclusive	TK13	SNV			1	0
ENSG00000236216	PPP1R11P1	GroupA_exclusive	TK16	SNV			1	0
ENSG00000119938	PPP1R3C	GroupA_exclusive	TK13	SNV			1	0
ENSG00000231668	PPP2R2DP1	GroupA_exclusive	TK13	SNV			1	0
ENSG00000108849	PPY	GroupA_exclusive	TK13	SNV			1	0
ENSG00000187545	PRAMEF10	GroupA_exclusive	TK13	SNV			1	0
ENSG00000204501	PRAMEF15	GroupA_exclusive	TK14	SNV			1	0
ENSG00000279804	PRAMEF18	GroupA_exclusive	TK14	SNV			1	0
ENSG00000204480	PRAMEF19	GroupA_exclusive	TK13	SNV			1	0
ENSG00000232423	PRAMEF6	GroupA_exclusive	TK13	SNV			1	0
ENSG00000204510	PRAMEF7	GroupA_exclusive	TK14	SNV			1	0
ENSG00000156575	PRG3	GroupA_exclusive	TK14	SNV			1	0
ENSG00000172179	PRL	GroupA_exclusive	TK13	SNV			1	0
ENSG00000113494	PRLR	GroupA_exclusive	TK13	SNV			1	0
ENSG00000189002	PROS2P	GroupA_exclusive	TK14	SNV			1	0
ENSG00000205352	PRR13	GroupA_exclusive	TK13	SNV			1	0
ENSG00000183631	PRR32	GroupA_exclusive	TK13	SNV			1	0
ENSG00000161992	PRR35	GroupA_exclusive	TK13	SNV			1	0
ENSG00000005001	PRSS22	GroupA_exclusive	TK13	SNV			1	0
ENSG00000196364	PRSS29P	GroupA_exclusive	TK14	SNV			1	0
ENSG00000204982	PRSS3P4	GroupA_exclusive	TK13	SNV			1	0
ENSG00000253810	PSAT1P1	GroupA_exclusive	TK13	SNV			1	0
ENSG00000170848	PSG6	GroupA_exclusive	TK13	SNV			1	0
ENSG00000124467	PSG8	GroupA_exclusive	TK13	SNV			1	0
ENSG00000243838	PSMC1P7	GroupA_exclusive	TK14	SNV			1	0
ENSG00000168267	PTF1A	GroupA_exclusive	TK13	SNV			1	0
ENSG00000160013	PTGIR	GroupA_exclusive	TK13	SNV			1	0
ENSG00000237000	PTMAP6	GroupA_exclusive	TK13	SNV			1	0
ENSG00000227613	QRSL1P2	GroupA_exclusive	TK13	SNV			1	0
ENSG00000216817	R3HDM2P2	GroupA_exclusive	TK14	SNV			1	0
ENSG00000249239	RACK1P3	GroupA_exclusive	TK13	SNV			1	0
ENSG00000253327	RAD21-AS1	GroupA_exclusive	TK13	SNV			1	0
ENSG00000138207	RBP4	GroupA_exclusive	TK13	SNV			1	0
ENSG00000198570	RD3	GroupA_exclusive	TK13	SNV			1	0
ENSG00000134193	REG4	GroupA_exclusive	TK13	SNV			1	0
ENSG00000143839	REN	GroupA_exclusive	TK14	SNV			1	0
ENSG00000104918	RETN	GroupA_exclusive	TK14	SNV			1	0
ENSG00000132554	RGS22	GroupA_exclusive	TK13	SNV			1	0
ENSG00000163914	RHO	GroupA_exclusive	TK13	SNV			1	0
ENSG00000203989	RHOXF2B	GroupA_exclusive	TK14	SNV			1	0
ENSG00000203877	RIPPLY2	GroupA_exclusive	TK13	SNV			1	0
ENSG00000222898	RN7SKP97	GroupA_exclusive	TK13	SNV			1	0
ENSG00000239279	RN7SL184P	GroupA_exclusive	TK16	SNV			1	0
ENSG00000263426	RN7SL471P	GroupA_exclusive	TK13	SNV			1	0
ENSG00000266710	RN7SL48P	GroupA_exclusive	TK14	SNV			1	0
ENSG00000263755	RN7SL498P	GroupA_exclusive	TK14	SNV			1	0
ENSG00000276047	RN7SL711P	GroupA_exclusive	TK13	SNV			1	0
ENSG00000243420	RN7SL734P	GroupA_exclusive	TK13	SNV			1	0
ENSG00000243954	RN7SL743P	GroupA_exclusive	TK16	SNV			1	0
ENSG00000242182	RN7SL745P	GroupA_exclusive	TK16	SNV			1	0
ENSG00000240964	RN7SL751P	GroupA_exclusive	TK13	SNV			1	0
ENSG00000278696	RN7SL82P	GroupA_exclusive	TK14	SNV			1	0
ENSG00000244080	RN7SL833P	GroupA_exclusive	TK16	INDEL			1	0
ENSG00000200114	RNA5SP123	GroupA_exclusive	TK16	SNV			1	0
ENSG00000252516	RNA5SP82	GroupA_exclusive	TK14	SNV			1	0
ENSG00000258436	RNASE12	GroupA_exclusive	TK13	SNV			1	0
ENSG00000206150	RNASE13	GroupA_exclusive	TK13	SNV			1	0
ENSG00000169397	RNASE3	GroupA_exclusive	TK14	SNV			1	0
ENSG00000173431	RNASE8	GroupA_exclusive	TK14	SNV			1	0
ENSG00000199805	RNU1-134P	GroupA_exclusive	TK16	SNV			1	0
ENSG00000207005	RNU1-2	GroupA_exclusive	TK14	SNV			1	0
ENSG00000199836	RNU1-47P	GroupA_exclusive	TK13	SNV			1	0
ENSG00000239023	RNU1-98P	GroupA_exclusive	TK14	SNV			1	0
ENSG00000200795	RNU4-1	GroupA_exclusive	TK16	SNV			1	0
ENSG00000272359	RNU4-89P	GroupA_exclusive	TK16	SNV			1	0
ENSG00000251988	RNU4ATAC18P	GroupA_exclusive	TK13	SNV			1	0
ENSG00000199347	RNU5E-1	GroupA_exclusive	TK14	SNV			1	0
ENSG00000207505	RNU6-1105P	GroupA_exclusive	TK16	SNV			1	0
ENSG00000200455	RNU6-1112P	GroupA_exclusive	TK16	SNV			1	0
ENSG00000207355	RNU6-1257P	GroupA_exclusive	TK16	SNV			1	0
ENSG00000252909	RNU6-201P	GroupA_exclusive	TK13	SNV			1	0
ENSG00000251819	RNU6-322P	GroupA_exclusive	TK16	SNV			1	0
ENSG00000202532	RNU6-395P	GroupA_exclusive	TK16	INDEL,SNV			1	0
ENSG00000252061	RNU6-415P	GroupA_exclusive	TK13	SNV			1	0
ENSG00000206970	RNU6-474P	GroupA_exclusive	TK13	SNV			1	0
ENSG00000207457	RNU6-476P	GroupA_exclusive	TK14	SNV			1	0
ENSG00000206992	RNU6-574P	GroupA_exclusive	TK14	INDEL			1	0
ENSG00000200594	RNU6-824P	GroupA_exclusive	TK14	SNV			1	0
ENSG00000252008	RNU6-927P	GroupA_exclusive	TK13	SNV			1	0
ENSG00000251712	RNU7-20P	GroupA_exclusive	TK14	SNV			1	0
ENSG00000238884	RNU7-85P	GroupA_exclusive	TK13	SNV			1	0
ENSG00000206585	RNVU1-7	GroupA_exclusive	TK13	SNV			1	0
ENSG00000252034	RNY4P37	GroupA_exclusive	TK16	SNV			1	0
ENSG00000204086	RPA4	GroupA_exclusive	TK16	SNV			1	0
ENSG00000254012	RPL10P8	GroupA_exclusive	TK13	SNV			1	0
ENSG00000213613	RPL11P3	GroupA_exclusive	TK16	SNV			1	0
ENSG00000224839	RPL12P17	GroupA_exclusive	TK13	INDEL			1	0
ENSG00000216412	RPL12P2	GroupA_exclusive	TK13	INDEL			1	0
ENSG00000241746	RPL13AP18	GroupA_exclusive	TK14	SNV			1	0
ENSG00000227343	RPL15P1	GroupA_exclusive	TK13	SNV			1	0
ENSG00000216917	RPL15P9	GroupA_exclusive	TK13	SNV			1	0
ENSG00000228331	RPL17P43	GroupA_exclusive	TK13	SNV			1	0
ENSG00000241668	RPL19P11	GroupA_exclusive	TK13	SNV			1	0
ENSG00000239315	RPL19P13	GroupA_exclusive	TK14	SNV			1	0
ENSG00000213663	RPL21P58	GroupA_exclusive	TK13	SNV			1	0
ENSG00000233979	RPL22P21	GroupA_exclusive	TK14	INDEL,SNV			1	0
ENSG00000225483	RPL22P4	GroupA_exclusive	TK16	SNV			1	0
ENSG00000213122	RPL23AP46	GroupA_exclusive	TK13	SNV			1	0
ENSG00000244283	RPL23AP73	GroupA_exclusive	TK14	SNV			1	0
ENSG00000225912	RPL26P36	GroupA_exclusive	TK14	INDEL,SNV			1	0
ENSG00000236667	RPL27AP3	GroupA_exclusive	TK13	SNV			1	0
ENSG00000236722	RPL27P9	GroupA_exclusive	TK16	SNV			1	0
ENSG00000233565	RPL29P9	GroupA_exclusive	TK14	SNV			1	0
ENSG00000245970	RPL30-AS1	GroupA_exclusive	TK16	INDEL,SNV			1	0
ENSG00000225713	RPL30P1	GroupA_exclusive	TK14	SNV			1	0
ENSG00000231359	RPL31P34	GroupA_exclusive	TK13	SNV			1	0
ENSG00000223505	RPL35AP5	GroupA_exclusive	TK14	INDEL,SNV			1	0
ENSG00000227753	RPL36AP31	GroupA_exclusive	TK14	SNV			1	0
ENSG00000213519	RPL36P7	GroupA_exclusive	TK13	SNV			1	0
ENSG00000214289	RPL39P5	GroupA_exclusive	TK13	SNV			1	0
ENSG00000228992	RPL5P32	GroupA_exclusive	TK14	SNV			1	0
ENSG00000242390	RPL6P9	GroupA_exclusive	TK16	SNV			1	0
ENSG00000240724	RPS12P15	GroupA_exclusive	TK13	SNV			1	0
ENSG00000239354	RPS17P15	GroupA_exclusive	TK13	SNV			1	0
ENSG00000240463	RPS19P3	GroupA_exclusive	TK14	SNV			1	0
ENSG00000237784	RPS20P12	GroupA_exclusive	TK13	SNV			1	0
ENSG00000242829	RPS26P21	GroupA_exclusive	TK16	SNV			1	0
ENSG00000225246	RPS2P1	GroupA_exclusive	TK13	SNV			1	0
ENSG00000213726	RPS2P52	GroupA_exclusive	TK14	INDEL			1	0
ENSG00000243417	RPS3AP18	GroupA_exclusive	TK13	SNV			1	0
ENSG00000243672	RPS3AP40	GroupA_exclusive	TK14	SNV			1	0
ENSG00000227437	RPS8P4	GroupA_exclusive	TK13	SNV			1	0
ENSG00000237425	RPSAP2	GroupA_exclusive	TK13	SNV			1	0
ENSG00000244722	RPSAP29	GroupA_exclusive	TK13	SNV			1	0
ENSG00000226765	RPSAP33	GroupA_exclusive	TK13	SNV			1	0
ENSG00000213394	RPSAP46	GroupA_exclusive	TK14	SNV			1	0
ENSG00000235332	RPSAP76	GroupA_exclusive	TK13	SNV			1	0
ENSG00000215853	RPTN	GroupA_exclusive	TK14	SNV			1	0
ENSG00000237273	RSL24D1P8	GroupA_exclusive	TK14	SNV			1	0
ENSG00000188011	RTP5	GroupA_exclusive	TK13	SNV			1	0
ENSG00000173432	SAA1	GroupA_exclusive	TK16	SNV			1	0
ENSG00000256463	SALL3	GroupA_exclusive	TK13	SNV			1	0
ENSG00000258692	SALL4P7	GroupA_exclusive	TK13	SNV			1	0
ENSG00000187033	SAMD7	GroupA_exclusive	TK13	SNV			1	0
ENSG00000231274	SBK3	GroupA_exclusive	TK13	SNV			1	0
ENSG00000277864	SCARNA15	GroupA_exclusive	TK14	SNV			1	0
ENSG00000238835	SCARNA18	GroupA_exclusive	TK13	SNV			1	0
ENSG00000251733	SCARNA8	GroupA_exclusive	TK13	SNV			1	0
ENSG00000104112	SCG3	GroupA_exclusive	TK13	SNV			1	0
ENSG00000268320	SCGB1C2	GroupA_exclusive	TK14	SNV			1	0
ENSG00000149575	SCN2B	GroupA_exclusive	TK13	SNV			1	0
ENSG00000177098	SCN4B	GroupA_exclusive	TK14	SNV			1	0
ENSG00000116171	SCP2	GroupA_exclusive	TK16	SNV			1	0
ENSG00000231013	SCTR-AS1	GroupA_exclusive	TK13	SNV			1	0
ENSG00000284622	SCYGR10	GroupA_exclusive	TK13	SNV			1	0
ENSG00000244381	SDHDP3	GroupA_exclusive	TK13	SNV			1	0
ENSG00000253542	SDR16C6P	GroupA_exclusive	TK13	SNV			1	0
ENSG00000224219	SEC61GP1	GroupA_exclusive	TK13	SNV			1	0
ENSG00000143416	SELENBP1	GroupA_exclusive	TK13	SNV			1	0
ENSG00000124157	SEMG2	GroupA_exclusive	TK14	SNV			1	0
ENSG00000244528	SEPTIN14P2	GroupA_exclusive	TK14	SNV			1	0
ENSG00000230275	SERBP1P4	GroupA_exclusive	TK13	SNV			1	0
ENSG00000258597	SERPINA2	GroupA_exclusive	TK13	SNV			1	0
ENSG00000196136	SERPINA3	GroupA_exclusive	TK13	SNV			1	0
ENSG00000206072	SERPINB11	GroupA_exclusive	TK14	SNV			1	0
ENSG00000206073	SERPINB4	GroupA_exclusive	TK14	SNV			1	0
ENSG00000251609	SETP12	GroupA_exclusive	TK14	SNV			1	0
ENSG00000156463	SH3RF2	GroupA_exclusive	TK13	SNV			1	0
ENSG00000251322	SHANK3	GroupA_exclusive	TK13	SNV			1	0
ENSG00000171101	SIGLEC17P	GroupA_exclusive	TK13	SNV			1	0
ENSG00000213708	SLC16A14P1	GroupA_exclusive	TK13	SNV			1	0
ENSG00000112337	SLC17A2	GroupA_exclusive	TK13	SNV			1	0
ENSG00000036565	SLC18A1	GroupA_exclusive	TK13	SNV			1	0
ENSG00000187714	SLC18A3	GroupA_exclusive	TK14	SNV			1	0
ENSG00000004809	SLC22A16	GroupA_exclusive	TK14	SNV			1	0
ENSG00000251015	SLC25A30-AS1	GroupA_exclusive	TK16	SNV			1	0
ENSG00000266909	SLC25A6P4	GroupA_exclusive	TK13	SNV			1	0
ENSG00000214660	SLC29A4P2	GroupA_exclusive	TK13	SNV			1	0
ENSG00000173262	SLC2A14	GroupA_exclusive	TK14	SNV			1	0
ENSG00000163581	SLC2A2	GroupA_exclusive	TK13	SNV			1	0
ENSG00000224426	SLC31A1P1	GroupA_exclusive	TK16	SNV			1	0
ENSG00000101438	SLC32A1	GroupA_exclusive	TK13	SNV			1	0
ENSG00000157593	SLC35B2	GroupA_exclusive	TK13	SNV			1	0
ENSG00000162426	SLC45A1	GroupA_exclusive	TK14	SNV			1	0
ENSG00000214617	SLC6A10P	GroupA_exclusive	TK13	SNV			1	0
ENSG00000245112	SMARCA5-AS1	GroupA_exclusive	TK13	SNV			1	0
ENSG00000206026	SMIM21	GroupA_exclusive	TK13	SNV			1	0
ENSG00000164112	SMIM43	GroupA_exclusive	TK13	SNV			1	0
ENSG00000115593	SMYD1	GroupA_exclusive	TK13	SNV			1	0
ENSG00000241216	SNAPC5P1	GroupA_exclusive	TK14	SNV			1	0
ENSG00000173267	SNCG	GroupA_exclusive	TK16	SNV			1	0
ENSG00000203387	SNF8P1	GroupA_exclusive	TK13	SNV			1	0
ENSG00000221164	SNORA11F	GroupA_exclusive	TK14	SNV			1	0
ENSG00000207062	SNORA15B-1	GroupA_exclusive	TK14	SNV			1	0
ENSG00000206634	SNORA22	GroupA_exclusive	TK13	SNV			1	0
ENSG00000207344	SNORA22C	GroupA_exclusive	TK14	SNV			1	0
ENSG00000272533	SNORA28	GroupA_exclusive	TK13	SNV			1	0
ENSG00000212443	SNORA53	GroupA_exclusive	TK13	SNV			1	0
ENSG00000249020	SNORA58	GroupA_exclusive	TK13	SNV			1	0
ENSG00000206622	SNORA69	GroupA_exclusive	TK14	SNV			1	0
ENSG00000202379	SNORA70	GroupA_exclusive	TK13	SNV			1	0
ENSG00000277034	SNORA71	GroupA_exclusive	TK14	SNV			1	0
ENSG00000225091	SNORA71A	GroupA_exclusive	TK14	SNV			1	0
ENSG00000273587	SNORA78	GroupA_exclusive	TK16	SNV			1	0
ENSG00000209645	SNORD105	GroupA_exclusive	TK16	SNV			1	0
ENSG00000200726	SNORD115-8	GroupA_exclusive	TK13	SNV			1	0
ENSG00000207460	SNORD116-19	GroupA_exclusive	TK14	SNV			1	0
ENSG00000278715	SNORD116-20	GroupA_exclusive	TK16	SNV			1	0
ENSG00000238300	SNORD121B	GroupA_exclusive	TK13	INDEL			1	0
ENSG00000238793	SNORD124	GroupA_exclusive	TK13	SNV			1	0
ENSG00000200879	SNORD14E	GroupA_exclusive	TK13	SNV			1	0
ENSG00000221803	SNORD23	GroupA_exclusive	TK16	SNV			1	0
ENSG00000239195	SNORD5	GroupA_exclusive	TK13	INDEL			1	0
ENSG00000202314	SNORD6	GroupA_exclusive	TK13	SNV			1	0
ENSG00000212135	SNORD67	GroupA_exclusive	TK14	SNV			1	0
ENSG00000251878	SNORD79	GroupA_exclusive	TK16	SNV			1	0
ENSG00000200785	SNORD8	GroupA_exclusive	TK16	SNV			1	0
ENSG00000212283	SNORD89	GroupA_exclusive	TK13	SNV			1	0
ENSG00000221740	SNORD93	GroupA_exclusive	TK13	SNV			1	0
ENSG00000231390	SNX18P8	GroupA_exclusive	TK16	SNV			1	0
ENSG00000246790	SORL1-AS1	GroupA_exclusive	TK13	SNV			1	0
ENSG00000171243	SOSTDC1	GroupA_exclusive	TK13	SNV			1	0
ENSG00000164736	SOX17	GroupA_exclusive	TK13	SNV			1	0
ENSG00000125285	SOX21	GroupA_exclusive	TK14	SNV			1	0
ENSG00000254376	SOX5P1	GroupA_exclusive	TK13	SNV			1	0
ENSG00000178287	SPAG11A	GroupA_exclusive	TK14	SNV			1	0
ENSG00000198573	SPANXC	GroupA_exclusive	TK16	SNV			1	0
ENSG00000203923	SPANXN1	GroupA_exclusive	TK14	SNV			1	0
ENSG00000268988	SPANXN2	GroupA_exclusive	TK13	SNV			1	0
ENSG00000166118	SPATA19	GroupA_exclusive	TK14	SNV			1	0
ENSG00000275969	SPATA31A3	GroupA_exclusive	TK14	SNV			1	0
ENSG00000177910	SPATA31C2	GroupA_exclusive	TK13	SNV			1	0
ENSG00000177992	SPATA31E1	GroupA_exclusive	TK13	SNV			1	0
ENSG00000181323	SPEM1	GroupA_exclusive	TK13	SNV			1	0
ENSG00000184560	SPEM2	GroupA_exclusive	TK14	SNV			1	0
ENSG00000054796	SPO11	GroupA_exclusive	TK13	SNV			1	0
ENSG00000185294	SPPL2C	GroupA_exclusive	TK13	SNV			1	0
ENSG00000184148	SPRR4	GroupA_exclusive	TK13	SNV			1	0
ENSG00000164299	SPZ1	GroupA_exclusive	TK13	SNV			1	0
ENSG00000144867	SRPRB	GroupA_exclusive	TK13	SNV			1	0
ENSG00000102359	SRPX2	GroupA_exclusive	TK14	SNV			1	0
ENSG00000267717	SRSF10P1	GroupA_exclusive	TK16	SNV			1	0
ENSG00000124193	SRSF6	GroupA_exclusive	TK14	SNV			1	0
ENSG00000084112	SSH1	GroupA_exclusive	TK16	SNV			1	0
ENSG00000165583	SSX5	GroupA_exclusive	TK13	SNV			1	0
ENSG00000196335	STK31	GroupA_exclusive	TK13	SNV			1	0
ENSG00000133115	STOML3	GroupA_exclusive	TK13	SNV			1	0
ENSG00000166763	STRCP1	GroupA_exclusive	TK16	INDEL			1	0
ENSG00000101846	STS	GroupA_exclusive	TK13	SNV			1	0
ENSG00000261612	SUB1P3	GroupA_exclusive	TK14	INDEL			1	0
ENSG00000198829	SUCNR1	GroupA_exclusive	TK13	SNV			1	0
ENSG00000242968	SULT1D1P2	GroupA_exclusive	TK14	SNV			1	0
ENSG00000215127	SYT14P1	GroupA_exclusive	TK14	SNV			1	0
ENSG00000146378	TAAR2	GroupA_exclusive	TK13	SNV			1	0
ENSG00000237110	TAAR9	GroupA_exclusive	TK14	SNV			1	0
ENSG00000184292	TACSTD2	GroupA_exclusive	TK16	SNV			1	0
ENSG00000163377	TAFA4	GroupA_exclusive	TK13	SNV			1	0
ENSG00000253555	TARDBPP4	GroupA_exclusive	TK13	SNV			1	0
ENSG00000289746	TARP	GroupA_exclusive	TK13	SNV			1	0
ENSG00000179002	TAS1R2	GroupA_exclusive	TK13	SNV			1	0
ENSG00000128519	TAS2R16	GroupA_exclusive	TK14	SNV			1	0
ENSG00000147687	TATDN1	GroupA_exclusive	TK13	SNV			1	0
ENSG00000162065	TBC1D24	GroupA_exclusive	TK14	SNV			1	0
ENSG00000204471	TBC1D3P4	GroupA_exclusive	TK13	SNV			1	0
ENSG00000266433	TBC1D3P5	GroupA_exclusive	TK13	SNV			1	0
ENSG00000224966	TBC1D3P6	GroupA_exclusive	TK13	SNV			1	0
ENSG00000233014	TBC1D3P7	GroupA_exclusive	TK14	SNV			1	0
ENSG00000125878	TCF15	GroupA_exclusive	TK13	SNV			1	0
ENSG00000251525	TCP11X3P	GroupA_exclusive	TK14	SNV			1	0
ENSG00000248565	TECRP2	GroupA_exclusive	TK13	SNV			1	0
ENSG00000167014	TERB2	GroupA_exclusive	TK13	INDEL			1	0
ENSG00000249201	TERLR1	GroupA_exclusive	TK14	SNV			1	0
ENSG00000268629	TEX13A	GroupA_exclusive	TK14	SNV			1	0
ENSG00000282815	TEX13C	GroupA_exclusive	TK14	SNV			1	0
ENSG00000177673	TEX44	GroupA_exclusive	TK13	SNV			1	0
ENSG00000164645	TEX47	GroupA_exclusive	TK13	SNV			1	0
ENSG00000163424	TEX55	GroupA_exclusive	TK13	SNV			1	0
ENSG00000160182	TFF1	GroupA_exclusive	TK13	SNV			1	0
ENSG00000180176	TH	GroupA_exclusive	TK13	SNV			1	0
ENSG00000227882	THAP12P6	GroupA_exclusive	TK14	SNV			1	0
ENSG00000178726	THBD	GroupA_exclusive	TK13	SNV			1	0
ENSG00000276107	THBS1-IT1	GroupA_exclusive	TK16	SNV			1	0
ENSG00000250801	THOC3-AS1	GroupA_exclusive	TK14	SNV			1	0
ENSG00000285160	THSD1P1	GroupA_exclusive	TK16	SNV			1	0
ENSG00000154096	THY1	GroupA_exclusive	TK16	SNV			1	0
ENSG00000260734	TLE7	GroupA_exclusive	TK13	SNV			1	0
ENSG00000213996	TM6SF2	GroupA_exclusive	TK13	SNV			1	0
ENSG00000232467	TMA16P2	GroupA_exclusive	TK13	SNV			1	0
ENSG00000103534	TMC5	GroupA_exclusive	TK16	SNV			1	0
ENSG00000179178	TMEM125	GroupA_exclusive	TK16	SNV			1	0
ENSG00000244187	TMEM141	GroupA_exclusive	TK14	SNV			1	0
ENSG00000187806	TMEM202	GroupA_exclusive	TK16	SNV			1	0
ENSG00000263429	TMEM238L	GroupA_exclusive	TK14	SNV			1	0
ENSG00000196932	TMEM26	GroupA_exclusive	TK13	SNV			1	0
ENSG00000238026	TMEM38BP1	GroupA_exclusive	TK14	SNV			1	0
ENSG00000253866	TMEM97P2	GroupA_exclusive	TK14	SNV			1	0
ENSG00000130598	TNNI2	GroupA_exclusive	TK13	SNV			1	0
ENSG00000129991	TNNI3	GroupA_exclusive	TK13	SNV			1	0
ENSG00000263935	TOMM20P3	GroupA_exclusive	TK14	SNV			1	0
ENSG00000078900	TP73	GroupA_exclusive	TK14	SNV			1	0
ENSG00000095917	TPSD1	GroupA_exclusive	TK13	SNV			1	0
ENSG00000234107	TPT1P1	GroupA_exclusive	TK14	SNV			1	0
ENSG00000211857	TRAJ32	GroupA_exclusive	TK13	SNV			1	0
ENSG00000211798	TRAV18	GroupA_exclusive	TK13	SNV			1	0
ENSG00000211803	TRAV23DV6	GroupA_exclusive	TK13	SNV			1	0
ENSG00000211809	TRAV27	GroupA_exclusive	TK14	SNV			1	0
ENSG00000258812	TRAV33	GroupA_exclusive	TK13	SNV			1	0
ENSG00000211814	TRAV35	GroupA_exclusive	TK13	SNV			1	0
ENSG00000211816	TRAV38-1	GroupA_exclusive	TK14	SNV			1	0
ENSG00000211790	TRAV8-4	GroupA_exclusive	TK13	SNV			1	0
ENSG00000211795	TRAV8-6	GroupA_exclusive	TK13	SNV			1	0
ENSG00000211808	TRAV8-7	GroupA_exclusive	TK14	SNV			1	0
ENSG00000211751	TRBC1	GroupA_exclusive	TK16	SNV			1	0
ENSG00000211769	TRBJ2-5	GroupA_exclusive	TK16	SNV			1	0
ENSG00000211717	TRBV10-1	GroupA_exclusive	TK13	SNV			1	0
ENSG00000241657	TRBV11-2	GroupA_exclusive	TK13	SNV			1	0
ENSG00000211747	TRBV20-1	GroupA_exclusive	TK13	SNV			1	0
ENSG00000183938	TRBV21OR9-2	GroupA_exclusive	TK13	SNV			1	0
ENSG00000211745	TRBV4-2	GroupA_exclusive	TK14	SNV			1	0
ENSG00000211715	TRBV5-3	GroupA_exclusive	TK13	SNV			1	0
ENSG00000211725	TRBV5-5	GroupA_exclusive	TK14	SNV			1	0
ENSG00000249978	TRGV7	GroupA_exclusive	TK14	SNV			1	0
ENSG00000255690	TRIL	GroupA_exclusive	TK13	SNV			1	0
ENSG00000204610	TRIM15	GroupA_exclusive	TK13	SNV			1	0
ENSG00000255190	TRIM51DP	GroupA_exclusive	TK14	SNV			1	0
ENSG00000219061	TRIM51FP	GroupA_exclusive	TK14	SNV			1	0
ENSG00000220948	TRIM51G	GroupA_exclusive	TK14	SNV			1	0
ENSG00000223709	TRIM64EP	GroupA_exclusive	TK14	SNV			1	0
ENSG00000254993	TRIM77BP	GroupA_exclusive	TK14	SNV			1	0
ENSG00000226874	TRPC6P10	GroupA_exclusive	TK16	SNV			1	0
ENSG00000134200	TSHB	GroupA_exclusive	TK13	SNV			1	0
ENSG00000166402	TUB	GroupA_exclusive	TK14	SNV			1	0
ENSG00000259614	TUBAP12	GroupA_exclusive	TK13	SNV			1	0
ENSG00000253547	TUBAP7	GroupA_exclusive	TK13	SNV			1	0
ENSG00000216819	TUBB2BP1	GroupA_exclusive	TK13	SNV			1	0
ENSG00000255988	TUBB4BP1	GroupA_exclusive	TK13	SNV			1	0
ENSG00000217372	TUBB4BP7	GroupA_exclusive	TK13	SNV			1	0
ENSG00000237469	TUBB8P10	GroupA_exclusive	TK13	SNV			1	0
ENSG00000234711	TUBB8P11	GroupA_exclusive	TK14	SNV			1	0
ENSG00000250788	TUBB8P4	GroupA_exclusive	TK13	SNV			1	0
ENSG00000077498	TYR	GroupA_exclusive	TK13	SNV			1	0
ENSG00000107165	TYRP1	GroupA_exclusive	TK14	SNV			1	0
ENSG00000221496	U3	GroupA_exclusive	TK14	SNV			1	0
ENSG00000229547	UBE2DNL	GroupA_exclusive	TK14	SNV			1	0
ENSG00000275695	UBE2Q2P6	GroupA_exclusive	TK14	SNV			1	0
ENSG00000234422	UBE2WP1	GroupA_exclusive	TK14	INDEL			1	0
ENSG00000244653	UBFD1P1	GroupA_exclusive	TK14	SNV			1	0
ENSG00000186150	UBL4B	GroupA_exclusive	TK16	SNV			1	0
ENSG00000235958	UBOX5-AS1	GroupA_exclusive	TK14	SNV			1	0
ENSG00000175520	UBQLN3	GroupA_exclusive	TK13	SNV			1	0
ENSG00000224082	UBTFL8	GroupA_exclusive	TK13	SNV			1	0
ENSG00000178473	UCN3	GroupA_exclusive	TK13	SNV			1	0
ENSG00000227846	UGT1A11P	GroupA_exclusive	TK13	SNV			1	0
ENSG00000244474	UGT1A4	GroupA_exclusive	TK13	SNV			1	0
ENSG00000109181	UGT2B10	GroupA_exclusive	TK14	SNV			1	0
ENSG00000213759	UGT2B11	GroupA_exclusive	TK14	SNV			1	0
ENSG00000249956	UGT2B24P	GroupA_exclusive	TK13	SNV			1	0
ENSG00000250919	UGT2B26P	GroupA_exclusive	TK14	SNV			1	0
ENSG00000251685	UGT2B27P	GroupA_exclusive	TK14	SNV			1	0
ENSG00000135226	UGT2B28	GroupA_exclusive	TK14	SNV			1	0
ENSG00000219545	UMAD1	GroupA_exclusive	TK14	SNV			1	0
ENSG00000169344	UMOD	GroupA_exclusive	TK13	SNV			1	0
ENSG00000141161	UNC45B	GroupA_exclusive	TK13	SNV			1	0
ENSG00000270343	UNGP3	GroupA_exclusive	TK16	SNV			1	0
ENSG00000223721	UQCRFS1P2	GroupA_exclusive	TK13	SNV			1	0
ENSG00000215037	VENTXP2	GroupA_exclusive	TK14	SNV			1	0
ENSG00000254105	VENTXP6	GroupA_exclusive	TK14	SNV			1	0
ENSG00000236380	VENTXP7	GroupA_exclusive	TK13	SNV			1	0
ENSG00000102243	VGLL1	GroupA_exclusive	TK16	SNV			1	0
ENSG00000228567	VN1R4	GroupA_exclusive	TK13	SNV			1	0
ENSG00000197617	VN1R5	GroupA_exclusive	TK13	SNV			1	0
ENSG00000228038	VN1R51P	GroupA_exclusive	TK13	SNV			1	0
ENSG00000268117	VN1R84P	GroupA_exclusive	TK13	SNV			1	0
ENSG00000276400	VN1R9P	GroupA_exclusive	TK16	SNV			1	0
ENSG00000093134	VNN3P	GroupA_exclusive	TK14	SNV			1	0
ENSG00000240375	VPS26AP1	GroupA_exclusive	TK14	SNV			1	0
ENSG00000254581	VPS51P19	GroupA_exclusive	TK13	SNV			1	0
ENSG00000243284	VSIG8	GroupA_exclusive	TK13	SNV			1	0
ENSG00000179403	VWA1	GroupA_exclusive	TK14	SNV			1	0
ENSG00000278815	Vault	GroupA_exclusive	TK16	SNV			1	0
ENSG00000225802	WARS1P1	GroupA_exclusive	TK13	SNV			1	0
ENSG00000229462	WDR4P2	GroupA_exclusive	TK13	SNV			1	0
ENSG00000241318	WDR82P2	GroupA_exclusive	TK13	SNV			1	0
ENSG00000180305	WFDC10A	GroupA_exclusive	TK13	SNV			1	0
ENSG00000143185	XCL2	GroupA_exclusive	TK13	SNV			1	0
ENSG00000124343	XG	GroupA_exclusive	TK14	SNV			1	0
ENSG00000260903	XKR7	GroupA_exclusive	TK14	SNV			1	0
ENSG00000237557	YWHABP1	GroupA_exclusive	TK13	SNV			1	0
ENSG00000177803	YWHAQP4	GroupA_exclusive	TK14	SNV			1	0
ENSG00000199490	Y_RNA	GroupA_exclusive	TK13	SNV			1	0
ENSG00000199565	Y_RNA	GroupA_exclusive	TK16	INDEL			1	0
ENSG00000199866	Y_RNA	GroupA_exclusive	TK14	SNV			1	0
ENSG00000201451	Y_RNA	GroupA_exclusive	TK16	SNV			1	0
ENSG00000202251	Y_RNA	GroupA_exclusive	TK13	SNV			1	0
ENSG00000202399	Y_RNA	GroupA_exclusive	TK16	SNV			1	0
ENSG00000250304	ZBED1P1	GroupA_exclusive	TK16	SNV			1	0
ENSG00000172799	ZBTB8OSP2	GroupA_exclusive	TK14	SNV			1	0
ENSG00000236953	ZDHHC20-IT1	GroupA_exclusive	TK16	SNV			1	0
ENSG00000262693	ZFP3-DT	GroupA_exclusive	TK16	SNV			1	0
ENSG00000181638	ZFP41	GroupA_exclusive	TK16	SNV			1	0
ENSG00000179059	ZFP42	GroupA_exclusive	TK13	SNV			1	0
ENSG00000214843	ZFYVE9P2	GroupA_exclusive	TK13	SNV			1	0
ENSG00000283443	ZNF285DP	GroupA_exclusive	TK14	SNV			1	0
ENSG00000075407	ZNF37A	GroupA_exclusive	TK14	SNV			1	0
ENSG00000223351	ZNF385D-AS2	GroupA_exclusive	TK13	SNV			1	0
ENSG00000197928	ZNF677	GroupA_exclusive	TK14	SNV			1	0
ENSG00000215372	ZNF705G	GroupA_exclusive	TK14	SNV			1	0
ENSG00000197990	ZNF734P	GroupA_exclusive	TK13	SNV			1	0
ENSG00000204514	ZNF814	GroupA_exclusive	TK13	SNV			1	0
ENSG00000197385	ZNF860	GroupA_exclusive	TK14	SNV			1	0
ENSG00000214581	ZNF971P	GroupA_exclusive	TK13	SNV			1	0
ENSG00000103310	ZP2	GroupA_exclusive	TK13	SNV			1	0
ENSG00000196812	ZSCAN16	GroupA_exclusive	TK16	SNV			1	0
ENSG00000197213	ZSCAN5B	GroupA_exclusive	TK13	SNV			1	0
ENSG00000248958	ZSWIM5P3	GroupA_exclusive	TK13	SNV			1	0
