gene_name	gene_id	sv_exclusive_group	sv_types	snv_exclusive_group	snv_types
5S_rRNA	ENSG00000285626	TK91	DEL		
A3GALT2	ENSG00000184389			TK13	SNV
AADACL2	ENSG00000197953			TK10	SNV
AADACL2-AS1	ENSG00000242908			TK14	SNV
AADACL4	ENSG00000204518			TK13	SNV
AAGAB	ENSG00000103591	TK13	DEL		
AARS2	ENSG00000124608	TK93	DEL		
AASS	ENSG00000008311	TK13	DEL		
ABCA11P	ENSG00000251595	TK92	DEL		
ABCA5	ENSG00000154265	TK91	DEL		
ABCA9-AS1	ENSG00000231749			TK92	SNV
ABCB10	ENSG00000135776	TK14	DEL		
ABCB10P1	ENSG00000274099	TK18	DEL	TK13	SNV
ABCB10P3	ENSG00000261524			TK14	SNV
ABCB10P4	ENSG00000260053			TK91	SNV
ABCB5	ENSG00000004846			TK91	SNV
ABCB8	ENSG00000197150	TK18	DEL		
ABCB9	ENSG00000150967	TK93	DEL		
ABCC1	ENSG00000103222	TK10	DEL		
ABCC4	ENSG00000125257	TK10	DEL		
ABCC6P1	ENSG00000256340			TK91	SNV
ABCC6P2	ENSG00000290943	TK92;TK92	DEL;DEL	TK13	SNV
ABCC9	ENSG00000069431			TK91	SNV
ABCD1P4	ENSG00000225293			TK14	SNV
ABCD3	ENSG00000117528	TK10	DEL		
ABCG1	ENSG00000160179			TK13	SNV
ABHD13	ENSG00000139826	TK14	DEL		
ABHD15	ENSG00000168792			TK13	SNV
ABHD16A	ENSG00000204427			TK10	SNV
ABHD17B	ENSG00000107362	TK14	DEL		
ABHD3	ENSG00000158201	TK14	DEL		
ABHD4	ENSG00000100439	TK93	DEL		
ABHD5	ENSG00000011198	TK14	DEL		
ABI1P1	ENSG00000271484			TK92	SNV
ABI2	ENSG00000138443			TK93	SNV
ABLIM1	ENSG00000099204	TK14	DEL		
ABLIM3	ENSG00000173210			TK13	SNV
ABRACL	ENSG00000146386	TK16	DEL		
ABRAXAS1P1	ENSG00000213431			TK92	SNV
ACAD8	ENSG00000151498	TK18	DEL		
ACAP3	ENSG00000131584	TK92	DEL		
ACBD6	ENSG00000230124	TK91	DEL		
ACE3P	ENSG00000224353			TK13	SNV
ACER1	ENSG00000167769	TK91	DEL		
ACER2P1	ENSG00000180105			TK13	SNV
ACKR1	ENSG00000213088			TK14	SNV
ACLY	ENSG00000131473			TK10	SNV
ACO2	ENSG00000100412	TK91	DEL		
ACOD1	ENSG00000102794			TK14	SNV
ACOT4	ENSG00000177465			TK13	SNV
ACOX1	ENSG00000161533	TK93	DEL		
ACOX3	ENSG00000087008	TK10	DEL		
ACP1	ENSG00000143727	TK10	DEL		
ACR	ENSG00000100312			TK13	SNV
ACSBG1	ENSG00000103740	TK18	DEL		
ACSBG2	ENSG00000130377	TK91	DEL		
ACSL5	ENSG00000197142	TK13	DEL		
ACTA1	ENSG00000143632			TK13	SNV
ACTB	ENSG00000075624	TK93	DEL		
ACTBL2	ENSG00000169067			TK13	SNV
ACTBP14	ENSG00000229001			TK14	SNV
ACTBP15	ENSG00000213857			TK13	SNV
ACTBP2	ENSG00000213763	TK10	DEL		
ACTBP9	ENSG00000266920			TK14	SNV
ACTC1	ENSG00000159251			TK13	SNV
ACTG1P10	ENSG00000231340	TK91	DEL		
ACTG1P14	ENSG00000230581	TK91	DEL		
ACTG1P19	ENSG00000237999			TK13	SNV
ACTG1P20	ENSG00000241547	TK14	DEL		
ACTG1P21	ENSG00000232672			TK14	SNV
ACTL6B	ENSG00000077080	TK13	DEL		
ACTL7B	ENSG00000148156			TK14	SNV
ACTMAP	ENSG00000188493	TK92	DEL		
ACTR10	ENSG00000131966	TK18	DEL		
ACTR1A	ENSG00000138107	TK91	DEL		
ACTR2	ENSG00000138071	TK14	DEL		
ACTR3BP1	ENSG00000270242			TK93	SNV
ACTR3P2	ENSG00000232267			TK93	SNV
ACVR1B	ENSG00000135503	TK10	DEL		
ADA	ENSG00000196839	TK92	DEL		
ADAM23	ENSG00000114948	TK13	DEL		
ADAM9	ENSG00000168615	TK14	DEL		
ADAMTS10	ENSG00000142303			TK10	SNV
ADAMTS4	ENSG00000158859	TK93	DEL		
ADAMTS5	ENSG00000154736			TK91	SNV
ADAMTSL2	ENSG00000197859	TK18	DEL		
ADCK2	ENSG00000133597	TK13	DEL		
ADGRA1	ENSG00000197177			TK13	SNV
ADGRA3	ENSG00000152990	TK92	DEL		
ADGRD1	ENSG00000111452			TK10	SNV
ADGRE1	ENSG00000174837			TK91	SNV
ADGRE3	ENSG00000131355			TK13	SNV
ADGRG3	ENSG00000182885			TK13	SNV
ADGRG7	ENSG00000144820			TK92	SNV
ADH1A	ENSG00000187758			TK12	SNV
ADH5P3	ENSG00000223694			TK18	SNV
ADI1	ENSG00000182551	TK91	DEL		
ADNP	ENSG00000101126	TK16	DEL		
ADORA2BP1	ENSG00000236136			TK93	SNV
AEBP2	ENSG00000139154			TK10	SNV
AFF4-DT	ENSG00000272023	TK91	DEL		
AGAP5	ENSG00000172650	TK93	DEL		
AGBL5-IT1	ENSG00000229122	TK14	DEL		
AGGF1P3	ENSG00000241532			TK92	SNV
AGGF1P9	ENSG00000260427			TK91	SNV
AGMAT	ENSG00000116771	TK93	DEL		
AGO2	ENSG00000123908	TK14	DEL		
AGR3	ENSG00000173467			TK13	SNV
AGT	ENSG00000135744	TK10	DEL		
AGTR1	ENSG00000144891			TK14	SNV
AHCYP4	ENSG00000232992			TK14	SNV
AIDAP1	ENSG00000230154	TK91	DEL		
AIFM1P1	ENSG00000225509			TK12	SNV
AIMP1P2	ENSG00000227177	TK91	DEL		
AK3P4	ENSG00000248722			TK91	SNV
AK3P7	ENSG00000270941			TK92	SNV
AK4P2	ENSG00000249410			TK13	SNV
AK4P5	ENSG00000217377			TK92	SNV
AK5	ENSG00000154027			TK13	SNV
AKIP1	ENSG00000166452	TK10	DEL		
AKIRIN1	ENSG00000174574	TK14	DEL		
AKIRIN1P2	ENSG00000228125			TK93	SNV
AKIRIN2	ENSG00000135334	TK14	DEL		
AKIRIN2P1	ENSG00000251482			TK93	SNV
AKR1B10	ENSG00000198074			TK13	SNV
AKR1B10P1	ENSG00000213606			TK13	SNV
AKR1B1P2	ENSG00000213452			TK91	SNV
AKR1B1P6	ENSG00000225212			TK13	SNV
AKR1C6P	ENSG00000151631			TK10	SNV
AKR7A2	ENSG00000053371	TK93	DEL		
AKR7A2P1	ENSG00000229020			TK10	SNV
AKR7A3	ENSG00000162482	TK93	DEL		
AKTIP	ENSG00000166971	TK92	DEL		
AKTIPP1	ENSG00000271137	TK13	DEL		
ALAD	ENSG00000148218	TK93	DEL		
ALB	ENSG00000163631			TK13	SNV
ALDH1A3-AS1	ENSG00000259583	TK93	DEL		
ALDH3B1	ENSG00000006534	TK13	DEL		
ALDOC	ENSG00000109107	TK13	DEL		
ALG10	ENSG00000139133	TK91	DEL		
ALG13	ENSG00000101901			TK13	SNV
ALG9	ENSG00000086848	TK92	DEL		
ALG9-IT1	ENSG00000254450	TK92	DEL		
ALMS1P1	ENSG00000290727	TK92;TK92	DEL;DEL		
ALOX12-AS1	ENSG00000215067	TK91	DEL		
ALOX12P2	ENSG00000291084	TK91	DEL		
ALPG	ENSG00000163286	TK92	DEL		
ALPI	ENSG00000163295			TK13	SNV
ALPP	ENSG00000163283	TK92	DEL	TK13	SNV
ALYREF	ENSG00000183684	TK12	DEL		
AMELX	ENSG00000125363			TK12	SNV
AMIGO3	ENSG00000176020	TK92	DEL		
AMMECR1L	ENSG00000144233	TK13	DEL		
AMOTL1	ENSG00000166025	TK92	DEL		
AMPD2	ENSG00000116337	TK16	DEL		
AMY2A	ENSG00000243480			TK12	SNV
ANAPC13	ENSG00000129055	TK13	DEL		
ANAPC16	ENSG00000166295	TK14	DEL		
ANAPC1P2	ENSG00000285793			TK92	SNV
ANAPC4	ENSG00000053900	TK14	DEL		
ANAPC7	ENSG00000196510	TK16	DEL		
ANG	ENSG00000214274			TK10	SNV
ANGEL1	ENSG00000013523	TK91	DEL		
ANGPTL8	ENSG00000130173	TK92	DEL		
ANKFY1	ENSG00000185722			TK16	SNV
ANKHD1	ENSG00000131503	TK92	DEL		
ANKHD1-DT	ENSG00000249637	TK92	DEL		
ANKRA2	ENSG00000164331	TK93	DEL		
ANKRD1	ENSG00000148677			TK14	SNV
ANKRD11	ENSG00000167522			TK10	SNV
ANKRD18EP	ENSG00000217165	TK14	DEL		
ANKRD2	ENSG00000165887	TK91	DEL		
ANKRD20A10P	ENSG00000226695	TK18	DEL		
ANKRD20A17P	ENSG00000251056	TK93	DEL		
ANKRD20A3P	ENSG00000276203			TK93	SNV
ANKRD20A4P	ENSG00000172014	TK92	DEL		
ANKRD22	ENSG00000152766			TK14	SNV
ANKRD26	ENSG00000107890	TK13	DEL		
ANKRD26P2	ENSG00000235550			TK18	SNV
ANKRD26P4	ENSG00000229427			TK92	SNV
ANKRD30BP3	ENSG00000230501			TK13	SNV
ANKRD33	ENSG00000167612			TK13	SNV
ANKRD33B-AS1	ENSG00000250106			TK91	SNV
ANKRD33BP6	ENSG00000254547			TK10	SNV
ANKRD36C	ENSG00000174501	TK91	DEL		
ANKRD44-DT	ENSG00000225979			TK14	SNV
ANKRD49P1	ENSG00000228446			TK92	SNV
ANKRD49P3	ENSG00000248616			TK91	SNV
ANKRD60	ENSG00000124227			TK14	SNV
ANKRD62	ENSG00000181626			TK13	SNV
ANKRD62P1	ENSG00000259271	TK92	DEL		
ANKRD62P1-PARP4P3	ENSG00000189295	TK92	DEL		
ANKRD65	ENSG00000235098			TK92	INDEL
ANKUB1	ENSG00000206199			TK14	SNV
ANO10	ENSG00000160746	TK91	DEL		
ANO2	ENSG00000047617			TK10	SNV
ANO3	ENSG00000134343			TK91	INDEL,SNV
ANO3-AS1	ENSG00000254819			TK10	SNV
ANO8	ENSG00000074855	TK93	DEL		
ANP32B	ENSG00000136938	TK14	DEL		
ANP32BP1	ENSG00000259790	TK91	DEL		
ANP32D	ENSG00000139223			TK13	INDEL,SNV
ANTXR1	ENSG00000169604			TK93	SNV
ANTXR2	ENSG00000163297	TK91	DEL		
ANXA1	ENSG00000135046	TK13	DEL		
ANXA10	ENSG00000109511			TK10	SNV
ANXA9	ENSG00000143412	TK93	DEL		
AOC4P	ENSG00000260105			TK18	SNV
AOX2P	ENSG00000243478			TK10	SNV
AP1B1P1	ENSG00000290475			TK91	INDEL
AP1G2	ENSG00000213983	TK92	DEL		
AP1G2-AS1	ENSG00000258727	TK92	DEL		
AP2S1	ENSG00000042753	TK13	DEL		
AP4B1	ENSG00000134262	TK12	DEL		
AP5M1	ENSG00000053770	TK13	DEL		
APBB1IP	ENSG00000077420	TK14	DEL		
APELA	ENSG00000248329			TK93	INDEL,SNV
APOA2	ENSG00000158874	TK93	DEL		
APOA4	ENSG00000110244			TK13	SNV
APOBEC1	ENSG00000111701			TK13	SNV
APOBEC3A	ENSG00000128383	TK92	DEL		
APOBEC3C	ENSG00000244509			TK92	SNV
APOC1	ENSG00000130208	TK91	DEL		
APOC1P1	ENSG00000291128	TK91;TK91	DEL;DEL		
APOL5	ENSG00000128313	TK91	DEL		
APOOL	ENSG00000155008	TK92	DEL		
APOOP5	ENSG00000260240			TK13	SNV
APP	ENSG00000142192	TK10	DEL		
AQP10	ENSG00000143595	TK92	DEL		
AQP12A	ENSG00000184945			TK13	SNV
AQP12B	ENSG00000185176			TK14	SNV
AQP8	ENSG00000103375			TK13	SNV
AQP9	ENSG00000103569			TK92	SNV
AQR	ENSG00000021776	TK14	DEL		
ARAFP1	ENSG00000231264			TK14	SNV
ARAP1-AS2	ENSG00000245148	TK16	DEL		
ARF4P2	ENSG00000236527			TK10	SNV
ARFGAP1	ENSG00000101199	TK13	DEL		
ARFGAP2	ENSG00000149182	TK92	DEL		
ARFGEF2	ENSG00000124198	TK91	DEL		
ARFRP1	ENSG00000101246	TK13	DEL		
ARGFXP1	ENSG00000240058			TK13	SNV
ARHGAP11A	ENSG00000198826	TK14	DEL		
ARHGAP12	ENSG00000165322	TK92	DEL		
ARHGAP22-IT1	ENSG00000248682			TK93	SNV
ARHGAP29-AS1	ENSG00000226835			TK14	SNV
ARHGAP39	ENSG00000147799	TK91	DEL		
ARHGAP42P1	ENSG00000227817			TK92	SNV
ARHGAP42P4	ENSG00000258080			TK92	INDEL,SNV
ARHGAP42P5	ENSG00000258233			TK92	SNV
ARHGAP44-AS1	ENSG00000265489			TK92	SNV
ARHGAP6	ENSG00000047648	TK10	DEL		
ARHGEF2-AS2	ENSG00000273002	TK16	DEL		
ARHGEF3-AS1	ENSG00000240198			TK92	SNV
ARHGEF34P	ENSG00000204959	TK13	DEL		
ARHGEF35	ENSG00000213214	TK13	DEL		
ARHGEF35-AS1	ENSG00000244198	TK13	DEL		
ARHGEF38	ENSG00000236699			TK13	SNV
ARHGEF4-AS1	ENSG00000233221			TK13	SNV
ARHGEF7	ENSG00000102606			TK92	SNV
ARHGEF7-IT1	ENSG00000233644			TK18	SNV
ARID1B	ENSG00000049618			TK16	SNV
ARL14	ENSG00000179674			TK13	SNV
ARL2BP	ENSG00000102931	TK18	DEL	TK92	SNV
ARL4AP1	ENSG00000122872			TK93	SNV
ARL4AP4	ENSG00000231395			TK92	SNV
ARL5AP1	ENSG00000227864	TK92	DEL		
ARL6IP1P3	ENSG00000255014			TK92	SNV
ARL9	ENSG00000196503	TK91	DEL		
ARLNC1	ENSG00000260896			TK92	SNV
ARMC3	ENSG00000165309			TK13	SNV
ARMC7	ENSG00000125449	TK14	DEL		
ARMC8	ENSG00000114098	TK14	DEL		
ARMC9	ENSG00000135931	TK91	DEL		
ARMCX5-GPRASP2	ENSG00000286237	TK91	DEL		
ARMH3	ENSG00000120029	TK13	DEL		
ARMS2	ENSG00000254636			TK13	SNV
ARPC1AP2	ENSG00000268282			TK93	SNV
ARPC1AP3	ENSG00000250071			TK13	SNV
ARPC4	ENSG00000241553	TK16	DEL		
ARPC4-TTLL3	ENSG00000250151	TK16	DEL		
ARPC5L	ENSG00000136950	TK13	DEL		
ARPP21	ENSG00000172995			TK10	SNV
ARPP21-AS1	ENSG00000230830			TK10	SNV
ARRB2	ENSG00000141480	TK18	DEL		
ARRDC5	ENSG00000205784			TK13	SNV
ARSJ	ENSG00000180801			TK13	SNV
ARSK	ENSG00000164291	TK13	DEL		
ART1	ENSG00000129744			TK18	SNV
ART4	ENSG00000111339			TK93	SNV
ART5	ENSG00000167311			TK16	SNV
ASB10	ENSG00000146926			TK13	SNV
ASB11	ENSG00000165192			TK91	INDEL
ASB14	ENSG00000239388	TK93	DEL		
ASB2	ENSG00000100628			TK10	INDEL,SNV
ASB3	ENSG00000115239			TK16	SNV
ASF1A	ENSG00000111875	TK91	DEL		
ASGR1	ENSG00000141505	TK91	DEL		
ASGR2	ENSG00000161944	TK91	DEL	TK93	SNV
ASIC5	ENSG00000256394			TK13	SNV
ASIP	ENSG00000101440	TK92	DEL		
ASNSP6	ENSG00000267333			TK93	SNV
ASPA	ENSG00000108381			TK16	SNV
ASPHD1	ENSG00000174939	TK91	DEL		
ASS1P3	ENSG00000233947			TK93	SNV
ASS1P7	ENSG00000236893			TK93	SNV
ASXL1	ENSG00000171456	TK13	DEL		
ASZ1	ENSG00000154438			TK10	SNV
ATF4P1	ENSG00000213338			TK91	SNV
ATF4P2	ENSG00000273041			TK93	SNV
ATF7IP	ENSG00000171681	TK14	DEL		
ATG10-AS1	ENSG00000248192			TK93	SNV
ATG10-IT1	ENSG00000236447			TK91	SNV
ATG101	ENSG00000123395	TK16	DEL		
ATG4B	ENSG00000168397	TK14	DEL		
ATG4C	ENSG00000125703	TK14	DEL		
ATG9A	ENSG00000198925	TK93	DEL		
ATL2	ENSG00000119787	TK13	DEL		
ATOSBP1	ENSG00000240487			TK13	SNV
ATP10A-DT	ENSG00000259011			TK14	SNV
ATP13A3-DT	ENSG00000233058	TK14	DEL		
ATP13A5-AS1	ENSG00000236508			TK91	SNV
ATP1A2	ENSG00000018625	TK91	DEL		
ATP1A3	ENSG00000105409	TK91	DEL		
ATP1A4	ENSG00000132681	TK91	DEL		
ATP2A1	ENSG00000196296	TK91	DEL		
ATP2A1-AS1	ENSG00000260442	TK91	DEL		
ATP2B2-IT2	ENSG00000224771			TK14	SNV
ATP5F1AP8	ENSG00000234720			TK92	SNV
ATP5F1BP1	ENSG00000231635			TK13	SNV
ATP5F1EP2	ENSG00000180389			TK13	SNV
ATP5MC1P3	ENSG00000242244			TK10	SNV
ATP5MC1P5	ENSG00000227590			TK92	INDEL
ATP5MFP1	ENSG00000224421	TK13	DEL		
ATP5MFP5	ENSG00000256103			TK92	SNV
ATP5MGP7	ENSG00000267189			TK93	SNV
ATP5MKP1	ENSG00000231549	TK91	DEL		
ATP5PBP1	ENSG00000224451			TK92	SNV
ATP5PBP5	ENSG00000254944			TK10	SNV
ATP5PBP8	ENSG00000270880			TK92	SNV
ATP5PDP1	ENSG00000261679			TK91	SNV
ATP5PDP2	ENSG00000229184			TK92	INDEL,SNV
ATP5PFP1	ENSG00000237701			TK93	SNV
ATP6V0A2	ENSG00000185344	TK91	DEL		
ATP6V0CP1	ENSG00000230201			TK91	SNV
ATP6V0E1	ENSG00000113732	TK92	DEL		
ATP6V0E1P1	ENSG00000225364	TK91	DEL	TK92	SNV
ATP6V1A	ENSG00000114573			TK93	SNV
ATP6V1B1	ENSG00000116039			TK10	SNV
ATP6V1B2	ENSG00000147416	TK18	DEL		
ATP6V1C1	ENSG00000155097	TK14	DEL		
ATP6V1E1	ENSG00000131100	TK13	DEL		
ATP6V1G1P4	ENSG00000233343	TK18	DEL		
ATP6V1G1P6	ENSG00000249372	TK13	DEL		
ATP7A	ENSG00000165240	TK13	DEL		
ATP7BP1	ENSG00000270855			TK92	SNV
ATP8A2P2	ENSG00000229800			TK13	SNV
ATP8B1	ENSG00000081923	TK12	DEL		
ATPAF2	ENSG00000171953			TK13	SNV
ATRNL1	ENSG00000107518	TK14	DEL		
ATXN2	ENSG00000204842	TK14	DEL		
ATXN7L1	ENSG00000146776	TK13	DEL		
ATXN7L3B	ENSG00000253719			TK10	SNV
AUH	ENSG00000148090	TK13	DEL		
AURKAP1	ENSG00000213033	TK13	DEL		
AVL9	ENSG00000105778	TK91	DEL		
AVPR1B	ENSG00000198049			TK10	SNV
AWAT2	ENSG00000147160			TK92	SNV
AXL	ENSG00000167601			TK14	SNV
AZGP1P1	ENSG00000291148	TK14;TK14	DEL;DEL		
B3GALNT1	ENSG00000169255			TK93	SNV
B3GALT4	ENSG00000235863	TK91	DEL		
B3GNT2P1	ENSG00000229946			TK13	SNV
B3GNT4	ENSG00000176383	TK12	DEL		
B3GNT5	ENSG00000176597			TK14	SNV
B3GNT7	ENSG00000156966	TK91	DEL	TK10	SNV
B4GALT1	ENSG00000086062	TK13	DEL		
BACE2-IT1	ENSG00000224388			TK93	SNV
BAD	ENSG00000002330			TK16	SNV
BAG1	ENSG00000107262	TK13	DEL		
BAG2	ENSG00000112208	TK13	DEL		
BALR6	ENSG00000274840			TK14	SNV
BANCR	ENSG00000278910			TK91	SNV
BANF1	ENSG00000175334	TK91	DEL		
BANF1P4	ENSG00000223828			TK91	INDEL
BARD1	ENSG00000138376	TK13	DEL		
BASP1	ENSG00000176788			TK10	SNV
BASP1P1	ENSG00000230535			TK10	SNV
BATF	ENSG00000156127	TK14	DEL		
BAZ2B	ENSG00000123636	TK10	DEL		
BBOX1	ENSG00000129151	TK92	DEL	TK92	SNV
BBOX1-AS1	ENSG00000254560	TK92	DEL		
BBS1	ENSG00000174483	TK16	DEL		
BBX	ENSG00000114439	TK18	DEL		
BCAN	ENSG00000132692	TK18	DEL		
BCAN-AS1	ENSG00000272068	TK18	DEL		
BCAN-AS2	ENSG00000229953	TK18	DEL		
BCAR1	ENSG00000050820	TK18	DEL		
BCKDK	ENSG00000103507	TK92	DEL		
BCL2A1	ENSG00000140379			TK93	SNV
BCL9P1	ENSG00000249238			TK92	SNV
BCO1	ENSG00000135697			TK13	SNV
BCORL1	ENSG00000085185	TK13	DEL		
BCORP1	ENSG00000215580			TK10	SNV
BCRP1	ENSG00000225098	TK10	DEL		
BCRP8	ENSG00000236794			TK18	SNV
BDKRB1	ENSG00000100739			TK18	SNV
BDKRB2	ENSG00000168398			TK13	SNV
BDP1	ENSG00000145734	TK91	DEL		
BECN2	ENSG00000196289			TK10	SNV
BEND2	ENSG00000177324			TK18	SNV
BEND4	ENSG00000188848	TK92	DEL		
BEND5	ENSG00000162373			TK12	SNV
BEND7P1	ENSG00000230320	TK91	DEL		
BEST2	ENSG00000039987	TK93	DEL	TK92	SNV
BEST3	ENSG00000127325			TK13	SNV
BGLAP	ENSG00000242252	TK92	DEL		
BHLHE23	ENSG00000125533			TK10	SNV
BICDL3P	ENSG00000225969			TK92	SNV
BICRAL	ENSG00000112624	TK18	DEL		
BIRC2	ENSG00000110330	TK93	DEL		
BIRC6	ENSG00000115760	TK92	DEL		
BIRC6-AS1	ENSG00000230046	TK92	DEL		
BIRC6-AS2	ENSG00000279897			TK93	SNV
BIVM	ENSG00000134897	TK18	DEL		
BLM	ENSG00000197299	TK14	DEL		
BLNK	ENSG00000095585			TK16	SNV
BLOC1S1	ENSG00000135441	TK12	DEL		
BLVRBP1	ENSG00000273682			TK93	SNV
BMP1	ENSG00000168487	TK14	DEL		
BMP2KL	ENSG00000204113	TK91	DEL		
BMP3	ENSG00000152785			TK92	SNV
BMP8A	ENSG00000183682	TK10	DEL		
BMPR1B-DT	ENSG00000249599			TK93	SNV
BMS1P13	ENSG00000231701	TK91	DEL		
BMS1P4	ENSG00000271816	TK93;TK93	DEL;DEL		
BMS1P4-AGAP5	ENSG00000242288	TK93	DEL		
BMS1P8	ENSG00000260518			TK91	SNV
BNIP3P10	ENSG00000270270	TK92	DEL		
BNIP3P2	ENSG00000236097			TK92	SNV
BNIP3P22	ENSG00000268174			TK18	SNV
BNIP3P25	ENSG00000268322	TK92	DEL	TK92	SNV
BNIP3P26	ENSG00000268705	TK92	DEL	TK92	SNV
BNIP3P28	ENSG00000271095			TK91	SNV
BNIP3P29	ENSG00000269742			TK18	SNV
BNIP3P34	ENSG00000269509			TK92	SNV
BNIP3P35	ENSG00000271655			TK91	SNV
BNIP3P36	ENSG00000271661	TK13	DEL		
BNIP3P37	ENSG00000270479	TK13	DEL	TK92	SNV
BNIP3P39	ENSG00000269662	TK91	DEL	TK18	SNV
BNIP3P45	ENSG00000271146			TK93	SNV
BNIP3P47	ENSG00000273791	TK14	DEL	TK18	SNV
BNIP3P9	ENSG00000270325	TK92	DEL		
BOD1	ENSG00000145919	TK14	DEL		
BOD1L1	ENSG00000038219	TK16	DEL		
BOD1L2	ENSG00000228075			TK16	SNV
BOLL	ENSG00000152430	TK13	DEL		
BORA	ENSG00000136122	TK13	DEL		
BORCS6	ENSG00000196544	TK91	DEL	TK10	SNV
BPIFA1	ENSG00000198183			TK13	SNV
BPIFA2	ENSG00000131050			TK13	SNV
BPIFB2	ENSG00000078898			TK14	SNV
BPIFB5P	ENSG00000233146			TK16	SNV
BPNT1	ENSG00000162813	TK16	DEL		
BRCA1	ENSG00000012048	TK18	DEL		
BRCA1P1	ENSG00000267595	TK92	DEL	TK13	SNV
BRD8	ENSG00000112983	TK18	DEL		
BRF1	ENSG00000185024	TK10	DEL		
BRI3P1	ENSG00000225169			TK93	SNV
BRI3P3	ENSG00000230273			TK92	SNV
BRINP2	ENSG00000198797			TK14	SNV
BRIP1	ENSG00000136492	TK91	DEL		
BRMS1L	ENSG00000100916	TK13	DEL		
BROX	ENSG00000162819	TK13	DEL		
BRPF3	ENSG00000096070	TK10	DEL		
BRSK1	ENSG00000160469	TK13	DEL		
BRWD1P1	ENSG00000215909			TK92	SNV
BRWD1P3	ENSG00000232841			TK93	SNV
BSCL2	ENSG00000168000	TK92	DEL	TK10	SNV
BSG-AS1	ENSG00000267751	TK12	DEL		
BTBD7P1	ENSG00000203414			TK91	SNV
BTD	ENSG00000169814	TK13	DEL		
BTF3P3	ENSG00000254272			TK93	SNV
BTN1A1	ENSG00000124557	TK92	DEL		
BTN1A1P1	ENSG00000284688	TK92	DEL		
BTNL2	ENSG00000204290	TK92	DEL		
BUB3P1	ENSG00000227968			TK92	SNV
C10orf120	ENSG00000183559			TK18	INDEL,SNV
C10orf62	ENSG00000203942	TK91	DEL		
C10orf95-AS1	ENSG00000269609			TK92	SNV
C11orf40	ENSG00000171987			TK13	SNV
C11orf58	ENSG00000110696	TK14	DEL		
C11orf98	ENSG00000278615	TK92	DEL		
C12orf29P2	ENSG00000244561			TK13	SNV
C12orf42-AS1	ENSG00000257860			TK14	SNV
C12orf43	ENSG00000157895	TK91	DEL		
C12orf50	ENSG00000165805			TK10	SNV
C12orf54	ENSG00000177627			TK13	SNV
C12orf56	ENSG00000185306			TK10	SNV
C12orf57	ENSG00000111678			TK93	SNV
C14orf180	ENSG00000184601			TK14	SNV
C14orf39	ENSG00000179008			TK10	SNV
C15orf39	ENSG00000167173	TK16	DEL		
C16orf46	ENSG00000166455			TK92	INDEL
C16orf74	ENSG00000154102			TK92	SNV
C16orf92	ENSG00000167194	TK91	DEL		
C16orf96	ENSG00000205832			TK92	INDEL,SNV
C17orf80	ENSG00000141219	TK18	DEL		
C17orf99	ENSG00000187997	TK91	DEL		
C18orf15	ENSG00000279020			TK92	SNV
C18orf25	ENSG00000152242	TK13	DEL		
C18orf54	ENSG00000166845	TK93	DEL		
C19orf84	ENSG00000262874			TK18	SNV
C1DP2	ENSG00000236217	TK92	DEL		
C1DP5	ENSG00000254965			TK16	SNV
C1GALT1P2	ENSG00000251435			TK91	SNV
C1QA	ENSG00000173372			TK10	SNV
C1QL2	ENSG00000144119			TK93	SNV
C1QL4	ENSG00000186897	TK92	DEL		
C1QTNF3-AMACR	ENSG00000273294	TK10	DEL		
C1orf159	ENSG00000131591	TK18	DEL		
C1orf21	ENSG00000116667	TK10	DEL		
C1orf94	ENSG00000142698			TK13	INDEL
C20orf141	ENSG00000258713			TK14	SNV
C20orf203	ENSG00000198547			TK13	SNV
C20orf96	ENSG00000196476	TK10	DEL		
C22orf42	ENSG00000205856			TK13	SNV
C2CD4D-AS1	ENSG00000234614	TK10	DEL		
C2orf27A	ENSG00000287151	TK14	DEL		
C2orf49	ENSG00000135974	TK91	DEL		
C2orf69	ENSG00000178074	TK14	DEL		
C2orf78	ENSG00000187833			TK92	SNV
C2orf83	ENSG00000290795			TK13	SNV
C3orf38	ENSG00000179021	TK91	DEL		
C4BPAP1	ENSG00000224462			TK92	SNV
C4orf46P2	ENSG00000248503	TK13	DEL		
C5	ENSG00000106804	TK13	DEL		
C5orf22	ENSG00000082213	TK91	DEL		
C5orf52	ENSG00000187658			TK93	SNV
C6orf15	ENSG00000204542	TK92	DEL	TK14	SNV
C6orf52	ENSG00000137434			TK92	SNV
C8A	ENSG00000157131			TK13	SNV
C8orf33	ENSG00000182307	TK91	DEL		
C8orf34-AS1	ENSG00000248801			TK13	SNV
C9orf85P2	ENSG00000244346	TK91	DEL		
CA15P1	ENSG00000241527	TK91	DEL		
CA5AP1	ENSG00000260133	TK10	DEL	TK92	SNV
CABP2	ENSG00000167791			TK13	SNV
CABS1	ENSG00000145309			TK13	SNV
CACNA1C-AS4	ENSG00000256025			TK18	SNV
CACNA1G	ENSG00000006283			TK93	SNV
CACNA1H	ENSG00000196557			TK14	SNV
CACNA2D3-AS1	ENSG00000243715			TK92	SNV
CACNB1	ENSG00000067191	TK14	DEL		
CACNB2	ENSG00000165995			TK92	SNV
CACYBPP1	ENSG00000225928			TK93	SNV
CADM3-AS1	ENSG00000225670			TK13	SNV
CALCR	ENSG00000004948			TK13	SNV
CALCRL	ENSG00000064989	TK14	DEL		
CALHM4	ENSG00000164451			TK14	SNV
CALM1P2	ENSG00000230564			TK92	SNV
CAMK1	ENSG00000134072	TK10	DEL		
CAMK2D	ENSG00000145349			TK92	SNV
CAMK2G	ENSG00000148660			TK18	SNV
CAMKMT	ENSG00000143919	TK13	DEL		
CAMTA1-AS1	ENSG00000225126			TK13	SNV
CAMTA1-AS3	ENSG00000237365			TK18	SNV
CAPN10	ENSG00000142330	TK18	DEL		
CAPN15	ENSG00000103326	TK16	DEL		
CAPN7	ENSG00000131375	TK18	DEL		
CAPNS2	ENSG00000256812			TK93	SNV
CAPS	ENSG00000105519	TK91	DEL		
CAPSL	ENSG00000152611			TK13	SNV
CAPZA1P1	ENSG00000230956			TK91	SNV
CARD11	ENSG00000198286	TK10	DEL		
CARM1P1	ENSG00000227835			TK10	SNV
CARMN	ENSG00000249669			TK93	SNV
CARNMT1	ENSG00000156017	TK14	DEL		
CASC3	ENSG00000108349	TK14	DEL		
CASKP1	ENSG00000234059			TK10	SNV
CASP2	ENSG00000106144	TK12	DEL		
CASP4LP	ENSG00000291173			TK91	SNV
CASP8	ENSG00000064012	TK14	DEL		
CASQ1	ENSG00000143318	TK91	DEL		
CASTOR1	ENSG00000239282			TK10	SNV
CASTOR3P	ENSG00000291122	TK91	DEL		
CASZ1	ENSG00000130940			TK10	INDEL
CATSPER1	ENSG00000175294	TK91	DEL		
CATSPERD	ENSG00000174898	TK91	DEL		
CBFA2T2	ENSG00000078699	TK18	DEL		
CBS	ENSG00000160200	TK18	DEL		
CBX1P4	ENSG00000214321			TK92	SNV
CBX3P5	ENSG00000257666			TK93	SNV
CBX4	ENSG00000141582	TK18	DEL		
CCDC102A	ENSG00000135736	TK13	DEL		
CCDC105	ENSG00000160994			TK14	SNV
CCDC121P1	ENSG00000271400			TK92	SNV
CCDC126	ENSG00000169193	TK13	DEL		
CCDC141	ENSG00000163492			TK91	SNV
CCDC144NL	ENSG00000205212			TK92	SNV
CCDC148	ENSG00000153237	TK91	DEL		
CCDC160	ENSG00000203952			TK10	SNV
CCDC172	ENSG00000182645			TK13	SNV
CCDC178	ENSG00000166960			TK10	SNV
CCDC18	ENSG00000122483	TK14	DEL		
CCDC18-AS1	ENSG00000223745	TK92	DEL		
CCDC186	ENSG00000165813	TK92	DEL		
CCDC190	ENSG00000185860			TK16	SNV
CCDC195	ENSG00000283428			TK93	SNV
CCDC24	ENSG00000159214			TK13	SNV
CCDC28A	ENSG00000024862	TK13	DEL		
CCDC38	ENSG00000165972	TK91	DEL		
CCDC39	ENSG00000284862	TK91	DEL		
CCDC50	ENSG00000152492	TK14	DEL		
CCDC57	ENSG00000176155	TK92	DEL		
CCDC6	ENSG00000108091	TK14	DEL		
CCDC69	ENSG00000198624	TK14	DEL		
CCDC86-AS1	ENSG00000256813			TK92	SNV
CCDC9	ENSG00000105321	TK16	DEL		
CCDC97	ENSG00000142039	TK16	DEL		
CCER1	ENSG00000197651			TK10	SNV
CCHCR1	ENSG00000204536	TK92	DEL		
CCK	ENSG00000187094			TK13	SNV
CCKAR	ENSG00000163394			TK14	SNV
CCKBR	ENSG00000110148			TK93	SNV
CCL13	ENSG00000181374			TK13	SNV
CCL15	ENSG00000275718			TK13	SNV
CCL18	ENSG00000275385			TK13	SNV
CCN3	ENSG00000136999			TK13	SNV
CCNA1	ENSG00000133101			TK13	SNV
CCNB1IP1P1	ENSG00000229815			TK18	SNV
CCNB1IP1P3	ENSG00000231001			TK91	SNV
CCNB2	ENSG00000157456	TK14	DEL		
CCNC	ENSG00000112237	TK14	DEL		
CCNDBP1	ENSG00000166946	TK18	DEL		
CCNH	ENSG00000134480	TK18	DEL		
CCNJP2	ENSG00000223896	TK13	DEL		
CCNL2P1	ENSG00000248283			TK92	SNV
CCNQP1	ENSG00000233827			TK13	SNV
CCNYL2	ENSG00000290445			TK18	SNV
CCNYL6	ENSG00000269845	TK14	DEL		
CCR12P	ENSG00000238241			TK10	SNV
CCSER2	ENSG00000107771	TK92	DEL		
CCT4P1	ENSG00000242703			TK92	SNV
CCT4P2	ENSG00000225569			TK92	INDEL,SNV
CCT6P3	ENSG00000290860	TK93;TK93	DEL;DEL		
CCT7P1	ENSG00000217733			TK13	SNV
CCT7P2	ENSG00000249958			TK92	INDEL
CCT8L2	ENSG00000198445	TK92	DEL	TK14	SNV
CCT8P1	ENSG00000226015	TK92	DEL		
CCZ1B	ENSG00000146574	TK16	DEL		
CD177	ENSG00000204936			TK14	SNV
CD19	ENSG00000177455	TK91	DEL		
CD1A	ENSG00000158477			TK14	SNV
CD2	ENSG00000116824			TK13	SNV
CD22	ENSG00000012124	TK91	DEL	TK13	SNV
CD248	ENSG00000174807			TK10	SNV
CD24P1	ENSG00000236500			TK92	SNV
CD27	ENSG00000139193	TK10	DEL		
CD27-AS1	ENSG00000215039	TK10	DEL		
CD300E	ENSG00000186407			TK13	SNV
CD34	ENSG00000174059			TK14	SNV
CD36	ENSG00000135218			TK92	SNV
CD37	ENSG00000104894	TK92	DEL		
CD3D	ENSG00000167286			TK13	SNV
CD3E	ENSG00000198851	TK92	DEL		
CD46P1	ENSG00000244703			TK93	SNV
CD53	ENSG00000143119	TK16	DEL		
CD58	ENSG00000116815	TK91	DEL		
CD81	ENSG00000110651	TK14	DEL		
CD84	ENSG00000066294	TK91	DEL		
CD9	ENSG00000010278	TK13	DEL		
CD99L2	ENSG00000102181	TK14	DEL		
CDC16	ENSG00000130177	TK18	DEL		
CDC20P1	ENSG00000231007	TK13	DEL		
CDC25B	ENSG00000101224	TK91	DEL		
CDC27P2	ENSG00000237447			TK13	SNV
CDC37P2	ENSG00000261089			TK10	SNV
CDC42EP1	ENSG00000128283	TK18	DEL		
CDC42P2	ENSG00000234844	TK92	DEL		
CDC42P3	ENSG00000253971	TK93	DEL		
CDC42P4	ENSG00000249965			TK14	SNV
CDC42P7	ENSG00000237982			TK92	SNV
CDCA4P2	ENSG00000224466			TK14	SNV
CDCA4P4	ENSG00000234219			TK92	SNV
CDCA8	ENSG00000134690	TK14	DEL		
CDH1	ENSG00000039068			TK92	SNV
CDH12P4	ENSG00000253900			TK92	SNV
CDH18-AS1	ENSG00000249854			TK92	SNV
CDH19	ENSG00000071991			TK91	SNV
CDH9	ENSG00000113100	TK10	DEL		
CDHR5	ENSG00000099834	TK91	DEL		
CDIPT	ENSG00000103502	TK91	DEL		
CDIPTOSP	ENSG00000214725	TK91	DEL		
CDK10	ENSG00000185324	TK91	DEL		
CDK13	ENSG00000065883	TK10	DEL		
CDK16	ENSG00000102225	TK91	DEL		
CDK17	ENSG00000059758	TK14	DEL		
CDK2	ENSG00000123374			TK18	SNV
CDK20	ENSG00000156345			TK14	SNV
CDK3	ENSG00000250506	TK91	DEL		
CDK5	ENSG00000164885	TK91	DEL		
CDK5P1	ENSG00000235165			TK10	SNV
CDK8P1	ENSG00000230044	TK91	DEL		
CDK9	ENSG00000136807			TK12	SNV
CDKL1	ENSG00000100490			TK18	SNV
CDKN1B	ENSG00000111276	TK93	DEL		
CDKN2A-DT	ENSG00000224854			TK14	SNV
CDKN2AIPNLP2	ENSG00000145835			TK91	SNV
CDR2L	ENSG00000109089	TK92	DEL		
CDRT15P10	ENSG00000273693			TK93	SNV
CDRT15P2	ENSG00000227255	TK14	DEL	TK13	SNV
CDRT15P6	ENSG00000276832	TK10	DEL		
CDRT15P8	ENSG00000279062			TK91	SNV
CDSN	ENSG00000204539	TK92	DEL		
CDT1	ENSG00000167513	TK92	DEL		
CDX1	ENSG00000113722			TK18	SNV
CDX2	ENSG00000165556			TK13	INDEL
CDYL-AS1	ENSG00000236336			TK91	SNV
CEACAM22P	ENSG00000230666			TK91;TK93	SNV;SNV
CEACAMP3	ENSG00000239736			TK91	SNV
CEACAMP5	ENSG00000231561			TK91	SNV
CELF3	ENSG00000159409	TK92	DEL		
CEND1	ENSG00000184524	TK91	DEL		
CENPBD2P	ENSG00000213753	TK91	DEL		
CENPC	ENSG00000145241	TK93	DEL		
CENPL	ENSG00000120334	TK91	DEL		
CENPQ	ENSG00000031691	TK18	DEL		
CENPU	ENSG00000151725	TK13	DEL		
CEP135	ENSG00000174799	TK13	DEL		
CEP43	ENSG00000213066			TK12	INDEL
CEP83	ENSG00000173588	TK18	DEL		
CEP97	ENSG00000182504	TK10	DEL		
CEPT1	ENSG00000134255	TK18	DEL		
CER1	ENSG00000147869			TK14	SNV
CERNA3	ENSG00000253603			TK91	SNV
CEROX1	ENSG00000260807			TK13	SNV
CFAP126	ENSG00000188931	TK14	DEL		
CFAP144	ENSG00000186973			TK13	SNV
CFAP276	ENSG00000179902	TK92	DEL		
CFAP418-AS1	ENSG00000253773			TK10	SNV
CFAP58	ENSG00000120051	TK93	DEL		
CFAP68	ENSG00000137720	TK92	DEL		
CFAP77	ENSG00000188523			TK93	SNV
CFAP99	ENSG00000206113	TK91	DEL		
CFL1P5	ENSG00000213830			TK18	SNV
CFL1P8	ENSG00000234239			TK91	SNV
CFTRP3	ENSG00000204555	TK92	DEL		
CGA	ENSG00000135346			TK10	SNV
CGB3	ENSG00000104827			TK13	SNV
CGB5	ENSG00000189052			TK92	SNV
CH25H	ENSG00000138135			TK13	SNV
CHAF1B	ENSG00000159259	TK13	DEL		
CHCHD2P3	ENSG00000270849	TK13	DEL	TK92	SNV
CHCHD2P7	ENSG00000249973			TK10	SNV
CHCHD4	ENSG00000163528	TK14	DEL		
CHCHD4P5	ENSG00000225222			TK91	SNV
CHCHD7	ENSG00000170791	TK92	DEL		
CHD1	ENSG00000153922	TK18	DEL		
CHEK2P3	ENSG00000234898			TK92	SNV
CHIAP3	ENSG00000234020			TK14	SNV
CHILL1	ENSG00000253616	TK92	DEL		
CHKA	ENSG00000110721	TK14	DEL		
CHKB	ENSG00000100288	TK93	DEL		
CHL1-AS2	ENSG00000224318			TK16	INDEL,SNV
CHMP2A	ENSG00000130724	TK12	DEL		
CHMP2B	ENSG00000083937	TK14	DEL		
CHMP4A	ENSG00000254505			TK14	SNV
CHORDC2P	ENSG00000259050			TK13	SNV
CHP1P1	ENSG00000248930			TK18	SNV
CHPF	ENSG00000123989	TK93	DEL		
CHRM2	ENSG00000181072			TK14	SNV
CHROMR	ENSG00000223960	TK12	DEL		
CHST13	ENSG00000180767			TK18	SNV
CIAO1	ENSG00000144021	TK93	DEL		
CIAO2B	ENSG00000166595	TK93	DEL		
CICP1	ENSG00000233652			TK91	SNV
CICP11	ENSG00000237799	TK92	DEL	TK92	SNV
CICP17	ENSG00000227233			TK92	SNV
CICP2	ENSG00000233740			TK92	SNV
CICP21	ENSG00000278455			TK91	SNV
CICP23	ENSG00000270921			TK14	SNV
CICP26	ENSG00000233003			TK92	SNV
CICP28	ENSG00000277253			TK92	INDEL,SNV
CICP4	ENSG00000232852			TK18	SNV
CICP7	ENSG00000233653	TK91	DEL		
CIDEC	ENSG00000187288			TK10	SNV
CIPC	ENSG00000198894			TK93	SNV
CIR1P1	ENSG00000253146			TK91	SNV
CIR1P2	ENSG00000250215			TK91	SNV
CISD3	ENSG00000277972	TK12	DEL		
CISTR	ENSG00000260492			TK92	SNV
CIT	ENSG00000122966	TK14	DEL		
CKAP2LP1	ENSG00000271461			TK93	SNV
CKLF	ENSG00000217555			TK10	SNV
CLASP1-AS1	ENSG00000265451			TK16	SNV
CLASP2	ENSG00000163539	TK13	DEL		
CLC	ENSG00000105205	TK92	DEL		
CLCA4	ENSG00000016602			TK10	SNV
CLCNKA	ENSG00000186510	TK10	DEL		
CLCNKB	ENSG00000184908	TK10	DEL		
CLCP2	ENSG00000226158			TK14	SNV
CLDN1	ENSG00000163347			TK14	SNV
CLDN19	ENSG00000164007			TK10	SNV
CLDN25	ENSG00000228607			TK18	SNV
CLDN7	ENSG00000181885	TK91	DEL		
CLDND1	ENSG00000080822	TK16	DEL		
CLEC10A	ENSG00000132514	TK91	DEL		
CLEC12B	ENSG00000256660			TK14	SNV
CLEC18B	ENSG00000140839	TK92	DEL		
CLEC19A	ENSG00000261210			TK93	SNV
CLEC3A	ENSG00000166509			TK13	SNV
CLEC4D	ENSG00000166527			TK93	SNV
CLEC4F	ENSG00000152672			TK92	INDEL
CLEC4OP	ENSG00000267453			TK10;TK13	SNV;SNV
CLEC6A	ENSG00000205846			TK14	SNV
CLEC7A	ENSG00000172243	TK91	DEL		
CLGN	ENSG00000153132	TK92	DEL		
CLIC4P2	ENSG00000269546	TK91	DEL		
CLIC4P3	ENSG00000237931			TK92	SNV
CLIP4	ENSG00000115295	TK13	DEL		
CLK3P2	ENSG00000226191			TK91	SNV
CLK4	ENSG00000113240	TK14	DEL		
CLSPN	ENSG00000092853	TK93	DEL		
CLSTN2-AS1	ENSG00000250433	TK91	DEL		
CLTA	ENSG00000122705	TK14	DEL		
CLU	ENSG00000120885	TK10	DEL		
CLUHP4	ENSG00000249003			TK13	SNV
CLVS1	ENSG00000177182	TK92	DEL		
CLYBL-AS2	ENSG00000227659			TK14	SNV
CMPK1	ENSG00000162368	TK92	DEL		
CMTM5	ENSG00000166091			TK13	SNV
CMTR2	ENSG00000180917	TK93	DEL		
CNBP	ENSG00000169714	TK91	DEL		
CNGA2	ENSG00000183862			TK14	SNV
CNIH1	ENSG00000100528	TK18	DEL		
CNIH3-AS2	ENSG00000233384			TK92	SNV
CNN2P12	ENSG00000204718			TK12	SNV
CNN2P2	ENSG00000227069			TK91	SNV
CNN2P8	ENSG00000213355			TK92	SNV
CNOT4	ENSG00000080802	TK10	DEL		
CNOT8	ENSG00000155508	TK13	DEL		
CNST	ENSG00000162852	TK93	DEL		
CNTFR-AS1	ENSG00000237159			TK93	SNV
CNTN5	ENSG00000149972	TK18	DEL		
CNTNAP3P5	ENSG00000278213			TK92	SNV
CNTRL	ENSG00000119397	TK92	DEL		
COBLP1	ENSG00000231270	TK92	DEL	TK92	SNV
COCH	ENSG00000100473	TK10	DEL		
COG7	ENSG00000168434	TK18	DEL		
COL18A1-AS2	ENSG00000224574			TK93	SNV
COL3A1	ENSG00000168542			TK13	SNV
COL4A4	ENSG00000081052	TK18	DEL		
COLEC11	ENSG00000118004			TK18	SNV
COMETT	ENSG00000231210	TK93	DEL		
COMMD10	ENSG00000145781	TK14	DEL		
COMMD2	ENSG00000114744	TK93	DEL		
COMMD4	ENSG00000140365	TK91	DEL		
COMMD5	ENSG00000170619	TK91	DEL		
COMMD8	ENSG00000169019	TK14	DEL		
COMP	ENSG00000105664			TK14	SNV
COP1P1	ENSG00000266613			TK91	SNV
COPRSP1	ENSG00000236440			TK14	SNV
COPS3	ENSG00000141030	TK13	DEL		
COPS4	ENSG00000138663	TK13	DEL		
COPS5P2	ENSG00000270445	TK91	DEL		
COQ2	ENSG00000173085	TK92	DEL		
COQ3	ENSG00000132423	TK13	DEL		
CORIN	ENSG00000145244	TK91	DEL		
COX17P1	ENSG00000205105			TK93	SNV
COX20P2	ENSG00000235013			TK16	SNV
COX4I2	ENSG00000131055	TK92	DEL		
COX5B	ENSG00000135940	TK92	DEL		
COX5BP7	ENSG00000226024			TK18	SNV
COX6A1	ENSG00000111775			TK12	SNV
COX6B1P3	ENSG00000172912	TK14	DEL		
COX6B1P5	ENSG00000249047			TK16	SNV
COX6CP1	ENSG00000260318			TK93	SNV
COX6CP13	ENSG00000234144	TK10	DEL		
COX6CP17	ENSG00000235141	TK16	DEL		
COX7A2P1	ENSG00000258626			TK16	SNV
COX7A2P2	ENSG00000236764			TK91	INDEL,SNV
COX7B	ENSG00000131174	TK13	DEL		
COX7CP3	ENSG00000254478			TK93	SNV
CPA1	ENSG00000091704			TK14	SNV
CPA3	ENSG00000163751			TK14	SNV
CPB2-AS1	ENSG00000235903			TK18	SNV
CPEB1-AS1	ENSG00000259462			TK10	SNV
CPM	ENSG00000135678	TK92	DEL		
CPN1	ENSG00000120054			TK13	SNV
CPNE1	ENSG00000214078	TK18	DEL		
CPQ	ENSG00000104324	TK10	DEL		
CPTP	ENSG00000224051	TK92	DEL		
CPVL	ENSG00000106066	TK18	DEL		
CRABP2	ENSG00000143320	TK18	DEL		
CRACR2B	ENSG00000177685	TK91	DEL		
CRADD	ENSG00000169372	TK13	DEL		
CRADD-AS1	ENSG00000258274	TK13	DEL		
CRB3	ENSG00000130545	TK91	DEL		
CRBN	ENSG00000113851	TK91	DEL		
CREB1	ENSG00000118260	TK14	DEL		
CRELD2	ENSG00000184164	TK12	DEL		
CREM	ENSG00000095794	TK18	DEL		
CRISP2	ENSG00000124490			TK14	SNV
CRK	ENSG00000167193	TK91	DEL		
CRLF3P1	ENSG00000236596			TK92	INDEL,SNV
CRMP1	ENSG00000072832	TK10	DEL		
CRNDE	ENSG00000245694			TK18	SNV
CROCCP1	ENSG00000225769			TK14	SNV
CRP	ENSG00000132693			TK13	SNV
CRTC1	ENSG00000105662	TK13	DEL		
CRTC1P1	ENSG00000204993			TK92	SNV
CRTC2	ENSG00000160741	TK93	DEL		
CRYAA	ENSG00000160202			TK18	SNV
CRYAB	ENSG00000109846	TK92	DEL		
CRYBG1	ENSG00000112297			TK92	SNV
CRYGA	ENSG00000168582			TK13	SNV
CRYGD	ENSG00000118231			TK13	SNV
CRYGFP	ENSG00000232799			TK12	SNV
CRYGN	ENSG00000127377			TK12	SNV
CSF2RBP1	ENSG00000232254			TK93	SNV
CSGALNACT2P2	ENSG00000256709			TK92	SNV
CSKMT	ENSG00000214756	TK92	DEL		
CSN2	ENSG00000135222			TK91	SNV
CSNK1D	ENSG00000141551	TK92	DEL		
CSNK1E	ENSG00000213923	TK12	DEL		
CSNK2A2	ENSG00000070770	TK14	DEL		
CSRNP1	ENSG00000144655	TK14	DEL		
CSRP1-AS1	ENSG00000224536	TK14	DEL		
CSRP2P2	ENSG00000249098	TK10	DEL		
CST13P	ENSG00000290388			TK92	SNV
CST6	ENSG00000175315	TK91	DEL		
CST7	ENSG00000077984	TK14	DEL		
CST8	ENSG00000125815			TK13	SNV
CST9	ENSG00000173335			TK16	SNV
CST9L	ENSG00000101435			TK13	SNV
CT45A5	ENSG00000228836			TK13	SNV
CT45A9	ENSG00000270946	TK14	DEL		
CT47B1	ENSG00000236446			TK14	SNV
CT47C1	ENSG00000277535	TK92	DEL	TK13	SNV
CTAGE10P	ENSG00000181358			TK92	SNV
CTAGE4	ENSG00000288784			TK13	SNV
CTAGE8	ENSG00000289604	TK13	DEL	TK13	SNV
CTAGE9	ENSG00000236761			TK13	SNV
CTBP2P3	ENSG00000267153			TK10	SNV
CTBP2P7	ENSG00000267091			TK10	SNV
CTCF	ENSG00000102974	TK14	DEL		
CTCFL	ENSG00000124092			TK92	SNV
CTDNEP1P2	ENSG00000251467			TK93	SNV
CTH	ENSG00000116761	TK13	DEL		
CTLA4	ENSG00000163599	TK12	DEL		
CTNNA1	ENSG00000044115			TK91	SNV
CTNNA2	ENSG00000066032			TK14	SNV
CTNNBIP1	ENSG00000178585			TK13	SNV
CTRB1	ENSG00000168925			TK91	SNV
CTSB	ENSG00000164733	TK18	DEL		
CTSL	ENSG00000135047	TK93	DEL		
CTSL3P	ENSG00000290757	TK93;TK93	DEL;DEL		
CTSLP1	ENSG00000236417			TK13	SNV
CTSLP2	ENSG00000266217			TK92	SNV
CTSLP3	ENSG00000280913			TK91	SNV
CTSLP6	ENSG00000204437			TK14	SNV
CTSO	ENSG00000256043	TK13	DEL		
CTXN2	ENSG00000233932	TK18	DEL	TK16	SNV
CTXND2	ENSG00000283324			TK93	SNV
CUL4A	ENSG00000139842	TK14	DEL		
CWC22	ENSG00000163510	TK13	DEL		
CWC25	ENSG00000273559	TK16	DEL		
CXADRP2	ENSG00000258712			TK93	SNV
CXCL1	ENSG00000163739			TK13	SNV
CXCL14	ENSG00000145824			TK13	SNV
CXCL3	ENSG00000163734			TK91	SNV
CXCL6	ENSG00000124875			TK12	SNV
CXCR2P1	ENSG00000229754			TK13	SNV
CXCR5	ENSG00000160683			TK12	SNV
CXorf65	ENSG00000204165			TK12	SNV
CYB5B	ENSG00000103018	TK18	DEL		
CYB5D1	ENSG00000182224	TK10	DEL		
CYB5R4	ENSG00000065615	TK16	DEL		
CYCSP1	ENSG00000271423			TK10	SNV
CYCSP11	ENSG00000229217			TK13	SNV
CYCSP19	ENSG00000213310			TK91	SNV
CYCSP24	ENSG00000227666			TK92	SNV
CYCSP28	ENSG00000255003			TK92	SNV
CYCSP29	ENSG00000255379	TK13	DEL		
CYCSP38	ENSG00000259513			TK93	SNV
CYCSP40	ENSG00000262870	TK12	DEL		
CYCSP45	ENSG00000184844			TK10	SNV
CYCSP48	ENSG00000233843			TK92	SNV
CYFIP2	ENSG00000055163	TK18	DEL		
CYP11A1	ENSG00000140459			TK14	SNV
CYP11B2	ENSG00000179142	TK93	DEL		
CYP1D1P	ENSG00000228024			TK13	SNV
CYP26C1-DT	ENSG00000226425			TK91	SNV
CYP2A13	ENSG00000197838			TK13	SNV
CYP2A7P1	ENSG00000213908			TK14	SNV
CYP2AB1P	ENSG00000233441			TK92	SNV
CYP2C58P	ENSG00000235199			TK91	SNV
CYP2F1	ENSG00000197446	TK13	DEL		
CYP2R1	ENSG00000186104	TK91	DEL		
CYP2T3P	ENSG00000268529	TK13	DEL		
CYP4F10P	ENSG00000267241			TK13	SNV
CYP4F26P	ENSG00000226562	TK91	DEL		
CYP4F27P	ENSG00000248313			TK10	SNV
CYP4F29P	ENSG00000228314			TK14	INDEL
CYP4F9P	ENSG00000267392			TK13	SNV
CYP51A1	ENSG00000001630	TK91	DEL		
CYTH1	ENSG00000108669	TK10	DEL		
D21S2088E	ENSG00000228592			TK10	SNV
D2HGDH	ENSG00000180902	TK91	DEL		
DAAM1	ENSG00000100592	TK14	DEL		
DAB1-AS1	ENSG00000226759			TK93	SNV
DACT2	ENSG00000164488			TK14	SNV
DACT3	ENSG00000197380	TK92	DEL		
DACT3-AS1	ENSG00000245598	TK92	DEL		
DAGLB	ENSG00000164535	TK14	DEL		
DAPK3	ENSG00000167657	TK16	DEL		
DAZ2	ENSG00000205944			TK91	SNV
DBIP1	ENSG00000218748			TK92	SNV
DBIP2	ENSG00000251366			TK16	INDEL
DBNDD1	ENSG00000003249	TK10	DEL		
DBP	ENSG00000105516	TK10	DEL		
DBR1	ENSG00000138231	TK13	DEL		
DCAF1	ENSG00000145041	TK13	DEL		
DCAF12L2	ENSG00000198354	TK92	DEL		
DCAF13P1	ENSG00000242562			TK92	SNV
DCAF15	ENSG00000132017	TK91	DEL		
DCAF6	ENSG00000143164	TK14	DEL		
DCAF8	ENSG00000132716	TK91	DEL		
DCAF8-DT	ENSG00000228606	TK91	DEL		
DCAKD	ENSG00000172992	TK13	DEL		
DCD	ENSG00000161634			TK14	SNV
DCK	ENSG00000156136	TK12	DEL		
DCLRE1C	ENSG00000152457	TK92	DEL		
DCLRE1CP1	ENSG00000237470	TK92	DEL		
DCN	ENSG00000011465			TK13	INDEL,SNV
DCP1B	ENSG00000151065	TK12	DEL		
DCTN3	ENSG00000137100	TK13	DEL		
DCTN5	ENSG00000166847	TK14	DEL		
DCUN1D1	ENSG00000043093	TK91	DEL		
DDIT4L-AS1	ENSG00000249710			TK18	SNV
DDTP1	ENSG00000230683	TK13	DEL		
DDX11L16	ENSG00000290355			TK93	SNV
DDX18P3	ENSG00000217414			TK93	SNV
DDX18P6	ENSG00000220585			TK92	SNV
DDX20	ENSG00000064703	TK18	DEL		
DDX20P1	ENSG00000276662	TK91	DEL		
DDX27	ENSG00000124228	TK10	DEL		
DDX39A	ENSG00000123136	TK92	DEL		
DDX39B	ENSG00000198563	TK92	DEL		
DDX3ILA1	ENSG00000232756	TK92	DEL	TK16	SNV
DDX3P1	ENSG00000232928			TK10	SNV
DDX43P2	ENSG00000270763			TK14	SNV
DDX50	ENSG00000107625	TK18	DEL		
DDX51	ENSG00000185163	TK91	DEL		
DDX54	ENSG00000123064	TK12	DEL		
DEAF1	ENSG00000177030	TK91	DEL		
DECR2	ENSG00000242612	TK13	DEL		
DEDD	ENSG00000158796	TK93	DEL		
DEDD2	ENSG00000160570	TK91	DEL		
DEFA4	ENSG00000164821			TK18	SNV
DEFB1	ENSG00000164825	TK18	DEL		
DEFB107B	ENSG00000198129			TK92	SNV
DEFB109C	ENSG00000205989			TK93	SNV
DEFB109D	ENSG00000254866	TK92	DEL		
DEFB117	ENSG00000212717			TK13	SNV
DEFB123	ENSG00000180424			TK92	SNV
DEFB124	ENSG00000180383	TK92	DEL		
DEFB125	ENSG00000178591			TK14	SNV
DEFB127	ENSG00000088782			TK13	SNV
DEFB128	ENSG00000185982			TK14	SNV
DEFB129	ENSG00000125903			TK14	SNV
DEFB130D	ENSG00000232773			TK91	SNV
DEFB131D	ENSG00000237215			TK10	SNV
DEFB131E	ENSG00000254507			TK10	SNV
DEFB135	ENSG00000205883			TK14	SNV
DENND1C	ENSG00000205744	TK91	DEL		
DENND6B	ENSG00000205593	TK92	DEL		
DEPP1	ENSG00000165507	TK14	DEL		
DFFBP1	ENSG00000232303	TK13	DEL		
DGAT2L7P	ENSG00000205267			TK14	SNV
DGCR6L	ENSG00000128185	TK10	DEL		
DGKD	ENSG00000077044	TK14	DEL		
DGKH	ENSG00000102780	TK10	DEL		
DGKK	ENSG00000274588			TK91	INDEL
DGLUCY	ENSG00000133943	TK91	DEL		
DHFRP2	ENSG00000228432	TK92	DEL		
DHRS2	ENSG00000100867	TK16	DEL		
DHRS4L2	ENSG00000187630			TK18	SNV
DHRS7B	ENSG00000109016	TK13	DEL		
DHX33	ENSG00000005100	TK92	DEL		
DHX38	ENSG00000140829	TK92	DEL		
DIAPH3	ENSG00000139734	TK92	DEL		
DICER1-AS1	ENSG00000235706	TK10	DEL		
DIDO1	ENSG00000101191	TK10	DEL		
DIPK2B	ENSG00000147113			TK13	SNV
DIRC1	ENSG00000174325			TK10	SNV
DIS3	ENSG00000083520	TK13	DEL		
DIS3L-AS1	ENSG00000261318	TK93	DEL		
DIS3L2P1	ENSG00000223788	TK92	DEL		
DIXDC1	ENSG00000150764			TK13	INDEL,SNV
DKFZP434A062	ENSG00000262075			TK14	SNV
DKKL1P1	ENSG00000215546			TK14	SNV
DLAT	ENSG00000150768	TK14	DEL		
DLEU1	ENSG00000176124			TK93	SNV
DLG2-AS2	ENSG00000255311			TK91	SNV
DLG4	ENSG00000132535	TK91	DEL		
DLGAP1-AS4	ENSG00000263878			TK10	SNV
DLGAP1-AS5	ENSG00000261520			TK10	SNV
DLK1	ENSG00000185559			TK14	SNV
DMRT3	ENSG00000064218			TK16	SNV
DMRTC1	ENSG00000269502			TK14	SNV
DMRTC2	ENSG00000142025			TK13	SNV
DMTF1	ENSG00000135164	TK14	DEL		
DMXL1-DT	ENSG00000249494			TK10	SNV
DNAJA4-DT	ENSG00000259708			TK10	SNV
DNAJB2	ENSG00000135924	TK91	DEL		
DNAJB6P2	ENSG00000251203			TK16	SNV
DNAJB8	ENSG00000179407			TK14	SNV
DNAJB8-AS1	ENSG00000242049			TK13	SNV
DNAJC12	ENSG00000108176	TK14	DEL		
DNAJC16	ENSG00000116138	TK16	DEL		
DNAJC19P5	ENSG00000225808			TK10	INDEL
DNAJC19P7	ENSG00000237663			TK93	SNV
DNAJC22	ENSG00000178401	TK92	DEL		
DNAJC5	ENSG00000101152	TK18	DEL		
DNAJC5G	ENSG00000163793			TK91	SNV
DNAJC6	ENSG00000116675	TK10	DEL		
DNAJC8	ENSG00000126698	TK13	DEL		
DNAJC8P3	ENSG00000254183			TK92	SNV
DNASE1	ENSG00000213918	TK16	DEL		
DNASE1L1	ENSG00000013563	TK13	DEL		
DNASE1L3	ENSG00000163687			TK12	SNV
DNASE2B	ENSG00000137976			TK13	INDEL,SNV
DNM1P17	ENSG00000250833			TK93	SNV
DNM1P32	ENSG00000261708			TK13	SNV
DNM1P33	ENSG00000260096			TK16	SNV
DNM1P34	ENSG00000260357	TK91	DEL	TK13	SNV
DNM1P41	ENSG00000280038			TK13	SNV
DNM1P49	ENSG00000261820			TK13	SNV
DNM1P50	ENSG00000259890			TK10	SNV
DNM3-IT1	ENSG00000233540			TK16	SNV
DNMT3A	ENSG00000119772	TK10	DEL		
DNMT3B	ENSG00000088305	TK13	DEL		
DNPH1	ENSG00000112667	TK12	DEL		
DNTTIP2	ENSG00000067334	TK18	DEL		
DOC2A	ENSG00000149927	TK91	DEL		
DOCK2	ENSG00000134516	TK91	DEL		
DOCK6	ENSG00000130158	TK92	DEL		
DOCK9	ENSG00000088387	TK93	DEL		
DOK3	ENSG00000146094	TK92	DEL		
DOT1L	ENSG00000104885	TK18	DEL		
DPEP1	ENSG00000015413	TK91	DEL		
DPH1	ENSG00000108963	TK91	DEL		
DPH3	ENSG00000154813	TK16	DEL		
DPP3P2	ENSG00000221844			TK14	SNV
DPP7	ENSG00000176978	TK93	DEL		
DPPA3	ENSG00000187569			TK13	SNV
DPPA3P2	ENSG00000188831			TK14	SNV
DPPA3P6	ENSG00000262516	TK10	DEL		
DPPA4P2	ENSG00000249691	TK18	DEL		
DPY19L1P1	ENSG00000229358	TK91	DEL		
DRAM2	ENSG00000156171	TK10	DEL		
DRC7	ENSG00000159625			TK14	SNV
DRD1	ENSG00000184845			TK14	SNV
DRD4	ENSG00000069696	TK91	DEL		
DRD5P1	ENSG00000184303			TK92	SNV
DRG1P2	ENSG00000240393			TK18	SNV
DRG2	ENSG00000108591	TK10	DEL		
DSCR10	ENSG00000233316			TK10	SNV
DSG1-AS1	ENSG00000266729			TK18	SNV
DSG3	ENSG00000134757			TK14	SNV
DSG4	ENSG00000175065			TK13	SNV
DTX3	ENSG00000178498	TK91	DEL		
DUS3L	ENSG00000141994	TK91	DEL		
DUS4L	ENSG00000105865			TK92	SNV
DUSP11	ENSG00000144048	TK14	DEL		
DUSP12P1	ENSG00000277000			TK16	SNV
DUSP26	ENSG00000133878	TK93	DEL		
DUSP28	ENSG00000188542	TK91	DEL		
DUSP29	ENSG00000188716			TK93	SNV
DUSP3	ENSG00000108861	TK16	DEL		
DUSP4	ENSG00000120875	TK16	DEL		
DUSP8P1	ENSG00000215065			TK93	SNV
DUSP8P5	ENSG00000235316	TK93	DEL		
DUTP2	ENSG00000254388	TK14	DEL		
DUX4L32	ENSG00000283069	TK91	DEL		
DUX4L33	ENSG00000282894	TK91	DEL		
DUX4L35	ENSG00000282911			TK92	SNV
DUX4L4	ENSG00000258834			TK91	SNV
DUX4L52	ENSG00000258336			TK92	SNV
DUX4L7	ENSG00000281652			TK91	SNV
DUXAP1	ENSG00000259056			TK10	SNV
DUXAP3	ENSG00000270552			TK91	SNV
DYNC1I2	ENSG00000077380	TK18	DEL		
DYNLL1P1	ENSG00000205579			TK92	SNV
DYNLL1P7	ENSG00000230614			TK13	SNV
DYNLT3P1	ENSG00000232241			TK13	SNV
DYRK1B	ENSG00000105204	TK92	DEL		
DYRK2	ENSG00000127334	TK14	DEL		
E2F3P1	ENSG00000267046	TK91	DEL		
E2F7	ENSG00000165891	TK91	DEL		
ECD	ENSG00000122882	TK93	DEL		
ECE1-AS1	ENSG00000231105	TK10	DEL		
ECEL1P1	ENSG00000204121	TK92	DEL		
ECEL1P2	ENSG00000290681	TK92;TK92	DEL;DEL		
ECEL1P3	ENSG00000230122	TK92	DEL		
ECH1	ENSG00000104823	TK91	DEL		
ECMXP	ENSG00000224963			TK91	SNV
ECSCR	ENSG00000249751			TK93	SNV
EDDM3B	ENSG00000181552			TK14	SNV
EDDM3CP	ENSG00000234060			TK92	SNV
EDF1	ENSG00000107223	TK92	DEL		
EDN3	ENSG00000124205			TK13	SNV
EDNRA	ENSG00000151617			TK13	SNV
EDNRB	ENSG00000136160	TK13	DEL		
EEF1A1P18	ENSG00000270775			TK91	SNV
EEF1A1P2	ENSG00000258841			TK92	SNV
EEF1A1P31	ENSG00000237859			TK92	SNV
EEF1A1P34	ENSG00000233324			TK91	SNV
EEF1A1P4	ENSG00000245205	TK13	DEL		
EEF1A1P5	ENSG00000196205	TK91	DEL		
EEF1A1P50	ENSG00000235253	TK91	DEL		
EEF1A2	ENSG00000101210	TK10	DEL		
EEF1AKMT2	ENSG00000203791	TK92	DEL		
EEF1B2	ENSG00000114942	TK92	DEL		
EEF1DP3	ENSG00000229715			TK92	SNV
EEF1DP4	ENSG00000213640	TK93	DEL		
EEF1DP8	ENSG00000236607			TK16	SNV
EEF1GP1	ENSG00000186676			TK13	INDEL,SNV
EEF1GP2	ENSG00000250346			TK14	SNV
EEF1GP7	ENSG00000236290			TK93	SNV
EFCAB14P1	ENSG00000228348			TK16	SNV
EFCAB5	ENSG00000176927	TK10	DEL		
EFEMP1	ENSG00000115380	TK18	DEL		
EFHD2	ENSG00000142634	TK14	DEL		
EFHD2-AS1	ENSG00000228140			TK10	SNV
EFL1	ENSG00000140598	TK18	DEL		
EFL1P2	ENSG00000248998			TK18	SNV
EFNA3	ENSG00000143590	TK13	DEL		
EFNB1	ENSG00000090776	TK93	DEL		
EGFL6	ENSG00000198759			TK14	SNV
EGFR-AS1	ENSG00000224057			TK92	SNV
EGLN2	ENSG00000269858	TK92	DEL		
EHD3	ENSG00000013016	TK16	DEL		
EI24P2	ENSG00000236257			TK93	SNV
EID3	ENSG00000255150	TK14	DEL		
EIF1AD	ENSG00000175376	TK91	DEL		
EIF1AX	ENSG00000173674	TK18	DEL		
EIF1B	ENSG00000114784	TK93	DEL		
EIF1B-AS1	ENSG00000280739	TK91	DEL		
EIF1P4	ENSG00000262154			TK93	SNV
EIF2B4	ENSG00000115211	TK92	DEL		
EIF2B5	ENSG00000145191	TK91	DEL		
EIF3EP1	ENSG00000234882	TK14	DEL		
EIF3JP3	ENSG00000237747	TK93	DEL		
EIF3K	ENSG00000178982	TK13	DEL		
EIF3KP3	ENSG00000250442			TK13	SNV
EIF4A1P13	ENSG00000225701			TK92	SNV
EIF4A1P5	ENSG00000226161			TK16	SNV
EIF4A1P8	ENSG00000213484			TK92	SNV
EIF4A2P2	ENSG00000227382	TK14	DEL		
EIF4B	ENSG00000063046	TK13	DEL		
EIF4E1B	ENSG00000175766			TK91	SNV
EIF4E2P2	ENSG00000244157			TK92	SNV
EIF4EBP1P1	ENSG00000258870	TK14	DEL	TK93	SNV
EIF4ENIF1	ENSG00000184708	TK18	DEL		
EIF4EP1	ENSG00000233578			TK92	INDEL,SNV
EIF5	ENSG00000100664	TK91	DEL		
EIF5-DT	ENSG00000259775	TK91	DEL		
EIF5A2	ENSG00000163577			TK18	INDEL,SNV
EIF5A2P1	ENSG00000260576			TK93	SNV
EIF5AP2	ENSG00000267679	TK91	DEL		
ELANE	ENSG00000197561			TK16	SNV
ELAPOR1	ENSG00000116299	TK92	DEL		
ELAVL4	ENSG00000162374			TK91	SNV
ELDR	ENSG00000280890			TK91	SNV
ELF2	ENSG00000109381	TK92	DEL		
ELF4	ENSG00000102034	TK10	DEL		
ELK3	ENSG00000111145	TK10	DEL		
ELL3	ENSG00000128886			TK16	SNV
ELMO2P1	ENSG00000276172			TK92	SNV
ELOA	ENSG00000011007	TK93	DEL		
ELOA3P	ENSG00000288631			TK14	SNV
ELOC	ENSG00000154582	TK14	DEL		
ELOCP21	ENSG00000226186			TK92	INDEL,SNV
ELOCP27	ENSG00000265545			TK93	SNV
ELOCP3	ENSG00000229919			TK13	SNV
ELOVL4	ENSG00000118402	TK10	DEL		
ELOVL5	ENSG00000012660	TK16	DEL		
ELSPBP1	ENSG00000169393			TK14	SNV
EMBP1	ENSG00000291141	TK91;TK91	DEL;DEL		
EMC2	ENSG00000104412	TK14	DEL		
EMC7	ENSG00000134153	TK10	DEL		
EMCN	ENSG00000164035			TK10	SNV
EML3	ENSG00000149499	TK92	DEL		
EMP3	ENSG00000142227	TK10	DEL		
EN2	ENSG00000164778			TK13	SNV
ENAH	ENSG00000154380	TK10	DEL		
ENDOU	ENSG00000111405	TK14	DEL		
ENSAP3	ENSG00000177261			TK93	SNV
ENSG00000083622	ENSG00000083622	TK14	DEL		
ENSG00000100101	ENSG00000100101	TK16	DEL		
ENSG00000106540	ENSG00000106540			TK16	SNV
ENSG00000121388	ENSG00000121388			TK92	SNV
ENSG00000125695	ENSG00000125695	TK12	DEL		
ENSG00000146722	ENSG00000146722	TK91	DEL		
ENSG00000165121	ENSG00000165121	TK92	DEL		
ENSG00000166104	ENSG00000166104			TK10	SNV
ENSG00000176984	ENSG00000176984			TK14	SNV
ENSG00000177359	ENSG00000177359	TK12	DEL		
ENSG00000177596	ENSG00000177596			TK13	SNV
ENSG00000177725	ENSG00000177725	TK14	DEL		
ENSG00000178107	ENSG00000178107			TK93	SNV
ENSG00000179253	ENSG00000179253			TK13	SNV
ENSG00000180019	ENSG00000180019			TK93	SNV
ENSG00000181514	ENSG00000181514			TK16	SNV
ENSG00000181705	ENSG00000181705	TK91	DEL		
ENSG00000183308	ENSG00000183308	TK16	DEL		
ENSG00000183562	ENSG00000183562	TK14	DEL		
ENSG00000184906	ENSG00000184906			TK92	SNV
ENSG00000188078	ENSG00000188078			TK92	INDEL,SNV
ENSG00000189316	ENSG00000189316	TK93	DEL		
ENSG00000197254	ENSG00000197254			TK92	SNV
ENSG00000198277	ENSG00000198277			TK13	SNV
ENSG00000198358	ENSG00000198358			TK18	SNV
ENSG00000200051	ENSG00000200051	TK92	DEL		
ENSG00000200075	ENSG00000200075			TK91	SNV
ENSG00000200377	ENSG00000200377			TK92	SNV
ENSG00000201003	ENSG00000201003	TK92	DEL		
ENSG00000201151	ENSG00000201151			TK14	SNV
ENSG00000201245	ENSG00000201245			TK92	INDEL,SNV
ENSG00000201384	ENSG00000201384			TK93	SNV
ENSG00000201807	ENSG00000201807	TK93	DEL		
ENSG00000201882	ENSG00000201882			TK18	SNV
ENSG00000202343	ENSG00000202343			TK91	SNV
ENSG00000202434	ENSG00000202434	TK92	DEL	TK93	SNV
ENSG00000203396	ENSG00000203396			TK93	SNV
ENSG00000203402	ENSG00000203402	TK91	DEL		
ENSG00000203434	ENSG00000203434			TK10	SNV
ENSG00000203437	ENSG00000203437	TK93	DEL		
ENSG00000203462	ENSG00000203462			TK91	SNV
ENSG00000203531	ENSG00000203531			TK91	SNV
ENSG00000203565	ENSG00000203565			TK92	SNV
ENSG00000203643	ENSG00000203643	TK91	DEL	TK92	SNV
ENSG00000203900	ENSG00000203900			TK14	SNV
ENSG00000204422	ENSG00000204422	TK92	DEL		
ENSG00000204456	ENSG00000204456			TK13	SNV
ENSG00000204684	ENSG00000204684			TK10	SNV
ENSG00000204850	ENSG00000204850	TK92	DEL	TK10	SNV
ENSG00000204971	ENSG00000204971			TK13	SNV
ENSG00000205414	ENSG00000205414			TK14	SNV
ENSG00000205644	ENSG00000205644			TK92	SNV
ENSG00000205830	ENSG00000205830			TK93	SNV
ENSG00000212338	ENSG00000212338			TK92	SNV
ENSG00000212391	ENSG00000212391			TK16	SNV
ENSG00000212445	ENSG00000212445	TK10	DEL		
ENSG00000212567	ENSG00000212567			TK91	SNV
ENSG00000212712	ENSG00000212712			TK13	SNV
ENSG00000213058	ENSG00000213058			TK93	SNV
ENSG00000213078	ENSG00000213078			TK92	SNV
ENSG00000213115	ENSG00000213115			TK93	SNV
ENSG00000213153	ENSG00000213153			TK14	SNV
ENSG00000213226	ENSG00000213226			TK93	SNV
ENSG00000213293	ENSG00000213293			TK18	SNV
ENSG00000213560	ENSG00000213560			TK91	SNV
ENSG00000213587	ENSG00000213587			TK91	SNV
ENSG00000213642	ENSG00000213642			TK13	SNV
ENSG00000213717	ENSG00000213717			TK93	SNV
ENSG00000213851	ENSG00000213851			TK92	SNV
ENSG00000213959	ENSG00000213959			TK13	SNV
ENSG00000213976	ENSG00000213976	TK92	DEL		
ENSG00000214035	ENSG00000214035			TK92	SNV
ENSG00000214093	ENSG00000214093			TK16	SNV
ENSG00000214243	ENSG00000214243			TK92	SNV
ENSG00000214278	ENSG00000214278			TK92	INDEL,SNV
ENSG00000214651	ENSG00000214651			TK91	SNV
ENSG00000214669	ENSG00000214669			TK13	SNV
ENSG00000214776	ENSG00000214776			TK13	SNV
ENSG00000214797	ENSG00000214797			TK16	SNV
ENSG00000215023	ENSG00000215023	TK91	DEL	TK18	SNV
ENSG00000215288	ENSG00000215288			TK14	SNV
ENSG00000215409	ENSG00000215409			TK16	SNV
ENSG00000215464	ENSG00000215464	TK10	DEL		
ENSG00000215692	ENSG00000215692	TK91	DEL		
ENSG00000215796	ENSG00000215796			TK10	SNV
ENSG00000215840	ENSG00000215840	TK14	DEL		
ENSG00000216352	ENSG00000216352	TK91	DEL		
ENSG00000216721	ENSG00000216721			TK91	SNV
ENSG00000216775	ENSG00000216775	TK91	DEL		
ENSG00000217030	ENSG00000217030			TK91	SNV
ENSG00000217060	ENSG00000217060			TK10	SNV
ENSG00000217139	ENSG00000217139			TK93	SNV
ENSG00000217195	ENSG00000217195			TK93	SNV
ENSG00000217512	ENSG00000217512	TK91	DEL	TK93	SNV
ENSG00000217576	ENSG00000217576			TK14	SNV
ENSG00000217825	ENSG00000217825			TK12	SNV
ENSG00000218073	ENSG00000218073	TK14	DEL		
ENSG00000218187	ENSG00000218187			TK93	SNV
ENSG00000218313	ENSG00000218313			TK92	SNV
ENSG00000218472	ENSG00000218472			TK91	SNV
ENSG00000218520	ENSG00000218520			TK14	SNV
ENSG00000218521	ENSG00000218521			TK92	SNV
ENSG00000218596	ENSG00000218596			TK93	SNV
ENSG00000218682	ENSG00000218682			TK91	SNV
ENSG00000218757	ENSG00000218757			TK93	SNV
ENSG00000218766	ENSG00000218766			TK92	SNV
ENSG00000219391	ENSG00000219391			TK92	SNV
ENSG00000219500	ENSG00000219500			TK92	SNV
ENSG00000219529	ENSG00000219529	TK14	DEL		
ENSG00000219622	ENSG00000219622			TK91	SNV
ENSG00000219702	ENSG00000219702			TK13	SNV
ENSG00000219993	ENSG00000219993			TK14	SNV
ENSG00000220105	ENSG00000220105			TK91	SNV
ENSG00000220349	ENSG00000220349			TK18	SNV
ENSG00000220446	ENSG00000220446	TK14	DEL		
ENSG00000220660	ENSG00000220660			TK91	SNV
ENSG00000220695	ENSG00000220695	TK14	DEL		
ENSG00000220702	ENSG00000220702			TK13	SNV
ENSG00000220949	ENSG00000220949			TK14	SNV
ENSG00000220960	ENSG00000220960			TK93	SNV
ENSG00000221093	ENSG00000221093	TK92	DEL		
ENSG00000221184	ENSG00000221184	TK10	DEL		
ENSG00000221245	ENSG00000221245			TK93	SNV
ENSG00000222017	ENSG00000222017	TK13	DEL		
ENSG00000222032	ENSG00000222032			TK92	SNV
ENSG00000222042	ENSG00000222042			TK10	SNV
ENSG00000222604	ENSG00000222604	TK14	DEL		
ENSG00000223343	ENSG00000223343			TK92	SNV
ENSG00000223356	ENSG00000223356	TK18	DEL		
ENSG00000223368	ENSG00000223368			TK13	SNV
ENSG00000223374	ENSG00000223374	TK18	DEL		
ENSG00000223379	ENSG00000223379	TK91	DEL		
ENSG00000223390	ENSG00000223390	TK14	DEL		
ENSG00000223430	ENSG00000223430			TK93	SNV
ENSG00000223563	ENSG00000223563			TK91	SNV
ENSG00000223576	ENSG00000223576	TK18	DEL		
ENSG00000223602	ENSG00000223602			TK91	SNV
ENSG00000223612	ENSG00000223612	TK92	DEL		
ENSG00000223665	ENSG00000223665			TK93	SNV
ENSG00000223795	ENSG00000223795			TK93	SNV
ENSG00000223829	ENSG00000223829			TK18	SNV
ENSG00000223831	ENSG00000223831	TK12	DEL		
ENSG00000223841	ENSG00000223841			TK12	SNV
ENSG00000223920	ENSG00000223920			TK91	SNV
ENSG00000223946	ENSG00000223946			TK10	SNV
ENSG00000224000	ENSG00000224000	TK91	DEL		
ENSG00000224025	ENSG00000224025			TK13	SNV
ENSG00000224049	ENSG00000224049			TK18	SNV
ENSG00000224054	ENSG00000224054	TK91	DEL		
ENSG00000224077	ENSG00000224077			TK91	SNV
ENSG00000224100	ENSG00000224100			TK92	SNV
ENSG00000224127	ENSG00000224127			TK18	SNV
ENSG00000224138	ENSG00000224138	TK10	DEL		
ENSG00000224194	ENSG00000224194			TK16	SNV
ENSG00000224207	ENSG00000224207	TK91	DEL		
ENSG00000224228	ENSG00000224228	TK91	DEL		
ENSG00000224239	ENSG00000224239			TK92	SNV
ENSG00000224250	ENSG00000224250			TK92	SNV
ENSG00000224251	ENSG00000224251			TK13	SNV
ENSG00000224272	ENSG00000224272	TK91	DEL		
ENSG00000224301	ENSG00000224301	TK92	DEL		
ENSG00000224322	ENSG00000224322			TK91	SNV
ENSG00000224361	ENSG00000224361	TK10	DEL		
ENSG00000224370	ENSG00000224370			TK91	SNV
ENSG00000224376	ENSG00000224376	TK91	DEL		
ENSG00000224387	ENSG00000224387			TK16	INDEL
ENSG00000224409	ENSG00000224409	TK91	DEL		
ENSG00000224410	ENSG00000224410			TK93	SNV
ENSG00000224417	ENSG00000224417			TK12	SNV
ENSG00000224427	ENSG00000224427			TK91	SNV
ENSG00000224448	ENSG00000224448			TK93	SNV
ENSG00000224477	ENSG00000224477			TK91	SNV
ENSG00000224484	ENSG00000224484			TK10	INDEL
ENSG00000224504	ENSG00000224504			TK10	SNV
ENSG00000224516	ENSG00000224516	TK92	DEL	TK14	SNV
ENSG00000224523	ENSG00000224523			TK92	SNV
ENSG00000224548	ENSG00000224548	TK91	DEL		
ENSG00000224600	ENSG00000224600			TK10	SNV
ENSG00000224605	ENSG00000224605			TK91	SNV
ENSG00000224621	ENSG00000224621			TK10	SNV
ENSG00000224635	ENSG00000224635	TK91	DEL		
ENSG00000224698	ENSG00000224698	TK92	DEL		
ENSG00000224794	ENSG00000224794			TK12	SNV
ENSG00000224797	ENSG00000224797	TK92	DEL		
ENSG00000224901	ENSG00000224901	TK10	DEL		
ENSG00000224931	ENSG00000224931			TK91	SNV
ENSG00000224950	ENSG00000224950			TK10	SNV
ENSG00000224972	ENSG00000224972	TK91	DEL		
ENSG00000225018	ENSG00000225018			TK14	SNV
ENSG00000225075	ENSG00000225075	TK14	DEL		
ENSG00000225118	ENSG00000225118	TK14	DEL		
ENSG00000225123	ENSG00000225123			TK93	SNV
ENSG00000225172	ENSG00000225172			TK92	SNV
ENSG00000225173	ENSG00000225173	TK91	DEL		
ENSG00000225191	ENSG00000225191			TK92	SNV
ENSG00000225216	ENSG00000225216	TK14	DEL		
ENSG00000225244	ENSG00000225244			TK13	SNV
ENSG00000225279	ENSG00000225279	TK91	DEL		
ENSG00000225300	ENSG00000225300	TK91	DEL		
ENSG00000225344	ENSG00000225344			TK14	SNV
ENSG00000225370	ENSG00000225370	TK91	DEL		
ENSG00000225424	ENSG00000225424			TK10	SNV
ENSG00000225450	ENSG00000225450	TK91	DEL		
ENSG00000225451	ENSG00000225451			TK13	SNV
ENSG00000225469	ENSG00000225469			TK92	INDEL,SNV
ENSG00000225475	ENSG00000225475			TK93	SNV
ENSG00000225488	ENSG00000225488			TK13	INDEL,SNV
ENSG00000225551	ENSG00000225551			TK93	SNV
ENSG00000225563	ENSG00000225563			TK91	INDEL,SNV
ENSG00000225594	ENSG00000225594			TK92	SNV
ENSG00000225603	ENSG00000225603	TK92	DEL		
ENSG00000225616	ENSG00000225616	TK13	DEL		
ENSG00000225620	ENSG00000225620			TK16	SNV
ENSG00000225632	ENSG00000225632			TK93	SNV
ENSG00000225656	ENSG00000225656			TK93	SNV
ENSG00000225678	ENSG00000225678			TK92	SNV
ENSG00000225720	ENSG00000225720			TK12	SNV
ENSG00000225721	ENSG00000225721	TK10	DEL		
ENSG00000225794	ENSG00000225794			TK92	SNV
ENSG00000225818	ENSG00000225818			TK91	SNV
ENSG00000225840	ENSG00000225840			TK92	SNV
ENSG00000225867	ENSG00000225867			TK92	SNV
ENSG00000225898	ENSG00000225898			TK18	SNV
ENSG00000225906	ENSG00000225906			TK18	SNV
ENSG00000225913	ENSG00000225913			TK91	SNV
ENSG00000225931	ENSG00000225931	TK13	DEL		
ENSG00000225952	ENSG00000225952	TK10	DEL		
ENSG00000225982	ENSG00000225982			TK91	SNV
ENSG00000226072	ENSG00000226072			TK93	SNV
ENSG00000226089	ENSG00000226089			TK93	SNV
ENSG00000226117	ENSG00000226117			TK92	SNV
ENSG00000226134	ENSG00000226134			TK92	SNV
ENSG00000226181	ENSG00000226181			TK93	SNV
ENSG00000226197	ENSG00000226197			TK92	SNV
ENSG00000226206	ENSG00000226206			TK12	SNV
ENSG00000226207	ENSG00000226207			TK91	SNV
ENSG00000226329	ENSG00000226329	TK14	DEL		
ENSG00000226338	ENSG00000226338			TK92	INDEL
ENSG00000226375	ENSG00000226375	TK91	DEL		
ENSG00000226376	ENSG00000226376			TK91	SNV
ENSG00000226410	ENSG00000226410			TK91	SNV
ENSG00000226423	ENSG00000226423			TK16	SNV
ENSG00000226431	ENSG00000226431			TK93	SNV
ENSG00000226484	ENSG00000226484			TK93	SNV
ENSG00000226499	ENSG00000226499			TK13	SNV
ENSG00000226523	ENSG00000226523			TK18	SNV
ENSG00000226526	ENSG00000226526	TK16	DEL		
ENSG00000226545	ENSG00000226545	TK10	DEL		
ENSG00000226548	ENSG00000226548			TK92	SNV
ENSG00000226578	ENSG00000226578	TK91	DEL		
ENSG00000226599	ENSG00000226599			TK93	SNV
ENSG00000226640	ENSG00000226640			TK92	SNV
ENSG00000226647	ENSG00000226647	TK92	DEL		
ENSG00000226649	ENSG00000226649			TK93	SNV
ENSG00000226679	ENSG00000226679			TK13	SNV
ENSG00000226716	ENSG00000226716			TK10	SNV
ENSG00000226767	ENSG00000226767			TK13	SNV
ENSG00000226772	ENSG00000226772			TK93	INDEL,SNV
ENSG00000226782	ENSG00000226782			TK93	SNV
ENSG00000226838	ENSG00000226838			TK91	SNV
ENSG00000226886	ENSG00000226886			TK14	SNV
ENSG00000226919	ENSG00000226919			TK12	SNV
ENSG00000226938	ENSG00000226938			TK91	SNV
ENSG00000226963	ENSG00000226963	TK16	DEL		
ENSG00000226989	ENSG00000226989			TK91	SNV
ENSG00000226994	ENSG00000226994			TK92	SNV
ENSG00000226999	ENSG00000226999			TK92	SNV
ENSG00000227015	ENSG00000227015			TK93	SNV
ENSG00000227042	ENSG00000227042			TK93	SNV
ENSG00000227045	ENSG00000227045	TK92	DEL		
ENSG00000227047	ENSG00000227047			TK13	SNV
ENSG00000227066	ENSG00000227066			TK92	SNV
ENSG00000227076	ENSG00000227076			TK10	SNV
ENSG00000227080	ENSG00000227080			TK93	SNV
ENSG00000227094	ENSG00000227094			TK91	SNV
ENSG00000227113	ENSG00000227113	TK93	DEL		
ENSG00000227131	ENSG00000227131			TK93	INDEL
ENSG00000227148	ENSG00000227148			TK10	SNV
ENSG00000227186	ENSG00000227186			TK92	SNV
ENSG00000227193	ENSG00000227193			TK13	SNV
ENSG00000227206	ENSG00000227206			TK91	SNV
ENSG00000227227	ENSG00000227227	TK92	DEL		
ENSG00000227240	ENSG00000227240			TK91	SNV
ENSG00000227242	ENSG00000227242	TK92	DEL		
ENSG00000227257	ENSG00000227257			TK93	SNV
ENSG00000227269	ENSG00000227269			TK13	SNV
ENSG00000227293	ENSG00000227293			TK93	SNV
ENSG00000227301	ENSG00000227301			TK92	SNV
ENSG00000227304	ENSG00000227304	TK92	DEL		
ENSG00000227365	ENSG00000227365			TK91	SNV
ENSG00000227417	ENSG00000227417			TK91	SNV
ENSG00000227459	ENSG00000227459			TK93	SNV
ENSG00000227499	ENSG00000227499			TK93	SNV
ENSG00000227512	ENSG00000227512	TK14	DEL		
ENSG00000227573	ENSG00000227573	TK14	DEL	TK92	SNV
ENSG00000227706	ENSG00000227706			TK10	SNV
ENSG00000227711	ENSG00000227711			TK10	SNV
ENSG00000227741	ENSG00000227741	TK91	DEL		
ENSG00000227782	ENSG00000227782	TK13	DEL		
ENSG00000227815	ENSG00000227815			TK13	SNV
ENSG00000227836	ENSG00000227836	TK16	DEL		
ENSG00000227845	ENSG00000227845			TK18	SNV
ENSG00000227851	ENSG00000227851			TK91	SNV
ENSG00000227854	ENSG00000227854			TK14	SNV
ENSG00000227950	ENSG00000227950			TK92	SNV
ENSG00000227958	ENSG00000227958			TK91	INDEL,SNV
ENSG00000228021	ENSG00000228021			TK92	SNV
ENSG00000228048	ENSG00000228048			TK91	SNV
ENSG00000228081	ENSG00000228081			TK13	SNV
ENSG00000228123	ENSG00000228123			TK14	SNV
ENSG00000228143	ENSG00000228143			TK93	SNV
ENSG00000228157	ENSG00000228157			TK13	SNV
ENSG00000228160	ENSG00000228160			TK91	SNV
ENSG00000228170	ENSG00000228170	TK13	DEL		
ENSG00000228187	ENSG00000228187			TK93	INDEL,SNV
ENSG00000228235	ENSG00000228235			TK93	SNV
ENSG00000228274	ENSG00000228274	TK10	DEL		
ENSG00000228327	ENSG00000228327	TK10	DEL		
ENSG00000228341	ENSG00000228341			TK91	SNV
ENSG00000228352	ENSG00000228352			TK92	SNV
ENSG00000228355	ENSG00000228355			TK16	SNV
ENSG00000228401	ENSG00000228401			TK10	INDEL,SNV
ENSG00000228408	ENSG00000228408			TK13	SNV
ENSG00000228423	ENSG00000228423	TK10	DEL		
ENSG00000228464	ENSG00000228464			TK93	SNV
ENSG00000228477	ENSG00000228477	TK13	DEL		
ENSG00000228478	ENSG00000228478			TK14	SNV
ENSG00000228496	ENSG00000228496	TK91	DEL		
ENSG00000228521	ENSG00000228521			TK13	SNV
ENSG00000228525	ENSG00000228525			TK92	SNV
ENSG00000228540	ENSG00000228540			TK92	SNV
ENSG00000228543	ENSG00000228543			TK12	SNV
ENSG00000228550	ENSG00000228550			TK12	SNV
ENSG00000228554	ENSG00000228554	TK13	DEL		
ENSG00000228561	ENSG00000228561			TK93	SNV
ENSG00000228587	ENSG00000228587	TK91	DEL		
ENSG00000228618	ENSG00000228618			TK93	SNV
ENSG00000228680	ENSG00000228680			TK14	SNV
ENSG00000228702	ENSG00000228702			TK91	SNV
ENSG00000228708	ENSG00000228708			TK91	SNV
ENSG00000228790	ENSG00000228790	TK91	DEL		
ENSG00000228792	ENSG00000228792			TK18	SNV
ENSG00000228826	ENSG00000228826	TK91	DEL		
ENSG00000228827	ENSG00000228827			TK93	SNV
ENSG00000228835	ENSG00000228835			TK10	SNV
ENSG00000228877	ENSG00000228877			TK10	SNV
ENSG00000228919	ENSG00000228919	TK10	DEL		
ENSG00000228923	ENSG00000228923	TK10	DEL		
ENSG00000228944	ENSG00000228944			TK92	INDEL,SNV
ENSG00000228957	ENSG00000228957			TK14	SNV
ENSG00000228974	ENSG00000228974			TK14	SNV
ENSG00000228982	ENSG00000228982			TK91	SNV
ENSG00000229044	ENSG00000229044	TK14	DEL		
ENSG00000229060	ENSG00000229060			TK91	SNV
ENSG00000229112	ENSG00000229112			TK10	SNV
ENSG00000229115	ENSG00000229115			TK92	SNV
ENSG00000229131	ENSG00000229131			TK18	INDEL,SNV
ENSG00000229156	ENSG00000229156			TK91	SNV
ENSG00000229169	ENSG00000229169			TK92	SNV
ENSG00000229172	ENSG00000229172			TK92	SNV
ENSG00000229190	ENSG00000229190	TK91	DEL		
ENSG00000229206	ENSG00000229206			TK92	SNV
ENSG00000229212	ENSG00000229212			TK13	SNV
ENSG00000229262	ENSG00000229262			TK92	INDEL
ENSG00000229283	ENSG00000229283			TK13	SNV
ENSG00000229294	ENSG00000229294	TK10	DEL		
ENSG00000229311	ENSG00000229311			TK93	SNV
ENSG00000229313	ENSG00000229313			TK12	INDEL
ENSG00000229330	ENSG00000229330			TK92	SNV
ENSG00000229337	ENSG00000229337			TK91	SNV
ENSG00000229345	ENSG00000229345			TK92	SNV
ENSG00000229365	ENSG00000229365			TK10	SNV
ENSG00000229403	ENSG00000229403			TK92	SNV
ENSG00000229418	ENSG00000229418			TK10	SNV
ENSG00000229454	ENSG00000229454			TK93	SNV
ENSG00000229486	ENSG00000229486			TK93	SNV
ENSG00000229492	ENSG00000229492			TK92	SNV
ENSG00000229495	ENSG00000229495			TK16	SNV
ENSG00000229512	ENSG00000229512	TK10	DEL		
ENSG00000229528	ENSG00000229528			TK10	INDEL
ENSG00000229543	ENSG00000229543			TK92	SNV
ENSG00000229550	ENSG00000229550			TK92	SNV
ENSG00000229567	ENSG00000229567	TK92	DEL	TK14	SNV
ENSG00000229587	ENSG00000229587	TK14	DEL		
ENSG00000229607	ENSG00000229607			TK10	SNV
ENSG00000229635	ENSG00000229635	TK92	DEL		
ENSG00000229652	ENSG00000229652			TK92	SNV
ENSG00000229711	ENSG00000229711			TK93	SNV
ENSG00000229717	ENSG00000229717			TK92	INDEL,SNV
ENSG00000229732	ENSG00000229732			TK13	SNV
ENSG00000229740	ENSG00000229740			TK92	SNV
ENSG00000229751	ENSG00000229751			TK10	SNV
ENSG00000229791	ENSG00000229791			TK93	SNV
ENSG00000229827	ENSG00000229827			TK14	SNV
ENSG00000229846	ENSG00000229846			TK93	SNV
ENSG00000229914	ENSG00000229914			TK91	SNV
ENSG00000229915	ENSG00000229915	TK13	DEL		
ENSG00000229943	ENSG00000229943			TK10	SNV
ENSG00000229955	ENSG00000229955			TK10	SNV
ENSG00000230026	ENSG00000230026			TK92	SNV
ENSG00000230033	ENSG00000230033			TK10	SNV
ENSG00000230063	ENSG00000230063	TK10	DEL		
ENSG00000230065	ENSG00000230065			TK92	SNV
ENSG00000230080	ENSG00000230080			TK13	SNV
ENSG00000230104	ENSG00000230104			TK13	SNV
ENSG00000230107	ENSG00000230107	TK91	DEL		
ENSG00000230159	ENSG00000230159			TK14	SNV
ENSG00000230203	ENSG00000230203			TK91	SNV
ENSG00000230205	ENSG00000230205			TK92	SNV
ENSG00000230286	ENSG00000230286			TK92	INDEL,SNV
ENSG00000230289	ENSG00000230289	TK10	DEL		
ENSG00000230355	ENSG00000230355			TK91	SNV
ENSG00000230381	ENSG00000230381			TK92	SNV
ENSG00000230385	ENSG00000230385			TK16	SNV
ENSG00000230459	ENSG00000230459			TK92	SNV
ENSG00000230470	ENSG00000230470	TK10	DEL		
ENSG00000230492	ENSG00000230492			TK92	SNV
ENSG00000230495	ENSG00000230495			TK93	INDEL
ENSG00000230502	ENSG00000230502			TK92	SNV
ENSG00000230551	ENSG00000230551	TK14	DEL		
ENSG00000230659	ENSG00000230659			TK93	SNV
ENSG00000230668	ENSG00000230668			TK91	INDEL,SNV
ENSG00000230707	ENSG00000230707			TK10	SNV
ENSG00000230728	ENSG00000230728			TK92	SNV
ENSG00000230732	ENSG00000230732	TK92	DEL		
ENSG00000230751	ENSG00000230751			TK12	SNV
ENSG00000230790	ENSG00000230790	TK91	DEL		
ENSG00000230813	ENSG00000230813			TK10	SNV
ENSG00000230815	ENSG00000230815			TK91	SNV
ENSG00000230821	ENSG00000230821			TK13	SNV
ENSG00000230848	ENSG00000230848			TK92	SNV
ENSG00000230922	ENSG00000230922			TK10	SNV
ENSG00000230947	ENSG00000230947	TK10	DEL	TK91	SNV
ENSG00000230953	ENSG00000230953			TK12	SNV
ENSG00000230990	ENSG00000230990			TK13	SNV
ENSG00000231015	ENSG00000231015			TK93	SNV
ENSG00000231054	ENSG00000231054			TK13	SNV
ENSG00000231062	ENSG00000231062	TK10	DEL		
ENSG00000231073	ENSG00000231073	TK18	DEL		
ENSG00000231114	ENSG00000231114			TK91	SNV
ENSG00000231119	ENSG00000231119			TK92	SNV
ENSG00000231132	ENSG00000231132			TK92	SNV
ENSG00000231189	ENSG00000231189			TK92	SNV
ENSG00000231193	ENSG00000231193			TK91	INDEL,SNV
ENSG00000231207	ENSG00000231207			TK10	SNV
ENSG00000231212	ENSG00000231212	TK91	DEL		
ENSG00000231255	ENSG00000231255			TK16	SNV
ENSG00000231317	ENSG00000231317	TK92	DEL		
ENSG00000231331	ENSG00000231331			TK13	SNV
ENSG00000231357	ENSG00000231357	TK10	DEL		
ENSG00000231394	ENSG00000231394	TK92	DEL		
ENSG00000231403	ENSG00000231403	TK91	DEL		
ENSG00000231440	ENSG00000231440			TK16	SNV
ENSG00000231447	ENSG00000231447			TK92	SNV
ENSG00000231467	ENSG00000231467			TK16	SNV
ENSG00000231484	ENSG00000231484			TK92	SNV
ENSG00000231530	ENSG00000231530	TK10	DEL		
ENSG00000231539	ENSG00000231539			TK93	SNV
ENSG00000231569	ENSG00000231569			TK92	SNV
ENSG00000231583	ENSG00000231583			TK91	SNV
ENSG00000231613	ENSG00000231613			TK12	SNV
ENSG00000231615	ENSG00000231615	TK91	DEL		
ENSG00000231616	ENSG00000231616			TK92	SNV
ENSG00000231678	ENSG00000231678			TK92	SNV
ENSG00000231681	ENSG00000231681			TK10	SNV
ENSG00000231741	ENSG00000231741	TK92	DEL	TK92	SNV
ENSG00000231743	ENSG00000231743			TK10	SNV
ENSG00000231754	ENSG00000231754			TK16	SNV
ENSG00000231756	ENSG00000231756			TK12	SNV
ENSG00000231760	ENSG00000231760	TK14	DEL		
ENSG00000231791	ENSG00000231791			TK10	SNV
ENSG00000231811	ENSG00000231811			TK14	SNV
ENSG00000231859	ENSG00000231859			TK92	SNV
ENSG00000231867	ENSG00000231867			TK18	SNV
ENSG00000231868	ENSG00000231868			TK92	SNV
ENSG00000231896	ENSG00000231896			TK10	INDEL
ENSG00000231937	ENSG00000231937			TK93	SNV
ENSG00000231949	ENSG00000231949			TK92	SNV
ENSG00000231961	ENSG00000231961			TK92	SNV
ENSG00000232032	ENSG00000232032			TK18	SNV
ENSG00000232034	ENSG00000232034			TK91	SNV
ENSG00000232063	ENSG00000232063			TK93	INDEL,SNV
ENSG00000232072	ENSG00000232072			TK18	SNV
ENSG00000232080	ENSG00000232080	TK13	DEL		
ENSG00000232176	ENSG00000232176			TK12	SNV
ENSG00000232193	ENSG00000232193			TK10	SNV
ENSG00000232200	ENSG00000232200			TK92	SNV
ENSG00000232211	ENSG00000232211			TK93	SNV
ENSG00000232218	ENSG00000232218			TK16	SNV
ENSG00000232355	ENSG00000232355			TK93	INDEL
ENSG00000232359	ENSG00000232359			TK91	SNV
ENSG00000232386	ENSG00000232386			TK10	SNV
ENSG00000232413	ENSG00000232413			TK10	SNV
ENSG00000232494	ENSG00000232494			TK18	SNV
ENSG00000232500	ENSG00000232500			TK92	INDEL
ENSG00000232519	ENSG00000232519			TK18	SNV
ENSG00000232524	ENSG00000232524			TK13	SNV
ENSG00000232537	ENSG00000232537			TK92	SNV
ENSG00000232546	ENSG00000232546	TK91	DEL		
ENSG00000232557	ENSG00000232557			TK14	SNV
ENSG00000232675	ENSG00000232675			TK93	SNV
ENSG00000232696	ENSG00000232696			TK91	SNV
ENSG00000232710	ENSG00000232710			TK13	SNV
ENSG00000232716	ENSG00000232716			TK91	SNV
ENSG00000232721	ENSG00000232721			TK18	SNV
ENSG00000232749	ENSG00000232749			TK12	SNV
ENSG00000232751	ENSG00000232751	TK91	DEL		
ENSG00000232821	ENSG00000232821			TK92	SNV
ENSG00000232896	ENSG00000232896			TK91	SNV
ENSG00000232897	ENSG00000232897			TK93	SNV
ENSG00000232905	ENSG00000232905			TK92	SNV
ENSG00000232937	ENSG00000232937	TK92	DEL		
ENSG00000232944	ENSG00000232944			TK92	SNV
ENSG00000232971	ENSG00000232971			TK91	SNV
ENSG00000232985	ENSG00000232985			TK93	SNV
ENSG00000232993	ENSG00000232993			TK92	SNV
ENSG00000233052	ENSG00000233052			TK93	SNV
ENSG00000233068	ENSG00000233068			TK10	SNV
ENSG00000233090	ENSG00000233090	TK14	DEL		
ENSG00000233170	ENSG00000233170	TK14	DEL		
ENSG00000233193	ENSG00000233193	TK14	DEL		
ENSG00000233336	ENSG00000233336	TK92	DEL		
ENSG00000233365	ENSG00000233365			TK91	SNV
ENSG00000233383	ENSG00000233383			TK10	SNV
ENSG00000233393	ENSG00000233393			TK12	SNV
ENSG00000233454	ENSG00000233454			TK91	SNV
ENSG00000233502	ENSG00000233502			TK14	SNV
ENSG00000233535	ENSG00000233535			TK92	SNV
ENSG00000233538	ENSG00000233538	TK91	DEL		
ENSG00000233625	ENSG00000233625			TK16	SNV
ENSG00000233632	ENSG00000233632			TK92	SNV
ENSG00000233665	ENSG00000233665			TK14	SNV
ENSG00000233689	ENSG00000233689			TK13	SNV
ENSG00000233760	ENSG00000233760			TK10	SNV
ENSG00000233783	ENSG00000233783	TK10	DEL		
ENSG00000233820	ENSG00000233820			TK92	SNV
ENSG00000233836	ENSG00000233836	TK91	DEL		
ENSG00000233850	ENSG00000233850			TK10	SNV
ENSG00000233862	ENSG00000233862			TK93	SNV
ENSG00000233875	ENSG00000233875			TK92	SNV
ENSG00000233877	ENSG00000233877			TK93	SNV
ENSG00000233920	ENSG00000233920			TK18	SNV
ENSG00000233942	ENSG00000233942			TK14	SNV
ENSG00000233969	ENSG00000233969			TK93	SNV
ENSG00000233977	ENSG00000233977	TK92	DEL		
ENSG00000233990	ENSG00000233990			TK93	SNV
ENSG00000233995	ENSG00000233995	TK92	DEL		
ENSG00000234019	ENSG00000234019	TK91	DEL		
ENSG00000234034	ENSG00000234034			TK91	SNV
ENSG00000234080	ENSG00000234080			TK92	SNV
ENSG00000234089	ENSG00000234089			TK10	SNV
ENSG00000234116	ENSG00000234116			TK93	SNV
ENSG00000234132	ENSG00000234132			TK16	SNV
ENSG00000234172	ENSG00000234172			TK10	SNV
ENSG00000234203	ENSG00000234203	TK10	DEL		
ENSG00000234223	ENSG00000234223			TK10	SNV
ENSG00000234225	ENSG00000234225	TK92	DEL		
ENSG00000234282	ENSG00000234282			TK93	SNV
ENSG00000234296	ENSG00000234296			TK18	SNV
ENSG00000234318	ENSG00000234318			TK92	SNV
ENSG00000234360	ENSG00000234360			TK93	SNV
ENSG00000234378	ENSG00000234378	TK93	DEL		
ENSG00000234396	ENSG00000234396	TK91	DEL		
ENSG00000234425	ENSG00000234425	TK91	DEL		
ENSG00000234427	ENSG00000234427			TK93	SNV
ENSG00000234436	ENSG00000234436	TK10	DEL		
ENSG00000234455	ENSG00000234455			TK13	SNV
ENSG00000234471	ENSG00000234471			TK10	SNV
ENSG00000234484	ENSG00000234484			TK10	SNV
ENSG00000234567	ENSG00000234567			TK93	SNV
ENSG00000234578	ENSG00000234578	TK16	DEL		
ENSG00000234597	ENSG00000234597			TK14	SNV
ENSG00000234604	ENSG00000234604			TK92	SNV
ENSG00000234624	ENSG00000234624			TK92	SNV
ENSG00000234675	ENSG00000234675			TK91	SNV
ENSG00000234692	ENSG00000234692			TK13	SNV
ENSG00000234703	ENSG00000234703			TK16	SNV
ENSG00000234714	ENSG00000234714			TK91	SNV
ENSG00000234716	ENSG00000234716			TK14	SNV
ENSG00000234730	ENSG00000234730			TK10	SNV
ENSG00000234758	ENSG00000234758			TK13	SNV
ENSG00000234793	ENSG00000234793	TK91	DEL		
ENSG00000234892	ENSG00000234892			TK10	SNV
ENSG00000234907	ENSG00000234907	TK91	DEL		
ENSG00000234915	ENSG00000234915	TK10	DEL		
ENSG00000234929	ENSG00000234929			TK93	SNV
ENSG00000234985	ENSG00000234985			TK92	SNV
ENSG00000235020	ENSG00000235020			TK10	SNV
ENSG00000235023	ENSG00000235023			TK10	SNV
ENSG00000235035	ENSG00000235035	TK14	DEL		
ENSG00000235051	ENSG00000235051			TK16	SNV
ENSG00000235071	ENSG00000235071			TK93	SNV
ENSG00000235088	ENSG00000235088	TK16	DEL	TK92	SNV
ENSG00000235126	ENSG00000235126			TK92	SNV
ENSG00000235128	ENSG00000235128	TK18	DEL		
ENSG00000235151	ENSG00000235151	TK91	DEL		
ENSG00000235152	ENSG00000235152			TK92	SNV
ENSG00000235154	ENSG00000235154			TK16	SNV
ENSG00000235181	ENSG00000235181			TK14	SNV
ENSG00000235224	ENSG00000235224	TK91	DEL		
ENSG00000235246	ENSG00000235246			TK10	SNV
ENSG00000235279	ENSG00000235279			TK91	SNV
ENSG00000235286	ENSG00000235286	TK14	DEL		
ENSG00000235356	ENSG00000235356			TK13	SNV
ENSG00000235389	ENSG00000235389			TK92	SNV
ENSG00000235399	ENSG00000235399	TK93	DEL		
ENSG00000235400	ENSG00000235400			TK93	INDEL
ENSG00000235435	ENSG00000235435			TK10	SNV
ENSG00000235464	ENSG00000235464			TK93	SNV
ENSG00000235526	ENSG00000235526			TK92	SNV
ENSG00000235564	ENSG00000235564			TK91	SNV
ENSG00000235574	ENSG00000235574			TK14	SNV
ENSG00000235575	ENSG00000235575			TK10	SNV
ENSG00000235582	ENSG00000235582	TK10	DEL		
ENSG00000235605	ENSG00000235605			TK13	SNV
ENSG00000235612	ENSG00000235612			TK10	SNV
ENSG00000235637	ENSG00000235637			TK92	SNV
ENSG00000235659	ENSG00000235659	TK91	DEL		
ENSG00000235673	ENSG00000235673	TK10	DEL		
ENSG00000235689	ENSG00000235689			TK12	SNV
ENSG00000235705	ENSG00000235705			TK14	SNV
ENSG00000235713	ENSG00000235713			TK13	SNV
ENSG00000235728	ENSG00000235728			TK92	SNV
ENSG00000235742	ENSG00000235742			TK92	SNV
ENSG00000235778	ENSG00000235778			TK92	SNV
ENSG00000235817	ENSG00000235817			TK93	INDEL
ENSG00000235819	ENSG00000235819			TK92	INDEL,SNV
ENSG00000235833	ENSG00000235833			TK93	SNV
ENSG00000235845	ENSG00000235845			TK93	SNV
ENSG00000235861	ENSG00000235861			TK93	SNV
ENSG00000235893	ENSG00000235893	TK91	DEL		
ENSG00000235907	ENSG00000235907			TK92	SNV
ENSG00000235979	ENSG00000235979			TK92	SNV
ENSG00000235994	ENSG00000235994			TK13	SNV
ENSG00000236003	ENSG00000236003			TK93	SNV
ENSG00000236005	ENSG00000236005			TK93	SNV
ENSG00000236022	ENSG00000236022	TK91	DEL		
ENSG00000236046	ENSG00000236046			TK92	SNV
ENSG00000236106	ENSG00000236106			TK91	SNV
ENSG00000236119	ENSG00000236119			TK10	SNV
ENSG00000236205	ENSG00000236205			TK93	SNV
ENSG00000236209	ENSG00000236209			TK16	INDEL,SNV
ENSG00000236252	ENSG00000236252			TK16	SNV
ENSG00000236261	ENSG00000236261			TK92	SNV
ENSG00000236319	ENSG00000236319			TK93	SNV
ENSG00000236332	ENSG00000236332			TK12	SNV
ENSG00000236335	ENSG00000236335			TK13	SNV
ENSG00000236376	ENSG00000236376			TK91	SNV
ENSG00000236377	ENSG00000236377	TK10	DEL		
ENSG00000236389	ENSG00000236389			TK93	SNV
ENSG00000236431	ENSG00000236431			TK92	SNV
ENSG00000236450	ENSG00000236450	TK91	DEL		
ENSG00000236453	ENSG00000236453			TK14	SNV
ENSG00000236456	ENSG00000236456	TK92	DEL		
ENSG00000236461	ENSG00000236461			TK14	SNV
ENSG00000236476	ENSG00000236476			TK92	SNV
ENSG00000236504	ENSG00000236504			TK93	SNV
ENSG00000236576	ENSG00000236576			TK91	SNV
ENSG00000236601	ENSG00000236601	TK91	DEL	TK91	SNV
ENSG00000236656	ENSG00000236656			TK13	SNV
ENSG00000236817	ENSG00000236817			TK93	SNV
ENSG00000236842	ENSG00000236842			TK93	SNV
ENSG00000236854	ENSG00000236854	TK91	DEL		
ENSG00000236856	ENSG00000236856			TK92	SNV
ENSG00000236867	ENSG00000236867	TK91	DEL		
ENSG00000236887	ENSG00000236887			TK16	SNV
ENSG00000236896	ENSG00000236896	TK14	DEL		
ENSG00000236911	ENSG00000236911			TK14	SNV
ENSG00000236924	ENSG00000236924	TK14	DEL		
ENSG00000236938	ENSG00000236938			TK12	SNV
ENSG00000236940	ENSG00000236940	TK92	DEL		
ENSG00000236948	ENSG00000236948			TK14	SNV
ENSG00000236989	ENSG00000236989			TK18	SNV
ENSG00000237015	ENSG00000237015	TK93	DEL		
ENSG00000237027	ENSG00000237027			TK92	SNV
ENSG00000237087	ENSG00000237087	TK92	DEL		
ENSG00000237094	ENSG00000237094	TK91	DEL		
ENSG00000237174	ENSG00000237174			TK18	SNV
ENSG00000237188	ENSG00000237188	TK92	DEL		
ENSG00000237208	ENSG00000237208	TK92	DEL		
ENSG00000237217	ENSG00000237217			TK91	SNV
ENSG00000237251	ENSG00000237251			TK10	SNV
ENSG00000237297	ENSG00000237297	TK91	DEL		
ENSG00000237326	ENSG00000237326			TK10	SNV
ENSG00000237336	ENSG00000237336			TK92	SNV
ENSG00000237346	ENSG00000237346			TK14	INDEL
ENSG00000237347	ENSG00000237347	TK14	DEL		
ENSG00000237349	ENSG00000237349			TK93	SNV
ENSG00000237378	ENSG00000237378			TK13	INDEL,SNV
ENSG00000237385	ENSG00000237385	TK10	DEL	TK10	SNV
ENSG00000237390	ENSG00000237390	TK92	DEL		
ENSG00000237434	ENSG00000237434			TK92	SNV
ENSG00000237480	ENSG00000237480			TK10	SNV
ENSG00000237498	ENSG00000237498			TK10	INDEL,SNV
ENSG00000237572	ENSG00000237572			TK14	SNV
ENSG00000237581	ENSG00000237581			TK13	SNV
ENSG00000237588	ENSG00000237588	TK18	DEL		
ENSG00000237590	ENSG00000237590			TK12	SNV
ENSG00000237601	ENSG00000237601			TK18	SNV
ENSG00000237612	ENSG00000237612			TK10	SNV
ENSG00000237633	ENSG00000237633			TK91	SNV
ENSG00000237699	ENSG00000237699			TK18	SNV
ENSG00000237707	ENSG00000237707			TK92	SNV
ENSG00000237718	ENSG00000237718	TK14	DEL		
ENSG00000237741	ENSG00000237741			TK92	SNV
ENSG00000237810	ENSG00000237810			TK92	SNV
ENSG00000237832	ENSG00000237832			TK91	SNV
ENSG00000237835	ENSG00000237835	TK92	DEL		
ENSG00000237843	ENSG00000237843			TK10	SNV
ENSG00000237861	ENSG00000237861			TK91	SNV
ENSG00000237875	ENSG00000237875	TK13	DEL		
ENSG00000237904	ENSG00000237904	TK91	DEL		
ENSG00000237920	ENSG00000237920	TK92	DEL		
ENSG00000237955	ENSG00000237955			TK18	SNV
ENSG00000237987	ENSG00000237987			TK18	SNV
ENSG00000237993	ENSG00000237993			TK93	SNV
ENSG00000238009	ENSG00000238009			TK91	SNV
ENSG00000238034	ENSG00000238034			TK91	SNV
ENSG00000238084	ENSG00000238084	TK14	DEL		
ENSG00000238102	ENSG00000238102			TK13	SNV
ENSG00000238176	ENSG00000238176			TK14	SNV
ENSG00000238207	ENSG00000238207	TK92	DEL		
ENSG00000238231	ENSG00000238231			TK10	SNV
ENSG00000238258	ENSG00000238258			TK10	SNV
ENSG00000238282	ENSG00000238282			TK13	SNV
ENSG00000238326	ENSG00000238326			TK10	SNV
ENSG00000238575	ENSG00000238575			TK10	SNV
ENSG00000238832	ENSG00000238832			TK93	INDEL
ENSG00000238854	ENSG00000238854	TK10	DEL		
ENSG00000238934	ENSG00000238934	TK93	DEL	TK12	SNV
ENSG00000238966	ENSG00000238966	TK10	DEL		
ENSG00000239096	ENSG00000239096	TK13	DEL	TK16	SNV
ENSG00000239254	ENSG00000239254			TK13	SNV
ENSG00000239311	ENSG00000239311			TK92	SNV
ENSG00000239395	ENSG00000239395			TK13	SNV
ENSG00000239415	ENSG00000239415	TK93	DEL		
ENSG00000239498	ENSG00000239498			TK91	SNV
ENSG00000239593	ENSG00000239593			TK92	SNV
ENSG00000239670	ENSG00000239670			TK18	SNV
ENSG00000239686	ENSG00000239686			TK91	SNV
ENSG00000239783	ENSG00000239783	TK14	DEL		
ENSG00000239985	ENSG00000239985	TK93	DEL		
ENSG00000239994	ENSG00000239994			TK10	SNV
ENSG00000240096	ENSG00000240096	TK13	DEL		
ENSG00000240197	ENSG00000240197	TK10	DEL		
ENSG00000240201	ENSG00000240201			TK91	SNV
ENSG00000240354	ENSG00000240354			TK93	SNV
ENSG00000240399	ENSG00000240399	TK16	DEL		
ENSG00000240404	ENSG00000240404			TK92	SNV
ENSG00000240478	ENSG00000240478			TK18	SNV
ENSG00000240521	ENSG00000240521			TK13	SNV
ENSG00000240591	ENSG00000240591	TK18	DEL		
ENSG00000240627	ENSG00000240627			TK13	SNV
ENSG00000240634	ENSG00000240634	TK91	DEL		
ENSG00000240669	ENSG00000240669			TK92	SNV
ENSG00000240775	ENSG00000240775			TK91	SNV
ENSG00000240777	ENSG00000240777			TK18	SNV
ENSG00000240801	ENSG00000240801			TK10	SNV
ENSG00000240808	ENSG00000240808			TK10	SNV
ENSG00000240895	ENSG00000240895			TK13	SNV
ENSG00000240934	ENSG00000240934			TK93	SNV
ENSG00000240980	ENSG00000240980			TK13	SNV
ENSG00000241035	ENSG00000241035	TK16	DEL		
ENSG00000241114	ENSG00000241114			TK12	SNV
ENSG00000241168	ENSG00000241168			TK91	INDEL
ENSG00000241179	ENSG00000241179			TK93	SNV
ENSG00000241207	ENSG00000241207			TK91	SNV
ENSG00000241357	ENSG00000241357			TK13	SNV
ENSG00000241411	ENSG00000241411			TK91	SNV
ENSG00000241593	ENSG00000241593			TK92	SNV
ENSG00000241792	ENSG00000241792			TK10	SNV
ENSG00000241828	ENSG00000241828	TK91	DEL		
ENSG00000241882	ENSG00000241882			TK91	SNV
ENSG00000241884	ENSG00000241884	TK92	DEL		
ENSG00000241991	ENSG00000241991			TK92	SNV
ENSG00000242156	ENSG00000242156	TK91	DEL	TK14	SNV
ENSG00000242163	ENSG00000242163			TK12	SNV
ENSG00000242197	ENSG00000242197			TK91	SNV
ENSG00000242324	ENSG00000242324			TK93	SNV
ENSG00000242327	ENSG00000242327			TK91	SNV
ENSG00000242391	ENSG00000242391			TK14	INDEL,SNV
ENSG00000242396	ENSG00000242396	TK92	DEL		
ENSG00000242411	ENSG00000242411	TK91	DEL	TK93	INDEL,SNV
ENSG00000242531	ENSG00000242531			TK13	SNV
ENSG00000242539	ENSG00000242539	TK91	DEL		
ENSG00000242568	ENSG00000242568			TK10	SNV
ENSG00000242578	ENSG00000242578			TK93	SNV
ENSG00000242753	ENSG00000242753			TK18	SNV
ENSG00000243018	ENSG00000243018	TK10	DEL		
ENSG00000243038	ENSG00000243038			TK92	SNV
ENSG00000243085	ENSG00000243085			TK92	SNV
ENSG00000243107	ENSG00000243107	TK12	DEL		
ENSG00000243303	ENSG00000243303			TK92	SNV
ENSG00000243305	ENSG00000243305	TK14	DEL		
ENSG00000243423	ENSG00000243423			TK92	SNV
ENSG00000243433	ENSG00000243433	TK18	DEL		
ENSG00000243491	ENSG00000243491			TK12	SNV
ENSG00000243501	ENSG00000243501			TK14	SNV
ENSG00000243574	ENSG00000243574			TK93	SNV
ENSG00000243636	ENSG00000243636			TK93	SNV
ENSG00000243659	ENSG00000243659			TK13	SNV
ENSG00000243777	ENSG00000243777			TK91	SNV
ENSG00000243797	ENSG00000243797			TK93	SNV
ENSG00000243802	ENSG00000243802			TK93	SNV
ENSG00000243888	ENSG00000243888			TK13	SNV
ENSG00000243903	ENSG00000243903			TK92	SNV
ENSG00000243916	ENSG00000243916			TK13	SNV
ENSG00000243969	ENSG00000243969			TK92	SNV
ENSG00000244176	ENSG00000244176			TK10	INDEL,SNV
ENSG00000244193	ENSG00000244193			TK93	SNV
ENSG00000244349	ENSG00000244349			TK91	INDEL
ENSG00000244380	ENSG00000244380	TK12	DEL		
ENSG00000244436	ENSG00000244436			TK92	SNV
ENSG00000244464	ENSG00000244464			TK93	SNV
ENSG00000244480	ENSG00000244480	TK92	DEL		
ENSG00000244510	ENSG00000244510			TK93	SNV
ENSG00000244593	ENSG00000244593	TK92	DEL		
ENSG00000244675	ENSG00000244675	TK14	DEL		
ENSG00000244791	ENSG00000244791			TK18	SNV
ENSG00000245667	ENSG00000245667	TK10	DEL		
ENSG00000246130	ENSG00000246130	TK92	DEL		
ENSG00000246465	ENSG00000246465	TK91	DEL		
ENSG00000247049	ENSG00000247049	TK14	DEL		
ENSG00000247679	ENSG00000247679	TK16	DEL		
ENSG00000247765	ENSG00000247765			TK92	SNV
ENSG00000247810	ENSG00000247810			TK92	SNV
ENSG00000248029	ENSG00000248029			TK10	SNV
ENSG00000248155	ENSG00000248155	TK10	DEL		
ENSG00000248176	ENSG00000248176			TK10	SNV
ENSG00000248185	ENSG00000248185			TK93	SNV
ENSG00000248187	ENSG00000248187			TK92	SNV
ENSG00000248200	ENSG00000248200			TK12	SNV
ENSG00000248203	ENSG00000248203			TK93	SNV
ENSG00000248234	ENSG00000248234			TK92	SNV
ENSG00000248245	ENSG00000248245			TK92	SNV
ENSG00000248261	ENSG00000248261			TK92	SNV
ENSG00000248281	ENSG00000248281			TK92	SNV
ENSG00000248285	ENSG00000248285			TK10	SNV
ENSG00000248308	ENSG00000248308			TK14	SNV
ENSG00000248311	ENSG00000248311			TK92	SNV
ENSG00000248369	ENSG00000248369			TK13	SNV
ENSG00000248399	ENSG00000248399	TK91	DEL		
ENSG00000248401	ENSG00000248401	TK92	DEL		
ENSG00000248423	ENSG00000248423			TK13	SNV
ENSG00000248428	ENSG00000248428			TK18	SNV
ENSG00000248431	ENSG00000248431			TK92	SNV
ENSG00000248466	ENSG00000248466			TK10	SNV
ENSG00000248482	ENSG00000248482			TK92	SNV
ENSG00000248551	ENSG00000248551			TK14	SNV
ENSG00000248588	ENSG00000248588			TK10	SNV
ENSG00000248600	ENSG00000248600			TK12	SNV
ENSG00000248607	ENSG00000248607			TK92	SNV
ENSG00000248625	ENSG00000248625	TK13	DEL		
ENSG00000248629	ENSG00000248629			TK93	INDEL,SNV
ENSG00000248634	ENSG00000248634			TK10	SNV
ENSG00000248635	ENSG00000248635			TK91	SNV
ENSG00000248648	ENSG00000248648			TK10	SNV
ENSG00000248656	ENSG00000248656			TK92	SNV
ENSG00000248696	ENSG00000248696			TK92	SNV
ENSG00000248744	ENSG00000248744			TK92	SNV
ENSG00000248749	ENSG00000248749			TK14	SNV
ENSG00000248753	ENSG00000248753			TK91	SNV
ENSG00000248777	ENSG00000248777			TK93	SNV
ENSG00000248779	ENSG00000248779	TK91	DEL	TK92	SNV
ENSG00000248791	ENSG00000248791			TK93	SNV
ENSG00000248853	ENSG00000248853			TK14	SNV
ENSG00000248973	ENSG00000248973	TK92	DEL		
ENSG00000249000	ENSG00000249000			TK91	SNV
ENSG00000249008	ENSG00000249008			TK14	SNV
ENSG00000249016	ENSG00000249016			TK13	SNV
ENSG00000249017	ENSG00000249017			TK10	SNV
ENSG00000249019	ENSG00000249019	TK92	DEL		
ENSG00000249079	ENSG00000249079			TK92	SNV
ENSG00000249086	ENSG00000249086	TK16	DEL		
ENSG00000249094	ENSG00000249094	TK91	DEL		
ENSG00000249101	ENSG00000249101			TK13	SNV
ENSG00000249102	ENSG00000249102			TK18	SNV
ENSG00000249149	ENSG00000249149			TK93	SNV
ENSG00000249150	ENSG00000249150			TK91	INDEL
ENSG00000249171	ENSG00000249171			TK10	SNV
ENSG00000249175	ENSG00000249175			TK18	SNV
ENSG00000249235	ENSG00000249235			TK14	SNV
ENSG00000249240	ENSG00000249240	TK18	DEL		
ENSG00000249320	ENSG00000249320			TK92	SNV
ENSG00000249330	ENSG00000249330			TK10	SNV
ENSG00000249334	ENSG00000249334			TK18	SNV
ENSG00000249403	ENSG00000249403			TK16	SNV
ENSG00000249412	ENSG00000249412			TK10	SNV
ENSG00000249419	ENSG00000249419			TK10	SNV
ENSG00000249453	ENSG00000249453	TK91	DEL		
ENSG00000249478	ENSG00000249478			TK91	SNV
ENSG00000249483	ENSG00000249483			TK91	SNV
ENSG00000249522	ENSG00000249522			TK92	INDEL,SNV
ENSG00000249525	ENSG00000249525			TK92	SNV
ENSG00000249602	ENSG00000249602	TK92	DEL		
ENSG00000249605	ENSG00000249605			TK92	SNV
ENSG00000249639	ENSG00000249639			TK92	INDEL
ENSG00000249686	ENSG00000249686			TK91	SNV
ENSG00000249697	ENSG00000249697			TK92	SNV
ENSG00000249708	ENSG00000249708			TK93	SNV
ENSG00000249721	ENSG00000249721			TK18	SNV
ENSG00000249727	ENSG00000249727			TK16	SNV
ENSG00000249738	ENSG00000249738			TK18	SNV
ENSG00000249742	ENSG00000249742			TK92	SNV
ENSG00000249743	ENSG00000249743	TK16	DEL		
ENSG00000249746	ENSG00000249746			TK92	SNV
ENSG00000249773	ENSG00000249773			TK10	SNV
ENSG00000249779	ENSG00000249779			TK93	SNV
ENSG00000249803	ENSG00000249803	TK13	DEL		
ENSG00000249828	ENSG00000249828			TK92	SNV
ENSG00000249848	ENSG00000249848			TK91	SNV
ENSG00000249856	ENSG00000249856			TK13	INDEL
ENSG00000249892	ENSG00000249892			TK10	SNV
ENSG00000249916	ENSG00000249916			TK12	SNV
ENSG00000249942	ENSG00000249942			TK10	SNV
ENSG00000249944	ENSG00000249944			TK92	INDEL
ENSG00000249945	ENSG00000249945			TK14	SNV
ENSG00000249955	ENSG00000249955	TK13	DEL	TK92	SNV
ENSG00000249960	ENSG00000249960	TK92	DEL		
ENSG00000249967	ENSG00000249967	TK91	DEL		
ENSG00000249994	ENSG00000249994			TK93	SNV
ENSG00000250020	ENSG00000250020			TK10	SNV
ENSG00000250027	ENSG00000250027	TK91	DEL		
ENSG00000250041	ENSG00000250041			TK92	SNV
ENSG00000250057	ENSG00000250057	TK92	DEL		
ENSG00000250079	ENSG00000250079			TK14	SNV
ENSG00000250080	ENSG00000250080			TK14	SNV
ENSG00000250105	ENSG00000250105			TK16	SNV
ENSG00000250137	ENSG00000250137	TK91	DEL		
ENSG00000250173	ENSG00000250173			TK16	SNV
ENSG00000250186	ENSG00000250186	TK16	DEL		
ENSG00000250230	ENSG00000250230			TK92	SNV
ENSG00000250260	ENSG00000250260			TK92	SNV
ENSG00000250274	ENSG00000250274			TK92	SNV
ENSG00000250300	ENSG00000250300			TK91	SNV
ENSG00000250306	ENSG00000250306			TK92	SNV
ENSG00000250316	ENSG00000250316			TK10	SNV
ENSG00000250322	ENSG00000250322	TK14	DEL		
ENSG00000250347	ENSG00000250347			TK10	SNV
ENSG00000250375	ENSG00000250375			TK92	SNV
ENSG00000250377	ENSG00000250377	TK91	DEL	TK92	SNV
ENSG00000250397	ENSG00000250397	TK91	DEL		
ENSG00000250403	ENSG00000250403			TK93	SNV
ENSG00000250406	ENSG00000250406			TK93	SNV
ENSG00000250418	ENSG00000250418	TK91	DEL		
ENSG00000250453	ENSG00000250453			TK13	SNV
ENSG00000250455	ENSG00000250455			TK18	SNV
ENSG00000250497	ENSG00000250497			TK12	SNV
ENSG00000250500	ENSG00000250500			TK91	SNV
ENSG00000250555	ENSG00000250555	TK91	DEL		
ENSG00000250573	ENSG00000250573			TK93	SNV
ENSG00000250574	ENSG00000250574			TK14	SNV
ENSG00000250575	ENSG00000250575	TK91	DEL		
ENSG00000250613	ENSG00000250613			TK92	SNV
ENSG00000250615	ENSG00000250615			TK13	SNV
ENSG00000250644	ENSG00000250644	TK10	DEL		
ENSG00000250658	ENSG00000250658			TK91	SNV
ENSG00000250659	ENSG00000250659	TK13	DEL		
ENSG00000250677	ENSG00000250677	TK92	DEL		
ENSG00000250698	ENSG00000250698			TK93	SNV
ENSG00000250726	ENSG00000250726			TK16	SNV
ENSG00000250727	ENSG00000250727			TK92	SNV
ENSG00000250734	ENSG00000250734	TK13	DEL		
ENSG00000250761	ENSG00000250761			TK93	SNV
ENSG00000250767	ENSG00000250767	TK10	DEL		
ENSG00000250769	ENSG00000250769	TK93	DEL		
ENSG00000250770	ENSG00000250770			TK93	SNV
ENSG00000250781	ENSG00000250781			TK14	SNV
ENSG00000250831	ENSG00000250831			TK10	SNV
ENSG00000250842	ENSG00000250842			TK10	SNV
ENSG00000250855	ENSG00000250855			TK93	SNV
ENSG00000250892	ENSG00000250892	TK91	DEL		
ENSG00000250909	ENSG00000250909	TK10	DEL		
ENSG00000250914	ENSG00000250914			TK92	SNV
ENSG00000250917	ENSG00000250917	TK92	DEL		
ENSG00000250934	ENSG00000250934			TK92	SNV
ENSG00000250992	ENSG00000250992			TK10	SNV
ENSG00000250997	ENSG00000250997	TK91	DEL		
ENSG00000251017	ENSG00000251017			TK91	SNV
ENSG00000251049	ENSG00000251049			TK92	SNV
ENSG00000251144	ENSG00000251144			TK14	SNV
ENSG00000251168	ENSG00000251168			TK10	SNV
ENSG00000251177	ENSG00000251177			TK12	INDEL,SNV
ENSG00000251188	ENSG00000251188	TK91	DEL		
ENSG00000251200	ENSG00000251200	TK13	DEL		
ENSG00000251211	ENSG00000251211			TK92	SNV
ENSG00000251218	ENSG00000251218			TK92	SNV
ENSG00000251239	ENSG00000251239			TK13	SNV
ENSG00000251278	ENSG00000251278			TK91	SNV
ENSG00000251281	ENSG00000251281			TK16	SNV
ENSG00000251288	ENSG00000251288	TK91	DEL		
ENSG00000251296	ENSG00000251296			TK91	SNV
ENSG00000251310	ENSG00000251310			TK10	SNV
ENSG00000251313	ENSG00000251313			TK13	SNV
ENSG00000251354	ENSG00000251354	TK14	DEL		
ENSG00000251378	ENSG00000251378			TK13	SNV
ENSG00000251412	ENSG00000251412			TK92	SNV
ENSG00000251416	ENSG00000251416			TK14	INDEL
ENSG00000251431	ENSG00000251431	TK10	DEL		
ENSG00000251478	ENSG00000251478			TK16	SNV
ENSG00000251484	ENSG00000251484	TK92	DEL		
ENSG00000251537	ENSG00000251537			TK12	SNV
ENSG00000251548	ENSG00000251548			TK92	SNV
ENSG00000251579	ENSG00000251579	TK10	DEL		
ENSG00000251585	ENSG00000251585			TK93	INDEL
ENSG00000251613	ENSG00000251613			TK93	SNV
ENSG00000251642	ENSG00000251642			TK10	SNV
ENSG00000251648	ENSG00000251648			TK92	SNV
ENSG00000251661	ENSG00000251661	TK10	DEL		
ENSG00000251679	ENSG00000251679			TK91	SNV
ENSG00000251689	ENSG00000251689	TK91	DEL	TK18	SNV
ENSG00000251922	ENSG00000251922	TK13	DEL		
ENSG00000252139	ENSG00000252139			TK91	SNV
ENSG00000252218	ENSG00000252218	TK14	DEL		
ENSG00000252236	ENSG00000252236	TK92	DEL	TK91	SNV
ENSG00000252274	ENSG00000252274			TK14	SNV
ENSG00000252427	ENSG00000252427			TK91	SNV
ENSG00000252461	ENSG00000252461	TK91	DEL		
ENSG00000252719	ENSG00000252719			TK91	SNV
ENSG00000252787	ENSG00000252787			TK18	SNV
ENSG00000253049	ENSG00000253049			TK13	SNV
ENSG00000253059	ENSG00000253059			TK92	SNV
ENSG00000253092	ENSG00000253092			TK91	SNV
ENSG00000253154	ENSG00000253154			TK10	SNV
ENSG00000253172	ENSG00000253172			TK92	SNV
ENSG00000253176	ENSG00000253176			TK10	SNV
ENSG00000253181	ENSG00000253181			TK91	SNV
ENSG00000253197	ENSG00000253197			TK16	SNV
ENSG00000253198	ENSG00000253198			TK91	SNV
ENSG00000253200	ENSG00000253200	TK93	DEL		
ENSG00000253206	ENSG00000253206			TK10	SNV
ENSG00000253207	ENSG00000253207			TK92	SNV
ENSG00000253217	ENSG00000253217			TK10	SNV
ENSG00000253220	ENSG00000253220			TK12	SNV
ENSG00000253252	ENSG00000253252	TK91	DEL		
ENSG00000253260	ENSG00000253260			TK10	SNV
ENSG00000253287	ENSG00000253287			TK10	SNV
ENSG00000253308	ENSG00000253308			TK12	INDEL
ENSG00000253321	ENSG00000253321	TK91	DEL		
ENSG00000253322	ENSG00000253322			TK10	SNV
ENSG00000253330	ENSG00000253330	TK14	DEL		
ENSG00000253343	ENSG00000253343			TK91	SNV
ENSG00000253357	ENSG00000253357			TK10	SNV
ENSG00000253376	ENSG00000253376			TK10	SNV
ENSG00000253377	ENSG00000253377			TK92	INDEL
ENSG00000253383	ENSG00000253383			TK93	SNV
ENSG00000253389	ENSG00000253389			TK93	SNV
ENSG00000253400	ENSG00000253400			TK93	SNV
ENSG00000253403	ENSG00000253403			TK13	SNV
ENSG00000253415	ENSG00000253415			TK14	SNV
ENSG00000253427	ENSG00000253427			TK10	SNV
ENSG00000253471	ENSG00000253471			TK91	SNV
ENSG00000253472	ENSG00000253472			TK91	SNV
ENSG00000253480	ENSG00000253480			TK92	SNV
ENSG00000253507	ENSG00000253507			TK91	SNV
ENSG00000253512	ENSG00000253512			TK91	SNV
ENSG00000253530	ENSG00000253530			TK12	SNV
ENSG00000253532	ENSG00000253532			TK92	SNV
ENSG00000253536	ENSG00000253536			TK93	SNV
ENSG00000253539	ENSG00000253539			TK91	SNV
ENSG00000253564	ENSG00000253564			TK91	SNV
ENSG00000253596	ENSG00000253596			TK91	SNV
ENSG00000253600	ENSG00000253600			TK14	INDEL,SNV
ENSG00000253608	ENSG00000253608			TK10	SNV
ENSG00000253620	ENSG00000253620	TK91	DEL		
ENSG00000253623	ENSG00000253623			TK92	SNV
ENSG00000253648	ENSG00000253648			TK10	SNV
ENSG00000253668	ENSG00000253668			TK91	SNV
ENSG00000253675	ENSG00000253675			TK93	SNV
ENSG00000253711	ENSG00000253711			TK10	SNV
ENSG00000253726	ENSG00000253726			TK91	SNV
ENSG00000253735	ENSG00000253735	TK91	DEL	TK92	SNV
ENSG00000253737	ENSG00000253737			TK18	SNV
ENSG00000253749	ENSG00000253749			TK18	SNV
ENSG00000253775	ENSG00000253775			TK92	SNV
ENSG00000253776	ENSG00000253776			TK13	SNV
ENSG00000253796	ENSG00000253796	TK18	DEL		
ENSG00000253806	ENSG00000253806			TK10	SNV
ENSG00000253809	ENSG00000253809			TK92	SNV
ENSG00000253824	ENSG00000253824			TK18	SNV
ENSG00000253832	ENSG00000253832			TK92	SNV
ENSG00000253875	ENSG00000253875			TK92	SNV
ENSG00000253886	ENSG00000253886			TK92	INDEL
ENSG00000253887	ENSG00000253887	TK91	DEL	TK91	SNV
ENSG00000253888	ENSG00000253888			TK91	SNV
ENSG00000253894	ENSG00000253894			TK91	SNV
ENSG00000253896	ENSG00000253896	TK91	DEL		
ENSG00000253899	ENSG00000253899			TK92	SNV
ENSG00000253924	ENSG00000253924			TK13	SNV
ENSG00000253926	ENSG00000253926			TK91	SNV
ENSG00000253932	ENSG00000253932			TK10	SNV
ENSG00000253942	ENSG00000253942			TK16	SNV
ENSG00000253965	ENSG00000253965	TK92	DEL		
ENSG00000253966	ENSG00000253966			TK16	SNV
ENSG00000253980	ENSG00000253980			TK92	INDEL,SNV
ENSG00000254007	ENSG00000254007			TK10	SNV
ENSG00000254011	ENSG00000254011			TK16	SNV
ENSG00000254043	ENSG00000254043			TK14	SNV
ENSG00000254050	ENSG00000254050			TK92	SNV
ENSG00000254057	ENSG00000254057	TK91	DEL		
ENSG00000254065	ENSG00000254065	TK14	DEL		
ENSG00000254067	ENSG00000254067			TK14	SNV
ENSG00000254076	ENSG00000254076			TK13	SNV
ENSG00000254084	ENSG00000254084			TK93	SNV
ENSG00000254089	ENSG00000254089			TK10	SNV
ENSG00000254091	ENSG00000254091	TK91	DEL		
ENSG00000254099	ENSG00000254099	TK18	DEL		
ENSG00000254141	ENSG00000254141			TK93	SNV
ENSG00000254170	ENSG00000254170			TK92	SNV
ENSG00000254192	ENSG00000254192	TK13	DEL		
ENSG00000254193	ENSG00000254193	TK91	DEL		
ENSG00000254194	ENSG00000254194			TK18	SNV
ENSG00000254216	ENSG00000254216	TK92	DEL		
ENSG00000254222	ENSG00000254222	TK92	DEL		
ENSG00000254230	ENSG00000254230	TK10	DEL		
ENSG00000254237	ENSG00000254237	TK91	DEL		
ENSG00000254283	ENSG00000254283			TK10	SNV
ENSG00000254302	ENSG00000254302			TK92	SNV
ENSG00000254328	ENSG00000254328	TK92	DEL		
ENSG00000254362	ENSG00000254362			TK93	SNV
ENSG00000254365	ENSG00000254365			TK12	SNV
ENSG00000254391	ENSG00000254391			TK92	SNV
ENSG00000254400	ENSG00000254400			TK18	SNV
ENSG00000254406	ENSG00000254406			TK10	SNV
ENSG00000254412	ENSG00000254412			TK14	SNV
ENSG00000254443	ENSG00000254443			TK91	SNV
ENSG00000254467	ENSG00000254467			TK14	SNV
ENSG00000254492	ENSG00000254492	TK91	DEL		
ENSG00000254495	ENSG00000254495			TK16	SNV
ENSG00000254506	ENSG00000254506			TK91	SNV
ENSG00000254522	ENSG00000254522			TK92	SNV
ENSG00000254526	ENSG00000254526			TK92	SNV
ENSG00000254533	ENSG00000254533	TK91	DEL		
ENSG00000254556	ENSG00000254556	TK18	DEL		
ENSG00000254563	ENSG00000254563			TK92	SNV
ENSG00000254599	ENSG00000254599			TK92	SNV
ENSG00000254605	ENSG00000254605			TK10	SNV
ENSG00000254606	ENSG00000254606			TK91	SNV
ENSG00000254620	ENSG00000254620			TK93	SNV
ENSG00000254632	ENSG00000254632			TK10	SNV
ENSG00000254644	ENSG00000254644			TK13	SNV
ENSG00000254662	ENSG00000254662			TK93	SNV
ENSG00000254673	ENSG00000254673	TK92	DEL		
ENSG00000254676	ENSG00000254676	TK93	DEL		
ENSG00000254682	ENSG00000254682	TK12	DEL		
ENSG00000254684	ENSG00000254684			TK92	SNV
ENSG00000254686	ENSG00000254686	TK92	DEL		
ENSG00000254695	ENSG00000254695			TK10	SNV
ENSG00000254707	ENSG00000254707			TK92	SNV
ENSG00000254718	ENSG00000254718	TK92	DEL		
ENSG00000254730	ENSG00000254730	TK13	DEL		
ENSG00000254733	ENSG00000254733			TK92	SNV
ENSG00000254739	ENSG00000254739	TK91	DEL	TK12	SNV
ENSG00000254765	ENSG00000254765	TK10	DEL		
ENSG00000254804	ENSG00000254804			TK13	SNV
ENSG00000254817	ENSG00000254817			TK14	SNV
ENSG00000254830	ENSG00000254830			TK12	SNV
ENSG00000254847	ENSG00000254847			TK10	SNV
ENSG00000254850	ENSG00000254850			TK12	SNV
ENSG00000254883	ENSG00000254883			TK13	SNV
ENSG00000254885	ENSG00000254885			TK13	SNV
ENSG00000254888	ENSG00000254888			TK13	SNV
ENSG00000254913	ENSG00000254913			TK93	SNV
ENSG00000254923	ENSG00000254923	TK92	DEL		
ENSG00000254926	ENSG00000254926			TK18	SNV
ENSG00000254927	ENSG00000254927			TK93	SNV
ENSG00000254936	ENSG00000254936	TK18	DEL		
ENSG00000254951	ENSG00000254951	TK92	DEL		
ENSG00000254963	ENSG00000254963			TK10	SNV
ENSG00000254964	ENSG00000254964	TK92	DEL		
ENSG00000254974	ENSG00000254974			TK92	SNV
ENSG00000254975	ENSG00000254975			TK92	INDEL
ENSG00000254990	ENSG00000254990	TK92	DEL		
ENSG00000255000	ENSG00000255000	TK91	DEL		
ENSG00000255021	ENSG00000255021			TK10	SNV
ENSG00000255029	ENSG00000255029			TK91	SNV
ENSG00000255081	ENSG00000255081			TK91	SNV
ENSG00000255085	ENSG00000255085	TK91	DEL		
ENSG00000255108	ENSG00000255108	TK91	DEL		
ENSG00000255115	ENSG00000255115			TK12	SNV
ENSG00000255118	ENSG00000255118			TK13	SNV
ENSG00000255142	ENSG00000255142	TK91	DEL		
ENSG00000255164	ENSG00000255164	TK91	DEL		
ENSG00000255174	ENSG00000255174			TK14	SNV
ENSG00000255176	ENSG00000255176			TK12	SNV
ENSG00000255179	ENSG00000255179			TK93	SNV
ENSG00000255182	ENSG00000255182	TK10	DEL		
ENSG00000255206	ENSG00000255206			TK14	SNV
ENSG00000255209	ENSG00000255209			TK92	SNV
ENSG00000255214	ENSG00000255214			TK13	SNV
ENSG00000255219	ENSG00000255219			TK12	SNV
ENSG00000255233	ENSG00000255233			TK93	SNV
ENSG00000255253	ENSG00000255253	TK92	DEL		
ENSG00000255260	ENSG00000255260			TK16	SNV
ENSG00000255272	ENSG00000255272			TK92	SNV
ENSG00000255306	ENSG00000255306	TK13	DEL		
ENSG00000255326	ENSG00000255326			TK10	SNV
ENSG00000255339	ENSG00000255339	TK91	DEL		
ENSG00000255340	ENSG00000255340	TK18	DEL		
ENSG00000255343	ENSG00000255343			TK13	SNV
ENSG00000255356	ENSG00000255356	TK91	DEL		
ENSG00000255361	ENSG00000255361			TK93	SNV
ENSG00000255395	ENSG00000255395			TK16	INDEL
ENSG00000255396	ENSG00000255396			TK92	SNV
ENSG00000255402	ENSG00000255402			TK91	SNV
ENSG00000255422	ENSG00000255422			TK93	SNV
ENSG00000255432	ENSG00000255432	TK92	DEL		
ENSG00000255442	ENSG00000255442			TK92	SNV
ENSG00000255456	ENSG00000255456	TK91	DEL	TK92	SNV
ENSG00000255457	ENSG00000255457			TK10	SNV
ENSG00000255459	ENSG00000255459			TK93	SNV
ENSG00000255482	ENSG00000255482			TK10	INDEL,SNV
ENSG00000255491	ENSG00000255491			TK92	SNV
ENSG00000255523	ENSG00000255523			TK10	SNV
ENSG00000255525	ENSG00000255525			TK18	SNV
ENSG00000255528	ENSG00000255528			TK93	SNV
ENSG00000255530	ENSG00000255530	TK91	DEL		
ENSG00000255532	ENSG00000255532			TK13	SNV
ENSG00000255533	ENSG00000255533			TK93	SNV
ENSG00000255550	ENSG00000255550			TK10	SNV
ENSG00000255551	ENSG00000255551			TK18	SNV
ENSG00000255556	ENSG00000255556			TK13	SNV
ENSG00000255572	ENSG00000255572			TK16	SNV
ENSG00000255581	ENSG00000255581			TK91	INDEL,SNV
ENSG00000255608	ENSG00000255608			TK16	SNV
ENSG00000255647	ENSG00000255647	TK91	DEL		
ENSG00000255649	ENSG00000255649			TK13	SNV
ENSG00000255726	ENSG00000255726			TK18	SNV
ENSG00000255730	ENSG00000255730			TK16	SNV
ENSG00000255780	ENSG00000255780			TK93	SNV
ENSG00000255817	ENSG00000255817			TK91	SNV
ENSG00000255839	ENSG00000255839	TK91	DEL		
ENSG00000255843	ENSG00000255843	TK13	DEL		
ENSG00000255845	ENSG00000255845	TK13	DEL		
ENSG00000255866	ENSG00000255866			TK91	SNV
ENSG00000255871	ENSG00000255871			TK93	SNV
ENSG00000255885	ENSG00000255885	TK91	DEL		
ENSG00000255893	ENSG00000255893	TK13	DEL		
ENSG00000255899	ENSG00000255899	TK92	DEL		
ENSG00000255931	ENSG00000255931	TK18	DEL		
ENSG00000255960	ENSG00000255960			TK18	SNV
ENSG00000256011	ENSG00000256011			TK93	SNV
ENSG00000256085	ENSG00000256085			TK92	SNV
ENSG00000256116	ENSG00000256116	TK12	DEL		
ENSG00000256148	ENSG00000256148			TK93	SNV
ENSG00000256149	ENSG00000256149			TK10	SNV
ENSG00000256159	ENSG00000256159	TK93	DEL		
ENSG00000256196	ENSG00000256196	TK91	DEL		
ENSG00000256226	ENSG00000256226			TK10	SNV
ENSG00000256250	ENSG00000256250	TK91	DEL		
ENSG00000256254	ENSG00000256254			TK14	SNV
ENSG00000256281	ENSG00000256281			TK13	SNV
ENSG00000256299	ENSG00000256299	TK91	DEL		
ENSG00000256321	ENSG00000256321			TK91	SNV
ENSG00000256325	ENSG00000256325			TK10	SNV
ENSG00000256349	ENSG00000256349	TK10	DEL		
ENSG00000256350	ENSG00000256350			TK93	SNV
ENSG00000256361	ENSG00000256361	TK14	DEL		
ENSG00000256400	ENSG00000256400			TK92	SNV
ENSG00000256433	ENSG00000256433			TK10	SNV
ENSG00000256504	ENSG00000256504	TK18	DEL	TK18	INDEL
ENSG00000256533	ENSG00000256533			TK10	SNV
ENSG00000256557	ENSG00000256557			TK91	SNV
ENSG00000256566	ENSG00000256566	TK13	DEL		
ENSG00000256664	ENSG00000256664	TK92	DEL		
ENSG00000256674	ENSG00000256674			TK92	SNV
ENSG00000256706	ENSG00000256706			TK92	SNV
ENSG00000256708	ENSG00000256708			TK93	SNV
ENSG00000256723	ENSG00000256723			TK91	SNV
ENSG00000256747	ENSG00000256747			TK16	SNV
ENSG00000256783	ENSG00000256783			TK16	SNV
ENSG00000256804	ENSG00000256804	TK91	DEL		
ENSG00000256811	ENSG00000256811			TK10	SNV
ENSG00000256827	ENSG00000256827	TK14	DEL		
ENSG00000256851	ENSG00000256851	TK92	DEL		
ENSG00000256917	ENSG00000256917			TK13	SNV
ENSG00000256951	ENSG00000256951			TK13	SNV
ENSG00000257002	ENSG00000257002			TK10	SNV
ENSG00000257009	ENSG00000257009			TK13	SNV
ENSG00000257035	ENSG00000257035			TK14	SNV
ENSG00000257045	ENSG00000257045			TK10	INDEL
ENSG00000257058	ENSG00000257058	TK13	DEL		
ENSG00000257060	ENSG00000257060			TK18	SNV
ENSG00000257062	ENSG00000257062			TK10	SNV
ENSG00000257087	ENSG00000257087			TK92	INDEL
ENSG00000257094	ENSG00000257094			TK16	SNV
ENSG00000257095	ENSG00000257095			TK10	SNV
ENSG00000257169	ENSG00000257169			TK92	SNV
ENSG00000257181	ENSG00000257181	TK92	DEL		
ENSG00000257221	ENSG00000257221	TK91	DEL		
ENSG00000257241	ENSG00000257241			TK92	SNV
ENSG00000257264	ENSG00000257264	TK92	DEL		
ENSG00000257268	ENSG00000257268			TK16	SNV
ENSG00000257288	ENSG00000257288			TK91	SNV
ENSG00000257308	ENSG00000257308			TK93	SNV
ENSG00000257350	ENSG00000257350			TK93	SNV
ENSG00000257391	ENSG00000257391	TK91	DEL		
ENSG00000257392	ENSG00000257392	TK14	DEL		
ENSG00000257426	ENSG00000257426	TK14	DEL		
ENSG00000257429	ENSG00000257429			TK18	SNV
ENSG00000257432	ENSG00000257432			TK93	INDEL
ENSG00000257434	ENSG00000257434			TK92	SNV
ENSG00000257452	ENSG00000257452	TK91	DEL		
ENSG00000257454	ENSG00000257454			TK10	SNV
ENSG00000257456	ENSG00000257456			TK10	SNV
ENSG00000257472	ENSG00000257472			TK93	INDEL,SNV
ENSG00000257475	ENSG00000257475	TK13	DEL		
ENSG00000257494	ENSG00000257494			TK93	SNV
ENSG00000257500	ENSG00000257500			TK92	SNV
ENSG00000257522	ENSG00000257522			TK13	SNV
ENSG00000257527	ENSG00000257527	TK92	DEL		
ENSG00000257570	ENSG00000257570			TK92	SNV
ENSG00000257579	ENSG00000257579			TK13	SNV
ENSG00000257580	ENSG00000257580			TK12	SNV
ENSG00000257614	ENSG00000257614			TK92	SNV
ENSG00000257639	ENSG00000257639			TK13	SNV
ENSG00000257644	ENSG00000257644			TK93	SNV
ENSG00000257654	ENSG00000257654			TK10	SNV
ENSG00000257682	ENSG00000257682	TK91	DEL		
ENSG00000257700	ENSG00000257700			TK14	INDEL,SNV
ENSG00000257711	ENSG00000257711			TK91	SNV
ENSG00000257715	ENSG00000257715	TK14	DEL		
ENSG00000257738	ENSG00000257738			TK92	SNV
ENSG00000257751	ENSG00000257751			TK13	SNV
ENSG00000257752	ENSG00000257752			TK93	SNV
ENSG00000257754	ENSG00000257754			TK93	SNV
ENSG00000257797	ENSG00000257797			TK10	SNV
ENSG00000257829	ENSG00000257829			TK10	SNV
ENSG00000257830	ENSG00000257830			TK92	SNV
ENSG00000257855	ENSG00000257855			TK18	SNV
ENSG00000257872	ENSG00000257872			TK91	SNV
ENSG00000257900	ENSG00000257900			TK10	SNV
ENSG00000257921	ENSG00000257921	TK13	DEL		
ENSG00000257925	ENSG00000257925			TK18	SNV
ENSG00000257997	ENSG00000257997			TK92	SNV
ENSG00000258066	ENSG00000258066			TK91	SNV
ENSG00000258068	ENSG00000258068			TK93	SNV
ENSG00000258072	ENSG00000258072	TK14	DEL		
ENSG00000258073	ENSG00000258073			TK92	SNV
ENSG00000258081	ENSG00000258081	TK91	DEL		
ENSG00000258082	ENSG00000258082			TK13	SNV
ENSG00000258115	ENSG00000258115			TK91	SNV
ENSG00000258131	ENSG00000258131			TK92	SNV
ENSG00000258154	ENSG00000258154			TK13	SNV
ENSG00000258162	ENSG00000258162			TK92	SNV
ENSG00000258170	ENSG00000258170			TK12	SNV
ENSG00000258177	ENSG00000258177	TK10	DEL		
ENSG00000258181	ENSG00000258181			TK91	SNV
ENSG00000258303	ENSG00000258303	TK13	DEL		
ENSG00000258354	ENSG00000258354	TK92	DEL		
ENSG00000258426	ENSG00000258426			TK91	INDEL
ENSG00000258428	ENSG00000258428	TK13	DEL		
ENSG00000258440	ENSG00000258440			TK92	SNV
ENSG00000258464	ENSG00000258464			TK91	SNV
ENSG00000258481	ENSG00000258481			TK10	SNV
ENSG00000258510	ENSG00000258510			TK93	INDEL
ENSG00000258516	ENSG00000258516			TK10	SNV
ENSG00000258517	ENSG00000258517			TK10	SNV
ENSG00000258526	ENSG00000258526	TK91	DEL		
ENSG00000258529	ENSG00000258529	TK92	DEL		
ENSG00000258576	ENSG00000258576			TK93	SNV
ENSG00000258578	ENSG00000258578			TK91	INDEL
ENSG00000258649	ENSG00000258649			TK91	SNV
ENSG00000258661	ENSG00000258661			TK13	SNV
ENSG00000258663	ENSG00000258663			TK14	SNV
ENSG00000258679	ENSG00000258679			TK10	SNV
ENSG00000258699	ENSG00000258699			TK92	SNV
ENSG00000258703	ENSG00000258703			TK93	SNV
ENSG00000258707	ENSG00000258707			TK93	SNV
ENSG00000258717	ENSG00000258717			TK18	SNV
ENSG00000258728	ENSG00000258728	TK91	DEL		
ENSG00000258734	ENSG00000258734			TK16	SNV
ENSG00000258736	ENSG00000258736			TK91	SNV
ENSG00000258744	ENSG00000258744	TK10	DEL		
ENSG00000258751	ENSG00000258751			TK10	SNV
ENSG00000258757	ENSG00000258757	TK93	DEL		
ENSG00000258763	ENSG00000258763	TK91	DEL		
ENSG00000258768	ENSG00000258768	TK91	DEL		
ENSG00000258773	ENSG00000258773			TK13	SNV
ENSG00000258792	ENSG00000258792			TK92	SNV
ENSG00000258803	ENSG00000258803			TK10	SNV
ENSG00000258823	ENSG00000258823			TK91	SNV
ENSG00000258842	ENSG00000258842			TK10	SNV
ENSG00000258856	ENSG00000258856			TK92	SNV
ENSG00000258868	ENSG00000258868			TK14	SNV
ENSG00000258903	ENSG00000258903			TK18	SNV
ENSG00000258921	ENSG00000258921			TK13	SNV
ENSG00000258926	ENSG00000258926			TK92	SNV
ENSG00000258935	ENSG00000258935			TK92	SNV
ENSG00000258958	ENSG00000258958			TK92	SNV
ENSG00000258962	ENSG00000258962			TK91	SNV
ENSG00000258968	ENSG00000258968			TK18	SNV
ENSG00000258971	ENSG00000258971			TK13	SNV
ENSG00000258983	ENSG00000258983			TK10	SNV
ENSG00000259001	ENSG00000259001			TK16	SNV
ENSG00000259002	ENSG00000259002			TK92	INDEL,SNV
ENSG00000259007	ENSG00000259007			TK93	SNV
ENSG00000259035	ENSG00000259035			TK10	SNV
ENSG00000259042	ENSG00000259042			TK92	SNV
ENSG00000259044	ENSG00000259044			TK91	SNV
ENSG00000259072	ENSG00000259072			TK93	SNV
ENSG00000259087	ENSG00000259087			TK10	SNV
ENSG00000259109	ENSG00000259109			TK93	SNV
ENSG00000259111	ENSG00000259111			TK92	INDEL
ENSG00000259115	ENSG00000259115	TK14	DEL		
ENSG00000259117	ENSG00000259117	TK91	DEL		
ENSG00000259121	ENSG00000259121	TK18	DEL		
ENSG00000259123	ENSG00000259123			TK18	SNV
ENSG00000259126	ENSG00000259126			TK10	SNV
ENSG00000259162	ENSG00000259162			TK10	INDEL,SNV
ENSG00000259164	ENSG00000259164	TK91	DEL		
ENSG00000259191	ENSG00000259191	TK13	DEL	TK93	SNV
ENSG00000259203	ENSG00000259203			TK93	SNV
ENSG00000259208	ENSG00000259208	TK93	DEL		
ENSG00000259232	ENSG00000259232			TK91	INDEL,SNV
ENSG00000259257	ENSG00000259257			TK92	SNV
ENSG00000259268	ENSG00000259268			TK91	SNV
ENSG00000259275	ENSG00000259275			TK93	SNV
ENSG00000259277	ENSG00000259277			TK93	SNV
ENSG00000259283	ENSG00000259283			TK10	SNV
ENSG00000259302	ENSG00000259302	TK92	DEL		
ENSG00000259306	ENSG00000259306			TK18	INDEL,SNV
ENSG00000259312	ENSG00000259312			TK93	SNV
ENSG00000259320	ENSG00000259320			TK93	SNV
ENSG00000259340	ENSG00000259340			TK92	SNV
ENSG00000259347	ENSG00000259347			TK12	SNV
ENSG00000259351	ENSG00000259351			TK92	SNV
ENSG00000259385	ENSG00000259385			TK13	SNV
ENSG00000259398	ENSG00000259398	TK92	DEL		
ENSG00000259410	ENSG00000259410			TK13	SNV
ENSG00000259413	ENSG00000259413			TK91	SNV
ENSG00000259414	ENSG00000259414	TK18	DEL		
ENSG00000259415	ENSG00000259415			TK92	SNV
ENSG00000259432	ENSG00000259432			TK91	SNV
ENSG00000259433	ENSG00000259433			TK10	INDEL,SNV
ENSG00000259478	ENSG00000259478			TK18	SNV
ENSG00000259509	ENSG00000259509	TK92	DEL		
ENSG00000259531	ENSG00000259531	TK92	DEL		
ENSG00000259534	ENSG00000259534			TK10	SNV
ENSG00000259544	ENSG00000259544	TK18	DEL		
ENSG00000259555	ENSG00000259555			TK16	INDEL
ENSG00000259556	ENSG00000259556	TK92	DEL		
ENSG00000259560	ENSG00000259560	TK91	DEL		
ENSG00000259575	ENSG00000259575			TK93	SNV
ENSG00000259587	ENSG00000259587			TK93	SNV
ENSG00000259588	ENSG00000259588			TK10	SNV
ENSG00000259604	ENSG00000259604			TK10	SNV
ENSG00000259619	ENSG00000259619			TK13	SNV
ENSG00000259621	ENSG00000259621	TK13	DEL		
ENSG00000259636	ENSG00000259636			TK92	SNV
ENSG00000259644	ENSG00000259644			TK10	INDEL
ENSG00000259645	ENSG00000259645			TK13	SNV
ENSG00000259647	ENSG00000259647			TK14	SNV
ENSG00000259659	ENSG00000259659	TK13	DEL		
ENSG00000259670	ENSG00000259670			TK18	SNV
ENSG00000259675	ENSG00000259675			TK10	SNV
ENSG00000259681	ENSG00000259681			TK93	SNV
ENSG00000259690	ENSG00000259690			TK93	INDEL
ENSG00000259725	ENSG00000259725			TK91	SNV
ENSG00000259737	ENSG00000259737			TK92	SNV
ENSG00000259742	ENSG00000259742			TK92	SNV
ENSG00000259744	ENSG00000259744			TK91	SNV
ENSG00000259754	ENSG00000259754			TK10	SNV
ENSG00000259769	ENSG00000259769			TK14	SNV
ENSG00000259798	ENSG00000259798			TK91	SNV
ENSG00000259819	ENSG00000259819			TK10	SNV
ENSG00000259840	ENSG00000259840			TK16	SNV
ENSG00000259862	ENSG00000259862			TK92	SNV
ENSG00000259866	ENSG00000259866			TK92	SNV
ENSG00000259889	ENSG00000259889			TK16	SNV
ENSG00000259907	ENSG00000259907			TK10	SNV
ENSG00000259909	ENSG00000259909			TK91	SNV
ENSG00000259952	ENSG00000259952	TK91	DEL		
ENSG00000259959	ENSG00000259959	TK91	DEL		
ENSG00000259961	ENSG00000259961			TK13	SNV
ENSG00000259963	ENSG00000259963			TK92	SNV
ENSG00000260008	ENSG00000260008			TK14	SNV
ENSG00000260012	ENSG00000260012			TK92	SNV
ENSG00000260021	ENSG00000260021			TK16	SNV
ENSG00000260029	ENSG00000260029			TK91	SNV
ENSG00000260030	ENSG00000260030			TK10	SNV
ENSG00000260038	ENSG00000260038	TK18	DEL		
ENSG00000260042	ENSG00000260042			TK92	SNV
ENSG00000260066	ENSG00000260066			TK91	SNV
ENSG00000260104	ENSG00000260104	TK91	DEL		
ENSG00000260112	ENSG00000260112			TK13	SNV
ENSG00000260126	ENSG00000260126			TK93	SNV
ENSG00000260132	ENSG00000260132	TK13	DEL		
ENSG00000260152	ENSG00000260152			TK92	SNV
ENSG00000260157	ENSG00000260157			TK92	SNV
ENSG00000260201	ENSG00000260201			TK13	SNV
ENSG00000260217	ENSG00000260217			TK18	SNV
ENSG00000260218	ENSG00000260218			TK10	SNV
ENSG00000260234	ENSG00000260234			TK92	SNV
ENSG00000260246	ENSG00000260246			TK18	SNV
ENSG00000260251	ENSG00000260251			TK92	SNV
ENSG00000260258	ENSG00000260258			TK10	SNV
ENSG00000260274	ENSG00000260274	TK91	DEL		
ENSG00000260306	ENSG00000260306			TK13	SNV
ENSG00000260337	ENSG00000260337			TK14	SNV
ENSG00000260362	ENSG00000260362			TK91	SNV
ENSG00000260366	ENSG00000260366			TK10	SNV
ENSG00000260367	ENSG00000260367	TK91	DEL	TK93	SNV
ENSG00000260395	ENSG00000260395			TK18	SNV
ENSG00000260404	ENSG00000260404			TK93	SNV
ENSG00000260406	ENSG00000260406			TK14	SNV
ENSG00000260418	ENSG00000260418			TK92	SNV
ENSG00000260436	ENSG00000260436	TK10	DEL		
ENSG00000260478	ENSG00000260478			TK10	SNV
ENSG00000260482	ENSG00000260482	TK92	DEL		
ENSG00000260483	ENSG00000260483			TK91	SNV
ENSG00000260505	ENSG00000260505			TK92	SNV
ENSG00000260514	ENSG00000260514	TK10	DEL		
ENSG00000260517	ENSG00000260517			TK16	SNV
ENSG00000260520	ENSG00000260520			TK10	SNV
ENSG00000260545	ENSG00000260545	TK14	DEL		
ENSG00000260568	ENSG00000260568			TK10	SNV
ENSG00000260569	ENSG00000260569			TK10	SNV
ENSG00000260597	ENSG00000260597			TK93	SNV
ENSG00000260599	ENSG00000260599			TK92	SNV
ENSG00000260613	ENSG00000260613			TK93	SNV
ENSG00000260650	ENSG00000260650			TK14	SNV
ENSG00000260651	ENSG00000260651			TK92	SNV
ENSG00000260673	ENSG00000260673			TK91	SNV
ENSG00000260674	ENSG00000260674	TK93	DEL		
ENSG00000260677	ENSG00000260677			TK93	SNV
ENSG00000260681	ENSG00000260681			TK16	SNV
ENSG00000260683	ENSG00000260683			TK92	SNV
ENSG00000260702	ENSG00000260702			TK16	SNV
ENSG00000260714	ENSG00000260714			TK18	SNV
ENSG00000260723	ENSG00000260723			TK93	SNV
ENSG00000260773	ENSG00000260773	TK93	DEL		
ENSG00000260780	ENSG00000260780			TK92	SNV
ENSG00000260784	ENSG00000260784			TK93	SNV
ENSG00000260786	ENSG00000260786			TK10	SNV
ENSG00000260796	ENSG00000260796	TK91	DEL		
ENSG00000260817	ENSG00000260817			TK92	SNV
ENSG00000260823	ENSG00000260823			TK10	SNV
ENSG00000260834	ENSG00000260834			TK10	INDEL
ENSG00000260844	ENSG00000260844			TK92	SNV
ENSG00000260848	ENSG00000260848			TK14	SNV
ENSG00000260866	ENSG00000260866			TK91	SNV
ENSG00000260871	ENSG00000260871	TK91	DEL		
ENSG00000260922	ENSG00000260922			TK91	SNV
ENSG00000260934	ENSG00000260934			TK14	SNV
ENSG00000260978	ENSG00000260978			TK18	SNV
ENSG00000260983	ENSG00000260983			TK18	SNV
ENSG00000260989	ENSG00000260989	TK10	DEL		
ENSG00000261025	ENSG00000261025			TK91	SNV
ENSG00000261026	ENSG00000261026			TK18	SNV
ENSG00000261030	ENSG00000261030			TK18	SNV
ENSG00000261041	ENSG00000261041			TK92	SNV
ENSG00000261079	ENSG00000261079	TK92	DEL		
ENSG00000261090	ENSG00000261090			TK92	SNV
ENSG00000261093	ENSG00000261093	TK10	DEL		
ENSG00000261095	ENSG00000261095			TK92	SNV
ENSG00000261114	ENSG00000261114	TK12	DEL	TK14	SNV
ENSG00000261118	ENSG00000261118	TK91	DEL		
ENSG00000261130	ENSG00000261130			TK92	SNV
ENSG00000261140	ENSG00000261140	TK10	DEL		
ENSG00000261161	ENSG00000261161			TK91	INDEL,SNV
ENSG00000261170	ENSG00000261170	TK92	DEL		
ENSG00000261207	ENSG00000261207	TK16	DEL		
ENSG00000261219	ENSG00000261219			TK93	INDEL
ENSG00000261240	ENSG00000261240	TK92	DEL		
ENSG00000261260	ENSG00000261260	TK93	DEL		
ENSG00000261270	ENSG00000261270	TK12	DEL		
ENSG00000261281	ENSG00000261281			TK92	SNV
ENSG00000261291	ENSG00000261291	TK91	DEL		
ENSG00000261298	ENSG00000261298			TK10	INDEL,SNV
ENSG00000261320	ENSG00000261320	TK13	DEL		
ENSG00000261327	ENSG00000261327			TK92	SNV
ENSG00000261379	ENSG00000261379			TK16	SNV
ENSG00000261392	ENSG00000261392			TK18	SNV
ENSG00000261398	ENSG00000261398			TK10	SNV
ENSG00000261407	ENSG00000261407			TK93	SNV
ENSG00000261430	ENSG00000261430	TK14	DEL		
ENSG00000261447	ENSG00000261447			TK92	SNV
ENSG00000261449	ENSG00000261449			TK12	SNV
ENSG00000261476	ENSG00000261476	TK18	DEL		
ENSG00000261523	ENSG00000261523			TK91	SNV
ENSG00000261527	ENSG00000261527	TK18	DEL		
ENSG00000261529	ENSG00000261529	TK18	DEL		
ENSG00000261544	ENSG00000261544			TK93	SNV
ENSG00000261552	ENSG00000261552	TK91	DEL		
ENSG00000261573	ENSG00000261573	TK14	DEL		
ENSG00000261583	ENSG00000261583	TK92	DEL		
ENSG00000261642	ENSG00000261642			TK13	INDEL,SNV
ENSG00000261650	ENSG00000261650			TK10	SNV
ENSG00000261671	ENSG00000261671			TK13	SNV
ENSG00000261673	ENSG00000261673			TK93	SNV
ENSG00000261687	ENSG00000261687			TK18	INDEL,SNV
ENSG00000261695	ENSG00000261695			TK91	SNV
ENSG00000261714	ENSG00000261714			TK91	SNV
ENSG00000261728	ENSG00000261728			TK93	SNV
ENSG00000261760	ENSG00000261760			TK91	SNV
ENSG00000261766	ENSG00000261766	TK91	DEL		
ENSG00000261789	ENSG00000261789			TK10	SNV
ENSG00000261790	ENSG00000261790	TK93	DEL		
ENSG00000261813	ENSG00000261813			TK91	SNV
ENSG00000261823	ENSG00000261823			TK92	SNV
ENSG00000261829	ENSG00000261829			TK93	SNV
ENSG00000262067	ENSG00000262067	TK91	DEL		
ENSG00000262147	ENSG00000262147	TK14	DEL		
ENSG00000262172	ENSG00000262172	TK10	DEL		
ENSG00000262228	ENSG00000262228	TK14	DEL		
ENSG00000262262	ENSG00000262262	TK14	DEL		
ENSG00000262296	ENSG00000262296			TK10	SNV
ENSG00000262319	ENSG00000262319			TK92	SNV
ENSG00000262514	ENSG00000262514			TK92	SNV
ENSG00000262521	ENSG00000262521			TK18	SNV
ENSG00000262526	ENSG00000262526	TK91	DEL		
ENSG00000262651	ENSG00000262651			TK10	SNV
ENSG00000262652	ENSG00000262652	TK13	DEL		
ENSG00000262681	ENSG00000262681			TK16	SNV
ENSG00000262732	ENSG00000262732	TK92	DEL		
ENSG00000262777	ENSG00000262777	TK91	DEL		
ENSG00000262786	ENSG00000262786			TK10	SNV
ENSG00000262803	ENSG00000262803			TK92	SNV
ENSG00000262831	ENSG00000262831			TK10	SNV
ENSG00000262974	ENSG00000262974			TK92	SNV
ENSG00000263070	ENSG00000263070			TK16	SNV
ENSG00000263098	ENSG00000263098			TK91	SNV
ENSG00000263107	ENSG00000263107			TK92	SNV
ENSG00000263167	ENSG00000263167			TK10	SNV
ENSG00000263212	ENSG00000263212	TK14	DEL		
ENSG00000263237	ENSG00000263237			TK92	SNV
ENSG00000263271	ENSG00000263271			TK10	SNV
ENSG00000263342	ENSG00000263342	TK91	DEL		
ENSG00000263435	ENSG00000263435			TK14	SNV
ENSG00000263466	ENSG00000263466	TK10	DEL		
ENSG00000263574	ENSG00000263574			TK14	SNV
ENSG00000263588	ENSG00000263588			TK10	SNV
ENSG00000263603	ENSG00000263603	TK91	DEL		
ENSG00000263612	ENSG00000263612	TK91	DEL		
ENSG00000263635	ENSG00000263635			TK10	SNV
ENSG00000263648	ENSG00000263648			TK91	SNV
ENSG00000263674	ENSG00000263674			TK92	SNV
ENSG00000263683	ENSG00000263683	TK92	DEL		
ENSG00000263698	ENSG00000263698			TK13	SNV
ENSG00000263733	ENSG00000263733			TK14	SNV
ENSG00000263756	ENSG00000263756	TK93	DEL		
ENSG00000263772	ENSG00000263772			TK91	SNV
ENSG00000263797	ENSG00000263797			TK91	SNV
ENSG00000263870	ENSG00000263870			TK13	SNV
ENSG00000263904	ENSG00000263904			TK92	SNV
ENSG00000263952	ENSG00000263952			TK10	SNV
ENSG00000263982	ENSG00000263982	TK13	DEL		
ENSG00000264000	ENSG00000264000			TK93	SNV
ENSG00000264012	ENSG00000264012			TK92	SNV
ENSG00000264058	ENSG00000264058	TK18	DEL		
ENSG00000264148	ENSG00000264148	TK91	DEL		
ENSG00000264167	ENSG00000264167			TK92	SNV
ENSG00000264196	ENSG00000264196			TK93	SNV
ENSG00000264254	ENSG00000264254			TK91	SNV
ENSG00000264324	ENSG00000264324	TK91	DEL		
ENSG00000264334	ENSG00000264334			TK91	SNV
ENSG00000264431	ENSG00000264431			TK93	SNV
ENSG00000264451	ENSG00000264451			TK12	SNV
ENSG00000264452	ENSG00000264452			TK14	SNV
ENSG00000264486	ENSG00000264486			TK18	SNV
ENSG00000264488	ENSG00000264488			TK93	SNV
ENSG00000264520	ENSG00000264520	TK92	DEL		
ENSG00000264548	ENSG00000264548	TK92	DEL		
ENSG00000264578	ENSG00000264578	TK16	DEL		
ENSG00000264595	ENSG00000264595			TK92	SNV
ENSG00000264617	ENSG00000264617			TK91	INDEL,SNV
ENSG00000264622	ENSG00000264622			TK93	SNV
ENSG00000264634	ENSG00000264634			TK91	SNV
ENSG00000264659	ENSG00000264659			TK16	SNV
ENSG00000264693	ENSG00000264693			TK93	SNV
ENSG00000264735	ENSG00000264735			TK13	SNV
ENSG00000264829	ENSG00000264829			TK93	SNV
ENSG00000264845	ENSG00000264845			TK13	SNV
ENSG00000264869	ENSG00000264869			TK93	SNV
ENSG00000264876	ENSG00000264876			TK93	INDEL
ENSG00000264881	ENSG00000264881			TK93	SNV
ENSG00000264895	ENSG00000264895	TK14	DEL		
ENSG00000264911	ENSG00000264911			TK91	SNV
ENSG00000264932	ENSG00000264932			TK92	INDEL
ENSG00000265010	ENSG00000265010	TK18	DEL		
ENSG00000265041	ENSG00000265041			TK13	SNV
ENSG00000265136	ENSG00000265136	TK13	DEL		
ENSG00000265168	ENSG00000265168	TK13	DEL		
ENSG00000265179	ENSG00000265179			TK14	SNV
ENSG00000265282	ENSG00000265282			TK91	SNV
ENSG00000265287	ENSG00000265287	TK13	DEL		
ENSG00000265303	ENSG00000265303	TK13	DEL		
ENSG00000265356	ENSG00000265356	TK13	DEL		
ENSG00000265359	ENSG00000265359			TK10	SNV
ENSG00000265413	ENSG00000265413			TK93	SNV
ENSG00000265417	ENSG00000265417			TK92	SNV
ENSG00000265421	ENSG00000265421			TK91	SNV
ENSG00000265443	ENSG00000265443	TK91	DEL		
ENSG00000265478	ENSG00000265478			TK16	SNV
ENSG00000265511	ENSG00000265511	TK13	DEL		
ENSG00000265519	ENSG00000265519	TK14	DEL		
ENSG00000265626	ENSG00000265626			TK91	SNV
ENSG00000265643	ENSG00000265643			TK13	SNV
ENSG00000265671	ENSG00000265671			TK92	SNV
ENSG00000265678	ENSG00000265678	TK92	DEL		
ENSG00000265794	ENSG00000265794			TK92	SNV
ENSG00000265840	ENSG00000265840			TK93	SNV
ENSG00000265973	ENSG00000265973			TK14	SNV
ENSG00000266009	ENSG00000266009			TK13	SNV
ENSG00000266105	ENSG00000266105			TK13	SNV
ENSG00000266179	ENSG00000266179			TK91	SNV
ENSG00000266261	ENSG00000266261	TK14	DEL		
ENSG00000266279	ENSG00000266279			TK14	SNV
ENSG00000266306	ENSG00000266306			TK18	SNV
ENSG00000266335	ENSG00000266335			TK10	SNV
ENSG00000266378	ENSG00000266378	TK10	DEL		
ENSG00000266479	ENSG00000266479			TK18	SNV
ENSG00000266527	ENSG00000266527			TK10	SNV
ENSG00000266535	ENSG00000266535			TK14	SNV
ENSG00000266614	ENSG00000266614			TK14	SNV
ENSG00000266651	ENSG00000266651	TK92	DEL		
ENSG00000266654	ENSG00000266654	TK92	DEL	TK93	SNV
ENSG00000266709	ENSG00000266709	TK10	DEL		
ENSG00000266711	ENSG00000266711			TK92	SNV
ENSG00000266743	ENSG00000266743			TK18	SNV
ENSG00000266765	ENSG00000266765			TK10	SNV
ENSG00000266767	ENSG00000266767			TK91	SNV
ENSG00000266775	ENSG00000266775			TK12	SNV
ENSG00000266806	ENSG00000266806			TK91	SNV
ENSG00000266824	ENSG00000266824	TK91	DEL		
ENSG00000266865	ENSG00000266865	TK91	DEL		
ENSG00000266924	ENSG00000266924			TK18	SNV
ENSG00000266929	ENSG00000266929	TK92	DEL		
ENSG00000266954	ENSG00000266954			TK92	SNV
ENSG00000266959	ENSG00000266959			TK93	SNV
ENSG00000266961	ENSG00000266961			TK92	SNV
ENSG00000266965	ENSG00000266965	TK13	DEL		
ENSG00000266976	ENSG00000266976	TK93	DEL		
ENSG00000266981	ENSG00000266981			TK14	SNV
ENSG00000266987	ENSG00000266987			TK92	SNV
ENSG00000267004	ENSG00000267004	TK93	DEL		
ENSG00000267022	ENSG00000267022	TK91	DEL		
ENSG00000267032	ENSG00000267032			TK93	SNV
ENSG00000267036	ENSG00000267036	TK14	DEL	TK93	SNV
ENSG00000267048	ENSG00000267048	TK10	DEL		
ENSG00000267053	ENSG00000267053			TK91	SNV
ENSG00000267074	ENSG00000267074	TK91	DEL		
ENSG00000267079	ENSG00000267079			TK10	SNV
ENSG00000267082	ENSG00000267082	TK92	DEL		
ENSG00000267096	ENSG00000267096	TK10	DEL		
ENSG00000267113	ENSG00000267113			TK93	SNV
ENSG00000267115	ENSG00000267115			TK92	SNV
ENSG00000267117	ENSG00000267117	TK91	DEL		
ENSG00000267139	ENSG00000267139	TK18	DEL		
ENSG00000267142	ENSG00000267142			TK14	SNV
ENSG00000267143	ENSG00000267143			TK16	SNV
ENSG00000267157	ENSG00000267157	TK91	DEL		
ENSG00000267168	ENSG00000267168	TK13	DEL		
ENSG00000267172	ENSG00000267172			TK18	SNV
ENSG00000267174	ENSG00000267174	TK92	DEL	TK10	SNV
ENSG00000267180	ENSG00000267180			TK92	SNV
ENSG00000267193	ENSG00000267193			TK16	SNV
ENSG00000267197	ENSG00000267197	TK91	DEL		
ENSG00000267222	ENSG00000267222	TK10	DEL		
ENSG00000267227	ENSG00000267227	TK14	DEL		
ENSG00000267234	ENSG00000267234			TK91	SNV
ENSG00000267244	ENSG00000267244	TK92	DEL		
ENSG00000267262	ENSG00000267262			TK91	SNV
ENSG00000267264	ENSG00000267264	TK14	DEL	TK92	SNV
ENSG00000267273	ENSG00000267273			TK10	SNV
ENSG00000267277	ENSG00000267277	TK92	DEL		
ENSG00000267279	ENSG00000267279			TK91	SNV
ENSG00000267287	ENSG00000267287			TK10	SNV
ENSG00000267298	ENSG00000267298			TK14	SNV
ENSG00000267314	ENSG00000267314	TK91	DEL	TK91	SNV
ENSG00000267316	ENSG00000267316			TK91	SNV
ENSG00000267318	ENSG00000267318	TK13	DEL		
ENSG00000267324	ENSG00000267324			TK18	SNV
ENSG00000267338	ENSG00000267338	TK92	DEL	TK92	SNV
ENSG00000267370	ENSG00000267370			TK13	SNV
ENSG00000267379	ENSG00000267379	TK93	DEL		
ENSG00000267389	ENSG00000267389			TK92	SNV
ENSG00000267408	ENSG00000267408	TK91	DEL		
ENSG00000267415	ENSG00000267415	TK91	DEL		
ENSG00000267420	ENSG00000267420			TK14	SNV
ENSG00000267429	ENSG00000267429			TK92	SNV
ENSG00000267457	ENSG00000267457			TK91	SNV
ENSG00000267458	ENSG00000267458			TK93	SNV
ENSG00000267476	ENSG00000267476	TK14	DEL		
ENSG00000267505	ENSG00000267505			TK10	SNV
ENSG00000267526	ENSG00000267526			TK91	SNV
ENSG00000267537	ENSG00000267537	TK93	DEL		
ENSG00000267543	ENSG00000267543			TK16	SNV
ENSG00000267560	ENSG00000267560			TK16	SNV
ENSG00000267563	ENSG00000267563	TK91	DEL		
ENSG00000267565	ENSG00000267565	TK92	DEL		
ENSG00000267571	ENSG00000267571	TK91	DEL		
ENSG00000267576	ENSG00000267576	TK92	DEL		
ENSG00000267585	ENSG00000267585			TK91	SNV
ENSG00000267606	ENSG00000267606			TK92	INDEL,SNV
ENSG00000267614	ENSG00000267614			TK91	SNV
ENSG00000267615	ENSG00000267615	TK93	DEL		
ENSG00000267628	ENSG00000267628			TK92	SNV
ENSG00000267653	ENSG00000267653			TK93	SNV
ENSG00000267674	ENSG00000267674	TK13	DEL		
ENSG00000267681	ENSG00000267681	TK92	DEL		
ENSG00000267682	ENSG00000267682	TK13	DEL		
ENSG00000267709	ENSG00000267709	TK91	DEL		
ENSG00000267735	ENSG00000267735	TK91	DEL		
ENSG00000267740	ENSG00000267740	TK91	DEL		
ENSG00000267745	ENSG00000267745			TK14	SNV
ENSG00000267766	ENSG00000267766			TK93	SNV
ENSG00000267780	ENSG00000267780			TK18	SNV
ENSG00000267791	ENSG00000267791	TK93	DEL		
ENSG00000267793	ENSG00000267793			TK10	SNV
ENSG00000267800	ENSG00000267800			TK13	SNV
ENSG00000267834	ENSG00000267834	TK93	DEL		
ENSG00000267872	ENSG00000267872			TK10	SNV
ENSG00000267886	ENSG00000267886	TK13	DEL		
ENSG00000267924	ENSG00000267924	TK91	DEL		
ENSG00000267943	ENSG00000267943			TK13	SNV
ENSG00000267980	ENSG00000267980	TK12	DEL		
ENSG00000267986	ENSG00000267986			TK10	SNV
ENSG00000268053	ENSG00000268053			TK93	SNV
ENSG00000268056	ENSG00000268056	TK16	DEL		
ENSG00000268081	ENSG00000268081	TK92	DEL		
ENSG00000268105	ENSG00000268105	TK13	DEL	TK93	SNV
ENSG00000268112	ENSG00000268112	TK92	DEL		
ENSG00000268153	ENSG00000268153			TK93	SNV
ENSG00000268163	ENSG00000268163	TK92	DEL		
ENSG00000268191	ENSG00000268191	TK91	DEL		
ENSG00000268203	ENSG00000268203	TK91	DEL		
ENSG00000268218	ENSG00000268218	TK13	DEL		
ENSG00000268231	ENSG00000268231	TK10	DEL		
ENSG00000268240	ENSG00000268240	TK92	DEL		
ENSG00000268279	ENSG00000268279	TK13	DEL		
ENSG00000268288	ENSG00000268288	TK92	DEL	TK92	SNV
ENSG00000268316	ENSG00000268316			TK14	SNV
ENSG00000268362	ENSG00000268362	TK91	DEL		
ENSG00000268392	ENSG00000268392	TK91	DEL		
ENSG00000268455	ENSG00000268455	TK92	DEL	TK14	SNV
ENSG00000268461	ENSG00000268461			TK13	INDEL
ENSG00000268496	ENSG00000268496			TK91	SNV
ENSG00000268531	ENSG00000268531			TK10	SNV
ENSG00000268555	ENSG00000268555	TK92	DEL		
ENSG00000268565	ENSG00000268565	TK91	DEL		
ENSG00000268584	ENSG00000268584	TK93	DEL		
ENSG00000268593	ENSG00000268593			TK13	SNV
ENSG00000268595	ENSG00000268595			TK10	SNV
ENSG00000268670	ENSG00000268670	TK13	DEL		
ENSG00000268673	ENSG00000268673			TK14	SNV
ENSG00000268729	ENSG00000268729			TK18	SNV
ENSG00000268731	ENSG00000268731	TK92	DEL		
ENSG00000268742	ENSG00000268742	TK91	DEL		
ENSG00000268744	ENSG00000268744			TK14	SNV
ENSG00000268746	ENSG00000268746			TK92	SNV
ENSG00000268747	ENSG00000268747	TK92	DEL		
ENSG00000268823	ENSG00000268823			TK14	SNV
ENSG00000268842	ENSG00000268842	TK91	DEL	TK92	SNV
ENSG00000268866	ENSG00000268866	TK91	DEL		
ENSG00000268884	ENSG00000268884			TK16	SNV
ENSG00000268892	ENSG00000268892	TK92	DEL	TK16	SNV
ENSG00000268906	ENSG00000268906			TK13	SNV
ENSG00000268945	ENSG00000268945	TK93	DEL		
ENSG00000269026	ENSG00000269026	TK91	DEL		
ENSG00000269068	ENSG00000269068			TK18	SNV
ENSG00000269069	ENSG00000269069	TK92	DEL		
ENSG00000269082	ENSG00000269082	TK13	DEL		
ENSG00000269085	ENSG00000269085	TK14	DEL		
ENSG00000269091	ENSG00000269091	TK16	DEL		
ENSG00000269189	ENSG00000269189			TK91	SNV
ENSG00000269243	ENSG00000269243	TK16	DEL		
ENSG00000269246	ENSG00000269246			TK12	SNV
ENSG00000269274	ENSG00000269274			TK91	SNV
ENSG00000269288	ENSG00000269288			TK10	SNV
ENSG00000269289	ENSG00000269289	TK91	DEL		
ENSG00000269292	ENSG00000269292	TK92	DEL		
ENSG00000269318	ENSG00000269318	TK93	DEL		
ENSG00000269349	ENSG00000269349	TK91	DEL	TK13	SNV
ENSG00000269376	ENSG00000269376			TK92	SNV
ENSG00000269397	ENSG00000269397	TK91	DEL		
ENSG00000269421	ENSG00000269421	TK91	DEL		
ENSG00000269463	ENSG00000269463			TK10	SNV
ENSG00000269482	ENSG00000269482	TK91	DEL		
ENSG00000269487	ENSG00000269487	TK18	DEL		
ENSG00000269540	ENSG00000269540			TK10	SNV
ENSG00000269543	ENSG00000269543	TK13	DEL		
ENSG00000269553	ENSG00000269553	TK91	DEL		
ENSG00000269599	ENSG00000269599			TK91	SNV
ENSG00000269621	ENSG00000269621	TK92	DEL		
ENSG00000269635	ENSG00000269635			TK91	SNV
ENSG00000269653	ENSG00000269653	TK10	DEL		
ENSG00000269681	ENSG00000269681			TK14	SNV
ENSG00000269694	ENSG00000269694			TK92	SNV
ENSG00000269741	ENSG00000269741			TK91	SNV
ENSG00000269755	ENSG00000269755	TK92	DEL		
ENSG00000269765	ENSG00000269765			TK93	SNV
ENSG00000269802	ENSG00000269802	TK91	DEL		
ENSG00000269825	ENSG00000269825	TK91	DEL		
ENSG00000269826	ENSG00000269826			TK92	SNV
ENSG00000269839	ENSG00000269839	TK92	DEL		
ENSG00000269842	ENSG00000269842			TK91	SNV
ENSG00000269848	ENSG00000269848			TK92	SNV
ENSG00000269910	ENSG00000269910	TK10	DEL		
ENSG00000269915	ENSG00000269915	TK91	DEL		
ENSG00000269924	ENSG00000269924	TK14	DEL		
ENSG00000269927	ENSG00000269927			TK10	SNV
ENSG00000269934	ENSG00000269934	TK10	DEL		
ENSG00000269937	ENSG00000269937	TK10	DEL		
ENSG00000269940	ENSG00000269940	TK10	DEL		
ENSG00000269944	ENSG00000269944			TK92	SNV
ENSG00000269945	ENSG00000269945			TK10	SNV
ENSG00000269958	ENSG00000269958	TK10	DEL		
ENSG00000269971	ENSG00000269971			TK91	SNV
ENSG00000269976	ENSG00000269976			TK93	SNV
ENSG00000269981	ENSG00000269981			TK18	SNV
ENSG00000269984	ENSG00000269984	TK92	DEL		
ENSG00000270035	ENSG00000270035			TK10	INDEL,SNV
ENSG00000270036	ENSG00000270036			TK91	SNV
ENSG00000270048	ENSG00000270048			TK92	SNV
ENSG00000270059	ENSG00000270059	TK10	DEL		
ENSG00000270062	ENSG00000270062			TK93	SNV
ENSG00000270066	ENSG00000270066	TK92	DEL		
ENSG00000270068	ENSG00000270068			TK93	SNV
ENSG00000270083	ENSG00000270083	TK10	DEL		
ENSG00000270087	ENSG00000270087			TK18	SNV
ENSG00000270095	ENSG00000270095			TK92	SNV
ENSG00000270099	ENSG00000270099	TK14	DEL		
ENSG00000270104	ENSG00000270104			TK10	SNV
ENSG00000270108	ENSG00000270108	TK10	DEL	TK16	SNV
ENSG00000270117	ENSG00000270117	TK93	DEL		
ENSG00000270137	ENSG00000270137			TK91	SNV
ENSG00000270218	ENSG00000270218	TK10	DEL	TK91	SNV
ENSG00000270248	ENSG00000270248			TK12	SNV
ENSG00000270281	ENSG00000270281			TK93	SNV
ENSG00000270323	ENSG00000270323			TK10	SNV
ENSG00000270324	ENSG00000270324			TK92	SNV
ENSG00000270369	ENSG00000270369	TK92	DEL		
ENSG00000270400	ENSG00000270400			TK13	SNV
ENSG00000270409	ENSG00000270409			TK92	SNV
ENSG00000270413	ENSG00000270413			TK92	INDEL
ENSG00000270422	ENSG00000270422			TK92	SNV
ENSG00000270457	ENSG00000270457			TK16	INDEL
ENSG00000270462	ENSG00000270462	TK14	DEL		
ENSG00000270477	ENSG00000270477			TK92	SNV
ENSG00000270480	ENSG00000270480	TK92	DEL		
ENSG00000270495	ENSG00000270495			TK18	SNV
ENSG00000270497	ENSG00000270497	TK91	DEL	TK12	SNV
ENSG00000270507	ENSG00000270507	TK93	DEL		
ENSG00000270522	ENSG00000270522			TK14	SNV
ENSG00000270541	ENSG00000270541	TK91	DEL		
ENSG00000270576	ENSG00000270576			TK92	SNV
ENSG00000270598	ENSG00000270598			TK93	SNV
ENSG00000270619	ENSG00000270619	TK91	DEL		
ENSG00000270620	ENSG00000270620			TK92	SNV
ENSG00000270640	ENSG00000270640	TK10	DEL	TK93	SNV
ENSG00000270682	ENSG00000270682			TK13	SNV
ENSG00000270708	ENSG00000270708	TK13	DEL	TK18	SNV
ENSG00000270712	ENSG00000270712			TK93	SNV
ENSG00000270713	ENSG00000270713			TK92	SNV
ENSG00000270727	ENSG00000270727			TK93	SNV
ENSG00000270728	ENSG00000270728	TK93	DEL		
ENSG00000270808	ENSG00000270808	TK93	DEL		
ENSG00000270811	ENSG00000270811			TK16	SNV
ENSG00000270842	ENSG00000270842	TK92	DEL	TK93	SNV
ENSG00000270857	ENSG00000270857	TK14	DEL	TK92	SNV
ENSG00000270861	ENSG00000270861			TK91	SNV
ENSG00000270883	ENSG00000270883			TK93	SNV
ENSG00000270893	ENSG00000270893			TK92	SNV
ENSG00000270966	ENSG00000270966			TK92	SNV
ENSG00000270972	ENSG00000270972			TK18	SNV
ENSG00000270983	ENSG00000270983			TK10	SNV
ENSG00000270996	ENSG00000270996			TK12	SNV
ENSG00000271002	ENSG00000271002	TK91	DEL		
ENSG00000271044	ENSG00000271044			TK14	SNV
ENSG00000271048	ENSG00000271048	TK16	DEL	TK92	SNV
ENSG00000271057	ENSG00000271057			TK93	INDEL
ENSG00000271064	ENSG00000271064	TK92	DEL		
ENSG00000271075	ENSG00000271075			TK91	SNV
ENSG00000271078	ENSG00000271078			TK92	SNV
ENSG00000271113	ENSG00000271113			TK92	SNV
ENSG00000271129	ENSG00000271129			TK92	INDEL,SNV
ENSG00000271172	ENSG00000271172			TK91	SNV
ENSG00000271181	ENSG00000271181			TK13	SNV
ENSG00000271228	ENSG00000271228			TK13	SNV
ENSG00000271252	ENSG00000271252			TK92	SNV
ENSG00000271269	ENSG00000271269	TK14	DEL	TK93	SNV
ENSG00000271275	ENSG00000271275			TK91	SNV
ENSG00000271277	ENSG00000271277			TK92	SNV
ENSG00000271291	ENSG00000271291	TK92	DEL		
ENSG00000271307	ENSG00000271307			TK93	SNV
ENSG00000271329	ENSG00000271329			TK16	SNV
ENSG00000271366	ENSG00000271366	TK14	DEL		
ENSG00000271375	ENSG00000271375			TK13	SNV
ENSG00000271398	ENSG00000271398			TK18	SNV
ENSG00000271420	ENSG00000271420			TK16	INDEL,SNV
ENSG00000271437	ENSG00000271437			TK92	SNV
ENSG00000271483	ENSG00000271483			TK91	SNV
ENSG00000271498	ENSG00000271498			TK91	SNV
ENSG00000271509	ENSG00000271509			TK12	SNV
ENSG00000271533	ENSG00000271533	TK91	DEL		
ENSG00000271543	ENSG00000271543	TK10	DEL	TK92	SNV
ENSG00000271547	ENSG00000271547			TK10	SNV
ENSG00000271555	ENSG00000271555			TK13	SNV
ENSG00000271573	ENSG00000271573			TK91	SNV
ENSG00000271581	ENSG00000271581	TK92	DEL		
ENSG00000271623	ENSG00000271623			TK10	SNV
ENSG00000271644	ENSG00000271644			TK91	SNV
ENSG00000271654	ENSG00000271654	TK92	DEL		
ENSG00000271657	ENSG00000271657			TK92	SNV
ENSG00000271664	ENSG00000271664	TK14	DEL		
ENSG00000271680	ENSG00000271680	TK91	DEL	TK10	SNV
ENSG00000271716	ENSG00000271716	TK92	DEL		
ENSG00000271742	ENSG00000271742			TK93	SNV
ENSG00000271771	ENSG00000271771			TK93	SNV
ENSG00000271781	ENSG00000271781	TK16	DEL		
ENSG00000271787	ENSG00000271787			TK16	SNV
ENSG00000271806	ENSG00000271806	TK91	DEL		
ENSG00000271810	ENSG00000271810	TK14	DEL		
ENSG00000271843	ENSG00000271843			TK10	SNV
ENSG00000271853	ENSG00000271853	TK10	DEL		
ENSG00000271882	ENSG00000271882			TK92	SNV
ENSG00000271901	ENSG00000271901			TK10	SNV
ENSG00000271917	ENSG00000271917	TK13	DEL		
ENSG00000271930	ENSG00000271930			TK18	SNV
ENSG00000271945	ENSG00000271945	TK92	DEL		
ENSG00000271959	ENSG00000271959	TK10	DEL		
ENSG00000271985	ENSG00000271985			TK13	SNV
ENSG00000272027	ENSG00000272027			TK91	SNV
ENSG00000272056	ENSG00000272056	TK93	DEL		
ENSG00000272087	ENSG00000272087			TK92	INDEL,SNV
ENSG00000272108	ENSG00000272108	TK92	DEL	TK92	SNV
ENSG00000272123	ENSG00000272123			TK92	SNV
ENSG00000272140	ENSG00000272140	TK93	DEL		
ENSG00000272148	ENSG00000272148	TK14	DEL		
ENSG00000272153	ENSG00000272153	TK12	DEL		
ENSG00000272175	ENSG00000272175	TK14	DEL		
ENSG00000272180	ENSG00000272180			TK93	SNV
ENSG00000272181	ENSG00000272181	TK18	DEL		
ENSG00000272202	ENSG00000272202	TK93	DEL		
ENSG00000272235	ENSG00000272235			TK93	SNV
ENSG00000272239	ENSG00000272239			TK13	SNV
ENSG00000272243	ENSG00000272243			TK92	SNV
ENSG00000272343	ENSG00000272343	TK92	DEL		
ENSG00000272345	ENSG00000272345	TK12	DEL		
ENSG00000272369	ENSG00000272369	TK13	DEL		
ENSG00000272371	ENSG00000272371			TK92	INDEL,SNV
ENSG00000272372	ENSG00000272372			TK10	SNV
ENSG00000272383	ENSG00000272383			TK91	SNV
ENSG00000272405	ENSG00000272405	TK18	DEL		
ENSG00000272411	ENSG00000272411			TK12	SNV
ENSG00000272416	ENSG00000272416			TK14	SNV
ENSG00000272477	ENSG00000272477			TK91	SNV
ENSG00000272483	ENSG00000272483	TK92	DEL		
ENSG00000272501	ENSG00000272501	TK92	DEL		
ENSG00000272506	ENSG00000272506			TK93	SNV
ENSG00000272518	ENSG00000272518	TK14	DEL		
ENSG00000272540	ENSG00000272540	TK91	DEL		
ENSG00000272542	ENSG00000272542			TK93	SNV
ENSG00000272554	ENSG00000272554			TK91	SNV
ENSG00000272576	ENSG00000272576			TK91	SNV
ENSG00000272583	ENSG00000272583	TK91	DEL		
ENSG00000272638	ENSG00000272638	TK92	DEL		
ENSG00000272647	ENSG00000272647	TK12	DEL		
ENSG00000272656	ENSG00000272656	TK18	DEL		
ENSG00000272657	ENSG00000272657	TK13	DEL		
ENSG00000272669	ENSG00000272669			TK92	SNV
ENSG00000272678	ENSG00000272678			TK12	INDEL
ENSG00000272694	ENSG00000272694			TK18	SNV
ENSG00000272699	ENSG00000272699			TK92	SNV
ENSG00000272710	ENSG00000272710			TK10	SNV
ENSG00000272750	ENSG00000272750	TK16	DEL		
ENSG00000272754	ENSG00000272754	TK92	DEL		
ENSG00000272762	ENSG00000272762	TK18	DEL		
ENSG00000272791	ENSG00000272791	TK93	DEL		
ENSG00000272797	ENSG00000272797			TK13	SNV
ENSG00000272799	ENSG00000272799			TK13	SNV
ENSG00000272810	ENSG00000272810			TK18	SNV
ENSG00000272814	ENSG00000272814			TK91	SNV
ENSG00000272836	ENSG00000272836	TK92	DEL		
ENSG00000272843	ENSG00000272843	TK91	DEL		
ENSG00000272866	ENSG00000272866			TK16	SNV
ENSG00000272885	ENSG00000272885	TK92	DEL		
ENSG00000272941	ENSG00000272941	TK91	DEL		
ENSG00000272986	ENSG00000272986			TK12	SNV
ENSG00000272995	ENSG00000272995			TK92	SNV
ENSG00000273010	ENSG00000273010	TK14	DEL		
ENSG00000273047	ENSG00000273047	TK91	DEL		
ENSG00000273055	ENSG00000273055			TK18	SNV
ENSG00000273058	ENSG00000273058	TK14	DEL		
ENSG00000273063	ENSG00000273063			TK10	SNV
ENSG00000273090	ENSG00000273090			TK10	SNV
ENSG00000273110	ENSG00000273110	TK92	DEL		
ENSG00000273112	ENSG00000273112	TK92	DEL		
ENSG00000273132	ENSG00000273132			TK10	SNV
ENSG00000273138	ENSG00000273138			TK91	INDEL,SNV
ENSG00000273156	ENSG00000273156	TK92	DEL		
ENSG00000273177	ENSG00000273177			TK16	SNV
ENSG00000273188	ENSG00000273188	TK92	DEL		
ENSG00000273199	ENSG00000273199			TK10	SNV
ENSG00000273217	ENSG00000273217	TK93	DEL		
ENSG00000273219	ENSG00000273219			TK18	SNV
ENSG00000273232	ENSG00000273232			TK12	SNV
ENSG00000273233	ENSG00000273233			TK92	SNV
ENSG00000273244	ENSG00000273244	TK92	DEL		
ENSG00000273254	ENSG00000273254			TK13	SNV
ENSG00000273261	ENSG00000273261	TK91	DEL		
ENSG00000273299	ENSG00000273299	TK10	DEL		
ENSG00000273321	ENSG00000273321			TK92	SNV
ENSG00000273341	ENSG00000273341			TK93	SNV
ENSG00000273342	ENSG00000273342			TK10	SNV
ENSG00000273343	ENSG00000273343	TK10	DEL		
ENSG00000273350	ENSG00000273350			TK12	SNV
ENSG00000273353	ENSG00000273353	TK10	DEL		
ENSG00000273368	ENSG00000273368			TK10	SNV
ENSG00000273375	ENSG00000273375			TK18	SNV
ENSG00000273384	ENSG00000273384			TK16	SNV
ENSG00000273387	ENSG00000273387	TK14	DEL		
ENSG00000273424	ENSG00000273424	TK91	DEL		
ENSG00000273442	ENSG00000273442			TK16	SNV
ENSG00000273461	ENSG00000273461			TK16	SNV
ENSG00000273464	ENSG00000273464			TK92	SNV
ENSG00000273476	ENSG00000273476			TK92	SNV
ENSG00000273487	ENSG00000273487			TK92	SNV
ENSG00000273493	ENSG00000273493			TK18	SNV
ENSG00000273512	ENSG00000273512			TK13	SNV
ENSG00000273521	ENSG00000273521	TK10	DEL		
ENSG00000273568	ENSG00000273568			TK13	SNV
ENSG00000273609	ENSG00000273609	TK91	DEL		
ENSG00000273618	ENSG00000273618			TK91	SNV
ENSG00000273623	ENSG00000273623			TK91	SNV
ENSG00000273639	ENSG00000273639			TK92	SNV
ENSG00000273669	ENSG00000273669			TK93	SNV
ENSG00000273687	ENSG00000273687			TK91	SNV
ENSG00000273712	ENSG00000273712			TK16	SNV
ENSG00000273720	ENSG00000273720	TK92	DEL		
ENSG00000273733	ENSG00000273733	TK92	DEL		
ENSG00000273736	ENSG00000273736			TK13	SNV
ENSG00000273797	ENSG00000273797	TK13	DEL		
ENSG00000273825	ENSG00000273825			TK91	SNV
ENSG00000273890	ENSG00000273890			TK91	SNV
ENSG00000273900	ENSG00000273900			TK91	SNV
ENSG00000273904	ENSG00000273904	TK92	DEL		
ENSG00000273919	ENSG00000273919			TK10	SNV
ENSG00000273920	ENSG00000273920			TK13	SNV
ENSG00000273933	ENSG00000273933			TK10	SNV
ENSG00000273951	ENSG00000273951	TK18	DEL	TK10	SNV
ENSG00000273958	ENSG00000273958			TK91	INDEL,SNV
ENSG00000273974	ENSG00000273974			TK16	SNV
ENSG00000273982	ENSG00000273982			TK92	SNV
ENSG00000273997	ENSG00000273997			TK93	INDEL
ENSG00000274002	ENSG00000274002			TK10	SNV
ENSG00000274019	ENSG00000274019	TK10	DEL	TK13	SNV
ENSG00000274038	ENSG00000274038			TK92	SNV
ENSG00000274055	ENSG00000274055			TK18	SNV
ENSG00000274072	ENSG00000274072	TK93	DEL		
ENSG00000274080	ENSG00000274080			TK10	SNV
ENSG00000274093	ENSG00000274093			TK91	SNV
ENSG00000274116	ENSG00000274116	TK91	DEL	TK18	SNV
ENSG00000274124	ENSG00000274124			TK92	SNV
ENSG00000274133	ENSG00000274133			TK13	SNV
ENSG00000274154	ENSG00000274154			TK18	SNV
ENSG00000274156	ENSG00000274156			TK91	SNV
ENSG00000274159	ENSG00000274159			TK93	SNV
ENSG00000274170	ENSG00000274170			TK12	SNV
ENSG00000274199	ENSG00000274199			TK18	SNV
ENSG00000274227	ENSG00000274227			TK91	SNV
ENSG00000274253	ENSG00000274253	TK92	DEL		
ENSG00000274261	ENSG00000274261			TK10	SNV
ENSG00000274265	ENSG00000274265	TK10	DEL		
ENSG00000274272	ENSG00000274272	TK13	DEL		
ENSG00000274297	ENSG00000274297			TK91	SNV
ENSG00000274308	ENSG00000274308	TK13	DEL		
ENSG00000274330	ENSG00000274330			TK13	SNV
ENSG00000274331	ENSG00000274331			TK16	SNV
ENSG00000274342	ENSG00000274342			TK92	SNV
ENSG00000274363	ENSG00000274363			TK18	SNV
ENSG00000274364	ENSG00000274364	TK92	DEL		
ENSG00000274370	ENSG00000274370			TK10	SNV
ENSG00000274378	ENSG00000274378			TK91	SNV
ENSG00000274381	ENSG00000274381			TK18	SNV
ENSG00000274396	ENSG00000274396			TK16	SNV
ENSG00000274430	ENSG00000274430			TK93	SNV
ENSG00000274447	ENSG00000274447			TK93	SNV
ENSG00000274458	ENSG00000274458			TK92	SNV
ENSG00000274471	ENSG00000274471	TK18	DEL		
ENSG00000274491	ENSG00000274491	TK18	DEL		
ENSG00000274499	ENSG00000274499			TK10	SNV
ENSG00000274503	ENSG00000274503	TK92	DEL		
ENSG00000274528	ENSG00000274528	TK92	DEL		
ENSG00000274547	ENSG00000274547			TK12	SNV
ENSG00000274617	ENSG00000274617			TK92	SNV
ENSG00000274625	ENSG00000274625			TK93	SNV
ENSG00000274670	ENSG00000274670			TK92	SNV
ENSG00000274682	ENSG00000274682			TK91	SNV
ENSG00000274685	ENSG00000274685			TK18	SNV
ENSG00000274695	ENSG00000274695			TK93	SNV
ENSG00000274718	ENSG00000274718			TK91	SNV
ENSG00000274723	ENSG00000274723			TK10	SNV
ENSG00000274737	ENSG00000274737			TK16	SNV
ENSG00000274748	ENSG00000274748			TK92	SNV
ENSG00000274758	ENSG00000274758	TK93	DEL		
ENSG00000274760	ENSG00000274760			TK13	SNV
ENSG00000274765	ENSG00000274765			TK92	SNV
ENSG00000274813	ENSG00000274813			TK92	SNV
ENSG00000274817	ENSG00000274817			TK10	SNV
ENSG00000274863	ENSG00000274863			TK91	SNV
ENSG00000274892	ENSG00000274892			TK10	SNV
ENSG00000274898	ENSG00000274898			TK91	SNV
ENSG00000274929	ENSG00000274929			TK14	SNV
ENSG00000274944	ENSG00000274944	TK91	DEL		
ENSG00000274987	ENSG00000274987	TK14	DEL		
ENSG00000275017	ENSG00000275017			TK10	SNV
ENSG00000275110	ENSG00000275110			TK91	SNV
ENSG00000275129	ENSG00000275129	TK91	DEL		
ENSG00000275155	ENSG00000275155			TK10	SNV
ENSG00000275157	ENSG00000275157	TK92	DEL		
ENSG00000275178	ENSG00000275178	TK10	DEL		
ENSG00000275197	ENSG00000275197	TK14	DEL		
ENSG00000275227	ENSG00000275227	TK92	DEL		
ENSG00000275234	ENSG00000275234	TK91	DEL		
ENSG00000275285	ENSG00000275285	TK91	DEL		
ENSG00000275295	ENSG00000275295			TK13	SNV
ENSG00000275307	ENSG00000275307	TK92	DEL	TK12	INDEL
ENSG00000275327	ENSG00000275327			TK92	SNV
ENSG00000275339	ENSG00000275339	TK16	DEL		
ENSG00000275345	ENSG00000275345			TK92	SNV
ENSG00000275350	ENSG00000275350			TK92	INDEL
ENSG00000275406	ENSG00000275406			TK92	SNV
ENSG00000275409	ENSG00000275409			TK18	SNV
ENSG00000275413	ENSG00000275413			TK12	SNV
ENSG00000275426	ENSG00000275426	TK91	DEL		
ENSG00000275438	ENSG00000275438			TK12	SNV
ENSG00000275464	ENSG00000275464	TK10	DEL		
ENSG00000275479	ENSG00000275479			TK91	SNV
ENSG00000275481	ENSG00000275481	TK13	DEL		
ENSG00000275484	ENSG00000275484			TK10	SNV
ENSG00000275490	ENSG00000275490	TK10	DEL		
ENSG00000275493	ENSG00000275493	TK91	DEL		
ENSG00000275512	ENSG00000275512			TK91	SNV
ENSG00000275515	ENSG00000275515			TK10	SNV
ENSG00000275516	ENSG00000275516	TK10	DEL	TK10	SNV
ENSG00000275540	ENSG00000275540			TK14	SNV
ENSG00000275563	ENSG00000275563			TK13	SNV
ENSG00000275598	ENSG00000275598			TK14	SNV
ENSG00000275601	ENSG00000275601			TK13	SNV
ENSG00000275609	ENSG00000275609			TK91	SNV
ENSG00000275645	ENSG00000275645	TK91	DEL		
ENSG00000275681	ENSG00000275681	TK10	DEL		
ENSG00000275716	ENSG00000275716			TK93	SNV
ENSG00000275728	ENSG00000275728			TK10	SNV
ENSG00000275734	ENSG00000275734	TK91	DEL		
ENSG00000275767	ENSG00000275767			TK92	SNV
ENSG00000275772	ENSG00000275772			TK18	SNV
ENSG00000275801	ENSG00000275801			TK92	SNV
ENSG00000275805	ENSG00000275805			TK91	SNV
ENSG00000275807	ENSG00000275807	TK91	DEL		
ENSG00000275850	ENSG00000275850			TK93	INDEL,SNV
ENSG00000275857	ENSG00000275857	TK91	DEL		
ENSG00000275875	ENSG00000275875	TK92	DEL		
ENSG00000275894	ENSG00000275894			TK18	SNV
ENSG00000275919	ENSG00000275919	TK13	DEL	TK18	SNV
ENSG00000275944	ENSG00000275944			TK13	SNV
ENSG00000275980	ENSG00000275980			TK92	SNV
ENSG00000276048	ENSG00000276048			TK14	SNV
ENSG00000276063	ENSG00000276063			TK92	SNV
ENSG00000276092	ENSG00000276092			TK16	INDEL
ENSG00000276110	ENSG00000276110			TK16	SNV
ENSG00000276140	ENSG00000276140	TK10	DEL		
ENSG00000276150	ENSG00000276150	TK14	DEL		
ENSG00000276179	ENSG00000276179			TK92	SNV
ENSG00000276208	ENSG00000276208	TK91	DEL		
ENSG00000276232	ENSG00000276232			TK16	SNV
ENSG00000276251	ENSG00000276251			TK10	SNV
ENSG00000276257	ENSG00000276257			TK92	SNV
ENSG00000276261	ENSG00000276261			TK10	SNV
ENSG00000276269	ENSG00000276269			TK14	SNV
ENSG00000276292	ENSG00000276292			TK93	SNV
ENSG00000276362	ENSG00000276362	TK13	DEL		
ENSG00000276375	ENSG00000276375			TK18	SNV
ENSG00000276411	ENSG00000276411	TK91	DEL		
ENSG00000276418	ENSG00000276418	TK14	DEL		
ENSG00000276436	ENSG00000276436			TK18	SNV
ENSG00000276445	ENSG00000276445	TK92	DEL		
ENSG00000276470	ENSG00000276470			TK18	SNV
ENSG00000276519	ENSG00000276519			TK92	SNV
ENSG00000276535	ENSG00000276535			TK92	SNV
ENSG00000276569	ENSG00000276569			TK13	SNV
ENSG00000276573	ENSG00000276573	TK14	DEL	TK91	SNV
ENSG00000276633	ENSG00000276633			TK10	SNV
ENSG00000276663	ENSG00000276663	TK18	DEL		
ENSG00000276668	ENSG00000276668			TK91	SNV
ENSG00000276680	ENSG00000276680			TK92	SNV
ENSG00000276704	ENSG00000276704	TK14	DEL	TK12	SNV
ENSG00000276722	ENSG00000276722	TK18	DEL		
ENSG00000276738	ENSG00000276738			TK93	SNV
ENSG00000276740	ENSG00000276740			TK92	SNV
ENSG00000276742	ENSG00000276742			TK92	SNV
ENSG00000276754	ENSG00000276754			TK92	SNV
ENSG00000276758	ENSG00000276758	TK10	DEL		
ENSG00000276790	ENSG00000276790			TK91	SNV
ENSG00000276810	ENSG00000276810			TK93	SNV
ENSG00000276822	ENSG00000276822	TK92	DEL		
ENSG00000276831	ENSG00000276831			TK92	SNV
ENSG00000276845	ENSG00000276845	TK91	DEL		
ENSG00000276855	ENSG00000276855	TK14	DEL		
ENSG00000276867	ENSG00000276867			TK92	SNV
ENSG00000276931	ENSG00000276931	TK92	DEL		
ENSG00000276957	ENSG00000276957			TK13	SNV
ENSG00000276958	ENSG00000276958			TK91	SNV
ENSG00000276968	ENSG00000276968			TK14	SNV
ENSG00000277010	ENSG00000277010			TK13	SNV
ENSG00000277103	ENSG00000277103			TK14	SNV
ENSG00000277135	ENSG00000277135			TK10	SNV
ENSG00000277173	ENSG00000277173			TK10	SNV
ENSG00000277191	ENSG00000277191	TK91	DEL		
ENSG00000277228	ENSG00000277228			TK92	SNV
ENSG00000277299	ENSG00000277299	TK91	DEL		
ENSG00000277351	ENSG00000277351			TK16	SNV
ENSG00000277373	ENSG00000277373			TK93	SNV
ENSG00000277386	ENSG00000277386			TK18	SNV
ENSG00000277408	ENSG00000277408			TK92	SNV
ENSG00000277435	ENSG00000277435	TK92	DEL		
ENSG00000277450	ENSG00000277450			TK10	SNV
ENSG00000277460	ENSG00000277460			TK12	SNV
ENSG00000277468	ENSG00000277468			TK92	SNV
ENSG00000277482	ENSG00000277482			TK92	SNV
ENSG00000277493	ENSG00000277493	TK91	DEL	TK18	SNV
ENSG00000277502	ENSG00000277502	TK92	DEL	TK93	SNV
ENSG00000277545	ENSG00000277545			TK91	SNV
ENSG00000277565	ENSG00000277565			TK91	SNV
ENSG00000277568	ENSG00000277568			TK13	SNV
ENSG00000277583	ENSG00000277583			TK10	SNV
ENSG00000277587	ENSG00000277587	TK92	DEL		
ENSG00000277599	ENSG00000277599			TK10	SNV
ENSG00000277647	ENSG00000277647			TK92	SNV
ENSG00000277651	ENSG00000277651			TK91	SNV
ENSG00000277684	ENSG00000277684			TK93	SNV
ENSG00000277690	ENSG00000277690			TK14	SNV
ENSG00000277694	ENSG00000277694			TK16	SNV
ENSG00000277705	ENSG00000277705			TK91	SNV
ENSG00000277711	ENSG00000277711			TK91	SNV
ENSG00000277728	ENSG00000277728	TK92	DEL		
ENSG00000277732	ENSG00000277732	TK10	DEL		
ENSG00000277749	ENSG00000277749			TK92	SNV
ENSG00000277755	ENSG00000277755	TK92	DEL		
ENSG00000277829	ENSG00000277829			TK10	SNV
ENSG00000277852	ENSG00000277852	TK16	DEL		
ENSG00000277859	ENSG00000277859			TK13	INDEL
ENSG00000277867	ENSG00000277867	TK92	DEL		
ENSG00000277869	ENSG00000277869			TK92	SNV
ENSG00000277882	ENSG00000277882	TK14	DEL	TK10	SNV
ENSG00000277920	ENSG00000277920			TK10	SNV
ENSG00000277941	ENSG00000277941			TK93	SNV
ENSG00000277948	ENSG00000277948			TK14	SNV
ENSG00000277966	ENSG00000277966			TK12	SNV
ENSG00000277978	ENSG00000277978	TK14	DEL		
ENSG00000277994	ENSG00000277994			TK10	SNV
ENSG00000277997	ENSG00000277997			TK92	SNV
ENSG00000278001	ENSG00000278001			TK92	SNV
ENSG00000278083	ENSG00000278083			TK91	SNV
ENSG00000278130	ENSG00000278130			TK93	SNV
ENSG00000278131	ENSG00000278131			TK10	SNV
ENSG00000278171	ENSG00000278171			TK13	SNV
ENSG00000278217	ENSG00000278217	TK93	DEL		
ENSG00000278231	ENSG00000278231	TK13	DEL		
ENSG00000278236	ENSG00000278236			TK16	SNV
ENSG00000278254	ENSG00000278254			TK18	SNV
ENSG00000278256	ENSG00000278256			TK18	SNV
ENSG00000278276	ENSG00000278276	TK92	DEL		
ENSG00000278330	ENSG00000278330	TK10	DEL		
ENSG00000278351	ENSG00000278351			TK92	SNV
ENSG00000278367	ENSG00000278367			TK91	SNV
ENSG00000278408	ENSG00000278408			TK93	SNV
ENSG00000278424	ENSG00000278424			TK91	SNV
ENSG00000278454	ENSG00000278454	TK10	DEL		
ENSG00000278456	ENSG00000278456			TK93	SNV
ENSG00000278541	ENSG00000278541	TK18	DEL		
ENSG00000278552	ENSG00000278552	TK18	DEL		
ENSG00000278586	ENSG00000278586			TK16	SNV
ENSG00000278600	ENSG00000278600	TK91	DEL		
ENSG00000278626	ENSG00000278626			TK93	SNV
ENSG00000278668	ENSG00000278668			TK91	SNV
ENSG00000278698	ENSG00000278698			TK13	INDEL,SNV
ENSG00000278708	ENSG00000278708			TK12	SNV
ENSG00000278713	ENSG00000278713	TK91	DEL		
ENSG00000278716	ENSG00000278716			TK13	SNV
ENSG00000278727	ENSG00000278727			TK10	SNV
ENSG00000278733	ENSG00000278733			TK12	SNV
ENSG00000278736	ENSG00000278736			TK13	SNV
ENSG00000278744	ENSG00000278744			TK91	SNV
ENSG00000278797	ENSG00000278797	TK92	DEL		
ENSG00000278813	ENSG00000278813	TK92	DEL		
ENSG00000278816	ENSG00000278816			TK18	SNV
ENSG00000278847	ENSG00000278847			TK10	INDEL
ENSG00000278861	ENSG00000278861	TK14	DEL		
ENSG00000278874	ENSG00000278874			TK93	SNV
ENSG00000278875	ENSG00000278875			TK10	SNV
ENSG00000278879	ENSG00000278879	TK91	DEL		
ENSG00000278890	ENSG00000278890			TK92	SNV
ENSG00000278892	ENSG00000278892			TK93	SNV
ENSG00000278896	ENSG00000278896	TK13	DEL		
ENSG00000278898	ENSG00000278898			TK10	SNV
ENSG00000278912	ENSG00000278912	TK92	DEL		
ENSG00000278918	ENSG00000278918	TK16	DEL		
ENSG00000278926	ENSG00000278926			TK91	SNV
ENSG00000278946	ENSG00000278946			TK92	SNV
ENSG00000278949	ENSG00000278949	TK16	DEL		
ENSG00000278965	ENSG00000278965			TK91	SNV
ENSG00000278972	ENSG00000278972			TK92	SNV
ENSG00000278975	ENSG00000278975			TK92	SNV
ENSG00000278981	ENSG00000278981			TK13	SNV
ENSG00000278990	ENSG00000278990			TK92	SNV
ENSG00000278995	ENSG00000278995			TK13	INDEL
ENSG00000279006	ENSG00000279006			TK93	SNV
ENSG00000279013	ENSG00000279013			TK10	SNV
ENSG00000279030	ENSG00000279030			TK13	SNV
ENSG00000279032	ENSG00000279032			TK18	SNV
ENSG00000279039	ENSG00000279039			TK18	SNV
ENSG00000279064	ENSG00000279064			TK14	SNV
ENSG00000279074	ENSG00000279074			TK92	SNV
ENSG00000279081	ENSG00000279081	TK91	DEL		
ENSG00000279088	ENSG00000279088	TK93	DEL		
ENSG00000279093	ENSG00000279093	TK93	DEL		
ENSG00000279096	ENSG00000279096			TK92	SNV
ENSG00000279117	ENSG00000279117			TK10	SNV
ENSG00000279122	ENSG00000279122			TK91	SNV
ENSG00000279135	ENSG00000279135			TK10	SNV
ENSG00000279142	ENSG00000279142			TK92	SNV
ENSG00000279152	ENSG00000279152	TK91	DEL		
ENSG00000279161	ENSG00000279161	TK92	DEL		
ENSG00000279162	ENSG00000279162	TK10	DEL		
ENSG00000279163	ENSG00000279163			TK92	SNV
ENSG00000279172	ENSG00000279172	TK92	DEL		
ENSG00000279174	ENSG00000279174			TK12	SNV
ENSG00000279206	ENSG00000279206			TK92	INDEL,SNV
ENSG00000279231	ENSG00000279231	TK91	DEL		
ENSG00000279233	ENSG00000279233	TK93	DEL		
ENSG00000279246	ENSG00000279246	TK91	DEL		
ENSG00000279250	ENSG00000279250			TK91	SNV
ENSG00000279265	ENSG00000279265	TK10	DEL		
ENSG00000279273	ENSG00000279273			TK14	SNV
ENSG00000279283	ENSG00000279283	TK10	DEL		
ENSG00000279286	ENSG00000279286			TK92	INDEL
ENSG00000279295	ENSG00000279295			TK10	SNV
ENSG00000279320	ENSG00000279320	TK92	DEL		
ENSG00000279332	ENSG00000279332			TK93	SNV
ENSG00000279333	ENSG00000279333			TK92	SNV
ENSG00000279337	ENSG00000279337	TK91	DEL		
ENSG00000279344	ENSG00000279344	TK10	DEL		
ENSG00000279345	ENSG00000279345	TK91	DEL		
ENSG00000279352	ENSG00000279352			TK91	SNV
ENSG00000279361	ENSG00000279361			TK10	SNV
ENSG00000279373	ENSG00000279373			TK92	SNV
ENSG00000279375	ENSG00000279375			TK93	SNV
ENSG00000279376	ENSG00000279376			TK12	SNV
ENSG00000279390	ENSG00000279390			TK91	SNV
ENSG00000279394	ENSG00000279394	TK92	DEL		
ENSG00000279404	ENSG00000279404	TK14	DEL		
ENSG00000279409	ENSG00000279409			TK93	SNV
ENSG00000279423	ENSG00000279423			TK93	SNV
ENSG00000279433	ENSG00000279433	TK10	DEL	TK92	SNV
ENSG00000279440	ENSG00000279440			TK92	SNV
ENSG00000279446	ENSG00000279446			TK92	SNV
ENSG00000279455	ENSG00000279455			TK10	SNV
ENSG00000279460	ENSG00000279460			TK91	SNV
ENSG00000279466	ENSG00000279466			TK93	SNV
ENSG00000279480	ENSG00000279480			TK10	SNV
ENSG00000279485	ENSG00000279485			TK93	SNV
ENSG00000279488	ENSG00000279488	TK18	DEL		
ENSG00000279502	ENSG00000279502			TK92	SNV
ENSG00000279568	ENSG00000279568	TK10	DEL		
ENSG00000279583	ENSG00000279583	TK10	DEL		
ENSG00000279588	ENSG00000279588			TK10	SNV
ENSG00000279591	ENSG00000279591			TK92	SNV
ENSG00000279617	ENSG00000279617	TK92	DEL		
ENSG00000279619	ENSG00000279619			TK10	SNV
ENSG00000279633	ENSG00000279633			TK93	SNV
ENSG00000279641	ENSG00000279641	TK91	DEL		
ENSG00000279660	ENSG00000279660			TK10	SNV
ENSG00000279663	ENSG00000279663			TK92	SNV
ENSG00000279668	ENSG00000279668	TK13	DEL		
ENSG00000279672	ENSG00000279672	TK91	DEL		
ENSG00000279679	ENSG00000279679			TK93	SNV
ENSG00000279681	ENSG00000279681			TK91	SNV
ENSG00000279684	ENSG00000279684			TK92	SNV
ENSG00000279686	ENSG00000279686			TK10	SNV
ENSG00000279689	ENSG00000279689	TK93	DEL		
ENSG00000279691	ENSG00000279691	TK13	DEL	TK92	SNV
ENSG00000279698	ENSG00000279698			TK92	SNV
ENSG00000279708	ENSG00000279708			TK14	SNV
ENSG00000279735	ENSG00000279735			TK91	SNV
ENSG00000279739	ENSG00000279739			TK10	SNV
ENSG00000279747	ENSG00000279747	TK92	DEL		
ENSG00000279784	ENSG00000279784			TK13	SNV
ENSG00000279807	ENSG00000279807	TK92	DEL		
ENSG00000279812	ENSG00000279812	TK91	DEL	TK14	SNV
ENSG00000279819	ENSG00000279819	TK14	DEL	TK92	SNV
ENSG00000279858	ENSG00000279858			TK91	SNV
ENSG00000279875	ENSG00000279875			TK92	SNV
ENSG00000279878	ENSG00000279878			TK92	SNV
ENSG00000279883	ENSG00000279883			TK92	SNV
ENSG00000279886	ENSG00000279886			TK18	SNV
ENSG00000279912	ENSG00000279912			TK93	SNV
ENSG00000279913	ENSG00000279913			TK93	SNV
ENSG00000279918	ENSG00000279918			TK92	SNV
ENSG00000279924	ENSG00000279924	TK91	DEL		
ENSG00000279936	ENSG00000279936			TK91	SNV
ENSG00000279942	ENSG00000279942			TK92	SNV
ENSG00000279949	ENSG00000279949	TK91	DEL		
ENSG00000279960	ENSG00000279960			TK16	SNV
ENSG00000279971	ENSG00000279971			TK92	INDEL
ENSG00000279979	ENSG00000279979			TK14	SNV
ENSG00000280000	ENSG00000280000			TK10	SNV
ENSG00000280009	ENSG00000280009			TK93	SNV
ENSG00000280020	ENSG00000280020	TK14	DEL		
ENSG00000280029	ENSG00000280029	TK92	DEL		
ENSG00000280046	ENSG00000280046	TK10	DEL		
ENSG00000280054	ENSG00000280054	TK14	DEL		
ENSG00000280083	ENSG00000280083			TK18	SNV
ENSG00000280091	ENSG00000280091			TK13	SNV
ENSG00000280092	ENSG00000280092			TK92	SNV
ENSG00000280098	ENSG00000280098			TK91	SNV
ENSG00000280108	ENSG00000280108			TK93	SNV
ENSG00000280121	ENSG00000280121			TK12	SNV
ENSG00000280135	ENSG00000280135			TK16	INDEL,SNV
ENSG00000280162	ENSG00000280162			TK93	SNV
ENSG00000280168	ENSG00000280168			TK10	SNV
ENSG00000280171	ENSG00000280171			TK93	INDEL,SNV
ENSG00000280181	ENSG00000280181			TK10	SNV
ENSG00000280206	ENSG00000280206	TK13	DEL		
ENSG00000280207	ENSG00000280207			TK91	SNV
ENSG00000280211	ENSG00000280211	TK92	DEL		
ENSG00000280219	ENSG00000280219			TK92	SNV
ENSG00000280222	ENSG00000280222			TK14	SNV
ENSG00000280223	ENSG00000280223			TK92	SNV
ENSG00000280227	ENSG00000280227			TK16	SNV
ENSG00000280228	ENSG00000280228			TK92	SNV
ENSG00000280249	ENSG00000280249			TK10	SNV
ENSG00000280255	ENSG00000280255			TK13	SNV
ENSG00000280266	ENSG00000280266			TK13	SNV
ENSG00000280282	ENSG00000280282			TK16	SNV
ENSG00000280285	ENSG00000280285	TK91	DEL	TK91	SNV
ENSG00000280296	ENSG00000280296			TK14	SNV
ENSG00000280302	ENSG00000280302			TK13	SNV
ENSG00000280336	ENSG00000280336	TK92	DEL		
ENSG00000280339	ENSG00000280339			TK10	SNV
ENSG00000280347	ENSG00000280347	TK10	DEL		
ENSG00000280362	ENSG00000280362			TK14	SNV
ENSG00000280368	ENSG00000280368			TK14	SNV
ENSG00000280376	ENSG00000280376			TK92	SNV
ENSG00000280381	ENSG00000280381			TK10	SNV
ENSG00000280392	ENSG00000280392			TK18	SNV
ENSG00000280394	ENSG00000280394	TK91	DEL		
ENSG00000280401	ENSG00000280401			TK10	SNV
ENSG00000280402	ENSG00000280402	TK10	DEL		
ENSG00000280405	ENSG00000280405			TK93	SNV
ENSG00000280408	ENSG00000280408	TK10	DEL	TK93	SNV
ENSG00000280415	ENSG00000280415			TK91	SNV
ENSG00000280419	ENSG00000280419			TK93	SNV
ENSG00000280436	ENSG00000280436			TK13	SNV
ENSG00000280440	ENSG00000280440			TK93	SNV
ENSG00000280449	ENSG00000280449			TK92	SNV
ENSG00000280485	ENSG00000280485			TK91	INDEL,SNV
ENSG00000280571	ENSG00000280571			TK92	SNV
ENSG00000280660	ENSG00000280660			TK91	SNV
ENSG00000280836	ENSG00000280836			TK13	SNV
ENSG00000280881	ENSG00000280881			TK91	SNV
ENSG00000280893	ENSG00000280893	TK91	DEL		
ENSG00000281016	ENSG00000281016	TK92	DEL		
ENSG00000281021	ENSG00000281021	TK13	DEL		
ENSG00000281120	ENSG00000281120			TK93	SNV
ENSG00000281167	ENSG00000281167	TK91	DEL		
ENSG00000281269	ENSG00000281269			TK92	SNV
ENSG00000281295	ENSG00000281295	TK10	DEL		
ENSG00000281348	ENSG00000281348	TK91	DEL		
ENSG00000281386	ENSG00000281386			TK93	SNV
ENSG00000281420	ENSG00000281420			TK91	SNV
ENSG00000281460	ENSG00000281460			TK18	SNV
ENSG00000281468	ENSG00000281468	TK14	DEL		
ENSG00000281530	ENSG00000281530	TK14	DEL		
ENSG00000281571	ENSG00000281571	TK92	DEL		
ENSG00000281613	ENSG00000281613			TK13	SNV
ENSG00000281825	ENSG00000281825			TK13	SNV
ENSG00000281856	ENSG00000281856	TK91	DEL		
ENSG00000281961	ENSG00000281961			TK93	SNV
ENSG00000282034	ENSG00000282034	TK92	DEL		
ENSG00000282051	ENSG00000282051			TK14	SNV
ENSG00000282097	ENSG00000282097			TK93	SNV
ENSG00000282381	ENSG00000282381			TK10	SNV
ENSG00000282413	ENSG00000282413			TK91	SNV
ENSG00000282542	ENSG00000282542			TK16	SNV
ENSG00000282697	ENSG00000282697			TK14	SNV
ENSG00000282843	ENSG00000282843	TK16	DEL		
ENSG00000282882	ENSG00000282882			TK10	SNV
ENSG00000282906	ENSG00000282906			TK13	SNV
ENSG00000282917	ENSG00000282917	TK91	DEL		
ENSG00000282964	ENSG00000282964			TK16	SNV
ENSG00000283057	ENSG00000283057	TK14	DEL	TK93	SNV
ENSG00000283125	ENSG00000283125			TK14	SNV
ENSG00000283148	ENSG00000283148			TK10	SNV
ENSG00000283156	ENSG00000283156			TK18	SNV
ENSG00000283164	ENSG00000283164			TK16	SNV
ENSG00000283175	ENSG00000283175			TK91	SNV
ENSG00000283269	ENSG00000283269	TK93	DEL	TK92	SNV
ENSG00000283273	ENSG00000283273	TK92	DEL		
ENSG00000283338	ENSG00000283338			TK93	SNV
ENSG00000283360	ENSG00000283360	TK14	DEL		
ENSG00000283366	ENSG00000283366			TK14	SNV
ENSG00000283417	ENSG00000283417			TK10	SNV
ENSG00000283446	ENSG00000283446			TK91	SNV
ENSG00000283462	ENSG00000283462			TK14	SNV
ENSG00000283535	ENSG00000283535	TK92	DEL		
ENSG00000283573	ENSG00000283573			TK10	SNV
ENSG00000283579	ENSG00000283579			TK10	SNV
ENSG00000283583	ENSG00000283583			TK91	SNV
ENSG00000283638	ENSG00000283638			TK10	SNV
ENSG00000283659	ENSG00000283659			TK92	SNV
ENSG00000283662	ENSG00000283662	TK91	DEL		
ENSG00000283663	ENSG00000283663			TK10	SNV
ENSG00000283686	ENSG00000283686			TK93	SNV
ENSG00000283696	ENSG00000283696	TK14	DEL		
ENSG00000283704	ENSG00000283704			TK10	SNV
ENSG00000283737	ENSG00000283737			TK14	SNV
ENSG00000283743	ENSG00000283743			TK16	SNV
ENSG00000283757	ENSG00000283757			TK16	SNV
ENSG00000283849	ENSG00000283849	TK14	DEL		
ENSG00000283991	ENSG00000283991			TK14	SNV
ENSG00000283994	ENSG00000283994			TK13	SNV
ENSG00000284071	ENSG00000284071			TK92	SNV
ENSG00000284188	ENSG00000284188			TK10	SNV
ENSG00000284376	ENSG00000284376			TK10	SNV
ENSG00000284430	ENSG00000284430			TK14	SNV
ENSG00000284461	ENSG00000284461	TK92	DEL		
ENSG00000284471	ENSG00000284471	TK91	DEL		
ENSG00000284490	ENSG00000284490	TK91	DEL		
ENSG00000284601	ENSG00000284601			TK10	SNV
ENSG00000284607	ENSG00000284607			TK18	SNV
ENSG00000284644	ENSG00000284644	TK13	DEL		
ENSG00000284648	ENSG00000284648			TK92	SNV
ENSG00000284649	ENSG00000284649			TK13	SNV
ENSG00000284654	ENSG00000284654			TK16	SNV
ENSG00000284655	ENSG00000284655			TK12	SNV
ENSG00000284665	ENSG00000284665			TK13	SNV
ENSG00000284669	ENSG00000284669	TK14	DEL		
ENSG00000284671	ENSG00000284671	TK91	DEL		
ENSG00000284675	ENSG00000284675			TK91	SNV
ENSG00000284679	ENSG00000284679	TK91	DEL		
ENSG00000284686	ENSG00000284686			TK92	SNV
ENSG00000284698	ENSG00000284698			TK93	SNV
ENSG00000284700	ENSG00000284700			TK16	SNV
ENSG00000284703	ENSG00000284703			TK93	SNV
ENSG00000284708	ENSG00000284708			TK10	SNV
ENSG00000284721	ENSG00000284721			TK93	SNV
ENSG00000284734	ENSG00000284734			TK10	SNV
ENSG00000284744	ENSG00000284744			TK92	SNV
ENSG00000284773	ENSG00000284773			TK10	SNV
ENSG00000284800	ENSG00000284800			TK91	SNV
ENSG00000284808	ENSG00000284808			TK10	SNV
ENSG00000284820	ENSG00000284820	TK91	DEL		
ENSG00000284837	ENSG00000284837			TK16	SNV
ENSG00000284839	ENSG00000284839			TK91	SNV
ENSG00000284840	ENSG00000284840	TK10	DEL		
ENSG00000284858	ENSG00000284858			TK93	SNV
ENSG00000284928	ENSG00000284928			TK12	SNV
ENSG00000284931	ENSG00000284931			TK14	SNV
ENSG00000284948	ENSG00000284948	TK92	DEL		
ENSG00000284951	ENSG00000284951			TK10	SNV
ENSG00000284956	ENSG00000284956	TK92	DEL		
ENSG00000284989	ENSG00000284989	TK16	DEL		
ENSG00000285030	ENSG00000285030	TK91	DEL		
ENSG00000285040	ENSG00000285040			TK92	SNV
ENSG00000285057	ENSG00000285057	TK92	DEL		
ENSG00000285102	ENSG00000285102			TK10	SNV
ENSG00000285108	ENSG00000285108			TK10	INDEL,SNV
ENSG00000285169	ENSG00000285169			TK14	SNV
ENSG00000285191	ENSG00000285191			TK10	SNV
ENSG00000285205	ENSG00000285205			TK13	SNV
ENSG00000285303	ENSG00000285303			TK92	SNV
ENSG00000285347	ENSG00000285347			TK10	SNV
ENSG00000285374	ENSG00000285374			TK10	SNV
ENSG00000285402	ENSG00000285402			TK10	SNV
ENSG00000285407	ENSG00000285407	TK92	DEL		
ENSG00000285409	ENSG00000285409			TK92	SNV
ENSG00000285454	ENSG00000285454	TK92	DEL		
ENSG00000285483	ENSG00000285483			TK91	SNV
ENSG00000285520	ENSG00000285520			TK91	SNV
ENSG00000285540	ENSG00000285540			TK93	INDEL
ENSG00000285541	ENSG00000285541			TK92	SNV
ENSG00000285543	ENSG00000285543			TK14	SNV
ENSG00000285549	ENSG00000285549			TK92	SNV
ENSG00000285553	ENSG00000285553			TK91	SNV
ENSG00000285559	ENSG00000285559			TK92	SNV
ENSG00000285562	ENSG00000285562			TK10	SNV
ENSG00000285564	ENSG00000285564			TK18	SNV
ENSG00000285568	ENSG00000285568			TK10	SNV
ENSG00000285569	ENSG00000285569	TK91	DEL		
ENSG00000285570	ENSG00000285570	TK18	DEL		
ENSG00000285579	ENSG00000285579	TK91	DEL		
ENSG00000285586	ENSG00000285586			TK13	SNV
ENSG00000285590	ENSG00000285590			TK10	SNV
ENSG00000285600	ENSG00000285600	TK93	DEL		
ENSG00000285610	ENSG00000285610			TK13	SNV
ENSG00000285613	ENSG00000285613			TK14	SNV
ENSG00000285618	ENSG00000285618			TK10	INDEL
ENSG00000285622	ENSG00000285622			TK92	SNV
ENSG00000285624	ENSG00000285624	TK92	DEL		
ENSG00000285628	ENSG00000285628	TK91	DEL		
ENSG00000285635	ENSG00000285635	TK16	DEL		
ENSG00000285640	ENSG00000285640			TK10	SNV
ENSG00000285642	ENSG00000285642			TK93	SNV
ENSG00000285647	ENSG00000285647	TK92	DEL	TK10	SNV
ENSG00000285649	ENSG00000285649			TK16	SNV
ENSG00000285654	ENSG00000285654			TK10	SNV
ENSG00000285663	ENSG00000285663			TK93	SNV
ENSG00000285664	ENSG00000285664			TK10	SNV
ENSG00000285671	ENSG00000285671			TK92	SNV
ENSG00000285691	ENSG00000285691			TK14	SNV
ENSG00000285697	ENSG00000285697	TK91	DEL		
ENSG00000285698	ENSG00000285698			TK16	SNV
ENSG00000285714	ENSG00000285714			TK12	SNV
ENSG00000285738	ENSG00000285738			TK93	SNV
ENSG00000285743	ENSG00000285743			TK10	SNV
ENSG00000285749	ENSG00000285749	TK91	DEL		
ENSG00000285750	ENSG00000285750			TK93	SNV
ENSG00000285751	ENSG00000285751			TK10	SNV
ENSG00000285764	ENSG00000285764			TK93	SNV
ENSG00000285772	ENSG00000285772			TK18	SNV
ENSG00000285773	ENSG00000285773			TK93	SNV
ENSG00000285781	ENSG00000285781	TK91	DEL		
ENSG00000285789	ENSG00000285789			TK93	SNV
ENSG00000285797	ENSG00000285797	TK16	DEL		
ENSG00000285805	ENSG00000285805			TK92	SNV
ENSG00000285809	ENSG00000285809			TK92	SNV
ENSG00000285813	ENSG00000285813			TK10	SNV
ENSG00000285822	ENSG00000285822	TK91	DEL		
ENSG00000285839	ENSG00000285839	TK14	DEL		
ENSG00000285849	ENSG00000285849	TK93	DEL		
ENSG00000285855	ENSG00000285855			TK93	SNV
ENSG00000285860	ENSG00000285860			TK92	SNV
ENSG00000285863	ENSG00000285863	TK10	DEL		
ENSG00000285879	ENSG00000285879	TK10	DEL		
ENSG00000285880	ENSG00000285880			TK10	SNV
ENSG00000285881	ENSG00000285881	TK14	DEL	TK93	INDEL
ENSG00000285882	ENSG00000285882			TK91	SNV
ENSG00000285890	ENSG00000285890			TK92	SNV
ENSG00000285894	ENSG00000285894			TK93	SNV
ENSG00000285915	ENSG00000285915			TK10	SNV
ENSG00000285919	ENSG00000285919			TK13	SNV
ENSG00000285935	ENSG00000285935	TK91	DEL		
ENSG00000285948	ENSG00000285948	TK16	DEL		
ENSG00000285958	ENSG00000285958			TK13	SNV
ENSG00000285980	ENSG00000285980			TK92	SNV
ENSG00000285991	ENSG00000285991			TK91	SNV
ENSG00000285992	ENSG00000285992			TK92	SNV
ENSG00000285998	ENSG00000285998			TK92	SNV
ENSG00000286002	ENSG00000286002			TK93	SNV
ENSG00000286007	ENSG00000286007			TK91	SNV
ENSG00000286020	ENSG00000286020	TK13	DEL		
ENSG00000286026	ENSG00000286026			TK92	SNV
ENSG00000286030	ENSG00000286030	TK91	DEL		
ENSG00000286041	ENSG00000286041			TK91	SNV
ENSG00000286048	ENSG00000286048			TK10	SNV
ENSG00000286055	ENSG00000286055			TK93	SNV
ENSG00000286060	ENSG00000286060	TK91	DEL		
ENSG00000286080	ENSG00000286080			TK10	SNV
ENSG00000286083	ENSG00000286083			TK91	SNV
ENSG00000286085	ENSG00000286085			TK92	SNV
ENSG00000286086	ENSG00000286086	TK91	DEL		
ENSG00000286087	ENSG00000286087			TK10	SNV
ENSG00000286092	ENSG00000286092	TK91	DEL		
ENSG00000286101	ENSG00000286101			TK10	SNV
ENSG00000286104	ENSG00000286104	TK91	DEL		
ENSG00000286109	ENSG00000286109			TK91	SNV
ENSG00000286115	ENSG00000286115			TK10	SNV
ENSG00000286124	ENSG00000286124			TK18	SNV
ENSG00000286131	ENSG00000286131			TK14	SNV
ENSG00000286141	ENSG00000286141			TK91	SNV
ENSG00000286150	ENSG00000286150			TK16	SNV
ENSG00000286153	ENSG00000286153	TK91	DEL		
ENSG00000286160	ENSG00000286160			TK92	SNV
ENSG00000286164	ENSG00000286164	TK13	DEL		
ENSG00000286182	ENSG00000286182			TK10	SNV
ENSG00000286197	ENSG00000286197			TK10	SNV
ENSG00000286207	ENSG00000286207	TK13	DEL		
ENSG00000286213	ENSG00000286213			TK92	SNV
ENSG00000286220	ENSG00000286220			TK16	SNV
ENSG00000286223	ENSG00000286223	TK16	DEL		
ENSG00000286240	ENSG00000286240			TK10	SNV
ENSG00000286241	ENSG00000286241			TK13	SNV
ENSG00000286243	ENSG00000286243			TK93	SNV
ENSG00000286248	ENSG00000286248	TK14	DEL		
ENSG00000286249	ENSG00000286249			TK91	SNV
ENSG00000286260	ENSG00000286260			TK18	SNV
ENSG00000286262	ENSG00000286262			TK93	SNV
ENSG00000286263	ENSG00000286263			TK10	SNV
ENSG00000286269	ENSG00000286269			TK93	SNV
ENSG00000286273	ENSG00000286273			TK93	SNV
ENSG00000286275	ENSG00000286275			TK16	SNV
ENSG00000286307	ENSG00000286307	TK14	DEL		
ENSG00000286308	ENSG00000286308			TK91	SNV
ENSG00000286313	ENSG00000286313			TK92	SNV
ENSG00000286320	ENSG00000286320			TK91	SNV
ENSG00000286322	ENSG00000286322			TK91	SNV
ENSG00000286326	ENSG00000286326			TK18	SNV
ENSG00000286327	ENSG00000286327	TK91	DEL		
ENSG00000286334	ENSG00000286334	TK93	DEL		
ENSG00000286342	ENSG00000286342	TK93	DEL		
ENSG00000286348	ENSG00000286348			TK91	SNV
ENSG00000286349	ENSG00000286349	TK92	DEL		
ENSG00000286358	ENSG00000286358	TK91	DEL		
ENSG00000286363	ENSG00000286363			TK92	SNV
ENSG00000286365	ENSG00000286365	TK10	DEL		
ENSG00000286376	ENSG00000286376			TK14	SNV
ENSG00000286383	ENSG00000286383			TK10	SNV
ENSG00000286394	ENSG00000286394			TK14	SNV
ENSG00000286405	ENSG00000286405			TK92	SNV
ENSG00000286406	ENSG00000286406	TK92	DEL		
ENSG00000286418	ENSG00000286418			TK93	SNV
ENSG00000286426	ENSG00000286426			TK91	SNV
ENSG00000286428	ENSG00000286428			TK10	SNV
ENSG00000286436	ENSG00000286436			TK93	SNV
ENSG00000286438	ENSG00000286438	TK91	DEL		
ENSG00000286450	ENSG00000286450			TK92	SNV
ENSG00000286457	ENSG00000286457			TK93	SNV
ENSG00000286459	ENSG00000286459	TK91	DEL		
ENSG00000286463	ENSG00000286463			TK93	SNV
ENSG00000286464	ENSG00000286464	TK91	DEL		
ENSG00000286465	ENSG00000286465			TK92	INDEL
ENSG00000286468	ENSG00000286468			TK16	SNV
ENSG00000286474	ENSG00000286474			TK93	SNV
ENSG00000286476	ENSG00000286476			TK10	SNV
ENSG00000286481	ENSG00000286481	TK91	DEL		
ENSG00000286483	ENSG00000286483	TK92	DEL		
ENSG00000286486	ENSG00000286486			TK10	SNV
ENSG00000286489	ENSG00000286489	TK13	DEL		
ENSG00000286490	ENSG00000286490	TK92	DEL	TK92	SNV
ENSG00000286502	ENSG00000286502			TK91	SNV
ENSG00000286514	ENSG00000286514			TK10	SNV
ENSG00000286519	ENSG00000286519			TK93	SNV
ENSG00000286526	ENSG00000286526			TK14	SNV
ENSG00000286547	ENSG00000286547			TK92	SNV
ENSG00000286558	ENSG00000286558			TK91	SNV
ENSG00000286559	ENSG00000286559			TK91	SNV
ENSG00000286566	ENSG00000286566			TK10	INDEL
ENSG00000286567	ENSG00000286567			TK93	SNV
ENSG00000286573	ENSG00000286573			TK92	SNV
ENSG00000286576	ENSG00000286576			TK91	SNV
ENSG00000286586	ENSG00000286586			TK92	SNV
ENSG00000286588	ENSG00000286588	TK13	DEL		
ENSG00000286596	ENSG00000286596			TK93	SNV
ENSG00000286598	ENSG00000286598			TK92	SNV
ENSG00000286630	ENSG00000286630			TK13	SNV
ENSG00000286631	ENSG00000286631			TK14	SNV
ENSG00000286632	ENSG00000286632			TK10	SNV
ENSG00000286633	ENSG00000286633			TK16	SNV
ENSG00000286639	ENSG00000286639			TK13	SNV
ENSG00000286650	ENSG00000286650			TK10	SNV
ENSG00000286661	ENSG00000286661			TK10	SNV
ENSG00000286681	ENSG00000286681	TK91	DEL		
ENSG00000286688	ENSG00000286688	TK16	DEL		
ENSG00000286692	ENSG00000286692			TK92	SNV
ENSG00000286693	ENSG00000286693			TK91	SNV
ENSG00000286694	ENSG00000286694			TK93	SNV
ENSG00000286696	ENSG00000286696	TK13	DEL		
ENSG00000286700	ENSG00000286700			TK12	SNV
ENSG00000286710	ENSG00000286710			TK92	SNV
ENSG00000286712	ENSG00000286712			TK13	SNV
ENSG00000286716	ENSG00000286716			TK91	SNV
ENSG00000286717	ENSG00000286717			TK92	SNV
ENSG00000286739	ENSG00000286739			TK92	SNV
ENSG00000286740	ENSG00000286740			TK92	SNV
ENSG00000286741	ENSG00000286741			TK91	SNV
ENSG00000286748	ENSG00000286748			TK10	SNV
ENSG00000286749	ENSG00000286749			TK93	SNV
ENSG00000286754	ENSG00000286754			TK91	SNV
ENSG00000286756	ENSG00000286756	TK93	DEL		
ENSG00000286763	ENSG00000286763			TK10	SNV
ENSG00000286765	ENSG00000286765			TK12	SNV
ENSG00000286777	ENSG00000286777			TK92	SNV
ENSG00000286789	ENSG00000286789			TK92	SNV
ENSG00000286791	ENSG00000286791			TK10	SNV
ENSG00000286794	ENSG00000286794			TK91	SNV
ENSG00000286803	ENSG00000286803	TK10	DEL		
ENSG00000286805	ENSG00000286805			TK92	SNV
ENSG00000286806	ENSG00000286806			TK93	SNV
ENSG00000286816	ENSG00000286816			TK10	SNV
ENSG00000286824	ENSG00000286824			TK14	SNV
ENSG00000286827	ENSG00000286827			TK91	SNV
ENSG00000286829	ENSG00000286829			TK91	SNV
ENSG00000286832	ENSG00000286832			TK93	SNV
ENSG00000286835	ENSG00000286835	TK14	DEL		
ENSG00000286860	ENSG00000286860			TK91	SNV
ENSG00000286862	ENSG00000286862			TK14	SNV
ENSG00000286875	ENSG00000286875			TK92	SNV
ENSG00000286877	ENSG00000286877	TK91	DEL	TK91	SNV
ENSG00000286880	ENSG00000286880			TK12	SNV
ENSG00000286887	ENSG00000286887			TK18	SNV
ENSG00000286889	ENSG00000286889			TK10	SNV
ENSG00000286892	ENSG00000286892			TK91	SNV
ENSG00000286898	ENSG00000286898	TK16	DEL		
ENSG00000286902	ENSG00000286902			TK92	SNV
ENSG00000286913	ENSG00000286913			TK93	SNV
ENSG00000286916	ENSG00000286916			TK92	SNV
ENSG00000286921	ENSG00000286921	TK14	DEL		
ENSG00000286924	ENSG00000286924			TK10	SNV
ENSG00000286934	ENSG00000286934			TK10	SNV
ENSG00000286948	ENSG00000286948			TK91	SNV
ENSG00000286950	ENSG00000286950			TK16	SNV
ENSG00000286959	ENSG00000286959			TK13	SNV
ENSG00000286960	ENSG00000286960			TK13	SNV
ENSG00000286964	ENSG00000286964	TK91	DEL		
ENSG00000286965	ENSG00000286965			TK92	SNV
ENSG00000286969	ENSG00000286969			TK91	SNV
ENSG00000286972	ENSG00000286972			TK10	SNV
ENSG00000286985	ENSG00000286985			TK10	SNV
ENSG00000286992	ENSG00000286992			TK13	SNV
ENSG00000286998	ENSG00000286998			TK18	SNV
ENSG00000287002	ENSG00000287002			TK92	SNV
ENSG00000287003	ENSG00000287003			TK93	SNV
ENSG00000287006	ENSG00000287006			TK10	SNV
ENSG00000287020	ENSG00000287020			TK92	SNV
ENSG00000287023	ENSG00000287023			TK10	SNV
ENSG00000287028	ENSG00000287028			TK18	INDEL,SNV
ENSG00000287037	ENSG00000287037			TK14	SNV
ENSG00000287040	ENSG00000287040			TK93	SNV
ENSG00000287050	ENSG00000287050	TK92	DEL		
ENSG00000287051	ENSG00000287051			TK10	SNV
ENSG00000287052	ENSG00000287052			TK10	SNV
ENSG00000287057	ENSG00000287057			TK93	SNV
ENSG00000287058	ENSG00000287058	TK14	DEL		
ENSG00000287062	ENSG00000287062			TK92	SNV
ENSG00000287066	ENSG00000287066			TK91	SNV
ENSG00000287068	ENSG00000287068			TK91	SNV
ENSG00000287072	ENSG00000287072			TK13	SNV
ENSG00000287085	ENSG00000287085			TK91	SNV
ENSG00000287107	ENSG00000287107			TK10	SNV
ENSG00000287108	ENSG00000287108			TK93	SNV
ENSG00000287112	ENSG00000287112			TK13	SNV
ENSG00000287118	ENSG00000287118			TK93	SNV
ENSG00000287123	ENSG00000287123			TK92	SNV
ENSG00000287131	ENSG00000287131			TK16	SNV
ENSG00000287135	ENSG00000287135			TK10	SNV
ENSG00000287137	ENSG00000287137			TK10	SNV
ENSG00000287139	ENSG00000287139			TK12	SNV
ENSG00000287145	ENSG00000287145			TK93	SNV
ENSG00000287160	ENSG00000287160			TK18	SNV
ENSG00000287161	ENSG00000287161			TK93	SNV
ENSG00000287162	ENSG00000287162			TK91	SNV
ENSG00000287172	ENSG00000287172			TK10	SNV
ENSG00000287174	ENSG00000287174			TK10	SNV
ENSG00000287175	ENSG00000287175			TK91	SNV
ENSG00000287178	ENSG00000287178			TK93	SNV
ENSG00000287184	ENSG00000287184			TK92	SNV
ENSG00000287189	ENSG00000287189			TK92	SNV
ENSG00000287191	ENSG00000287191	TK13	DEL		
ENSG00000287196	ENSG00000287196			TK91	SNV
ENSG00000287210	ENSG00000287210			TK92	SNV
ENSG00000287211	ENSG00000287211			TK92	SNV
ENSG00000287213	ENSG00000287213			TK16	SNV
ENSG00000287214	ENSG00000287214	TK14	DEL	TK91	SNV
ENSG00000287220	ENSG00000287220			TK92	SNV
ENSG00000287230	ENSG00000287230			TK93	SNV
ENSG00000287231	ENSG00000287231	TK91	DEL		
ENSG00000287251	ENSG00000287251			TK92	SNV
ENSG00000287252	ENSG00000287252	TK92	DEL		
ENSG00000287262	ENSG00000287262	TK92	DEL		
ENSG00000287285	ENSG00000287285	TK92	DEL		
ENSG00000287290	ENSG00000287290			TK10	SNV
ENSG00000287298	ENSG00000287298	TK13	DEL		
ENSG00000287299	ENSG00000287299	TK16	DEL		
ENSG00000287310	ENSG00000287310			TK91	SNV
ENSG00000287320	ENSG00000287320			TK92	SNV
ENSG00000287325	ENSG00000287325			TK10	SNV
ENSG00000287326	ENSG00000287326			TK13	SNV
ENSG00000287342	ENSG00000287342			TK10	SNV
ENSG00000287347	ENSG00000287347			TK16	SNV
ENSG00000287358	ENSG00000287358	TK91	DEL		
ENSG00000287368	ENSG00000287368			TK91	SNV
ENSG00000287372	ENSG00000287372			TK10	SNV
ENSG00000287381	ENSG00000287381			TK12	SNV
ENSG00000287399	ENSG00000287399	TK91	DEL		
ENSG00000287402	ENSG00000287402	TK92	DEL		
ENSG00000287411	ENSG00000287411			TK93	SNV
ENSG00000287416	ENSG00000287416			TK91	SNV
ENSG00000287424	ENSG00000287424			TK92	SNV
ENSG00000287442	ENSG00000287442			TK93	SNV
ENSG00000287448	ENSG00000287448			TK10	SNV
ENSG00000287455	ENSG00000287455			TK91	SNV
ENSG00000287458	ENSG00000287458			TK92	INDEL
ENSG00000287462	ENSG00000287462			TK93	INDEL
ENSG00000287463	ENSG00000287463			TK91	SNV
ENSG00000287464	ENSG00000287464			TK91	SNV
ENSG00000287472	ENSG00000287472			TK91	SNV
ENSG00000287482	ENSG00000287482			TK18	SNV
ENSG00000287489	ENSG00000287489	TK12	DEL		
ENSG00000287492	ENSG00000287492			TK91	SNV
ENSG00000287505	ENSG00000287505			TK13	SNV
ENSG00000287509	ENSG00000287509			TK92	SNV
ENSG00000287512	ENSG00000287512			TK93	SNV
ENSG00000287528	ENSG00000287528			TK18	SNV
ENSG00000287545	ENSG00000287545			TK92	SNV
ENSG00000287561	ENSG00000287561			TK18	SNV
ENSG00000287575	ENSG00000287575			TK93	SNV
ENSG00000287581	ENSG00000287581			TK91	SNV
ENSG00000287585	ENSG00000287585	TK91	DEL		
ENSG00000287588	ENSG00000287588			TK10	SNV
ENSG00000287596	ENSG00000287596			TK10	SNV
ENSG00000287597	ENSG00000287597			TK14	SNV
ENSG00000287598	ENSG00000287598			TK91	SNV
ENSG00000287599	ENSG00000287599			TK12	INDEL
ENSG00000287605	ENSG00000287605			TK91	SNV
ENSG00000287610	ENSG00000287610			TK93	SNV
ENSG00000287611	ENSG00000287611			TK16	SNV
ENSG00000287617	ENSG00000287617			TK91	SNV
ENSG00000287618	ENSG00000287618			TK93	SNV
ENSG00000287632	ENSG00000287632			TK13	SNV
ENSG00000287636	ENSG00000287636			TK10	SNV
ENSG00000287653	ENSG00000287653			TK91	SNV
ENSG00000287660	ENSG00000287660	TK13	DEL		
ENSG00000287662	ENSG00000287662			TK93	SNV
ENSG00000287664	ENSG00000287664			TK92	SNV
ENSG00000287667	ENSG00000287667			TK14	INDEL
ENSG00000287674	ENSG00000287674	TK92	DEL		
ENSG00000287693	ENSG00000287693			TK10	INDEL
ENSG00000287694	ENSG00000287694			TK10	SNV
ENSG00000287699	ENSG00000287699			TK18	SNV
ENSG00000287700	ENSG00000287700			TK14	SNV
ENSG00000287703	ENSG00000287703			TK92	SNV
ENSG00000287713	ENSG00000287713	TK91	DEL		
ENSG00000287715	ENSG00000287715			TK18	SNV
ENSG00000287722	ENSG00000287722			TK14	SNV
ENSG00000287728	ENSG00000287728			TK92	SNV
ENSG00000287731	ENSG00000287731			TK93	SNV
ENSG00000287740	ENSG00000287740			TK10	SNV
ENSG00000287754	ENSG00000287754			TK10	SNV
ENSG00000287756	ENSG00000287756			TK13	SNV
ENSG00000287757	ENSG00000287757	TK91	DEL		
ENSG00000287772	ENSG00000287772			TK92	SNV
ENSG00000287773	ENSG00000287773			TK16	SNV
ENSG00000287779	ENSG00000287779			TK13	INDEL,SNV
ENSG00000287784	ENSG00000287784			TK10	SNV
ENSG00000287788	ENSG00000287788			TK12	SNV
ENSG00000287796	ENSG00000287796			TK92	SNV
ENSG00000287798	ENSG00000287798			TK92	SNV
ENSG00000287802	ENSG00000287802			TK92	SNV
ENSG00000287806	ENSG00000287806			TK92	SNV
ENSG00000287810	ENSG00000287810	TK13	DEL	TK91	SNV
ENSG00000287828	ENSG00000287828			TK13	SNV
ENSG00000287830	ENSG00000287830			TK13	SNV
ENSG00000287843	ENSG00000287843			TK91	INDEL
ENSG00000287850	ENSG00000287850			TK93	SNV
ENSG00000287853	ENSG00000287853	TK92	DEL		
ENSG00000287856	ENSG00000287856	TK13	DEL		
ENSG00000287869	ENSG00000287869	TK93	DEL		
ENSG00000287886	ENSG00000287886			TK93	SNV
ENSG00000287887	ENSG00000287887	TK18	DEL		
ENSG00000287898	ENSG00000287898			TK16	SNV
ENSG00000287901	ENSG00000287901			TK14	SNV
ENSG00000287913	ENSG00000287913			TK10	SNV
ENSG00000287914	ENSG00000287914			TK92	SNV
ENSG00000287946	ENSG00000287946			TK10	SNV
ENSG00000287956	ENSG00000287956			TK92	SNV
ENSG00000287971	ENSG00000287971			TK10	SNV
ENSG00000287982	ENSG00000287982			TK13	SNV
ENSG00000287983	ENSG00000287983			TK92	SNV
ENSG00000287992	ENSG00000287992			TK10	SNV
ENSG00000287994	ENSG00000287994			TK91	SNV
ENSG00000288003	ENSG00000288003	TK13	DEL		
ENSG00000288005	ENSG00000288005			TK13	SNV
ENSG00000288010	ENSG00000288010			TK10	SNV
ENSG00000288013	ENSG00000288013			TK18	INDEL,SNV
ENSG00000288015	ENSG00000288015			TK93	SNV
ENSG00000288016	ENSG00000288016			TK92	INDEL,SNV
ENSG00000288024	ENSG00000288024	TK92	DEL		
ENSG00000288032	ENSG00000288032	TK13	DEL		
ENSG00000288033	ENSG00000288033	TK91	DEL		
ENSG00000288046	ENSG00000288046			TK13	SNV
ENSG00000288059	ENSG00000288059			TK92	SNV
ENSG00000288072	ENSG00000288072			TK91	SNV
ENSG00000288074	ENSG00000288074			TK91	SNV
ENSG00000288077	ENSG00000288077			TK92	SNV
ENSG00000288089	ENSG00000288089			TK93	SNV
ENSG00000288090	ENSG00000288090			TK16	SNV
ENSG00000288093	ENSG00000288093	TK14	DEL		
ENSG00000288100	ENSG00000288100			TK13	SNV
ENSG00000288111	ENSG00000288111	TK18	DEL		
ENSG00000288262	ENSG00000288262	TK91	DEL		
ENSG00000288520	ENSG00000288520			TK13	SNV
ENSG00000288528	ENSG00000288528			TK92	SNV
ENSG00000288530	ENSG00000288530			TK16	SNV
ENSG00000288536	ENSG00000288536			TK10	SNV
ENSG00000288555	ENSG00000288555			TK92	SNV
ENSG00000288556	ENSG00000288556			TK13	SNV
ENSG00000288566	ENSG00000288566			TK91	INDEL
ENSG00000288570	ENSG00000288570			TK93	SNV
ENSG00000288577	ENSG00000288577			TK10	SNV
ENSG00000288581	ENSG00000288581			TK92	SNV
ENSG00000288583	ENSG00000288583			TK92	SNV
ENSG00000288589	ENSG00000288589			TK18	INDEL
ENSG00000288595	ENSG00000288595			TK92	SNV
ENSG00000288597	ENSG00000288597			TK10	SNV
ENSG00000288620	ENSG00000288620	TK14	DEL		
ENSG00000288626	ENSG00000288626			TK13	INDEL,SNV
ENSG00000288634	ENSG00000288634			TK93	SNV
ENSG00000288644	ENSG00000288644	TK92	DEL		
ENSG00000288670	ENSG00000288670	TK14	DEL		
ENSG00000288671	ENSG00000288671	TK91	DEL		
ENSG00000288690	ENSG00000288690			TK91	SNV
ENSG00000288696	ENSG00000288696			TK92	SNV
ENSG00000288698	ENSG00000288698	TK13	DEL		
ENSG00000288700	ENSG00000288700	TK18	DEL		
ENSG00000288706	ENSG00000288706			TK91	SNV
ENSG00000288726	ENSG00000288726			TK10	SNV
ENSG00000288744	ENSG00000288744	TK14	DEL		
ENSG00000288745	ENSG00000288745	TK93	DEL		
ENSG00000288758	ENSG00000288758			TK12	SNV
ENSG00000288763	ENSG00000288763			TK10	INDEL,SNV
ENSG00000288767	ENSG00000288767	TK14	DEL		
ENSG00000288768	ENSG00000288768			TK13	SNV
ENSG00000288776	ENSG00000288776			TK93	SNV
ENSG00000288782	ENSG00000288782			TK18	SNV
ENSG00000288785	ENSG00000288785	TK92	DEL		
ENSG00000288788	ENSG00000288788	TK91	DEL		
ENSG00000288790	ENSG00000288790			TK13	SNV
ENSG00000288794	ENSG00000288794			TK91	SNV
ENSG00000288795	ENSG00000288795			TK16	SNV
ENSG00000288802	ENSG00000288802			TK18	INDEL,SNV
ENSG00000288809	ENSG00000288809			TK16	SNV
ENSG00000288822	ENSG00000288822			TK18	SNV
ENSG00000288831	ENSG00000288831			TK92	SNV
ENSG00000288841	ENSG00000288841	TK10	DEL		
ENSG00000288846	ENSG00000288846			TK13	SNV
ENSG00000288862	ENSG00000288862			TK10	SNV
ENSG00000288871	ENSG00000288871	TK92	DEL		
ENSG00000288874	ENSG00000288874			TK10	INDEL
ENSG00000288880	ENSG00000288880	TK92	DEL		
ENSG00000288883	ENSG00000288883			TK12	SNV
ENSG00000288885	ENSG00000288885			TK91	SNV
ENSG00000288898	ENSG00000288898			TK92	INDEL,SNV
ENSG00000288901	ENSG00000288901			TK92	SNV
ENSG00000288907	ENSG00000288907	TK93	DEL	TK18	SNV
ENSG00000288929	ENSG00000288929			TK14	SNV
ENSG00000288942	ENSG00000288942	TK91	DEL		
ENSG00000288944	ENSG00000288944	TK91	DEL		
ENSG00000288948	ENSG00000288948			TK93	SNV
ENSG00000288955	ENSG00000288955			TK10	SNV
ENSG00000288970	ENSG00000288970			TK10	SNV
ENSG00000288987	ENSG00000288987			TK92	SNV
ENSG00000288994	ENSG00000288994	TK13	DEL		
ENSG00000289000	ENSG00000289000			TK18	SNV
ENSG00000289008	ENSG00000289008	TK91	DEL	TK10	INDEL,SNV
ENSG00000289009	ENSG00000289009	TK92	DEL		
ENSG00000289014	ENSG00000289014			TK92	SNV
ENSG00000289024	ENSG00000289024			TK92	SNV
ENSG00000289025	ENSG00000289025	TK92	DEL		
ENSG00000289034	ENSG00000289034			TK92	SNV
ENSG00000289035	ENSG00000289035			TK14	SNV
ENSG00000289039	ENSG00000289039			TK93	SNV
ENSG00000289042	ENSG00000289042	TK91	DEL		
ENSG00000289047	ENSG00000289047	TK93	DEL		
ENSG00000289051	ENSG00000289051			TK13	SNV
ENSG00000289054	ENSG00000289054			TK92	SNV
ENSG00000289062	ENSG00000289062			TK18	SNV
ENSG00000289080	ENSG00000289080			TK18	SNV
ENSG00000289084	ENSG00000289084			TK14	SNV
ENSG00000289092	ENSG00000289092	TK92	DEL		
ENSG00000289093	ENSG00000289093			TK13	SNV
ENSG00000289100	ENSG00000289100	TK91	DEL		
ENSG00000289105	ENSG00000289105			TK13	SNV
ENSG00000289106	ENSG00000289106	TK14	DEL	TK18	SNV
ENSG00000289108	ENSG00000289108			TK93	SNV
ENSG00000289115	ENSG00000289115	TK91	DEL		
ENSG00000289117	ENSG00000289117			TK10	INDEL,SNV
ENSG00000289120	ENSG00000289120			TK18	SNV
ENSG00000289131	ENSG00000289131			TK14	SNV
ENSG00000289139	ENSG00000289139			TK93	SNV
ENSG00000289141	ENSG00000289141	TK14	DEL		
ENSG00000289146	ENSG00000289146			TK93	SNV
ENSG00000289150	ENSG00000289150			TK93	SNV
ENSG00000289160	ENSG00000289160			TK18	SNV
ENSG00000289171	ENSG00000289171			TK18	INDEL,SNV
ENSG00000289174	ENSG00000289174			TK13	SNV
ENSG00000289177	ENSG00000289177	TK92	DEL		
ENSG00000289186	ENSG00000289186	TK92	DEL		
ENSG00000289190	ENSG00000289190			TK92	SNV
ENSG00000289192	ENSG00000289192			TK92	SNV
ENSG00000289197	ENSG00000289197			TK92	SNV
ENSG00000289213	ENSG00000289213			TK18	SNV
ENSG00000289214	ENSG00000289214	TK92	DEL		
ENSG00000289221	ENSG00000289221			TK93	SNV
ENSG00000289224	ENSG00000289224			TK92	SNV
ENSG00000289226	ENSG00000289226			TK93	SNV
ENSG00000289227	ENSG00000289227	TK16	DEL		
ENSG00000289237	ENSG00000289237			TK10	SNV
ENSG00000289238	ENSG00000289238	TK92	DEL		
ENSG00000289243	ENSG00000289243			TK92	SNV
ENSG00000289245	ENSG00000289245			TK12	SNV
ENSG00000289254	ENSG00000289254			TK91	SNV
ENSG00000289256	ENSG00000289256			TK18	SNV
ENSG00000289265	ENSG00000289265			TK92	SNV
ENSG00000289272	ENSG00000289272	TK14	DEL		
ENSG00000289273	ENSG00000289273	TK92	DEL		
ENSG00000289275	ENSG00000289275			TK13	SNV
ENSG00000289285	ENSG00000289285	TK13	DEL		
ENSG00000289292	ENSG00000289292	TK14	DEL		
ENSG00000289303	ENSG00000289303			TK16	SNV
ENSG00000289306	ENSG00000289306	TK14	DEL		
ENSG00000289332	ENSG00000289332	TK13	DEL		
ENSG00000289356	ENSG00000289356			TK18	SNV
ENSG00000289358	ENSG00000289358			TK93	SNV
ENSG00000289362	ENSG00000289362			TK91	SNV
ENSG00000289364	ENSG00000289364			TK13	SNV
ENSG00000289367	ENSG00000289367			TK10	SNV
ENSG00000289379	ENSG00000289379			TK93	SNV
ENSG00000289381	ENSG00000289381			TK93	SNV
ENSG00000289384	ENSG00000289384			TK12	SNV
ENSG00000289397	ENSG00000289397			TK10	SNV
ENSG00000289413	ENSG00000289413			TK13	SNV
ENSG00000289418	ENSG00000289418			TK18	SNV
ENSG00000289422	ENSG00000289422			TK93	SNV
ENSG00000289424	ENSG00000289424			TK16	SNV
ENSG00000289428	ENSG00000289428	TK91	DEL	TK18	INDEL,SNV
ENSG00000289430	ENSG00000289430			TK91	SNV
ENSG00000289433	ENSG00000289433			TK14	SNV
ENSG00000289438	ENSG00000289438			TK92	SNV
ENSG00000289442	ENSG00000289442			TK10	SNV
ENSG00000289446	ENSG00000289446	TK92	DEL		
ENSG00000289449	ENSG00000289449			TK13	INDEL
ENSG00000289460	ENSG00000289460			TK10	SNV
ENSG00000289461	ENSG00000289461			TK91	SNV
ENSG00000289468	ENSG00000289468	TK14	DEL		
ENSG00000289472	ENSG00000289472			TK91	SNV
ENSG00000289480	ENSG00000289480	TK92	DEL		
ENSG00000289482	ENSG00000289482			TK92	SNV
ENSG00000289484	ENSG00000289484			TK93	SNV
ENSG00000289487	ENSG00000289487	TK92	DEL		
ENSG00000289491	ENSG00000289491			TK12	SNV
ENSG00000289508	ENSG00000289508	TK13	DEL	TK91	SNV
ENSG00000289518	ENSG00000289518			TK93	SNV
ENSG00000289533	ENSG00000289533			TK91	SNV
ENSG00000289541	ENSG00000289541			TK92	SNV
ENSG00000289543	ENSG00000289543	TK91	DEL		
ENSG00000289550	ENSG00000289550			TK13	SNV
ENSG00000289551	ENSG00000289551			TK18	SNV
ENSG00000289553	ENSG00000289553			TK14	SNV
ENSG00000289577	ENSG00000289577			TK18	SNV
ENSG00000289579	ENSG00000289579			TK18	SNV
ENSG00000289592	ENSG00000289592			TK13	SNV
ENSG00000289595	ENSG00000289595	TK92	DEL		
ENSG00000289608	ENSG00000289608			TK93	SNV
ENSG00000289618	ENSG00000289618			TK92	SNV
ENSG00000289632	ENSG00000289632	TK91	DEL		
ENSG00000289634	ENSG00000289634			TK18	SNV
ENSG00000289635	ENSG00000289635	TK91	DEL		
ENSG00000289636	ENSG00000289636	TK92	DEL	TK92	SNV
ENSG00000289690	ENSG00000289690			TK12	SNV
ENSG00000289715	ENSG00000289715			TK12	SNV
ENSG00000289725	ENSG00000289725	TK92	DEL		
ENSG00000289738	ENSG00000289738	TK14	DEL		
ENSG00000289739	ENSG00000289739			TK14	SNV
ENSG00000289750	ENSG00000289750	TK13	DEL		
ENSG00000289754	ENSG00000289754			TK14	SNV
ENSG00000289764	ENSG00000289764			TK10	SNV
ENSG00000289768	ENSG00000289768			TK13	SNV
ENSG00000289791	ENSG00000289791	TK10	DEL		
ENSG00000289830	ENSG00000289830	TK16	DEL		
ENSG00000289831	ENSG00000289831			TK92	SNV
ENSG00000289841	ENSG00000289841	TK91	DEL		
ENSG00000289845	ENSG00000289845	TK91	DEL		
ENSG00000289847	ENSG00000289847			TK92	SNV
ENSG00000289859	ENSG00000289859			TK93	SNV
ENSG00000289873	ENSG00000289873			TK10	SNV
ENSG00000289874	ENSG00000289874			TK18	SNV
ENSG00000289875	ENSG00000289875	TK92	DEL	TK92	SNV
ENSG00000289879	ENSG00000289879			TK16	SNV
ENSG00000289880	ENSG00000289880			TK13	SNV
ENSG00000289886	ENSG00000289886	TK13	DEL		
ENSG00000289887	ENSG00000289887	TK10	DEL		
ENSG00000289889	ENSG00000289889			TK92	SNV
ENSG00000289893	ENSG00000289893			TK92	SNV
ENSG00000289902	ENSG00000289902			TK93	SNV
ENSG00000289911	ENSG00000289911			TK13	SNV
ENSG00000289936	ENSG00000289936			TK12	SNV
ENSG00000289939	ENSG00000289939	TK92	DEL		
ENSG00000289959	ENSG00000289959			TK18	SNV
ENSG00000289963	ENSG00000289963			TK12	SNV
ENSG00000289968	ENSG00000289968			TK92	INDEL
ENSG00000289974	ENSG00000289974			TK12	SNV
ENSG00000289977	ENSG00000289977	TK91	DEL		
ENSG00000289978	ENSG00000289978			TK10	SNV
ENSG00000289980	ENSG00000289980			TK91	SNV
ENSG00000289987	ENSG00000289987			TK91	SNV
ENSG00000289989	ENSG00000289989			TK93	SNV
ENSG00000289997	ENSG00000289997	TK91	DEL		
ENSG00000290001	ENSG00000290001			TK91	INDEL
ENSG00000290013	ENSG00000290013			TK16	SNV
ENSG00000290014	ENSG00000290014	TK92	DEL	TK93	SNV
ENSG00000290023	ENSG00000290023			TK91	SNV
ENSG00000290028	ENSG00000290028	TK13	DEL		
ENSG00000290034	ENSG00000290034			TK92	SNV
ENSG00000290036	ENSG00000290036			TK92	INDEL,SNV
ENSG00000290040	ENSG00000290040	TK14	DEL	TK18	SNV
ENSG00000290054	ENSG00000290054			TK18	SNV
ENSG00000290055	ENSG00000290055	TK92	DEL		
ENSG00000290056	ENSG00000290056			TK91	SNV
ENSG00000290058	ENSG00000290058	TK16	DEL		
ENSG00000290061	ENSG00000290061	TK93	DEL		
ENSG00000290063	ENSG00000290063			TK18	SNV
ENSG00000290068	ENSG00000290068			TK91	SNV
ENSG00000290078	ENSG00000290078			TK16	SNV
ENSG00000290079	ENSG00000290079			TK92	SNV
ENSG00000290091	ENSG00000290091			TK18	SNV
ENSG00000290094	ENSG00000290094	TK10	DEL		
ENSG00000290099	ENSG00000290099			TK16	SNV
ENSG00000290113	ENSG00000290113			TK10	SNV
ENSG00000290115	ENSG00000290115	TK93	DEL	TK18	SNV
ENSG00000290146	ENSG00000290146	TK16	DEL		
ENSG00000290147	ENSG00000290147			TK14	SNV
ENSG00000290163	ENSG00000290163			TK12	SNV
ENSG00000290166	ENSG00000290166	TK14	DEL		
ENSG00000290180	ENSG00000290180	TK93	DEL		
ENSG00000290217	ENSG00000290217			TK93	SNV
ENSG00000290315	ENSG00000290315	TK92	DEL		
ENSG00000290323	ENSG00000290323			TK92	SNV
ENSG00000290344	ENSG00000290344			TK18	INDEL,SNV
ENSG00000290368	ENSG00000290368	TK92	DEL		
ENSG00000290377	ENSG00000290377	TK14	DEL		
ENSG00000290384	ENSG00000290384			TK10	SNV
ENSG00000290385	ENSG00000290385	TK91	DEL		
ENSG00000290399	ENSG00000290399	TK92	DEL		
ENSG00000290402	ENSG00000290402			TK13	SNV
ENSG00000290411	ENSG00000290411			TK91	SNV
ENSG00000290416	ENSG00000290416	TK92	DEL	TK93	SNV
ENSG00000290423	ENSG00000290423			TK18	SNV
ENSG00000290424	ENSG00000290424			TK92	SNV
ENSG00000290437	ENSG00000290437			TK92	SNV
ENSG00000290450	ENSG00000290450	TK91	DEL		
ENSG00000290461	ENSG00000290461			TK93	SNV
ENSG00000290484	ENSG00000290484	TK91	DEL		
ENSG00000290536	ENSG00000290536			TK92	SNV
ENSG00000290551	ENSG00000290551			TK92	INDEL,SNV
ENSG00000290556	ENSG00000290556			TK93	SNV
ENSG00000290562	ENSG00000290562			TK13	SNV
ENSG00000290563	ENSG00000290563			TK10	SNV
ENSG00000290565	ENSG00000290565			TK92	SNV
ENSG00000290574	ENSG00000290574			TK18	INDEL
ENSG00000290577	ENSG00000290577			TK93	SNV
ENSG00000290579	ENSG00000290579			TK92	SNV
ENSG00000290580	ENSG00000290580			TK91	SNV
ENSG00000290586	ENSG00000290586			TK92	SNV
ENSG00000290589	ENSG00000290589			TK91	SNV
ENSG00000290591	ENSG00000290591			TK18	SNV
ENSG00000290595	ENSG00000290595			TK10	SNV
ENSG00000290599	ENSG00000290599			TK14	INDEL,SNV
ENSG00000290601	ENSG00000290601			TK16	SNV
ENSG00000290606	ENSG00000290606	TK93	DEL	TK16	SNV
ENSG00000290643	ENSG00000290643			TK92	SNV
ENSG00000290647	ENSG00000290647			TK13	SNV
ENSG00000290651	ENSG00000290651			TK91	SNV
ENSG00000290652	ENSG00000290652			TK92	SNV
ENSG00000290677	ENSG00000290677	TK91	DEL		
ENSG00000290680	ENSG00000290680			TK18	SNV
ENSG00000290688	ENSG00000290688			TK92	SNV
ENSG00000290700	ENSG00000290700			TK14	SNV
ENSG00000290702	ENSG00000290702			TK91	INDEL,SNV
ENSG00000290703	ENSG00000290703	TK91	DEL		
ENSG00000290705	ENSG00000290705			TK10	SNV
ENSG00000290734	ENSG00000290734	TK91	DEL	TK92	SNV
ENSG00000290737	ENSG00000290737	TK93	DEL		
ENSG00000290749	ENSG00000290749			TK13	SNV
ENSG00000290766	ENSG00000290766			TK91	SNV
ENSG00000290772	ENSG00000290772	TK92	DEL		
ENSG00000290773	ENSG00000290773			TK13	SNV
ENSG00000290774	ENSG00000290774			TK93	INDEL,SNV
ENSG00000290778	ENSG00000290778	TK91	DEL		
ENSG00000290787	ENSG00000290787			TK92	SNV
ENSG00000290791	ENSG00000290791			TK92	SNV
ENSG00000290793	ENSG00000290793			TK16	SNV
ENSG00000290796	ENSG00000290796			TK92	SNV
ENSG00000290801	ENSG00000290801			TK18	SNV
ENSG00000290812	ENSG00000290812			TK16	SNV
ENSG00000290813	ENSG00000290813	TK91	DEL		
ENSG00000290814	ENSG00000290814	TK91	DEL		
ENSG00000290816	ENSG00000290816	TK13	DEL		
ENSG00000290828	ENSG00000290828			TK92	SNV
ENSG00000290832	ENSG00000290832			TK92	SNV
ENSG00000290834	ENSG00000290834	TK91	DEL		
ENSG00000290841	ENSG00000290841			TK13	SNV
ENSG00000290845	ENSG00000290845			TK13	SNV
ENSG00000290852	ENSG00000290852			TK10	SNV
ENSG00000290855	ENSG00000290855			TK91	SNV
ENSG00000290885	ENSG00000290885	TK91	DEL		
ENSG00000290887	ENSG00000290887			TK92	SNV
ENSG00000290890	ENSG00000290890	TK92	DEL	TK91	SNV
ENSG00000290893	ENSG00000290893	TK92	DEL		
ENSG00000290914	ENSG00000290914			TK92	SNV
ENSG00000290921	ENSG00000290921	TK92	DEL		
ENSG00000290924	ENSG00000290924	TK92	DEL		
ENSG00000290928	ENSG00000290928	TK91	DEL		
ENSG00000290944	ENSG00000290944			TK93	SNV
ENSG00000290984	ENSG00000290984			TK91	SNV
ENSG00000290990	ENSG00000290990			TK16	SNV
ENSG00000290998	ENSG00000290998			TK93	SNV
ENSG00000291018	ENSG00000291018			TK12	SNV
ENSG00000291022	ENSG00000291022			TK92	SNV
ENSG00000291025	ENSG00000291025			TK91	SNV
ENSG00000291041	ENSG00000291041			TK16	SNV
ENSG00000291063	ENSG00000291063	TK91	DEL		
ENSG00000291065	ENSG00000291065			TK93	SNV
ENSG00000291066	ENSG00000291066			TK16	SNV
ENSG00000291068	ENSG00000291068	TK13	DEL		
ENSG00000291130	ENSG00000291130			TK18	SNV
ENSG00000291132	ENSG00000291132			TK10	SNV
ENSG00000291142	ENSG00000291142			TK91	SNV
ENSG00000291176	ENSG00000291176	TK13	DEL		
ENSG00000291179	ENSG00000291179			TK18	SNV
ENSG00000291186	ENSG00000291186			TK14	SNV
ENSG00000291189	ENSG00000291189			TK92	SNV
ENSG00000291199	ENSG00000291199			TK92	SNV
ENSG00000291205	ENSG00000291205	TK18	DEL		
ENSG00000291214	ENSG00000291214			TK92	SNV
ENSG00000291216	ENSG00000291216			TK93	SNV
ENSG00000291225	ENSG00000291225			TK91	SNV
ENSG00000291226	ENSG00000291226			TK93	SNV
ENSG00000291227	ENSG00000291227			TK92	SNV
ENSG00000291228	ENSG00000291228			TK93	SNV
ENSG00000291229	ENSG00000291229	TK91	DEL		
ENSG00000291235	ENSG00000291235			TK92	SNV
ENSG00000291236	ENSG00000291236			TK10	SNV
ENSG00000291242	ENSG00000291242			TK91	SNV
ENSG00000291256	ENSG00000291256			TK12	SNV
ENSG00000291261	ENSG00000291261	TK92	DEL	TK92	SNV
ENSG00000291277	ENSG00000291277			TK92	SNV
ENSG00000291284	ENSG00000291284			TK10	SNV
ENSG00000291285	ENSG00000291285	TK91	DEL	TK92	SNV
ENSG00000291293	ENSG00000291293			TK12	SNV
ENSG00000291295	ENSG00000291295	TK91	DEL		
ENSG00000291308	ENSG00000291308	TK93	DEL	TK91	SNV
ENSG00000291310	ENSG00000291310			TK91	SNV
ENSG00000291312	ENSG00000291312	TK92	DEL		
ENSG00000291325	ENSG00000291325			TK92	INDEL,SNV
ENSG00000291326	ENSG00000291326			TK92	SNV
ENSG00000292271	ENSG00000292271	TK16	DEL		
ENTHD1	ENSG00000176177			TK93	SNV
ENTPD1	ENSG00000138185			TK13	SNV
ENTPD4	ENSG00000197217	TK18	DEL		
ENTPD6	ENSG00000197586	TK14	DEL		
ENTR1	ENSG00000165689	TK91	DEL		
ENTR1P1	ENSG00000256704			TK92	SNV
EPAS1	ENSG00000116016	TK92	DEL		
EPB41	ENSG00000159023	TK13	DEL		
EPM2A-DT	ENSG00000235652	TK14	DEL		
EPN2	ENSG00000072134	TK91	DEL		
EPO	ENSG00000130427	TK13	DEL		
EPOR	ENSG00000187266	TK92	DEL		
EPS15	ENSG00000085832	TK10	DEL		
EPS8L3	ENSG00000198758			TK10	SNV
EPYC	ENSG00000083782			TK10	SNV
ERC1	ENSG00000082805	TK10	DEL		
ERCC4	ENSG00000175595	TK92	DEL		
ERCC6L	ENSG00000186871	TK16	DEL		
ERCC8-AS1	ENSG00000233847			TK92	SNV
ERF	ENSG00000105722	TK18	DEL		
ERICH1	ENSG00000104714	TK18	DEL		
ERICH3	ENSG00000178965			TK13	SNV
ERLIN2	ENSG00000147475	TK14	DEL		
ERLNC1	ENSG00000230550			TK13	SNV
ERN2	ENSG00000134398	TK92	DEL		
ERO1B	ENSG00000086619	TK13	DEL		
ERV3-1	ENSG00000213462	TK93	DEL		
ERVH-1	ENSG00000251292	TK91	DEL		
ESPN	ENSG00000187017			TK13	SNV
ETAA1	ENSG00000143971	TK18	DEL		
EVA1CP1	ENSG00000249563			TK91	SNV
EVA1CP6	ENSG00000251610			TK14	SNV
EVPL	ENSG00000167880	TK91	DEL		
EXOC3	ENSG00000180104	TK16	DEL		
EXOC6	ENSG00000138190	TK14	DEL		
EXOSC1	ENSG00000171311	TK14	DEL		
EXOSC2	ENSG00000130713	TK92	DEL		
EXTL2P1	ENSG00000223976			TK13	SNV
EYA1	ENSG00000104313	TK10	DEL		
F11	ENSG00000088926			TK91	SNV
F7	ENSG00000057593			TK13	SNV
FABP1	ENSG00000163586			TK14	SNV
FABP5P11	ENSG00000240122	TK92	DEL		
FABP5P8	ENSG00000259308			TK10	SNV
FABP7	ENSG00000164434			TK13	SNV
FAH	ENSG00000103876	TK13	DEL		
FAHD2CP	ENSG00000231584	TK13	DEL		
FAIM	ENSG00000158234	TK13	DEL		
FAIM2	ENSG00000135472			TK10	SNV
FAM107A	ENSG00000168309			TK16	SNV
FAM107B	ENSG00000065809	TK13	DEL		
FAM111A	ENSG00000166801	TK14	DEL		
FAM120A2P	ENSG00000204352	TK10	DEL		
FAM120AOS	ENSG00000188938	TK10	DEL		
FAM124B	ENSG00000124019			TK91	SNV
FAM131C2P	ENSG00000232456	TK10	DEL		
FAM133GP	ENSG00000256079			TK91	SNV
FAM136EP	ENSG00000230634			TK91	SNV
FAM151AP1	ENSG00000234805			TK10	SNV
FAM156A	ENSG00000268350	TK91	DEL		
FAM162A	ENSG00000114023	TK14	DEL		
FAM166C	ENSG00000173557			TK13	SNV
FAM169BP	ENSG00000283597			TK10	SNV
FAM170B-AS1	ENSG00000234736			TK93	SNV
FAM171B	ENSG00000144369	TK14	DEL		
FAM172BP	ENSG00000175841			TK14	SNV
FAM174A	ENSG00000174132	TK91	DEL		
FAM174A-DT	ENSG00000247877	TK91	DEL		
FAM187B2P	ENSG00000262497			TK92	SNV
FAM193A	ENSG00000125386	TK10	DEL		
FAM199X	ENSG00000123575	TK93	DEL		
FAM200B	ENSG00000237765			TK16	SNV
FAM204A	ENSG00000165669	TK10	DEL		
FAM204BP	ENSG00000233040	TK10	DEL		
FAM205BP	ENSG00000257198			TK13	SNV
FAM209A	ENSG00000124103	TK92	DEL		
FAM210B	ENSG00000124098	TK14	DEL		
FAM210CP	ENSG00000213770			TK91	SNV
FAM217A	ENSG00000145975	TK16	DEL		
FAM222A-AS1	ENSG00000255650	TK13	DEL		
FAM224A	ENSG00000233522			TK18	INDEL
FAM225B	ENSG00000225684			TK13	SNV
FAM230A	ENSG00000277870			TK93	SNV
FAM230C	ENSG00000279516	TK91	DEL		
FAM240B	ENSG00000283329			TK18	SNV
FAM242E	ENSG00000229697	TK91	DEL		
FAM245B	ENSG00000285662			TK91	SNV
FAM25C	ENSG00000276430			TK92	SNV
FAM25EP	ENSG00000231122			TK12	SNV
FAM25G	ENSG00000189090	TK92	DEL	TK16	SNV
FAM27B	ENSG00000278763	TK91	DEL		
FAM27E5	ENSG00000178130			TK91	SNV
FAM30A	ENSG00000226777			TK14	SNV
FAM30B	ENSG00000277988			TK93	SNV
FAM41C	ENSG00000230368			TK92	SNV
FAM43B	ENSG00000183114			TK13	INDEL,SNV
FAM50A	ENSG00000071859	TK12	DEL		
FAM53B-AS1	ENSG00000233334	TK13	DEL		
FAM66D	ENSG00000255052	TK92	DEL		
FAM72C	ENSG00000263513	TK14	DEL		
FAM74A7	ENSG00000277260			TK14	INDEL,SNV
FAM83A-AS1	ENSG00000204949			TK10	SNV
FAM83A-AS2	ENSG00000253258			TK13	SNV
FAM86EP	ENSG00000251669	TK14	DEL		
FAM8A1	ENSG00000137414	TK10	DEL		
FAM90A10	ENSG00000285950			TK13	SNV
FAM90A24P	ENSG00000215354			TK14	SNV
FAM90A2P	ENSG00000205879	TK92	DEL		
FAM95A	ENSG00000289811			TK91	SNV
FANCD2OS	ENSG00000163705	TK18	DEL		
FANCE	ENSG00000112039	TK16	DEL		
FANCM	ENSG00000187790	TK92	DEL		
FAR2P1	ENSG00000180178			TK14	SNV
FARP1-AS1	ENSG00000231194			TK14	SNV
FARS2	ENSG00000145982	TK14	DEL		
FASLG	ENSG00000117560			TK13	SNV
FAT3	ENSG00000165323			TK10	INDEL
FBLIM1	ENSG00000162458	TK14	DEL		
FBP2P1	ENSG00000237743			TK10	SNV
FBRS	ENSG00000156860	TK93	DEL		
FBRSL1P1	ENSG00000241439			TK91	SNV
FBXL14	ENSG00000171823	TK14	DEL		
FBXL21P	ENSG00000164616			TK13	SNV
FBXO22	ENSG00000167196	TK14	DEL		
FBXO28	ENSG00000143756	TK14	DEL		
FBXO3-DT	ENSG00000254508			TK12	SNV
FBXO41	ENSG00000163013	TK92	DEL		
FBXW5	ENSG00000159069	TK91	DEL		
FBXW9	ENSG00000132004	TK93	DEL		
FCAMR	ENSG00000162897			TK18	SNV
FCAR	ENSG00000186431			TK92	SNV
FCER1G	ENSG00000158869	TK93	DEL		
FCF1P1	ENSG00000227436	TK13	DEL		
FCF1P3	ENSG00000239997			TK91	SNV
FCF1P6	ENSG00000225671			TK92	SNV
FCF1P7	ENSG00000224727			TK10	SNV
FCF1P8	ENSG00000251111			TK91	SNV
FCGR3B	ENSG00000162747			TK13	INDEL,SNV
FCGRT	ENSG00000104870	TK13	DEL		
FCMR	ENSG00000162894	TK91	DEL		
FCN1	ENSG00000085265			TK13	SNV
FCRL6	ENSG00000181036			TK13	SNV
FCRLA	ENSG00000132185	TK93	DEL		
FDPSP5	ENSG00000215035	TK91	DEL		
FDXACB1	ENSG00000255561	TK92	DEL		
FEM1AP1	ENSG00000229231			TK13	SNV
FEM1AP3	ENSG00000217770			TK14	SNV
FEN1	ENSG00000168496			TK10	SNV
FERMT2	ENSG00000073712	TK91	DEL		
FETUB	ENSG00000090512			TK18	SNV
FFAR2	ENSG00000126262			TK14	SNV
FGA	ENSG00000171560			TK13	SNV
FGB	ENSG00000171564			TK13	SNV
FGD3	ENSG00000127084	TK16	DEL		
FGD5-AS1	ENSG00000225733	TK93	DEL		
FGF10	ENSG00000070193			TK93	SNV
FGF10-AS1	ENSG00000248464			TK93	SNV
FGF14-AS1	ENSG00000234445			TK92	INDEL,SNV
FGF19	ENSG00000162344			TK13	SNV
FGF4	ENSG00000075388			TK13	SNV
FGFBP2	ENSG00000137441			TK91	SNV
FGFR3P1	ENSG00000230994	TK92	DEL		
FHIP1A-DT	ENSG00000251611			TK13	SNV
FHL1	ENSG00000022267	TK91	DEL		
FHL1P1	ENSG00000239219			TK16	SNV
FIBCD1-AS1	ENSG00000236658			TK13	SNV
FIBIN	ENSG00000176971	TK92	DEL		
FJX1	ENSG00000179431	TK92	DEL		
FKBP14	ENSG00000106080	TK14	DEL		
FKBP4	ENSG00000004478	TK12	DEL		
FKBP4P1	ENSG00000251463			TK12	SNV
FKBP5	ENSG00000096060	TK12	DEL		
FKBP6	ENSG00000077800			TK92	INDEL
FKBP9P1	ENSG00000291029	TK92;TK92	DEL;DEL		
FKRP	ENSG00000181027	TK18	DEL		
FKTN-AS1	ENSG00000228317			TK92	SNV
FLACC1	ENSG00000155749	TK91	DEL		
FLCN	ENSG00000154803	TK10	DEL		
FLVCR2-AS1	ENSG00000224721			TK92	SNV
FMNL1-AS1	ENSG00000233175	TK12	DEL		
FMO10P	ENSG00000234984			TK91	INDEL,SNV
FMO5	ENSG00000131781	TK92	DEL		
FMO7P	ENSG00000230231			TK93	SNV
FMO9P	ENSG00000290604			TK13	SNV
FMR1	ENSG00000102081	TK13	DEL		
FNBP1L	ENSG00000137942	TK92	DEL		
FNDC3A	ENSG00000102531	TK13	DEL		
FNTAP2	ENSG00000230022			TK92	SNV
FOLR3	ENSG00000110203			TK10	SNV
FOSL2	ENSG00000075426	TK10	DEL		
FOXA2	ENSG00000125798			TK13	SNV
FOXC2	ENSG00000176692			TK93	SNV
FOXC2-AS1	ENSG00000260944			TK93	SNV
FOXD4L4	ENSG00000184659	TK91	DEL		
FOXL2NB	ENSG00000206262			TK91	SNV
FOXN1	ENSG00000109101	TK13	DEL	TK14	SNV
FOXN3-AS2	ENSG00000259073			TK92	SNV
FOXO3B	ENSG00000240445	TK14	DEL		
FOXO6-AS1	ENSG00000229901			TK10	INDEL
FOXP1-DT	ENSG00000270562			TK12	SNV
FOXP4	ENSG00000137166	TK14	DEL		
FOXR2	ENSG00000189299			TK14	SNV
FOXRED1	ENSG00000110074	TK12	DEL		
FOXS1	ENSG00000179772			TK10	SNV
FREM2-AS1	ENSG00000225350			TK92	INDEL
FRG1CP	ENSG00000282826	TK14	DEL		
FRG2FP	ENSG00000232783			TK18	SNV
FRG2KP	ENSG00000290715			TK91	SNV
FRMD8P1	ENSG00000227942	TK91	DEL		
FRMPD2B	ENSG00000150175			TK91	SNV
FRYL	ENSG00000075539	TK91	DEL		
FRZB	ENSG00000162998	TK18	DEL		
FSCB	ENSG00000189139			TK14	SNV
FSCN1P1	ENSG00000261559			TK14	SNV
FTH1P12	ENSG00000213362			TK93	SNV
FTH1P25	ENSG00000232792			TK91	SNV
FTH1P5	ENSG00000230204			TK13	SNV
FTHL18P	ENSG00000243048			TK13	SNV
FTLP5	ENSG00000266989			TK91	INDEL
FTLP6	ENSG00000254984			TK93	SNV
FTLP8	ENSG00000232217	TK18	DEL	TK93	SNV
FTSJ3	ENSG00000108592	TK92	DEL		
FTX	ENSG00000230590			TK92	SNV
FUNDC1	ENSG00000069509	TK91	DEL		
FUNDC2P4	ENSG00000227009			TK92	SNV
FUT11	ENSG00000196968	TK93	DEL		
FUT3	ENSG00000171124	TK91	DEL		
FUT5	ENSG00000130383	TK91	DEL	TK10	SNV
FUT6	ENSG00000156413	TK91	DEL		
FXYD4	ENSG00000150201			TK13	SNV
FYTTD1P1	ENSG00000234502			TK10	SNV
G6PC1	ENSG00000131482			TK10	SNV
G6PC2	ENSG00000152254			TK13	SNV
GABARAP	ENSG00000170296	TK91	DEL	TK14	SNV
GABARAPL3	ENSG00000238244			TK10	SNV
GABPB1	ENSG00000104064	TK14	DEL		
GABRB3	ENSG00000166206			TK93	SNV
GABRE	ENSG00000102287			TK10	SNV
GAD3P	ENSG00000267382			TK92	SNV
GADD45A	ENSG00000116717	TK93	DEL		
GAGE1	ENSG00000205777			TK10	SNV
GAGE12J	ENSG00000224659			TK93	SNV
GAL3ST2	ENSG00000154252	TK91	DEL		
GAL3ST3	ENSG00000175229	TK91	DEL		
GALC	ENSG00000054983	TK14	DEL		
GALK2	ENSG00000156958			TK10	SNV
GALNT1	ENSG00000141429	TK13	DEL		
GALNT10	ENSG00000164574	TK14	DEL		
GALNT6	ENSG00000139629	TK13	DEL		
GALNT7	ENSG00000109586	TK16	DEL		
GALP	ENSG00000197487			TK92	SNV
GALR1	ENSG00000166573			TK13	SNV
GAPDH	ENSG00000111640	TK93	DEL		
GAPDHP21	ENSG00000236993	TK91	DEL		
GAPDHP25	ENSG00000213594			TK92	SNV
GAPDHP31	ENSG00000235868			TK92	SNV
GAPDHP37	ENSG00000231907	TK14	DEL		
GAPDHP38	ENSG00000249210	TK92	DEL		
GAPDHP40	ENSG00000248626			TK93	SNV
GAPDHP43	ENSG00000250130	TK16	DEL		
GAPDHP49	ENSG00000234285			TK91	SNV
GAPDHP51	ENSG00000236973			TK93	SNV
GAPDHP52	ENSG00000235076			TK10	SNV
GAPDHP55	ENSG00000224055			TK93	SNV
GAPDHP59	ENSG00000231739			TK91	SNV
GAPDHP61	ENSG00000248415			TK92	SNV
GAR1-DT	ENSG00000272795			TK18	SNV
GARIN3	ENSG00000170613			TK13	SNV
GARIN4	ENSG00000162771			TK10	SNV
GARIN6	ENSG00000180219			TK13	INDEL,SNV
GARS1-DT	ENSG00000196295	TK92	DEL		
GAS2	ENSG00000148935	TK14	DEL		
GAS2L1P2	ENSG00000228376			TK13	SNV
GASK1B	ENSG00000164125			TK13	INDEL,SNV
GAST	ENSG00000184502			TK13	SNV
GATA3	ENSG00000107485			TK14	SNV
GATA6	ENSG00000141448			TK10	SNV
GATA6-AS1	ENSG00000266010			TK10	SNV
GATD1	ENSG00000177225	TK91	DEL		
GATD1-DT	ENSG00000255284	TK91	DEL		
GATM	ENSG00000171766	TK92	DEL		
GBA2	ENSG00000070610	TK93	DEL		
GBP1	ENSG00000117228	TK92	DEL		
GBP3	ENSG00000117226	TK92	DEL		
GBX2-AS1	ENSG00000233611			TK91	INDEL,SNV
GCG	ENSG00000115263			TK14	SNV
GCKR	ENSG00000084734			TK13	SNV
GCLC	ENSG00000001084	TK16	DEL		
GCLC-AS1	ENSG00000249379	TK16	DEL		
GCLM	ENSG00000023909	TK14	DEL		
GCSHP5	ENSG00000224837	TK14	DEL		
GDE1	ENSG00000006007	TK92	DEL		
GDF6	ENSG00000156466			TK10	SNV
GDF9	ENSG00000164404	TK91	DEL		
GDPD5	ENSG00000158555	TK13	DEL		
GEMIN2P2	ENSG00000235339			TK93	SNV
GEMIN8	ENSG00000046647	TK14	DEL		
GEN1	ENSG00000178295	TK16	DEL		
GFI1B	ENSG00000165702	TK91	DEL		
GFUS	ENSG00000104522	TK92	DEL		
GGCT	ENSG00000006625	TK92	DEL		
GGPS1	ENSG00000152904			TK93	SNV
GGT1	ENSG00000100031	TK10	DEL		
GGT4P	ENSG00000280208	TK91	DEL		
GGTLC4P	ENSG00000230712	TK10	DEL		
GHDC	ENSG00000167925	TK91	DEL		
GHRHR	ENSG00000106128			TK93	SNV
GHRL	ENSG00000157017			TK13	SNV
GIGYF1	ENSG00000146830	TK13	DEL		
GIMD1	ENSG00000250298			TK14	SNV
GIP	ENSG00000159224			TK14	SNV
GJA10	ENSG00000135355			TK10	SNV
GJB1	ENSG00000169562			TK92	SNV
GJB4	ENSG00000189433			TK16	SNV
GJB5	ENSG00000189280			TK91	SNV
GK-IT1	ENSG00000229331			TK18	SNV
GK5	ENSG00000175066	TK13	DEL		
GKN1	ENSG00000169605			TK13	SNV
GLDCP1	ENSG00000248590	TK91	DEL		
GLIS3-AS1	ENSG00000237009			TK93	SNV
GLOD4	ENSG00000167699	TK14	DEL		
GLRX2	ENSG00000023572	TK92	DEL		
GLRX5P2	ENSG00000232879			TK10	INDEL
GLRXP2	ENSG00000258544			TK93	SNV
GLUD1P3	ENSG00000291043	TK93;TK93	DEL;DEL		
GLUL	ENSG00000135821	TK93	DEL		
GLULP3	ENSG00000254572			TK91	SNV
GLULP4	ENSG00000178723			TK16	SNV
GLYATL1	ENSG00000166840			TK14	SNV
GLYATL1B	ENSG00000255151	TK91	DEL		
GLYCAM1	ENSG00000257780			TK14	SNV
GMDS-DT	ENSG00000250903	TK91	DEL		
GMIP	ENSG00000089639	TK16	DEL		
GMPPB	ENSG00000173540	TK92	DEL		
GMPR2	ENSG00000100938	TK91	DEL		
GMPS	ENSG00000163655	TK13	DEL		
GNA11	ENSG00000088256	TK18	DEL		
GNA12	ENSG00000146535	TK10	DEL		
GNA15	ENSG00000060558			TK10	SNV
GNA15-DT	ENSG00000267551			TK10	SNV
GNAO1	ENSG00000087258			TK10	SNV
GNAO1-AS1	ENSG00000261439			TK14	SNV
GNAT2	ENSG00000134183	TK91	DEL		
GNAT3	ENSG00000214415			TK13	SNV
GNAZ	ENSG00000128266	TK91	DEL		
GNB4	ENSG00000114450	TK91	DEL		
GNG14	ENSG00000283980	TK93	DEL		
GNG3	ENSG00000162188	TK92	DEL		
GNG8	ENSG00000167414	TK92	DEL		
GNL3L	ENSG00000130119	TK10	DEL		
GNLY	ENSG00000115523			TK12	SNV
GNPATP	ENSG00000259844			TK18	SNV
GNPDA1	ENSG00000113552	TK10	DEL		
GNPDA2	ENSG00000163281	TK16	DEL		
GNS	ENSG00000135677	TK18	DEL		
GOLGA2P1	ENSG00000205333			TK14	SNV
GOLGA2P5	ENSG00000290571			TK18	SNV
GOLGA2P7	ENSG00000225151			TK92	SNV
GOLGA6A	ENSG00000159289			TK13	SNV
GOLGA6B	ENSG00000215186			TK16	SNV
GOLGA6C	ENSG00000167195	TK91	DEL	TK14	SNV
GOLGA6D	ENSG00000140478	TK91	DEL		
GOLGA6L16P	ENSG00000197092			TK93	SNV
GOLGA6L25	ENSG00000227717			TK14	SNV
GOLGA6L6	ENSG00000277322			TK16	INDEL,SNV
GOLGA8F	ENSG00000153684			TK91	SNV
GOLGA8IP	ENSG00000291004	TK92;TK92	DEL;DEL		
GOLGA8J	ENSG00000179938			TK10	SNV
GOLGA8M	ENSG00000188626			TK93;TK12	SNV;SNV
GOLGA8S	ENSG00000261739			TK10	SNV
GOLGB1	ENSG00000173230	TK92	DEL		
GOT2P2	ENSG00000230849	TK91	DEL		
GPALPP1	ENSG00000133114	TK13	DEL		
GPC1	ENSG00000063660	TK10	DEL		
GPC1-AS1	ENSG00000218416	TK10	DEL		
GPC5-AS1	ENSG00000235984			TK92	SNV
GPC5-IT1	ENSG00000236240			TK14	SNV
GPC6-AS1	ENSG00000236520			TK10	SNV
GPD2	ENSG00000115159	TK91	DEL		
GPHB5	ENSG00000179600			TK18	SNV
GPM6BP3	ENSG00000234121	TK92	DEL		
GPR107	ENSG00000148358	TK13	DEL		
GPR143P	ENSG00000232583			TK18	SNV
GPR15LG	ENSG00000188373			TK16	SNV
GPR160P1	ENSG00000203363			TK91	SNV
GPR173	ENSG00000184194	TK91	DEL		
GPR180	ENSG00000152749	TK16	DEL		
GPR31	ENSG00000120436			TK14	SNV
GPR32P1	ENSG00000269565			TK14	SNV
GPR33	ENSG00000214943			TK13	SNV
GPR45	ENSG00000135973			TK13	SNV
GPR50	ENSG00000102195			TK13	SNV
GPR50-AS1	ENSG00000234696			TK92	SNV
GPR55	ENSG00000135898			TK16	INDEL,SNV
GPR89P	ENSG00000216915	TK92	DEL		
GPRASP1	ENSG00000198932	TK91	DEL		
GPRASP2	ENSG00000158301	TK91	DEL		
GPSM1	ENSG00000160360	TK10	DEL		
GPX5	ENSG00000224586			TK13	SNV
GPX8	ENSG00000164294			TK14	SNV
GRAMD4	ENSG00000075240	TK13	DEL		
GRAMD4P2	ENSG00000235992			TK92	SNV
GRAMD4P7	ENSG00000266242			TK18	SNV
GRAP2	ENSG00000100351			TK13	SNV
GRASLND	ENSG00000228203			TK10	SNV
GREB1	ENSG00000196208	TK91	DEL		
GREB1L	ENSG00000141449			TK91	SNV
GREM1-AS1	ENSG00000259721			TK10	SNV
GRID1-AS1	ENSG00000234942			TK91	SNV
GRIFIN	ENSG00000275572			TK91	SNV
GRIK5	ENSG00000105737	TK91	DEL		
GRIN2B	ENSG00000273079			TK91	SNV
GRIPAP1	ENSG00000068400	TK13	DEL		
GRK3-AS1	ENSG00000234884			TK93	SNV
GRK5	ENSG00000198873	TK91	DEL		
GRK5-IT1	ENSG00000228485	TK91	DEL		
GRM7	ENSG00000196277			TK10	SNV
GRP	ENSG00000134443			TK14	SNV
GRPEL2P2	ENSG00000225814			TK93	SNV
GRPEL2P3	ENSG00000230682			TK14	SNV
GRTP1-AS1	ENSG00000225083			TK92	SNV
GSE1	ENSG00000131149			TK10	SNV
GSR	ENSG00000104687	TK14	DEL		
GSTA1	ENSG00000243955			TK13	SNV
GSTA11P	ENSG00000230375			TK14	SNV
GSTA2	ENSG00000244067			TK10	SNV
GSTA3	ENSG00000174156			TK18	SNV
GSTA4	ENSG00000170899	TK18	DEL		
GSTM2P1	ENSG00000218803			TK92	SNV
GSTM5P1	ENSG00000236062			TK14	SNV
GSTO2	ENSG00000065621	TK14	DEL		
GSX1	ENSG00000169840			TK14	SNV
GSX2	ENSG00000180613			TK13	SNV
GTF2E1	ENSG00000153767	TK16	DEL		
GTF2F2P1	ENSG00000251254			TK93	SNV
GTF2H2C	ENSG00000183474	TK13	DEL		
GTF2H4	ENSG00000213780			TK92	SNV
GTF2H5	ENSG00000272047	TK18	DEL		
GTF2IP14	ENSG00000226002	TK93	DEL		
GTF2IP22	ENSG00000259095	TK91	DEL		
GTF2IP6	ENSG00000266736	TK91	DEL		
GTF2IRD1P1	ENSG00000291206	TK92;TK92	DEL;DEL		
GTF3C4	ENSG00000125484	TK14	DEL		
GTF3C6P3	ENSG00000270196	TK14	DEL	TK10	SNV
GTSCR1	ENSG00000263417			TK12	SNV
GTSF1L	ENSG00000124196			TK18	SNV
GUCY1A1	ENSG00000164116	TK14	DEL		
GUCY2C-AS1	ENSG00000214772	TK91	DEL		
GUCY2D	ENSG00000132518			TK93	SNV
GUCY2GP	ENSG00000243316			TK92	SNV
GUSBP10	ENSG00000224723			TK91	SNV
GUSBP12	ENSG00000169325			TK14	SNV
GUSBP19	ENSG00000275374	TK91	DEL		
GUSBP6	ENSG00000224458			TK10	SNV
GXYLT1	ENSG00000151233	TK14	DEL		
GXYLT1P3	ENSG00000232433			TK91	SNV
GXYLT1P4	ENSG00000275026			TK92	SNV
GXYLT1P6	ENSG00000235310			TK92	SNV
GYG1P2	ENSG00000237099			TK93	SNV
GYG2	ENSG00000056998			TK14	SNV
GYG2P1	ENSG00000206159			TK18	SNV
GYPC	ENSG00000136732	TK18	DEL		
GZMA	ENSG00000145649			TK16	SNV
GZMK	ENSG00000113088			TK10	SNV
H1-3	ENSG00000124575	TK92	DEL		
H19	ENSG00000130600			TK13	SNV
H2AB1	ENSG00000274183			TK93	SNV
H2AC11	ENSG00000196787			TK13	SNV
H2AC14	ENSG00000276368			TK18	INDEL
H2AC21	ENSG00000184270			TK10	SNV
H2AC8	ENSG00000277075	TK92	DEL		
H2AC9P	ENSG00000218281	TK92	DEL		
H2ACP2	ENSG00000223951	TK91	DEL		
H2AL1MP	ENSG00000285944			TK92	SNV
H2AZP2	ENSG00000253173			TK91	SNV
H2BC1	ENSG00000146047			TK13	SNV
H2BC14	ENSG00000273703			TK92	SNV
H2BC16P	ENSG00000217646			TK18	SNV
H2BC17	ENSG00000274641			TK16	SNV
H2BC4	ENSG00000180596			TK10	SNV
H2BP3	ENSG00000240912			TK16	SNV
H2BW1	ENSG00000123569			TK13	SNV
H3C11	ENSG00000275379			TK91	SNV
H3C5P	ENSG00000277720	TK92	DEL		
H3C6	ENSG00000274750	TK92	DEL		
H3C7	ENSG00000277775	TK92	DEL	TK18	SNV
H3C8	ENSG00000273983			TK14	SNV
H3P1	ENSG00000230228			TK91	SNV
H3P25	ENSG00000275506	TK10	DEL	TK93	SNV
H3P3	ENSG00000234202	TK13	DEL		
H3P38	ENSG00000259389	TK13	DEL		
H3P44	ENSG00000226881			TK14	SNV
H4C10P	ENSG00000217862	TK92	DEL		
H4C6	ENSG00000274618	TK92	DEL		
H4C7	ENSG00000275663	TK92	DEL		
H4C9	ENSG00000276180			TK18	SNV
H6PD	ENSG00000049239	TK13	DEL		
HACD1	ENSG00000165996	TK91	DEL		
HACD3	ENSG00000074696	TK18	DEL		
HADH	ENSG00000138796	TK14	DEL		
HAMP	ENSG00000105697	TK91	DEL		
HAP1	ENSG00000173805			TK10	SNV
HAUS1P2	ENSG00000224224			TK92	SNV
HAUS5	ENSG00000249115	TK12	DEL		
HAUS6	ENSG00000147874	TK91	DEL		
HAUS6P2	ENSG00000236121			TK14	SNV
HBA1	ENSG00000206172			TK91	SNV
HBA2	ENSG00000188536			TK93	SNV
HBEGF	ENSG00000113070	TK92	DEL		
HBP1	ENSG00000105856	TK13	DEL		
HBS1L	ENSG00000112339	TK14	DEL		
HCAR1	ENSG00000196917			TK10	SNV
HCCAT5	ENSG00000260880			TK14	SNV
HCCS	ENSG00000004961	TK13	DEL		
HCFC2	ENSG00000111727	TK92	DEL		
HCG11	ENSG00000228223	TK92	DEL		
HCG22	ENSG00000228789	TK92	DEL		
HCK	ENSG00000101336	TK14	DEL		
HDAC10	ENSG00000100429	TK92	DEL		
HDAC1P1	ENSG00000234724			TK92	SNV
HDAC4	ENSG00000068024	TK14	DEL		
HDAC8	ENSG00000147099	TK14	DEL		
HDGFL3	ENSG00000166503			TK92	SNV
HDGFP1	ENSG00000227183	TK91	DEL		
HECTD3	ENSG00000126107	TK91	DEL		
HELLS	ENSG00000119969	TK13	DEL		
HELQ	ENSG00000163312	TK93	DEL		
HEMGN	ENSG00000136929	TK18	DEL		
HEMK1	ENSG00000114735	TK13	DEL		
HEPACAM2	ENSG00000188175	TK91	DEL		
HERC1	ENSG00000103657	TK92	DEL		
HESX1	ENSG00000163666	TK93	DEL		
HEXD	ENSG00000169660	TK12	DEL		
HEY2	ENSG00000135547	TK14	DEL		
HEY2-AS1	ENSG00000237742	TK18	DEL		
HFM1	ENSG00000162669			TK18	SNV
HGF	ENSG00000019991	TK14	DEL		
HHATL-AS1	ENSG00000230970			TK92	SNV
HHEX	ENSG00000152804	TK14	DEL		
HIBCH	ENSG00000198130	TK13	DEL		
HIF1AN	ENSG00000166135	TK12	DEL		
HIF1AP1	ENSG00000258978	TK10	DEL	TK93	SNV
HIGD1AP10	ENSG00000254455			TK93	SNV
HIGD1AP16	ENSG00000219608	TK10	DEL		
HIGD1AP17	ENSG00000258886			TK93	SNV
HIGD1AP6	ENSG00000253229	TK14	DEL		
HIGD2AP1	ENSG00000230047	TK91	DEL		
HIGD2AP2	ENSG00000235695	TK91	DEL		
HINFP	ENSG00000172273	TK18	DEL		
HIP1	ENSG00000127946	TK91	DEL		
HIRIP3	ENSG00000149929	TK91	DEL		
HLA-DPA1	ENSG00000231389	TK16	DEL		
HLA-DPB1	ENSG00000223865	TK10	DEL		
HLA-DQA2	ENSG00000237541	TK13	DEL		
HLA-DQB1-AS1	ENSG00000223534	TK13	DEL		
HLA-DQB2	ENSG00000232629	TK13	DEL		
HLA-DQB3	ENSG00000226030	TK13	DEL	TK13	SNV
HLA-DRA	ENSG00000204287	TK92	DEL		
HLA-DRB5	ENSG00000198502	TK10	DEL		
HLA-DRB6	ENSG00000290878	TK10;TK10	DEL;DEL	TK14;TK92	SNV;SNV
HLA-DRB9	ENSG00000196301	TK92	DEL	TK14	SNV
HLA-P	ENSG00000261548			TK93	SNV
HLA-S	ENSG00000225851	TK92	DEL		
HLA-Z	ENSG00000235301	TK93	DEL		
HLTF	ENSG00000071794	TK92	DEL		
HLTF-AS1	ENSG00000239718	TK92	DEL		
HM13	ENSG00000101294	TK92	DEL		
HM13-AS1	ENSG00000230613	TK92	DEL		
HM13-IT1	ENSG00000235313	TK92	DEL		
HMGA1P6	ENSG00000233440			TK10	SNV
HMGB1P11	ENSG00000230547			TK92	SNV
HMGB1P19	ENSG00000253463			TK14	SNV
HMGB1P20	ENSG00000219163			TK14	SNV
HMGB1P23	ENSG00000253770			TK93	SNV
HMGB1P24	ENSG00000275029	TK13	DEL		
HMGB1P28	ENSG00000249745			TK13	SNV
HMGB1P42	ENSG00000254735			TK91	SNV
HMGB1P50	ENSG00000271237			TK91	SNV
HMGB1P9	ENSG00000224159			TK92	SNV
HMGB2P1	ENSG00000267736			TK91	SNV
HMGB3P1	ENSG00000225336			TK16	SNV
HMGB3P10	ENSG00000223656			TK10	SNV
HMGB3P14	ENSG00000231845			TK91	SNV
HMGB3P26	ENSG00000259428	TK91	DEL		
HMGB3P4	ENSG00000228808			TK10	SNV
HMGB3P5	ENSG00000237642			TK92	SNV
HMGCL	ENSG00000117305	TK10	DEL		
HMGN1P12	ENSG00000247911	TK91	DEL		
HMGN1P2	ENSG00000229046	TK14	DEL		
HMGN1P4	ENSG00000224040			TK92	SNV
HMGN1P8	ENSG00000241120	TK14	DEL	TK91	SNV
HMGN2P19	ENSG00000229367			TK14	SNV
HMGN2P24	ENSG00000229072			TK92	SNV
HMGN2P27	ENSG00000232916	TK14	DEL		
HMGN2P28	ENSG00000236086			TK93	SNV
HMGN2P31	ENSG00000214195			TK18	SNV
HMGN2P38	ENSG00000231726			TK91	SNV
HMGN2P40	ENSG00000260602			TK91	SNV
HMGN2P41	ENSG00000261620			TK16	INDEL
HMGN2P47	ENSG00000259246			TK13	SNV
HMGN2P6	ENSG00000257179			TK13	SNV
HMGXB3	ENSG00000113716	TK10	DEL		
HMHB1	ENSG00000158497			TK92	INDEL
HMX1	ENSG00000215612			TK16	SNV
HNF4A	ENSG00000101076			TK92	SNV
HNRNPA1P1	ENSG00000218347			TK92	SNV
HNRNPA1P24	ENSG00000241947			TK13	SNV
HNRNPA1P25	ENSG00000231206			TK92	SNV
HNRNPA1P3	ENSG00000226188			TK14	SNV
HNRNPA1P32	ENSG00000213778			TK91	SNV
HNRNPA1P34	ENSG00000213049			TK92	SNV
HNRNPA1P38	ENSG00000253605	TK10	DEL		
HNRNPA1P47	ENSG00000236695			TK12	SNV
HNRNPA1P53	ENSG00000229534			TK10	SNV
HNRNPA1P60	ENSG00000233497			TK13	SNV
HNRNPA1P62	ENSG00000259228			TK93	SNV
HNRNPA1P66	ENSG00000229221	TK91	DEL		
HNRNPA3P14	ENSG00000224494			TK13	SNV
HNRNPA3P15	ENSG00000225636			TK92	SNV
HNRNPABP1	ENSG00000255734			TK13	INDEL,SNV
HNRNPCL4	ENSG00000179412	TK92	DEL		
HNRNPD-DT	ENSG00000272677	TK92	DEL		
HNRNPDLP2	ENSG00000234890	TK91	DEL	TK14	SNV
HNRNPMP2	ENSG00000269576			TK13	SNV
HNRNPUP1	ENSG00000259051	TK91	DEL		
HOGA1	ENSG00000241935	TK91	DEL		
HOPX	ENSG00000171476	TK91	DEL		
HORMAD1	ENSG00000143452			TK16	SNV
HORMAD2	ENSG00000176635			TK92	SNV
HOTTIP	ENSG00000243766			TK12	INDEL
HOXA2	ENSG00000105996			TK13	SNV
HOXB-AS4	ENSG00000242207			TK14	SNV
HOXB1	ENSG00000120094			TK14	SNV
HOXC10	ENSG00000180818			TK13	SNV
HOXC12	ENSG00000123407			TK13	SNV
HOXC13-AS	ENSG00000249641			TK14	SNV
HOXC6	ENSG00000197757			TK92	SNV
HOXC8	ENSG00000037965			TK10	INDEL
HPF1	ENSG00000056050	TK13	DEL		
HRAT17	ENSG00000234520			TK91	SNV
HRH1	ENSG00000196639			TK91	SNV
HRH3	ENSG00000101180	TK92	DEL	TK13	SNV
HRNR	ENSG00000197915	TK92	DEL		
HRURF	ENSG00000288677			TK91	SNV
HS3ST3B1	ENSG00000125430	TK10	DEL		
HS6ST1	ENSG00000136720	TK18	DEL		
HS6ST2	ENSG00000171004			TK10	SNV
HSBP1	ENSG00000230989			TK13	SNV
HSBP1P2	ENSG00000166530			TK91	SNV
HSCB	ENSG00000100209	TK12	DEL		
HSD11B2	ENSG00000176387			TK18	SNV
HSD17B3-AS1	ENSG00000232283			TK18	SNV
HSD17B7P2	ENSG00000290439			TK92	SNV
HSD3B2	ENSG00000203859			TK92	INDEL
HSD3BP1	ENSG00000187481			TK14	SNV
HSDL1	ENSG00000103160	TK10	DEL		
HSFY1P1	ENSG00000290408	TK92;TK92	DEL;DEL		
HSP90AA6P	ENSG00000181359			TK91	SNV
HSPA4	ENSG00000170606	TK13	DEL		
HSPA6	ENSG00000173110	TK92	DEL		
HSPB2	ENSG00000170276	TK92	DEL		
HSPB2-C11orf52	ENSG00000254445	TK92	DEL		
HSPD1P10	ENSG00000216990			TK92	SNV
HSPD1P12	ENSG00000255964			TK93	INDEL,SNV
HSPD1P13	ENSG00000255403			TK92	SNV
HSPD1P16	ENSG00000218792			TK92	SNV
HSPD1P3	ENSG00000255128			TK92	SNV
HSPD1P7	ENSG00000215005			TK10	SNV
HSPE1P14	ENSG00000271612			TK10	SNV
HSPE1P28	ENSG00000230081			TK92	SNV
HSPE1P6	ENSG00000232917	TK92	DEL		
HTATSF1P1	ENSG00000223457			TK92	SNV
HTN1	ENSG00000126550			TK93	SNV
HTN3	ENSG00000205649			TK92	SNV
HTR1B	ENSG00000135312			TK13	INDEL
HTR1DP1	ENSG00000275811	TK10	DEL		
HTR1E	ENSG00000168830			TK92	SNV
HTR2A	ENSG00000102468			TK92	SNV
HTR3B	ENSG00000149305			TK14	SNV
HTR3C2P	ENSG00000233576			TK13	SNV
HTR3D	ENSG00000186090			TK13	SNV
HTR3E	ENSG00000186038			TK92	INDEL,SNV
HTR5BP	ENSG00000125631			TK91	SNV
HTR7	ENSG00000148680			TK91	INDEL,SNV
HUS1	ENSG00000136273	TK16	DEL		
HYAL4	ENSG00000106302			TK91	SNV
IAH1	ENSG00000134330	TK14	DEL		
IARS2P1	ENSG00000251563			TK12	SNV
IBTK	ENSG00000005700	TK92	DEL		
ICAM2	ENSG00000108622	TK92	DEL		
ICE2P2	ENSG00000242705			TK91	SNV
ID1	ENSG00000125968	TK92	DEL		
ID2	ENSG00000115738	TK92	DEL		
IDH2-DT	ENSG00000259685	TK93	DEL		
IDH3B	ENSG00000101365	TK93	DEL		
IFFO1	ENSG00000010295	TK10	DEL		
IFI27	ENSG00000165949	TK10	DEL		
IFIH1	ENSG00000115267	TK16	DEL		
IFIT5	ENSG00000152778	TK12	DEL		
IFIT6P	ENSG00000224289			TK13	SNV
IFITM3	ENSG00000142089	TK10	DEL		
IFITM3P3	ENSG00000196114			TK10	SNV
IFITM3P4	ENSG00000230191			TK13	SNV
IFITM3P5	ENSG00000238168			TK91	SNV
IFITM3P6	ENSG00000258352			TK13	SNV
IFITM8P	ENSG00000215096			TK91	SNV
IFITM9P	ENSG00000213275			TK91	SNV
IFNA14	ENSG00000228083			TK13	SNV
IFNA17	ENSG00000234829			TK13	SNV
IFNA20P	ENSG00000226393			TK18	SNV
IFNA21	ENSG00000137080			TK91	SNV
IFNA4	ENSG00000236637			TK14	SNV
IFNAR1	ENSG00000142166	TK92	DEL		
IFNB1	ENSG00000171855			TK10	SNV
IFNGR1	ENSG00000027697	TK14	DEL		
IFNGR2	ENSG00000159128	TK92	DEL		
IFNL2	ENSG00000183709			TK14	SNV
IFNL3	ENSG00000197110			TK14	SNV
IFNL3P1	ENSG00000268510			TK10	SNV
IFNL4	ENSG00000272395			TK13	SNV
IFNW1	ENSG00000177047			TK91	SNV
IFT122P1	ENSG00000250939			TK91	SNV
IFT46	ENSG00000118096	TK13	DEL		
IFT57	ENSG00000114446	TK16	DEL		
IGBP1C	ENSG00000266826			TK92	SNV
IGBP1P4	ENSG00000250325	TK92	DEL		
IGF2-AS	ENSG00000099869			TK14	SNV
IGF2BP1	ENSG00000159217			TK10	SNV
IGF2BP2	ENSG00000073792	TK10	DEL		
IGF2BP3	ENSG00000136231	TK10	DEL		
IGFBP1	ENSG00000146678			TK13	SNV
IGFBP7	ENSG00000163453	TK13	DEL		
IGFBP7-AS1	ENSG00000245067	TK13	DEL		
IGFL1	ENSG00000188293			TK14	SNV
IGHD2-21	ENSG00000211912			TK18	SNV
IGHD3-16	ENSG00000211917			TK12	SNV
IGHD5-12	ENSG00000211921			TK10	SNV
IGHD6-19	ENSG00000211914			TK12	SNV
IGHV1-2	ENSG00000211934			TK13	SNV
IGHV1-46	ENSG00000211962			TK13	SNV
IGHV1-67	ENSG00000253274	TK10	DEL		
IGHV1-69D	ENSG00000280411	TK10	DEL	TK16	SNV
IGHV1OR15-2	ENSG00000259337			TK13	SNV
IGHV1OR15-9	ENSG00000188403			TK13	SNV
IGHV1OR16-1	ENSG00000261704			TK13	SNV
IGHV2-26	ENSG00000211951			TK13	SNV
IGHV2-70	ENSG00000274576	TK10	DEL	TK16	SNV
IGHV3-11	ENSG00000211941			TK14	SNV
IGHV3-15	ENSG00000211943			TK91	SNV
IGHV3-21	ENSG00000211947			TK13	SNV
IGHV3-35	ENSG00000211957			TK13	SNV
IGHV3-53	ENSG00000211967			TK13	SNV
IGHV3-71	ENSG00000254056	TK10	DEL	TK13	SNV
IGHV3-72	ENSG00000225698			TK16	SNV
IGHV3OR16-13	ENSG00000271178			TK12	SNV
IGHV3OR16-6	ENSG00000270864			TK14	SNV
IGHV4-39	ENSG00000211959			TK13	SNV
IGHV4-55	ENSG00000254395			TK16	INDEL,SNV
IGHV4-59	ENSG00000224373			TK13	SNV
IGHV4-61	ENSG00000211970			TK10	SNV
IGHV7-81	ENSG00000211979			TK16	SNV
IGHVII-30-21	ENSG00000283607			TK93	INDEL
IGHVII-33-1	ENSG00000254203			TK13	SNV
IGHVII-40-1	ENSG00000253294			TK92	SNV
IGHVII-60-1	ENSG00000254329			TK10	SNV
IGHVII-67-1	ENSG00000253820	TK10	DEL		
IGHVIII-38-1	ENSG00000253989			TK10	SNV
IGHVIII-67-2	ENSG00000254036	TK10	DEL		
IGHVIII-67-3	ENSG00000253635	TK10	DEL		
IGHVIII-67-4	ENSG00000254052	TK10	DEL		
IGKV1-13	ENSG00000253497			TK10	SNV
IGKV1-22	ENSG00000253578	TK16	DEL		
IGKV1-27	ENSG00000244575	TK16	DEL		
IGKV1-8	ENSG00000240671			TK13	SNV
IGKV1-9	ENSG00000241755			TK13	SNV
IGKV1D-13	ENSG00000276566			TK10	INDEL,SNV
IGKV1D-17	ENSG00000242766			TK13	SNV
IGKV1D-27	ENSG00000224607			TK13	SNV
IGKV1D-32	ENSG00000253191	TK10	DEL		
IGKV1D-33	ENSG00000239975	TK10	DEL		
IGKV1D-35	ENSG00000232747	TK10	DEL		
IGKV1D-42	ENSG00000211633			TK13	SNV
IGKV1D-43	ENSG00000242580			TK14	SNV
IGKV1OR-3	ENSG00000204776	TK91	DEL		
IGKV1OR2-118	ENSG00000270999	TK10	DEL	TK14	SNV
IGKV2-10	ENSG00000253278			TK14	SNV
IGKV2-23	ENSG00000253625	TK16	DEL		
IGKV2-24	ENSG00000241294	TK16	DEL		
IGKV2-26	ENSG00000254098	TK16	DEL		
IGKV2-28	ENSG00000244116	TK16	DEL		
IGKV2-29	ENSG00000253998	TK16	DEL		
IGKV2-30	ENSG00000243238	TK16	DEL	TK13	SNV
IGKV2D-24	ENSG00000241566			TK13	SNV
IGKV2D-26	ENSG00000211623			TK13	SNV
IGKV2OR22-3	ENSG00000253460			TK14	SNV
IGKV3-25	ENSG00000253202	TK16	DEL		
IGKV3-7	ENSG00000243063			TK13	SNV
IGKV3D-20	ENSG00000211625			TK12	SNV
IGKV3D-31	ENSG00000253999	TK10	DEL		
IGKV3D-34	ENSG00000253501	TK10	DEL		
IGKV6-21	ENSG00000211611	TK16	DEL		
IGLC1	ENSG00000211675			TK18	SNV
IGLC4	ENSG00000254029			TK93	SNV
IGLCOR22-2	ENSG00000271093			TK93	SNV
IGLJ1	ENSG00000211674			TK14	SNV
IGLJ2	ENSG00000211676			TK10	INDEL,SNV
IGLV1-36	ENSG00000211655			TK14	SNV
IGLV10-54	ENSG00000211642			TK13	SNV
IGLV2-11	ENSG00000211668			TK92	SNV
IGLV2-14	ENSG00000211666			TK13	SNV
IGLV3-10	ENSG00000211669			TK92	SNV
IGLV3-19	ENSG00000211663			TK16	SNV
IGLV3-31	ENSG00000253920			TK92	SNV
IGLV5-37	ENSG00000211654			TK14	SNV
IGLV7-43	ENSG00000211652			TK16	SNV
IGLV8OR8-1	ENSG00000215177			TK14	SNV
IGLVI-42	ENSG00000254175			TK14	SNV
IGLVI-56	ENSG00000253126			TK14	SNV
IGLVI-63	ENSG00000253752			TK13	SNV
IGLVIV-59	ENSG00000254308			TK16	SNV
IGLVV-58	ENSG00000253637			TK13	SNV
IGSF3P1	ENSG00000279124	TK91	DEL		
IKBKB	ENSG00000104365	TK13	DEL		
IL10RB	ENSG00000243646	TK92	DEL		
IL10RB-DT	ENSG00000223799	TK92	DEL		
IL12RB1	ENSG00000096996	TK13	DEL		
IL13RA2	ENSG00000123496			TK91	SNV
IL17A	ENSG00000112115			TK13	SNV
IL17F	ENSG00000112116			TK12	SNV
IL17RA	ENSG00000177663	TK18	DEL		
IL17RD	ENSG00000144730	TK93	DEL		
IL18RAP	ENSG00000115607			TK10	SNV
IL1R2	ENSG00000115590			TK14	SNV
IL1RL2	ENSG00000115598			TK91	INDEL,SNV
IL2	ENSG00000109471			TK13	SNV
IL20	ENSG00000162891			TK10	SNV
IL20RA	ENSG00000016402	TK93	DEL		
IL22RA2	ENSG00000164485			TK13	SNV
IL27	ENSG00000197272			TK91	SNV
IL2RA	ENSG00000134460	TK13	DEL		
IL33	ENSG00000137033			TK18	SNV
IL5RA	ENSG00000091181	TK18	DEL		
IL6R-AS1	ENSG00000228013	TK92	DEL		
IL6STP1	ENSG00000227018	TK14	DEL		
IL9RP2	ENSG00000232420	TK91	DEL		
ILRUNP1	ENSG00000227513			TK92	SNV
IMMP1LP3	ENSG00000271098			TK91	SNV
IMP3P2	ENSG00000239722			TK92	SNV
IMPA1	ENSG00000133731	TK14	DEL		
IMPDH1P11	ENSG00000261647			TK91	SNV
ING2	ENSG00000168556	TK91	DEL		
INGX	ENSG00000243468			TK13	SNV
INHBA-AS1	ENSG00000224116			TK13	SNV
INO80-AS1	ENSG00000259521			TK93	SNV
INO80B-WBP1	ENSG00000274049	TK93	DEL		
INPP1	ENSG00000151689	TK16	DEL		
INPP5E	ENSG00000148384	TK10	DEL		
INS	ENSG00000254647			TK13	SNV
INSM2	ENSG00000168348			TK92	SNV
INTS11	ENSG00000127054	TK92	DEL		
INTS12	ENSG00000138785	TK18	DEL		
INTS15	ENSG00000146576	TK14	DEL		
INTS4P1	ENSG00000290545	TK93	DEL		
INTS5	ENSG00000185085	TK92	DEL		
IP6K2	ENSG00000068745	TK91	DEL		
IPMKP1	ENSG00000226507			TK92	SNV
IPO13	ENSG00000117408	TK93	DEL		
IPO4	ENSG00000196497			TK18	SNV
IPPK	ENSG00000127080	TK12	DEL		
IPPKP1	ENSG00000225585			TK91	SNV
IQCB1	ENSG00000173226	TK14	DEL		
IQCE	ENSG00000106012	TK13	DEL		
IQCF3	ENSG00000229972	TK91	DEL		
IQCF4P	ENSG00000224792	TK91	DEL		
IQCF5	ENSG00000214681			TK14	SNV
IQCF6	ENSG00000214686	TK91	DEL	TK14	SNV
IREB2	ENSG00000136381	TK14	DEL		
IRF7	ENSG00000185507	TK91	DEL		
IRF9	ENSG00000213928	TK93	DEL		
IRGC	ENSG00000124449			TK13	SNV
IRS3P	ENSG00000184414	TK13	DEL		
IRX2	ENSG00000170561			TK18	SNV
IRX2-DT	ENSG00000186493			TK18	SNV
IRX4	ENSG00000113430			TK14	INDEL,SNV
IRX6	ENSG00000159387			TK13	SNV
ISCA2P1	ENSG00000226912			TK12	SNV
ISCU	ENSG00000136003	TK91	DEL		
ISG20L2	ENSG00000143319	TK18	DEL		
ISY1	ENSG00000240682	TK10	DEL		
ITFG2-AS1	ENSG00000258325	TK12	DEL		
ITGA6-AS1	ENSG00000232788	TK16	DEL		
ITGB1	ENSG00000150093	TK14	DEL		
ITGB2	ENSG00000160255	TK92	DEL		
ITIH4	ENSG00000055955			TK92	INDEL
ITPA	ENSG00000125877	TK14	DEL		
ITPKB-IT1	ENSG00000228382	TK13	DEL		
ITPKC	ENSG00000086544	TK92	DEL		
ITSN2	ENSG00000198399	TK12	DEL		
IVD	ENSG00000128928	TK16	DEL		
IVL	ENSG00000163207			TK13	SNV
IZUMO1R	ENSG00000183560			TK91	SNV
JADE2	ENSG00000043143	TK10	DEL		
JAKMIP1-DT	ENSG00000249896			TK10	SNV
JAZF1	ENSG00000153814	TK12	DEL		
JCHAINP1	ENSG00000253655			TK92	SNV
JDP2	ENSG00000140044	TK14	DEL		
JTBP1	ENSG00000233603	TK13	DEL	TK93	SNV
KAAG1	ENSG00000146049			TK92	SNV
KANTR	ENSG00000232593	TK91	DEL		
KAT2A	ENSG00000108773	TK92	DEL		
KBTBD11-AS1	ENSG00000253764			TK18	SNV
KBTBD11-OT1	ENSG00000283239	TK93	DEL		
KBTBD3	ENSG00000182359	TK13	DEL		
KCNAB1	ENSG00000169282			TK16	SNV
KCNE2	ENSG00000159197			TK10	SNV
KCNE3	ENSG00000175538			TK10	SNV
KCNH2	ENSG00000055118	TK13	DEL		
KCNH7	ENSG00000184611			TK92	SNV
KCNH7-AS1	ENSG00000237750			TK12	SNV
KCNIP1-OT1	ENSG00000253647			TK93	SNV
KCNJ15	ENSG00000157551			TK14	SNV
KCNJ16	ENSG00000153822			TK18	INDEL,SNV
KCNJ9	ENSG00000162728	TK91	DEL		
KCNK16	ENSG00000095981			TK13	SNV
KCNK17	ENSG00000124780			TK14	SNV
KCNK18	ENSG00000186795			TK13	SNV
KCNK4	ENSG00000182450			TK14	SNV
KCNMA1-AS3	ENSG00000225652			TK91	INDEL,SNV
KCNMB2-AS1	ENSG00000237978	TK14	DEL		
KCNMB3P1	ENSG00000239435	TK92	DEL		
KCNN1	ENSG00000105642	TK92	DEL		
KCNQ1	ENSG00000053918	TK13	DEL		
KCNQ1DN	ENSG00000237941			TK93	SNV
KCNS2	ENSG00000156486			TK91	SNV
KCP	ENSG00000135253			TK14	SNV
KCTD10	ENSG00000110906	TK10	DEL		
KCTD13-DT	ENSG00000247735	TK91	DEL		
KCTD18	ENSG00000155729	TK93	DEL		
KCTD20	ENSG00000112078	TK10	DEL		
KCTD7	ENSG00000243335	TK92	DEL		
KCTD8	ENSG00000183783	TK93	DEL		
KDELR3	ENSG00000100196	TK92	DEL		
KDM5B	ENSG00000117139	TK10	DEL		
KDM5C-IT1	ENSG00000235262	TK18	DEL		
KDR	ENSG00000128052			TK13	SNV
KEAP1	ENSG00000079999	TK91	DEL		
KHDC1	ENSG00000135314	TK14	DEL		
KHDC1-AS1	ENSG00000229852	TK14	DEL		
KHK	ENSG00000138030	TK13	DEL		
KHNYN	ENSG00000100441	TK93	DEL		
KIAA0319L	ENSG00000142687	TK16	DEL		
KIAA0895LP1	ENSG00000264714			TK92	INDEL
KIAA1210	ENSG00000250423	TK92	DEL		
KIAA1522	ENSG00000162522	TK93	DEL		
KIF14	ENSG00000118193	TK91	DEL		
KIF18A	ENSG00000121621	TK92	DEL		
KIF1C-AS1	ENSG00000227495	TK13	DEL		
KIF25-AS1	ENSG00000229921			TK18	SNV
KIF2C	ENSG00000142945	TK14	DEL		
KIF5C	ENSG00000168280			TK91	SNV
KIF7	ENSG00000166813	TK93	DEL		
KIR2DP1	ENSG00000242473			TK14	SNV
KIR3DL1	ENSG00000167633			TK13	SNV
KIRREL1-IT1	ENSG00000226520			TK93	SNV
KIRREL3	ENSG00000149571	TK14	DEL		
KIRREL3-AS2	ENSG00000254960			TK92	SNV
KISS1	ENSG00000170498			TK10	SNV
KLC1-AS1	ENSG00000246451	TK10	DEL		
KLC2-AS1	ENSG00000254855			TK16	SNV
KLF1	ENSG00000105610	TK91	DEL		
KLF11	ENSG00000172059	TK92	DEL		
KLF17	ENSG00000171872			TK93	SNV
KLF17P1	ENSG00000258316			TK91	SNV
KLF2	ENSG00000127528	TK92	DEL		
KLF2-DT	ENSG00000267275			TK91	SNV
KLF2P4	ENSG00000236516			TK18	SNV
KLHL15	ENSG00000174010	TK14	DEL		
KLHL20	ENSG00000076321	TK14	DEL		
KLHL21	ENSG00000162413	TK91	DEL		
KLHL24	ENSG00000114796	TK10	DEL		
KLHL29	ENSG00000119771	TK10	DEL		
KLHL30-AS1	ENSG00000279484			TK14	INDEL,SNV
KLHL40	ENSG00000157119			TK13	SNV
KLHL6-AS1	ENSG00000242522	TK18	DEL		
KLK11	ENSG00000167757			TK13	SNV
KLK3	ENSG00000142515			TK14	SNV
KLK4	ENSG00000167749			TK14	SNV
KLK5	ENSG00000167754			TK13	SNV
KLK7	ENSG00000169035			TK13	SNV
KLK9	ENSG00000213022			TK91	INDEL
KLRK1-AS1	ENSG00000245648			TK10	SNV
KMT2CP1	ENSG00000278273			TK92	SNV
KMT2CP2	ENSG00000276756			TK91	SNV
KMT2CP3	ENSG00000274927			TK92	SNV
KMT2E	ENSG00000005483	TK18	DEL		
KMT5AP1	ENSG00000279730	TK91	DEL		
KMT5B	ENSG00000110066	TK10	DEL		
KNCN	ENSG00000162456			TK10	SNV
KNOP1P5	ENSG00000250563			TK12	SNV
KNTC1	ENSG00000184445	TK18	DEL		
KPNA4	ENSG00000186432	TK13	DEL		
KPNA4P1	ENSG00000213754			TK92	SNV
KPRP	ENSG00000203786			TK14	SNV
KPTN	ENSG00000118162	TK93	DEL		
KRAS	ENSG00000133703	TK14	DEL		
KRASP1	ENSG00000220635			TK93	SNV
KRBOX4	ENSG00000147121	TK14	DEL		
KRBOX5	ENSG00000197302	TK14	DEL		
KRR1	ENSG00000111615	TK92	DEL		
KRR1P1	ENSG00000237672	TK13	DEL		
KRT1	ENSG00000167768			TK13	SNV
KRT12	ENSG00000187242			TK92	SNV
KRT126P	ENSG00000257402			TK14	SNV
KRT14	ENSG00000186847	TK13	DEL		
KRT16	ENSG00000186832	TK13	DEL	TK13	SNV
KRT17	ENSG00000128422	TK13	DEL		
KRT17P1	ENSG00000131885			TK92	SNV
KRT17P5	ENSG00000205266			TK13	SNV
KRT17P6	ENSG00000231645			TK92	SNV
KRT17P7	ENSG00000205215			TK14	SNV
KRT18P16	ENSG00000235275			TK13	SNV
KRT18P17	ENSG00000213943			TK10	SNV
KRT18P18	ENSG00000261764			TK91	SNV
KRT18P23	ENSG00000215333			TK14	SNV
KRT18P24	ENSG00000226234			TK92	SNV
KRT18P25	ENSG00000249064			TK13	SNV
KRT18P31	ENSG00000249850	TK13	DEL		
KRT18P33	ENSG00000214533			TK92	SNV
KRT18P49	ENSG00000214720			TK13	SNV
KRT18P5	ENSG00000236670	TK13	DEL		
KRT18P52	ENSG00000237007			TK16	INDEL
KRT18P54	ENSG00000250834			TK18	SNV
KRT18P62	ENSG00000233471			TK92	SNV
KRT18P7	ENSG00000258951	TK14	DEL		
KRT19P3	ENSG00000249681			TK92	SNV
KRT19P6	ENSG00000249891			TK91	SNV
KRT222	ENSG00000213424			TK12	SNV
KRT27	ENSG00000171446			TK13	SNV
KRT3	ENSG00000186442			TK13	SNV
KRT31	ENSG00000094796			TK13	INDEL
KRT34	ENSG00000131737			TK13	SNV
KRT35	ENSG00000197079			TK13	SNV
KRT36	ENSG00000126337			TK13	SNV
KRT38	ENSG00000171360			TK13	SNV
KRT4	ENSG00000170477			TK14	SNV
KRT40	ENSG00000204889			TK13	SNV
KRT71	ENSG00000139648			TK14	SNV
KRT74	ENSG00000170484			TK13	SNV
KRT76	ENSG00000185069			TK14	SNV
KRT77	ENSG00000189182			TK13	SNV
KRT79	ENSG00000185640			TK13	SNV
KRT84	ENSG00000161849			TK14	SNV
KRT8P13	ENSG00000241416			TK13	SNV
KRT8P20	ENSG00000227404			TK13	SNV
KRT8P28	ENSG00000223810			TK13	SNV
KRT8P29	ENSG00000236430	TK92	DEL		
KRT8P36	ENSG00000240668			TK14	SNV
KRT8P37	ENSG00000213771			TK13	SNV
KRT8P4	ENSG00000248231			TK13	SNV
KRT8P41	ENSG00000213538			TK92	SNV
KRT8P43	ENSG00000218186			TK92	SNV
KRT8P44	ENSG00000227913			TK93	SNV
KRT8P45	ENSG00000224520			TK18	SNV
KRT8P46	ENSG00000248971	TK91	DEL		
KRT8P47	ENSG00000271647			TK14	SNV
KRT8P52	ENSG00000232479			TK92	SNV
KRTAP1-1	ENSG00000188581			TK13	SNV
KRTAP11-1	ENSG00000182591			TK18	SNV
KRTAP12-3	ENSG00000205439			TK13	SNV
KRTAP12-4	ENSG00000212933			TK13	SNV
KRTAP13-4	ENSG00000186971			TK14	SNV
KRTAP16-1	ENSG00000212657			TK13	SNV
KRTAP17-1	ENSG00000186860			TK13	SNV
KRTAP19-4	ENSG00000186967			TK13	SNV
KRTAP2-1	ENSG00000212725			TK14	SNV
KRTAP22-1	ENSG00000186924			TK14	SNV
KRTAP27-1	ENSG00000206107			TK13	SNV
KRTAP3-2	ENSG00000212900			TK13	SNV
KRTAP4-1	ENSG00000198443			TK13	SNV
KRTAP4-11	ENSG00000212721			TK13	SNV
KRTAP4-12	ENSG00000213416			TK13	SNV
KRTAP4-2	ENSG00000244537			TK13	SNV
KRTAP4-9	ENSG00000212722			TK13	SNV
KRTAP5-2	ENSG00000205867			TK14	SNV
KRTAP5-3	ENSG00000196224			TK13	SNV
KRTAP5-5	ENSG00000185940			TK13	SNV
KRTAP5-6	ENSG00000205864			TK14	SNV
KRTAP9-1	ENSG00000240542			TK13	SNV
KRTAP9-3	ENSG00000204873			TK14	SNV
KRTAP9-4	ENSG00000241595			TK14	SNV
KRTAP9-8	ENSG00000187272			TK13	SNV
KRTDAP	ENSG00000188508			TK14	SNV
KTI12	ENSG00000198841	TK14	DEL		
KXD1	ENSG00000105700			TK10	SNV
KYAT1	ENSG00000171097	TK13	DEL		
KYNUP3	ENSG00000263206	TK91	DEL		
L1TD1	ENSG00000240563			TK14	SNV
L2HGDH	ENSG00000087299	TK13	DEL		
LACTB2-AS1	ENSG00000246366	TK91	DEL		
LAMA5	ENSG00000130702	TK92	DEL		
LAMA5-AS1	ENSG00000228812	TK92	DEL		
LAMC1-AS1	ENSG00000224468	TK10	DEL		
LAMP3	ENSG00000078081	TK91	DEL		
LAMTOR3	ENSG00000109270	TK10	DEL		
LAMTOR5P1	ENSG00000236646	TK92	DEL		
LAPTM4A-DT	ENSG00000223734	TK93	DEL		
LAPTM5	ENSG00000162511	TK10	DEL		
LARGE-AS1	ENSG00000224973	TK10	DEL		
LARGE-IT1	ENSG00000232081	TK10	DEL		
LARP1B	ENSG00000138709	TK14	DEL		
LARP7P3	ENSG00000265698			TK91	SNV
LASP1	ENSG00000002834	TK10	DEL		
LAT	ENSG00000213658	TK91	DEL		
LBHD1	ENSG00000162194	TK92	DEL		
LBP	ENSG00000129988			TK14	SNV
LCA5	ENSG00000135338	TK92	DEL		
LCE5A	ENSG00000186207			TK10	SNV
LCLAT1	ENSG00000172954	TK92	DEL		
LCN1P2	ENSG00000204031			TK10	SNV
LCN2	ENSG00000148346			TK14	SNV
LCN9	ENSG00000148386			TK18	SNV
LCP2	ENSG00000043462	TK14	DEL		
LDHAL6EP	ENSG00000270098			TK93	SNV
LDHAL6FP	ENSG00000217783			TK92	SNV
LDHAP1	ENSG00000251587			TK93	SNV
LDHBP1	ENSG00000232662			TK92	INDEL
LEAP2	ENSG00000164406	TK91	DEL		
LEF1	ENSG00000138795	TK18	DEL		
LEF1-AS1	ENSG00000232021	TK18	DEL		
LEFTY1	ENSG00000243709			TK14	SNV
LEMD1-AS1	ENSG00000226235			TK92	INDEL
LEMD2	ENSG00000161904	TK18	DEL		
LEPROTL1	ENSG00000104660	TK91	DEL		
LEUTX	ENSG00000213921	TK92	DEL	TK10	SNV
LGALS13	ENSG00000105198			TK91	SNV
LGALS16	ENSG00000249861			TK13	SNV
LGALS7B	ENSG00000178934			TK13	SNV
LGR5	ENSG00000139292			TK14	SNV
LHX2	ENSG00000106689			TK10	SNV
LHX5-AS1	ENSG00000257935			TK16	SNV
LIG3	ENSG00000005156	TK14	DEL		
LILRA5	ENSG00000187116	TK10	DEL		
LILRP1	ENSG00000186152	TK91	DEL		
LILRP2	ENSG00000170858	TK91	DEL		
LIM2	ENSG00000105370			TK14	SNV
LIMD1	ENSG00000144791	TK16	DEL		
LIMD1-AS1	ENSG00000230530	TK16	DEL		
LIME1	ENSG00000203896	TK91	DEL		
LIMS1	ENSG00000169756	TK16	DEL		
LIMS1-AS1	ENSG00000228763	TK13	DEL		
LIN28AP1	ENSG00000213120			TK13	SNV
LIN37	ENSG00000267796	TK18	DEL		
LINC00028	ENSG00000233354	TK92	DEL		
LINC00114	ENSG00000223806			TK10	SNV
LINC00207	ENSG00000187012			TK14	SNV
LINC00269	ENSG00000215162			TK91	SNV
LINC00276	ENSG00000230448			TK16	SNV
LINC00279	ENSG00000286217			TK10	SNV
LINC00301	ENSG00000181995	TK13	DEL		
LINC00303	ENSG00000176754			TK10	SNV
LINC00324	ENSG00000178977	TK91	DEL		
LINC00342	ENSG00000232931	TK91	DEL		
LINC00348	ENSG00000226846			TK10	SNV
LINC00349	ENSG00000231238			TK93	SNV
LINC00364	ENSG00000230040			TK14	INDEL
LINC00379	ENSG00000229557			TK92	SNV
LINC00381	ENSG00000226240	TK91	DEL		
LINC00382	ENSG00000229175			TK10	SNV
LINC00395	ENSG00000231061			TK14	SNV
LINC00410	ENSG00000231674			TK13	SNV
LINC00415	ENSG00000231983			TK91	SNV
LINC00440	ENSG00000234660			TK18	SNV
LINC00456	ENSG00000233124			TK10	SNV
LINC00475	ENSG00000225511			TK10	SNV
LINC00477	ENSG00000197503			TK12	SNV
LINC00486	ENSG00000230876	TK91	DEL		
LINC00489	ENSG00000225759			TK10	SNV
LINC00498	ENSG00000248397			TK91	INDEL,SNV
LINC00502	ENSG00000224851			TK92	SNV
LINC00513	ENSG00000233559	TK91	DEL		
LINC00518	ENSG00000183674			TK13	SNV
LINC00536	ENSG00000249917			TK93	SNV
LINC00540	ENSG00000276476			TK10	SNV
LINC00543	ENSG00000260704			TK93	SNV
LINC00570	ENSG00000224177	TK91	DEL		
LINC00575	ENSG00000231782	TK92	DEL		
LINC00578	ENSG00000228221			TK14	SNV
LINC00581	ENSG00000280989			TK93	SNV
LINC00602	ENSG00000281832			TK13	SNV
LINC00616	ENSG00000248307			TK16	SNV
LINC00620	ENSG00000224514			TK18	SNV
LINC00628	ENSG00000280924			TK14	SNV
LINC00642	ENSG00000233208			TK92	SNV
LINC00665	ENSG00000232677	TK93	DEL		
LINC00676	ENSG00000234854			TK10	SNV
LINC00687	ENSG00000228422			TK14	INDEL,SNV
LINC00700	ENSG00000234962			TK13	SNV
LINC00703	ENSG00000224382			TK10	SNV
LINC00706	ENSG00000281186			TK10	SNV
LINC00709	ENSG00000230014			TK93	SNV
LINC00836	ENSG00000280809			TK92	SNV
LINC00844	ENSG00000237949			TK10	SNV
LINC00867	ENSG00000232139	TK10	DEL		
LINC00868	ENSG00000267535			TK92	SNV
LINC00885	ENSG00000224652			TK14	SNV
LINC00901	ENSG00000242385			TK18	SNV
LINC00905	ENSG00000167459			TK13	SNV
LINC00910	ENSG00000188825	TK91	DEL		
LINC00917	ENSG00000168367			TK13	SNV
LINC00924	ENSG00000259134			TK13	SNV
LINC00930	ENSG00000258647			TK10	SNV
LINC00958	ENSG00000251381	TK18	DEL		
LINC00972	ENSG00000225128			TK14	SNV
LINC01004	ENSG00000228393	TK18	DEL		
LINC01012	ENSG00000281706	TK92	DEL		
LINC01016	ENSG00000249346			TK92	SNV
LINC01017	ENSG00000250716			TK13	SNV
LINC01050	ENSG00000271216			TK10	SNV
LINC01052	ENSG00000234767			TK91	SNV
LINC01053	ENSG00000238169			TK18	SNV
LINC01067	ENSG00000236053			TK91	SNV
LINC01070	ENSG00000260102			TK18	SNV
LINC01075	ENSG00000230142			TK91	SNV
LINC01078	ENSG00000223880			TK92	SNV
LINC01079	ENSG00000229609			TK93	SNV
LINC01087	ENSG00000224559			TK13	SNV
LINC01100	ENSG00000242107			TK92	SNV
LINC01109	ENSG00000271167			TK18	SNV
LINC01120	ENSG00000223631	TK12	DEL		
LINC01121	ENSG00000205054			TK16	SNV
LINC01124	ENSG00000222033			TK10	SNV
LINC01128	ENSG00000228794	TK13	DEL		
LINC01145	ENSG00000272419	TK92	DEL	TK92	SNV
LINC01150	ENSG00000229671			TK16	SNV
LINC01162	ENSG00000232790			TK10	SNV
LINC01163	ENSG00000280953			TK10	SNV
LINC01168	ENSG00000240707			TK92	SNV
LINC01173	ENSG00000280744			TK10	SNV
LINC01176	ENSG00000281404	TK14	DEL		
LINC01224	ENSG00000269416			TK93	INDEL
LINC01255	ENSG00000267252			TK10	SNV
LINC01281	ENSG00000235304			TK13	INDEL
LINC01283	ENSG00000234191			TK12	SNV
LINC01288	ENSG00000254344			TK10	SNV
LINC01291	ENSG00000204792			TK16	SNV
LINC01298	ENSG00000253351			TK10	SNV
LINC01326	ENSG00000244321			TK13	SNV
LINC01327	ENSG00000241669			TK91	SNV
LINC01339	ENSG00000248555	TK91	DEL		
LINC01343	ENSG00000237290			TK16	SNV
LINC01350	ENSG00000228309			TK92	SNV
LINC01357	ENSG00000224167			TK92	SNV
LINC01362	ENSG00000230817			TK10	SNV
LINC01386	ENSG00000251324			TK93	SNV
LINC01424	ENSG00000236519	TK92	DEL		
LINC01447	ENSG00000236078			TK10	SNV
LINC01448	ENSG00000238284			TK93	SNV
LINC01451	ENSG00000279141			TK92	SNV
LINC01474	ENSG00000236849			TK13	SNV
LINC01485	ENSG00000254211	TK16	DEL		
LINC01495	ENSG00000255323			TK14	SNV
LINC01498	ENSG00000247213	TK91	DEL		
LINC01503	ENSG00000233901	TK10	DEL		
LINC01506	ENSG00000234506			TK93	SNV
LINC01513	ENSG00000246016			TK13	SNV
LINC01519	ENSG00000237267			TK92	SNV
LINC01520	ENSG00000230962			TK10	SNV
LINC01526	ENSG00000224995			TK13	SNV
LINC01531	ENSG00000205786			TK13	SNV
LINC01532	ENSG00000267014			TK13	SNV
LINC01533	ENSG00000267779			TK10	SNV
LINC01546	ENSG00000228459			TK10	INDEL
LINC01555	ENSG00000180869			TK13	SNV
LINC01556	ENSG00000204709			TK91	SNV
LINC01559	ENSG00000180861			TK14	SNV
LINC01563	ENSG00000236819			TK16	INDEL,SNV
LINC01569	ENSG00000262468	TK91	DEL		
LINC01571	ENSG00000260057			TK91	SNV
LINC01580	ENSG00000258785			TK18	SNV
LINC01594	ENSG00000225328			TK93	SNV
LINC01596	ENSG00000250666			TK93	SNV
LINC01597	ENSG00000205611	TK92	DEL		
LINC01610	ENSG00000237643			TK93	SNV
LINC01613	ENSG00000261432			TK92	SNV
LINC01614	ENSG00000230838			TK92	SNV
LINC01623	ENSG00000225595	TK91	DEL		
LINC01624	ENSG00000227508			TK92	SNV
LINC01625	ENSG00000238099			TK92	SNV
LINC01629	ENSG00000258602			TK10	SNV
LINC01654	ENSG00000261781			TK13	SNV
LINC01665	ENSG00000235343	TK92	DEL		
LINC01668	ENSG00000283051			TK16	SNV
LINC01671	ENSG00000225431			TK93	SNV
LINC01673	ENSG00000234052			TK91	SNV
LINC01674	ENSG00000228159			TK18	SNV
LINC01683	ENSG00000233480			TK92	SNV
LINC01686	ENSG00000261504	TK14	DEL		
LINC01688	ENSG00000227181	TK14	DEL		
LINC01692	ENSG00000226983			TK92	SNV
LINC01702	ENSG00000235200			TK91	SNV
LINC01712	ENSG00000231364			TK93	SNV
LINC01724	ENSG00000227421	TK91	DEL		
LINC01736	ENSG00000228058			TK12	SNV
LINC01739	ENSG00000229537			TK10	SNV
LINC01740	ENSG00000228067			TK93	SNV
LINC01745	ENSG00000225919			TK91	SNV
LINC01753	ENSG00000230250			TK18	SNV
LINC01758	ENSG00000229639			TK92	SNV
LINC01764	ENSG00000267308			TK92	SNV
LINC01776	ENSG00000226053			TK92	SNV
LINC01780	ENSG00000232650			TK10	SNV
LINC01786	ENSG00000230415	TK92	DEL		
LINC01787	ENSG00000231987			TK93	SNV
LINC01797	ENSG00000237179			TK92	SNV
LINC01805	ENSG00000223863	TK12	DEL		
LINC01813	ENSG00000229805			TK92	SNV
LINC01822	ENSG00000229621			TK13	SNV
LINC01827	ENSG00000234919			TK93	SNV
LINC01828	ENSG00000235885			TK91	SNV
LINC01837	ENSG00000267489			TK92	SNV
LINC01840	ENSG00000230215			TK92	SNV
LINC01842	ENSG00000267147			TK93	INDEL,SNV
LINC01844	ENSG00000236714			TK92	SNV
LINC01848	ENSG00000254106			TK91	SNV
LINC01849	ENSG00000234988			TK93	SNV
LINC01858	ENSG00000261615	TK13	DEL	TK92	SNV
LINC01859	ENSG00000261558	TK13	DEL		
LINC01872	ENSG00000268318			TK10	SNV
LINC01876	ENSG00000226383			TK93	SNV
LINC01880	ENSG00000232002			TK91	SNV
LINC01888	ENSG00000237576			TK93	INDEL
LINC01894	ENSG00000264345			TK10	SNV
LINC01895	ENSG00000259256			TK16	SNV
LINC01898	ENSG00000261194			TK18	SNV
LINC01920	ENSG00000236049			TK93	SNV
LINC01925	ENSG00000264265			TK10	SNV
LINC01932	ENSG00000253315			TK18	SNV
LINC01936	ENSG00000235997			TK92	SNV
LINC01938	ENSG00000254066			TK92	SNV
LINC01945	ENSG00000236485			TK91	SNV
LINC01947	ENSG00000254130			TK92	SNV
LINC01951	ENSG00000204754			TK13	SNV
LINC01958	ENSG00000283436			TK93	SNV
LINC01960	ENSG00000260868			TK92	SNV
LINC01965	ENSG00000256637			TK92	SNV
LINC01971	ENSG00000278200			TK18	SNV
LINC01972	ENSG00000230401			TK13	SNV
LINC01975	ENSG00000263312			TK93	SNV
LINC01996	ENSG00000261863			TK10	SNV
LINC02002	ENSG00000263609			TK91	SNV
LINC02004	ENSG00000240006			TK18	SNV
LINC02009	ENSG00000283646	TK13	DEL		
LINC02013	ENSG00000228730			TK10	SNV
LINC02037	ENSG00000238097			TK92	SNV
LINC02045	ENSG00000243347			TK92	SNV
LINC02052	ENSG00000224406			TK91	SNV
LINC02056	ENSG00000248371			TK92	SNV
LINC02087	ENSG00000237057	TK14	DEL	TK10	SNV
LINC02089	ENSG00000226364			TK92	SNV
LINC02111	ENSG00000250822			TK13	SNV
LINC02125	ENSG00000250514			TK18	SNV
LINC02126	ENSG00000259847			TK92	SNV
LINC02127	ENSG00000261637			TK10	SNV
LINC02144	ENSG00000248708			TK92	SNV
LINC02146	ENSG00000249490			TK10	SNV
LINC02151	ENSG00000236437			TK13	SNV
LINC02154	ENSG00000235385			TK12	SNV
LINC02159	ENSG00000253417	TK92	DEL		
LINC02166	ENSG00000260259	TK91	DEL		
LINC02168	ENSG00000261703			TK92	SNV
LINC02181	ENSG00000232190			TK92	SNV
LINC02186	ENSG00000261856			TK92	SNV
LINC02193	ENSG00000260923			TK18	SNV
LINC02194	ENSG00000260264			TK92	SNV
LINC02199	ENSG00000250198			TK91	SNV
LINC02214	ENSG00000251311			TK10	INDEL,SNV
LINC02216	ENSG00000249551			TK93	INDEL
LINC02224	ENSG00000249203	TK91	DEL		
LINC02238	ENSG00000223479			TK92	SNV
LINC02246	ENSG00000281903			TK10	SNV
LINC02252	ENSG00000261304			TK93	SNV
LINC02258	ENSG00000257912			TK91	SNV
LINC02264	ENSG00000229565			TK93	SNV
LINC02269	ENSG00000250708	TK92	DEL		
LINC02272	ENSG00000251283			TK92	SNV
LINC02275	ENSG00000248319	TK13	DEL	TK92	SNV
LINC02282	ENSG00000257056			TK10	SNV
LINC02283	ENSG00000248184			TK10	SNV
LINC02287	ENSG00000258499			TK18	SNV
LINC02295	ENSG00000258511			TK91	SNV
LINC02303	ENSG00000258616			TK93	SNV
LINC02304	ENSG00000259110			TK16	INDEL,SNV
LINC02305	ENSG00000258532			TK92	SNV
LINC02307	ENSG00000258969			TK92	INDEL,SNV
LINC02318	ENSG00000258390			TK93	SNV
LINC02319	ENSG00000258694			TK91	SNV
LINC02321	ENSG00000258884	TK13	DEL		
LINC02322	ENSG00000258556			TK16	SNV
LINC02323	ENSG00000259230			TK91	SNV
LINC02326	ENSG00000257523			TK93	SNV
LINC02327	ENSG00000258038			TK92	SNV
LINC02336	ENSG00000271395			TK13	SNV
LINC02341	ENSG00000283554			TK93	SNV
LINC02342	ENSG00000280580			TK91	SNV
LINC02346	ENSG00000206187			TK92	SNV
LINC02359	ENSG00000284848			TK10	INDEL
LINC02369	ENSG00000256551			TK16	SNV
LINC02376	ENSG00000256292			TK10	SNV
LINC02400	ENSG00000257784			TK12	SNV
LINC02402	ENSG00000257510			TK12	SNV
LINC02404	ENSG00000257893			TK13	SNV
LINC02409	ENSG00000257920			TK10	SNV
LINC02411	ENSG00000256022			TK91	SNV
LINC02416	ENSG00000257924			TK93	SNV
LINC02418	ENSG00000214039			TK92	SNV
LINC02426	ENSG00000257747			TK12	SNV
LINC02429	ENSG00000251266			TK91	SNV
LINC02431	ENSG00000248872			TK92	SNV
LINC02439	ENSG00000255814			TK13	SNV
LINC02443	ENSG00000256115			TK13	SNV
LINC02444	ENSG00000258123	TK91	DEL		
LINC02448	ENSG00000257230			TK13	SNV
LINC02449	ENSG00000215241	TK13	DEL		
LINC02454	ENSG00000256268			TK92	SNV
LINC02455	ENSG00000256672			TK93	SNV
LINC02457	ENSG00000258018			TK13	SNV
LINC02463	ENSG00000257683			TK92	SNV
LINC02468	ENSG00000256499			TK93	SNV
LINC02477	ENSG00000249425	TK91	DEL		
LINC02493	ENSG00000250819			TK10	SNV
LINC02517	ENSG00000249145			TK13	SNV
LINC02524	ENSG00000233534			TK12	SNV
LINC02526	ENSG00000229654			TK92	SNV
LINC02529	ENSG00000234777			TK16	SNV
LINC02535	ENSG00000234155			TK91	SNV
LINC02553	ENSG00000255039			TK91	SNV
LINC02554	ENSG00000226741			TK10	SNV
LINC02557	ENSG00000225413			TK10	SNV
LINC02567	ENSG00000237552			TK12	SNV
LINC02576	ENSG00000232613	TK13	DEL		
LINC02577	ENSG00000228742	TK13	DEL		
LINC02578	ENSG00000235201			TK13	SNV
LINC02596	ENSG00000233431			TK10	SNV
LINC02598	ENSG00000256155			TK13	SNV
LINC02600	ENSG00000250986			TK93	SNV
LINC02601	ENSG00000223714			TK10	SNV
LINC02612	ENSG00000224048			TK91	SNV
LINC02620	ENSG00000225768	TK93	DEL		
LINC02625	ENSG00000233643			TK92	SNV
LINC02627	ENSG00000229466			TK92	SNV
LINC02635	ENSG00000283000			TK92	SNV
LINC02640	ENSG00000233590			TK10	SNV
LINC02645	ENSG00000234170			TK10	SNV
LINC02650	ENSG00000233945			TK18	SNV
LINC02652	ENSG00000237128			TK10	SNV
LINC02654	ENSG00000226140			TK10	SNV
LINC02660	ENSG00000226005			TK91	SNV
LINC02663	ENSG00000228636			TK92	SNV
LINC02679	ENSG00000226676			TK92	SNV
LINC02681	ENSG00000229649			TK91	SNV
LINC02684	ENSG00000255512			TK10	SNV
LINC02687	ENSG00000255267			TK10	SNV
LINC02688	ENSG00000254872			TK10	SNV
LINC02692	ENSG00000198454			TK13	SNV
LINC02693	ENSG00000212719			TK10	SNV
LINC02704	ENSG00000255079			TK16	SNV
LINC02706	ENSG00000255344			TK91	SNV
LINC02707	ENSG00000255427			TK12	SNV
LINC02711	ENSG00000255183			TK93	SNV
LINC02721	ENSG00000255133			TK92	SNV
LINC02725	ENSG00000273415			TK13	SNV
LINC02731	ENSG00000204241			TK16	SNV
LINC02736	ENSG00000279243	TK93	DEL		
LINC02740	ENSG00000255109			TK92	SNV
LINC02751	ENSG00000254946			TK91	SNV
LINC02760	ENSG00000254516			TK92	SNV
LINC02772	ENSG00000271736			TK16	SNV
LINC02778	ENSG00000238242			TK14	SNV
LINC02783	ENSG00000204362	TK16	DEL		
LINC02793	ENSG00000285823			TK91	SNV
LINC02798	ENSG00000227082	TK91	DEL		
LINC02805	ENSG00000232265			TK10	SNV
LINC02832	ENSG00000227308			TK91	SNV
LINC02843	ENSG00000228189			TK13	SNV
LINC02849	ENSG00000285768			TK10	SNV
LINC02853	ENSG00000259245			TK10	SNV
LINC02855	ENSG00000254209			TK93	SNV
LINC02856	ENSG00000285594			TK12	SNV
LINC02857	ENSG00000230852			TK91	SNV
LINC02862	ENSG00000237571			TK92	INDEL
LINC02868	ENSG00000203864			TK91	SNV
LINC02872	ENSG00000204446			TK93	SNV
LINC02876	ENSG00000227011			TK13	SNV
LINC02893	ENSG00000269994	TK13	DEL		
LINC02894	ENSG00000261437			TK13	SNV
LINC02915	ENSG00000175746			TK14	SNV
LINC02917	ENSG00000239941			TK10	SNV
LINC02932	ENSG00000243144			TK92	SNV
LINC02936	ENSG00000227359			TK92	SNV
LINC02946	ENSG00000287036			TK14	SNV
LINC02952	ENSG00000255606			TK92	INDEL
LINC02963	ENSG00000255652			TK92	SNV
LINC02975	ENSG00000224307			TK92	SNV
LINC02987	ENSG00000267575	TK14	DEL		
LINC03003	ENSG00000290496			TK93	SNV
LINC03012	ENSG00000226770			TK93	SNV
LINC03025	ENSG00000234394			TK92	SNV
LINC03034	ENSG00000259772	TK91	DEL		
LINC03037	ENSG00000230952	TK91	DEL	TK91	SNV
LINC03061	ENSG00000275216			TK10	SNV
LINC03074	ENSG00000251249			TK93	SNV
LINC03075	ENSG00000229301			TK93	SNV
LINGO4	ENSG00000213171			TK10	SNV
LIPC-AS1	ENSG00000259293			TK93	SNV
LIPF	ENSG00000182333			TK13	SNV
LIPG	ENSG00000101670	TK13	DEL		
LIPH	ENSG00000163898	TK91	DEL		
LIPM	ENSG00000173239			TK13	SNV
LIPN	ENSG00000204020			TK13	SNV
LKAAEAR1	ENSG00000171695	TK10	DEL		
LL22NC01-81G9.3	ENSG00000215403			TK91	SNV
LLCFC1	ENSG00000165131			TK13	SNV
LMBRD2	ENSG00000164187	TK14	DEL		
LMF1	ENSG00000103227	TK10	DEL		
LMLN	ENSG00000185621	TK16	DEL		
LMNTD2	ENSG00000185522	TK91	DEL		
LMNTD2-AS1	ENSG00000254815	TK91	DEL		
LMO7DN-IT1	ENSG00000223458			TK92	SNV
LMX1A	ENSG00000162761			TK14	SNV
LMX1A-AS2	ENSG00000224702			TK10	SNV
LNCPRESS2	ENSG00000249152			TK93	SNV
LNPEP	ENSG00000113441	TK16	DEL		
LNPK	ENSG00000144320	TK10	DEL		
LNX1-AS1	ENSG00000250930			TK92	SNV
LONRF2P4	ENSG00000258415			TK10	SNV
LONRF3	ENSG00000175556	TK92	DEL		
LORICRIN	ENSG00000203782			TK13	SNV
LPAL2	ENSG00000213071			TK91	SNV
LPCAT1	ENSG00000153395	TK10	DEL		
LPIN1	ENSG00000134324	TK91	DEL		
LRFN3	ENSG00000126243	TK92	DEL		
LRIG2	ENSG00000198799	TK14	DEL		
LRIG3	ENSG00000139263	TK92	DEL		
LRIT1	ENSG00000148602			TK14	SNV
LRIT2	ENSG00000204033			TK14	SNV
LRP6	ENSG00000070018	TK92	DEL		
LRRC10B	ENSG00000204950			TK14	SNV
LRRC15	ENSG00000172061			TK14	SNV
LRRC18	ENSG00000165383			TK13	SNV
LRRC34P1	ENSG00000256371			TK92	SNV
LRRC36	ENSG00000159708			TK13	SNV
LRRC37A11P	ENSG00000214553			TK14;TK14	SNV;SNV
LRRC37A13P	ENSG00000257101			TK13	SNV
LRRC37A15P	ENSG00000230069	TK91	DEL		
LRRC37A5P	ENSG00000204173			TK13	SNV
LRRC37BP1	ENSG00000250462	TK91	DEL	TK92	SNV
LRRC3B-AS1	ENSG00000225386			TK91	SNV
LRRC43	ENSG00000158113			TK91	SNV
LRRC4B	ENSG00000131409	TK10	DEL		
LRRC52	ENSG00000162763			TK13	SNV
LRRC56	ENSG00000161328	TK91	DEL		
LRRC59	ENSG00000108829	TK13	DEL		
LRRC61	ENSG00000127399	TK13	DEL		
LRRC73	ENSG00000204052			TK13	SNV
LRRC75B	ENSG00000178026	TK10	DEL		
LRRC8A	ENSG00000136802	TK14	DEL		
LRRN1	ENSG00000175928	TK13	DEL		
LRRN4CL	ENSG00000177363	TK92	DEL		
LRRTM1	ENSG00000162951			TK14	SNV
LRRTM3	ENSG00000198739			TK18	SNV
LRRTM4-AS1	ENSG00000234653			TK18	SNV
LSM1	ENSG00000175324	TK14	DEL		
LSM3P3	ENSG00000225787			TK93	INDEL
LSM3P5	ENSG00000260014			TK91	SNV
LSM4	ENSG00000130520	TK12	DEL		
LSM5	ENSG00000106355	TK91	DEL		
LSM7	ENSG00000130332	TK13	DEL		
LSP1	ENSG00000130592	TK16	DEL		
LSP1P1	ENSG00000269099			TK93	SNV
LSR	ENSG00000105699	TK14	DEL		
LTBP3	ENSG00000168056	TK93	DEL		
LTBR	ENSG00000111321	TK10	DEL		
LTF	ENSG00000012223			TK13	SNV
LTO1P1	ENSG00000251008			TK10	SNV
LTV1P1	ENSG00000250219			TK92	SNV
LUM	ENSG00000139329			TK13	SNV
LY6E	ENSG00000160932	TK93	DEL		
LY6E-DT	ENSG00000247317	TK93	DEL		
LY6G6C	ENSG00000204421			TK10	SNV
LY6L	ENSG00000261667			TK13	SNV
LYPD2	ENSG00000197353			TK10	SNV
LYPD3	ENSG00000124466			TK91	INDEL
LYPD4	ENSG00000273111			TK13	INDEL
LYPD9P	ENSG00000229703			TK12	SNV
LYSMD2	ENSG00000140280	TK92	DEL		
LYSMD3	ENSG00000176018	TK91	DEL		
LYZL1	ENSG00000120563	TK92	DEL		
LYZL2	ENSG00000151033			TK92	SNV
LYZL4	ENSG00000157093			TK13	SNV
M6PR	ENSG00000003056	TK91	DEL		
MAF1	ENSG00000179632	TK93	DEL		
MAG	ENSG00000105695	TK91	DEL	TK14	SNV
MAGEA9	ENSG00000123584			TK13	SNV
MAGED4	ENSG00000154545			TK91	SNV
MAGED4B	ENSG00000187243			TK91	SNV
MAGEE2	ENSG00000186675			TK13	SNV
MAGI1	ENSG00000151276	TK10	DEL		
MAGOH	ENSG00000162385	TK13	DEL		
MAGT1	ENSG00000102158	TK13	DEL		
MAL	ENSG00000172005	TK10	DEL		
MALAT1	ENSG00000251562	TK93	DEL		
MALT1	ENSG00000172175	TK14	DEL		
MAMDC2-AS1	ENSG00000204706			TK92	SNV
MAML2	ENSG00000184384	TK14	DEL		
MAN2C1	ENSG00000140400	TK91	DEL		
MANBA	ENSG00000109323	TK91	DEL		
MANCR	ENSG00000231298			TK18	SNV
MANEA	ENSG00000172469	TK13	DEL		
MAOB	ENSG00000069535			TK92	SNV
MAP1A	ENSG00000166963	TK91	DEL		
MAP1B	ENSG00000131711	TK10	DEL		
MAP1LC3BP1	ENSG00000231909			TK92	SNV
MAP2K3	ENSG00000034152	TK14	DEL		
MAP3K12	ENSG00000139625	TK16	DEL		
MAP3K4	ENSG00000085511	TK18	DEL		
MAP3K5	ENSG00000197442	TK18	DEL		
MAP3K5-AS2	ENSG00000286646	TK93	DEL		
MAP3K7	ENSG00000135341	TK13	DEL		
MAP3K9	ENSG00000006432	TK14	DEL		
MAPK11	ENSG00000185386	TK92	DEL		
MAPK13	ENSG00000156711	TK18	DEL		
MAPK6	ENSG00000069956	TK92	DEL		
MAPK6-DT	ENSG00000259438	TK92	DEL		
MAPK6P2	ENSG00000223488			TK93	SNV
MAPK8IP1P1	ENSG00000262500			TK10	SNV
MAPRE1P2	ENSG00000250076			TK92	SNV
MAPRE3	ENSG00000084764	TK10	DEL		
MAPRE3-AS1	ENSG00000205500	TK10	DEL		
MARCHF10	ENSG00000173838			TK92	SNV
MARCHF4	ENSG00000144583			TK14	SNV
MARCHF5	ENSG00000198060	TK14	DEL		
MARK2	ENSG00000072518	TK13	DEL		
MARK2P19	ENSG00000270773			TK16	SNV
MARK3	ENSG00000075413	TK91	DEL		
MARK3P1	ENSG00000271642			TK92	INDEL,SNV
MARS2	ENSG00000247626	TK13	DEL		
MAST1	ENSG00000105613	TK91	DEL		
MAZ	ENSG00000103495	TK91	DEL		
MBL2	ENSG00000165471			TK13	SNV
MBNL1	ENSG00000152601	TK10	DEL	TK10	INDEL,SNV
MBTPS2	ENSG00000012174	TK10	DEL		
MC3R	ENSG00000124089			TK13	SNV
MC5R	ENSG00000176136			TK91	SNV
MCCC2	ENSG00000131844	TK13	DEL		
MCCD1	ENSG00000204511	TK92	DEL		
MCCD1P1	ENSG00000235963			TK92	SNV
MCF2L2P1	ENSG00000231982			TK14	SNV
MCHR1	ENSG00000128285	TK14	DEL	TK13	INDEL,SNV
MCL1	ENSG00000143384			TK14	SNV
MCRIP2P1	ENSG00000241418			TK92	SNV
MCTS2	ENSG00000101898	TK92	DEL		
MCUR1	ENSG00000050393	TK13	DEL		
MDC1	ENSG00000137337	TK91	DEL		
MDFI	ENSG00000112559			TK13	SNV
MED10	ENSG00000133398	TK13	DEL		
MED13P1	ENSG00000236131			TK93	SNV
MED14P1	ENSG00000233774			TK93	SNV
MED15P6	ENSG00000257162			TK14	SNV
MED15P9	ENSG00000223760			TK13	SNV
MED28-DT	ENSG00000249502	TK14	DEL		
MED28P7	ENSG00000236542			TK93	SNV
MED4-AS1	ENSG00000229111	TK16	DEL		
MED6	ENSG00000133997	TK14	DEL		
MED9	ENSG00000141026	TK10	DEL		
MEDAG	ENSG00000102802			TK13	SNV
MEF2C-AS2	ENSG00000245864	TK91	DEL	TK92	SNV
MEG3	ENSG00000214548			TK13	SNV
MEGF9	ENSG00000106780	TK14	DEL		
MEI4	ENSG00000269964	TK92	DEL		
MEIG1	ENSG00000197889	TK92	DEL		
MEIOB	ENSG00000162039			TK13	SNV
MEIS3	ENSG00000105419	TK10	DEL		
MEIS3P1	ENSG00000179277	TK14	DEL		
MEIS3P2	ENSG00000188013			TK10	SNV
MEP1A	ENSG00000112818			TK13	SNV
MEPCE	ENSG00000146834	TK91	DEL		
MESTIT1	ENSG00000272701			TK93	SNV
MESTP1	ENSG00000220884			TK92	SNV
MESTP2	ENSG00000259558			TK13	SNV
MET	ENSG00000105976	TK93	DEL		
METTL21A	ENSG00000144401	TK14	DEL		
METTL22	ENSG00000067365	TK13	DEL		
METTL2A	ENSG00000087995	TK91	DEL		
METTL5P1	ENSG00000258587			TK92	INDEL,SNV
MFAP1P1	ENSG00000232489			TK16	SNV
MFAP2	ENSG00000117122	TK16	DEL		
MFAP3	ENSG00000037749	TK92	DEL		
MFAP3L	ENSG00000198948	TK13	DEL		
MFSD1P1	ENSG00000261868	TK14	DEL		
MFSD2A	ENSG00000168389	TK13	DEL		
MGAT4D	ENSG00000205301			TK92	SNV
MGC15885	ENSG00000259458			TK92	SNV
MGC4859	ENSG00000283117			TK91	SNV
MGME1	ENSG00000125871	TK13	DEL		
MGP	ENSG00000111341			TK13	SNV
MGST3	ENSG00000143198	TK18	DEL		
MIA	ENSG00000261857	TK92	DEL		
MIA-RAB4B	ENSG00000268975	TK92	DEL		
MIATNB	ENSG00000244625			TK10	SNV
MIB2	ENSG00000197530	TK13	DEL		
MICALL1	ENSG00000100139	TK10	DEL		
MICALL2	ENSG00000164877	TK13	DEL		
MID1IP1	ENSG00000165175			TK12	SNV
MIDEAS-AS1	ENSG00000259065	TK14	DEL		
MIDN	ENSG00000167470	TK18	DEL		
MINPP1	ENSG00000107789	TK92	DEL		
MIP	ENSG00000135517			TK93	SNV
MIPEPP2	ENSG00000224783			TK91	SNV
MIPOL1	ENSG00000151338			TK10	SNV
MIR103B2	ENSG00000283320			TK16	SNV
MIR1184-2	ENSG00000221190	TK91	DEL		
MIR1205	ENSG00000221771			TK13	SNV
MIR1226	ENSG00000221585			TK91	SNV
MIR1227	ENSG00000221411			TK92	SNV
MIR1228	ENSG00000221365			TK91	SNV
MIR1237	ENSG00000221273			TK13	INDEL
MIR1238	ENSG00000221410			TK13	SNV
MIR124-2	ENSG00000207816			TK13	SNV
MIR1244-1	ENSG00000284378			TK10	INDEL
MIR1255B2	ENSG00000221545	TK14	DEL		
MIR1260B	ENSG00000266192			TK18	SNV
MIR1279	ENSG00000283476			TK10	SNV
MIR1282	ENSG00000221792			TK93	SNV
MIR1285-1	ENSG00000221520	TK12	DEL		
MIR1299	ENSG00000275377			TK91	SNV
MIR1302-2	ENSG00000284332			TK92	SNV
MIR1302-2HG	ENSG00000243485			TK93	SNV
MIR1306	ENSG00000284464			TK92	SNV
MIR130B	ENSG00000283871			TK91	SNV
MIR1324	ENSG00000283894			TK10	SNV
MIR146A	ENSG00000283733			TK13	SNV
MIR147A	ENSG00000207814	TK18	DEL		
MIR147B	ENSG00000284386			TK10	SNV
MIR148A	ENSG00000199085			TK18	SNV
MIR148B	ENSG00000199122			TK92	SNV
MIR149	ENSG00000207611	TK10	DEL		
MIR1587	ENSG00000263972			TK13	SNV
MIR16-2	ENSG00000198987			TK16	SNV
MIR186	ENSG00000207721	TK18	DEL	TK10	SNV
MIR1909	ENSG00000284216			TK14	SNV
MIR1915	ENSG00000222071			TK13	SNV
MIR1972-2	ENSG00000239118			TK91	SNV
MIR199A1	ENSG00000207752			TK92	SNV
MIR205HG	ENSG00000230937			TK13	SNV
MIR20A	ENSG00000283762			TK10	SNV
MIR21	ENSG00000284190	TK91	DEL		
MIR210	ENSG00000199038	TK91	DEL		
MIR210HG	ENSG00000247095	TK91	DEL		
MIR211	ENSG00000207702	TK91	DEL		
MIR215	ENSG00000207590			TK92	SNV
MIR217HG	ENSG00000226702			TK93	SNV
MIR218-2	ENSG00000207739	TK13	DEL		
MIR219A1	ENSG00000199036			TK92	SNV
MIR22	ENSG00000283824			TK92	SNV
MIR221	ENSG00000207870			TK16	INDEL
MIR23A	ENSG00000207980			TK12	SNV
MIR23B	ENSG00000207563			TK18	SNV
MIR24-1	ENSG00000284459			TK14	SNV
MIR24-2	ENSG00000284387			TK14	SNV
MIR2467	ENSG00000264292			TK92	SNV
MIR26B	ENSG00000199121	TK92	DEL		
MIR27B	ENSG00000207864			TK10	SNV
MIR2861	ENSG00000284547			TK14	SNV
MIR296	ENSG00000284040			TK18	SNV
MIR29A	ENSG00000284032	TK91	DEL		
MIR29B1	ENSG00000283797	TK91	DEL		
MIR301B	ENSG00000212102			TK93	SNV
MIR302A	ENSG00000207927			TK91	SNV
MIR30C1	ENSG00000207962	TK13	DEL		
MIR30E	ENSG00000198974	TK13	DEL		
MIR3116-1	ENSG00000263908	TK92	DEL		
MIR3116-2	ENSG00000283690	TK92	DEL		
MIR3125	ENSG00000264370			TK92	INDEL
MIR3135B	ENSG00000263649	TK13	DEL	TK16	SNV
MIR3138	ENSG00000264931			TK10	SNV
MIR3140	ENSG00000264678			TK92	SNV
MIR3150A	ENSG00000283522			TK18	SNV
MIR3163	ENSG00000266423			TK91	SNV
MIR3164	ENSG00000265539			TK92	SNV
MIR3173	ENSG00000264607	TK10	DEL		
MIR3174	ENSG00000265871			TK93	SNV
MIR3179-1	ENSG00000284305	TK92	DEL		
MIR3179-2	ENSG00000257381			TK91	SNV
MIR3179-3	ENSG00000266454	TK92	DEL		
MIR3180-1	ENSG00000265537	TK92	DEL		
MIR3180-4	ENSG00000264115	TK91	DEL		
MIR3188	ENSG00000267959			TK93	SNV
MIR3191	ENSG00000284411			TK92	SNV
MIR3192	ENSG00000265137	TK16	DEL		
MIR3193	ENSG00000264395	TK92	DEL		
MIR3196	ENSG00000266463			TK13	SNV
MIR3197	ENSG00000263681			TK91	SNV
MIR3198-1	ENSG00000264757			TK92	SNV
MIR3199-1	ENSG00000264073	TK14	DEL	TK10	SNV
MIR3199-2	ENSG00000283225	TK14	DEL		
MIR32	ENSG00000207698	TK14	DEL		
MIR324	ENSG00000199053	TK91	DEL		
MIR330	ENSG00000284544			TK92	SNV
MIR33B	ENSG00000207839	TK93	DEL		
MIR34BHG	ENSG00000286028			TK14	SNV
MIR3611	ENSG00000266228			TK91	SNV
MIR3613	ENSG00000264864			TK92	SNV
MIR3618	ENSG00000284140			TK10	SNV
MIR3621	ENSG00000263697			TK12	SNV
MIR3648-2	ENSG00000264462			TK93	SNV
MIR3649	ENSG00000266043			TK92	SNV
MIR3650	ENSG00000265304			TK18	SNV
MIR3651	ENSG00000281156	TK18	DEL		
MIR3659HG	ENSG00000224592			TK91	SNV
MIR365B	ENSG00000283978			TK13	SNV
MIR3662	ENSG00000283409	TK14	DEL		
MIR3663HG	ENSG00000234474			TK93	INDEL
MIR3670-1	ENSG00000263918	TK92	DEL		
MIR3677	ENSG00000266643			TK10	SNV
MIR3680-2	ENSG00000266758	TK10	DEL		
MIR3684	ENSG00000265213			TK91	SNV
MIR3689C	ENSG00000264744			TK92	SNV
MIR3689D2	ENSG00000264136			TK92	SNV
MIR3689F	ENSG00000266514			TK14	SNV
MIR374B	ENSG00000212027	TK91	DEL		
MIR374C	ENSG00000283534	TK91	DEL		
MIR378D2	ENSG00000284288	TK91	DEL		
MIR378D2HG	ENSG00000264448	TK91	DEL		
MIR3917	ENSG00000283938			TK16	INDEL
MIR3918	ENSG00000265558			TK16	SNV
MIR3934	ENSG00000266509			TK10	SNV
MIR3936	ENSG00000263597	TK91	DEL		
MIR3936HG	ENSG00000233006	TK91	DEL		
MIR3938	ENSG00000264013			TK13	SNV
MIR3975	ENSG00000283514	TK13	DEL		
MIR421	ENSG00000202566	TK91	DEL	TK91	SNV
MIR4272	ENSG00000283298	TK92	DEL		
MIR4277	ENSG00000263746			TK14	SNV
MIR4298	ENSG00000264493	TK16	DEL	TK92	SNV
MIR4300HG	ENSG00000245832			TK93	SNV
MIR4307HG	ENSG00000257612			TK92	SNV
MIR4323	ENSG00000266226	TK91	DEL	TK18	SNV
MIR4422HG	ENSG00000231090			TK91	SNV
MIR4429	ENSG00000264010	TK91	DEL		
MIR4430	ENSG00000283591	TK91	DEL		
MIR4432	ENSG00000266078			TK14	SNV
MIR4444-2	ENSG00000266780			TK18	SNV
MIR4450	ENSG00000263445			TK13	SNV
MIR4453HG	ENSG00000268471			TK91	SNV
MIR4454	ENSG00000283468	TK91	DEL		
MIR4458	ENSG00000284000			TK16	SNV
MIR4469	ENSG00000284062			TK12	SNV
MIR4477A	ENSG00000276029			TK92	SNV
MIR4489	ENSG00000265874			TK13	SNV
MIR4491	ENSG00000264032			TK92	SNV
MIR4496	ENSG00000284388	TK91	DEL		
MIR4507	ENSG00000264024			TK10	SNV
MIR4509-1	ENSG00000276941	TK18	DEL		
MIR450A2	ENSG00000207755			TK10	INDEL,SNV
MIR4512	ENSG00000266589	TK16	DEL	TK10	SNV
MIR4521	ENSG00000283160	TK91	DEL		
MIR4537	ENSG00000264781			TK18	SNV
MIR4538	ENSG00000263413			TK18	SNV
MIR4635	ENSG00000263834	TK13	DEL		
MIR4639	ENSG00000263712			TK93	SNV
MIR4642	ENSG00000266619			TK10	SNV
MIR4644	ENSG00000266245			TK93	SNV
MIR4658	ENSG00000284518			TK92	SNV
MIR4659A	ENSG00000266038			TK92	SNV
MIR4660	ENSG00000263407	TK91	DEL		
MIR4664	ENSG00000265660			TK91	SNV
MIR4665	ENSG00000263575			TK10	SNV
MIR4668	ENSG00000266315			TK92	SNV
MIR4670	ENSG00000264158			TK93	SNV
MIR4688	ENSG00000264102			TK93	SNV
MIR4690	ENSG00000266041			TK92	SNV
MIR4694	ENSG00000264309			TK93	SNV
MIR4697	ENSG00000284020			TK10	SNV
MIR4712	ENSG00000284284			TK14	SNV
MIR4714	ENSG00000264480	TK13	DEL		
MIR4721	ENSG00000283845	TK91	DEL		
MIR4725	ENSG00000265976			TK13	SNV
MIR4726	ENSG00000273627			TK91	SNV
MIR4730	ENSG00000264961			TK10	SNV
MIR4731	ENSG00000265110			TK13	SNV
MIR4734	ENSG00000275238			TK18	SNV
MIR4739	ENSG00000266665			TK16	SNV
MIR4746	ENSG00000266437			TK13	SNV
MIR4749	ENSG00000265954			TK13	SNV
MIR4751	ENSG00000283842			TK18	SNV
MIR4752	ENSG00000264703	TK10	DEL	TK13	SNV
MIR4753	ENSG00000263439			TK91	SNV
MIR4758	ENSG00000284074	TK92	DEL		
MIR4766	ENSG00000266594	TK13	DEL		
MIR4774	ENSG00000265694			TK91	SNV
MIR4777	ENSG00000263641	TK91	DEL	TK10	SNV
MIR4785	ENSG00000283734	TK10	DEL		
MIR4787	ENSG00000272543			TK92	SNV
MIR4789	ENSG00000264974			TK14	SNV
MIR4793	ENSG00000284575			TK10	SNV
MIR4797	ENSG00000265850	TK14	DEL		
MIR4804	ENSG00000263593	TK14	DEL	TK92	SNV
MIR5006	ENSG00000284584			TK10	SNV
MIR503	ENSG00000208005			TK10	SNV
MIR5088	ENSG00000274306	TK18	DEL		
MIR5089	ENSG00000264999			TK91	SNV
MIR5091	ENSG00000266240			TK93	SNV
MIR5187	ENSG00000284035	TK93	DEL		
MIR5189	ENSG00000263456			TK91	SNV
MIR5195	ENSG00000265929			TK93	SNV
MIR532	ENSG00000207758			TK91	SNV
MIR544B	ENSG00000265981			TK16	SNV
MIR548AL	ENSG00000264402			TK91	SNV
MIR548AQ	ENSG00000265470			TK93	INDEL
MIR548AT	ENSG00000264314			TK16	SNV
MIR548AW	ENSG00000263816	TK91	DEL		
MIR548D2	ENSG00000263690			TK12	INDEL
MIR548I2	ENSG00000221275			TK14	SNV
MIR548N	ENSG00000221669			TK91	SNV
MIR548P	ENSG00000221263	TK13	DEL		
MIR5579	ENSG00000266570			TK91	SNV
MIR558	ENSG00000207653	TK92	DEL		
MIR5585	ENSG00000266203			TK92	SNV
MIR562	ENSG00000207626	TK92	DEL		
MIR564	ENSG00000284498			TK16	SNV
MIR5685	ENSG00000264056	TK16	DEL	TK92	SNV
MIR5692B	ENSG00000264580			TK18	SNV
MIR5692C2	ENSG00000266668			TK91	SNV
MIR5695	ENSG00000266721	TK91	DEL		
MIR5697	ENSG00000265521			TK10	SNV
MIR570	ENSG00000207650	TK92	DEL		
MIR5706	ENSG00000264536			TK93	SNV
MIR571	ENSG00000207642	TK92	DEL		
MIR573	ENSG00000207697			TK92	SNV
MIR575	ENSG00000207746	TK92	DEL		
MIR579	ENSG00000207956	TK14	DEL		
MIR586	ENSG00000207769			TK92	SNV
MIR588	ENSG00000207632			TK92	SNV
MIR590	ENSG00000207741			TK10	SNV
MIR593	ENSG00000207588	TK13	DEL		
MIR600	ENSG00000283941			TK14	SNV
MIR601	ENSG00000207991			TK92	SNV
MIR604	ENSG00000207612			TK91	SNV
MIR605	ENSG00000207813			TK93	SNV
MIR6075	ENSG00000273742			TK18	SNV
MIR6076	ENSG00000278038			TK10	SNV
MIR610	ENSG00000207874	TK92	DEL		
MIR616	ENSG00000208028			TK91	SNV
MIR620	ENSG00000207967			TK93	INDEL
MIR621	ENSG00000207652			TK10	SNV
MIR627	ENSG00000207712			TK10	SNV
MIR631	ENSG00000284343	TK91	DEL	TK13	SNV
MIR636	ENSG00000283805			TK91	SNV
MIR637	ENSG00000283928	TK16	DEL		
MIR638	ENSG00000207972			TK18	SNV
MIR639	ENSG00000283822			TK16	SNV
MIR650	ENSG00000284049			TK12	SNV
MIR6503	ENSG00000275344			TK12	SNV
MIR6511A4	ENSG00000273613			TK10	SNV
MIR6514	ENSG00000274066	TK12	DEL	TK16	SNV
MIR661	ENSG00000207574			TK91	SNV
MIR663AHG	ENSG00000227195			TK93	SNV
MIR663B	ENSG00000221288			TK93	SNV
MIR6719	ENSG00000277759	TK92	DEL		
MIR6726	ENSG00000278073	TK92	DEL		
MIR6727	ENSG00000283712	TK92	DEL	TK13	SNV
MIR6734	ENSG00000283836			TK16	SNV
MIR6739	ENSG00000277681	TK14	DEL		
MIR6742	ENSG00000284311	TK10	DEL	TK14	SNV
MIR6743	ENSG00000283920			TK14	SNV
MIR6753	ENSG00000275022			TK10	SNV
MIR6758	ENSG00000284152	TK93	DEL		
MIR6764	ENSG00000283840			TK12	SNV
MIR6765	ENSG00000273778			TK10	INDEL
MIR6768	ENSG00000274805			TK10	SNV
MIR6775	ENSG00000278598			TK14	SNV
MIR6777	ENSG00000274111			TK92	SNV
MIR6778	ENSG00000283772			TK14	SNV
MIR6783	ENSG00000278223			TK93	SNV
MIR6787	ENSG00000284574	TK92	DEL		
MIR6794	ENSG00000276181	TK91	DEL		
MIR6795	ENSG00000275711			TK14	SNV
MIR6796	ENSG00000275652	TK93	DEL		
MIR6801	ENSG00000274380	TK93	DEL	TK13	SNV
MIR6804	ENSG00000275519			TK16	INDEL
MIR6806	ENSG00000277588	TK91	DEL		
MIR6808	ENSG00000284372	TK92	DEL		
MIR6811	ENSG00000277842			TK13	SNV
MIR6812	ENSG00000273555			TK18	SNV
MIR6813	ENSG00000274034			TK18	SNV
MIR6818	ENSG00000275818			TK93	SNV
MIR6819	ENSG00000278420	TK12	DEL		
MIR6820	ENSG00000284289			TK92	SNV
MIR6832	ENSG00000274494			TK18	SNV
MIR6834	ENSG00000284064	TK91	DEL		
MIR6836	ENSG00000284047	TK14	DEL		
MIR6838	ENSG00000283969			TK16	SNV
MIR6850	ENSG00000283764	TK91	DEL		
MIR6853	ENSG00000273945			TK92	SNV
MIR6855	ENSG00000276124			TK10	SNV
MIR6861	ENSG00000283793			TK10	SNV
MIR6862-2	ENSG00000278340			TK91	SNV
MIR6872	ENSG00000283848			TK18	SNV
MIR6873	ENSG00000284517	TK91	DEL		
MIR6875	ENSG00000283821			TK18	SNV
MIR6877	ENSG00000273932	TK92	DEL		
MIR6880	ENSG00000275967			TK10	INDEL
MIR6884	ENSG00000283721			TK12	SNV
MIR6885	ENSG00000274390	TK13	DEL	TK93	SNV
MIR6888	ENSG00000275141			TK91	SNV
MIR6889	ENSG00000274552			TK10	SNV
MIR6893	ENSG00000276598			TK92	SNV
MIR7-1	ENSG00000284179			TK18	SNV
MIR7106	ENSG00000276908	TK12	DEL		
MIR711	ENSG00000284251			TK93	SNV
MIR7113	ENSG00000284293			TK12	SNV
MIR7161	ENSG00000278571			TK14	SNV
MIR762	ENSG00000211591			TK93	SNV
MIR762HG	ENSG00000260083			TK10	SNV
MIR7704	ENSG00000283880			TK92	SNV
MIR7705	ENSG00000284570			TK14	SNV
MIR7706	ENSG00000284160			TK18	SNV
MIR7847	ENSG00000284594	TK16	DEL	TK92	SNV
MIR7849	ENSG00000278438			TK92	SNV
MIR7854	ENSG00000277255			TK13	SNV
MIR8053	ENSG00000277388	TK91	DEL		
MIR8055	ENSG00000276580			TK10	SNV
MIR8070	ENSG00000278529			TK14	SNV
MIR8072	ENSG00000284425			TK18	SNV
MIR8084	ENSG00000277063			TK92	SNV
MIR8087	ENSG00000278483			TK92	SNV
MIR9-2	ENSG00000284447	TK91	DEL		
MIR921	ENSG00000215952			TK92	SNV
MIR92A1	ENSG00000283705			TK10	SNV
MIR92B	ENSG00000284586			TK10	SNV
MIR93	ENSG00000207757			TK14	SNV
MIR933	ENSG00000215973			TK13	SNV
MIR940	ENSG00000284346			TK16	SNV
MIR941-1	ENSG00000283206	TK18	DEL		
MIR941-2	ENSG00000216141	TK18	DEL	TK10	SNV
MIR941-3	ENSG00000283513	TK18	DEL		
MIR941-4	ENSG00000216195	TK18	DEL		
MIR941-5	ENSG00000275842	TK18	DEL		
MIR98	ENSG00000271886	TK13	DEL		
MIRLET7F2	ENSG00000208012	TK13	DEL		
MIS18BP1	ENSG00000129534	TK13	DEL		
MIX23P5	ENSG00000256681	TK14	DEL		
MKI67P1	ENSG00000270499			TK93	INDEL,SNV
MKKS	ENSG00000125863	TK91	DEL		
MKNK1-AS1	ENSG00000269956			TK10	SNV
MKRN5P	ENSG00000224430	TK91	DEL	TK91	SNV
MLC1	ENSG00000100427	TK18	DEL		
MLKL	ENSG00000168404	TK18	DEL		
MLST8	ENSG00000167965	TK93	DEL		
MMACHC	ENSG00000132763	TK14	DEL		
MMADHCP1	ENSG00000237252			TK91	SNV
MMP1	ENSG00000196611			TK14	SNV
MMP10	ENSG00000166670			TK13	SNV
MMP12	ENSG00000262406			TK14	SNV
MMP20	ENSG00000137674			TK13	SNV
MMP20-AS1	ENSG00000256916			TK13	SNV
MMP21	ENSG00000154485	TK16	DEL		
MMP23B	ENSG00000189409			TK13	SNV
MMP3	ENSG00000149968			TK13	SNV
MMP7	ENSG00000137673			TK16	SNV
MOGAT3	ENSG00000106384			TK13	SNV
MOGS	ENSG00000115275	TK91	DEL		
MON1B	ENSG00000103111	TK92	DEL		
MORF4L1	ENSG00000185787			TK91	SNV
MORF4L1P1	ENSG00000218283	TK13	DEL		
MORF4L1P3	ENSG00000255040	TK91	DEL	TK10	SNV
MORN4	ENSG00000171160	TK91	DEL		
MOS	ENSG00000172680	TK92	DEL		
MOSPD1	ENSG00000101928	TK93	DEL		
MOSPD3	ENSG00000106330	TK13	DEL		
MOV10L1	ENSG00000073146			TK14	INDEL
MPPE1	ENSG00000154889	TK13	DEL		
MPST	ENSG00000128309	TK92	DEL		
MPTX1	ENSG00000215846			TK10	SNV
MPZ	ENSG00000158887	TK14	DEL		
MRE11P1	ENSG00000242537			TK92	SNV
MRGPRX1	ENSG00000170255			TK13	SNV
MRGPRX11P	ENSG00000254738			TK13	SNV
MRGPRX4	ENSG00000179817			TK14	SNV
MRGPRX9P	ENSG00000255424			TK92	SNV
MRLN	ENSG00000227877			TK10	SNV
MRM1	ENSG00000278619	TK91	DEL		
MRM2	ENSG00000122687	TK13	DEL		
MROH3P	ENSG00000233217			TK12	SNV
MROH5	ENSG00000226807	TK10	DEL		
MRPL15	ENSG00000137547	TK92	DEL		
MRPL2	ENSG00000112651	TK91	DEL		
MRPL30P1	ENSG00000276576			TK93	SNV
MRPL32	ENSG00000106591	TK18	DEL		
MRPL32P2	ENSG00000229037			TK91	SNV
MRPL35	ENSG00000132313	TK14	DEL		
MRPL36P1	ENSG00000225392			TK92	SNV
MRPL39	ENSG00000154719	TK10	DEL		
MRPL43	ENSG00000055950			TK16	INDEL
MRPL45	ENSG00000278845	TK91	DEL		
MRPL46	ENSG00000259494			TK12	SNV
MRPL49P2	ENSG00000253934			TK92	SNV
MRPL50P2	ENSG00000238285			TK91	SNV
MRPL55	ENSG00000162910	TK92	DEL		
MRPL9	ENSG00000143436	TK92	DEL		
MRPL9P1	ENSG00000254305			TK93	SNV
MRPS16	ENSG00000182180	TK92	DEL		
MRPS16P3	ENSG00000226336	TK91	DEL		
MRPS17P1	ENSG00000268949	TK91	DEL		
MRPS18A	ENSG00000096080	TK18	DEL		
MRPS18B	ENSG00000204568	TK16	DEL		
MRPS18CP4	ENSG00000255763			TK92	SNV
MRPS30	ENSG00000112996	TK91	DEL		
MRPS30-DT	ENSG00000251141	TK91	DEL		
MRPS35P3	ENSG00000270192			TK14	INDEL
MRPS7	ENSG00000125445	TK12	DEL		
MRS2P1	ENSG00000250428			TK91	SNV
MS4A10	ENSG00000172689	TK13	DEL		
MS4A12	ENSG00000071203	TK13	DEL		
MS4A13	ENSG00000204979	TK13	DEL		
MS4A15	ENSG00000166961	TK13	DEL		
MS4A18	ENSG00000214782	TK13	DEL		
MS4A19P	ENSG00000283601	TK13	DEL	TK10	SNV
MS4A3	ENSG00000149516			TK13	SNV
MS4A8	ENSG00000166959	TK13	DEL	TK10	INDEL,SNV
MSANTD2	ENSG00000120458	TK10	DEL		
MSANTD3	ENSG00000066697	TK18	DEL		
MSH3	ENSG00000113318	TK18	DEL		
MSH5-SAPCD1	ENSG00000255152	TK18	DEL		
MSL3	ENSG00000005302	TK13	DEL		
MSMB	ENSG00000263639	TK92	DEL		
MSTN	ENSG00000138379			TK16	SNV
MT1A	ENSG00000205362			TK13	SNV
MT1F	ENSG00000198417			TK14	SNV
MT1IP	ENSG00000275691			TK14	SNV
MT3	ENSG00000087250			TK14	SNV
MTA3P1	ENSG00000228937			TK13	SNV
MTATP6P13	ENSG00000229842			TK92	SNV
MTATP6P15	ENSG00000254931			TK93	SNV
MTBP	ENSG00000172167	TK18	DEL		
MTCO1P28	ENSG00000262118			TK18	SNV
MTCO1P55	ENSG00000241926			TK92	SNV
MTCO2P30	ENSG00000250808			TK12	SNV
MTCO3P1	ENSG00000235040	TK13	DEL		
MTCO3P13	ENSG00000264316			TK91	SNV
MTCO3P22	ENSG00000270388			TK92	SNV
MTCO3P23	ENSG00000259651			TK92	SNV
MTCO3P24	ENSG00000262158			TK92	SNV
MTCO3P29	ENSG00000228069			TK12	SNV
MTCYBP22	ENSG00000270232			TK92	SNV
MTCYBP41	ENSG00000254650			TK18	SNV
MTCYBP44	ENSG00000248282			TK92	SNV
MTDHP1	ENSG00000270948	TK93	DEL		
MTF1	ENSG00000188786	TK10	DEL		
MTFMT	ENSG00000103707	TK10	DEL		
MTFR2	ENSG00000146410	TK13	DEL		
MTHFD2	ENSG00000065911			TK12	SNV
MTHFD2P4	ENSG00000251253			TK91	SNV
MTHFD2P5	ENSG00000213530			TK92	SNV
MTHFD2P7	ENSG00000181260	TK91	DEL		
MTHFSD	ENSG00000103248	TK16	DEL		
MTIF2P1	ENSG00000233432	TK91	DEL	TK91	SNV
MTM1	ENSG00000171100	TK13	DEL		
MTMR4	ENSG00000108389	TK91	DEL		
MTND1P20	ENSG00000226794			TK93	SNV
MTND1P6	ENSG00000254346			TK92	SNV
MTND1P9	ENSG00000228995	TK14	DEL		
MTND2P2	ENSG00000229954			TK93	SNV
MTND2P31	ENSG00000251252			TK16	SNV
MTND2P5	ENSG00000224354			TK92	SNV
MTND3P22	ENSG00000248946			TK93	SNV
MTND4LP1	ENSG00000231501			TK13	SNV
MTND4LP7	ENSG00000240791			TK12	SNV
MTND4P19	ENSG00000230338			TK92	SNV
MTND4P22	ENSG00000232772			TK91	SNV
MTND4P24	ENSG00000232177			TK14	INDEL
MTND4P32	ENSG00000226056			TK91	SNV
MTND4P34	ENSG00000262322			TK93	SNV
MTND4P9	ENSG00000250050			TK92	SNV
MTND5P1	ENSG00000227999			TK10	SNV
MTND5P13	ENSG00000250169			TK92	SNV
MTND5P23	ENSG00000235080			TK10	SNV
MTND5P8	ENSG00000230999			TK92	SNV
MTND6P21	ENSG00000223431			TK10	SNV
MTND6P22	ENSG00000270230			TK93	SNV
MTND6P32	ENSG00000227649			TK92	SNV
MTO1	ENSG00000135297	TK18	DEL		
MTREX	ENSG00000039123	TK13	DEL		
MTRF1LP2	ENSG00000224110			TK92	SNV
MTX3	ENSG00000177034	TK16	DEL		
MUC20	ENSG00000176945	TK92	DEL		
MUC20P1	ENSG00000224769	TK92	DEL		
MUC22	ENSG00000261272	TK92	DEL		
MVP-DT	ENSG00000238045	TK91	DEL		
MX2	ENSG00000183486	TK18	DEL		
MXRA5	ENSG00000101825			TK13	SNV
MXRA7P1	ENSG00000232320	TK14	DEL		
MXRA8	ENSG00000162576	TK92	DEL		
MYADML	ENSG00000239649			TK13	SNV
MYB	ENSG00000118513	TK13	DEL		
MYB-AS1	ENSG00000236703			TK18	SNV
MYBL1	ENSG00000185697	TK92	DEL		
MYBPH	ENSG00000133055			TK13	SNV
MYD88	ENSG00000172936	TK93	DEL		
MYF6	ENSG00000111046			TK12	SNV
MYG1-AS1	ENSG00000257605	TK93	DEL		
MYH11	ENSG00000133392	TK13	DEL		
MYH6	ENSG00000197616			TK13	SNV
MYL1	ENSG00000168530			TK13	SNV
MYL10	ENSG00000106436			TK13	SNV
MYL12AP1	ENSG00000254387	TK91	DEL	TK92	SNV
MYL12BP1	ENSG00000260490			TK18	SNV
MYL2	ENSG00000111245			TK13	SNV
MYL6BP1	ENSG00000228380	TK18	DEL		
MYL6P1	ENSG00000226543			TK91	SNV
MYL7	ENSG00000106631			TK13	SNV
MYLK	ENSG00000065534	TK10	DEL		
MYNN	ENSG00000085274	TK92	DEL		
MYO1C	ENSG00000197879	TK92	DEL		
MYO1E	ENSG00000157483	TK14	DEL		
MYO5A	ENSG00000197535	TK14	DEL		
MYO6	ENSG00000196586	TK10	DEL		
MYOD1	ENSG00000129152			TK14	SNV
MYOG	ENSG00000122180			TK92	INDEL,SNV
MYOM3	ENSG00000142661			TK13	SNV
MYOSLID	ENSG00000229647			TK13	SNV
MYOZ1	ENSG00000177791	TK93	DEL		
MYOZ3	ENSG00000164591			TK91	SNV
MYOZ3-AS1	ENSG00000250309			TK10	SNV
Metazoa_SRP	ENSG00000278702	TK91;TK91;TK13;TK13;TK91;TK92;TK14;TK14;TK14;TK92;TK92;TK14;TK91;TK16	DEL;DEL;DEL;DEL;DEL;DEL;DEL;DEL;DEL;DEL;DEL;DEL;DEL;DEL	TK91;TK13;TK16;TK18;TK93;TK91;TK93;TK92;TK91;TK10;TK91;TK93;TK16;TK14;TK92;TK93;TK93;TK91;TK91;TK10;TK92;TK92;TK93;TK91	SNV;SNV;SNV;SNV;SNV;SNV;SNV;SNV;SNV;SNV;SNV;SNV;SNV;SNV;SNV;SNV;SNV;SNV;SNV;SNV;SNV;SNV;SNV;SNV
NAA30	ENSG00000139977	TK14	DEL		
NAA35	ENSG00000135040	TK92	DEL		
NAA38	ENSG00000183011	TK10	DEL		
NAB2	ENSG00000166886	TK93	DEL		
NABP2	ENSG00000139579	TK12	DEL		
NACAP5	ENSG00000249488			TK10	SNV
NACC2	ENSG00000148411	TK14	DEL		
NADK2	ENSG00000152620	TK14	DEL		
NADK2-AS1	ENSG00000245711	TK14	DEL		
NAF1	ENSG00000145414	TK91	DEL		
NAIF1	ENSG00000171169	TK93	DEL		
NAIPP1	ENSG00000250687			TK16	SNV
NAMA	ENSG00000271086			TK16	SNV
NANOG	ENSG00000111704			TK13	SNV
NANOGP1	ENSG00000176654	TK91	DEL		
NANOGP5	ENSG00000231697			TK91	SNV
NAP1L4P1	ENSG00000177173	TK91	DEL		
NAP1L4P2	ENSG00000224816			TK13	SNV
NAP1L5P1	ENSG00000231384	TK16	DEL	TK91	INDEL,SNV
NAPA	ENSG00000105402	TK13	DEL		
NAPA-AS1	ENSG00000268061	TK13	DEL		
NAPG	ENSG00000134265	TK14	DEL		
NARF-IT1	ENSG00000266236	TK13	DEL		
NAT2	ENSG00000156006	TK92	DEL		
NAT8	ENSG00000144035	TK92	DEL		
NATP	ENSG00000253937	TK92	DEL		
NAV2-AS3	ENSG00000254542			TK92	SNV
NBAT1	ENSG00000260455			TK10	SNV
NBEAP2	ENSG00000197927	TK14	DEL		
NBL1	ENSG00000158747			TK14	SNV
NBPF12	ENSG00000268043	TK92	DEL		
NBPF13P	ENSG00000283342	TK92	DEL		
NBPF15	ENSG00000266338	TK92	DEL		
NBPF18P	ENSG00000240667			TK12	SNV
NBPF3	ENSG00000142794	TK12	DEL		
NBPF5P	ENSG00000243967	TK92	DEL		
NBPF6	ENSG00000186086	TK92	DEL		
NBR2	ENSG00000198496	TK92	DEL		
NCAPGP2	ENSG00000259749			TK93	SNV
NCEH1	ENSG00000144959	TK16	DEL		
NCKIPSD	ENSG00000213672	TK91	DEL		
NCL	ENSG00000115053	TK91	DEL		
NCLP2	ENSG00000234228			TK92	SNV
NCOA2	ENSG00000140396	TK92	DEL		
NCOA4	ENSG00000266412	TK92	DEL		
NCOR1P2	ENSG00000265019			TK91	INDEL,SNV
NCOR1P4	ENSG00000279864			TK93	SNV
NCR2	ENSG00000096264			TK14	SNV
NCRNA00250	ENSG00000253433			TK18	SNV
NDC1	ENSG00000058804	TK92	DEL		
NDN	ENSG00000182636			TK10	INDEL,SNV
NDNF	ENSG00000173376	TK16	DEL		
NDST3	ENSG00000164100	TK92	DEL		
NDUFA3	ENSG00000170906	TK18	DEL		
NDUFA5P9	ENSG00000220831			TK91	SNV
NDUFA6	ENSG00000184983	TK10	DEL		
NDUFA8	ENSG00000119421	TK14	DEL		
NDUFA9P1	ENSG00000237406			TK93	INDEL
NDUFAF3	ENSG00000178057			TK91	SNV
NDUFAF4P1	ENSG00000259467			TK18	SNV
NDUFAF4P4	ENSG00000231378			TK92	SNV
NDUFAF7	ENSG00000003509	TK16	DEL		
NDUFB10P1	ENSG00000260870			TK92	SNV
NDUFB1P1	ENSG00000231884			TK91	SNV
NDUFB4P10	ENSG00000232880			TK91	SNV
NDUFB4P11	ENSG00000259374			TK13	SNV
NDUFB6	ENSG00000165264	TK13	DEL		
NDUFS5P2	ENSG00000234226	TK10	DEL		
NDUFS5P3	ENSG00000233664			TK91	SNV
NDUFV1	ENSG00000167792	TK92	DEL		
NEBL-AS1	ENSG00000231920			TK93	SNV
NECAB1	ENSG00000123119			TK10	SNV
NEDD8P1	ENSG00000226970			TK13	SNV
NEIL1	ENSG00000140398	TK91	DEL		
NEK2P4	ENSG00000230450			TK93	SNV
NEPRO	ENSG00000163608	TK92	DEL		
NES	ENSG00000132688	TK18	DEL		
NEU4	ENSG00000204099	TK91	DEL		
NEUROD4	ENSG00000123307			TK10	SNV
NEUROG1	ENSG00000181965			TK13	SNV
NF1P5	ENSG00000175319			TK93	SNV
NFE2L1	ENSG00000082641	TK18	DEL		
NFIL3	ENSG00000165030	TK14	DEL		
NFKBIA	ENSG00000100906	TK93	DEL		
NFS1	ENSG00000244005	TK18	DEL		
NFXL1	ENSG00000170448	TK92	DEL		
NFYC	ENSG00000066136	TK13	DEL		
NGF	ENSG00000134259			TK10	SNV
NGFR	ENSG00000064300			TK92	SNV
NGRN	ENSG00000182768	TK93	DEL		
NGRNP1	ENSG00000214210			TK91	SNV
NHEG1	ENSG00000225391	TK93	DEL		
NHLH1	ENSG00000171786	TK91	DEL		
NHLH2	ENSG00000177551			TK10	SNV
NIBAN2	ENSG00000136830	TK13	DEL		
NICN2P	ENSG00000237623	TK91	DEL		
NIF3L1	ENSG00000196290	TK93	DEL		
NIFKP3	ENSG00000256331			TK13	SNV
NIFKP4	ENSG00000261205	TK91	DEL	TK91	SNV
NIFKP9	ENSG00000237630			TK91	SNV
NIP7	ENSG00000132603	TK92	DEL		
NIP7P2	ENSG00000213264			TK93	SNV
NIP7P3	ENSG00000218428			TK92	SNV
NIPA2P4	ENSG00000254151			TK91	INDEL
NIPBL	ENSG00000164190	TK13	DEL		
NIPSNAP3A	ENSG00000136783	TK13	DEL		
NKAPD1	ENSG00000150776	TK13	DEL		
NKIRAS2	ENSG00000168256	TK93	DEL		
NKX2-3	ENSG00000119919			TK10	SNV
NKX2-4	ENSG00000125816			TK92	SNV
NKX6-1	ENSG00000163623			TK10	SNV
NLGN1-AS1	ENSG00000228213			TK92	SNV
NLRP2B	ENSG00000215174			TK10	SNV
NLRP3P1	ENSG00000277883			TK92	SNV
NLRP7P1	ENSG00000228450	TK91	DEL		
NMBR	ENSG00000135577			TK10	SNV
NMD3P2	ENSG00000231504			TK12	SNV
NME1	ENSG00000239672			TK13	SNV
NME2P3	ENSG00000229338			TK14	SNV
NME5	ENSG00000112981			TK91	SNV
NME8	ENSG00000086288			TK14	SNV
NMRAL1	ENSG00000153406	TK16	DEL		
NMS	ENSG00000204640			TK10	SNV
NOA1	ENSG00000084092	TK10	DEL		
NOCT	ENSG00000151014	TK92	DEL		
NOD1	ENSG00000106100	TK92	DEL		
NOLC1P1	ENSG00000225271			TK92	SNV
NOP56P3	ENSG00000257956			TK13	INDEL,SNV
NOP58	ENSG00000055044	TK13	DEL		
NOP9	ENSG00000196943	TK93	DEL		
NOS2P1	ENSG00000265788			TK13	SNV
NPAP1L	ENSG00000278499			TK14	SNV
NPAP1P6	ENSG00000238002			TK93	SNV
NPAP1P9	ENSG00000214888			TK10	SNV
NPAS1	ENSG00000130751	TK18	DEL		
NPAS2	ENSG00000170485			TK13	SNV
NPB	ENSG00000183979			TK16	INDEL,SNV
NPBWR1	ENSG00000288611			TK10	SNV
NPDC1	ENSG00000107281	TK10	DEL		
NPIPA5	ENSG00000183793	TK91	DEL		
NPIPB10P	ENSG00000196796	TK91	DEL		
NPIPB15	ENSG00000196436	TK92	DEL		
NPIPB8	ENSG00000255524	TK92	DEL		
NPM1P29	ENSG00000239351			TK93	SNV
NPM1P30	ENSG00000228219			TK92	SNV
NPM1P33	ENSG00000213925			TK92	INDEL,SNV
NPM1P34	ENSG00000232054			TK91	SNV
NPM1P35	ENSG00000255213			TK93	SNV
NPM1P4	ENSG00000226703			TK13	SNV
NPM1P49	ENSG00000226556			TK14	SNV
NPM1P6	ENSG00000213881	TK92	DEL		
NPM1P8	ENSG00000236285			TK91	SNV
NPPB	ENSG00000120937			TK10	SNV
NPVF	ENSG00000105954			TK14	SNV
NPY	ENSG00000122585			TK14	SNV
NPY2R	ENSG00000185149			TK14	SNV
NPY4R2	ENSG00000264717			TK14	SNV
NR0B1	ENSG00000169297			TK13	SNV
NR1H3	ENSG00000025434	TK13	DEL		
NR1H4	ENSG00000012504			TK13	SNV
NR1I2	ENSG00000144852			TK13	SNV
NR1I3	ENSG00000143257	TK93	DEL		
NRAL	ENSG00000229434			TK91	SNV
NRBF2	ENSG00000148572	TK92	DEL		
NRBF2P1	ENSG00000267797			TK13	SNV
NRBF2P6	ENSG00000251485	TK92	DEL		
NRBP1	ENSG00000115216	TK12	DEL		
NRG1-IT3	ENSG00000254049			TK13	SNV
NRG3	ENSG00000185737	TK91	DEL		
NRP2	ENSG00000118257	TK14	DEL		
NRTN	ENSG00000171119	TK91	DEL		
NRXN1	ENSG00000179915	TK10	DEL		
NSA2P7	ENSG00000238251	TK14	DEL		
NSL1	ENSG00000117697	TK14	DEL		
NSUN4	ENSG00000117481	TK10	DEL		
NSUN5P1	ENSG00000291151	TK91;TK91	DEL;DEL	TK18	SNV
NT5CP2	ENSG00000258408			TK91	SNV
NT5DC1P2	ENSG00000214961			TK91	SNV
NTF6A	ENSG00000267019			TK91	SNV
NTM	ENSG00000182667			TK13	SNV
NTMT2	ENSG00000203740			TK13	SNV
NTRK3	ENSG00000140538	TK93	DEL		
NTSR2	ENSG00000169006	TK91	DEL	TK91	SNV
NUCKS1P1	ENSG00000232864			TK10	SNV
NUDCD1	ENSG00000120526	TK13	DEL		
NUDT16L2P	ENSG00000246082			TK18	INDEL
NUDT19	ENSG00000213965	TK16	DEL		
NUDT19P3	ENSG00000216723			TK10	SNV
NUDT22	ENSG00000149761	TK12	DEL		
NUDT4B	ENSG00000177144			TK10	SNV
NUP210P1	ENSG00000198284			TK92	SNV
NUP210P2	ENSG00000225275			TK14	SNV
NUP35P1	ENSG00000223928			TK91	SNV
NUP42	ENSG00000136243	TK12	DEL		
NUP43	ENSG00000120253	TK18	DEL		
NUP58P1	ENSG00000251436			TK12	SNV
NUP85	ENSG00000125450	TK92	DEL		
NUPR2	ENSG00000185290			TK12	SNV
NUTF2P2	ENSG00000258300			TK14	SNV
NUTF2P4	ENSG00000234790	TK14	DEL		
NUTF2P7	ENSG00000229324	TK10	DEL	TK91	SNV
NUTM2D	ENSG00000214562	TK92	DEL		
NXF1	ENSG00000162231	TK12	DEL	TK10	SNV
NXF4	ENSG00000196970			TK13	SNV
NXT1	ENSG00000132661	TK93	DEL		
NXT2	ENSG00000101888	TK13	DEL		
OAF	ENSG00000184232	TK93	DEL		
OASL	ENSG00000135114	TK91	DEL		
OASL2P	ENSG00000283542	TK91	DEL	TK92	SNV
OAZ3	ENSG00000143450	TK92	DEL		
OBP2B	ENSG00000171102			TK18	INDEL,SNV
OCA2	ENSG00000104044			TK10	SNV
ODR4	ENSG00000157181	TK13	DEL		
OFD1P6Y	ENSG00000242153			TK18	SNV
OGFRP1	ENSG00000182057	TK14	DEL		
OLFML2B	ENSG00000162745	TK13	DEL		
OLR1	ENSG00000173391	TK18	DEL		
OMA1	ENSG00000162600	TK13	DEL		
OOSP1	ENSG00000284873			TK92	SNV
OOSP2	ENSG00000149507			TK13	SNV
OPRL1	ENSG00000125510	TK10	DEL		
OPTC	ENSG00000188770			TK10	SNV
OR10A5	ENSG00000166363			TK14	SNV
OR10AA1P	ENSG00000180409			TK16	SNV
OR10D3	ENSG00000197309			TK14	SNV
OR10G5P	ENSG00000226461			TK13	SNV
OR10G7	ENSG00000182634			TK13	SNV
OR10G8	ENSG00000234560			TK14	SNV
OR10H3	ENSG00000171936			TK13	SNV
OR10J1	ENSG00000196184			TK14	SNV
OR10J5	ENSG00000184155			TK13	SNV
OR10P1	ENSG00000175398			TK13	SNV
OR10Q1	ENSG00000180475			TK13	SNV
OR10R1P	ENSG00000227445			TK10	SNV
OR10V2P	ENSG00000255538			TK13	SNV
OR10W1	ENSG00000172772			TK13	SNV
OR10X1	ENSG00000279111			TK14	SNV
OR11G1P	ENSG00000258468	TK91	DEL		
OR11G2	ENSG00000196832	TK91	DEL	TK92	SNV
OR11H2	ENSG00000258453			TK13	SNV
OR11H4	ENSG00000176198	TK91	DEL		
OR11H5P	ENSG00000258625	TK91	DEL		
OR11H6	ENSG00000176219	TK91	DEL		
OR11H7	ENSG00000258806	TK91	DEL	TK13	SNV
OR11I1P	ENSG00000232791			TK93	SNV
OR11L1	ENSG00000197591			TK13	SNV
OR11M1P	ENSG00000224709			TK10	SNV
OR11N1P	ENSG00000185903			TK18	SNV
OR11P1P	ENSG00000284742	TK91	DEL		
OR11Q1P	ENSG00000237650			TK91	SNV
OR12D1	ENSG00000251608			TK14	SNV
OR12D2	ENSG00000280236			TK13	SNV
OR12D3	ENSG00000112462			TK13	SNV
OR13G1	ENSG00000197437			TK13	SNV
OR13H1	ENSG00000171054	TK91	DEL		
OR13I1P	ENSG00000273423			TK93	SNV
OR13K1P	ENSG00000237225	TK91	DEL		
OR14A16	ENSG00000196772			TK14	SNV
OR14A2	ENSG00000241128			TK92	SNV
OR14C36	ENSG00000177174			TK13	SNV
OR14I1	ENSG00000189181			TK13	SNV
OR14J1	ENSG00000204695			TK93	SNV
OR1D3P	ENSG00000262106			TK14	SNV
OR1E2	ENSG00000127780			TK14	SNV
OR1L3	ENSG00000171481			TK91	SNV
OR1L4	ENSG00000136939			TK91	SNV
OR1N1	ENSG00000171505			TK18	INDEL,SNV
OR1X5P	ENSG00000214351			TK92	SNV
OR2A15P	ENSG00000239981			TK13	SNV
OR2A2	ENSG00000221989			TK14	SNV
OR2A20P	ENSG00000170356	TK13	DEL		
OR2A4	ENSG00000180658			TK13	SNV
OR2A42	ENSG00000212807	TK13	DEL		
OR2A5	ENSG00000221836			TK92	INDEL
OR2A7	ENSG00000243896	TK13	DEL		
OR2AE1	ENSG00000244623			TK92	SNV
OR2AF1P	ENSG00000235730	TK91	DEL		
OR2AK2	ENSG00000187080			TK91	SNV
OR2AP1	ENSG00000179615			TK14	SNV
OR2AT1P	ENSG00000254475			TK91	SNV
OR2AT4	ENSG00000171561			TK92	SNV
OR2B2	ENSG00000168131			TK92	SNV
OR2B7P	ENSG00000187763			TK93	SNV
OR2B8P	ENSG00000182477			TK92	SNV
OR2G2	ENSG00000177489			TK14	SNV
OR2H1	ENSG00000204688			TK13	INDEL
OR2J3	ENSG00000204701			TK93	SNV
OR2L13	ENSG00000196071			TK10	SNV
OR2L1P	ENSG00000224227			TK93	SNV
OR2L3	ENSG00000198128			TK13	SNV
OR2L8	ENSG00000279263			TK14	SNV
OR2M1P	ENSG00000177233			TK13	SNV
OR2S2	ENSG00000278889			TK14	SNV
OR2T12	ENSG00000177201	TK91	DEL		
OR2T27	ENSG00000187701			TK14	SNV
OR2T29	ENSG00000182783			TK13	INDEL,SNV
OR2T3	ENSG00000196539			TK13	SNV
OR2T33	ENSG00000177212	TK91	DEL		
OR2T35	ENSG00000177151			TK13	SNV
OR2T6	ENSG00000198104			TK13	SNV
OR2T7	ENSG00000227152			TK10	SNV
OR2U1P	ENSG00000204697			TK13	SNV
OR2V1	ENSG00000185372			TK93	SNV
OR2V2	ENSG00000182613			TK13	SNV
OR2W1-AS1	ENSG00000277661			TK91	SNV
OR2W2P	ENSG00000217315			TK93	SNV
OR2W5P	ENSG00000203664			TK14	SNV
OR3A3	ENSG00000159961			TK91	SNV
OR4A16	ENSG00000181961			TK13	SNV
OR4A19P	ENSG00000254940			TK13	SNV
OR4A21P	ENSG00000181943			TK14	SNV
OR4A5	ENSG00000221840			TK13	SNV
OR4A6P	ENSG00000255078			TK13	SNV
OR4B1	ENSG00000175619			TK13	SNV
OR4C11	ENSG00000172188			TK13	SNV
OR4C13	ENSG00000258817			TK10	SNV
OR4C1P	ENSG00000254576			TK92	SNV
OR4D10	ENSG00000254466			TK92	SNV
OR4D2	ENSG00000255713			TK10	SNV
OR4D8P	ENSG00000204989			TK13	SNV
OR4E2	ENSG00000221977			TK14	SNV
OR4F15	ENSG00000182854			TK91	INDEL,SNV
OR4F1P	ENSG00000220212			TK13	SNV
OR4F21	ENSG00000176269	TK91	DEL		
OR4F28P	ENSG00000257109			TK14	SNV
OR4F29	ENSG00000284733	TK91	DEL		
OR4K14	ENSG00000169484			TK13	SNV
OR4K15	ENSG00000169488			TK14	SNV
OR4K17	ENSG00000176230	TK91	DEL		
OR4K5	ENSG00000176281			TK14	SNV
OR4K7P	ENSG00000265340			TK18	SNV
OR4L1	ENSG00000176246			TK13	SNV
OR4M1	ENSG00000176299			TK14	SNV
OR4N1P	ENSG00000258564			TK13	SNV
OR4N4C	ENSG00000279408			TK13	SNV
OR4N5	ENSG00000184394	TK91	DEL		
OR4Q2	ENSG00000196383			TK14	SNV
OR4Q3	ENSG00000182652			TK13	SNV
OR4X1	ENSG00000176567			TK13	SNV
OR4X2	ENSG00000172208			TK13	SNV
OR51A10P	ENSG00000230484			TK91	SNV
OR51A2	ENSG00000205496			TK13	SNV
OR51D1	ENSG00000197428			TK14	SNV
OR51G1	ENSG00000278870			TK14	SNV
OR51I1	ENSG00000167359			TK91	SNV
OR51J1	ENSG00000184321			TK13	SNV
OR51S1	ENSG00000176922			TK14	SNV
OR52A1	ENSG00000182070			TK13	SNV
OR52A4P	ENSG00000205494			TK13	SNV
OR52B1P	ENSG00000180909			TK14	SNV
OR52B2	ENSG00000255307			TK92	SNV
OR52B3P	ENSG00000175800			TK91	SNV
OR52B4	ENSG00000221996			TK13	INDEL
OR52B5P	ENSG00000231049			TK92	SNV
OR52B6	ENSG00000187747			TK13	SNV
OR52E4	ENSG00000180974			TK92	SNV
OR52E8	ENSG00000183269			TK14	SNV
OR52H2P	ENSG00000248553			TK92	SNV
OR52J2P	ENSG00000230261			TK10	SNV
OR52L2P	ENSG00000262980			TK13	SNV
OR52M1	ENSG00000197790			TK13	SNV
OR52N1	ENSG00000181001			TK14	SNV
OR52W1	ENSG00000175485			TK92	SNV
OR56A4	ENSG00000183389			TK14	SNV
OR56A5	ENSG00000188691			TK18	SNV
OR56B2P	ENSG00000181017			TK10	SNV
OR56B3P	ENSG00000180913			TK18	SNV
OR5AR1	ENSG00000172459			TK14	SNV
OR5B15P	ENSG00000273408			TK91	SNV
OR5B17	ENSG00000197786			TK14	SNV
OR5B19P	ENSG00000255431			TK13	SNV
OR5BA1P	ENSG00000255303			TK91	SNV
OR5C1	ENSG00000148215			TK93	SNV
OR5D14	ENSG00000186113			TK13	SNV
OR5D16	ENSG00000205029			TK13	SNV
OR5D18	ENSG00000186119			TK13	SNV
OR5E1P	ENSG00000170688	TK92	DEL		
OR5F1	ENSG00000149133			TK13	SNV
OR5H14	ENSG00000236032			TK13	SNV
OR5H4P	ENSG00000248507			TK14	SNV
OR5H8	ENSG00000232535			TK13	SNV
OR5M10	ENSG00000254834			TK13	SNV
OR5M11	ENSG00000255223			TK91	SNV
OR5M3	ENSG00000174937			TK13	SNV
OR5M5P	ENSG00000185701			TK91	SNV
OR5P1P	ENSG00000166408	TK92	DEL		
OR5P2	ENSG00000183303	TK92	DEL	TK13	SNV
OR5P3	ENSG00000182334	TK92	DEL	TK93	SNV
OR5P4P	ENSG00000227892	TK92	DEL		
OR5W2	ENSG00000187612			TK13	SNV
OR6B1	ENSG00000221813			TK13	SNV
OR6B2	ENSG00000182083			TK13	SNV
OR6B3	ENSG00000178586			TK10	SNV
OR6C2	ENSG00000179695	TK91	DEL	TK14	SNV
OR6C65	ENSG00000205328	TK91	DEL		
OR6C66P	ENSG00000233606	TK91	DEL		
OR6C70	ENSG00000184954	TK91	DEL		
OR6C71P	ENSG00000203408	TK91	DEL		
OR6C73P	ENSG00000257414	TK91	DEL		
OR6C74	ENSG00000197706			TK13	SNV
OR6C75	ENSG00000187857	TK91	DEL	TK10	SNV
OR6C76	ENSG00000185821	TK91	DEL	TK13	SNV
OR6C7P	ENSG00000257757			TK16	SNV
OR6D1P	ENSG00000224402			TK13	SNV
OR6E1P	ENSG00000235213			TK16	SNV
OR6K3	ENSG00000203757			TK16	INDEL,SNV
OR6K6	ENSG00000180433			TK13	SNV
OR6L1P	ENSG00000233685	TK91	DEL		
OR6M1	ENSG00000196099			TK13	SNV
OR6P1	ENSG00000186440			TK91	SNV
OR6Q1	ENSG00000279051			TK14	SNV
OR6S1	ENSG00000181803			TK13	SNV
OR6T1	ENSG00000181499			TK13	SNV
OR7A10	ENSG00000127515			TK14	SNV
OR7A15P	ENSG00000176923			TK14	SNV
OR7A19P	ENSG00000272963	TK13	DEL		
OR7A3P	ENSG00000269787			TK13	SNV
OR7E103P	ENSG00000198787			TK14	SNV
OR7E108P	ENSG00000270432			TK16	INDEL
OR7E109P	ENSG00000236316			TK16	INDEL
OR7E110P	ENSG00000235623	TK92	DEL		
OR7E111FP	ENSG00000250804			TK13	SNV
OR7E115P	ENSG00000182531	TK92	DEL	TK13	SNV
OR7E11P	ENSG00000285537			TK14	SNV
OR7E149P	ENSG00000177586			TK13	SNV
OR7E155P	ENSG00000234655			TK13	SNV
OR7E23P	ENSG00000228433			TK12	SNV
OR7E24	ENSG00000237521			TK13	SNV
OR7E26P	ENSG00000228547	TK92	DEL		
OR7E35P	ENSG00000250425			TK13	SNV
OR7E37P	ENSG00000215480			TK93	SNV
OR7E43P	ENSG00000249844			TK13	SNV
OR7E46P	ENSG00000234485			TK91	SNV
OR7E47P	ENSG00000257542			TK92	SNV
OR7E4P	ENSG00000255261			TK13	SNV
OR7E62P	ENSG00000234896			TK13	SNV
OR7E66P	ENSG00000243674			TK92	SNV
OR7E84P	ENSG00000284689			TK91	SNV
OR7E85BP	ENSG00000197468			TK14	SNV
OR7E87P	ENSG00000184055			TK14	SNV
OR7E90P	ENSG00000188668			TK14	SNV
OR7E99P	ENSG00000250710			TK14	SNV
OR7G1	ENSG00000161807			TK14	SNV
OR7G2	ENSG00000170923			TK13	SNV
OR7L1P	ENSG00000232787	TK91	DEL		
OR7M1P	ENSG00000273336			TK93	INDEL
OR8B1P	ENSG00000227737			TK13	SNV
OR8B2	ENSG00000284680			TK14	SNV
OR8D1	ENSG00000196341			TK14	SNV
OR8G3P	ENSG00000255425			TK13	SNV
OR8H1	ENSG00000181693			TK13	SNV
OR8J2	ENSG00000254658			TK13	SNV
OR8U1	ENSG00000172199			TK14	SNV
OR8U3	ENSG00000279961			TK14	SNV
OR9G1	ENSG00000174914			TK13	INDEL,SNV
OR9G3P	ENSG00000181325			TK13	SNV
OR9K1P	ENSG00000196534			TK18	SNV
OR9Q1	ENSG00000186509			TK14	SNV
OR9Q2	ENSG00000186513			TK14	SNV
ORC6	ENSG00000091651	TK16	DEL		
ORM1	ENSG00000229314	TK91	DEL		
ORMDL1P1	ENSG00000228997			TK91	SNV
OS9	ENSG00000135506			TK18	SNV
OSBPL8	ENSG00000091039	TK14	DEL		
OSER1	ENSG00000132823	TK14	DEL		
OSGIN2	ENSG00000164823	TK14	DEL		
OSMR-DT	ENSG00000249740			TK93	SNV
OSTCP2	ENSG00000225294			TK91	SNV
OSTCP4	ENSG00000220924			TK10	SNV
OSTCP5	ENSG00000234315	TK91	DEL		
OTP	ENSG00000171540	TK10	DEL		
OTUD4	ENSG00000164164	TK14	DEL		
OTUD6B-AS1	ENSG00000253738	TK10	DEL		
OTUD7B	ENSG00000264522	TK16	DEL		
OVAAL	ENSG00000236719			TK10	SNV
OVOL1-AS1	ENSG00000255120			TK18	SNV
OXA1L	ENSG00000155463	TK93	DEL		
OXCT1-AS1	ENSG00000248668	TK13	DEL		
OXCT2P1	ENSG00000237624	TK10	DEL		
OXGR1	ENSG00000165621			TK13	SNV
P2RX4	ENSG00000135124	TK13	DEL		
P2RX7	ENSG00000089041	TK14	DEL		
P3H3	ENSG00000110811	TK16	DEL		
P3H4	ENSG00000141696	TK10	DEL		
P4HA2-AS1	ENSG00000237714			TK10	SNV
P4HA3-AS1	ENSG00000246211			TK13	SNV
PABIR2	ENSG00000156504	TK14	DEL		
PABPC1P10	ENSG00000239443			TK92	SNV
PABPC1P2	ENSG00000198526			TK14	SNV
PABPC1P6	ENSG00000227497			TK13	SNV
PABPC4L	ENSG00000254535			TK93	SNV
PABPC5	ENSG00000174740			TK92	SNV
PACRG-AS2	ENSG00000225437			TK10	SNV
PACS2	ENSG00000179364	TK13	DEL		
PADI1	ENSG00000142623	TK16	DEL		
PADI2	ENSG00000117115	TK16	DEL		
PADI4	ENSG00000159339	TK91	DEL		
PADI6	ENSG00000276747	TK91	DEL		
PAFAH1B1P1	ENSG00000214354			TK93	INDEL,SNV
PAFAH1B2	ENSG00000168092	TK10	DEL		
PAFAH2	ENSG00000158006	TK18	DEL		
PAGE1	ENSG00000068985			TK13	SNV
PAGE2	ENSG00000234068			TK93	SNV
PAGE2B	ENSG00000238269			TK93	SNV
PAGE4	ENSG00000101951			TK14	SNV
PAGR1	ENSG00000280789	TK91	DEL		
PAIP1P2	ENSG00000174977	TK14	DEL		
PAIP2	ENSG00000120727	TK18	DEL		
PAK6	ENSG00000137843	TK16	DEL		
PALD1	ENSG00000107719	TK14	DEL		
PALM2AKAP2	ENSG00000157654			TK91	SNV
PANO1	ENSG00000288675	TK91	DEL		
PANX3	ENSG00000154143			TK13	SNV
PAPPA-AS2	ENSG00000226604			TK14	SNV
PAQR4	ENSG00000162073	TK93	DEL		
PAQR6	ENSG00000160781	TK92	DEL		
PARD6BP1	ENSG00000237025	TK91	DEL		
PARGP1	ENSG00000239883	TK92	DEL		
PARLP1	ENSG00000239835			TK91	SNV
PARN	ENSG00000140694	TK13	DEL		
PARP12	ENSG00000059378	TK12	DEL		
PARP2	ENSG00000129484			TK14	SNV
PARP4P3	ENSG00000249263	TK92	DEL		
PARPBP	ENSG00000185480	TK13	DEL		
PASK	ENSG00000115687	TK92	DEL		
PATE1	ENSG00000171053	TK93	DEL		
PATE2	ENSG00000196844	TK93	DEL		
PATE3	ENSG00000236027	TK93	DEL		
PATE4	ENSG00000237353	TK93	DEL		
PATJ-DT	ENSG00000271200			TK12	SNV
PAX3	ENSG00000135903			TK14	SNV
PAX4	ENSG00000106331			TK13	SNV
PAX7	ENSG00000009709			TK13	SNV
PAXIP1	ENSG00000157212	TK91	DEL		
PBX1-AS1	ENSG00000233693			TK93	SNV
PBX3	ENSG00000167081	TK10	DEL		
PCARE	ENSG00000179270			TK13	SNV
PCCA-AS1	ENSG00000234650	TK14	DEL		
PCDH11Y	ENSG00000099715			TK91	SNV
PCDH9-AS1	ENSG00000234527			TK10	SNV
PCDH9-AS2	ENSG00000228842			TK91	SNV
PCDH9-AS3	ENSG00000225263			TK10	SNV
PCDHA5	ENSG00000204965			TK93	SNV
PCDHA7	ENSG00000204963			TK10	SNV
PCDHB17P	ENSG00000255622	TK92	DEL		
PCDHB18P	ENSG00000290894			TK18	SNV
PCDHB4	ENSG00000081818	TK92	DEL		
PCDHB5	ENSG00000113209	TK92	DEL		
PCDHB6	ENSG00000113211	TK92	DEL		
PCDHB7	ENSG00000113212	TK92	DEL		
PCDHB8	ENSG00000120322	TK92	DEL		
PCDHGA1	ENSG00000204956	TK92	DEL		
PCDHGA2	ENSG00000081853	TK92	DEL		
PCDHGA3	ENSG00000254245	TK92	DEL		
PCDHGA4	ENSG00000262576	TK92	DEL		
PCDHGB2	ENSG00000253910	TK92	DEL		
PCF11	ENSG00000165494	TK93	DEL		
PCGF5	ENSG00000180628	TK93	DEL		
PCK2	ENSG00000100889	TK10	DEL		
PCMTD1	ENSG00000168300	TK14	DEL		
PCMTD1P7	ENSG00000282949	TK91	DEL		
PCNPP3	ENSG00000213344			TK92	INDEL,SNV
PCOLCE	ENSG00000106333	TK13	DEL		
PCOLCE-AS1	ENSG00000224729	TK13	DEL		
PCP4L1	ENSG00000248485	TK14	DEL		
PCTP	ENSG00000141179	TK14	DEL		
PCYOX1L	ENSG00000145882	TK92	DEL		
PDCD1	ENSG00000188389	TK91	DEL		
PDCD10	ENSG00000114209	TK14	DEL		
PDCD2	ENSG00000071994	TK10	DEL		
PDCD4	ENSG00000150593	TK14	DEL		
PDCD5P1	ENSG00000255909			TK92	SNV
PDCD6-AHRR	ENSG00000288622	TK13	DEL		
PDCD6IPP1	ENSG00000275325	TK92	DEL		
PDCD7	ENSG00000090470	TK14	DEL		
PDCL3P6	ENSG00000224255			TK91	SNV
PDE3B	ENSG00000152270	TK91	DEL		
PDE4D	ENSG00000113448	TK91	DEL		
PDE4DIPP8	ENSG00000225710			TK14	SNV
PDE4DIPP9	ENSG00000230239			TK92	SNV
PDE5A	ENSG00000138735	TK18	DEL		
PDE6B-AS1	ENSG00000242686			TK10	SNV
PDE6H	ENSG00000139053			TK10	SNV
PDIA3P1	ENSG00000180867	TK92	DEL		
PDK1-AS1	ENSG00000225205	TK91	DEL		
PDLIM1P4	ENSG00000249274	TK10	DEL		
PDP1	ENSG00000164951	TK91	DEL		
PDPR2P	ENSG00000214331	TK92	DEL		
PEBP1P1	ENSG00000259059			TK14	SNV
PEBP1P3	ENSG00000236278	TK14	DEL	TK12	SNV
PECR	ENSG00000115425	TK13	DEL		
PEDS1	ENSG00000240849	TK91	DEL		
PELATON	ENSG00000224397			TK13	SNV
PEMT	ENSG00000133027	TK13	DEL		
PERCC1	ENSG00000284395			TK14	SNV
PES1	ENSG00000100029	TK12	DEL		
PEX1	ENSG00000127980	TK14	DEL		
PEX10	ENSG00000157911	TK18	DEL		
PEX11G	ENSG00000104883	TK18	DEL		
PEX12	ENSG00000108733	TK92	DEL		
PEX12P1	ENSG00000215418			TK92	SNV
PEX19	ENSG00000162735	TK91	DEL		
PEX3	ENSG00000034693	TK14	DEL		
PEX5L-AS1	ENSG00000243799			TK92	SNV
PEX7	ENSG00000112357	TK93	DEL		
PF4V1	ENSG00000109272			TK12	SNV
PFDN1	ENSG00000113068	TK13	DEL		
PFDN4	ENSG00000101132	TK18	DEL		
PFDN6	ENSG00000204220	TK91	DEL		
PFKFB4	ENSG00000114268	TK13	DEL		
PFKL	ENSG00000141959	TK93	DEL		
PFKM	ENSG00000152556	TK13	DEL		
PFKP-DT	ENSG00000273001			TK91	SNV
PFN1P8	ENSG00000244371	TK92	DEL		
PFN3	ENSG00000196570			TK91	SNV
PGA5	ENSG00000256713			TK91	SNV
PGAM1P11	ENSG00000233623	TK91	DEL		
PGAM1P7	ENSG00000213997			TK10	SNV
PGAM3P	ENSG00000237256			TK13	INDEL
PGAP3	ENSG00000161395	TK10	DEL		
PGAP4	ENSG00000165152			TK16	SNV
PGBD4P5	ENSG00000225136			TK13	SNV
PGC	ENSG00000096088			TK13	SNV
PGK1	ENSG00000102144	TK13	DEL		
PGLYRP4	ENSG00000163218			TK93	SNV
PGRMC1	ENSG00000101856	TK13	DEL		
PHB1	ENSG00000167085			TK92	SNV
PHB1P13	ENSG00000234835			TK13	SNV
PHB1P15	ENSG00000262648			TK91	SNV
PHB1P5	ENSG00000233523			TK93	SNV
PHB1P7	ENSG00000213711	TK92	DEL	TK91	SNV
PHC1P1	ENSG00000179899	TK91	DEL		
PHC2	ENSG00000134686	TK93	DEL		
PHF12	ENSG00000109118	TK10	DEL		
PHF13	ENSG00000116273	TK92	DEL		
PHF14	ENSG00000106443	TK14	DEL		
PHF20L1	ENSG00000129292	TK14	DEL		
PHF23	ENSG00000040633	TK91	DEL		
PHF3	ENSG00000118482	TK91	DEL		
PHF7	ENSG00000010318	TK14	DEL		
PHKBP1	ENSG00000226262			TK91	SNV
PHOSPHO2	ENSG00000144362			TK13	SNV
PHPT1	ENSG00000054148			TK92	SNV
PHTF2	ENSG00000006576	TK92	DEL		
PI4K2A	ENSG00000155252	TK91	DEL		
PI4KAP2	ENSG00000183506	TK14	DEL		
PIBF1	ENSG00000083535	TK14	DEL		
PICSAR	ENSG00000275874			TK14	SNV
PIDD1	ENSG00000177595	TK91	DEL		
PIEZO1P2	ENSG00000237121			TK10	SNV
PIGF	ENSG00000151665	TK91	DEL		
PIGG	ENSG00000174227	TK13	DEL		
PIGHP1	ENSG00000259657	TK14	DEL		
PIGM	ENSG00000143315	TK91	DEL		
PIGP	ENSG00000185808	TK18	DEL		
PIGV	ENSG00000060642	TK13	DEL		
PIK3CD-AS1	ENSG00000179840			TK18	SNV
PIK3CD-AS2	ENSG00000231789	TK10	DEL		
PIK3CG	ENSG00000105851	TK14	DEL		
PIK3R2	ENSG00000105647	TK91	DEL		
PIKFYVE	ENSG00000115020	TK18	DEL		
PILRB	ENSG00000121716	TK93	DEL		
PIM3	ENSG00000198355	TK93	DEL		
PIMREGP4	ENSG00000248340			TK93	SNV
PIN1P1	ENSG00000229359			TK13	SNV
PIP4K2B	ENSG00000276293	TK14	DEL		
PIP5K1A	ENSG00000143398	TK10	DEL		
PIP5K1P2	ENSG00000229435			TK92	SNV
PITPNB	ENSG00000180957	TK13	DEL		
PITPNM1	ENSG00000110697	TK93	DEL		
PITRM1	ENSG00000107959	TK10	DEL		
PKD1L2	ENSG00000166473			TK92	SNV
PKD1P3	ENSG00000183458	TK92	DEL		
PKD2	ENSG00000118762	TK16	DEL		
PKP2	ENSG00000057294	TK10	DEL		
PKP4	ENSG00000144283	TK91	DEL		
PLA2G10BP	ENSG00000254609			TK93	SNV
PLA2G10CP	ENSG00000260908	TK91	DEL		
PLA2G10DP	ENSG00000261419	TK92	DEL		
PLA2G10EP	ENSG00000255037	TK92	DEL		
PLA2G10GP	ENSG00000277770	TK91	DEL		
PLA2G10IP	ENSG00000276484			TK92	SNV
PLA2G10JP	ENSG00000261203			TK92	SNV
PLA2G10KP	ENSG00000278528			TK91	SNV
PLA2G15	ENSG00000103066	TK18	DEL		
PLA2G2E	ENSG00000188784			TK93	SNV
PLA2G2F	ENSG00000158786			TK91	SNV
PLA2G3	ENSG00000100078			TK13	SNV
PLA2G4D	ENSG00000159337			TK13	SNV
PLA2G4F	ENSG00000168907			TK14	SNV
PLA2G5	ENSG00000127472			TK10	SNV
PLA2G6	ENSG00000184381	TK13	DEL		
PLA2G7	ENSG00000146070			TK92	SNV
PLAAT2	ENSG00000133328	TK10	DEL		
PLAAT5	ENSG00000168004			TK14	SNV
PLAC8	ENSG00000145287	TK92	DEL		
PLAC9P1	ENSG00000291116			TK91	SNV
PLAG1	ENSG00000181690	TK92	DEL		
PLCE1-AS2	ENSG00000232913			TK92	SNV
PLCH1-AS2	ENSG00000242925			TK14	SNV
PLCL1	ENSG00000115896	TK13	DEL		
PLD5P1	ENSG00000283930	TK93	DEL		
PLEKHA2	ENSG00000169499	TK14	DEL		
PLEKHA7	ENSG00000166689	TK13	DEL		
PLEKHG1	ENSG00000120278			TK91	SNV
PLEKHM1	ENSG00000225190	TK13	DEL		
PLEKHM2	ENSG00000116786	TK13	DEL		
PLGRKT	ENSG00000107020	TK91	DEL		
PLK3	ENSG00000173846	TK92	DEL		
PLLP	ENSG00000102934	TK91	DEL		
PLPBP	ENSG00000147471	TK13	DEL		
PLPPR2	ENSG00000105520	TK92	DEL		
PLPPR5	ENSG00000117598			TK10	SNV
PLRG1	ENSG00000171566	TK12	DEL		
PLSCR2	ENSG00000163746	TK92	DEL		
PLXNB1	ENSG00000164050	TK10	DEL		
PMCHL2	ENSG00000169040			TK91	INDEL
PMF1-BGLAP	ENSG00000260238	TK92	DEL		
PMIS2	ENSG00000283758			TK91	SNV
PMP2	ENSG00000147588			TK13	SNV
PMPCAP1	ENSG00000248817			TK93	INDEL,SNV
PMS2P10	ENSG00000273598			TK18	INDEL,SNV
PMS2P4	ENSG00000291154	TK14	DEL		
PMS2P8	ENSG00000273897			TK92	SNV
PNMA6F	ENSG00000225110			TK10	SNV
PNMA8B	ENSG00000204851	TK92	DEL	TK10	SNV
PNMA8C	ENSG00000277531			TK14	SNV
POC1A	ENSG00000164087	TK18	DEL		
POC1B	ENSG00000139323	TK92	DEL		
POC1B-AS1	ENSG00000270344	TK13	DEL		
PODN	ENSG00000174348			TK10	SNV
PODXL	ENSG00000128567	TK91	DEL		
POGK	ENSG00000143157	TK14	DEL		
POLA1	ENSG00000101868	TK13	DEL		
POLE2	ENSG00000100479	TK14	DEL		
POLH-AS1	ENSG00000203362	TK13	DEL		
POLHP1	ENSG00000232970			TK91	SNV
POLR1F	ENSG00000105849	TK14	DEL		
POLR1G	ENSG00000117877	TK92	DEL		
POLR2D	ENSG00000144231	TK93	DEL		
POLR2KP1	ENSG00000258284			TK18	SNV
POLR2L	ENSG00000177700	TK91	DEL		
POLR2LP1	ENSG00000238211	TK92	DEL		
POLR3B	ENSG00000013503	TK13	DEL		
POLR3F	ENSG00000132664	TK16	DEL		
POM121L9P	ENSG00000290696	TK10;TK10	DEL;DEL		
POMC	ENSG00000115138			TK16	SNV
POMGNT1	ENSG00000085998	TK93	DEL		
POMP	ENSG00000132963	TK14	DEL		
POMT1	ENSG00000130714	TK10	DEL		
PON2	ENSG00000105854	TK92	DEL		
POP1	ENSG00000104356	TK16	DEL		
POP5	ENSG00000167272	TK92	DEL		
POP7	ENSG00000172336	TK13	DEL		
POTEB3	ENSG00000278522			TK14	SNV
POTEC	ENSG00000183206			TK18	SNV
POTEJ	ENSG00000222038			TK13	SNV
POTEM	ENSG00000222036			TK92	SNV
POU2F2	ENSG00000028277	TK91	DEL		
POU2F2-AS1	ENSG00000254887	TK91	DEL	TK16	SNV
POU2F2-AS2	ENSG00000259436	TK91	DEL		
POU4F2	ENSG00000151615			TK13	SNV
POU5F1	ENSG00000204531	TK92	DEL		
POU5F1P5	ENSG00000236375			TK92	SNV
POU6F2	ENSG00000106536			TK18	SNV
PP12613	ENSG00000226757			TK13	SNV
PP1P	ENSG00000213383			TK92	SNV
PPARGC1A	ENSG00000109819	TK91	DEL		
PPBPP1	ENSG00000250550			TK13	SNV
PPCDC	ENSG00000138621	TK18	DEL		
PPEF1-AS1	ENSG00000237221			TK93	SNV
PPIAL4D	ENSG00000289549	TK92	DEL		
PPIAP14	ENSG00000264775			TK18	SNV
PPIAP21	ENSG00000226038			TK92	SNV
PPIAP26	ENSG00000150276			TK91	SNV
PPIAP3	ENSG00000235044			TK18	SNV
PPIAP33	ENSG00000178654			TK14	SNV
PPIAP35	ENSG00000232369	TK91	DEL		
PPIAP36	ENSG00000236872			TK13	SNV
PPIAP39	ENSG00000230018			TK14	SNV
PPIAP4	ENSG00000258591			TK92	SNV
PPIAP41	ENSG00000254463			TK92	SNV
PPIAP58	ENSG00000267258			TK91	SNV
PPIAP60	ENSG00000226961	TK91	DEL		
PPIAP64	ENSG00000236259			TK92	SNV
PPIAP66	ENSG00000226131			TK92	SNV
PPIAP68	ENSG00000213739			TK14	SNV
PPIAP7	ENSG00000173810			TK91	SNV
PPIAP8	ENSG00000225185	TK92	DEL		
PPIAP80	ENSG00000174495			TK14	SNV
PPIAP83	ENSG00000242978			TK91	SNV
PPIAP9	ENSG00000219797	TK92	DEL		
PPIAP90	ENSG00000234557			TK93	SNV
PPIE	ENSG00000084072			TK10	SNV
PPIHP1	ENSG00000230911	TK14	DEL		
PPIL1P1	ENSG00000237951			TK13	SNV
PPIL2	ENSG00000100023	TK93	DEL		
PPM1B-DT	ENSG00000273106			TK18	SNV
PPM1D	ENSG00000170836	TK16	DEL		
PPM1J	ENSG00000155367	TK14	DEL		
PPM1J-DT	ENSG00000261595	TK14	DEL		
PPM1K	ENSG00000163644	TK10	DEL		
PPME1	ENSG00000214517	TK18	DEL		
PPOX	ENSG00000143224	TK93	DEL		
PPP1CA	ENSG00000172531	TK93	DEL		
PPP1R11P1	ENSG00000236216			TK16	SNV
PPP1R14BP3	ENSG00000179967	TK92	DEL		
PPP1R14D	ENSG00000166143	TK13	DEL		
PPP1R16A	ENSG00000160972	TK10	DEL		
PPP1R1AP1	ENSG00000255255			TK92	SNV
PPP1R1C	ENSG00000150722			TK91	SNV
PPP1R2P6	ENSG00000241661			TK92	SNV
PPP1R3B	ENSG00000173281	TK91	DEL		
PPP1R3B-DT	ENSG00000248538	TK91	DEL		
PPP1R3C	ENSG00000119938			TK13	SNV
PPP2R2DP1	ENSG00000231668			TK13	SNV
PPP2R5A	ENSG00000066027	TK10	DEL		
PPP2R5D	ENSG00000112640	TK92	DEL		
PPP4R1	ENSG00000154845	TK18	DEL		
PPP4R2P1	ENSG00000250848	TK13	DEL		
PPP5D1P	ENSG00000291145	TK92;TK92	DEL;DEL	TK92	SNV
PPP6R2P1	ENSG00000233442			TK92	SNV
PPTC7	ENSG00000196850	TK10	DEL		
PPY	ENSG00000108849			TK13	SNV
PRADX	ENSG00000235027	TK10	DEL		
PRAF2	ENSG00000243279			TK10	SNV
PRAMEF10	ENSG00000187545			TK13	SNV
PRAMEF15	ENSG00000204501			TK14	SNV
PRAMEF18	ENSG00000279804			TK14	SNV
PRAMEF19	ENSG00000204480			TK13	SNV
PRAMEF26	ENSG00000280267	TK92	DEL		
PRAMEF36P	ENSG00000229978	TK92	DEL		
PRAMEF6	ENSG00000232423			TK13	SNV
PRAMEF7	ENSG00000204510			TK14	SNV
PRC1	ENSG00000198901			TK10	SNV
PRDM10	ENSG00000170325	TK13	DEL		
PRDM4-AS1	ENSG00000258136	TK13	DEL		
PRDX2P4	ENSG00000213177			TK92	SNV
PRDX5	ENSG00000126432	TK12	DEL		
PRG3	ENSG00000156575			TK14	SNV
PRICKLE2-AS1	ENSG00000241111			TK93	SNV
PRICKLE3	ENSG00000012211	TK10	DEL		
PRIM2	ENSG00000146143	TK13	DEL		
PRKAG2-AS2	ENSG00000242048			TK92	SNV
PRKAR1AP1	ENSG00000233401			TK92	SNV
PRKCZ	ENSG00000067606	TK91	DEL		
PRKCZ-AS1	ENSG00000182873	TK91	DEL		
PRL	ENSG00000172179			TK13	SNV
PRLR	ENSG00000113494			TK13	SNV
PRMT5P1	ENSG00000249004			TK12	SNV
PROK1	ENSG00000143125			TK18	SNV
PROS2P	ENSG00000189002			TK14	SNV
PRPF38AP2	ENSG00000236582	TK91	DEL		
PRPF39-DT	ENSG00000249163			TK93	SNV
PRPH	ENSG00000135406	TK91	DEL		
PRPSAP1	ENSG00000161542	TK14	DEL		
PRPSAP2	ENSG00000141127			TK92	SNV
PRR13	ENSG00000205352			TK13	SNV
PRR13P1	ENSG00000232824			TK92	SNV
PRR13P4	ENSG00000264971			TK10	SNV
PRR13P5	ENSG00000187534	TK92	DEL		
PRR14	ENSG00000156858	TK92	DEL		
PRR15	ENSG00000176532	TK93	DEL		
PRR15-DT	ENSG00000223813	TK14	DEL		
PRR22	ENSG00000212123	TK91	DEL		
PRR3	ENSG00000204576	TK18	DEL		
PRR32	ENSG00000183631			TK13	SNV
PRR35	ENSG00000161992			TK13	SNV
PRR5-ARHGAP8	ENSG00000248405	TK18	DEL		
PRRC1	ENSG00000164244	TK18	DEL		
PRRT2	ENSG00000167371	TK91	DEL		
PRRX2-AS1	ENSG00000236024			TK10	SNV
PRSS22	ENSG00000005001			TK13	SNV
PRSS23-AS1	ENSG00000255471			TK93	SNV
PRSS29P	ENSG00000196364			TK14	SNV
PRSS3P4	ENSG00000204982			TK13	SNV
PRSS43P	ENSG00000286651			TK91	SNV
PRSS45P	ENSG00000188086			TK10	SNV
PRSS50	ENSG00000283706			TK10	SNV
PRXL2CP1	ENSG00000237963			TK93	SNV
PSAT1	ENSG00000135069	TK14	DEL		
PSAT1P1	ENSG00000253810			TK13	SNV
PSD2-AS1	ENSG00000249131			TK91	SNV
PSG6	ENSG00000170848			TK13	SNV
PSG8	ENSG00000124467			TK13	SNV
PSIP1	ENSG00000164985	TK18	DEL		
PSLNR	ENSG00000225255			TK91	SNV
PSMA2P2	ENSG00000251234	TK91	DEL		
PSMA2P3	ENSG00000227890			TK91	SNV
PSMA3P1	ENSG00000258563	TK92	DEL		
PSMA4	ENSG00000041357	TK12	DEL		
PSMA7	ENSG00000101182	TK12	DEL		
PSMB10	ENSG00000205220	TK91	DEL		
PSMB3	ENSG00000277791	TK14	DEL		
PSMB3P1	ENSG00000258907			TK93	SNV
PSMB3P2	ENSG00000235444			TK92	SNV
PSMB7P1	ENSG00000259074	TK91	DEL		
PSMC1P11	ENSG00000217385			TK91	SNV
PSMC1P4	ENSG00000248781			TK92	SNV
PSMC1P7	ENSG00000243838			TK14	SNV
PSMC2	ENSG00000161057	TK12	DEL		
PSMC3IP	ENSG00000131470	TK18	DEL		
PSMD10	ENSG00000101843	TK12	DEL		
PSMD10P2	ENSG00000226652			TK18	SNV
PSMG1	ENSG00000183527	TK12	DEL		
PSORS1C1	ENSG00000204540	TK92	DEL		
PSORS1C2	ENSG00000204538	TK92	DEL		
PSORS1C3	ENSG00000204528	TK92	DEL		
PSPHP1	ENSG00000226278	TK92	DEL		
PSTPIP1	ENSG00000140368	TK14	DEL		
PTAR1	ENSG00000188647	TK13	DEL		
PTCHD3P1	ENSG00000274985	TK92	DEL	TK12	SNV
PTCSC2	ENSG00000236130			TK18	SNV
PTDSS1	ENSG00000156471	TK13	DEL		
PTDSS2	ENSG00000174915	TK13	DEL		
PTF1A	ENSG00000168267			TK13	SNV
PTGDS	ENSG00000107317			TK92	SNV
PTGER4P3	ENSG00000239684			TK18	SNV
PTGES3P3	ENSG00000229204	TK13	DEL	TK91	SNV
PTGIR	ENSG00000160013	TK92	DEL	TK13	SNV
PTGIS	ENSG00000124212	TK92	DEL		
PTH2	ENSG00000142538			TK10	SNV
PTH2R	ENSG00000144407			TK93	SNV
PTMAP3	ENSG00000218902			TK92	SNV
PTMAP6	ENSG00000237000			TK13	SNV
PTP4A1P1	ENSG00000231158			TK91	SNV
PTP4A1P3	ENSG00000226254			TK93	SNV
PTP4A1P7	ENSG00000237514			TK92	INDEL,SNV
PTPA	ENSG00000119383	TK14	DEL		
PTPN11P5	ENSG00000248113	TK92	DEL		
PTPN2P2	ENSG00000224117			TK91	SNV
PTPN7	ENSG00000143851	TK16	DEL		
PTPRC	ENSG00000081237	TK14	DEL		
PTPRF	ENSG00000142949	TK10	DEL		
PTPRJ-AS1	ENSG00000254879			TK92	SNV
PTPRN	ENSG00000054356			TK92	SNV
PTPRN2-AS1	ENSG00000233038			TK91	SNV
PTS	ENSG00000150787	TK13	DEL		
PTTG4P	ENSG00000258571	TK13	DEL		
PUDPP2	ENSG00000233792			TK92	SNV
PUM3	ENSG00000080608	TK14	DEL		
PUS7L	ENSG00000129317	TK93	DEL		
PUSL1	ENSG00000169972	TK92	DEL		
PVRIG2P	ENSG00000235333	TK93	DEL		
PWRN1	ENSG00000259905			TK10	SNV
PWWP3A	ENSG00000160953	TK91	DEL		
PXMP4	ENSG00000101417	TK91	DEL		
PYDC1	ENSG00000169900	TK18	DEL		
QDPR	ENSG00000151552	TK18	DEL		
QPRT	ENSG00000103485	TK10	DEL		
QRSL1P1	ENSG00000215833			TK91	SNV
QRSL1P2	ENSG00000227613			TK13	SNV
QSER1	ENSG00000060749	TK13	DEL		
R3HCC1L	ENSG00000166024	TK13	DEL		
R3HDM2P2	ENSG00000216817			TK14	SNV
RAB11FIP1P1	ENSG00000228492	TK91	DEL		
RAB33B	ENSG00000172007	TK13	DEL		
RAB35	ENSG00000111737	TK93	DEL		
RAB36	ENSG00000100228	TK92	DEL		
RAB3A	ENSG00000105649	TK16	DEL		
RAB3D	ENSG00000105514	TK92	DEL		
RAB3GAP1	ENSG00000115839	TK13	DEL		
RAB3IP	ENSG00000127328	TK92	DEL		
RAB4B	ENSG00000167578	TK92	DEL		
RAB4B-EGLN2	ENSG00000171570	TK92	DEL		
RAB6A	ENSG00000175582	TK14	DEL		
RAB6C-AS1	ENSG00000290615			TK10	SNV
RAB7A	ENSG00000075785			TK10	SNV
RAB9AP2	ENSG00000223856			TK93	SNV
RABEPK	ENSG00000136933	TK13	DEL		
RABGGTA	ENSG00000100949	TK92	DEL		
RACK1P3	ENSG00000249239			TK13	SNV
RAD21-AS1	ENSG00000253327			TK13	SNV
RAD51	ENSG00000051180	TK13	DEL		
RAD52P1	ENSG00000237964			TK91	SNV
RAD54L	ENSG00000085999	TK14	DEL		
RAET1G	ENSG00000203722			TK92	SNV
RALGAPA1	ENSG00000174373	TK92	DEL		
RAMAC	ENSG00000169612	TK12	DEL		
RANBP3-DT	ENSG00000266983	TK91	DEL		
RANP5	ENSG00000228054	TK92	DEL		
RANP6	ENSG00000213370	TK92	DEL		
RAP2A	ENSG00000125249	TK14	DEL		
RAP2CP1	ENSG00000270938	TK91	DEL		
RARRES2P11	ENSG00000283123			TK10	SNV
RARRES2P2	ENSG00000213543			TK10	SNV
RASGEF1A	ENSG00000198915	TK92	DEL		
RASGRP3	ENSG00000152689	TK91	DEL		
RASSF3-DT	ENSG00000256670			TK93	SNV
RASSF7	ENSG00000099849	TK91	DEL		
RAX2	ENSG00000173976			TK93	SNV
RBBP4P5	ENSG00000256737			TK91	SNV
RBBP9	ENSG00000089050	TK14	DEL		
RBFA	ENSG00000101546	TK18	DEL		
RBIS	ENSG00000176731	TK10	DEL		
RBM17P3	ENSG00000237207			TK10	SNV
RBM22P1	ENSG00000265097			TK93	SNV
RBM22P4	ENSG00000277769			TK12	SNV
RBM3	ENSG00000102317	TK93	DEL		
RBM38-AS1	ENSG00000218018	TK93	DEL		
RBM48	ENSG00000127993	TK16	DEL		
RBM4B	ENSG00000173914	TK14	DEL		
RBMS1	ENSG00000153250	TK10	DEL		
RBMS3-AS1	ENSG00000235593			TK93	SNV
RBMS3-AS3	ENSG00000235904			TK10	SNV
RBMX2	ENSG00000134597	TK14	DEL		
RBMY1A3P	ENSG00000197038			TK18	INDEL,SNV
RBMY2KP	ENSG00000225809			TK92	SNV
RBMY2NP	ENSG00000229208			TK92	SNV
RBMY2QP	ENSG00000236718	TK18	DEL	TK18	INDEL,SNV
RBP4	ENSG00000138207			TK13	SNV
RCAN1	ENSG00000159200	TK10	DEL		
RCC2-AS1	ENSG00000227751	TK91	DEL		
RCC2P7	ENSG00000220666			TK92	SNV
RCC2P8	ENSG00000250185			TK92	SNV
RCCD1-AS1	ENSG00000258384	TK91	DEL		
RCN2	ENSG00000117906	TK14	DEL		
RCN3	ENSG00000142552	TK18	DEL		
RD3	ENSG00000198570			TK13	SNV
RDH11	ENSG00000072042	TK14	DEL		
RDH12	ENSG00000139988			TK91	SNV
REEP5	ENSG00000129625	TK16	DEL		
REG4	ENSG00000134193			TK13	SNV
RELCH	ENSG00000134444	TK91	DEL		
RELL1	ENSG00000181826	TK13	DEL		
REM1	ENSG00000088320	TK92	DEL		
REN	ENSG00000143839			TK14	SNV
REPS1	ENSG00000135597	TK93	DEL		
RER1	ENSG00000157916	TK13	DEL		
REREP1Y	ENSG00000225189			TK92	SNV
RESF1	ENSG00000174718	TK14	DEL		
RETN	ENSG00000104918			TK14	SNV
RETSAT	ENSG00000042445	TK12	DEL		
REX1BD	ENSG00000006015	TK12	DEL		
REXO5	ENSG00000005189	TK13	DEL		
RFC1	ENSG00000035928	TK14	DEL		
RFC2	ENSG00000049541	TK13	DEL		
RFESDP1	ENSG00000231650			TK92	SNV
RFK	ENSG00000135002	TK13	DEL		
RFKP3	ENSG00000241546			TK91	SNV
RFKP4	ENSG00000230769	TK14	DEL	TK92	SNV
RFLNA	ENSG00000178882	TK14	DEL		
RFLNB	ENSG00000183688	TK12	DEL		
RFT1	ENSG00000163933	TK14	DEL		
RGL2	ENSG00000237441	TK91	DEL		
RGL3	ENSG00000205517	TK92	DEL		
RGS16	ENSG00000143333	TK14	DEL		
RGS22	ENSG00000132554			TK13	SNV
RGS8	ENSG00000135824	TK14	DEL		
RHBDD1	ENSG00000144468	TK14	DEL		
RHBDD3	ENSG00000100263	TK93	DEL		
RHBG	ENSG00000132677	TK92	DEL		
RHCE	ENSG00000188672	TK14	DEL		
RHNO1	ENSG00000171792	TK12	DEL		
RHO	ENSG00000163914			TK13	SNV
RHOH	ENSG00000168421	TK13	DEL		
RHOXF1	ENSG00000101883	TK91	DEL		
RHOXF1P3	ENSG00000282933	TK14	DEL		
RHOXF2B	ENSG00000203989			TK14	SNV
RIF1	ENSG00000080345	TK92	DEL		
RIIAD1	ENSG00000178796	TK92	DEL		
RILPL2	ENSG00000150977	TK91	DEL		
RIN3	ENSG00000100599	TK16	DEL		
RIPOR3-AS1	ENSG00000234693			TK91	SNV
RIPPLY2	ENSG00000203877			TK13	SNV
RMEL3	ENSG00000250961			TK91	SNV
RN7SK	ENSG00000283293			TK93	SNV
RN7SKP102	ENSG00000223118			TK93	SNV
RN7SKP108	ENSG00000223299			TK92	SNV
RN7SKP112	ENSG00000223145			TK92	SNV
RN7SKP113	ENSG00000200761			TK93	SNV
RN7SKP114	ENSG00000222259			TK18	SNV
RN7SKP130	ENSG00000201794			TK92	SNV
RN7SKP143	ENSG00000222451			TK93	SNV
RN7SKP150	ENSG00000222448			TK92	SNV
RN7SKP161	ENSG00000223042			TK93	SNV
RN7SKP169	ENSG00000223056			TK93	INDEL,SNV
RN7SKP173	ENSG00000199691			TK18	SNV
RN7SKP177	ENSG00000222499			TK92	SNV
RN7SKP187	ENSG00000202406	TK13	DEL		
RN7SKP198	ENSG00000238324			TK92	SNV
RN7SKP204	ENSG00000202351			TK93	SNV
RN7SKP207	ENSG00000223136			TK92	SNV
RN7SKP214	ENSG00000201078			TK93	INDEL,SNV
RN7SKP228	ENSG00000222974			TK93	SNV
RN7SKP229	ENSG00000222397			TK92	SNV
RN7SKP271	ENSG00000222460			TK10	SNV
RN7SKP273	ENSG00000223324	TK14	DEL		
RN7SKP281	ENSG00000222404			TK91	SNV
RN7SKP292	ENSG00000202392			TK91	SNV
RN7SKP299	ENSG00000271765			TK91	INDEL
RN7SKP34	ENSG00000251951			TK92	SNV
RN7SKP45	ENSG00000200379			TK91	SNV
RN7SKP47	ENSG00000202217			TK93	SNV
RN7SKP55	ENSG00000201758			TK93	SNV
RN7SKP56	ENSG00000222445			TK92	SNV
RN7SKP63	ENSG00000200057			TK91	SNV
RN7SKP67	ENSG00000251714			TK92	SNV
RN7SKP69	ENSG00000202260			TK92	SNV
RN7SKP70	ENSG00000252464	TK14	DEL		
RN7SKP90	ENSG00000199883	TK13	DEL		
RN7SKP95	ENSG00000199730			TK91	SNV
RN7SKP97	ENSG00000222898			TK13	SNV
RN7SL1	ENSG00000276168	TK93	DEL		
RN7SL111P	ENSG00000243510			TK91	SNV
RN7SL116P	ENSG00000240474			TK18	SNV
RN7SL118P	ENSG00000266420			TK10	SNV
RN7SL11P	ENSG00000239316			TK93	SNV
RN7SL123P	ENSG00000266863	TK14	DEL	TK10	SNV
RN7SL12P	ENSG00000239553			TK10	SNV
RN7SL130P	ENSG00000244256	TK14	DEL		
RN7SL140P	ENSG00000266059	TK93	DEL		
RN7SL141P	ENSG00000243398			TK92	INDEL,SNV
RN7SL145P	ENSG00000244357	TK18	DEL		
RN7SL149P	ENSG00000241834			TK91	SNV
RN7SL152P	ENSG00000242102			TK92	SNV
RN7SL164P	ENSG00000242614			TK92	SNV
RN7SL165P	ENSG00000241188	TK13	DEL		
RN7SL166P	ENSG00000275014			TK92	SNV
RN7SL168P	ENSG00000244296			TK92	SNV
RN7SL16P	ENSG00000243005	TK16	DEL		
RN7SL173P	ENSG00000243373	TK13	DEL		
RN7SL180P	ENSG00000242860	TK92	DEL		
RN7SL182P	ENSG00000241461	TK14	DEL		
RN7SL184P	ENSG00000239279			TK16	SNV
RN7SL19P	ENSG00000243532	TK91	DEL		
RN7SL200P	ENSG00000265123			TK93	SNV
RN7SL205P	ENSG00000241392			TK10	SNV
RN7SL220P	ENSG00000266467			TK92	SNV
RN7SL233P	ENSG00000242971			TK93	INDEL
RN7SL239P	ENSG00000242999	TK91	DEL		
RN7SL23P	ENSG00000240823			TK91	SNV
RN7SL242P	ENSG00000244389			TK91	SNV
RN7SL248P	ENSG00000274186			TK91	SNV
RN7SL254P	ENSG00000240014			TK91	INDEL
RN7SL255P	ENSG00000239808	TK91	DEL		
RN7SL262P	ENSG00000265033			TK93	SNV
RN7SL270P	ENSG00000277198			TK12	SNV
RN7SL273P	ENSG00000239953			TK18	SNV
RN7SL280P	ENSG00000244671	TK10	DEL		
RN7SL284P	ENSG00000243446			TK91	SNV
RN7SL285P	ENSG00000243313			TK92	SNV
RN7SL288P	ENSG00000240767			TK12	SNV
RN7SL30P	ENSG00000243845			TK93	SNV
RN7SL311P	ENSG00000265892	TK92	DEL		
RN7SL316P	ENSG00000241631	TK91	DEL		
RN7SL321P	ENSG00000277483			TK92	SNV
RN7SL323P	ENSG00000241997			TK10	SNV
RN7SL327P	ENSG00000275992	TK91	DEL		
RN7SL328P	ENSG00000240853	TK10	DEL		
RN7SL32P	ENSG00000263941	TK93	DEL		
RN7SL330P	ENSG00000244391	TK18	DEL	TK92	SNV
RN7SL334P	ENSG00000244618			TK92	INDEL,SNV
RN7SL335P	ENSG00000241037			TK10	SNV
RN7SL342P	ENSG00000239398			TK91	SNV
RN7SL346P	ENSG00000240470	TK93	DEL		
RN7SL34P	ENSG00000239868			TK18	SNV
RN7SL351P	ENSG00000240098	TK10	DEL	TK91	INDEL
RN7SL354P	ENSG00000243027			TK18	SNV
RN7SL36P	ENSG00000244314			TK92	SNV
RN7SL371P	ENSG00000266210			TK93	SNV
RN7SL378P	ENSG00000265684			TK92	SNV
RN7SL381P	ENSG00000263968			TK10	SNV
RN7SL382P	ENSG00000240723	TK92	DEL	TK93	SNV
RN7SL383P	ENSG00000263556	TK91	DEL		
RN7SL38P	ENSG00000240481			TK92	SNV
RN7SL390P	ENSG00000241785	TK10	DEL	TK91	SNV
RN7SL393P	ENSG00000243723	TK91	DEL		
RN7SL395P	ENSG00000244307	TK91	DEL		
RN7SL396P	ENSG00000244642			TK93	INDEL,SNV
RN7SL411P	ENSG00000265327	TK91	DEL		
RN7SL416P	ENSG00000242101	TK13	DEL		
RN7SL431P	ENSG00000264384			TK93	SNV
RN7SL441P	ENSG00000241413			TK10	SNV
RN7SL442P	ENSG00000239221			TK91	SNV
RN7SL460P	ENSG00000263410	TK13	DEL	TK91	SNV
RN7SL461P	ENSG00000243801			TK12	SNV
RN7SL470P	ENSG00000263669			TK92	SNV
RN7SL471P	ENSG00000263426			TK13	SNV
RN7SL473P	ENSG00000277452			TK92	SNV
RN7SL47P	ENSG00000244710			TK93	SNV
RN7SL481P	ENSG00000240322	TK93	DEL		
RN7SL484P	ENSG00000241588			TK93	SNV
RN7SL489P	ENSG00000277295	TK91	DEL		
RN7SL48P	ENSG00000266710			TK14	SNV
RN7SL495P	ENSG00000277515	TK92	DEL		
RN7SL498P	ENSG00000263755			TK14	SNV
RN7SL49P	ENSG00000265802	TK13	DEL		
RN7SL502P	ENSG00000240733	TK10	DEL		
RN7SL503P	ENSG00000240374			TK10	SNV
RN7SL530P	ENSG00000239910			TK92	SNV
RN7SL535P	ENSG00000239419	TK12	DEL		
RN7SL543P	ENSG00000265918			TK92	SNV
RN7SL544P	ENSG00000275230	TK91	DEL		
RN7SL558P	ENSG00000243260	TK92	DEL		
RN7SL571P	ENSG00000243274			TK93	SNV
RN7SL577P	ENSG00000265942	TK10	DEL	TK92	SNV
RN7SL594P	ENSG00000242236			TK93	SNV
RN7SL604P	ENSG00000244236			TK93	SNV
RN7SL605P	ENSG00000265566			TK92	SNV
RN7SL610P	ENSG00000243847	TK10	DEL	TK91	SNV
RN7SL624P	ENSG00000265777			TK92	SNV
RN7SL628P	ENSG00000277467			TK10	SNV
RN7SL630P	ENSG00000264978	TK13	DEL	TK93	SNV
RN7SL638P	ENSG00000243702			TK93	SNV
RN7SL648P	ENSG00000265727	TK91	DEL		
RN7SL65P	ENSG00000243770			TK93	SNV
RN7SL660P	ENSG00000278746			TK93	SNV
RN7SL673P	ENSG00000273818			TK93	SNV
RN7SL674P	ENSG00000239899	TK91	DEL	TK93	SNV
RN7SL677P	ENSG00000242863			TK92	SNV
RN7SL678P	ENSG00000263969			TK92	SNV
RN7SL67P	ENSG00000243854			TK91	SNV
RN7SL68P	ENSG00000242020			TK18	SNV
RN7SL70P	ENSG00000241172			TK92	SNV
RN7SL711P	ENSG00000276047			TK13	SNV
RN7SL716P	ENSG00000263558			TK92	SNV
RN7SL732P	ENSG00000264618			TK92	SNV
RN7SL734P	ENSG00000243420			TK13	SNV
RN7SL735P	ENSG00000244044			TK93	SNV
RN7SL743P	ENSG00000243954			TK16	SNV
RN7SL744P	ENSG00000264028	TK13	DEL		
RN7SL745P	ENSG00000242182			TK16	SNV
RN7SL749P	ENSG00000242853	TK91	DEL		
RN7SL751P	ENSG00000240964			TK13	SNV
RN7SL754P	ENSG00000239822			TK93	INDEL,SNV
RN7SL760P	ENSG00000272469			TK92	SNV
RN7SL764P	ENSG00000240317			TK93	SNV
RN7SL774P	ENSG00000263882	TK14	DEL	TK92	SNV
RN7SL775P	ENSG00000243370			TK18	SNV
RN7SL785P	ENSG00000266158	TK91	DEL		
RN7SL78P	ENSG00000243782			TK91	SNV
RN7SL801P	ENSG00000241230			TK92	SNV
RN7SL804P	ENSG00000266185			TK93	SNV
RN7SL806P	ENSG00000242719			TK93	INDEL
RN7SL812P	ENSG00000242876	TK13	DEL		
RN7SL813P	ENSG00000241074			TK93	SNV
RN7SL820P	ENSG00000276200			TK91	SNV
RN7SL823P	ENSG00000263595			TK91	SNV
RN7SL827P	ENSG00000271986			TK92	SNV
RN7SL82P	ENSG00000278696			TK14	SNV
RN7SL831P	ENSG00000241992	TK10	DEL		
RN7SL833P	ENSG00000244080			TK16	INDEL
RN7SL854P	ENSG00000239319			TK93	SNV
RN7SL861P	ENSG00000243173			TK93	SNV
RN7SL8P	ENSG00000243352			TK92	SNV
RNA5-8SP4	ENSG00000201966	TK91	DEL		
RNA5SP104	ENSG00000222921			TK93	SNV
RNA5SP108	ENSG00000271924			TK10	SNV
RNA5SP118	ENSG00000222317			TK91	SNV
RNA5SP123	ENSG00000200114			TK16	SNV
RNA5SP139	ENSG00000201210			TK92	SNV
RNA5SP160	ENSG00000201736			TK92	SNV
RNA5SP175	ENSG00000201145	TK91	DEL		
RNA5SP19	ENSG00000202056			TK10	SNV
RNA5SP192	ENSG00000201274	TK91	DEL		
RNA5SP198	ENSG00000222308			TK93	SNV
RNA5SP20	ENSG00000251785	TK14	DEL	TK93	SNV
RNA5SP201	ENSG00000222248			TK92	SNV
RNA5SP217	ENSG00000251768			TK18	SNV
RNA5SP219	ENSG00000212242			TK10	SNV
RNA5SP221	ENSG00000223203			TK10	SNV
RNA5SP230	ENSG00000252848			TK92	SNV
RNA5SP255	ENSG00000252179			TK92	SNV
RNA5SP262	ENSG00000252261			TK10	SNV
RNA5SP265	ENSG00000222955	TK14	DEL		
RNA5SP283	ENSG00000202474			TK18	SNV
RNA5SP284	ENSG00000207277	TK18	DEL		
RNA5SP295	ENSG00000199525	TK92	DEL		
RNA5SP307	ENSG00000199733	TK14	DEL		
RNA5SP310	ENSG00000239152	TK92	DEL		
RNA5SP311	ENSG00000238405			TK10	SNV
RNA5SP312	ENSG00000252877			TK92	SNV
RNA5SP315	ENSG00000252149			TK92	SNV
RNA5SP320	ENSG00000252072	TK93	DEL	TK93	SNV
RNA5SP33	ENSG00000252496			TK91	SNV
RNA5SP338	ENSG00000222427			TK18	SNV
RNA5SP343	ENSG00000284736	TK18	DEL		
RNA5SP363	ENSG00000201942			TK91	SNV
RNA5SP368	ENSG00000201168			TK93	SNV
RNA5SP383	ENSG00000199804			TK12	SNV
RNA5SP386	ENSG00000272253	TK16	DEL		
RNA5SP392	ENSG00000252714			TK10	SNV
RNA5SP395	ENSG00000252376			TK10	SNV
RNA5SP436	ENSG00000251829	TK14	DEL		
RNA5SP439	ENSG00000274164	TK13	DEL		
RNA5SP440	ENSG00000276036	TK12	DEL		
RNA5SP449	ENSG00000252680			TK92	SNV
RNA5SP450	ENSG00000223138	TK14	DEL		
RNA5SP457	ENSG00000200527			TK92	SNV
RNA5SP462	ENSG00000252539			TK92	SNV
RNA5SP468	ENSG00000252591	TK92	DEL		
RNA5SP47	ENSG00000253039	TK91	DEL		
RNA5SP491	ENSG00000199806			TK93	SNV
RNA5SP493	ENSG00000200985	TK91	DEL		
RNA5SP507	ENSG00000200473			TK92	SNV
RNA5SP509	ENSG00000201447			TK92	SNV
RNA5SP75	ENSG00000252650			TK10	INDEL
RNA5SP78	ENSG00000201492			TK10	SNV
RNA5SP82	ENSG00000252516			TK14	SNV
RNA5SP84	ENSG00000201610	TK91	DEL		
RNA5SP88	ENSG00000202430			TK93	SNV
RNASE12	ENSG00000258436			TK13	SNV
RNASE13	ENSG00000206150			TK13	SNV
RNASE3	ENSG00000169397			TK14	SNV
RNASE4	ENSG00000258818			TK10	SNV
RNASE8	ENSG00000173431			TK14	SNV
RNASEH1	ENSG00000171865	TK12	DEL		
RNASEL	ENSG00000135828	TK14	DEL		
RND3	ENSG00000115963	TK14	DEL		
RNF103	ENSG00000239305	TK92	DEL		
RNF11P1	ENSG00000213110			TK92	SNV
RNF11P2	ENSG00000227563			TK92	SNV
RNF128	ENSG00000133135			TK92	SNV
RNF141	ENSG00000110315	TK13	DEL		
RNF144A	ENSG00000151692	TK10	DEL		
RNF157-AS1	ENSG00000267128			TK10	SNV
RNF169	ENSG00000166439	TK91	DEL		
RNF19B	ENSG00000116514	TK91	DEL		
RNF2P1	ENSG00000231381	TK14	DEL		
RNF38	ENSG00000137075	TK18	DEL		
RNF4	ENSG00000063978	TK91	DEL		
RNF41	ENSG00000181852	TK10	DEL		
RNF7	ENSG00000114125			TK93	SNV
RNF7P1	ENSG00000239831			TK91	SNV
RNFT1	ENSG00000189050	TK13	DEL		
RNU1-109P	ENSG00000206687	TK14	DEL		
RNU1-129P	ENSG00000206791			TK92	SNV
RNU1-134P	ENSG00000199805	TK18	DEL	TK16	SNV
RNU1-151P	ENSG00000201142	TK92	DEL		
RNU1-2	ENSG00000207005			TK14	SNV
RNU1-47P	ENSG00000199836			TK13	SNV
RNU1-51P	ENSG00000202215			TK18	SNV
RNU1-56P	ENSG00000212605	TK10	DEL		
RNU1-61P	ENSG00000251916	TK10	DEL		
RNU1-73P	ENSG00000206698	TK13	DEL		
RNU1-88P	ENSG00000238554			TK10	SNV
RNU1-91P	ENSG00000201616			TK93	SNV
RNU1-98P	ENSG00000239023			TK14	SNV
RNU11	ENSG00000274978			TK18	SNV
RNU2-13P	ENSG00000251718	TK91	DEL		
RNU2-18P	ENSG00000223156			TK92	SNV
RNU2-20P	ENSG00000222357			TK93	SNV
RNU2-2P	ENSG00000222328			TK93	SNV
RNU2-42P	ENSG00000222629			TK91	SNV
RNU2-46P	ENSG00000252847			TK93	SNV
RNU2-4P	ENSG00000277084			TK93	SNV
RNU2-51P	ENSG00000222640			TK92	SNV
RNU2-53P	ENSG00000252066	TK91	DEL		
RNU2-62P	ENSG00000222800			TK92	SNV
RNU2-68P	ENSG00000222810	TK14	DEL		
RNU2-69P	ENSG00000251870			TK10	SNV
RNU2-70P	ENSG00000222650			TK93	SNV
RNU4-1	ENSG00000200795			TK16	SNV
RNU4-14P	ENSG00000222790	TK92	DEL		
RNU4-21P	ENSG00000199672	TK14	DEL		
RNU4-24P	ENSG00000201435	TK14	DEL		
RNU4-27P	ENSG00000222821			TK92	SNV
RNU4-38P	ENSG00000201342			TK92	SNV
RNU4-40P	ENSG00000201221	TK10	DEL		
RNU4-42P	ENSG00000201608	TK91	DEL		
RNU4-4P	ENSG00000201458	TK13	DEL		
RNU4-52P	ENSG00000206936			TK91	SNV
RNU4-54P	ENSG00000252237			TK91	SNV
RNU4-78P	ENSG00000222872			TK92	INDEL,SNV
RNU4-81P	ENSG00000200431			TK91	SNV
RNU4-86P	ENSG00000222067			TK93	SNV
RNU4-89P	ENSG00000272359			TK16	SNV
RNU4ATAC	ENSG00000264229			TK10	SNV
RNU4ATAC18P	ENSG00000251988			TK13	SNV
RNU5A-1	ENSG00000199568			TK18	INDEL
RNU5A-3P	ENSG00000254172			TK92	SNV
RNU5A-5P	ENSG00000222986			TK92	SNV
RNU5A-8P	ENSG00000200972			TK93	SNV
RNU5E-1	ENSG00000199347			TK14	SNV
RNU5E-10P	ENSG00000200376			TK10	INDEL
RNU5F-4P	ENSG00000252390			TK92	INDEL
RNU6-1003P	ENSG00000252908	TK10	DEL		
RNU6-101P	ENSG00000222255			TK12	SNV
RNU6-1026P	ENSG00000207194	TK14	DEL	TK93	SNV
RNU6-1034P	ENSG00000202205			TK91	SNV
RNU6-1062P	ENSG00000206635	TK13	DEL		
RNU6-1081P	ENSG00000207267	TK91	DEL		
RNU6-1088P	ENSG00000252659			TK93	SNV
RNU6-1099P	ENSG00000200403	TK93	DEL		
RNU6-1105P	ENSG00000207505			TK16	SNV
RNU6-1107P	ENSG00000201687			TK92	SNV
RNU6-110P	ENSG00000207237	TK18	DEL		
RNU6-1112P	ENSG00000200455			TK16	SNV
RNU6-1117P	ENSG00000207255			TK92	SNV
RNU6-1119P	ENSG00000207077	TK91	DEL		
RNU6-112P	ENSG00000200469	TK10	DEL		
RNU6-1133P	ENSG00000222895	TK92	DEL		
RNU6-1141P	ENSG00000201390			TK92	SNV
RNU6-1151P	ENSG00000207415	TK91	DEL		
RNU6-1157P	ENSG00000207185			TK18	SNV
RNU6-115P	ENSG00000201180			TK92	INDEL
RNU6-1164P	ENSG00000201298			TK93	SNV
RNU6-1187P	ENSG00000201641			TK91	SNV
RNU6-1190P	ENSG00000222743	TK14	DEL		
RNU6-1193P	ENSG00000238551	TK92	DEL		
RNU6-1199P	ENSG00000223181			TK93	SNV
RNU6-1201P	ENSG00000206954			TK92	SNV
RNU6-1229P	ENSG00000201165	TK93	DEL		
RNU6-122P	ENSG00000252627	TK91	DEL		
RNU6-1231P	ENSG00000252994	TK14	DEL	TK91	SNV
RNU6-1234P	ENSG00000252686			TK91	SNV
RNU6-1238P	ENSG00000253024			TK92	SNV
RNU6-123P	ENSG00000251972	TK10	DEL		
RNU6-1240P	ENSG00000202025			TK18	SNV
RNU6-1256P	ENSG00000252348			TK10	SNV
RNU6-1257P	ENSG00000207355			TK16	SNV
RNU6-1262P	ENSG00000252026	TK16	DEL		
RNU6-126P	ENSG00000252494			TK92	SNV
RNU6-1276P	ENSG00000202242			TK91	SNV
RNU6-1285P	ENSG00000200350			TK10	SNV
RNU6-128P	ENSG00000206703			TK92	SNV
RNU6-12P	ENSG00000207334			TK92	SNV
RNU6-1306P	ENSG00000202089	TK13	DEL	TK92	SNV
RNU6-1311P	ENSG00000207459			TK10	SNV
RNU6-1316P	ENSG00000206969			TK91	SNV
RNU6-1327P	ENSG00000202172			TK10	SNV
RNU6-13P	ENSG00000206975			TK91	SNV
RNU6-142P	ENSG00000206746			TK93	SNV
RNU6-155P	ENSG00000252156	TK10	DEL		
RNU6-174P	ENSG00000222338			TK93	SNV
RNU6-185P	ENSG00000207150	TK91	DEL		
RNU6-195P	ENSG00000223284	TK92	DEL		
RNU6-198P	ENSG00000206985			TK93	SNV
RNU6-19P	ENSG00000207449	TK18	DEL		
RNU6-201P	ENSG00000252909			TK13	SNV
RNU6-202P	ENSG00000251807	TK13	DEL		
RNU6-218P	ENSG00000252929			TK91	INDEL,SNV
RNU6-233P	ENSG00000222777			TK92	SNV
RNU6-254P	ENSG00000200247	TK13	DEL		
RNU6-262P	ENSG00000222249	TK13	DEL		
RNU6-283P	ENSG00000201658	TK92	DEL		
RNU6-288P	ENSG00000200560			TK91	SNV
RNU6-29P	ENSG00000207367			TK92	SNV
RNU6-304P	ENSG00000201725			TK18	SNV
RNU6-306P	ENSG00000207347			TK92	SNV
RNU6-308P	ENSG00000212259			TK93	SNV
RNU6-315P	ENSG00000199536			TK91	SNV
RNU6-31P	ENSG00000207116			TK91	SNV
RNU6-322P	ENSG00000251819			TK16	SNV
RNU6-323P	ENSG00000253739	TK14	DEL	TK91	SNV
RNU6-32P	ENSG00000206675	TK14	DEL	TK92	SNV
RNU6-378P	ENSG00000207052	TK14	DEL		
RNU6-384P	ENSG00000201770	TK92	DEL		
RNU6-387P	ENSG00000223263			TK18	SNV
RNU6-389P	ENSG00000252857	TK92	DEL		
RNU6-395P	ENSG00000202532	TK93	DEL	TK16	INDEL,SNV
RNU6-39P	ENSG00000207072			TK92	SNV
RNU6-415P	ENSG00000252061			TK13	SNV
RNU6-419P	ENSG00000252839			TK91	SNV
RNU6-430P	ENSG00000252887			TK91	SNV
RNU6-450P	ENSG00000201524	TK91	DEL		
RNU6-466P	ENSG00000212526	TK13	DEL		
RNU6-474P	ENSG00000206970			TK13	SNV
RNU6-476P	ENSG00000207457			TK14	SNV
RNU6-479P	ENSG00000252157	TK14	DEL	TK92	SNV
RNU6-481P	ENSG00000206921	TK14	DEL	TK92	INDEL
RNU6-484P	ENSG00000206743			TK18	SNV
RNU6-48P	ENSG00000206888	TK14	DEL		
RNU6-494P	ENSG00000253063			TK92	SNV
RNU6-502P	ENSG00000199289	TK92	DEL		
RNU6-510P	ENSG00000212541			TK92	SNV
RNU6-520P	ENSG00000207448			TK93	SNV
RNU6-526P	ENSG00000201815	TK91	DEL		
RNU6-531P	ENSG00000252503	TK92	DEL		
RNU6-535P	ENSG00000207453			TK12	SNV
RNU6-543P	ENSG00000199446	TK92	DEL		
RNU6-547P	ENSG00000252082	TK16	DEL		
RNU6-574P	ENSG00000206992			TK14	INDEL
RNU6-57P	ENSG00000223280			TK93	SNV
RNU6-580P	ENSG00000202029			TK92	SNV
RNU6-589P	ENSG00000252294	TK91	DEL		
RNU6-595P	ENSG00000200814			TK92	SNV
RNU6-60P	ENSG00000201662	TK13	DEL		
RNU6-618P	ENSG00000200388			TK92	SNV
RNU6-623P	ENSG00000200013	TK16	DEL		
RNU6-625P	ENSG00000238658	TK91	DEL		
RNU6-626P	ENSG00000200224			TK91	SNV
RNU6-644P	ENSG00000212457	TK14	DEL		
RNU6-645P	ENSG00000201519			TK92	SNV
RNU6-658P	ENSG00000207336			TK93	SNV
RNU6-662P	ENSG00000206980	TK92	DEL		
RNU6-689P	ENSG00000206924			TK92	SNV
RNU6-6P	ENSG00000272055			TK93	SNV
RNU6-7	ENSG00000201654			TK92	SNV
RNU6-708P	ENSG00000206944			TK92	SNV
RNU6-716P	ENSG00000202491			TK10	SNV
RNU6-720P	ENSG00000252172			TK18	SNV
RNU6-759P	ENSG00000252549			TK93	SNV
RNU6-8	ENSG00000202337			TK10	SNV
RNU6-805P	ENSG00000202513			TK93	SNV
RNU6-807P	ENSG00000252614			TK93	SNV
RNU6-824P	ENSG00000200594			TK14	SNV
RNU6-829P	ENSG00000200570	TK10	DEL		
RNU6-853P	ENSG00000201176			TK91	SNV
RNU6-854P	ENSG00000200906	TK13	DEL		
RNU6-866P	ENSG00000274607	TK14	DEL	TK92	SNV
RNU6-874P	ENSG00000199260			TK92	SNV
RNU6-878P	ENSG00000207308			TK92	SNV
RNU6-879P	ENSG00000201198			TK92	SNV
RNU6-88P	ENSG00000272507			TK92	SNV
RNU6-890P	ENSG00000206848			TK18	SNV
RNU6-893P	ENSG00000238444	TK14	DEL		
RNU6-902P	ENSG00000253021	TK91	DEL		
RNU6-910P	ENSG00000212146			TK10	SNV
RNU6-915P	ENSG00000201813			TK12	SNV
RNU6-927P	ENSG00000252008			TK13	SNV
RNU6-94P	ENSG00000271819			TK93	SNV
RNU6-958P	ENSG00000252804	TK13	DEL		
RNU6-961P	ENSG00000200763	TK93	DEL		
RNU6-975P	ENSG00000207023	TK18	DEL		
RNU6-97P	ENSG00000200257	TK13	DEL		
RNU6ATAC16P	ENSG00000221518	TK14	DEL		
RNU7-11P	ENSG00000252796	TK92	DEL		
RNU7-154P	ENSG00000252003	TK13	DEL		
RNU7-170P	ENSG00000239082	TK14	DEL		
RNU7-20P	ENSG00000251712			TK14	SNV
RNU7-21P	ENSG00000238558	TK91	DEL		
RNU7-29P	ENSG00000252429	TK13	DEL		
RNU7-30P	ENSG00000252644	TK91	DEL		
RNU7-55P	ENSG00000239078	TK91	DEL		
RNU7-61P	ENSG00000251706	TK10	DEL		
RNU7-77P	ENSG00000253054	TK18	DEL		
RNU7-81P	ENSG00000252507	TK92	DEL		
RNU7-85P	ENSG00000238884			TK13	SNV
RNVU1-24	ENSG00000201699	TK10	DEL		
RNVU1-26	ENSG00000275291			TK12	SNV
RNVU1-2A	ENSG00000278099			TK18	SNV
RNVU1-7	ENSG00000206585			TK13	SNV
RNVU1-8	ENSG00000286172	TK92	DEL	TK93	SNV
RNY1P10	ENSG00000200138	TK14	DEL		
RNY1P16	ENSG00000199933	TK14	DEL		
RNY1P6	ENSG00000206920			TK12	SNV
RNY1P9	ENSG00000255156	TK13	DEL		
RNY3	ENSG00000202354			TK93	SNV
RNY3P1	ENSG00000201955			TK93	SNV
RNY3P13	ENSG00000202412			TK92	SNV
RNY3P14	ENSG00000207036			TK92	SNV
RNY4P17	ENSG00000201818			TK93	SNV
RNY4P19	ENSG00000199400	TK13	DEL		
RNY4P25	ENSG00000238711	TK14	DEL		
RNY4P37	ENSG00000252034			TK16	SNV
ROBO1	ENSG00000169855	TK14	DEL		
ROBO2P1	ENSG00000229478			TK93	SNV
ROM1	ENSG00000149489	TK92	DEL		
ROMO1	ENSG00000125995	TK93	DEL		
ROR2	ENSG00000169071			TK92	INDEL,SNV
RORA-AS2	ENSG00000259482			TK18	SNV
RP1	ENSG00000104237			TK91	SNV
RPA2P3	ENSG00000255547	TK91	DEL		
RPA4	ENSG00000204086			TK16	SNV
RPAP1	ENSG00000103932	TK93	DEL		
RPAP2	ENSG00000122484	TK91	DEL		
RPAP2P1	ENSG00000270874			TK93	INDEL,SNV
RPAP3	ENSG00000005175	TK18	DEL		
RPE	ENSG00000197713	TK14	DEL		
RPEP2	ENSG00000234158			TK93	SNV
RPF1	ENSG00000117133	TK14	DEL		
RPH3AL-AS2	ENSG00000262294			TK92	SNV
RPL10AP1	ENSG00000244691	TK91	DEL		
RPL10P14	ENSG00000260031			TK91	SNV
RPL10P8	ENSG00000254012			TK13	SNV
RPL10P9	ENSG00000233913	TK13	DEL		
RPL11	ENSG00000142676	TK12	DEL		
RPL11P1	ENSG00000227394			TK92	SNV
RPL11P3	ENSG00000213613			TK16	SNV
RPL12	ENSG00000197958	TK92	DEL		
RPL12P15	ENSG00000230993			TK92	SNV
RPL12P17	ENSG00000224839			TK13	INDEL
RPL12P2	ENSG00000216412			TK13	INDEL
RPL12P32	ENSG00000242314			TK93	SNV
RPL12P35	ENSG00000243007			TK92	SNV
RPL12P40	ENSG00000243516			TK93	SNV
RPL12P9	ENSG00000232687			TK10	SNV
RPL13AP12	ENSG00000236047	TK14	DEL		
RPL13AP17	ENSG00000231322			TK18	SNV
RPL13AP18	ENSG00000241746			TK14	SNV
RPL13AP8	ENSG00000226945	TK91	DEL		
RPL13P	ENSG00000213916	TK91	DEL		
RPL13P4	ENSG00000241890			TK91	SNV
RPL13P8	ENSG00000241634			TK10	SNV
RPL15P1	ENSG00000227343			TK13	SNV
RPL15P12	ENSG00000243402			TK93	SNV
RPL15P4	ENSG00000225499	TK92	DEL		
RPL15P6	ENSG00000241723			TK93	SNV
RPL15P7	ENSG00000242262	TK91	DEL		
RPL15P8	ENSG00000241651	TK14	DEL		
RPL15P9	ENSG00000216917			TK13	SNV
RPL17-C18orf32	ENSG00000215472	TK92	DEL		
RPL17P2	ENSG00000242135	TK92	DEL	TK91	SNV
RPL17P20	ENSG00000241250	TK91	DEL		
RPL17P29	ENSG00000231965	TK18	DEL	TK91	SNV
RPL17P33	ENSG00000243844			TK93	SNV
RPL17P4	ENSG00000240624	TK91	DEL		
RPL17P43	ENSG00000228331			TK13	SNV
RPL17P48	ENSG00000235018	TK16	DEL		
RPL17P8	ENSG00000213041			TK93	SNV
RPL18A	ENSG00000105640	TK92	DEL		
RPL18AP14	ENSG00000223733			TK93	SNV
RPL18P13	ENSG00000244485			TK18	SNV
RPL19P11	ENSG00000241668			TK13	SNV
RPL19P13	ENSG00000239315			TK14	SNV
RPL19P2	ENSG00000229863	TK93	DEL		
RPL19P4	ENSG00000226915			TK91	SNV
RPL21	ENSG00000122026	TK16	DEL		
RPL21P1	ENSG00000214760	TK14	DEL		
RPL21P100	ENSG00000242405	TK92	DEL		
RPL21P113	ENSG00000241640			TK92	SNV
RPL21P117	ENSG00000240238			TK92	SNV
RPL21P123	ENSG00000240531			TK92	SNV
RPL21P128	ENSG00000244527			TK92	SNV
RPL21P135	ENSG00000235482			TK93	SNV
RPL21P15	ENSG00000239465			TK91	SNV
RPL21P21	ENSG00000224340	TK91	DEL		
RPL21P28	ENSG00000220749	TK14	DEL		
RPL21P29	ENSG00000232037			TK91	SNV
RPL21P31	ENSG00000227187			TK92	SNV
RPL21P34	ENSG00000238180			TK93	SNV
RPL21P48	ENSG00000242318			TK92	SNV
RPL21P49	ENSG00000241981	TK91	DEL		
RPL21P57	ENSG00000241187			TK10	SNV
RPL21P58	ENSG00000213663			TK13	SNV
RPL21P6	ENSG00000239199			TK92	SNV
RPL21P68	ENSG00000216718			TK91	SNV
RPL21P69	ENSG00000216480			TK92	SNV
RPL21P74	ENSG00000237551			TK93	SNV
RPL21P77	ENSG00000241026			TK93	SNV
RPL21P94	ENSG00000241678			TK92	SNV
RPL21P95	ENSG00000241782			TK93	SNV
RPL21P99	ENSG00000242986			TK10	SNV
RPL22P19	ENSG00000241129			TK92	INDEL
RPL22P21	ENSG00000233979			TK14	INDEL,SNV
RPL22P4	ENSG00000225483			TK16	SNV
RPL23AP11	ENSG00000230988			TK93	INDEL
RPL23AP18	ENSG00000225338	TK10	DEL		
RPL23AP24	ENSG00000236679	TK91	DEL	TK92	SNV
RPL23AP35	ENSG00000232568			TK18	SNV
RPL23AP38	ENSG00000184423			TK93	SNV
RPL23AP41	ENSG00000224085			TK91	INDEL,SNV
RPL23AP46	ENSG00000213122			TK13	SNV
RPL23AP47	ENSG00000219814			TK18	SNV
RPL23AP49	ENSG00000243422			TK92	SNV
RPL23AP50	ENSG00000232778			TK92	SNV
RPL23AP55	ENSG00000243265			TK92	SNV
RPL23AP61	ENSG00000280012	TK92	DEL	TK93	SNV
RPL23AP62	ENSG00000213233			TK91	SNV
RPL23AP72	ENSG00000239840			TK92	SNV
RPL23AP73	ENSG00000244283			TK14	SNV
RPL23AP80	ENSG00000213035			TK10	SNV
RPL23AP83	ENSG00000234135			TK10	SNV
RPL23AP88	ENSG00000271153			TK18	SNV
RPL23P8	ENSG00000219451			TK92	SNV
RPL26P15	ENSG00000233829			TK91	SNV
RPL26P35	ENSG00000244229			TK91	SNV
RPL26P36	ENSG00000225912			TK14	INDEL,SNV
RPL27AP3	ENSG00000236667			TK13	SNV
RPL27P7	ENSG00000233741			TK93	SNV
RPL27P8	ENSG00000237041			TK93	SNV
RPL27P9	ENSG00000236722			TK16	SNV
RPL29P20	ENSG00000225513			TK10	SNV
RPL29P25	ENSG00000241286			TK93	SNV
RPL29P3	ENSG00000243730			TK92	SNV
RPL29P34	ENSG00000239255	TK91	DEL		
RPL29P9	ENSG00000233565			TK14	SNV
RPL30-AS1	ENSG00000245970			TK16	INDEL,SNV
RPL30P1	ENSG00000225713			TK14	SNV
RPL30P14	ENSG00000243256			TK91	INDEL,SNV
RPL30P2	ENSG00000234272			TK92	SNV
RPL31P11	ENSG00000213075			TK91	SNV
RPL31P19	ENSG00000227309			TK93	INDEL,SNV
RPL31P34	ENSG00000231359			TK13	SNV
RPL31P38	ENSG00000179131			TK12	SNV
RPL31P39	ENSG00000213291			TK91	SNV
RPL31P46	ENSG00000241170	TK91	DEL		
RPL31P48	ENSG00000243164			TK92	SNV
RPL31P57	ENSG00000256358			TK93	SNV
RPL31P62	ENSG00000235328	TK18	DEL		
RPL32P1	ENSG00000224796	TK10	DEL		
RPL32P10	ENSG00000213157			TK92	SNV
RPL32P2	ENSG00000243094	TK10	DEL		
RPL32P20	ENSG00000243537			TK93	SNV
RPL32P32	ENSG00000241157			TK93	SNV
RPL32P5	ENSG00000236325			TK92	SNV
RPL34P10	ENSG00000236489	TK91	DEL		
RPL34P18	ENSG00000240509	TK91	DEL		
RPL34P19	ENSG00000230240			TK92	INDEL,SNV
RPL34P20	ENSG00000231508			TK93	SNV
RPL34P22	ENSG00000244267			TK10	SNV
RPL34P31	ENSG00000239223			TK91	SNV
RPL34P33	ENSG00000241282			TK92	SNV
RPL35AP	ENSG00000234075			TK92	INDEL,SNV
RPL35AP11	ENSG00000241103			TK91	SNV
RPL35AP13	ENSG00000242602	TK14	DEL		
RPL35AP23	ENSG00000264217	TK92	DEL		
RPL35AP29	ENSG00000244540	TK93	DEL		
RPL35AP3	ENSG00000230350	TK93	DEL		
RPL35AP31	ENSG00000233460			TK10	SNV
RPL35AP32	ENSG00000243404	TK16	DEL	TK93	SNV
RPL35AP35	ENSG00000239256			TK91	SNV
RPL35AP36	ENSG00000224856			TK92	SNV
RPL35AP5	ENSG00000223505	TK92	DEL	TK14	INDEL,SNV
RPL35P1	ENSG00000237991			TK91	SNV
RPL35P5	ENSG00000225573	TK92	DEL		
RPL36AP15	ENSG00000235369			TK10	SNV
RPL36AP31	ENSG00000227753			TK14	SNV
RPL36AP39	ENSG00000230980			TK12	SNV
RPL36AP40	ENSG00000240298			TK10	SNV
RPL36AP45	ENSG00000240366			TK92	SNV
RPL36AP46	ENSG00000224011			TK12	SNV
RPL36AP48	ENSG00000213180			TK91	INDEL,SNV
RPL36AP51	ENSG00000242291	TK92	DEL		
RPL36AP7	ENSG00000228007			TK93	SNV
RPL36P16	ENSG00000224476	TK13	DEL		
RPL36P5	ENSG00000215905			TK93	SNV
RPL36P7	ENSG00000213519			TK13	SNV
RPL37A-DT	ENSG00000232485	TK18	DEL		
RPL37AP8	ENSG00000176343	TK92	DEL		
RPL37P3	ENSG00000215369			TK10	SNV
RPL38P3	ENSG00000244422			TK91	SNV
RPL39	ENSG00000198918	TK10	DEL		
RPL39P18	ENSG00000229468			TK10	SNV
RPL39P25	ENSG00000227271			TK93	SNV
RPL39P36	ENSG00000239912			TK12	SNV
RPL39P5	ENSG00000214289			TK13	SNV
RPL4P4	ENSG00000229638	TK91	DEL		
RPL4P6	ENSG00000230071	TK14	DEL		
RPL5P13	ENSG00000242134			TK92	SNV
RPL5P32	ENSG00000228992			TK14	SNV
RPL5P5	ENSG00000213051			TK93	SNV
RPL5P8	ENSG00000213917			TK92	SNV
RPL6P18	ENSG00000218476			TK91	SNV
RPL6P32	ENSG00000253646			TK10	SNV
RPL6P9	ENSG00000242390			TK16	SNV
RPL7AP15	ENSG00000236806	TK92	DEL		
RPL7AP16	ENSG00000234329	TK10	DEL		
RPL7AP21	ENSG00000229757			TK93	SNV
RPL7AP26	ENSG00000214988	TK92	DEL		
RPL7AP3	ENSG00000256243			TK91	SNV
RPL7AP34	ENSG00000213312			TK10	SNV
RPL7AP37	ENSG00000213109	TK93	DEL		
RPL7AP40	ENSG00000224475			TK92	SNV
RPL7AP5	ENSG00000240210			TK12	SNV
RPL7AP52	ENSG00000225354			TK93	SNV
RPL7AP53	ENSG00000235962			TK92	SNV
RPL7AP55	ENSG00000241008	TK92	DEL	TK91	SNV
RPL7AP58	ENSG00000240554			TK91	INDEL
RPL7AP64	ENSG00000213876	TK91	DEL		
RPL7AP71	ENSG00000234566			TK92	SNV
RPL7AP76	ENSG00000231995	TK91	DEL	TK93	SNV
RPL7AP8	ENSG00000230507			TK91	SNV
RPL7AP82	ENSG00000228955	TK91	DEL		
RPL7L1	ENSG00000146223	TK93	DEL		
RPL7P11	ENSG00000234619	TK10	DEL	TK92	SNV
RPL7P12	ENSG00000227770			TK92	SNV
RPL7P20	ENSG00000254252			TK92	INDEL
RPL7P28	ENSG00000218632			TK93	SNV
RPL7P33	ENSG00000215236			TK93	SNV
RPL7P48	ENSG00000187504			TK92	SNV
RPL7P49	ENSG00000242931			TK91	SNV
RPL7P52	ENSG00000228599			TK91	SNV
RPL7P59	ENSG00000225918			TK93	SNV
RPL7P60	ENSG00000214142			TK92	SNV
RPL7P7	ENSG00000224315	TK10	DEL		
RPL7P9	ENSG00000137970	TK10	DEL		
RPL8P1	ENSG00000216676	TK92	DEL	TK93	SNV
RPL9	ENSG00000163682	TK12	DEL		
RPL9P14	ENSG00000185078			TK91	SNV
RPL9P25	ENSG00000240821	TK16	DEL		
RPL9P5	ENSG00000239510			TK91	SNV
RPLP0P10	ENSG00000244705			TK91	SNV
RPLP1P11	ENSG00000243686	TK13	DEL	TK91	SNV
RPLP1P13	ENSG00000232163			TK91	SNV
RPLP2P1	ENSG00000214374			TK10	SNV
RPRD1B	ENSG00000101413	TK13	DEL		
RPS10P18	ENSG00000229455			TK12	SNV
RPS10P20	ENSG00000240443			TK91	INDEL,SNV
RPS10P9	ENSG00000227791			TK92	SNV
RPS11P7	ENSG00000214047			TK93	SNV
RPS12P15	ENSG00000240724			TK13	SNV
RPS12P17	ENSG00000233163			TK18	SNV
RPS12P26	ENSG00000225193	TK14	DEL		
RPS12P28	ENSG00000240494	TK13	DEL		
RPS12P4	ENSG00000236533			TK91	SNV
RPS12P7	ENSG00000243314	TK91	DEL	TK91	SNV
RPS13P3	ENSG00000236913			TK92	SNV
RPS14	ENSG00000164587	TK12	DEL		
RPS15AP10	ENSG00000225447	TK10	DEL		
RPS15AP29	ENSG00000237827			TK92	SNV
RPS16P2	ENSG00000213729	TK93	DEL		
RPS16P9	ENSG00000242675			TK10	SNV
RPS17P13	ENSG00000224706			TK92	SNV
RPS17P15	ENSG00000239354			TK13	SNV
RPS17P5	ENSG00000060303			TK92	SNV
RPS19BP1	ENSG00000187051	TK12	DEL		
RPS19P3	ENSG00000240463			TK14	SNV
RPS19P6	ENSG00000234637			TK91	SNV
RPS2	ENSG00000140988			TK10	SNV
RPS20P12	ENSG00000237784			TK13	SNV
RPS20P20	ENSG00000241942			TK91	SNV
RPS20P22	ENSG00000239218			TK92	SNV
RPS20P24	ENSG00000236862			TK93	SNV
RPS20P32	ENSG00000218198			TK10	SNV
RPS20P9	ENSG00000237162			TK92	SNV
RPS23P10	ENSG00000224203	TK92	DEL		
RPS23P7	ENSG00000239527			TK92	SNV
RPS25P9	ENSG00000232142			TK91	SNV
RPS26P2	ENSG00000233278			TK91	SNV
RPS26P21	ENSG00000242829			TK16	SNV
RPS26P22	ENSG00000242199			TK92	SNV
RPS26P35	ENSG00000242206			TK91	SNV
RPS26P38	ENSG00000234192			TK91	SNV
RPS26P39	ENSG00000227586			TK10	SNV
RPS26P4	ENSG00000228349			TK12	SNV
RPS26P52	ENSG00000242307	TK92	DEL	TK91	SNV
RPS27AP12	ENSG00000225224			TK93	SNV
RPS27AP2	ENSG00000232333			TK92	SNV
RPS27AP3	ENSG00000226144			TK93	SNV
RPS27AP8	ENSG00000237483			TK92	SNV
RPS27L	ENSG00000185088	TK12	DEL		
RPS27P15	ENSG00000218459			TK93	SNV
RPS27P29	ENSG00000240231	TK92	DEL		
RPS27P30	ENSG00000270285	TK14	DEL		
RPS27P6	ENSG00000228665	TK92	DEL		
RPS28P4	ENSG00000237039	TK91	DEL		
RPS28P5	ENSG00000224646			TK12	SNV
RPS29P20	ENSG00000240385			TK93	SNV
RPS29P21	ENSG00000241913	TK13	DEL	TK10	SNV
RPS29P22	ENSG00000240873			TK93	SNV
RPS29P29	ENSG00000233717			TK92	SNV
RPS29P3	ENSG00000225770			TK12	SNV
RPS29P31	ENSG00000224279			TK91	SNV
RPS29P5	ENSG00000230777			TK93	SNV
RPS2P1	ENSG00000225246	TK92	DEL	TK13	SNV
RPS2P2	ENSG00000177776			TK93	SNV
RPS2P24	ENSG00000244019			TK92	SNV
RPS2P35	ENSG00000238172			TK92	SNV
RPS2P36	ENSG00000227032	TK13	DEL		
RPS2P39	ENSG00000240698			TK91	SNV
RPS2P44	ENSG00000243609			TK92	SNV
RPS2P52	ENSG00000213726			TK14	INDEL
RPS3AP12	ENSG00000236804			TK93	SNV
RPS3AP13	ENSG00000230783			TK92	SNV
RPS3AP18	ENSG00000243417			TK13	SNV
RPS3AP20	ENSG00000213757	TK14	DEL		
RPS3AP24	ENSG00000217684			TK12	SNV
RPS3AP29	ENSG00000237818			TK92	SNV
RPS3AP30	ENSG00000228744			TK91	SNV
RPS3AP35	ENSG00000244289			TK92	SNV
RPS3AP36	ENSG00000214362			TK93	SNV
RPS3AP40	ENSG00000243672			TK14	SNV
RPS3AP41	ENSG00000239481			TK92	SNV
RPS3AP48	ENSG00000242278			TK93	SNV
RPS3AP53	ENSG00000227578			TK92	SNV
RPS3AP54	ENSG00000229057	TK14	DEL		
RPS4XP19	ENSG00000242058			TK91	SNV
RPS4XP21	ENSG00000186008	TK13	DEL		
RPS4XP22	ENSG00000239830			TK92	SNV
RPS4XP5	ENSG00000229920			TK12	SNV
RPS4XP6	ENSG00000244073			TK92	SNV
RPS5P2	ENSG00000224598	TK13	DEL	TK91	SNV
RPS5P8	ENSG00000237730			TK91	SNV
RPS6KA2	ENSG00000071242	TK13	DEL		
RPS6KA2-AS1	ENSG00000231654			TK93	SNV
RPS6KA4	ENSG00000162302	TK13	DEL		
RPS6KB1	ENSG00000108443	TK13	DEL		
RPS6KB2-AS1	ENSG00000255949	TK93	DEL		
RPS6P12	ENSG00000233309			TK10	SNV
RPS6P26	ENSG00000213269			TK93	SNV
RPS7P1	ENSG00000263266	TK13	DEL		
RPS7P12	ENSG00000237432			TK93	SNV
RPS8P4	ENSG00000227437			TK13	SNV
RPSA2	ENSG00000288920	TK91	DEL		
RPSAP17	ENSG00000226855	TK92	DEL		
RPSAP18	ENSG00000224261	TK91	DEL		
RPSAP2	ENSG00000237425			TK13	SNV
RPSAP29	ENSG00000244722			TK13	SNV
RPSAP33	ENSG00000226765			TK13	SNV
RPSAP39	ENSG00000244002			TK10	SNV
RPSAP41	ENSG00000239626	TK14	DEL		
RPSAP46	ENSG00000213394			TK14	SNV
RPSAP5	ENSG00000243904	TK91	DEL		
RPSAP51	ENSG00000244131			TK91	SNV
RPSAP53	ENSG00000214263			TK92	SNV
RPSAP56	ENSG00000284670			TK12	SNV
RPSAP67	ENSG00000266858			TK91	SNV
RPSAP69	ENSG00000233487			TK93	SNV
RPSAP76	ENSG00000235332			TK13	SNV
RPTN	ENSG00000215853			TK14	SNV
RPUSD2	ENSG00000166133	TK91	DEL		
RRAGAP1-AS1	ENSG00000258633			TK10	SNV
RRAS	ENSG00000126458	TK12	DEL		
RRM2B	ENSG00000048392	TK91	DEL		
RRM2P2	ENSG00000236484	TK14	DEL		
RRM2P3	ENSG00000214018	TK91	DEL		
RRN3P2	ENSG00000103472	TK91	DEL		
RRN3P4	ENSG00000229781			TK92	SNV
RRP1	ENSG00000160214	TK16	DEL		
RRP8	ENSG00000132275	TK93	DEL		
RSBN1	ENSG00000081019	TK14	DEL		
RSF1	ENSG00000048649	TK10	DEL		
RSL24D1P1	ENSG00000218069	TK92	DEL		
RSL24D1P8	ENSG00000237273			TK14	SNV
RSL24D1P9	ENSG00000265402			TK91	SNV
RSU1P3	ENSG00000213659			TK93	SNV
RTCA	ENSG00000137996	TK13	DEL		
RTL8A	ENSG00000203950	TK91	DEL		
RTN4RL2	ENSG00000186907	TK13	DEL		
RTP5	ENSG00000188011	TK91	DEL	TK13	SNV
RTRAFP2	ENSG00000225165			TK93	SNV
RUFY1	ENSG00000176783	TK13	DEL		
RUSC1	ENSG00000160753	TK93	DEL		
RUSC2	ENSG00000198853			TK91	INDEL
RWDD4	ENSG00000182552	TK14	DEL		
RXYLT1	ENSG00000118600	TK13	DEL		
RXYLT1-AS1	ENSG00000255850	TK13	DEL		
S100A11P2	ENSG00000236592			TK92	SNV
S100A11P9	ENSG00000270747			TK93	SNV
S100A12	ENSG00000163221			TK10	SNV
SAA1	ENSG00000173432			TK16	SNV
SAAL1	ENSG00000166788	TK12	DEL		
SACM1L	ENSG00000211456	TK18	DEL		
SALL3	ENSG00000256463			TK13	SNV
SALL4P7	ENSG00000258692			TK13	SNV
SAMD1	ENSG00000141858	TK91	DEL		
SAMD11P1	ENSG00000262480			TK92	SNV
SAMD7	ENSG00000187033			TK13	SNV
SAMD9	ENSG00000205413	TK91	DEL		
SAMM50P1	ENSG00000224488			TK92	SNV
SAP18P2	ENSG00000223873			TK18	SNV
SAP18P3	ENSG00000230697			TK92	SNV
SAP25	ENSG00000205307	TK13	DEL		
SAP30L	ENSG00000164576	TK13	DEL		
SAPCD2P1	ENSG00000213644			TK91	SNV
SAR1AP3	ENSG00000225665			TK91	SNV
SARS2	ENSG00000104835			TK92	SNV
SAT1	ENSG00000130066			TK18	SNV
SAYSD1	ENSG00000112167	TK14	DEL		
SBDS	ENSG00000126524	TK18	DEL		
SBF1P1	ENSG00000248522			TK91	SNV
SBK1	ENSG00000188322	TK91	DEL		
SBK3	ENSG00000231274			TK13	SNV
SC4MOP	ENSG00000224339			TK91	SNV
SCAMP1	ENSG00000085365	TK91	DEL		
SCAMP4	ENSG00000227500			TK10	SNV
SCARNA1	ENSG00000252947			TK93	SNV
SCARNA12	ENSG00000238795			TK12	INDEL,SNV
SCARNA14	ENSG00000252712			TK93	SNV
SCARNA15	ENSG00000277864			TK14	SNV
SCARNA17	ENSG00000251992			TK10	SNV
SCARNA18	ENSG00000238835			TK13	SNV
SCARNA2	ENSG00000278249	TK92	DEL		
SCARNA21B	ENSG00000251866	TK16	DEL		
SCARNA6	ENSG00000251791			TK93	SNV
SCARNA8	ENSG00000251733			TK13	SNV
SCARNA9	ENSG00000254911			TK12	SNV
SCD5	ENSG00000145284	TK92	DEL		
SCG3	ENSG00000104112			TK13	SNV
SCGB1C2	ENSG00000268320			TK14	SNV
SCGB1D1	ENSG00000168515			TK91	SNV
SCGB3A2	ENSG00000164265			TK92	SNV
SCIN	ENSG00000006747	TK18	DEL		
SCLT1	ENSG00000151466	TK14	DEL		
SCML1	ENSG00000047634	TK14	DEL		
SCN2B	ENSG00000149575			TK13	SNV
SCN3A	ENSG00000153253	TK16	DEL		
SCN4B	ENSG00000177098			TK14	SNV
SCN5A	ENSG00000183873	TK91	DEL		
SCNN1D	ENSG00000162572	TK92	DEL		
SCP2	ENSG00000116171			TK16	SNV
SCRN3	ENSG00000144306	TK13	DEL		
SCT	ENSG00000070031	TK91	DEL	TK12	SNV
SCTR-AS1	ENSG00000231013			TK13	SNV
SCYGR10	ENSG00000284622			TK13	SNV
SCYGR9	ENSG00000285843			TK92	SNV
SDCBPP1	ENSG00000226705			TK93	SNV
SDF2L1	ENSG00000128228	TK92	DEL		
SDHDP3	ENSG00000244381			TK13	SNV
SDR16C6P	ENSG00000253542			TK13	SNV
SEBOX	ENSG00000274529			TK91	SNV
SEC11B	ENSG00000226098			TK18	SNV
SEC1P	ENSG00000232871	TK13	DEL		
SEC61GP1	ENSG00000224219			TK13	SNV
SEC63P1	ENSG00000228057	TK14	DEL		
SELENBP1	ENSG00000143416			TK13	SNV
SELENOF	ENSG00000183291	TK13	DEL		
SELENOKP2	ENSG00000219532			TK93	SNV
SELENOM	ENSG00000198832	TK93	DEL		
SELENOO	ENSG00000073169	TK92	DEL		
SELENOO-AS1	ENSG00000273137	TK92	DEL		
SELENOS	ENSG00000131871	TK12	DEL		
SELENOTP2	ENSG00000271585			TK91	SNV
SELPLG	ENSG00000110876	TK91	DEL		
SEMA4B	ENSG00000185033	TK93	DEL		
SEMA6D	ENSG00000137872			TK18	SNV
SEMG2	ENSG00000124157			TK14	SNV
SENP1	ENSG00000079387	TK16	DEL		
SENP5	ENSG00000119231	TK92	DEL		
SENP7	ENSG00000138468	TK13	DEL		
SEPSECS	ENSG00000109618	TK18	DEL		
SEPTIN14P2	ENSG00000244528			TK14	SNV
SEPTIN14P4	ENSG00000251155			TK10	SNV
SEPTIN14P6	ENSG00000217929			TK93	SNV
SEPTIN14P8	ENSG00000255464	TK91	DEL		
SEPTIN2	ENSG00000168385	TK13	DEL		
SEPTIN7P1	ENSG00000259090			TK91	SNV
SEPTIN7P10	ENSG00000248885			TK92	SNV
SEPTIN7P11	ENSG00000291108			TK10	SNV
SEPTIN7P8	ENSG00000229000			TK92	SNV
SEPTIN8	ENSG00000164402	TK10	DEL		
SERBP1P4	ENSG00000230275			TK13	SNV
SERINC3	ENSG00000132824	TK18	DEL		
SERPINA2	ENSG00000258597			TK13	SNV
SERPINA3	ENSG00000196136			TK13	SNV
SERPINA7	ENSG00000123561			TK91	SNV
SERPINB1	ENSG00000021355	TK91	DEL		
SERPINB11	ENSG00000206072			TK14	SNV
SERPINB2	ENSG00000197632			TK10	SNV
SERPINB4	ENSG00000206073			TK14	SNV
SERPINI1	ENSG00000163536	TK93	DEL		
SETD6	ENSG00000103037	TK93	DEL		
SETD7	ENSG00000145391	TK14	DEL		
SETDB1	ENSG00000143379	TK13	DEL		
SETP12	ENSG00000251609			TK14	SNV
SEZ6L2	ENSG00000174938	TK91	DEL		
SFMBT1	ENSG00000163935	TK14	DEL		
SFR1P2	ENSG00000223707			TK93	SNV
SFRP2	ENSG00000145423	TK13	DEL		
SFSWAP	ENSG00000061936	TK13	DEL		
SFT2D1	ENSG00000198818	TK14	DEL		
SGCG	ENSG00000102683			TK12	SNV
SGO1P2	ENSG00000234304			TK10	SNV
SGSH	ENSG00000181523	TK92	DEL		
SGSM2	ENSG00000141258	TK93	DEL		
SGTB	ENSG00000197860	TK10	DEL		
SH2B1	ENSG00000178188	TK91	DEL		
SH2B3	ENSG00000111252	TK14	DEL		
SH2D2A	ENSG00000027869	TK10	DEL		
SH2D3C	ENSG00000095370	TK92	DEL		
SH3BP5	ENSG00000131370	TK14	DEL		
SH3BP5-AS1	ENSG00000224660			TK18	INDEL
SH3BP5L	ENSG00000175137	TK10	DEL		
SH3GL1	ENSG00000141985	TK91	DEL		
SH3GL1P2	ENSG00000264943	TK91	DEL		
SH3PXD2A-AS1	ENSG00000280693			TK18	SNV
SH3RF1	ENSG00000154447	TK10	DEL		
SH3RF2	ENSG00000156463			TK13	SNV
SH3TC2-DT	ENSG00000250072			TK92	SNV
SHANK3	ENSG00000251322			TK13	SNV
SHBG	ENSG00000129214	TK14	DEL		
SHC1P2	ENSG00000267691			TK10	SNV
SHE	ENSG00000169291	TK92	DEL		
SHISA5P2	ENSG00000203397			TK91	SNV
SHISA6	ENSG00000188803			TK93	SNV
SHLD2P2	ENSG00000259096	TK14	DEL		
SHMT2	ENSG00000182199	TK93	DEL		
SHPRH	ENSG00000146414	TK14	DEL		
SHROOM1	ENSG00000164403	TK91	DEL		
SIGLEC14	ENSG00000254415			TK10	SNV
SIGLEC17P	ENSG00000171101			TK13	SNV
SIGLEC18P	ENSG00000268581			TK93	SNV
SIKE1	ENSG00000052723	TK13	DEL		
SIN3A	ENSG00000169375	TK91	DEL		
SIPA1L2	ENSG00000116991	TK92	DEL		
SIRPA	ENSG00000198053	TK92	DEL		
SIRPD	ENSG00000125900			TK93	SNV
SIRT1	ENSG00000096717	TK92	DEL		
SIRT3	ENSG00000142082	TK14	DEL		
SIRT5	ENSG00000124523	TK13	DEL		
SKIL	ENSG00000136603	TK91	DEL		
SLAIN2	ENSG00000109171	TK18	DEL		
SLAMF6	ENSG00000162739	TK91	DEL		
SLAMF7	ENSG00000026751	TK92	DEL		
SLC12A7	ENSG00000113504	TK13	DEL		
SLC13A2	ENSG00000007216	TK13	DEL		
SLC16A14	ENSG00000163053	TK13	DEL		
SLC16A14P1	ENSG00000213708			TK13	SNV
SLC16A3	ENSG00000141526	TK92	DEL		
SLC17A2	ENSG00000112337			TK13	SNV
SLC18A1	ENSG00000036565			TK13	SNV
SLC18A3	ENSG00000187714			TK14	SNV
SLC18B1	ENSG00000146409	TK14	DEL		
SLC20A1	ENSG00000144136	TK91	DEL		
SLC20A1P1	ENSG00000223506	TK10	DEL		
SLC22A16	ENSG00000004809			TK14	SNV
SLC22A23	ENSG00000137266	TK13	DEL		
SLC22A3	ENSG00000146477			TK10	SNV
SLC22A4	ENSG00000197208	TK91	DEL		
SLC22A5	ENSG00000197375	TK91	DEL		
SLC24A3	ENSG00000185052			TK93	SNV
SLC25A15P5	ENSG00000249288	TK92	DEL	TK18	SNV
SLC25A17	ENSG00000100372	TK14	DEL		
SLC25A1P5	ENSG00000267323	TK14	DEL		
SLC25A20	ENSG00000178537	TK91	DEL		
SLC25A22	ENSG00000177542	TK91	DEL		
SLC25A24P2	ENSG00000238118	TK92	DEL		
SLC25A30-AS1	ENSG00000251015			TK16	SNV
SLC25A33	ENSG00000171612	TK14	DEL		
SLC25A36P1	ENSG00000267781			TK12	SNV
SLC25A3P1	ENSG00000236253			TK10	SNV
SLC25A48	ENSG00000145832			TK92	SNV
SLC25A48-AS1	ENSG00000251045			TK10	SNV
SLC25A5P3	ENSG00000213673			TK92	SNV
SLC25A5P5	ENSG00000226421	TK91	DEL		
SLC25A6P2	ENSG00000232203			TK93	SNV
SLC25A6P3	ENSG00000232846			TK92	SNV
SLC25A6P4	ENSG00000266909			TK13	SNV
SLC26A4-AS1	ENSG00000233705			TK91	SNV
SLC26A6	ENSG00000225697	TK92	DEL		
SLC28A3	ENSG00000197506			TK10	SNV
SLC28A3-AS1	ENSG00000233262			TK10	SNV
SLC29A4P2	ENSG00000214660			TK13	SNV
SLC2A14	ENSG00000173262	TK91	DEL	TK14	SNV
SLC2A2	ENSG00000163581			TK13	SNV
SLC2A3P4	ENSG00000254088	TK14	DEL		
SLC2A4	ENSG00000181856	TK91	DEL		
SLC2A4RG	ENSG00000125520	TK91	DEL		
SLC2A8	ENSG00000136856	TK13	DEL		
SLC30A8	ENSG00000164756			TK10	INDEL,SNV
SLC31A1P1	ENSG00000224426			TK16	SNV
SLC32A1	ENSG00000101438			TK13	SNV
SLC35B2	ENSG00000157593			TK13	SNV
SLC35D3	ENSG00000182747	TK93	DEL		
SLC35E1P1	ENSG00000238286			TK92	SNV
SLC35E3	ENSG00000175782	TK92	DEL		
SLC35G3	ENSG00000164729			TK92	SNV
SLC38A3	ENSG00000188338			TK18	SNV
SLC38A9	ENSG00000177058	TK13	DEL		
SLC39A9	ENSG00000029364	TK14	DEL		
SLC41A3-AS1	ENSG00000250012	TK10	DEL		
SLC43A3	ENSG00000134802	TK16	DEL		
SLC44A5	ENSG00000137968	TK91	DEL		
SLC45A1	ENSG00000162426			TK14	SNV
SLC46A2-AS1	ENSG00000271631			TK91	INDEL
SLC47A1	ENSG00000142494			TK18	SNV
SLC4A1APP2	ENSG00000236401			TK18	SNV
SLC4A8-AS1	ENSG00000271065			TK92	SNV
SLC4A9	ENSG00000113073	TK92	DEL		
SLC51B	ENSG00000186198			TK18	SNV
SLC5A5	ENSG00000105641	TK92	DEL		
SLC5A6	ENSG00000138074	TK91	DEL		
SLC66A1	ENSG00000040487	TK14	DEL		
SLC6A10P	ENSG00000214617			TK13	SNV
SLC6A11	ENSG00000132164			TK91	SNV
SLC6A15	ENSG00000072041			TK10	INDEL,SNV
SLC7A11	ENSG00000151012	TK14	DEL		
SLC7A2	ENSG00000003989			TK93	SNV
SLC7A5	ENSG00000103257	TK92	DEL		
SLC7A5P1	ENSG00000260727	TK10	DEL		
SLC7A6OS	ENSG00000103061	TK16	DEL		
SLC9A1	ENSG00000090020	TK10	DEL		
SLC9A6	ENSG00000198689	TK91	DEL		
SLC9B2	ENSG00000164038	TK14	DEL		
SLCO4A1-AS1	ENSG00000232803	TK18	DEL		
SLED1	ENSG00000249138			TK93	SNV
SLF2	ENSG00000119906	TK14	DEL		
SLIT3	ENSG00000184347	TK13	DEL		
SLIT3-AS1	ENSG00000248222			TK91	SNV
SLIT3-AS2	ENSG00000254042	TK13	DEL	TK93	SNV
SLITRK4	ENSG00000179542			TK91	SNV
SLU7	ENSG00000164609	TK12	DEL		
SMANTIS	ENSG00000288869			TK92	SNV
SMAP2	ENSG00000084070			TK92	SNV
SMARCA5-AS1	ENSG00000245112			TK13	SNV
SMARCAD1	ENSG00000163104	TK14	DEL		
SMARCAL1	ENSG00000138375	TK18	DEL		
SMARCAL1-AS1	ENSG00000235042			TK92	SNV
SMARCE1P2	ENSG00000226309			TK93	SNV
SMBD1P	ENSG00000283426	TK92	DEL		
SMC6	ENSG00000163029	TK13	DEL		
SMCHD1	ENSG00000101596	TK13	DEL		
SMCO1	ENSG00000214097			TK18	SNV
SMCO3	ENSG00000179256			TK93	SNV
SMDT1	ENSG00000183172	TK12	DEL		
SMG6-IT1	ENSG00000278941			TK91	SNV
SMG8	ENSG00000167447	TK91	DEL		
SMIM12P1	ENSG00000271284			TK93	SNV
SMIM14	ENSG00000163683	TK92	DEL		
SMIM14-DT	ENSG00000255458	TK92	DEL		
SMIM2	ENSG00000139656			TK93	SNV
SMIM21	ENSG00000206026			TK13	SNV
SMIM26	ENSG00000232388			TK12	SNV
SMIM28	ENSG00000262543			TK91	SNV
SMIM31	ENSG00000248771			TK18	SNV
SMIM32	ENSG00000271824			TK92	SNV
SMIM43	ENSG00000164112			TK13	SNV
SMIM9	ENSG00000203870			TK92	SNV
SMN2	ENSG00000205571			TK91	SNV
SMPD4P1	ENSG00000223553			TK91	SNV
SMTNL2	ENSG00000188176			TK93	SNV
SMUG1P1	ENSG00000267444	TK13	DEL		
SMURF1	ENSG00000198742	TK10	DEL		
SMURF2	ENSG00000108854	TK13	DEL		
SMURF2P1	ENSG00000248121	TK91	DEL		
SMYD1	ENSG00000115593			TK13	SNV
SMYD2	ENSG00000143499	TK10	DEL		
SNAPC1	ENSG00000023608	TK18	DEL		
SNAPC5	ENSG00000174446	TK16	DEL		
SNAPC5P1	ENSG00000241216			TK14	SNV
SNAPIN	ENSG00000143553	TK92	DEL		
SNCG	ENSG00000173267			TK16	SNV
SNF8P1	ENSG00000203387			TK13	SNV
SNHG11	ENSG00000174365	TK91	DEL		
SNHG12	ENSG00000197989			TK18	SNV
SNHG22	ENSG00000267322			TK93	SNV
SNHG25	ENSG00000266402			TK93	SNV
SNORA10B	ENSG00000207187			TK92	SNV
SNORA11B	ENSG00000221102			TK93	SNV
SNORA11F	ENSG00000221164			TK14	SNV
SNORA12	ENSG00000212464			TK93	SNV
SNORA14B	ENSG00000207181	TK13	DEL		
SNORA15B-1	ENSG00000207062	TK93	DEL	TK14	SNV
SNORA16B	ENSG00000201544	TK13	DEL		
SNORA17B	ENSG00000276161			TK10	SNV
SNORA20B	ENSG00000206947	TK18	DEL		
SNORA22	ENSG00000206634			TK13	SNV
SNORA22C	ENSG00000207344	TK93	DEL	TK14	SNV
SNORA28	ENSG00000272533			TK13	SNV
SNORA30	ENSG00000206755	TK92	DEL		
SNORA31B	ENSG00000253051			TK18	SNV
SNORA36B	ENSG00000222370			TK92	SNV
SNORA4	ENSG00000263776	TK91	DEL		
SNORA41	ENSG00000207406	TK93	DEL		
SNORA44	ENSG00000273544			TK93	SNV
SNORA47	ENSG00000238961			TK92	SNV
SNORA50B	ENSG00000253007	TK10	DEL		
SNORA51	ENSG00000271798			TK12	SNV
SNORA53	ENSG00000212443			TK13	SNV
SNORA57	ENSG00000206597	TK92	DEL		
SNORA58	ENSG00000249020			TK13	SNV
SNORA59A	ENSG00000239149	TK91	DEL	TK12	SNV
SNORA60	ENSG00000199266	TK91	DEL	TK92	SNV
SNORA63C	ENSG00000201448			TK92	SNV
SNORA64	ENSG00000207405			TK93	SNV
SNORA65	ENSG00000201302	TK92	DEL		
SNORA68	ENSG00000207166	TK92	DEL		
SNORA69	ENSG00000206622	TK10	DEL	TK14	SNV
SNORA70	ENSG00000252133	TK91	DEL	TK13;TK18	SNV;SNV
SNORA71	ENSG00000201811	TK91	DEL	TK14	SNV
SNORA71A	ENSG00000225091	TK91	DEL	TK14	SNV
SNORA71B	ENSG00000235408	TK91	DEL		
SNORA71C	ENSG00000201512	TK91	DEL		
SNORA71D	ENSG00000200354	TK91	DEL		
SNORA71E	ENSG00000274309	TK91	DEL		
SNORA72	ENSG00000201944			TK91	SNV
SNORA73A	ENSG00000274266	TK93	DEL		
SNORA73B	ENSG00000200087	TK93	DEL		
SNORA74B	ENSG00000212402	TK92	DEL		
SNORA74C-1	ENSG00000265733	TK92	DEL	TK92	SNV
SNORA77	ENSG00000221643			TK12	SNV
SNORA78	ENSG00000273587			TK16	SNV
SNORA80D	ENSG00000207217	TK12	DEL		
SNORA84	ENSG00000239183	TK18	DEL		
SNORD101	ENSG00000206754			TK91	SNV
SNORD105	ENSG00000209645			TK16	SNV
SNORD110	ENSG00000221116	TK91	DEL		
SNORD115-8	ENSG00000200726			TK13	SNV
SNORD116-12	ENSG00000207197			TK12	SNV
SNORD116-15	ENSG00000207174			TK93	SNV
SNORD116-19	ENSG00000207460			TK14	SNV
SNORD116-2	ENSG00000207001			TK10	SNV
SNORD116-20	ENSG00000278715			TK16	SNV
SNORD116-21	ENSG00000277785			TK12	SNV
SNORD117	ENSG00000201785	TK92	DEL	TK10	SNV
SNORD118	ENSG00000200463	TK91	DEL		
SNORD121A	ENSG00000238886	TK92	DEL		
SNORD121B	ENSG00000238300			TK13	INDEL
SNORD124	ENSG00000238793			TK13	SNV
SNORD12C	ENSG00000209042			TK10	SNV
SNORD13E	ENSG00000238311			TK92	SNV
SNORD14E	ENSG00000200879			TK13	SNV
SNORD18	ENSG00000200677	TK14	DEL		
SNORD18B	ENSG00000202529			TK10	SNV
SNORD19	ENSG00000212493	TK12	DEL		
SNORD19C	ENSG00000222345	TK93	DEL	TK10	SNV
SNORD20	ENSG00000207280			TK91	INDEL
SNORD23	ENSG00000221803			TK16	SNV
SNORD27	ENSG00000252128			TK93	SNV
SNORD28B	ENSG00000212295	TK16	DEL		
SNORD36A	ENSG00000199744			TK18	SNV
SNORD36B	ENSG00000200831	TK93	DEL		
SNORD36C	ENSG00000252542	TK92	DEL		
SNORD38B	ENSG00000281859			TK91	SNV
SNORD3E	ENSG00000280704			TK93	SNV
SNORD41	ENSG00000209702	TK93	DEL		
SNORD42	ENSG00000202440	TK92	DEL		
SNORD4B	ENSG00000238597			TK10	SNV
SNORD5	ENSG00000239195			TK13	INDEL
SNORD51	ENSG00000207047	TK93	DEL		
SNORD52	ENSG00000201754	TK93	DEL		
SNORD53B	ENSG00000265706			TK12	SNV
SNORD54	ENSG00000238650			TK10	SNV
SNORD6	ENSG00000202314			TK13	SNV
SNORD63	ENSG00000206989	TK93	DEL		
SNORD65	ENSG00000277512	TK92	DEL		
SNORD66	ENSG00000212158	TK93	DEL		
SNORD67	ENSG00000212135			TK14	SNV
SNORD70	ENSG00000212534			TK93	SNV
SNORD72	ENSG00000212296			TK10	SNV
SNORD73A	ENSG00000208797			TK92	SNV
SNORD79	ENSG00000251878			TK16	SNV
SNORD8	ENSG00000200785	TK10	DEL	TK16	SNV
SNORD82	ENSG00000202400			TK93	SNV
SNORD88C	ENSG00000220988			TK12	SNV
SNORD89	ENSG00000212283			TK13	SNV
SNORD91A	ENSG00000212163			TK91	SNV
SNORD93	ENSG00000221740			TK13	SNV
SNORD96A	ENSG00000272296	TK93	DEL		
SNORD98	ENSG00000283551			TK91	SNV
SNRNP35	ENSG00000184209	TK91	DEL		
SNRPCP5	ENSG00000255522			TK91	SNV
SNRPD3	ENSG00000100028	TK10	DEL	TK12	SNV
SNRPEP11	ENSG00000230299			TK91	SNV
SNRPEP5	ENSG00000225642			TK91	SNV
SNRPEP6	ENSG00000217824			TK93	SNV
SNRPEP7	ENSG00000225990			TK91	SNV
SNRPGP15	ENSG00000224543			TK91	SNV
SNRPGP19	ENSG00000270526	TK93	DEL		
SNRPGP2	ENSG00000264350			TK92	SNV
SNRPGP3	ENSG00000239919			TK10	SNV
SNURF	ENSG00000273173			TK10	SNV
SNX16	ENSG00000104497	TK92	DEL		
SNX18P25	ENSG00000249337			TK93	SNV
SNX18P5	ENSG00000275144			TK93	SNV
SNX18P8	ENSG00000231390			TK16	SNV
SNX21	ENSG00000124104	TK10	DEL		
SNX25	ENSG00000109762	TK10	DEL		
SNX2P1	ENSG00000270585	TK14	DEL	TK10	SNV
SNX31	ENSG00000174226			TK10	SNV
SNX6P1	ENSG00000267920	TK13	DEL		
SNX8	ENSG00000106266	TK14	DEL		
SOAT1	ENSG00000057252	TK16	DEL		
SOCS5P4	ENSG00000227536	TK10	DEL		
SOCS6P1	ENSG00000215120			TK18	SNV
SOD1P3	ENSG00000253651	TK12	DEL		
SOGA1	ENSG00000149639	TK10	DEL		
SON	ENSG00000159140	TK13	DEL		
SORD2P	ENSG00000290387	TK10	DEL		
SORL1-AS1	ENSG00000246790			TK13	SNV
SOS2	ENSG00000100485	TK13	DEL		
SOSTDC1	ENSG00000171243			TK13	SNV
SOWAHCP5	ENSG00000278631			TK93	SNV
SOX17	ENSG00000164736			TK13	SNV
SOX21	ENSG00000125285			TK14	SNV
SOX5P1	ENSG00000254376			TK13	SNV
SOX6	ENSG00000110693			TK93	SNV
SOX9-AS1	ENSG00000234899			TK18	SNV
SPAAR	ENSG00000235387			TK92	SNV
SPACA5	ENSG00000171489	TK91	DEL		
SPACA6-AS1	ENSG00000269959			TK10	SNV
SPAG1	ENSG00000104450			TK92	SNV
SPAG11A	ENSG00000178287			TK14	SNV
SPAG17	ENSG00000155761	TK18	DEL		
SPAG5	ENSG00000076382	TK13	DEL		
SPAG5-AS1	ENSG00000227543	TK13	DEL		
SPANXA2-OT1	ENSG00000277215			TK93	SNV
SPANXC	ENSG00000198573			TK16	SNV
SPANXN1	ENSG00000203923			TK14	SNV
SPANXN2	ENSG00000268988			TK13	SNV
SPAST	ENSG00000021574	TK13	DEL		
SPATA12	ENSG00000186451	TK93	DEL		
SPATA19	ENSG00000166118			TK14	SNV
SPATA24	ENSG00000170469	TK16	DEL		
SPATA2L	ENSG00000158792	TK91	DEL		
SPATA31A3	ENSG00000275969			TK14	SNV
SPATA31A7	ENSG00000276040			TK10	SNV
SPATA31C2	ENSG00000177910			TK13	SNV
SPATA31E1	ENSG00000177992			TK13	SNV
SPATA33	ENSG00000167523	TK91	DEL		
SPATA5	ENSG00000145375	TK14	DEL		
SPCS2P2	ENSG00000270623			TK10	SNV
SPDYE11	ENSG00000275976			TK92	SNV
SPDYE9	ENSG00000262461			TK93	SNV
SPECC1L	ENSG00000100014	TK10	DEL	TK18	SNV
SPECC1P1	ENSG00000227790	TK14	DEL		
SPEM1	ENSG00000181323			TK13	SNV
SPEM2	ENSG00000184560			TK14	SNV
SPG11	ENSG00000104133	TK13	DEL		
SPG7	ENSG00000197912	TK91	DEL		
SPIC	ENSG00000166211			TK92	SNV
SPIDR	ENSG00000164808	TK13	DEL		
SPINK14	ENSG00000196800			TK92	SNV
SPINK8	ENSG00000229453			TK92	SNV
SPINK9	ENSG00000204909	TK92	DEL		
SPINT1	ENSG00000166145	TK18	DEL		
SPINT1-AS1	ENSG00000261183	TK18	DEL		
SPN	ENSG00000197471	TK10	DEL		
SPNS1	ENSG00000169682	TK91	DEL		
SPO11	ENSG00000054796			TK13	SNV
SPOP	ENSG00000121067	TK13	DEL		
SPPL2C	ENSG00000185294			TK13	SNV
SPPL3	ENSG00000157837	TK10	DEL		
SPRR4	ENSG00000184148			TK13	SNV
SPRY3	ENSG00000168939	TK10	DEL		
SPSB4	ENSG00000175093			TK92	SNV
SPTBN1-AS2	ENSG00000238018	TK91	DEL		
SPTLC1P1	ENSG00000230397	TK91	DEL		
SPZ1	ENSG00000164299			TK13	SNV
SRA1	ENSG00000213523	TK93	DEL		
SRARP	ENSG00000183888			TK10	SNV
SRFBP1	ENSG00000151304	TK91	DEL		
SRGAP2-AS1	ENSG00000230806	TK91	DEL		
SRGAP2B	ENSG00000196369	TK14	DEL		
SRGAP3	ENSG00000196220	TK10	DEL		
SRMP2	ENSG00000258485			TK92	SNV
SRP14	ENSG00000140319	TK12	DEL		
SRP14P5	ENSG00000271052			TK92	SNV
SRP68P2	ENSG00000227689			TK93	SNV
SRPRB	ENSG00000144867			TK13	SNV
SRPX2	ENSG00000102359			TK14	SNV
SRRM5	ENSG00000226763	TK93	DEL		
SRSF10	ENSG00000188529	TK14	DEL		
SRSF10P1	ENSG00000267717			TK16	SNV
SRSF6	ENSG00000124193			TK14	SNV
SRSF7	ENSG00000115875	TK93	DEL		
SRSF8BP	ENSG00000256779			TK92	SNV
SRSF8CP	ENSG00000214754			TK92	SNV
SS18L2	ENSG00000008324			TK10	SNV
SS18L2P1	ENSG00000232525			TK92	SNV
SSBL4P	ENSG00000230832	TK92	DEL		
SSH1	ENSG00000084112			TK16	SNV
SSR3	ENSG00000114850	TK14	DEL		
SSR4	ENSG00000180879	TK12	DEL		
SSRP1	ENSG00000149136	TK91	DEL		
SSU72	ENSG00000160075	TK12	DEL		
SSU72L6	ENSG00000230268			TK91	SNV
SSX2IP	ENSG00000117155	TK91	DEL		
SSX5	ENSG00000165583			TK13	SNV
SSX6P	ENSG00000171483	TK91	DEL		
SSX7	ENSG00000187754			TK92	SNV
SSX8P	ENSG00000157965			TK93	SNV
ST20-MTHFS	ENSG00000259332	TK92	DEL		
ST3GAL5	ENSG00000115525	TK92	DEL		
ST3GAL6	ENSG00000064225	TK10	DEL		
ST6GAL1	ENSG00000073849	TK92	DEL		
ST7	ENSG00000004866			TK91	SNV
ST7-AS1	ENSG00000227199			TK12	SNV
ST8SIA1	ENSG00000111728	TK18	DEL		
ST8SIA4	ENSG00000113532	TK13	DEL		
ST8SIA6-AS1	ENSG00000204832			TK10	SNV
STAG2-AS1	ENSG00000232412			TK93	SNV
STAG3	ENSG00000066923	TK91	DEL		
STAG3L4	ENSG00000291153	TK13;TK13	DEL;DEL		
STAM	ENSG00000136738	TK91	DEL		
STAM-DT	ENSG00000260589	TK91	DEL		
STARD3	ENSG00000131748	TK18	DEL		
STARD8	ENSG00000130052	TK13	DEL		
STAT5B	ENSG00000173757	TK10	DEL		
STAT6	ENSG00000166888	TK92	DEL		
STC1	ENSG00000159167			TK10	SNV
STC2	ENSG00000113739	TK14	DEL		
STEAP3	ENSG00000115107	TK13	DEL		
STIM1	ENSG00000167323			TK12	SNV
STK11IP	ENSG00000144589	TK93	DEL		
STK24P1	ENSG00000230079			TK92	SNV
STK31	ENSG00000196335			TK13	SNV
STK38L	ENSG00000211455	TK18	DEL		
STOML3	ENSG00000133115			TK13	SNV
STON1-GTF2A1L	ENSG00000068781	TK13	DEL		
STPG3	ENSG00000197768	TK91	DEL		
STPG3-AS1	ENSG00000275549	TK91	DEL		
STRAP	ENSG00000023734	TK16	DEL		
STRCP1	ENSG00000166763			TK16	INDEL
STRIP1	ENSG00000143093			TK92	SNV
STRN3	ENSG00000196792	TK18	DEL		
STS	ENSG00000101846			TK13	SNV
STX10	ENSG00000104915	TK16	DEL		
STX12	ENSG00000117758			TK91	SNV
STX16	ENSG00000124222			TK18	SNV
STX16-NPEPL1	ENSG00000254995	TK14	DEL		
STX3	ENSG00000166900			TK10	SNV
STX4	ENSG00000103496	TK93	DEL		
STX5	ENSG00000162236			TK18	INDEL,SNV
STX8P1	ENSG00000270296			TK91	SNV
STXBP5	ENSG00000164506	TK10	DEL		
STXBP5L	ENSG00000145087			TK92	SNV
STYXL1	ENSG00000127952	TK13	DEL		
SUB1P2	ENSG00000258737			TK91	SNV
SUB1P3	ENSG00000261612			TK14	INDEL
SUB1P4	ENSG00000260247	TK16	DEL		
SUCLG2	ENSG00000172340	TK92	DEL		
SUCNR1	ENSG00000198829			TK13	SNV
SULT1A2	ENSG00000197165			TK93	SNV
SULT1C2	ENSG00000198203			TK92	SNV
SULT1D1P2	ENSG00000242968			TK14	SNV
SULT6B1	ENSG00000138068			TK18	SNV
SUMO1P1	ENSG00000241721			TK18	SNV
SUMO2P14	ENSG00000271096			TK93	SNV
SUMO2P19	ENSG00000253328	TK91	DEL		
SUMO2P3	ENSG00000224971	TK92	DEL		
SUMO2P6	ENSG00000249031			TK12	INDEL
SUMO2P8	ENSG00000228976			TK93	SNV
SUPT4H1	ENSG00000213246	TK13	DEL	TK92	INDEL
SUPT4H1P1	ENSG00000226247			TK10	SNV
SURF2	ENSG00000148291	TK12	DEL		
SUSD6	ENSG00000100647	TK13	DEL		
SUV39H2	ENSG00000152455	TK14	DEL		
SV2C-AS1	ENSG00000248127			TK93	SNV
SVIL	ENSG00000197321	TK92	DEL		
SVIL-AS1	ENSG00000291093	TK92;TK92	DEL;DEL		
SWSAP1	ENSG00000173928	TK92	DEL		
SYCE2	ENSG00000161860	TK91	DEL		
SYNC	ENSG00000162520	TK91	DEL		
SYNGR1	ENSG00000100321	TK10	DEL		
SYNGR2	ENSG00000108639	TK91	DEL		
SYNJ2-IT1	ENSG00000233496			TK91	SNV
SYNPO2L	ENSG00000166317	TK93	DEL		
SYNPO2L-AS1	ENSG00000271848	TK93	DEL		
SYT14P1	ENSG00000215127			TK14	SNV
SYT15	ENSG00000204176			TK10	SNV
SYT16	ENSG00000139973			TK92	SNV
SYT3	ENSG00000213023	TK10	DEL		
SYT4	ENSG00000132872			TK10	SNV
SZRD1P1	ENSG00000256678	TK92	DEL		
TAAR2	ENSG00000146378			TK13	SNV
TAAR9	ENSG00000237110			TK14	SNV
TACC1	ENSG00000147526			TK18	SNV
TACC1P1	ENSG00000224920			TK92	SNV
TACO1	ENSG00000136463	TK16	DEL		
TACSTD2	ENSG00000184292			TK16	SNV
TAF11L12	ENSG00000249156			TK91	SNV
TAF13	ENSG00000197780	TK92	DEL		
TAF1B	ENSG00000115750	TK91	DEL		
TAF5LP1	ENSG00000267369	TK91	DEL		
TAF9	ENSG00000273841	TK14	DEL		
TAF9P3	ENSG00000267692			TK91	SNV
TAFA3	ENSG00000184599	TK14	DEL		
TAFA4	ENSG00000163377			TK13	SNV
TALAM1	ENSG00000289740	TK93	DEL		
TANK-AS1	ENSG00000224467			TK91	INDEL
TARBP1	ENSG00000059588	TK13	DEL		
TARDBPP4	ENSG00000253555			TK13	SNV
TARP	ENSG00000289746			TK13	SNV
TARS1-DT	ENSG00000249572	TK91	DEL		
TAS1R2	ENSG00000179002			TK13	SNV
TAS1R3	ENSG00000169962	TK92	DEL		
TAS2R1	ENSG00000169777			TK92	INDEL,SNV
TAS2R16	ENSG00000128519			TK14	SNV
TAS2R60	ENSG00000185899			TK92	SNV
TATDN1	ENSG00000147687			TK13	SNV
TATDN1P1	ENSG00000234369	TK92	DEL		
TBC1D13	ENSG00000107021	TK18	DEL		
TBC1D16	ENSG00000167291	TK18	DEL		
TBC1D17	ENSG00000104946	TK12	DEL		
TBC1D23	ENSG00000036054	TK92	DEL		
TBC1D24	ENSG00000162065			TK14	SNV
TBC1D25	ENSG00000068354	TK13	DEL		
TBC1D26	ENSG00000214946	TK14	DEL		
TBC1D26-AS1	ENSG00000233002	TK14	DEL		
TBC1D28	ENSG00000189375	TK14	DEL	TK92	SNV
TBC1D3D	ENSG00000274419			TK12	SNV
TBC1D3H	ENSG00000274226			TK12	SNV
TBC1D3P1	ENSG00000238283			TK10	SNV
TBC1D3P1-DHX40P1	ENSG00000267104	TK13	DEL		
TBC1D3P4	ENSG00000204471			TK13	SNV
TBC1D3P5	ENSG00000266433			TK13	SNV
TBC1D3P6	ENSG00000224966			TK13	SNV
TBC1D3P7	ENSG00000233014			TK14	SNV
TBC1D8	ENSG00000204634	TK13	DEL		
TBCEL-TECTA	ENSG00000285509	TK16	DEL		
TBCK	ENSG00000145348	TK10	DEL		
TBL1XR1	ENSG00000177565	TK10	DEL		
TBRG4	ENSG00000136270	TK93	DEL		
TBX22	ENSG00000122145			TK10	SNV
TCAF2	ENSG00000170379			TK91	SNV
TCEAL3-AS1	ENSG00000224031			TK92	SNV
TCEAL8P1	ENSG00000271174			TK91	SNV
TCERG1L-AS1	ENSG00000230098			TK92	SNV
TCF15	ENSG00000125878			TK13	SNV
TCIM	ENSG00000176907			TK18	SNV
TCL1A	ENSG00000100721			TK10	SNV
TCP11X3P	ENSG00000251525			TK14	SNV
TCTN2	ENSG00000168778	TK91	DEL		
TDGF1P2	ENSG00000183514			TK91	SNV
TDGF1P5	ENSG00000254274	TK13	DEL		
TDRD10	ENSG00000163239	TK92	DEL		
TDRD3	ENSG00000083544	TK13	DEL		
TDRD9	ENSG00000156414			TK92	SNV
TDRG1	ENSG00000204091			TK10	SNV
TEAD3	ENSG00000007866	TK10	DEL		
TECRP2	ENSG00000248565			TK13	SNV
TECTB	ENSG00000119913			TK93	SNV
TEKT1	ENSG00000167858	TK91	DEL		
TEMN3-AS1	ENSG00000251336			TK18	SNV
TEN1	ENSG00000257949	TK91	DEL		
TEN1-CDK3	ENSG00000261408	TK91	DEL		
TENM2	ENSG00000145934			TK10	SNV
TENT2	ENSG00000164329	TK13	DEL		
TERB2	ENSG00000167014			TK13	INDEL
TERF1P3	ENSG00000249311			TK91	SNV
TERF1P6	ENSG00000223824			TK91	SNV
TERF1P7	ENSG00000232186	TK92	DEL		
TERF2	ENSG00000132604	TK14	DEL		
TERLR1	ENSG00000249201			TK14	SNV
TESK2	ENSG00000070759	TK14	DEL		
TEX13A	ENSG00000268629			TK14	SNV
TEX13C	ENSG00000282815			TK14	SNV
TEX13D	ENSG00000282419			TK10	INDEL,SNV
TEX26	ENSG00000175664			TK10	SNV
TEX26-AS1	ENSG00000224743			TK10	SNV
TEX41	ENSG00000226674			TK18	SNV
TEX44	ENSG00000177673			TK13	SNV
TEX47	ENSG00000164645			TK13	SNV
TEX55	ENSG00000163424			TK13	SNV
TFAMP1	ENSG00000230444			TK91	SNV
TFDP1	ENSG00000198176	TK16	DEL		
TFDP1P3	ENSG00000259493	TK93	DEL		
TFDP2	ENSG00000114126	TK14	DEL		
TFF1	ENSG00000160182			TK13	SNV
TFGP1	ENSG00000217227			TK92	SNV
TFR2	ENSG00000106327	TK13	DEL		
TGM4	ENSG00000163810			TK93	SNV
TGS1	ENSG00000137574	TK13	DEL		
TH	ENSG00000180176			TK13	SNV
THA1P	ENSG00000267676			TK18	SNV
THADA	ENSG00000115970	TK13	DEL		
THAP12	ENSG00000137492	TK13	DEL		
THAP12P6	ENSG00000227882			TK14	SNV
THAP3	ENSG00000041988	TK18	DEL		
THAP4	ENSG00000176946			TK18	SNV
THAP5	ENSG00000177683	TK16	DEL		
THAP8	ENSG00000161277	TK13	DEL		
THBD	ENSG00000178726			TK13	SNV
THBS1-IT1	ENSG00000276107			TK16	SNV
THEGL	ENSG00000249693	TK91	DEL		
THEM5	ENSG00000196407	TK10	DEL		
THEM6	ENSG00000130193			TK10	SNV
THEMIS	ENSG00000172673	TK13	DEL		
THEMIS3P	ENSG00000229442			TK10	SNV
THNSL1	ENSG00000185875	TK92	DEL		
THOC3-AS1	ENSG00000250801			TK14	SNV
THOC5	ENSG00000100296	TK12	DEL		
THRAP3P3	ENSG00000235920			TK92	SNV
THSD1P1	ENSG00000285160			TK16	SNV
THY1	ENSG00000154096			TK16	SNV
THY1-AS1	ENSG00000263873			TK10	INDEL,SNV
TIA1	ENSG00000116001	TK12	DEL		
TIAM1	ENSG00000156299	TK16	DEL		
TICAM2	ENSG00000243414			TK91	SNV
TILRLS	ENSG00000251206			TK12	SNV
TIMD4	ENSG00000145850	TK12	DEL	TK12	SNV
TIMM17B	ENSG00000126768	TK91	DEL		
TIMM21	ENSG00000075336	TK14	DEL		
TIMM50	ENSG00000105197	TK18	DEL		
TIMM9	ENSG00000100575	TK14	DEL		
TIMP1	ENSG00000102265	TK12	DEL		
TIRAP	ENSG00000150455	TK13	DEL		
TLCD3B	ENSG00000149926	TK91	DEL		
TLE2	ENSG00000065717	TK10	DEL		
TLE7	ENSG00000260734			TK13	SNV
TLK2	ENSG00000146872	TK91	DEL		
TLN1	ENSG00000137076	TK92	DEL		
TLX1	ENSG00000107807			TK10	SNV
TM2D2	ENSG00000169490	TK16	DEL		
TM4SF18	ENSG00000163762			TK10	SNV
TM4SF5	ENSG00000142484			TK92	INDEL,SNV
TM6SF2	ENSG00000213996			TK13	SNV
TMA16P2	ENSG00000232467			TK13	SNV
TMBIM1	ENSG00000135926	TK93	DEL		
TMC1	ENSG00000165091			TK18	SNV
TMC5	ENSG00000103534			TK16	SNV
TMCC1-DT	ENSG00000271270	TK93	DEL		
TMCC1P1	ENSG00000253318			TK91	SNV
TMCO5B	ENSG00000215296			TK18	INDEL,SNV
TMDD1	ENSG00000284730			TK93	INDEL
TMED10P1	ENSG00000254618	TK91	DEL		
TMEM107	ENSG00000179029	TK91	DEL		
TMEM119	ENSG00000183160	TK91	DEL		
TMEM125	ENSG00000179178			TK16	SNV
TMEM128	ENSG00000132406	TK13	DEL		
TMEM131L	ENSG00000121210	TK13	DEL		
TMEM135	ENSG00000166575	TK14	DEL		
TMEM139-AS1	ENSG00000231840	TK18	DEL		
TMEM141	ENSG00000244187			TK14	SNV
TMEM150C	ENSG00000249242	TK92	DEL		
TMEM167B	ENSG00000215717	TK92	DEL		
TMEM167B-DT	ENSG00000273382	TK92	DEL		
TMEM170A	ENSG00000166822	TK18	DEL		
TMEM175	ENSG00000127419	TK92	DEL		
TMEM184C	ENSG00000164168	TK13	DEL		
TMEM19	ENSG00000139291	TK92	DEL		
TMEM192	ENSG00000170088	TK14	DEL		
TMEM202	ENSG00000187806			TK16	SNV
TMEM204	ENSG00000131634			TK10	SNV
TMEM207	ENSG00000198398			TK91	SNV
TMEM209	ENSG00000146842	TK93	DEL		
TMEM212-AS1	ENSG00000234717			TK10	INDEL,SNV
TMEM222	ENSG00000186501	TK14	DEL		
TMEM223	ENSG00000168569	TK18	DEL		
TMEM229BP1	ENSG00000237645			TK91	SNV
TMEM231P1	ENSG00000262583			TK92	SNV
TMEM233	ENSG00000224982			TK93	SNV
TMEM238L	ENSG00000263429			TK14	SNV
TMEM244	ENSG00000203756			TK10	SNV
TMEM246-AS1	ENSG00000225376			TK12	SNV
TMEM247	ENSG00000284701			TK91	SNV
TMEM252	ENSG00000181778			TK92	SNV
TMEM252-DT	ENSG00000226337			TK92	SNV
TMEM256-PLSCR3	ENSG00000262481	TK93	DEL		
TMEM258P1	ENSG00000236248			TK91	SNV
TMEM26	ENSG00000196932			TK13	SNV
TMEM260	ENSG00000070269			TK92	SNV
TMEM271	ENSG00000273238			TK10	SNV
TMEM35A	ENSG00000126950			TK92	SNV
TMEM38BP1	ENSG00000238026			TK14	SNV
TMEM50A	ENSG00000183726	TK14	DEL		
TMEM52B	ENSG00000165685	TK18	DEL		
TMEM60	ENSG00000135211	TK92	DEL		
TMEM61	ENSG00000143001			TK12	SNV
TMEM63B	ENSG00000137216	TK10	DEL		
TMEM70	ENSG00000175606	TK10	DEL		
TMEM78	ENSG00000177800			TK10	INDEL
TMEM97P2	ENSG00000253866			TK14	SNV
TMF1	ENSG00000144747	TK10	DEL		
TMPO-AS1	ENSG00000257167	TK92	DEL		
TMPRSS11F	ENSG00000198092			TK92	SNV
TMSB4Y	ENSG00000154620			TK10	SNV
TNF	ENSG00000232810			TK18	SNV
TNFAIP3	ENSG00000118503	TK92	DEL		
TNFRSF10C	ENSG00000173535	TK92	DEL		
TNFRSF10D	ENSG00000173530	TK92	DEL		
TNFRSF14-AS1	ENSG00000238164	TK13	DEL		
TNFSF18	ENSG00000120337	TK91	DEL		
TNFSF4	ENSG00000117586	TK91	DEL		
TNFSF9	ENSG00000125657	TK91	DEL		
TNIP2	ENSG00000168884	TK10	DEL		
TNIP2P1	ENSG00000237661			TK93	SNV
TNNI2	ENSG00000130598			TK13	SNV
TNNI3	ENSG00000129991			TK13	SNV
TNNT1	ENSG00000105048	TK10	DEL		
TNPO1	ENSG00000083312	TK14	DEL		
TNPO1-DT	ENSG00000249085			TK92	INDEL
TNS1-AS1	ENSG00000223923			TK93	SNV
TNXB	ENSG00000168477	TK10	DEL		
TOM1	ENSG00000100284	TK13	DEL		
TOMM20	ENSG00000173726	TK13	DEL		
TOMM20P1	ENSG00000224829			TK93	SNV
TOMM20P2	ENSG00000255987	TK91	DEL		
TOMM20P3	ENSG00000263935			TK14	SNV
TOMM22	ENSG00000100216	TK92	DEL		
TOMM22P5	ENSG00000225155			TK92	SNV
TOMM40L	ENSG00000158882	TK93	DEL		
TONSL	ENSG00000160949	TK92	DEL		
TOPORS	ENSG00000197579	TK13	DEL		
TOR4A	ENSG00000198113	TK91	DEL		
TOX4	ENSG00000092203	TK92	DEL		
TP53BP2	ENSG00000143514	TK91	DEL		
TP53I3	ENSG00000115129	TK91	DEL		
TP53INP2	ENSG00000078804	TK10	DEL		
TP53TG1	ENSG00000182165	TK12	DEL		
TP53TG3D	ENSG00000205456			TK10	SNV
TP73	ENSG00000078900			TK14	SNV
TP73-AS3	ENSG00000227589			TK18	SNV
TPBGL	ENSG00000261594			TK10	SNV
TPBGL-AS1	ENSG00000255136			TK18	SNV
TPPP	ENSG00000171368	TK16	DEL		
TPPP2	ENSG00000179636			TK10	SNV
TPRG1	ENSG00000188001			TK93	SNV
TPRG1-AS1	ENSG00000234076			TK93	SNV
TPRG1LP1	ENSG00000269097	TK91	DEL		
TPRKBP2	ENSG00000260452			TK92	SNV
TPSD1	ENSG00000095917			TK13	SNV
TPT1P1	ENSG00000234107			TK14	SNV
TPT1P11	ENSG00000239995			TK92	SNV
TPT1P12	ENSG00000256817			TK93	SNV
TPT1P5	ENSG00000214108			TK91	SNV
TPT1P8	ENSG00000219491			TK10	SNV
TPTEP1	ENSG00000290418	TK92;TK92	DEL;DEL		
TRABD	ENSG00000170638	TK92	DEL		
TRABD-AS1	ENSG00000273253	TK92	DEL		
TRABD2A	ENSG00000186854	TK13	DEL		
TRAJ32	ENSG00000211857			TK13	SNV
TRAM2-AS1	ENSG00000225791	TK14	DEL		
TRAPPC12	ENSG00000171853	TK13	DEL		
TRAPPC2LP1	ENSG00000231053			TK92	SNV
TRAPPC3	ENSG00000054116	TK14	DEL		
TRAPPC9	ENSG00000167632	TK92	DEL		
TRAV18	ENSG00000211798			TK13	SNV
TRAV23DV6	ENSG00000211803			TK13	SNV
TRAV27	ENSG00000211809			TK14	SNV
TRAV33	ENSG00000258812			TK13	SNV
TRAV35	ENSG00000211814			TK13	SNV
TRAV38-1	ENSG00000211816			TK14	SNV
TRAV8-4	ENSG00000211790			TK13	SNV
TRAV8-6	ENSG00000211795			TK13	SNV
TRAV8-7	ENSG00000211808			TK14	SNV
TRBC1	ENSG00000211751	TK16	DEL	TK16	SNV
TRBJ1-1	ENSG00000282320	TK16	DEL		
TRBJ1-2	ENSG00000282420	TK16	DEL		
TRBJ1-3	ENSG00000282133	TK16	DEL		
TRBJ1-4	ENSG00000281958	TK16	DEL		
TRBJ1-5	ENSG00000282173	TK16	DEL		
TRBJ1-6	ENSG00000282780	TK16	DEL		
TRBJ2-1	ENSG00000211764	TK16	DEL		
TRBJ2-2	ENSG00000211765	TK16	DEL		
TRBJ2-2P	ENSG00000211766	TK16	DEL		
TRBJ2-3	ENSG00000211767	TK16	DEL		
TRBJ2-5	ENSG00000211769			TK16	SNV
TRBV10-1	ENSG00000211717			TK13	SNV
TRBV11-2	ENSG00000241657			TK13	SNV
TRBV20-1	ENSG00000211747			TK13	SNV
TRBV21OR9-2	ENSG00000183938			TK13	SNV
TRBV4-2	ENSG00000211745			TK14	SNV
TRBV5-3	ENSG00000211715			TK13	SNV
TRBV5-5	ENSG00000211725			TK14	SNV
TRBV7-9	ENSG00000278030			TK92	SNV
TREML1	ENSG00000161911			TK93	SNV
TRGV7	ENSG00000249978			TK14	SNV
TRGVA	ENSG00000225992			TK12	SNV
TRHDE-AS1	ENSG00000236333			TK10	SNV
TRIB1	ENSG00000173334	TK12	DEL		
TRIL	ENSG00000255690			TK13	SNV
TRIM15	ENSG00000204610			TK13	SNV
TRIM16	ENSG00000221926	TK14	DEL		
TRIM40	ENSG00000204614			TK18	SNV
TRIM51DP	ENSG00000255190			TK14	SNV
TRIM51FP	ENSG00000219061			TK14	SNV
TRIM51G	ENSG00000220948			TK14	SNV
TRIM60P14	ENSG00000250227			TK91	SNV
TRIM64C	ENSG00000214891			TK10	SNV
TRIM64EP	ENSG00000223709			TK14	SNV
TRIM72	ENSG00000177238	TK18	DEL		
TRIM73	ENSG00000178809	TK91	DEL		
TRIM77BP	ENSG00000254993			TK14	SNV
TRIP4	ENSG00000103671	TK10	DEL		
TRMT112P3	ENSG00000265262			TK92	SNV
TRMT2A	ENSG00000099899	TK92	DEL		
TRMT2B-AS1	ENSG00000225839	TK13	DEL		
TRMT6	ENSG00000089195	TK16	DEL		
TRNAU1AP	ENSG00000180098	TK13	DEL		
TROAP-AS1	ENSG00000258334	TK91	DEL		
TRPC2	ENSG00000182048			TK10	SNV
TRPC6P10	ENSG00000226874	TK92	DEL	TK16	SNV
TRPM1	ENSG00000134160	TK91	DEL		
TRPM6	ENSG00000119121	TK14	DEL		
TSACC	ENSG00000163467	TK92	DEL		
TSC1	ENSG00000165699	TK91	DEL		
TSEN34	ENSG00000170892	TK93	DEL		
TSG101	ENSG00000074319	TK93	DEL		
TSGA13	ENSG00000213265			TK91	SNV
TSHB	ENSG00000134200			TK13	SNV
TSHZ3	ENSG00000121297			TK10	SNV
TSIX	ENSG00000270641			TK92	SNV
TSNAX	ENSG00000116918			TK10	INDEL
TSPAN16	ENSG00000130167	TK92	DEL		
TSPAN4	ENSG00000214063	TK91	DEL		
TSPAN9-IT1	ENSG00000256197			TK93	SNV
TSPO	ENSG00000100300	TK13	DEL		
TSPYL2	ENSG00000184205	TK91	DEL		
TTC14-DT	ENSG00000239774			TK93	SNV
TTC17	ENSG00000052841	TK18	DEL		
TTC28	ENSG00000100154	TK14	DEL		
TTC39A-AS1	ENSG00000261664			TK18	SNV
TTC5	ENSG00000136319	TK91	DEL		
TTF2	ENSG00000116830	TK14	DEL		
TTLL1-AS1	ENSG00000230319			TK92	SNV
TTLL6	ENSG00000170703			TK10	SNV
TTLL7	ENSG00000137941	TK10	DEL		
TTLL7-IT1	ENSG00000233061	TK10	DEL		
TTTY20	ENSG00000232808			TK18	SNV
TUB	ENSG00000166402			TK14	SNV
TUB-AS1	ENSG00000248332			TK10	SNV
TUBA4A	ENSG00000127824	TK10	DEL		
TUBA4B	ENSG00000243910	TK10	DEL		
TUBA8	ENSG00000183785			TK92	SNV
TUBAP12	ENSG00000259614			TK13	SNV
TUBAP14	ENSG00000247763			TK92	SNV
TUBAP7	ENSG00000253547			TK13	SNV
TUBB2BP1	ENSG00000216819			TK13	SNV
TUBB4A	ENSG00000104833	TK91	DEL		
TUBB4BP1	ENSG00000255988			TK13	SNV
TUBB4BP7	ENSG00000217372			TK13	SNV
TUBB8	ENSG00000261456	TK91	DEL		
TUBB8P10	ENSG00000237469			TK13	SNV
TUBB8P11	ENSG00000234711			TK14	SNV
TUBB8P4	ENSG00000250788			TK13	SNV
TUBBP3	ENSG00000258406	TK91	DEL		
TUBBP6	ENSG00000235207	TK92	DEL		
TUBG1P	ENSG00000237972	TK14	DEL		
TUFM	ENSG00000178952	TK91	DEL		
TUFMP1	ENSG00000265646	TK91	DEL		
TUSC2	ENSG00000114383	TK93	DEL		
TUSC3	ENSG00000104723	TK91	DEL		
TUSC8	ENSG00000237361			TK10	SNV
TVP23A	ENSG00000166676	TK14	DEL		
TVP23B	ENSG00000171928	TK14	DEL		
TVP23CP1	ENSG00000223584			TK91	INDEL
TWF2	ENSG00000247596	TK14	DEL		
TWF2-DT	ENSG00000243224	TK16	DEL		
TWIST2	ENSG00000233608			TK10	SNV
TXN2	ENSG00000100348	TK14	DEL		
TXN2P1	ENSG00000213540			TK92	SNV
TXNDC12-AS1	ENSG00000228369	TK14	DEL		
TXNDC9	ENSG00000115514	TK91	DEL		
TXNL4A	ENSG00000141759	TK14	DEL		
TXNP5	ENSG00000228236			TK93	SNV
TYR	ENSG00000077498			TK13	SNV
TYRO3	ENSG00000092445	TK10	DEL		
TYRP1	ENSG00000107165			TK14	SNV
TYW3	ENSG00000162623	TK14	DEL		
U3	ENSG00000271817	TK14	DEL	TK93;TK10;TK92;TK14;TK93	SNV;SNV;INDEL,SNV;SNV;SNV
U4	ENSG00000283442			TK92	SNV
U6	ENSG00000283313			TK91;TK92	SNV;INDEL
U7	ENSG00000275635	TK92	DEL	TK18	SNV
UBA52P5	ENSG00000243498	TK13	DEL		
UBA6	ENSG00000033178	TK16	DEL		
UBD	ENSG00000213886			TK91	SNV
UBE2C	ENSG00000175063	TK93	DEL		
UBE2CP3	ENSG00000250384	TK13	DEL		
UBE2DNL	ENSG00000229547			TK14	SNV
UBE2G1	ENSG00000132388	TK14	DEL		
UBE2H-DT	ENSG00000244036			TK10	SNV
UBE2HP1	ENSG00000253677			TK93	SNV
UBE2K	ENSG00000078140	TK92	DEL		
UBE2L6	ENSG00000156587	TK92	DEL		
UBE2NL	ENSG00000276380			TK93	SNV
UBE2Q1-AS1	ENSG00000229780	TK12	DEL		
UBE2Q2P6	ENSG00000275695			TK14	SNV
UBE2SP2	ENSG00000224126	TK14	DEL		
UBE2V1P4	ENSG00000233909			TK91	SNV
UBE2V1P9	ENSG00000229667			TK10	SNV
UBE2V2P1	ENSG00000226255			TK12	SNV
UBE2V2P2	ENSG00000267463	TK91	DEL		
UBE2WP1	ENSG00000234422			TK14	INDEL
UBE2Z	ENSG00000159202	TK10	DEL		
UBE3A	ENSG00000114062	TK18	DEL		
UBE3C	ENSG00000009335	TK93	DEL		
UBE4B	ENSG00000130939	TK91	DEL		
UBFD1P1	ENSG00000244653			TK14	SNV
UBL4B	ENSG00000186150			TK16	SNV
UBL5P4	ENSG00000260224			TK10	SNV
UBOX5-AS1	ENSG00000235958			TK14	SNV
UBQLN3	ENSG00000175520			TK13	SNV
UBR2	ENSG00000024048	TK13	DEL		
UBR5-DT	ENSG00000246263	TK91	DEL		
UBR7	ENSG00000012963	TK13	DEL		
UBTFL8	ENSG00000224082			TK13	SNV
UBXN1	ENSG00000162191	TK92	DEL		
UBXN11	ENSG00000158062	TK14	DEL		
UBXN7	ENSG00000163960	TK92	DEL		
UCK1	ENSG00000130717	TK10	DEL		
UCN3	ENSG00000178473			TK13	SNV
UFC1	ENSG00000143222	TK93	DEL		
UGDH	ENSG00000109814	TK16	DEL		
UGDH-AS1	ENSG00000249348	TK92	DEL		
UGGT1	ENSG00000136731	TK14	DEL		
UGT1A1	ENSG00000241635			TK10	SNV
UGT1A11P	ENSG00000227846			TK13	SNV
UGT1A4	ENSG00000244474			TK13	SNV
UGT2A3	ENSG00000135220			TK10	SNV
UGT2B10	ENSG00000109181			TK14	SNV
UGT2B11	ENSG00000213759			TK14	SNV
UGT2B24P	ENSG00000249956			TK13	SNV
UGT2B26P	ENSG00000250919			TK14	SNV
UGT2B27P	ENSG00000251685			TK14	SNV
UGT2B28	ENSG00000135226			TK14	SNV
UGT2B7	ENSG00000171234			TK91	SNV
UHMK1	ENSG00000152332	TK92	DEL		
UHRF2	ENSG00000147854	TK13	DEL		
ULK1	ENSG00000177169	TK10	DEL		
UMAD1	ENSG00000219545			TK14	SNV
UMLILO	ENSG00000228277			TK93	SNV
UMOD	ENSG00000169344			TK13	SNV
UNC13B	ENSG00000198722	TK93	DEL		
UNC45B	ENSG00000141161			TK13	SNV
UNC80	ENSG00000144406			TK92	SNV
UNGP3	ENSG00000270343			TK16	SNV
UPB1	ENSG00000100024	TK10	DEL		
UPP2	ENSG00000007001			TK93	SNV
UQCC3	ENSG00000204922	TK92	DEL		
UQCRBP3	ENSG00000249928			TK93	SNV
UQCRFS1P2	ENSG00000223721			TK13	SNV
UQCRQ	ENSG00000164405	TK91	DEL		
URGCP	ENSG00000106608	TK14	DEL		
UROD	ENSG00000126088	TK91	DEL		
USB1	ENSG00000103005	TK10	DEL		
USE1	ENSG00000053501	TK12	DEL		
USF1P1	ENSG00000226501	TK92	DEL		
USP17L2	ENSG00000223443	TK92	DEL		
USP17L7	ENSG00000226430	TK92	DEL		
USP19	ENSG00000172046	TK92	DEL		
USP2-AS1	ENSG00000245248	TK18	DEL		
USP20	ENSG00000136878	TK10	DEL		
USP24P1	ENSG00000229375			TK91	SNV
USP26	ENSG00000134588			TK12	SNV
USP35	ENSG00000118369	TK13	DEL		
USP42	ENSG00000106346	TK92	DEL		
USP43	ENSG00000154914			TK10	SNV
USP50	ENSG00000170236	TK92	DEL		
USP6	ENSG00000129204			TK91	SNV
USP9YP4	ENSG00000238154			TK92	SNV
USP9YP6	ENSG00000226116			TK91	SNV
UST-AS1	ENSG00000227660			TK92	SNV
VAC14	ENSG00000103043	TK14	DEL		
VAMP9P	ENSG00000284516	TK92	DEL		
VANGL2	ENSG00000162738	TK91	DEL		
VAPA	ENSG00000101558	TK14	DEL		
VAPB	ENSG00000124164	TK16	DEL		
VASN	ENSG00000168140	TK14	DEL		
VCPKMT	ENSG00000100483	TK16	DEL		
VENTXP1	ENSG00000259849			TK92	SNV
VENTXP2	ENSG00000215037			TK14	SNV
VENTXP6	ENSG00000254105			TK14	SNV
VENTXP7	ENSG00000236380			TK13	SNV
VEZF1	ENSG00000136451	TK91	DEL		
VEZTP1	ENSG00000224072	TK14	DEL		
VGLL1	ENSG00000102243			TK16	SNV
VGLL2	ENSG00000170162			TK10	SNV
VHLL	ENSG00000189030	TK92	DEL		
VKORC1	ENSG00000167397	TK12	DEL		
VMAC	ENSG00000187650	TK91	DEL		
VN1R13P	ENSG00000216762			TK10	SNV
VN1R17P	ENSG00000235818			TK92	SNV
VN1R20P	ENSG00000233121			TK93	SNV
VN1R32P	ENSG00000230361			TK91	SNV
VN1R4	ENSG00000228567			TK13	SNV
VN1R42P	ENSG00000223476	TK93	DEL		
VN1R5	ENSG00000197617			TK13	SNV
VN1R51P	ENSG00000228038			TK13	SNV
VN1R54P	ENSG00000232109			TK18	SNV
VN1R71P	ENSG00000264837	TK91	DEL		
VN1R82P	ENSG00000268995	TK92	DEL		
VN1R83P	ENSG00000268521	TK92	DEL		
VN1R84P	ENSG00000268117			TK13	SNV
VN1R93P	ENSG00000269320	TK92	DEL		
VN1R9P	ENSG00000276400			TK16	SNV
VNN3P	ENSG00000093134			TK14	SNV
VOPP1-DT	ENSG00000223475	TK92	DEL		
VPS11	ENSG00000160695	TK18	DEL		
VPS13B-DT	ENSG00000253948			TK92	SNV
VPS13D	ENSG00000048707	TK91	DEL		
VPS16	ENSG00000215305	TK93	DEL		
VPS25	ENSG00000131475	TK10	DEL		
VPS26A	ENSG00000122958	TK14	DEL		
VPS26AP1	ENSG00000240375			TK14	SNV
VPS26B	ENSG00000151502	TK93	DEL		
VPS26BP1	ENSG00000224895	TK14	DEL		
VPS35L	ENSG00000103544	TK14	DEL		
VPS51P14	ENSG00000255273			TK91	SNV
VPS51P19	ENSG00000254581			TK13	SNV
VPS9D1	ENSG00000075399	TK91	DEL		
VSIG8	ENSG00000243284			TK13	SNV
VTI1BP4	ENSG00000227759			TK91	SNV
VWA1	ENSG00000179403			TK14	SNV
VWFP1	ENSG00000241717	TK92	DEL		
Vault	ENSG00000278815			TK16	SNV
WARS1P1	ENSG00000225802			TK13	SNV
WARS2-AS1	ENSG00000231365	TK91	DEL		
WBP1	ENSG00000239779	TK93	DEL		
WBP1L	ENSG00000166272	TK14	DEL		
WBP1LP3	ENSG00000253612	TK91	DEL		
WBP1LP7	ENSG00000269732	TK91	DEL		
WBP4	ENSG00000120688	TK16	DEL		
WDCP	ENSG00000163026	TK18	DEL		
WDFY1	ENSG00000085449	TK13	DEL		
WDR19	ENSG00000157796	TK16	DEL		
WDR3	ENSG00000065183	TK18	DEL		
WDR4	ENSG00000160193	TK14	DEL		
WDR43	ENSG00000163811	TK16	DEL		
WDR45	ENSG00000196998	TK91	DEL		
WDR45B	ENSG00000141580	TK18	DEL		
WDR4P2	ENSG00000229462			TK13	SNV
WDR54	ENSG00000005448	TK92	DEL		
WDR55	ENSG00000120314	TK16	DEL		
WDR7	ENSG00000091157	TK10	DEL		
WDR72	ENSG00000166415	TK91	DEL		
WDR74	ENSG00000133316	TK12	DEL		
WDR82	ENSG00000164091	TK93	DEL		
WDR82P2	ENSG00000241318			TK13	SNV
WDR83	ENSG00000123154			TK91	SNV
WDR87BP	ENSG00000290722			TK92	SNV
WFDC10A	ENSG00000180305			TK13	SNV
WFDC12	ENSG00000168703			TK18	SNV
WFDC3	ENSG00000124116			TK93	SNV
WHAMMP3	ENSG00000276141	TK92	DEL		
WIPI2	ENSG00000157954	TK14	DEL		
WNT5B	ENSG00000111186	TK14	DEL		
WNT8A	ENSG00000061492			TK92	INDEL
WRAP73	ENSG00000116213	TK13	DEL		
WSB1	ENSG00000109046	TK92	DEL		
WSCD1	ENSG00000179314	TK91	DEL		
XBP1P1	ENSG00000249947	TK16	DEL		
XCL2	ENSG00000143185			TK13	SNV
XG	ENSG00000124343			TK14	SNV
XGY1	ENSG00000227447			TK18	SNV
XIAP	ENSG00000101966	TK91	DEL		
XIAP-AS1	ENSG00000237331	TK91	DEL		
XKR3	ENSG00000172967	TK92	DEL		
XKR7	ENSG00000260903			TK14	SNV
XKR9	ENSG00000221947	TK91	DEL	TK18	SNV
XPC-AS1	ENSG00000228242			TK18	SNV
XPOTP1	ENSG00000214185	TK92	DEL		
XRCC2	ENSG00000196584	TK92	DEL		
XRRA1	ENSG00000166435	TK91	DEL		
XXYLT1-AS1	ENSG00000233303			TK18	SNV
XYLT2	ENSG00000015532	TK91	DEL		
YBX1P3	ENSG00000240002			TK91	SNV
YBX2	ENSG00000006047	TK91	DEL		
YEATS2-AS1	ENSG00000233885	TK12	DEL		
YPEL1	ENSG00000100027	TK10	DEL		
YPEL3	ENSG00000090238	TK12	DEL		
YPEL5	ENSG00000119801	TK14	DEL		
YTHDC2	ENSG00000047188	TK13	DEL		
YTHDF1P1	ENSG00000251389			TK93	SNV
YWHABP1	ENSG00000237557			TK13	SNV
YWHAE	ENSG00000108953	TK10	DEL		
YWHAEP7	ENSG00000276715			TK92	SNV
YWHAQP4	ENSG00000177803			TK14	SNV
YWHAQP6	ENSG00000249986	TK16	DEL		
YWHAQP8	ENSG00000231643			TK92	INDEL,SNV
YWHAZP1	ENSG00000259148			TK92	SNV
YY1P1	ENSG00000230661	TK14	DEL		
YY2	ENSG00000230797	TK93	DEL		
Y_RNA	ENSG00000275930	TK14;TK91;TK91;TK14;TK91;TK12;TK10;TK16;TK14;TK14;TK10;TK10;TK18;TK12;TK14;TK91;TK12;TK13;TK91;TK91;TK13;TK92;TK91;TK13;TK10;TK14;TK13;TK92;TK91;TK93;TK91;TK13;TK92;TK92;TK18;TK13;TK13;TK92;TK10;TK91;TK91;TK14;TK13;TK13;TK10;TK92;TK91	DEL;DEL;DEL;DEL;DEL;DEL;DEL;DEL;DEL;DEL;DEL;DEL;DEL;DEL;DEL;DEL;DEL;DEL;DEL;DEL;DEL;DEL;DEL;DEL;DEL;DEL;DEL;DEL;DEL;DEL;DEL;DEL;DEL;DEL;DEL;DEL;DEL;DEL;DEL;DEL;DEL;DEL;DEL;DEL;DEL;DEL;DEL	TK92;TK93;TK13;TK16;TK92;TK91;TK91;TK93;TK92;TK14;TK93;TK91;TK92;TK92;TK18;TK91;TK92;TK92;TK12;TK92;TK18;TK10;TK93;TK92;TK91;TK16;TK92;TK12;TK92;TK91;TK10;TK91;TK13;TK93;TK16;TK10;TK93;TK10;TK91;TK91;TK91;TK91;TK91;TK93;TK91;TK10;TK91;TK10;TK93;TK93;TK18;TK93;TK91;TK93;TK93;TK92;TK93;TK93;TK18;TK93;TK91;TK91;TK91;TK10;TK93;TK92;TK18;TK91;TK91;TK91;TK93	SNV;SNV;SNV;INDEL;SNV;SNV;SNV;INDEL;SNV;SNV;SNV;SNV;SNV;INDEL;SNV;SNV;SNV;SNV;SNV;SNV;SNV;SNV;SNV;SNV;SNV;SNV;SNV;INDEL,SNV;SNV;SNV;SNV;SNV;SNV;SNV;SNV;SNV;INDEL;SNV;SNV;SNV;SNV;SNV;SNV;SNV;SNV;INDEL;SNV;SNV;SNV;SNV;SNV;SNV;SNV;INDEL;SNV;SNV;SNV;SNV;SNV;SNV;SNV;SNV;SNV;INDEL,SNV;SNV;SNV;SNV;SNV;SNV;SNV;SNV
ZAN	ENSG00000146839	TK13	DEL		
ZAP70	ENSG00000115085	TK18	DEL		
ZBED1P1	ENSG00000250304			TK16	SNV
ZBED6	ENSG00000257315	TK92	DEL		
ZBTB11-AS1	ENSG00000256628	TK91	DEL		
ZBTB12BP	ENSG00000180610	TK92	DEL		
ZBTB2	ENSG00000181472	TK92	DEL		
ZBTB20-AS4	ENSG00000242767			TK91	SNV
ZBTB24-DT	ENSG00000223537			TK92	SNV
ZBTB2P1	ENSG00000278480			TK92	SNV
ZBTB33	ENSG00000177485	TK12	DEL		
ZBTB38	ENSG00000177311	TK16	DEL		
ZBTB4	ENSG00000174282	TK10	DEL		
ZBTB40	ENSG00000184677	TK14	DEL		
ZBTB45	ENSG00000119574	TK91	DEL		
ZBTB46	ENSG00000130584	TK91	DEL		
ZBTB46-AS2	ENSG00000229299	TK91	DEL		
ZBTB8OS	ENSG00000176261	TK92	DEL		
ZBTB8OSP2	ENSG00000172799	TK91	DEL	TK14	SNV
ZC3H11A	ENSG00000058673	TK92	DEL		
ZC3H7A	ENSG00000122299	TK13	DEL		
ZC3H7B	ENSG00000100403	TK13	DEL		
ZC3H8	ENSG00000144161	TK14	DEL		
ZC3HC1	ENSG00000091732	TK10	DEL		
ZCRB1P1	ENSG00000224208			TK12	INDEL,SNV
ZDHHC20-IT1	ENSG00000236953	TK10	DEL	TK16	SNV
ZDHHC20P2	ENSG00000223702	TK92	DEL		
ZDHHC3	ENSG00000163812	TK13	DEL		
ZDHHC8	ENSG00000099904	TK13	DEL		
ZDHHC9	ENSG00000188706	TK10	DEL		
ZEB1	ENSG00000148516	TK91	DEL		
ZFAND6	ENSG00000086666	TK14	DEL		
ZFAS1	ENSG00000177410			TK10	SNV
ZFAT	ENSG00000066827	TK10	DEL		
ZFAT-AS1	ENSG00000248492	TK10	DEL	TK92	SNV
ZFC3H1	ENSG00000133858	TK16	DEL		
ZFP3-DT	ENSG00000262693			TK16	SNV
ZFP36L1	ENSG00000185650	TK12	DEL		
ZFP41	ENSG00000181638			TK16	SNV
ZFP42	ENSG00000179059			TK13	SNV
ZFP62	ENSG00000196670	TK14	DEL		
ZFRP1	ENSG00000234570			TK92	SNV
ZFYVE1	ENSG00000165861	TK92	DEL		
ZFYVE28	ENSG00000159733	TK92	DEL		
ZFYVE9P2	ENSG00000214843			TK13	SNV
ZHX1-C8orf76	ENSG00000259305	TK13	DEL		
ZIC1	ENSG00000152977			TK93	SNV
ZIK1	ENSG00000171649	TK91	DEL		
ZKSCAN1	ENSG00000106261	TK13	DEL		
ZKSCAN8	ENSG00000198315	TK13	DEL		
ZKSCAN8P2	ENSG00000218016			TK91	SNV
ZMYM3	ENSG00000147130	TK93	DEL		
ZMYM5	ENSG00000132950	TK18	DEL		
ZMYND11	ENSG00000015171	TK91	DEL		
ZNF100	ENSG00000197020	TK14	DEL		
ZNF101	ENSG00000181896	TK13	DEL		
ZNF106	ENSG00000103994	TK18	DEL		
ZNF117	ENSG00000152926	TK93	DEL		
ZNF121	ENSG00000197961	TK16	DEL		
ZNF140	ENSG00000196387	TK92	DEL		
ZNF142	ENSG00000115568	TK18	DEL		
ZNF154	ENSG00000179909	TK91	DEL		
ZNF16	ENSG00000170631	TK91	DEL		
ZNF17	ENSG00000186272	TK92	DEL		
ZNF180	ENSG00000167384	TK13	DEL		
ZNF184	ENSG00000096654	TK93	DEL		
ZNF20	ENSG00000132010			TK18	SNV
ZNF212	ENSG00000170260	TK14	DEL		
ZNF222	ENSG00000159885	TK91	DEL		
ZNF222-DT	ENSG00000267144	TK91	DEL	TK18	SNV
ZNF223	ENSG00000178386	TK91	DEL		
ZNF224	ENSG00000267680	TK91	DEL		
ZNF225	ENSG00000256294	TK91	DEL		
ZNF225-AS1	ENSG00000186019	TK91	DEL		
ZNF227	ENSG00000131115	TK13	DEL		
ZNF230	ENSG00000159882	TK91	DEL		
ZNF230-DT	ENSG00000266921	TK91	DEL		
ZNF235	ENSG00000159917	TK16	DEL		
ZNF239	ENSG00000196793			TK10	SNV
ZNF248	ENSG00000198105	TK91	DEL		
ZNF25	ENSG00000175395	TK92	DEL		
ZNF25-DT	ENSG00000226447	TK92	DEL	TK92	SNV
ZNF250	ENSG00000196150	TK91	DEL		
ZNF251	ENSG00000198169	TK91	DEL		
ZNF252P	ENSG00000291080	TK91;TK91	DEL;DEL		
ZNF252P-AS1	ENSG00000255559	TK91	DEL		
ZNF253	ENSG00000256771	TK92	DEL		
ZNF254	ENSG00000213096	TK91	DEL		
ZNF268	ENSG00000090612	TK18	DEL		
ZNF273	ENSG00000198039	TK93	DEL		
ZNF275	ENSG00000063587	TK14	DEL		
ZNF276	ENSG00000158805	TK91	DEL		
ZNF277	ENSG00000198839	TK13	DEL		
ZNF280A	ENSG00000169548			TK10	SNV
ZNF284	ENSG00000186026	TK91	DEL		
ZNF285DP	ENSG00000283443			TK14	SNV
ZNF286A-TBC1D26	ENSG00000255104	TK14	DEL		
ZNF286B	ENSG00000290687	TK14;TK14	DEL;DEL		
ZNF29P	ENSG00000108452	TK14	DEL		
ZNF30-AS1	ENSG00000270876			TK91	SNV
ZNF32-AS3	ENSG00000223910			TK10	SNV
ZNF321P	ENSG00000213801	TK91	DEL		
ZNF329	ENSG00000181894	TK91	DEL		
ZNF34	ENSG00000196378	TK91	DEL		
ZNF347	ENSG00000197937	TK91	DEL		
ZNF35	ENSG00000169981	TK91	DEL		
ZNF367	ENSG00000165244	TK14	DEL		
ZNF37A	ENSG00000075407			TK14	SNV
ZNF37BP	ENSG00000234420	TK92	DEL		
ZNF385D-AS2	ENSG00000223351			TK13	SNV
ZNF402P	ENSG00000220248	TK92	DEL		
ZNF415	ENSG00000170954	TK91	DEL		
ZNF416	ENSG00000083817	TK91	DEL		
ZNF429	ENSG00000197013	TK92	DEL		
ZNF451-AS1	ENSG00000226803	TK13	DEL		
ZNF473	ENSG00000142528	TK16	DEL		
ZNF474-AS1	ENSG00000249610			TK93	SNV
ZNF48	ENSG00000180035			TK18	SNV
ZNF483	ENSG00000173258			TK93	SNV
ZNF496	ENSG00000162714	TK92	DEL		
ZNF503-AS1	ENSG00000226051			TK91	SNV
ZNF512B	ENSG00000196700	TK91	DEL		
ZNF513	ENSG00000163795	TK92	DEL		
ZNF516	ENSG00000101493	TK13	DEL		
ZNF517	ENSG00000197363	TK91	DEL		
ZNF519P4	ENSG00000249025	TK92	DEL		
ZNF526	ENSG00000167625	TK91	DEL		
ZNF529	ENSG00000186020	TK13	DEL		
ZNF530	ENSG00000183647	TK91	DEL		
ZNF542P	ENSG00000290720			TK18	SNV
ZNF544	ENSG00000198131	TK91	DEL		
ZNF546	ENSG00000187187	TK92	DEL		
ZNF551	ENSG00000204519	TK91	DEL		
ZNF569	ENSG00000196437	TK13	DEL		
ZNF574	ENSG00000105732	TK91	DEL		
ZNF585B	ENSG00000245680	TK91	DEL		
ZNF603P	ENSG00000216901			TK91	SNV
ZNF614	ENSG00000142556	TK18	DEL		
ZNF628-DT	ENSG00000269859			TK93	SNV
ZNF630-AS1	ENSG00000277541	TK91	DEL		
ZNF639	ENSG00000121864	TK16	DEL		
ZNF644	ENSG00000122482	TK16	DEL		
ZNF655	ENSG00000197343			TK10	SNV
ZNF665	ENSG00000197497	TK91	DEL		
ZNF671	ENSG00000083814	TK91	DEL		
ZNF675	ENSG00000197372	TK92	DEL		
ZNF677	ENSG00000197928			TK14	SNV
ZNF679	ENSG00000197123			TK10	SNV
ZNF680P1	ENSG00000228014			TK91	SNV
ZNF7	ENSG00000147789	TK91	DEL		
ZNF701	ENSG00000167562	TK92	DEL		
ZNF705G	ENSG00000215372			TK14	SNV
ZNF708	ENSG00000182141	TK92	DEL		
ZNF726	ENSG00000213967	TK91	DEL		
ZNF728	ENSG00000269067	TK13	DEL		
ZNF729	ENSG00000196350			TK92	SNV
ZNF730	ENSG00000183850	TK13	DEL		
ZNF734P	ENSG00000197990			TK13	SNV
ZNF738	ENSG00000172687	TK92	DEL		
ZNF749	ENSG00000186230	TK92	DEL		
ZNF763	ENSG00000197054	TK91	DEL		
ZNF771	ENSG00000179965	TK10	DEL		
ZNF777	ENSG00000196453	TK10	DEL		
ZNF778	ENSG00000170100	TK18	DEL		
ZNF781	ENSG00000290988			TK18	SNV
ZNF79	ENSG00000196152	TK18	DEL		
ZNF791	ENSG00000173875	TK91	DEL		
ZNF8	ENSG00000278129	TK91	DEL		
ZNF800	ENSG00000048405	TK10	DEL		
ZNF814	ENSG00000204514			TK13	SNV
ZNF816	ENSG00000180257	TK91	DEL		
ZNF816-ZNF321P	ENSG00000221874	TK91	DEL		
ZNF839	ENSG00000022976	TK18	DEL		
ZNF85	ENSG00000105750	TK14	DEL		
ZNF860	ENSG00000197385			TK14	SNV
ZNF862	ENSG00000106479	TK13	DEL		
ZNF863P	ENSG00000236538			TK18	SNV
ZNF876P	ENSG00000290382	TK91;TK91	DEL;DEL		
ZNF888-AS1	ENSG00000269646	TK91	DEL		
ZNF891	ENSG00000214029	TK91	DEL		
ZNF90	ENSG00000213988			TK92	INDEL
ZNF93	ENSG00000184635	TK14	DEL		
ZNF971P	ENSG00000214581			TK13	SNV
ZNG1A	ENSG00000172785	TK13	DEL		
ZNG1B	ENSG00000136682	TK18	DEL		
ZNG1E	ENSG00000147996	TK91	DEL		
ZNHIT3	ENSG00000273611	TK13	DEL		
ZP2	ENSG00000103310			TK13	SNV
ZP3P1	ENSG00000250013	TK10	DEL		
ZRANB2	ENSG00000132485	TK18	DEL		
ZRANB3	ENSG00000121988	TK13	DEL		
ZSCAN16	ENSG00000196812			TK16	SNV
ZSCAN18	ENSG00000121413	TK91	DEL		
ZSCAN2-AS1	ENSG00000275120			TK12	SNV
ZSCAN22	ENSG00000182318	TK91	DEL		
ZSCAN25	ENSG00000197037	TK93	DEL		
ZSCAN4	ENSG00000180532	TK91	DEL		
ZSCAN5A	ENSG00000131848	TK91	DEL		
ZSCAN5B	ENSG00000197213	TK91	DEL	TK13	SNV
ZSCAN5C	ENSG00000204532	TK91	DEL		
ZSCAN9	ENSG00000137185	TK18	DEL		
ZSWIM2	ENSG00000163012			TK12	SNV
ZSWIM5	ENSG00000162415	TK91	DEL		
ZSWIM5P1	ENSG00000235430	TK14	DEL		
ZSWIM5P3	ENSG00000248958			TK13	SNV
ZUP1	ENSG00000153975	TK18	DEL		
ZYG11AP1	ENSG00000232242			TK10	SNV
ZZZ3	ENSG00000036549	TK14	DEL		
snoZ196	ENSG00000281780	TK93	DEL		
