gene_id	gene_name	exclusive_group	variant_types	mutation_class
ENSG00000002330	BAD	TK16	SNV	SNV
ENSG00000003989	SLC7A2	TK93	SNV	SNV
ENSG00000004809	SLC22A16	TK14	SNV	SNV
ENSG00000004846	ABCB5	TK91	SNV	SNV
ENSG00000004866	ST7	TK91	SNV	SNV
ENSG00000004948	CALCR	TK13	SNV	SNV
ENSG00000005001	PRSS22	TK13	SNV	SNV
ENSG00000006283	CACNA1G	TK93	SNV	SNV
ENSG00000007001	UPP2	TK93	SNV	SNV
ENSG00000008324	SS18L2	TK10	SNV	SNV
ENSG00000009709	PAX7	TK13	SNV	SNV
ENSG00000011465	DCN	TK13	INDEL,SNV	SNV
ENSG00000012124	CD22	TK13	SNV	SNV
ENSG00000012223	LTF	TK13	SNV	SNV
ENSG00000012504	NR1H4	TK13	SNV	SNV
ENSG00000016602	CLCA4	TK10	SNV	SNV
ENSG00000036565	SLC18A1	TK13	SNV	SNV
ENSG00000037965	HOXC8	TK10	INDEL	SNV
ENSG00000039068	CDH1	TK92	SNV	SNV
ENSG00000039987	BEST2	TK92	SNV	SNV
ENSG00000044115	CTNNA1	TK91	SNV	SNV
ENSG00000047617	ANO2	TK10	SNV	SNV
ENSG00000049618	ARID1B	TK16	SNV	SNV
ENSG00000054148	PHPT1	TK92	SNV	SNV
ENSG00000054356	PTPRN	TK92	SNV	SNV
ENSG00000054796	SPO11	TK13	SNV	SNV
ENSG00000055950	MRPL43	TK16	INDEL	SNV
ENSG00000055955	ITIH4	TK92	INDEL	SNV
ENSG00000056998	GYG2	TK14	SNV	SNV
ENSG00000057593	F7	TK13	SNV	SNV
ENSG00000060303	RPS17P5	TK92	SNV	SNV
ENSG00000060558	GNA15	TK10	SNV	SNV
ENSG00000061492	WNT8A	TK92	INDEL	SNV
ENSG00000064218	DMRT3	TK16	SNV	SNV
ENSG00000064300	NGFR	TK92	SNV	SNV
ENSG00000065911	MTHFD2	TK12	SNV	SNV
ENSG00000066032	CTNNA2	TK14	SNV	SNV
ENSG00000068985	PAGE1	TK13	SNV	SNV
ENSG00000069431	ABCC9	TK91	SNV	SNV
ENSG00000069535	MAOB	TK92	SNV	SNV
ENSG00000070031	SCT	TK12	SNV	SNV
ENSG00000070193	FGF10	TK93	SNV	SNV
ENSG00000070269	TMEM260	TK92	SNV	SNV
ENSG00000071991	CDH19	TK91	SNV	SNV
ENSG00000072041	SLC6A15	TK10	INDEL,SNV	SNV
ENSG00000073146	MOV10L1	TK14	INDEL	SNV
ENSG00000075388	FGF4	TK13	SNV	SNV
ENSG00000075407	ZNF37A	TK14	SNV	SNV
ENSG00000075785	RAB7A	TK10	SNV	SNV
ENSG00000077498	TYR	TK13	SNV	SNV
ENSG00000077800	FKBP6	TK92	INDEL	SNV
ENSG00000078898	BPIFB2	TK14	SNV	SNV
ENSG00000078900	TP73	TK14	SNV	SNV
ENSG00000083782	EPYC	TK10	SNV	SNV
ENSG00000084070	SMAP2	TK92	SNV	SNV
ENSG00000084072	PPIE	TK10	SNV	SNV
ENSG00000084112	SSH1	TK16	SNV	SNV
ENSG00000084734	GCKR	TK13	SNV	SNV
ENSG00000085265	FCN1	TK13	SNV	SNV
ENSG00000086288	NME8	TK14	SNV	SNV
ENSG00000087250	MT3	TK14	SNV	SNV
ENSG00000087258	GNAO1	TK10	SNV	SNV
ENSG00000088782	DEFB127	TK13	SNV	SNV
ENSG00000088926	F11	TK91	SNV	SNV
ENSG00000090512	FETUB	TK18	SNV	SNV
ENSG00000091704	CPA1	TK14	SNV	SNV
ENSG00000093134	VNN3P	TK14	SNV	SNV
ENSG00000094796	KRT31	TK13	INDEL	SNV
ENSG00000095585	BLNK	TK16	SNV	SNV
ENSG00000095917	TPSD1	TK13	SNV	SNV
ENSG00000095981	KCNK16	TK13	SNV	SNV
ENSG00000096088	PGC	TK13	SNV	SNV
ENSG00000096264	NCR2	TK14	SNV	SNV
ENSG00000099715	PCDH11Y	TK91	SNV	SNV
ENSG00000099869	IGF2-AS	TK14	SNV	SNV
ENSG00000100014	SPECC1L	TK18	SNV	SNV
ENSG00000100028	SNRPD3	TK12	SNV	SNV
ENSG00000100078	PLA2G3	TK13	SNV	SNV
ENSG00000100312	ACR	TK13	SNV	SNV
ENSG00000100351	GRAP2	TK13	SNV	SNV
ENSG00000100490	CDKL1	TK18	SNV	SNV
ENSG00000100628	ASB2	TK10	INDEL,SNV	SNV
ENSG00000100721	TCL1A	TK10	SNV	SNV
ENSG00000100739	BDKRB1	TK18	SNV	SNV
ENSG00000101076	HNF4A	TK92	SNV	SNV
ENSG00000101180	HRH3	TK13	SNV	SNV
ENSG00000101435	CST9L	TK13	SNV	SNV
ENSG00000101438	SLC32A1	TK13	SNV	SNV
ENSG00000101825	MXRA5	TK13	SNV	SNV
ENSG00000101846	STS	TK13	SNV	SNV
ENSG00000101901	ALG13	TK13	SNV	SNV
ENSG00000101951	PAGE4	TK14	SNV	SNV
ENSG00000102195	GPR50	TK13	SNV	SNV
ENSG00000102243	VGLL1	TK16	SNV	SNV
ENSG00000102287	GABRE	TK10	SNV	SNV
ENSG00000102359	SRPX2	TK14	SNV	SNV
ENSG00000102468	HTR2A	TK92	SNV	SNV
ENSG00000102606	ARHGEF7	TK92	SNV	SNV
ENSG00000102683	SGCG	TK12	SNV	SNV
ENSG00000102794	ACOD1	TK14	SNV	SNV
ENSG00000102802	MEDAG	TK13	SNV	SNV
ENSG00000102931	ARL2BP	TK92	SNV	SNV
ENSG00000103310	ZP2	TK13	SNV	SNV
ENSG00000103375	AQP8	TK13	SNV	SNV
ENSG00000103534	TMC5	TK16	SNV	SNV
ENSG00000103569	AQP9	TK92	SNV	SNV
ENSG00000104044	OCA2	TK10	SNV	SNV
ENSG00000104112	SCG3	TK13	SNV	SNV
ENSG00000104237	RP1	TK91	SNV	SNV
ENSG00000104450	SPAG1	TK92	SNV	SNV
ENSG00000104827	CGB3	TK13	SNV	SNV
ENSG00000104835	SARS2	TK92	SNV	SNV
ENSG00000104918	RETN	TK14	SNV	SNV
ENSG00000105198	LGALS13	TK91	SNV	SNV
ENSG00000105370	LIM2	TK14	SNV	SNV
ENSG00000105664	COMP	TK14	SNV	SNV
ENSG00000105695	MAG	TK14	SNV	SNV
ENSG00000105700	KXD1	TK10	SNV	SNV
ENSG00000105865	DUS4L	TK92	SNV	SNV
ENSG00000105954	NPVF	TK14	SNV	SNV
ENSG00000105996	HOXA2	TK13	SNV	SNV
ENSG00000106128	GHRHR	TK93	SNV	SNV
ENSG00000106302	HYAL4	TK91	SNV	SNV
ENSG00000106331	PAX4	TK13	SNV	SNV
ENSG00000106384	MOGAT3	TK13	SNV	SNV
ENSG00000106436	MYL10	TK13	SNV	SNV
ENSG00000106536	POU6F2	TK18	SNV	SNV
ENSG00000106540	ENSG00000106540	TK16	SNV	SNV
ENSG00000106631	MYL7	TK13	SNV	SNV
ENSG00000106689	LHX2	TK10	SNV	SNV
ENSG00000107165	TYRP1	TK14	SNV	SNV
ENSG00000107317	PTGDS	TK92	SNV	SNV
ENSG00000107485	GATA3	TK14	SNV	SNV
ENSG00000107807	TLX1	TK10	SNV	SNV
ENSG00000108381	ASPA	TK16	SNV	SNV
ENSG00000108849	PPY	TK13	SNV	SNV
ENSG00000109101	FOXN1	TK14	SNV	SNV
ENSG00000109181	UGT2B10	TK14	SNV	SNV
ENSG00000109272	PF4V1	TK12	SNV	SNV
ENSG00000109471	IL2	TK13	SNV	SNV
ENSG00000109511	ANXA10	TK10	SNV	SNV
ENSG00000110148	CCKBR	TK93	SNV	SNV
ENSG00000110203	FOLR3	TK10	SNV	SNV
ENSG00000110244	APOA4	TK13	SNV	SNV
ENSG00000110693	SOX6	TK93	SNV	SNV
ENSG00000111046	MYF6	TK12	SNV	SNV
ENSG00000111245	MYL2	TK13	SNV	SNV
ENSG00000111339	ART4	TK93	SNV	SNV
ENSG00000111341	MGP	TK13	SNV	SNV
ENSG00000111452	ADGRD1	TK10	SNV	SNV
ENSG00000111678	C12orf57	TK93	SNV	SNV
ENSG00000111701	APOBEC1	TK13	SNV	SNV
ENSG00000111704	NANOG	TK13	SNV	SNV
ENSG00000111775	COX6A1	TK12	SNV	SNV
ENSG00000112115	IL17A	TK13	SNV	SNV
ENSG00000112116	IL17F	TK12	SNV	SNV
ENSG00000112297	CRYBG1	TK92	SNV	SNV
ENSG00000112337	SLC17A2	TK13	SNV	SNV
ENSG00000112462	OR12D3	TK13	SNV	SNV
ENSG00000112559	MDFI	TK13	SNV	SNV
ENSG00000112818	MEP1A	TK13	SNV	SNV
ENSG00000112981	NME5	TK91	SNV	SNV
ENSG00000113088	GZMK	TK10	SNV	SNV
ENSG00000113430	IRX4	TK14	INDEL,SNV	SNV
ENSG00000113494	PRLR	TK13	SNV	SNV
ENSG00000113722	CDX1	TK18	SNV	SNV
ENSG00000114125	RNF7	TK93	SNV	SNV
ENSG00000114573	ATP6V1A	TK93	SNV	SNV
ENSG00000115138	POMC	TK16	SNV	SNV
ENSG00000115239	ASB3	TK16	SNV	SNV
ENSG00000115263	GCG	TK14	SNV	SNV
ENSG00000115523	GNLY	TK12	SNV	SNV
ENSG00000115590	IL1R2	TK14	SNV	SNV
ENSG00000115593	SMYD1	TK13	SNV	SNV
ENSG00000115598	IL1RL2	TK91	INDEL,SNV	SNV
ENSG00000115607	IL18RAP	TK10	SNV	SNV
ENSG00000116039	ATP6V1B1	TK10	SNV	SNV
ENSG00000116171	SCP2	TK16	SNV	SNV
ENSG00000116824	CD2	TK13	SNV	SNV
ENSG00000116918	TSNAX	TK10	INDEL	SNV
ENSG00000117560	FASLG	TK13	SNV	SNV
ENSG00000117598	PLPPR5	TK10	SNV	SNV
ENSG00000117758	STX12	TK91	SNV	SNV
ENSG00000118004	COLEC11	TK18	SNV	SNV
ENSG00000118231	CRYGD	TK13	SNV	SNV
ENSG00000119913	TECTB	TK93	SNV	SNV
ENSG00000119919	NKX2-3	TK10	SNV	SNV
ENSG00000119938	PPP1R3C	TK13	SNV	SNV
ENSG00000120054	CPN1	TK13	SNV	SNV
ENSG00000120094	HOXB1	TK14	SNV	SNV
ENSG00000120278	PLEKHG1	TK91	SNV	SNV
ENSG00000120436	GPR31	TK14	SNV	SNV
ENSG00000120937	NPPB	TK10	SNV	SNV
ENSG00000121297	TSHZ3	TK10	SNV	SNV
ENSG00000121388	ENSG00000121388	TK92	SNV	SNV
ENSG00000122145	TBX22	TK10	SNV	SNV
ENSG00000122180	MYOG	TK92	INDEL,SNV	SNV
ENSG00000122585	NPY	TK14	SNV	SNV
ENSG00000122872	ARL4AP1	TK93	SNV	SNV
ENSG00000123119	NECAB1	TK10	SNV	SNV
ENSG00000123154	WDR83	TK91	SNV	SNV
ENSG00000123307	NEUROD4	TK10	SNV	SNV
ENSG00000123374	CDK2	TK18	SNV	SNV
ENSG00000123407	HOXC12	TK13	SNV	SNV
ENSG00000123496	IL13RA2	TK91	SNV	SNV
ENSG00000123561	SERPINA7	TK91	SNV	SNV
ENSG00000123569	H2BW1	TK13	SNV	SNV
ENSG00000123584	MAGEA9	TK13	SNV	SNV
ENSG00000124019	FAM124B	TK91	SNV	SNV
ENSG00000124089	MC3R	TK13	SNV	SNV
ENSG00000124092	CTCFL	TK92	SNV	SNV
ENSG00000124116	WFDC3	TK93	SNV	SNV
ENSG00000124157	SEMG2	TK14	SNV	SNV
ENSG00000124193	SRSF6	TK14	SNV	SNV
ENSG00000124196	GTSF1L	TK18	SNV	SNV
ENSG00000124205	EDN3	TK13	SNV	SNV
ENSG00000124222	STX16	TK18	SNV	SNV
ENSG00000124227	ANKRD60	TK14	SNV	SNV
ENSG00000124343	XG	TK14	SNV	SNV
ENSG00000124449	IRGC	TK13	SNV	SNV
ENSG00000124466	LYPD3	TK91	INDEL	SNV
ENSG00000124467	PSG8	TK13	SNV	SNV
ENSG00000124490	CRISP2	TK14	SNV	SNV
ENSG00000124780	KCNK17	TK14	SNV	SNV
ENSG00000124875	CXCL6	TK12	SNV	SNV
ENSG00000125285	SOX21	TK14	SNV	SNV
ENSG00000125363	AMELX	TK12	SNV	SNV
ENSG00000125533	BHLHE23	TK10	SNV	SNV
ENSG00000125631	HTR5BP	TK91	SNV	SNV
ENSG00000125798	FOXA2	TK13	SNV	SNV
ENSG00000125815	CST8	TK13	SNV	SNV
ENSG00000125816	NKX2-4	TK92	SNV	SNV
ENSG00000125878	TCF15	TK13	SNV	SNV
ENSG00000125900	SIRPD	TK93	SNV	SNV
ENSG00000125903	DEFB129	TK14	SNV	SNV
ENSG00000126262	FFAR2	TK14	SNV	SNV
ENSG00000126337	KRT36	TK13	SNV	SNV
ENSG00000126550	HTN1	TK93	SNV	SNV
ENSG00000126950	TMEM35A	TK92	SNV	SNV
ENSG00000127325	BEST3	TK13	SNV	SNV
ENSG00000127377	CRYGN	TK12	SNV	SNV
ENSG00000127472	PLA2G5	TK10	SNV	SNV
ENSG00000127515	OR7A10	TK14	SNV	SNV
ENSG00000127780	OR1E2	TK14	SNV	SNV
ENSG00000128052	KDR	TK13	SNV	SNV
ENSG00000128285	MCHR1	TK13	INDEL,SNV	SNV
ENSG00000128519	TAS2R16	TK14	SNV	SNV
ENSG00000128886	ELL3	TK16	SNV	SNV
ENSG00000129151	BBOX1	TK92	SNV	SNV
ENSG00000129152	MYOD1	TK14	SNV	SNV
ENSG00000129204	USP6	TK91	SNV	SNV
ENSG00000129484	PARP2	TK14	SNV	SNV
ENSG00000129744	ART1	TK18	SNV	SNV
ENSG00000129988	LBP	TK14	SNV	SNV
ENSG00000129991	TNNI3	TK13	SNV	SNV
ENSG00000130066	SAT1	TK18	SNV	SNV
ENSG00000130193	THEM6	TK10	SNV	SNV
ENSG00000130383	FUT5	TK10	SNV	SNV
ENSG00000130598	TNNI2	TK13	SNV	SNV
ENSG00000130600	H19	TK13	SNV	SNV
ENSG00000130940	CASZ1	TK10	INDEL	SNV
ENSG00000131050	BPIFA2	TK13	SNV	SNV
ENSG00000131149	GSE1	TK10	SNV	SNV
ENSG00000131355	ADGRE3	TK13	SNV	SNV
ENSG00000131473	ACLY	TK10	SNV	SNV
ENSG00000131482	G6PC1	TK10	SNV	SNV
ENSG00000131634	TMEM204	TK10	SNV	SNV
ENSG00000131737	KRT34	TK13	SNV	SNV
ENSG00000131885	KRT17P1	TK92	SNV	SNV
ENSG00000132010	ZNF20	TK18	SNV	SNV
ENSG00000132164	SLC6A11	TK91	SNV	SNV
ENSG00000132518	GUCY2D	TK93	SNV	SNV
ENSG00000132554	RGS22	TK13	SNV	SNV
ENSG00000132693	CRP	TK13	SNV	SNV
ENSG00000132872	SYT4	TK10	SNV	SNV
ENSG00000133055	MYBPH	TK13	SNV	SNV
ENSG00000133101	CCNA1	TK13	SNV	SNV
ENSG00000133115	STOML3	TK13	SNV	SNV
ENSG00000133135	RNF128	TK92	SNV	SNV
ENSG00000134193	REG4	TK13	SNV	SNV
ENSG00000134200	TSHB	TK13	SNV	SNV
ENSG00000134259	NGF	TK10	SNV	SNV
ENSG00000134343	ANO3	TK91	INDEL,SNV	SNV
ENSG00000134443	GRP	TK14	SNV	SNV
ENSG00000134588	USP26	TK12	SNV	SNV
ENSG00000134757	DSG3	TK14	SNV	SNV
ENSG00000135218	CD36	TK92	SNV	SNV
ENSG00000135220	UGT2A3	TK10	SNV	SNV
ENSG00000135222	CSN2	TK91	SNV	SNV
ENSG00000135226	UGT2B28	TK14	SNV	SNV
ENSG00000135253	KCP	TK14	SNV	SNV
ENSG00000135312	HTR1B	TK13	INDEL	SNV
ENSG00000135346	CGA	TK10	SNV	SNV
ENSG00000135355	GJA10	TK10	SNV	SNV
ENSG00000135472	FAIM2	TK10	SNV	SNV
ENSG00000135506	OS9	TK18	SNV	SNV
ENSG00000135517	MIP	TK93	SNV	SNV
ENSG00000135577	NMBR	TK10	SNV	SNV
ENSG00000135697	BCO1	TK13	SNV	SNV
ENSG00000135898	GPR55	TK16	INDEL,SNV	SNV
ENSG00000135903	PAX3	TK14	SNV	SNV
ENSG00000135973	GPR45	TK13	SNV	SNV
ENSG00000136807	CDK9	TK12	SNV	SNV
ENSG00000136939	OR1L4	TK91	SNV	SNV
ENSG00000136999	CCN3	TK13	SNV	SNV
ENSG00000137033	IL33	TK18	SNV	SNV
ENSG00000137080	IFNA21	TK91	SNV	SNV
ENSG00000137434	C6orf52	TK92	SNV	SNV
ENSG00000137441	FGFBP2	TK91	SNV	SNV
ENSG00000137673	MMP7	TK16	SNV	SNV
ENSG00000137674	MMP20	TK13	SNV	SNV
ENSG00000137872	SEMA6D	TK18	SNV	SNV
ENSG00000137976	DNASE2B	TK13	INDEL,SNV	SNV
ENSG00000138068	SULT6B1	TK18	SNV	SNV
ENSG00000138135	CH25H	TK13	SNV	SNV
ENSG00000138185	ENTPD1	TK13	SNV	SNV
ENSG00000138207	RBP4	TK13	SNV	SNV
ENSG00000138379	MSTN	TK16	SNV	SNV
ENSG00000138443	ABI2	TK93	SNV	SNV
ENSG00000139053	PDE6H	TK10	SNV	SNV
ENSG00000139154	AEBP2	TK10	SNV	SNV
ENSG00000139223	ANP32D	TK13	INDEL,SNV	SNV
ENSG00000139292	LGR5	TK14	SNV	SNV
ENSG00000139329	LUM	TK13	SNV	SNV
ENSG00000139648	KRT71	TK14	SNV	SNV
ENSG00000139656	SMIM2	TK93	SNV	SNV
ENSG00000139973	SYT16	TK92	SNV	SNV
ENSG00000139988	RDH12	TK91	SNV	SNV
ENSG00000140379	BCL2A1	TK93	SNV	SNV
ENSG00000140459	CYP11A1	TK14	SNV	SNV
ENSG00000140988	RPS2	TK10	SNV	SNV
ENSG00000141127	PRPSAP2	TK92	SNV	SNV
ENSG00000141161	UNC45B	TK13	SNV	SNV
ENSG00000141448	GATA6	TK10	SNV	SNV
ENSG00000141449	GREB1L	TK91	SNV	SNV
ENSG00000142025	DMRTC2	TK13	SNV	SNV
ENSG00000142303	ADAMTS10	TK10	SNV	SNV
ENSG00000142484	TM4SF5	TK92	INDEL,SNV	SNV
ENSG00000142494	SLC47A1	TK18	SNV	SNV
ENSG00000142515	KLK3	TK14	SNV	SNV
ENSG00000142538	PTH2	TK10	SNV	SNV
ENSG00000142661	MYOM3	TK13	SNV	SNV
ENSG00000142698	C1orf94	TK13	INDEL	SNV
ENSG00000143001	TMEM61	TK12	SNV	SNV
ENSG00000143093	STRIP1	TK92	SNV	SNV
ENSG00000143125	PROK1	TK18	SNV	SNV
ENSG00000143185	XCL2	TK13	SNV	SNV
ENSG00000143384	MCL1	TK14	SNV	SNV
ENSG00000143416	SELENBP1	TK13	SNV	SNV
ENSG00000143452	HORMAD1	TK16	SNV	SNV
ENSG00000143632	ACTA1	TK13	SNV	SNV
ENSG00000143839	REN	TK14	SNV	SNV
ENSG00000144119	C1QL2	TK93	SNV	SNV
ENSG00000144362	PHOSPHO2	TK13	SNV	SNV
ENSG00000144406	UNC80	TK92	SNV	SNV
ENSG00000144407	PTH2R	TK93	SNV	SNV
ENSG00000144583	MARCHF4	TK14	SNV	SNV
ENSG00000144820	ADGRG7	TK92	SNV	SNV
ENSG00000144852	NR1I2	TK13	SNV	SNV
ENSG00000144867	SRPRB	TK13	SNV	SNV
ENSG00000144891	AGTR1	TK14	SNV	SNV
ENSG00000145087	STXBP5L	TK92	SNV	SNV
ENSG00000145309	CABS1	TK13	SNV	SNV
ENSG00000145349	CAMK2D	TK92	SNV	SNV
ENSG00000145649	GZMA	TK16	SNV	SNV
ENSG00000145824	CXCL14	TK13	SNV	SNV
ENSG00000145832	SLC25A48	TK92	SNV	SNV
ENSG00000145835	CDKN2AIPNLP2	TK91	SNV	SNV
ENSG00000145850	TIMD4	TK12	SNV	SNV
ENSG00000145934	TENM2	TK10	SNV	SNV
ENSG00000146047	H2BC1	TK13	SNV	SNV
ENSG00000146049	KAAG1	TK92	SNV	SNV
ENSG00000146070	PLA2G7	TK92	SNV	SNV
ENSG00000146378	TAAR2	TK13	SNV	SNV
ENSG00000146477	SLC22A3	TK10	SNV	SNV
ENSG00000146678	IGFBP1	TK13	SNV	SNV
ENSG00000146926	ASB10	TK13	SNV	SNV
ENSG00000147113	DIPK2B	TK13	SNV	SNV
ENSG00000147160	AWAT2	TK92	SNV	SNV
ENSG00000147526	TACC1	TK18	SNV	SNV
ENSG00000147588	PMP2	TK13	SNV	SNV
ENSG00000147687	TATDN1	TK13	SNV	SNV
ENSG00000147869	CER1	TK14	SNV	SNV
ENSG00000148156	ACTL7B	TK14	SNV	SNV
ENSG00000148215	OR5C1	TK93	SNV	SNV
ENSG00000148346	LCN2	TK14	SNV	SNV
ENSG00000148386	LCN9	TK18	SNV	SNV
ENSG00000148602	LRIT1	TK14	SNV	SNV
ENSG00000148660	CAMK2G	TK18	SNV	SNV
ENSG00000148677	ANKRD1	TK14	SNV	SNV
ENSG00000148680	HTR7	TK91	INDEL,SNV	SNV
ENSG00000149133	OR5F1	TK13	SNV	SNV
ENSG00000149305	HTR3B	TK14	SNV	SNV
ENSG00000149507	OOSP2	TK13	SNV	SNV
ENSG00000149516	MS4A3	TK13	SNV	SNV
ENSG00000149575	SCN2B	TK13	SNV	SNV
ENSG00000149968	MMP3	TK13	SNV	SNV
ENSG00000150175	FRMPD2B	TK91	SNV	SNV
ENSG00000150201	FXYD4	TK13	SNV	SNV
ENSG00000150276	PPIAP26	TK91	SNV	SNV
ENSG00000150722	PPP1R1C	TK91	SNV	SNV
ENSG00000150764	DIXDC1	TK13	INDEL,SNV	SNV
ENSG00000151033	LYZL2	TK92	SNV	SNV
ENSG00000151338	MIPOL1	TK10	SNV	SNV
ENSG00000151615	POU4F2	TK13	SNV	SNV
ENSG00000151617	EDNRA	TK13	SNV	SNV
ENSG00000151631	AKR1C6P	TK10	SNV	SNV
ENSG00000152254	G6PC2	TK13	SNV	SNV
ENSG00000152601	MBNL1	TK10	INDEL,SNV	SNV
ENSG00000152611	CAPSL	TK13	SNV	SNV
ENSG00000152672	CLEC4F	TK92	INDEL	SNV
ENSG00000152766	ANKRD22	TK14	SNV	SNV
ENSG00000152785	BMP3	TK92	SNV	SNV
ENSG00000152904	GGPS1	TK93	SNV	SNV
ENSG00000152977	ZIC1	TK93	SNV	SNV
ENSG00000153684	GOLGA8F	TK91	SNV	SNV
ENSG00000153822	KCNJ16	TK18	INDEL,SNV	SNV
ENSG00000154027	AK5	TK13	SNV	SNV
ENSG00000154096	THY1	TK16	SNV	SNV
ENSG00000154102	C16orf74	TK92	SNV	SNV
ENSG00000154143	PANX3	TK13	SNV	SNV
ENSG00000154438	ASZ1	TK10	SNV	SNV
ENSG00000154545	MAGED4	TK91	SNV	SNV
ENSG00000154620	TMSB4Y	TK10	SNV	SNV
ENSG00000154736	ADAMTS5	TK91	SNV	SNV
ENSG00000154914	USP43	TK10	SNV	SNV
ENSG00000156345	CDK20	TK14	SNV	SNV
ENSG00000156414	TDRD9	TK92	SNV	SNV
ENSG00000156463	SH3RF2	TK13	SNV	SNV
ENSG00000156466	GDF6	TK10	SNV	SNV
ENSG00000156486	KCNS2	TK91	SNV	SNV
ENSG00000156575	PRG3	TK14	SNV	SNV
ENSG00000156958	GALK2	TK10	SNV	SNV
ENSG00000156966	B3GNT7	TK10	SNV	SNV
ENSG00000157017	GHRL	TK13	SNV	SNV
ENSG00000157093	LYZL4	TK13	SNV	SNV
ENSG00000157119	KLHL40	TK13	SNV	SNV
ENSG00000157131	C8A	TK13	SNV	SNV
ENSG00000157551	KCNJ15	TK14	SNV	SNV
ENSG00000157593	SLC35B2	TK13	SNV	SNV
ENSG00000157654	PALM2AKAP2	TK91	SNV	SNV
ENSG00000157965	SSX8P	TK93	SNV	SNV
ENSG00000158113	LRRC43	TK91	SNV	SNV
ENSG00000158477	CD1A	TK14	SNV	SNV
ENSG00000158497	HMHB1	TK92	INDEL	SNV
ENSG00000158747	NBL1	TK14	SNV	SNV
ENSG00000158786	PLA2G2F	TK91	SNV	SNV
ENSG00000159167	STC1	TK10	SNV	SNV
ENSG00000159197	KCNE2	TK10	SNV	SNV
ENSG00000159214	CCDC24	TK13	SNV	SNV
ENSG00000159217	IGF2BP1	TK10	SNV	SNV
ENSG00000159224	GIP	TK14	SNV	SNV
ENSG00000159251	ACTC1	TK13	SNV	SNV
ENSG00000159289	GOLGA6A	TK13	SNV	SNV
ENSG00000159337	PLA2G4D	TK13	SNV	SNV
ENSG00000159387	IRX6	TK13	SNV	SNV
ENSG00000159625	DRC7	TK14	SNV	SNV
ENSG00000159708	LRRC36	TK13	SNV	SNV
ENSG00000159961	OR3A3	TK91	SNV	SNV
ENSG00000160013	PTGIR	TK13	SNV	SNV
ENSG00000160179	ABCG1	TK13	SNV	SNV
ENSG00000160182	TFF1	TK13	SNV	SNV
ENSG00000160202	CRYAA	TK18	SNV	SNV
ENSG00000160683	CXCR5	TK12	SNV	SNV
ENSG00000160994	CCDC105	TK14	SNV	SNV
ENSG00000161634	DCD	TK14	SNV	SNV
ENSG00000161807	OR7G1	TK14	SNV	SNV
ENSG00000161849	KRT84	TK14	SNV	SNV
ENSG00000161911	TREML1	TK93	SNV	SNV
ENSG00000161944	ASGR2	TK93	SNV	SNV
ENSG00000161992	PRR35	TK13	SNV	SNV
ENSG00000162039	MEIOB	TK13	SNV	SNV
ENSG00000162065	TBC1D24	TK14	SNV	SNV
ENSG00000162231	NXF1	TK10	SNV	SNV
ENSG00000162236	STX5	TK18	INDEL,SNV	SNV
ENSG00000162344	FGF19	TK13	SNV	SNV
ENSG00000162373	BEND5	TK12	SNV	SNV
ENSG00000162374	ELAVL4	TK91	SNV	SNV
ENSG00000162426	SLC45A1	TK14	SNV	SNV
ENSG00000162456	KNCN	TK10	SNV	SNV
ENSG00000162669	HFM1	TK18	SNV	SNV
ENSG00000162747	FCGR3B	TK13	INDEL,SNV	SNV
ENSG00000162761	LMX1A	TK14	SNV	SNV
ENSG00000162763	LRRC52	TK13	SNV	SNV
ENSG00000162771	GARIN4	TK10	SNV	SNV
ENSG00000162891	IL20	TK10	SNV	SNV
ENSG00000162897	FCAMR	TK18	SNV	SNV
ENSG00000162951	LRRTM1	TK14	SNV	SNV
ENSG00000163012	ZSWIM2	TK12	SNV	SNV
ENSG00000163207	IVL	TK13	SNV	SNV
ENSG00000163218	PGLYRP4	TK93	SNV	SNV
ENSG00000163221	S100A12	TK10	SNV	SNV
ENSG00000163283	ALPP	TK13	SNV	SNV
ENSG00000163295	ALPI	TK13	SNV	SNV
ENSG00000163347	CLDN1	TK14	SNV	SNV
ENSG00000163377	TAFA4	TK13	SNV	SNV
ENSG00000163394	CCKAR	TK14	SNV	SNV
ENSG00000163424	TEX55	TK13	SNV	SNV
ENSG00000163492	CCDC141	TK91	SNV	SNV
ENSG00000163577	EIF5A2	TK18	INDEL,SNV	SNV
ENSG00000163581	SLC2A2	TK13	SNV	SNV
ENSG00000163586	FABP1	TK14	SNV	SNV
ENSG00000163623	NKX6-1	TK10	SNV	SNV
ENSG00000163631	ALB	TK13	SNV	SNV
ENSG00000163687	DNASE1L3	TK12	SNV	SNV
ENSG00000163734	CXCL3	TK91	SNV	SNV
ENSG00000163739	CXCL1	TK13	SNV	SNV
ENSG00000163751	CPA3	TK14	SNV	SNV
ENSG00000163762	TM4SF18	TK10	SNV	SNV
ENSG00000163793	DNAJC5G	TK91	SNV	SNV
ENSG00000163810	TGM4	TK93	SNV	SNV
ENSG00000163914	RHO	TK13	SNV	SNV
ENSG00000164007	CLDN19	TK10	SNV	SNV
ENSG00000164035	EMCN	TK10	SNV	SNV
ENSG00000164112	SMIM43	TK13	SNV	SNV
ENSG00000164125	GASK1B	TK13	INDEL,SNV	SNV
ENSG00000164265	SCGB3A2	TK92	SNV	SNV
ENSG00000164294	GPX8	TK14	SNV	SNV
ENSG00000164299	SPZ1	TK13	SNV	SNV
ENSG00000164434	FABP7	TK13	SNV	SNV
ENSG00000164451	CALHM4	TK14	SNV	SNV
ENSG00000164485	IL22RA2	TK13	SNV	SNV
ENSG00000164488	DACT2	TK14	SNV	SNV
ENSG00000164591	MYOZ3	TK91	SNV	SNV
ENSG00000164616	FBXL21P	TK13	SNV	SNV
ENSG00000164645	TEX47	TK13	SNV	SNV
ENSG00000164729	SLC35G3	TK92	SNV	SNV
ENSG00000164736	SOX17	TK13	SNV	SNV
ENSG00000164756	SLC30A8	TK10	INDEL,SNV	SNV
ENSG00000164778	EN2	TK13	SNV	SNV
ENSG00000164821	DEFA4	TK18	SNV	SNV
ENSG00000165091	TMC1	TK18	SNV	SNV
ENSG00000165131	LLCFC1	TK13	SNV	SNV
ENSG00000165152	PGAP4	TK16	SNV	SNV
ENSG00000165175	MID1IP1	TK12	SNV	SNV
ENSG00000165192	ASB11	TK91	INDEL	SNV
ENSG00000165309	ARMC3	TK13	SNV	SNV
ENSG00000165323	FAT3	TK10	INDEL	SNV
ENSG00000165383	LRRC18	TK13	SNV	SNV
ENSG00000165471	MBL2	TK13	SNV	SNV
ENSG00000165556	CDX2	TK13	INDEL	SNV
ENSG00000165583	SSX5	TK13	SNV	SNV
ENSG00000165621	OXGR1	TK13	SNV	SNV
ENSG00000165805	C12orf50	TK10	SNV	SNV
ENSG00000165995	CACNB2	TK92	SNV	SNV
ENSG00000166091	CMTM5	TK13	SNV	SNV
ENSG00000166104	ENSG00000166104	TK10	SNV	SNV
ENSG00000166118	SPATA19	TK14	SNV	SNV
ENSG00000166206	GABRB3	TK93	SNV	SNV
ENSG00000166211	SPIC	TK92	SNV	SNV
ENSG00000166363	OR10A5	TK14	SNV	SNV
ENSG00000166402	TUB	TK14	SNV	SNV
ENSG00000166455	C16orf46	TK92	INDEL	SNV
ENSG00000166473	PKD1L2	TK92	SNV	SNV
ENSG00000166503	HDGFL3	TK92	SNV	SNV
ENSG00000166509	CLEC3A	TK13	SNV	SNV
ENSG00000166527	CLEC4D	TK93	SNV	SNV
ENSG00000166530	HSBP1P2	TK91	SNV	SNV
ENSG00000166573	GALR1	TK13	SNV	SNV
ENSG00000166670	MMP10	TK13	SNV	SNV
ENSG00000166763	STRCP1	TK16	INDEL	SNV
ENSG00000166840	GLYATL1	TK14	SNV	SNV
ENSG00000166900	STX3	TK10	SNV	SNV
ENSG00000166959	MS4A8	TK10	INDEL,SNV	SNV
ENSG00000166960	CCDC178	TK10	SNV	SNV
ENSG00000167014	TERB2	TK13	INDEL	SNV
ENSG00000167085	PHB1	TK92	SNV	SNV
ENSG00000167195	GOLGA6C	TK14	SNV	SNV
ENSG00000167286	CD3D	TK13	SNV	SNV
ENSG00000167311	ART5	TK16	SNV	SNV
ENSG00000167323	STIM1	TK12	SNV	SNV
ENSG00000167359	OR51I1	TK91	SNV	SNV
ENSG00000167459	LINC00905	TK13	SNV	SNV
ENSG00000167522	ANKRD11	TK10	SNV	SNV
ENSG00000167601	AXL	TK14	SNV	SNV
ENSG00000167612	ANKRD33	TK13	SNV	SNV
ENSG00000167633	KIR3DL1	TK13	SNV	SNV
ENSG00000167749	KLK4	TK14	SNV	SNV
ENSG00000167754	KLK5	TK13	SNV	SNV
ENSG00000167757	KLK11	TK13	SNV	SNV
ENSG00000167768	KRT1	TK13	SNV	SNV
ENSG00000167791	CABP2	TK13	SNV	SNV
ENSG00000168000	BSCL2	TK10	SNV	SNV
ENSG00000168004	PLAAT5	TK14	SNV	SNV
ENSG00000168131	OR2B2	TK92	SNV	SNV
ENSG00000168267	PTF1A	TK13	SNV	SNV
ENSG00000168280	KIF5C	TK91	SNV	SNV
ENSG00000168309	FAM107A	TK16	SNV	SNV
ENSG00000168348	INSM2	TK92	SNV	SNV
ENSG00000168367	LINC00917	TK13	SNV	SNV
ENSG00000168398	BDKRB2	TK13	SNV	SNV
ENSG00000168496	FEN1	TK10	SNV	SNV
ENSG00000168515	SCGB1D1	TK91	SNV	SNV
ENSG00000168530	MYL1	TK13	SNV	SNV
ENSG00000168542	COL3A1	TK13	SNV	SNV
ENSG00000168582	CRYGA	TK13	SNV	SNV
ENSG00000168703	WFDC12	TK18	SNV	SNV
ENSG00000168792	ABHD15	TK13	SNV	SNV
ENSG00000168830	HTR1E	TK92	SNV	SNV
ENSG00000168907	PLA2G4F	TK14	SNV	SNV
ENSG00000168925	CTRB1	TK91	SNV	SNV
ENSG00000169006	NTSR2	TK91	SNV	SNV
ENSG00000169035	KLK7	TK13	SNV	SNV
ENSG00000169040	PMCHL2	TK91	INDEL	SNV
ENSG00000169067	ACTBL2	TK13	SNV	SNV
ENSG00000169071	ROR2	TK92	INDEL,SNV	SNV
ENSG00000169255	B3GALNT1	TK93	SNV	SNV
ENSG00000169282	KCNAB1	TK16	SNV	SNV
ENSG00000169297	NR0B1	TK13	SNV	SNV
ENSG00000169325	GUSBP12	TK14	SNV	SNV
ENSG00000169344	UMOD	TK13	SNV	SNV
ENSG00000169393	ELSPBP1	TK14	SNV	SNV
ENSG00000169397	RNASE3	TK14	SNV	SNV
ENSG00000169484	OR4K14	TK13	SNV	SNV
ENSG00000169488	OR4K15	TK14	SNV	SNV
ENSG00000169548	ZNF280A	TK10	SNV	SNV
ENSG00000169562	GJB1	TK92	SNV	SNV
ENSG00000169604	ANTXR1	TK93	SNV	SNV
ENSG00000169605	GKN1	TK13	SNV	SNV
ENSG00000169777	TAS2R1	TK92	INDEL,SNV	SNV
ENSG00000169840	GSX1	TK14	SNV	SNV
ENSG00000170162	VGLL2	TK10	SNV	SNV
ENSG00000170255	MRGPRX1	TK13	SNV	SNV
ENSG00000170296	GABARAP	TK14	SNV	SNV
ENSG00000170379	TCAF2	TK91	SNV	SNV
ENSG00000170477	KRT4	TK14	SNV	SNV
ENSG00000170484	KRT74	TK13	SNV	SNV
ENSG00000170485	NPAS2	TK13	SNV	SNV
ENSG00000170498	KISS1	TK10	SNV	SNV
ENSG00000170561	IRX2	TK18	SNV	SNV
ENSG00000170613	GARIN3	TK13	SNV	SNV
ENSG00000170703	TTLL6	TK10	SNV	SNV
ENSG00000170848	PSG6	TK13	SNV	SNV
ENSG00000170923	OR7G2	TK13	SNV	SNV
ENSG00000171004	HS6ST2	TK10	SNV	SNV
ENSG00000171101	SIGLEC17P	TK13	SNV	SNV
ENSG00000171102	OBP2B	TK18	INDEL,SNV	SNV
ENSG00000171234	UGT2B7	TK91	SNV	SNV
ENSG00000171243	SOSTDC1	TK13	SNV	SNV
ENSG00000171360	KRT38	TK13	SNV	SNV
ENSG00000171446	KRT27	TK13	SNV	SNV
ENSG00000171481	OR1L3	TK91	SNV	SNV
ENSG00000171505	OR1N1	TK18	INDEL,SNV	SNV
ENSG00000171560	FGA	TK13	SNV	SNV
ENSG00000171561	OR2AT4	TK92	SNV	SNV
ENSG00000171564	FGB	TK13	SNV	SNV
ENSG00000171855	IFNB1	TK10	SNV	SNV
ENSG00000171872	KLF17	TK93	SNV	SNV
ENSG00000171936	OR10H3	TK13	SNV	SNV
ENSG00000171953	ATPAF2	TK13	SNV	SNV
ENSG00000171987	C11orf40	TK13	SNV	SNV
ENSG00000172061	LRRC15	TK14	SNV	SNV
ENSG00000172179	PRL	TK13	SNV	SNV
ENSG00000172188	OR4C11	TK13	SNV	SNV
ENSG00000172199	OR8U1	TK14	SNV	SNV
ENSG00000172208	OR4X2	TK13	SNV	SNV
ENSG00000172459	OR5AR1	TK14	SNV	SNV
ENSG00000172772	OR10W1	TK13	SNV	SNV
ENSG00000172799	ZBTB8OSP2	TK14	SNV	SNV
ENSG00000172995	ARPP21	TK10	SNV	SNV
ENSG00000173210	ABLIM3	TK13	SNV	SNV
ENSG00000173239	LIPM	TK13	SNV	SNV
ENSG00000173258	ZNF483	TK93	SNV	SNV
ENSG00000173262	SLC2A14	TK14	SNV	SNV
ENSG00000173267	SNCG	TK16	SNV	SNV
ENSG00000173335	CST9	TK16	SNV	SNV
ENSG00000173372	C1QA	TK10	SNV	SNV
ENSG00000173431	RNASE8	TK14	SNV	SNV
ENSG00000173432	SAA1	TK16	SNV	SNV
ENSG00000173467	AGR3	TK13	SNV	SNV
ENSG00000173557	FAM166C	TK13	SNV	SNV
ENSG00000173805	HAP1	TK10	SNV	SNV
ENSG00000173810	PPIAP7	TK91	SNV	SNV
ENSG00000173838	MARCHF10	TK92	SNV	SNV
ENSG00000173976	RAX2	TK93	SNV	SNV
ENSG00000174059	CD34	TK14	SNV	SNV
ENSG00000174156	GSTA3	TK18	SNV	SNV
ENSG00000174226	SNX31	TK10	SNV	SNV
ENSG00000174325	DIRC1	TK10	SNV	SNV
ENSG00000174348	PODN	TK10	SNV	SNV
ENSG00000174495	PPIAP80	TK14	SNV	SNV
ENSG00000174740	PABPC5	TK92	SNV	SNV
ENSG00000174807	CD248	TK10	SNV	SNV
ENSG00000174837	ADGRE1	TK91	SNV	SNV
ENSG00000174914	OR9G1	TK13	INDEL,SNV	SNV
ENSG00000174937	OR5M3	TK13	SNV	SNV
ENSG00000175065	DSG4	TK13	SNV	SNV
ENSG00000175093	SPSB4	TK92	SNV	SNV
ENSG00000175319	NF1P5	TK93	SNV	SNV
ENSG00000175398	OR10P1	TK13	SNV	SNV
ENSG00000175485	OR52W1	TK92	SNV	SNV
ENSG00000175520	UBQLN3	TK13	SNV	SNV
ENSG00000175538	KCNE3	TK10	SNV	SNV
ENSG00000175619	OR4B1	TK13	SNV	SNV
ENSG00000175664	TEX26	TK10	SNV	SNV
ENSG00000175746	LINC02915	TK14	SNV	SNV
ENSG00000175766	EIF4E1B	TK91	SNV	SNV
ENSG00000175800	OR52B3P	TK91	SNV	SNV
ENSG00000175841	FAM172BP	TK14	SNV	SNV
ENSG00000176124	DLEU1	TK93	SNV	SNV
ENSG00000176136	MC5R	TK91	SNV	SNV
ENSG00000176177	ENTHD1	TK93	SNV	SNV
ENSG00000176246	OR4L1	TK13	SNV	SNV
ENSG00000176281	OR4K5	TK14	SNV	SNV
ENSG00000176299	OR4M1	TK14	SNV	SNV
ENSG00000176387	HSD11B2	TK18	SNV	SNV
ENSG00000176567	OR4X1	TK13	SNV	SNV
ENSG00000176597	B3GNT5	TK14	SNV	SNV
ENSG00000176635	HORMAD2	TK92	SNV	SNV
ENSG00000176692	FOXC2	TK93	SNV	SNV
ENSG00000176754	LINC00303	TK10	SNV	SNV
ENSG00000176788	BASP1	TK10	SNV	SNV
ENSG00000176907	TCIM	TK18	SNV	SNV
ENSG00000176922	OR51S1	TK14	SNV	SNV
ENSG00000176923	OR7A15P	TK14	SNV	SNV
ENSG00000176946	THAP4	TK18	SNV	SNV
ENSG00000176984	ENSG00000176984	TK14	SNV	SNV
ENSG00000177047	IFNW1	TK91	SNV	SNV
ENSG00000177098	SCN4B	TK14	SNV	SNV
ENSG00000177144	NUDT4B	TK10	SNV	SNV
ENSG00000177151	OR2T35	TK13	SNV	SNV
ENSG00000177174	OR14C36	TK13	SNV	SNV
ENSG00000177233	OR2M1P	TK13	SNV	SNV
ENSG00000177261	ENSAP3	TK93	SNV	SNV
ENSG00000177324	BEND2	TK18	SNV	SNV
ENSG00000177410	ZFAS1	TK10	SNV	SNV
ENSG00000177465	ACOT4	TK13	SNV	SNV
ENSG00000177489	OR2G2	TK14	SNV	SNV
ENSG00000177551	NHLH2	TK10	SNV	SNV
ENSG00000177586	OR7E149P	TK13	SNV	SNV
ENSG00000177596	ENSG00000177596	TK13	SNV	SNV
ENSG00000177627	C12orf54	TK13	SNV	SNV
ENSG00000177673	TEX44	TK13	SNV	SNV
ENSG00000177776	RPS2P2	TK93	SNV	SNV
ENSG00000177800	TMEM78	TK10	INDEL	SNV
ENSG00000177803	YWHAQP4	TK14	SNV	SNV
ENSG00000177910	SPATA31C2	TK13	SNV	SNV
ENSG00000177992	SPATA31E1	TK13	SNV	SNV
ENSG00000178057	NDUFAF3	TK91	SNV	SNV
ENSG00000178107	ENSG00000178107	TK93	SNV	SNV
ENSG00000178130	FAM27E5	TK91	SNV	SNV
ENSG00000178287	SPAG11A	TK14	SNV	SNV
ENSG00000178473	UCN3	TK13	SNV	SNV
ENSG00000178585	CTNNBIP1	TK13	SNV	SNV
ENSG00000178586	OR6B3	TK10	SNV	SNV
ENSG00000178591	DEFB125	TK14	SNV	SNV
ENSG00000178654	PPIAP33	TK14	SNV	SNV
ENSG00000178723	GLULP4	TK16	SNV	SNV
ENSG00000178726	THBD	TK13	SNV	SNV
ENSG00000178934	LGALS7B	TK13	SNV	SNV
ENSG00000178965	ERICH3	TK13	SNV	SNV
ENSG00000179002	TAS1R2	TK13	SNV	SNV
ENSG00000179008	C14orf39	TK10	SNV	SNV
ENSG00000179059	ZFP42	TK13	SNV	SNV
ENSG00000179131	RPL31P38	TK12	SNV	SNV
ENSG00000179178	TMEM125	TK16	SNV	SNV
ENSG00000179253	ENSG00000179253	TK13	SNV	SNV
ENSG00000179256	SMCO3	TK93	SNV	SNV
ENSG00000179270	PCARE	TK13	SNV	SNV
ENSG00000179403	VWA1	TK14	SNV	SNV
ENSG00000179407	DNAJB8	TK14	SNV	SNV
ENSG00000179542	SLITRK4	TK91	SNV	SNV
ENSG00000179600	GPHB5	TK18	SNV	SNV
ENSG00000179615	OR2AP1	TK14	SNV	SNV
ENSG00000179636	TPPP2	TK10	SNV	SNV
ENSG00000179674	ARL14	TK13	SNV	SNV
ENSG00000179695	OR6C2	TK14	SNV	SNV
ENSG00000179772	FOXS1	TK10	SNV	SNV
ENSG00000179817	MRGPRX4	TK14	SNV	SNV
ENSG00000179840	PIK3CD-AS1	TK18	SNV	SNV
ENSG00000179938	GOLGA8J	TK10	SNV	SNV
ENSG00000180019	ENSG00000180019	TK93	SNV	SNV
ENSG00000180035	ZNF48	TK18	SNV	SNV
ENSG00000180105	ACER2P1	TK13	SNV	SNV
ENSG00000180176	TH	TK13	SNV	SNV
ENSG00000180178	FAR2P1	TK14	SNV	SNV
ENSG00000180219	GARIN6	TK13	INDEL,SNV	SNV
ENSG00000180305	WFDC10A	TK13	SNV	SNV
ENSG00000180389	ATP5F1EP2	TK13	SNV	SNV
ENSG00000180409	OR10AA1P	TK16	SNV	SNV
ENSG00000180424	DEFB123	TK92	SNV	SNV
ENSG00000180433	OR6K6	TK13	SNV	SNV
ENSG00000180475	OR10Q1	TK13	SNV	SNV
ENSG00000180596	H2BC4	TK10	SNV	SNV
ENSG00000180613	GSX2	TK13	SNV	SNV
ENSG00000180658	OR2A4	TK13	SNV	SNV
ENSG00000180767	CHST13	TK18	SNV	SNV
ENSG00000180801	ARSJ	TK13	SNV	SNV
ENSG00000180818	HOXC10	TK13	SNV	SNV
ENSG00000180861	LINC01559	TK14	SNV	SNV
ENSG00000180869	LINC01555	TK13	SNV	SNV
ENSG00000180909	OR52B1P	TK14	SNV	SNV
ENSG00000180913	OR56B3P	TK18	SNV	SNV
ENSG00000180974	OR52E4	TK92	SNV	SNV
ENSG00000181001	OR52N1	TK14	SNV	SNV
ENSG00000181017	OR56B2P	TK10	SNV	SNV
ENSG00000181036	FCRL6	TK13	SNV	SNV
ENSG00000181072	CHRM2	TK14	SNV	SNV
ENSG00000181323	SPEM1	TK13	SNV	SNV
ENSG00000181325	OR9G3P	TK13	SNV	SNV
ENSG00000181358	CTAGE10P	TK92	SNV	SNV
ENSG00000181359	HSP90AA6P	TK91	SNV	SNV
ENSG00000181374	CCL13	TK13	SNV	SNV
ENSG00000181499	OR6T1	TK13	SNV	SNV
ENSG00000181514	ENSG00000181514	TK16	SNV	SNV
ENSG00000181552	EDDM3B	TK14	SNV	SNV
ENSG00000181626	ANKRD62	TK13	SNV	SNV
ENSG00000181638	ZFP41	TK16	SNV	SNV
ENSG00000181693	OR8H1	TK13	SNV	SNV
ENSG00000181778	TMEM252	TK92	SNV	SNV
ENSG00000181803	OR6S1	TK13	SNV	SNV
ENSG00000181943	OR4A21P	TK14	SNV	SNV
ENSG00000181961	OR4A16	TK13	SNV	SNV
ENSG00000181965	NEUROG1	TK13	SNV	SNV
ENSG00000182048	TRPC2	TK10	SNV	SNV
ENSG00000182070	OR52A1	TK13	SNV	SNV
ENSG00000182083	OR6B2	TK13	SNV	SNV
ENSG00000182333	LIPF	TK13	SNV	SNV
ENSG00000182334	OR5P3	TK93	SNV	SNV
ENSG00000182450	KCNK4	TK14	SNV	SNV
ENSG00000182477	OR2B8P	TK92	SNV	SNV
ENSG00000182531	OR7E115P	TK13	SNV	SNV
ENSG00000182591	KRTAP11-1	TK18	SNV	SNV
ENSG00000182613	OR2V2	TK13	SNV	SNV
ENSG00000182634	OR10G7	TK13	SNV	SNV
ENSG00000182636	NDN	TK10	INDEL,SNV	SNV
ENSG00000182645	CCDC172	TK13	SNV	SNV
ENSG00000182652	OR4Q3	TK13	SNV	SNV
ENSG00000182667	NTM	TK13	SNV	SNV
ENSG00000182783	OR2T29	TK13	INDEL,SNV	SNV
ENSG00000182854	OR4F15	TK91	INDEL,SNV	SNV
ENSG00000182885	ADGRG3	TK13	SNV	SNV
ENSG00000183114	FAM43B	TK13	INDEL,SNV	SNV
ENSG00000183206	POTEC	TK18	SNV	SNV
ENSG00000183269	OR52E8	TK14	SNV	SNV
ENSG00000183303	OR5P2	TK13	SNV	SNV
ENSG00000183389	OR56A4	TK14	SNV	SNV
ENSG00000183514	TDGF1P2	TK91	SNV	SNV
ENSG00000183559	C10orf120	TK18	INDEL,SNV	SNV
ENSG00000183560	IZUMO1R	TK91	SNV	SNV
ENSG00000183631	PRR32	TK13	SNV	SNV
ENSG00000183674	LINC00518	TK13	SNV	SNV
ENSG00000183709	IFNL2	TK14	SNV	SNV
ENSG00000183785	TUBA8	TK92	SNV	SNV
ENSG00000183862	CNGA2	TK14	SNV	SNV
ENSG00000183888	SRARP	TK10	SNV	SNV
ENSG00000183938	TRBV21OR9-2	TK13	SNV	SNV
ENSG00000183979	NPB	TK16	INDEL,SNV	SNV
ENSG00000184055	OR7E87P	TK14	SNV	SNV
ENSG00000184148	SPRR4	TK13	SNV	SNV
ENSG00000184155	OR10J5	TK13	SNV	SNV
ENSG00000184270	H2AC21	TK10	SNV	SNV
ENSG00000184292	TACSTD2	TK16	SNV	SNV
ENSG00000184303	DRD5P1	TK92	SNV	SNV
ENSG00000184321	OR51J1	TK13	SNV	SNV
ENSG00000184389	A3GALT2	TK13	SNV	SNV
ENSG00000184423	RPL23AP38	TK93	SNV	SNV
ENSG00000184502	GAST	TK13	SNV	SNV
ENSG00000184560	SPEM2	TK14	SNV	SNV
ENSG00000184601	C14orf180	TK14	SNV	SNV
ENSG00000184611	KCNH7	TK92	SNV	SNV
ENSG00000184844	CYCSP45	TK10	SNV	SNV
ENSG00000184845	DRD1	TK14	SNV	SNV
ENSG00000184906	ENSG00000184906	TK92	SNV	SNV
ENSG00000184945	AQP12A	TK13	SNV	SNV
ENSG00000185052	SLC24A3	TK93	SNV	SNV
ENSG00000185069	KRT76	TK14	SNV	SNV
ENSG00000185078	RPL9P14	TK91	SNV	SNV
ENSG00000185149	NPY2R	TK14	SNV	SNV
ENSG00000185176	AQP12B	TK14	SNV	SNV
ENSG00000185290	NUPR2	TK12	SNV	SNV
ENSG00000185294	SPPL2C	TK13	SNV	SNV
ENSG00000185306	C12orf56	TK10	SNV	SNV
ENSG00000185372	OR2V1	TK93	SNV	SNV
ENSG00000185559	DLK1	TK14	SNV	SNV
ENSG00000185640	KRT79	TK13	SNV	SNV
ENSG00000185701	OR5M5P	TK91	SNV	SNV
ENSG00000185722	ANKFY1	TK16	SNV	SNV
ENSG00000185787	MORF4L1	TK91	SNV	SNV
ENSG00000185821	OR6C76	TK13	SNV	SNV
ENSG00000185860	CCDC190	TK16	SNV	SNV
ENSG00000185899	TAS2R60	TK92	SNV	SNV
ENSG00000185903	OR11N1P	TK18	SNV	SNV
ENSG00000185940	KRTAP5-5	TK13	SNV	SNV
ENSG00000185982	DEFB128	TK14	SNV	SNV
ENSG00000186038	HTR3E	TK92	INDEL,SNV	SNV
ENSG00000186090	HTR3D	TK13	SNV	SNV
ENSG00000186113	OR5D14	TK13	SNV	SNV
ENSG00000186119	OR5D18	TK13	SNV	SNV
ENSG00000186150	UBL4B	TK16	SNV	SNV
ENSG00000186198	SLC51B	TK18	SNV	SNV
ENSG00000186207	LCE5A	TK10	SNV	SNV
ENSG00000186407	CD300E	TK13	SNV	SNV
ENSG00000186431	FCAR	TK92	SNV	SNV
ENSG00000186440	OR6P1	TK91	SNV	SNV
ENSG00000186442	KRT3	TK13	SNV	SNV
ENSG00000186493	IRX2-DT	TK18	SNV	SNV
ENSG00000186509	OR9Q1	TK14	SNV	SNV
ENSG00000186513	OR9Q2	TK14	SNV	SNV
ENSG00000186675	MAGEE2	TK13	SNV	SNV
ENSG00000186676	EEF1GP1	TK13	INDEL,SNV	SNV
ENSG00000186795	KCNK18	TK13	SNV	SNV
ENSG00000186832	KRT16	TK13	SNV	SNV
ENSG00000186860	KRTAP17-1	TK13	SNV	SNV
ENSG00000186924	KRTAP22-1	TK14	SNV	SNV
ENSG00000186967	KRTAP19-4	TK13	SNV	SNV
ENSG00000186971	KRTAP13-4	TK14	SNV	SNV
ENSG00000186973	CFAP144	TK13	SNV	SNV
ENSG00000187012	LINC00207	TK14	SNV	SNV
ENSG00000187017	ESPN	TK13	SNV	SNV
ENSG00000187033	SAMD7	TK13	SNV	SNV
ENSG00000187080	OR2AK2	TK91	SNV	SNV
ENSG00000187094	CCK	TK13	SNV	SNV
ENSG00000187242	KRT12	TK92	SNV	SNV
ENSG00000187243	MAGED4B	TK91	SNV	SNV
ENSG00000187272	KRTAP9-8	TK13	SNV	SNV
ENSG00000187288	CIDEC	TK10	SNV	SNV
ENSG00000187481	HSD3BP1	TK14	SNV	SNV
ENSG00000187504	RPL7P48	TK92	SNV	SNV
ENSG00000187545	PRAMEF10	TK13	SNV	SNV
ENSG00000187569	DPPA3	TK13	SNV	SNV
ENSG00000187612	OR5W2	TK13	SNV	SNV
ENSG00000187630	DHRS4L2	TK18	SNV	SNV
ENSG00000187658	C5orf52	TK93	SNV	SNV
ENSG00000187701	OR2T27	TK14	SNV	SNV
ENSG00000187714	SLC18A3	TK14	SNV	SNV
ENSG00000187747	OR52B6	TK13	SNV	SNV
ENSG00000187754	SSX7	TK92	SNV	SNV
ENSG00000187758	ADH1A	TK12	SNV	SNV
ENSG00000187763	OR2B7P	TK93	SNV	SNV
ENSG00000187806	TMEM202	TK16	SNV	SNV
ENSG00000187833	C2orf78	TK92	SNV	SNV
ENSG00000187857	OR6C75	TK10	SNV	SNV
ENSG00000188001	TPRG1	TK93	SNV	SNV
ENSG00000188011	RTP5	TK13	SNV	SNV
ENSG00000188013	MEIS3P2	TK10	SNV	SNV
ENSG00000188078	ENSG00000188078	TK92	INDEL,SNV	SNV
ENSG00000188086	PRSS45P	TK10	SNV	SNV
ENSG00000188176	SMTNL2	TK93	SNV	SNV
ENSG00000188293	IGFL1	TK14	SNV	SNV
ENSG00000188338	SLC38A3	TK18	SNV	SNV
ENSG00000188373	GPR15LG	TK16	SNV	SNV
ENSG00000188403	IGHV1OR15-9	TK13	SNV	SNV
ENSG00000188508	KRTDAP	TK14	SNV	SNV
ENSG00000188523	CFAP77	TK93	SNV	SNV
ENSG00000188536	HBA2	TK93	SNV	SNV
ENSG00000188581	KRTAP1-1	TK13	SNV	SNV
ENSG00000188626	GOLGA8M	TK93	SNV	SNV
ENSG00000188668	OR7E90P	TK14	SNV	SNV
ENSG00000188691	OR56A5	TK18	SNV	SNV
ENSG00000188716	DUSP29	TK93	SNV	SNV
ENSG00000188770	OPTC	TK10	SNV	SNV
ENSG00000188784	PLA2G2E	TK93	SNV	SNV
ENSG00000188803	SHISA6	TK93	SNV	SNV
ENSG00000188831	DPPA3P2	TK14	SNV	SNV
ENSG00000189002	PROS2P	TK14	SNV	SNV
ENSG00000189052	CGB5	TK92	SNV	SNV
ENSG00000189090	FAM25G	TK16	SNV	SNV
ENSG00000189139	FSCB	TK14	SNV	SNV
ENSG00000189181	OR14I1	TK13	SNV	SNV
ENSG00000189182	KRT77	TK13	SNV	SNV
ENSG00000189280	GJB5	TK91	SNV	SNV
ENSG00000189299	FOXR2	TK14	SNV	SNV
ENSG00000189375	TBC1D28	TK92	SNV	SNV
ENSG00000189409	MMP23B	TK13	SNV	SNV
ENSG00000189433	GJB4	TK16	SNV	SNV
ENSG00000196071	OR2L13	TK10	SNV	SNV
ENSG00000196099	OR6M1	TK13	SNV	SNV
ENSG00000196114	IFITM3P3	TK10	SNV	SNV
ENSG00000196136	SERPINA3	TK13	SNV	SNV
ENSG00000196184	OR10J1	TK14	SNV	SNV
ENSG00000196224	KRTAP5-3	TK13	SNV	SNV
ENSG00000196277	GRM7	TK10	SNV	SNV
ENSG00000196289	BECN2	TK10	SNV	SNV
ENSG00000196301	HLA-DRB9	TK14	SNV	SNV
ENSG00000196335	STK31	TK13	SNV	SNV
ENSG00000196341	OR8D1	TK14	SNV	SNV
ENSG00000196350	ZNF729	TK92	SNV	SNV
ENSG00000196364	PRSS29P	TK14	SNV	SNV
ENSG00000196383	OR4Q2	TK14	SNV	SNV
ENSG00000196497	IPO4	TK18	SNV	SNV
ENSG00000196534	OR9K1P	TK18	SNV	SNV
ENSG00000196539	OR2T3	TK13	SNV	SNV
ENSG00000196544	BORCS6	TK10	SNV	SNV
ENSG00000196557	CACNA1H	TK14	SNV	SNV
ENSG00000196570	PFN3	TK91	SNV	SNV
ENSG00000196611	MMP1	TK14	SNV	SNV
ENSG00000196639	HRH1	TK91	SNV	SNV
ENSG00000196772	OR14A16	TK14	SNV	SNV
ENSG00000196787	H2AC11	TK13	SNV	SNV
ENSG00000196793	ZNF239	TK10	SNV	SNV
ENSG00000196800	SPINK14	TK92	SNV	SNV
ENSG00000196812	ZSCAN16	TK16	SNV	SNV
ENSG00000196832	OR11G2	TK92	SNV	SNV
ENSG00000196917	HCAR1	TK10	SNV	SNV
ENSG00000196932	TMEM26	TK13	SNV	SNV
ENSG00000196970	NXF4	TK13	SNV	SNV
ENSG00000197038	RBMY1A3P	TK18	INDEL,SNV	SNV
ENSG00000197079	KRT35	TK13	SNV	SNV
ENSG00000197092	GOLGA6L16P	TK93	SNV	SNV
ENSG00000197110	IFNL3	TK14	SNV	SNV
ENSG00000197123	ZNF679	TK10	SNV	SNV
ENSG00000197165	SULT1A2	TK93	SNV	SNV
ENSG00000197177	ADGRA1	TK13	SNV	SNV
ENSG00000197213	ZSCAN5B	TK13	SNV	SNV
ENSG00000197254	ENSG00000197254	TK92	SNV	SNV
ENSG00000197272	IL27	TK91	SNV	SNV
ENSG00000197309	OR10D3	TK14	SNV	SNV
ENSG00000197343	ZNF655	TK10	SNV	SNV
ENSG00000197353	LYPD2	TK10	SNV	SNV
ENSG00000197385	ZNF860	TK14	SNV	SNV
ENSG00000197428	OR51D1	TK14	SNV	SNV
ENSG00000197437	OR13G1	TK13	SNV	SNV
ENSG00000197468	OR7E85BP	TK14	SNV	SNV
ENSG00000197487	GALP	TK92	SNV	SNV
ENSG00000197503	LINC00477	TK12	SNV	SNV
ENSG00000197506	SLC28A3	TK10	SNV	SNV
ENSG00000197561	ELANE	TK16	SNV	SNV
ENSG00000197591	OR11L1	TK13	SNV	SNV
ENSG00000197616	MYH6	TK13	SNV	SNV
ENSG00000197617	VN1R5	TK13	SNV	SNV
ENSG00000197632	SERPINB2	TK10	SNV	SNV
ENSG00000197651	CCER1	TK10	SNV	SNV
ENSG00000197706	OR6C74	TK13	SNV	SNV
ENSG00000197757	HOXC6	TK92	SNV	SNV
ENSG00000197786	OR5B17	TK14	SNV	SNV
ENSG00000197790	OR52M1	TK13	SNV	SNV
ENSG00000197838	CYP2A13	TK13	SNV	SNV
ENSG00000197928	ZNF677	TK14	SNV	SNV
ENSG00000197953	AADACL2	TK10	SNV	SNV
ENSG00000197989	SNHG12	TK18	SNV	SNV
ENSG00000197990	ZNF734P	TK13	SNV	SNV
ENSG00000198049	AVPR1B	TK10	SNV	SNV
ENSG00000198074	AKR1B10	TK13	SNV	SNV
ENSG00000198092	TMPRSS11F	TK92	SNV	SNV
ENSG00000198104	OR2T6	TK13	SNV	SNV
ENSG00000198128	OR2L3	TK13	SNV	SNV
ENSG00000198129	DEFB107B	TK92	SNV	SNV
ENSG00000198183	BPIFA1	TK13	SNV	SNV
ENSG00000198203	SULT1C2	TK92	SNV	SNV
ENSG00000198277	ENSG00000198277	TK13	SNV	SNV
ENSG00000198284	NUP210P1	TK92	SNV	SNV
ENSG00000198358	ENSG00000198358	TK18	SNV	SNV
ENSG00000198398	TMEM207	TK91	SNV	SNV
ENSG00000198417	MT1F	TK14	SNV	SNV
ENSG00000198443	KRTAP4-1	TK13	SNV	SNV
ENSG00000198445	CCT8L2	TK14	SNV	SNV
ENSG00000198454	LINC02692	TK13	SNV	SNV
ENSG00000198526	PABPC1P2	TK14	SNV	SNV
ENSG00000198547	C20orf203	TK13	SNV	SNV
ENSG00000198570	RD3	TK13	SNV	SNV
ENSG00000198573	SPANXC	TK16	SNV	SNV
ENSG00000198739	LRRTM3	TK18	SNV	SNV
ENSG00000198758	EPS8L3	TK10	SNV	SNV
ENSG00000198759	EGFL6	TK14	SNV	SNV
ENSG00000198787	OR7E103P	TK14	SNV	SNV
ENSG00000198797	BRINP2	TK14	SNV	SNV
ENSG00000198829	SUCNR1	TK13	SNV	SNV
ENSG00000198853	RUSC2	TK91	INDEL	SNV
ENSG00000198894	CIPC	TK93	SNV	SNV
ENSG00000198901	PRC1	TK10	SNV	SNV
ENSG00000198987	MIR16-2	TK16	SNV	SNV
ENSG00000199036	MIR219A1	TK92	SNV	SNV
ENSG00000199085	MIR148A	TK18	SNV	SNV
ENSG00000199122	MIR148B	TK92	SNV	SNV
ENSG00000199260	RNU6-874P	TK92	SNV	SNV
ENSG00000199266	SNORA60	TK92	SNV	SNV
ENSG00000199347	RNU5E-1	TK14	SNV	SNV
ENSG00000199357	Y_RNA	TK92	SNV	SNV
ENSG00000199440	Y_RNA	TK93	SNV	SNV
ENSG00000199490	Y_RNA	TK13	SNV	SNV
ENSG00000199536	RNU6-315P	TK91	SNV	SNV
ENSG00000199565	Y_RNA	TK16	INDEL	SNV
ENSG00000199568	RNU5A-1	TK18	INDEL	SNV
ENSG00000199635	Y_RNA	TK92	SNV	SNV
ENSG00000199691	RN7SKP173	TK18	SNV	SNV
ENSG00000199716	Y_RNA	TK91	SNV	SNV
ENSG00000199730	RN7SKP95	TK91	SNV	SNV
ENSG00000199732	Y_RNA	TK91	SNV	SNV
ENSG00000199744	SNORD36A	TK18	SNV	SNV
ENSG00000199755	Y_RNA	TK93	INDEL	SNV
ENSG00000199781	Y_RNA	TK92	SNV	SNV
ENSG00000199804	RNA5SP383	TK12	SNV	SNV
ENSG00000199805	RNU1-134P	TK16	SNV	SNV
ENSG00000199806	RNA5SP491	TK93	SNV	SNV
ENSG00000199836	RNU1-47P	TK13	SNV	SNV
ENSG00000199851	U3	TK93	SNV	SNV
ENSG00000199866	Y_RNA	TK14	SNV	SNV
ENSG00000199979	Y_RNA	TK93	SNV	SNV
ENSG00000200057	RN7SKP63	TK91	SNV	SNV
ENSG00000200075	ENSG00000200075	TK91	SNV	SNV
ENSG00000200114	RNA5SP123	TK16	SNV	SNV
ENSG00000200120	Y_RNA	TK91	SNV	SNV
ENSG00000200224	RNU6-626P	TK91	SNV	SNV
ENSG00000200256	Y_RNA	TK92	SNV	SNV
ENSG00000200314	Y_RNA	TK92	INDEL	SNV
ENSG00000200332	Y_RNA	TK18	SNV	SNV
ENSG00000200350	RNU6-1285P	TK10	SNV	SNV
ENSG00000200376	RNU5E-10P	TK10	INDEL	SNV
ENSG00000200377	ENSG00000200377	TK92	SNV	SNV
ENSG00000200379	RN7SKP45	TK91	SNV	SNV
ENSG00000200388	RNU6-618P	TK92	SNV	SNV
ENSG00000200391	Y_RNA	TK91	SNV	SNV
ENSG00000200431	RNU4-81P	TK91	SNV	SNV
ENSG00000200455	RNU6-1112P	TK16	SNV	SNV
ENSG00000200473	RNA5SP507	TK92	SNV	SNV
ENSG00000200527	RNA5SP457	TK92	SNV	SNV
ENSG00000200560	RNU6-288P	TK91	SNV	SNV
ENSG00000200594	RNU6-824P	TK14	SNV	SNV
ENSG00000200693	U3	TK10	SNV	SNV
ENSG00000200726	SNORD115-8	TK13	SNV	SNV
ENSG00000200742	Y_RNA	TK92	SNV	SNV
ENSG00000200761	RN7SKP113	TK93	SNV	SNV
ENSG00000200785	SNORD8	TK16	SNV	SNV
ENSG00000200788	Y_RNA	TK92	SNV	SNV
ENSG00000200795	RNU4-1	TK16	SNV	SNV
ENSG00000200814	RNU6-595P	TK92	SNV	SNV
ENSG00000200847	Y_RNA	TK12	SNV	SNV
ENSG00000200879	SNORD14E	TK13	SNV	SNV
ENSG00000200972	RNU5A-8P	TK93	SNV	SNV
ENSG00000201034	Y_RNA	TK92	SNV	SNV
ENSG00000201078	RN7SKP214	TK93	INDEL,SNV	SNV
ENSG00000201151	ENSG00000201151	TK14	SNV	SNV
ENSG00000201168	RNA5SP368	TK93	SNV	SNV
ENSG00000201176	RNU6-853P	TK91	SNV	SNV
ENSG00000201180	RNU6-115P	TK92	INDEL	SNV
ENSG00000201198	RNU6-879P	TK92	SNV	SNV
ENSG00000201210	RNA5SP139	TK92	SNV	SNV
ENSG00000201228	Y_RNA	TK18	SNV	SNV
ENSG00000201239	Y_RNA	TK10	SNV	SNV
ENSG00000201245	ENSG00000201245	TK92	INDEL,SNV	SNV
ENSG00000201298	RNU6-1164P	TK93	SNV	SNV
ENSG00000201340	Y_RNA	TK93	SNV	SNV
ENSG00000201342	RNU4-38P	TK92	SNV	SNV
ENSG00000201384	ENSG00000201384	TK93	SNV	SNV
ENSG00000201390	RNU6-1141P	TK92	SNV	SNV
ENSG00000201421	Y_RNA	TK92	SNV	SNV
ENSG00000201432	Y_RNA	TK91	SNV	SNV
ENSG00000201447	RNA5SP509	TK92	SNV	SNV
ENSG00000201448	SNORA63C	TK92	SNV	SNV
ENSG00000201451	Y_RNA	TK16	SNV	SNV
ENSG00000201492	RNA5SP78	TK10	SNV	SNV
ENSG00000201519	RNU6-645P	TK92	SNV	SNV
ENSG00000201563	Y_RNA	TK92	SNV	SNV
ENSG00000201616	RNU1-91P	TK93	SNV	SNV
ENSG00000201641	RNU6-1187P	TK91	SNV	SNV
ENSG00000201654	RNU6-7	TK92	SNV	SNV
ENSG00000201687	RNU6-1107P	TK92	SNV	SNV
ENSG00000201725	RNU6-304P	TK18	SNV	SNV
ENSG00000201736	RNA5SP160	TK92	SNV	SNV
ENSG00000201758	RN7SKP55	TK93	SNV	SNV
ENSG00000201785	SNORD117	TK10	SNV	SNV
ENSG00000201794	RN7SKP130	TK92	SNV	SNV
ENSG00000201800	Y_RNA	TK12	INDEL,SNV	SNV
ENSG00000201813	RNU6-915P	TK12	SNV	SNV
ENSG00000201818	RNY4P17	TK93	SNV	SNV
ENSG00000201820	Y_RNA	TK92	SNV	SNV
ENSG00000201830	Y_RNA	TK91	SNV	SNV
ENSG00000201882	ENSG00000201882	TK18	SNV	SNV
ENSG00000201916	Y_RNA	TK10	SNV	SNV
ENSG00000201942	RNA5SP363	TK91	SNV	SNV
ENSG00000201944	SNORA72	TK91	SNV	SNV
ENSG00000201955	RNY3P1	TK93	SNV	SNV
ENSG00000202025	RNU6-1240P	TK18	SNV	SNV
ENSG00000202029	RNU6-580P	TK92	SNV	SNV
ENSG00000202056	RNA5SP19	TK10	SNV	SNV
ENSG00000202089	RNU6-1306P	TK92	SNV	SNV
ENSG00000202141	Y_RNA	TK91	SNV	SNV
ENSG00000202172	RNU6-1327P	TK10	SNV	SNV
ENSG00000202205	RNU6-1034P	TK91	SNV	SNV
ENSG00000202215	RNU1-51P	TK18	SNV	SNV
ENSG00000202217	RN7SKP47	TK93	SNV	SNV
ENSG00000202242	RNU6-1276P	TK91	SNV	SNV
ENSG00000202251	Y_RNA	TK13	SNV	SNV
ENSG00000202260	RN7SKP69	TK92	SNV	SNV
ENSG00000202279	Y_RNA	TK93	SNV	SNV
ENSG00000202314	SNORD6	TK13	SNV	SNV
ENSG00000202337	RNU6-8	TK10	SNV	SNV
ENSG00000202343	ENSG00000202343	TK91	SNV	SNV
ENSG00000202351	RN7SKP204	TK93	SNV	SNV
ENSG00000202354	RNY3	TK93	SNV	SNV
ENSG00000202379	SNORA70	TK13	SNV	SNV
ENSG00000202392	RN7SKP292	TK91	SNV	SNV
ENSG00000202399	Y_RNA	TK16	SNV	SNV
ENSG00000202400	SNORD82	TK93	SNV	SNV
ENSG00000202412	RNY3P13	TK92	SNV	SNV
ENSG00000202414	Y_RNA	TK10	SNV	SNV
ENSG00000202430	RNA5SP88	TK93	SNV	SNV
ENSG00000202434	ENSG00000202434	TK93	SNV	SNV
ENSG00000202459	Y_RNA	TK93	INDEL	SNV
ENSG00000202474	RNA5SP283	TK18	SNV	SNV
ENSG00000202491	RNU6-716P	TK10	SNV	SNV
ENSG00000202513	RNU6-805P	TK93	SNV	SNV
ENSG00000202529	SNORD18B	TK10	SNV	SNV
ENSG00000202532	RNU6-395P	TK16	INDEL,SNV	SNV
ENSG00000202566	MIR421	TK91	SNV	SNV
ENSG00000203363	GPR160P1	TK91	SNV	SNV
ENSG00000203387	SNF8P1	TK13	SNV	SNV
ENSG00000203396	ENSG00000203396	TK93	SNV	SNV
ENSG00000203397	SHISA5P2	TK91	SNV	SNV
ENSG00000203414	BTBD7P1	TK91	SNV	SNV
ENSG00000203434	ENSG00000203434	TK10	SNV	SNV
ENSG00000203462	ENSG00000203462	TK91	SNV	SNV
ENSG00000203531	ENSG00000203531	TK91	SNV	SNV
ENSG00000203565	ENSG00000203565	TK92	SNV	SNV
ENSG00000203643	ENSG00000203643	TK92	SNV	SNV
ENSG00000203664	OR2W5P	TK14	SNV	SNV
ENSG00000203722	RAET1G	TK92	SNV	SNV
ENSG00000203740	NTMT2	TK13	SNV	SNV
ENSG00000203756	TMEM244	TK10	SNV	SNV
ENSG00000203757	OR6K3	TK16	INDEL,SNV	SNV
ENSG00000203782	LORICRIN	TK13	SNV	SNV
ENSG00000203786	KPRP	TK14	SNV	SNV
ENSG00000203859	HSD3B2	TK92	INDEL	SNV
ENSG00000203864	LINC02868	TK91	SNV	SNV
ENSG00000203870	SMIM9	TK92	SNV	SNV
ENSG00000203877	RIPPLY2	TK13	SNV	SNV
ENSG00000203900	ENSG00000203900	TK14	SNV	SNV
ENSG00000203923	SPANXN1	TK14	SNV	SNV
ENSG00000203952	CCDC160	TK10	SNV	SNV
ENSG00000203989	RHOXF2B	TK14	SNV	SNV
ENSG00000204020	LIPN	TK13	SNV	SNV
ENSG00000204031	LCN1P2	TK10	SNV	SNV
ENSG00000204033	LRIT2	TK14	SNV	SNV
ENSG00000204052	LRRC73	TK13	SNV	SNV
ENSG00000204086	RPA4	TK16	SNV	SNV
ENSG00000204091	TDRG1	TK10	SNV	SNV
ENSG00000204165	CXorf65	TK12	SNV	SNV
ENSG00000204173	LRRC37A5P	TK13	SNV	SNV
ENSG00000204176	SYT15	TK10	SNV	SNV
ENSG00000204241	LINC02731	TK16	SNV	SNV
ENSG00000204421	LY6G6C	TK10	SNV	SNV
ENSG00000204427	ABHD16A	TK10	SNV	SNV
ENSG00000204437	CTSLP6	TK14	SNV	SNV
ENSG00000204446	LINC02872	TK93	SNV	SNV
ENSG00000204456	ENSG00000204456	TK13	SNV	SNV
ENSG00000204471	TBC1D3P4	TK13	SNV	SNV
ENSG00000204480	PRAMEF19	TK13	SNV	SNV
ENSG00000204501	PRAMEF15	TK14	SNV	SNV
ENSG00000204510	PRAMEF7	TK14	SNV	SNV
ENSG00000204514	ZNF814	TK13	SNV	SNV
ENSG00000204518	AADACL4	TK13	SNV	SNV
ENSG00000204542	C6orf15	TK14	SNV	SNV
ENSG00000204610	TRIM15	TK13	SNV	SNV
ENSG00000204614	TRIM40	TK18	SNV	SNV
ENSG00000204640	NMS	TK10	SNV	SNV
ENSG00000204684	ENSG00000204684	TK10	SNV	SNV
ENSG00000204688	OR2H1	TK13	INDEL	SNV
ENSG00000204695	OR14J1	TK93	SNV	SNV
ENSG00000204697	OR2U1P	TK13	SNV	SNV
ENSG00000204701	OR2J3	TK93	SNV	SNV
ENSG00000204706	MAMDC2-AS1	TK92	SNV	SNV
ENSG00000204709	LINC01556	TK91	SNV	SNV
ENSG00000204718	CNN2P12	TK12	SNV	SNV
ENSG00000204754	LINC01951	TK13	SNV	SNV
ENSG00000204792	LINC01291	TK16	SNV	SNV
ENSG00000204832	ST8SIA6-AS1	TK10	SNV	SNV
ENSG00000204850	ENSG00000204850	TK10	SNV	SNV
ENSG00000204851	PNMA8B	TK10	SNV	SNV
ENSG00000204873	KRTAP9-3	TK14	SNV	SNV
ENSG00000204889	KRT40	TK13	SNV	SNV
ENSG00000204936	CD177	TK14	SNV	SNV
ENSG00000204949	FAM83A-AS1	TK10	SNV	SNV
ENSG00000204950	LRRC10B	TK14	SNV	SNV
ENSG00000204963	PCDHA7	TK10	SNV	SNV
ENSG00000204965	PCDHA5	TK93	SNV	SNV
ENSG00000204971	ENSG00000204971	TK13	SNV	SNV
ENSG00000204982	PRSS3P4	TK13	SNV	SNV
ENSG00000204989	OR4D8P	TK13	SNV	SNV
ENSG00000204993	CRTC1P1	TK92	SNV	SNV
ENSG00000205029	OR5D16	TK13	SNV	SNV
ENSG00000205054	LINC01121	TK16	SNV	SNV
ENSG00000205105	COX17P1	TK93	SNV	SNV
ENSG00000205212	CCDC144NL	TK92	SNV	SNV
ENSG00000205215	KRT17P7	TK14	SNV	SNV
ENSG00000205266	KRT17P5	TK13	SNV	SNV
ENSG00000205267	DGAT2L7P	TK14	SNV	SNV
ENSG00000205301	MGAT4D	TK92	SNV	SNV
ENSG00000205333	GOLGA2P1	TK14	SNV	SNV
ENSG00000205352	PRR13	TK13	SNV	SNV
ENSG00000205362	MT1A	TK13	SNV	SNV
ENSG00000205414	ENSG00000205414	TK14	SNV	SNV
ENSG00000205439	KRTAP12-3	TK13	SNV	SNV
ENSG00000205456	TP53TG3D	TK10	SNV	SNV
ENSG00000205494	OR52A4P	TK13	SNV	SNV
ENSG00000205496	OR51A2	TK13	SNV	SNV
ENSG00000205571	SMN2	TK91	SNV	SNV
ENSG00000205579	DYNLL1P1	TK92	SNV	SNV
ENSG00000205644	ENSG00000205644	TK92	SNV	SNV
ENSG00000205649	HTN3	TK92	SNV	SNV
ENSG00000205777	GAGE1	TK10	SNV	SNV
ENSG00000205784	ARRDC5	TK13	SNV	SNV
ENSG00000205786	LINC01531	TK13	SNV	SNV
ENSG00000205830	ENSG00000205830	TK93	SNV	SNV
ENSG00000205832	C16orf96	TK92	INDEL,SNV	SNV
ENSG00000205846	CLEC6A	TK14	SNV	SNV
ENSG00000205856	C22orf42	TK13	SNV	SNV
ENSG00000205864	KRTAP5-6	TK14	SNV	SNV
ENSG00000205867	KRTAP5-2	TK14	SNV	SNV
ENSG00000205883	DEFB135	TK14	SNV	SNV
ENSG00000205944	DAZ2	TK91	SNV	SNV
ENSG00000205989	DEFB109C	TK93	SNV	SNV
ENSG00000206026	SMIM21	TK13	SNV	SNV
ENSG00000206072	SERPINB11	TK14	SNV	SNV
ENSG00000206073	SERPINB4	TK14	SNV	SNV
ENSG00000206107	KRTAP27-1	TK13	SNV	SNV
ENSG00000206150	RNASE13	TK13	SNV	SNV
ENSG00000206159	GYG2P1	TK18	SNV	SNV
ENSG00000206172	HBA1	TK91	SNV	SNV
ENSG00000206187	LINC02346	TK92	SNV	SNV
ENSG00000206199	ANKUB1	TK14	SNV	SNV
ENSG00000206262	FOXL2NB	TK91	SNV	SNV
ENSG00000206585	RNVU1-7	TK13	SNV	SNV
ENSG00000206622	SNORA69	TK14	SNV	SNV
ENSG00000206634	SNORA22	TK13	SNV	SNV
ENSG00000206651	Y_RNA	TK10	SNV	SNV
ENSG00000206659	Y_RNA	TK91	SNV	SNV
ENSG00000206675	RNU6-32P	TK92	SNV	SNV
ENSG00000206679	Y_RNA	TK91	SNV	SNV
ENSG00000206703	RNU6-128P	TK92	SNV	SNV
ENSG00000206704	Y_RNA	TK91	SNV	SNV
ENSG00000206743	RNU6-484P	TK18	SNV	SNV
ENSG00000206746	RNU6-142P	TK93	SNV	SNV
ENSG00000206754	SNORD101	TK91	SNV	SNV
ENSG00000206779	Y_RNA	TK91	SNV	SNV
ENSG00000206791	RNU1-129P	TK92	SNV	SNV
ENSG00000206805	Y_RNA	TK91	SNV	SNV
ENSG00000206808	Y_RNA	TK93	SNV	SNV
ENSG00000206813	Y_RNA	TK91	SNV	SNV
ENSG00000206816	Y_RNA	TK10	INDEL	SNV
ENSG00000206822	Y_RNA	TK91	SNV	SNV
ENSG00000206824	Y_RNA	TK10	SNV	SNV
ENSG00000206848	RNU6-890P	TK18	SNV	SNV
ENSG00000206895	Y_RNA	TK93	SNV	SNV
ENSG00000206920	RNY1P6	TK12	SNV	SNV
ENSG00000206921	RNU6-481P	TK92	INDEL	SNV
ENSG00000206924	RNU6-689P	TK92	SNV	SNV
ENSG00000206936	RNU4-52P	TK91	SNV	SNV
ENSG00000206944	RNU6-708P	TK92	SNV	SNV
ENSG00000206954	RNU6-1201P	TK92	SNV	SNV
ENSG00000206969	RNU6-1316P	TK91	SNV	SNV
ENSG00000206970	RNU6-474P	TK13	SNV	SNV
ENSG00000206975	RNU6-13P	TK91	SNV	SNV
ENSG00000206985	RNU6-198P	TK93	SNV	SNV
ENSG00000206992	RNU6-574P	TK14	INDEL	SNV
ENSG00000206995	Y_RNA	TK93	SNV	SNV
ENSG00000207001	SNORD116-2	TK10	SNV	SNV
ENSG00000207005	RNU1-2	TK14	SNV	SNV
ENSG00000207036	RNY3P14	TK92	SNV	SNV
ENSG00000207062	SNORA15B-1	TK14	SNV	SNV
ENSG00000207072	RNU6-39P	TK92	SNV	SNV
ENSG00000207116	RNU6-31P	TK91	SNV	SNV
ENSG00000207127	Y_RNA	TK18	SNV	SNV
ENSG00000207165	SNORA70	TK18	SNV	SNV
ENSG00000207174	SNORD116-15	TK93	SNV	SNV
ENSG00000207185	RNU6-1157P	TK18	SNV	SNV
ENSG00000207187	SNORA10B	TK92	SNV	SNV
ENSG00000207194	RNU6-1026P	TK93	SNV	SNV
ENSG00000207197	SNORD116-12	TK12	SNV	SNV
ENSG00000207255	RNU6-1117P	TK92	SNV	SNV
ENSG00000207280	SNORD20	TK91	INDEL	SNV
ENSG00000207308	RNU6-878P	TK92	SNV	SNV
ENSG00000207334	RNU6-12P	TK92	SNV	SNV
ENSG00000207336	RNU6-658P	TK93	SNV	SNV
ENSG00000207344	SNORA22C	TK14	SNV	SNV
ENSG00000207347	RNU6-306P	TK92	SNV	SNV
ENSG00000207355	RNU6-1257P	TK16	SNV	SNV
ENSG00000207367	RNU6-29P	TK92	SNV	SNV
ENSG00000207405	SNORA64	TK93	SNV	SNV
ENSG00000207425	Y_RNA	TK93	SNV	SNV
ENSG00000207426	Y_RNA	TK91	SNV	SNV
ENSG00000207448	RNU6-520P	TK93	SNV	SNV
ENSG00000207453	RNU6-535P	TK12	SNV	SNV
ENSG00000207457	RNU6-476P	TK14	SNV	SNV
ENSG00000207459	RNU6-1311P	TK10	SNV	SNV
ENSG00000207460	SNORD116-19	TK14	SNV	SNV
ENSG00000207497	Y_RNA	TK93	INDEL	SNV
ENSG00000207505	RNU6-1105P	TK16	SNV	SNV
ENSG00000207512	Y_RNA	TK93	SNV	SNV
ENSG00000207563	MIR23B	TK18	SNV	SNV
ENSG00000207574	MIR661	TK91	SNV	SNV
ENSG00000207590	MIR215	TK92	SNV	SNV
ENSG00000207612	MIR604	TK91	SNV	SNV
ENSG00000207632	MIR588	TK92	SNV	SNV
ENSG00000207652	MIR621	TK10	SNV	SNV
ENSG00000207697	MIR573	TK92	SNV	SNV
ENSG00000207712	MIR627	TK10	SNV	SNV
ENSG00000207721	MIR186	TK10	SNV	SNV
ENSG00000207741	MIR590	TK10	SNV	SNV
ENSG00000207752	MIR199A1	TK92	SNV	SNV
ENSG00000207755	MIR450A2	TK10	INDEL,SNV	SNV
ENSG00000207757	MIR93	TK14	SNV	SNV
ENSG00000207758	MIR532	TK91	SNV	SNV
ENSG00000207769	MIR586	TK92	SNV	SNV
ENSG00000207813	MIR605	TK93	SNV	SNV
ENSG00000207816	MIR124-2	TK13	SNV	SNV
ENSG00000207864	MIR27B	TK10	SNV	SNV
ENSG00000207870	MIR221	TK16	INDEL	SNV
ENSG00000207927	MIR302A	TK91	SNV	SNV
ENSG00000207967	MIR620	TK93	INDEL	SNV
ENSG00000207972	MIR638	TK18	SNV	SNV
ENSG00000207980	MIR23A	TK12	SNV	SNV
ENSG00000207991	MIR601	TK92	SNV	SNV
ENSG00000208005	MIR503	TK10	SNV	SNV
ENSG00000208028	MIR616	TK91	SNV	SNV
ENSG00000208797	SNORD73A	TK92	SNV	SNV
ENSG00000209042	SNORD12C	TK10	SNV	SNV
ENSG00000209645	SNORD105	TK16	SNV	SNV
ENSG00000211591	MIR762	TK93	SNV	SNV
ENSG00000211623	IGKV2D-26	TK13	SNV	SNV
ENSG00000211625	IGKV3D-20	TK12	SNV	SNV
ENSG00000211633	IGKV1D-42	TK13	SNV	SNV
ENSG00000211642	IGLV10-54	TK13	SNV	SNV
ENSG00000211652	IGLV7-43	TK16	SNV	SNV
ENSG00000211654	IGLV5-37	TK14	SNV	SNV
ENSG00000211655	IGLV1-36	TK14	SNV	SNV
ENSG00000211663	IGLV3-19	TK16	SNV	SNV
ENSG00000211666	IGLV2-14	TK13	SNV	SNV
ENSG00000211668	IGLV2-11	TK92	SNV	SNV
ENSG00000211669	IGLV3-10	TK92	SNV	SNV
ENSG00000211674	IGLJ1	TK14	SNV	SNV
ENSG00000211675	IGLC1	TK18	SNV	SNV
ENSG00000211676	IGLJ2	TK10	INDEL,SNV	SNV
ENSG00000211715	TRBV5-3	TK13	SNV	SNV
ENSG00000211717	TRBV10-1	TK13	SNV	SNV
ENSG00000211725	TRBV5-5	TK14	SNV	SNV
ENSG00000211745	TRBV4-2	TK14	SNV	SNV
ENSG00000211747	TRBV20-1	TK13	SNV	SNV
ENSG00000211751	TRBC1	TK16	SNV	SNV
ENSG00000211769	TRBJ2-5	TK16	SNV	SNV
ENSG00000211790	TRAV8-4	TK13	SNV	SNV
ENSG00000211795	TRAV8-6	TK13	SNV	SNV
ENSG00000211798	TRAV18	TK13	SNV	SNV
ENSG00000211803	TRAV23DV6	TK13	SNV	SNV
ENSG00000211808	TRAV8-7	TK14	SNV	SNV
ENSG00000211809	TRAV27	TK14	SNV	SNV
ENSG00000211814	TRAV35	TK13	SNV	SNV
ENSG00000211816	TRAV38-1	TK14	SNV	SNV
ENSG00000211857	TRAJ32	TK13	SNV	SNV
ENSG00000211912	IGHD2-21	TK18	SNV	SNV
ENSG00000211914	IGHD6-19	TK12	SNV	SNV
ENSG00000211917	IGHD3-16	TK12	SNV	SNV
ENSG00000211921	IGHD5-12	TK10	SNV	SNV
ENSG00000211934	IGHV1-2	TK13	SNV	SNV
ENSG00000211941	IGHV3-11	TK14	SNV	SNV
ENSG00000211943	IGHV3-15	TK91	SNV	SNV
ENSG00000211947	IGHV3-21	TK13	SNV	SNV
ENSG00000211951	IGHV2-26	TK13	SNV	SNV
ENSG00000211957	IGHV3-35	TK13	SNV	SNV
ENSG00000211959	IGHV4-39	TK13	SNV	SNV
ENSG00000211962	IGHV1-46	TK13	SNV	SNV
ENSG00000211967	IGHV3-53	TK13	SNV	SNV
ENSG00000211970	IGHV4-61	TK10	SNV	SNV
ENSG00000211979	IGHV7-81	TK16	SNV	SNV
ENSG00000212102	MIR301B	TK93	SNV	SNV
ENSG00000212135	SNORD67	TK14	SNV	SNV
ENSG00000212146	RNU6-910P	TK10	SNV	SNV
ENSG00000212163	SNORD91A	TK91	SNV	SNV
ENSG00000212242	RNA5SP219	TK10	SNV	SNV
ENSG00000212259	RNU6-308P	TK93	SNV	SNV
ENSG00000212283	SNORD89	TK13	SNV	SNV
ENSG00000212296	SNORD72	TK10	SNV	SNV
ENSG00000212306	Y_RNA	TK92	SNV	SNV
ENSG00000212338	ENSG00000212338	TK92	SNV	SNV
ENSG00000212391	ENSG00000212391	TK16	SNV	SNV
ENSG00000212443	SNORA53	TK13	SNV	SNV
ENSG00000212464	SNORA12	TK93	SNV	SNV
ENSG00000212512	Y_RNA	TK93	SNV	SNV
ENSG00000212534	SNORD70	TK93	SNV	SNV
ENSG00000212539	U3	TK92	INDEL,SNV	SNV
ENSG00000212541	RNU6-510P	TK92	SNV	SNV
ENSG00000212567	ENSG00000212567	TK91	SNV	SNV
ENSG00000212657	KRTAP16-1	TK13	SNV	SNV
ENSG00000212712	ENSG00000212712	TK13	SNV	SNV
ENSG00000212717	DEFB117	TK13	SNV	SNV
ENSG00000212719	LINC02693	TK10	SNV	SNV
ENSG00000212721	KRTAP4-11	TK13	SNV	SNV
ENSG00000212722	KRTAP4-9	TK13	SNV	SNV
ENSG00000212725	KRTAP2-1	TK14	SNV	SNV
ENSG00000212900	KRTAP3-2	TK13	SNV	SNV
ENSG00000212933	KRTAP12-4	TK13	SNV	SNV
ENSG00000213022	KLK9	TK91	INDEL	SNV
ENSG00000213035	RPL23AP80	TK10	SNV	SNV
ENSG00000213041	RPL17P8	TK93	SNV	SNV
ENSG00000213049	HNRNPA1P34	TK92	SNV	SNV
ENSG00000213051	RPL5P5	TK93	SNV	SNV
ENSG00000213058	ENSG00000213058	TK93	SNV	SNV
ENSG00000213066	CEP43	TK12	INDEL	SNV
ENSG00000213071	LPAL2	TK91	SNV	SNV
ENSG00000213075	RPL31P11	TK91	SNV	SNV
ENSG00000213078	ENSG00000213078	TK92	SNV	SNV
ENSG00000213088	ACKR1	TK14	SNV	SNV
ENSG00000213110	RNF11P1	TK92	SNV	SNV
ENSG00000213115	ENSG00000213115	TK93	SNV	SNV
ENSG00000213120	LIN28AP1	TK13	SNV	SNV
ENSG00000213122	RPL23AP46	TK13	SNV	SNV
ENSG00000213153	ENSG00000213153	TK14	SNV	SNV
ENSG00000213157	RPL32P10	TK92	SNV	SNV
ENSG00000213171	LINGO4	TK10	SNV	SNV
ENSG00000213177	PRDX2P4	TK92	SNV	SNV
ENSG00000213180	RPL36AP48	TK91	INDEL,SNV	SNV
ENSG00000213226	ENSG00000213226	TK93	SNV	SNV
ENSG00000213233	RPL23AP62	TK91	SNV	SNV
ENSG00000213246	SUPT4H1	TK92	INDEL	SNV
ENSG00000213264	NIP7P2	TK93	SNV	SNV
ENSG00000213265	TSGA13	TK91	SNV	SNV
ENSG00000213269	RPS6P26	TK93	SNV	SNV
ENSG00000213275	IFITM9P	TK91	SNV	SNV
ENSG00000213291	RPL31P39	TK91	SNV	SNV
ENSG00000213293	ENSG00000213293	TK18	SNV	SNV
ENSG00000213310	CYCSP19	TK91	SNV	SNV
ENSG00000213312	RPL7AP34	TK10	SNV	SNV
ENSG00000213338	ATF4P1	TK91	SNV	SNV
ENSG00000213344	PCNPP3	TK92	INDEL,SNV	SNV
ENSG00000213355	CNN2P8	TK92	SNV	SNV
ENSG00000213362	FTH1P12	TK93	SNV	SNV
ENSG00000213383	PP1P	TK92	SNV	SNV
ENSG00000213394	RPSAP46	TK14	SNV	SNV
ENSG00000213416	KRTAP4-12	TK13	SNV	SNV
ENSG00000213424	KRT222	TK12	SNV	SNV
ENSG00000213431	ABRAXAS1P1	TK92	SNV	SNV
ENSG00000213452	AKR1B1P2	TK91	SNV	SNV
ENSG00000213484	EIF4A1P8	TK92	SNV	SNV
ENSG00000213519	RPL36P7	TK13	SNV	SNV
ENSG00000213530	MTHFD2P5	TK92	SNV	SNV
ENSG00000213538	KRT8P41	TK92	SNV	SNV
ENSG00000213540	TXN2P1	TK92	SNV	SNV
ENSG00000213543	RARRES2P2	TK10	SNV	SNV
ENSG00000213560	ENSG00000213560	TK91	SNV	SNV
ENSG00000213587	ENSG00000213587	TK91	SNV	SNV
ENSG00000213594	GAPDHP25	TK92	SNV	SNV
ENSG00000213606	AKR1B10P1	TK13	SNV	SNV
ENSG00000213613	RPL11P3	TK16	SNV	SNV
ENSG00000213642	ENSG00000213642	TK13	SNV	SNV
ENSG00000213644	SAPCD2P1	TK91	SNV	SNV
ENSG00000213659	RSU1P3	TK93	SNV	SNV
ENSG00000213663	RPL21P58	TK13	SNV	SNV
ENSG00000213673	SLC25A5P3	TK92	SNV	SNV
ENSG00000213708	SLC16A14P1	TK13	SNV	SNV
ENSG00000213711	PHB1P7	TK91	SNV	SNV
ENSG00000213717	ENSG00000213717	TK93	SNV	SNV
ENSG00000213726	RPS2P52	TK14	INDEL	SNV
ENSG00000213739	PPIAP68	TK14	SNV	SNV
ENSG00000213754	KPNA4P1	TK92	SNV	SNV
ENSG00000213759	UGT2B11	TK14	SNV	SNV
ENSG00000213770	FAM210CP	TK91	SNV	SNV
ENSG00000213771	KRT8P37	TK13	SNV	SNV
ENSG00000213778	HNRNPA1P32	TK91	SNV	SNV
ENSG00000213780	GTF2H4	TK92	SNV	SNV
ENSG00000213830	CFL1P5	TK18	SNV	SNV
ENSG00000213851	ENSG00000213851	TK92	SNV	SNV
ENSG00000213857	ACTBP15	TK13	SNV	SNV
ENSG00000213886	UBD	TK91	SNV	SNV
ENSG00000213908	CYP2A7P1	TK14	SNV	SNV
ENSG00000213917	RPL5P8	TK92	SNV	SNV
ENSG00000213921	LEUTX	TK10	SNV	SNV
ENSG00000213925	NPM1P33	TK92	INDEL,SNV	SNV
ENSG00000213943	KRT18P17	TK10	SNV	SNV
ENSG00000213959	ENSG00000213959	TK13	SNV	SNV
ENSG00000213988	ZNF90	TK92	INDEL	SNV
ENSG00000213996	TM6SF2	TK13	SNV	SNV
ENSG00000213997	PGAM1P7	TK10	SNV	SNV
ENSG00000214035	ENSG00000214035	TK92	SNV	SNV
ENSG00000214039	LINC02418	TK92	SNV	SNV
ENSG00000214047	RPS11P7	TK93	SNV	SNV
ENSG00000214093	ENSG00000214093	TK16	SNV	SNV
ENSG00000214097	SMCO1	TK18	SNV	SNV
ENSG00000214108	TPT1P5	TK91	SNV	SNV
ENSG00000214142	RPL7P60	TK92	SNV	SNV
ENSG00000214195	HMGN2P31	TK18	SNV	SNV
ENSG00000214210	NGRNP1	TK91	SNV	SNV
ENSG00000214243	ENSG00000214243	TK92	SNV	SNV
ENSG00000214263	RPSAP53	TK92	SNV	SNV
ENSG00000214274	ANG	TK10	SNV	SNV
ENSG00000214278	ENSG00000214278	TK92	INDEL,SNV	SNV
ENSG00000214289	RPL39P5	TK13	SNV	SNV
ENSG00000214305	Metazoa_SRP	TK91	SNV	SNV
ENSG00000214321	CBX1P4	TK92	SNV	SNV
ENSG00000214351	OR1X5P	TK92	SNV	SNV
ENSG00000214354	PAFAH1B1P1	TK93	INDEL,SNV	SNV
ENSG00000214362	RPS3AP36	TK93	SNV	SNV
ENSG00000214374	RPLP2P1	TK10	SNV	SNV
ENSG00000214415	GNAT3	TK13	SNV	SNV
ENSG00000214533	KRT18P33	TK92	SNV	SNV
ENSG00000214548	MEG3	TK13	SNV	SNV
ENSG00000214553	LRRC37A11P	TK14	SNV	SNV
ENSG00000214581	ZNF971P	TK13	SNV	SNV
ENSG00000214617	SLC6A10P	TK13	SNV	SNV
ENSG00000214651	ENSG00000214651	TK91	SNV	SNV
ENSG00000214660	SLC29A4P2	TK13	SNV	SNV
ENSG00000214669	ENSG00000214669	TK13	SNV	SNV
ENSG00000214681	IQCF5	TK14	SNV	SNV
ENSG00000214686	IQCF6	TK14	SNV	SNV
ENSG00000214720	KRT18P49	TK13	SNV	SNV
ENSG00000214754	SRSF8CP	TK92	SNV	SNV
ENSG00000214776	ENSG00000214776	TK13	SNV	SNV
ENSG00000214797	ENSG00000214797	TK16	SNV	SNV
ENSG00000214843	ZFYVE9P2	TK13	SNV	SNV
ENSG00000214888	NPAP1P9	TK10	SNV	SNV
ENSG00000214891	TRIM64C	TK10	SNV	SNV
ENSG00000214943	GPR33	TK13	SNV	SNV
ENSG00000214961	NT5DC1P2	TK91	SNV	SNV
ENSG00000215005	HSPD1P7	TK10	SNV	SNV
ENSG00000215023	ENSG00000215023	TK18	SNV	SNV
ENSG00000215037	VENTXP2	TK14	SNV	SNV
ENSG00000215065	DUSP8P1	TK93	SNV	SNV
ENSG00000215096	IFITM8P	TK91	SNV	SNV
ENSG00000215120	SOCS6P1	TK18	SNV	SNV
ENSG00000215127	SYT14P1	TK14	SNV	SNV
ENSG00000215162	LINC00269	TK91	SNV	SNV
ENSG00000215174	NLRP2B	TK10	SNV	SNV
ENSG00000215177	IGLV8OR8-1	TK14	SNV	SNV
ENSG00000215186	GOLGA6B	TK16	SNV	SNV
ENSG00000215236	RPL7P33	TK93	SNV	SNV
ENSG00000215288	ENSG00000215288	TK14	SNV	SNV
ENSG00000215296	TMCO5B	TK18	INDEL,SNV	SNV
ENSG00000215333	KRT18P23	TK14	SNV	SNV
ENSG00000215354	FAM90A24P	TK14	SNV	SNV
ENSG00000215369	RPL37P3	TK10	SNV	SNV
ENSG00000215372	ZNF705G	TK14	SNV	SNV
ENSG00000215403	LL22NC01-81G9.3	TK91	SNV	SNV
ENSG00000215409	ENSG00000215409	TK16	SNV	SNV
ENSG00000215418	PEX12P1	TK92	SNV	SNV
ENSG00000215480	OR7E37P	TK93	SNV	SNV
ENSG00000215546	DKKL1P1	TK14	SNV	SNV
ENSG00000215580	BCORP1	TK10	SNV	SNV
ENSG00000215612	HMX1	TK16	SNV	SNV
ENSG00000215796	ENSG00000215796	TK10	SNV	SNV
ENSG00000215833	QRSL1P1	TK91	SNV	SNV
ENSG00000215846	MPTX1	TK10	SNV	SNV
ENSG00000215853	RPTN	TK14	SNV	SNV
ENSG00000215905	RPL36P5	TK93	SNV	SNV
ENSG00000215909	BRWD1P1	TK92	SNV	SNV
ENSG00000215952	MIR921	TK92	SNV	SNV
ENSG00000215973	MIR933	TK13	SNV	SNV
ENSG00000216141	MIR941-2	TK10	SNV	SNV
ENSG00000216412	RPL12P2	TK13	INDEL	SNV
ENSG00000216480	RPL21P69	TK92	SNV	SNV
ENSG00000216676	RPL8P1	TK93	SNV	SNV
ENSG00000216718	RPL21P68	TK91	SNV	SNV
ENSG00000216721	ENSG00000216721	TK91	SNV	SNV
ENSG00000216723	NUDT19P3	TK10	SNV	SNV
ENSG00000216762	VN1R13P	TK10	SNV	SNV
ENSG00000216817	R3HDM2P2	TK14	SNV	SNV
ENSG00000216819	TUBB2BP1	TK13	SNV	SNV
ENSG00000216901	ZNF603P	TK91	SNV	SNV
ENSG00000216917	RPL15P9	TK13	SNV	SNV
ENSG00000216990	HSPD1P10	TK92	SNV	SNV
ENSG00000217030	ENSG00000217030	TK91	SNV	SNV
ENSG00000217060	ENSG00000217060	TK10	SNV	SNV
ENSG00000217139	ENSG00000217139	TK93	SNV	SNV
ENSG00000217195	ENSG00000217195	TK93	SNV	SNV
ENSG00000217227	TFGP1	TK92	SNV	SNV
ENSG00000217315	OR2W2P	TK93	SNV	SNV
ENSG00000217372	TUBB4BP7	TK13	SNV	SNV
ENSG00000217377	AK4P5	TK92	SNV	SNV
ENSG00000217385	PSMC1P11	TK91	SNV	SNV
ENSG00000217414	DDX18P3	TK93	SNV	SNV
ENSG00000217512	ENSG00000217512	TK93	SNV	SNV
ENSG00000217555	CKLF	TK10	SNV	SNV
ENSG00000217576	ENSG00000217576	TK14	SNV	SNV
ENSG00000217646	H2BC16P	TK18	SNV	SNV
ENSG00000217684	RPS3AP24	TK12	SNV	SNV
ENSG00000217733	CCT7P1	TK13	SNV	SNV
ENSG00000217770	FEM1AP3	TK14	SNV	SNV
ENSG00000217783	LDHAL6FP	TK92	SNV	SNV
ENSG00000217824	SNRPEP6	TK93	SNV	SNV
ENSG00000217825	ENSG00000217825	TK12	SNV	SNV
ENSG00000217929	SEPTIN14P6	TK93	SNV	SNV
ENSG00000218016	ZKSCAN8P2	TK91	SNV	SNV
ENSG00000218186	KRT8P43	TK92	SNV	SNV
ENSG00000218187	ENSG00000218187	TK93	SNV	SNV
ENSG00000218198	RPS20P32	TK10	SNV	SNV
ENSG00000218313	ENSG00000218313	TK92	SNV	SNV
ENSG00000218347	HNRNPA1P1	TK92	SNV	SNV
ENSG00000218428	NIP7P3	TK92	SNV	SNV
ENSG00000218459	RPS27P15	TK93	SNV	SNV
ENSG00000218472	ENSG00000218472	TK91	SNV	SNV
ENSG00000218476	RPL6P18	TK91	SNV	SNV
ENSG00000218520	ENSG00000218520	TK14	SNV	SNV
ENSG00000218521	ENSG00000218521	TK92	SNV	SNV
ENSG00000218596	ENSG00000218596	TK93	SNV	SNV
ENSG00000218632	RPL7P28	TK93	SNV	SNV
ENSG00000218682	ENSG00000218682	TK91	SNV	SNV
ENSG00000218748	DBIP1	TK92	SNV	SNV
ENSG00000218757	ENSG00000218757	TK93	SNV	SNV
ENSG00000218766	ENSG00000218766	TK92	SNV	SNV
ENSG00000218792	HSPD1P16	TK92	SNV	SNV
ENSG00000218803	GSTM2P1	TK92	SNV	SNV
ENSG00000218902	PTMAP3	TK92	SNV	SNV
ENSG00000219061	TRIM51FP	TK14	SNV	SNV
ENSG00000219163	HMGB1P20	TK14	SNV	SNV
ENSG00000219391	ENSG00000219391	TK92	SNV	SNV
ENSG00000219451	RPL23P8	TK92	SNV	SNV
ENSG00000219491	TPT1P8	TK10	SNV	SNV
ENSG00000219500	ENSG00000219500	TK92	SNV	SNV
ENSG00000219532	SELENOKP2	TK93	SNV	SNV
ENSG00000219545	UMAD1	TK14	SNV	SNV
ENSG00000219622	ENSG00000219622	TK91	SNV	SNV
ENSG00000219702	ENSG00000219702	TK13	SNV	SNV
ENSG00000219814	RPL23AP47	TK18	SNV	SNV
ENSG00000219993	ENSG00000219993	TK14	SNV	SNV
ENSG00000220105	ENSG00000220105	TK91	SNV	SNV
ENSG00000220212	OR4F1P	TK13	SNV	SNV
ENSG00000220349	ENSG00000220349	TK18	SNV	SNV
ENSG00000220585	DDX18P6	TK92	SNV	SNV
ENSG00000220635	KRASP1	TK93	SNV	SNV
ENSG00000220660	ENSG00000220660	TK91	SNV	SNV
ENSG00000220666	RCC2P7	TK92	SNV	SNV
ENSG00000220702	ENSG00000220702	TK13	SNV	SNV
ENSG00000220831	NDUFA5P9	TK91	SNV	SNV
ENSG00000220884	MESTP1	TK92	SNV	SNV
ENSG00000220924	OSTCP4	TK10	SNV	SNV
ENSG00000220948	TRIM51G	TK14	SNV	SNV
ENSG00000220949	ENSG00000220949	TK14	SNV	SNV
ENSG00000220960	ENSG00000220960	TK93	SNV	SNV
ENSG00000220988	SNORD88C	TK12	SNV	SNV
ENSG00000221102	SNORA11B	TK93	SNV	SNV
ENSG00000221164	SNORA11F	TK14	SNV	SNV
ENSG00000221245	ENSG00000221245	TK93	SNV	SNV
ENSG00000221273	MIR1237	TK13	INDEL	SNV
ENSG00000221275	MIR548I2	TK14	SNV	SNV
ENSG00000221288	MIR663B	TK93	SNV	SNV
ENSG00000221365	MIR1228	TK91	SNV	SNV
ENSG00000221410	MIR1238	TK13	SNV	SNV
ENSG00000221411	MIR1227	TK92	SNV	SNV
ENSG00000221496	U3	TK14	SNV	SNV
ENSG00000221585	MIR1226	TK91	SNV	SNV
ENSG00000221633	U3	TK93	SNV	SNV
ENSG00000221643	SNORA77	TK12	SNV	SNV
ENSG00000221669	MIR548N	TK91	SNV	SNV
ENSG00000221740	SNORD93	TK13	SNV	SNV
ENSG00000221771	MIR1205	TK13	SNV	SNV
ENSG00000221792	MIR1282	TK93	SNV	SNV
ENSG00000221803	SNORD23	TK16	SNV	SNV
ENSG00000221813	OR6B1	TK13	SNV	SNV
ENSG00000221836	OR2A5	TK92	INDEL	SNV
ENSG00000221840	OR4A5	TK13	SNV	SNV
ENSG00000221844	DPP3P2	TK14	SNV	SNV
ENSG00000221947	XKR9	TK18	SNV	SNV
ENSG00000221977	OR4E2	TK14	SNV	SNV
ENSG00000221989	OR2A2	TK14	SNV	SNV
ENSG00000221996	OR52B4	TK13	INDEL	SNV
ENSG00000222032	ENSG00000222032	TK92	SNV	SNV
ENSG00000222033	LINC01124	TK10	SNV	SNV
ENSG00000222036	POTEM	TK92	SNV	SNV
ENSG00000222038	POTEJ	TK13	SNV	SNV
ENSG00000222042	ENSG00000222042	TK10	SNV	SNV
ENSG00000222067	RNU4-86P	TK93	SNV	SNV
ENSG00000222071	MIR1915	TK13	SNV	SNV
ENSG00000222248	RNA5SP201	TK92	SNV	SNV
ENSG00000222255	RNU6-101P	TK12	SNV	SNV
ENSG00000222259	RN7SKP114	TK18	SNV	SNV
ENSG00000222308	RNA5SP198	TK93	SNV	SNV
ENSG00000222317	RNA5SP118	TK91	SNV	SNV
ENSG00000222328	RNU2-2P	TK93	SNV	SNV
ENSG00000222338	RNU6-174P	TK93	SNV	SNV
ENSG00000222345	SNORD19C	TK10	SNV	SNV
ENSG00000222357	RNU2-20P	TK93	SNV	SNV
ENSG00000222370	SNORA36B	TK92	SNV	SNV
ENSG00000222397	RN7SKP229	TK92	SNV	SNV
ENSG00000222404	RN7SKP281	TK91	SNV	SNV
ENSG00000222427	RNA5SP338	TK18	SNV	SNV
ENSG00000222445	RN7SKP56	TK92	SNV	SNV
ENSG00000222448	RN7SKP150	TK92	SNV	SNV
ENSG00000222451	RN7SKP143	TK93	SNV	SNV
ENSG00000222460	RN7SKP271	TK10	SNV	SNV
ENSG00000222499	RN7SKP177	TK92	SNV	SNV
ENSG00000222614	Y_RNA	TK93	SNV	SNV
ENSG00000222629	RNU2-42P	TK91	SNV	SNV
ENSG00000222640	RNU2-51P	TK92	SNV	SNV
ENSG00000222650	RNU2-70P	TK93	SNV	SNV
ENSG00000222777	RNU6-233P	TK92	SNV	SNV
ENSG00000222800	RNU2-62P	TK92	SNV	SNV
ENSG00000222821	RNU4-27P	TK92	SNV	SNV
ENSG00000222872	RNU4-78P	TK92	INDEL,SNV	SNV
ENSG00000222881	Y_RNA	TK18	SNV	SNV
ENSG00000222898	RN7SKP97	TK13	SNV	SNV
ENSG00000222921	RNA5SP104	TK93	SNV	SNV
ENSG00000222974	RN7SKP228	TK93	SNV	SNV
ENSG00000222986	RNU5A-5P	TK92	SNV	SNV
ENSG00000223042	RN7SKP161	TK93	SNV	SNV
ENSG00000223056	RN7SKP169	TK93	INDEL,SNV	SNV
ENSG00000223118	RN7SKP102	TK93	SNV	SNV
ENSG00000223136	RN7SKP207	TK92	SNV	SNV
ENSG00000223145	RN7SKP112	TK92	SNV	SNV
ENSG00000223156	RNU2-18P	TK92	SNV	SNV
ENSG00000223181	RNU6-1199P	TK93	SNV	SNV
ENSG00000223203	RNA5SP221	TK10	SNV	SNV
ENSG00000223220	Y_RNA	TK93	SNV	SNV
ENSG00000223263	RNU6-387P	TK18	SNV	SNV
ENSG00000223280	RNU6-57P	TK93	SNV	SNV
ENSG00000223299	RN7SKP108	TK92	SNV	SNV
ENSG00000223343	ENSG00000223343	TK92	SNV	SNV
ENSG00000223351	ZNF385D-AS2	TK13	SNV	SNV
ENSG00000223368	ENSG00000223368	TK13	SNV	SNV
ENSG00000223430	ENSG00000223430	TK93	SNV	SNV
ENSG00000223431	MTND6P21	TK10	SNV	SNV
ENSG00000223457	HTATSF1P1	TK92	SNV	SNV
ENSG00000223458	LMO7DN-IT1	TK92	SNV	SNV
ENSG00000223479	LINC02238	TK92	SNV	SNV
ENSG00000223488	MAPK6P2	TK93	SNV	SNV
ENSG00000223505	RPL35AP5	TK14	INDEL,SNV	SNV
ENSG00000223537	ZBTB24-DT	TK92	SNV	SNV
ENSG00000223553	SMPD4P1	TK91	SNV	SNV
ENSG00000223563	ENSG00000223563	TK91	SNV	SNV
ENSG00000223584	TVP23CP1	TK91	INDEL	SNV
ENSG00000223602	ENSG00000223602	TK91	SNV	SNV
ENSG00000223656	HMGB3P10	TK10	SNV	SNV
ENSG00000223665	ENSG00000223665	TK93	SNV	SNV
ENSG00000223694	ADH5P3	TK18	SNV	SNV
ENSG00000223707	SFR1P2	TK93	SNV	SNV
ENSG00000223709	TRIM64EP	TK14	SNV	SNV
ENSG00000223714	LINC02601	TK10	SNV	SNV
ENSG00000223721	UQCRFS1P2	TK13	SNV	SNV
ENSG00000223733	RPL18AP14	TK93	SNV	SNV
ENSG00000223760	MED15P9	TK13	SNV	SNV
ENSG00000223795	ENSG00000223795	TK93	SNV	SNV
ENSG00000223806	LINC00114	TK10	SNV	SNV
ENSG00000223810	KRT8P28	TK13	SNV	SNV
ENSG00000223824	TERF1P6	TK91	SNV	SNV
ENSG00000223828	BANF1P4	TK91	INDEL	SNV
ENSG00000223829	ENSG00000223829	TK18	SNV	SNV
ENSG00000223841	ENSG00000223841	TK12	SNV	SNV
ENSG00000223856	RAB9AP2	TK93	SNV	SNV
ENSG00000223873	SAP18P2	TK18	SNV	SNV
ENSG00000223880	LINC01078	TK92	SNV	SNV
ENSG00000223910	ZNF32-AS3	TK10	SNV	SNV
ENSG00000223920	ENSG00000223920	TK91	SNV	SNV
ENSG00000223923	TNS1-AS1	TK93	SNV	SNV
ENSG00000223928	NUP35P1	TK91	SNV	SNV
ENSG00000223946	ENSG00000223946	TK10	SNV	SNV
ENSG00000223976	EXTL2P1	TK13	SNV	SNV
ENSG00000224011	RPL36AP46	TK12	SNV	SNV
ENSG00000224025	ENSG00000224025	TK13	SNV	SNV
ENSG00000224031	TCEAL3-AS1	TK92	SNV	SNV
ENSG00000224040	HMGN1P4	TK92	SNV	SNV
ENSG00000224048	LINC02612	TK91	SNV	SNV
ENSG00000224049	ENSG00000224049	TK18	SNV	SNV
ENSG00000224055	GAPDHP55	TK93	SNV	SNV
ENSG00000224057	EGFR-AS1	TK92	SNV	SNV
ENSG00000224077	ENSG00000224077	TK91	SNV	SNV
ENSG00000224082	UBTFL8	TK13	SNV	SNV
ENSG00000224085	RPL23AP41	TK91	INDEL,SNV	SNV
ENSG00000224100	ENSG00000224100	TK92	SNV	SNV
ENSG00000224110	MTRF1LP2	TK92	SNV	SNV
ENSG00000224116	INHBA-AS1	TK13	SNV	SNV
ENSG00000224117	PTPN2P2	TK91	SNV	SNV
ENSG00000224127	ENSG00000224127	TK18	SNV	SNV
ENSG00000224159	HMGB1P9	TK92	SNV	SNV
ENSG00000224167	LINC01357	TK92	SNV	SNV
ENSG00000224194	ENSG00000224194	TK16	SNV	SNV
ENSG00000224208	ZCRB1P1	TK12	INDEL,SNV	SNV
ENSG00000224219	SEC61GP1	TK13	SNV	SNV
ENSG00000224224	HAUS1P2	TK92	SNV	SNV
ENSG00000224227	OR2L1P	TK93	SNV	SNV
ENSG00000224239	ENSG00000224239	TK92	SNV	SNV
ENSG00000224250	ENSG00000224250	TK92	SNV	SNV
ENSG00000224251	ENSG00000224251	TK13	SNV	SNV
ENSG00000224255	PDCL3P6	TK91	SNV	SNV
ENSG00000224279	RPS29P31	TK91	SNV	SNV
ENSG00000224289	IFIT6P	TK13	SNV	SNV
ENSG00000224307	LINC02975	TK92	SNV	SNV
ENSG00000224318	CHL1-AS2	TK16	INDEL,SNV	SNV
ENSG00000224322	ENSG00000224322	TK91	SNV	SNV
ENSG00000224339	SC4MOP	TK91	SNV	SNV
ENSG00000224353	ACE3P	TK13	SNV	SNV
ENSG00000224354	MTND2P5	TK92	SNV	SNV
ENSG00000224370	ENSG00000224370	TK91	SNV	SNV
ENSG00000224373	IGHV4-59	TK13	SNV	SNV
ENSG00000224382	LINC00703	TK10	SNV	SNV
ENSG00000224387	ENSG00000224387	TK16	INDEL	SNV
ENSG00000224388	BACE2-IT1	TK93	SNV	SNV
ENSG00000224397	PELATON	TK13	SNV	SNV
ENSG00000224402	OR6D1P	TK13	SNV	SNV
ENSG00000224406	LINC02052	TK91	SNV	SNV
ENSG00000224410	ENSG00000224410	TK93	SNV	SNV
ENSG00000224417	ENSG00000224417	TK12	SNV	SNV
ENSG00000224426	SLC31A1P1	TK16	SNV	SNV
ENSG00000224427	ENSG00000224427	TK91	SNV	SNV
ENSG00000224430	MKRN5P	TK91	SNV	SNV
ENSG00000224448	ENSG00000224448	TK93	SNV	SNV
ENSG00000224451	ATP5PBP1	TK92	SNV	SNV
ENSG00000224458	GUSBP6	TK10	SNV	SNV
ENSG00000224462	C4BPAP1	TK92	SNV	SNV
ENSG00000224466	CDCA4P2	TK14	SNV	SNV
ENSG00000224467	TANK-AS1	TK91	INDEL	SNV
ENSG00000224475	RPL7AP40	TK92	SNV	SNV
ENSG00000224477	ENSG00000224477	TK91	SNV	SNV
ENSG00000224484	ENSG00000224484	TK10	INDEL	SNV
ENSG00000224488	SAMM50P1	TK92	SNV	SNV
ENSG00000224494	HNRNPA3P14	TK13	SNV	SNV
ENSG00000224504	ENSG00000224504	TK10	SNV	SNV
ENSG00000224514	LINC00620	TK18	SNV	SNV
ENSG00000224516	ENSG00000224516	TK14	SNV	SNV
ENSG00000224520	KRT8P45	TK18	SNV	SNV
ENSG00000224523	ENSG00000224523	TK92	SNV	SNV
ENSG00000224543	SNRPGP15	TK91	SNV	SNV
ENSG00000224559	LINC01087	TK13	SNV	SNV
ENSG00000224574	COL18A1-AS2	TK93	SNV	SNV
ENSG00000224586	GPX5	TK13	SNV	SNV
ENSG00000224592	MIR3659HG	TK91	SNV	SNV
ENSG00000224598	RPS5P2	TK91	SNV	SNV
ENSG00000224600	ENSG00000224600	TK10	SNV	SNV
ENSG00000224605	ENSG00000224605	TK91	SNV	SNV
ENSG00000224607	IGKV1D-27	TK13	SNV	SNV
ENSG00000224621	ENSG00000224621	TK10	SNV	SNV
ENSG00000224646	RPS28P5	TK12	SNV	SNV
ENSG00000224652	LINC00885	TK14	SNV	SNV
ENSG00000224659	GAGE12J	TK93	SNV	SNV
ENSG00000224660	SH3BP5-AS1	TK18	INDEL	SNV
ENSG00000224702	LMX1A-AS2	TK10	SNV	SNV
ENSG00000224706	RPS17P13	TK92	SNV	SNV
ENSG00000224709	OR11M1P	TK10	SNV	SNV
ENSG00000224721	FLVCR2-AS1	TK92	SNV	SNV
ENSG00000224723	GUSBP10	TK91	SNV	SNV
ENSG00000224727	FCF1P7	TK10	SNV	SNV
ENSG00000224743	TEX26-AS1	TK10	SNV	SNV
ENSG00000224771	ATP2B2-IT2	TK14	SNV	SNV
ENSG00000224783	MIPEPP2	TK91	SNV	SNV
ENSG00000224794	ENSG00000224794	TK12	SNV	SNV
ENSG00000224816	NAP1L4P2	TK13	SNV	SNV
ENSG00000224829	TOMM20P1	TK93	SNV	SNV
ENSG00000224839	RPL12P17	TK13	INDEL	SNV
ENSG00000224851	LINC00502	TK92	SNV	SNV
ENSG00000224854	CDKN2A-DT	TK14	SNV	SNV
ENSG00000224856	RPL35AP36	TK92	SNV	SNV
ENSG00000224920	TACC1P1	TK92	SNV	SNV
ENSG00000224931	ENSG00000224931	TK91	SNV	SNV
ENSG00000224950	ENSG00000224950	TK10	SNV	SNV
ENSG00000224963	ECMXP	TK91	SNV	SNV
ENSG00000224966	TBC1D3P6	TK13	SNV	SNV
ENSG00000224982	TMEM233	TK93	SNV	SNV
ENSG00000224995	LINC01526	TK13	SNV	SNV
ENSG00000225018	ENSG00000225018	TK14	SNV	SNV
ENSG00000225083	GRTP1-AS1	TK92	SNV	SNV
ENSG00000225091	SNORA71A	TK14	SNV	SNV
ENSG00000225110	PNMA6F	TK10	SNV	SNV
ENSG00000225123	ENSG00000225123	TK93	SNV	SNV
ENSG00000225126	CAMTA1-AS1	TK13	SNV	SNV
ENSG00000225128	LINC00972	TK14	SNV	SNV
ENSG00000225136	PGBD4P5	TK13	SNV	SNV
ENSG00000225151	GOLGA2P7	TK92	SNV	SNV
ENSG00000225155	TOMM22P5	TK92	SNV	SNV
ENSG00000225165	RTRAFP2	TK93	SNV	SNV
ENSG00000225169	BRI3P1	TK93	SNV	SNV
ENSG00000225172	ENSG00000225172	TK92	SNV	SNV
ENSG00000225189	REREP1Y	TK92	SNV	SNV
ENSG00000225191	ENSG00000225191	TK92	SNV	SNV
ENSG00000225212	AKR1B1P6	TK13	SNV	SNV
ENSG00000225222	CHCHD4P5	TK91	SNV	SNV
ENSG00000225224	RPS27AP12	TK93	SNV	SNV
ENSG00000225244	ENSG00000225244	TK13	SNV	SNV
ENSG00000225246	RPS2P1	TK13	SNV	SNV
ENSG00000225255	PSLNR	TK91	SNV	SNV
ENSG00000225263	PCDH9-AS3	TK10	SNV	SNV
ENSG00000225271	NOLC1P1	TK92	SNV	SNV
ENSG00000225275	NUP210P2	TK14	SNV	SNV
ENSG00000225293	ABCD1P4	TK14	SNV	SNV
ENSG00000225294	OSTCP2	TK91	SNV	SNV
ENSG00000225328	LINC01594	TK93	SNV	SNV
ENSG00000225336	HMGB3P1	TK16	SNV	SNV
ENSG00000225344	ENSG00000225344	TK14	SNV	SNV
ENSG00000225350	FREM2-AS1	TK92	INDEL	SNV
ENSG00000225354	RPL7AP52	TK93	SNV	SNV
ENSG00000225364	ATP6V0E1P1	TK92	SNV	SNV
ENSG00000225376	TMEM246-AS1	TK12	SNV	SNV
ENSG00000225386	LRRC3B-AS1	TK91	SNV	SNV
ENSG00000225392	MRPL36P1	TK92	SNV	SNV
ENSG00000225413	LINC02557	TK10	SNV	SNV
ENSG00000225424	ENSG00000225424	TK10	SNV	SNV
ENSG00000225431	LINC01671	TK93	SNV	SNV
ENSG00000225437	PACRG-AS2	TK10	SNV	SNV
ENSG00000225451	ENSG00000225451	TK13	SNV	SNV
ENSG00000225469	ENSG00000225469	TK92	INDEL,SNV	SNV
ENSG00000225475	ENSG00000225475	TK93	SNV	SNV
ENSG00000225483	RPL22P4	TK16	SNV	SNV
ENSG00000225488	ENSG00000225488	TK13	INDEL,SNV	SNV
ENSG00000225509	AIFM1P1	TK12	SNV	SNV
ENSG00000225511	LINC00475	TK10	SNV	SNV
ENSG00000225513	RPL29P20	TK10	SNV	SNV
ENSG00000225551	ENSG00000225551	TK93	SNV	SNV
ENSG00000225563	ENSG00000225563	TK91	INDEL,SNV	SNV
ENSG00000225569	CCT4P2	TK92	INDEL,SNV	SNV
ENSG00000225585	IPPKP1	TK91	SNV	SNV
ENSG00000225594	ENSG00000225594	TK92	SNV	SNV
ENSG00000225620	ENSG00000225620	TK16	SNV	SNV
ENSG00000225632	ENSG00000225632	TK93	SNV	SNV
ENSG00000225636	HNRNPA3P15	TK92	SNV	SNV
ENSG00000225642	SNRPEP5	TK91	SNV	SNV
ENSG00000225652	KCNMA1-AS3	TK91	INDEL,SNV	SNV
ENSG00000225656	ENSG00000225656	TK93	SNV	SNV
ENSG00000225665	SAR1AP3	TK91	SNV	SNV
ENSG00000225670	CADM3-AS1	TK13	SNV	SNV
ENSG00000225671	FCF1P6	TK92	SNV	SNV
ENSG00000225678	ENSG00000225678	TK92	SNV	SNV
ENSG00000225684	FAM225B	TK13	SNV	SNV
ENSG00000225698	IGHV3-72	TK16	SNV	SNV
ENSG00000225701	EIF4A1P13	TK92	SNV	SNV
ENSG00000225710	PDE4DIPP8	TK14	SNV	SNV
ENSG00000225713	RPL30P1	TK14	SNV	SNV
ENSG00000225720	ENSG00000225720	TK12	SNV	SNV
ENSG00000225759	LINC00489	TK10	SNV	SNV
ENSG00000225769	CROCCP1	TK14	SNV	SNV
ENSG00000225770	RPS29P3	TK12	SNV	SNV
ENSG00000225787	LSM3P3	TK93	INDEL	SNV
ENSG00000225794	ENSG00000225794	TK92	SNV	SNV
ENSG00000225802	WARS1P1	TK13	SNV	SNV
ENSG00000225808	DNAJC19P5	TK10	INDEL	SNV
ENSG00000225809	RBMY2KP	TK92	SNV	SNV
ENSG00000225814	GRPEL2P2	TK93	SNV	SNV
ENSG00000225818	ENSG00000225818	TK91	SNV	SNV
ENSG00000225840	ENSG00000225840	TK92	SNV	SNV
ENSG00000225867	ENSG00000225867	TK92	SNV	SNV
ENSG00000225898	ENSG00000225898	TK18	SNV	SNV
ENSG00000225906	ENSG00000225906	TK18	SNV	SNV
ENSG00000225912	RPL26P36	TK14	INDEL,SNV	SNV
ENSG00000225913	ENSG00000225913	TK91	SNV	SNV
ENSG00000225918	RPL7P59	TK93	SNV	SNV
ENSG00000225919	LINC01745	TK91	SNV	SNV
ENSG00000225928	CACYBPP1	TK93	SNV	SNV
ENSG00000225969	BICDL3P	TK92	SNV	SNV
ENSG00000225979	ANKRD44-DT	TK14	SNV	SNV
ENSG00000225982	ENSG00000225982	TK91	SNV	SNV
ENSG00000225990	SNRPEP7	TK91	SNV	SNV
ENSG00000225992	TRGVA	TK12	SNV	SNV
ENSG00000226005	LINC02660	TK91	SNV	SNV
ENSG00000226024	COX5BP7	TK18	SNV	SNV
ENSG00000226030	HLA-DQB3	TK13	SNV	SNV
ENSG00000226038	PPIAP21	TK92	SNV	SNV
ENSG00000226051	ZNF503-AS1	TK91	SNV	SNV
ENSG00000226053	LINC01776	TK92	SNV	SNV
ENSG00000226056	MTND4P32	TK91	SNV	SNV
ENSG00000226072	ENSG00000226072	TK93	SNV	SNV
ENSG00000226089	ENSG00000226089	TK93	SNV	SNV
ENSG00000226098	SEC11B	TK18	SNV	SNV
ENSG00000226116	USP9YP6	TK91	SNV	SNV
ENSG00000226117	ENSG00000226117	TK92	SNV	SNV
ENSG00000226131	PPIAP66	TK92	SNV	SNV
ENSG00000226134	ENSG00000226134	TK92	SNV	SNV
ENSG00000226140	LINC02654	TK10	SNV	SNV
ENSG00000226144	RPS27AP3	TK93	SNV	SNV
ENSG00000226158	CLCP2	TK14	SNV	SNV
ENSG00000226161	EIF4A1P5	TK16	SNV	SNV
ENSG00000226181	ENSG00000226181	TK93	SNV	SNV
ENSG00000226186	ELOCP21	TK92	INDEL,SNV	SNV
ENSG00000226188	HNRNPA1P3	TK14	SNV	SNV
ENSG00000226191	CLK3P2	TK91	SNV	SNV
ENSG00000226197	ENSG00000226197	TK92	SNV	SNV
ENSG00000226206	ENSG00000226206	TK12	SNV	SNV
ENSG00000226207	ENSG00000226207	TK91	SNV	SNV
ENSG00000226234	KRT18P24	TK92	SNV	SNV
ENSG00000226235	LEMD1-AS1	TK92	INDEL	SNV
ENSG00000226247	SUPT4H1P1	TK10	SNV	SNV
ENSG00000226254	PTP4A1P3	TK93	SNV	SNV
ENSG00000226255	UBE2V2P1	TK12	SNV	SNV
ENSG00000226262	PHKBP1	TK91	SNV	SNV
ENSG00000226309	SMARCE1P2	TK93	SNV	SNV
ENSG00000226337	TMEM252-DT	TK92	SNV	SNV
ENSG00000226338	ENSG00000226338	TK92	INDEL	SNV
ENSG00000226364	LINC02089	TK92	SNV	SNV
ENSG00000226376	ENSG00000226376	TK91	SNV	SNV
ENSG00000226383	LINC01876	TK93	SNV	SNV
ENSG00000226393	IFNA20P	TK18	SNV	SNV
ENSG00000226410	ENSG00000226410	TK91	SNV	SNV
ENSG00000226423	ENSG00000226423	TK16	SNV	SNV
ENSG00000226425	CYP26C1-DT	TK91	SNV	SNV
ENSG00000226431	ENSG00000226431	TK93	SNV	SNV
ENSG00000226447	ZNF25-DT	TK92	SNV	SNV
ENSG00000226461	OR10G5P	TK13	SNV	SNV
ENSG00000226484	ENSG00000226484	TK93	SNV	SNV
ENSG00000226499	ENSG00000226499	TK13	SNV	SNV
ENSG00000226507	IPMKP1	TK92	SNV	SNV
ENSG00000226520	KIRREL1-IT1	TK93	SNV	SNV
ENSG00000226523	ENSG00000226523	TK18	SNV	SNV
ENSG00000226543	MYL6P1	TK91	SNV	SNV
ENSG00000226548	ENSG00000226548	TK92	SNV	SNV
ENSG00000226556	NPM1P49	TK14	SNV	SNV
ENSG00000226599	ENSG00000226599	TK93	SNV	SNV
ENSG00000226604	PAPPA-AS2	TK14	SNV	SNV
ENSG00000226640	ENSG00000226640	TK92	SNV	SNV
ENSG00000226649	ENSG00000226649	TK93	SNV	SNV
ENSG00000226652	PSMD10P2	TK18	SNV	SNV
ENSG00000226674	TEX41	TK18	SNV	SNV
ENSG00000226676	LINC02679	TK92	SNV	SNV
ENSG00000226679	ENSG00000226679	TK13	SNV	SNV
ENSG00000226702	MIR217HG	TK93	SNV	SNV
ENSG00000226703	NPM1P4	TK13	SNV	SNV
ENSG00000226705	SDCBPP1	TK93	SNV	SNV
ENSG00000226716	ENSG00000226716	TK10	SNV	SNV
ENSG00000226741	LINC02554	TK10	SNV	SNV
ENSG00000226757	PP12613	TK13	SNV	SNV
ENSG00000226759	DAB1-AS1	TK93	SNV	SNV
ENSG00000226765	RPSAP33	TK13	SNV	SNV
ENSG00000226767	ENSG00000226767	TK13	SNV	SNV
ENSG00000226770	LINC03012	TK93	SNV	SNV
ENSG00000226772	ENSG00000226772	TK93	INDEL,SNV	SNV
ENSG00000226777	FAM30A	TK14	SNV	SNV
ENSG00000226782	ENSG00000226782	TK93	SNV	SNV
ENSG00000226794	MTND1P20	TK93	SNV	SNV
ENSG00000226835	ARHGAP29-AS1	TK14	SNV	SNV
ENSG00000226838	ENSG00000226838	TK91	SNV	SNV
ENSG00000226846	LINC00348	TK10	SNV	SNV
ENSG00000226874	TRPC6P10	TK16	SNV	SNV
ENSG00000226881	H3P44	TK14	SNV	SNV
ENSG00000226886	ENSG00000226886	TK14	SNV	SNV
ENSG00000226912	ISCA2P1	TK12	SNV	SNV
ENSG00000226915	RPL19P4	TK91	SNV	SNV
ENSG00000226919	ENSG00000226919	TK12	SNV	SNV
ENSG00000226938	ENSG00000226938	TK91	SNV	SNV
ENSG00000226970	NEDD8P1	TK13	SNV	SNV
ENSG00000226983	LINC01692	TK92	SNV	SNV
ENSG00000226989	ENSG00000226989	TK91	SNV	SNV
ENSG00000226994	ENSG00000226994	TK92	SNV	SNV
ENSG00000226999	ENSG00000226999	TK92	SNV	SNV
ENSG00000227009	FUNDC2P4	TK92	SNV	SNV
ENSG00000227011	LINC02876	TK13	SNV	SNV
ENSG00000227015	ENSG00000227015	TK93	SNV	SNV
ENSG00000227042	ENSG00000227042	TK93	SNV	SNV
ENSG00000227047	ENSG00000227047	TK13	SNV	SNV
ENSG00000227066	ENSG00000227066	TK92	SNV	SNV
ENSG00000227069	CNN2P2	TK91	SNV	SNV
ENSG00000227076	ENSG00000227076	TK10	SNV	SNV
ENSG00000227080	ENSG00000227080	TK93	SNV	SNV
ENSG00000227094	ENSG00000227094	TK91	SNV	SNV
ENSG00000227131	ENSG00000227131	TK93	INDEL	SNV
ENSG00000227148	ENSG00000227148	TK10	SNV	SNV
ENSG00000227152	OR2T7	TK10	SNV	SNV
ENSG00000227186	ENSG00000227186	TK92	SNV	SNV
ENSG00000227187	RPL21P31	TK92	SNV	SNV
ENSG00000227193	ENSG00000227193	TK13	SNV	SNV
ENSG00000227195	MIR663AHG	TK93	SNV	SNV
ENSG00000227199	ST7-AS1	TK12	SNV	SNV
ENSG00000227206	ENSG00000227206	TK91	SNV	SNV
ENSG00000227233	CICP17	TK92	SNV	SNV
ENSG00000227240	ENSG00000227240	TK91	SNV	SNV
ENSG00000227255	CDRT15P2	TK13	SNV	SNV
ENSG00000227257	ENSG00000227257	TK93	SNV	SNV
ENSG00000227269	ENSG00000227269	TK13	SNV	SNV
ENSG00000227271	RPL39P25	TK93	SNV	SNV
ENSG00000227293	ENSG00000227293	TK93	SNV	SNV
ENSG00000227301	ENSG00000227301	TK92	SNV	SNV
ENSG00000227308	LINC02832	TK91	SNV	SNV
ENSG00000227309	RPL31P19	TK93	INDEL,SNV	SNV
ENSG00000227343	RPL15P1	TK13	SNV	SNV
ENSG00000227359	LINC02936	TK92	SNV	SNV
ENSG00000227365	ENSG00000227365	TK91	SNV	SNV
ENSG00000227394	RPL11P1	TK92	SNV	SNV
ENSG00000227404	KRT8P20	TK13	SNV	SNV
ENSG00000227417	ENSG00000227417	TK91	SNV	SNV
ENSG00000227437	RPS8P4	TK13	SNV	SNV
ENSG00000227445	OR10R1P	TK10	SNV	SNV
ENSG00000227447	XGY1	TK18	SNV	SNV
ENSG00000227459	ENSG00000227459	TK93	SNV	SNV
ENSG00000227497	PABPC1P6	TK13	SNV	SNV
ENSG00000227499	ENSG00000227499	TK93	SNV	SNV
ENSG00000227500	SCAMP4	TK10	SNV	SNV
ENSG00000227508	LINC01624	TK92	SNV	SNV
ENSG00000227513	ILRUNP1	TK92	SNV	SNV
ENSG00000227563	RNF11P2	TK92	SNV	SNV
ENSG00000227573	ENSG00000227573	TK92	SNV	SNV
ENSG00000227578	RPS3AP53	TK92	SNV	SNV
ENSG00000227586	RPS26P39	TK10	SNV	SNV
ENSG00000227589	TP73-AS3	TK18	SNV	SNV
ENSG00000227590	ATP5MC1P5	TK92	INDEL	SNV
ENSG00000227613	QRSL1P2	TK13	SNV	SNV
ENSG00000227649	MTND6P32	TK92	SNV	SNV
ENSG00000227659	CLYBL-AS2	TK14	SNV	SNV
ENSG00000227660	UST-AS1	TK92	SNV	SNV
ENSG00000227666	CYCSP24	TK92	SNV	SNV
ENSG00000227689	SRP68P2	TK93	SNV	SNV
ENSG00000227706	ENSG00000227706	TK10	SNV	SNV
ENSG00000227711	ENSG00000227711	TK10	SNV	SNV
ENSG00000227717	GOLGA6L25	TK14	SNV	SNV
ENSG00000227737	OR8B1P	TK13	SNV	SNV
ENSG00000227753	RPL36AP31	TK14	SNV	SNV
ENSG00000227759	VTI1BP4	TK91	SNV	SNV
ENSG00000227770	RPL7P12	TK92	SNV	SNV
ENSG00000227791	RPS10P9	TK92	SNV	SNV
ENSG00000227815	ENSG00000227815	TK13	SNV	SNV
ENSG00000227817	ARHGAP42P1	TK92	SNV	SNV
ENSG00000227835	CARM1P1	TK10	SNV	SNV
ENSG00000227845	ENSG00000227845	TK18	SNV	SNV
ENSG00000227846	UGT1A11P	TK13	SNV	SNV
ENSG00000227851	ENSG00000227851	TK91	SNV	SNV
ENSG00000227854	ENSG00000227854	TK14	SNV	SNV
ENSG00000227877	MRLN	TK10	SNV	SNV
ENSG00000227882	THAP12P6	TK14	SNV	SNV
ENSG00000227890	PSMA2P3	TK91	SNV	SNV
ENSG00000227913	KRT8P44	TK93	SNV	SNV
ENSG00000227950	ENSG00000227950	TK92	SNV	SNV
ENSG00000227958	ENSG00000227958	TK91	INDEL,SNV	SNV
ENSG00000227968	BUB3P1	TK92	SNV	SNV
ENSG00000227999	MTND5P1	TK10	SNV	SNV
ENSG00000228007	RPL36AP7	TK93	SNV	SNV
ENSG00000228014	ZNF680P1	TK91	SNV	SNV
ENSG00000228021	ENSG00000228021	TK92	SNV	SNV
ENSG00000228024	CYP1D1P	TK13	SNV	SNV
ENSG00000228038	VN1R51P	TK13	SNV	SNV
ENSG00000228048	ENSG00000228048	TK91	SNV	SNV
ENSG00000228058	LINC01736	TK12	SNV	SNV
ENSG00000228067	LINC01740	TK93	SNV	SNV
ENSG00000228069	MTCO3P29	TK12	SNV	SNV
ENSG00000228075	BOD1L2	TK16	SNV	SNV
ENSG00000228081	ENSG00000228081	TK13	SNV	SNV
ENSG00000228083	IFNA14	TK13	SNV	SNV
ENSG00000228123	ENSG00000228123	TK14	SNV	SNV
ENSG00000228125	AKIRIN1P2	TK93	SNV	SNV
ENSG00000228140	EFHD2-AS1	TK10	SNV	SNV
ENSG00000228143	ENSG00000228143	TK93	SNV	SNV
ENSG00000228157	ENSG00000228157	TK13	SNV	SNV
ENSG00000228159	LINC01674	TK18	SNV	SNV
ENSG00000228160	ENSG00000228160	TK91	SNV	SNV
ENSG00000228187	ENSG00000228187	TK93	INDEL,SNV	SNV
ENSG00000228189	LINC02843	TK13	SNV	SNV
ENSG00000228203	GRASLND	TK10	SNV	SNV
ENSG00000228213	NLGN1-AS1	TK92	SNV	SNV
ENSG00000228219	NPM1P30	TK92	SNV	SNV
ENSG00000228221	LINC00578	TK14	SNV	SNV
ENSG00000228235	ENSG00000228235	TK93	SNV	SNV
ENSG00000228236	TXNP5	TK93	SNV	SNV
ENSG00000228242	XPC-AS1	TK18	SNV	SNV
ENSG00000228277	UMLILO	TK93	SNV	SNV
ENSG00000228309	LINC01350	TK92	SNV	SNV
ENSG00000228314	CYP4F29P	TK14	INDEL	SNV
ENSG00000228317	FKTN-AS1	TK92	SNV	SNV
ENSG00000228331	RPL17P43	TK13	SNV	SNV
ENSG00000228341	ENSG00000228341	TK91	SNV	SNV
ENSG00000228348	EFCAB14P1	TK16	SNV	SNV
ENSG00000228349	RPS26P4	TK12	SNV	SNV
ENSG00000228352	ENSG00000228352	TK92	SNV	SNV
ENSG00000228355	ENSG00000228355	TK16	SNV	SNV
ENSG00000228376	GAS2L1P2	TK13	SNV	SNV
ENSG00000228401	ENSG00000228401	TK10	INDEL,SNV	SNV
ENSG00000228408	ENSG00000228408	TK13	SNV	SNV
ENSG00000228422	LINC00687	TK14	INDEL,SNV	SNV
ENSG00000228433	OR7E23P	TK12	SNV	SNV
ENSG00000228446	ANKRD49P1	TK92	SNV	SNV
ENSG00000228459	LINC01546	TK10	INDEL	SNV
ENSG00000228464	ENSG00000228464	TK93	SNV	SNV
ENSG00000228478	ENSG00000228478	TK14	SNV	SNV
ENSG00000228521	ENSG00000228521	TK13	SNV	SNV
ENSG00000228525	ENSG00000228525	TK92	SNV	SNV
ENSG00000228540	ENSG00000228540	TK92	SNV	SNV
ENSG00000228543	ENSG00000228543	TK12	SNV	SNV
ENSG00000228550	ENSG00000228550	TK12	SNV	SNV
ENSG00000228561	ENSG00000228561	TK93	SNV	SNV
ENSG00000228567	VN1R4	TK13	SNV	SNV
ENSG00000228592	D21S2088E	TK10	SNV	SNV
ENSG00000228599	RPL7P52	TK91	SNV	SNV
ENSG00000228607	CLDN25	TK18	SNV	SNV
ENSG00000228618	ENSG00000228618	TK93	SNV	SNV
ENSG00000228636	LINC02663	TK92	SNV	SNV
ENSG00000228680	ENSG00000228680	TK14	SNV	SNV
ENSG00000228702	ENSG00000228702	TK91	SNV	SNV
ENSG00000228708	ENSG00000228708	TK91	SNV	SNV
ENSG00000228730	LINC02013	TK10	SNV	SNV
ENSG00000228744	RPS3AP30	TK91	SNV	SNV
ENSG00000228792	ENSG00000228792	TK18	SNV	SNV
ENSG00000228808	HMGB3P4	TK10	SNV	SNV
ENSG00000228827	ENSG00000228827	TK93	SNV	SNV
ENSG00000228835	ENSG00000228835	TK10	SNV	SNV
ENSG00000228836	CT45A5	TK13	SNV	SNV
ENSG00000228842	PCDH9-AS2	TK91	SNV	SNV
ENSG00000228877	ENSG00000228877	TK10	SNV	SNV
ENSG00000228937	MTA3P1	TK13	SNV	SNV
ENSG00000228944	ENSG00000228944	TK92	INDEL,SNV	SNV
ENSG00000228957	ENSG00000228957	TK14	SNV	SNV
ENSG00000228974	ENSG00000228974	TK14	SNV	SNV
ENSG00000228976	SUMO2P8	TK93	SNV	SNV
ENSG00000228982	ENSG00000228982	TK91	SNV	SNV
ENSG00000228992	RPL5P32	TK14	SNV	SNV
ENSG00000228997	ORMDL1P1	TK91	SNV	SNV
ENSG00000229000	SEPTIN7P8	TK92	SNV	SNV
ENSG00000229001	ACTBP14	TK14	SNV	SNV
ENSG00000229020	AKR7A2P1	TK10	SNV	SNV
ENSG00000229037	MRPL32P2	TK91	SNV	SNV
ENSG00000229060	ENSG00000229060	TK91	SNV	SNV
ENSG00000229072	HMGN2P24	TK92	SNV	SNV
ENSG00000229112	ENSG00000229112	TK10	SNV	SNV
ENSG00000229115	ENSG00000229115	TK92	SNV	SNV
ENSG00000229131	ENSG00000229131	TK18	INDEL,SNV	SNV
ENSG00000229156	ENSG00000229156	TK91	SNV	SNV
ENSG00000229169	ENSG00000229169	TK92	SNV	SNV
ENSG00000229172	ENSG00000229172	TK92	SNV	SNV
ENSG00000229175	LINC00382	TK10	SNV	SNV
ENSG00000229184	ATP5PDP2	TK92	INDEL,SNV	SNV
ENSG00000229204	PTGES3P3	TK91	SNV	SNV
ENSG00000229206	ENSG00000229206	TK92	SNV	SNV
ENSG00000229208	RBMY2NP	TK92	SNV	SNV
ENSG00000229212	ENSG00000229212	TK13	SNV	SNV
ENSG00000229217	CYCSP11	TK13	SNV	SNV
ENSG00000229231	FEM1AP1	TK13	SNV	SNV
ENSG00000229262	ENSG00000229262	TK92	INDEL	SNV
ENSG00000229283	ENSG00000229283	TK13	SNV	SNV
ENSG00000229301	LINC03075	TK93	SNV	SNV
ENSG00000229311	ENSG00000229311	TK93	SNV	SNV
ENSG00000229313	ENSG00000229313	TK12	INDEL	SNV
ENSG00000229324	NUTF2P7	TK91	SNV	SNV
ENSG00000229330	ENSG00000229330	TK92	SNV	SNV
ENSG00000229331	GK-IT1	TK18	SNV	SNV
ENSG00000229337	ENSG00000229337	TK91	SNV	SNV
ENSG00000229338	NME2P3	TK14	SNV	SNV
ENSG00000229345	ENSG00000229345	TK92	SNV	SNV
ENSG00000229359	PIN1P1	TK13	SNV	SNV
ENSG00000229365	ENSG00000229365	TK10	SNV	SNV
ENSG00000229367	HMGN2P19	TK14	SNV	SNV
ENSG00000229375	USP24P1	TK91	SNV	SNV
ENSG00000229391	HLA-DRB6	TK14	SNV	SNV
ENSG00000229403	ENSG00000229403	TK92	SNV	SNV
ENSG00000229418	ENSG00000229418	TK10	SNV	SNV
ENSG00000229427	ANKRD26P4	TK92	SNV	SNV
ENSG00000229434	NRAL	TK91	SNV	SNV
ENSG00000229435	PIP5K1P2	TK92	SNV	SNV
ENSG00000229442	THEMIS3P	TK10	SNV	SNV
ENSG00000229453	SPINK8	TK92	SNV	SNV
ENSG00000229454	ENSG00000229454	TK93	SNV	SNV
ENSG00000229455	RPS10P18	TK12	SNV	SNV
ENSG00000229462	WDR4P2	TK13	SNV	SNV
ENSG00000229466	LINC02627	TK92	SNV	SNV
ENSG00000229468	RPL39P18	TK10	SNV	SNV
ENSG00000229478	ROBO2P1	TK93	SNV	SNV
ENSG00000229486	ENSG00000229486	TK93	SNV	SNV
ENSG00000229492	ENSG00000229492	TK92	SNV	SNV
ENSG00000229495	ENSG00000229495	TK16	SNV	SNV
ENSG00000229528	ENSG00000229528	TK10	INDEL	SNV
ENSG00000229534	HNRNPA1P53	TK10	SNV	SNV
ENSG00000229537	LINC01739	TK10	SNV	SNV
ENSG00000229543	ENSG00000229543	TK92	SNV	SNV
ENSG00000229547	UBE2DNL	TK14	SNV	SNV
ENSG00000229550	ENSG00000229550	TK92	SNV	SNV
ENSG00000229557	LINC00379	TK92	SNV	SNV
ENSG00000229565	LINC02264	TK93	SNV	SNV
ENSG00000229567	ENSG00000229567	TK14	SNV	SNV
ENSG00000229607	ENSG00000229607	TK10	SNV	SNV
ENSG00000229609	LINC01079	TK93	SNV	SNV
ENSG00000229621	LINC01822	TK13	SNV	SNV
ENSG00000229639	LINC01758	TK92	SNV	SNV
ENSG00000229647	MYOSLID	TK13	SNV	SNV
ENSG00000229649	LINC02681	TK91	SNV	SNV
ENSG00000229652	ENSG00000229652	TK92	SNV	SNV
ENSG00000229654	LINC02526	TK92	SNV	SNV
ENSG00000229667	UBE2V1P9	TK10	SNV	SNV
ENSG00000229671	LINC01150	TK16	SNV	SNV
ENSG00000229703	LYPD9P	TK12	SNV	SNV
ENSG00000229711	ENSG00000229711	TK93	SNV	SNV
ENSG00000229715	EEF1DP3	TK92	SNV	SNV
ENSG00000229717	ENSG00000229717	TK92	INDEL,SNV	SNV
ENSG00000229732	ENSG00000229732	TK13	SNV	SNV
ENSG00000229740	ENSG00000229740	TK92	SNV	SNV
ENSG00000229751	ENSG00000229751	TK10	SNV	SNV
ENSG00000229754	CXCR2P1	TK13	SNV	SNV
ENSG00000229757	RPL7AP21	TK93	SNV	SNV
ENSG00000229781	RRN3P4	TK92	SNV	SNV
ENSG00000229791	ENSG00000229791	TK93	SNV	SNV
ENSG00000229800	ATP8A2P2	TK13	SNV	SNV
ENSG00000229805	LINC01813	TK92	SNV	SNV
ENSG00000229815	CCNB1IP1P1	TK18	SNV	SNV
ENSG00000229827	ENSG00000229827	TK14	SNV	SNV
ENSG00000229842	MTATP6P13	TK92	SNV	SNV
ENSG00000229846	ENSG00000229846	TK93	SNV	SNV
ENSG00000229901	FOXO6-AS1	TK10	INDEL	SNV
ENSG00000229914	ENSG00000229914	TK91	SNV	SNV
ENSG00000229919	ELOCP3	TK13	SNV	SNV
ENSG00000229920	RPS4XP5	TK12	SNV	SNV
ENSG00000229921	KIF25-AS1	TK18	SNV	SNV
ENSG00000229943	ENSG00000229943	TK10	SNV	SNV
ENSG00000229946	B3GNT2P1	TK13	SNV	SNV
ENSG00000229954	MTND2P2	TK93	SNV	SNV
ENSG00000229955	ENSG00000229955	TK10	SNV	SNV
ENSG00000230014	LINC00709	TK93	SNV	SNV
ENSG00000230018	PPIAP39	TK14	SNV	SNV
ENSG00000230022	FNTAP2	TK92	SNV	SNV
ENSG00000230026	ENSG00000230026	TK92	SNV	SNV
ENSG00000230033	ENSG00000230033	TK10	SNV	SNV
ENSG00000230040	LINC00364	TK14	INDEL	SNV
ENSG00000230065	ENSG00000230065	TK92	SNV	SNV
ENSG00000230079	STK24P1	TK92	SNV	SNV
ENSG00000230080	ENSG00000230080	TK13	SNV	SNV
ENSG00000230081	HSPE1P28	TK92	SNV	SNV
ENSG00000230098	TCERG1L-AS1	TK92	SNV	SNV
ENSG00000230104	ENSG00000230104	TK13	SNV	SNV
ENSG00000230142	LINC01075	TK91	SNV	SNV
ENSG00000230159	ENSG00000230159	TK14	SNV	SNV
ENSG00000230191	IFITM3P4	TK13	SNV	SNV
ENSG00000230201	ATP6V0CP1	TK91	SNV	SNV
ENSG00000230203	ENSG00000230203	TK91	SNV	SNV
ENSG00000230204	FTH1P5	TK13	SNV	SNV
ENSG00000230205	ENSG00000230205	TK92	SNV	SNV
ENSG00000230215	LINC01840	TK92	SNV	SNV
ENSG00000230228	H3P1	TK91	SNV	SNV
ENSG00000230231	FMO7P	TK93	SNV	SNV
ENSG00000230239	PDE4DIPP9	TK92	SNV	SNV
ENSG00000230240	RPL34P19	TK92	INDEL,SNV	SNV
ENSG00000230250	LINC01753	TK18	SNV	SNV
ENSG00000230261	OR52J2P	TK10	SNV	SNV
ENSG00000230268	SSU72L6	TK91	SNV	SNV
ENSG00000230273	BRI3P3	TK92	SNV	SNV
ENSG00000230275	SERBP1P4	TK13	SNV	SNV
ENSG00000230286	ENSG00000230286	TK92	INDEL,SNV	SNV
ENSG00000230299	SNRPEP11	TK91	SNV	SNV
ENSG00000230319	TTLL1-AS1	TK92	SNV	SNV
ENSG00000230338	MTND4P19	TK92	SNV	SNV
ENSG00000230355	ENSG00000230355	TK91	SNV	SNV
ENSG00000230361	VN1R32P	TK91	SNV	SNV
ENSG00000230368	FAM41C	TK92	SNV	SNV
ENSG00000230375	GSTA11P	TK14	SNV	SNV
ENSG00000230381	ENSG00000230381	TK92	SNV	SNV
ENSG00000230385	ENSG00000230385	TK16	SNV	SNV
ENSG00000230401	LINC01972	TK13	SNV	SNV
ENSG00000230444	TFAMP1	TK91	SNV	SNV
ENSG00000230448	LINC00276	TK16	SNV	SNV
ENSG00000230450	NEK2P4	TK93	SNV	SNV
ENSG00000230459	ENSG00000230459	TK92	SNV	SNV
ENSG00000230484	OR51A10P	TK91	SNV	SNV
ENSG00000230492	ENSG00000230492	TK92	SNV	SNV
ENSG00000230495	ENSG00000230495	TK93	INDEL	SNV
ENSG00000230501	ANKRD30BP3	TK13	SNV	SNV
ENSG00000230502	ENSG00000230502	TK92	SNV	SNV
ENSG00000230507	RPL7AP8	TK91	SNV	SNV
ENSG00000230535	BASP1P1	TK10	SNV	SNV
ENSG00000230547	HMGB1P11	TK92	SNV	SNV
ENSG00000230550	ERLNC1	TK13	SNV	SNV
ENSG00000230564	CALM1P2	TK92	SNV	SNV
ENSG00000230590	FTX	TK92	SNV	SNV
ENSG00000230614	DYNLL1P7	TK13	SNV	SNV
ENSG00000230634	FAM136EP	TK91	SNV	SNV
ENSG00000230659	ENSG00000230659	TK93	SNV	SNV
ENSG00000230666	CEACAM22P	TK91	SNV	SNV
ENSG00000230668	ENSG00000230668	TK91	INDEL,SNV	SNV
ENSG00000230682	GRPEL2P3	TK14	SNV	SNV
ENSG00000230697	SAP18P3	TK92	SNV	SNV
ENSG00000230707	ENSG00000230707	TK10	SNV	SNV
ENSG00000230728	ENSG00000230728	TK92	SNV	SNV
ENSG00000230751	ENSG00000230751	TK12	SNV	SNV
ENSG00000230769	RFKP4	TK92	SNV	SNV
ENSG00000230777	RPS29P5	TK93	SNV	SNV
ENSG00000230783	RPS3AP13	TK92	SNV	SNV
ENSG00000230813	ENSG00000230813	TK10	SNV	SNV
ENSG00000230815	ENSG00000230815	TK91	SNV	SNV
ENSG00000230817	LINC01362	TK10	SNV	SNV
ENSG00000230821	ENSG00000230821	TK13	SNV	SNV
ENSG00000230830	ARPP21-AS1	TK10	SNV	SNV
ENSG00000230838	LINC01614	TK92	SNV	SNV
ENSG00000230848	ENSG00000230848	TK92	SNV	SNV
ENSG00000230852	LINC02857	TK91	SNV	SNV
ENSG00000230922	ENSG00000230922	TK10	SNV	SNV
ENSG00000230937	MIR205HG	TK13	SNV	SNV
ENSG00000230947	ENSG00000230947	TK91	SNV	SNV
ENSG00000230952	LINC03037	TK91	SNV	SNV
ENSG00000230953	ENSG00000230953	TK12	SNV	SNV
ENSG00000230956	CAPZA1P1	TK91	SNV	SNV
ENSG00000230962	LINC01520	TK10	SNV	SNV
ENSG00000230970	HHATL-AS1	TK92	SNV	SNV
ENSG00000230980	RPL36AP39	TK12	SNV	SNV
ENSG00000230988	RPL23AP11	TK93	INDEL	SNV
ENSG00000230989	HSBP1	TK13	SNV	SNV
ENSG00000230990	ENSG00000230990	TK13	SNV	SNV
ENSG00000230993	RPL12P15	TK92	SNV	SNV
ENSG00000230999	MTND5P8	TK92	SNV	SNV
ENSG00000231001	CCNB1IP1P3	TK91	SNV	SNV
ENSG00000231013	SCTR-AS1	TK13	SNV	SNV
ENSG00000231015	ENSG00000231015	TK93	SNV	SNV
ENSG00000231049	OR52B5P	TK92	SNV	SNV
ENSG00000231053	TRAPPC2LP1	TK92	SNV	SNV
ENSG00000231054	ENSG00000231054	TK13	SNV	SNV
ENSG00000231061	LINC00395	TK14	SNV	SNV
ENSG00000231090	MIR4422HG	TK91	SNV	SNV
ENSG00000231114	ENSG00000231114	TK91	SNV	SNV
ENSG00000231119	ENSG00000231119	TK92	SNV	SNV
ENSG00000231122	FAM25EP	TK12	SNV	SNV
ENSG00000231132	ENSG00000231132	TK92	SNV	SNV
ENSG00000231158	PTP4A1P1	TK91	SNV	SNV
ENSG00000231189	ENSG00000231189	TK92	SNV	SNV
ENSG00000231193	ENSG00000231193	TK91	INDEL,SNV	SNV
ENSG00000231194	FARP1-AS1	TK14	SNV	SNV
ENSG00000231206	HNRNPA1P25	TK92	SNV	SNV
ENSG00000231207	ENSG00000231207	TK10	SNV	SNV
ENSG00000231238	LINC00349	TK93	SNV	SNV
ENSG00000231255	ENSG00000231255	TK16	SNV	SNV
ENSG00000231264	ARAFP1	TK14	SNV	SNV
ENSG00000231270	COBLP1	TK92	SNV	SNV
ENSG00000231274	SBK3	TK13	SNV	SNV
ENSG00000231298	MANCR	TK18	SNV	SNV
ENSG00000231322	RPL13AP17	TK18	SNV	SNV
ENSG00000231331	ENSG00000231331	TK13	SNV	SNV
ENSG00000231359	RPL31P34	TK13	SNV	SNV
ENSG00000231364	LINC01712	TK93	SNV	SNV
ENSG00000231378	NDUFAF4P4	TK92	SNV	SNV
ENSG00000231384	NAP1L5P1	TK91	INDEL,SNV	SNV
ENSG00000231390	SNX18P8	TK16	SNV	SNV
ENSG00000231395	ARL4AP4	TK92	SNV	SNV
ENSG00000231440	ENSG00000231440	TK16	SNV	SNV
ENSG00000231447	ENSG00000231447	TK92	SNV	SNV
ENSG00000231467	ENSG00000231467	TK16	SNV	SNV
ENSG00000231484	ENSG00000231484	TK92	SNV	SNV
ENSG00000231501	MTND4LP1	TK13	SNV	SNV
ENSG00000231504	NMD3P2	TK12	SNV	SNV
ENSG00000231508	RPL34P20	TK93	SNV	SNV
ENSG00000231539	ENSG00000231539	TK93	SNV	SNV
ENSG00000231561	CEACAMP5	TK91	SNV	SNV
ENSG00000231569	ENSG00000231569	TK92	SNV	SNV
ENSG00000231583	ENSG00000231583	TK91	SNV	SNV
ENSG00000231613	ENSG00000231613	TK12	SNV	SNV
ENSG00000231616	ENSG00000231616	TK92	SNV	SNV
ENSG00000231635	ATP5F1BP1	TK13	SNV	SNV
ENSG00000231643	YWHAQP8	TK92	INDEL,SNV	SNV
ENSG00000231645	KRT17P6	TK92	SNV	SNV
ENSG00000231650	RFESDP1	TK92	SNV	SNV
ENSG00000231654	RPS6KA2-AS1	TK93	SNV	SNV
ENSG00000231668	PPP2R2DP1	TK13	SNV	SNV
ENSG00000231674	LINC00410	TK13	SNV	SNV
ENSG00000231678	ENSG00000231678	TK92	SNV	SNV
ENSG00000231681	ENSG00000231681	TK10	SNV	SNV
ENSG00000231697	NANOGP5	TK91	SNV	SNV
ENSG00000231726	HMGN2P38	TK91	SNV	SNV
ENSG00000231739	GAPDHP59	TK91	SNV	SNV
ENSG00000231741	ENSG00000231741	TK92	SNV	SNV
ENSG00000231743	ENSG00000231743	TK10	SNV	SNV
ENSG00000231749	ABCA9-AS1	TK92	SNV	SNV
ENSG00000231754	ENSG00000231754	TK16	SNV	SNV
ENSG00000231756	ENSG00000231756	TK12	SNV	SNV
ENSG00000231791	ENSG00000231791	TK10	SNV	SNV
ENSG00000231811	ENSG00000231811	TK14	SNV	SNV
ENSG00000231845	HMGB3P14	TK91	SNV	SNV
ENSG00000231859	ENSG00000231859	TK92	SNV	SNV
ENSG00000231867	ENSG00000231867	TK18	SNV	SNV
ENSG00000231868	ENSG00000231868	TK92	SNV	SNV
ENSG00000231884	NDUFB1P1	TK91	SNV	SNV
ENSG00000231896	ENSG00000231896	TK10	INDEL	SNV
ENSG00000231909	MAP1LC3BP1	TK92	SNV	SNV
ENSG00000231920	NEBL-AS1	TK93	SNV	SNV
ENSG00000231937	ENSG00000231937	TK93	SNV	SNV
ENSG00000231949	ENSG00000231949	TK92	SNV	SNV
ENSG00000231961	ENSG00000231961	TK92	SNV	SNV
ENSG00000231965	RPL17P29	TK91	SNV	SNV
ENSG00000231982	MCF2L2P1	TK14	SNV	SNV
ENSG00000231983	LINC00415	TK91	SNV	SNV
ENSG00000231987	LINC01787	TK93	SNV	SNV
ENSG00000231995	RPL7AP76	TK93	SNV	SNV
ENSG00000232002	LINC01880	TK91	SNV	SNV
ENSG00000232032	ENSG00000232032	TK18	SNV	SNV
ENSG00000232034	ENSG00000232034	TK91	SNV	SNV
ENSG00000232037	RPL21P29	TK91	SNV	SNV
ENSG00000232054	NPM1P34	TK91	SNV	SNV
ENSG00000232063	ENSG00000232063	TK93	INDEL,SNV	SNV
ENSG00000232072	ENSG00000232072	TK18	SNV	SNV
ENSG00000232109	VN1R54P	TK18	SNV	SNV
ENSG00000232142	RPS25P9	TK91	SNV	SNV
ENSG00000232163	RPLP1P13	TK91	SNV	SNV
ENSG00000232176	ENSG00000232176	TK12	SNV	SNV
ENSG00000232177	MTND4P24	TK14	INDEL	SNV
ENSG00000232190	LINC02181	TK92	SNV	SNV
ENSG00000232193	ENSG00000232193	TK10	SNV	SNV
ENSG00000232200	ENSG00000232200	TK92	SNV	SNV
ENSG00000232203	SLC25A6P2	TK93	SNV	SNV
ENSG00000232211	ENSG00000232211	TK93	SNV	SNV
ENSG00000232217	FTLP8	TK93	SNV	SNV
ENSG00000232218	ENSG00000232218	TK16	SNV	SNV
ENSG00000232241	DYNLT3P1	TK13	SNV	SNV
ENSG00000232242	ZYG11AP1	TK10	SNV	SNV
ENSG00000232254	CSF2RBP1	TK93	SNV	SNV
ENSG00000232265	LINC02805	TK10	SNV	SNV
ENSG00000232267	ACTR3P2	TK93	SNV	SNV
ENSG00000232283	HSD17B3-AS1	TK18	SNV	SNV
ENSG00000232333	RPS27AP2	TK92	SNV	SNV
ENSG00000232355	ENSG00000232355	TK93	INDEL	SNV
ENSG00000232359	ENSG00000232359	TK91	SNV	SNV
ENSG00000232386	ENSG00000232386	TK10	SNV	SNV
ENSG00000232388	SMIM26	TK12	SNV	SNV
ENSG00000232412	STAG2-AS1	TK93	SNV	SNV
ENSG00000232413	ENSG00000232413	TK10	SNV	SNV
ENSG00000232423	PRAMEF6	TK13	SNV	SNV
ENSG00000232433	GXYLT1P3	TK91	SNV	SNV
ENSG00000232467	TMA16P2	TK13	SNV	SNV
ENSG00000232479	KRT8P52	TK92	SNV	SNV
ENSG00000232489	MFAP1P1	TK16	SNV	SNV
ENSG00000232494	ENSG00000232494	TK18	SNV	SNV
ENSG00000232500	ENSG00000232500	TK92	INDEL	SNV
ENSG00000232519	ENSG00000232519	TK18	SNV	SNV
ENSG00000232524	ENSG00000232524	TK13	SNV	SNV
ENSG00000232525	SS18L2P1	TK92	SNV	SNV
ENSG00000232535	OR5H8	TK13	SNV	SNV
ENSG00000232537	ENSG00000232537	TK92	SNV	SNV
ENSG00000232557	ENSG00000232557	TK14	SNV	SNV
ENSG00000232568	RPL23AP35	TK18	SNV	SNV
ENSG00000232583	GPR143P	TK18	SNV	SNV
ENSG00000232650	LINC01780	TK10	SNV	SNV
ENSG00000232662	LDHBP1	TK92	INDEL	SNV
ENSG00000232672	ACTG1P21	TK14	SNV	SNV
ENSG00000232675	ENSG00000232675	TK93	SNV	SNV
ENSG00000232687	RPL12P9	TK10	SNV	SNV
ENSG00000232696	ENSG00000232696	TK91	SNV	SNV
ENSG00000232710	ENSG00000232710	TK13	SNV	SNV
ENSG00000232716	ENSG00000232716	TK91	SNV	SNV
ENSG00000232721	ENSG00000232721	TK18	SNV	SNV
ENSG00000232749	ENSG00000232749	TK12	SNV	SNV
ENSG00000232756	DDX3ILA1	TK16	SNV	SNV
ENSG00000232772	MTND4P22	TK91	SNV	SNV
ENSG00000232773	DEFB130D	TK91	SNV	SNV
ENSG00000232778	RPL23AP50	TK92	SNV	SNV
ENSG00000232783	FRG2FP	TK18	SNV	SNV
ENSG00000232790	LINC01162	TK10	SNV	SNV
ENSG00000232791	OR11I1P	TK93	SNV	SNV
ENSG00000232792	FTH1P25	TK91	SNV	SNV
ENSG00000232799	CRYGFP	TK12	SNV	SNV
ENSG00000232808	TTTY20	TK18	SNV	SNV
ENSG00000232810	TNF	TK18	SNV	SNV
ENSG00000232821	ENSG00000232821	TK92	SNV	SNV
ENSG00000232824	PRR13P1	TK92	SNV	SNV
ENSG00000232841	BRWD1P3	TK93	SNV	SNV
ENSG00000232846	SLC25A6P3	TK92	SNV	SNV
ENSG00000232852	CICP4	TK18	SNV	SNV
ENSG00000232864	NUCKS1P1	TK10	SNV	SNV
ENSG00000232879	GLRX5P2	TK10	INDEL	SNV
ENSG00000232880	NDUFB4P10	TK91	SNV	SNV
ENSG00000232896	ENSG00000232896	TK91	SNV	SNV
ENSG00000232897	ENSG00000232897	TK93	SNV	SNV
ENSG00000232905	ENSG00000232905	TK92	SNV	SNV
ENSG00000232913	PLCE1-AS2	TK92	SNV	SNV
ENSG00000232928	DDX3P1	TK10	SNV	SNV
ENSG00000232944	ENSG00000232944	TK92	SNV	SNV
ENSG00000232970	POLHP1	TK91	SNV	SNV
ENSG00000232971	ENSG00000232971	TK91	SNV	SNV
ENSG00000232985	ENSG00000232985	TK93	SNV	SNV
ENSG00000232992	AHCYP4	TK14	SNV	SNV
ENSG00000232993	ENSG00000232993	TK92	SNV	SNV
ENSG00000233003	CICP26	TK92	SNV	SNV
ENSG00000233014	TBC1D3P7	TK14	SNV	SNV
ENSG00000233038	PTPRN2-AS1	TK91	SNV	SNV
ENSG00000233052	ENSG00000233052	TK93	SNV	SNV
ENSG00000233068	ENSG00000233068	TK10	SNV	SNV
ENSG00000233121	VN1R20P	TK93	SNV	SNV
ENSG00000233124	LINC00456	TK10	SNV	SNV
ENSG00000233146	BPIFB5P	TK16	SNV	SNV
ENSG00000233163	RPS12P17	TK18	SNV	SNV
ENSG00000233208	LINC00642	TK92	SNV	SNV
ENSG00000233217	MROH3P	TK12	SNV	SNV
ENSG00000233221	ARHGEF4-AS1	TK13	SNV	SNV
ENSG00000233262	SLC28A3-AS1	TK10	SNV	SNV
ENSG00000233278	RPS26P2	TK91	SNV	SNV
ENSG00000233303	XXYLT1-AS1	TK18	SNV	SNV
ENSG00000233309	RPS6P12	TK10	SNV	SNV
ENSG00000233316	DSCR10	TK10	SNV	SNV
ENSG00000233324	EEF1A1P34	TK91	SNV	SNV
ENSG00000233365	ENSG00000233365	TK91	SNV	SNV
ENSG00000233383	ENSG00000233383	TK10	SNV	SNV
ENSG00000233384	CNIH3-AS2	TK92	SNV	SNV
ENSG00000233393	ENSG00000233393	TK12	SNV	SNV
ENSG00000233401	PRKAR1AP1	TK92	SNV	SNV
ENSG00000233431	LINC02596	TK10	SNV	SNV
ENSG00000233432	MTIF2P1	TK91	SNV	SNV
ENSG00000233440	HMGA1P6	TK10	SNV	SNV
ENSG00000233441	CYP2AB1P	TK92	SNV	SNV
ENSG00000233442	PPP6R2P1	TK92	SNV	SNV
ENSG00000233454	ENSG00000233454	TK91	SNV	SNV
ENSG00000233460	RPL35AP31	TK10	SNV	SNV
ENSG00000233471	KRT18P62	TK92	SNV	SNV
ENSG00000233480	LINC01683	TK92	SNV	SNV
ENSG00000233487	RPSAP69	TK93	SNV	SNV
ENSG00000233496	SYNJ2-IT1	TK91	SNV	SNV
ENSG00000233497	HNRNPA1P60	TK13	SNV	SNV
ENSG00000233502	ENSG00000233502	TK14	SNV	SNV
ENSG00000233522	FAM224A	TK18	INDEL	SNV
ENSG00000233523	PHB1P5	TK93	SNV	SNV
ENSG00000233534	LINC02524	TK12	SNV	SNV
ENSG00000233535	ENSG00000233535	TK92	SNV	SNV
ENSG00000233540	DNM3-IT1	TK16	SNV	SNV
ENSG00000233565	RPL29P9	TK14	SNV	SNV
ENSG00000233576	HTR3C2P	TK13	SNV	SNV
ENSG00000233578	EIF4EP1	TK92	INDEL,SNV	SNV
ENSG00000233590	LINC02640	TK10	SNV	SNV
ENSG00000233603	JTBP1	TK93	SNV	SNV
ENSG00000233608	TWIST2	TK10	SNV	SNV
ENSG00000233611	GBX2-AS1	TK91	INDEL,SNV	SNV
ENSG00000233625	ENSG00000233625	TK16	SNV	SNV
ENSG00000233632	ENSG00000233632	TK92	SNV	SNV
ENSG00000233643	LINC02625	TK92	SNV	SNV
ENSG00000233644	ARHGEF7-IT1	TK18	SNV	SNV
ENSG00000233652	CICP1	TK91	SNV	SNV
ENSG00000233664	NDUFS5P3	TK91	SNV	SNV
ENSG00000233665	ENSG00000233665	TK14	SNV	SNV
ENSG00000233689	ENSG00000233689	TK13	SNV	SNV
ENSG00000233693	PBX1-AS1	TK93	SNV	SNV
ENSG00000233705	SLC26A4-AS1	TK91	SNV	SNV
ENSG00000233717	RPS29P29	TK92	SNV	SNV
ENSG00000233740	CICP2	TK92	SNV	SNV
ENSG00000233741	RPL27P7	TK93	SNV	SNV
ENSG00000233760	ENSG00000233760	TK10	SNV	SNV
ENSG00000233774	MED14P1	TK93	SNV	SNV
ENSG00000233792	PUDPP2	TK92	SNV	SNV
ENSG00000233820	ENSG00000233820	TK92	SNV	SNV
ENSG00000233827	CCNQP1	TK13	SNV	SNV
ENSG00000233829	RPL26P15	TK91	SNV	SNV
ENSG00000233843	CYCSP48	TK92	SNV	SNV
ENSG00000233847	ERCC8-AS1	TK92	SNV	SNV
ENSG00000233850	ENSG00000233850	TK10	SNV	SNV
ENSG00000233862	ENSG00000233862	TK93	SNV	SNV
ENSG00000233875	ENSG00000233875	TK92	SNV	SNV
ENSG00000233877	ENSG00000233877	TK93	SNV	SNV
ENSG00000233909	UBE2V1P4	TK91	SNV	SNV
ENSG00000233920	ENSG00000233920	TK18	SNV	SNV
ENSG00000233932	CTXN2	TK16	SNV	SNV
ENSG00000233942	ENSG00000233942	TK14	SNV	SNV
ENSG00000233945	LINC02650	TK18	SNV	SNV
ENSG00000233947	ASS1P3	TK93	SNV	SNV
ENSG00000233969	ENSG00000233969	TK93	SNV	SNV
ENSG00000233979	RPL22P21	TK14	INDEL,SNV	SNV
ENSG00000233990	ENSG00000233990	TK93	SNV	SNV
ENSG00000234020	CHIAP3	TK14	SNV	SNV
ENSG00000234034	ENSG00000234034	TK91	SNV	SNV
ENSG00000234052	LINC01673	TK91	SNV	SNV
ENSG00000234059	CASKP1	TK10	SNV	SNV
ENSG00000234060	EDDM3CP	TK92	SNV	SNV
ENSG00000234068	PAGE2	TK93	SNV	SNV
ENSG00000234075	RPL35AP	TK92	INDEL,SNV	SNV
ENSG00000234076	TPRG1-AS1	TK93	SNV	SNV
ENSG00000234080	ENSG00000234080	TK92	SNV	SNV
ENSG00000234089	ENSG00000234089	TK10	SNV	SNV
ENSG00000234107	TPT1P1	TK14	SNV	SNV
ENSG00000234116	ENSG00000234116	TK93	SNV	SNV
ENSG00000234132	ENSG00000234132	TK16	SNV	SNV
ENSG00000234135	RPL23AP83	TK10	SNV	SNV
ENSG00000234155	LINC02535	TK91	SNV	SNV
ENSG00000234158	RPEP2	TK93	SNV	SNV
ENSG00000234170	LINC02645	TK10	SNV	SNV
ENSG00000234172	ENSG00000234172	TK10	SNV	SNV
ENSG00000234191	LINC01283	TK12	SNV	SNV
ENSG00000234192	RPS26P38	TK91	SNV	SNV
ENSG00000234219	CDCA4P4	TK92	SNV	SNV
ENSG00000234223	ENSG00000234223	TK10	SNV	SNV
ENSG00000234228	NCLP2	TK92	SNV	SNV
ENSG00000234239	CFL1P8	TK91	SNV	SNV
ENSG00000234272	RPL30P2	TK92	SNV	SNV
ENSG00000234282	ENSG00000234282	TK93	SNV	SNV
ENSG00000234285	GAPDHP49	TK91	SNV	SNV
ENSG00000234296	ENSG00000234296	TK18	SNV	SNV
ENSG00000234304	SGO1P2	TK10	SNV	SNV
ENSG00000234318	ENSG00000234318	TK92	SNV	SNV
ENSG00000234360	ENSG00000234360	TK93	SNV	SNV
ENSG00000234394	LINC03025	TK92	SNV	SNV
ENSG00000234422	UBE2WP1	TK14	INDEL	SNV
ENSG00000234427	ENSG00000234427	TK93	SNV	SNV
ENSG00000234445	FGF14-AS1	TK92	INDEL,SNV	SNV
ENSG00000234455	ENSG00000234455	TK13	SNV	SNV
ENSG00000234471	ENSG00000234471	TK10	SNV	SNV
ENSG00000234474	MIR3663HG	TK93	INDEL	SNV
ENSG00000234484	ENSG00000234484	TK10	SNV	SNV
ENSG00000234485	OR7E46P	TK91	SNV	SNV
ENSG00000234502	FYTTD1P1	TK10	SNV	SNV
ENSG00000234506	LINC01506	TK93	SNV	SNV
ENSG00000234520	HRAT17	TK91	SNV	SNV
ENSG00000234527	PCDH9-AS1	TK10	SNV	SNV
ENSG00000234557	PPIAP90	TK93	SNV	SNV
ENSG00000234560	OR10G8	TK14	SNV	SNV
ENSG00000234566	RPL7AP71	TK92	SNV	SNV
ENSG00000234567	ENSG00000234567	TK93	SNV	SNV
ENSG00000234570	ZFRP1	TK92	SNV	SNV
ENSG00000234597	ENSG00000234597	TK14	SNV	SNV
ENSG00000234604	ENSG00000234604	TK92	SNV	SNV
ENSG00000234619	RPL7P11	TK92	SNV	SNV
ENSG00000234624	ENSG00000234624	TK92	SNV	SNV
ENSG00000234637	RPS19P6	TK91	SNV	SNV
ENSG00000234653	LRRTM4-AS1	TK18	SNV	SNV
ENSG00000234655	OR7E155P	TK13	SNV	SNV
ENSG00000234660	LINC00440	TK18	SNV	SNV
ENSG00000234675	ENSG00000234675	TK91	SNV	SNV
ENSG00000234692	ENSG00000234692	TK13	SNV	SNV
ENSG00000234693	RIPOR3-AS1	TK91	SNV	SNV
ENSG00000234696	GPR50-AS1	TK92	SNV	SNV
ENSG00000234703	ENSG00000234703	TK16	SNV	SNV
ENSG00000234711	TUBB8P11	TK14	SNV	SNV
ENSG00000234714	ENSG00000234714	TK91	SNV	SNV
ENSG00000234716	ENSG00000234716	TK14	SNV	SNV
ENSG00000234717	TMEM212-AS1	TK10	INDEL,SNV	SNV
ENSG00000234720	ATP5F1AP8	TK92	SNV	SNV
ENSG00000234724	HDAC1P1	TK92	SNV	SNV
ENSG00000234730	ENSG00000234730	TK10	SNV	SNV
ENSG00000234736	FAM170B-AS1	TK93	SNV	SNV
ENSG00000234758	ENSG00000234758	TK13	SNV	SNV
ENSG00000234767	LINC01052	TK91	SNV	SNV
ENSG00000234777	LINC02529	TK16	SNV	SNV
ENSG00000234805	FAM151AP1	TK10	SNV	SNV
ENSG00000234829	IFNA17	TK13	SNV	SNV
ENSG00000234835	PHB1P13	TK13	SNV	SNV
ENSG00000234854	LINC00676	TK10	SNV	SNV
ENSG00000234884	GRK3-AS1	TK93	SNV	SNV
ENSG00000234890	HNRNPDLP2	TK14	SNV	SNV
ENSG00000234892	ENSG00000234892	TK10	SNV	SNV
ENSG00000234896	OR7E62P	TK13	SNV	SNV
ENSG00000234898	CHEK2P3	TK92	SNV	SNV
ENSG00000234899	SOX9-AS1	TK18	SNV	SNV
ENSG00000234919	LINC01827	TK93	SNV	SNV
ENSG00000234929	ENSG00000234929	TK93	SNV	SNV
ENSG00000234942	GRID1-AS1	TK91	SNV	SNV
ENSG00000234962	LINC00700	TK13	SNV	SNV
ENSG00000234984	FMO10P	TK91	INDEL,SNV	SNV
ENSG00000234985	ENSG00000234985	TK92	SNV	SNV
ENSG00000234988	LINC01849	TK93	SNV	SNV
ENSG00000235013	COX20P2	TK16	SNV	SNV
ENSG00000235020	ENSG00000235020	TK10	SNV	SNV
ENSG00000235023	ENSG00000235023	TK10	SNV	SNV
ENSG00000235042	SMARCAL1-AS1	TK92	SNV	SNV
ENSG00000235044	PPIAP3	TK18	SNV	SNV
ENSG00000235051	ENSG00000235051	TK16	SNV	SNV
ENSG00000235071	ENSG00000235071	TK93	SNV	SNV
ENSG00000235076	GAPDHP52	TK10	SNV	SNV
ENSG00000235080	MTND5P23	TK10	SNV	SNV
ENSG00000235088	ENSG00000235088	TK92	SNV	SNV
ENSG00000235098	ANKRD65	TK92	INDEL	SNV
ENSG00000235126	ENSG00000235126	TK92	SNV	SNV
ENSG00000235152	ENSG00000235152	TK92	SNV	SNV
ENSG00000235154	ENSG00000235154	TK16	SNV	SNV
ENSG00000235165	CDK5P1	TK10	SNV	SNV
ENSG00000235181	ENSG00000235181	TK14	SNV	SNV
ENSG00000235199	CYP2C58P	TK91	SNV	SNV
ENSG00000235200	LINC01702	TK91	SNV	SNV
ENSG00000235201	LINC02578	TK13	SNV	SNV
ENSG00000235213	OR6E1P	TK16	SNV	SNV
ENSG00000235246	ENSG00000235246	TK10	SNV	SNV
ENSG00000235275	KRT18P16	TK13	SNV	SNV
ENSG00000235279	ENSG00000235279	TK91	SNV	SNV
ENSG00000235304	LINC01281	TK13	INDEL	SNV
ENSG00000235310	GXYLT1P6	TK92	SNV	SNV
ENSG00000235332	RPSAP76	TK13	SNV	SNV
ENSG00000235339	GEMIN2P2	TK93	SNV	SNV
ENSG00000235356	ENSG00000235356	TK13	SNV	SNV
ENSG00000235369	RPL36AP15	TK10	SNV	SNV
ENSG00000235385	LINC02154	TK12	SNV	SNV
ENSG00000235387	SPAAR	TK92	SNV	SNV
ENSG00000235389	ENSG00000235389	TK92	SNV	SNV
ENSG00000235400	ENSG00000235400	TK93	INDEL	SNV
ENSG00000235435	ENSG00000235435	TK10	SNV	SNV
ENSG00000235444	PSMB3P2	TK92	SNV	SNV
ENSG00000235464	ENSG00000235464	TK93	SNV	SNV
ENSG00000235482	RPL21P135	TK93	SNV	SNV
ENSG00000235526	ENSG00000235526	TK92	SNV	SNV
ENSG00000235550	ANKRD26P2	TK18	SNV	SNV
ENSG00000235564	ENSG00000235564	TK91	SNV	SNV
ENSG00000235574	ENSG00000235574	TK14	SNV	SNV
ENSG00000235575	ENSG00000235575	TK10	SNV	SNV
ENSG00000235593	RBMS3-AS1	TK93	SNV	SNV
ENSG00000235605	ENSG00000235605	TK13	SNV	SNV
ENSG00000235612	ENSG00000235612	TK10	SNV	SNV
ENSG00000235637	ENSG00000235637	TK92	SNV	SNV
ENSG00000235689	ENSG00000235689	TK12	SNV	SNV
ENSG00000235705	ENSG00000235705	TK14	SNV	SNV
ENSG00000235713	ENSG00000235713	TK13	SNV	SNV
ENSG00000235728	ENSG00000235728	TK92	SNV	SNV
ENSG00000235742	ENSG00000235742	TK92	SNV	SNV
ENSG00000235778	ENSG00000235778	TK92	SNV	SNV
ENSG00000235817	ENSG00000235817	TK93	INDEL	SNV
ENSG00000235818	VN1R17P	TK92	SNV	SNV
ENSG00000235819	ENSG00000235819	TK92	INDEL,SNV	SNV
ENSG00000235833	ENSG00000235833	TK93	SNV	SNV
ENSG00000235845	ENSG00000235845	TK93	SNV	SNV
ENSG00000235861	ENSG00000235861	TK93	SNV	SNV
ENSG00000235868	GAPDHP31	TK92	SNV	SNV
ENSG00000235885	LINC01828	TK91	SNV	SNV
ENSG00000235903	CPB2-AS1	TK18	SNV	SNV
ENSG00000235904	RBMS3-AS3	TK10	SNV	SNV
ENSG00000235907	ENSG00000235907	TK92	SNV	SNV
ENSG00000235920	THRAP3P3	TK92	SNV	SNV
ENSG00000235958	UBOX5-AS1	TK14	SNV	SNV
ENSG00000235962	RPL7AP53	TK92	SNV	SNV
ENSG00000235963	MCCD1P1	TK92	SNV	SNV
ENSG00000235979	ENSG00000235979	TK92	SNV	SNV
ENSG00000235984	GPC5-AS1	TK92	SNV	SNV
ENSG00000235992	GRAMD4P2	TK92	SNV	SNV
ENSG00000235994	ENSG00000235994	TK13	SNV	SNV
ENSG00000235997	LINC01936	TK92	SNV	SNV
ENSG00000236003	ENSG00000236003	TK93	SNV	SNV
ENSG00000236005	ENSG00000236005	TK93	SNV	SNV
ENSG00000236024	PRRX2-AS1	TK10	SNV	SNV
ENSG00000236032	OR5H14	TK13	SNV	SNV
ENSG00000236046	ENSG00000236046	TK92	SNV	SNV
ENSG00000236049	LINC01920	TK93	SNV	SNV
ENSG00000236053	LINC01067	TK91	SNV	SNV
ENSG00000236062	GSTM5P1	TK14	SNV	SNV
ENSG00000236078	LINC01447	TK10	SNV	SNV
ENSG00000236086	HMGN2P28	TK93	SNV	SNV
ENSG00000236097	BNIP3P2	TK92	SNV	SNV
ENSG00000236106	ENSG00000236106	TK91	SNV	SNV
ENSG00000236119	ENSG00000236119	TK10	SNV	SNV
ENSG00000236121	HAUS6P2	TK14	SNV	SNV
ENSG00000236130	PTCSC2	TK18	SNV	SNV
ENSG00000236131	MED13P1	TK93	SNV	SNV
ENSG00000236136	ADORA2BP1	TK93	SNV	SNV
ENSG00000236205	ENSG00000236205	TK93	SNV	SNV
ENSG00000236209	ENSG00000236209	TK16	INDEL,SNV	SNV
ENSG00000236216	PPP1R11P1	TK16	SNV	SNV
ENSG00000236240	GPC5-IT1	TK14	SNV	SNV
ENSG00000236248	TMEM258P1	TK91	SNV	SNV
ENSG00000236252	ENSG00000236252	TK16	SNV	SNV
ENSG00000236253	SLC25A3P1	TK10	SNV	SNV
ENSG00000236257	EI24P2	TK93	SNV	SNV
ENSG00000236259	PPIAP64	TK92	SNV	SNV
ENSG00000236261	ENSG00000236261	TK92	SNV	SNV
ENSG00000236278	PEBP1P3	TK12	SNV	SNV
ENSG00000236285	NPM1P8	TK91	SNV	SNV
ENSG00000236290	EEF1GP7	TK93	SNV	SNV
ENSG00000236316	OR7E109P	TK16	INDEL	SNV
ENSG00000236319	ENSG00000236319	TK93	SNV	SNV
ENSG00000236325	RPL32P5	TK92	SNV	SNV
ENSG00000236332	ENSG00000236332	TK12	SNV	SNV
ENSG00000236333	TRHDE-AS1	TK10	SNV	SNV
ENSG00000236335	ENSG00000236335	TK13	SNV	SNV
ENSG00000236336	CDYL-AS1	TK91	SNV	SNV
ENSG00000236375	POU5F1P5	TK92	SNV	SNV
ENSG00000236376	ENSG00000236376	TK91	SNV	SNV
ENSG00000236380	VENTXP7	TK13	SNV	SNV
ENSG00000236389	ENSG00000236389	TK93	SNV	SNV
ENSG00000236401	SLC4A1APP2	TK18	SNV	SNV
ENSG00000236417	CTSLP1	TK13	SNV	SNV
ENSG00000236431	ENSG00000236431	TK92	SNV	SNV
ENSG00000236437	LINC02151	TK13	SNV	SNV
ENSG00000236440	COPRSP1	TK14	SNV	SNV
ENSG00000236446	CT47B1	TK14	SNV	SNV
ENSG00000236447	ATG10-IT1	TK91	SNV	SNV
ENSG00000236453	ENSG00000236453	TK14	SNV	SNV
ENSG00000236461	ENSG00000236461	TK14	SNV	SNV
ENSG00000236476	ENSG00000236476	TK92	SNV	SNV
ENSG00000236485	LINC01945	TK91	SNV	SNV
ENSG00000236500	CD24P1	TK92	SNV	SNV
ENSG00000236504	ENSG00000236504	TK93	SNV	SNV
ENSG00000236508	ATP13A5-AS1	TK91	SNV	SNV
ENSG00000236516	KLF2P4	TK18	SNV	SNV
ENSG00000236520	GPC6-AS1	TK10	SNV	SNV
ENSG00000236527	ARF4P2	TK10	SNV	SNV
ENSG00000236533	RPS12P4	TK91	SNV	SNV
ENSG00000236538	ZNF863P	TK18	SNV	SNV
ENSG00000236542	MED28P7	TK93	SNV	SNV
ENSG00000236576	ENSG00000236576	TK91	SNV	SNV
ENSG00000236592	S100A11P2	TK92	SNV	SNV
ENSG00000236596	CRLF3P1	TK92	INDEL,SNV	SNV
ENSG00000236601	ENSG00000236601	TK91	SNV	SNV
ENSG00000236607	EEF1DP8	TK16	SNV	SNV
ENSG00000236637	IFNA4	TK14	SNV	SNV
ENSG00000236656	ENSG00000236656	TK13	SNV	SNV
ENSG00000236658	FIBCD1-AS1	TK13	SNV	SNV
ENSG00000236667	RPL27AP3	TK13	SNV	SNV
ENSG00000236679	RPL23AP24	TK92	SNV	SNV
ENSG00000236695	HNRNPA1P47	TK12	SNV	SNV
ENSG00000236699	ARHGEF38	TK13	SNV	SNV
ENSG00000236703	MYB-AS1	TK18	SNV	SNV
ENSG00000236714	LINC01844	TK92	SNV	SNV
ENSG00000236718	RBMY2QP	TK18	INDEL,SNV	SNV
ENSG00000236719	OVAAL	TK10	SNV	SNV
ENSG00000236722	RPL27P9	TK16	SNV	SNV
ENSG00000236761	CTAGE9	TK13	SNV	SNV
ENSG00000236764	COX7A2P2	TK91	INDEL,SNV	SNV
ENSG00000236794	BCRP8	TK18	SNV	SNV
ENSG00000236804	RPS3AP12	TK93	SNV	SNV
ENSG00000236817	ENSG00000236817	TK93	SNV	SNV
ENSG00000236819	LINC01563	TK16	INDEL,SNV	SNV
ENSG00000236842	ENSG00000236842	TK93	SNV	SNV
ENSG00000236849	LINC01474	TK13	SNV	SNV
ENSG00000236856	ENSG00000236856	TK92	SNV	SNV
ENSG00000236862	RPS20P24	TK93	SNV	SNV
ENSG00000236872	PPIAP36	TK13	SNV	SNV
ENSG00000236887	ENSG00000236887	TK16	SNV	SNV
ENSG00000236893	ASS1P7	TK93	SNV	SNV
ENSG00000236911	ENSG00000236911	TK14	SNV	SNV
ENSG00000236913	RPS13P3	TK92	SNV	SNV
ENSG00000236938	ENSG00000236938	TK12	SNV	SNV
ENSG00000236948	ENSG00000236948	TK14	SNV	SNV
ENSG00000236953	ZDHHC20-IT1	TK16	SNV	SNV
ENSG00000236973	GAPDHP51	TK93	SNV	SNV
ENSG00000236989	ENSG00000236989	TK18	SNV	SNV
ENSG00000237000	PTMAP6	TK13	SNV	SNV
ENSG00000237007	KRT18P52	TK16	INDEL	SNV
ENSG00000237009	GLIS3-AS1	TK93	SNV	SNV
ENSG00000237027	ENSG00000237027	TK92	SNV	SNV
ENSG00000237041	RPL27P8	TK93	SNV	SNV
ENSG00000237057	LINC02087	TK10	SNV	SNV
ENSG00000237099	GYG1P2	TK93	SNV	SNV
ENSG00000237110	TAAR9	TK14	SNV	SNV
ENSG00000237121	PIEZO1P2	TK10	SNV	SNV
ENSG00000237128	LINC02652	TK10	SNV	SNV
ENSG00000237159	CNTFR-AS1	TK93	SNV	SNV
ENSG00000237162	RPS20P9	TK92	SNV	SNV
ENSG00000237174	ENSG00000237174	TK18	SNV	SNV
ENSG00000237179	LINC01797	TK92	SNV	SNV
ENSG00000237207	RBM17P3	TK10	SNV	SNV
ENSG00000237215	DEFB131D	TK10	SNV	SNV
ENSG00000237217	ENSG00000237217	TK91	SNV	SNV
ENSG00000237221	PPEF1-AS1	TK93	SNV	SNV
ENSG00000237251	ENSG00000237251	TK10	SNV	SNV
ENSG00000237252	MMADHCP1	TK91	SNV	SNV
ENSG00000237256	PGAM3P	TK13	INDEL	SNV
ENSG00000237267	LINC01519	TK92	SNV	SNV
ENSG00000237273	RSL24D1P8	TK14	SNV	SNV
ENSG00000237290	LINC01343	TK16	SNV	SNV
ENSG00000237326	ENSG00000237326	TK10	SNV	SNV
ENSG00000237336	ENSG00000237336	TK92	SNV	SNV
ENSG00000237346	ENSG00000237346	TK14	INDEL	SNV
ENSG00000237349	ENSG00000237349	TK93	SNV	SNV
ENSG00000237361	TUSC8	TK10	SNV	SNV
ENSG00000237365	CAMTA1-AS3	TK18	SNV	SNV
ENSG00000237378	ENSG00000237378	TK13	INDEL,SNV	SNV
ENSG00000237385	ENSG00000237385	TK10	SNV	SNV
ENSG00000237406	NDUFA9P1	TK93	INDEL	SNV
ENSG00000237425	RPSAP2	TK13	SNV	SNV
ENSG00000237432	RPS7P12	TK93	SNV	SNV
ENSG00000237434	ENSG00000237434	TK92	SNV	SNV
ENSG00000237447	CDC27P2	TK13	SNV	SNV
ENSG00000237469	TUBB8P10	TK13	SNV	SNV
ENSG00000237480	ENSG00000237480	TK10	SNV	SNV
ENSG00000237483	RPS27AP8	TK92	SNV	SNV
ENSG00000237498	ENSG00000237498	TK10	INDEL,SNV	SNV
ENSG00000237514	PTP4A1P7	TK92	INDEL,SNV	SNV
ENSG00000237521	OR7E24	TK13	SNV	SNV
ENSG00000237551	RPL21P74	TK93	SNV	SNV
ENSG00000237552	LINC02567	TK12	SNV	SNV
ENSG00000237557	YWHABP1	TK13	SNV	SNV
ENSG00000237571	LINC02862	TK92	INDEL	SNV
ENSG00000237572	ENSG00000237572	TK14	SNV	SNV
ENSG00000237576	LINC01888	TK93	INDEL	SNV
ENSG00000237581	ENSG00000237581	TK13	SNV	SNV
ENSG00000237590	ENSG00000237590	TK12	SNV	SNV
ENSG00000237601	ENSG00000237601	TK18	SNV	SNV
ENSG00000237612	ENSG00000237612	TK10	SNV	SNV
ENSG00000237630	NIFKP9	TK91	SNV	SNV
ENSG00000237633	ENSG00000237633	TK91	SNV	SNV
ENSG00000237642	HMGB3P5	TK92	SNV	SNV
ENSG00000237643	LINC01610	TK93	SNV	SNV
ENSG00000237645	TMEM229BP1	TK91	SNV	SNV
ENSG00000237650	OR11Q1P	TK91	SNV	SNV
ENSG00000237661	TNIP2P1	TK93	SNV	SNV
ENSG00000237663	DNAJC19P7	TK93	SNV	SNV
ENSG00000237699	ENSG00000237699	TK18	SNV	SNV
ENSG00000237701	ATP5PFP1	TK93	SNV	SNV
ENSG00000237707	ENSG00000237707	TK92	SNV	SNV
ENSG00000237714	P4HA2-AS1	TK10	SNV	SNV
ENSG00000237730	RPS5P8	TK91	SNV	SNV
ENSG00000237741	ENSG00000237741	TK92	SNV	SNV
ENSG00000237743	FBP2P1	TK10	SNV	SNV
ENSG00000237750	KCNH7-AS1	TK12	SNV	SNV
ENSG00000237765	FAM200B	TK16	SNV	SNV
ENSG00000237784	RPS20P12	TK13	SNV	SNV
ENSG00000237799	CICP11	TK92	SNV	SNV
ENSG00000237810	ENSG00000237810	TK92	SNV	SNV
ENSG00000237818	RPS3AP29	TK92	SNV	SNV
ENSG00000237827	RPS15AP29	TK92	SNV	SNV
ENSG00000237832	ENSG00000237832	TK91	SNV	SNV
ENSG00000237843	ENSG00000237843	TK10	SNV	SNV
ENSG00000237859	EEF1A1P31	TK92	SNV	SNV
ENSG00000237861	ENSG00000237861	TK91	SNV	SNV
ENSG00000237931	CLIC4P3	TK92	SNV	SNV
ENSG00000237941	KCNQ1DN	TK93	SNV	SNV
ENSG00000237949	LINC00844	TK10	SNV	SNV
ENSG00000237951	PPIL1P1	TK13	SNV	SNV
ENSG00000237955	ENSG00000237955	TK18	SNV	SNV
ENSG00000237963	PRXL2CP1	TK93	SNV	SNV
ENSG00000237964	RAD52P1	TK91	SNV	SNV
ENSG00000237982	CDC42P7	TK92	SNV	SNV
ENSG00000237987	ENSG00000237987	TK18	SNV	SNV
ENSG00000237991	RPL35P1	TK91	SNV	SNV
ENSG00000237993	ENSG00000237993	TK93	SNV	SNV
ENSG00000237999	ACTG1P19	TK13	SNV	SNV
ENSG00000238002	NPAP1P6	TK93	SNV	SNV
ENSG00000238009	ENSG00000238009	TK91	SNV	SNV
ENSG00000238026	TMEM38BP1	TK14	SNV	SNV
ENSG00000238034	ENSG00000238034	TK91	SNV	SNV
ENSG00000238097	LINC02037	TK92	SNV	SNV
ENSG00000238099	LINC01625	TK92	SNV	SNV
ENSG00000238102	ENSG00000238102	TK13	SNV	SNV
ENSG00000238154	USP9YP4	TK92	SNV	SNV
ENSG00000238168	IFITM3P5	TK91	SNV	SNV
ENSG00000238169	LINC01053	TK18	SNV	SNV
ENSG00000238172	RPS2P35	TK92	SNV	SNV
ENSG00000238176	ENSG00000238176	TK14	SNV	SNV
ENSG00000238180	RPL21P34	TK93	SNV	SNV
ENSG00000238231	ENSG00000238231	TK10	SNV	SNV
ENSG00000238241	CCR12P	TK10	SNV	SNV
ENSG00000238242	LINC02778	TK14	SNV	SNV
ENSG00000238244	GABARAPL3	TK10	SNV	SNV
ENSG00000238258	ENSG00000238258	TK10	SNV	SNV
ENSG00000238269	PAGE2B	TK93	SNV	SNV
ENSG00000238282	ENSG00000238282	TK13	SNV	SNV
ENSG00000238283	TBC1D3P1	TK10	SNV	SNV
ENSG00000238284	LINC01448	TK93	SNV	SNV
ENSG00000238285	MRPL50P2	TK91	SNV	SNV
ENSG00000238286	SLC35E1P1	TK92	SNV	SNV
ENSG00000238300	SNORD121B	TK13	INDEL	SNV
ENSG00000238311	SNORD13E	TK92	SNV	SNV
ENSG00000238324	RN7SKP198	TK92	SNV	SNV
ENSG00000238326	ENSG00000238326	TK10	SNV	SNV
ENSG00000238366	Y_RNA	TK91	SNV	SNV
ENSG00000238405	RNA5SP311	TK10	SNV	SNV
ENSG00000238554	RNU1-88P	TK10	SNV	SNV
ENSG00000238575	ENSG00000238575	TK10	SNV	SNV
ENSG00000238597	SNORD4B	TK10	SNV	SNV
ENSG00000238650	SNORD54	TK10	SNV	SNV
ENSG00000238749	Y_RNA	TK91	SNV	SNV
ENSG00000238793	SNORD124	TK13	SNV	SNV
ENSG00000238795	SCARNA12	TK12	INDEL,SNV	SNV
ENSG00000238832	ENSG00000238832	TK93	INDEL	SNV
ENSG00000238835	SCARNA18	TK13	SNV	SNV
ENSG00000238884	RNU7-85P	TK13	SNV	SNV
ENSG00000238934	ENSG00000238934	TK12	SNV	SNV
ENSG00000238961	SNORA47	TK92	SNV	SNV
ENSG00000239023	RNU1-98P	TK14	SNV	SNV
ENSG00000239096	ENSG00000239096	TK16	SNV	SNV
ENSG00000239118	MIR1972-2	TK91	SNV	SNV
ENSG00000239149	SNORA59A	TK12	SNV	SNV
ENSG00000239195	SNORD5	TK13	INDEL	SNV
ENSG00000239199	RPL21P6	TK92	SNV	SNV
ENSG00000239218	RPS20P22	TK92	SNV	SNV
ENSG00000239219	FHL1P1	TK16	SNV	SNV
ENSG00000239221	RN7SL442P	TK91	SNV	SNV
ENSG00000239223	RPL34P31	TK91	SNV	SNV
ENSG00000239254	ENSG00000239254	TK13	SNV	SNV
ENSG00000239256	RPL35AP35	TK91	SNV	SNV
ENSG00000239279	RN7SL184P	TK16	SNV	SNV
ENSG00000239282	CASTOR1	TK10	SNV	SNV
ENSG00000239311	ENSG00000239311	TK92	SNV	SNV
ENSG00000239315	RPL19P13	TK14	SNV	SNV
ENSG00000239316	RN7SL11P	TK93	SNV	SNV
ENSG00000239319	RN7SL854P	TK93	SNV	SNV
ENSG00000239351	NPM1P29	TK93	SNV	SNV
ENSG00000239354	RPS17P15	TK13	SNV	SNV
ENSG00000239395	ENSG00000239395	TK13	SNV	SNV
ENSG00000239398	RN7SL342P	TK91	SNV	SNV
ENSG00000239443	PABPC1P10	TK92	SNV	SNV
ENSG00000239465	RPL21P15	TK91	SNV	SNV
ENSG00000239481	RPS3AP41	TK92	SNV	SNV
ENSG00000239498	ENSG00000239498	TK91	SNV	SNV
ENSG00000239510	RPL9P5	TK91	SNV	SNV
ENSG00000239527	RPS23P7	TK92	SNV	SNV
ENSG00000239553	RN7SL12P	TK10	SNV	SNV
ENSG00000239593	ENSG00000239593	TK92	SNV	SNV
ENSG00000239649	MYADML	TK13	SNV	SNV
ENSG00000239670	ENSG00000239670	TK18	SNV	SNV
ENSG00000239672	NME1	TK13	SNV	SNV
ENSG00000239684	PTGER4P3	TK18	SNV	SNV
ENSG00000239686	ENSG00000239686	TK91	SNV	SNV
ENSG00000239722	IMP3P2	TK92	SNV	SNV
ENSG00000239736	CEACAMP3	TK91	SNV	SNV
ENSG00000239774	TTC14-DT	TK93	SNV	SNV
ENSG00000239822	RN7SL754P	TK93	INDEL,SNV	SNV
ENSG00000239830	RPS4XP22	TK92	SNV	SNV
ENSG00000239831	RNF7P1	TK91	SNV	SNV
ENSG00000239835	PARLP1	TK91	SNV	SNV
ENSG00000239840	RPL23AP72	TK92	SNV	SNV
ENSG00000239868	RN7SL34P	TK18	SNV	SNV
ENSG00000239899	RN7SL674P	TK93	SNV	SNV
ENSG00000239910	RN7SL530P	TK92	SNV	SNV
ENSG00000239912	RPL39P36	TK12	SNV	SNV
ENSG00000239919	SNRPGP3	TK10	SNV	SNV
ENSG00000239941	LINC02917	TK10	SNV	SNV
ENSG00000239953	RN7SL273P	TK18	SNV	SNV
ENSG00000239981	OR2A15P	TK13	SNV	SNV
ENSG00000239994	ENSG00000239994	TK10	SNV	SNV
ENSG00000239995	TPT1P11	TK92	SNV	SNV
ENSG00000239997	FCF1P3	TK91	SNV	SNV
ENSG00000240002	YBX1P3	TK91	SNV	SNV
ENSG00000240006	LINC02004	TK18	SNV	SNV
ENSG00000240014	RN7SL254P	TK91	INDEL	SNV
ENSG00000240058	ARGFXP1	TK13	SNV	SNV
ENSG00000240098	RN7SL351P	TK91	INDEL	SNV
ENSG00000240198	ARHGEF3-AS1	TK92	SNV	SNV
ENSG00000240201	ENSG00000240201	TK91	SNV	SNV
ENSG00000240210	RPL7AP5	TK12	SNV	SNV
ENSG00000240238	RPL21P117	TK92	SNV	SNV
ENSG00000240298	RPL36AP40	TK10	SNV	SNV
ENSG00000240317	RN7SL764P	TK93	SNV	SNV
ENSG00000240354	ENSG00000240354	TK93	SNV	SNV
ENSG00000240366	RPL36AP45	TK92	SNV	SNV
ENSG00000240374	RN7SL503P	TK10	SNV	SNV
ENSG00000240375	VPS26AP1	TK14	SNV	SNV
ENSG00000240385	RPS29P20	TK93	SNV	SNV
ENSG00000240393	DRG1P2	TK18	SNV	SNV
ENSG00000240404	ENSG00000240404	TK92	SNV	SNV
ENSG00000240443	RPS10P20	TK91	INDEL,SNV	SNV
ENSG00000240463	RPS19P3	TK14	SNV	SNV
ENSG00000240474	RN7SL116P	TK18	SNV	SNV
ENSG00000240478	ENSG00000240478	TK18	SNV	SNV
ENSG00000240481	RN7SL38P	TK92	SNV	SNV
ENSG00000240487	ATOSBP1	TK13	SNV	SNV
ENSG00000240521	ENSG00000240521	TK13	SNV	SNV
ENSG00000240531	RPL21P123	TK92	SNV	SNV
ENSG00000240542	KRTAP9-1	TK13	SNV	SNV
ENSG00000240554	RPL7AP58	TK91	INDEL	SNV
ENSG00000240563	L1TD1	TK14	SNV	SNV
ENSG00000240627	ENSG00000240627	TK13	SNV	SNV
ENSG00000240667	NBPF18P	TK12	SNV	SNV
ENSG00000240668	KRT8P36	TK14	SNV	SNV
ENSG00000240669	ENSG00000240669	TK92	SNV	SNV
ENSG00000240671	IGKV1-8	TK13	SNV	SNV
ENSG00000240698	RPS2P39	TK91	SNV	SNV
ENSG00000240707	LINC01168	TK92	SNV	SNV
ENSG00000240723	RN7SL382P	TK93	SNV	SNV
ENSG00000240724	RPS12P15	TK13	SNV	SNV
ENSG00000240767	RN7SL288P	TK12	SNV	SNV
ENSG00000240775	ENSG00000240775	TK91	SNV	SNV
ENSG00000240777	ENSG00000240777	TK18	SNV	SNV
ENSG00000240791	MTND4LP7	TK12	SNV	SNV
ENSG00000240801	ENSG00000240801	TK10	SNV	SNV
ENSG00000240808	ENSG00000240808	TK10	SNV	SNV
ENSG00000240823	RN7SL23P	TK91	SNV	SNV
ENSG00000240873	RPS29P22	TK93	SNV	SNV
ENSG00000240895	ENSG00000240895	TK13	SNV	SNV
ENSG00000240912	H2BP3	TK16	SNV	SNV
ENSG00000240934	ENSG00000240934	TK93	SNV	SNV
ENSG00000240964	RN7SL751P	TK13	SNV	SNV
ENSG00000240980	ENSG00000240980	TK13	SNV	SNV
ENSG00000241008	RPL7AP55	TK91	SNV	SNV
ENSG00000241026	RPL21P77	TK93	SNV	SNV
ENSG00000241037	RN7SL335P	TK10	SNV	SNV
ENSG00000241074	RN7SL813P	TK93	SNV	SNV
ENSG00000241103	RPL35AP11	TK91	SNV	SNV
ENSG00000241111	PRICKLE2-AS1	TK93	SNV	SNV
ENSG00000241114	ENSG00000241114	TK12	SNV	SNV
ENSG00000241120	HMGN1P8	TK91	SNV	SNV
ENSG00000241128	OR14A2	TK92	SNV	SNV
ENSG00000241129	RPL22P19	TK92	INDEL	SNV
ENSG00000241157	RPL32P32	TK93	SNV	SNV
ENSG00000241168	ENSG00000241168	TK91	INDEL	SNV
ENSG00000241172	RN7SL70P	TK92	SNV	SNV
ENSG00000241179	ENSG00000241179	TK93	SNV	SNV
ENSG00000241187	RPL21P57	TK10	SNV	SNV
ENSG00000241207	ENSG00000241207	TK91	SNV	SNV
ENSG00000241216	SNAPC5P1	TK14	SNV	SNV
ENSG00000241230	RN7SL801P	TK92	SNV	SNV
ENSG00000241282	RPL34P33	TK92	SNV	SNV
ENSG00000241286	RPL29P25	TK93	SNV	SNV
ENSG00000241318	WDR82P2	TK13	SNV	SNV
ENSG00000241357	ENSG00000241357	TK13	SNV	SNV
ENSG00000241392	RN7SL205P	TK10	SNV	SNV
ENSG00000241411	ENSG00000241411	TK91	SNV	SNV
ENSG00000241413	RN7SL441P	TK10	SNV	SNV
ENSG00000241416	KRT8P13	TK13	SNV	SNV
ENSG00000241418	MCRIP2P1	TK92	SNV	SNV
ENSG00000241439	FBRSL1P1	TK91	SNV	SNV
ENSG00000241532	AGGF1P3	TK92	SNV	SNV
ENSG00000241546	RFKP3	TK91	SNV	SNV
ENSG00000241566	IGKV2D-24	TK13	SNV	SNV
ENSG00000241588	RN7SL484P	TK93	SNV	SNV
ENSG00000241593	ENSG00000241593	TK92	SNV	SNV
ENSG00000241595	KRTAP9-4	TK14	SNV	SNV
ENSG00000241634	RPL13P8	TK10	SNV	SNV
ENSG00000241635	UGT1A1	TK10	SNV	SNV
ENSG00000241640	RPL21P113	TK92	SNV	SNV
ENSG00000241657	TRBV11-2	TK13	SNV	SNV
ENSG00000241661	PPP1R2P6	TK92	SNV	SNV
ENSG00000241668	RPL19P11	TK13	SNV	SNV
ENSG00000241669	LINC01327	TK91	SNV	SNV
ENSG00000241678	RPL21P94	TK92	SNV	SNV
ENSG00000241721	SUMO1P1	TK18	SNV	SNV
ENSG00000241723	RPL15P6	TK93	SNV	SNV
ENSG00000241746	RPL13AP18	TK14	SNV	SNV
ENSG00000241755	IGKV1-9	TK13	SNV	SNV
ENSG00000241782	RPL21P95	TK93	SNV	SNV
ENSG00000241785	RN7SL390P	TK91	SNV	SNV
ENSG00000241792	ENSG00000241792	TK10	SNV	SNV
ENSG00000241834	RN7SL149P	TK91	SNV	SNV
ENSG00000241882	ENSG00000241882	TK91	SNV	SNV
ENSG00000241890	RPL13P4	TK91	SNV	SNV
ENSG00000241913	RPS29P21	TK10	SNV	SNV
ENSG00000241926	MTCO1P55	TK92	SNV	SNV
ENSG00000241942	RPS20P20	TK91	SNV	SNV
ENSG00000241947	HNRNPA1P24	TK13	SNV	SNV
ENSG00000241991	ENSG00000241991	TK92	SNV	SNV
ENSG00000241997	RN7SL323P	TK10	SNV	SNV
ENSG00000242020	RN7SL68P	TK18	SNV	SNV
ENSG00000242048	PRKAG2-AS2	TK92	SNV	SNV
ENSG00000242049	DNAJB8-AS1	TK13	SNV	SNV
ENSG00000242058	RPS4XP19	TK91	SNV	SNV
ENSG00000242102	RN7SL152P	TK92	SNV	SNV
ENSG00000242107	LINC01100	TK92	SNV	SNV
ENSG00000242134	RPL5P13	TK92	SNV	SNV
ENSG00000242135	RPL17P2	TK91	SNV	SNV
ENSG00000242153	OFD1P6Y	TK18	SNV	SNV
ENSG00000242156	ENSG00000242156	TK14	SNV	SNV
ENSG00000242163	ENSG00000242163	TK12	SNV	SNV
ENSG00000242182	RN7SL745P	TK16	SNV	SNV
ENSG00000242197	ENSG00000242197	TK91	SNV	SNV
ENSG00000242199	RPS26P22	TK92	SNV	SNV
ENSG00000242206	RPS26P35	TK91	SNV	SNV
ENSG00000242207	HOXB-AS4	TK14	SNV	SNV
ENSG00000242236	RN7SL594P	TK93	SNV	SNV
ENSG00000242244	ATP5MC1P3	TK10	SNV	SNV
ENSG00000242278	RPS3AP48	TK93	SNV	SNV
ENSG00000242307	RPS26P52	TK91	SNV	SNV
ENSG00000242314	RPL12P32	TK93	SNV	SNV
ENSG00000242318	RPL21P48	TK92	SNV	SNV
ENSG00000242324	ENSG00000242324	TK93	SNV	SNV
ENSG00000242327	ENSG00000242327	TK91	SNV	SNV
ENSG00000242385	LINC00901	TK18	SNV	SNV
ENSG00000242390	RPL6P9	TK16	SNV	SNV
ENSG00000242391	ENSG00000242391	TK14	INDEL,SNV	SNV
ENSG00000242411	ENSG00000242411	TK93	INDEL,SNV	SNV
ENSG00000242473	KIR2DP1	TK14	SNV	SNV
ENSG00000242531	ENSG00000242531	TK13	SNV	SNV
ENSG00000242537	MRE11P1	TK92	SNV	SNV
ENSG00000242562	DCAF13P1	TK92	SNV	SNV
ENSG00000242568	ENSG00000242568	TK10	SNV	SNV
ENSG00000242578	ENSG00000242578	TK93	SNV	SNV
ENSG00000242580	IGKV1D-43	TK14	SNV	SNV
ENSG00000242614	RN7SL164P	TK92	SNV	SNV
ENSG00000242675	RPS16P9	TK10	SNV	SNV
ENSG00000242686	PDE6B-AS1	TK10	SNV	SNV
ENSG00000242703	CCT4P1	TK92	SNV	SNV
ENSG00000242705	ICE2P2	TK91	SNV	SNV
ENSG00000242719	RN7SL806P	TK93	INDEL	SNV
ENSG00000242753	ENSG00000242753	TK18	SNV	SNV
ENSG00000242766	IGKV1D-17	TK13	SNV	SNV
ENSG00000242767	ZBTB20-AS4	TK91	SNV	SNV
ENSG00000242829	RPS26P21	TK16	SNV	SNV
ENSG00000242863	RN7SL677P	TK92	SNV	SNV
ENSG00000242908	AADACL2-AS1	TK14	SNV	SNV
ENSG00000242925	PLCH1-AS2	TK14	SNV	SNV
ENSG00000242931	RPL7P49	TK91	SNV	SNV
ENSG00000242968	SULT1D1P2	TK14	SNV	SNV
ENSG00000242971	RN7SL233P	TK93	INDEL	SNV
ENSG00000242978	PPIAP83	TK91	SNV	SNV
ENSG00000242986	RPL21P99	TK10	SNV	SNV
ENSG00000243007	RPL12P35	TK92	SNV	SNV
ENSG00000243027	RN7SL354P	TK18	SNV	SNV
ENSG00000243038	ENSG00000243038	TK92	SNV	SNV
ENSG00000243048	FTHL18P	TK13	SNV	SNV
ENSG00000243063	IGKV3-7	TK13	SNV	SNV
ENSG00000243085	ENSG00000243085	TK92	SNV	SNV
ENSG00000243144	LINC02932	TK92	SNV	SNV
ENSG00000243164	RPL31P48	TK92	SNV	SNV
ENSG00000243173	RN7SL861P	TK93	SNV	SNV
ENSG00000243238	IGKV2-30	TK13	SNV	SNV
ENSG00000243256	RPL30P14	TK91	INDEL,SNV	SNV
ENSG00000243265	RPL23AP55	TK92	SNV	SNV
ENSG00000243274	RN7SL571P	TK93	SNV	SNV
ENSG00000243279	PRAF2	TK10	SNV	SNV
ENSG00000243284	VSIG8	TK13	SNV	SNV
ENSG00000243303	ENSG00000243303	TK92	SNV	SNV
ENSG00000243313	RN7SL285P	TK92	SNV	SNV
ENSG00000243314	RPS12P7	TK91	SNV	SNV
ENSG00000243316	GUCY2GP	TK92	SNV	SNV
ENSG00000243347	LINC02045	TK92	SNV	SNV
ENSG00000243352	RN7SL8P	TK92	SNV	SNV
ENSG00000243370	RN7SL775P	TK18	SNV	SNV
ENSG00000243398	RN7SL141P	TK92	INDEL,SNV	SNV
ENSG00000243402	RPL15P12	TK93	SNV	SNV
ENSG00000243404	RPL35AP32	TK93	SNV	SNV
ENSG00000243414	TICAM2	TK91	SNV	SNV
ENSG00000243417	RPS3AP18	TK13	SNV	SNV
ENSG00000243420	RN7SL734P	TK13	SNV	SNV
ENSG00000243422	RPL23AP49	TK92	SNV	SNV
ENSG00000243423	ENSG00000243423	TK92	SNV	SNV
ENSG00000243446	RN7SL284P	TK91	SNV	SNV
ENSG00000243468	INGX	TK13	SNV	SNV
ENSG00000243478	AOX2P	TK10	SNV	SNV
ENSG00000243480	AMY2A	TK12	SNV	SNV
ENSG00000243485	MIR1302-2HG	TK93	SNV	SNV
ENSG00000243491	ENSG00000243491	TK12	SNV	SNV
ENSG00000243501	ENSG00000243501	TK14	SNV	SNV
ENSG00000243510	RN7SL111P	TK91	SNV	SNV
ENSG00000243516	RPL12P40	TK93	SNV	SNV
ENSG00000243537	RPL32P20	TK93	SNV	SNV
ENSG00000243574	ENSG00000243574	TK93	SNV	SNV
ENSG00000243609	RPS2P44	TK92	SNV	SNV
ENSG00000243636	ENSG00000243636	TK93	SNV	SNV
ENSG00000243659	ENSG00000243659	TK13	SNV	SNV
ENSG00000243672	RPS3AP40	TK14	SNV	SNV
ENSG00000243674	OR7E66P	TK92	SNV	SNV
ENSG00000243686	RPLP1P11	TK91	SNV	SNV
ENSG00000243702	RN7SL638P	TK93	SNV	SNV
ENSG00000243709	LEFTY1	TK14	SNV	SNV
ENSG00000243715	CACNA2D3-AS1	TK92	SNV	SNV
ENSG00000243730	RPL29P3	TK92	SNV	SNV
ENSG00000243766	HOTTIP	TK12	INDEL	SNV
ENSG00000243770	RN7SL65P	TK93	SNV	SNV
ENSG00000243777	ENSG00000243777	TK91	SNV	SNV
ENSG00000243782	RN7SL78P	TK91	SNV	SNV
ENSG00000243797	ENSG00000243797	TK93	SNV	SNV
ENSG00000243799	PEX5L-AS1	TK92	SNV	SNV
ENSG00000243801	RN7SL461P	TK12	SNV	SNV
ENSG00000243802	ENSG00000243802	TK93	SNV	SNV
ENSG00000243838	PSMC1P7	TK14	SNV	SNV
ENSG00000243844	RPL17P33	TK93	SNV	SNV
ENSG00000243845	RN7SL30P	TK93	SNV	SNV
ENSG00000243847	RN7SL610P	TK91	SNV	SNV
ENSG00000243854	RN7SL67P	TK91	SNV	SNV
ENSG00000243888	ENSG00000243888	TK13	SNV	SNV
ENSG00000243903	ENSG00000243903	TK92	SNV	SNV
ENSG00000243916	ENSG00000243916	TK13	SNV	SNV
ENSG00000243954	RN7SL743P	TK16	SNV	SNV
ENSG00000243955	GSTA1	TK13	SNV	SNV
ENSG00000243969	ENSG00000243969	TK92	SNV	SNV
ENSG00000244002	RPSAP39	TK10	SNV	SNV
ENSG00000244019	RPS2P24	TK92	SNV	SNV
ENSG00000244036	UBE2H-DT	TK10	SNV	SNV
ENSG00000244044	RN7SL735P	TK93	SNV	SNV
ENSG00000244067	GSTA2	TK10	SNV	SNV
ENSG00000244073	RPS4XP6	TK92	SNV	SNV
ENSG00000244080	RN7SL833P	TK16	INDEL	SNV
ENSG00000244131	RPSAP51	TK91	SNV	SNV
ENSG00000244157	EIF4E2P2	TK92	SNV	SNV
ENSG00000244176	ENSG00000244176	TK10	INDEL,SNV	SNV
ENSG00000244187	TMEM141	TK14	SNV	SNV
ENSG00000244193	ENSG00000244193	TK93	SNV	SNV
ENSG00000244229	RPL26P35	TK91	SNV	SNV
ENSG00000244236	RN7SL604P	TK93	SNV	SNV
ENSG00000244267	RPL34P22	TK10	SNV	SNV
ENSG00000244283	RPL23AP73	TK14	SNV	SNV
ENSG00000244289	RPS3AP35	TK92	SNV	SNV
ENSG00000244296	RN7SL168P	TK92	SNV	SNV
ENSG00000244314	RN7SL36P	TK92	SNV	SNV
ENSG00000244321	LINC01326	TK13	SNV	SNV
ENSG00000244349	ENSG00000244349	TK91	INDEL	SNV
ENSG00000244381	SDHDP3	TK13	SNV	SNV
ENSG00000244389	RN7SL242P	TK91	SNV	SNV
ENSG00000244391	RN7SL330P	TK92	SNV	SNV
ENSG00000244422	RPL38P3	TK91	SNV	SNV
ENSG00000244436	ENSG00000244436	TK92	SNV	SNV
ENSG00000244464	ENSG00000244464	TK93	SNV	SNV
ENSG00000244474	UGT1A4	TK13	SNV	SNV
ENSG00000244485	RPL18P13	TK18	SNV	SNV
ENSG00000244509	APOBEC3C	TK92	SNV	SNV
ENSG00000244510	ENSG00000244510	TK93	SNV	SNV
ENSG00000244527	RPL21P128	TK92	SNV	SNV
ENSG00000244528	SEPTIN14P2	TK14	SNV	SNV
ENSG00000244537	KRTAP4-2	TK13	SNV	SNV
ENSG00000244561	C12orf29P2	TK13	SNV	SNV
ENSG00000244618	RN7SL334P	TK92	INDEL,SNV	SNV
ENSG00000244623	OR2AE1	TK92	SNV	SNV
ENSG00000244625	MIATNB	TK10	SNV	SNV
ENSG00000244642	RN7SL396P	TK93	INDEL,SNV	SNV
ENSG00000244653	UBFD1P1	TK14	SNV	SNV
ENSG00000244703	CD46P1	TK93	SNV	SNV
ENSG00000244705	RPLP0P10	TK91	SNV	SNV
ENSG00000244710	RN7SL47P	TK93	SNV	SNV
ENSG00000244722	RPSAP29	TK13	SNV	SNV
ENSG00000244791	ENSG00000244791	TK18	SNV	SNV
ENSG00000245112	SMARCA5-AS1	TK13	SNV	SNV
ENSG00000245648	KLRK1-AS1	TK10	SNV	SNV
ENSG00000245694	CRNDE	TK18	SNV	SNV
ENSG00000245832	MIR4300HG	TK93	SNV	SNV
ENSG00000245864	MEF2C-AS2	TK92	SNV	SNV
ENSG00000245970	RPL30-AS1	TK16	INDEL,SNV	SNV
ENSG00000246016	LINC01513	TK13	SNV	SNV
ENSG00000246082	NUDT16L2P	TK18	INDEL	SNV
ENSG00000246211	P4HA3-AS1	TK13	SNV	SNV
ENSG00000246790	SORL1-AS1	TK13	SNV	SNV
ENSG00000247763	TUBAP14	TK92	SNV	SNV
ENSG00000247765	ENSG00000247765	TK92	SNV	SNV
ENSG00000247810	ENSG00000247810	TK92	SNV	SNV
ENSG00000248029	ENSG00000248029	TK10	SNV	SNV
ENSG00000248127	SV2C-AS1	TK93	SNV	SNV
ENSG00000248176	ENSG00000248176	TK10	SNV	SNV
ENSG00000248184	LINC02283	TK10	SNV	SNV
ENSG00000248185	ENSG00000248185	TK93	SNV	SNV
ENSG00000248187	ENSG00000248187	TK92	SNV	SNV
ENSG00000248192	ATG10-AS1	TK93	SNV	SNV
ENSG00000248200	ENSG00000248200	TK12	SNV	SNV
ENSG00000248203	ENSG00000248203	TK93	SNV	SNV
ENSG00000248222	SLIT3-AS1	TK91	SNV	SNV
ENSG00000248231	KRT8P4	TK13	SNV	SNV
ENSG00000248234	ENSG00000248234	TK92	SNV	SNV
ENSG00000248245	ENSG00000248245	TK92	SNV	SNV
ENSG00000248261	ENSG00000248261	TK92	SNV	SNV
ENSG00000248281	ENSG00000248281	TK92	SNV	SNV
ENSG00000248282	MTCYBP44	TK92	SNV	SNV
ENSG00000248283	CCNL2P1	TK92	SNV	SNV
ENSG00000248285	ENSG00000248285	TK10	SNV	SNV
ENSG00000248307	LINC00616	TK16	SNV	SNV
ENSG00000248308	ENSG00000248308	TK14	SNV	SNV
ENSG00000248311	ENSG00000248311	TK92	SNV	SNV
ENSG00000248313	CYP4F27P	TK10	SNV	SNV
ENSG00000248319	LINC02275	TK92	SNV	SNV
ENSG00000248329	APELA	TK93	INDEL,SNV	SNV
ENSG00000248332	TUB-AS1	TK10	SNV	SNV
ENSG00000248340	PIMREGP4	TK93	SNV	SNV
ENSG00000248369	ENSG00000248369	TK13	SNV	SNV
ENSG00000248371	LINC02056	TK92	SNV	SNV
ENSG00000248397	LINC00498	TK91	INDEL,SNV	SNV
ENSG00000248415	GAPDHP61	TK92	SNV	SNV
ENSG00000248423	ENSG00000248423	TK13	SNV	SNV
ENSG00000248428	ENSG00000248428	TK18	SNV	SNV
ENSG00000248431	ENSG00000248431	TK92	SNV	SNV
ENSG00000248464	FGF10-AS1	TK93	SNV	SNV
ENSG00000248466	ENSG00000248466	TK10	SNV	SNV
ENSG00000248482	ENSG00000248482	TK92	SNV	SNV
ENSG00000248492	ZFAT-AS1	TK92	SNV	SNV
ENSG00000248507	OR5H4P	TK14	SNV	SNV
ENSG00000248522	SBF1P1	TK91	SNV	SNV
ENSG00000248551	ENSG00000248551	TK14	SNV	SNV
ENSG00000248553	OR52H2P	TK92	SNV	SNV
ENSG00000248565	TECRP2	TK13	SNV	SNV
ENSG00000248588	ENSG00000248588	TK10	SNV	SNV
ENSG00000248600	ENSG00000248600	TK12	SNV	SNV
ENSG00000248607	ENSG00000248607	TK92	SNV	SNV
ENSG00000248616	ANKRD49P3	TK91	SNV	SNV
ENSG00000248626	GAPDHP40	TK93	SNV	SNV
ENSG00000248629	ENSG00000248629	TK93	INDEL,SNV	SNV
ENSG00000248634	ENSG00000248634	TK10	SNV	SNV
ENSG00000248635	ENSG00000248635	TK91	SNV	SNV
ENSG00000248648	ENSG00000248648	TK10	SNV	SNV
ENSG00000248656	ENSG00000248656	TK92	SNV	SNV
ENSG00000248682	ARHGAP22-IT1	TK93	SNV	SNV
ENSG00000248696	ENSG00000248696	TK92	SNV	SNV
ENSG00000248708	LINC02144	TK92	SNV	SNV
ENSG00000248722	AK3P4	TK91	SNV	SNV
ENSG00000248744	ENSG00000248744	TK92	SNV	SNV
ENSG00000248749	ENSG00000248749	TK14	SNV	SNV
ENSG00000248753	ENSG00000248753	TK91	SNV	SNV
ENSG00000248771	SMIM31	TK18	SNV	SNV
ENSG00000248777	ENSG00000248777	TK93	SNV	SNV
ENSG00000248779	ENSG00000248779	TK92	SNV	SNV
ENSG00000248781	PSMC1P4	TK92	SNV	SNV
ENSG00000248791	ENSG00000248791	TK93	SNV	SNV
ENSG00000248801	C8orf34-AS1	TK13	SNV	SNV
ENSG00000248817	PMPCAP1	TK93	INDEL,SNV	SNV
ENSG00000248853	ENSG00000248853	TK14	SNV	SNV
ENSG00000248872	LINC02431	TK92	SNV	SNV
ENSG00000248885	SEPTIN7P10	TK92	SNV	SNV
ENSG00000248930	CHP1P1	TK18	SNV	SNV
ENSG00000248946	MTND3P22	TK93	SNV	SNV
ENSG00000248958	ZSWIM5P3	TK13	SNV	SNV
ENSG00000248998	EFL1P2	TK18	SNV	SNV
ENSG00000249000	ENSG00000249000	TK91	SNV	SNV
ENSG00000249003	CLUHP4	TK13	SNV	SNV
ENSG00000249004	PRMT5P1	TK12	SNV	SNV
ENSG00000249008	ENSG00000249008	TK14	SNV	SNV
ENSG00000249016	ENSG00000249016	TK13	SNV	SNV
ENSG00000249017	ENSG00000249017	TK10	SNV	SNV
ENSG00000249020	SNORA58	TK13	SNV	SNV
ENSG00000249031	SUMO2P6	TK12	INDEL	SNV
ENSG00000249047	COX6B1P5	TK16	SNV	SNV
ENSG00000249064	KRT18P25	TK13	SNV	SNV
ENSG00000249079	ENSG00000249079	TK92	SNV	SNV
ENSG00000249085	TNPO1-DT	TK92	INDEL	SNV
ENSG00000249101	ENSG00000249101	TK13	SNV	SNV
ENSG00000249102	ENSG00000249102	TK18	SNV	SNV
ENSG00000249131	PSD2-AS1	TK91	SNV	SNV
ENSG00000249138	SLED1	TK93	SNV	SNV
ENSG00000249145	LINC02517	TK13	SNV	SNV
ENSG00000249149	ENSG00000249149	TK93	SNV	SNV
ENSG00000249150	ENSG00000249150	TK91	INDEL	SNV
ENSG00000249152	LNCPRESS2	TK93	SNV	SNV
ENSG00000249156	TAF11L12	TK91	SNV	SNV
ENSG00000249163	PRPF39-DT	TK93	SNV	SNV
ENSG00000249171	ENSG00000249171	TK10	SNV	SNV
ENSG00000249175	ENSG00000249175	TK18	SNV	SNV
ENSG00000249201	TERLR1	TK14	SNV	SNV
ENSG00000249235	ENSG00000249235	TK14	SNV	SNV
ENSG00000249238	BCL9P1	TK92	SNV	SNV
ENSG00000249239	RACK1P3	TK13	SNV	SNV
ENSG00000249288	SLC25A15P5	TK18	SNV	SNV
ENSG00000249311	TERF1P3	TK91	SNV	SNV
ENSG00000249320	ENSG00000249320	TK92	SNV	SNV
ENSG00000249330	ENSG00000249330	TK10	SNV	SNV
ENSG00000249334	ENSG00000249334	TK18	SNV	SNV
ENSG00000249337	SNX18P25	TK93	SNV	SNV
ENSG00000249346	LINC01016	TK92	SNV	SNV
ENSG00000249403	ENSG00000249403	TK16	SNV	SNV
ENSG00000249410	AK4P2	TK13	SNV	SNV
ENSG00000249412	ENSG00000249412	TK10	SNV	SNV
ENSG00000249419	ENSG00000249419	TK10	SNV	SNV
ENSG00000249478	ENSG00000249478	TK91	SNV	SNV
ENSG00000249483	ENSG00000249483	TK91	SNV	SNV
ENSG00000249488	NACAP5	TK10	SNV	SNV
ENSG00000249490	LINC02146	TK10	SNV	SNV
ENSG00000249494	DMXL1-DT	TK10	SNV	SNV
ENSG00000249522	ENSG00000249522	TK92	INDEL,SNV	SNV
ENSG00000249525	ENSG00000249525	TK92	SNV	SNV
ENSG00000249551	LINC02216	TK93	INDEL	SNV
ENSG00000249563	EVA1CP1	TK91	SNV	SNV
ENSG00000249599	BMPR1B-DT	TK93	SNV	SNV
ENSG00000249605	ENSG00000249605	TK92	SNV	SNV
ENSG00000249610	ZNF474-AS1	TK93	SNV	SNV
ENSG00000249639	ENSG00000249639	TK92	INDEL	SNV
ENSG00000249641	HOXC13-AS	TK14	SNV	SNV
ENSG00000249669	CARMN	TK93	SNV	SNV
ENSG00000249681	KRT19P3	TK92	SNV	SNV
ENSG00000249686	ENSG00000249686	TK91	SNV	SNV
ENSG00000249697	ENSG00000249697	TK92	SNV	SNV
ENSG00000249708	ENSG00000249708	TK93	SNV	SNV
ENSG00000249710	DDIT4L-AS1	TK18	SNV	SNV
ENSG00000249721	ENSG00000249721	TK18	SNV	SNV
ENSG00000249727	ENSG00000249727	TK16	SNV	SNV
ENSG00000249738	ENSG00000249738	TK18	SNV	SNV
ENSG00000249740	OSMR-DT	TK93	SNV	SNV
ENSG00000249742	ENSG00000249742	TK92	SNV	SNV
ENSG00000249745	HMGB1P28	TK13	SNV	SNV
ENSG00000249746	ENSG00000249746	TK92	SNV	SNV
ENSG00000249751	ECSCR	TK93	SNV	SNV
ENSG00000249773	ENSG00000249773	TK10	SNV	SNV
ENSG00000249779	ENSG00000249779	TK93	SNV	SNV
ENSG00000249828	ENSG00000249828	TK92	SNV	SNV
ENSG00000249844	OR7E43P	TK13	SNV	SNV
ENSG00000249848	ENSG00000249848	TK91	SNV	SNV
ENSG00000249854	CDH18-AS1	TK92	SNV	SNV
ENSG00000249856	ENSG00000249856	TK13	INDEL	SNV
ENSG00000249861	LGALS16	TK13	SNV	SNV
ENSG00000249891	KRT19P6	TK91	SNV	SNV
ENSG00000249892	ENSG00000249892	TK10	SNV	SNV
ENSG00000249896	JAKMIP1-DT	TK10	SNV	SNV
ENSG00000249916	ENSG00000249916	TK12	SNV	SNV
ENSG00000249917	LINC00536	TK93	SNV	SNV
ENSG00000249928	UQCRBP3	TK93	SNV	SNV
ENSG00000249942	ENSG00000249942	TK10	SNV	SNV
ENSG00000249944	ENSG00000249944	TK92	INDEL	SNV
ENSG00000249945	ENSG00000249945	TK14	SNV	SNV
ENSG00000249955	ENSG00000249955	TK92	SNV	SNV
ENSG00000249956	UGT2B24P	TK13	SNV	SNV
ENSG00000249958	CCT7P2	TK92	INDEL	SNV
ENSG00000249965	CDC42P4	TK14	SNV	SNV
ENSG00000249973	CHCHD2P7	TK10	SNV	SNV
ENSG00000249978	TRGV7	TK14	SNV	SNV
ENSG00000249994	ENSG00000249994	TK93	SNV	SNV
ENSG00000250020	ENSG00000250020	TK10	SNV	SNV
ENSG00000250041	ENSG00000250041	TK92	SNV	SNV
ENSG00000250050	MTND4P9	TK92	SNV	SNV
ENSG00000250071	ARPC1AP3	TK13	SNV	SNV
ENSG00000250072	SH3TC2-DT	TK92	SNV	SNV
ENSG00000250076	MAPRE1P2	TK92	SNV	SNV
ENSG00000250079	ENSG00000250079	TK14	SNV	SNV
ENSG00000250080	ENSG00000250080	TK14	SNV	SNV
ENSG00000250105	ENSG00000250105	TK16	SNV	SNV
ENSG00000250106	ANKRD33B-AS1	TK91	SNV	SNV
ENSG00000250169	MTND5P13	TK92	SNV	SNV
ENSG00000250173	ENSG00000250173	TK16	SNV	SNV
ENSG00000250185	RCC2P8	TK92	SNV	SNV
ENSG00000250198	LINC02199	TK91	SNV	SNV
ENSG00000250215	CIR1P2	TK91	SNV	SNV
ENSG00000250219	LTV1P1	TK92	SNV	SNV
ENSG00000250227	TRIM60P14	TK91	SNV	SNV
ENSG00000250230	ENSG00000250230	TK92	SNV	SNV
ENSG00000250260	ENSG00000250260	TK92	SNV	SNV
ENSG00000250274	ENSG00000250274	TK92	SNV	SNV
ENSG00000250298	GIMD1	TK14	SNV	SNV
ENSG00000250300	ENSG00000250300	TK91	SNV	SNV
ENSG00000250304	ZBED1P1	TK16	SNV	SNV
ENSG00000250306	ENSG00000250306	TK92	SNV	SNV
ENSG00000250309	MYOZ3-AS1	TK10	SNV	SNV
ENSG00000250316	ENSG00000250316	TK10	SNV	SNV
ENSG00000250346	EEF1GP2	TK14	SNV	SNV
ENSG00000250347	ENSG00000250347	TK10	SNV	SNV
ENSG00000250375	ENSG00000250375	TK92	SNV	SNV
ENSG00000250377	ENSG00000250377	TK92	SNV	SNV
ENSG00000250403	ENSG00000250403	TK93	SNV	SNV
ENSG00000250406	ENSG00000250406	TK93	SNV	SNV
ENSG00000250425	OR7E35P	TK13	SNV	SNV
ENSG00000250428	MRS2P1	TK91	SNV	SNV
ENSG00000250442	EIF3KP3	TK13	SNV	SNV
ENSG00000250453	ENSG00000250453	TK13	SNV	SNV
ENSG00000250455	ENSG00000250455	TK18	SNV	SNV
ENSG00000250462	LRRC37BP1	TK92	SNV	SNV
ENSG00000250497	ENSG00000250497	TK12	SNV	SNV
ENSG00000250500	ENSG00000250500	TK91	SNV	SNV
ENSG00000250514	LINC02125	TK18	SNV	SNV
ENSG00000250550	PPBPP1	TK13	SNV	SNV
ENSG00000250563	KNOP1P5	TK12	SNV	SNV
ENSG00000250573	ENSG00000250573	TK93	SNV	SNV
ENSG00000250574	ENSG00000250574	TK14	SNV	SNV
ENSG00000250613	ENSG00000250613	TK92	SNV	SNV
ENSG00000250615	ENSG00000250615	TK13	SNV	SNV
ENSG00000250658	ENSG00000250658	TK91	SNV	SNV
ENSG00000250666	LINC01596	TK93	SNV	SNV
ENSG00000250687	NAIPP1	TK16	SNV	SNV
ENSG00000250698	ENSG00000250698	TK93	SNV	SNV
ENSG00000250710	OR7E99P	TK14	SNV	SNV
ENSG00000250716	LINC01017	TK13	SNV	SNV
ENSG00000250726	ENSG00000250726	TK16	SNV	SNV
ENSG00000250727	ENSG00000250727	TK92	SNV	SNV
ENSG00000250761	ENSG00000250761	TK93	SNV	SNV
ENSG00000250770	ENSG00000250770	TK93	SNV	SNV
ENSG00000250781	ENSG00000250781	TK14	SNV	SNV
ENSG00000250788	TUBB8P4	TK13	SNV	SNV
ENSG00000250801	THOC3-AS1	TK14	SNV	SNV
ENSG00000250804	OR7E111FP	TK13	SNV	SNV
ENSG00000250808	MTCO2P30	TK12	SNV	SNV
ENSG00000250819	LINC02493	TK10	SNV	SNV
ENSG00000250822	LINC02111	TK13	SNV	SNV
ENSG00000250831	ENSG00000250831	TK10	SNV	SNV
ENSG00000250833	DNM1P17	TK93	SNV	SNV
ENSG00000250834	KRT18P54	TK18	SNV	SNV
ENSG00000250842	ENSG00000250842	TK10	SNV	SNV
ENSG00000250855	ENSG00000250855	TK93	SNV	SNV
ENSG00000250914	ENSG00000250914	TK92	SNV	SNV
ENSG00000250919	UGT2B26P	TK14	SNV	SNV
ENSG00000250930	LNX1-AS1	TK92	SNV	SNV
ENSG00000250934	ENSG00000250934	TK92	SNV	SNV
ENSG00000250939	IFT122P1	TK91	SNV	SNV
ENSG00000250961	RMEL3	TK91	SNV	SNV
ENSG00000250986	LINC02600	TK93	SNV	SNV
ENSG00000250992	ENSG00000250992	TK10	SNV	SNV
ENSG00000251008	LTO1P1	TK10	SNV	SNV
ENSG00000251015	SLC25A30-AS1	TK16	SNV	SNV
ENSG00000251017	ENSG00000251017	TK91	SNV	SNV
ENSG00000251045	SLC25A48-AS1	TK10	SNV	SNV
ENSG00000251049	ENSG00000251049	TK92	SNV	SNV
ENSG00000251111	FCF1P8	TK91	SNV	SNV
ENSG00000251144	ENSG00000251144	TK14	SNV	SNV
ENSG00000251155	SEPTIN14P4	TK10	SNV	SNV
ENSG00000251168	ENSG00000251168	TK10	SNV	SNV
ENSG00000251177	ENSG00000251177	TK12	INDEL,SNV	SNV
ENSG00000251203	DNAJB6P2	TK16	SNV	SNV
ENSG00000251206	TILRLS	TK12	SNV	SNV
ENSG00000251211	ENSG00000251211	TK92	SNV	SNV
ENSG00000251218	ENSG00000251218	TK92	SNV	SNV
ENSG00000251239	ENSG00000251239	TK13	SNV	SNV
ENSG00000251249	LINC03074	TK93	SNV	SNV
ENSG00000251252	MTND2P31	TK16	SNV	SNV
ENSG00000251253	MTHFD2P4	TK91	SNV	SNV
ENSG00000251254	GTF2F2P1	TK93	SNV	SNV
ENSG00000251266	LINC02429	TK91	SNV	SNV
ENSG00000251278	ENSG00000251278	TK91	SNV	SNV
ENSG00000251281	ENSG00000251281	TK16	SNV	SNV
ENSG00000251283	LINC02272	TK92	SNV	SNV
ENSG00000251296	ENSG00000251296	TK91	SNV	SNV
ENSG00000251310	ENSG00000251310	TK10	SNV	SNV
ENSG00000251311	LINC02214	TK10	INDEL,SNV	SNV
ENSG00000251313	ENSG00000251313	TK13	SNV	SNV
ENSG00000251322	SHANK3	TK13	SNV	SNV
ENSG00000251324	LINC01386	TK93	SNV	SNV
ENSG00000251336	TEMN3-AS1	TK18	SNV	SNV
ENSG00000251366	DBIP2	TK16	INDEL	SNV
ENSG00000251378	ENSG00000251378	TK13	SNV	SNV
ENSG00000251389	YTHDF1P1	TK93	SNV	SNV
ENSG00000251412	ENSG00000251412	TK92	SNV	SNV
ENSG00000251416	ENSG00000251416	TK14	INDEL	SNV
ENSG00000251435	C1GALT1P2	TK91	SNV	SNV
ENSG00000251436	NUP58P1	TK12	SNV	SNV
ENSG00000251463	FKBP4P1	TK12	SNV	SNV
ENSG00000251467	CTDNEP1P2	TK93	SNV	SNV
ENSG00000251478	ENSG00000251478	TK16	SNV	SNV
ENSG00000251482	AKIRIN2P1	TK93	SNV	SNV
ENSG00000251525	TCP11X3P	TK14	SNV	SNV
ENSG00000251537	ENSG00000251537	TK12	SNV	SNV
ENSG00000251548	ENSG00000251548	TK92	SNV	SNV
ENSG00000251563	IARS2P1	TK12	SNV	SNV
ENSG00000251585	ENSG00000251585	TK93	INDEL	SNV
ENSG00000251587	LDHAP1	TK93	SNV	SNV
ENSG00000251608	OR12D1	TK14	SNV	SNV
ENSG00000251609	SETP12	TK14	SNV	SNV
ENSG00000251610	EVA1CP6	TK14	SNV	SNV
ENSG00000251611	FHIP1A-DT	TK13	SNV	SNV
ENSG00000251613	ENSG00000251613	TK93	SNV	SNV
ENSG00000251642	ENSG00000251642	TK10	SNV	SNV
ENSG00000251648	ENSG00000251648	TK92	SNV	SNV
ENSG00000251679	ENSG00000251679	TK91	SNV	SNV
ENSG00000251685	UGT2B27P	TK14	SNV	SNV
ENSG00000251689	ENSG00000251689	TK18	SNV	SNV
ENSG00000251712	RNU7-20P	TK14	SNV	SNV
ENSG00000251714	RN7SKP67	TK92	SNV	SNV
ENSG00000251733	SCARNA8	TK13	SNV	SNV
ENSG00000251768	RNA5SP217	TK18	SNV	SNV
ENSG00000251785	RNA5SP20	TK93	SNV	SNV
ENSG00000251791	SCARNA6	TK93	SNV	SNV
ENSG00000251819	RNU6-322P	TK16	SNV	SNV
ENSG00000251870	RNU2-69P	TK10	SNV	SNV
ENSG00000251878	SNORD79	TK16	SNV	SNV
ENSG00000251951	RN7SKP34	TK92	SNV	SNV
ENSG00000251988	RNU4ATAC18P	TK13	SNV	SNV
ENSG00000251992	SCARNA17	TK10	SNV	SNV
ENSG00000252008	RNU6-927P	TK13	SNV	SNV
ENSG00000252021	Y_RNA	TK91	SNV	SNV
ENSG00000252034	RNY4P37	TK16	SNV	SNV
ENSG00000252042	Y_RNA	TK10	INDEL,SNV	SNV
ENSG00000252061	RNU6-415P	TK13	SNV	SNV
ENSG00000252072	RNA5SP320	TK93	SNV	SNV
ENSG00000252128	SNORD27	TK93	SNV	SNV
ENSG00000252139	ENSG00000252139	TK91	SNV	SNV
ENSG00000252149	RNA5SP315	TK92	SNV	SNV
ENSG00000252157	RNU6-479P	TK92	SNV	SNV
ENSG00000252172	RNU6-720P	TK18	SNV	SNV
ENSG00000252179	RNA5SP255	TK92	SNV	SNV
ENSG00000252236	ENSG00000252236	TK91	SNV	SNV
ENSG00000252237	RNU4-54P	TK91	SNV	SNV
ENSG00000252261	RNA5SP262	TK10	SNV	SNV
ENSG00000252274	ENSG00000252274	TK14	SNV	SNV
ENSG00000252319	Y_RNA	TK93	SNV	SNV
ENSG00000252348	RNU6-1256P	TK10	SNV	SNV
ENSG00000252376	RNA5SP395	TK10	SNV	SNV
ENSG00000252390	RNU5F-4P	TK92	INDEL	SNV
ENSG00000252427	ENSG00000252427	TK91	SNV	SNV
ENSG00000252494	RNU6-126P	TK92	SNV	SNV
ENSG00000252496	RNA5SP33	TK91	SNV	SNV
ENSG00000252516	RNA5SP82	TK14	SNV	SNV
ENSG00000252539	RNA5SP462	TK92	SNV	SNV
ENSG00000252549	RNU6-759P	TK93	SNV	SNV
ENSG00000252614	RNU6-807P	TK93	SNV	SNV
ENSG00000252615	Y_RNA	TK92	SNV	SNV
ENSG00000252621	Y_RNA	TK18	SNV	SNV
ENSG00000252650	RNA5SP75	TK10	INDEL	SNV
ENSG00000252659	RNU6-1088P	TK93	SNV	SNV
ENSG00000252680	RNA5SP449	TK92	SNV	SNV
ENSG00000252686	RNU6-1234P	TK91	SNV	SNV
ENSG00000252712	SCARNA14	TK93	SNV	SNV
ENSG00000252714	RNA5SP392	TK10	SNV	SNV
ENSG00000252719	ENSG00000252719	TK91	SNV	SNV
ENSG00000252787	ENSG00000252787	TK18	SNV	SNV
ENSG00000252839	RNU6-419P	TK91	SNV	SNV
ENSG00000252847	RNU2-46P	TK93	SNV	SNV
ENSG00000252848	RNA5SP230	TK92	SNV	SNV
ENSG00000252877	RNA5SP312	TK92	SNV	SNV
ENSG00000252887	RNU6-430P	TK91	SNV	SNV
ENSG00000252909	RNU6-201P	TK13	SNV	SNV
ENSG00000252929	RNU6-218P	TK91	INDEL,SNV	SNV
ENSG00000252947	SCARNA1	TK93	SNV	SNV
ENSG00000252994	RNU6-1231P	TK91	SNV	SNV
ENSG00000253024	RNU6-1238P	TK92	SNV	SNV
ENSG00000253049	ENSG00000253049	TK13	SNV	SNV
ENSG00000253051	SNORA31B	TK18	SNV	SNV
ENSG00000253059	ENSG00000253059	TK92	SNV	SNV
ENSG00000253063	RNU6-494P	TK92	SNV	SNV
ENSG00000253092	ENSG00000253092	TK91	SNV	SNV
ENSG00000253096	Y_RNA	TK91	SNV	SNV
ENSG00000253126	IGLVI-56	TK14	SNV	SNV
ENSG00000253146	CIR1P1	TK91	SNV	SNV
ENSG00000253154	ENSG00000253154	TK10	SNV	SNV
ENSG00000253172	ENSG00000253172	TK92	SNV	SNV
ENSG00000253173	H2AZP2	TK91	SNV	SNV
ENSG00000253176	ENSG00000253176	TK10	SNV	SNV
ENSG00000253181	ENSG00000253181	TK91	SNV	SNV
ENSG00000253197	ENSG00000253197	TK16	SNV	SNV
ENSG00000253198	ENSG00000253198	TK91	SNV	SNV
ENSG00000253206	ENSG00000253206	TK10	SNV	SNV
ENSG00000253207	ENSG00000253207	TK92	SNV	SNV
ENSG00000253217	ENSG00000253217	TK10	SNV	SNV
ENSG00000253220	ENSG00000253220	TK12	SNV	SNV
ENSG00000253258	FAM83A-AS2	TK13	SNV	SNV
ENSG00000253260	ENSG00000253260	TK10	SNV	SNV
ENSG00000253278	IGKV2-10	TK14	SNV	SNV
ENSG00000253287	ENSG00000253287	TK10	SNV	SNV
ENSG00000253294	IGHVII-40-1	TK92	SNV	SNV
ENSG00000253308	ENSG00000253308	TK12	INDEL	SNV
ENSG00000253315	LINC01932	TK18	SNV	SNV
ENSG00000253318	TMCC1P1	TK91	SNV	SNV
ENSG00000253322	ENSG00000253322	TK10	SNV	SNV
ENSG00000253327	RAD21-AS1	TK13	SNV	SNV
ENSG00000253343	ENSG00000253343	TK91	SNV	SNV
ENSG00000253351	LINC01298	TK10	SNV	SNV
ENSG00000253357	ENSG00000253357	TK10	SNV	SNV
ENSG00000253376	ENSG00000253376	TK10	SNV	SNV
ENSG00000253377	ENSG00000253377	TK92	INDEL	SNV
ENSG00000253383	ENSG00000253383	TK93	SNV	SNV
ENSG00000253389	ENSG00000253389	TK93	SNV	SNV
ENSG00000253400	ENSG00000253400	TK93	SNV	SNV
ENSG00000253403	ENSG00000253403	TK13	SNV	SNV
ENSG00000253415	ENSG00000253415	TK14	SNV	SNV
ENSG00000253427	ENSG00000253427	TK10	SNV	SNV
ENSG00000253433	NCRNA00250	TK18	SNV	SNV
ENSG00000253460	IGKV2OR22-3	TK14	SNV	SNV
ENSG00000253463	HMGB1P19	TK14	SNV	SNV
ENSG00000253471	ENSG00000253471	TK91	SNV	SNV
ENSG00000253472	ENSG00000253472	TK91	SNV	SNV
ENSG00000253480	ENSG00000253480	TK92	SNV	SNV
ENSG00000253497	IGKV1-13	TK10	SNV	SNV
ENSG00000253507	ENSG00000253507	TK91	SNV	SNV
ENSG00000253512	ENSG00000253512	TK91	SNV	SNV
ENSG00000253530	ENSG00000253530	TK12	SNV	SNV
ENSG00000253532	ENSG00000253532	TK92	SNV	SNV
ENSG00000253536	ENSG00000253536	TK93	SNV	SNV
ENSG00000253539	ENSG00000253539	TK91	SNV	SNV
ENSG00000253542	SDR16C6P	TK13	SNV	SNV
ENSG00000253547	TUBAP7	TK13	SNV	SNV
ENSG00000253555	TARDBPP4	TK13	SNV	SNV
ENSG00000253564	ENSG00000253564	TK91	SNV	SNV
ENSG00000253596	ENSG00000253596	TK91	SNV	SNV
ENSG00000253600	ENSG00000253600	TK14	INDEL,SNV	SNV
ENSG00000253603	CERNA3	TK91	SNV	SNV
ENSG00000253608	ENSG00000253608	TK10	SNV	SNV
ENSG00000253623	ENSG00000253623	TK92	SNV	SNV
ENSG00000253637	IGLVV-58	TK13	SNV	SNV
ENSG00000253646	RPL6P32	TK10	SNV	SNV
ENSG00000253647	KCNIP1-OT1	TK93	SNV	SNV
ENSG00000253648	ENSG00000253648	TK10	SNV	SNV
ENSG00000253655	JCHAINP1	TK92	SNV	SNV
ENSG00000253668	ENSG00000253668	TK91	SNV	SNV
ENSG00000253675	ENSG00000253675	TK93	SNV	SNV
ENSG00000253677	UBE2HP1	TK93	SNV	SNV
ENSG00000253711	ENSG00000253711	TK10	SNV	SNV
ENSG00000253719	ATXN7L3B	TK10	SNV	SNV
ENSG00000253726	ENSG00000253726	TK91	SNV	SNV
ENSG00000253735	ENSG00000253735	TK92	SNV	SNV
ENSG00000253737	ENSG00000253737	TK18	SNV	SNV
ENSG00000253739	RNU6-323P	TK91	SNV	SNV
ENSG00000253749	ENSG00000253749	TK18	SNV	SNV
ENSG00000253752	IGLVI-63	TK13	SNV	SNV
ENSG00000253764	KBTBD11-AS1	TK18	SNV	SNV
ENSG00000253770	HMGB1P23	TK93	SNV	SNV
ENSG00000253773	CFAP418-AS1	TK10	SNV	SNV
ENSG00000253775	ENSG00000253775	TK92	SNV	SNV
ENSG00000253776	ENSG00000253776	TK13	SNV	SNV
ENSG00000253806	ENSG00000253806	TK10	SNV	SNV
ENSG00000253809	ENSG00000253809	TK92	SNV	SNV
ENSG00000253810	PSAT1P1	TK13	SNV	SNV
ENSG00000253824	ENSG00000253824	TK18	SNV	SNV
ENSG00000253832	ENSG00000253832	TK92	SNV	SNV
ENSG00000253866	TMEM97P2	TK14	SNV	SNV
ENSG00000253875	ENSG00000253875	TK92	SNV	SNV
ENSG00000253886	ENSG00000253886	TK92	INDEL	SNV
ENSG00000253887	ENSG00000253887	TK91	SNV	SNV
ENSG00000253888	ENSG00000253888	TK91	SNV	SNV
ENSG00000253894	ENSG00000253894	TK91	SNV	SNV
ENSG00000253899	ENSG00000253899	TK92	SNV	SNV
ENSG00000253900	CDH12P4	TK92	SNV	SNV
ENSG00000253920	IGLV3-31	TK92	SNV	SNV
ENSG00000253924	ENSG00000253924	TK13	SNV	SNV
ENSG00000253926	ENSG00000253926	TK91	SNV	SNV
ENSG00000253932	ENSG00000253932	TK10	SNV	SNV
ENSG00000253934	MRPL49P2	TK92	SNV	SNV
ENSG00000253942	ENSG00000253942	TK16	SNV	SNV
ENSG00000253948	VPS13B-DT	TK92	SNV	SNV
ENSG00000253966	ENSG00000253966	TK16	SNV	SNV
ENSG00000253980	ENSG00000253980	TK92	INDEL,SNV	SNV
ENSG00000253989	IGHVIII-38-1	TK10	SNV	SNV
ENSG00000254007	ENSG00000254007	TK10	SNV	SNV
ENSG00000254011	ENSG00000254011	TK16	SNV	SNV
ENSG00000254012	RPL10P8	TK13	SNV	SNV
ENSG00000254029	IGLC4	TK93	SNV	SNV
ENSG00000254042	SLIT3-AS2	TK93	SNV	SNV
ENSG00000254043	ENSG00000254043	TK14	SNV	SNV
ENSG00000254049	NRG1-IT3	TK13	SNV	SNV
ENSG00000254050	ENSG00000254050	TK92	SNV	SNV
ENSG00000254056	IGHV3-71	TK13	SNV	SNV
ENSG00000254066	LINC01938	TK92	SNV	SNV
ENSG00000254067	ENSG00000254067	TK14	SNV	SNV
ENSG00000254076	ENSG00000254076	TK13	SNV	SNV
ENSG00000254084	ENSG00000254084	TK93	SNV	SNV
ENSG00000254089	ENSG00000254089	TK10	SNV	SNV
ENSG00000254105	VENTXP6	TK14	SNV	SNV
ENSG00000254106	LINC01848	TK91	SNV	SNV
ENSG00000254130	LINC01947	TK92	SNV	SNV
ENSG00000254141	ENSG00000254141	TK93	SNV	SNV
ENSG00000254151	NIPA2P4	TK91	INDEL	SNV
ENSG00000254170	ENSG00000254170	TK92	SNV	SNV
ENSG00000254172	RNU5A-3P	TK92	SNV	SNV
ENSG00000254175	IGLVI-42	TK14	SNV	SNV
ENSG00000254183	DNAJC8P3	TK92	SNV	SNV
ENSG00000254194	ENSG00000254194	TK18	SNV	SNV
ENSG00000254203	IGHVII-33-1	TK13	SNV	SNV
ENSG00000254209	LINC02855	TK93	SNV	SNV
ENSG00000254252	RPL7P20	TK92	INDEL	SNV
ENSG00000254272	BTF3P3	TK93	SNV	SNV
ENSG00000254283	ENSG00000254283	TK10	SNV	SNV
ENSG00000254302	ENSG00000254302	TK92	SNV	SNV
ENSG00000254305	MRPL9P1	TK93	SNV	SNV
ENSG00000254308	IGLVIV-59	TK16	SNV	SNV
ENSG00000254329	IGHVII-60-1	TK10	SNV	SNV
ENSG00000254344	LINC01288	TK10	SNV	SNV
ENSG00000254346	MTND1P6	TK92	SNV	SNV
ENSG00000254362	ENSG00000254362	TK93	SNV	SNV
ENSG00000254365	ENSG00000254365	TK12	SNV	SNV
ENSG00000254376	SOX5P1	TK13	SNV	SNV
ENSG00000254387	MYL12AP1	TK92	SNV	SNV
ENSG00000254391	ENSG00000254391	TK92	SNV	SNV
ENSG00000254395	IGHV4-55	TK16	INDEL,SNV	SNV
ENSG00000254400	ENSG00000254400	TK18	SNV	SNV
ENSG00000254406	ENSG00000254406	TK10	SNV	SNV
ENSG00000254412	ENSG00000254412	TK14	SNV	SNV
ENSG00000254415	SIGLEC14	TK10	SNV	SNV
ENSG00000254443	ENSG00000254443	TK91	SNV	SNV
ENSG00000254455	HIGD1AP10	TK93	SNV	SNV
ENSG00000254463	PPIAP41	TK92	SNV	SNV
ENSG00000254466	OR4D10	TK92	SNV	SNV
ENSG00000254467	ENSG00000254467	TK14	SNV	SNV
ENSG00000254475	OR2AT1P	TK91	SNV	SNV
ENSG00000254478	COX7CP3	TK93	SNV	SNV
ENSG00000254495	ENSG00000254495	TK16	SNV	SNV
ENSG00000254505	CHMP4A	TK14	SNV	SNV
ENSG00000254506	ENSG00000254506	TK91	SNV	SNV
ENSG00000254507	DEFB131E	TK10	SNV	SNV
ENSG00000254508	FBXO3-DT	TK12	SNV	SNV
ENSG00000254516	LINC02760	TK92	SNV	SNV
ENSG00000254522	ENSG00000254522	TK92	SNV	SNV
ENSG00000254526	ENSG00000254526	TK92	SNV	SNV
ENSG00000254535	PABPC4L	TK93	SNV	SNV
ENSG00000254542	NAV2-AS3	TK92	SNV	SNV
ENSG00000254547	ANKRD33BP6	TK10	SNV	SNV
ENSG00000254563	ENSG00000254563	TK92	SNV	SNV
ENSG00000254572	GLULP3	TK91	SNV	SNV
ENSG00000254576	OR4C1P	TK92	SNV	SNV
ENSG00000254581	VPS51P19	TK13	SNV	SNV
ENSG00000254599	ENSG00000254599	TK92	SNV	SNV
ENSG00000254605	ENSG00000254605	TK10	SNV	SNV
ENSG00000254606	ENSG00000254606	TK91	SNV	SNV
ENSG00000254609	PLA2G10BP	TK93	SNV	SNV
ENSG00000254620	ENSG00000254620	TK93	SNV	SNV
ENSG00000254632	ENSG00000254632	TK10	SNV	SNV
ENSG00000254636	ARMS2	TK13	SNV	SNV
ENSG00000254644	ENSG00000254644	TK13	SNV	SNV
ENSG00000254647	INS	TK13	SNV	SNV
ENSG00000254650	MTCYBP41	TK18	SNV	SNV
ENSG00000254658	OR8J2	TK13	SNV	SNV
ENSG00000254662	ENSG00000254662	TK93	SNV	SNV
ENSG00000254684	ENSG00000254684	TK92	SNV	SNV
ENSG00000254695	ENSG00000254695	TK10	SNV	SNV
ENSG00000254707	ENSG00000254707	TK92	SNV	SNV
ENSG00000254733	ENSG00000254733	TK92	SNV	SNV
ENSG00000254735	HMGB1P42	TK91	SNV	SNV
ENSG00000254738	MRGPRX11P	TK13	SNV	SNV
ENSG00000254739	ENSG00000254739	TK12	SNV	SNV
ENSG00000254804	ENSG00000254804	TK13	SNV	SNV
ENSG00000254817	ENSG00000254817	TK14	SNV	SNV
ENSG00000254819	ANO3-AS1	TK10	SNV	SNV
ENSG00000254830	ENSG00000254830	TK12	SNV	SNV
ENSG00000254834	OR5M10	TK13	SNV	SNV
ENSG00000254847	ENSG00000254847	TK10	SNV	SNV
ENSG00000254850	ENSG00000254850	TK12	SNV	SNV
ENSG00000254855	KLC2-AS1	TK16	SNV	SNV
ENSG00000254872	LINC02688	TK10	SNV	SNV
ENSG00000254879	PTPRJ-AS1	TK92	SNV	SNV
ENSG00000254883	ENSG00000254883	TK13	SNV	SNV
ENSG00000254885	ENSG00000254885	TK13	SNV	SNV
ENSG00000254887	POU2F2-AS1	TK16	SNV	SNV
ENSG00000254888	ENSG00000254888	TK13	SNV	SNV
ENSG00000254911	SCARNA9	TK12	SNV	SNV
ENSG00000254913	ENSG00000254913	TK93	SNV	SNV
ENSG00000254926	ENSG00000254926	TK18	SNV	SNV
ENSG00000254927	ENSG00000254927	TK93	SNV	SNV
ENSG00000254931	MTATP6P15	TK93	SNV	SNV
ENSG00000254940	OR4A19P	TK13	SNV	SNV
ENSG00000254944	ATP5PBP5	TK10	SNV	SNV
ENSG00000254946	LINC02751	TK91	SNV	SNV
ENSG00000254960	KIRREL3-AS2	TK92	SNV	SNV
ENSG00000254963	ENSG00000254963	TK10	SNV	SNV
ENSG00000254965	C1DP5	TK16	SNV	SNV
ENSG00000254974	ENSG00000254974	TK92	SNV	SNV
ENSG00000254975	ENSG00000254975	TK92	INDEL	SNV
ENSG00000254984	FTLP6	TK93	SNV	SNV
ENSG00000254993	TRIM77BP	TK14	SNV	SNV
ENSG00000255003	CYCSP28	TK92	SNV	SNV
ENSG00000255014	ARL6IP1P3	TK92	SNV	SNV
ENSG00000255021	ENSG00000255021	TK10	SNV	SNV
ENSG00000255029	ENSG00000255029	TK91	SNV	SNV
ENSG00000255039	LINC02553	TK91	SNV	SNV
ENSG00000255040	MORF4L1P3	TK10	SNV	SNV
ENSG00000255078	OR4A6P	TK13	SNV	SNV
ENSG00000255079	LINC02704	TK16	SNV	SNV
ENSG00000255081	ENSG00000255081	TK91	SNV	SNV
ENSG00000255109	LINC02740	TK92	SNV	SNV
ENSG00000255115	ENSG00000255115	TK12	SNV	SNV
ENSG00000255118	ENSG00000255118	TK13	SNV	SNV
ENSG00000255120	OVOL1-AS1	TK18	SNV	SNV
ENSG00000255128	HSPD1P3	TK92	SNV	SNV
ENSG00000255133	LINC02721	TK92	SNV	SNV
ENSG00000255136	TPBGL-AS1	TK18	SNV	SNV
ENSG00000255174	ENSG00000255174	TK14	SNV	SNV
ENSG00000255176	ENSG00000255176	TK12	SNV	SNV
ENSG00000255179	ENSG00000255179	TK93	SNV	SNV
ENSG00000255183	LINC02711	TK93	SNV	SNV
ENSG00000255190	TRIM51DP	TK14	SNV	SNV
ENSG00000255206	ENSG00000255206	TK14	SNV	SNV
ENSG00000255209	ENSG00000255209	TK92	SNV	SNV
ENSG00000255213	NPM1P35	TK93	SNV	SNV
ENSG00000255214	ENSG00000255214	TK13	SNV	SNV
ENSG00000255219	ENSG00000255219	TK12	SNV	SNV
ENSG00000255223	OR5M11	TK91	SNV	SNV
ENSG00000255233	ENSG00000255233	TK93	SNV	SNV
ENSG00000255255	PPP1R1AP1	TK92	SNV	SNV
ENSG00000255260	ENSG00000255260	TK16	SNV	SNV
ENSG00000255261	OR7E4P	TK13	SNV	SNV
ENSG00000255267	LINC02687	TK10	SNV	SNV
ENSG00000255272	ENSG00000255272	TK92	SNV	SNV
ENSG00000255273	VPS51P14	TK91	SNV	SNV
ENSG00000255303	OR5BA1P	TK91	SNV	SNV
ENSG00000255307	OR52B2	TK92	SNV	SNV
ENSG00000255311	DLG2-AS2	TK91	SNV	SNV
ENSG00000255323	LINC01495	TK14	SNV	SNV
ENSG00000255326	ENSG00000255326	TK10	SNV	SNV
ENSG00000255343	ENSG00000255343	TK13	SNV	SNV
ENSG00000255344	LINC02706	TK91	SNV	SNV
ENSG00000255361	ENSG00000255361	TK93	SNV	SNV
ENSG00000255395	ENSG00000255395	TK16	INDEL	SNV
ENSG00000255396	ENSG00000255396	TK92	SNV	SNV
ENSG00000255402	ENSG00000255402	TK91	SNV	SNV
ENSG00000255403	HSPD1P13	TK92	SNV	SNV
ENSG00000255422	ENSG00000255422	TK93	SNV	SNV
ENSG00000255424	MRGPRX9P	TK92	SNV	SNV
ENSG00000255425	OR8G3P	TK13	SNV	SNV
ENSG00000255427	LINC02707	TK12	SNV	SNV
ENSG00000255431	OR5B19P	TK13	SNV	SNV
ENSG00000255442	ENSG00000255442	TK92	SNV	SNV
ENSG00000255456	ENSG00000255456	TK92	SNV	SNV
ENSG00000255457	ENSG00000255457	TK10	SNV	SNV
ENSG00000255459	ENSG00000255459	TK93	SNV	SNV
ENSG00000255471	PRSS23-AS1	TK93	SNV	SNV
ENSG00000255482	ENSG00000255482	TK10	INDEL,SNV	SNV
ENSG00000255491	ENSG00000255491	TK92	SNV	SNV
ENSG00000255512	LINC02684	TK10	SNV	SNV
ENSG00000255522	SNRPCP5	TK91	SNV	SNV
ENSG00000255523	ENSG00000255523	TK10	SNV	SNV
ENSG00000255525	ENSG00000255525	TK18	SNV	SNV
ENSG00000255528	ENSG00000255528	TK93	SNV	SNV
ENSG00000255532	ENSG00000255532	TK13	SNV	SNV
ENSG00000255533	ENSG00000255533	TK93	SNV	SNV
ENSG00000255538	OR10V2P	TK13	SNV	SNV
ENSG00000255550	ENSG00000255550	TK10	SNV	SNV
ENSG00000255551	ENSG00000255551	TK18	SNV	SNV
ENSG00000255556	ENSG00000255556	TK13	SNV	SNV
ENSG00000255572	ENSG00000255572	TK16	SNV	SNV
ENSG00000255581	ENSG00000255581	TK91	INDEL,SNV	SNV
ENSG00000255606	LINC02952	TK92	INDEL	SNV
ENSG00000255608	ENSG00000255608	TK16	SNV	SNV
ENSG00000255649	ENSG00000255649	TK13	SNV	SNV
ENSG00000255652	LINC02963	TK92	SNV	SNV
ENSG00000255690	TRIL	TK13	SNV	SNV
ENSG00000255713	OR4D2	TK10	SNV	SNV
ENSG00000255726	ENSG00000255726	TK18	SNV	SNV
ENSG00000255730	ENSG00000255730	TK16	SNV	SNV
ENSG00000255734	HNRNPABP1	TK13	INDEL,SNV	SNV
ENSG00000255763	MRPS18CP4	TK92	SNV	SNV
ENSG00000255780	ENSG00000255780	TK93	SNV	SNV
ENSG00000255814	LINC02439	TK13	SNV	SNV
ENSG00000255817	ENSG00000255817	TK91	SNV	SNV
ENSG00000255866	ENSG00000255866	TK91	SNV	SNV
ENSG00000255871	ENSG00000255871	TK93	SNV	SNV
ENSG00000255909	PDCD5P1	TK92	SNV	SNV
ENSG00000255960	ENSG00000255960	TK18	SNV	SNV
ENSG00000255964	HSPD1P12	TK93	INDEL,SNV	SNV
ENSG00000255988	TUBB4BP1	TK13	SNV	SNV
ENSG00000256011	ENSG00000256011	TK93	SNV	SNV
ENSG00000256022	LINC02411	TK91	SNV	SNV
ENSG00000256025	CACNA1C-AS4	TK18	SNV	SNV
ENSG00000256079	FAM133GP	TK91	SNV	SNV
ENSG00000256085	ENSG00000256085	TK92	SNV	SNV
ENSG00000256103	ATP5MFP5	TK92	SNV	SNV
ENSG00000256115	LINC02443	TK13	SNV	SNV
ENSG00000256148	ENSG00000256148	TK93	SNV	SNV
ENSG00000256149	ENSG00000256149	TK10	SNV	SNV
ENSG00000256155	LINC02598	TK13	SNV	SNV
ENSG00000256197	TSPAN9-IT1	TK93	SNV	SNV
ENSG00000256226	ENSG00000256226	TK10	SNV	SNV
ENSG00000256243	RPL7AP3	TK91	SNV	SNV
ENSG00000256254	ENSG00000256254	TK14	SNV	SNV
ENSG00000256268	LINC02454	TK92	SNV	SNV
ENSG00000256281	ENSG00000256281	TK13	SNV	SNV
ENSG00000256292	LINC02376	TK10	SNV	SNV
ENSG00000256321	ENSG00000256321	TK91	SNV	SNV
ENSG00000256325	ENSG00000256325	TK10	SNV	SNV
ENSG00000256331	NIFKP3	TK13	SNV	SNV
ENSG00000256340	ABCC6P1	TK91	SNV	SNV
ENSG00000256350	ENSG00000256350	TK93	SNV	SNV
ENSG00000256358	RPL31P57	TK93	SNV	SNV
ENSG00000256371	LRRC34P1	TK92	SNV	SNV
ENSG00000256394	ASIC5	TK13	SNV	SNV
ENSG00000256400	ENSG00000256400	TK92	SNV	SNV
ENSG00000256433	ENSG00000256433	TK10	SNV	SNV
ENSG00000256463	SALL3	TK13	SNV	SNV
ENSG00000256499	LINC02468	TK93	SNV	SNV
ENSG00000256504	ENSG00000256504	TK18	INDEL	SNV
ENSG00000256533	ENSG00000256533	TK10	SNV	SNV
ENSG00000256551	LINC02369	TK16	SNV	SNV
ENSG00000256557	ENSG00000256557	TK91	SNV	SNV
ENSG00000256637	LINC01965	TK92	SNV	SNV
ENSG00000256660	CLEC12B	TK14	SNV	SNV
ENSG00000256670	RASSF3-DT	TK93	SNV	SNV
ENSG00000256672	LINC02455	TK93	SNV	SNV
ENSG00000256674	ENSG00000256674	TK92	SNV	SNV
ENSG00000256704	ENTR1P1	TK92	SNV	SNV
ENSG00000256706	ENSG00000256706	TK92	SNV	SNV
ENSG00000256708	ENSG00000256708	TK93	SNV	SNV
ENSG00000256709	CSGALNACT2P2	TK92	SNV	SNV
ENSG00000256713	PGA5	TK91	SNV	SNV
ENSG00000256723	ENSG00000256723	TK91	SNV	SNV
ENSG00000256737	RBBP4P5	TK91	SNV	SNV
ENSG00000256747	ENSG00000256747	TK16	SNV	SNV
ENSG00000256779	SRSF8BP	TK92	SNV	SNV
ENSG00000256783	ENSG00000256783	TK16	SNV	SNV
ENSG00000256811	ENSG00000256811	TK10	SNV	SNV
ENSG00000256812	CAPNS2	TK93	SNV	SNV
ENSG00000256813	CCDC86-AS1	TK92	SNV	SNV
ENSG00000256817	TPT1P12	TK93	SNV	SNV
ENSG00000256916	MMP20-AS1	TK13	SNV	SNV
ENSG00000256917	ENSG00000256917	TK13	SNV	SNV
ENSG00000256951	ENSG00000256951	TK13	SNV	SNV
ENSG00000257002	ENSG00000257002	TK10	SNV	SNV
ENSG00000257009	ENSG00000257009	TK13	SNV	SNV
ENSG00000257035	ENSG00000257035	TK14	SNV	SNV
ENSG00000257045	ENSG00000257045	TK10	INDEL	SNV
ENSG00000257056	LINC02282	TK10	SNV	SNV
ENSG00000257060	ENSG00000257060	TK18	SNV	SNV
ENSG00000257062	ENSG00000257062	TK10	SNV	SNV
ENSG00000257087	ENSG00000257087	TK92	INDEL	SNV
ENSG00000257094	ENSG00000257094	TK16	SNV	SNV
ENSG00000257095	ENSG00000257095	TK10	SNV	SNV
ENSG00000257101	LRRC37A13P	TK13	SNV	SNV
ENSG00000257109	OR4F28P	TK14	SNV	SNV
ENSG00000257162	MED15P6	TK14	SNV	SNV
ENSG00000257169	ENSG00000257169	TK92	SNV	SNV
ENSG00000257179	HMGN2P6	TK13	SNV	SNV
ENSG00000257198	FAM205BP	TK13	SNV	SNV
ENSG00000257230	LINC02448	TK13	SNV	SNV
ENSG00000257241	ENSG00000257241	TK92	SNV	SNV
ENSG00000257268	ENSG00000257268	TK16	SNV	SNV
ENSG00000257288	ENSG00000257288	TK91	SNV	SNV
ENSG00000257308	ENSG00000257308	TK93	SNV	SNV
ENSG00000257350	ENSG00000257350	TK93	SNV	SNV
ENSG00000257381	MIR3179-2	TK91	SNV	SNV
ENSG00000257402	KRT126P	TK14	SNV	SNV
ENSG00000257429	ENSG00000257429	TK18	SNV	SNV
ENSG00000257432	ENSG00000257432	TK93	INDEL	SNV
ENSG00000257434	ENSG00000257434	TK92	SNV	SNV
ENSG00000257454	ENSG00000257454	TK10	SNV	SNV
ENSG00000257456	ENSG00000257456	TK10	SNV	SNV
ENSG00000257472	ENSG00000257472	TK93	INDEL,SNV	SNV
ENSG00000257494	ENSG00000257494	TK93	SNV	SNV
ENSG00000257500	ENSG00000257500	TK92	SNV	SNV
ENSG00000257510	LINC02402	TK12	SNV	SNV
ENSG00000257522	ENSG00000257522	TK13	SNV	SNV
ENSG00000257523	LINC02326	TK93	SNV	SNV
ENSG00000257542	OR7E47P	TK92	SNV	SNV
ENSG00000257570	ENSG00000257570	TK92	SNV	SNV
ENSG00000257579	ENSG00000257579	TK13	SNV	SNV
ENSG00000257580	ENSG00000257580	TK12	SNV	SNV
ENSG00000257612	MIR4307HG	TK92	SNV	SNV
ENSG00000257614	ENSG00000257614	TK92	SNV	SNV
ENSG00000257639	ENSG00000257639	TK13	SNV	SNV
ENSG00000257644	ENSG00000257644	TK93	SNV	SNV
ENSG00000257654	ENSG00000257654	TK10	SNV	SNV
ENSG00000257666	CBX3P5	TK93	SNV	SNV
ENSG00000257683	LINC02463	TK92	SNV	SNV
ENSG00000257700	ENSG00000257700	TK14	INDEL,SNV	SNV
ENSG00000257711	ENSG00000257711	TK91	SNV	SNV
ENSG00000257738	ENSG00000257738	TK92	SNV	SNV
ENSG00000257747	LINC02426	TK12	SNV	SNV
ENSG00000257751	ENSG00000257751	TK13	SNV	SNV
ENSG00000257752	ENSG00000257752	TK93	SNV	SNV
ENSG00000257754	ENSG00000257754	TK93	SNV	SNV
ENSG00000257757	OR6C7P	TK16	SNV	SNV
ENSG00000257780	GLYCAM1	TK14	SNV	SNV
ENSG00000257784	LINC02400	TK12	SNV	SNV
ENSG00000257797	ENSG00000257797	TK10	SNV	SNV
ENSG00000257829	ENSG00000257829	TK10	SNV	SNV
ENSG00000257830	ENSG00000257830	TK92	SNV	SNV
ENSG00000257855	ENSG00000257855	TK18	SNV	SNV
ENSG00000257860	C12orf42-AS1	TK14	SNV	SNV
ENSG00000257872	ENSG00000257872	TK91	SNV	SNV
ENSG00000257893	LINC02404	TK13	SNV	SNV
ENSG00000257900	ENSG00000257900	TK10	SNV	SNV
ENSG00000257912	LINC02258	TK91	SNV	SNV
ENSG00000257920	LINC02409	TK10	SNV	SNV
ENSG00000257924	LINC02416	TK93	SNV	SNV
ENSG00000257925	ENSG00000257925	TK18	SNV	SNV
ENSG00000257935	LHX5-AS1	TK16	SNV	SNV
ENSG00000257956	NOP56P3	TK13	INDEL,SNV	SNV
ENSG00000257997	ENSG00000257997	TK92	SNV	SNV
ENSG00000258018	LINC02457	TK13	SNV	SNV
ENSG00000258038	LINC02327	TK92	SNV	SNV
ENSG00000258045	Metazoa_SRP	TK13	SNV	SNV
ENSG00000258066	ENSG00000258066	TK91	SNV	SNV
ENSG00000258068	ENSG00000258068	TK93	SNV	SNV
ENSG00000258073	ENSG00000258073	TK92	SNV	SNV
ENSG00000258080	ARHGAP42P4	TK92	INDEL,SNV	SNV
ENSG00000258082	ENSG00000258082	TK13	SNV	SNV
ENSG00000258115	ENSG00000258115	TK91	SNV	SNV
ENSG00000258131	ENSG00000258131	TK92	SNV	SNV
ENSG00000258154	ENSG00000258154	TK13	SNV	SNV
ENSG00000258162	ENSG00000258162	TK92	SNV	SNV
ENSG00000258170	ENSG00000258170	TK12	SNV	SNV
ENSG00000258181	ENSG00000258181	TK91	SNV	SNV
ENSG00000258233	ARHGAP42P5	TK92	SNV	SNV
ENSG00000258284	POLR2KP1	TK18	SNV	SNV
ENSG00000258300	NUTF2P2	TK14	SNV	SNV
ENSG00000258316	KLF17P1	TK91	SNV	SNV
ENSG00000258336	DUX4L52	TK92	SNV	SNV
ENSG00000258352	IFITM3P6	TK13	SNV	SNV
ENSG00000258390	LINC02318	TK93	SNV	SNV
ENSG00000258408	NT5CP2	TK91	SNV	SNV
ENSG00000258415	LONRF2P4	TK10	SNV	SNV
ENSG00000258426	ENSG00000258426	TK91	INDEL	SNV
ENSG00000258436	RNASE12	TK13	SNV	SNV
ENSG00000258440	ENSG00000258440	TK92	SNV	SNV
ENSG00000258453	OR11H2	TK13	SNV	SNV
ENSG00000258464	ENSG00000258464	TK91	SNV	SNV
ENSG00000258481	ENSG00000258481	TK10	SNV	SNV
ENSG00000258485	SRMP2	TK92	SNV	SNV
ENSG00000258499	LINC02287	TK18	SNV	SNV
ENSG00000258510	ENSG00000258510	TK93	INDEL	SNV
ENSG00000258511	LINC02295	TK91	SNV	SNV
ENSG00000258516	ENSG00000258516	TK10	SNV	SNV
ENSG00000258517	ENSG00000258517	TK10	SNV	SNV
ENSG00000258532	LINC02305	TK92	SNV	SNV
ENSG00000258544	GLRXP2	TK93	SNV	SNV
ENSG00000258556	LINC02322	TK16	SNV	SNV
ENSG00000258564	OR4N1P	TK13	SNV	SNV
ENSG00000258576	ENSG00000258576	TK93	SNV	SNV
ENSG00000258578	ENSG00000258578	TK91	INDEL	SNV
ENSG00000258587	METTL5P1	TK92	INDEL,SNV	SNV
ENSG00000258591	PPIAP4	TK92	SNV	SNV
ENSG00000258597	SERPINA2	TK13	SNV	SNV
ENSG00000258602	LINC01629	TK10	SNV	SNV
ENSG00000258616	LINC02303	TK93	SNV	SNV
ENSG00000258626	COX7A2P1	TK16	SNV	SNV
ENSG00000258633	RRAGAP1-AS1	TK10	SNV	SNV
ENSG00000258647	LINC00930	TK10	SNV	SNV
ENSG00000258649	ENSG00000258649	TK91	SNV	SNV
ENSG00000258661	ENSG00000258661	TK13	SNV	SNV
ENSG00000258663	ENSG00000258663	TK14	SNV	SNV
ENSG00000258679	ENSG00000258679	TK10	SNV	SNV
ENSG00000258692	SALL4P7	TK13	SNV	SNV
ENSG00000258694	LINC02319	TK91	SNV	SNV
ENSG00000258699	ENSG00000258699	TK92	SNV	SNV
ENSG00000258703	ENSG00000258703	TK93	SNV	SNV
ENSG00000258707	ENSG00000258707	TK93	SNV	SNV
ENSG00000258712	CXADRP2	TK93	SNV	SNV
ENSG00000258713	C20orf141	TK14	SNV	SNV
ENSG00000258717	ENSG00000258717	TK18	SNV	SNV
ENSG00000258734	ENSG00000258734	TK16	SNV	SNV
ENSG00000258736	ENSG00000258736	TK91	SNV	SNV
ENSG00000258737	SUB1P2	TK91	SNV	SNV
ENSG00000258751	ENSG00000258751	TK10	SNV	SNV
ENSG00000258773	ENSG00000258773	TK13	SNV	SNV
ENSG00000258785	LINC01580	TK18	SNV	SNV
ENSG00000258792	ENSG00000258792	TK92	SNV	SNV
ENSG00000258803	ENSG00000258803	TK10	SNV	SNV
ENSG00000258806	OR11H7	TK13	SNV	SNV
ENSG00000258812	TRAV33	TK13	SNV	SNV
ENSG00000258817	OR4C13	TK10	SNV	SNV
ENSG00000258818	RNASE4	TK10	SNV	SNV
ENSG00000258823	ENSG00000258823	TK91	SNV	SNV
ENSG00000258834	DUX4L4	TK91	SNV	SNV
ENSG00000258841	EEF1A1P2	TK92	SNV	SNV
ENSG00000258842	ENSG00000258842	TK10	SNV	SNV
ENSG00000258856	ENSG00000258856	TK92	SNV	SNV
ENSG00000258868	ENSG00000258868	TK14	SNV	SNV
ENSG00000258870	EIF4EBP1P1	TK93	SNV	SNV
ENSG00000258886	HIGD1AP17	TK93	SNV	SNV
ENSG00000258903	ENSG00000258903	TK18	SNV	SNV
ENSG00000258907	PSMB3P1	TK93	SNV	SNV
ENSG00000258921	ENSG00000258921	TK13	SNV	SNV
ENSG00000258926	ENSG00000258926	TK92	SNV	SNV
ENSG00000258935	ENSG00000258935	TK92	SNV	SNV
ENSG00000258958	ENSG00000258958	TK92	SNV	SNV
ENSG00000258962	ENSG00000258962	TK91	SNV	SNV
ENSG00000258968	ENSG00000258968	TK18	SNV	SNV
ENSG00000258969	LINC02307	TK92	INDEL,SNV	SNV
ENSG00000258971	ENSG00000258971	TK13	SNV	SNV
ENSG00000258978	HIF1AP1	TK93	SNV	SNV
ENSG00000258983	ENSG00000258983	TK10	SNV	SNV
ENSG00000259001	ENSG00000259001	TK16	SNV	SNV
ENSG00000259002	ENSG00000259002	TK92	INDEL,SNV	SNV
ENSG00000259007	ENSG00000259007	TK93	SNV	SNV
ENSG00000259011	ATP10A-DT	TK14	SNV	SNV
ENSG00000259035	ENSG00000259035	TK10	SNV	SNV
ENSG00000259042	ENSG00000259042	TK92	SNV	SNV
ENSG00000259044	ENSG00000259044	TK91	SNV	SNV
ENSG00000259050	CHORDC2P	TK13	SNV	SNV
ENSG00000259056	DUXAP1	TK10	SNV	SNV
ENSG00000259059	PEBP1P1	TK14	SNV	SNV
ENSG00000259072	ENSG00000259072	TK93	SNV	SNV
ENSG00000259073	FOXN3-AS2	TK92	SNV	SNV
ENSG00000259087	ENSG00000259087	TK10	SNV	SNV
ENSG00000259090	SEPTIN7P1	TK91	SNV	SNV
ENSG00000259109	ENSG00000259109	TK93	SNV	SNV
ENSG00000259110	LINC02304	TK16	INDEL,SNV	SNV
ENSG00000259111	ENSG00000259111	TK92	INDEL	SNV
ENSG00000259123	ENSG00000259123	TK18	SNV	SNV
ENSG00000259126	ENSG00000259126	TK10	SNV	SNV
ENSG00000259134	LINC00924	TK13	SNV	SNV
ENSG00000259148	YWHAZP1	TK92	SNV	SNV
ENSG00000259162	ENSG00000259162	TK10	INDEL,SNV	SNV
ENSG00000259191	ENSG00000259191	TK93	SNV	SNV
ENSG00000259203	ENSG00000259203	TK93	SNV	SNV
ENSG00000259228	HNRNPA1P62	TK93	SNV	SNV
ENSG00000259230	LINC02323	TK91	SNV	SNV
ENSG00000259232	ENSG00000259232	TK91	INDEL,SNV	SNV
ENSG00000259245	LINC02853	TK10	SNV	SNV
ENSG00000259246	HMGN2P47	TK13	SNV	SNV
ENSG00000259256	LINC01895	TK16	SNV	SNV
ENSG00000259257	ENSG00000259257	TK92	SNV	SNV
ENSG00000259268	ENSG00000259268	TK91	SNV	SNV
ENSG00000259275	ENSG00000259275	TK93	SNV	SNV
ENSG00000259277	ENSG00000259277	TK93	SNV	SNV
ENSG00000259283	ENSG00000259283	TK10	SNV	SNV
ENSG00000259293	LIPC-AS1	TK93	SNV	SNV
ENSG00000259306	ENSG00000259306	TK18	INDEL,SNV	SNV
ENSG00000259308	FABP5P8	TK10	SNV	SNV
ENSG00000259312	ENSG00000259312	TK93	SNV	SNV
ENSG00000259320	ENSG00000259320	TK93	SNV	SNV
ENSG00000259337	IGHV1OR15-2	TK13	SNV	SNV
ENSG00000259340	ENSG00000259340	TK92	SNV	SNV
ENSG00000259347	ENSG00000259347	TK12	SNV	SNV
ENSG00000259351	ENSG00000259351	TK92	SNV	SNV
ENSG00000259374	NDUFB4P11	TK13	SNV	SNV
ENSG00000259385	ENSG00000259385	TK13	SNV	SNV
ENSG00000259410	ENSG00000259410	TK13	SNV	SNV
ENSG00000259413	ENSG00000259413	TK91	SNV	SNV
ENSG00000259415	ENSG00000259415	TK92	SNV	SNV
ENSG00000259432	ENSG00000259432	TK91	SNV	SNV
ENSG00000259433	ENSG00000259433	TK10	INDEL,SNV	SNV
ENSG00000259458	MGC15885	TK92	SNV	SNV
ENSG00000259462	CPEB1-AS1	TK10	SNV	SNV
ENSG00000259467	NDUFAF4P1	TK18	SNV	SNV
ENSG00000259478	ENSG00000259478	TK18	SNV	SNV
ENSG00000259482	RORA-AS2	TK18	SNV	SNV
ENSG00000259494	MRPL46	TK12	SNV	SNV
ENSG00000259513	CYCSP38	TK93	SNV	SNV
ENSG00000259521	INO80-AS1	TK93	SNV	SNV
ENSG00000259534	ENSG00000259534	TK10	SNV	SNV
ENSG00000259555	ENSG00000259555	TK16	INDEL	SNV
ENSG00000259558	MESTP2	TK13	SNV	SNV
ENSG00000259575	ENSG00000259575	TK93	SNV	SNV
ENSG00000259587	ENSG00000259587	TK93	SNV	SNV
ENSG00000259588	ENSG00000259588	TK10	SNV	SNV
ENSG00000259604	ENSG00000259604	TK10	SNV	SNV
ENSG00000259614	TUBAP12	TK13	SNV	SNV
ENSG00000259619	ENSG00000259619	TK13	SNV	SNV
ENSG00000259636	ENSG00000259636	TK92	SNV	SNV
ENSG00000259644	ENSG00000259644	TK10	INDEL	SNV
ENSG00000259645	ENSG00000259645	TK13	SNV	SNV
ENSG00000259647	ENSG00000259647	TK14	SNV	SNV
ENSG00000259651	MTCO3P23	TK92	SNV	SNV
ENSG00000259670	ENSG00000259670	TK18	SNV	SNV
ENSG00000259675	ENSG00000259675	TK10	SNV	SNV
ENSG00000259681	ENSG00000259681	TK93	SNV	SNV
ENSG00000259690	ENSG00000259690	TK93	INDEL	SNV
ENSG00000259708	DNAJA4-DT	TK10	SNV	SNV
ENSG00000259721	GREM1-AS1	TK10	SNV	SNV
ENSG00000259725	ENSG00000259725	TK91	SNV	SNV
ENSG00000259737	ENSG00000259737	TK92	SNV	SNV
ENSG00000259742	ENSG00000259742	TK92	SNV	SNV
ENSG00000259744	ENSG00000259744	TK91	SNV	SNV
ENSG00000259749	NCAPGP2	TK93	SNV	SNV
ENSG00000259754	ENSG00000259754	TK10	SNV	SNV
ENSG00000259769	ENSG00000259769	TK14	SNV	SNV
ENSG00000259798	ENSG00000259798	TK91	SNV	SNV
ENSG00000259819	ENSG00000259819	TK10	SNV	SNV
ENSG00000259840	ENSG00000259840	TK16	SNV	SNV
ENSG00000259844	GNPATP	TK18	SNV	SNV
ENSG00000259847	LINC02126	TK92	SNV	SNV
ENSG00000259849	VENTXP1	TK92	SNV	SNV
ENSG00000259862	ENSG00000259862	TK92	SNV	SNV
ENSG00000259866	ENSG00000259866	TK92	SNV	SNV
ENSG00000259889	ENSG00000259889	TK16	SNV	SNV
ENSG00000259890	DNM1P50	TK10	SNV	SNV
ENSG00000259905	PWRN1	TK10	SNV	SNV
ENSG00000259907	ENSG00000259907	TK10	SNV	SNV
ENSG00000259909	ENSG00000259909	TK91	SNV	SNV
ENSG00000259961	ENSG00000259961	TK13	SNV	SNV
ENSG00000259963	ENSG00000259963	TK92	SNV	SNV
ENSG00000260008	ENSG00000260008	TK14	SNV	SNV
ENSG00000260012	ENSG00000260012	TK92	SNV	SNV
ENSG00000260014	LSM3P5	TK91	SNV	SNV
ENSG00000260021	ENSG00000260021	TK16	SNV	SNV
ENSG00000260029	ENSG00000260029	TK91	SNV	SNV
ENSG00000260030	ENSG00000260030	TK10	SNV	SNV
ENSG00000260031	RPL10P14	TK91	SNV	SNV
ENSG00000260042	ENSG00000260042	TK92	SNV	SNV
ENSG00000260053	ABCB10P4	TK91	SNV	SNV
ENSG00000260057	LINC01571	TK91	SNV	SNV
ENSG00000260066	ENSG00000260066	TK91	SNV	SNV
ENSG00000260083	MIR762HG	TK10	SNV	SNV
ENSG00000260096	DNM1P33	TK16	SNV	SNV
ENSG00000260102	LINC01070	TK18	SNV	SNV
ENSG00000260105	AOC4P	TK18	SNV	SNV
ENSG00000260112	ENSG00000260112	TK13	SNV	SNV
ENSG00000260126	ENSG00000260126	TK93	SNV	SNV
ENSG00000260133	CA5AP1	TK92	SNV	SNV
ENSG00000260152	ENSG00000260152	TK92	SNV	SNV
ENSG00000260157	ENSG00000260157	TK92	SNV	SNV
ENSG00000260201	ENSG00000260201	TK13	SNV	SNV
ENSG00000260217	ENSG00000260217	TK18	SNV	SNV
ENSG00000260218	ENSG00000260218	TK10	SNV	SNV
ENSG00000260224	UBL5P4	TK10	SNV	SNV
ENSG00000260234	ENSG00000260234	TK92	SNV	SNV
ENSG00000260240	APOOP5	TK13	SNV	SNV
ENSG00000260246	ENSG00000260246	TK18	SNV	SNV
ENSG00000260251	ENSG00000260251	TK92	SNV	SNV
ENSG00000260258	ENSG00000260258	TK10	SNV	SNV
ENSG00000260264	LINC02194	TK92	SNV	SNV
ENSG00000260306	ENSG00000260306	TK13	SNV	SNV
ENSG00000260318	COX6CP1	TK93	SNV	SNV
ENSG00000260337	ENSG00000260337	TK14	SNV	SNV
ENSG00000260357	DNM1P34	TK13	SNV	SNV
ENSG00000260362	ENSG00000260362	TK91	SNV	SNV
ENSG00000260366	ENSG00000260366	TK10	SNV	SNV
ENSG00000260367	ENSG00000260367	TK93	SNV	SNV
ENSG00000260395	ENSG00000260395	TK18	SNV	SNV
ENSG00000260404	ENSG00000260404	TK93	SNV	SNV
ENSG00000260406	ENSG00000260406	TK14	SNV	SNV
ENSG00000260418	ENSG00000260418	TK92	SNV	SNV
ENSG00000260427	AGGF1P9	TK91	SNV	SNV
ENSG00000260452	TPRKBP2	TK92	SNV	SNV
ENSG00000260455	NBAT1	TK10	SNV	SNV
ENSG00000260478	ENSG00000260478	TK10	SNV	SNV
ENSG00000260483	ENSG00000260483	TK91	SNV	SNV
ENSG00000260490	MYL12BP1	TK18	SNV	SNV
ENSG00000260492	CISTR	TK92	SNV	SNV
ENSG00000260505	ENSG00000260505	TK92	SNV	SNV
ENSG00000260517	ENSG00000260517	TK16	SNV	SNV
ENSG00000260518	BMS1P8	TK91	SNV	SNV
ENSG00000260520	ENSG00000260520	TK10	SNV	SNV
ENSG00000260568	ENSG00000260568	TK10	SNV	SNV
ENSG00000260569	ENSG00000260569	TK10	SNV	SNV
ENSG00000260576	EIF5A2P1	TK93	SNV	SNV
ENSG00000260597	ENSG00000260597	TK93	SNV	SNV
ENSG00000260599	ENSG00000260599	TK92	SNV	SNV
ENSG00000260602	HMGN2P40	TK91	SNV	SNV
ENSG00000260613	ENSG00000260613	TK93	SNV	SNV
ENSG00000260650	ENSG00000260650	TK14	SNV	SNV
ENSG00000260651	ENSG00000260651	TK92	SNV	SNV
ENSG00000260673	ENSG00000260673	TK91	SNV	SNV
ENSG00000260677	ENSG00000260677	TK93	SNV	SNV
ENSG00000260681	ENSG00000260681	TK16	SNV	SNV
ENSG00000260683	ENSG00000260683	TK92	SNV	SNV
ENSG00000260702	ENSG00000260702	TK16	SNV	SNV
ENSG00000260704	LINC00543	TK93	SNV	SNV
ENSG00000260714	ENSG00000260714	TK18	SNV	SNV
ENSG00000260723	ENSG00000260723	TK93	SNV	SNV
ENSG00000260734	TLE7	TK13	SNV	SNV
ENSG00000260780	ENSG00000260780	TK92	SNV	SNV
ENSG00000260784	ENSG00000260784	TK93	SNV	SNV
ENSG00000260786	ENSG00000260786	TK10	SNV	SNV
ENSG00000260807	CEROX1	TK13	SNV	SNV
ENSG00000260817	ENSG00000260817	TK92	SNV	SNV
ENSG00000260823	ENSG00000260823	TK10	SNV	SNV
ENSG00000260834	ENSG00000260834	TK10	INDEL	SNV
ENSG00000260844	ENSG00000260844	TK92	SNV	SNV
ENSG00000260848	ENSG00000260848	TK14	SNV	SNV
ENSG00000260866	ENSG00000260866	TK91	SNV	SNV
ENSG00000260868	LINC01960	TK92	SNV	SNV
ENSG00000260870	NDUFB10P1	TK92	SNV	SNV
ENSG00000260880	HCCAT5	TK14	SNV	SNV
ENSG00000260896	ARLNC1	TK92	SNV	SNV
ENSG00000260903	XKR7	TK14	SNV	SNV
ENSG00000260922	ENSG00000260922	TK91	SNV	SNV
ENSG00000260923	LINC02193	TK18	SNV	SNV
ENSG00000260934	ENSG00000260934	TK14	SNV	SNV
ENSG00000260944	FOXC2-AS1	TK93	SNV	SNV
ENSG00000260978	ENSG00000260978	TK18	SNV	SNV
ENSG00000260983	ENSG00000260983	TK18	SNV	SNV
ENSG00000261025	ENSG00000261025	TK91	SNV	SNV
ENSG00000261026	ENSG00000261026	TK18	SNV	SNV
ENSG00000261030	ENSG00000261030	TK18	SNV	SNV
ENSG00000261041	ENSG00000261041	TK92	SNV	SNV
ENSG00000261089	CDC37P2	TK10	SNV	SNV
ENSG00000261090	ENSG00000261090	TK92	SNV	SNV
ENSG00000261095	ENSG00000261095	TK92	SNV	SNV
ENSG00000261114	ENSG00000261114	TK14	SNV	SNV
ENSG00000261130	ENSG00000261130	TK92	SNV	SNV
ENSG00000261161	ENSG00000261161	TK91	INDEL,SNV	SNV
ENSG00000261194	LINC01898	TK18	SNV	SNV
ENSG00000261203	PLA2G10JP	TK92	SNV	SNV
ENSG00000261205	NIFKP4	TK91	SNV	SNV
ENSG00000261210	CLEC19A	TK93	SNV	SNV
ENSG00000261219	ENSG00000261219	TK93	INDEL	SNV
ENSG00000261281	ENSG00000261281	TK92	SNV	SNV
ENSG00000261298	ENSG00000261298	TK10	INDEL,SNV	SNV
ENSG00000261304	LINC02252	TK93	SNV	SNV
ENSG00000261327	ENSG00000261327	TK92	SNV	SNV
ENSG00000261379	ENSG00000261379	TK16	SNV	SNV
ENSG00000261392	ENSG00000261392	TK18	SNV	SNV
ENSG00000261398	ENSG00000261398	TK10	SNV	SNV
ENSG00000261407	ENSG00000261407	TK93	SNV	SNV
ENSG00000261432	LINC01613	TK92	SNV	SNV
ENSG00000261437	LINC02894	TK13	SNV	SNV
ENSG00000261439	GNAO1-AS1	TK14	SNV	SNV
ENSG00000261447	ENSG00000261447	TK92	SNV	SNV
ENSG00000261449	ENSG00000261449	TK12	SNV	SNV
ENSG00000261480	GOLGA8M	TK12	SNV	SNV
ENSG00000261520	DLGAP1-AS5	TK10	SNV	SNV
ENSG00000261523	ENSG00000261523	TK91	SNV	SNV
ENSG00000261524	ABCB10P3	TK14	SNV	SNV
ENSG00000261544	ENSG00000261544	TK93	SNV	SNV
ENSG00000261548	HLA-P	TK93	SNV	SNV
ENSG00000261559	FSCN1P1	TK14	SNV	SNV
ENSG00000261594	TPBGL	TK10	SNV	SNV
ENSG00000261612	SUB1P3	TK14	INDEL	SNV
ENSG00000261615	LINC01858	TK92	SNV	SNV
ENSG00000261620	HMGN2P41	TK16	INDEL	SNV
ENSG00000261637	LINC02127	TK10	SNV	SNV
ENSG00000261642	ENSG00000261642	TK13	INDEL,SNV	SNV
ENSG00000261647	IMPDH1P11	TK91	SNV	SNV
ENSG00000261650	ENSG00000261650	TK10	SNV	SNV
ENSG00000261664	TTC39A-AS1	TK18	SNV	SNV
ENSG00000261667	LY6L	TK13	SNV	SNV
ENSG00000261671	ENSG00000261671	TK13	SNV	SNV
ENSG00000261673	ENSG00000261673	TK93	SNV	SNV
ENSG00000261679	ATP5PDP1	TK91	SNV	SNV
ENSG00000261687	ENSG00000261687	TK18	INDEL,SNV	SNV
ENSG00000261695	ENSG00000261695	TK91	SNV	SNV
ENSG00000261703	LINC02168	TK92	SNV	SNV
ENSG00000261704	IGHV1OR16-1	TK13	SNV	SNV
ENSG00000261708	DNM1P32	TK13	SNV	SNV
ENSG00000261714	ENSG00000261714	TK91	SNV	SNV
ENSG00000261728	ENSG00000261728	TK93	SNV	SNV
ENSG00000261739	GOLGA8S	TK10	SNV	SNV
ENSG00000261760	ENSG00000261760	TK91	SNV	SNV
ENSG00000261764	KRT18P18	TK91	SNV	SNV
ENSG00000261781	LINC01654	TK13	SNV	SNV
ENSG00000261789	ENSG00000261789	TK10	SNV	SNV
ENSG00000261813	ENSG00000261813	TK91	SNV	SNV
ENSG00000261820	DNM1P49	TK13	SNV	SNV
ENSG00000261823	ENSG00000261823	TK92	SNV	SNV
ENSG00000261829	ENSG00000261829	TK93	SNV	SNV
ENSG00000261856	LINC02186	TK92	SNV	SNV
ENSG00000261863	LINC01996	TK10	SNV	SNV
ENSG00000262075	DKFZP434A062	TK14	SNV	SNV
ENSG00000262106	OR1D3P	TK14	SNV	SNV
ENSG00000262118	MTCO1P28	TK18	SNV	SNV
ENSG00000262154	EIF1P4	TK93	SNV	SNV
ENSG00000262158	MTCO3P24	TK92	SNV	SNV
ENSG00000262294	RPH3AL-AS2	TK92	SNV	SNV
ENSG00000262296	ENSG00000262296	TK10	SNV	SNV
ENSG00000262319	ENSG00000262319	TK92	SNV	SNV
ENSG00000262322	MTND4P34	TK93	SNV	SNV
ENSG00000262406	MMP12	TK14	SNV	SNV
ENSG00000262461	SPDYE9	TK93	SNV	SNV
ENSG00000262480	SAMD11P1	TK92	SNV	SNV
ENSG00000262497	FAM187B2P	TK92	SNV	SNV
ENSG00000262500	MAPK8IP1P1	TK10	SNV	SNV
ENSG00000262514	ENSG00000262514	TK92	SNV	SNV
ENSG00000262521	ENSG00000262521	TK18	SNV	SNV
ENSG00000262543	SMIM28	TK91	SNV	SNV
ENSG00000262583	TMEM231P1	TK92	SNV	SNV
ENSG00000262648	PHB1P15	TK91	SNV	SNV
ENSG00000262651	ENSG00000262651	TK10	SNV	SNV
ENSG00000262681	ENSG00000262681	TK16	SNV	SNV
ENSG00000262693	ZFP3-DT	TK16	SNV	SNV
ENSG00000262786	ENSG00000262786	TK10	SNV	SNV
ENSG00000262803	ENSG00000262803	TK92	SNV	SNV
ENSG00000262831	ENSG00000262831	TK10	SNV	SNV
ENSG00000262874	C19orf84	TK18	SNV	SNV
ENSG00000262974	ENSG00000262974	TK92	SNV	SNV
ENSG00000262980	OR52L2P	TK13	SNV	SNV
ENSG00000263070	ENSG00000263070	TK16	SNV	SNV
ENSG00000263098	ENSG00000263098	TK91	SNV	SNV
ENSG00000263107	ENSG00000263107	TK92	SNV	SNV
ENSG00000263167	ENSG00000263167	TK10	SNV	SNV
ENSG00000263237	ENSG00000263237	TK92	SNV	SNV
ENSG00000263271	ENSG00000263271	TK10	SNV	SNV
ENSG00000263312	LINC01975	TK93	SNV	SNV
ENSG00000263410	RN7SL460P	TK91	SNV	SNV
ENSG00000263413	MIR4538	TK18	SNV	SNV
ENSG00000263417	GTSCR1	TK12	SNV	SNV
ENSG00000263426	RN7SL471P	TK13	SNV	SNV
ENSG00000263429	TMEM238L	TK14	SNV	SNV
ENSG00000263435	ENSG00000263435	TK14	SNV	SNV
ENSG00000263439	MIR4753	TK91	SNV	SNV
ENSG00000263445	MIR4450	TK13	SNV	SNV
ENSG00000263456	MIR5189	TK91	SNV	SNV
ENSG00000263558	RN7SL716P	TK92	SNV	SNV
ENSG00000263574	ENSG00000263574	TK14	SNV	SNV
ENSG00000263575	MIR4665	TK10	SNV	SNV
ENSG00000263588	ENSG00000263588	TK10	SNV	SNV
ENSG00000263593	MIR4804	TK92	SNV	SNV
ENSG00000263595	RN7SL823P	TK91	SNV	SNV
ENSG00000263609	LINC02002	TK91	SNV	SNV
ENSG00000263635	ENSG00000263635	TK10	SNV	SNV
ENSG00000263641	MIR4777	TK10	SNV	SNV
ENSG00000263648	ENSG00000263648	TK91	SNV	SNV
ENSG00000263649	MIR3135B	TK16	SNV	SNV
ENSG00000263669	RN7SL470P	TK92	SNV	SNV
ENSG00000263674	ENSG00000263674	TK92	SNV	SNV
ENSG00000263681	MIR3197	TK91	SNV	SNV
ENSG00000263690	MIR548D2	TK12	INDEL	SNV
ENSG00000263697	MIR3621	TK12	SNV	SNV
ENSG00000263698	ENSG00000263698	TK13	SNV	SNV
ENSG00000263712	MIR4639	TK93	SNV	SNV
ENSG00000263733	ENSG00000263733	TK14	SNV	SNV
ENSG00000263746	MIR4277	TK14	SNV	SNV
ENSG00000263755	RN7SL498P	TK14	SNV	SNV
ENSG00000263772	ENSG00000263772	TK91	SNV	SNV
ENSG00000263797	ENSG00000263797	TK91	SNV	SNV
ENSG00000263870	ENSG00000263870	TK13	SNV	SNV
ENSG00000263873	THY1-AS1	TK10	INDEL,SNV	SNV
ENSG00000263878	DLGAP1-AS4	TK10	SNV	SNV
ENSG00000263882	RN7SL774P	TK92	SNV	SNV
ENSG00000263904	ENSG00000263904	TK92	SNV	SNV
ENSG00000263935	TOMM20P3	TK14	SNV	SNV
ENSG00000263952	ENSG00000263952	TK10	SNV	SNV
ENSG00000263968	RN7SL381P	TK10	SNV	SNV
ENSG00000263969	RN7SL678P	TK92	SNV	SNV
ENSG00000263972	MIR1587	TK13	SNV	SNV
ENSG00000264000	ENSG00000264000	TK93	SNV	SNV
ENSG00000264012	ENSG00000264012	TK92	SNV	SNV
ENSG00000264013	MIR3938	TK13	SNV	SNV
ENSG00000264024	MIR4507	TK10	SNV	SNV
ENSG00000264032	MIR4491	TK92	SNV	SNV
ENSG00000264056	MIR5685	TK92	SNV	SNV
ENSG00000264073	MIR3199-1	TK10	SNV	SNV
ENSG00000264102	MIR4688	TK93	SNV	SNV
ENSG00000264136	MIR3689D2	TK92	SNV	SNV
ENSG00000264158	MIR4670	TK93	SNV	SNV
ENSG00000264167	ENSG00000264167	TK92	SNV	SNV
ENSG00000264196	ENSG00000264196	TK93	SNV	SNV
ENSG00000264229	RNU4ATAC	TK10	SNV	SNV
ENSG00000264254	ENSG00000264254	TK91	SNV	SNV
ENSG00000264265	LINC01925	TK10	SNV	SNV
ENSG00000264292	MIR2467	TK92	SNV	SNV
ENSG00000264309	MIR4694	TK93	SNV	SNV
ENSG00000264314	MIR548AT	TK16	SNV	SNV
ENSG00000264316	MTCO3P13	TK91	SNV	SNV
ENSG00000264334	ENSG00000264334	TK91	SNV	SNV
ENSG00000264345	LINC01894	TK10	SNV	SNV
ENSG00000264350	SNRPGP2	TK92	SNV	SNV
ENSG00000264370	MIR3125	TK92	INDEL	SNV
ENSG00000264384	RN7SL431P	TK93	SNV	SNV
ENSG00000264402	MIR548AL	TK91	SNV	SNV
ENSG00000264431	ENSG00000264431	TK93	SNV	SNV
ENSG00000264451	ENSG00000264451	TK12	SNV	SNV
ENSG00000264452	ENSG00000264452	TK14	SNV	SNV
ENSG00000264462	MIR3648-2	TK93	SNV	SNV
ENSG00000264486	ENSG00000264486	TK18	SNV	SNV
ENSG00000264488	ENSG00000264488	TK93	SNV	SNV
ENSG00000264493	MIR4298	TK92	SNV	SNV
ENSG00000264536	MIR5706	TK93	SNV	SNV
ENSG00000264580	MIR5692B	TK18	SNV	SNV
ENSG00000264595	ENSG00000264595	TK92	SNV	SNV
ENSG00000264617	ENSG00000264617	TK91	INDEL,SNV	SNV
ENSG00000264618	RN7SL732P	TK92	SNV	SNV
ENSG00000264622	ENSG00000264622	TK93	SNV	SNV
ENSG00000264634	ENSG00000264634	TK91	SNV	SNV
ENSG00000264659	ENSG00000264659	TK16	SNV	SNV
ENSG00000264678	MIR3140	TK92	SNV	SNV
ENSG00000264693	ENSG00000264693	TK93	SNV	SNV
ENSG00000264703	MIR4752	TK13	SNV	SNV
ENSG00000264714	KIAA0895LP1	TK92	INDEL	SNV
ENSG00000264717	NPY4R2	TK14	SNV	SNV
ENSG00000264735	ENSG00000264735	TK13	SNV	SNV
ENSG00000264744	MIR3689C	TK92	SNV	SNV
ENSG00000264757	MIR3198-1	TK92	SNV	SNV
ENSG00000264775	PPIAP14	TK18	SNV	SNV
ENSG00000264781	MIR4537	TK18	SNV	SNV
ENSG00000264829	ENSG00000264829	TK93	SNV	SNV
ENSG00000264845	ENSG00000264845	TK13	SNV	SNV
ENSG00000264864	MIR3613	TK92	SNV	SNV
ENSG00000264869	ENSG00000264869	TK93	SNV	SNV
ENSG00000264876	ENSG00000264876	TK93	INDEL	SNV
ENSG00000264881	ENSG00000264881	TK93	SNV	SNV
ENSG00000264911	ENSG00000264911	TK91	SNV	SNV
ENSG00000264931	MIR3138	TK10	SNV	SNV
ENSG00000264932	ENSG00000264932	TK92	INDEL	SNV
ENSG00000264961	MIR4730	TK10	SNV	SNV
ENSG00000264971	PRR13P4	TK10	SNV	SNV
ENSG00000264974	MIR4789	TK14	SNV	SNV
ENSG00000264978	RN7SL630P	TK93	SNV	SNV
ENSG00000264999	MIR5089	TK91	SNV	SNV
ENSG00000265019	NCOR1P2	TK91	INDEL,SNV	SNV
ENSG00000265033	RN7SL262P	TK93	SNV	SNV
ENSG00000265041	ENSG00000265041	TK13	SNV	SNV
ENSG00000265097	RBM22P1	TK93	SNV	SNV
ENSG00000265110	MIR4731	TK13	SNV	SNV
ENSG00000265123	RN7SL200P	TK93	SNV	SNV
ENSG00000265179	ENSG00000265179	TK14	SNV	SNV
ENSG00000265213	MIR3684	TK91	SNV	SNV
ENSG00000265262	TRMT112P3	TK92	SNV	SNV
ENSG00000265282	ENSG00000265282	TK91	SNV	SNV
ENSG00000265304	MIR3650	TK18	SNV	SNV
ENSG00000265340	OR4K7P	TK18	SNV	SNV
ENSG00000265359	ENSG00000265359	TK10	SNV	SNV
ENSG00000265402	RSL24D1P9	TK91	SNV	SNV
ENSG00000265413	ENSG00000265413	TK93	SNV	SNV
ENSG00000265417	ENSG00000265417	TK92	SNV	SNV
ENSG00000265421	ENSG00000265421	TK91	SNV	SNV
ENSG00000265451	CLASP1-AS1	TK16	SNV	SNV
ENSG00000265470	MIR548AQ	TK93	INDEL	SNV
ENSG00000265478	ENSG00000265478	TK16	SNV	SNV
ENSG00000265489	ARHGAP44-AS1	TK92	SNV	SNV
ENSG00000265521	MIR5697	TK10	SNV	SNV
ENSG00000265539	MIR3164	TK92	SNV	SNV
ENSG00000265545	ELOCP27	TK93	SNV	SNV
ENSG00000265558	MIR3918	TK16	SNV	SNV
ENSG00000265566	RN7SL605P	TK92	SNV	SNV
ENSG00000265626	ENSG00000265626	TK91	SNV	SNV
ENSG00000265643	ENSG00000265643	TK13	SNV	SNV
ENSG00000265660	MIR4664	TK91	SNV	SNV
ENSG00000265671	ENSG00000265671	TK92	SNV	SNV
ENSG00000265684	RN7SL378P	TK92	SNV	SNV
ENSG00000265694	MIR4774	TK91	SNV	SNV
ENSG00000265698	LARP7P3	TK91	SNV	SNV
ENSG00000265706	SNORD53B	TK12	SNV	SNV
ENSG00000265733	SNORA74C-1	TK92	SNV	SNV
ENSG00000265777	RN7SL624P	TK92	SNV	SNV
ENSG00000265788	NOS2P1	TK13	SNV	SNV
ENSG00000265794	ENSG00000265794	TK92	SNV	SNV
ENSG00000265840	ENSG00000265840	TK93	SNV	SNV
ENSG00000265871	MIR3174	TK93	SNV	SNV
ENSG00000265874	MIR4489	TK13	SNV	SNV
ENSG00000265918	RN7SL543P	TK92	SNV	SNV
ENSG00000265929	MIR5195	TK93	SNV	SNV
ENSG00000265942	RN7SL577P	TK92	SNV	SNV
ENSG00000265954	MIR4749	TK13	SNV	SNV
ENSG00000265973	ENSG00000265973	TK14	SNV	SNV
ENSG00000265976	MIR4725	TK13	SNV	SNV
ENSG00000265981	MIR544B	TK16	SNV	SNV
ENSG00000266009	ENSG00000266009	TK13	SNV	SNV
ENSG00000266010	GATA6-AS1	TK10	SNV	SNV
ENSG00000266038	MIR4659A	TK92	SNV	SNV
ENSG00000266041	MIR4690	TK92	SNV	SNV
ENSG00000266043	MIR3649	TK92	SNV	SNV
ENSG00000266078	MIR4432	TK14	SNV	SNV
ENSG00000266105	ENSG00000266105	TK13	SNV	SNV
ENSG00000266179	ENSG00000266179	TK91	SNV	SNV
ENSG00000266185	RN7SL804P	TK93	SNV	SNV
ENSG00000266192	MIR1260B	TK18	SNV	SNV
ENSG00000266203	MIR5585	TK92	SNV	SNV
ENSG00000266210	RN7SL371P	TK93	SNV	SNV
ENSG00000266217	CTSLP2	TK92	SNV	SNV
ENSG00000266226	MIR4323	TK18	SNV	SNV
ENSG00000266228	MIR3611	TK91	SNV	SNV
ENSG00000266240	MIR5091	TK93	SNV	SNV
ENSG00000266242	GRAMD4P7	TK18	SNV	SNV
ENSG00000266245	MIR4644	TK93	SNV	SNV
ENSG00000266279	ENSG00000266279	TK14	SNV	SNV
ENSG00000266306	ENSG00000266306	TK18	SNV	SNV
ENSG00000266315	MIR4668	TK92	SNV	SNV
ENSG00000266335	ENSG00000266335	TK10	SNV	SNV
ENSG00000266402	SNHG25	TK93	SNV	SNV
ENSG00000266420	RN7SL118P	TK10	SNV	SNV
ENSG00000266423	MIR3163	TK91	SNV	SNV
ENSG00000266433	TBC1D3P5	TK13	SNV	SNV
ENSG00000266437	MIR4746	TK13	SNV	SNV
ENSG00000266463	MIR3196	TK13	SNV	SNV
ENSG00000266467	RN7SL220P	TK92	SNV	SNV
ENSG00000266479	ENSG00000266479	TK18	SNV	SNV
ENSG00000266509	MIR3934	TK10	SNV	SNV
ENSG00000266514	MIR3689F	TK14	SNV	SNV
ENSG00000266527	ENSG00000266527	TK10	SNV	SNV
ENSG00000266535	ENSG00000266535	TK14	SNV	SNV
ENSG00000266570	MIR5579	TK91	SNV	SNV
ENSG00000266589	MIR4512	TK10	SNV	SNV
ENSG00000266613	COP1P1	TK91	SNV	SNV
ENSG00000266614	ENSG00000266614	TK14	SNV	SNV
ENSG00000266619	MIR4642	TK10	SNV	SNV
ENSG00000266643	MIR3677	TK10	SNV	SNV
ENSG00000266654	ENSG00000266654	TK93	SNV	SNV
ENSG00000266665	MIR4739	TK16	SNV	SNV
ENSG00000266668	MIR5692C2	TK91	SNV	SNV
ENSG00000266710	RN7SL48P	TK14	SNV	SNV
ENSG00000266711	ENSG00000266711	TK92	SNV	SNV
ENSG00000266729	DSG1-AS1	TK18	SNV	SNV
ENSG00000266743	ENSG00000266743	TK18	SNV	SNV
ENSG00000266765	ENSG00000266765	TK10	SNV	SNV
ENSG00000266767	ENSG00000266767	TK91	SNV	SNV
ENSG00000266775	ENSG00000266775	TK12	SNV	SNV
ENSG00000266780	MIR4444-2	TK18	SNV	SNV
ENSG00000266806	ENSG00000266806	TK91	SNV	SNV
ENSG00000266826	IGBP1C	TK92	SNV	SNV
ENSG00000266858	RPSAP67	TK91	SNV	SNV
ENSG00000266863	RN7SL123P	TK10	SNV	SNV
ENSG00000266909	SLC25A6P4	TK13	SNV	SNV
ENSG00000266920	ACTBP9	TK14	SNV	SNV
ENSG00000266924	ENSG00000266924	TK18	SNV	SNV
ENSG00000266954	ENSG00000266954	TK92	SNV	SNV
ENSG00000266959	ENSG00000266959	TK93	SNV	SNV
ENSG00000266961	ENSG00000266961	TK92	SNV	SNV
ENSG00000266981	ENSG00000266981	TK14	SNV	SNV
ENSG00000266987	ENSG00000266987	TK92	SNV	SNV
ENSG00000266989	FTLP5	TK91	INDEL	SNV
ENSG00000267014	LINC01532	TK13	SNV	SNV
ENSG00000267019	NTF6A	TK91	SNV	SNV
ENSG00000267032	ENSG00000267032	TK93	SNV	SNV
ENSG00000267036	ENSG00000267036	TK93	SNV	SNV
ENSG00000267053	ENSG00000267053	TK91	SNV	SNV
ENSG00000267079	ENSG00000267079	TK10	SNV	SNV
ENSG00000267091	CTBP2P7	TK10	SNV	SNV
ENSG00000267113	ENSG00000267113	TK93	SNV	SNV
ENSG00000267115	ENSG00000267115	TK92	SNV	SNV
ENSG00000267128	RNF157-AS1	TK10	SNV	SNV
ENSG00000267142	ENSG00000267142	TK14	SNV	SNV
ENSG00000267143	ENSG00000267143	TK16	SNV	SNV
ENSG00000267144	ZNF222-DT	TK18	SNV	SNV
ENSG00000267147	LINC01842	TK93	INDEL,SNV	SNV
ENSG00000267153	CTBP2P3	TK10	SNV	SNV
ENSG00000267172	ENSG00000267172	TK18	SNV	SNV
ENSG00000267174	ENSG00000267174	TK10	SNV	SNV
ENSG00000267180	ENSG00000267180	TK92	SNV	SNV
ENSG00000267189	ATP5MGP7	TK93	SNV	SNV
ENSG00000267193	ENSG00000267193	TK16	SNV	SNV
ENSG00000267234	ENSG00000267234	TK91	SNV	SNV
ENSG00000267241	CYP4F10P	TK13	SNV	SNV
ENSG00000267252	LINC01255	TK10	SNV	SNV
ENSG00000267258	PPIAP58	TK91	SNV	SNV
ENSG00000267262	ENSG00000267262	TK91	SNV	SNV
ENSG00000267264	ENSG00000267264	TK92	SNV	SNV
ENSG00000267273	ENSG00000267273	TK10	SNV	SNV
ENSG00000267275	KLF2-DT	TK91	SNV	SNV
ENSG00000267279	ENSG00000267279	TK91	SNV	SNV
ENSG00000267287	ENSG00000267287	TK10	SNV	SNV
ENSG00000267298	ENSG00000267298	TK14	SNV	SNV
ENSG00000267308	LINC01764	TK92	SNV	SNV
ENSG00000267314	ENSG00000267314	TK91	SNV	SNV
ENSG00000267316	ENSG00000267316	TK91	SNV	SNV
ENSG00000267322	SNHG22	TK93	SNV	SNV
ENSG00000267324	ENSG00000267324	TK18	SNV	SNV
ENSG00000267333	ASNSP6	TK93	SNV	SNV
ENSG00000267338	ENSG00000267338	TK92	SNV	SNV
ENSG00000267370	ENSG00000267370	TK13	SNV	SNV
ENSG00000267382	GAD3P	TK92	SNV	SNV
ENSG00000267389	ENSG00000267389	TK92	SNV	SNV
ENSG00000267392	CYP4F9P	TK13	SNV	SNV
ENSG00000267420	ENSG00000267420	TK14	SNV	SNV
ENSG00000267429	ENSG00000267429	TK92	SNV	SNV
ENSG00000267453	CLEC4OP	TK10	SNV	SNV
ENSG00000267457	ENSG00000267457	TK91	SNV	SNV
ENSG00000267458	ENSG00000267458	TK93	SNV	SNV
ENSG00000267489	LINC01837	TK92	SNV	SNV
ENSG00000267505	ENSG00000267505	TK10	SNV	SNV
ENSG00000267526	ENSG00000267526	TK91	SNV	SNV
ENSG00000267535	LINC00868	TK92	SNV	SNV
ENSG00000267543	ENSG00000267543	TK16	SNV	SNV
ENSG00000267551	GNA15-DT	TK10	SNV	SNV
ENSG00000267560	ENSG00000267560	TK16	SNV	SNV
ENSG00000267585	ENSG00000267585	TK91	SNV	SNV
ENSG00000267595	BRCA1P1	TK13	SNV	SNV
ENSG00000267606	ENSG00000267606	TK92	INDEL,SNV	SNV
ENSG00000267614	ENSG00000267614	TK91	SNV	SNV
ENSG00000267628	ENSG00000267628	TK92	SNV	SNV
ENSG00000267653	ENSG00000267653	TK93	SNV	SNV
ENSG00000267676	THA1P	TK18	SNV	SNV
ENSG00000267691	SHC1P2	TK10	SNV	SNV
ENSG00000267692	TAF9P3	TK91	SNV	SNV
ENSG00000267717	SRSF10P1	TK16	SNV	SNV
ENSG00000267736	HMGB2P1	TK91	SNV	SNV
ENSG00000267745	ENSG00000267745	TK14	SNV	SNV
ENSG00000267766	ENSG00000267766	TK93	SNV	SNV
ENSG00000267779	LINC01533	TK10	SNV	SNV
ENSG00000267780	ENSG00000267780	TK18	SNV	SNV
ENSG00000267781	SLC25A36P1	TK12	SNV	SNV
ENSG00000267793	ENSG00000267793	TK10	SNV	SNV
ENSG00000267797	NRBF2P1	TK13	SNV	SNV
ENSG00000267800	ENSG00000267800	TK13	SNV	SNV
ENSG00000267872	ENSG00000267872	TK10	SNV	SNV
ENSG00000267943	ENSG00000267943	TK13	SNV	SNV
ENSG00000267959	MIR3188	TK93	SNV	SNV
ENSG00000267986	ENSG00000267986	TK10	SNV	SNV
ENSG00000268053	ENSG00000268053	TK93	SNV	SNV
ENSG00000268105	ENSG00000268105	TK93	SNV	SNV
ENSG00000268117	VN1R84P	TK13	SNV	SNV
ENSG00000268153	ENSG00000268153	TK93	SNV	SNV
ENSG00000268174	BNIP3P22	TK18	SNV	SNV
ENSG00000268282	ARPC1AP2	TK93	SNV	SNV
ENSG00000268288	ENSG00000268288	TK92	SNV	SNV
ENSG00000268316	ENSG00000268316	TK14	SNV	SNV
ENSG00000268318	LINC01872	TK10	SNV	SNV
ENSG00000268320	SCGB1C2	TK14	SNV	SNV
ENSG00000268322	BNIP3P25	TK92	SNV	SNV
ENSG00000268455	ENSG00000268455	TK14	SNV	SNV
ENSG00000268461	ENSG00000268461	TK13	INDEL	SNV
ENSG00000268471	MIR4453HG	TK91	SNV	SNV
ENSG00000268496	ENSG00000268496	TK91	SNV	SNV
ENSG00000268510	IFNL3P1	TK10	SNV	SNV
ENSG00000268531	ENSG00000268531	TK10	SNV	SNV
ENSG00000268581	SIGLEC18P	TK93	SNV	SNV
ENSG00000268593	ENSG00000268593	TK13	SNV	SNV
ENSG00000268595	ENSG00000268595	TK10	SNV	SNV
ENSG00000268629	TEX13A	TK14	SNV	SNV
ENSG00000268673	ENSG00000268673	TK14	SNV	SNV
ENSG00000268705	BNIP3P26	TK92	SNV	SNV
ENSG00000268729	ENSG00000268729	TK18	SNV	SNV
ENSG00000268744	ENSG00000268744	TK14	SNV	SNV
ENSG00000268746	ENSG00000268746	TK92	SNV	SNV
ENSG00000268823	ENSG00000268823	TK14	SNV	SNV
ENSG00000268842	ENSG00000268842	TK92	SNV	SNV
ENSG00000268884	ENSG00000268884	TK16	SNV	SNV
ENSG00000268892	ENSG00000268892	TK16	SNV	SNV
ENSG00000268906	ENSG00000268906	TK13	SNV	SNV
ENSG00000268988	SPANXN2	TK13	SNV	SNV
ENSG00000269068	ENSG00000269068	TK18	SNV	SNV
ENSG00000269099	LSP1P1	TK93	SNV	SNV
ENSG00000269189	ENSG00000269189	TK91	SNV	SNV
ENSG00000269246	ENSG00000269246	TK12	SNV	SNV
ENSG00000269274	ENSG00000269274	TK91	SNV	SNV
ENSG00000269288	ENSG00000269288	TK10	SNV	SNV
ENSG00000269349	ENSG00000269349	TK13	SNV	SNV
ENSG00000269376	ENSG00000269376	TK92	SNV	SNV
ENSG00000269416	LINC01224	TK93	INDEL	SNV
ENSG00000269463	ENSG00000269463	TK10	SNV	SNV
ENSG00000269502	DMRTC1	TK14	SNV	SNV
ENSG00000269509	BNIP3P34	TK92	SNV	SNV
ENSG00000269540	ENSG00000269540	TK10	SNV	SNV
ENSG00000269565	GPR32P1	TK14	SNV	SNV
ENSG00000269576	HNRNPMP2	TK13	SNV	SNV
ENSG00000269599	ENSG00000269599	TK91	SNV	SNV
ENSG00000269609	C10orf95-AS1	TK92	SNV	SNV
ENSG00000269635	ENSG00000269635	TK91	SNV	SNV
ENSG00000269662	BNIP3P39	TK18	SNV	SNV
ENSG00000269681	ENSG00000269681	TK14	SNV	SNV
ENSG00000269694	ENSG00000269694	TK92	SNV	SNV
ENSG00000269741	ENSG00000269741	TK91	SNV	SNV
ENSG00000269742	BNIP3P29	TK18	SNV	SNV
ENSG00000269765	ENSG00000269765	TK93	SNV	SNV
ENSG00000269787	OR7A3P	TK13	SNV	SNV
ENSG00000269826	ENSG00000269826	TK92	SNV	SNV
ENSG00000269842	ENSG00000269842	TK91	SNV	SNV
ENSG00000269848	ENSG00000269848	TK92	SNV	SNV
ENSG00000269859	ZNF628-DT	TK93	SNV	SNV
ENSG00000269927	ENSG00000269927	TK10	SNV	SNV
ENSG00000269944	ENSG00000269944	TK92	SNV	SNV
ENSG00000269945	ENSG00000269945	TK10	SNV	SNV
ENSG00000269956	MKNK1-AS1	TK10	SNV	SNV
ENSG00000269959	SPACA6-AS1	TK10	SNV	SNV
ENSG00000269971	ENSG00000269971	TK91	SNV	SNV
ENSG00000269976	ENSG00000269976	TK93	SNV	SNV
ENSG00000269981	ENSG00000269981	TK18	SNV	SNV
ENSG00000270035	ENSG00000270035	TK10	INDEL,SNV	SNV
ENSG00000270036	ENSG00000270036	TK91	SNV	SNV
ENSG00000270048	ENSG00000270048	TK92	SNV	SNV
ENSG00000270062	ENSG00000270062	TK93	SNV	SNV
ENSG00000270068	ENSG00000270068	TK93	SNV	SNV
ENSG00000270087	ENSG00000270087	TK18	SNV	SNV
ENSG00000270095	ENSG00000270095	TK92	SNV	SNV
ENSG00000270098	LDHAL6EP	TK93	SNV	SNV
ENSG00000270104	ENSG00000270104	TK10	SNV	SNV
ENSG00000270108	ENSG00000270108	TK16	SNV	SNV
ENSG00000270137	ENSG00000270137	TK91	SNV	SNV
ENSG00000270192	MRPS35P3	TK14	INDEL	SNV
ENSG00000270196	GTF3C6P3	TK10	SNV	SNV
ENSG00000270218	ENSG00000270218	TK91	SNV	SNV
ENSG00000270230	MTND6P22	TK93	SNV	SNV
ENSG00000270232	MTCYBP22	TK92	SNV	SNV
ENSG00000270242	ACTR3BP1	TK93	SNV	SNV
ENSG00000270248	ENSG00000270248	TK12	SNV	SNV
ENSG00000270281	ENSG00000270281	TK93	SNV	SNV
ENSG00000270296	STX8P1	TK91	SNV	SNV
ENSG00000270323	ENSG00000270323	TK10	SNV	SNV
ENSG00000270324	ENSG00000270324	TK92	SNV	SNV
ENSG00000270343	UNGP3	TK16	SNV	SNV
ENSG00000270388	MTCO3P22	TK92	SNV	SNV
ENSG00000270400	ENSG00000270400	TK13	SNV	SNV
ENSG00000270409	ENSG00000270409	TK92	SNV	SNV
ENSG00000270413	ENSG00000270413	TK92	INDEL	SNV
ENSG00000270422	ENSG00000270422	TK92	SNV	SNV
ENSG00000270432	OR7E108P	TK16	INDEL	SNV
ENSG00000270457	ENSG00000270457	TK16	INDEL	SNV
ENSG00000270477	ENSG00000270477	TK92	SNV	SNV
ENSG00000270479	BNIP3P37	TK92	SNV	SNV
ENSG00000270495	ENSG00000270495	TK18	SNV	SNV
ENSG00000270497	ENSG00000270497	TK12	SNV	SNV
ENSG00000270499	MKI67P1	TK93	INDEL,SNV	SNV
ENSG00000270522	ENSG00000270522	TK14	SNV	SNV
ENSG00000270552	DUXAP3	TK91	SNV	SNV
ENSG00000270562	FOXP1-DT	TK12	SNV	SNV
ENSG00000270576	ENSG00000270576	TK92	SNV	SNV
ENSG00000270585	SNX2P1	TK10	SNV	SNV
ENSG00000270598	ENSG00000270598	TK93	SNV	SNV
ENSG00000270620	ENSG00000270620	TK92	SNV	SNV
ENSG00000270623	SPCS2P2	TK10	SNV	SNV
ENSG00000270640	ENSG00000270640	TK93	SNV	SNV
ENSG00000270641	TSIX	TK92	SNV	SNV
ENSG00000270682	ENSG00000270682	TK13	SNV	SNV
ENSG00000270708	ENSG00000270708	TK18	SNV	SNV
ENSG00000270712	ENSG00000270712	TK93	SNV	SNV
ENSG00000270713	ENSG00000270713	TK92	SNV	SNV
ENSG00000270727	ENSG00000270727	TK93	SNV	SNV
ENSG00000270747	S100A11P9	TK93	SNV	SNV
ENSG00000270763	DDX43P2	TK14	SNV	SNV
ENSG00000270773	MARK2P19	TK16	SNV	SNV
ENSG00000270775	EEF1A1P18	TK91	SNV	SNV
ENSG00000270811	ENSG00000270811	TK16	SNV	SNV
ENSG00000270842	ENSG00000270842	TK93	SNV	SNV
ENSG00000270849	CHCHD2P3	TK92	SNV	SNV
ENSG00000270855	ATP7BP1	TK92	SNV	SNV
ENSG00000270857	ENSG00000270857	TK92	SNV	SNV
ENSG00000270861	ENSG00000270861	TK91	SNV	SNV
ENSG00000270864	IGHV3OR16-6	TK14	SNV	SNV
ENSG00000270874	RPAP2P1	TK93	INDEL,SNV	SNV
ENSG00000270876	ZNF30-AS1	TK91	SNV	SNV
ENSG00000270880	ATP5PBP8	TK92	SNV	SNV
ENSG00000270883	ENSG00000270883	TK93	SNV	SNV
ENSG00000270893	ENSG00000270893	TK92	SNV	SNV
ENSG00000270921	CICP23	TK14	SNV	SNV
ENSG00000270941	AK3P7	TK92	SNV	SNV
ENSG00000270966	ENSG00000270966	TK92	SNV	SNV
ENSG00000270972	ENSG00000270972	TK18	SNV	SNV
ENSG00000270983	ENSG00000270983	TK10	SNV	SNV
ENSG00000270996	ENSG00000270996	TK12	SNV	SNV
ENSG00000270999	IGKV1OR2-118	TK14	SNV	SNV
ENSG00000271044	ENSG00000271044	TK14	SNV	SNV
ENSG00000271048	ENSG00000271048	TK92	SNV	SNV
ENSG00000271052	SRP14P5	TK92	SNV	SNV
ENSG00000271057	ENSG00000271057	TK93	INDEL	SNV
ENSG00000271065	SLC4A8-AS1	TK92	SNV	SNV
ENSG00000271075	ENSG00000271075	TK91	SNV	SNV
ENSG00000271078	ENSG00000271078	TK92	SNV	SNV
ENSG00000271086	NAMA	TK16	SNV	SNV
ENSG00000271093	IGLCOR22-2	TK93	SNV	SNV
ENSG00000271095	BNIP3P28	TK91	SNV	SNV
ENSG00000271096	SUMO2P14	TK93	SNV	SNV
ENSG00000271098	IMMP1LP3	TK91	SNV	SNV
ENSG00000271113	ENSG00000271113	TK92	SNV	SNV
ENSG00000271129	ENSG00000271129	TK92	INDEL,SNV	SNV
ENSG00000271146	BNIP3P45	TK93	SNV	SNV
ENSG00000271153	RPL23AP88	TK18	SNV	SNV
ENSG00000271167	LINC01109	TK18	SNV	SNV
ENSG00000271172	ENSG00000271172	TK91	SNV	SNV
ENSG00000271174	TCEAL8P1	TK91	SNV	SNV
ENSG00000271178	IGHV3OR16-13	TK12	SNV	SNV
ENSG00000271181	ENSG00000271181	TK13	SNV	SNV
ENSG00000271200	PATJ-DT	TK12	SNV	SNV
ENSG00000271216	LINC01050	TK10	SNV	SNV
ENSG00000271228	ENSG00000271228	TK13	SNV	SNV
ENSG00000271237	HMGB1P50	TK91	SNV	SNV
ENSG00000271252	ENSG00000271252	TK92	SNV	SNV
ENSG00000271269	ENSG00000271269	TK93	SNV	SNV
ENSG00000271275	ENSG00000271275	TK91	SNV	SNV
ENSG00000271277	ENSG00000271277	TK92	SNV	SNV
ENSG00000271284	SMIM12P1	TK93	SNV	SNV
ENSG00000271307	ENSG00000271307	TK93	SNV	SNV
ENSG00000271329	ENSG00000271329	TK16	SNV	SNV
ENSG00000271375	ENSG00000271375	TK13	SNV	SNV
ENSG00000271395	LINC02336	TK13	SNV	SNV
ENSG00000271398	ENSG00000271398	TK18	SNV	SNV
ENSG00000271400	CCDC121P1	TK92	SNV	SNV
ENSG00000271420	ENSG00000271420	TK16	INDEL,SNV	SNV
ENSG00000271423	CYCSP1	TK10	SNV	SNV
ENSG00000271437	ENSG00000271437	TK92	SNV	SNV
ENSG00000271461	CKAP2LP1	TK93	SNV	SNV
ENSG00000271483	ENSG00000271483	TK91	SNV	SNV
ENSG00000271484	ABI1P1	TK92	SNV	SNV
ENSG00000271498	ENSG00000271498	TK91	SNV	SNV
ENSG00000271509	ENSG00000271509	TK12	SNV	SNV
ENSG00000271543	ENSG00000271543	TK92	SNV	SNV
ENSG00000271547	ENSG00000271547	TK10	SNV	SNV
ENSG00000271555	ENSG00000271555	TK13	SNV	SNV
ENSG00000271573	ENSG00000271573	TK91	SNV	SNV
ENSG00000271585	SELENOTP2	TK91	SNV	SNV
ENSG00000271612	HSPE1P14	TK10	SNV	SNV
ENSG00000271623	ENSG00000271623	TK10	SNV	SNV
ENSG00000271631	SLC46A2-AS1	TK91	INDEL	SNV
ENSG00000271642	MARK3P1	TK92	INDEL,SNV	SNV
ENSG00000271644	ENSG00000271644	TK91	SNV	SNV
ENSG00000271647	KRT8P47	TK14	SNV	SNV
ENSG00000271655	BNIP3P35	TK91	SNV	SNV
ENSG00000271657	ENSG00000271657	TK92	SNV	SNV
ENSG00000271680	ENSG00000271680	TK10	SNV	SNV
ENSG00000271736	LINC02772	TK16	SNV	SNV
ENSG00000271742	ENSG00000271742	TK93	SNV	SNV
ENSG00000271765	RN7SKP299	TK91	INDEL	SNV
ENSG00000271771	ENSG00000271771	TK93	SNV	SNV
ENSG00000271787	ENSG00000271787	TK16	SNV	SNV
ENSG00000271798	SNORA51	TK12	SNV	SNV
ENSG00000271819	RNU6-94P	TK93	SNV	SNV
ENSG00000271824	SMIM32	TK92	SNV	SNV
ENSG00000271843	ENSG00000271843	TK10	SNV	SNV
ENSG00000271882	ENSG00000271882	TK92	SNV	SNV
ENSG00000271901	ENSG00000271901	TK10	SNV	SNV
ENSG00000271924	RNA5SP108	TK10	SNV	SNV
ENSG00000271930	ENSG00000271930	TK18	SNV	SNV
ENSG00000271985	ENSG00000271985	TK13	SNV	SNV
ENSG00000271986	RN7SL827P	TK92	SNV	SNV
ENSG00000272027	ENSG00000272027	TK91	SNV	SNV
ENSG00000272055	RNU6-6P	TK93	SNV	SNV
ENSG00000272087	ENSG00000272087	TK92	INDEL,SNV	SNV
ENSG00000272108	ENSG00000272108	TK92	SNV	SNV
ENSG00000272123	ENSG00000272123	TK92	SNV	SNV
ENSG00000272180	ENSG00000272180	TK93	SNV	SNV
ENSG00000272235	ENSG00000272235	TK93	SNV	SNV
ENSG00000272239	ENSG00000272239	TK13	SNV	SNV
ENSG00000272243	ENSG00000272243	TK92	SNV	SNV
ENSG00000272359	RNU4-89P	TK16	SNV	SNV
ENSG00000272371	ENSG00000272371	TK92	INDEL,SNV	SNV
ENSG00000272372	ENSG00000272372	TK10	SNV	SNV
ENSG00000272383	ENSG00000272383	TK91	SNV	SNV
ENSG00000272395	IFNL4	TK13	SNV	SNV
ENSG00000272411	ENSG00000272411	TK12	SNV	SNV
ENSG00000272416	ENSG00000272416	TK14	SNV	SNV
ENSG00000272419	LINC01145	TK92	SNV	SNV
ENSG00000272469	RN7SL760P	TK92	SNV	SNV
ENSG00000272477	ENSG00000272477	TK91	SNV	SNV
ENSG00000272506	ENSG00000272506	TK93	SNV	SNV
ENSG00000272507	RNU6-88P	TK92	SNV	SNV
ENSG00000272533	SNORA28	TK13	SNV	SNV
ENSG00000272542	ENSG00000272542	TK93	SNV	SNV
ENSG00000272543	MIR4787	TK92	SNV	SNV
ENSG00000272554	ENSG00000272554	TK91	SNV	SNV
ENSG00000272576	ENSG00000272576	TK91	SNV	SNV
ENSG00000272669	ENSG00000272669	TK92	SNV	SNV
ENSG00000272678	ENSG00000272678	TK12	INDEL	SNV
ENSG00000272694	ENSG00000272694	TK18	SNV	SNV
ENSG00000272699	ENSG00000272699	TK92	SNV	SNV
ENSG00000272701	MESTIT1	TK93	SNV	SNV
ENSG00000272710	ENSG00000272710	TK10	SNV	SNV
ENSG00000272795	GAR1-DT	TK18	SNV	SNV
ENSG00000272797	ENSG00000272797	TK13	SNV	SNV
ENSG00000272799	ENSG00000272799	TK13	SNV	SNV
ENSG00000272810	ENSG00000272810	TK18	SNV	SNV
ENSG00000272814	ENSG00000272814	TK91	SNV	SNV
ENSG00000272866	ENSG00000272866	TK16	SNV	SNV
ENSG00000272986	ENSG00000272986	TK12	SNV	SNV
ENSG00000272995	ENSG00000272995	TK92	SNV	SNV
ENSG00000273001	PFKP-DT	TK91	SNV	SNV
ENSG00000273041	ATF4P2	TK93	SNV	SNV
ENSG00000273055	ENSG00000273055	TK18	SNV	SNV
ENSG00000273063	ENSG00000273063	TK10	SNV	SNV
ENSG00000273079	GRIN2B	TK91	SNV	SNV
ENSG00000273090	ENSG00000273090	TK10	SNV	SNV
ENSG00000273106	PPM1B-DT	TK18	SNV	SNV
ENSG00000273111	LYPD4	TK13	INDEL	SNV
ENSG00000273132	ENSG00000273132	TK10	SNV	SNV
ENSG00000273138	ENSG00000273138	TK91	INDEL,SNV	SNV
ENSG00000273173	SNURF	TK10	SNV	SNV
ENSG00000273177	ENSG00000273177	TK16	SNV	SNV
ENSG00000273199	ENSG00000273199	TK10	SNV	SNV
ENSG00000273219	ENSG00000273219	TK18	SNV	SNV
ENSG00000273232	ENSG00000273232	TK12	SNV	SNV
ENSG00000273233	ENSG00000273233	TK92	SNV	SNV
ENSG00000273238	TMEM271	TK10	SNV	SNV
ENSG00000273254	ENSG00000273254	TK13	SNV	SNV
ENSG00000273321	ENSG00000273321	TK92	SNV	SNV
ENSG00000273336	OR7M1P	TK93	INDEL	SNV
ENSG00000273341	ENSG00000273341	TK93	SNV	SNV
ENSG00000273342	ENSG00000273342	TK10	SNV	SNV
ENSG00000273350	ENSG00000273350	TK12	SNV	SNV
ENSG00000273368	ENSG00000273368	TK10	SNV	SNV
ENSG00000273375	ENSG00000273375	TK18	SNV	SNV
ENSG00000273384	ENSG00000273384	TK16	SNV	SNV
ENSG00000273408	OR5B15P	TK91	SNV	SNV
ENSG00000273415	LINC02725	TK13	SNV	SNV
ENSG00000273423	OR13I1P	TK93	SNV	SNV
ENSG00000273442	ENSG00000273442	TK16	SNV	SNV
ENSG00000273461	ENSG00000273461	TK16	SNV	SNV
ENSG00000273464	ENSG00000273464	TK92	SNV	SNV
ENSG00000273476	ENSG00000273476	TK92	SNV	SNV
ENSG00000273487	ENSG00000273487	TK92	SNV	SNV
ENSG00000273493	ENSG00000273493	TK18	SNV	SNV
ENSG00000273512	ENSG00000273512	TK13	SNV	SNV
ENSG00000273544	SNORA44	TK93	SNV	SNV
ENSG00000273549	Metazoa_SRP	TK16	SNV	SNV
ENSG00000273555	MIR6812	TK18	SNV	SNV
ENSG00000273568	ENSG00000273568	TK13	SNV	SNV
ENSG00000273587	SNORA78	TK16	SNV	SNV
ENSG00000273598	PMS2P10	TK18	INDEL,SNV	SNV
ENSG00000273613	MIR6511A4	TK10	SNV	SNV
ENSG00000273618	ENSG00000273618	TK91	SNV	SNV
ENSG00000273623	ENSG00000273623	TK91	SNV	SNV
ENSG00000273627	MIR4726	TK91	SNV	SNV
ENSG00000273629	U7	TK18	SNV	SNV
ENSG00000273639	ENSG00000273639	TK92	SNV	SNV
ENSG00000273669	ENSG00000273669	TK93	SNV	SNV
ENSG00000273682	BLVRBP1	TK93	SNV	SNV
ENSG00000273687	ENSG00000273687	TK91	SNV	SNV
ENSG00000273693	CDRT15P10	TK93	SNV	SNV
ENSG00000273703	H2BC14	TK92	SNV	SNV
ENSG00000273712	ENSG00000273712	TK16	SNV	SNV
ENSG00000273736	ENSG00000273736	TK13	SNV	SNV
ENSG00000273742	MIR6075	TK18	SNV	SNV
ENSG00000273778	MIR6765	TK10	INDEL	SNV
ENSG00000273791	BNIP3P47	TK18	SNV	SNV
ENSG00000273818	RN7SL673P	TK93	SNV	SNV
ENSG00000273825	ENSG00000273825	TK91	SNV	SNV
ENSG00000273890	ENSG00000273890	TK91	SNV	SNV
ENSG00000273897	PMS2P8	TK92	SNV	SNV
ENSG00000273900	ENSG00000273900	TK91	SNV	SNV
ENSG00000273919	ENSG00000273919	TK10	SNV	SNV
ENSG00000273920	ENSG00000273920	TK13	SNV	SNV
ENSG00000273933	ENSG00000273933	TK10	SNV	SNV
ENSG00000273945	MIR6853	TK92	SNV	SNV
ENSG00000273950	Metazoa_SRP	TK18	SNV	SNV
ENSG00000273951	ENSG00000273951	TK10	SNV	SNV
ENSG00000273958	ENSG00000273958	TK91	INDEL,SNV	SNV
ENSG00000273974	ENSG00000273974	TK16	SNV	SNV
ENSG00000273982	ENSG00000273982	TK92	SNV	SNV
ENSG00000273983	H3C8	TK14	SNV	SNV
ENSG00000273997	ENSG00000273997	TK93	INDEL	SNV
ENSG00000274002	ENSG00000274002	TK10	SNV	SNV
ENSG00000274019	ENSG00000274019	TK13	SNV	SNV
ENSG00000274034	MIR6813	TK18	SNV	SNV
ENSG00000274038	ENSG00000274038	TK92	SNV	SNV
ENSG00000274055	ENSG00000274055	TK18	SNV	SNV
ENSG00000274066	MIR6514	TK16	SNV	SNV
ENSG00000274080	ENSG00000274080	TK10	SNV	SNV
ENSG00000274093	ENSG00000274093	TK91	SNV	SNV
ENSG00000274099	ABCB10P1	TK13	SNV	SNV
ENSG00000274111	MIR6777	TK92	SNV	SNV
ENSG00000274116	ENSG00000274116	TK18	SNV	SNV
ENSG00000274124	ENSG00000274124	TK92	SNV	SNV
ENSG00000274133	ENSG00000274133	TK13	SNV	SNV
ENSG00000274135	Metazoa_SRP	TK93	SNV	SNV
ENSG00000274154	ENSG00000274154	TK18	SNV	SNV
ENSG00000274156	ENSG00000274156	TK91	SNV	SNV
ENSG00000274159	ENSG00000274159	TK93	SNV	SNV
ENSG00000274170	ENSG00000274170	TK12	SNV	SNV
ENSG00000274183	H2AB1	TK93	SNV	SNV
ENSG00000274186	RN7SL248P	TK91	SNV	SNV
ENSG00000274199	ENSG00000274199	TK18	SNV	SNV
ENSG00000274226	TBC1D3H	TK12	SNV	SNV
ENSG00000274227	ENSG00000274227	TK91	SNV	SNV
ENSG00000274261	ENSG00000274261	TK10	SNV	SNV
ENSG00000274297	ENSG00000274297	TK91	SNV	SNV
ENSG00000274330	ENSG00000274330	TK13	SNV	SNV
ENSG00000274331	ENSG00000274331	TK16	SNV	SNV
ENSG00000274342	ENSG00000274342	TK92	SNV	SNV
ENSG00000274363	ENSG00000274363	TK18	SNV	SNV
ENSG00000274370	ENSG00000274370	TK10	SNV	SNV
ENSG00000274378	ENSG00000274378	TK91	SNV	SNV
ENSG00000274380	MIR6801	TK13	SNV	SNV
ENSG00000274381	ENSG00000274381	TK18	SNV	SNV
ENSG00000274390	MIR6885	TK93	SNV	SNV
ENSG00000274396	ENSG00000274396	TK16	SNV	SNV
ENSG00000274419	TBC1D3D	TK12	SNV	SNV
ENSG00000274430	ENSG00000274430	TK93	SNV	SNV
ENSG00000274447	ENSG00000274447	TK93	SNV	SNV
ENSG00000274458	ENSG00000274458	TK92	SNV	SNV
ENSG00000274494	MIR6832	TK18	SNV	SNV
ENSG00000274499	ENSG00000274499	TK10	SNV	SNV
ENSG00000274514	Metazoa_SRP	TK91	SNV	SNV
ENSG00000274529	SEBOX	TK91	SNV	SNV
ENSG00000274547	ENSG00000274547	TK12	SNV	SNV
ENSG00000274552	MIR6889	TK10	SNV	SNV
ENSG00000274576	IGHV2-70	TK16	SNV	SNV
ENSG00000274588	DGKK	TK91	INDEL	SNV
ENSG00000274603	Y_RNA	TK91	SNV	SNV
ENSG00000274607	RNU6-866P	TK92	SNV	SNV
ENSG00000274617	ENSG00000274617	TK92	SNV	SNV
ENSG00000274625	ENSG00000274625	TK93	SNV	SNV
ENSG00000274641	H2BC17	TK16	SNV	SNV
ENSG00000274670	ENSG00000274670	TK92	SNV	SNV
ENSG00000274682	ENSG00000274682	TK91	SNV	SNV
ENSG00000274685	ENSG00000274685	TK18	SNV	SNV
ENSG00000274695	ENSG00000274695	TK93	SNV	SNV
ENSG00000274718	ENSG00000274718	TK91	SNV	SNV
ENSG00000274723	ENSG00000274723	TK10	SNV	SNV
ENSG00000274737	ENSG00000274737	TK16	SNV	SNV
ENSG00000274748	ENSG00000274748	TK92	SNV	SNV
ENSG00000274760	ENSG00000274760	TK13	SNV	SNV
ENSG00000274765	ENSG00000274765	TK92	SNV	SNV
ENSG00000274805	MIR6768	TK10	SNV	SNV
ENSG00000274813	ENSG00000274813	TK92	SNV	SNV
ENSG00000274817	ENSG00000274817	TK10	SNV	SNV
ENSG00000274840	BALR6	TK14	SNV	SNV
ENSG00000274841	Metazoa_SRP	TK93	SNV	SNV
ENSG00000274863	ENSG00000274863	TK91	SNV	SNV
ENSG00000274892	ENSG00000274892	TK10	SNV	SNV
ENSG00000274898	ENSG00000274898	TK91	SNV	SNV
ENSG00000274927	KMT2CP3	TK92	SNV	SNV
ENSG00000274929	ENSG00000274929	TK14	SNV	SNV
ENSG00000274978	RNU11	TK18	SNV	SNV
ENSG00000274985	PTCHD3P1	TK12	SNV	SNV
ENSG00000275014	RN7SL166P	TK92	SNV	SNV
ENSG00000275017	ENSG00000275017	TK10	SNV	SNV
ENSG00000275022	MIR6753	TK10	SNV	SNV
ENSG00000275026	GXYLT1P4	TK92	SNV	SNV
ENSG00000275041	Metazoa_SRP	TK92	SNV	SNV
ENSG00000275110	ENSG00000275110	TK91	SNV	SNV
ENSG00000275120	ZSCAN2-AS1	TK12	SNV	SNV
ENSG00000275141	MIR6888	TK91	SNV	SNV
ENSG00000275144	SNX18P5	TK93	SNV	SNV
ENSG00000275155	ENSG00000275155	TK10	SNV	SNV
ENSG00000275216	LINC03061	TK10	SNV	SNV
ENSG00000275238	MIR4734	TK18	SNV	SNV
ENSG00000275291	RNVU1-26	TK12	SNV	SNV
ENSG00000275295	ENSG00000275295	TK13	SNV	SNV
ENSG00000275307	ENSG00000275307	TK12	INDEL	SNV
ENSG00000275327	ENSG00000275327	TK92	SNV	SNV
ENSG00000275344	MIR6503	TK12	SNV	SNV
ENSG00000275345	ENSG00000275345	TK92	SNV	SNV
ENSG00000275350	ENSG00000275350	TK92	INDEL	SNV
ENSG00000275377	MIR1299	TK91	SNV	SNV
ENSG00000275379	H3C11	TK91	SNV	SNV
ENSG00000275385	CCL18	TK13	SNV	SNV
ENSG00000275406	ENSG00000275406	TK92	SNV	SNV
ENSG00000275409	ENSG00000275409	TK18	SNV	SNV
ENSG00000275413	ENSG00000275413	TK12	SNV	SNV
ENSG00000275438	ENSG00000275438	TK12	SNV	SNV
ENSG00000275479	ENSG00000275479	TK91	SNV	SNV
ENSG00000275484	ENSG00000275484	TK10	SNV	SNV
ENSG00000275506	H3P25	TK93	SNV	SNV
ENSG00000275512	ENSG00000275512	TK91	SNV	SNV
ENSG00000275515	ENSG00000275515	TK10	SNV	SNV
ENSG00000275516	ENSG00000275516	TK10	SNV	SNV
ENSG00000275519	MIR6804	TK16	INDEL	SNV
ENSG00000275540	ENSG00000275540	TK14	SNV	SNV
ENSG00000275563	ENSG00000275563	TK13	SNV	SNV
ENSG00000275572	GRIFIN	TK91	SNV	SNV
ENSG00000275598	ENSG00000275598	TK14	SNV	SNV
ENSG00000275601	ENSG00000275601	TK13	SNV	SNV
ENSG00000275609	ENSG00000275609	TK91	SNV	SNV
ENSG00000275691	MT1IP	TK14	SNV	SNV
ENSG00000275695	UBE2Q2P6	TK14	SNV	SNV
ENSG00000275711	MIR6795	TK14	SNV	SNV
ENSG00000275716	ENSG00000275716	TK93	SNV	SNV
ENSG00000275718	CCL15	TK13	SNV	SNV
ENSG00000275728	ENSG00000275728	TK10	SNV	SNV
ENSG00000275745	Y_RNA	TK91	SNV	SNV
ENSG00000275767	ENSG00000275767	TK92	SNV	SNV
ENSG00000275772	ENSG00000275772	TK18	SNV	SNV
ENSG00000275801	ENSG00000275801	TK92	SNV	SNV
ENSG00000275805	ENSG00000275805	TK91	SNV	SNV
ENSG00000275818	MIR6818	TK93	SNV	SNV
ENSG00000275850	ENSG00000275850	TK93	INDEL,SNV	SNV
ENSG00000275874	PICSAR	TK14	SNV	SNV
ENSG00000275894	ENSG00000275894	TK18	SNV	SNV
ENSG00000275919	ENSG00000275919	TK18	SNV	SNV
ENSG00000275944	ENSG00000275944	TK13	SNV	SNV
ENSG00000275967	MIR6880	TK10	INDEL	SNV
ENSG00000275969	SPATA31A3	TK14	SNV	SNV
ENSG00000275976	SPDYE11	TK92	SNV	SNV
ENSG00000275980	ENSG00000275980	TK92	SNV	SNV
ENSG00000276029	MIR4477A	TK92	SNV	SNV
ENSG00000276040	SPATA31A7	TK10	SNV	SNV
ENSG00000276047	RN7SL711P	TK13	SNV	SNV
ENSG00000276048	ENSG00000276048	TK14	SNV	SNV
ENSG00000276063	ENSG00000276063	TK92	SNV	SNV
ENSG00000276092	ENSG00000276092	TK16	INDEL	SNV
ENSG00000276107	THBS1-IT1	TK16	SNV	SNV
ENSG00000276110	ENSG00000276110	TK16	SNV	SNV
ENSG00000276124	MIR6855	TK10	SNV	SNV
ENSG00000276161	SNORA17B	TK10	SNV	SNV
ENSG00000276172	ELMO2P1	TK92	SNV	SNV
ENSG00000276179	ENSG00000276179	TK92	SNV	SNV
ENSG00000276180	H4C9	TK18	SNV	SNV
ENSG00000276200	RN7SL820P	TK91	SNV	SNV
ENSG00000276203	ANKRD20A3P	TK93	SNV	SNV
ENSG00000276232	ENSG00000276232	TK16	SNV	SNV
ENSG00000276251	ENSG00000276251	TK10	SNV	SNV
ENSG00000276257	ENSG00000276257	TK92	SNV	SNV
ENSG00000276261	ENSG00000276261	TK10	SNV	SNV
ENSG00000276269	ENSG00000276269	TK14	SNV	SNV
ENSG00000276292	ENSG00000276292	TK93	SNV	SNV
ENSG00000276368	H2AC14	TK18	INDEL	SNV
ENSG00000276375	ENSG00000276375	TK18	SNV	SNV
ENSG00000276380	UBE2NL	TK93	SNV	SNV
ENSG00000276400	VN1R9P	TK16	SNV	SNV
ENSG00000276430	FAM25C	TK92	SNV	SNV
ENSG00000276436	ENSG00000276436	TK18	SNV	SNV
ENSG00000276470	ENSG00000276470	TK18	SNV	SNV
ENSG00000276476	LINC00540	TK10	SNV	SNV
ENSG00000276484	PLA2G10IP	TK92	SNV	SNV
ENSG00000276493	Metazoa_SRP	TK91	SNV	SNV
ENSG00000276519	ENSG00000276519	TK92	SNV	SNV
ENSG00000276535	ENSG00000276535	TK92	SNV	SNV
ENSG00000276566	IGKV1D-13	TK10	INDEL,SNV	SNV
ENSG00000276569	ENSG00000276569	TK13	SNV	SNV
ENSG00000276573	ENSG00000276573	TK91	SNV	SNV
ENSG00000276576	MRPL30P1	TK93	SNV	SNV
ENSG00000276580	MIR8055	TK10	SNV	SNV
ENSG00000276598	MIR6893	TK92	SNV	SNV
ENSG00000276601	Metazoa_SRP	TK10	SNV	SNV
ENSG00000276633	ENSG00000276633	TK10	SNV	SNV
ENSG00000276668	ENSG00000276668	TK91	SNV	SNV
ENSG00000276680	ENSG00000276680	TK92	SNV	SNV
ENSG00000276704	ENSG00000276704	TK12	SNV	SNV
ENSG00000276715	YWHAEP7	TK92	SNV	SNV
ENSG00000276723	Y_RNA	TK93	SNV	SNV
ENSG00000276729	Metazoa_SRP	TK91	SNV	SNV
ENSG00000276738	ENSG00000276738	TK93	SNV	SNV
ENSG00000276740	ENSG00000276740	TK92	SNV	SNV
ENSG00000276742	ENSG00000276742	TK92	SNV	SNV
ENSG00000276754	ENSG00000276754	TK92	SNV	SNV
ENSG00000276756	KMT2CP2	TK91	SNV	SNV
ENSG00000276790	ENSG00000276790	TK91	SNV	SNV
ENSG00000276810	ENSG00000276810	TK93	SNV	SNV
ENSG00000276831	ENSG00000276831	TK92	SNV	SNV
ENSG00000276867	ENSG00000276867	TK92	SNV	SNV
ENSG00000276957	ENSG00000276957	TK13	SNV	SNV
ENSG00000276958	ENSG00000276958	TK91	SNV	SNV
ENSG00000276968	ENSG00000276968	TK14	SNV	SNV
ENSG00000277000	DUSP12P1	TK16	SNV	SNV
ENSG00000277010	ENSG00000277010	TK13	SNV	SNV
ENSG00000277034	SNORA71	TK14	SNV	SNV
ENSG00000277063	MIR8084	TK92	SNV	SNV
ENSG00000277084	RNU2-4P	TK93	SNV	SNV
ENSG00000277103	ENSG00000277103	TK14	SNV	SNV
ENSG00000277127	Metazoa_SRP	TK93	SNV	SNV
ENSG00000277135	ENSG00000277135	TK10	SNV	SNV
ENSG00000277173	ENSG00000277173	TK10	SNV	SNV
ENSG00000277198	RN7SL270P	TK12	SNV	SNV
ENSG00000277215	SPANXA2-OT1	TK93	SNV	SNV
ENSG00000277228	ENSG00000277228	TK92	SNV	SNV
ENSG00000277250	Metazoa_SRP	TK16	SNV	SNV
ENSG00000277253	CICP28	TK92	INDEL,SNV	SNV
ENSG00000277255	MIR7854	TK13	SNV	SNV
ENSG00000277260	FAM74A7	TK14	INDEL,SNV	SNV
ENSG00000277322	GOLGA6L6	TK16	INDEL,SNV	SNV
ENSG00000277351	ENSG00000277351	TK16	SNV	SNV
ENSG00000277373	ENSG00000277373	TK93	SNV	SNV
ENSG00000277386	ENSG00000277386	TK18	SNV	SNV
ENSG00000277408	ENSG00000277408	TK92	SNV	SNV
ENSG00000277450	ENSG00000277450	TK10	SNV	SNV
ENSG00000277452	RN7SL473P	TK92	SNV	SNV
ENSG00000277460	ENSG00000277460	TK12	SNV	SNV
ENSG00000277467	RN7SL628P	TK10	SNV	SNV
ENSG00000277468	ENSG00000277468	TK92	SNV	SNV
ENSG00000277482	ENSG00000277482	TK92	SNV	SNV
ENSG00000277483	RN7SL321P	TK92	SNV	SNV
ENSG00000277493	ENSG00000277493	TK18	SNV	SNV
ENSG00000277502	ENSG00000277502	TK93	SNV	SNV
ENSG00000277510	Metazoa_SRP	TK14	SNV	SNV
ENSG00000277531	PNMA8C	TK14	SNV	SNV
ENSG00000277535	CT47C1	TK13	SNV	SNV
ENSG00000277545	ENSG00000277545	TK91	SNV	SNV
ENSG00000277565	ENSG00000277565	TK91	SNV	SNV
ENSG00000277568	ENSG00000277568	TK13	SNV	SNV
ENSG00000277583	ENSG00000277583	TK10	SNV	SNV
ENSG00000277599	ENSG00000277599	TK10	SNV	SNV
ENSG00000277647	ENSG00000277647	TK92	SNV	SNV
ENSG00000277651	ENSG00000277651	TK91	SNV	SNV
ENSG00000277661	OR2W1-AS1	TK91	SNV	SNV
ENSG00000277677	Metazoa_SRP	TK92	SNV	SNV
ENSG00000277684	ENSG00000277684	TK93	SNV	SNV
ENSG00000277690	ENSG00000277690	TK14	SNV	SNV
ENSG00000277694	ENSG00000277694	TK16	SNV	SNV
ENSG00000277705	ENSG00000277705	TK91	SNV	SNV
ENSG00000277711	ENSG00000277711	TK91	SNV	SNV
ENSG00000277749	ENSG00000277749	TK92	SNV	SNV
ENSG00000277769	RBM22P4	TK12	SNV	SNV
ENSG00000277775	H3C7	TK18	SNV	SNV
ENSG00000277785	SNORD116-21	TK12	SNV	SNV
ENSG00000277794	Metazoa_SRP	TK93	SNV	SNV
ENSG00000277829	ENSG00000277829	TK10	SNV	SNV
ENSG00000277842	MIR6811	TK13	SNV	SNV
ENSG00000277859	ENSG00000277859	TK13	INDEL	SNV
ENSG00000277864	SCARNA15	TK14	SNV	SNV
ENSG00000277869	ENSG00000277869	TK92	SNV	SNV
ENSG00000277870	FAM230A	TK93	SNV	SNV
ENSG00000277882	ENSG00000277882	TK10	SNV	SNV
ENSG00000277883	NLRP3P1	TK92	SNV	SNV
ENSG00000277920	ENSG00000277920	TK10	SNV	SNV
ENSG00000277941	ENSG00000277941	TK93	SNV	SNV
ENSG00000277948	ENSG00000277948	TK14	SNV	SNV
ENSG00000277950	Metazoa_SRP	TK93	SNV	SNV
ENSG00000277958	Metazoa_SRP	TK91	SNV	SNV
ENSG00000277966	ENSG00000277966	TK12	SNV	SNV
ENSG00000277988	FAM30B	TK93	SNV	SNV
ENSG00000277994	ENSG00000277994	TK10	SNV	SNV
ENSG00000277997	ENSG00000277997	TK92	SNV	SNV
ENSG00000278001	ENSG00000278001	TK92	SNV	SNV
ENSG00000278030	TRBV7-9	TK92	SNV	SNV
ENSG00000278038	MIR6076	TK10	SNV	SNV
ENSG00000278083	ENSG00000278083	TK91	SNV	SNV
ENSG00000278099	RNVU1-2A	TK18	SNV	SNV
ENSG00000278109	Metazoa_SRP	TK91	SNV	SNV
ENSG00000278130	ENSG00000278130	TK93	SNV	SNV
ENSG00000278131	ENSG00000278131	TK10	SNV	SNV
ENSG00000278171	ENSG00000278171	TK13	SNV	SNV
ENSG00000278200	LINC01971	TK18	SNV	SNV
ENSG00000278213	CNTNAP3P5	TK92	SNV	SNV
ENSG00000278223	MIR6783	TK93	SNV	SNV
ENSG00000278226	Metazoa_SRP	TK10	SNV	SNV
ENSG00000278236	ENSG00000278236	TK16	SNV	SNV
ENSG00000278254	ENSG00000278254	TK18	SNV	SNV
ENSG00000278256	ENSG00000278256	TK18	SNV	SNV
ENSG00000278273	KMT2CP1	TK92	SNV	SNV
ENSG00000278340	MIR6862-2	TK91	SNV	SNV
ENSG00000278351	ENSG00000278351	TK92	SNV	SNV
ENSG00000278367	ENSG00000278367	TK91	SNV	SNV
ENSG00000278408	ENSG00000278408	TK93	SNV	SNV
ENSG00000278424	ENSG00000278424	TK91	SNV	SNV
ENSG00000278438	MIR7849	TK92	SNV	SNV
ENSG00000278455	CICP21	TK91	SNV	SNV
ENSG00000278456	ENSG00000278456	TK93	SNV	SNV
ENSG00000278469	Metazoa_SRP	TK92	SNV	SNV
ENSG00000278480	ZBTB2P1	TK92	SNV	SNV
ENSG00000278483	MIR8087	TK92	SNV	SNV
ENSG00000278499	NPAP1L	TK14	SNV	SNV
ENSG00000278522	POTEB3	TK14	SNV	SNV
ENSG00000278528	PLA2G10KP	TK91	SNV	SNV
ENSG00000278529	MIR8070	TK14	SNV	SNV
ENSG00000278571	MIR7161	TK14	SNV	SNV
ENSG00000278586	ENSG00000278586	TK16	SNV	SNV
ENSG00000278598	MIR6775	TK14	SNV	SNV
ENSG00000278626	ENSG00000278626	TK93	SNV	SNV
ENSG00000278631	SOWAHCP5	TK93	SNV	SNV
ENSG00000278668	ENSG00000278668	TK91	SNV	SNV
ENSG00000278696	RN7SL82P	TK14	SNV	SNV
ENSG00000278698	ENSG00000278698	TK13	INDEL,SNV	SNV
ENSG00000278702	Metazoa_SRP	TK92	SNV	SNV
ENSG00000278708	ENSG00000278708	TK12	SNV	SNV
ENSG00000278715	SNORD116-20	TK16	SNV	SNV
ENSG00000278716	ENSG00000278716	TK13	SNV	SNV
ENSG00000278727	ENSG00000278727	TK10	SNV	SNV
ENSG00000278732	Metazoa_SRP	TK93	SNV	SNV
ENSG00000278733	ENSG00000278733	TK12	SNV	SNV
ENSG00000278736	ENSG00000278736	TK13	SNV	SNV
ENSG00000278744	ENSG00000278744	TK91	SNV	SNV
ENSG00000278746	RN7SL660P	TK93	SNV	SNV
ENSG00000278794	Metazoa_SRP	TK91	SNV	SNV
ENSG00000278815	Vault	TK16	SNV	SNV
ENSG00000278816	ENSG00000278816	TK18	SNV	SNV
ENSG00000278847	ENSG00000278847	TK10	INDEL	SNV
ENSG00000278870	OR51G1	TK14	SNV	SNV
ENSG00000278874	ENSG00000278874	TK93	SNV	SNV
ENSG00000278875	ENSG00000278875	TK10	SNV	SNV
ENSG00000278889	OR2S2	TK14	SNV	SNV
ENSG00000278890	ENSG00000278890	TK92	SNV	SNV
ENSG00000278892	ENSG00000278892	TK93	SNV	SNV
ENSG00000278898	ENSG00000278898	TK10	SNV	SNV
ENSG00000278910	BANCR	TK91	SNV	SNV
ENSG00000278926	ENSG00000278926	TK91	SNV	SNV
ENSG00000278941	SMG6-IT1	TK91	SNV	SNV
ENSG00000278946	ENSG00000278946	TK92	SNV	SNV
ENSG00000278965	ENSG00000278965	TK91	SNV	SNV
ENSG00000278972	ENSG00000278972	TK92	SNV	SNV
ENSG00000278975	ENSG00000278975	TK92	SNV	SNV
ENSG00000278981	ENSG00000278981	TK13	SNV	SNV
ENSG00000278990	ENSG00000278990	TK92	SNV	SNV
ENSG00000278995	ENSG00000278995	TK13	INDEL	SNV
ENSG00000279006	ENSG00000279006	TK93	SNV	SNV
ENSG00000279013	ENSG00000279013	TK10	SNV	SNV
ENSG00000279020	C18orf15	TK92	SNV	SNV
ENSG00000279030	ENSG00000279030	TK13	SNV	SNV
ENSG00000279032	ENSG00000279032	TK18	SNV	SNV
ENSG00000279039	ENSG00000279039	TK18	SNV	SNV
ENSG00000279051	OR6Q1	TK14	SNV	SNV
ENSG00000279062	CDRT15P8	TK91	SNV	SNV
ENSG00000279064	ENSG00000279064	TK14	SNV	SNV
ENSG00000279074	ENSG00000279074	TK92	SNV	SNV
ENSG00000279096	ENSG00000279096	TK92	SNV	SNV
ENSG00000279111	OR10X1	TK14	SNV	SNV
ENSG00000279117	ENSG00000279117	TK10	SNV	SNV
ENSG00000279122	ENSG00000279122	TK91	SNV	SNV
ENSG00000279135	ENSG00000279135	TK10	SNV	SNV
ENSG00000279141	LINC01451	TK92	SNV	SNV
ENSG00000279142	ENSG00000279142	TK92	SNV	SNV
ENSG00000279163	ENSG00000279163	TK92	SNV	SNV
ENSG00000279174	ENSG00000279174	TK12	SNV	SNV
ENSG00000279206	ENSG00000279206	TK92	INDEL,SNV	SNV
ENSG00000279250	ENSG00000279250	TK91	SNV	SNV
ENSG00000279263	OR2L8	TK14	SNV	SNV
ENSG00000279273	ENSG00000279273	TK14	SNV	SNV
ENSG00000279286	ENSG00000279286	TK92	INDEL	SNV
ENSG00000279295	ENSG00000279295	TK10	SNV	SNV
ENSG00000279332	ENSG00000279332	TK93	SNV	SNV
ENSG00000279333	ENSG00000279333	TK92	SNV	SNV
ENSG00000279352	ENSG00000279352	TK91	SNV	SNV
ENSG00000279361	ENSG00000279361	TK10	SNV	SNV
ENSG00000279373	ENSG00000279373	TK92	SNV	SNV
ENSG00000279375	ENSG00000279375	TK93	SNV	SNV
ENSG00000279376	ENSG00000279376	TK12	SNV	SNV
ENSG00000279390	ENSG00000279390	TK91	SNV	SNV
ENSG00000279408	OR4N4C	TK13	SNV	SNV
ENSG00000279409	ENSG00000279409	TK93	SNV	SNV
ENSG00000279423	ENSG00000279423	TK93	SNV	SNV
ENSG00000279433	ENSG00000279433	TK92	SNV	SNV
ENSG00000279440	ENSG00000279440	TK92	SNV	SNV
ENSG00000279446	ENSG00000279446	TK92	SNV	SNV
ENSG00000279455	ENSG00000279455	TK10	SNV	SNV
ENSG00000279460	ENSG00000279460	TK91	SNV	SNV
ENSG00000279466	ENSG00000279466	TK93	SNV	SNV
ENSG00000279480	ENSG00000279480	TK10	SNV	SNV
ENSG00000279484	KLHL30-AS1	TK14	INDEL,SNV	SNV
ENSG00000279485	ENSG00000279485	TK93	SNV	SNV
ENSG00000279502	ENSG00000279502	TK92	SNV	SNV
ENSG00000279588	ENSG00000279588	TK10	SNV	SNV
ENSG00000279591	ENSG00000279591	TK92	SNV	SNV
ENSG00000279619	ENSG00000279619	TK10	SNV	SNV
ENSG00000279633	ENSG00000279633	TK93	SNV	SNV
ENSG00000279660	ENSG00000279660	TK10	SNV	SNV
ENSG00000279663	ENSG00000279663	TK92	SNV	SNV
ENSG00000279679	ENSG00000279679	TK93	SNV	SNV
ENSG00000279681	ENSG00000279681	TK91	SNV	SNV
ENSG00000279684	ENSG00000279684	TK92	SNV	SNV
ENSG00000279686	ENSG00000279686	TK10	SNV	SNV
ENSG00000279691	ENSG00000279691	TK92	SNV	SNV
ENSG00000279698	ENSG00000279698	TK92	SNV	SNV
ENSG00000279708	ENSG00000279708	TK14	SNV	SNV
ENSG00000279735	ENSG00000279735	TK91	SNV	SNV
ENSG00000279739	ENSG00000279739	TK10	SNV	SNV
ENSG00000279784	ENSG00000279784	TK13	SNV	SNV
ENSG00000279804	PRAMEF18	TK14	SNV	SNV
ENSG00000279812	ENSG00000279812	TK14	SNV	SNV
ENSG00000279819	ENSG00000279819	TK92	SNV	SNV
ENSG00000279858	ENSG00000279858	TK91	SNV	SNV
ENSG00000279864	NCOR1P4	TK93	SNV	SNV
ENSG00000279875	ENSG00000279875	TK92	SNV	SNV
ENSG00000279878	ENSG00000279878	TK92	SNV	SNV
ENSG00000279883	ENSG00000279883	TK92	SNV	SNV
ENSG00000279886	ENSG00000279886	TK18	SNV	SNV
ENSG00000279897	BIRC6-AS2	TK93	SNV	SNV
ENSG00000279912	ENSG00000279912	TK93	SNV	SNV
ENSG00000279913	ENSG00000279913	TK93	SNV	SNV
ENSG00000279918	ENSG00000279918	TK92	SNV	SNV
ENSG00000279936	ENSG00000279936	TK91	SNV	SNV
ENSG00000279942	ENSG00000279942	TK92	SNV	SNV
ENSG00000279960	ENSG00000279960	TK16	SNV	SNV
ENSG00000279961	OR8U3	TK14	SNV	SNV
ENSG00000279971	ENSG00000279971	TK92	INDEL	SNV
ENSG00000279979	ENSG00000279979	TK14	SNV	SNV
ENSG00000280000	ENSG00000280000	TK10	SNV	SNV
ENSG00000280009	ENSG00000280009	TK93	SNV	SNV
ENSG00000280012	RPL23AP61	TK93	SNV	SNV
ENSG00000280038	DNM1P41	TK13	SNV	SNV
ENSG00000280083	ENSG00000280083	TK18	SNV	SNV
ENSG00000280091	ENSG00000280091	TK13	SNV	SNV
ENSG00000280092	ENSG00000280092	TK92	SNV	SNV
ENSG00000280098	ENSG00000280098	TK91	SNV	SNV
ENSG00000280108	ENSG00000280108	TK93	SNV	SNV
ENSG00000280121	ENSG00000280121	TK12	SNV	SNV
ENSG00000280135	ENSG00000280135	TK16	INDEL,SNV	SNV
ENSG00000280162	ENSG00000280162	TK93	SNV	SNV
ENSG00000280168	ENSG00000280168	TK10	SNV	SNV
ENSG00000280171	ENSG00000280171	TK93	INDEL,SNV	SNV
ENSG00000280181	ENSG00000280181	TK10	SNV	SNV
ENSG00000280207	ENSG00000280207	TK91	SNV	SNV
ENSG00000280219	ENSG00000280219	TK92	SNV	SNV
ENSG00000280222	ENSG00000280222	TK14	SNV	SNV
ENSG00000280223	ENSG00000280223	TK92	SNV	SNV
ENSG00000280227	ENSG00000280227	TK16	SNV	SNV
ENSG00000280228	ENSG00000280228	TK92	SNV	SNV
ENSG00000280236	OR12D2	TK13	SNV	SNV
ENSG00000280249	ENSG00000280249	TK10	SNV	SNV
ENSG00000280255	ENSG00000280255	TK13	SNV	SNV
ENSG00000280266	ENSG00000280266	TK13	SNV	SNV
ENSG00000280282	ENSG00000280282	TK16	SNV	SNV
ENSG00000280285	ENSG00000280285	TK91	SNV	SNV
ENSG00000280296	ENSG00000280296	TK14	SNV	SNV
ENSG00000280302	ENSG00000280302	TK13	SNV	SNV
ENSG00000280339	ENSG00000280339	TK10	SNV	SNV
ENSG00000280362	ENSG00000280362	TK14	SNV	SNV
ENSG00000280368	ENSG00000280368	TK14	SNV	SNV
ENSG00000280376	ENSG00000280376	TK92	SNV	SNV
ENSG00000280381	ENSG00000280381	TK10	SNV	SNV
ENSG00000280392	ENSG00000280392	TK18	SNV	SNV
ENSG00000280401	ENSG00000280401	TK10	SNV	SNV
ENSG00000280405	ENSG00000280405	TK93	SNV	SNV
ENSG00000280408	ENSG00000280408	TK93	SNV	SNV
ENSG00000280411	IGHV1-69D	TK16	SNV	SNV
ENSG00000280415	ENSG00000280415	TK91	SNV	SNV
ENSG00000280419	ENSG00000280419	TK93	SNV	SNV
ENSG00000280436	ENSG00000280436	TK13	SNV	SNV
ENSG00000280440	ENSG00000280440	TK93	SNV	SNV
ENSG00000280449	ENSG00000280449	TK92	SNV	SNV
ENSG00000280485	ENSG00000280485	TK91	INDEL,SNV	SNV
ENSG00000280571	ENSG00000280571	TK92	SNV	SNV
ENSG00000280580	LINC02342	TK91	SNV	SNV
ENSG00000280660	ENSG00000280660	TK91	SNV	SNV
ENSG00000280693	SH3PXD2A-AS1	TK18	SNV	SNV
ENSG00000280704	SNORD3E	TK93	SNV	SNV
ENSG00000280744	LINC01173	TK10	SNV	SNV
ENSG00000280809	LINC00836	TK92	SNV	SNV
ENSG00000280836	ENSG00000280836	TK13	SNV	SNV
ENSG00000280881	ENSG00000280881	TK91	SNV	SNV
ENSG00000280890	ELDR	TK91	SNV	SNV
ENSG00000280913	CTSLP3	TK91	SNV	SNV
ENSG00000280924	LINC00628	TK14	SNV	SNV
ENSG00000280953	LINC01163	TK10	SNV	SNV
ENSG00000280989	LINC00581	TK93	SNV	SNV
ENSG00000281120	ENSG00000281120	TK93	SNV	SNV
ENSG00000281186	LINC00706	TK10	SNV	SNV
ENSG00000281269	ENSG00000281269	TK92	SNV	SNV
ENSG00000281386	ENSG00000281386	TK93	SNV	SNV
ENSG00000281420	ENSG00000281420	TK91	SNV	SNV
ENSG00000281460	ENSG00000281460	TK18	SNV	SNV
ENSG00000281613	ENSG00000281613	TK13	SNV	SNV
ENSG00000281652	DUX4L7	TK91	SNV	SNV
ENSG00000281825	ENSG00000281825	TK13	SNV	SNV
ENSG00000281832	LINC00602	TK13	SNV	SNV
ENSG00000281859	SNORD38B	TK91	SNV	SNV
ENSG00000281903	LINC02246	TK10	SNV	SNV
ENSG00000281961	ENSG00000281961	TK93	SNV	SNV
ENSG00000282051	ENSG00000282051	TK14	SNV	SNV
ENSG00000282097	ENSG00000282097	TK93	SNV	SNV
ENSG00000282381	ENSG00000282381	TK10	SNV	SNV
ENSG00000282413	ENSG00000282413	TK91	SNV	SNV
ENSG00000282419	TEX13D	TK10	INDEL,SNV	SNV
ENSG00000282542	ENSG00000282542	TK16	SNV	SNV
ENSG00000282697	ENSG00000282697	TK14	SNV	SNV
ENSG00000282815	TEX13C	TK14	SNV	SNV
ENSG00000282882	ENSG00000282882	TK10	SNV	SNV
ENSG00000282906	ENSG00000282906	TK13	SNV	SNV
ENSG00000282911	DUX4L35	TK92	SNV	SNV
ENSG00000282964	ENSG00000282964	TK16	SNV	SNV
ENSG00000283000	LINC02635	TK92	SNV	SNV
ENSG00000283051	LINC01668	TK16	SNV	SNV
ENSG00000283057	ENSG00000283057	TK93	SNV	SNV
ENSG00000283117	MGC4859	TK91	SNV	SNV
ENSG00000283123	RARRES2P11	TK10	SNV	SNV
ENSG00000283125	ENSG00000283125	TK14	SNV	SNV
ENSG00000283148	ENSG00000283148	TK10	SNV	SNV
ENSG00000283156	ENSG00000283156	TK18	SNV	SNV
ENSG00000283164	ENSG00000283164	TK16	SNV	SNV
ENSG00000283175	ENSG00000283175	TK91	SNV	SNV
ENSG00000283269	ENSG00000283269	TK92	SNV	SNV
ENSG00000283293	RN7SK	TK93	SNV	SNV
ENSG00000283313	U6	TK91	SNV	SNV
ENSG00000283320	MIR103B2	TK16	SNV	SNV
ENSG00000283324	CTXND2	TK93	SNV	SNV
ENSG00000283329	FAM240B	TK18	SNV	SNV
ENSG00000283338	ENSG00000283338	TK93	SNV	SNV
ENSG00000283366	ENSG00000283366	TK14	SNV	SNV
ENSG00000283417	ENSG00000283417	TK10	SNV	SNV
ENSG00000283428	CCDC195	TK93	SNV	SNV
ENSG00000283436	LINC01958	TK93	SNV	SNV
ENSG00000283442	U4	TK92	SNV	SNV
ENSG00000283443	ZNF285DP	TK14	SNV	SNV
ENSG00000283446	ENSG00000283446	TK91	SNV	SNV
ENSG00000283462	ENSG00000283462	TK14	SNV	SNV
ENSG00000283476	MIR1279	TK10	SNV	SNV
ENSG00000283522	MIR3150A	TK18	SNV	SNV
ENSG00000283542	OASL2P	TK92	SNV	SNV
ENSG00000283551	SNORD98	TK91	SNV	SNV
ENSG00000283554	LINC02341	TK93	SNV	SNV
ENSG00000283573	ENSG00000283573	TK10	SNV	SNV
ENSG00000283575	U6	TK92	INDEL	SNV
ENSG00000283579	ENSG00000283579	TK10	SNV	SNV
ENSG00000283583	ENSG00000283583	TK91	SNV	SNV
ENSG00000283597	FAM169BP	TK10	SNV	SNV
ENSG00000283601	MS4A19P	TK10	SNV	SNV
ENSG00000283607	IGHVII-30-21	TK93	INDEL	SNV
ENSG00000283638	ENSG00000283638	TK10	SNV	SNV
ENSG00000283659	ENSG00000283659	TK92	SNV	SNV
ENSG00000283663	ENSG00000283663	TK10	SNV	SNV
ENSG00000283686	ENSG00000283686	TK93	SNV	SNV
ENSG00000283704	ENSG00000283704	TK10	SNV	SNV
ENSG00000283705	MIR92A1	TK10	SNV	SNV
ENSG00000283706	PRSS50	TK10	SNV	SNV
ENSG00000283712	MIR6727	TK13	SNV	SNV
ENSG00000283721	MIR6884	TK12	SNV	SNV
ENSG00000283733	MIR146A	TK13	SNV	SNV
ENSG00000283737	ENSG00000283737	TK14	SNV	SNV
ENSG00000283743	ENSG00000283743	TK16	SNV	SNV
ENSG00000283757	ENSG00000283757	TK16	SNV	SNV
ENSG00000283758	PMIS2	TK91	SNV	SNV
ENSG00000283762	MIR20A	TK10	SNV	SNV
ENSG00000283772	MIR6778	TK14	SNV	SNV
ENSG00000283793	MIR6861	TK10	SNV	SNV
ENSG00000283805	MIR636	TK91	SNV	SNV
ENSG00000283821	MIR6875	TK18	SNV	SNV
ENSG00000283822	MIR639	TK16	SNV	SNV
ENSG00000283824	MIR22	TK92	SNV	SNV
ENSG00000283836	MIR6734	TK16	SNV	SNV
ENSG00000283840	MIR6764	TK12	SNV	SNV
ENSG00000283842	MIR4751	TK18	SNV	SNV
ENSG00000283848	MIR6872	TK18	SNV	SNV
ENSG00000283871	MIR130B	TK91	SNV	SNV
ENSG00000283880	MIR7704	TK92	SNV	SNV
ENSG00000283894	MIR1324	TK10	SNV	SNV
ENSG00000283920	MIR6743	TK14	SNV	SNV
ENSG00000283938	MIR3917	TK16	INDEL	SNV
ENSG00000283941	MIR600	TK14	SNV	SNV
ENSG00000283969	MIR6838	TK16	SNV	SNV
ENSG00000283978	MIR365B	TK13	SNV	SNV
ENSG00000283991	ENSG00000283991	TK14	SNV	SNV
ENSG00000283994	ENSG00000283994	TK13	SNV	SNV
ENSG00000284000	MIR4458	TK16	SNV	SNV
ENSG00000284020	MIR4697	TK10	SNV	SNV
ENSG00000284040	MIR296	TK18	SNV	SNV
ENSG00000284049	MIR650	TK12	SNV	SNV
ENSG00000284062	MIR4469	TK12	SNV	SNV
ENSG00000284071	ENSG00000284071	TK92	SNV	SNV
ENSG00000284140	MIR3618	TK10	SNV	SNV
ENSG00000284160	MIR7706	TK18	SNV	SNV
ENSG00000284179	MIR7-1	TK18	SNV	SNV
ENSG00000284188	ENSG00000284188	TK10	SNV	SNV
ENSG00000284216	MIR1909	TK14	SNV	SNV
ENSG00000284251	MIR711	TK93	SNV	SNV
ENSG00000284284	MIR4712	TK14	SNV	SNV
ENSG00000284289	MIR6820	TK92	SNV	SNV
ENSG00000284293	MIR7113	TK12	SNV	SNV
ENSG00000284311	MIR6742	TK14	SNV	SNV
ENSG00000284332	MIR1302-2	TK92	SNV	SNV
ENSG00000284343	MIR631	TK13	SNV	SNV
ENSG00000284346	MIR940	TK16	SNV	SNV
ENSG00000284376	ENSG00000284376	TK10	SNV	SNV
ENSG00000284378	MIR1244-1	TK10	INDEL	SNV
ENSG00000284386	MIR147B	TK10	SNV	SNV
ENSG00000284387	MIR24-2	TK14	SNV	SNV
ENSG00000284395	PERCC1	TK14	SNV	SNV
ENSG00000284411	MIR3191	TK92	SNV	SNV
ENSG00000284425	MIR8072	TK18	SNV	SNV
ENSG00000284430	ENSG00000284430	TK14	SNV	SNV
ENSG00000284459	MIR24-1	TK14	SNV	SNV
ENSG00000284464	MIR1306	TK92	SNV	SNV
ENSG00000284498	MIR564	TK16	SNV	SNV
ENSG00000284518	MIR4658	TK92	SNV	SNV
ENSG00000284544	MIR330	TK92	SNV	SNV
ENSG00000284547	MIR2861	TK14	SNV	SNV
ENSG00000284570	MIR7705	TK14	SNV	SNV
ENSG00000284575	MIR4793	TK10	SNV	SNV
ENSG00000284584	MIR5006	TK10	SNV	SNV
ENSG00000284586	MIR92B	TK10	SNV	SNV
ENSG00000284594	MIR7847	TK92	SNV	SNV
ENSG00000284601	ENSG00000284601	TK10	SNV	SNV
ENSG00000284607	ENSG00000284607	TK18	SNV	SNV
ENSG00000284622	SCYGR10	TK13	SNV	SNV
ENSG00000284648	ENSG00000284648	TK92	SNV	SNV
ENSG00000284649	ENSG00000284649	TK13	SNV	SNV
ENSG00000284654	ENSG00000284654	TK16	SNV	SNV
ENSG00000284655	ENSG00000284655	TK12	SNV	SNV
ENSG00000284665	ENSG00000284665	TK13	SNV	SNV
ENSG00000284670	RPSAP56	TK12	SNV	SNV
ENSG00000284675	ENSG00000284675	TK91	SNV	SNV
ENSG00000284680	OR8B2	TK14	SNV	SNV
ENSG00000284686	ENSG00000284686	TK92	SNV	SNV
ENSG00000284689	OR7E84P	TK91	SNV	SNV
ENSG00000284698	ENSG00000284698	TK93	SNV	SNV
ENSG00000284700	ENSG00000284700	TK16	SNV	SNV
ENSG00000284701	TMEM247	TK91	SNV	SNV
ENSG00000284703	ENSG00000284703	TK93	SNV	SNV
ENSG00000284708	ENSG00000284708	TK10	SNV	SNV
ENSG00000284721	ENSG00000284721	TK93	SNV	SNV
ENSG00000284730	TMDD1	TK93	INDEL	SNV
ENSG00000284734	ENSG00000284734	TK10	SNV	SNV
ENSG00000284744	ENSG00000284744	TK92	SNV	SNV
ENSG00000284773	ENSG00000284773	TK10	SNV	SNV
ENSG00000284800	ENSG00000284800	TK91	SNV	SNV
ENSG00000284808	ENSG00000284808	TK10	SNV	SNV
ENSG00000284837	ENSG00000284837	TK16	SNV	SNV
ENSG00000284839	ENSG00000284839	TK91	SNV	SNV
ENSG00000284848	LINC02359	TK10	INDEL	SNV
ENSG00000284858	ENSG00000284858	TK93	SNV	SNV
ENSG00000284873	OOSP1	TK92	SNV	SNV
ENSG00000284928	ENSG00000284928	TK12	SNV	SNV
ENSG00000284931	ENSG00000284931	TK14	SNV	SNV
ENSG00000284951	ENSG00000284951	TK10	SNV	SNV
ENSG00000285040	ENSG00000285040	TK92	SNV	SNV
ENSG00000285102	ENSG00000285102	TK10	SNV	SNV
ENSG00000285108	ENSG00000285108	TK10	INDEL,SNV	SNV
ENSG00000285160	THSD1P1	TK16	SNV	SNV
ENSG00000285169	ENSG00000285169	TK14	SNV	SNV
ENSG00000285191	ENSG00000285191	TK10	SNV	SNV
ENSG00000285205	ENSG00000285205	TK13	SNV	SNV
ENSG00000285303	ENSG00000285303	TK92	SNV	SNV
ENSG00000285347	ENSG00000285347	TK10	SNV	SNV
ENSG00000285374	ENSG00000285374	TK10	SNV	SNV
ENSG00000285402	ENSG00000285402	TK10	SNV	SNV
ENSG00000285409	ENSG00000285409	TK92	SNV	SNV
ENSG00000285483	ENSG00000285483	TK91	SNV	SNV
ENSG00000285520	ENSG00000285520	TK91	SNV	SNV
ENSG00000285537	OR7E11P	TK14	SNV	SNV
ENSG00000285540	ENSG00000285540	TK93	INDEL	SNV
ENSG00000285541	ENSG00000285541	TK92	SNV	SNV
ENSG00000285543	ENSG00000285543	TK14	SNV	SNV
ENSG00000285549	ENSG00000285549	TK92	SNV	SNV
ENSG00000285553	ENSG00000285553	TK91	SNV	SNV
ENSG00000285559	ENSG00000285559	TK92	SNV	SNV
ENSG00000285562	ENSG00000285562	TK10	SNV	SNV
ENSG00000285564	ENSG00000285564	TK18	SNV	SNV
ENSG00000285568	ENSG00000285568	TK10	SNV	SNV
ENSG00000285586	ENSG00000285586	TK13	SNV	SNV
ENSG00000285590	ENSG00000285590	TK10	SNV	SNV
ENSG00000285594	LINC02856	TK12	SNV	SNV
ENSG00000285610	ENSG00000285610	TK13	SNV	SNV
ENSG00000285613	ENSG00000285613	TK14	SNV	SNV
ENSG00000285618	ENSG00000285618	TK10	INDEL	SNV
ENSG00000285622	ENSG00000285622	TK92	SNV	SNV
ENSG00000285640	ENSG00000285640	TK10	SNV	SNV
ENSG00000285642	ENSG00000285642	TK93	SNV	SNV
ENSG00000285647	ENSG00000285647	TK10	SNV	SNV
ENSG00000285649	ENSG00000285649	TK16	SNV	SNV
ENSG00000285654	ENSG00000285654	TK10	SNV	SNV
ENSG00000285662	FAM245B	TK91	SNV	SNV
ENSG00000285663	ENSG00000285663	TK93	SNV	SNV
ENSG00000285664	ENSG00000285664	TK10	SNV	SNV
ENSG00000285671	ENSG00000285671	TK92	SNV	SNV
ENSG00000285691	ENSG00000285691	TK14	SNV	SNV
ENSG00000285698	ENSG00000285698	TK16	SNV	SNV
ENSG00000285714	ENSG00000285714	TK12	SNV	SNV
ENSG00000285738	ENSG00000285738	TK93	SNV	SNV
ENSG00000285743	ENSG00000285743	TK10	SNV	SNV
ENSG00000285750	ENSG00000285750	TK93	SNV	SNV
ENSG00000285751	ENSG00000285751	TK10	SNV	SNV
ENSG00000285764	ENSG00000285764	TK93	SNV	SNV
ENSG00000285768	LINC02849	TK10	SNV	SNV
ENSG00000285772	ENSG00000285772	TK18	SNV	SNV
ENSG00000285773	ENSG00000285773	TK93	SNV	SNV
ENSG00000285789	ENSG00000285789	TK93	SNV	SNV
ENSG00000285793	ANAPC1P2	TK92	SNV	SNV
ENSG00000285805	ENSG00000285805	TK92	SNV	SNV
ENSG00000285809	ENSG00000285809	TK92	SNV	SNV
ENSG00000285813	ENSG00000285813	TK10	SNV	SNV
ENSG00000285823	LINC02793	TK91	SNV	SNV
ENSG00000285843	SCYGR9	TK92	SNV	SNV
ENSG00000285855	ENSG00000285855	TK93	SNV	SNV
ENSG00000285860	ENSG00000285860	TK92	SNV	SNV
ENSG00000285880	ENSG00000285880	TK10	SNV	SNV
ENSG00000285881	ENSG00000285881	TK93	INDEL	SNV
ENSG00000285882	ENSG00000285882	TK91	SNV	SNV
ENSG00000285890	ENSG00000285890	TK92	SNV	SNV
ENSG00000285894	ENSG00000285894	TK93	SNV	SNV
ENSG00000285915	ENSG00000285915	TK10	SNV	SNV
ENSG00000285919	ENSG00000285919	TK13	SNV	SNV
ENSG00000285944	H2AL1MP	TK92	SNV	SNV
ENSG00000285950	FAM90A10	TK13	SNV	SNV
ENSG00000285958	ENSG00000285958	TK13	SNV	SNV
ENSG00000285980	ENSG00000285980	TK92	SNV	SNV
ENSG00000285991	ENSG00000285991	TK91	SNV	SNV
ENSG00000285992	ENSG00000285992	TK92	SNV	SNV
ENSG00000285998	ENSG00000285998	TK92	SNV	SNV
ENSG00000286002	ENSG00000286002	TK93	SNV	SNV
ENSG00000286007	ENSG00000286007	TK91	SNV	SNV
ENSG00000286026	ENSG00000286026	TK92	SNV	SNV
ENSG00000286028	MIR34BHG	TK14	SNV	SNV
ENSG00000286041	ENSG00000286041	TK91	SNV	SNV
ENSG00000286048	ENSG00000286048	TK10	SNV	SNV
ENSG00000286055	ENSG00000286055	TK93	SNV	SNV
ENSG00000286080	ENSG00000286080	TK10	SNV	SNV
ENSG00000286083	ENSG00000286083	TK91	SNV	SNV
ENSG00000286085	ENSG00000286085	TK92	SNV	SNV
ENSG00000286087	ENSG00000286087	TK10	SNV	SNV
ENSG00000286101	ENSG00000286101	TK10	SNV	SNV
ENSG00000286109	ENSG00000286109	TK91	SNV	SNV
ENSG00000286115	ENSG00000286115	TK10	SNV	SNV
ENSG00000286124	ENSG00000286124	TK18	SNV	SNV
ENSG00000286131	ENSG00000286131	TK14	SNV	SNV
ENSG00000286141	ENSG00000286141	TK91	SNV	SNV
ENSG00000286150	ENSG00000286150	TK16	SNV	SNV
ENSG00000286160	ENSG00000286160	TK92	SNV	SNV
ENSG00000286172	RNVU1-8	TK93	SNV	SNV
ENSG00000286182	ENSG00000286182	TK10	SNV	SNV
ENSG00000286197	ENSG00000286197	TK10	SNV	SNV
ENSG00000286213	ENSG00000286213	TK92	SNV	SNV
ENSG00000286217	LINC00279	TK10	SNV	SNV
ENSG00000286220	ENSG00000286220	TK16	SNV	SNV
ENSG00000286240	ENSG00000286240	TK10	SNV	SNV
ENSG00000286241	ENSG00000286241	TK13	SNV	SNV
ENSG00000286243	ENSG00000286243	TK93	SNV	SNV
ENSG00000286249	ENSG00000286249	TK91	SNV	SNV
ENSG00000286260	ENSG00000286260	TK18	SNV	SNV
ENSG00000286262	ENSG00000286262	TK93	SNV	SNV
ENSG00000286263	ENSG00000286263	TK10	SNV	SNV
ENSG00000286269	ENSG00000286269	TK93	SNV	SNV
ENSG00000286273	ENSG00000286273	TK93	SNV	SNV
ENSG00000286275	ENSG00000286275	TK16	SNV	SNV
ENSG00000286308	ENSG00000286308	TK91	SNV	SNV
ENSG00000286313	ENSG00000286313	TK92	SNV	SNV
ENSG00000286320	ENSG00000286320	TK91	SNV	SNV
ENSG00000286322	ENSG00000286322	TK91	SNV	SNV
ENSG00000286326	ENSG00000286326	TK18	SNV	SNV
ENSG00000286348	ENSG00000286348	TK91	SNV	SNV
ENSG00000286363	ENSG00000286363	TK92	SNV	SNV
ENSG00000286376	ENSG00000286376	TK14	SNV	SNV
ENSG00000286383	ENSG00000286383	TK10	SNV	SNV
ENSG00000286394	ENSG00000286394	TK14	SNV	SNV
ENSG00000286405	ENSG00000286405	TK92	SNV	SNV
ENSG00000286418	ENSG00000286418	TK93	SNV	SNV
ENSG00000286426	ENSG00000286426	TK91	SNV	SNV
ENSG00000286428	ENSG00000286428	TK10	SNV	SNV
ENSG00000286436	ENSG00000286436	TK93	SNV	SNV
ENSG00000286450	ENSG00000286450	TK92	SNV	SNV
ENSG00000286457	ENSG00000286457	TK93	SNV	SNV
ENSG00000286463	ENSG00000286463	TK93	SNV	SNV
ENSG00000286465	ENSG00000286465	TK92	INDEL	SNV
ENSG00000286468	ENSG00000286468	TK16	SNV	SNV
ENSG00000286474	ENSG00000286474	TK93	SNV	SNV
ENSG00000286476	ENSG00000286476	TK10	SNV	SNV
ENSG00000286486	ENSG00000286486	TK10	SNV	SNV
ENSG00000286490	ENSG00000286490	TK92	SNV	SNV
ENSG00000286502	ENSG00000286502	TK91	SNV	SNV
ENSG00000286514	ENSG00000286514	TK10	SNV	SNV
ENSG00000286519	ENSG00000286519	TK93	SNV	SNV
ENSG00000286526	ENSG00000286526	TK14	SNV	SNV
ENSG00000286547	ENSG00000286547	TK92	SNV	SNV
ENSG00000286558	ENSG00000286558	TK91	SNV	SNV
ENSG00000286559	ENSG00000286559	TK91	SNV	SNV
ENSG00000286566	ENSG00000286566	TK10	INDEL	SNV
ENSG00000286567	ENSG00000286567	TK93	SNV	SNV
ENSG00000286573	ENSG00000286573	TK92	SNV	SNV
ENSG00000286576	ENSG00000286576	TK91	SNV	SNV
ENSG00000286586	ENSG00000286586	TK92	SNV	SNV
ENSG00000286596	ENSG00000286596	TK93	SNV	SNV
ENSG00000286598	ENSG00000286598	TK92	SNV	SNV
ENSG00000286630	ENSG00000286630	TK13	SNV	SNV
ENSG00000286631	ENSG00000286631	TK14	SNV	SNV
ENSG00000286632	ENSG00000286632	TK10	SNV	SNV
ENSG00000286633	ENSG00000286633	TK16	SNV	SNV
ENSG00000286639	ENSG00000286639	TK13	SNV	SNV
ENSG00000286650	ENSG00000286650	TK10	SNV	SNV
ENSG00000286651	PRSS43P	TK91	SNV	SNV
ENSG00000286661	ENSG00000286661	TK10	SNV	SNV
ENSG00000286692	ENSG00000286692	TK92	SNV	SNV
ENSG00000286693	ENSG00000286693	TK91	SNV	SNV
ENSG00000286694	ENSG00000286694	TK93	SNV	SNV
ENSG00000286700	ENSG00000286700	TK12	SNV	SNV
ENSG00000286710	ENSG00000286710	TK92	SNV	SNV
ENSG00000286712	ENSG00000286712	TK13	SNV	SNV
ENSG00000286716	ENSG00000286716	TK91	SNV	SNV
ENSG00000286717	ENSG00000286717	TK92	SNV	SNV
ENSG00000286739	ENSG00000286739	TK92	SNV	SNV
ENSG00000286740	ENSG00000286740	TK92	SNV	SNV
ENSG00000286741	ENSG00000286741	TK91	SNV	SNV
ENSG00000286748	ENSG00000286748	TK10	SNV	SNV
ENSG00000286749	ENSG00000286749	TK93	SNV	SNV
ENSG00000286754	ENSG00000286754	TK91	SNV	SNV
ENSG00000286763	ENSG00000286763	TK10	SNV	SNV
ENSG00000286765	ENSG00000286765	TK12	SNV	SNV
ENSG00000286777	ENSG00000286777	TK92	SNV	SNV
ENSG00000286789	ENSG00000286789	TK92	SNV	SNV
ENSG00000286791	ENSG00000286791	TK10	SNV	SNV
ENSG00000286794	ENSG00000286794	TK91	SNV	SNV
ENSG00000286805	ENSG00000286805	TK92	SNV	SNV
ENSG00000286806	ENSG00000286806	TK93	SNV	SNV
ENSG00000286816	ENSG00000286816	TK10	SNV	SNV
ENSG00000286824	ENSG00000286824	TK14	SNV	SNV
ENSG00000286827	ENSG00000286827	TK91	SNV	SNV
ENSG00000286829	ENSG00000286829	TK91	SNV	SNV
ENSG00000286832	ENSG00000286832	TK93	SNV	SNV
ENSG00000286860	ENSG00000286860	TK91	SNV	SNV
ENSG00000286862	ENSG00000286862	TK14	SNV	SNV
ENSG00000286875	ENSG00000286875	TK92	SNV	SNV
ENSG00000286877	ENSG00000286877	TK91	SNV	SNV
ENSG00000286880	ENSG00000286880	TK12	SNV	SNV
ENSG00000286887	ENSG00000286887	TK18	SNV	SNV
ENSG00000286889	ENSG00000286889	TK10	SNV	SNV
ENSG00000286892	ENSG00000286892	TK91	SNV	SNV
ENSG00000286902	ENSG00000286902	TK92	SNV	SNV
ENSG00000286913	ENSG00000286913	TK93	SNV	SNV
ENSG00000286916	ENSG00000286916	TK92	SNV	SNV
ENSG00000286924	ENSG00000286924	TK10	SNV	SNV
ENSG00000286934	ENSG00000286934	TK10	SNV	SNV
ENSG00000286948	ENSG00000286948	TK91	SNV	SNV
ENSG00000286950	ENSG00000286950	TK16	SNV	SNV
ENSG00000286959	ENSG00000286959	TK13	SNV	SNV
ENSG00000286960	ENSG00000286960	TK13	SNV	SNV
ENSG00000286965	ENSG00000286965	TK92	SNV	SNV
ENSG00000286969	ENSG00000286969	TK91	SNV	SNV
ENSG00000286972	ENSG00000286972	TK10	SNV	SNV
ENSG00000286985	ENSG00000286985	TK10	SNV	SNV
ENSG00000286992	ENSG00000286992	TK13	SNV	SNV
ENSG00000286998	ENSG00000286998	TK18	SNV	SNV
ENSG00000287002	ENSG00000287002	TK92	SNV	SNV
ENSG00000287003	ENSG00000287003	TK93	SNV	SNV
ENSG00000287006	ENSG00000287006	TK10	SNV	SNV
ENSG00000287020	ENSG00000287020	TK92	SNV	SNV
ENSG00000287023	ENSG00000287023	TK10	SNV	SNV
ENSG00000287028	ENSG00000287028	TK18	INDEL,SNV	SNV
ENSG00000287036	LINC02946	TK14	SNV	SNV
ENSG00000287037	ENSG00000287037	TK14	SNV	SNV
ENSG00000287040	ENSG00000287040	TK93	SNV	SNV
ENSG00000287051	ENSG00000287051	TK10	SNV	SNV
ENSG00000287052	ENSG00000287052	TK10	SNV	SNV
ENSG00000287057	ENSG00000287057	TK93	SNV	SNV
ENSG00000287062	ENSG00000287062	TK92	SNV	SNV
ENSG00000287066	ENSG00000287066	TK91	SNV	SNV
ENSG00000287068	ENSG00000287068	TK91	SNV	SNV
ENSG00000287072	ENSG00000287072	TK13	SNV	SNV
ENSG00000287085	ENSG00000287085	TK91	SNV	SNV
ENSG00000287107	ENSG00000287107	TK10	SNV	SNV
ENSG00000287108	ENSG00000287108	TK93	SNV	SNV
ENSG00000287112	ENSG00000287112	TK13	SNV	SNV
ENSG00000287118	ENSG00000287118	TK93	SNV	SNV
ENSG00000287123	ENSG00000287123	TK92	SNV	SNV
ENSG00000287131	ENSG00000287131	TK16	SNV	SNV
ENSG00000287135	ENSG00000287135	TK10	SNV	SNV
ENSG00000287137	ENSG00000287137	TK10	SNV	SNV
ENSG00000287139	ENSG00000287139	TK12	SNV	SNV
ENSG00000287145	ENSG00000287145	TK93	SNV	SNV
ENSG00000287160	ENSG00000287160	TK18	SNV	SNV
ENSG00000287161	ENSG00000287161	TK93	SNV	SNV
ENSG00000287162	ENSG00000287162	TK91	SNV	SNV
ENSG00000287172	ENSG00000287172	TK10	SNV	SNV
ENSG00000287174	ENSG00000287174	TK10	SNV	SNV
ENSG00000287175	ENSG00000287175	TK91	SNV	SNV
ENSG00000287178	ENSG00000287178	TK93	SNV	SNV
ENSG00000287184	ENSG00000287184	TK92	SNV	SNV
ENSG00000287189	ENSG00000287189	TK92	SNV	SNV
ENSG00000287196	ENSG00000287196	TK91	SNV	SNV
ENSG00000287210	ENSG00000287210	TK92	SNV	SNV
ENSG00000287211	ENSG00000287211	TK92	SNV	SNV
ENSG00000287213	ENSG00000287213	TK16	SNV	SNV
ENSG00000287214	ENSG00000287214	TK91	SNV	SNV
ENSG00000287220	ENSG00000287220	TK92	SNV	SNV
ENSG00000287230	ENSG00000287230	TK93	SNV	SNV
ENSG00000287251	ENSG00000287251	TK92	SNV	SNV
ENSG00000287290	ENSG00000287290	TK10	SNV	SNV
ENSG00000287310	ENSG00000287310	TK91	SNV	SNV
ENSG00000287320	ENSG00000287320	TK92	SNV	SNV
ENSG00000287325	ENSG00000287325	TK10	SNV	SNV
ENSG00000287326	ENSG00000287326	TK13	SNV	SNV
ENSG00000287342	ENSG00000287342	TK10	SNV	SNV
ENSG00000287347	ENSG00000287347	TK16	SNV	SNV
ENSG00000287368	ENSG00000287368	TK91	SNV	SNV
ENSG00000287372	ENSG00000287372	TK10	SNV	SNV
ENSG00000287381	ENSG00000287381	TK12	SNV	SNV
ENSG00000287411	ENSG00000287411	TK93	SNV	SNV
ENSG00000287416	ENSG00000287416	TK91	SNV	SNV
ENSG00000287424	ENSG00000287424	TK92	SNV	SNV
ENSG00000287442	ENSG00000287442	TK93	SNV	SNV
ENSG00000287448	ENSG00000287448	TK10	SNV	SNV
ENSG00000287455	ENSG00000287455	TK91	SNV	SNV
ENSG00000287458	ENSG00000287458	TK92	INDEL	SNV
ENSG00000287462	ENSG00000287462	TK93	INDEL	SNV
ENSG00000287463	ENSG00000287463	TK91	SNV	SNV
ENSG00000287464	ENSG00000287464	TK91	SNV	SNV
ENSG00000287472	ENSG00000287472	TK91	SNV	SNV
ENSG00000287482	ENSG00000287482	TK18	SNV	SNV
ENSG00000287492	ENSG00000287492	TK91	SNV	SNV
ENSG00000287505	ENSG00000287505	TK13	SNV	SNV
ENSG00000287509	ENSG00000287509	TK92	SNV	SNV
ENSG00000287512	ENSG00000287512	TK93	SNV	SNV
ENSG00000287528	ENSG00000287528	TK18	SNV	SNV
ENSG00000287545	ENSG00000287545	TK92	SNV	SNV
ENSG00000287561	ENSG00000287561	TK18	SNV	SNV
ENSG00000287575	ENSG00000287575	TK93	SNV	SNV
ENSG00000287581	ENSG00000287581	TK91	SNV	SNV
ENSG00000287588	ENSG00000287588	TK10	SNV	SNV
ENSG00000287596	ENSG00000287596	TK10	SNV	SNV
ENSG00000287597	ENSG00000287597	TK14	SNV	SNV
ENSG00000287598	ENSG00000287598	TK91	SNV	SNV
ENSG00000287599	ENSG00000287599	TK12	INDEL	SNV
ENSG00000287605	ENSG00000287605	TK91	SNV	SNV
ENSG00000287610	ENSG00000287610	TK93	SNV	SNV
ENSG00000287611	ENSG00000287611	TK16	SNV	SNV
ENSG00000287617	ENSG00000287617	TK91	SNV	SNV
ENSG00000287618	ENSG00000287618	TK93	SNV	SNV
ENSG00000287632	ENSG00000287632	TK13	SNV	SNV
ENSG00000287636	ENSG00000287636	TK10	SNV	SNV
ENSG00000287653	ENSG00000287653	TK91	SNV	SNV
ENSG00000287662	ENSG00000287662	TK93	SNV	SNV
ENSG00000287664	ENSG00000287664	TK92	SNV	SNV
ENSG00000287667	ENSG00000287667	TK14	INDEL	SNV
ENSG00000287693	ENSG00000287693	TK10	INDEL	SNV
ENSG00000287694	ENSG00000287694	TK10	SNV	SNV
ENSG00000287699	ENSG00000287699	TK18	SNV	SNV
ENSG00000287700	ENSG00000287700	TK14	SNV	SNV
ENSG00000287703	ENSG00000287703	TK92	SNV	SNV
ENSG00000287715	ENSG00000287715	TK18	SNV	SNV
ENSG00000287722	ENSG00000287722	TK14	SNV	SNV
ENSG00000287728	ENSG00000287728	TK92	SNV	SNV
ENSG00000287731	ENSG00000287731	TK93	SNV	SNV
ENSG00000287740	ENSG00000287740	TK10	SNV	SNV
ENSG00000287754	ENSG00000287754	TK10	SNV	SNV
ENSG00000287756	ENSG00000287756	TK13	SNV	SNV
ENSG00000287772	ENSG00000287772	TK92	SNV	SNV
ENSG00000287773	ENSG00000287773	TK16	SNV	SNV
ENSG00000287779	ENSG00000287779	TK13	INDEL,SNV	SNV
ENSG00000287784	ENSG00000287784	TK10	SNV	SNV
ENSG00000287788	ENSG00000287788	TK12	SNV	SNV
ENSG00000287796	ENSG00000287796	TK92	SNV	SNV
ENSG00000287798	ENSG00000287798	TK92	SNV	SNV
ENSG00000287802	ENSG00000287802	TK92	SNV	SNV
ENSG00000287806	ENSG00000287806	TK92	SNV	SNV
ENSG00000287810	ENSG00000287810	TK91	SNV	SNV
ENSG00000287828	ENSG00000287828	TK13	SNV	SNV
ENSG00000287830	ENSG00000287830	TK13	SNV	SNV
ENSG00000287843	ENSG00000287843	TK91	INDEL	SNV
ENSG00000287850	ENSG00000287850	TK93	SNV	SNV
ENSG00000287886	ENSG00000287886	TK93	SNV	SNV
ENSG00000287898	ENSG00000287898	TK16	SNV	SNV
ENSG00000287901	ENSG00000287901	TK14	SNV	SNV
ENSG00000287913	ENSG00000287913	TK10	SNV	SNV
ENSG00000287914	ENSG00000287914	TK92	SNV	SNV
ENSG00000287946	ENSG00000287946	TK10	SNV	SNV
ENSG00000287956	ENSG00000287956	TK92	SNV	SNV
ENSG00000287971	ENSG00000287971	TK10	SNV	SNV
ENSG00000287982	ENSG00000287982	TK13	SNV	SNV
ENSG00000287983	ENSG00000287983	TK92	SNV	SNV
ENSG00000287992	ENSG00000287992	TK10	SNV	SNV
ENSG00000287994	ENSG00000287994	TK91	SNV	SNV
ENSG00000288005	ENSG00000288005	TK13	SNV	SNV
ENSG00000288010	ENSG00000288010	TK10	SNV	SNV
ENSG00000288013	ENSG00000288013	TK18	INDEL,SNV	SNV
ENSG00000288015	ENSG00000288015	TK93	SNV	SNV
ENSG00000288016	ENSG00000288016	TK92	INDEL,SNV	SNV
ENSG00000288046	ENSG00000288046	TK13	SNV	SNV
ENSG00000288059	ENSG00000288059	TK92	SNV	SNV
ENSG00000288072	ENSG00000288072	TK91	SNV	SNV
ENSG00000288074	ENSG00000288074	TK91	SNV	SNV
ENSG00000288077	ENSG00000288077	TK92	SNV	SNV
ENSG00000288089	ENSG00000288089	TK93	SNV	SNV
ENSG00000288090	ENSG00000288090	TK16	SNV	SNV
ENSG00000288100	ENSG00000288100	TK13	SNV	SNV
ENSG00000288520	ENSG00000288520	TK13	SNV	SNV
ENSG00000288528	ENSG00000288528	TK92	SNV	SNV
ENSG00000288530	ENSG00000288530	TK16	SNV	SNV
ENSG00000288536	ENSG00000288536	TK10	SNV	SNV
ENSG00000288555	ENSG00000288555	TK92	SNV	SNV
ENSG00000288556	ENSG00000288556	TK13	SNV	SNV
ENSG00000288566	ENSG00000288566	TK91	INDEL	SNV
ENSG00000288570	ENSG00000288570	TK93	SNV	SNV
ENSG00000288577	ENSG00000288577	TK10	SNV	SNV
ENSG00000288581	ENSG00000288581	TK92	SNV	SNV
ENSG00000288583	ENSG00000288583	TK92	SNV	SNV
ENSG00000288589	ENSG00000288589	TK18	INDEL	SNV
ENSG00000288595	ENSG00000288595	TK92	SNV	SNV
ENSG00000288597	ENSG00000288597	TK10	SNV	SNV
ENSG00000288611	NPBWR1	TK10	SNV	SNV
ENSG00000288626	ENSG00000288626	TK13	INDEL,SNV	SNV
ENSG00000288631	ELOA3P	TK14	SNV	SNV
ENSG00000288634	ENSG00000288634	TK93	SNV	SNV
ENSG00000288677	HRURF	TK91	SNV	SNV
ENSG00000288690	ENSG00000288690	TK91	SNV	SNV
ENSG00000288696	ENSG00000288696	TK92	SNV	SNV
ENSG00000288706	ENSG00000288706	TK91	SNV	SNV
ENSG00000288726	ENSG00000288726	TK10	SNV	SNV
ENSG00000288758	ENSG00000288758	TK12	SNV	SNV
ENSG00000288763	ENSG00000288763	TK10	INDEL,SNV	SNV
ENSG00000288768	ENSG00000288768	TK13	SNV	SNV
ENSG00000288776	ENSG00000288776	TK93	SNV	SNV
ENSG00000288782	ENSG00000288782	TK18	SNV	SNV
ENSG00000288784	CTAGE4	TK13	SNV	SNV
ENSG00000288790	ENSG00000288790	TK13	SNV	SNV
ENSG00000288794	ENSG00000288794	TK91	SNV	SNV
ENSG00000288795	ENSG00000288795	TK16	SNV	SNV
ENSG00000288802	ENSG00000288802	TK18	INDEL,SNV	SNV
ENSG00000288809	ENSG00000288809	TK16	SNV	SNV
ENSG00000288822	ENSG00000288822	TK18	SNV	SNV
ENSG00000288831	ENSG00000288831	TK92	SNV	SNV
ENSG00000288846	ENSG00000288846	TK13	SNV	SNV
ENSG00000288862	ENSG00000288862	TK10	SNV	SNV
ENSG00000288869	SMANTIS	TK92	SNV	SNV
ENSG00000288874	ENSG00000288874	TK10	INDEL	SNV
ENSG00000288883	ENSG00000288883	TK12	SNV	SNV
ENSG00000288885	ENSG00000288885	TK91	SNV	SNV
ENSG00000288898	ENSG00000288898	TK92	INDEL,SNV	SNV
ENSG00000288901	ENSG00000288901	TK92	SNV	SNV
ENSG00000288907	ENSG00000288907	TK18	SNV	SNV
ENSG00000288929	ENSG00000288929	TK14	SNV	SNV
ENSG00000288948	ENSG00000288948	TK93	SNV	SNV
ENSG00000288955	ENSG00000288955	TK10	SNV	SNV
ENSG00000288970	ENSG00000288970	TK10	SNV	SNV
ENSG00000288987	ENSG00000288987	TK92	SNV	SNV
ENSG00000289000	ENSG00000289000	TK18	SNV	SNV
ENSG00000289008	ENSG00000289008	TK10	INDEL,SNV	SNV
ENSG00000289014	ENSG00000289014	TK92	SNV	SNV
ENSG00000289024	ENSG00000289024	TK92	SNV	SNV
ENSG00000289034	ENSG00000289034	TK92	SNV	SNV
ENSG00000289035	ENSG00000289035	TK14	SNV	SNV
ENSG00000289039	ENSG00000289039	TK93	SNV	SNV
ENSG00000289051	ENSG00000289051	TK13	SNV	SNV
ENSG00000289054	ENSG00000289054	TK92	SNV	SNV
ENSG00000289062	ENSG00000289062	TK18	SNV	SNV
ENSG00000289080	ENSG00000289080	TK18	SNV	SNV
ENSG00000289084	ENSG00000289084	TK14	SNV	SNV
ENSG00000289093	ENSG00000289093	TK13	SNV	SNV
ENSG00000289105	ENSG00000289105	TK13	SNV	SNV
ENSG00000289106	ENSG00000289106	TK18	SNV	SNV
ENSG00000289108	ENSG00000289108	TK93	SNV	SNV
ENSG00000289117	ENSG00000289117	TK10	INDEL,SNV	SNV
ENSG00000289120	ENSG00000289120	TK18	SNV	SNV
ENSG00000289131	ENSG00000289131	TK14	SNV	SNV
ENSG00000289139	ENSG00000289139	TK93	SNV	SNV
ENSG00000289146	ENSG00000289146	TK93	SNV	SNV
ENSG00000289150	ENSG00000289150	TK93	SNV	SNV
ENSG00000289160	ENSG00000289160	TK18	SNV	SNV
ENSG00000289171	ENSG00000289171	TK18	INDEL,SNV	SNV
ENSG00000289174	ENSG00000289174	TK13	SNV	SNV
ENSG00000289190	ENSG00000289190	TK92	SNV	SNV
ENSG00000289192	ENSG00000289192	TK92	SNV	SNV
ENSG00000289197	ENSG00000289197	TK92	SNV	SNV
ENSG00000289213	ENSG00000289213	TK18	SNV	SNV
ENSG00000289221	ENSG00000289221	TK93	SNV	SNV
ENSG00000289224	ENSG00000289224	TK92	SNV	SNV
ENSG00000289226	ENSG00000289226	TK93	SNV	SNV
ENSG00000289237	ENSG00000289237	TK10	SNV	SNV
ENSG00000289243	ENSG00000289243	TK92	SNV	SNV
ENSG00000289245	ENSG00000289245	TK12	SNV	SNV
ENSG00000289254	ENSG00000289254	TK91	SNV	SNV
ENSG00000289256	ENSG00000289256	TK18	SNV	SNV
ENSG00000289265	ENSG00000289265	TK92	SNV	SNV
ENSG00000289275	ENSG00000289275	TK13	SNV	SNV
ENSG00000289303	ENSG00000289303	TK16	SNV	SNV
ENSG00000289356	ENSG00000289356	TK18	SNV	SNV
ENSG00000289358	ENSG00000289358	TK93	SNV	SNV
ENSG00000289362	ENSG00000289362	TK91	SNV	SNV
ENSG00000289364	ENSG00000289364	TK13	SNV	SNV
ENSG00000289367	ENSG00000289367	TK10	SNV	SNV
ENSG00000289379	ENSG00000289379	TK93	SNV	SNV
ENSG00000289381	ENSG00000289381	TK93	SNV	SNV
ENSG00000289384	ENSG00000289384	TK12	SNV	SNV
ENSG00000289397	ENSG00000289397	TK10	SNV	SNV
ENSG00000289413	ENSG00000289413	TK13	SNV	SNV
ENSG00000289418	ENSG00000289418	TK18	SNV	SNV
ENSG00000289422	ENSG00000289422	TK93	SNV	SNV
ENSG00000289424	ENSG00000289424	TK16	SNV	SNV
ENSG00000289428	ENSG00000289428	TK18	INDEL,SNV	SNV
ENSG00000289430	ENSG00000289430	TK91	SNV	SNV
ENSG00000289433	ENSG00000289433	TK14	SNV	SNV
ENSG00000289438	ENSG00000289438	TK92	SNV	SNV
ENSG00000289442	ENSG00000289442	TK10	SNV	SNV
ENSG00000289449	ENSG00000289449	TK13	INDEL	SNV
ENSG00000289460	ENSG00000289460	TK10	SNV	SNV
ENSG00000289461	ENSG00000289461	TK91	SNV	SNV
ENSG00000289472	ENSG00000289472	TK91	SNV	SNV
ENSG00000289482	ENSG00000289482	TK92	SNV	SNV
ENSG00000289484	ENSG00000289484	TK93	SNV	SNV
ENSG00000289491	ENSG00000289491	TK12	SNV	SNV
ENSG00000289508	ENSG00000289508	TK91	SNV	SNV
ENSG00000289518	ENSG00000289518	TK93	SNV	SNV
ENSG00000289533	ENSG00000289533	TK91	SNV	SNV
ENSG00000289541	ENSG00000289541	TK92	SNV	SNV
ENSG00000289550	ENSG00000289550	TK13	SNV	SNV
ENSG00000289551	ENSG00000289551	TK18	SNV	SNV
ENSG00000289553	ENSG00000289553	TK14	SNV	SNV
ENSG00000289577	ENSG00000289577	TK18	SNV	SNV
ENSG00000289579	ENSG00000289579	TK18	SNV	SNV
ENSG00000289592	ENSG00000289592	TK13	SNV	SNV
ENSG00000289604	CTAGE8	TK13	SNV	SNV
ENSG00000289608	ENSG00000289608	TK93	SNV	SNV
ENSG00000289618	ENSG00000289618	TK92	SNV	SNV
ENSG00000289634	ENSG00000289634	TK18	SNV	SNV
ENSG00000289636	ENSG00000289636	TK92	SNV	SNV
ENSG00000289690	ENSG00000289690	TK12	SNV	SNV
ENSG00000289715	ENSG00000289715	TK12	SNV	SNV
ENSG00000289739	ENSG00000289739	TK14	SNV	SNV
ENSG00000289746	TARP	TK13	SNV	SNV
ENSG00000289754	ENSG00000289754	TK14	SNV	SNV
ENSG00000289764	ENSG00000289764	TK10	SNV	SNV
ENSG00000289768	ENSG00000289768	TK13	SNV	SNV
ENSG00000289811	FAM95A	TK91	SNV	SNV
ENSG00000289831	ENSG00000289831	TK92	SNV	SNV
ENSG00000289847	ENSG00000289847	TK92	SNV	SNV
ENSG00000289859	ENSG00000289859	TK93	SNV	SNV
ENSG00000289873	ENSG00000289873	TK10	SNV	SNV
ENSG00000289874	ENSG00000289874	TK18	SNV	SNV
ENSG00000289875	ENSG00000289875	TK92	SNV	SNV
ENSG00000289879	ENSG00000289879	TK16	SNV	SNV
ENSG00000289880	ENSG00000289880	TK13	SNV	SNV
ENSG00000289889	ENSG00000289889	TK92	SNV	SNV
ENSG00000289893	ENSG00000289893	TK92	SNV	SNV
ENSG00000289902	ENSG00000289902	TK93	SNV	SNV
ENSG00000289911	ENSG00000289911	TK13	SNV	SNV
ENSG00000289936	ENSG00000289936	TK12	SNV	SNV
ENSG00000289959	ENSG00000289959	TK18	SNV	SNV
ENSG00000289963	ENSG00000289963	TK12	SNV	SNV
ENSG00000289968	ENSG00000289968	TK92	INDEL	SNV
ENSG00000289974	ENSG00000289974	TK12	SNV	SNV
ENSG00000289978	ENSG00000289978	TK10	SNV	SNV
ENSG00000289980	ENSG00000289980	TK91	SNV	SNV
ENSG00000289987	ENSG00000289987	TK91	SNV	SNV
ENSG00000289989	ENSG00000289989	TK93	SNV	SNV
ENSG00000290001	ENSG00000290001	TK91	INDEL	SNV
ENSG00000290013	ENSG00000290013	TK16	SNV	SNV
ENSG00000290014	ENSG00000290014	TK93	SNV	SNV
ENSG00000290023	ENSG00000290023	TK91	SNV	SNV
ENSG00000290034	ENSG00000290034	TK92	SNV	SNV
ENSG00000290036	ENSG00000290036	TK92	INDEL,SNV	SNV
ENSG00000290040	ENSG00000290040	TK18	SNV	SNV
ENSG00000290054	ENSG00000290054	TK18	SNV	SNV
ENSG00000290056	ENSG00000290056	TK91	SNV	SNV
ENSG00000290063	ENSG00000290063	TK18	SNV	SNV
ENSG00000290068	ENSG00000290068	TK91	SNV	SNV
ENSG00000290078	ENSG00000290078	TK16	SNV	SNV
ENSG00000290079	ENSG00000290079	TK92	SNV	SNV
ENSG00000290091	ENSG00000290091	TK18	SNV	SNV
ENSG00000290099	ENSG00000290099	TK16	SNV	SNV
ENSG00000290113	ENSG00000290113	TK10	SNV	SNV
ENSG00000290115	ENSG00000290115	TK18	SNV	SNV
ENSG00000290147	ENSG00000290147	TK14	SNV	SNV
ENSG00000290163	ENSG00000290163	TK12	SNV	SNV
ENSG00000290217	ENSG00000290217	TK93	SNV	SNV
ENSG00000290323	ENSG00000290323	TK92	SNV	SNV
ENSG00000290344	ENSG00000290344	TK18	INDEL,SNV	SNV
ENSG00000290355	DDX11L16	TK93	SNV	SNV
ENSG00000290384	ENSG00000290384	TK10	SNV	SNV
ENSG00000290388	CST13P	TK92	SNV	SNV
ENSG00000290402	ENSG00000290402	TK13	SNV	SNV
ENSG00000290411	ENSG00000290411	TK91	SNV	SNV
ENSG00000290416	ENSG00000290416	TK93	SNV	SNV
ENSG00000290423	ENSG00000290423	TK18	SNV	SNV
ENSG00000290424	ENSG00000290424	TK92	SNV	SNV
ENSG00000290437	ENSG00000290437	TK92	SNV	SNV
ENSG00000290439	HSD17B7P2	TK92	SNV	SNV
ENSG00000290445	CCNYL2	TK18	SNV	SNV
ENSG00000290461	ENSG00000290461	TK93	SNV	SNV
ENSG00000290475	AP1B1P1	TK91	INDEL	SNV
ENSG00000290496	LINC03003	TK93	SNV	SNV
ENSG00000290536	ENSG00000290536	TK92	SNV	SNV
ENSG00000290551	ENSG00000290551	TK92	INDEL,SNV	SNV
ENSG00000290556	ENSG00000290556	TK93	SNV	SNV
ENSG00000290562	ENSG00000290562	TK13	SNV	SNV
ENSG00000290563	ENSG00000290563	TK10	SNV	SNV
ENSG00000290565	ENSG00000290565	TK92	SNV	SNV
ENSG00000290571	GOLGA2P5	TK18	SNV	SNV
ENSG00000290574	ENSG00000290574	TK18	INDEL	SNV
ENSG00000290577	ENSG00000290577	TK93	SNV	SNV
ENSG00000290579	ENSG00000290579	TK92	SNV	SNV
ENSG00000290580	ENSG00000290580	TK91	SNV	SNV
ENSG00000290586	ENSG00000290586	TK92	SNV	SNV
ENSG00000290589	ENSG00000290589	TK91	SNV	SNV
ENSG00000290591	ENSG00000290591	TK18	SNV	SNV
ENSG00000290595	ENSG00000290595	TK10	SNV	SNV
ENSG00000290599	ENSG00000290599	TK14	INDEL,SNV	SNV
ENSG00000290601	ENSG00000290601	TK16	SNV	SNV
ENSG00000290603	CEACAM22P	TK93	SNV	SNV
ENSG00000290604	FMO9P	TK13	SNV	SNV
ENSG00000290606	ENSG00000290606	TK16	SNV	SNV
ENSG00000290615	RAB6C-AS1	TK10	SNV	SNV
ENSG00000290643	ENSG00000290643	TK92	SNV	SNV
ENSG00000290647	ENSG00000290647	TK13	SNV	SNV
ENSG00000290651	ENSG00000290651	TK91	SNV	SNV
ENSG00000290652	ENSG00000290652	TK92	SNV	SNV
ENSG00000290680	ENSG00000290680	TK18	SNV	SNV
ENSG00000290688	ENSG00000290688	TK92	SNV	SNV
ENSG00000290700	ENSG00000290700	TK14	SNV	SNV
ENSG00000290702	ENSG00000290702	TK91	INDEL,SNV	SNV
ENSG00000290705	ENSG00000290705	TK10	SNV	SNV
ENSG00000290715	FRG2KP	TK91	SNV	SNV
ENSG00000290720	ZNF542P	TK18	SNV	SNV
ENSG00000290722	WDR87BP	TK92	SNV	SNV
ENSG00000290734	ENSG00000290734	TK92	SNV	SNV
ENSG00000290749	ENSG00000290749	TK13	SNV	SNV
ENSG00000290766	ENSG00000290766	TK91	SNV	SNV
ENSG00000290773	ENSG00000290773	TK13	SNV	SNV
ENSG00000290774	ENSG00000290774	TK93	INDEL,SNV	SNV
ENSG00000290787	ENSG00000290787	TK92	SNV	SNV
ENSG00000290791	ENSG00000290791	TK92	SNV	SNV
ENSG00000290793	ENSG00000290793	TK16	SNV	SNV
ENSG00000290795	C2orf83	TK13	SNV	SNV
ENSG00000290796	ENSG00000290796	TK92	SNV	SNV
ENSG00000290801	ENSG00000290801	TK18	SNV	SNV
ENSG00000290812	ENSG00000290812	TK16	SNV	SNV
ENSG00000290828	ENSG00000290828	TK92	SNV	SNV
ENSG00000290832	ENSG00000290832	TK92	SNV	SNV
ENSG00000290841	ENSG00000290841	TK13	SNV	SNV
ENSG00000290845	ENSG00000290845	TK13	SNV	SNV
ENSG00000290852	ENSG00000290852	TK10	SNV	SNV
ENSG00000290855	ENSG00000290855	TK91	SNV	SNV
ENSG00000290878	HLA-DRB6	TK92	SNV	SNV
ENSG00000290887	ENSG00000290887	TK92	SNV	SNV
ENSG00000290890	ENSG00000290890	TK91	SNV	SNV
ENSG00000290894	PCDHB18P	TK18	SNV	SNV
ENSG00000290914	ENSG00000290914	TK92	SNV	SNV
ENSG00000290925	LRRC37A11P	TK14	SNV	SNV
ENSG00000290943	ABCC6P2	TK13	SNV	SNV
ENSG00000290944	ENSG00000290944	TK93	SNV	SNV
ENSG00000290984	ENSG00000290984	TK91	SNV	SNV
ENSG00000290988	ZNF781	TK18	SNV	SNV
ENSG00000290990	ENSG00000290990	TK16	SNV	SNV
ENSG00000290998	ENSG00000290998	TK93	SNV	SNV
ENSG00000291018	ENSG00000291018	TK12	SNV	SNV
ENSG00000291022	ENSG00000291022	TK92	SNV	SNV
ENSG00000291025	ENSG00000291025	TK91	SNV	SNV
ENSG00000291041	ENSG00000291041	TK16	SNV	SNV
ENSG00000291059	CLEC4OP	TK13	SNV	SNV
ENSG00000291065	ENSG00000291065	TK93	SNV	SNV
ENSG00000291066	ENSG00000291066	TK16	SNV	SNV
ENSG00000291108	SEPTIN7P11	TK10	SNV	SNV
ENSG00000291116	PLAC9P1	TK91	SNV	SNV
ENSG00000291130	ENSG00000291130	TK18	SNV	SNV
ENSG00000291132	ENSG00000291132	TK10	SNV	SNV
ENSG00000291142	ENSG00000291142	TK91	SNV	SNV
ENSG00000291145	PPP5D1P	TK92	SNV	SNV
ENSG00000291151	NSUN5P1	TK18	SNV	SNV
ENSG00000291173	CASP4LP	TK91	SNV	SNV
ENSG00000291179	ENSG00000291179	TK18	SNV	SNV
ENSG00000291186	ENSG00000291186	TK14	SNV	SNV
ENSG00000291189	ENSG00000291189	TK92	SNV	SNV
ENSG00000291199	ENSG00000291199	TK92	SNV	SNV
ENSG00000291214	ENSG00000291214	TK92	SNV	SNV
ENSG00000291216	ENSG00000291216	TK93	SNV	SNV
ENSG00000291225	ENSG00000291225	TK91	SNV	SNV
ENSG00000291226	ENSG00000291226	TK93	SNV	SNV
ENSG00000291227	ENSG00000291227	TK92	SNV	SNV
ENSG00000291228	ENSG00000291228	TK93	SNV	SNV
ENSG00000291235	ENSG00000291235	TK92	SNV	SNV
ENSG00000291236	ENSG00000291236	TK10	SNV	SNV
ENSG00000291242	ENSG00000291242	TK91	SNV	SNV
ENSG00000291256	ENSG00000291256	TK12	SNV	SNV
ENSG00000291261	ENSG00000291261	TK92	SNV	SNV
ENSG00000291277	ENSG00000291277	TK92	SNV	SNV
ENSG00000291284	ENSG00000291284	TK10	SNV	SNV
ENSG00000291285	ENSG00000291285	TK92	SNV	SNV
ENSG00000291293	ENSG00000291293	TK12	SNV	SNV
ENSG00000291308	ENSG00000291308	TK91	SNV	SNV
ENSG00000291310	ENSG00000291310	TK91	SNV	SNV
ENSG00000291325	ENSG00000291325	TK92	INDEL,SNV	SNV
ENSG00000291326	ENSG00000291326	TK92	SNV	SNV
