gene_id	gene_name	exclusive_group	variant_types	mutation_class
ENSG00000001084	GCLC	TK16	DEL	SV
ENSG00000001630	CYP51A1	TK91	DEL	SV
ENSG00000002834	LASP1	TK10	DEL	SV
ENSG00000003056	M6PR	TK91	DEL	SV
ENSG00000003249	DBNDD1	TK10	DEL	SV
ENSG00000003509	NDUFAF7	TK16	DEL	SV
ENSG00000004478	FKBP4	TK12	DEL	SV
ENSG00000004961	HCCS	TK13	DEL	SV
ENSG00000005100	DHX33	TK92	DEL	SV
ENSG00000005156	LIG3	TK14	DEL	SV
ENSG00000005175	RPAP3	TK18	DEL	SV
ENSG00000005189	REXO5	TK13	DEL	SV
ENSG00000005302	MSL3	TK13	DEL	SV
ENSG00000005448	WDR54	TK92	DEL	SV
ENSG00000005483	KMT2E	TK18	DEL	SV
ENSG00000005700	IBTK	TK92	DEL	SV
ENSG00000006007	GDE1	TK92	DEL	SV
ENSG00000006015	REX1BD	TK12	DEL	SV
ENSG00000006047	YBX2	TK91	DEL	SV
ENSG00000006432	MAP3K9	TK14	DEL	SV
ENSG00000006534	ALDH3B1	TK13	DEL	SV
ENSG00000006576	PHTF2	TK92	DEL	SV
ENSG00000006625	GGCT	TK92	DEL	SV
ENSG00000006747	SCIN	TK18	DEL	SV
ENSG00000007216	SLC13A2	TK13	DEL	SV
ENSG00000007866	TEAD3	TK10	DEL	SV
ENSG00000008311	AASS	TK13	DEL	SV
ENSG00000009335	UBE3C	TK93	DEL	SV
ENSG00000010278	CD9	TK13	DEL	SV
ENSG00000010295	IFFO1	TK10	DEL	SV
ENSG00000010318	PHF7	TK14	DEL	SV
ENSG00000011007	ELOA	TK93	DEL	SV
ENSG00000011198	ABHD5	TK14	DEL	SV
ENSG00000012048	BRCA1	TK18	DEL	SV
ENSG00000012124	CD22	TK91	DEL	SV
ENSG00000012174	MBTPS2	TK10	DEL	SV
ENSG00000012211	PRICKLE3	TK10	DEL	SV
ENSG00000012660	ELOVL5	TK16	DEL	SV
ENSG00000012963	UBR7	TK13	DEL	SV
ENSG00000013016	EHD3	TK16	DEL	SV
ENSG00000013503	POLR3B	TK13	DEL	SV
ENSG00000013523	ANGEL1	TK91	DEL	SV
ENSG00000013563	DNASE1L1	TK13	DEL	SV
ENSG00000015171	ZMYND11	TK91	DEL	SV
ENSG00000015413	DPEP1	TK91	DEL	SV
ENSG00000015532	XYLT2	TK91	DEL	SV
ENSG00000016402	IL20RA	TK93	DEL	SV
ENSG00000018625	ATP1A2	TK91	DEL	SV
ENSG00000019991	HGF	TK14	DEL	SV
ENSG00000021355	SERPINB1	TK91	DEL	SV
ENSG00000021574	SPAST	TK13	DEL	SV
ENSG00000021776	AQR	TK14	DEL	SV
ENSG00000022267	FHL1	TK91	DEL	SV
ENSG00000022976	ZNF839	TK18	DEL	SV
ENSG00000023572	GLRX2	TK92	DEL	SV
ENSG00000023608	SNAPC1	TK18	DEL	SV
ENSG00000023734	STRAP	TK16	DEL	SV
ENSG00000023909	GCLM	TK14	DEL	SV
ENSG00000024048	UBR2	TK13	DEL	SV
ENSG00000024862	CCDC28A	TK13	DEL	SV
ENSG00000025434	NR1H3	TK13	DEL	SV
ENSG00000026751	SLAMF7	TK92	DEL	SV
ENSG00000027697	IFNGR1	TK14	DEL	SV
ENSG00000027869	SH2D2A	TK10	DEL	SV
ENSG00000028277	POU2F2	TK91	DEL	SV
ENSG00000029364	SLC39A9	TK14	DEL	SV
ENSG00000031691	CENPQ	TK18	DEL	SV
ENSG00000033178	UBA6	TK16	DEL	SV
ENSG00000034152	MAP2K3	TK14	DEL	SV
ENSG00000034693	PEX3	TK14	DEL	SV
ENSG00000035928	RFC1	TK14	DEL	SV
ENSG00000036054	TBC1D23	TK92	DEL	SV
ENSG00000036549	ZZZ3	TK14	DEL	SV
ENSG00000037749	MFAP3	TK92	DEL	SV
ENSG00000038219	BOD1L1	TK16	DEL	SV
ENSG00000039123	MTREX	TK13	DEL	SV
ENSG00000039987	BEST2	TK93	DEL	SV
ENSG00000040487	SLC66A1	TK14	DEL	SV
ENSG00000040633	PHF23	TK91	DEL	SV
ENSG00000041357	PSMA4	TK12	DEL	SV
ENSG00000041988	THAP3	TK18	DEL	SV
ENSG00000042445	RETSAT	TK12	DEL	SV
ENSG00000042753	AP2S1	TK13	DEL	SV
ENSG00000043093	DCUN1D1	TK91	DEL	SV
ENSG00000043143	JADE2	TK10	DEL	SV
ENSG00000043462	LCP2	TK14	DEL	SV
ENSG00000046647	GEMIN8	TK14	DEL	SV
ENSG00000047188	YTHDC2	TK13	DEL	SV
ENSG00000047634	SCML1	TK14	DEL	SV
ENSG00000047648	ARHGAP6	TK10	DEL	SV
ENSG00000048392	RRM2B	TK91	DEL	SV
ENSG00000048405	ZNF800	TK10	DEL	SV
ENSG00000048649	RSF1	TK10	DEL	SV
ENSG00000048707	VPS13D	TK91	DEL	SV
ENSG00000049239	H6PD	TK13	DEL	SV
ENSG00000049541	RFC2	TK13	DEL	SV
ENSG00000050393	MCUR1	TK13	DEL	SV
ENSG00000050820	BCAR1	TK18	DEL	SV
ENSG00000051180	RAD51	TK13	DEL	SV
ENSG00000052723	SIKE1	TK13	DEL	SV
ENSG00000052841	TTC17	TK18	DEL	SV
ENSG00000053371	AKR7A2	TK93	DEL	SV
ENSG00000053501	USE1	TK12	DEL	SV
ENSG00000053770	AP5M1	TK13	DEL	SV
ENSG00000053900	ANAPC4	TK14	DEL	SV
ENSG00000053918	KCNQ1	TK13	DEL	SV
ENSG00000054116	TRAPPC3	TK14	DEL	SV
ENSG00000054983	GALC	TK14	DEL	SV
ENSG00000055044	NOP58	TK13	DEL	SV
ENSG00000055118	KCNH2	TK13	DEL	SV
ENSG00000055163	CYFIP2	TK18	DEL	SV
ENSG00000056050	HPF1	TK13	DEL	SV
ENSG00000057252	SOAT1	TK16	DEL	SV
ENSG00000057294	PKP2	TK10	DEL	SV
ENSG00000058673	ZC3H11A	TK92	DEL	SV
ENSG00000058804	NDC1	TK92	DEL	SV
ENSG00000059378	PARP12	TK12	DEL	SV
ENSG00000059588	TARBP1	TK13	DEL	SV
ENSG00000059758	CDK17	TK14	DEL	SV
ENSG00000060642	PIGV	TK13	DEL	SV
ENSG00000060749	QSER1	TK13	DEL	SV
ENSG00000061936	SFSWAP	TK13	DEL	SV
ENSG00000063046	EIF4B	TK13	DEL	SV
ENSG00000063587	ZNF275	TK14	DEL	SV
ENSG00000063660	GPC1	TK10	DEL	SV
ENSG00000063978	RNF4	TK91	DEL	SV
ENSG00000064012	CASP8	TK14	DEL	SV
ENSG00000064225	ST3GAL6	TK10	DEL	SV
ENSG00000064703	DDX20	TK18	DEL	SV
ENSG00000064989	CALCRL	TK14	DEL	SV
ENSG00000065183	WDR3	TK18	DEL	SV
ENSG00000065534	MYLK	TK10	DEL	SV
ENSG00000065615	CYB5R4	TK16	DEL	SV
ENSG00000065621	GSTO2	TK14	DEL	SV
ENSG00000065717	TLE2	TK10	DEL	SV
ENSG00000065809	FAM107B	TK13	DEL	SV
ENSG00000065883	CDK13	TK10	DEL	SV
ENSG00000066027	PPP2R5A	TK10	DEL	SV
ENSG00000066136	NFYC	TK13	DEL	SV
ENSG00000066294	CD84	TK91	DEL	SV
ENSG00000066697	MSANTD3	TK18	DEL	SV
ENSG00000066827	ZFAT	TK10	DEL	SV
ENSG00000066923	STAG3	TK91	DEL	SV
ENSG00000067191	CACNB1	TK14	DEL	SV
ENSG00000067334	DNTTIP2	TK18	DEL	SV
ENSG00000067365	METTL22	TK13	DEL	SV
ENSG00000067606	PRKCZ	TK91	DEL	SV
ENSG00000068024	HDAC4	TK14	DEL	SV
ENSG00000068354	TBC1D25	TK13	DEL	SV
ENSG00000068400	GRIPAP1	TK13	DEL	SV
ENSG00000068745	IP6K2	TK91	DEL	SV
ENSG00000068781	STON1-GTF2A1L	TK13	DEL	SV
ENSG00000069509	FUNDC1	TK91	DEL	SV
ENSG00000069696	DRD4	TK91	DEL	SV
ENSG00000069956	MAPK6	TK92	DEL	SV
ENSG00000070018	LRP6	TK92	DEL	SV
ENSG00000070031	SCT	TK91	DEL	SV
ENSG00000070610	GBA2	TK93	DEL	SV
ENSG00000070759	TESK2	TK14	DEL	SV
ENSG00000070770	CSNK2A2	TK14	DEL	SV
ENSG00000071203	MS4A12	TK13	DEL	SV
ENSG00000071242	RPS6KA2	TK13	DEL	SV
ENSG00000071794	HLTF	TK92	DEL	SV
ENSG00000071859	FAM50A	TK12	DEL	SV
ENSG00000071994	PDCD2	TK10	DEL	SV
ENSG00000072042	RDH11	TK14	DEL	SV
ENSG00000072134	EPN2	TK91	DEL	SV
ENSG00000072518	MARK2	TK13	DEL	SV
ENSG00000072832	CRMP1	TK10	DEL	SV
ENSG00000073169	SELENOO	TK92	DEL	SV
ENSG00000073712	FERMT2	TK91	DEL	SV
ENSG00000073792	IGF2BP2	TK10	DEL	SV
ENSG00000073849	ST6GAL1	TK92	DEL	SV
ENSG00000074319	TSG101	TK93	DEL	SV
ENSG00000074696	HACD3	TK18	DEL	SV
ENSG00000074855	ANO8	TK93	DEL	SV
ENSG00000075240	GRAMD4	TK13	DEL	SV
ENSG00000075336	TIMM21	TK14	DEL	SV
ENSG00000075399	VPS9D1	TK91	DEL	SV
ENSG00000075413	MARK3	TK91	DEL	SV
ENSG00000075426	FOSL2	TK10	DEL	SV
ENSG00000075539	FRYL	TK91	DEL	SV
ENSG00000075624	ACTB	TK93	DEL	SV
ENSG00000076321	KLHL20	TK14	DEL	SV
ENSG00000076382	SPAG5	TK13	DEL	SV
ENSG00000077044	DGKD	TK14	DEL	SV
ENSG00000077080	ACTL6B	TK13	DEL	SV
ENSG00000077380	DYNC1I2	TK18	DEL	SV
ENSG00000077420	APBB1IP	TK14	DEL	SV
ENSG00000077984	CST7	TK14	DEL	SV
ENSG00000078081	LAMP3	TK91	DEL	SV
ENSG00000078140	UBE2K	TK92	DEL	SV
ENSG00000078699	CBFA2T2	TK18	DEL	SV
ENSG00000078804	TP53INP2	TK10	DEL	SV
ENSG00000079387	SENP1	TK16	DEL	SV
ENSG00000079999	KEAP1	TK91	DEL	SV
ENSG00000080345	RIF1	TK92	DEL	SV
ENSG00000080608	PUM3	TK14	DEL	SV
ENSG00000080802	CNOT4	TK10	DEL	SV
ENSG00000080822	CLDND1	TK16	DEL	SV
ENSG00000081019	RSBN1	TK14	DEL	SV
ENSG00000081052	COL4A4	TK18	DEL	SV
ENSG00000081237	PTPRC	TK14	DEL	SV
ENSG00000081818	PCDHB4	TK92	DEL	SV
ENSG00000081853	PCDHGA2	TK92	DEL	SV
ENSG00000081923	ATP8B1	TK12	DEL	SV
ENSG00000082213	C5orf22	TK91	DEL	SV
ENSG00000082641	NFE2L1	TK18	DEL	SV
ENSG00000082805	ERC1	TK10	DEL	SV
ENSG00000083312	TNPO1	TK14	DEL	SV
ENSG00000083520	DIS3	TK13	DEL	SV
ENSG00000083535	PIBF1	TK14	DEL	SV
ENSG00000083544	TDRD3	TK13	DEL	SV
ENSG00000083622	ENSG00000083622	TK14	DEL	SV
ENSG00000083814	ZNF671	TK91	DEL	SV
ENSG00000083817	ZNF416	TK91	DEL	SV
ENSG00000083937	CHMP2B	TK14	DEL	SV
ENSG00000084092	NOA1	TK10	DEL	SV
ENSG00000084764	MAPRE3	TK10	DEL	SV
ENSG00000085185	BCORL1	TK13	DEL	SV
ENSG00000085274	MYNN	TK92	DEL	SV
ENSG00000085365	SCAMP1	TK91	DEL	SV
ENSG00000085449	WDFY1	TK13	DEL	SV
ENSG00000085511	MAP3K4	TK18	DEL	SV
ENSG00000085832	EPS15	TK10	DEL	SV
ENSG00000085998	POMGNT1	TK93	DEL	SV
ENSG00000085999	RAD54L	TK14	DEL	SV
ENSG00000086062	B4GALT1	TK13	DEL	SV
ENSG00000086544	ITPKC	TK92	DEL	SV
ENSG00000086619	ERO1B	TK13	DEL	SV
ENSG00000086666	ZFAND6	TK14	DEL	SV
ENSG00000086848	ALG9	TK92	DEL	SV
ENSG00000087008	ACOX3	TK10	DEL	SV
ENSG00000087299	L2HGDH	TK13	DEL	SV
ENSG00000087995	METTL2A	TK91	DEL	SV
ENSG00000088256	GNA11	TK18	DEL	SV
ENSG00000088305	DNMT3B	TK13	DEL	SV
ENSG00000088320	REM1	TK92	DEL	SV
ENSG00000088387	DOCK9	TK93	DEL	SV
ENSG00000089041	P2RX7	TK14	DEL	SV
ENSG00000089050	RBBP9	TK14	DEL	SV
ENSG00000089195	TRMT6	TK16	DEL	SV
ENSG00000089639	GMIP	TK16	DEL	SV
ENSG00000090020	SLC9A1	TK10	DEL	SV
ENSG00000090238	YPEL3	TK12	DEL	SV
ENSG00000090470	PDCD7	TK14	DEL	SV
ENSG00000090612	ZNF268	TK18	DEL	SV
ENSG00000090776	EFNB1	TK93	DEL	SV
ENSG00000091039	OSBPL8	TK14	DEL	SV
ENSG00000091157	WDR7	TK10	DEL	SV
ENSG00000091181	IL5RA	TK18	DEL	SV
ENSG00000091651	ORC6	TK16	DEL	SV
ENSG00000091732	ZC3HC1	TK10	DEL	SV
ENSG00000092203	TOX4	TK92	DEL	SV
ENSG00000092445	TYRO3	TK10	DEL	SV
ENSG00000092853	CLSPN	TK93	DEL	SV
ENSG00000095370	SH2D3C	TK92	DEL	SV
ENSG00000095794	CREM	TK18	DEL	SV
ENSG00000096060	FKBP5	TK12	DEL	SV
ENSG00000096070	BRPF3	TK10	DEL	SV
ENSG00000096080	MRPS18A	TK18	DEL	SV
ENSG00000096654	ZNF184	TK93	DEL	SV
ENSG00000096717	SIRT1	TK92	DEL	SV
ENSG00000096996	IL12RB1	TK13	DEL	SV
ENSG00000099204	ABLIM1	TK14	DEL	SV
ENSG00000099834	CDHR5	TK91	DEL	SV
ENSG00000099849	RASSF7	TK91	DEL	SV
ENSG00000099899	TRMT2A	TK92	DEL	SV
ENSG00000099904	ZDHHC8	TK13	DEL	SV
ENSG00000100014	SPECC1L	TK10	DEL	SV
ENSG00000100023	PPIL2	TK93	DEL	SV
ENSG00000100024	UPB1	TK10	DEL	SV
ENSG00000100027	YPEL1	TK10	DEL	SV
ENSG00000100028	SNRPD3	TK10	DEL	SV
ENSG00000100029	PES1	TK12	DEL	SV
ENSG00000100031	GGT1	TK10	DEL	SV
ENSG00000100101	ENSG00000100101	TK16	DEL	SV
ENSG00000100139	MICALL1	TK10	DEL	SV
ENSG00000100154	TTC28	TK14	DEL	SV
ENSG00000100181	TPTEP1	TK92	DEL	SV
ENSG00000100196	KDELR3	TK92	DEL	SV
ENSG00000100209	HSCB	TK12	DEL	SV
ENSG00000100216	TOMM22	TK92	DEL	SV
ENSG00000100228	RAB36	TK92	DEL	SV
ENSG00000100263	RHBDD3	TK93	DEL	SV
ENSG00000100284	TOM1	TK13	DEL	SV
ENSG00000100288	CHKB	TK93	DEL	SV
ENSG00000100296	THOC5	TK12	DEL	SV
ENSG00000100300	TSPO	TK13	DEL	SV
ENSG00000100321	SYNGR1	TK10	DEL	SV
ENSG00000100348	TXN2	TK14	DEL	SV
ENSG00000100372	SLC25A17	TK14	DEL	SV
ENSG00000100403	ZC3H7B	TK13	DEL	SV
ENSG00000100412	ACO2	TK91	DEL	SV
ENSG00000100427	MLC1	TK18	DEL	SV
ENSG00000100429	HDAC10	TK92	DEL	SV
ENSG00000100439	ABHD4	TK93	DEL	SV
ENSG00000100441	KHNYN	TK93	DEL	SV
ENSG00000100473	COCH	TK10	DEL	SV
ENSG00000100479	POLE2	TK14	DEL	SV
ENSG00000100483	VCPKMT	TK16	DEL	SV
ENSG00000100485	SOS2	TK13	DEL	SV
ENSG00000100528	CNIH1	TK18	DEL	SV
ENSG00000100575	TIMM9	TK14	DEL	SV
ENSG00000100592	DAAM1	TK14	DEL	SV
ENSG00000100599	RIN3	TK16	DEL	SV
ENSG00000100647	SUSD6	TK13	DEL	SV
ENSG00000100664	EIF5	TK91	DEL	SV
ENSG00000100867	DHRS2	TK16	DEL	SV
ENSG00000100889	PCK2	TK10	DEL	SV
ENSG00000100906	NFKBIA	TK93	DEL	SV
ENSG00000100916	BRMS1L	TK13	DEL	SV
ENSG00000100938	GMPR2	TK91	DEL	SV
ENSG00000100949	RABGGTA	TK92	DEL	SV
ENSG00000101126	ADNP	TK16	DEL	SV
ENSG00000101132	PFDN4	TK18	DEL	SV
ENSG00000101152	DNAJC5	TK18	DEL	SV
ENSG00000101180	HRH3	TK92	DEL	SV
ENSG00000101182	PSMA7	TK12	DEL	SV
ENSG00000101191	DIDO1	TK10	DEL	SV
ENSG00000101199	ARFGAP1	TK13	DEL	SV
ENSG00000101210	EEF1A2	TK10	DEL	SV
ENSG00000101224	CDC25B	TK91	DEL	SV
ENSG00000101246	ARFRP1	TK13	DEL	SV
ENSG00000101294	HM13	TK92	DEL	SV
ENSG00000101336	HCK	TK14	DEL	SV
ENSG00000101365	IDH3B	TK93	DEL	SV
ENSG00000101413	RPRD1B	TK13	DEL	SV
ENSG00000101417	PXMP4	TK91	DEL	SV
ENSG00000101440	ASIP	TK92	DEL	SV
ENSG00000101493	ZNF516	TK13	DEL	SV
ENSG00000101546	RBFA	TK18	DEL	SV
ENSG00000101558	VAPA	TK14	DEL	SV
ENSG00000101596	SMCHD1	TK13	DEL	SV
ENSG00000101670	LIPG	TK13	DEL	SV
ENSG00000101843	PSMD10	TK12	DEL	SV
ENSG00000101856	PGRMC1	TK13	DEL	SV
ENSG00000101868	POLA1	TK13	DEL	SV
ENSG00000101883	RHOXF1	TK91	DEL	SV
ENSG00000101888	NXT2	TK13	DEL	SV
ENSG00000101898	MCTS2	TK92	DEL	SV
ENSG00000101928	MOSPD1	TK93	DEL	SV
ENSG00000101966	XIAP	TK91	DEL	SV
ENSG00000102034	ELF4	TK10	DEL	SV
ENSG00000102081	FMR1	TK13	DEL	SV
ENSG00000102144	PGK1	TK13	DEL	SV
ENSG00000102158	MAGT1	TK13	DEL	SV
ENSG00000102181	CD99L2	TK14	DEL	SV
ENSG00000102225	CDK16	TK91	DEL	SV
ENSG00000102265	TIMP1	TK12	DEL	SV
ENSG00000102317	RBM3	TK93	DEL	SV
ENSG00000102531	FNDC3A	TK13	DEL	SV
ENSG00000102780	DGKH	TK10	DEL	SV
ENSG00000102931	ARL2BP	TK18	DEL	SV
ENSG00000102934	PLLP	TK91	DEL	SV
ENSG00000102974	CTCF	TK14	DEL	SV
ENSG00000103005	USB1	TK10	DEL	SV
ENSG00000103018	CYB5B	TK18	DEL	SV
ENSG00000103037	SETD6	TK93	DEL	SV
ENSG00000103043	VAC14	TK14	DEL	SV
ENSG00000103061	SLC7A6OS	TK16	DEL	SV
ENSG00000103066	PLA2G15	TK18	DEL	SV
ENSG00000103111	MON1B	TK92	DEL	SV
ENSG00000103160	HSDL1	TK10	DEL	SV
ENSG00000103222	ABCC1	TK10	DEL	SV
ENSG00000103227	LMF1	TK10	DEL	SV
ENSG00000103248	MTHFSD	TK16	DEL	SV
ENSG00000103257	SLC7A5	TK92	DEL	SV
ENSG00000103326	CAPN15	TK16	DEL	SV
ENSG00000103472	RRN3P2	TK91	DEL	SV
ENSG00000103485	QPRT	TK10	DEL	SV
ENSG00000103495	MAZ	TK91	DEL	SV
ENSG00000103496	STX4	TK93	DEL	SV
ENSG00000103502	CDIPT	TK91	DEL	SV
ENSG00000103507	BCKDK	TK92	DEL	SV
ENSG00000103544	VPS35L	TK14	DEL	SV
ENSG00000103591	AAGAB	TK13	DEL	SV
ENSG00000103657	HERC1	TK92	DEL	SV
ENSG00000103671	TRIP4	TK10	DEL	SV
ENSG00000103707	MTFMT	TK10	DEL	SV
ENSG00000103740	ACSBG1	TK18	DEL	SV
ENSG00000103876	FAH	TK13	DEL	SV
ENSG00000103932	RPAP1	TK93	DEL	SV
ENSG00000103994	ZNF106	TK18	DEL	SV
ENSG00000104064	GABPB1	TK14	DEL	SV
ENSG00000104133	SPG11	TK13	DEL	SV
ENSG00000104313	EYA1	TK10	DEL	SV
ENSG00000104324	CPQ	TK10	DEL	SV
ENSG00000104356	POP1	TK16	DEL	SV
ENSG00000104365	IKBKB	TK13	DEL	SV
ENSG00000104412	EMC2	TK14	DEL	SV
ENSG00000104497	SNX16	TK92	DEL	SV
ENSG00000104522	GFUS	TK92	DEL	SV
ENSG00000104660	LEPROTL1	TK91	DEL	SV
ENSG00000104687	GSR	TK14	DEL	SV
ENSG00000104714	ERICH1	TK18	DEL	SV
ENSG00000104723	TUSC3	TK91	DEL	SV
ENSG00000104823	ECH1	TK91	DEL	SV
ENSG00000104833	TUBB4A	TK91	DEL	SV
ENSG00000104870	FCGRT	TK13	DEL	SV
ENSG00000104883	PEX11G	TK18	DEL	SV
ENSG00000104885	DOT1L	TK18	DEL	SV
ENSG00000104894	CD37	TK92	DEL	SV
ENSG00000104915	STX10	TK16	DEL	SV
ENSG00000104946	TBC1D17	TK12	DEL	SV
ENSG00000105048	TNNT1	TK10	DEL	SV
ENSG00000105197	TIMM50	TK18	DEL	SV
ENSG00000105204	DYRK1B	TK92	DEL	SV
ENSG00000105205	CLC	TK92	DEL	SV
ENSG00000105321	CCDC9	TK16	DEL	SV
ENSG00000105402	NAPA	TK13	DEL	SV
ENSG00000105409	ATP1A3	TK91	DEL	SV
ENSG00000105419	MEIS3	TK10	DEL	SV
ENSG00000105514	RAB3D	TK92	DEL	SV
ENSG00000105516	DBP	TK10	DEL	SV
ENSG00000105519	CAPS	TK91	DEL	SV
ENSG00000105520	PLPPR2	TK92	DEL	SV
ENSG00000105610	KLF1	TK91	DEL	SV
ENSG00000105613	MAST1	TK91	DEL	SV
ENSG00000105640	RPL18A	TK92	DEL	SV
ENSG00000105641	SLC5A5	TK92	DEL	SV
ENSG00000105642	KCNN1	TK92	DEL	SV
ENSG00000105647	PIK3R2	TK91	DEL	SV
ENSG00000105649	RAB3A	TK16	DEL	SV
ENSG00000105662	CRTC1	TK13	DEL	SV
ENSG00000105695	MAG	TK91	DEL	SV
ENSG00000105697	HAMP	TK91	DEL	SV
ENSG00000105699	LSR	TK14	DEL	SV
ENSG00000105722	ERF	TK18	DEL	SV
ENSG00000105732	ZNF574	TK91	DEL	SV
ENSG00000105737	GRIK5	TK91	DEL	SV
ENSG00000105750	ZNF85	TK14	DEL	SV
ENSG00000105778	AVL9	TK91	DEL	SV
ENSG00000105849	POLR1F	TK14	DEL	SV
ENSG00000105851	PIK3CG	TK14	DEL	SV
ENSG00000105854	PON2	TK92	DEL	SV
ENSG00000105856	HBP1	TK13	DEL	SV
ENSG00000105976	MET	TK93	DEL	SV
ENSG00000106012	IQCE	TK13	DEL	SV
ENSG00000106066	CPVL	TK18	DEL	SV
ENSG00000106080	FKBP14	TK14	DEL	SV
ENSG00000106100	NOD1	TK92	DEL	SV
ENSG00000106144	CASP2	TK12	DEL	SV
ENSG00000106261	ZKSCAN1	TK13	DEL	SV
ENSG00000106266	SNX8	TK14	DEL	SV
ENSG00000106327	TFR2	TK13	DEL	SV
ENSG00000106330	MOSPD3	TK13	DEL	SV
ENSG00000106333	PCOLCE	TK13	DEL	SV
ENSG00000106346	USP42	TK92	DEL	SV
ENSG00000106355	LSM5	TK91	DEL	SV
ENSG00000106443	PHF14	TK14	DEL	SV
ENSG00000106479	ZNF862	TK13	DEL	SV
ENSG00000106591	MRPL32	TK18	DEL	SV
ENSG00000106608	URGCP	TK14	DEL	SV
ENSG00000106610	STAG3L4	TK13	DEL	SV
ENSG00000106780	MEGF9	TK14	DEL	SV
ENSG00000106804	C5	TK13	DEL	SV
ENSG00000107020	PLGRKT	TK91	DEL	SV
ENSG00000107021	TBC1D13	TK18	DEL	SV
ENSG00000107223	EDF1	TK92	DEL	SV
ENSG00000107262	BAG1	TK13	DEL	SV
ENSG00000107281	NPDC1	TK10	DEL	SV
ENSG00000107362	ABHD17B	TK14	DEL	SV
ENSG00000107518	ATRNL1	TK14	DEL	SV
ENSG00000107625	DDX50	TK18	DEL	SV
ENSG00000107719	PALD1	TK14	DEL	SV
ENSG00000107771	CCSER2	TK92	DEL	SV
ENSG00000107789	MINPP1	TK92	DEL	SV
ENSG00000107890	ANKRD26	TK13	DEL	SV
ENSG00000107959	PITRM1	TK10	DEL	SV
ENSG00000108091	CCDC6	TK14	DEL	SV
ENSG00000108176	DNAJC12	TK14	DEL	SV
ENSG00000108349	CASC3	TK14	DEL	SV
ENSG00000108389	MTMR4	TK91	DEL	SV
ENSG00000108443	RPS6KB1	TK13	DEL	SV
ENSG00000108452	ZNF29P	TK14	DEL	SV
ENSG00000108591	DRG2	TK10	DEL	SV
ENSG00000108592	FTSJ3	TK92	DEL	SV
ENSG00000108622	ICAM2	TK92	DEL	SV
ENSG00000108639	SYNGR2	TK91	DEL	SV
ENSG00000108669	CYTH1	TK10	DEL	SV
ENSG00000108733	PEX12	TK92	DEL	SV
ENSG00000108773	KAT2A	TK92	DEL	SV
ENSG00000108829	LRRC59	TK13	DEL	SV
ENSG00000108854	SMURF2	TK13	DEL	SV
ENSG00000108861	DUSP3	TK16	DEL	SV
ENSG00000108953	YWHAE	TK10	DEL	SV
ENSG00000108963	DPH1	TK91	DEL	SV
ENSG00000109016	DHRS7B	TK13	DEL	SV
ENSG00000109046	WSB1	TK92	DEL	SV
ENSG00000109089	CDR2L	TK92	DEL	SV
ENSG00000109101	FOXN1	TK13	DEL	SV
ENSG00000109107	ALDOC	TK13	DEL	SV
ENSG00000109118	PHF12	TK10	DEL	SV
ENSG00000109171	SLAIN2	TK18	DEL	SV
ENSG00000109270	LAMTOR3	TK10	DEL	SV
ENSG00000109323	MANBA	TK91	DEL	SV
ENSG00000109381	ELF2	TK92	DEL	SV
ENSG00000109586	GALNT7	TK16	DEL	SV
ENSG00000109618	SEPSECS	TK18	DEL	SV
ENSG00000109762	SNX25	TK10	DEL	SV
ENSG00000109814	UGDH	TK16	DEL	SV
ENSG00000109819	PPARGC1A	TK91	DEL	SV
ENSG00000109846	CRYAB	TK92	DEL	SV
ENSG00000110066	KMT5B	TK10	DEL	SV
ENSG00000110074	FOXRED1	TK12	DEL	SV
ENSG00000110315	RNF141	TK13	DEL	SV
ENSG00000110330	BIRC2	TK93	DEL	SV
ENSG00000110651	CD81	TK14	DEL	SV
ENSG00000110696	C11orf58	TK14	DEL	SV
ENSG00000110697	PITPNM1	TK93	DEL	SV
ENSG00000110721	CHKA	TK14	DEL	SV
ENSG00000110811	P3H3	TK16	DEL	SV
ENSG00000110876	SELPLG	TK91	DEL	SV
ENSG00000110906	KCTD10	TK10	DEL	SV
ENSG00000111145	ELK3	TK10	DEL	SV
ENSG00000111186	WNT5B	TK14	DEL	SV
ENSG00000111252	SH2B3	TK14	DEL	SV
ENSG00000111276	CDKN1B	TK93	DEL	SV
ENSG00000111321	LTBR	TK10	DEL	SV
ENSG00000111405	ENDOU	TK14	DEL	SV
ENSG00000111615	KRR1	TK92	DEL	SV
ENSG00000111640	GAPDH	TK93	DEL	SV
ENSG00000111727	HCFC2	TK92	DEL	SV
ENSG00000111728	ST8SIA1	TK18	DEL	SV
ENSG00000111737	RAB35	TK93	DEL	SV
ENSG00000111875	ASF1A	TK91	DEL	SV
ENSG00000112039	FANCE	TK16	DEL	SV
ENSG00000112078	KCTD20	TK10	DEL	SV
ENSG00000112167	SAYSD1	TK14	DEL	SV
ENSG00000112208	BAG2	TK13	DEL	SV
ENSG00000112237	CCNC	TK14	DEL	SV
ENSG00000112339	HBS1L	TK14	DEL	SV
ENSG00000112357	PEX7	TK93	DEL	SV
ENSG00000112624	BICRAL	TK18	DEL	SV
ENSG00000112640	PPP2R5D	TK92	DEL	SV
ENSG00000112651	MRPL2	TK91	DEL	SV
ENSG00000112667	DNPH1	TK12	DEL	SV
ENSG00000112983	BRD8	TK18	DEL	SV
ENSG00000112996	MRPS30	TK91	DEL	SV
ENSG00000113068	PFDN1	TK13	DEL	SV
ENSG00000113070	HBEGF	TK92	DEL	SV
ENSG00000113073	SLC4A9	TK92	DEL	SV
ENSG00000113100	CDH9	TK10	DEL	SV
ENSG00000113209	PCDHB5	TK92	DEL	SV
ENSG00000113211	PCDHB6	TK92	DEL	SV
ENSG00000113212	PCDHB7	TK92	DEL	SV
ENSG00000113240	CLK4	TK14	DEL	SV
ENSG00000113318	MSH3	TK18	DEL	SV
ENSG00000113441	LNPEP	TK16	DEL	SV
ENSG00000113448	PDE4D	TK91	DEL	SV
ENSG00000113504	SLC12A7	TK13	DEL	SV
ENSG00000113532	ST8SIA4	TK13	DEL	SV
ENSG00000113552	GNPDA1	TK10	DEL	SV
ENSG00000113716	HMGXB3	TK10	DEL	SV
ENSG00000113732	ATP6V0E1	TK92	DEL	SV
ENSG00000113739	STC2	TK14	DEL	SV
ENSG00000113851	CRBN	TK91	DEL	SV
ENSG00000114023	FAM162A	TK14	DEL	SV
ENSG00000114062	UBE3A	TK18	DEL	SV
ENSG00000114098	ARMC8	TK14	DEL	SV
ENSG00000114126	TFDP2	TK14	DEL	SV
ENSG00000114209	PDCD10	TK14	DEL	SV
ENSG00000114268	PFKFB4	TK13	DEL	SV
ENSG00000114383	TUSC2	TK93	DEL	SV
ENSG00000114439	BBX	TK18	DEL	SV
ENSG00000114446	IFT57	TK16	DEL	SV
ENSG00000114450	GNB4	TK91	DEL	SV
ENSG00000114735	HEMK1	TK13	DEL	SV
ENSG00000114744	COMMD2	TK93	DEL	SV
ENSG00000114784	EIF1B	TK93	DEL	SV
ENSG00000114796	KLHL24	TK10	DEL	SV
ENSG00000114850	SSR3	TK14	DEL	SV
ENSG00000114942	EEF1B2	TK92	DEL	SV
ENSG00000114948	ADAM23	TK13	DEL	SV
ENSG00000115020	PIKFYVE	TK18	DEL	SV
ENSG00000115053	NCL	TK91	DEL	SV
ENSG00000115085	ZAP70	TK18	DEL	SV
ENSG00000115107	STEAP3	TK13	DEL	SV
ENSG00000115129	TP53I3	TK91	DEL	SV
ENSG00000115159	GPD2	TK91	DEL	SV
ENSG00000115211	EIF2B4	TK92	DEL	SV
ENSG00000115216	NRBP1	TK12	DEL	SV
ENSG00000115267	IFIH1	TK16	DEL	SV
ENSG00000115275	MOGS	TK91	DEL	SV
ENSG00000115295	CLIP4	TK13	DEL	SV
ENSG00000115380	EFEMP1	TK18	DEL	SV
ENSG00000115425	PECR	TK13	DEL	SV
ENSG00000115514	TXNDC9	TK91	DEL	SV
ENSG00000115525	ST3GAL5	TK92	DEL	SV
ENSG00000115568	ZNF142	TK18	DEL	SV
ENSG00000115687	PASK	TK92	DEL	SV
ENSG00000115738	ID2	TK92	DEL	SV
ENSG00000115750	TAF1B	TK91	DEL	SV
ENSG00000115760	BIRC6	TK92	DEL	SV
ENSG00000115839	RAB3GAP1	TK13	DEL	SV
ENSG00000115875	SRSF7	TK93	DEL	SV
ENSG00000115896	PLCL1	TK13	DEL	SV
ENSG00000115963	RND3	TK14	DEL	SV
ENSG00000115970	THADA	TK13	DEL	SV
ENSG00000116001	TIA1	TK12	DEL	SV
ENSG00000116016	EPAS1	TK92	DEL	SV
ENSG00000116138	DNAJC16	TK16	DEL	SV
ENSG00000116213	WRAP73	TK13	DEL	SV
ENSG00000116273	PHF13	TK92	DEL	SV
ENSG00000116299	ELAPOR1	TK92	DEL	SV
ENSG00000116337	AMPD2	TK16	DEL	SV
ENSG00000116514	RNF19B	TK91	DEL	SV
ENSG00000116667	C1orf21	TK10	DEL	SV
ENSG00000116675	DNAJC6	TK10	DEL	SV
ENSG00000116717	GADD45A	TK93	DEL	SV
ENSG00000116761	CTH	TK13	DEL	SV
ENSG00000116771	AGMAT	TK93	DEL	SV
ENSG00000116786	PLEKHM2	TK13	DEL	SV
ENSG00000116815	CD58	TK91	DEL	SV
ENSG00000116830	TTF2	TK14	DEL	SV
ENSG00000116991	SIPA1L2	TK92	DEL	SV
ENSG00000117115	PADI2	TK16	DEL	SV
ENSG00000117122	MFAP2	TK16	DEL	SV
ENSG00000117133	RPF1	TK14	DEL	SV
ENSG00000117139	KDM5B	TK10	DEL	SV
ENSG00000117155	SSX2IP	TK91	DEL	SV
ENSG00000117226	GBP3	TK92	DEL	SV
ENSG00000117228	GBP1	TK92	DEL	SV
ENSG00000117305	HMGCL	TK10	DEL	SV
ENSG00000117408	IPO13	TK93	DEL	SV
ENSG00000117481	NSUN4	TK10	DEL	SV
ENSG00000117528	ABCD3	TK10	DEL	SV
ENSG00000117586	TNFSF4	TK91	DEL	SV
ENSG00000117697	NSL1	TK14	DEL	SV
ENSG00000117877	POLR1G	TK92	DEL	SV
ENSG00000117906	RCN2	TK14	DEL	SV
ENSG00000118096	IFT46	TK13	DEL	SV
ENSG00000118162	KPTN	TK93	DEL	SV
ENSG00000118193	KIF14	TK91	DEL	SV
ENSG00000118257	NRP2	TK14	DEL	SV
ENSG00000118260	CREB1	TK14	DEL	SV
ENSG00000118369	USP35	TK13	DEL	SV
ENSG00000118402	ELOVL4	TK10	DEL	SV
ENSG00000118482	PHF3	TK91	DEL	SV
ENSG00000118503	TNFAIP3	TK92	DEL	SV
ENSG00000118513	MYB	TK13	DEL	SV
ENSG00000118600	RXYLT1	TK13	DEL	SV
ENSG00000118762	PKD2	TK16	DEL	SV
ENSG00000119121	TRPM6	TK14	DEL	SV
ENSG00000119231	SENP5	TK92	DEL	SV
ENSG00000119383	PTPA	TK14	DEL	SV
ENSG00000119397	CNTRL	TK92	DEL	SV
ENSG00000119421	NDUFA8	TK14	DEL	SV
ENSG00000119574	ZBTB45	TK91	DEL	SV
ENSG00000119771	KLHL29	TK10	DEL	SV
ENSG00000119772	DNMT3A	TK10	DEL	SV
ENSG00000119787	ATL2	TK13	DEL	SV
ENSG00000119801	YPEL5	TK14	DEL	SV
ENSG00000119906	SLF2	TK14	DEL	SV
ENSG00000119969	HELLS	TK13	DEL	SV
ENSG00000120029	ARMH3	TK13	DEL	SV
ENSG00000120051	CFAP58	TK93	DEL	SV
ENSG00000120253	NUP43	TK18	DEL	SV
ENSG00000120314	WDR55	TK16	DEL	SV
ENSG00000120322	PCDHB8	TK92	DEL	SV
ENSG00000120334	CENPL	TK91	DEL	SV
ENSG00000120337	TNFSF18	TK91	DEL	SV
ENSG00000120458	MSANTD2	TK10	DEL	SV
ENSG00000120526	NUDCD1	TK13	DEL	SV
ENSG00000120563	LYZL1	TK92	DEL	SV
ENSG00000120688	WBP4	TK16	DEL	SV
ENSG00000120727	PAIP2	TK18	DEL	SV
ENSG00000120875	DUSP4	TK16	DEL	SV
ENSG00000120885	CLU	TK10	DEL	SV
ENSG00000121067	SPOP	TK13	DEL	SV
ENSG00000121210	TMEM131L	TK13	DEL	SV
ENSG00000121413	ZSCAN18	TK91	DEL	SV
ENSG00000121621	KIF18A	TK92	DEL	SV
ENSG00000121716	PILRB	TK93	DEL	SV
ENSG00000121864	ZNF639	TK16	DEL	SV
ENSG00000121988	ZRANB3	TK13	DEL	SV
ENSG00000122026	RPL21	TK16	DEL	SV
ENSG00000122299	ZC3H7A	TK13	DEL	SV
ENSG00000122482	ZNF644	TK16	DEL	SV
ENSG00000122483	CCDC18	TK14	DEL	SV
ENSG00000122484	RPAP2	TK91	DEL	SV
ENSG00000122687	MRM2	TK13	DEL	SV
ENSG00000122705	CLTA	TK14	DEL	SV
ENSG00000122882	ECD	TK93	DEL	SV
ENSG00000122958	VPS26A	TK14	DEL	SV
ENSG00000122966	CIT	TK14	DEL	SV
ENSG00000123064	DDX54	TK12	DEL	SV
ENSG00000123136	DDX39A	TK92	DEL	SV
ENSG00000123395	ATG101	TK16	DEL	SV
ENSG00000123575	FAM199X	TK93	DEL	SV
ENSG00000123636	BAZ2B	TK10	DEL	SV
ENSG00000123908	AGO2	TK14	DEL	SV
ENSG00000123989	CHPF	TK93	DEL	SV
ENSG00000124098	FAM210B	TK14	DEL	SV
ENSG00000124103	FAM209A	TK92	DEL	SV
ENSG00000124104	SNX21	TK10	DEL	SV
ENSG00000124164	VAPB	TK16	DEL	SV
ENSG00000124198	ARFGEF2	TK91	DEL	SV
ENSG00000124212	PTGIS	TK92	DEL	SV
ENSG00000124228	DDX27	TK10	DEL	SV
ENSG00000124523	SIRT5	TK13	DEL	SV
ENSG00000124557	BTN1A1	TK92	DEL	SV
ENSG00000124575	H1-3	TK92	DEL	SV
ENSG00000124608	AARS2	TK93	DEL	SV
ENSG00000125249	RAP2A	TK14	DEL	SV
ENSG00000125257	ABCC4	TK10	DEL	SV
ENSG00000125386	FAM193A	TK10	DEL	SV
ENSG00000125430	HS3ST3B1	TK10	DEL	SV
ENSG00000125445	MRPS7	TK12	DEL	SV
ENSG00000125449	ARMC7	TK14	DEL	SV
ENSG00000125450	NUP85	TK92	DEL	SV
ENSG00000125484	GTF3C4	TK14	DEL	SV
ENSG00000125510	OPRL1	TK10	DEL	SV
ENSG00000125520	SLC2A4RG	TK91	DEL	SV
ENSG00000125657	TNFSF9	TK91	DEL	SV
ENSG00000125695	ENSG00000125695	TK12	DEL	SV
ENSG00000125703	ATG4C	TK14	DEL	SV
ENSG00000125863	MKKS	TK91	DEL	SV
ENSG00000125871	MGME1	TK13	DEL	SV
ENSG00000125877	ITPA	TK14	DEL	SV
ENSG00000125968	ID1	TK92	DEL	SV
ENSG00000125995	ROMO1	TK93	DEL	SV
ENSG00000126088	UROD	TK91	DEL	SV
ENSG00000126107	HECTD3	TK91	DEL	SV
ENSG00000126243	LRFN3	TK92	DEL	SV
ENSG00000126432	PRDX5	TK12	DEL	SV
ENSG00000126458	RRAS	TK12	DEL	SV
ENSG00000126524	SBDS	TK18	DEL	SV
ENSG00000126698	DNAJC8	TK13	DEL	SV
ENSG00000126768	TIMM17B	TK91	DEL	SV
ENSG00000127054	INTS11	TK92	DEL	SV
ENSG00000127080	IPPK	TK12	DEL	SV
ENSG00000127084	FGD3	TK16	DEL	SV
ENSG00000127328	RAB3IP	TK92	DEL	SV
ENSG00000127334	DYRK2	TK14	DEL	SV
ENSG00000127399	LRRC61	TK13	DEL	SV
ENSG00000127419	TMEM175	TK92	DEL	SV
ENSG00000127528	KLF2	TK92	DEL	SV
ENSG00000127824	TUBA4A	TK10	DEL	SV
ENSG00000127946	HIP1	TK91	DEL	SV
ENSG00000127952	STYXL1	TK13	DEL	SV
ENSG00000127980	PEX1	TK14	DEL	SV
ENSG00000127993	RBM48	TK16	DEL	SV
ENSG00000128185	DGCR6L	TK10	DEL	SV
ENSG00000128228	SDF2L1	TK92	DEL	SV
ENSG00000128262	POM121L9P	TK10	DEL	SV
ENSG00000128266	GNAZ	TK91	DEL	SV
ENSG00000128283	CDC42EP1	TK18	DEL	SV
ENSG00000128285	MCHR1	TK14	DEL	SV
ENSG00000128309	MPST	TK92	DEL	SV
ENSG00000128313	APOL5	TK91	DEL	SV
ENSG00000128383	APOBEC3A	TK92	DEL	SV
ENSG00000128422	KRT17	TK13	DEL	SV
ENSG00000128567	PODXL	TK91	DEL	SV
ENSG00000128928	IVD	TK16	DEL	SV
ENSG00000129055	ANAPC13	TK13	DEL	SV
ENSG00000129151	BBOX1	TK92	DEL	SV
ENSG00000129214	SHBG	TK14	DEL	SV
ENSG00000129292	PHF20L1	TK14	DEL	SV
ENSG00000129317	PUS7L	TK93	DEL	SV
ENSG00000129534	MIS18BP1	TK13	DEL	SV
ENSG00000129625	REEP5	TK16	DEL	SV
ENSG00000130052	STARD8	TK13	DEL	SV
ENSG00000130119	GNL3L	TK10	DEL	SV
ENSG00000130158	DOCK6	TK92	DEL	SV
ENSG00000130167	TSPAN16	TK92	DEL	SV
ENSG00000130173	ANGPTL8	TK92	DEL	SV
ENSG00000130177	CDC16	TK18	DEL	SV
ENSG00000130208	APOC1	TK91	DEL	SV
ENSG00000130332	LSM7	TK13	DEL	SV
ENSG00000130377	ACSBG2	TK91	DEL	SV
ENSG00000130383	FUT5	TK91	DEL	SV
ENSG00000130427	EPO	TK13	DEL	SV
ENSG00000130520	LSM4	TK12	DEL	SV
ENSG00000130545	CRB3	TK91	DEL	SV
ENSG00000130584	ZBTB46	TK91	DEL	SV
ENSG00000130592	LSP1	TK16	DEL	SV
ENSG00000130702	LAMA5	TK92	DEL	SV
ENSG00000130713	EXOSC2	TK92	DEL	SV
ENSG00000130714	POMT1	TK10	DEL	SV
ENSG00000130717	UCK1	TK10	DEL	SV
ENSG00000130724	CHMP2A	TK12	DEL	SV
ENSG00000130751	NPAS1	TK18	DEL	SV
ENSG00000130939	UBE4B	TK91	DEL	SV
ENSG00000131055	COX4I2	TK92	DEL	SV
ENSG00000131100	ATP6V1E1	TK13	DEL	SV
ENSG00000131115	ZNF227	TK13	DEL	SV
ENSG00000131174	COX7B	TK13	DEL	SV
ENSG00000131370	SH3BP5	TK14	DEL	SV
ENSG00000131375	CAPN7	TK18	DEL	SV
ENSG00000131409	LRRC4B	TK10	DEL	SV
ENSG00000131470	PSMC3IP	TK18	DEL	SV
ENSG00000131475	VPS25	TK10	DEL	SV
ENSG00000131503	ANKHD1	TK92	DEL	SV
ENSG00000131584	ACAP3	TK92	DEL	SV
ENSG00000131591	C1orf159	TK18	DEL	SV
ENSG00000131711	MAP1B	TK10	DEL	SV
ENSG00000131748	STARD3	TK18	DEL	SV
ENSG00000131781	FMO5	TK92	DEL	SV
ENSG00000131844	MCCC2	TK13	DEL	SV
ENSG00000131848	ZSCAN5A	TK91	DEL	SV
ENSG00000131871	SELENOS	TK12	DEL	SV
ENSG00000131966	ACTR10	TK18	DEL	SV
ENSG00000132004	FBXW9	TK93	DEL	SV
ENSG00000132017	DCAF15	TK91	DEL	SV
ENSG00000132185	FCRLA	TK93	DEL	SV
ENSG00000132275	RRP8	TK93	DEL	SV
ENSG00000132313	MRPL35	TK14	DEL	SV
ENSG00000132388	UBE2G1	TK14	DEL	SV
ENSG00000132406	TMEM128	TK13	DEL	SV
ENSG00000132423	COQ3	TK13	DEL	SV
ENSG00000132485	ZRANB2	TK18	DEL	SV
ENSG00000132514	CLEC10A	TK91	DEL	SV
ENSG00000132535	DLG4	TK91	DEL	SV
ENSG00000132603	NIP7	TK92	DEL	SV
ENSG00000132604	TERF2	TK14	DEL	SV
ENSG00000132661	NXT1	TK93	DEL	SV
ENSG00000132664	POLR3F	TK16	DEL	SV
ENSG00000132677	RHBG	TK92	DEL	SV
ENSG00000132681	ATP1A4	TK91	DEL	SV
ENSG00000132688	NES	TK18	DEL	SV
ENSG00000132692	BCAN	TK18	DEL	SV
ENSG00000132716	DCAF8	TK91	DEL	SV
ENSG00000132763	MMACHC	TK14	DEL	SV
ENSG00000132823	OSER1	TK14	DEL	SV
ENSG00000132824	SERINC3	TK18	DEL	SV
ENSG00000132950	ZMYM5	TK18	DEL	SV
ENSG00000132963	POMP	TK14	DEL	SV
ENSG00000133027	PEMT	TK13	DEL	SV
ENSG00000133114	GPALPP1	TK13	DEL	SV
ENSG00000133316	WDR74	TK12	DEL	SV
ENSG00000133328	PLAAT2	TK10	DEL	SV
ENSG00000133392	MYH11	TK13	DEL	SV
ENSG00000133398	MED10	TK13	DEL	SV
ENSG00000133597	ADCK2	TK13	DEL	SV
ENSG00000133703	KRAS	TK14	DEL	SV
ENSG00000133731	IMPA1	TK14	DEL	SV
ENSG00000133858	ZFC3H1	TK16	DEL	SV
ENSG00000133878	DUSP26	TK93	DEL	SV
ENSG00000133943	DGLUCY	TK91	DEL	SV
ENSG00000133997	MED6	TK14	DEL	SV
ENSG00000134072	CAMK1	TK10	DEL	SV
ENSG00000134153	EMC7	TK10	DEL	SV
ENSG00000134160	TRPM1	TK91	DEL	SV
ENSG00000134183	GNAT2	TK91	DEL	SV
ENSG00000134255	CEPT1	TK18	DEL	SV
ENSG00000134262	AP4B1	TK12	DEL	SV
ENSG00000134265	NAPG	TK14	DEL	SV
ENSG00000134324	LPIN1	TK91	DEL	SV
ENSG00000134330	IAH1	TK14	DEL	SV
ENSG00000134398	ERN2	TK92	DEL	SV
ENSG00000134444	RELCH	TK91	DEL	SV
ENSG00000134460	IL2RA	TK13	DEL	SV
ENSG00000134480	CCNH	TK18	DEL	SV
ENSG00000134516	DOCK2	TK91	DEL	SV
ENSG00000134597	RBMX2	TK14	DEL	SV
ENSG00000134686	PHC2	TK93	DEL	SV
ENSG00000134690	CDCA8	TK14	DEL	SV
ENSG00000134802	SLC43A3	TK16	DEL	SV
ENSG00000134897	BIVM	TK18	DEL	SV
ENSG00000135002	RFK	TK13	DEL	SV
ENSG00000135040	NAA35	TK92	DEL	SV
ENSG00000135046	ANXA1	TK13	DEL	SV
ENSG00000135047	CTSL	TK93	DEL	SV
ENSG00000135069	PSAT1	TK14	DEL	SV
ENSG00000135114	OASL	TK91	DEL	SV
ENSG00000135124	P2RX4	TK13	DEL	SV
ENSG00000135164	DMTF1	TK14	DEL	SV
ENSG00000135211	TMEM60	TK92	DEL	SV
ENSG00000135297	MTO1	TK18	DEL	SV
ENSG00000135314	KHDC1	TK14	DEL	SV
ENSG00000135334	AKIRIN2	TK14	DEL	SV
ENSG00000135338	LCA5	TK92	DEL	SV
ENSG00000135341	MAP3K7	TK13	DEL	SV
ENSG00000135406	PRPH	TK91	DEL	SV
ENSG00000135441	BLOC1S1	TK12	DEL	SV
ENSG00000135503	ACVR1B	TK10	DEL	SV
ENSG00000135547	HEY2	TK14	DEL	SV
ENSG00000135597	REPS1	TK93	DEL	SV
ENSG00000135677	GNS	TK18	DEL	SV
ENSG00000135678	CPM	TK92	DEL	SV
ENSG00000135736	CCDC102A	TK13	DEL	SV
ENSG00000135744	AGT	TK10	DEL	SV
ENSG00000135776	ABCB10	TK14	DEL	SV
ENSG00000135821	GLUL	TK93	DEL	SV
ENSG00000135824	RGS8	TK14	DEL	SV
ENSG00000135828	RNASEL	TK14	DEL	SV
ENSG00000135924	DNAJB2	TK91	DEL	SV
ENSG00000135926	TMBIM1	TK93	DEL	SV
ENSG00000135931	ARMC9	TK91	DEL	SV
ENSG00000135940	COX5B	TK92	DEL	SV
ENSG00000135974	C2orf49	TK91	DEL	SV
ENSG00000136003	ISCU	TK91	DEL	SV
ENSG00000136122	BORA	TK13	DEL	SV
ENSG00000136160	EDNRB	TK13	DEL	SV
ENSG00000136231	IGF2BP3	TK10	DEL	SV
ENSG00000136243	NUP42	TK12	DEL	SV
ENSG00000136270	TBRG4	TK93	DEL	SV
ENSG00000136273	HUS1	TK16	DEL	SV
ENSG00000136319	TTC5	TK91	DEL	SV
ENSG00000136381	IREB2	TK14	DEL	SV
ENSG00000136451	VEZF1	TK91	DEL	SV
ENSG00000136463	TACO1	TK16	DEL	SV
ENSG00000136492	BRIP1	TK91	DEL	SV
ENSG00000136603	SKIL	TK91	DEL	SV
ENSG00000136682	ZNG1B	TK18	DEL	SV
ENSG00000136720	HS6ST1	TK18	DEL	SV
ENSG00000136731	UGGT1	TK14	DEL	SV
ENSG00000136732	GYPC	TK18	DEL	SV
ENSG00000136738	STAM	TK91	DEL	SV
ENSG00000136783	NIPSNAP3A	TK13	DEL	SV
ENSG00000136802	LRRC8A	TK14	DEL	SV
ENSG00000136830	NIBAN2	TK13	DEL	SV
ENSG00000136856	SLC2A8	TK13	DEL	SV
ENSG00000136878	USP20	TK10	DEL	SV
ENSG00000136929	HEMGN	TK18	DEL	SV
ENSG00000136933	RABEPK	TK13	DEL	SV
ENSG00000136938	ANP32B	TK14	DEL	SV
ENSG00000136950	ARPC5L	TK13	DEL	SV
ENSG00000137075	RNF38	TK18	DEL	SV
ENSG00000137076	TLN1	TK92	DEL	SV
ENSG00000137100	DCTN3	TK13	DEL	SV
ENSG00000137166	FOXP4	TK14	DEL	SV
ENSG00000137185	ZSCAN9	TK18	DEL	SV
ENSG00000137216	TMEM63B	TK10	DEL	SV
ENSG00000137266	SLC22A23	TK13	DEL	SV
ENSG00000137337	MDC1	TK91	DEL	SV
ENSG00000137414	FAM8A1	TK10	DEL	SV
ENSG00000137492	THAP12	TK13	DEL	SV
ENSG00000137547	MRPL15	TK92	DEL	SV
ENSG00000137574	TGS1	TK13	DEL	SV
ENSG00000137720	CFAP68	TK92	DEL	SV
ENSG00000137843	PAK6	TK16	DEL	SV
ENSG00000137941	TTLL7	TK10	DEL	SV
ENSG00000137942	FNBP1L	TK92	DEL	SV
ENSG00000137968	SLC44A5	TK91	DEL	SV
ENSG00000137970	RPL7P9	TK10	DEL	SV
ENSG00000137996	RTCA	TK13	DEL	SV
ENSG00000138030	KHK	TK13	DEL	SV
ENSG00000138071	ACTR2	TK14	DEL	SV
ENSG00000138074	SLC5A6	TK91	DEL	SV
ENSG00000138107	ACTR1A	TK91	DEL	SV
ENSG00000138190	EXOC6	TK14	DEL	SV
ENSG00000138231	DBR1	TK13	DEL	SV
ENSG00000138375	SMARCAL1	TK18	DEL	SV
ENSG00000138376	BARD1	TK13	DEL	SV
ENSG00000138468	SENP7	TK13	DEL	SV
ENSG00000138621	PPCDC	TK18	DEL	SV
ENSG00000138663	COPS4	TK13	DEL	SV
ENSG00000138709	LARP1B	TK14	DEL	SV
ENSG00000138735	PDE5A	TK18	DEL	SV
ENSG00000138785	INTS12	TK18	DEL	SV
ENSG00000138795	LEF1	TK18	DEL	SV
ENSG00000138796	HADH	TK14	DEL	SV
ENSG00000139133	ALG10	TK91	DEL	SV
ENSG00000139193	CD27	TK10	DEL	SV
ENSG00000139263	LRIG3	TK92	DEL	SV
ENSG00000139291	TMEM19	TK92	DEL	SV
ENSG00000139323	POC1B	TK92	DEL	SV
ENSG00000139579	NABP2	TK12	DEL	SV
ENSG00000139625	MAP3K12	TK16	DEL	SV
ENSG00000139629	GALNT6	TK13	DEL	SV
ENSG00000139734	DIAPH3	TK92	DEL	SV
ENSG00000139826	ABHD13	TK14	DEL	SV
ENSG00000139842	CUL4A	TK14	DEL	SV
ENSG00000139977	NAA30	TK14	DEL	SV
ENSG00000140044	JDP2	TK14	DEL	SV
ENSG00000140280	LYSMD2	TK92	DEL	SV
ENSG00000140319	SRP14	TK12	DEL	SV
ENSG00000140365	COMMD4	TK91	DEL	SV
ENSG00000140368	PSTPIP1	TK14	DEL	SV
ENSG00000140396	NCOA2	TK92	DEL	SV
ENSG00000140398	NEIL1	TK91	DEL	SV
ENSG00000140400	MAN2C1	TK91	DEL	SV
ENSG00000140478	GOLGA6D	TK91	DEL	SV
ENSG00000140538	NTRK3	TK93	DEL	SV
ENSG00000140598	EFL1	TK18	DEL	SV
ENSG00000140694	PARN	TK13	DEL	SV
ENSG00000140829	DHX38	TK92	DEL	SV
ENSG00000140839	CLEC18B	TK92	DEL	SV
ENSG00000141026	MED9	TK10	DEL	SV
ENSG00000141030	COPS3	TK13	DEL	SV
ENSG00000141179	PCTP	TK14	DEL	SV
ENSG00000141219	C17orf80	TK18	DEL	SV
ENSG00000141258	SGSM2	TK93	DEL	SV
ENSG00000141429	GALNT1	TK13	DEL	SV
ENSG00000141480	ARRB2	TK18	DEL	SV
ENSG00000141505	ASGR1	TK91	DEL	SV
ENSG00000141526	SLC16A3	TK92	DEL	SV
ENSG00000141551	CSNK1D	TK92	DEL	SV
ENSG00000141580	WDR45B	TK18	DEL	SV
ENSG00000141582	CBX4	TK18	DEL	SV
ENSG00000141696	P3H4	TK10	DEL	SV
ENSG00000141759	TXNL4A	TK14	DEL	SV
ENSG00000141858	SAMD1	TK91	DEL	SV
ENSG00000141959	PFKL	TK93	DEL	SV
ENSG00000141985	SH3GL1	TK91	DEL	SV
ENSG00000141994	DUS3L	TK91	DEL	SV
ENSG00000142039	CCDC97	TK16	DEL	SV
ENSG00000142082	SIRT3	TK14	DEL	SV
ENSG00000142089	IFITM3	TK10	DEL	SV
ENSG00000142166	IFNAR1	TK92	DEL	SV
ENSG00000142192	APP	TK10	DEL	SV
ENSG00000142227	EMP3	TK10	DEL	SV
ENSG00000142330	CAPN10	TK18	DEL	SV
ENSG00000142528	ZNF473	TK16	DEL	SV
ENSG00000142552	RCN3	TK18	DEL	SV
ENSG00000142556	ZNF614	TK18	DEL	SV
ENSG00000142623	PADI1	TK16	DEL	SV
ENSG00000142634	EFHD2	TK14	DEL	SV
ENSG00000142676	RPL11	TK12	DEL	SV
ENSG00000142687	KIAA0319L	TK16	DEL	SV
ENSG00000142794	NBPF3	TK12	DEL	SV
ENSG00000142945	KIF2C	TK14	DEL	SV
ENSG00000142949	PTPRF	TK10	DEL	SV
ENSG00000143119	CD53	TK16	DEL	SV
ENSG00000143157	POGK	TK14	DEL	SV
ENSG00000143164	DCAF6	TK14	DEL	SV
ENSG00000143198	MGST3	TK18	DEL	SV
ENSG00000143222	UFC1	TK93	DEL	SV
ENSG00000143224	PPOX	TK93	DEL	SV
ENSG00000143257	NR1I3	TK93	DEL	SV
ENSG00000143315	PIGM	TK91	DEL	SV
ENSG00000143318	CASQ1	TK91	DEL	SV
ENSG00000143319	ISG20L2	TK18	DEL	SV
ENSG00000143320	CRABP2	TK18	DEL	SV
ENSG00000143333	RGS16	TK14	DEL	SV
ENSG00000143379	SETDB1	TK13	DEL	SV
ENSG00000143398	PIP5K1A	TK10	DEL	SV
ENSG00000143412	ANXA9	TK93	DEL	SV
ENSG00000143436	MRPL9	TK92	DEL	SV
ENSG00000143450	OAZ3	TK92	DEL	SV
ENSG00000143499	SMYD2	TK10	DEL	SV
ENSG00000143514	TP53BP2	TK91	DEL	SV
ENSG00000143553	SNAPIN	TK92	DEL	SV
ENSG00000143590	EFNA3	TK13	DEL	SV
ENSG00000143595	AQP10	TK92	DEL	SV
ENSG00000143727	ACP1	TK10	DEL	SV
ENSG00000143756	FBXO28	TK14	DEL	SV
ENSG00000143851	PTPN7	TK16	DEL	SV
ENSG00000143919	CAMKMT	TK13	DEL	SV
ENSG00000143971	ETAA1	TK18	DEL	SV
ENSG00000144021	CIAO1	TK93	DEL	SV
ENSG00000144035	NAT8	TK92	DEL	SV
ENSG00000144048	DUSP11	TK14	DEL	SV
ENSG00000144136	SLC20A1	TK91	DEL	SV
ENSG00000144161	ZC3H8	TK14	DEL	SV
ENSG00000144231	POLR2D	TK93	DEL	SV
ENSG00000144233	AMMECR1L	TK13	DEL	SV
ENSG00000144283	PKP4	TK91	DEL	SV
ENSG00000144306	SCRN3	TK13	DEL	SV
ENSG00000144320	LNPK	TK10	DEL	SV
ENSG00000144369	FAM171B	TK14	DEL	SV
ENSG00000144401	METTL21A	TK14	DEL	SV
ENSG00000144468	RHBDD1	TK14	DEL	SV
ENSG00000144589	STK11IP	TK93	DEL	SV
ENSG00000144655	CSRNP1	TK14	DEL	SV
ENSG00000144730	IL17RD	TK93	DEL	SV
ENSG00000144747	TMF1	TK10	DEL	SV
ENSG00000144791	LIMD1	TK16	DEL	SV
ENSG00000144959	NCEH1	TK16	DEL	SV
ENSG00000145041	DCAF1	TK13	DEL	SV
ENSG00000145191	EIF2B5	TK91	DEL	SV
ENSG00000145241	CENPC	TK93	DEL	SV
ENSG00000145244	CORIN	TK91	DEL	SV
ENSG00000145284	SCD5	TK92	DEL	SV
ENSG00000145287	PLAC8	TK92	DEL	SV
ENSG00000145348	TBCK	TK10	DEL	SV
ENSG00000145375	SPATA5	TK14	DEL	SV
ENSG00000145391	SETD7	TK14	DEL	SV
ENSG00000145414	NAF1	TK91	DEL	SV
ENSG00000145423	SFRP2	TK13	DEL	SV
ENSG00000145734	BDP1	TK91	DEL	SV
ENSG00000145781	COMMD10	TK14	DEL	SV
ENSG00000145850	TIMD4	TK12	DEL	SV
ENSG00000145882	PCYOX1L	TK92	DEL	SV
ENSG00000145919	BOD1	TK14	DEL	SV
ENSG00000145975	FAM217A	TK16	DEL	SV
ENSG00000145982	FARS2	TK14	DEL	SV
ENSG00000146094	DOK3	TK92	DEL	SV
ENSG00000146143	PRIM2	TK13	DEL	SV
ENSG00000146223	RPL7L1	TK93	DEL	SV
ENSG00000146386	ABRACL	TK16	DEL	SV
ENSG00000146409	SLC18B1	TK14	DEL	SV
ENSG00000146410	MTFR2	TK13	DEL	SV
ENSG00000146414	SHPRH	TK14	DEL	SV
ENSG00000146535	GNA12	TK10	DEL	SV
ENSG00000146574	CCZ1B	TK16	DEL	SV
ENSG00000146576	INTS15	TK14	DEL	SV
ENSG00000146722	ENSG00000146722	TK91	DEL	SV
ENSG00000146776	ATXN7L1	TK13	DEL	SV
ENSG00000146830	GIGYF1	TK13	DEL	SV
ENSG00000146834	MEPCE	TK91	DEL	SV
ENSG00000146839	ZAN	TK13	DEL	SV
ENSG00000146842	TMEM209	TK93	DEL	SV
ENSG00000146872	TLK2	TK91	DEL	SV
ENSG00000147099	HDAC8	TK14	DEL	SV
ENSG00000147121	KRBOX4	TK14	DEL	SV
ENSG00000147130	ZMYM3	TK93	DEL	SV
ENSG00000147416	ATP6V1B2	TK18	DEL	SV
ENSG00000147471	PLPBP	TK13	DEL	SV
ENSG00000147475	ERLIN2	TK14	DEL	SV
ENSG00000147789	ZNF7	TK91	DEL	SV
ENSG00000147799	ARHGAP39	TK91	DEL	SV
ENSG00000147854	UHRF2	TK13	DEL	SV
ENSG00000147874	HAUS6	TK91	DEL	SV
ENSG00000147996	ZNG1E	TK91	DEL	SV
ENSG00000148090	AUH	TK13	DEL	SV
ENSG00000148218	ALAD	TK93	DEL	SV
ENSG00000148291	SURF2	TK12	DEL	SV
ENSG00000148358	GPR107	TK13	DEL	SV
ENSG00000148384	INPP5E	TK10	DEL	SV
ENSG00000148411	NACC2	TK14	DEL	SV
ENSG00000148516	ZEB1	TK91	DEL	SV
ENSG00000148572	NRBF2	TK92	DEL	SV
ENSG00000148935	GAS2	TK14	DEL	SV
ENSG00000149136	SSRP1	TK91	DEL	SV
ENSG00000149182	ARFGAP2	TK92	DEL	SV
ENSG00000149489	ROM1	TK92	DEL	SV
ENSG00000149499	EML3	TK92	DEL	SV
ENSG00000149571	KIRREL3	TK14	DEL	SV
ENSG00000149639	SOGA1	TK10	DEL	SV
ENSG00000149761	NUDT22	TK12	DEL	SV
ENSG00000149926	TLCD3B	TK91	DEL	SV
ENSG00000149927	DOC2A	TK91	DEL	SV
ENSG00000149929	HIRIP3	TK91	DEL	SV
ENSG00000149972	CNTN5	TK18	DEL	SV
ENSG00000150093	ITGB1	TK14	DEL	SV
ENSG00000150455	TIRAP	TK13	DEL	SV
ENSG00000150593	PDCD4	TK14	DEL	SV
ENSG00000150768	DLAT	TK14	DEL	SV
ENSG00000150776	NKAPD1	TK13	DEL	SV
ENSG00000150787	PTS	TK13	DEL	SV
ENSG00000150967	ABCB9	TK93	DEL	SV
ENSG00000150977	RILPL2	TK91	DEL	SV
ENSG00000151012	SLC7A11	TK14	DEL	SV
ENSG00000151014	NOCT	TK92	DEL	SV
ENSG00000151065	DCP1B	TK12	DEL	SV
ENSG00000151233	GXYLT1	TK14	DEL	SV
ENSG00000151276	MAGI1	TK10	DEL	SV
ENSG00000151304	SRFBP1	TK91	DEL	SV
ENSG00000151466	SCLT1	TK14	DEL	SV
ENSG00000151498	ACAD8	TK18	DEL	SV
ENSG00000151502	VPS26B	TK93	DEL	SV
ENSG00000151552	QDPR	TK18	DEL	SV
ENSG00000151665	PIGF	TK91	DEL	SV
ENSG00000151689	INPP1	TK16	DEL	SV
ENSG00000151692	RNF144A	TK10	DEL	SV
ENSG00000151725	CENPU	TK13	DEL	SV
ENSG00000152242	C18orf25	TK13	DEL	SV
ENSG00000152270	PDE3B	TK91	DEL	SV
ENSG00000152332	UHMK1	TK92	DEL	SV
ENSG00000152430	BOLL	TK13	DEL	SV
ENSG00000152455	SUV39H2	TK14	DEL	SV
ENSG00000152457	DCLRE1C	TK92	DEL	SV
ENSG00000152492	CCDC50	TK14	DEL	SV
ENSG00000152556	PFKM	TK13	DEL	SV
ENSG00000152601	MBNL1	TK10	DEL	SV
ENSG00000152620	NADK2	TK14	DEL	SV
ENSG00000152689	RASGRP3	TK91	DEL	SV
ENSG00000152749	GPR180	TK16	DEL	SV
ENSG00000152778	IFIT5	TK12	DEL	SV
ENSG00000152804	HHEX	TK14	DEL	SV
ENSG00000152926	ZNF117	TK93	DEL	SV
ENSG00000152990	ADGRA3	TK92	DEL	SV
ENSG00000153132	CLGN	TK92	DEL	SV
ENSG00000153237	CCDC148	TK91	DEL	SV
ENSG00000153250	RBMS1	TK10	DEL	SV
ENSG00000153253	SCN3A	TK16	DEL	SV
ENSG00000153395	LPCAT1	TK10	DEL	SV
ENSG00000153406	NMRAL1	TK16	DEL	SV
ENSG00000153767	GTF2E1	TK16	DEL	SV
ENSG00000153814	JAZF1	TK12	DEL	SV
ENSG00000153922	CHD1	TK18	DEL	SV
ENSG00000153975	ZUP1	TK18	DEL	SV
ENSG00000154252	GAL3ST2	TK91	DEL	SV
ENSG00000154265	ABCA5	TK91	DEL	SV
ENSG00000154380	ENAH	TK10	DEL	SV
ENSG00000154447	SH3RF1	TK10	DEL	SV
ENSG00000154485	MMP21	TK16	DEL	SV
ENSG00000154582	ELOC	TK14	DEL	SV
ENSG00000154719	MRPL39	TK10	DEL	SV
ENSG00000154803	FLCN	TK10	DEL	SV
ENSG00000154813	DPH3	TK16	DEL	SV
ENSG00000154845	PPP4R1	TK18	DEL	SV
ENSG00000154889	MPPE1	TK13	DEL	SV
ENSG00000155008	APOOL	TK92	DEL	SV
ENSG00000155097	ATP6V1C1	TK14	DEL	SV
ENSG00000155252	PI4K2A	TK91	DEL	SV
ENSG00000155367	PPM1J	TK14	DEL	SV
ENSG00000155463	OXA1L	TK93	DEL	SV
ENSG00000155508	CNOT8	TK13	DEL	SV
ENSG00000155729	KCTD18	TK93	DEL	SV
ENSG00000155749	FLACC1	TK91	DEL	SV
ENSG00000155761	SPAG17	TK18	DEL	SV
ENSG00000156006	NAT2	TK92	DEL	SV
ENSG00000156017	CARNMT1	TK14	DEL	SV
ENSG00000156127	BATF	TK14	DEL	SV
ENSG00000156136	DCK	TK12	DEL	SV
ENSG00000156171	DRAM2	TK10	DEL	SV
ENSG00000156299	TIAM1	TK16	DEL	SV
ENSG00000156413	FUT6	TK91	DEL	SV
ENSG00000156471	PTDSS1	TK13	DEL	SV
ENSG00000156504	PABIR2	TK14	DEL	SV
ENSG00000156587	UBE2L6	TK92	DEL	SV
ENSG00000156711	MAPK13	TK18	DEL	SV
ENSG00000156858	PRR14	TK92	DEL	SV
ENSG00000156860	FBRS	TK93	DEL	SV
ENSG00000156966	B3GNT7	TK91	DEL	SV
ENSG00000157181	ODR4	TK13	DEL	SV
ENSG00000157212	PAXIP1	TK91	DEL	SV
ENSG00000157456	CCNB2	TK14	DEL	SV
ENSG00000157483	MYO1E	TK14	DEL	SV
ENSG00000157796	WDR19	TK16	DEL	SV
ENSG00000157837	SPPL3	TK10	DEL	SV
ENSG00000157895	C12orf43	TK91	DEL	SV
ENSG00000157911	PEX10	TK18	DEL	SV
ENSG00000157916	RER1	TK13	DEL	SV
ENSG00000157954	WIPI2	TK14	DEL	SV
ENSG00000158006	PAFAH2	TK18	DEL	SV
ENSG00000158062	UBXN11	TK14	DEL	SV
ENSG00000158201	ABHD3	TK14	DEL	SV
ENSG00000158234	FAIM	TK13	DEL	SV
ENSG00000158301	GPRASP2	TK91	DEL	SV
ENSG00000158555	GDPD5	TK13	DEL	SV
ENSG00000158792	SPATA2L	TK91	DEL	SV
ENSG00000158796	DEDD	TK93	DEL	SV
ENSG00000158805	ZNF276	TK91	DEL	SV
ENSG00000158859	ADAMTS4	TK93	DEL	SV
ENSG00000158869	FCER1G	TK93	DEL	SV
ENSG00000158874	APOA2	TK93	DEL	SV
ENSG00000158882	TOMM40L	TK93	DEL	SV
ENSG00000158887	MPZ	TK14	DEL	SV
ENSG00000159023	EPB41	TK13	DEL	SV
ENSG00000159069	FBXW5	TK91	DEL	SV
ENSG00000159128	IFNGR2	TK92	DEL	SV
ENSG00000159140	SON	TK13	DEL	SV
ENSG00000159200	RCAN1	TK10	DEL	SV
ENSG00000159202	UBE2Z	TK10	DEL	SV
ENSG00000159259	CHAF1B	TK13	DEL	SV
ENSG00000159339	PADI4	TK91	DEL	SV
ENSG00000159409	CELF3	TK92	DEL	SV
ENSG00000159733	ZFYVE28	TK92	DEL	SV
ENSG00000159882	ZNF230	TK91	DEL	SV
ENSG00000159885	ZNF222	TK91	DEL	SV
ENSG00000159917	ZNF235	TK16	DEL	SV
ENSG00000160013	PTGIR	TK92	DEL	SV
ENSG00000160075	SSU72	TK12	DEL	SV
ENSG00000160193	WDR4	TK14	DEL	SV
ENSG00000160200	CBS	TK18	DEL	SV
ENSG00000160214	RRP1	TK16	DEL	SV
ENSG00000160255	ITGB2	TK92	DEL	SV
ENSG00000160360	GPSM1	TK10	DEL	SV
ENSG00000160469	BRSK1	TK13	DEL	SV
ENSG00000160570	DEDD2	TK91	DEL	SV
ENSG00000160695	VPS11	TK18	DEL	SV
ENSG00000160741	CRTC2	TK93	DEL	SV
ENSG00000160746	ANO10	TK91	DEL	SV
ENSG00000160753	RUSC1	TK93	DEL	SV
ENSG00000160781	PAQR6	TK92	DEL	SV
ENSG00000160932	LY6E	TK93	DEL	SV
ENSG00000160949	TONSL	TK92	DEL	SV
ENSG00000160953	PWWP3A	TK91	DEL	SV
ENSG00000160972	PPP1R16A	TK10	DEL	SV
ENSG00000161057	PSMC2	TK12	DEL	SV
ENSG00000161277	THAP8	TK13	DEL	SV
ENSG00000161328	LRRC56	TK91	DEL	SV
ENSG00000161395	PGAP3	TK10	DEL	SV
ENSG00000161533	ACOX1	TK93	DEL	SV
ENSG00000161542	PRPSAP1	TK14	DEL	SV
ENSG00000161860	SYCE2	TK91	DEL	SV
ENSG00000161904	LEMD2	TK18	DEL	SV
ENSG00000161944	ASGR2	TK91	DEL	SV
ENSG00000162073	PAQR4	TK93	DEL	SV
ENSG00000162188	GNG3	TK92	DEL	SV
ENSG00000162191	UBXN1	TK92	DEL	SV
ENSG00000162194	LBHD1	TK92	DEL	SV
ENSG00000162231	NXF1	TK12	DEL	SV
ENSG00000162302	RPS6KA4	TK13	DEL	SV
ENSG00000162368	CMPK1	TK92	DEL	SV
ENSG00000162385	MAGOH	TK13	DEL	SV
ENSG00000162413	KLHL21	TK91	DEL	SV
ENSG00000162415	ZSWIM5	TK91	DEL	SV
ENSG00000162458	FBLIM1	TK14	DEL	SV
ENSG00000162482	AKR7A3	TK93	DEL	SV
ENSG00000162511	LAPTM5	TK10	DEL	SV
ENSG00000162520	SYNC	TK91	DEL	SV
ENSG00000162522	KIAA1522	TK93	DEL	SV
ENSG00000162572	SCNN1D	TK92	DEL	SV
ENSG00000162576	MXRA8	TK92	DEL	SV
ENSG00000162600	OMA1	TK13	DEL	SV
ENSG00000162623	TYW3	TK14	DEL	SV
ENSG00000162714	ZNF496	TK92	DEL	SV
ENSG00000162728	KCNJ9	TK91	DEL	SV
ENSG00000162735	PEX19	TK91	DEL	SV
ENSG00000162738	VANGL2	TK91	DEL	SV
ENSG00000162739	SLAMF6	TK91	DEL	SV
ENSG00000162745	OLFML2B	TK13	DEL	SV
ENSG00000162813	BPNT1	TK16	DEL	SV
ENSG00000162819	BROX	TK13	DEL	SV
ENSG00000162852	CNST	TK93	DEL	SV
ENSG00000162894	FCMR	TK91	DEL	SV
ENSG00000162910	MRPL55	TK92	DEL	SV
ENSG00000162998	FRZB	TK18	DEL	SV
ENSG00000163013	FBXO41	TK92	DEL	SV
ENSG00000163016	ALMS1P1	TK92	DEL	SV
ENSG00000163026	WDCP	TK18	DEL	SV
ENSG00000163029	SMC6	TK13	DEL	SV
ENSG00000163053	SLC16A14	TK13	DEL	SV
ENSG00000163104	SMARCAD1	TK14	DEL	SV
ENSG00000163239	TDRD10	TK92	DEL	SV
ENSG00000163281	GNPDA2	TK16	DEL	SV
ENSG00000163283	ALPP	TK92	DEL	SV
ENSG00000163286	ALPG	TK92	DEL	SV
ENSG00000163297	ANTXR2	TK91	DEL	SV
ENSG00000163312	HELQ	TK93	DEL	SV
ENSG00000163453	IGFBP7	TK13	DEL	SV
ENSG00000163467	TSACC	TK92	DEL	SV
ENSG00000163510	CWC22	TK13	DEL	SV
ENSG00000163528	CHCHD4	TK14	DEL	SV
ENSG00000163536	SERPINI1	TK93	DEL	SV
ENSG00000163539	CLASP2	TK13	DEL	SV
ENSG00000163599	CTLA4	TK12	DEL	SV
ENSG00000163608	NEPRO	TK92	DEL	SV
ENSG00000163644	PPM1K	TK10	DEL	SV
ENSG00000163655	GMPS	TK13	DEL	SV
ENSG00000163666	HESX1	TK93	DEL	SV
ENSG00000163682	RPL9	TK12	DEL	SV
ENSG00000163683	SMIM14	TK92	DEL	SV
ENSG00000163705	FANCD2OS	TK18	DEL	SV
ENSG00000163746	PLSCR2	TK92	DEL	SV
ENSG00000163795	ZNF513	TK92	DEL	SV
ENSG00000163811	WDR43	TK16	DEL	SV
ENSG00000163812	ZDHHC3	TK13	DEL	SV
ENSG00000163898	LIPH	TK91	DEL	SV
ENSG00000163933	RFT1	TK14	DEL	SV
ENSG00000163935	SFMBT1	TK14	DEL	SV
ENSG00000163960	UBXN7	TK92	DEL	SV
ENSG00000164038	SLC9B2	TK14	DEL	SV
ENSG00000164050	PLXNB1	TK10	DEL	SV
ENSG00000164087	POC1A	TK18	DEL	SV
ENSG00000164091	WDR82	TK93	DEL	SV
ENSG00000164100	NDST3	TK92	DEL	SV
ENSG00000164116	GUCY1A1	TK14	DEL	SV
ENSG00000164164	OTUD4	TK14	DEL	SV
ENSG00000164168	TMEM184C	TK13	DEL	SV
ENSG00000164187	LMBRD2	TK14	DEL	SV
ENSG00000164190	NIPBL	TK13	DEL	SV
ENSG00000164244	PRRC1	TK18	DEL	SV
ENSG00000164291	ARSK	TK13	DEL	SV
ENSG00000164329	TENT2	TK13	DEL	SV
ENSG00000164331	ANKRA2	TK93	DEL	SV
ENSG00000164402	SEPTIN8	TK10	DEL	SV
ENSG00000164403	SHROOM1	TK91	DEL	SV
ENSG00000164404	GDF9	TK91	DEL	SV
ENSG00000164405	UQCRQ	TK91	DEL	SV
ENSG00000164406	LEAP2	TK91	DEL	SV
ENSG00000164506	STXBP5	TK10	DEL	SV
ENSG00000164535	DAGLB	TK14	DEL	SV
ENSG00000164574	GALNT10	TK14	DEL	SV
ENSG00000164576	SAP30L	TK13	DEL	SV
ENSG00000164587	RPS14	TK12	DEL	SV
ENSG00000164609	SLU7	TK12	DEL	SV
ENSG00000164733	CTSB	TK18	DEL	SV
ENSG00000164808	SPIDR	TK13	DEL	SV
ENSG00000164823	OSGIN2	TK14	DEL	SV
ENSG00000164825	DEFB1	TK18	DEL	SV
ENSG00000164877	MICALL2	TK13	DEL	SV
ENSG00000164885	CDK5	TK91	DEL	SV
ENSG00000164951	PDP1	TK91	DEL	SV
ENSG00000164985	PSIP1	TK18	DEL	SV
ENSG00000165030	NFIL3	TK14	DEL	SV
ENSG00000165121	ENSG00000165121	TK92	DEL	SV
ENSG00000165240	ATP7A	TK13	DEL	SV
ENSG00000165244	ZNF367	TK14	DEL	SV
ENSG00000165264	NDUFB6	TK13	DEL	SV
ENSG00000165322	ARHGAP12	TK92	DEL	SV
ENSG00000165494	PCF11	TK93	DEL	SV
ENSG00000165507	DEPP1	TK14	DEL	SV
ENSG00000165669	FAM204A	TK10	DEL	SV
ENSG00000165685	TMEM52B	TK18	DEL	SV
ENSG00000165689	ENTR1	TK91	DEL	SV
ENSG00000165699	TSC1	TK91	DEL	SV
ENSG00000165702	GFI1B	TK91	DEL	SV
ENSG00000165813	CCDC186	TK92	DEL	SV
ENSG00000165861	ZFYVE1	TK92	DEL	SV
ENSG00000165887	ANKRD2	TK91	DEL	SV
ENSG00000165891	E2F7	TK91	DEL	SV
ENSG00000165949	IFI27	TK10	DEL	SV
ENSG00000165972	CCDC38	TK91	DEL	SV
ENSG00000165996	HACD1	TK91	DEL	SV
ENSG00000166024	R3HCC1L	TK13	DEL	SV
ENSG00000166025	AMOTL1	TK92	DEL	SV
ENSG00000166133	RPUSD2	TK91	DEL	SV
ENSG00000166135	HIF1AN	TK12	DEL	SV
ENSG00000166143	PPP1R14D	TK13	DEL	SV
ENSG00000166145	SPINT1	TK18	DEL	SV
ENSG00000166272	WBP1L	TK14	DEL	SV
ENSG00000166295	ANAPC16	TK14	DEL	SV
ENSG00000166317	SYNPO2L	TK93	DEL	SV
ENSG00000166408	OR5P1P	TK92	DEL	SV
ENSG00000166415	WDR72	TK91	DEL	SV
ENSG00000166435	XRRA1	TK91	DEL	SV
ENSG00000166439	RNF169	TK91	DEL	SV
ENSG00000166452	AKIP1	TK10	DEL	SV
ENSG00000166575	TMEM135	TK14	DEL	SV
ENSG00000166595	CIAO2B	TK93	DEL	SV
ENSG00000166676	TVP23A	TK14	DEL	SV
ENSG00000166689	PLEKHA7	TK13	DEL	SV
ENSG00000166788	SAAL1	TK12	DEL	SV
ENSG00000166801	FAM111A	TK14	DEL	SV
ENSG00000166813	KIF7	TK93	DEL	SV
ENSG00000166822	TMEM170A	TK18	DEL	SV
ENSG00000166845	C18orf54	TK93	DEL	SV
ENSG00000166847	DCTN5	TK14	DEL	SV
ENSG00000166886	NAB2	TK93	DEL	SV
ENSG00000166888	STAT6	TK92	DEL	SV
ENSG00000166946	CCNDBP1	TK18	DEL	SV
ENSG00000166959	MS4A8	TK13	DEL	SV
ENSG00000166961	MS4A15	TK13	DEL	SV
ENSG00000166963	MAP1A	TK91	DEL	SV
ENSG00000166971	AKTIP	TK92	DEL	SV
ENSG00000167081	PBX3	TK10	DEL	SV
ENSG00000167173	C15orf39	TK16	DEL	SV
ENSG00000167193	CRK	TK91	DEL	SV
ENSG00000167194	C16orf92	TK91	DEL	SV
ENSG00000167195	GOLGA6C	TK91	DEL	SV
ENSG00000167196	FBXO22	TK14	DEL	SV
ENSG00000167272	POP5	TK92	DEL	SV
ENSG00000167291	TBC1D16	TK18	DEL	SV
ENSG00000167371	PRRT2	TK91	DEL	SV
ENSG00000167384	ZNF180	TK13	DEL	SV
ENSG00000167397	VKORC1	TK12	DEL	SV
ENSG00000167414	GNG8	TK92	DEL	SV
ENSG00000167447	SMG8	TK91	DEL	SV
ENSG00000167470	MIDN	TK18	DEL	SV
ENSG00000167513	CDT1	TK92	DEL	SV
ENSG00000167523	SPATA33	TK91	DEL	SV
ENSG00000167562	ZNF701	TK92	DEL	SV
ENSG00000167578	RAB4B	TK92	DEL	SV
ENSG00000167625	ZNF526	TK91	DEL	SV
ENSG00000167632	TRAPPC9	TK92	DEL	SV
ENSG00000167657	DAPK3	TK16	DEL	SV
ENSG00000167699	GLOD4	TK14	DEL	SV
ENSG00000167769	ACER1	TK91	DEL	SV
ENSG00000167792	NDUFV1	TK92	DEL	SV
ENSG00000167858	TEKT1	TK91	DEL	SV
ENSG00000167880	EVPL	TK91	DEL	SV
ENSG00000167925	GHDC	TK91	DEL	SV
ENSG00000167965	MLST8	TK93	DEL	SV
ENSG00000168000	BSCL2	TK92	DEL	SV
ENSG00000168056	LTBP3	TK93	DEL	SV
ENSG00000168092	PAFAH1B2	TK10	DEL	SV
ENSG00000168140	VASN	TK14	DEL	SV
ENSG00000168256	NKIRAS2	TK93	DEL	SV
ENSG00000168300	PCMTD1	TK14	DEL	SV
ENSG00000168385	SEPTIN2	TK13	DEL	SV
ENSG00000168389	MFSD2A	TK13	DEL	SV
ENSG00000168397	ATG4B	TK14	DEL	SV
ENSG00000168404	MLKL	TK18	DEL	SV
ENSG00000168421	RHOH	TK13	DEL	SV
ENSG00000168434	COG7	TK18	DEL	SV
ENSG00000168477	TNXB	TK10	DEL	SV
ENSG00000168487	BMP1	TK14	DEL	SV
ENSG00000168556	ING2	TK91	DEL	SV
ENSG00000168569	TMEM223	TK18	DEL	SV
ENSG00000168615	ADAM9	TK14	DEL	SV
ENSG00000168778	TCTN2	TK91	DEL	SV
ENSG00000168884	TNIP2	TK10	DEL	SV
ENSG00000168939	SPRY3	TK10	DEL	SV
ENSG00000169006	NTSR2	TK91	DEL	SV
ENSG00000169019	COMMD8	TK14	DEL	SV
ENSG00000169193	CCDC126	TK13	DEL	SV
ENSG00000169291	SHE	TK92	DEL	SV
ENSG00000169372	CRADD	TK13	DEL	SV
ENSG00000169375	SIN3A	TK91	DEL	SV
ENSG00000169490	TM2D2	TK16	DEL	SV
ENSG00000169499	PLEKHA2	TK14	DEL	SV
ENSG00000169612	RAMAC	TK12	DEL	SV
ENSG00000169660	HEXD	TK12	DEL	SV
ENSG00000169682	SPNS1	TK91	DEL	SV
ENSG00000169714	CNBP	TK91	DEL	SV
ENSG00000169756	LIMS1	TK16	DEL	SV
ENSG00000169814	BTD	TK13	DEL	SV
ENSG00000169855	ROBO1	TK14	DEL	SV
ENSG00000169900	PYDC1	TK18	DEL	SV
ENSG00000169962	TAS1R3	TK92	DEL	SV
ENSG00000169972	PUSL1	TK92	DEL	SV
ENSG00000169981	ZNF35	TK91	DEL	SV
ENSG00000170088	TMEM192	TK14	DEL	SV
ENSG00000170100	ZNF778	TK18	DEL	SV
ENSG00000170236	USP50	TK92	DEL	SV
ENSG00000170260	ZNF212	TK14	DEL	SV
ENSG00000170276	HSPB2	TK92	DEL	SV
ENSG00000170296	GABARAP	TK91	DEL	SV
ENSG00000170325	PRDM10	TK13	DEL	SV
ENSG00000170356	OR2A20P	TK13	DEL	SV
ENSG00000170448	NFXL1	TK92	DEL	SV
ENSG00000170469	SPATA24	TK16	DEL	SV
ENSG00000170606	HSPA4	TK13	DEL	SV
ENSG00000170619	COMMD5	TK91	DEL	SV
ENSG00000170631	ZNF16	TK91	DEL	SV
ENSG00000170638	TRABD	TK92	DEL	SV
ENSG00000170688	OR5E1P	TK92	DEL	SV
ENSG00000170791	CHCHD7	TK92	DEL	SV
ENSG00000170836	PPM1D	TK16	DEL	SV
ENSG00000170858	LILRP2	TK91	DEL	SV
ENSG00000170892	TSEN34	TK93	DEL	SV
ENSG00000170899	GSTA4	TK18	DEL	SV
ENSG00000170906	NDUFA3	TK18	DEL	SV
ENSG00000170954	ZNF415	TK91	DEL	SV
ENSG00000171053	PATE1	TK93	DEL	SV
ENSG00000171054	OR13H1	TK91	DEL	SV
ENSG00000171097	KYAT1	TK13	DEL	SV
ENSG00000171100	MTM1	TK13	DEL	SV
ENSG00000171119	NRTN	TK91	DEL	SV
ENSG00000171124	FUT3	TK91	DEL	SV
ENSG00000171160	MORN4	TK91	DEL	SV
ENSG00000171169	NAIF1	TK93	DEL	SV
ENSG00000171311	EXOSC1	TK14	DEL	SV
ENSG00000171368	TPPP	TK16	DEL	SV
ENSG00000171456	ASXL1	TK13	DEL	SV
ENSG00000171476	HOPX	TK91	DEL	SV
ENSG00000171483	SSX6P	TK91	DEL	SV
ENSG00000171489	SPACA5	TK91	DEL	SV
ENSG00000171540	OTP	TK10	DEL	SV
ENSG00000171566	PLRG1	TK12	DEL	SV
ENSG00000171570	RAB4B-EGLN2	TK92	DEL	SV
ENSG00000171612	SLC25A33	TK14	DEL	SV
ENSG00000171649	ZIK1	TK91	DEL	SV
ENSG00000171681	ATF7IP	TK14	DEL	SV
ENSG00000171695	LKAAEAR1	TK10	DEL	SV
ENSG00000171766	GATM	TK92	DEL	SV
ENSG00000171786	NHLH1	TK91	DEL	SV
ENSG00000171792	RHNO1	TK12	DEL	SV
ENSG00000171823	FBXL14	TK14	DEL	SV
ENSG00000171853	TRAPPC12	TK13	DEL	SV
ENSG00000171865	RNASEH1	TK12	DEL	SV
ENSG00000171928	TVP23B	TK14	DEL	SV
ENSG00000172005	MAL	TK10	DEL	SV
ENSG00000172007	RAB33B	TK13	DEL	SV
ENSG00000172014	ANKRD20A4P	TK92	DEL	SV
ENSG00000172046	USP19	TK92	DEL	SV
ENSG00000172059	KLF11	TK92	DEL	SV
ENSG00000172167	MTBP	TK18	DEL	SV
ENSG00000172175	MALT1	TK14	DEL	SV
ENSG00000172243	CLEC7A	TK91	DEL	SV
ENSG00000172273	HINFP	TK18	DEL	SV
ENSG00000172336	POP7	TK13	DEL	SV
ENSG00000172340	SUCLG2	TK92	DEL	SV
ENSG00000172469	MANEA	TK13	DEL	SV
ENSG00000172531	PPP1CA	TK93	DEL	SV
ENSG00000172650	AGAP5	TK93	DEL	SV
ENSG00000172673	THEMIS	TK13	DEL	SV
ENSG00000172680	MOS	TK92	DEL	SV
ENSG00000172687	ZNF738	TK92	DEL	SV
ENSG00000172689	MS4A10	TK13	DEL	SV
ENSG00000172785	ZNG1A	TK13	DEL	SV
ENSG00000172799	ZBTB8OSP2	TK91	DEL	SV
ENSG00000172912	COX6B1P3	TK14	DEL	SV
ENSG00000172936	MYD88	TK93	DEL	SV
ENSG00000172954	LCLAT1	TK92	DEL	SV
ENSG00000172967	XKR3	TK92	DEL	SV
ENSG00000172992	DCAKD	TK13	DEL	SV
ENSG00000173085	COQ2	TK92	DEL	SV
ENSG00000173110	HSPA6	TK92	DEL	SV
ENSG00000173226	IQCB1	TK14	DEL	SV
ENSG00000173230	GOLGB1	TK92	DEL	SV
ENSG00000173262	SLC2A14	TK91	DEL	SV
ENSG00000173281	PPP1R3B	TK91	DEL	SV
ENSG00000173334	TRIB1	TK12	DEL	SV
ENSG00000173376	NDNF	TK16	DEL	SV
ENSG00000173391	OLR1	TK18	DEL	SV
ENSG00000173530	TNFRSF10D	TK92	DEL	SV
ENSG00000173535	TNFRSF10C	TK92	DEL	SV
ENSG00000173540	GMPPB	TK92	DEL	SV
ENSG00000173588	CEP83	TK18	DEL	SV
ENSG00000173674	EIF1AX	TK18	DEL	SV
ENSG00000173726	TOMM20	TK13	DEL	SV
ENSG00000173757	STAT5B	TK10	DEL	SV
ENSG00000173846	PLK3	TK92	DEL	SV
ENSG00000173875	ZNF791	TK91	DEL	SV
ENSG00000173914	RBM4B	TK14	DEL	SV
ENSG00000173928	SWSAP1	TK92	DEL	SV
ENSG00000174010	KLHL15	TK14	DEL	SV
ENSG00000174132	FAM174A	TK91	DEL	SV
ENSG00000174227	PIGG	TK13	DEL	SV
ENSG00000174282	ZBTB4	TK10	DEL	SV
ENSG00000174365	SNHG11	TK91	DEL	SV
ENSG00000174373	RALGAPA1	TK92	DEL	SV
ENSG00000174446	SNAPC5	TK16	DEL	SV
ENSG00000174483	BBS1	TK16	DEL	SV
ENSG00000174501	ANKRD36C	TK91	DEL	SV
ENSG00000174574	AKIRIN1	TK14	DEL	SV
ENSG00000174718	RESF1	TK14	DEL	SV
ENSG00000174799	CEP135	TK13	DEL	SV
ENSG00000174898	CATSPERD	TK91	DEL	SV
ENSG00000174915	PTDSS2	TK13	DEL	SV
ENSG00000174938	SEZ6L2	TK91	DEL	SV
ENSG00000174939	ASPHD1	TK91	DEL	SV
ENSG00000174977	PAIP1P2	TK14	DEL	SV
ENSG00000175063	UBE2C	TK93	DEL	SV
ENSG00000175066	GK5	TK13	DEL	SV
ENSG00000175137	SH3BP5L	TK10	DEL	SV
ENSG00000175229	GAL3ST3	TK91	DEL	SV
ENSG00000175294	CATSPER1	TK91	DEL	SV
ENSG00000175315	CST6	TK91	DEL	SV
ENSG00000175324	LSM1	TK14	DEL	SV
ENSG00000175334	BANF1	TK91	DEL	SV
ENSG00000175376	EIF1AD	TK91	DEL	SV
ENSG00000175395	ZNF25	TK92	DEL	SV
ENSG00000175556	LONRF3	TK92	DEL	SV
ENSG00000175582	RAB6A	TK14	DEL	SV
ENSG00000175595	ERCC4	TK92	DEL	SV
ENSG00000175606	TMEM70	TK10	DEL	SV
ENSG00000175782	SLC35E3	TK92	DEL	SV
ENSG00000175928	LRRN1	TK13	DEL	SV
ENSG00000176018	LYSMD3	TK91	DEL	SV
ENSG00000176020	AMIGO3	TK92	DEL	SV
ENSG00000176155	CCDC57	TK92	DEL	SV
ENSG00000176198	OR11H4	TK91	DEL	SV
ENSG00000176219	OR11H6	TK91	DEL	SV
ENSG00000176230	OR4K17	TK91	DEL	SV
ENSG00000176261	ZBTB8OS	TK92	DEL	SV
ENSG00000176269	OR4F21	TK91	DEL	SV
ENSG00000176343	RPL37AP8	TK92	DEL	SV
ENSG00000176383	B3GNT4	TK12	DEL	SV
ENSG00000176532	PRR15	TK93	DEL	SV
ENSG00000176654	NANOGP1	TK91	DEL	SV
ENSG00000176731	RBIS	TK10	DEL	SV
ENSG00000176783	RUFY1	TK13	DEL	SV
ENSG00000176826	FKBP9P1	TK92	DEL	SV
ENSG00000176927	EFCAB5	TK10	DEL	SV
ENSG00000176945	MUC20	TK92	DEL	SV
ENSG00000176971	FIBIN	TK92	DEL	SV
ENSG00000176978	DPP7	TK93	DEL	SV
ENSG00000177030	DEAF1	TK91	DEL	SV
ENSG00000177034	MTX3	TK16	DEL	SV
ENSG00000177058	SLC38A9	TK13	DEL	SV
ENSG00000177169	ULK1	TK10	DEL	SV
ENSG00000177173	NAP1L4P1	TK91	DEL	SV
ENSG00000177182	CLVS1	TK92	DEL	SV
ENSG00000177201	OR2T12	TK91	DEL	SV
ENSG00000177212	OR2T33	TK91	DEL	SV
ENSG00000177225	GATD1	TK91	DEL	SV
ENSG00000177238	TRIM72	TK18	DEL	SV
ENSG00000177311	ZBTB38	TK16	DEL	SV
ENSG00000177359	ENSG00000177359	TK12	DEL	SV
ENSG00000177363	LRRN4CL	TK92	DEL	SV
ENSG00000177455	CD19	TK91	DEL	SV
ENSG00000177485	ZBTB33	TK12	DEL	SV
ENSG00000177542	SLC25A22	TK91	DEL	SV
ENSG00000177565	TBL1XR1	TK10	DEL	SV
ENSG00000177595	PIDD1	TK91	DEL	SV
ENSG00000177663	IL17RA	TK18	DEL	SV
ENSG00000177683	THAP5	TK16	DEL	SV
ENSG00000177685	CRACR2B	TK91	DEL	SV
ENSG00000177700	POLR2L	TK91	DEL	SV
ENSG00000177725	ENSG00000177725	TK14	DEL	SV
ENSG00000177791	MYOZ1	TK93	DEL	SV
ENSG00000178026	LRRC75B	TK10	DEL	SV
ENSG00000178074	C2orf69	TK14	DEL	SV
ENSG00000178188	SH2B1	TK91	DEL	SV
ENSG00000178295	GEN1	TK16	DEL	SV
ENSG00000178386	ZNF223	TK91	DEL	SV
ENSG00000178401	DNAJC22	TK92	DEL	SV
ENSG00000178498	DTX3	TK91	DEL	SV
ENSG00000178537	SLC25A20	TK91	DEL	SV
ENSG00000178796	RIIAD1	TK92	DEL	SV
ENSG00000178809	TRIM73	TK91	DEL	SV
ENSG00000178882	RFLNA	TK14	DEL	SV
ENSG00000178952	TUFM	TK91	DEL	SV
ENSG00000178977	LINC00324	TK91	DEL	SV
ENSG00000178982	EIF3K	TK13	DEL	SV
ENSG00000179021	C3orf38	TK91	DEL	SV
ENSG00000179029	TMEM107	TK91	DEL	SV
ENSG00000179142	CYP11B2	TK93	DEL	SV
ENSG00000179277	MEIS3P1	TK14	DEL	SV
ENSG00000179314	WSCD1	TK91	DEL	SV
ENSG00000179364	PACS2	TK13	DEL	SV
ENSG00000179412	HNRNPCL4	TK92	DEL	SV
ENSG00000179431	FJX1	TK92	DEL	SV
ENSG00000179632	MAF1	TK93	DEL	SV
ENSG00000179695	OR6C2	TK91	DEL	SV
ENSG00000179899	PHC1P1	TK91	DEL	SV
ENSG00000179902	CFAP276	TK92	DEL	SV
ENSG00000179909	ZNF154	TK91	DEL	SV
ENSG00000179915	NRXN1	TK10	DEL	SV
ENSG00000179965	ZNF771	TK10	DEL	SV
ENSG00000179967	PPP1R14BP3	TK92	DEL	SV
ENSG00000180098	TRNAU1AP	TK13	DEL	SV
ENSG00000180104	EXOC3	TK16	DEL	SV
ENSG00000180257	ZNF816	TK91	DEL	SV
ENSG00000180383	DEFB124	TK92	DEL	SV
ENSG00000180532	ZSCAN4	TK91	DEL	SV
ENSG00000180610	ZBTB12BP	TK92	DEL	SV
ENSG00000180628	PCGF5	TK93	DEL	SV
ENSG00000180867	PDIA3P1	TK92	DEL	SV
ENSG00000180879	SSR4	TK12	DEL	SV
ENSG00000180902	D2HGDH	TK91	DEL	SV
ENSG00000180917	CMTR2	TK93	DEL	SV
ENSG00000180957	PITPNB	TK13	DEL	SV
ENSG00000181027	FKRP	TK18	DEL	SV
ENSG00000181260	MTHFD2P7	TK91	DEL	SV
ENSG00000181472	ZBTB2	TK92	DEL	SV
ENSG00000181523	SGSH	TK92	DEL	SV
ENSG00000181690	PLAG1	TK92	DEL	SV
ENSG00000181705	ENSG00000181705	TK91	DEL	SV
ENSG00000181826	RELL1	TK13	DEL	SV
ENSG00000181852	RNF41	TK10	DEL	SV
ENSG00000181856	SLC2A4	TK91	DEL	SV
ENSG00000181885	CLDN7	TK91	DEL	SV
ENSG00000181894	ZNF329	TK91	DEL	SV
ENSG00000181896	ZNF101	TK13	DEL	SV
ENSG00000181995	LINC00301	TK13	DEL	SV
ENSG00000182057	OGFRP1	TK14	DEL	SV
ENSG00000182141	ZNF708	TK92	DEL	SV
ENSG00000182165	TP53TG1	TK12	DEL	SV
ENSG00000182180	MRPS16	TK92	DEL	SV
ENSG00000182199	SHMT2	TK93	DEL	SV
ENSG00000182224	CYB5D1	TK10	DEL	SV
ENSG00000182307	C8orf33	TK91	DEL	SV
ENSG00000182318	ZSCAN22	TK91	DEL	SV
ENSG00000182334	OR5P3	TK92	DEL	SV
ENSG00000182359	KBTBD3	TK13	DEL	SV
ENSG00000182504	CEP97	TK10	DEL	SV
ENSG00000182531	OR7E115P	TK92	DEL	SV
ENSG00000182551	ADI1	TK91	DEL	SV
ENSG00000182552	RWDD4	TK14	DEL	SV
ENSG00000182747	SLC35D3	TK93	DEL	SV
ENSG00000182768	NGRN	TK93	DEL	SV
ENSG00000182873	PRKCZ-AS1	TK91	DEL	SV
ENSG00000183011	NAA38	TK10	DEL	SV
ENSG00000183160	TMEM119	TK91	DEL	SV
ENSG00000183172	SMDT1	TK12	DEL	SV
ENSG00000183291	SELENOF	TK13	DEL	SV
ENSG00000183303	OR5P2	TK92	DEL	SV
ENSG00000183308	ENSG00000183308	TK16	DEL	SV
ENSG00000183458	PKD1P3	TK92	DEL	SV
ENSG00000183474	GTF2H2C	TK13	DEL	SV
ENSG00000183486	MX2	TK18	DEL	SV
ENSG00000183506	PI4KAP2	TK14	DEL	SV
ENSG00000183527	PSMG1	TK12	DEL	SV
ENSG00000183562	ENSG00000183562	TK14	DEL	SV
ENSG00000183647	ZNF530	TK91	DEL	SV
ENSG00000183682	BMP8A	TK10	DEL	SV
ENSG00000183684	ALYREF	TK12	DEL	SV
ENSG00000183688	RFLNB	TK12	DEL	SV
ENSG00000183726	TMEM50A	TK14	DEL	SV
ENSG00000183783	KCTD8	TK93	DEL	SV
ENSG00000183793	NPIPA5	TK91	DEL	SV
ENSG00000183850	ZNF730	TK13	DEL	SV
ENSG00000183873	SCN5A	TK91	DEL	SV
ENSG00000184164	CRELD2	TK12	DEL	SV
ENSG00000184194	GPR173	TK91	DEL	SV
ENSG00000184205	TSPYL2	TK91	DEL	SV
ENSG00000184209	SNRNP35	TK91	DEL	SV
ENSG00000184232	OAF	TK93	DEL	SV
ENSG00000184347	SLIT3	TK13	DEL	SV
ENSG00000184381	PLA2G6	TK13	DEL	SV
ENSG00000184384	MAML2	TK14	DEL	SV
ENSG00000184394	OR4N5	TK91	DEL	SV
ENSG00000184414	IRS3P	TK13	DEL	SV
ENSG00000184445	KNTC1	TK18	DEL	SV
ENSG00000184524	CEND1	TK91	DEL	SV
ENSG00000184599	TAFA3	TK14	DEL	SV
ENSG00000184635	ZNF93	TK14	DEL	SV
ENSG00000184659	FOXD4L4	TK91	DEL	SV
ENSG00000184677	ZBTB40	TK14	DEL	SV
ENSG00000184708	EIF4ENIF1	TK18	DEL	SV
ENSG00000184908	CLCNKB	TK10	DEL	SV
ENSG00000184954	OR6C70	TK91	DEL	SV
ENSG00000184983	NDUFA6	TK10	DEL	SV
ENSG00000185024	BRF1	TK10	DEL	SV
ENSG00000185033	SEMA4B	TK93	DEL	SV
ENSG00000185085	INTS5	TK92	DEL	SV
ENSG00000185088	RPS27L	TK12	DEL	SV
ENSG00000185163	DDX51	TK91	DEL	SV
ENSG00000185324	CDK10	TK91	DEL	SV
ENSG00000185344	ATP6V0A2	TK91	DEL	SV
ENSG00000185386	MAPK11	TK92	DEL	SV
ENSG00000185480	PARPBP	TK13	DEL	SV
ENSG00000185507	IRF7	TK91	DEL	SV
ENSG00000185522	LMNTD2	TK91	DEL	SV
ENSG00000185621	LMLN	TK16	DEL	SV
ENSG00000185650	ZFP36L1	TK12	DEL	SV
ENSG00000185697	MYBL1	TK92	DEL	SV
ENSG00000185737	NRG3	TK91	DEL	SV
ENSG00000185808	PIGP	TK18	DEL	SV
ENSG00000185821	OR6C76	TK91	DEL	SV
ENSG00000185875	THNSL1	TK92	DEL	SV
ENSG00000186008	RPS4XP21	TK13	DEL	SV
ENSG00000186019	ZNF225-AS1	TK91	DEL	SV
ENSG00000186020	ZNF529	TK13	DEL	SV
ENSG00000186026	ZNF284	TK91	DEL	SV
ENSG00000186086	NBPF6	TK92	DEL	SV
ENSG00000186104	CYP2R1	TK91	DEL	SV
ENSG00000186152	LILRP1	TK91	DEL	SV
ENSG00000186230	ZNF749	TK92	DEL	SV
ENSG00000186272	ZNF17	TK92	DEL	SV
ENSG00000186432	KPNA4	TK13	DEL	SV
ENSG00000186451	SPATA12	TK93	DEL	SV
ENSG00000186501	TMEM222	TK14	DEL	SV
ENSG00000186510	CLCNKA	TK10	DEL	SV
ENSG00000186832	KRT16	TK13	DEL	SV
ENSG00000186847	KRT14	TK13	DEL	SV
ENSG00000186854	TRABD2A	TK13	DEL	SV
ENSG00000186871	ERCC6L	TK16	DEL	SV
ENSG00000186897	C1QL4	TK92	DEL	SV
ENSG00000186907	RTN4RL2	TK13	DEL	SV
ENSG00000187051	RPS19BP1	TK12	DEL	SV
ENSG00000187116	LILRA5	TK10	DEL	SV
ENSG00000187187	ZNF546	TK92	DEL	SV
ENSG00000187266	EPOR	TK92	DEL	SV
ENSG00000187534	PRR13P5	TK92	DEL	SV
ENSG00000187650	VMAC	TK91	DEL	SV
ENSG00000187790	FANCM	TK92	DEL	SV
ENSG00000187857	OR6C75	TK91	DEL	SV
ENSG00000187997	C17orf99	TK91	DEL	SV
ENSG00000188011	RTP5	TK91	DEL	SV
ENSG00000188029	CTSL3P	TK93	DEL	SV
ENSG00000188175	HEPACAM2	TK91	DEL	SV
ENSG00000188322	SBK1	TK91	DEL	SV
ENSG00000188389	PDCD1	TK91	DEL	SV
ENSG00000188493	ACTMAP	TK92	DEL	SV
ENSG00000188529	SRSF10	TK14	DEL	SV
ENSG00000188542	DUSP28	TK91	DEL	SV
ENSG00000188647	PTAR1	TK13	DEL	SV
ENSG00000188672	RHCE	TK14	DEL	SV
ENSG00000188706	ZDHHC9	TK10	DEL	SV
ENSG00000188786	MTF1	TK10	DEL	SV
ENSG00000188825	LINC00910	TK91	DEL	SV
ENSG00000188848	BEND4	TK92	DEL	SV
ENSG00000188931	CFAP126	TK14	DEL	SV
ENSG00000188938	FAM120AOS	TK10	DEL	SV
ENSG00000189030	VHLL	TK92	DEL	SV
ENSG00000189050	RNFT1	TK13	DEL	SV
ENSG00000189090	FAM25G	TK92	DEL	SV
ENSG00000189295	ANKRD62P1-PARP4P3	TK92	DEL	SV
ENSG00000189316	ENSG00000189316	TK93	DEL	SV
ENSG00000189375	TBC1D28	TK14	DEL	SV
ENSG00000196150	ZNF250	TK91	DEL	SV
ENSG00000196152	ZNF79	TK18	DEL	SV
ENSG00000196205	EEF1A1P5	TK91	DEL	SV
ENSG00000196208	GREB1	TK91	DEL	SV
ENSG00000196220	SRGAP3	TK10	DEL	SV
ENSG00000196290	NIF3L1	TK93	DEL	SV
ENSG00000196295	GARS1-DT	TK92	DEL	SV
ENSG00000196296	ATP2A1	TK91	DEL	SV
ENSG00000196301	HLA-DRB9	TK92	DEL	SV
ENSG00000196369	SRGAP2B	TK14	DEL	SV
ENSG00000196378	ZNF34	TK91	DEL	SV
ENSG00000196387	ZNF140	TK92	DEL	SV
ENSG00000196407	THEM5	TK10	DEL	SV
ENSG00000196436	NPIPB15	TK92	DEL	SV
ENSG00000196437	ZNF569	TK13	DEL	SV
ENSG00000196453	ZNF777	TK10	DEL	SV
ENSG00000196476	C20orf96	TK10	DEL	SV
ENSG00000196503	ARL9	TK91	DEL	SV
ENSG00000196510	ANAPC7	TK16	DEL	SV
ENSG00000196544	BORCS6	TK91	DEL	SV
ENSG00000196584	XRCC2	TK92	DEL	SV
ENSG00000196586	MYO6	TK10	DEL	SV
ENSG00000196670	ZFP62	TK14	DEL	SV
ENSG00000196700	ZNF512B	TK91	DEL	SV
ENSG00000196792	STRN3	TK18	DEL	SV
ENSG00000196796	NPIPB10P	TK91	DEL	SV
ENSG00000196832	OR11G2	TK91	DEL	SV
ENSG00000196839	ADA	TK92	DEL	SV
ENSG00000196844	PATE2	TK93	DEL	SV
ENSG00000196850	PPTC7	TK10	DEL	SV
ENSG00000196922	ZNF252P	TK91	DEL	SV
ENSG00000196943	NOP9	TK93	DEL	SV
ENSG00000196968	FUT11	TK93	DEL	SV
ENSG00000196998	WDR45	TK91	DEL	SV
ENSG00000197013	ZNF429	TK92	DEL	SV
ENSG00000197020	ZNF100	TK14	DEL	SV
ENSG00000197037	ZSCAN25	TK93	DEL	SV
ENSG00000197054	ZNF763	TK91	DEL	SV
ENSG00000197142	ACSL5	TK13	DEL	SV
ENSG00000197150	ABCB8	TK18	DEL	SV
ENSG00000197208	SLC22A4	TK91	DEL	SV
ENSG00000197213	ZSCAN5B	TK91	DEL	SV
ENSG00000197217	ENTPD4	TK18	DEL	SV
ENSG00000197299	BLM	TK14	DEL	SV
ENSG00000197302	KRBOX5	TK14	DEL	SV
ENSG00000197321	SVIL	TK92	DEL	SV
ENSG00000197334	Metazoa_SRP	TK91	DEL	SV
ENSG00000197363	ZNF517	TK91	DEL	SV
ENSG00000197372	ZNF675	TK92	DEL	SV
ENSG00000197375	SLC22A5	TK91	DEL	SV
ENSG00000197380	DACT3	TK92	DEL	SV
ENSG00000197442	MAP3K5	TK18	DEL	SV
ENSG00000197446	CYP2F1	TK13	DEL	SV
ENSG00000197471	SPN	TK10	DEL	SV
ENSG00000197497	ZNF665	TK91	DEL	SV
ENSG00000197530	MIB2	TK13	DEL	SV
ENSG00000197535	MYO5A	TK14	DEL	SV
ENSG00000197579	TOPORS	TK13	DEL	SV
ENSG00000197586	ENTPD6	TK14	DEL	SV
ENSG00000197713	RPE	TK14	DEL	SV
ENSG00000197768	STPG3	TK91	DEL	SV
ENSG00000197780	TAF13	TK92	DEL	SV
ENSG00000197859	ADAMTSL2	TK18	DEL	SV
ENSG00000197860	SGTB	TK10	DEL	SV
ENSG00000197879	MYO1C	TK92	DEL	SV
ENSG00000197889	MEIG1	TK92	DEL	SV
ENSG00000197912	SPG7	TK91	DEL	SV
ENSG00000197915	HRNR	TK92	DEL	SV
ENSG00000197927	NBEAP2	TK14	DEL	SV
ENSG00000197937	ZNF347	TK91	DEL	SV
ENSG00000197958	RPL12	TK92	DEL	SV
ENSG00000197961	ZNF121	TK16	DEL	SV
ENSG00000198039	ZNF273	TK93	DEL	SV
ENSG00000198053	SIRPA	TK92	DEL	SV
ENSG00000198060	MARCHF5	TK14	DEL	SV
ENSG00000198105	ZNF248	TK91	DEL	SV
ENSG00000198113	TOR4A	TK91	DEL	SV
ENSG00000198130	HIBCH	TK13	DEL	SV
ENSG00000198131	ZNF544	TK91	DEL	SV
ENSG00000198155	ZNF876P	TK91	DEL	SV
ENSG00000198169	ZNF251	TK91	DEL	SV
ENSG00000198176	TFDP1	TK16	DEL	SV
ENSG00000198286	CARD11	TK10	DEL	SV
ENSG00000198315	ZKSCAN8	TK13	DEL	SV
ENSG00000198354	DCAF12L2	TK92	DEL	SV
ENSG00000198355	PIM3	TK93	DEL	SV
ENSG00000198399	ITSN2	TK12	DEL	SV
ENSG00000198445	CCT8L2	TK92	DEL	SV
ENSG00000198496	NBR2	TK92	DEL	SV
ENSG00000198502	HLA-DRB5	TK10	DEL	SV
ENSG00000198563	DDX39B	TK92	DEL	SV
ENSG00000198624	CCDC69	TK14	DEL	SV
ENSG00000198689	SLC9A6	TK91	DEL	SV
ENSG00000198722	UNC13B	TK93	DEL	SV
ENSG00000198742	SMURF1	TK10	DEL	SV
ENSG00000198799	LRIG2	TK14	DEL	SV
ENSG00000198818	SFT2D1	TK14	DEL	SV
ENSG00000198826	ARHGAP11A	TK14	DEL	SV
ENSG00000198832	SELENOM	TK93	DEL	SV
ENSG00000198839	ZNF277	TK13	DEL	SV
ENSG00000198841	KTI12	TK14	DEL	SV
ENSG00000198851	CD3E	TK92	DEL	SV
ENSG00000198873	GRK5	TK91	DEL	SV
ENSG00000198915	RASGEF1A	TK92	DEL	SV
ENSG00000198918	RPL39	TK10	DEL	SV
ENSG00000198925	ATG9A	TK93	DEL	SV
ENSG00000198932	GPRASP1	TK91	DEL	SV
ENSG00000198948	MFAP3L	TK13	DEL	SV
ENSG00000198974	MIR30E	TK13	DEL	SV
ENSG00000199038	MIR210	TK91	DEL	SV
ENSG00000199053	MIR324	TK91	DEL	SV
ENSG00000199121	MIR26B	TK92	DEL	SV
ENSG00000199266	SNORA60	TK91	DEL	SV
ENSG00000199289	RNU6-502P	TK92	DEL	SV
ENSG00000199331	Y_RNA	TK14	DEL	SV
ENSG00000199400	RNY4P19	TK13	DEL	SV
ENSG00000199446	RNU6-543P	TK92	DEL	SV
ENSG00000199525	RNA5SP295	TK92	DEL	SV
ENSG00000199672	RNU4-21P	TK14	DEL	SV
ENSG00000199705	Y_RNA	TK91	DEL	SV
ENSG00000199733	RNA5SP307	TK14	DEL	SV
ENSG00000199805	RNU1-134P	TK18	DEL	SV
ENSG00000199883	RN7SKP90	TK13	DEL	SV
ENSG00000199933	RNY1P16	TK14	DEL	SV
ENSG00000200013	RNU6-623P	TK16	DEL	SV
ENSG00000200051	ENSG00000200051	TK92	DEL	SV
ENSG00000200087	SNORA73B	TK93	DEL	SV
ENSG00000200138	RNY1P10	TK14	DEL	SV
ENSG00000200162	Y_RNA	TK91	DEL	SV
ENSG00000200170	Y_RNA	TK14	DEL	SV
ENSG00000200247	RNU6-254P	TK13	DEL	SV
ENSG00000200257	RNU6-97P	TK13	DEL	SV
ENSG00000200354	SNORA71D	TK91	DEL	SV
ENSG00000200403	RNU6-1099P	TK93	DEL	SV
ENSG00000200463	SNORD118	TK91	DEL	SV
ENSG00000200469	RNU6-112P	TK10	DEL	SV
ENSG00000200570	RNU6-829P	TK10	DEL	SV
ENSG00000200677	SNORD18	TK14	DEL	SV
ENSG00000200702	Y_RNA	TK91	DEL	SV
ENSG00000200763	RNU6-961P	TK93	DEL	SV
ENSG00000200769	Y_RNA	TK12	DEL	SV
ENSG00000200785	SNORD8	TK10	DEL	SV
ENSG00000200831	SNORD36B	TK93	DEL	SV
ENSG00000200842	Y_RNA	TK10	DEL	SV
ENSG00000200884	Y_RNA	TK16	DEL	SV
ENSG00000200906	RNU6-854P	TK13	DEL	SV
ENSG00000200922	Y_RNA	TK14	DEL	SV
ENSG00000200985	RNA5SP493	TK91	DEL	SV
ENSG00000201003	ENSG00000201003	TK92	DEL	SV
ENSG00000201013	Y_RNA	TK14	DEL	SV
ENSG00000201074	Y_RNA	TK10	DEL	SV
ENSG00000201142	RNU1-151P	TK92	DEL	SV
ENSG00000201145	RNA5SP175	TK91	DEL	SV
ENSG00000201165	RNU6-1229P	TK93	DEL	SV
ENSG00000201178	Y_RNA	TK10	DEL	SV
ENSG00000201208	Y_RNA	TK18	DEL	SV
ENSG00000201221	RNU4-40P	TK10	DEL	SV
ENSG00000201239	Y_RNA	TK12	DEL	SV
ENSG00000201274	RNA5SP192	TK91	DEL	SV
ENSG00000201302	SNORA65	TK92	DEL	SV
ENSG00000201412	Y_RNA	TK14	DEL	SV
ENSG00000201435	RNU4-24P	TK14	DEL	SV
ENSG00000201458	RNU4-4P	TK13	DEL	SV
ENSG00000201512	SNORA71C	TK91	DEL	SV
ENSG00000201524	RNU6-450P	TK91	DEL	SV
ENSG00000201544	SNORA16B	TK13	DEL	SV
ENSG00000201608	RNU4-42P	TK91	DEL	SV
ENSG00000201610	RNA5SP84	TK91	DEL	SV
ENSG00000201658	RNU6-283P	TK92	DEL	SV
ENSG00000201662	RNU6-60P	TK13	DEL	SV
ENSG00000201663	Y_RNA	TK91	DEL	SV
ENSG00000201699	RNVU1-24	TK10	DEL	SV
ENSG00000201754	SNORD52	TK93	DEL	SV
ENSG00000201770	RNU6-384P	TK92	DEL	SV
ENSG00000201785	SNORD117	TK92	DEL	SV
ENSG00000201807	ENSG00000201807	TK93	DEL	SV
ENSG00000201811	SNORA71	TK91	DEL	SV
ENSG00000201815	RNU6-526P	TK91	DEL	SV
ENSG00000201820	Y_RNA	TK12	DEL	SV
ENSG00000201916	Y_RNA	TK13	DEL	SV
ENSG00000201966	RNA5-8SP4	TK91	DEL	SV
ENSG00000202078	Y_RNA	TK91	DEL	SV
ENSG00000202089	RNU6-1306P	TK13	DEL	SV
ENSG00000202251	Y_RNA	TK91	DEL	SV
ENSG00000202345	Y_RNA	TK13	DEL	SV
ENSG00000202385	Y_RNA	TK92	DEL	SV
ENSG00000202406	RN7SKP187	TK13	DEL	SV
ENSG00000202417	Y_RNA	TK91	DEL	SV
ENSG00000202434	ENSG00000202434	TK92	DEL	SV
ENSG00000202440	SNORD42	TK92	DEL	SV
ENSG00000202532	RNU6-395P	TK93	DEL	SV
ENSG00000202566	MIR421	TK91	DEL	SV
ENSG00000203362	POLH-AS1	TK13	DEL	SV
ENSG00000203402	ENSG00000203402	TK91	DEL	SV
ENSG00000203408	OR6C71P	TK91	DEL	SV
ENSG00000203437	ENSG00000203437	TK93	DEL	SV
ENSG00000203643	ENSG00000203643	TK91	DEL	SV
ENSG00000203791	EEF1AKMT2	TK92	DEL	SV
ENSG00000203896	LIME1	TK91	DEL	SV
ENSG00000203942	C10orf62	TK91	DEL	SV
ENSG00000203950	RTL8A	TK91	DEL	SV
ENSG00000204099	NEU4	TK91	DEL	SV
ENSG00000204113	BMP2KL	TK91	DEL	SV
ENSG00000204121	ECEL1P1	TK92	DEL	SV
ENSG00000204220	PFDN6	TK91	DEL	SV
ENSG00000204287	HLA-DRA	TK92	DEL	SV
ENSG00000204290	BTNL2	TK92	DEL	SV
ENSG00000204352	FAM120A2P	TK10	DEL	SV
ENSG00000204362	LINC02783	TK16	DEL	SV
ENSG00000204422	ENSG00000204422	TK92	DEL	SV
ENSG00000204511	MCCD1	TK92	DEL	SV
ENSG00000204519	ZNF551	TK91	DEL	SV
ENSG00000204528	PSORS1C3	TK92	DEL	SV
ENSG00000204531	POU5F1	TK92	DEL	SV
ENSG00000204532	ZSCAN5C	TK91	DEL	SV
ENSG00000204536	CCHCR1	TK92	DEL	SV
ENSG00000204538	PSORS1C2	TK92	DEL	SV
ENSG00000204539	CDSN	TK92	DEL	SV
ENSG00000204540	PSORS1C1	TK92	DEL	SV
ENSG00000204542	C6orf15	TK92	DEL	SV
ENSG00000204555	CFTRP3	TK92	DEL	SV
ENSG00000204568	MRPS18B	TK16	DEL	SV
ENSG00000204576	PRR3	TK18	DEL	SV
ENSG00000204634	TBC1D8	TK13	DEL	SV
ENSG00000204776	IGKV1OR-3	TK91	DEL	SV
ENSG00000204842	ATXN2	TK14	DEL	SV
ENSG00000204850	ENSG00000204850	TK92	DEL	SV
ENSG00000204851	PNMA8B	TK92	DEL	SV
ENSG00000204909	SPINK9	TK92	DEL	SV
ENSG00000204922	UQCC3	TK92	DEL	SV
ENSG00000204956	PCDHGA1	TK92	DEL	SV
ENSG00000204959	ARHGEF34P	TK13	DEL	SV
ENSG00000204979	MS4A13	TK13	DEL	SV
ENSG00000205220	PSMB10	TK91	DEL	SV
ENSG00000205307	SAP25	TK13	DEL	SV
ENSG00000205328	OR6C65	TK91	DEL	SV
ENSG00000205413	SAMD9	TK91	DEL	SV
ENSG00000205500	MAPRE3-AS1	TK10	DEL	SV
ENSG00000205517	RGL3	TK92	DEL	SV
ENSG00000205593	DENND6B	TK92	DEL	SV
ENSG00000205611	LINC01597	TK92	DEL	SV
ENSG00000205744	DENND1C	TK91	DEL	SV
ENSG00000205879	FAM90A2P	TK92	DEL	SV
ENSG00000206113	CFAP99	TK91	DEL	SV
ENSG00000206597	SNORA57	TK92	DEL	SV
ENSG00000206622	SNORA69	TK10	DEL	SV
ENSG00000206635	RNU6-1062P	TK13	DEL	SV
ENSG00000206675	RNU6-32P	TK14	DEL	SV
ENSG00000206687	RNU1-109P	TK14	DEL	SV
ENSG00000206698	RNU1-73P	TK13	DEL	SV
ENSG00000206704	Y_RNA	TK13	DEL	SV
ENSG00000206738	Y_RNA	TK10	DEL	SV
ENSG00000206755	SNORA30	TK92	DEL	SV
ENSG00000206768	Y_RNA	TK14	DEL	SV
ENSG00000206824	Y_RNA	TK13	DEL	SV
ENSG00000206840	Y_RNA	TK92	DEL	SV
ENSG00000206888	RNU6-48P	TK14	DEL	SV
ENSG00000206921	RNU6-481P	TK14	DEL	SV
ENSG00000206947	SNORA20B	TK18	DEL	SV
ENSG00000206951	Y_RNA	TK91	DEL	SV
ENSG00000206980	RNU6-662P	TK92	DEL	SV
ENSG00000206989	SNORD63	TK93	DEL	SV
ENSG00000207023	RNU6-975P	TK18	DEL	SV
ENSG00000207047	SNORD51	TK93	DEL	SV
ENSG00000207052	RNU6-378P	TK14	DEL	SV
ENSG00000207062	SNORA15B-1	TK93	DEL	SV
ENSG00000207077	RNU6-1119P	TK91	DEL	SV
ENSG00000207150	RNU6-185P	TK91	DEL	SV
ENSG00000207166	SNORA68	TK92	DEL	SV
ENSG00000207181	SNORA14B	TK13	DEL	SV
ENSG00000207194	RNU6-1026P	TK14	DEL	SV
ENSG00000207217	SNORA80D	TK12	DEL	SV
ENSG00000207237	RNU6-110P	TK18	DEL	SV
ENSG00000207247	Y_RNA	TK93	DEL	SV
ENSG00000207267	RNU6-1081P	TK91	DEL	SV
ENSG00000207277	RNA5SP284	TK18	DEL	SV
ENSG00000207294	Y_RNA	TK91	DEL	SV
ENSG00000207344	SNORA22C	TK93	DEL	SV
ENSG00000207356	Y_RNA	TK13	DEL	SV
ENSG00000207379	Y_RNA	TK92	DEL	SV
ENSG00000207406	SNORA41	TK93	DEL	SV
ENSG00000207415	RNU6-1151P	TK91	DEL	SV
ENSG00000207425	Y_RNA	TK92	DEL	SV
ENSG00000207449	RNU6-19P	TK18	DEL	SV
ENSG00000207450	Y_RNA	TK18	DEL	SV
ENSG00000207525	Y_RNA	TK13	DEL	SV
ENSG00000207588	MIR593	TK13	DEL	SV
ENSG00000207611	MIR149	TK10	DEL	SV
ENSG00000207626	MIR562	TK92	DEL	SV
ENSG00000207642	MIR571	TK92	DEL	SV
ENSG00000207650	MIR570	TK92	DEL	SV
ENSG00000207653	MIR558	TK92	DEL	SV
ENSG00000207698	MIR32	TK14	DEL	SV
ENSG00000207702	MIR211	TK91	DEL	SV
ENSG00000207721	MIR186	TK18	DEL	SV
ENSG00000207739	MIR218-2	TK13	DEL	SV
ENSG00000207746	MIR575	TK92	DEL	SV
ENSG00000207814	MIR147A	TK18	DEL	SV
ENSG00000207839	MIR33B	TK93	DEL	SV
ENSG00000207874	MIR610	TK92	DEL	SV
ENSG00000207956	MIR579	TK14	DEL	SV
ENSG00000207962	MIR30C1	TK13	DEL	SV
ENSG00000208012	MIRLET7F2	TK13	DEL	SV
ENSG00000209702	SNORD41	TK93	DEL	SV
ENSG00000211455	STK38L	TK18	DEL	SV
ENSG00000211456	SACM1L	TK18	DEL	SV
ENSG00000211611	IGKV6-21	TK16	DEL	SV
ENSG00000211751	TRBC1	TK16	DEL	SV
ENSG00000211764	TRBJ2-1	TK16	DEL	SV
ENSG00000211765	TRBJ2-2	TK16	DEL	SV
ENSG00000211766	TRBJ2-2P	TK16	DEL	SV
ENSG00000211767	TRBJ2-3	TK16	DEL	SV
ENSG00000212027	MIR374B	TK91	DEL	SV
ENSG00000212123	PRR22	TK91	DEL	SV
ENSG00000212158	SNORD66	TK93	DEL	SV
ENSG00000212295	SNORD28B	TK16	DEL	SV
ENSG00000212402	SNORA74B	TK92	DEL	SV
ENSG00000212445	ENSG00000212445	TK10	DEL	SV
ENSG00000212457	RNU6-644P	TK14	DEL	SV
ENSG00000212493	SNORD19	TK12	DEL	SV
ENSG00000212526	RNU6-466P	TK13	DEL	SV
ENSG00000212605	RNU1-56P	TK10	DEL	SV
ENSG00000212807	OR2A42	TK13	DEL	SV
ENSG00000213023	SYT3	TK10	DEL	SV
ENSG00000213033	AURKAP1	TK13	DEL	SV
ENSG00000213096	ZNF254	TK91	DEL	SV
ENSG00000213109	RPL7AP37	TK93	DEL	SV
ENSG00000213214	ARHGEF35	TK13	DEL	SV
ENSG00000213246	SUPT4H1	TK13	DEL	SV
ENSG00000213370	RANP6	TK92	DEL	SV
ENSG00000213462	ERV3-1	TK93	DEL	SV
ENSG00000213523	SRA1	TK93	DEL	SV
ENSG00000213640	EEF1DP4	TK93	DEL	SV
ENSG00000213658	LAT	TK91	DEL	SV
ENSG00000213672	NCKIPSD	TK91	DEL	SV
ENSG00000213711	PHB1P7	TK92	DEL	SV
ENSG00000213729	RPS16P2	TK93	DEL	SV
ENSG00000213753	CENPBD2P	TK91	DEL	SV
ENSG00000213757	RPS3AP20	TK14	DEL	SV
ENSG00000213763	ACTBP2	TK10	DEL	SV
ENSG00000213801	ZNF321P	TK91	DEL	SV
ENSG00000213876	RPL7AP64	TK91	DEL	SV
ENSG00000213881	NPM1P6	TK92	DEL	SV
ENSG00000213916	RPL13P	TK91	DEL	SV
ENSG00000213918	DNASE1	TK16	DEL	SV
ENSG00000213921	LEUTX	TK92	DEL	SV
ENSG00000213923	CSNK1E	TK12	DEL	SV
ENSG00000213928	IRF9	TK93	DEL	SV
ENSG00000213965	NUDT19	TK16	DEL	SV
ENSG00000213967	ZNF726	TK91	DEL	SV
ENSG00000213976	ENSG00000213976	TK92	DEL	SV
ENSG00000213983	AP1G2	TK92	DEL	SV
ENSG00000214018	RRM2P3	TK91	DEL	SV
ENSG00000214029	ZNF891	TK91	DEL	SV
ENSG00000214063	TSPAN4	TK91	DEL	SV
ENSG00000214078	CPNE1	TK18	DEL	SV
ENSG00000214185	XPOTP1	TK92	DEL	SV
ENSG00000214313	AZGP1P1	TK14	DEL	SV
ENSG00000214331	PDPR2P	TK92	DEL	SV
ENSG00000214517	PPME1	TK18	DEL	SV
ENSG00000214562	NUTM2D	TK92	DEL	SV
ENSG00000214686	IQCF6	TK91	DEL	SV
ENSG00000214725	CDIPTOSP	TK91	DEL	SV
ENSG00000214756	CSKMT	TK92	DEL	SV
ENSG00000214760	RPL21P1	TK14	DEL	SV
ENSG00000214772	GUCY2C-AS1	TK91	DEL	SV
ENSG00000214782	MS4A18	TK13	DEL	SV
ENSG00000214855	APOC1P1	TK91	DEL	SV
ENSG00000214946	TBC1D26	TK14	DEL	SV
ENSG00000214988	RPL7AP26	TK92	DEL	SV
ENSG00000215023	ENSG00000215023	TK91	DEL	SV
ENSG00000215035	FDPSP5	TK91	DEL	SV
ENSG00000215039	CD27-AS1	TK10	DEL	SV
ENSG00000215067	ALOX12-AS1	TK91	DEL	SV
ENSG00000215241	LINC02449	TK13	DEL	SV
ENSG00000215305	VPS16	TK93	DEL	SV
ENSG00000215464	ENSG00000215464	TK10	DEL	SV
ENSG00000215472	RPL17-C18orf32	TK92	DEL	SV
ENSG00000215692	ENSG00000215692	TK91	DEL	SV
ENSG00000215717	TMEM167B	TK92	DEL	SV
ENSG00000215840	ENSG00000215840	TK14	DEL	SV
ENSG00000216141	MIR941-2	TK18	DEL	SV
ENSG00000216195	MIR941-4	TK18	DEL	SV
ENSG00000216352	ENSG00000216352	TK91	DEL	SV
ENSG00000216676	RPL8P1	TK92	DEL	SV
ENSG00000216775	ENSG00000216775	TK91	DEL	SV
ENSG00000216915	GPR89P	TK92	DEL	SV
ENSG00000217165	ANKRD18EP	TK14	DEL	SV
ENSG00000217512	ENSG00000217512	TK91	DEL	SV
ENSG00000217862	H4C10P	TK92	DEL	SV
ENSG00000218018	RBM38-AS1	TK93	DEL	SV
ENSG00000218069	RSL24D1P1	TK92	DEL	SV
ENSG00000218073	ENSG00000218073	TK14	DEL	SV
ENSG00000218281	H2AC9P	TK92	DEL	SV
ENSG00000218283	MORF4L1P1	TK13	DEL	SV
ENSG00000218416	GPC1-AS1	TK10	DEL	SV
ENSG00000219529	ENSG00000219529	TK14	DEL	SV
ENSG00000219608	HIGD1AP16	TK10	DEL	SV
ENSG00000219797	PPIAP9	TK92	DEL	SV
ENSG00000220248	ZNF402P	TK92	DEL	SV
ENSG00000220446	ENSG00000220446	TK14	DEL	SV
ENSG00000220695	ENSG00000220695	TK14	DEL	SV
ENSG00000220749	RPL21P28	TK14	DEL	SV
ENSG00000221093	ENSG00000221093	TK92	DEL	SV
ENSG00000221116	SNORD110	TK91	DEL	SV
ENSG00000221184	ENSG00000221184	TK10	DEL	SV
ENSG00000221190	MIR1184-2	TK91	DEL	SV
ENSG00000221263	MIR548P	TK13	DEL	SV
ENSG00000221518	RNU6ATAC16P	TK14	DEL	SV
ENSG00000221520	MIR1285-1	TK12	DEL	SV
ENSG00000221545	MIR1255B2	TK14	DEL	SV
ENSG00000221874	ZNF816-ZNF321P	TK91	DEL	SV
ENSG00000221926	TRIM16	TK14	DEL	SV
ENSG00000221947	XKR9	TK91	DEL	SV
ENSG00000222017	ENSG00000222017	TK13	DEL	SV
ENSG00000222249	RNU6-262P	TK13	DEL	SV
ENSG00000222345	SNORD19C	TK93	DEL	SV
ENSG00000222430	Y_RNA	TK13	DEL	SV
ENSG00000222432	Y_RNA	TK92	DEL	SV
ENSG00000222511	Y_RNA	TK10	DEL	SV
ENSG00000222604	ENSG00000222604	TK14	DEL	SV
ENSG00000222743	RNU6-1190P	TK14	DEL	SV
ENSG00000222790	RNU4-14P	TK92	DEL	SV
ENSG00000222810	RNU2-68P	TK14	DEL	SV
ENSG00000222895	RNU6-1133P	TK92	DEL	SV
ENSG00000222955	RNA5SP265	TK14	DEL	SV
ENSG00000223138	RNA5SP450	TK14	DEL	SV
ENSG00000223220	Y_RNA	TK91	DEL	SV
ENSG00000223284	RNU6-195P	TK92	DEL	SV
ENSG00000223324	RN7SKP273	TK14	DEL	SV
ENSG00000223356	ENSG00000223356	TK18	DEL	SV
ENSG00000223374	ENSG00000223374	TK18	DEL	SV
ENSG00000223379	ENSG00000223379	TK91	DEL	SV
ENSG00000223390	ENSG00000223390	TK14	DEL	SV
ENSG00000223443	USP17L2	TK92	DEL	SV
ENSG00000223475	VOPP1-DT	TK92	DEL	SV
ENSG00000223476	VN1R42P	TK93	DEL	SV
ENSG00000223505	RPL35AP5	TK92	DEL	SV
ENSG00000223506	SLC20A1P1	TK10	DEL	SV
ENSG00000223534	HLA-DQB1-AS1	TK13	DEL	SV
ENSG00000223576	ENSG00000223576	TK18	DEL	SV
ENSG00000223612	ENSG00000223612	TK92	DEL	SV
ENSG00000223631	LINC01120	TK12	DEL	SV
ENSG00000223702	ZDHHC20P2	TK92	DEL	SV
ENSG00000223705	NSUN5P1	TK91	DEL	SV
ENSG00000223734	LAPTM4A-DT	TK93	DEL	SV
ENSG00000223745	CCDC18-AS1	TK92	DEL	SV
ENSG00000223788	DIS3L2P1	TK92	DEL	SV
ENSG00000223799	IL10RB-DT	TK92	DEL	SV
ENSG00000223813	PRR15-DT	TK14	DEL	SV
ENSG00000223831	ENSG00000223831	TK12	DEL	SV
ENSG00000223863	LINC01805	TK12	DEL	SV
ENSG00000223865	HLA-DPB1	TK10	DEL	SV
ENSG00000223896	CCNJP2	TK13	DEL	SV
ENSG00000223951	H2ACP2	TK91	DEL	SV
ENSG00000223960	CHROMR	TK12	DEL	SV
ENSG00000224000	ENSG00000224000	TK91	DEL	SV
ENSG00000224051	CPTP	TK92	DEL	SV
ENSG00000224054	ENSG00000224054	TK91	DEL	SV
ENSG00000224072	VEZTP1	TK14	DEL	SV
ENSG00000224126	UBE2SP2	TK14	DEL	SV
ENSG00000224138	ENSG00000224138	TK10	DEL	SV
ENSG00000224177	LINC00570	TK91	DEL	SV
ENSG00000224203	RPS23P10	TK92	DEL	SV
ENSG00000224207	ENSG00000224207	TK91	DEL	SV
ENSG00000224228	ENSG00000224228	TK91	DEL	SV
ENSG00000224261	RPSAP18	TK91	DEL	SV
ENSG00000224272	ENSG00000224272	TK91	DEL	SV
ENSG00000224301	ENSG00000224301	TK92	DEL	SV
ENSG00000224315	RPL7P7	TK10	DEL	SV
ENSG00000224340	RPL21P21	TK91	DEL	SV
ENSG00000224361	ENSG00000224361	TK10	DEL	SV
ENSG00000224376	ENSG00000224376	TK91	DEL	SV
ENSG00000224409	ENSG00000224409	TK91	DEL	SV
ENSG00000224421	ATP5MFP1	TK13	DEL	SV
ENSG00000224430	MKRN5P	TK91	DEL	SV
ENSG00000224468	LAMC1-AS1	TK10	DEL	SV
ENSG00000224476	RPL36P16	TK13	DEL	SV
ENSG00000224516	ENSG00000224516	TK92	DEL	SV
ENSG00000224536	CSRP1-AS1	TK14	DEL	SV
ENSG00000224548	ENSG00000224548	TK91	DEL	SV
ENSG00000224597	SVIL-AS1	TK92	DEL	SV
ENSG00000224598	RPS5P2	TK13	DEL	SV
ENSG00000224635	ENSG00000224635	TK91	DEL	SV
ENSG00000224698	ENSG00000224698	TK92	DEL	SV
ENSG00000224729	PCOLCE-AS1	TK13	DEL	SV
ENSG00000224769	MUC20P1	TK92	DEL	SV
ENSG00000224792	IQCF4P	TK91	DEL	SV
ENSG00000224796	RPL32P1	TK10	DEL	SV
ENSG00000224797	ENSG00000224797	TK92	DEL	SV
ENSG00000224837	GCSHP5	TK14	DEL	SV
ENSG00000224895	VPS26BP1	TK14	DEL	SV
ENSG00000224901	ENSG00000224901	TK10	DEL	SV
ENSG00000224971	SUMO2P3	TK92	DEL	SV
ENSG00000224972	ENSG00000224972	TK91	DEL	SV
ENSG00000224973	LARGE-AS1	TK10	DEL	SV
ENSG00000225075	ENSG00000225075	TK14	DEL	SV
ENSG00000225091	SNORA71A	TK91	DEL	SV
ENSG00000225098	BCRP1	TK10	DEL	SV
ENSG00000225118	ENSG00000225118	TK14	DEL	SV
ENSG00000225173	ENSG00000225173	TK91	DEL	SV
ENSG00000225185	PPIAP8	TK92	DEL	SV
ENSG00000225190	PLEKHM1	TK13	DEL	SV
ENSG00000225193	RPS12P26	TK14	DEL	SV
ENSG00000225205	PDK1-AS1	TK91	DEL	SV
ENSG00000225216	ENSG00000225216	TK14	DEL	SV
ENSG00000225246	RPS2P1	TK92	DEL	SV
ENSG00000225279	ENSG00000225279	TK91	DEL	SV
ENSG00000225300	ENSG00000225300	TK91	DEL	SV
ENSG00000225338	RPL23AP18	TK10	DEL	SV
ENSG00000225364	ATP6V0E1P1	TK91	DEL	SV
ENSG00000225370	ENSG00000225370	TK91	DEL	SV
ENSG00000225391	NHEG1	TK93	DEL	SV
ENSG00000225447	RPS15AP10	TK10	DEL	SV
ENSG00000225450	ENSG00000225450	TK91	DEL	SV
ENSG00000225499	RPL15P4	TK92	DEL	SV
ENSG00000225573	RPL35P5	TK92	DEL	SV
ENSG00000225595	LINC01623	TK91	DEL	SV
ENSG00000225603	ENSG00000225603	TK92	DEL	SV
ENSG00000225616	ENSG00000225616	TK13	DEL	SV
ENSG00000225697	SLC26A6	TK92	DEL	SV
ENSG00000225721	ENSG00000225721	TK10	DEL	SV
ENSG00000225733	FGD5-AS1	TK93	DEL	SV
ENSG00000225768	LINC02620	TK93	DEL	SV
ENSG00000225791	TRAM2-AS1	TK14	DEL	SV
ENSG00000225839	TRMT2B-AS1	TK13	DEL	SV
ENSG00000225851	HLA-S	TK92	DEL	SV
ENSG00000225931	ENSG00000225931	TK13	DEL	SV
ENSG00000225952	ENSG00000225952	TK10	DEL	SV
ENSG00000226002	GTF2IP14	TK93	DEL	SV
ENSG00000226015	CCT8P1	TK92	DEL	SV
ENSG00000226030	HLA-DQB3	TK13	DEL	SV
ENSG00000226240	LINC00381	TK91	DEL	SV
ENSG00000226278	PSPHP1	TK92	DEL	SV
ENSG00000226329	ENSG00000226329	TK14	DEL	SV
ENSG00000226336	MRPS16P3	TK91	DEL	SV
ENSG00000226375	ENSG00000226375	TK91	DEL	SV
ENSG00000226421	SLC25A5P5	TK91	DEL	SV
ENSG00000226430	USP17L7	TK92	DEL	SV
ENSG00000226447	ZNF25-DT	TK92	DEL	SV
ENSG00000226501	USF1P1	TK92	DEL	SV
ENSG00000226526	ENSG00000226526	TK16	DEL	SV
ENSG00000226545	ENSG00000226545	TK10	DEL	SV
ENSG00000226562	CYP4F26P	TK91	DEL	SV
ENSG00000226578	ENSG00000226578	TK91	DEL	SV
ENSG00000226647	ENSG00000226647	TK92	DEL	SV
ENSG00000226695	ANKRD20A10P	TK18	DEL	SV
ENSG00000226763	SRRM5	TK93	DEL	SV
ENSG00000226803	ZNF451-AS1	TK13	DEL	SV
ENSG00000226807	MROH5	TK10	DEL	SV
ENSG00000226855	RPSAP17	TK92	DEL	SV
ENSG00000226874	TRPC6P10	TK92	DEL	SV
ENSG00000226945	RPL13AP8	TK91	DEL	SV
ENSG00000226961	PPIAP60	TK91	DEL	SV
ENSG00000226963	ENSG00000226963	TK16	DEL	SV
ENSG00000227018	IL6STP1	TK14	DEL	SV
ENSG00000227032	RPS2P36	TK13	DEL	SV
ENSG00000227045	ENSG00000227045	TK92	DEL	SV
ENSG00000227082	LINC02798	TK91	DEL	SV
ENSG00000227113	ENSG00000227113	TK93	DEL	SV
ENSG00000227177	AIMP1P2	TK91	DEL	SV
ENSG00000227181	LINC01688	TK14	DEL	SV
ENSG00000227183	HDGFP1	TK91	DEL	SV
ENSG00000227227	ENSG00000227227	TK92	DEL	SV
ENSG00000227242	ENSG00000227242	TK92	DEL	SV
ENSG00000227255	CDRT15P2	TK14	DEL	SV
ENSG00000227304	ENSG00000227304	TK92	DEL	SV
ENSG00000227382	EIF4A2P2	TK14	DEL	SV
ENSG00000227421	LINC01724	TK91	DEL	SV
ENSG00000227436	FCF1P1	TK13	DEL	SV
ENSG00000227495	KIF1C-AS1	TK13	DEL	SV
ENSG00000227512	ENSG00000227512	TK14	DEL	SV
ENSG00000227536	SOCS5P4	TK10	DEL	SV
ENSG00000227543	SPAG5-AS1	TK13	DEL	SV
ENSG00000227573	ENSG00000227573	TK14	DEL	SV
ENSG00000227741	ENSG00000227741	TK91	DEL	SV
ENSG00000227751	RCC2-AS1	TK91	DEL	SV
ENSG00000227782	ENSG00000227782	TK13	DEL	SV
ENSG00000227790	SPECC1P1	TK14	DEL	SV
ENSG00000227836	ENSG00000227836	TK16	DEL	SV
ENSG00000227864	ARL5AP1	TK92	DEL	SV
ENSG00000227892	OR5P4P	TK92	DEL	SV
ENSG00000227942	FRMD8P1	TK91	DEL	SV
ENSG00000228013	IL6R-AS1	TK92	DEL	SV
ENSG00000228054	RANP5	TK92	DEL	SV
ENSG00000228057	SEC63P1	TK14	DEL	SV
ENSG00000228170	ENSG00000228170	TK13	DEL	SV
ENSG00000228223	HCG11	TK92	DEL	SV
ENSG00000228274	ENSG00000228274	TK10	DEL	SV
ENSG00000228327	ENSG00000228327	TK10	DEL	SV
ENSG00000228369	TXNDC12-AS1	TK14	DEL	SV
ENSG00000228380	MYL6BP1	TK18	DEL	SV
ENSG00000228382	ITPKB-IT1	TK13	DEL	SV
ENSG00000228393	LINC01004	TK18	DEL	SV
ENSG00000228423	ENSG00000228423	TK10	DEL	SV
ENSG00000228432	DHFRP2	TK92	DEL	SV
ENSG00000228450	NLRP7P1	TK91	DEL	SV
ENSG00000228477	ENSG00000228477	TK13	DEL	SV
ENSG00000228485	GRK5-IT1	TK91	DEL	SV
ENSG00000228492	RAB11FIP1P1	TK91	DEL	SV
ENSG00000228496	ENSG00000228496	TK91	DEL	SV
ENSG00000228547	OR7E26P	TK92	DEL	SV
ENSG00000228554	ENSG00000228554	TK13	DEL	SV
ENSG00000228587	ENSG00000228587	TK91	DEL	SV
ENSG00000228606	DCAF8-DT	TK91	DEL	SV
ENSG00000228665	RPS27P6	TK92	DEL	SV
ENSG00000228742	LINC02577	TK13	DEL	SV
ENSG00000228763	LIMS1-AS1	TK13	DEL	SV
ENSG00000228789	HCG22	TK92	DEL	SV
ENSG00000228790	ENSG00000228790	TK91	DEL	SV
ENSG00000228794	LINC01128	TK13	DEL	SV
ENSG00000228812	LAMA5-AS1	TK92	DEL	SV
ENSG00000228826	ENSG00000228826	TK91	DEL	SV
ENSG00000228919	ENSG00000228919	TK10	DEL	SV
ENSG00000228923	ENSG00000228923	TK10	DEL	SV
ENSG00000228955	RPL7AP82	TK91	DEL	SV
ENSG00000228995	MTND1P9	TK14	DEL	SV
ENSG00000229027	HSFY1P1	TK92	DEL	SV
ENSG00000229044	ENSG00000229044	TK14	DEL	SV
ENSG00000229046	HMGN1P2	TK14	DEL	SV
ENSG00000229057	RPS3AP54	TK14	DEL	SV
ENSG00000229111	MED4-AS1	TK16	DEL	SV
ENSG00000229122	AGBL5-IT1	TK14	DEL	SV
ENSG00000229190	ENSG00000229190	TK91	DEL	SV
ENSG00000229204	PTGES3P3	TK13	DEL	SV
ENSG00000229221	HNRNPA1P66	TK91	DEL	SV
ENSG00000229294	ENSG00000229294	TK10	DEL	SV
ENSG00000229299	ZBTB46-AS2	TK91	DEL	SV
ENSG00000229314	ORM1	TK91	DEL	SV
ENSG00000229324	NUTF2P7	TK10	DEL	SV
ENSG00000229358	DPY19L1P1	TK91	DEL	SV
ENSG00000229391	HLA-DRB6	TK10	DEL	SV
ENSG00000229512	ENSG00000229512	TK10	DEL	SV
ENSG00000229567	ENSG00000229567	TK92	DEL	SV
ENSG00000229587	ENSG00000229587	TK14	DEL	SV
ENSG00000229635	ENSG00000229635	TK92	DEL	SV
ENSG00000229638	RPL4P4	TK91	DEL	SV
ENSG00000229697	FAM242E	TK91	DEL	SV
ENSG00000229780	UBE2Q1-AS1	TK12	DEL	SV
ENSG00000229852	KHDC1-AS1	TK14	DEL	SV
ENSG00000229863	RPL19P2	TK93	DEL	SV
ENSG00000229915	ENSG00000229915	TK13	DEL	SV
ENSG00000229953	BCAN-AS2	TK18	DEL	SV
ENSG00000229972	IQCF3	TK91	DEL	SV
ENSG00000229978	PRAMEF36P	TK92	DEL	SV
ENSG00000230044	CDK8P1	TK91	DEL	SV
ENSG00000230046	BIRC6-AS1	TK92	DEL	SV
ENSG00000230047	HIGD2AP1	TK91	DEL	SV
ENSG00000230063	ENSG00000230063	TK10	DEL	SV
ENSG00000230069	LRRC37A15P	TK91	DEL	SV
ENSG00000230071	RPL4P6	TK14	DEL	SV
ENSG00000230107	ENSG00000230107	TK91	DEL	SV
ENSG00000230122	ECEL1P3	TK92	DEL	SV
ENSG00000230124	ACBD6	TK91	DEL	SV
ENSG00000230154	AIDAP1	TK91	DEL	SV
ENSG00000230289	ENSG00000230289	TK10	DEL	SV
ENSG00000230320	BEND7P1	TK91	DEL	SV
ENSG00000230350	RPL35AP3	TK93	DEL	SV
ENSG00000230397	SPTLC1P1	TK91	DEL	SV
ENSG00000230415	LINC01786	TK92	DEL	SV
ENSG00000230470	ENSG00000230470	TK10	DEL	SV
ENSG00000230510	PPP5D1P	TK92	DEL	SV
ENSG00000230530	LIMD1-AS1	TK16	DEL	SV
ENSG00000230551	ENSG00000230551	TK14	DEL	SV
ENSG00000230581	ACTG1P14	TK91	DEL	SV
ENSG00000230583	GTF2IRD1P1	TK92	DEL	SV
ENSG00000230613	HM13-AS1	TK92	DEL	SV
ENSG00000230661	YY1P1	TK14	DEL	SV
ENSG00000230683	DDTP1	TK13	DEL	SV
ENSG00000230712	GGTLC4P	TK10	DEL	SV
ENSG00000230732	ENSG00000230732	TK92	DEL	SV
ENSG00000230769	RFKP4	TK14	DEL	SV
ENSG00000230790	ENSG00000230790	TK91	DEL	SV
ENSG00000230797	YY2	TK93	DEL	SV
ENSG00000230806	SRGAP2-AS1	TK91	DEL	SV
ENSG00000230832	SSBL4P	TK92	DEL	SV
ENSG00000230849	GOT2P2	TK91	DEL	SV
ENSG00000230876	LINC00486	TK91	DEL	SV
ENSG00000230911	PPIHP1	TK14	DEL	SV
ENSG00000230947	ENSG00000230947	TK10	DEL	SV
ENSG00000230952	LINC03037	TK91	DEL	SV
ENSG00000230994	FGFR3P1	TK92	DEL	SV
ENSG00000231007	CDC20P1	TK13	DEL	SV
ENSG00000231062	ENSG00000231062	TK10	DEL	SV
ENSG00000231073	ENSG00000231073	TK18	DEL	SV
ENSG00000231105	ECE1-AS1	TK10	DEL	SV
ENSG00000231210	COMETT	TK93	DEL	SV
ENSG00000231212	ENSG00000231212	TK91	DEL	SV
ENSG00000231270	COBLP1	TK92	DEL	SV
ENSG00000231317	ENSG00000231317	TK92	DEL	SV
ENSG00000231340	ACTG1P10	TK91	DEL	SV
ENSG00000231357	ENSG00000231357	TK10	DEL	SV
ENSG00000231365	WARS2-AS1	TK91	DEL	SV
ENSG00000231381	RNF2P1	TK14	DEL	SV
ENSG00000231384	NAP1L5P1	TK16	DEL	SV
ENSG00000231389	HLA-DPA1	TK16	DEL	SV
ENSG00000231394	ENSG00000231394	TK92	DEL	SV
ENSG00000231403	ENSG00000231403	TK91	DEL	SV
ENSG00000231530	ENSG00000231530	TK10	DEL	SV
ENSG00000231549	ATP5MKP1	TK91	DEL	SV
ENSG00000231584	FAHD2CP	TK13	DEL	SV
ENSG00000231615	ENSG00000231615	TK91	DEL	SV
ENSG00000231701	BMS1P13	TK91	DEL	SV
ENSG00000231741	ENSG00000231741	TK92	DEL	SV
ENSG00000231752	EMBP1	TK91	DEL	SV
ENSG00000231760	ENSG00000231760	TK14	DEL	SV
ENSG00000231782	LINC00575	TK92	DEL	SV
ENSG00000231789	PIK3CD-AS2	TK10	DEL	SV
ENSG00000231840	TMEM139-AS1	TK18	DEL	SV
ENSG00000231907	GAPDHP37	TK14	DEL	SV
ENSG00000231965	RPL17P29	TK18	DEL	SV
ENSG00000231995	RPL7AP76	TK91	DEL	SV
ENSG00000232021	LEF1-AS1	TK18	DEL	SV
ENSG00000232080	ENSG00000232080	TK13	DEL	SV
ENSG00000232081	LARGE-IT1	TK10	DEL	SV
ENSG00000232139	LINC00867	TK10	DEL	SV
ENSG00000232186	TERF1P7	TK92	DEL	SV
ENSG00000232217	FTLP8	TK18	DEL	SV
ENSG00000232303	DFFBP1	TK13	DEL	SV
ENSG00000232320	MXRA7P1	TK14	DEL	SV
ENSG00000232369	PPIAP35	TK91	DEL	SV
ENSG00000232420	IL9RP2	TK91	DEL	SV
ENSG00000232456	FAM131C2P	TK10	DEL	SV
ENSG00000232485	RPL37A-DT	TK18	DEL	SV
ENSG00000232546	ENSG00000232546	TK91	DEL	SV
ENSG00000232593	KANTR	TK91	DEL	SV
ENSG00000232613	LINC02576	TK13	DEL	SV
ENSG00000232629	HLA-DQB2	TK13	DEL	SV
ENSG00000232677	LINC00665	TK93	DEL	SV
ENSG00000232747	IGKV1D-35	TK10	DEL	SV
ENSG00000232751	ENSG00000232751	TK91	DEL	SV
ENSG00000232756	DDX3ILA1	TK92	DEL	SV
ENSG00000232787	OR7L1P	TK91	DEL	SV
ENSG00000232788	ITGA6-AS1	TK16	DEL	SV
ENSG00000232803	SLCO4A1-AS1	TK18	DEL	SV
ENSG00000232871	SEC1P	TK13	DEL	SV
ENSG00000232916	HMGN2P27	TK14	DEL	SV
ENSG00000232917	HSPE1P6	TK92	DEL	SV
ENSG00000232931	LINC00342	TK91	DEL	SV
ENSG00000232937	ENSG00000232937	TK92	DEL	SV
ENSG00000233002	TBC1D26-AS1	TK14	DEL	SV
ENSG00000233006	MIR3936HG	TK91	DEL	SV
ENSG00000233040	FAM204BP	TK10	DEL	SV
ENSG00000233058	ATP13A3-DT	TK14	DEL	SV
ENSG00000233061	TTLL7-IT1	TK10	DEL	SV
ENSG00000233090	ENSG00000233090	TK14	DEL	SV
ENSG00000233170	ENSG00000233170	TK14	DEL	SV
ENSG00000233175	FMNL1-AS1	TK12	DEL	SV
ENSG00000233193	ENSG00000233193	TK14	DEL	SV
ENSG00000233334	FAM53B-AS1	TK13	DEL	SV
ENSG00000233336	ENSG00000233336	TK92	DEL	SV
ENSG00000233343	ATP6V1G1P4	TK18	DEL	SV
ENSG00000233354	LINC00028	TK92	DEL	SV
ENSG00000233432	MTIF2P1	TK91	DEL	SV
ENSG00000233538	ENSG00000233538	TK91	DEL	SV
ENSG00000233559	LINC00513	TK91	DEL	SV
ENSG00000233603	JTBP1	TK13	DEL	SV
ENSG00000233606	OR6C66P	TK91	DEL	SV
ENSG00000233623	PGAM1P11	TK91	DEL	SV
ENSG00000233653	CICP7	TK91	DEL	SV
ENSG00000233685	OR6L1P	TK91	DEL	SV
ENSG00000233783	ENSG00000233783	TK10	DEL	SV
ENSG00000233836	ENSG00000233836	TK91	DEL	SV
ENSG00000233885	YEATS2-AS1	TK12	DEL	SV
ENSG00000233901	LINC01503	TK10	DEL	SV
ENSG00000233913	RPL10P9	TK13	DEL	SV
ENSG00000233932	CTXN2	TK18	DEL	SV
ENSG00000233977	ENSG00000233977	TK92	DEL	SV
ENSG00000233995	ENSG00000233995	TK92	DEL	SV
ENSG00000234019	ENSG00000234019	TK91	DEL	SV
ENSG00000234121	GPM6BP3	TK92	DEL	SV
ENSG00000234144	COX6CP13	TK10	DEL	SV
ENSG00000234202	H3P3	TK13	DEL	SV
ENSG00000234203	ENSG00000234203	TK10	DEL	SV
ENSG00000234225	ENSG00000234225	TK92	DEL	SV
ENSG00000234226	NDUFS5P2	TK10	DEL	SV
ENSG00000234315	OSTCP5	TK91	DEL	SV
ENSG00000234329	RPL7AP16	TK10	DEL	SV
ENSG00000234369	TATDN1P1	TK92	DEL	SV
ENSG00000234378	ENSG00000234378	TK93	DEL	SV
ENSG00000234396	ENSG00000234396	TK91	DEL	SV
ENSG00000234420	ZNF37BP	TK92	DEL	SV
ENSG00000234425	ENSG00000234425	TK91	DEL	SV
ENSG00000234436	ENSG00000234436	TK10	DEL	SV
ENSG00000234578	ENSG00000234578	TK16	DEL	SV
ENSG00000234585	CCT6P3	TK93	DEL	SV
ENSG00000234614	C2CD4D-AS1	TK10	DEL	SV
ENSG00000234619	RPL7P11	TK10	DEL	SV
ENSG00000234650	PCCA-AS1	TK14	DEL	SV
ENSG00000234790	NUTF2P4	TK14	DEL	SV
ENSG00000234793	ENSG00000234793	TK91	DEL	SV
ENSG00000234844	CDC42P2	TK92	DEL	SV
ENSG00000234882	EIF3EP1	TK14	DEL	SV
ENSG00000234890	HNRNPDLP2	TK91	DEL	SV
ENSG00000234907	ENSG00000234907	TK91	DEL	SV
ENSG00000234915	ENSG00000234915	TK10	DEL	SV
ENSG00000235018	RPL17P48	TK16	DEL	SV
ENSG00000235027	PRADX	TK10	DEL	SV
ENSG00000235035	ENSG00000235035	TK14	DEL	SV
ENSG00000235040	MTCO3P1	TK13	DEL	SV
ENSG00000235088	ENSG00000235088	TK16	DEL	SV
ENSG00000235128	ENSG00000235128	TK18	DEL	SV
ENSG00000235141	COX6CP17	TK16	DEL	SV
ENSG00000235151	ENSG00000235151	TK91	DEL	SV
ENSG00000235207	TUBBP6	TK92	DEL	SV
ENSG00000235224	ENSG00000235224	TK91	DEL	SV
ENSG00000235253	EEF1A1P50	TK91	DEL	SV
ENSG00000235262	KDM5C-IT1	TK18	DEL	SV
ENSG00000235286	ENSG00000235286	TK14	DEL	SV
ENSG00000235301	HLA-Z	TK93	DEL	SV
ENSG00000235313	HM13-IT1	TK92	DEL	SV
ENSG00000235316	DUSP8P5	TK93	DEL	SV
ENSG00000235328	RPL31P62	TK18	DEL	SV
ENSG00000235333	PVRIG2P	TK93	DEL	SV
ENSG00000235343	LINC01665	TK92	DEL	SV
ENSG00000235399	ENSG00000235399	TK93	DEL	SV
ENSG00000235408	SNORA71B	TK91	DEL	SV
ENSG00000235430	ZSWIM5P1	TK14	DEL	SV
ENSG00000235582	ENSG00000235582	TK10	DEL	SV
ENSG00000235623	OR7E110P	TK92	DEL	SV
ENSG00000235652	EPM2A-DT	TK14	DEL	SV
ENSG00000235659	ENSG00000235659	TK91	DEL	SV
ENSG00000235673	ENSG00000235673	TK10	DEL	SV
ENSG00000235695	HIGD2AP2	TK91	DEL	SV
ENSG00000235706	DICER1-AS1	TK10	DEL	SV
ENSG00000235730	OR2AF1P	TK91	DEL	SV
ENSG00000235863	B3GALT4	TK91	DEL	SV
ENSG00000235893	ENSG00000235893	TK91	DEL	SV
ENSG00000236022	ENSG00000236022	TK91	DEL	SV
ENSG00000236027	PATE3	TK93	DEL	SV
ENSG00000236047	RPL13AP12	TK14	DEL	SV
ENSG00000236217	C1DP2	TK92	DEL	SV
ENSG00000236278	PEBP1P3	TK14	DEL	SV
ENSG00000236377	ENSG00000236377	TK10	DEL	SV
ENSG00000236430	KRT8P29	TK92	DEL	SV
ENSG00000236450	ENSG00000236450	TK91	DEL	SV
ENSG00000236456	ENSG00000236456	TK92	DEL	SV
ENSG00000236484	RRM2P2	TK14	DEL	SV
ENSG00000236489	RPL34P10	TK91	DEL	SV
ENSG00000236519	LINC01424	TK92	DEL	SV
ENSG00000236582	PRPF38AP2	TK91	DEL	SV
ENSG00000236601	ENSG00000236601	TK91	DEL	SV
ENSG00000236646	LAMTOR5P1	TK92	DEL	SV
ENSG00000236670	KRT18P5	TK13	DEL	SV
ENSG00000236679	RPL23AP24	TK91	DEL	SV
ENSG00000236718	RBMY2QP	TK18	DEL	SV
ENSG00000236806	RPL7AP15	TK92	DEL	SV
ENSG00000236854	ENSG00000236854	TK91	DEL	SV
ENSG00000236867	ENSG00000236867	TK91	DEL	SV
ENSG00000236896	ENSG00000236896	TK14	DEL	SV
ENSG00000236924	ENSG00000236924	TK14	DEL	SV
ENSG00000236940	ENSG00000236940	TK92	DEL	SV
ENSG00000236953	ZDHHC20-IT1	TK10	DEL	SV
ENSG00000236993	GAPDHP21	TK91	DEL	SV
ENSG00000237015	ENSG00000237015	TK93	DEL	SV
ENSG00000237025	PARD6BP1	TK91	DEL	SV
ENSG00000237039	RPS28P4	TK91	DEL	SV
ENSG00000237057	LINC02087	TK14	DEL	SV
ENSG00000237087	ENSG00000237087	TK92	DEL	SV
ENSG00000237094	ENSG00000237094	TK91	DEL	SV
ENSG00000237188	ENSG00000237188	TK92	DEL	SV
ENSG00000237208	ENSG00000237208	TK92	DEL	SV
ENSG00000237225	OR13K1P	TK91	DEL	SV
ENSG00000237297	ENSG00000237297	TK91	DEL	SV
ENSG00000237331	XIAP-AS1	TK91	DEL	SV
ENSG00000237347	ENSG00000237347	TK14	DEL	SV
ENSG00000237353	PATE4	TK93	DEL	SV
ENSG00000237385	ENSG00000237385	TK10	DEL	SV
ENSG00000237390	ENSG00000237390	TK92	DEL	SV
ENSG00000237441	RGL2	TK91	DEL	SV
ENSG00000237470	DCLRE1CP1	TK92	DEL	SV
ENSG00000237541	HLA-DQA2	TK13	DEL	SV
ENSG00000237588	ENSG00000237588	TK18	DEL	SV
ENSG00000237623	NICN2P	TK91	DEL	SV
ENSG00000237624	OXCT2P1	TK10	DEL	SV
ENSG00000237672	KRR1P1	TK13	DEL	SV
ENSG00000237718	ENSG00000237718	TK14	DEL	SV
ENSG00000237742	HEY2-AS1	TK18	DEL	SV
ENSG00000237747	EIF3JP3	TK93	DEL	SV
ENSG00000237799	CICP11	TK92	DEL	SV
ENSG00000237835	ENSG00000237835	TK92	DEL	SV
ENSG00000237875	ENSG00000237875	TK13	DEL	SV
ENSG00000237904	ENSG00000237904	TK91	DEL	SV
ENSG00000237920	ENSG00000237920	TK92	DEL	SV
ENSG00000237972	TUBG1P	TK14	DEL	SV
ENSG00000237978	KCNMB2-AS1	TK14	DEL	SV
ENSG00000238018	SPTBN1-AS2	TK91	DEL	SV
ENSG00000238045	MVP-DT	TK91	DEL	SV
ENSG00000238084	ENSG00000238084	TK14	DEL	SV
ENSG00000238118	SLC25A24P2	TK92	DEL	SV
ENSG00000238164	TNFRSF14-AS1	TK13	DEL	SV
ENSG00000238207	ENSG00000238207	TK92	DEL	SV
ENSG00000238211	POLR2LP1	TK92	DEL	SV
ENSG00000238251	NSA2P7	TK14	DEL	SV
ENSG00000238444	RNU6-893P	TK14	DEL	SV
ENSG00000238551	RNU6-1193P	TK92	DEL	SV
ENSG00000238558	RNU7-21P	TK91	DEL	SV
ENSG00000238658	RNU6-625P	TK91	DEL	SV
ENSG00000238711	RNY4P25	TK14	DEL	SV
ENSG00000238749	Y_RNA	TK91	DEL	SV
ENSG00000238854	ENSG00000238854	TK10	DEL	SV
ENSG00000238886	SNORD121A	TK92	DEL	SV
ENSG00000238934	ENSG00000238934	TK93	DEL	SV
ENSG00000238966	ENSG00000238966	TK10	DEL	SV
ENSG00000239078	RNU7-55P	TK91	DEL	SV
ENSG00000239082	RNU7-170P	TK14	DEL	SV
ENSG00000239096	ENSG00000239096	TK13	DEL	SV
ENSG00000239149	SNORA59A	TK91	DEL	SV
ENSG00000239152	RNA5SP310	TK92	DEL	SV
ENSG00000239183	SNORA84	TK18	DEL	SV
ENSG00000239255	RPL29P34	TK91	DEL	SV
ENSG00000239305	RNF103	TK92	DEL	SV
ENSG00000239388	ASB14	TK93	DEL	SV
ENSG00000239415	ENSG00000239415	TK93	DEL	SV
ENSG00000239419	RN7SL535P	TK12	DEL	SV
ENSG00000239435	KCNMB3P1	TK92	DEL	SV
ENSG00000239626	RPSAP41	TK14	DEL	SV
ENSG00000239718	HLTF-AS1	TK92	DEL	SV
ENSG00000239779	WBP1	TK93	DEL	SV
ENSG00000239783	ENSG00000239783	TK14	DEL	SV
ENSG00000239808	RN7SL255P	TK91	DEL	SV
ENSG00000239883	PARGP1	TK92	DEL	SV
ENSG00000239899	RN7SL674P	TK91	DEL	SV
ENSG00000239975	IGKV1D-33	TK10	DEL	SV
ENSG00000239985	ENSG00000239985	TK93	DEL	SV
ENSG00000240096	ENSG00000240096	TK13	DEL	SV
ENSG00000240098	RN7SL351P	TK10	DEL	SV
ENSG00000240122	FABP5P11	TK92	DEL	SV
ENSG00000240197	ENSG00000240197	TK10	DEL	SV
ENSG00000240231	RPS27P29	TK92	DEL	SV
ENSG00000240322	RN7SL481P	TK93	DEL	SV
ENSG00000240399	ENSG00000240399	TK16	DEL	SV
ENSG00000240445	FOXO3B	TK14	DEL	SV
ENSG00000240470	RN7SL346P	TK93	DEL	SV
ENSG00000240494	RPS12P28	TK13	DEL	SV
ENSG00000240509	RPL34P18	TK91	DEL	SV
ENSG00000240591	ENSG00000240591	TK18	DEL	SV
ENSG00000240624	RPL17P4	TK91	DEL	SV
ENSG00000240634	ENSG00000240634	TK91	DEL	SV
ENSG00000240682	ISY1	TK10	DEL	SV
ENSG00000240723	RN7SL382P	TK92	DEL	SV
ENSG00000240733	RN7SL502P	TK10	DEL	SV
ENSG00000240821	RPL9P25	TK16	DEL	SV
ENSG00000240849	PEDS1	TK91	DEL	SV
ENSG00000240853	RN7SL328P	TK10	DEL	SV
ENSG00000241008	RPL7AP55	TK92	DEL	SV
ENSG00000241035	ENSG00000241035	TK16	DEL	SV
ENSG00000241120	HMGN1P8	TK14	DEL	SV
ENSG00000241170	RPL31P46	TK91	DEL	SV
ENSG00000241188	RN7SL165P	TK13	DEL	SV
ENSG00000241250	RPL17P20	TK91	DEL	SV
ENSG00000241294	IGKV2-24	TK16	DEL	SV
ENSG00000241461	RN7SL182P	TK14	DEL	SV
ENSG00000241527	CA15P1	TK91	DEL	SV
ENSG00000241547	ACTG1P20	TK14	DEL	SV
ENSG00000241553	ARPC4	TK16	DEL	SV
ENSG00000241631	RN7SL316P	TK91	DEL	SV
ENSG00000241651	RPL15P8	TK14	DEL	SV
ENSG00000241717	VWFP1	TK92	DEL	SV
ENSG00000241785	RN7SL390P	TK10	DEL	SV
ENSG00000241828	ENSG00000241828	TK91	DEL	SV
ENSG00000241884	ENSG00000241884	TK92	DEL	SV
ENSG00000241913	RPS29P21	TK13	DEL	SV
ENSG00000241935	HOGA1	TK91	DEL	SV
ENSG00000241981	RPL21P49	TK91	DEL	SV
ENSG00000241992	RN7SL831P	TK10	DEL	SV
ENSG00000242101	RN7SL416P	TK13	DEL	SV
ENSG00000242135	RPL17P2	TK92	DEL	SV
ENSG00000242156	ENSG00000242156	TK91	DEL	SV
ENSG00000242252	BGLAP	TK92	DEL	SV
ENSG00000242262	RPL15P7	TK91	DEL	SV
ENSG00000242288	BMS1P4-AGAP5	TK93	DEL	SV
ENSG00000242291	RPL36AP51	TK92	DEL	SV
ENSG00000242307	RPS26P52	TK92	DEL	SV
ENSG00000242338	BMS1P4	TK93	DEL	SV
ENSG00000242396	ENSG00000242396	TK92	DEL	SV
ENSG00000242405	RPL21P100	TK92	DEL	SV
ENSG00000242411	ENSG00000242411	TK91	DEL	SV
ENSG00000242522	KLHL6-AS1	TK18	DEL	SV
ENSG00000242539	ENSG00000242539	TK91	DEL	SV
ENSG00000242602	RPL35AP13	TK14	DEL	SV
ENSG00000242612	DECR2	TK13	DEL	SV
ENSG00000242853	RN7SL749P	TK91	DEL	SV
ENSG00000242860	RN7SL180P	TK92	DEL	SV
ENSG00000242876	RN7SL812P	TK13	DEL	SV
ENSG00000242999	RN7SL239P	TK91	DEL	SV
ENSG00000243005	RN7SL16P	TK16	DEL	SV
ENSG00000243018	ENSG00000243018	TK10	DEL	SV
ENSG00000243094	RPL32P2	TK10	DEL	SV
ENSG00000243107	ENSG00000243107	TK12	DEL	SV
ENSG00000243224	TWF2-DT	TK16	DEL	SV
ENSG00000243238	IGKV2-30	TK16	DEL	SV
ENSG00000243260	RN7SL558P	TK92	DEL	SV
ENSG00000243305	ENSG00000243305	TK14	DEL	SV
ENSG00000243314	RPS12P7	TK91	DEL	SV
ENSG00000243335	KCTD7	TK92	DEL	SV
ENSG00000243373	RN7SL173P	TK13	DEL	SV
ENSG00000243404	RPL35AP32	TK16	DEL	SV
ENSG00000243433	ENSG00000243433	TK18	DEL	SV
ENSG00000243498	UBA52P5	TK13	DEL	SV
ENSG00000243532	RN7SL19P	TK91	DEL	SV
ENSG00000243646	IL10RB	TK92	DEL	SV
ENSG00000243686	RPLP1P11	TK13	DEL	SV
ENSG00000243723	RN7SL393P	TK91	DEL	SV
ENSG00000243847	RN7SL610P	TK10	DEL	SV
ENSG00000243896	OR2A7	TK13	DEL	SV
ENSG00000243904	RPSAP5	TK91	DEL	SV
ENSG00000243910	TUBA4B	TK10	DEL	SV
ENSG00000243967	NBPF5P	TK92	DEL	SV
ENSG00000244005	NFS1	TK18	DEL	SV
ENSG00000244116	IGKV2-28	TK16	DEL	SV
ENSG00000244198	ARHGEF35-AS1	TK13	DEL	SV
ENSG00000244256	RN7SL130P	TK14	DEL	SV
ENSG00000244280	ECEL1P2	TK92	DEL	SV
ENSG00000244307	RN7SL395P	TK91	DEL	SV
ENSG00000244346	C9orf85P2	TK91	DEL	SV
ENSG00000244357	RN7SL145P	TK18	DEL	SV
ENSG00000244371	PFN1P8	TK92	DEL	SV
ENSG00000244380	ENSG00000244380	TK12	DEL	SV
ENSG00000244391	RN7SL330P	TK18	DEL	SV
ENSG00000244480	ENSG00000244480	TK92	DEL	SV
ENSG00000244540	RPL35AP29	TK93	DEL	SV
ENSG00000244575	IGKV1-27	TK16	DEL	SV
ENSG00000244593	ENSG00000244593	TK92	DEL	SV
ENSG00000244671	RN7SL280P	TK10	DEL	SV
ENSG00000244675	ENSG00000244675	TK14	DEL	SV
ENSG00000244691	RPL10AP1	TK91	DEL	SV
ENSG00000245067	IGFBP7-AS1	TK13	DEL	SV
ENSG00000245148	ARAP1-AS2	TK16	DEL	SV
ENSG00000245205	EEF1A1P4	TK13	DEL	SV
ENSG00000245248	USP2-AS1	TK18	DEL	SV
ENSG00000245598	DACT3-AS1	TK92	DEL	SV
ENSG00000245667	ENSG00000245667	TK10	DEL	SV
ENSG00000245680	ZNF585B	TK91	DEL	SV
ENSG00000245711	NADK2-AS1	TK14	DEL	SV
ENSG00000245864	MEF2C-AS2	TK91	DEL	SV
ENSG00000246130	ENSG00000246130	TK92	DEL	SV
ENSG00000246263	UBR5-DT	TK91	DEL	SV
ENSG00000246366	LACTB2-AS1	TK91	DEL	SV
ENSG00000246451	KLC1-AS1	TK10	DEL	SV
ENSG00000246465	ENSG00000246465	TK91	DEL	SV
ENSG00000247049	ENSG00000247049	TK14	DEL	SV
ENSG00000247095	MIR210HG	TK91	DEL	SV
ENSG00000247213	LINC01498	TK91	DEL	SV
ENSG00000247317	LY6E-DT	TK93	DEL	SV
ENSG00000247596	TWF2	TK14	DEL	SV
ENSG00000247626	MARS2	TK13	DEL	SV
ENSG00000247679	ENSG00000247679	TK16	DEL	SV
ENSG00000247735	KCTD13-DT	TK91	DEL	SV
ENSG00000247877	FAM174A-DT	TK91	DEL	SV
ENSG00000247911	HMGN1P12	TK91	DEL	SV
ENSG00000248113	PTPN11P5	TK92	DEL	SV
ENSG00000248121	SMURF2P1	TK91	DEL	SV
ENSG00000248155	ENSG00000248155	TK10	DEL	SV
ENSG00000248319	LINC02275	TK13	DEL	SV
ENSG00000248399	ENSG00000248399	TK91	DEL	SV
ENSG00000248401	ENSG00000248401	TK92	DEL	SV
ENSG00000248405	PRR5-ARHGAP8	TK18	DEL	SV
ENSG00000248485	PCP4L1	TK14	DEL	SV
ENSG00000248492	ZFAT-AS1	TK10	DEL	SV
ENSG00000248503	C4orf46P2	TK13	DEL	SV
ENSG00000248538	PPP1R3B-DT	TK91	DEL	SV
ENSG00000248555	LINC01339	TK91	DEL	SV
ENSG00000248590	GLDCP1	TK91	DEL	SV
ENSG00000248625	ENSG00000248625	TK13	DEL	SV
ENSG00000248668	OXCT1-AS1	TK13	DEL	SV
ENSG00000248779	ENSG00000248779	TK91	DEL	SV
ENSG00000248971	KRT8P46	TK91	DEL	SV
ENSG00000248973	ENSG00000248973	TK92	DEL	SV
ENSG00000249019	ENSG00000249019	TK92	DEL	SV
ENSG00000249025	ZNF519P4	TK92	DEL	SV
ENSG00000249086	ENSG00000249086	TK16	DEL	SV
ENSG00000249094	ENSG00000249094	TK91	DEL	SV
ENSG00000249098	CSRP2P2	TK10	DEL	SV
ENSG00000249115	HAUS5	TK12	DEL	SV
ENSG00000249203	LINC02224	TK91	DEL	SV
ENSG00000249210	GAPDHP38	TK92	DEL	SV
ENSG00000249240	ENSG00000249240	TK18	DEL	SV
ENSG00000249242	TMEM150C	TK92	DEL	SV
ENSG00000249263	PARP4P3	TK92	DEL	SV
ENSG00000249274	PDLIM1P4	TK10	DEL	SV
ENSG00000249288	SLC25A15P5	TK92	DEL	SV
ENSG00000249348	UGDH-AS1	TK92	DEL	SV
ENSG00000249372	ATP6V1G1P6	TK13	DEL	SV
ENSG00000249379	GCLC-AS1	TK16	DEL	SV
ENSG00000249425	LINC02477	TK91	DEL	SV
ENSG00000249453	ENSG00000249453	TK91	DEL	SV
ENSG00000249459	ZNF286B	TK14	DEL	SV
ENSG00000249502	MED28-DT	TK14	DEL	SV
ENSG00000249572	TARS1-DT	TK91	DEL	SV
ENSG00000249602	ENSG00000249602	TK92	DEL	SV
ENSG00000249637	ANKHD1-DT	TK92	DEL	SV
ENSG00000249691	DPPA4P2	TK18	DEL	SV
ENSG00000249693	THEGL	TK91	DEL	SV
ENSG00000249743	ENSG00000249743	TK16	DEL	SV
ENSG00000249803	ENSG00000249803	TK13	DEL	SV
ENSG00000249850	KRT18P31	TK13	DEL	SV
ENSG00000249947	XBP1P1	TK16	DEL	SV
ENSG00000249955	ENSG00000249955	TK13	DEL	SV
ENSG00000249960	ENSG00000249960	TK92	DEL	SV
ENSG00000249967	ENSG00000249967	TK91	DEL	SV
ENSG00000249986	YWHAQP6	TK16	DEL	SV
ENSG00000250012	SLC41A3-AS1	TK10	DEL	SV
ENSG00000250013	ZP3P1	TK10	DEL	SV
ENSG00000250027	ENSG00000250027	TK91	DEL	SV
ENSG00000250057	ENSG00000250057	TK92	DEL	SV
ENSG00000250130	GAPDHP43	TK16	DEL	SV
ENSG00000250137	ENSG00000250137	TK91	DEL	SV
ENSG00000250151	ARPC4-TTLL3	TK16	DEL	SV
ENSG00000250186	ENSG00000250186	TK16	DEL	SV
ENSG00000250322	ENSG00000250322	TK14	DEL	SV
ENSG00000250325	IGBP1P4	TK92	DEL	SV
ENSG00000250377	ENSG00000250377	TK91	DEL	SV
ENSG00000250384	UBE2CP3	TK13	DEL	SV
ENSG00000250397	ENSG00000250397	TK91	DEL	SV
ENSG00000250418	ENSG00000250418	TK91	DEL	SV
ENSG00000250423	KIAA1210	TK92	DEL	SV
ENSG00000250433	CLSTN2-AS1	TK91	DEL	SV
ENSG00000250462	LRRC37BP1	TK91	DEL	SV
ENSG00000250506	CDK3	TK91	DEL	SV
ENSG00000250555	ENSG00000250555	TK91	DEL	SV
ENSG00000250575	ENSG00000250575	TK91	DEL	SV
ENSG00000250644	ENSG00000250644	TK10	DEL	SV
ENSG00000250659	ENSG00000250659	TK13	DEL	SV
ENSG00000250677	ENSG00000250677	TK92	DEL	SV
ENSG00000250708	LINC02269	TK92	DEL	SV
ENSG00000250734	ENSG00000250734	TK13	DEL	SV
ENSG00000250767	ENSG00000250767	TK10	DEL	SV
ENSG00000250769	ENSG00000250769	TK93	DEL	SV
ENSG00000250848	PPP4R2P1	TK13	DEL	SV
ENSG00000250892	ENSG00000250892	TK91	DEL	SV
ENSG00000250903	GMDS-DT	TK91	DEL	SV
ENSG00000250909	ENSG00000250909	TK10	DEL	SV
ENSG00000250917	ENSG00000250917	TK92	DEL	SV
ENSG00000250959	GLUD1P3	TK93	DEL	SV
ENSG00000250997	ENSG00000250997	TK91	DEL	SV
ENSG00000251056	ANKRD20A17P	TK93	DEL	SV
ENSG00000251141	MRPS30-DT	TK91	DEL	SV
ENSG00000251188	ENSG00000251188	TK91	DEL	SV
ENSG00000251200	ENSG00000251200	TK13	DEL	SV
ENSG00000251234	PSMA2P2	TK91	DEL	SV
ENSG00000251288	ENSG00000251288	TK91	DEL	SV
ENSG00000251292	ERVH-1	TK91	DEL	SV
ENSG00000251354	ENSG00000251354	TK14	DEL	SV
ENSG00000251381	LINC00958	TK18	DEL	SV
ENSG00000251431	ENSG00000251431	TK10	DEL	SV
ENSG00000251484	ENSG00000251484	TK92	DEL	SV
ENSG00000251485	NRBF2P6	TK92	DEL	SV
ENSG00000251562	MALAT1	TK93	DEL	SV
ENSG00000251579	ENSG00000251579	TK10	DEL	SV
ENSG00000251595	ABCA11P	TK92	DEL	SV
ENSG00000251661	ENSG00000251661	TK10	DEL	SV
ENSG00000251669	FAM86EP	TK14	DEL	SV
ENSG00000251689	ENSG00000251689	TK91	DEL	SV
ENSG00000251706	RNU7-61P	TK10	DEL	SV
ENSG00000251718	RNU2-13P	TK91	DEL	SV
ENSG00000251779	Y_RNA	TK14	DEL	SV
ENSG00000251785	RNA5SP20	TK14	DEL	SV
ENSG00000251807	RNU6-202P	TK13	DEL	SV
ENSG00000251829	RNA5SP436	TK14	DEL	SV
ENSG00000251866	SCARNA21B	TK16	DEL	SV
ENSG00000251916	RNU1-61P	TK10	DEL	SV
ENSG00000251922	ENSG00000251922	TK13	DEL	SV
ENSG00000251972	RNU6-123P	TK10	DEL	SV
ENSG00000252003	RNU7-154P	TK13	DEL	SV
ENSG00000252021	Y_RNA	TK13	DEL	SV
ENSG00000252026	RNU6-1262P	TK16	DEL	SV
ENSG00000252066	RNU2-53P	TK91	DEL	SV
ENSG00000252072	RNA5SP320	TK93	DEL	SV
ENSG00000252082	RNU6-547P	TK16	DEL	SV
ENSG00000252133	SNORA70	TK91	DEL	SV
ENSG00000252156	RNU6-155P	TK10	DEL	SV
ENSG00000252157	RNU6-479P	TK14	DEL	SV
ENSG00000252218	ENSG00000252218	TK14	DEL	SV
ENSG00000252236	ENSG00000252236	TK92	DEL	SV
ENSG00000252294	RNU6-589P	TK91	DEL	SV
ENSG00000252341	Y_RNA	TK13	DEL	SV
ENSG00000252429	RNU7-29P	TK13	DEL	SV
ENSG00000252461	ENSG00000252461	TK91	DEL	SV
ENSG00000252464	RN7SKP70	TK14	DEL	SV
ENSG00000252503	RNU6-531P	TK92	DEL	SV
ENSG00000252507	RNU7-81P	TK92	DEL	SV
ENSG00000252542	SNORD36C	TK92	DEL	SV
ENSG00000252591	RNA5SP468	TK92	DEL	SV
ENSG00000252627	RNU6-122P	TK91	DEL	SV
ENSG00000252644	RNU7-30P	TK91	DEL	SV
ENSG00000252796	RNU7-11P	TK92	DEL	SV
ENSG00000252804	RNU6-958P	TK13	DEL	SV
ENSG00000252857	RNU6-389P	TK92	DEL	SV
ENSG00000252894	Y_RNA	TK10	DEL	SV
ENSG00000252908	RNU6-1003P	TK10	DEL	SV
ENSG00000252975	Y_RNA	TK92	DEL	SV
ENSG00000252994	RNU6-1231P	TK14	DEL	SV
ENSG00000253007	SNORA50B	TK10	DEL	SV
ENSG00000253021	RNU6-902P	TK91	DEL	SV
ENSG00000253039	RNA5SP47	TK91	DEL	SV
ENSG00000253054	RNU7-77P	TK18	DEL	SV
ENSG00000253191	IGKV1D-32	TK10	DEL	SV
ENSG00000253200	ENSG00000253200	TK93	DEL	SV
ENSG00000253202	IGKV3-25	TK16	DEL	SV
ENSG00000253229	HIGD1AP6	TK14	DEL	SV
ENSG00000253252	ENSG00000253252	TK91	DEL	SV
ENSG00000253274	IGHV1-67	TK10	DEL	SV
ENSG00000253321	ENSG00000253321	TK91	DEL	SV
ENSG00000253328	SUMO2P19	TK91	DEL	SV
ENSG00000253330	ENSG00000253330	TK14	DEL	SV
ENSG00000253417	LINC02159	TK92	DEL	SV
ENSG00000253501	IGKV3D-34	TK10	DEL	SV
ENSG00000253578	IGKV1-22	TK16	DEL	SV
ENSG00000253605	HNRNPA1P38	TK10	DEL	SV
ENSG00000253612	WBP1LP3	TK91	DEL	SV
ENSG00000253616	CHILL1	TK92	DEL	SV
ENSG00000253620	ENSG00000253620	TK91	DEL	SV
ENSG00000253625	IGKV2-23	TK16	DEL	SV
ENSG00000253635	IGHVIII-67-3	TK10	DEL	SV
ENSG00000253651	SOD1P3	TK12	DEL	SV
ENSG00000253735	ENSG00000253735	TK91	DEL	SV
ENSG00000253738	OTUD6B-AS1	TK10	DEL	SV
ENSG00000253739	RNU6-323P	TK14	DEL	SV
ENSG00000253796	ENSG00000253796	TK18	DEL	SV
ENSG00000253820	IGHVII-67-1	TK10	DEL	SV
ENSG00000253887	ENSG00000253887	TK91	DEL	SV
ENSG00000253896	ENSG00000253896	TK91	DEL	SV
ENSG00000253910	PCDHGB2	TK92	DEL	SV
ENSG00000253937	NATP	TK92	DEL	SV
ENSG00000253965	ENSG00000253965	TK92	DEL	SV
ENSG00000253971	CDC42P3	TK93	DEL	SV
ENSG00000253998	IGKV2-29	TK16	DEL	SV
ENSG00000253999	IGKV3D-31	TK10	DEL	SV
ENSG00000254036	IGHVIII-67-2	TK10	DEL	SV
ENSG00000254042	SLIT3-AS2	TK13	DEL	SV
ENSG00000254052	IGHVIII-67-4	TK10	DEL	SV
ENSG00000254056	IGHV3-71	TK10	DEL	SV
ENSG00000254057	ENSG00000254057	TK91	DEL	SV
ENSG00000254065	ENSG00000254065	TK14	DEL	SV
ENSG00000254088	SLC2A3P4	TK14	DEL	SV
ENSG00000254091	ENSG00000254091	TK91	DEL	SV
ENSG00000254098	IGKV2-26	TK16	DEL	SV
ENSG00000254099	ENSG00000254099	TK18	DEL	SV
ENSG00000254192	ENSG00000254192	TK13	DEL	SV
ENSG00000254193	ENSG00000254193	TK91	DEL	SV
ENSG00000254211	LINC01485	TK16	DEL	SV
ENSG00000254216	ENSG00000254216	TK92	DEL	SV
ENSG00000254222	ENSG00000254222	TK92	DEL	SV
ENSG00000254230	ENSG00000254230	TK10	DEL	SV
ENSG00000254237	ENSG00000254237	TK91	DEL	SV
ENSG00000254245	PCDHGA3	TK92	DEL	SV
ENSG00000254274	TDGF1P5	TK13	DEL	SV
ENSG00000254328	ENSG00000254328	TK92	DEL	SV
ENSG00000254387	MYL12AP1	TK91	DEL	SV
ENSG00000254388	DUTP2	TK14	DEL	SV
ENSG00000254445	HSPB2-C11orf52	TK92	DEL	SV
ENSG00000254450	ALG9-IT1	TK92	DEL	SV
ENSG00000254492	ENSG00000254492	TK91	DEL	SV
ENSG00000254533	ENSG00000254533	TK91	DEL	SV
ENSG00000254556	ENSG00000254556	TK18	DEL	SV
ENSG00000254560	BBOX1-AS1	TK92	DEL	SV
ENSG00000254618	TMED10P1	TK91	DEL	SV
ENSG00000254673	ENSG00000254673	TK92	DEL	SV
ENSG00000254676	ENSG00000254676	TK93	DEL	SV
ENSG00000254682	ENSG00000254682	TK12	DEL	SV
ENSG00000254686	ENSG00000254686	TK92	DEL	SV
ENSG00000254718	ENSG00000254718	TK92	DEL	SV
ENSG00000254730	ENSG00000254730	TK13	DEL	SV
ENSG00000254739	ENSG00000254739	TK91	DEL	SV
ENSG00000254765	ENSG00000254765	TK10	DEL	SV
ENSG00000254815	LMNTD2-AS1	TK91	DEL	SV
ENSG00000254866	DEFB109D	TK92	DEL	SV
ENSG00000254887	POU2F2-AS1	TK91	DEL	SV
ENSG00000254923	ENSG00000254923	TK92	DEL	SV
ENSG00000254936	ENSG00000254936	TK18	DEL	SV
ENSG00000254951	ENSG00000254951	TK92	DEL	SV
ENSG00000254964	ENSG00000254964	TK92	DEL	SV
ENSG00000254990	ENSG00000254990	TK92	DEL	SV
ENSG00000254995	STX16-NPEPL1	TK14	DEL	SV
ENSG00000255000	ENSG00000255000	TK91	DEL	SV
ENSG00000255037	PLA2G10EP	TK92	DEL	SV
ENSG00000255040	MORF4L1P3	TK91	DEL	SV
ENSG00000255052	FAM66D	TK92	DEL	SV
ENSG00000255085	ENSG00000255085	TK91	DEL	SV
ENSG00000255104	ZNF286A-TBC1D26	TK14	DEL	SV
ENSG00000255108	ENSG00000255108	TK91	DEL	SV
ENSG00000255142	ENSG00000255142	TK91	DEL	SV
ENSG00000255150	EID3	TK14	DEL	SV
ENSG00000255151	GLYATL1B	TK91	DEL	SV
ENSG00000255152	MSH5-SAPCD1	TK18	DEL	SV
ENSG00000255156	RNY1P9	TK13	DEL	SV
ENSG00000255164	ENSG00000255164	TK91	DEL	SV
ENSG00000255182	ENSG00000255182	TK10	DEL	SV
ENSG00000255253	ENSG00000255253	TK92	DEL	SV
ENSG00000255277	ABCC6P2	TK92	DEL	SV
ENSG00000255284	GATD1-DT	TK91	DEL	SV
ENSG00000255306	ENSG00000255306	TK13	DEL	SV
ENSG00000255339	ENSG00000255339	TK91	DEL	SV
ENSG00000255340	ENSG00000255340	TK18	DEL	SV
ENSG00000255356	ENSG00000255356	TK91	DEL	SV
ENSG00000255379	CYCSP29	TK13	DEL	SV
ENSG00000255432	ENSG00000255432	TK92	DEL	SV
ENSG00000255456	ENSG00000255456	TK91	DEL	SV
ENSG00000255458	SMIM14-DT	TK92	DEL	SV
ENSG00000255464	SEPTIN14P8	TK91	DEL	SV
ENSG00000255524	NPIPB8	TK92	DEL	SV
ENSG00000255530	ENSG00000255530	TK91	DEL	SV
ENSG00000255547	RPA2P3	TK91	DEL	SV
ENSG00000255559	ZNF252P-AS1	TK91	DEL	SV
ENSG00000255561	FDXACB1	TK92	DEL	SV
ENSG00000255622	PCDHB17P	TK92	DEL	SV
ENSG00000255647	ENSG00000255647	TK91	DEL	SV
ENSG00000255650	FAM222A-AS1	TK13	DEL	SV
ENSG00000255839	ENSG00000255839	TK91	DEL	SV
ENSG00000255843	ENSG00000255843	TK13	DEL	SV
ENSG00000255845	ENSG00000255845	TK13	DEL	SV
ENSG00000255850	RXYLT1-AS1	TK13	DEL	SV
ENSG00000255885	ENSG00000255885	TK91	DEL	SV
ENSG00000255893	ENSG00000255893	TK13	DEL	SV
ENSG00000255899	ENSG00000255899	TK92	DEL	SV
ENSG00000255931	ENSG00000255931	TK18	DEL	SV
ENSG00000255949	RPS6KB2-AS1	TK93	DEL	SV
ENSG00000255987	TOMM20P2	TK91	DEL	SV
ENSG00000256043	CTSO	TK13	DEL	SV
ENSG00000256116	ENSG00000256116	TK12	DEL	SV
ENSG00000256159	ENSG00000256159	TK93	DEL	SV
ENSG00000256196	ENSG00000256196	TK91	DEL	SV
ENSG00000256250	ENSG00000256250	TK91	DEL	SV
ENSG00000256294	ZNF225	TK91	DEL	SV
ENSG00000256299	ENSG00000256299	TK91	DEL	SV
ENSG00000256349	ENSG00000256349	TK10	DEL	SV
ENSG00000256361	ENSG00000256361	TK14	DEL	SV
ENSG00000256504	ENSG00000256504	TK18	DEL	SV
ENSG00000256566	ENSG00000256566	TK13	DEL	SV
ENSG00000256628	ZBTB11-AS1	TK91	DEL	SV
ENSG00000256664	ENSG00000256664	TK92	DEL	SV
ENSG00000256678	SZRD1P1	TK92	DEL	SV
ENSG00000256681	MIX23P5	TK14	DEL	SV
ENSG00000256771	ZNF253	TK92	DEL	SV
ENSG00000256804	ENSG00000256804	TK91	DEL	SV
ENSG00000256827	ENSG00000256827	TK14	DEL	SV
ENSG00000256851	ENSG00000256851	TK92	DEL	SV
ENSG00000257058	ENSG00000257058	TK13	DEL	SV
ENSG00000257167	TMPO-AS1	TK92	DEL	SV
ENSG00000257181	ENSG00000257181	TK92	DEL	SV
ENSG00000257221	ENSG00000257221	TK91	DEL	SV
ENSG00000257264	ENSG00000257264	TK92	DEL	SV
ENSG00000257315	ZBED6	TK92	DEL	SV
ENSG00000257391	ENSG00000257391	TK91	DEL	SV
ENSG00000257392	ENSG00000257392	TK14	DEL	SV
ENSG00000257414	OR6C73P	TK91	DEL	SV
ENSG00000257426	ENSG00000257426	TK14	DEL	SV
ENSG00000257452	ENSG00000257452	TK91	DEL	SV
ENSG00000257475	ENSG00000257475	TK13	DEL	SV
ENSG00000257527	ENSG00000257527	TK92	DEL	SV
ENSG00000257605	MYG1-AS1	TK93	DEL	SV
ENSG00000257682	ENSG00000257682	TK91	DEL	SV
ENSG00000257715	ENSG00000257715	TK14	DEL	SV
ENSG00000257921	ENSG00000257921	TK13	DEL	SV
ENSG00000257949	TEN1	TK91	DEL	SV
ENSG00000258072	ENSG00000258072	TK14	DEL	SV
ENSG00000258081	ENSG00000258081	TK91	DEL	SV
ENSG00000258123	LINC02444	TK91	DEL	SV
ENSG00000258136	PRDM4-AS1	TK13	DEL	SV
ENSG00000258177	ENSG00000258177	TK10	DEL	SV
ENSG00000258274	CRADD-AS1	TK13	DEL	SV
ENSG00000258303	ENSG00000258303	TK13	DEL	SV
ENSG00000258325	ITFG2-AS1	TK12	DEL	SV
ENSG00000258334	TROAP-AS1	TK91	DEL	SV
ENSG00000258354	ENSG00000258354	TK92	DEL	SV
ENSG00000258384	RCCD1-AS1	TK91	DEL	SV
ENSG00000258406	TUBBP3	TK91	DEL	SV
ENSG00000258428	ENSG00000258428	TK13	DEL	SV
ENSG00000258468	OR11G1P	TK91	DEL	SV
ENSG00000258526	ENSG00000258526	TK91	DEL	SV
ENSG00000258529	ENSG00000258529	TK92	DEL	SV
ENSG00000258563	PSMA3P1	TK92	DEL	SV
ENSG00000258571	PTTG4P	TK13	DEL	SV
ENSG00000258625	OR11H5P	TK91	DEL	SV
ENSG00000258727	AP1G2-AS1	TK92	DEL	SV
ENSG00000258728	ENSG00000258728	TK91	DEL	SV
ENSG00000258744	ENSG00000258744	TK10	DEL	SV
ENSG00000258757	ENSG00000258757	TK93	DEL	SV
ENSG00000258763	ENSG00000258763	TK91	DEL	SV
ENSG00000258768	ENSG00000258768	TK91	DEL	SV
ENSG00000258806	OR11H7	TK91	DEL	SV
ENSG00000258870	EIF4EBP1P1	TK14	DEL	SV
ENSG00000258884	LINC02321	TK13	DEL	SV
ENSG00000258951	KRT18P7	TK14	DEL	SV
ENSG00000258978	HIF1AP1	TK10	DEL	SV
ENSG00000259051	HNRNPUP1	TK91	DEL	SV
ENSG00000259065	MIDEAS-AS1	TK14	DEL	SV
ENSG00000259074	PSMB7P1	TK91	DEL	SV
ENSG00000259095	GTF2IP22	TK91	DEL	SV
ENSG00000259096	SHLD2P2	TK14	DEL	SV
ENSG00000259115	ENSG00000259115	TK14	DEL	SV
ENSG00000259117	ENSG00000259117	TK91	DEL	SV
ENSG00000259121	ENSG00000259121	TK18	DEL	SV
ENSG00000259164	ENSG00000259164	TK91	DEL	SV
ENSG00000259191	ENSG00000259191	TK13	DEL	SV
ENSG00000259208	ENSG00000259208	TK93	DEL	SV
ENSG00000259271	ANKRD62P1	TK92	DEL	SV
ENSG00000259302	ENSG00000259302	TK92	DEL	SV
ENSG00000259305	ZHX1-C8orf76	TK13	DEL	SV
ENSG00000259332	ST20-MTHFS	TK92	DEL	SV
ENSG00000259389	H3P38	TK13	DEL	SV
ENSG00000259398	ENSG00000259398	TK92	DEL	SV
ENSG00000259414	ENSG00000259414	TK18	DEL	SV
ENSG00000259428	HMGB3P26	TK91	DEL	SV
ENSG00000259436	POU2F2-AS2	TK91	DEL	SV
ENSG00000259438	MAPK6-DT	TK92	DEL	SV
ENSG00000259493	TFDP1P3	TK93	DEL	SV
ENSG00000259509	ENSG00000259509	TK92	DEL	SV
ENSG00000259531	ENSG00000259531	TK92	DEL	SV
ENSG00000259544	ENSG00000259544	TK18	DEL	SV
ENSG00000259556	ENSG00000259556	TK92	DEL	SV
ENSG00000259560	ENSG00000259560	TK91	DEL	SV
ENSG00000259583	ALDH1A3-AS1	TK93	DEL	SV
ENSG00000259621	ENSG00000259621	TK13	DEL	SV
ENSG00000259657	PIGHP1	TK14	DEL	SV
ENSG00000259659	ENSG00000259659	TK13	DEL	SV
ENSG00000259685	IDH2-DT	TK93	DEL	SV
ENSG00000259772	LINC03034	TK91	DEL	SV
ENSG00000259775	EIF5-DT	TK91	DEL	SV
ENSG00000259790	ANP32BP1	TK91	DEL	SV
ENSG00000259952	ENSG00000259952	TK91	DEL	SV
ENSG00000259959	ENSG00000259959	TK91	DEL	SV
ENSG00000260038	ENSG00000260038	TK18	DEL	SV
ENSG00000260104	ENSG00000260104	TK91	DEL	SV
ENSG00000260132	ENSG00000260132	TK13	DEL	SV
ENSG00000260133	CA5AP1	TK10	DEL	SV
ENSG00000260238	PMF1-BGLAP	TK92	DEL	SV
ENSG00000260247	SUB1P4	TK16	DEL	SV
ENSG00000260259	LINC02166	TK91	DEL	SV
ENSG00000260274	ENSG00000260274	TK91	DEL	SV
ENSG00000260357	DNM1P34	TK91	DEL	SV
ENSG00000260367	ENSG00000260367	TK91	DEL	SV
ENSG00000260436	ENSG00000260436	TK10	DEL	SV
ENSG00000260442	ATP2A1-AS1	TK91	DEL	SV
ENSG00000260482	ENSG00000260482	TK92	DEL	SV
ENSG00000260514	ENSG00000260514	TK10	DEL	SV
ENSG00000260545	ENSG00000260545	TK14	DEL	SV
ENSG00000260589	STAM-DT	TK91	DEL	SV
ENSG00000260674	ENSG00000260674	TK93	DEL	SV
ENSG00000260727	SLC7A5P1	TK10	DEL	SV
ENSG00000260773	ENSG00000260773	TK93	DEL	SV
ENSG00000260796	ENSG00000260796	TK91	DEL	SV
ENSG00000260871	ENSG00000260871	TK91	DEL	SV
ENSG00000260908	PLA2G10CP	TK91	DEL	SV
ENSG00000260989	ENSG00000260989	TK10	DEL	SV
ENSG00000261079	ENSG00000261079	TK92	DEL	SV
ENSG00000261093	ENSG00000261093	TK10	DEL	SV
ENSG00000261114	ENSG00000261114	TK12	DEL	SV
ENSG00000261118	ENSG00000261118	TK91	DEL	SV
ENSG00000261140	ENSG00000261140	TK10	DEL	SV
ENSG00000261170	ENSG00000261170	TK92	DEL	SV
ENSG00000261183	SPINT1-AS1	TK18	DEL	SV
ENSG00000261205	NIFKP4	TK91	DEL	SV
ENSG00000261207	ENSG00000261207	TK16	DEL	SV
ENSG00000261240	ENSG00000261240	TK92	DEL	SV
ENSG00000261260	ENSG00000261260	TK93	DEL	SV
ENSG00000261270	ENSG00000261270	TK12	DEL	SV
ENSG00000261272	MUC22	TK92	DEL	SV
ENSG00000261291	ENSG00000261291	TK91	DEL	SV
ENSG00000261318	DIS3L-AS1	TK93	DEL	SV
ENSG00000261320	ENSG00000261320	TK13	DEL	SV
ENSG00000261408	TEN1-CDK3	TK91	DEL	SV
ENSG00000261419	PLA2G10DP	TK92	DEL	SV
ENSG00000261430	ENSG00000261430	TK14	DEL	SV
ENSG00000261456	TUBB8	TK91	DEL	SV
ENSG00000261476	ENSG00000261476	TK18	DEL	SV
ENSG00000261504	LINC01686	TK14	DEL	SV
ENSG00000261527	ENSG00000261527	TK18	DEL	SV
ENSG00000261529	ENSG00000261529	TK18	DEL	SV
ENSG00000261552	ENSG00000261552	TK91	DEL	SV
ENSG00000261558	LINC01859	TK13	DEL	SV
ENSG00000261573	ENSG00000261573	TK14	DEL	SV
ENSG00000261583	ENSG00000261583	TK92	DEL	SV
ENSG00000261595	PPM1J-DT	TK14	DEL	SV
ENSG00000261615	LINC01858	TK13	DEL	SV
ENSG00000261766	ENSG00000261766	TK91	DEL	SV
ENSG00000261790	ENSG00000261790	TK93	DEL	SV
ENSG00000261857	MIA	TK92	DEL	SV
ENSG00000261868	MFSD1P1	TK14	DEL	SV
ENSG00000262067	ENSG00000262067	TK91	DEL	SV
ENSG00000262147	ENSG00000262147	TK14	DEL	SV
ENSG00000262172	ENSG00000262172	TK10	DEL	SV
ENSG00000262228	ENSG00000262228	TK14	DEL	SV
ENSG00000262262	ENSG00000262262	TK14	DEL	SV
ENSG00000262468	LINC01569	TK91	DEL	SV
ENSG00000262481	TMEM256-PLSCR3	TK93	DEL	SV
ENSG00000262516	DPPA3P6	TK10	DEL	SV
ENSG00000262526	ENSG00000262526	TK91	DEL	SV
ENSG00000262576	PCDHGA4	TK92	DEL	SV
ENSG00000262652	ENSG00000262652	TK13	DEL	SV
ENSG00000262732	ENSG00000262732	TK92	DEL	SV
ENSG00000262777	ENSG00000262777	TK91	DEL	SV
ENSG00000262870	CYCSP40	TK12	DEL	SV
ENSG00000263206	KYNUP3	TK91	DEL	SV
ENSG00000263212	ENSG00000263212	TK14	DEL	SV
ENSG00000263266	RPS7P1	TK13	DEL	SV
ENSG00000263342	ENSG00000263342	TK91	DEL	SV
ENSG00000263407	MIR4660	TK91	DEL	SV
ENSG00000263410	RN7SL460P	TK13	DEL	SV
ENSG00000263466	ENSG00000263466	TK10	DEL	SV
ENSG00000263513	FAM72C	TK14	DEL	SV
ENSG00000263556	RN7SL383P	TK91	DEL	SV
ENSG00000263593	MIR4804	TK14	DEL	SV
ENSG00000263597	MIR3936	TK91	DEL	SV
ENSG00000263603	ENSG00000263603	TK91	DEL	SV
ENSG00000263612	ENSG00000263612	TK91	DEL	SV
ENSG00000263639	MSMB	TK92	DEL	SV
ENSG00000263641	MIR4777	TK91	DEL	SV
ENSG00000263649	MIR3135B	TK13	DEL	SV
ENSG00000263683	ENSG00000263683	TK92	DEL	SV
ENSG00000263756	ENSG00000263756	TK93	DEL	SV
ENSG00000263776	SNORA4	TK91	DEL	SV
ENSG00000263816	MIR548AW	TK91	DEL	SV
ENSG00000263834	MIR4635	TK13	DEL	SV
ENSG00000263882	RN7SL774P	TK14	DEL	SV
ENSG00000263908	MIR3116-1	TK92	DEL	SV
ENSG00000263918	MIR3670-1	TK92	DEL	SV
ENSG00000263941	RN7SL32P	TK93	DEL	SV
ENSG00000263982	ENSG00000263982	TK13	DEL	SV
ENSG00000264010	MIR4429	TK91	DEL	SV
ENSG00000264028	RN7SL744P	TK13	DEL	SV
ENSG00000264056	MIR5685	TK16	DEL	SV
ENSG00000264058	ENSG00000264058	TK18	DEL	SV
ENSG00000264073	MIR3199-1	TK14	DEL	SV
ENSG00000264115	MIR3180-4	TK91	DEL	SV
ENSG00000264148	ENSG00000264148	TK91	DEL	SV
ENSG00000264217	RPL35AP23	TK92	DEL	SV
ENSG00000264324	ENSG00000264324	TK91	DEL	SV
ENSG00000264395	MIR3193	TK92	DEL	SV
ENSG00000264448	MIR378D2HG	TK91	DEL	SV
ENSG00000264480	MIR4714	TK13	DEL	SV
ENSG00000264493	MIR4298	TK16	DEL	SV
ENSG00000264520	ENSG00000264520	TK92	DEL	SV
ENSG00000264522	OTUD7B	TK16	DEL	SV
ENSG00000264548	ENSG00000264548	TK92	DEL	SV
ENSG00000264578	ENSG00000264578	TK16	DEL	SV
ENSG00000264607	MIR3173	TK10	DEL	SV
ENSG00000264703	MIR4752	TK10	DEL	SV
ENSG00000264837	VN1R71P	TK91	DEL	SV
ENSG00000264895	ENSG00000264895	TK14	DEL	SV
ENSG00000264943	SH3GL1P2	TK91	DEL	SV
ENSG00000264978	RN7SL630P	TK13	DEL	SV
ENSG00000265010	ENSG00000265010	TK18	DEL	SV
ENSG00000265136	ENSG00000265136	TK13	DEL	SV
ENSG00000265137	MIR3192	TK16	DEL	SV
ENSG00000265168	ENSG00000265168	TK13	DEL	SV
ENSG00000265287	ENSG00000265287	TK13	DEL	SV
ENSG00000265303	ENSG00000265303	TK13	DEL	SV
ENSG00000265327	RN7SL411P	TK91	DEL	SV
ENSG00000265356	ENSG00000265356	TK13	DEL	SV
ENSG00000265443	ENSG00000265443	TK91	DEL	SV
ENSG00000265511	ENSG00000265511	TK13	DEL	SV
ENSG00000265519	ENSG00000265519	TK14	DEL	SV
ENSG00000265537	MIR3180-1	TK92	DEL	SV
ENSG00000265646	TUFMP1	TK91	DEL	SV
ENSG00000265678	ENSG00000265678	TK92	DEL	SV
ENSG00000265727	RN7SL648P	TK91	DEL	SV
ENSG00000265733	SNORA74C-1	TK92	DEL	SV
ENSG00000265802	RN7SL49P	TK13	DEL	SV
ENSG00000265850	MIR4797	TK14	DEL	SV
ENSG00000265892	RN7SL311P	TK92	DEL	SV
ENSG00000265942	RN7SL577P	TK10	DEL	SV
ENSG00000266059	RN7SL140P	TK93	DEL	SV
ENSG00000266158	RN7SL785P	TK91	DEL	SV
ENSG00000266226	MIR4323	TK91	DEL	SV
ENSG00000266236	NARF-IT1	TK13	DEL	SV
ENSG00000266261	ENSG00000266261	TK14	DEL	SV
ENSG00000266338	NBPF15	TK92	DEL	SV
ENSG00000266378	ENSG00000266378	TK10	DEL	SV
ENSG00000266412	NCOA4	TK92	DEL	SV
ENSG00000266454	MIR3179-3	TK92	DEL	SV
ENSG00000266589	MIR4512	TK16	DEL	SV
ENSG00000266594	MIR4766	TK13	DEL	SV
ENSG00000266651	ENSG00000266651	TK92	DEL	SV
ENSG00000266654	ENSG00000266654	TK92	DEL	SV
ENSG00000266709	ENSG00000266709	TK10	DEL	SV
ENSG00000266721	MIR5695	TK91	DEL	SV
ENSG00000266736	GTF2IP6	TK91	DEL	SV
ENSG00000266758	MIR3680-2	TK10	DEL	SV
ENSG00000266824	ENSG00000266824	TK91	DEL	SV
ENSG00000266863	RN7SL123P	TK14	DEL	SV
ENSG00000266865	ENSG00000266865	TK91	DEL	SV
ENSG00000266921	ZNF230-DT	TK91	DEL	SV
ENSG00000266929	ENSG00000266929	TK92	DEL	SV
ENSG00000266965	ENSG00000266965	TK13	DEL	SV
ENSG00000266976	ENSG00000266976	TK93	DEL	SV
ENSG00000266983	RANBP3-DT	TK91	DEL	SV
ENSG00000267004	ENSG00000267004	TK93	DEL	SV
ENSG00000267022	ENSG00000267022	TK91	DEL	SV
ENSG00000267036	ENSG00000267036	TK14	DEL	SV
ENSG00000267046	E2F3P1	TK91	DEL	SV
ENSG00000267048	ENSG00000267048	TK10	DEL	SV
ENSG00000267074	ENSG00000267074	TK91	DEL	SV
ENSG00000267082	ENSG00000267082	TK92	DEL	SV
ENSG00000267096	ENSG00000267096	TK10	DEL	SV
ENSG00000267104	TBC1D3P1-DHX40P1	TK13	DEL	SV
ENSG00000267117	ENSG00000267117	TK91	DEL	SV
ENSG00000267139	ENSG00000267139	TK18	DEL	SV
ENSG00000267144	ZNF222-DT	TK91	DEL	SV
ENSG00000267157	ENSG00000267157	TK91	DEL	SV
ENSG00000267168	ENSG00000267168	TK13	DEL	SV
ENSG00000267174	ENSG00000267174	TK92	DEL	SV
ENSG00000267197	ENSG00000267197	TK91	DEL	SV
ENSG00000267222	ENSG00000267222	TK10	DEL	SV
ENSG00000267227	ENSG00000267227	TK14	DEL	SV
ENSG00000267244	ENSG00000267244	TK92	DEL	SV
ENSG00000267264	ENSG00000267264	TK14	DEL	SV
ENSG00000267277	ENSG00000267277	TK92	DEL	SV
ENSG00000267314	ENSG00000267314	TK91	DEL	SV
ENSG00000267318	ENSG00000267318	TK13	DEL	SV
ENSG00000267323	SLC25A1P5	TK14	DEL	SV
ENSG00000267338	ENSG00000267338	TK92	DEL	SV
ENSG00000267369	TAF5LP1	TK91	DEL	SV
ENSG00000267379	ENSG00000267379	TK93	DEL	SV
ENSG00000267408	ENSG00000267408	TK91	DEL	SV
ENSG00000267415	ENSG00000267415	TK91	DEL	SV
ENSG00000267444	SMUG1P1	TK13	DEL	SV
ENSG00000267463	UBE2V2P2	TK91	DEL	SV
ENSG00000267476	ENSG00000267476	TK14	DEL	SV
ENSG00000267537	ENSG00000267537	TK93	DEL	SV
ENSG00000267563	ENSG00000267563	TK91	DEL	SV
ENSG00000267565	ENSG00000267565	TK92	DEL	SV
ENSG00000267571	ENSG00000267571	TK91	DEL	SV
ENSG00000267575	LINC02987	TK14	DEL	SV
ENSG00000267576	ENSG00000267576	TK92	DEL	SV
ENSG00000267595	BRCA1P1	TK92	DEL	SV
ENSG00000267615	ENSG00000267615	TK93	DEL	SV
ENSG00000267674	ENSG00000267674	TK13	DEL	SV
ENSG00000267679	EIF5AP2	TK91	DEL	SV
ENSG00000267680	ZNF224	TK91	DEL	SV
ENSG00000267681	ENSG00000267681	TK92	DEL	SV
ENSG00000267682	ENSG00000267682	TK13	DEL	SV
ENSG00000267709	ENSG00000267709	TK91	DEL	SV
ENSG00000267735	ENSG00000267735	TK91	DEL	SV
ENSG00000267740	ENSG00000267740	TK91	DEL	SV
ENSG00000267751	BSG-AS1	TK12	DEL	SV
ENSG00000267791	ENSG00000267791	TK93	DEL	SV
ENSG00000267796	LIN37	TK18	DEL	SV
ENSG00000267834	ENSG00000267834	TK93	DEL	SV
ENSG00000267886	ENSG00000267886	TK13	DEL	SV
ENSG00000267920	SNX6P1	TK13	DEL	SV
ENSG00000267924	ENSG00000267924	TK91	DEL	SV
ENSG00000267980	ENSG00000267980	TK12	DEL	SV
ENSG00000268043	NBPF12	TK92	DEL	SV
ENSG00000268056	ENSG00000268056	TK16	DEL	SV
ENSG00000268061	NAPA-AS1	TK13	DEL	SV
ENSG00000268081	ENSG00000268081	TK92	DEL	SV
ENSG00000268105	ENSG00000268105	TK13	DEL	SV
ENSG00000268112	ENSG00000268112	TK92	DEL	SV
ENSG00000268163	ENSG00000268163	TK92	DEL	SV
ENSG00000268191	ENSG00000268191	TK91	DEL	SV
ENSG00000268203	ENSG00000268203	TK91	DEL	SV
ENSG00000268218	ENSG00000268218	TK13	DEL	SV
ENSG00000268231	ENSG00000268231	TK10	DEL	SV
ENSG00000268240	ENSG00000268240	TK92	DEL	SV
ENSG00000268279	ENSG00000268279	TK13	DEL	SV
ENSG00000268288	ENSG00000268288	TK92	DEL	SV
ENSG00000268322	BNIP3P25	TK92	DEL	SV
ENSG00000268350	FAM156A	TK91	DEL	SV
ENSG00000268362	ENSG00000268362	TK91	DEL	SV
ENSG00000268392	ENSG00000268392	TK91	DEL	SV
ENSG00000268455	ENSG00000268455	TK92	DEL	SV
ENSG00000268521	VN1R83P	TK92	DEL	SV
ENSG00000268529	CYP2T3P	TK13	DEL	SV
ENSG00000268555	ENSG00000268555	TK92	DEL	SV
ENSG00000268565	ENSG00000268565	TK91	DEL	SV
ENSG00000268584	ENSG00000268584	TK93	DEL	SV
ENSG00000268670	ENSG00000268670	TK13	DEL	SV
ENSG00000268705	BNIP3P26	TK92	DEL	SV
ENSG00000268731	ENSG00000268731	TK92	DEL	SV
ENSG00000268742	ENSG00000268742	TK91	DEL	SV
ENSG00000268747	ENSG00000268747	TK92	DEL	SV
ENSG00000268842	ENSG00000268842	TK91	DEL	SV
ENSG00000268866	ENSG00000268866	TK91	DEL	SV
ENSG00000268892	ENSG00000268892	TK92	DEL	SV
ENSG00000268945	ENSG00000268945	TK93	DEL	SV
ENSG00000268949	MRPS17P1	TK91	DEL	SV
ENSG00000268975	MIA-RAB4B	TK92	DEL	SV
ENSG00000268995	VN1R82P	TK92	DEL	SV
ENSG00000269026	ENSG00000269026	TK91	DEL	SV
ENSG00000269067	ZNF728	TK13	DEL	SV
ENSG00000269069	ENSG00000269069	TK92	DEL	SV
ENSG00000269082	ENSG00000269082	TK13	DEL	SV
ENSG00000269085	ENSG00000269085	TK14	DEL	SV
ENSG00000269091	ENSG00000269091	TK16	DEL	SV
ENSG00000269097	TPRG1LP1	TK91	DEL	SV
ENSG00000269243	ENSG00000269243	TK16	DEL	SV
ENSG00000269289	ENSG00000269289	TK91	DEL	SV
ENSG00000269292	ENSG00000269292	TK92	DEL	SV
ENSG00000269318	ENSG00000269318	TK93	DEL	SV
ENSG00000269320	VN1R93P	TK92	DEL	SV
ENSG00000269349	ENSG00000269349	TK91	DEL	SV
ENSG00000269397	ENSG00000269397	TK91	DEL	SV
ENSG00000269421	ENSG00000269421	TK91	DEL	SV
ENSG00000269482	ENSG00000269482	TK91	DEL	SV
ENSG00000269487	ENSG00000269487	TK18	DEL	SV
ENSG00000269543	ENSG00000269543	TK13	DEL	SV
ENSG00000269546	CLIC4P2	TK91	DEL	SV
ENSG00000269553	ENSG00000269553	TK91	DEL	SV
ENSG00000269621	ENSG00000269621	TK92	DEL	SV
ENSG00000269646	ZNF888-AS1	TK91	DEL	SV
ENSG00000269653	ENSG00000269653	TK10	DEL	SV
ENSG00000269662	BNIP3P39	TK91	DEL	SV
ENSG00000269732	WBP1LP7	TK91	DEL	SV
ENSG00000269755	ENSG00000269755	TK92	DEL	SV
ENSG00000269802	ENSG00000269802	TK91	DEL	SV
ENSG00000269825	ENSG00000269825	TK91	DEL	SV
ENSG00000269839	ENSG00000269839	TK92	DEL	SV
ENSG00000269845	CCNYL6	TK14	DEL	SV
ENSG00000269858	EGLN2	TK92	DEL	SV
ENSG00000269910	ENSG00000269910	TK10	DEL	SV
ENSG00000269915	ENSG00000269915	TK91	DEL	SV
ENSG00000269924	ENSG00000269924	TK14	DEL	SV
ENSG00000269934	ENSG00000269934	TK10	DEL	SV
ENSG00000269937	ENSG00000269937	TK10	DEL	SV
ENSG00000269940	ENSG00000269940	TK10	DEL	SV
ENSG00000269958	ENSG00000269958	TK10	DEL	SV
ENSG00000269964	MEI4	TK92	DEL	SV
ENSG00000269984	ENSG00000269984	TK92	DEL	SV
ENSG00000269994	LINC02893	TK13	DEL	SV
ENSG00000270059	ENSG00000270059	TK10	DEL	SV
ENSG00000270066	ENSG00000270066	TK92	DEL	SV
ENSG00000270083	ENSG00000270083	TK10	DEL	SV
ENSG00000270099	ENSG00000270099	TK14	DEL	SV
ENSG00000270108	ENSG00000270108	TK10	DEL	SV
ENSG00000270117	ENSG00000270117	TK93	DEL	SV
ENSG00000270196	GTF3C6P3	TK14	DEL	SV
ENSG00000270218	ENSG00000270218	TK10	DEL	SV
ENSG00000270270	BNIP3P10	TK92	DEL	SV
ENSG00000270285	RPS27P30	TK14	DEL	SV
ENSG00000270325	BNIP3P9	TK92	DEL	SV
ENSG00000270344	POC1B-AS1	TK13	DEL	SV
ENSG00000270369	ENSG00000270369	TK92	DEL	SV
ENSG00000270445	COPS5P2	TK91	DEL	SV
ENSG00000270462	ENSG00000270462	TK14	DEL	SV
ENSG00000270479	BNIP3P37	TK13	DEL	SV
ENSG00000270480	ENSG00000270480	TK92	DEL	SV
ENSG00000270497	ENSG00000270497	TK91	DEL	SV
ENSG00000270507	ENSG00000270507	TK93	DEL	SV
ENSG00000270526	SNRPGP19	TK93	DEL	SV
ENSG00000270541	ENSG00000270541	TK91	DEL	SV
ENSG00000270585	SNX2P1	TK14	DEL	SV
ENSG00000270619	ENSG00000270619	TK91	DEL	SV
ENSG00000270640	ENSG00000270640	TK10	DEL	SV
ENSG00000270708	ENSG00000270708	TK13	DEL	SV
ENSG00000270728	ENSG00000270728	TK93	DEL	SV
ENSG00000270808	ENSG00000270808	TK93	DEL	SV
ENSG00000270842	ENSG00000270842	TK92	DEL	SV
ENSG00000270849	CHCHD2P3	TK13	DEL	SV
ENSG00000270857	ENSG00000270857	TK14	DEL	SV
ENSG00000270938	RAP2CP1	TK91	DEL	SV
ENSG00000270946	CT45A9	TK14	DEL	SV
ENSG00000270948	MTDHP1	TK93	DEL	SV
ENSG00000270999	IGKV1OR2-118	TK10	DEL	SV
ENSG00000271002	ENSG00000271002	TK91	DEL	SV
ENSG00000271048	ENSG00000271048	TK16	DEL	SV
ENSG00000271064	ENSG00000271064	TK92	DEL	SV
ENSG00000271137	AKTIPP1	TK13	DEL	SV
ENSG00000271269	ENSG00000271269	TK14	DEL	SV
ENSG00000271270	TMCC1-DT	TK93	DEL	SV
ENSG00000271291	ENSG00000271291	TK92	DEL	SV
ENSG00000271366	ENSG00000271366	TK14	DEL	SV
ENSG00000271533	ENSG00000271533	TK91	DEL	SV
ENSG00000271543	ENSG00000271543	TK10	DEL	SV
ENSG00000271581	ENSG00000271581	TK92	DEL	SV
ENSG00000271654	ENSG00000271654	TK92	DEL	SV
ENSG00000271661	BNIP3P36	TK13	DEL	SV
ENSG00000271664	ENSG00000271664	TK14	DEL	SV
ENSG00000271680	ENSG00000271680	TK91	DEL	SV
ENSG00000271716	ENSG00000271716	TK92	DEL	SV
ENSG00000271781	ENSG00000271781	TK16	DEL	SV
ENSG00000271806	ENSG00000271806	TK91	DEL	SV
ENSG00000271810	ENSG00000271810	TK14	DEL	SV
ENSG00000271816	BMS1P4	TK93	DEL	SV
ENSG00000271817	U3	TK14	DEL	SV
ENSG00000271848	SYNPO2L-AS1	TK93	DEL	SV
ENSG00000271853	ENSG00000271853	TK10	DEL	SV
ENSG00000271886	MIR98	TK13	DEL	SV
ENSG00000271917	ENSG00000271917	TK13	DEL	SV
ENSG00000271945	ENSG00000271945	TK92	DEL	SV
ENSG00000271959	ENSG00000271959	TK10	DEL	SV
ENSG00000272023	AFF4-DT	TK91	DEL	SV
ENSG00000272047	GTF2H5	TK18	DEL	SV
ENSG00000272056	ENSG00000272056	TK93	DEL	SV
ENSG00000272068	BCAN-AS1	TK18	DEL	SV
ENSG00000272108	ENSG00000272108	TK92	DEL	SV
ENSG00000272140	ENSG00000272140	TK93	DEL	SV
ENSG00000272148	ENSG00000272148	TK14	DEL	SV
ENSG00000272153	ENSG00000272153	TK12	DEL	SV
ENSG00000272175	ENSG00000272175	TK14	DEL	SV
ENSG00000272181	ENSG00000272181	TK18	DEL	SV
ENSG00000272202	ENSG00000272202	TK93	DEL	SV
ENSG00000272253	RNA5SP386	TK16	DEL	SV
ENSG00000272296	SNORD96A	TK93	DEL	SV
ENSG00000272343	ENSG00000272343	TK92	DEL	SV
ENSG00000272345	ENSG00000272345	TK12	DEL	SV
ENSG00000272369	ENSG00000272369	TK13	DEL	SV
ENSG00000272405	ENSG00000272405	TK18	DEL	SV
ENSG00000272419	LINC01145	TK92	DEL	SV
ENSG00000272483	ENSG00000272483	TK92	DEL	SV
ENSG00000272501	ENSG00000272501	TK92	DEL	SV
ENSG00000272518	ENSG00000272518	TK14	DEL	SV
ENSG00000272540	ENSG00000272540	TK91	DEL	SV
ENSG00000272583	ENSG00000272583	TK91	DEL	SV
ENSG00000272638	ENSG00000272638	TK92	DEL	SV
ENSG00000272647	ENSG00000272647	TK12	DEL	SV
ENSG00000272656	ENSG00000272656	TK18	DEL	SV
ENSG00000272657	ENSG00000272657	TK13	DEL	SV
ENSG00000272677	HNRNPD-DT	TK92	DEL	SV
ENSG00000272750	ENSG00000272750	TK16	DEL	SV
ENSG00000272754	ENSG00000272754	TK92	DEL	SV
ENSG00000272762	ENSG00000272762	TK18	DEL	SV
ENSG00000272791	ENSG00000272791	TK93	DEL	SV
ENSG00000272836	ENSG00000272836	TK92	DEL	SV
ENSG00000272843	ENSG00000272843	TK91	DEL	SV
ENSG00000272885	ENSG00000272885	TK92	DEL	SV
ENSG00000272941	ENSG00000272941	TK91	DEL	SV
ENSG00000272963	OR7A19P	TK13	DEL	SV
ENSG00000273002	ARHGEF2-AS2	TK16	DEL	SV
ENSG00000273010	ENSG00000273010	TK14	DEL	SV
ENSG00000273047	ENSG00000273047	TK91	DEL	SV
ENSG00000273058	ENSG00000273058	TK14	DEL	SV
ENSG00000273110	ENSG00000273110	TK92	DEL	SV
ENSG00000273112	ENSG00000273112	TK92	DEL	SV
ENSG00000273137	SELENOO-AS1	TK92	DEL	SV
ENSG00000273156	ENSG00000273156	TK92	DEL	SV
ENSG00000273188	ENSG00000273188	TK92	DEL	SV
ENSG00000273217	ENSG00000273217	TK93	DEL	SV
ENSG00000273244	ENSG00000273244	TK92	DEL	SV
ENSG00000273253	TRABD-AS1	TK92	DEL	SV
ENSG00000273261	ENSG00000273261	TK91	DEL	SV
ENSG00000273294	C1QTNF3-AMACR	TK10	DEL	SV
ENSG00000273299	ENSG00000273299	TK10	DEL	SV
ENSG00000273343	ENSG00000273343	TK10	DEL	SV
ENSG00000273353	ENSG00000273353	TK10	DEL	SV
ENSG00000273382	TMEM167B-DT	TK92	DEL	SV
ENSG00000273387	ENSG00000273387	TK14	DEL	SV
ENSG00000273424	ENSG00000273424	TK91	DEL	SV
ENSG00000273521	ENSG00000273521	TK10	DEL	SV
ENSG00000273559	CWC25	TK16	DEL	SV
ENSG00000273609	ENSG00000273609	TK91	DEL	SV
ENSG00000273611	ZNHIT3	TK13	DEL	SV
ENSG00000273720	ENSG00000273720	TK92	DEL	SV
ENSG00000273725	Metazoa_SRP	TK91	DEL	SV
ENSG00000273733	ENSG00000273733	TK92	DEL	SV
ENSG00000273791	BNIP3P47	TK14	DEL	SV
ENSG00000273797	ENSG00000273797	TK13	DEL	SV
ENSG00000273841	TAF9	TK14	DEL	SV
ENSG00000273904	ENSG00000273904	TK92	DEL	SV
ENSG00000273932	MIR6877	TK92	DEL	SV
ENSG00000273951	ENSG00000273951	TK18	DEL	SV
ENSG00000274019	ENSG00000274019	TK10	DEL	SV
ENSG00000274049	INO80B-WBP1	TK93	DEL	SV
ENSG00000274066	MIR6514	TK12	DEL	SV
ENSG00000274072	ENSG00000274072	TK93	DEL	SV
ENSG00000274099	ABCB10P1	TK18	DEL	SV
ENSG00000274116	ENSG00000274116	TK91	DEL	SV
ENSG00000274164	RNA5SP439	TK13	DEL	SV
ENSG00000274253	ENSG00000274253	TK92	DEL	SV
ENSG00000274265	ENSG00000274265	TK10	DEL	SV
ENSG00000274266	SNORA73A	TK93	DEL	SV
ENSG00000274272	ENSG00000274272	TK13	DEL	SV
ENSG00000274306	MIR5088	TK18	DEL	SV
ENSG00000274308	ENSG00000274308	TK13	DEL	SV
ENSG00000274309	SNORA71E	TK91	DEL	SV
ENSG00000274364	ENSG00000274364	TK92	DEL	SV
ENSG00000274380	MIR6801	TK93	DEL	SV
ENSG00000274390	MIR6885	TK13	DEL	SV
ENSG00000274471	ENSG00000274471	TK18	DEL	SV
ENSG00000274491	ENSG00000274491	TK18	DEL	SV
ENSG00000274503	ENSG00000274503	TK92	DEL	SV
ENSG00000274505	Metazoa_SRP	TK13	DEL	SV
ENSG00000274528	ENSG00000274528	TK92	DEL	SV
ENSG00000274576	IGHV2-70	TK10	DEL	SV
ENSG00000274607	RNU6-866P	TK14	DEL	SV
ENSG00000274618	H4C6	TK92	DEL	SV
ENSG00000274742	Metazoa_SRP	TK13	DEL	SV
ENSG00000274750	H3C6	TK92	DEL	SV
ENSG00000274758	ENSG00000274758	TK93	DEL	SV
ENSG00000274772	Metazoa_SRP	TK91	DEL	SV
ENSG00000274944	ENSG00000274944	TK91	DEL	SV
ENSG00000274985	PTCHD3P1	TK92	DEL	SV
ENSG00000274987	ENSG00000274987	TK14	DEL	SV
ENSG00000275029	HMGB1P24	TK13	DEL	SV
ENSG00000275129	ENSG00000275129	TK91	DEL	SV
ENSG00000275157	ENSG00000275157	TK92	DEL	SV
ENSG00000275178	ENSG00000275178	TK10	DEL	SV
ENSG00000275197	ENSG00000275197	TK14	DEL	SV
ENSG00000275227	ENSG00000275227	TK92	DEL	SV
ENSG00000275230	RN7SL544P	TK91	DEL	SV
ENSG00000275234	ENSG00000275234	TK91	DEL	SV
ENSG00000275285	ENSG00000275285	TK91	DEL	SV
ENSG00000275307	ENSG00000275307	TK92	DEL	SV
ENSG00000275325	PDCD6IPP1	TK92	DEL	SV
ENSG00000275339	ENSG00000275339	TK16	DEL	SV
ENSG00000275374	GUSBP19	TK91	DEL	SV
ENSG00000275426	ENSG00000275426	TK91	DEL	SV
ENSG00000275464	ENSG00000275464	TK10	DEL	SV
ENSG00000275481	ENSG00000275481	TK13	DEL	SV
ENSG00000275490	ENSG00000275490	TK10	DEL	SV
ENSG00000275493	ENSG00000275493	TK91	DEL	SV
ENSG00000275506	H3P25	TK10	DEL	SV
ENSG00000275516	ENSG00000275516	TK10	DEL	SV
ENSG00000275549	STPG3-AS1	TK91	DEL	SV
ENSG00000275635	U7	TK92	DEL	SV
ENSG00000275645	ENSG00000275645	TK91	DEL	SV
ENSG00000275652	MIR6796	TK93	DEL	SV
ENSG00000275663	H4C7	TK92	DEL	SV
ENSG00000275681	ENSG00000275681	TK10	DEL	SV
ENSG00000275734	ENSG00000275734	TK91	DEL	SV
ENSG00000275807	ENSG00000275807	TK91	DEL	SV
ENSG00000275811	HTR1DP1	TK10	DEL	SV
ENSG00000275842	MIR941-5	TK18	DEL	SV
ENSG00000275853	Metazoa_SRP	TK92	DEL	SV
ENSG00000275857	ENSG00000275857	TK91	DEL	SV
ENSG00000275875	ENSG00000275875	TK92	DEL	SV
ENSG00000275919	ENSG00000275919	TK13	DEL	SV
ENSG00000275930	Y_RNA	TK91	DEL	SV
ENSG00000275992	RN7SL327P	TK91	DEL	SV
ENSG00000276036	RNA5SP440	TK12	DEL	SV
ENSG00000276140	ENSG00000276140	TK10	DEL	SV
ENSG00000276141	WHAMMP3	TK92	DEL	SV
ENSG00000276150	ENSG00000276150	TK14	DEL	SV
ENSG00000276168	RN7SL1	TK93	DEL	SV
ENSG00000276181	MIR6794	TK91	DEL	SV
ENSG00000276208	ENSG00000276208	TK91	DEL	SV
ENSG00000276293	PIP4K2B	TK14	DEL	SV
ENSG00000276362	ENSG00000276362	TK13	DEL	SV
ENSG00000276411	ENSG00000276411	TK91	DEL	SV
ENSG00000276418	ENSG00000276418	TK14	DEL	SV
ENSG00000276445	ENSG00000276445	TK92	DEL	SV
ENSG00000276532	Metazoa_SRP	TK14	DEL	SV
ENSG00000276573	ENSG00000276573	TK14	DEL	SV
ENSG00000276662	DDX20P1	TK91	DEL	SV
ENSG00000276663	ENSG00000276663	TK18	DEL	SV
ENSG00000276704	ENSG00000276704	TK14	DEL	SV
ENSG00000276722	ENSG00000276722	TK18	DEL	SV
ENSG00000276735	Metazoa_SRP	TK14	DEL	SV
ENSG00000276747	PADI6	TK91	DEL	SV
ENSG00000276758	ENSG00000276758	TK10	DEL	SV
ENSG00000276822	ENSG00000276822	TK92	DEL	SV
ENSG00000276832	CDRT15P6	TK10	DEL	SV
ENSG00000276839	Metazoa_SRP	TK14	DEL	SV
ENSG00000276845	ENSG00000276845	TK91	DEL	SV
ENSG00000276855	ENSG00000276855	TK14	DEL	SV
ENSG00000276908	MIR7106	TK12	DEL	SV
ENSG00000276931	ENSG00000276931	TK92	DEL	SV
ENSG00000276941	MIR4509-1	TK18	DEL	SV
ENSG00000276988	Metazoa_SRP	TK92	DEL	SV
ENSG00000277075	H2AC8	TK92	DEL	SV
ENSG00000277168	Metazoa_SRP	TK92	DEL	SV
ENSG00000277191	ENSG00000277191	TK91	DEL	SV
ENSG00000277295	RN7SL489P	TK91	DEL	SV
ENSG00000277299	ENSG00000277299	TK91	DEL	SV
ENSG00000277388	MIR8053	TK91	DEL	SV
ENSG00000277435	ENSG00000277435	TK92	DEL	SV
ENSG00000277493	ENSG00000277493	TK91	DEL	SV
ENSG00000277502	ENSG00000277502	TK92	DEL	SV
ENSG00000277512	SNORD65	TK92	DEL	SV
ENSG00000277515	RN7SL495P	TK92	DEL	SV
ENSG00000277535	CT47C1	TK92	DEL	SV
ENSG00000277541	ZNF630-AS1	TK91	DEL	SV
ENSG00000277561	GOLGA8IP	TK92	DEL	SV
ENSG00000277587	ENSG00000277587	TK92	DEL	SV
ENSG00000277588	MIR6806	TK91	DEL	SV
ENSG00000277681	MIR6739	TK14	DEL	SV
ENSG00000277720	H3C5P	TK92	DEL	SV
ENSG00000277728	ENSG00000277728	TK92	DEL	SV
ENSG00000277732	ENSG00000277732	TK10	DEL	SV
ENSG00000277755	ENSG00000277755	TK92	DEL	SV
ENSG00000277759	MIR6719	TK92	DEL	SV
ENSG00000277770	PLA2G10GP	TK91	DEL	SV
ENSG00000277775	H3C7	TK92	DEL	SV
ENSG00000277791	PSMB3	TK14	DEL	SV
ENSG00000277852	ENSG00000277852	TK16	DEL	SV
ENSG00000277867	ENSG00000277867	TK92	DEL	SV
ENSG00000277882	ENSG00000277882	TK14	DEL	SV
ENSG00000277958	Metazoa_SRP	TK14	DEL	SV
ENSG00000277972	CISD3	TK12	DEL	SV
ENSG00000277978	ENSG00000277978	TK14	DEL	SV
ENSG00000278073	MIR6726	TK92	DEL	SV
ENSG00000278129	ZNF8	TK91	DEL	SV
ENSG00000278217	ENSG00000278217	TK93	DEL	SV
ENSG00000278231	ENSG00000278231	TK13	DEL	SV
ENSG00000278249	SCARNA2	TK92	DEL	SV
ENSG00000278276	ENSG00000278276	TK92	DEL	SV
ENSG00000278330	ENSG00000278330	TK10	DEL	SV
ENSG00000278420	MIR6819	TK12	DEL	SV
ENSG00000278454	ENSG00000278454	TK10	DEL	SV
ENSG00000278459	Metazoa_SRP	TK91	DEL	SV
ENSG00000278541	ENSG00000278541	TK18	DEL	SV
ENSG00000278552	ENSG00000278552	TK18	DEL	SV
ENSG00000278600	ENSG00000278600	TK91	DEL	SV
ENSG00000278615	C11orf98	TK92	DEL	SV
ENSG00000278619	MRM1	TK91	DEL	SV
ENSG00000278702	Metazoa_SRP	TK16	DEL	SV
ENSG00000278713	ENSG00000278713	TK91	DEL	SV
ENSG00000278763	FAM27B	TK91	DEL	SV
ENSG00000278797	ENSG00000278797	TK92	DEL	SV
ENSG00000278813	ENSG00000278813	TK92	DEL	SV
ENSG00000278845	MRPL45	TK91	DEL	SV
ENSG00000278861	ENSG00000278861	TK14	DEL	SV
ENSG00000278879	ENSG00000278879	TK91	DEL	SV
ENSG00000278896	ENSG00000278896	TK13	DEL	SV
ENSG00000278912	ENSG00000278912	TK92	DEL	SV
ENSG00000278918	ENSG00000278918	TK16	DEL	SV
ENSG00000278949	ENSG00000278949	TK16	DEL	SV
ENSG00000279081	ENSG00000279081	TK91	DEL	SV
ENSG00000279088	ENSG00000279088	TK93	DEL	SV
ENSG00000279093	ENSG00000279093	TK93	DEL	SV
ENSG00000279124	IGSF3P1	TK91	DEL	SV
ENSG00000279152	ENSG00000279152	TK91	DEL	SV
ENSG00000279161	ENSG00000279161	TK92	DEL	SV
ENSG00000279162	ENSG00000279162	TK10	DEL	SV
ENSG00000279172	ENSG00000279172	TK92	DEL	SV
ENSG00000279231	ENSG00000279231	TK91	DEL	SV
ENSG00000279233	ENSG00000279233	TK93	DEL	SV
ENSG00000279243	LINC02736	TK93	DEL	SV
ENSG00000279246	ENSG00000279246	TK91	DEL	SV
ENSG00000279265	ENSG00000279265	TK10	DEL	SV
ENSG00000279283	ENSG00000279283	TK10	DEL	SV
ENSG00000279320	ENSG00000279320	TK92	DEL	SV
ENSG00000279337	ENSG00000279337	TK91	DEL	SV
ENSG00000279344	ENSG00000279344	TK10	DEL	SV
ENSG00000279345	ENSG00000279345	TK91	DEL	SV
ENSG00000279394	ENSG00000279394	TK92	DEL	SV
ENSG00000279404	ENSG00000279404	TK14	DEL	SV
ENSG00000279433	ENSG00000279433	TK10	DEL	SV
ENSG00000279488	ENSG00000279488	TK18	DEL	SV
ENSG00000279516	FAM230C	TK91	DEL	SV
ENSG00000279568	ENSG00000279568	TK10	DEL	SV
ENSG00000279583	ENSG00000279583	TK10	DEL	SV
ENSG00000279617	ENSG00000279617	TK92	DEL	SV
ENSG00000279641	ENSG00000279641	TK91	DEL	SV
ENSG00000279668	ENSG00000279668	TK13	DEL	SV
ENSG00000279672	ENSG00000279672	TK91	DEL	SV
ENSG00000279689	ENSG00000279689	TK93	DEL	SV
ENSG00000279691	ENSG00000279691	TK13	DEL	SV
ENSG00000279730	KMT5AP1	TK91	DEL	SV
ENSG00000279747	ENSG00000279747	TK92	DEL	SV
ENSG00000279807	ENSG00000279807	TK92	DEL	SV
ENSG00000279812	ENSG00000279812	TK91	DEL	SV
ENSG00000279819	ENSG00000279819	TK14	DEL	SV
ENSG00000279924	ENSG00000279924	TK91	DEL	SV
ENSG00000279949	ENSG00000279949	TK91	DEL	SV
ENSG00000280012	RPL23AP61	TK92	DEL	SV
ENSG00000280020	ENSG00000280020	TK14	DEL	SV
ENSG00000280029	ENSG00000280029	TK92	DEL	SV
ENSG00000280046	ENSG00000280046	TK10	DEL	SV
ENSG00000280054	ENSG00000280054	TK14	DEL	SV
ENSG00000280206	ENSG00000280206	TK13	DEL	SV
ENSG00000280208	GGT4P	TK91	DEL	SV
ENSG00000280211	ENSG00000280211	TK92	DEL	SV
ENSG00000280267	PRAMEF26	TK92	DEL	SV
ENSG00000280285	ENSG00000280285	TK91	DEL	SV
ENSG00000280336	ENSG00000280336	TK92	DEL	SV
ENSG00000280347	ENSG00000280347	TK10	DEL	SV
ENSG00000280394	ENSG00000280394	TK91	DEL	SV
ENSG00000280402	ENSG00000280402	TK10	DEL	SV
ENSG00000280408	ENSG00000280408	TK10	DEL	SV
ENSG00000280411	IGHV1-69D	TK10	DEL	SV
ENSG00000280739	EIF1B-AS1	TK91	DEL	SV
ENSG00000280789	PAGR1	TK91	DEL	SV
ENSG00000280893	ENSG00000280893	TK91	DEL	SV
ENSG00000281016	ENSG00000281016	TK92	DEL	SV
ENSG00000281021	ENSG00000281021	TK13	DEL	SV
ENSG00000281156	MIR3651	TK18	DEL	SV
ENSG00000281167	ENSG00000281167	TK91	DEL	SV
ENSG00000281295	ENSG00000281295	TK10	DEL	SV
ENSG00000281348	ENSG00000281348	TK91	DEL	SV
ENSG00000281404	LINC01176	TK14	DEL	SV
ENSG00000281468	ENSG00000281468	TK14	DEL	SV
ENSG00000281530	ENSG00000281530	TK14	DEL	SV
ENSG00000281571	ENSG00000281571	TK92	DEL	SV
ENSG00000281706	LINC01012	TK92	DEL	SV
ENSG00000281780	snoZ196	TK93	DEL	SV
ENSG00000281856	ENSG00000281856	TK91	DEL	SV
ENSG00000281958	TRBJ1-4	TK16	DEL	SV
ENSG00000282034	ENSG00000282034	TK92	DEL	SV
ENSG00000282133	TRBJ1-3	TK16	DEL	SV
ENSG00000282173	TRBJ1-5	TK16	DEL	SV
ENSG00000282320	TRBJ1-1	TK16	DEL	SV
ENSG00000282420	TRBJ1-2	TK16	DEL	SV
ENSG00000282780	TRBJ1-6	TK16	DEL	SV
ENSG00000282826	FRG1CP	TK14	DEL	SV
ENSG00000282843	ENSG00000282843	TK16	DEL	SV
ENSG00000282894	DUX4L33	TK91	DEL	SV
ENSG00000282917	ENSG00000282917	TK91	DEL	SV
ENSG00000282933	RHOXF1P3	TK14	DEL	SV
ENSG00000282949	PCMTD1P7	TK91	DEL	SV
ENSG00000283057	ENSG00000283057	TK14	DEL	SV
ENSG00000283069	DUX4L32	TK91	DEL	SV
ENSG00000283160	MIR4521	TK91	DEL	SV
ENSG00000283206	MIR941-1	TK18	DEL	SV
ENSG00000283225	MIR3199-2	TK14	DEL	SV
ENSG00000283239	KBTBD11-OT1	TK93	DEL	SV
ENSG00000283269	ENSG00000283269	TK93	DEL	SV
ENSG00000283273	ENSG00000283273	TK92	DEL	SV
ENSG00000283298	MIR4272	TK92	DEL	SV
ENSG00000283342	NBPF13P	TK92	DEL	SV
ENSG00000283360	ENSG00000283360	TK14	DEL	SV
ENSG00000283409	MIR3662	TK14	DEL	SV
ENSG00000283426	SMBD1P	TK92	DEL	SV
ENSG00000283468	MIR4454	TK91	DEL	SV
ENSG00000283513	MIR941-3	TK18	DEL	SV
ENSG00000283514	MIR3975	TK13	DEL	SV
ENSG00000283534	MIR374C	TK91	DEL	SV
ENSG00000283535	ENSG00000283535	TK92	DEL	SV
ENSG00000283542	OASL2P	TK91	DEL	SV
ENSG00000283591	MIR4430	TK91	DEL	SV
ENSG00000283601	MS4A19P	TK13	DEL	SV
ENSG00000283646	LINC02009	TK13	DEL	SV
ENSG00000283662	ENSG00000283662	TK91	DEL	SV
ENSG00000283690	MIR3116-2	TK92	DEL	SV
ENSG00000283696	ENSG00000283696	TK14	DEL	SV
ENSG00000283712	MIR6727	TK92	DEL	SV
ENSG00000283734	MIR4785	TK10	DEL	SV
ENSG00000283764	MIR6850	TK91	DEL	SV
ENSG00000283797	MIR29B1	TK91	DEL	SV
ENSG00000283845	MIR4721	TK91	DEL	SV
ENSG00000283849	ENSG00000283849	TK14	DEL	SV
ENSG00000283928	MIR637	TK16	DEL	SV
ENSG00000283930	PLD5P1	TK93	DEL	SV
ENSG00000283980	GNG14	TK93	DEL	SV
ENSG00000284032	MIR29A	TK91	DEL	SV
ENSG00000284035	MIR5187	TK93	DEL	SV
ENSG00000284047	MIR6836	TK14	DEL	SV
ENSG00000284064	MIR6834	TK91	DEL	SV
ENSG00000284074	MIR4758	TK92	DEL	SV
ENSG00000284152	MIR6758	TK93	DEL	SV
ENSG00000284190	MIR21	TK91	DEL	SV
ENSG00000284288	MIR378D2	TK91	DEL	SV
ENSG00000284305	MIR3179-1	TK92	DEL	SV
ENSG00000284311	MIR6742	TK10	DEL	SV
ENSG00000284343	MIR631	TK91	DEL	SV
ENSG00000284372	MIR6808	TK92	DEL	SV
ENSG00000284388	MIR4496	TK91	DEL	SV
ENSG00000284447	MIR9-2	TK91	DEL	SV
ENSG00000284461	ENSG00000284461	TK92	DEL	SV
ENSG00000284471	ENSG00000284471	TK91	DEL	SV
ENSG00000284490	ENSG00000284490	TK91	DEL	SV
ENSG00000284516	VAMP9P	TK92	DEL	SV
ENSG00000284517	MIR6873	TK91	DEL	SV
ENSG00000284574	MIR6787	TK92	DEL	SV
ENSG00000284594	MIR7847	TK16	DEL	SV
ENSG00000284644	ENSG00000284644	TK13	DEL	SV
ENSG00000284669	ENSG00000284669	TK14	DEL	SV
ENSG00000284671	ENSG00000284671	TK91	DEL	SV
ENSG00000284679	ENSG00000284679	TK91	DEL	SV
ENSG00000284688	BTN1A1P1	TK92	DEL	SV
ENSG00000284733	OR4F29	TK91	DEL	SV
ENSG00000284736	RNA5SP343	TK18	DEL	SV
ENSG00000284742	OR11P1P	TK91	DEL	SV
ENSG00000284820	ENSG00000284820	TK91	DEL	SV
ENSG00000284840	ENSG00000284840	TK10	DEL	SV
ENSG00000284862	CCDC39	TK91	DEL	SV
ENSG00000284948	ENSG00000284948	TK92	DEL	SV
ENSG00000284956	ENSG00000284956	TK92	DEL	SV
ENSG00000284989	ENSG00000284989	TK16	DEL	SV
ENSG00000285030	ENSG00000285030	TK91	DEL	SV
ENSG00000285057	ENSG00000285057	TK92	DEL	SV
ENSG00000285407	ENSG00000285407	TK92	DEL	SV
ENSG00000285454	ENSG00000285454	TK92	DEL	SV
ENSG00000285509	TBCEL-TECTA	TK16	DEL	SV
ENSG00000285569	ENSG00000285569	TK91	DEL	SV
ENSG00000285570	ENSG00000285570	TK18	DEL	SV
ENSG00000285579	ENSG00000285579	TK91	DEL	SV
ENSG00000285600	ENSG00000285600	TK93	DEL	SV
ENSG00000285624	ENSG00000285624	TK92	DEL	SV
ENSG00000285626	5S_rRNA	TK91	DEL	SV
ENSG00000285628	ENSG00000285628	TK91	DEL	SV
ENSG00000285635	ENSG00000285635	TK16	DEL	SV
ENSG00000285647	ENSG00000285647	TK92	DEL	SV
ENSG00000285697	ENSG00000285697	TK91	DEL	SV
ENSG00000285749	ENSG00000285749	TK91	DEL	SV
ENSG00000285781	ENSG00000285781	TK91	DEL	SV
ENSG00000285797	ENSG00000285797	TK16	DEL	SV
ENSG00000285822	ENSG00000285822	TK91	DEL	SV
ENSG00000285839	ENSG00000285839	TK14	DEL	SV
ENSG00000285849	ENSG00000285849	TK93	DEL	SV
ENSG00000285863	ENSG00000285863	TK10	DEL	SV
ENSG00000285879	ENSG00000285879	TK10	DEL	SV
ENSG00000285881	ENSG00000285881	TK14	DEL	SV
ENSG00000285935	ENSG00000285935	TK91	DEL	SV
ENSG00000285948	ENSG00000285948	TK16	DEL	SV
ENSG00000286020	ENSG00000286020	TK13	DEL	SV
ENSG00000286030	ENSG00000286030	TK91	DEL	SV
ENSG00000286060	ENSG00000286060	TK91	DEL	SV
ENSG00000286086	ENSG00000286086	TK91	DEL	SV
ENSG00000286092	ENSG00000286092	TK91	DEL	SV
ENSG00000286104	ENSG00000286104	TK91	DEL	SV
ENSG00000286153	ENSG00000286153	TK91	DEL	SV
ENSG00000286164	ENSG00000286164	TK13	DEL	SV
ENSG00000286172	RNVU1-8	TK92	DEL	SV
ENSG00000286207	ENSG00000286207	TK13	DEL	SV
ENSG00000286223	ENSG00000286223	TK16	DEL	SV
ENSG00000286237	ARMCX5-GPRASP2	TK91	DEL	SV
ENSG00000286248	ENSG00000286248	TK14	DEL	SV
ENSG00000286307	ENSG00000286307	TK14	DEL	SV
ENSG00000286327	ENSG00000286327	TK91	DEL	SV
ENSG00000286334	ENSG00000286334	TK93	DEL	SV
ENSG00000286342	ENSG00000286342	TK93	DEL	SV
ENSG00000286349	ENSG00000286349	TK92	DEL	SV
ENSG00000286358	ENSG00000286358	TK91	DEL	SV
ENSG00000286365	ENSG00000286365	TK10	DEL	SV
ENSG00000286406	ENSG00000286406	TK92	DEL	SV
ENSG00000286438	ENSG00000286438	TK91	DEL	SV
ENSG00000286459	ENSG00000286459	TK91	DEL	SV
ENSG00000286464	ENSG00000286464	TK91	DEL	SV
ENSG00000286481	ENSG00000286481	TK91	DEL	SV
ENSG00000286483	ENSG00000286483	TK92	DEL	SV
ENSG00000286489	ENSG00000286489	TK13	DEL	SV
ENSG00000286490	ENSG00000286490	TK92	DEL	SV
ENSG00000286588	ENSG00000286588	TK13	DEL	SV
ENSG00000286646	MAP3K5-AS2	TK93	DEL	SV
ENSG00000286681	ENSG00000286681	TK91	DEL	SV
ENSG00000286688	ENSG00000286688	TK16	DEL	SV
ENSG00000286696	ENSG00000286696	TK13	DEL	SV
ENSG00000286756	ENSG00000286756	TK93	DEL	SV
ENSG00000286803	ENSG00000286803	TK10	DEL	SV
ENSG00000286835	ENSG00000286835	TK14	DEL	SV
ENSG00000286877	ENSG00000286877	TK91	DEL	SV
ENSG00000286898	ENSG00000286898	TK16	DEL	SV
ENSG00000286921	ENSG00000286921	TK14	DEL	SV
ENSG00000286964	ENSG00000286964	TK91	DEL	SV
ENSG00000287050	ENSG00000287050	TK92	DEL	SV
ENSG00000287058	ENSG00000287058	TK14	DEL	SV
ENSG00000287151	C2orf27A	TK14	DEL	SV
ENSG00000287191	ENSG00000287191	TK13	DEL	SV
ENSG00000287214	ENSG00000287214	TK14	DEL	SV
ENSG00000287231	ENSG00000287231	TK91	DEL	SV
ENSG00000287252	ENSG00000287252	TK92	DEL	SV
ENSG00000287262	ENSG00000287262	TK92	DEL	SV
ENSG00000287285	ENSG00000287285	TK92	DEL	SV
ENSG00000287298	ENSG00000287298	TK13	DEL	SV
ENSG00000287299	ENSG00000287299	TK16	DEL	SV
ENSG00000287358	ENSG00000287358	TK91	DEL	SV
ENSG00000287399	ENSG00000287399	TK91	DEL	SV
ENSG00000287402	ENSG00000287402	TK92	DEL	SV
ENSG00000287489	ENSG00000287489	TK12	DEL	SV
ENSG00000287585	ENSG00000287585	TK91	DEL	SV
ENSG00000287660	ENSG00000287660	TK13	DEL	SV
ENSG00000287674	ENSG00000287674	TK92	DEL	SV
ENSG00000287713	ENSG00000287713	TK91	DEL	SV
ENSG00000287757	ENSG00000287757	TK91	DEL	SV
ENSG00000287810	ENSG00000287810	TK13	DEL	SV
ENSG00000287853	ENSG00000287853	TK92	DEL	SV
ENSG00000287856	ENSG00000287856	TK13	DEL	SV
ENSG00000287869	ENSG00000287869	TK93	DEL	SV
ENSG00000287887	ENSG00000287887	TK18	DEL	SV
ENSG00000288003	ENSG00000288003	TK13	DEL	SV
ENSG00000288024	ENSG00000288024	TK92	DEL	SV
ENSG00000288032	ENSG00000288032	TK13	DEL	SV
ENSG00000288033	ENSG00000288033	TK91	DEL	SV
ENSG00000288093	ENSG00000288093	TK14	DEL	SV
ENSG00000288111	ENSG00000288111	TK18	DEL	SV
ENSG00000288262	ENSG00000288262	TK91	DEL	SV
ENSG00000288620	ENSG00000288620	TK14	DEL	SV
ENSG00000288622	PDCD6-AHRR	TK13	DEL	SV
ENSG00000288644	ENSG00000288644	TK92	DEL	SV
ENSG00000288670	ENSG00000288670	TK14	DEL	SV
ENSG00000288671	ENSG00000288671	TK91	DEL	SV
ENSG00000288675	PANO1	TK91	DEL	SV
ENSG00000288698	ENSG00000288698	TK13	DEL	SV
ENSG00000288700	ENSG00000288700	TK18	DEL	SV
ENSG00000288744	ENSG00000288744	TK14	DEL	SV
ENSG00000288745	ENSG00000288745	TK93	DEL	SV
ENSG00000288767	ENSG00000288767	TK14	DEL	SV
ENSG00000288785	ENSG00000288785	TK92	DEL	SV
ENSG00000288788	ENSG00000288788	TK91	DEL	SV
ENSG00000288841	ENSG00000288841	TK10	DEL	SV
ENSG00000288871	ENSG00000288871	TK92	DEL	SV
ENSG00000288880	ENSG00000288880	TK92	DEL	SV
ENSG00000288907	ENSG00000288907	TK93	DEL	SV
ENSG00000288920	RPSA2	TK91	DEL	SV
ENSG00000288942	ENSG00000288942	TK91	DEL	SV
ENSG00000288944	ENSG00000288944	TK91	DEL	SV
ENSG00000288994	ENSG00000288994	TK13	DEL	SV
ENSG00000289008	ENSG00000289008	TK91	DEL	SV
ENSG00000289009	ENSG00000289009	TK92	DEL	SV
ENSG00000289025	ENSG00000289025	TK92	DEL	SV
ENSG00000289042	ENSG00000289042	TK91	DEL	SV
ENSG00000289047	ENSG00000289047	TK93	DEL	SV
ENSG00000289092	ENSG00000289092	TK92	DEL	SV
ENSG00000289100	ENSG00000289100	TK91	DEL	SV
ENSG00000289106	ENSG00000289106	TK14	DEL	SV
ENSG00000289115	ENSG00000289115	TK91	DEL	SV
ENSG00000289141	ENSG00000289141	TK14	DEL	SV
ENSG00000289177	ENSG00000289177	TK92	DEL	SV
ENSG00000289186	ENSG00000289186	TK92	DEL	SV
ENSG00000289214	ENSG00000289214	TK92	DEL	SV
ENSG00000289227	ENSG00000289227	TK16	DEL	SV
ENSG00000289238	ENSG00000289238	TK92	DEL	SV
ENSG00000289272	ENSG00000289272	TK14	DEL	SV
ENSG00000289273	ENSG00000289273	TK92	DEL	SV
ENSG00000289285	ENSG00000289285	TK13	DEL	SV
ENSG00000289292	ENSG00000289292	TK14	DEL	SV
ENSG00000289306	ENSG00000289306	TK14	DEL	SV
ENSG00000289332	ENSG00000289332	TK13	DEL	SV
ENSG00000289428	ENSG00000289428	TK91	DEL	SV
ENSG00000289446	ENSG00000289446	TK92	DEL	SV
ENSG00000289468	ENSG00000289468	TK14	DEL	SV
ENSG00000289480	ENSG00000289480	TK92	DEL	SV
ENSG00000289487	ENSG00000289487	TK92	DEL	SV
ENSG00000289508	ENSG00000289508	TK13	DEL	SV
ENSG00000289543	ENSG00000289543	TK91	DEL	SV
ENSG00000289549	PPIAL4D	TK92	DEL	SV
ENSG00000289595	ENSG00000289595	TK92	DEL	SV
ENSG00000289604	CTAGE8	TK13	DEL	SV
ENSG00000289632	ENSG00000289632	TK91	DEL	SV
ENSG00000289635	ENSG00000289635	TK91	DEL	SV
ENSG00000289636	ENSG00000289636	TK92	DEL	SV
ENSG00000289725	ENSG00000289725	TK92	DEL	SV
ENSG00000289738	ENSG00000289738	TK14	DEL	SV
ENSG00000289740	TALAM1	TK93	DEL	SV
ENSG00000289750	ENSG00000289750	TK13	DEL	SV
ENSG00000289791	ENSG00000289791	TK10	DEL	SV
ENSG00000289830	ENSG00000289830	TK16	DEL	SV
ENSG00000289841	ENSG00000289841	TK91	DEL	SV
ENSG00000289845	ENSG00000289845	TK91	DEL	SV
ENSG00000289875	ENSG00000289875	TK92	DEL	SV
ENSG00000289886	ENSG00000289886	TK13	DEL	SV
ENSG00000289887	ENSG00000289887	TK10	DEL	SV
ENSG00000289939	ENSG00000289939	TK92	DEL	SV
ENSG00000289977	ENSG00000289977	TK91	DEL	SV
ENSG00000289997	ENSG00000289997	TK91	DEL	SV
ENSG00000290014	ENSG00000290014	TK92	DEL	SV
ENSG00000290028	ENSG00000290028	TK13	DEL	SV
ENSG00000290040	ENSG00000290040	TK14	DEL	SV
ENSG00000290055	ENSG00000290055	TK92	DEL	SV
ENSG00000290058	ENSG00000290058	TK16	DEL	SV
ENSG00000290061	ENSG00000290061	TK93	DEL	SV
ENSG00000290094	ENSG00000290094	TK10	DEL	SV
ENSG00000290115	ENSG00000290115	TK93	DEL	SV
ENSG00000290146	ENSG00000290146	TK16	DEL	SV
ENSG00000290166	ENSG00000290166	TK14	DEL	SV
ENSG00000290180	ENSG00000290180	TK93	DEL	SV
ENSG00000290315	ENSG00000290315	TK92	DEL	SV
ENSG00000290368	ENSG00000290368	TK92	DEL	SV
ENSG00000290377	ENSG00000290377	TK14	DEL	SV
ENSG00000290382	ZNF876P	TK91	DEL	SV
ENSG00000290385	ENSG00000290385	TK91	DEL	SV
ENSG00000290387	SORD2P	TK10	DEL	SV
ENSG00000290399	ENSG00000290399	TK92	DEL	SV
ENSG00000290408	HSFY1P1	TK92	DEL	SV
ENSG00000290416	ENSG00000290416	TK92	DEL	SV
ENSG00000290418	TPTEP1	TK92	DEL	SV
ENSG00000290450	ENSG00000290450	TK91	DEL	SV
ENSG00000290484	ENSG00000290484	TK91	DEL	SV
ENSG00000290545	INTS4P1	TK93	DEL	SV
ENSG00000290606	ENSG00000290606	TK93	DEL	SV
ENSG00000290677	ENSG00000290677	TK91	DEL	SV
ENSG00000290681	ECEL1P2	TK92	DEL	SV
ENSG00000290687	ZNF286B	TK14	DEL	SV
ENSG00000290696	POM121L9P	TK10	DEL	SV
ENSG00000290703	ENSG00000290703	TK91	DEL	SV
ENSG00000290727	ALMS1P1	TK92	DEL	SV
ENSG00000290734	ENSG00000290734	TK91	DEL	SV
ENSG00000290737	ENSG00000290737	TK93	DEL	SV
ENSG00000290757	CTSL3P	TK93	DEL	SV
ENSG00000290772	ENSG00000290772	TK92	DEL	SV
ENSG00000290778	ENSG00000290778	TK91	DEL	SV
ENSG00000290813	ENSG00000290813	TK91	DEL	SV
ENSG00000290814	ENSG00000290814	TK91	DEL	SV
ENSG00000290816	ENSG00000290816	TK13	DEL	SV
ENSG00000290834	ENSG00000290834	TK91	DEL	SV
ENSG00000290860	CCT6P3	TK93	DEL	SV
ENSG00000290878	HLA-DRB6	TK10	DEL	SV
ENSG00000290885	ENSG00000290885	TK91	DEL	SV
ENSG00000290890	ENSG00000290890	TK92	DEL	SV
ENSG00000290893	ENSG00000290893	TK92	DEL	SV
ENSG00000290921	ENSG00000290921	TK92	DEL	SV
ENSG00000290924	ENSG00000290924	TK92	DEL	SV
ENSG00000290928	ENSG00000290928	TK91	DEL	SV
ENSG00000290943	ABCC6P2	TK92	DEL	SV
ENSG00000291004	GOLGA8IP	TK92	DEL	SV
ENSG00000291029	FKBP9P1	TK92	DEL	SV
ENSG00000291043	GLUD1P3	TK93	DEL	SV
ENSG00000291063	ENSG00000291063	TK91	DEL	SV
ENSG00000291068	ENSG00000291068	TK13	DEL	SV
ENSG00000291080	ZNF252P	TK91	DEL	SV
ENSG00000291084	ALOX12P2	TK91	DEL	SV
ENSG00000291093	SVIL-AS1	TK92	DEL	SV
ENSG00000291122	CASTOR3P	TK91	DEL	SV
ENSG00000291128	APOC1P1	TK91	DEL	SV
ENSG00000291141	EMBP1	TK91	DEL	SV
ENSG00000291145	PPP5D1P	TK92	DEL	SV
ENSG00000291148	AZGP1P1	TK14	DEL	SV
ENSG00000291151	NSUN5P1	TK91	DEL	SV
ENSG00000291153	STAG3L4	TK13	DEL	SV
ENSG00000291154	PMS2P4	TK14	DEL	SV
ENSG00000291176	ENSG00000291176	TK13	DEL	SV
ENSG00000291205	ENSG00000291205	TK18	DEL	SV
ENSG00000291206	GTF2IRD1P1	TK92	DEL	SV
ENSG00000291229	ENSG00000291229	TK91	DEL	SV
ENSG00000291261	ENSG00000291261	TK92	DEL	SV
ENSG00000291285	ENSG00000291285	TK91	DEL	SV
ENSG00000291295	ENSG00000291295	TK91	DEL	SV
ENSG00000291308	ENSG00000291308	TK93	DEL	SV
ENSG00000291312	ENSG00000291312	TK92	DEL	SV
ENSG00000292271	ENSG00000292271	TK16	DEL	SV
